instance_id,random_seed,method_name,scenario_id,scenario_class,n,eligible_share,eligible_share_target,number_of_drones,number_of_trucks,endurance_level,speed_ratio,spatial_pattern,launch_retrieval_time_class,priority_weight_profile,battery_slack_ratio,priority_weight_high,priority_weight_medium,priority_weight_low,depot_position,objective_total,truck_travel_cost,drone_travel_cost,waiting_sync_cost,penalty_cost,priority_tardiness_cost,high_priority_tardiness_minutes,fixed_deployment_cost,makespan_minutes,truck_route_distance_km,drone_flight_distance_km,customers_served_by_truck,customers_served_by_drone,drone_service_share,number_of_drone_launches,number_of_drone_retrievals,average_customers_per_drone_sortie,average_customers_per_drone_route,total_truck_waiting_time,total_drone_waiting_time,average_synchronization_delay,maximum_synchronization_delay,delayed_rendezvous_events,average_battery_usage_ratio,maximum_battery_usage_ratio,sorties_near_endurance_limit,infeasible_battery_attempts_rejected,eligible_not_assigned_due_battery,cpu_time_seconds,iterations,improving_moves_accepted,candidate_reassignments_evaluated,final_solution_feasibility_flag,status,run_label,truck_only_objective,truck_only_distance,simple_drone_objective,improvement_vs_truck_only_pct,improvement_vs_simple_drone_pct,truck_distance_reduction_pct,is_feasible_run,reporting_policy,reporting_penalty_value,objective_for_reporting,reporting_included,truck_only_objective_reported,simple_drone_objective_reported,improvement_vs_truck_only_reported_pct,improvement_vs_simple_drone_reported_pct
S0001_R01,102027,truck_only,S0001,n15_p0.25_d1_clustered_Elow_V1.25_Hshort_PWmoderate_B0.15,15,0.26666666666666666,0.25,1,3,low,1.25,clustered,short,moderate,0.15,20.0,5.0,1.0,peripheral,64.15233250574084,64.15233250574084,0.0,0.0,0.0,0.0,0.0,0.0,151.20411060410214,80.19041563217604,0.0,15,0,0.0,0,0,0.0,0.0,0.0,0.0,0.0,0.0,0,0.0,0.0,0,0,0,0.005273103713989258,0.0,0.0,0.0,True,feasible,baseline_truck_only,64.15233250574084,80.19041563217604,,,,0.0,True,feasible_only,0.0,64.15233250574084,True,64.15233250574084,,,
S0001_R01,102027,nils,S0001,n15_p0.25_d1_clustered_Elow_V1.25_Hshort_PWmoderate_B0.15,15,0.26666666666666666,0.25,1,3,low,1.25,clustered,short,moderate,0.15,20.0,5.0,1.0,peripheral,53.037796465444664,45.002069495296396,8.03572697014827,0.0,0.0,0.0,0.0,0.0,108.15892714173074,56.25258686912049,26.785756567160902,13,2,0.13333333333333333,1,1,2.0,2.0,0.0,0.0,0.0,0.0,0,0.7722797764299625,0.7722797764299625,0,50,50,0.15188193321228027,25.0,2.0,3.0,True,feasible,nils_complete,64.15233250574084,80.19041563217604,,17.325225141738322,,29.85123418346594,True,feasible_only,0.0,53.037796465444664,True,64.15233250574084,,17.325225141738322,
S0001_R02,102028,truck_only,S0001,n15_p0.25_d1_clustered_Elow_V1.25_Hshort_PWmoderate_B0.15,15,0.26666666666666666,0.25,1,3,low,1.25,clustered,short,moderate,0.15,20.0,5.0,1.0,peripheral,262.84497328501806,76.33223572663601,0.0,0.0,186.51273755838204,186.51273755838204,9.325636877919102,0.0,176.73936699964045,95.41529465829504,0.0,15,0,0.0,0,0,0.0,0.0,0.0,0.0,0.0,0.0,0,0.0,0.0,0,0,0,0.005129098892211914,0.0,0.0,0.0,True,feasible,baseline_truck_only,262.84497328501806,95.41529465829504,,,,0.0,True,feasible_only,0.0,262.84497328501806,True,262.84497328501806,,,
S0001_R02,102028,nils,S0001,n15_p0.25_d1_clustered_Elow_V1.25_Hshort_PWmoderate_B0.15,15,0.26666666666666666,0.25,1,3,low,1.25,clustered,short,moderate,0.15,20.0,5.0,1.0,peripheral,56.1441439138403,49.23348954251041,6.91065437132989,0.0,0.0,0.0,0.0,0.0,117.86727944575517,61.54186192813802,23.035514571099633,14,1,0.06666666666666667,1,1,1.0,1.0,0.0,0.0,0.0,0.0,0,0.6581575591742753,0.6581575591742753,0,75,75,0.16843938827514648,25.0,1.0,1.0,True,feasible,nils_complete,262.84497328501806,95.41529465829504,,78.63982589731326,,35.50105132669335,True,feasible_only,0.0,56.1441439138403,True,262.84497328501806,,78.63982589731326,
S0001_R03,102029,truck_only,S0001,n15_p0.25_d1_clustered_Elow_V1.25_Hshort_PWmoderate_B0.15,15,0.26666666666666666,0.25,1,3,low,1.25,clustered,short,moderate,0.15,20.0,5.0,1.0,peripheral,1198.1562071047938,58.542003550431346,0.0,0.0,1139.6142035543623,1139.6142035543623,56.980710177718116,0.0,136.35688864249485,73.17750443803916,0.0,15,0,0.0,0,0,0.0,0.0,0.0,0.0,0.0,0.0,0,0.0,0.0,0,0,0,0.003179311752319336,0.0,0.0,0.0,True,feasible,baseline_truck_only,1198.1562071047938,73.17750443803916,,,,0.0,True,feasible_only,0.0,1198.1562071047938,True,1198.1562071047938,,,
S0001_R03,102029,nils,S0001,n15_p0.25_d1_clustered_Elow_V1.25_Hshort_PWmoderate_B0.15,15,0.26666666666666666,0.25,1,3,low,1.25,clustered,short,moderate,0.15,20.0,5.0,1.0,peripheral,110.63492575460452,103.17463584416724,7.460289910437281,0.0,0.0,0.0,0.0,0.0,93.00387619540666,128.96829480520907,24.867633034790938,14,1,0.06666666666666667,1,1,1.0,1.0,0.0,0.0,0.0,0.0,0,0.7105038009940268,0.7105038009940268,0,75,75,0.16367602348327637,25.0,5.0,1.0,True,feasible,nils_complete,1198.1562071047938,73.17750443803916,,90.76623522888214,,-76.2403566445875,True,feasible_only,0.0,110.63492575460452,True,1198.1562071047938,,90.76623522888214,
S0001_R04,102030,truck_only,S0001,n15_p0.25_d1_clustered_Elow_V1.25_Hshort_PWmoderate_B0.15,15,0.26666666666666666,0.25,1,3,low,1.25,clustered,short,moderate,0.15,20.0,5.0,1.0,peripheral,1968.5490659327656,74.73817505475569,0.0,0.0,1893.81089087801,1893.81089087801,94.6905445439005,0.0,173.17098201122133,93.4227188184446,0.0,15,0,0.0,0,0,0.0,0.0,0.0,0.0,0.0,0.0,0,0.0,0.0,0,0,0,0.0052874088287353516,0.0,0.0,0.0,True,feasible,baseline_truck_only,1968.5490659327656,93.4227188184446,,,,0.0,True,feasible_only,0.0,1968.5490659327656,True,1968.5490659327656,,,
S0001_R04,102030,nils,S0001,n15_p0.25_d1_clustered_Elow_V1.25_Hshort_PWmoderate_B0.15,15,0.26666666666666666,0.25,1,3,low,1.25,clustered,short,moderate,0.15,20.0,5.0,1.0,peripheral,115.00513075623319,115.00513075623319,0.0,0.0,0.0,0.0,0.0,0.0,100.82358685859752,143.7564134452915,0.0,15,0,0.0,0,0,0.0,0.0,0.0,0.0,0.0,0.0,0,0.0,0.0,0,100,100,0.13765692710876465,25.0,3.0,0.0,True,feasible,nils_complete,1968.5490659327656,93.4227188184446,,94.15787329122325,,-53.877360093388184,True,feasible_only,0.0,115.00513075623319,True,1968.5490659327656,,94.15787329122325,
S0001_R05,102031,truck_only,S0001,n15_p0.25_d1_clustered_Elow_V1.25_Hshort_PWmoderate_B0.15,15,0.26666666666666666,0.25,1,3,low,1.25,clustered,short,moderate,0.15,20.0,5.0,1.0,peripheral,2919.7694664444903,68.60106274227991,0.0,0.0,2851.1684037022105,2851.1684037022105,142.55842018511055,0.0,162.78749432200888,85.7513284278499,0.0,15,0,0.0,0,0,0.0,0.0,0.0,0.0,0.0,0.0,0,0.0,0.0,0,0,0,0.005261659622192383,0.0,0.0,0.0,True,feasible,baseline_truck_only,2919.7694664444903,85.7513284278499,,,,0.0,True,feasible_only,0.0,2919.7694664444903,True,2919.7694664444903,,,
S0001_R05,102031,nils,S0001,n15_p0.25_d1_clustered_Elow_V1.25_Hshort_PWmoderate_B0.15,15,0.26666666666666666,0.25,1,3,low,1.25,clustered,short,moderate,0.15,20.0,5.0,1.0,peripheral,116.04899836714839,108.61435909356669,7.4346392735816895,0.0,0.0,0.0,0.0,0.0,98.74475175040283,135.76794886695836,24.782130911938967,14,1,0.06666666666666667,1,1,1.0,1.0,0.0,0.0,0.0,0.0,0,0.7080608831982562,0.7080608831982562,0,75,75,0.22560977935791016,25.0,5.0,1.0,True,feasible,nils_complete,2919.7694664444903,85.7513284278499,,96.0254054403663,,-58.32751673484782,True,feasible_only,0.0,116.04899836714839,True,2919.7694664444903,,96.0254054403663,
S0001_R06,102032,truck_only,S0001,n15_p0.25_d1_clustered_Elow_V1.25_Hshort_PWmoderate_B0.15,15,0.26666666666666666,0.25,1,3,low,1.25,clustered,short,moderate,0.15,20.0,5.0,1.0,peripheral,991.2626326933467,70.84102438360595,0.0,0.0,920.4216083097408,920.4216083097408,46.02108041548704,0.0,164.20600809511419,88.55128047950744,0.0,15,0,0.0,0,0,0.0,0.0,0.0,0.0,0.0,0.0,0,0.0,0.0,0,0,0,0.005093574523925781,0.0,0.0,0.0,True,feasible,baseline_truck_only,991.2626326933467,88.55128047950744,,,,0.0,True,feasible_only,0.0,991.2626326933467,True,991.2626326933467,,,
S0001_R06,102032,nils,S0001,n15_p0.25_d1_clustered_Elow_V1.25_Hshort_PWmoderate_B0.15,15,0.26666666666666666,0.25,1,3,low,1.25,clustered,short,moderate,0.15,20.0,5.0,1.0,peripheral,51.94468889233459,43.765690538045426,8.178998354289162,0.0,0.0,0.0,0.0,0.0,103.94846094429283,54.707113172556795,27.263327847630542,13,2,0.13333333333333333,1,1,2.0,2.0,0.0,0.0,0.0,0.0,0,0.7937014172617618,0.7937014172617618,0,50,50,0.23154020309448242,25.0,2.0,3.0,True,feasible,nils_complete,991.2626326933467,88.55128047950744,,94.75974507873899,,38.2198508295799,True,feasible_only,0.0,51.94468889233459,True,991.2626326933467,,94.75974507873899,
S0001_R07,102033,truck_only,S0001,n15_p0.25_d1_clustered_Elow_V1.25_Hshort_PWmoderate_B0.15,15,0.26666666666666666,0.25,1,3,low,1.25,clustered,short,moderate,0.15,20.0,5.0,1.0,peripheral,4102.976891469282,76.7382421631082,0.0,0.0,4026.2386493061745,4026.2386493061745,195.9982694761195,0.0,179.15900324944099,95.92280270388522,0.0,15,0,0.0,0,0,0.0,0.0,0.0,0.0,0.0,0.0,0,0.0,0.0,0,0,0,0.002782106399536133,0.0,0.0,0.0,True,feasible,baseline_truck_only,4102.976891469282,95.92280270388522,,,,0.0,True,feasible_only,0.0,4102.976891469282,True,4102.976891469282,,,
S0001_R07,102033,nils,S0001,n15_p0.25_d1_clustered_Elow_V1.25_Hshort_PWmoderate_B0.15,15,0.26666666666666666,0.25,1,3,low,1.25,clustered,short,moderate,0.15,20.0,5.0,1.0,peripheral,84.80818324004568,84.80818324004568,0.0,0.0,0.0,0.0,0.0,0.0,115.89934225499448,106.01022905005709,0.0,15,0,0.0,0,0,0.0,0.0,0.0,0.0,0.0,0.0,0,0.0,0.0,0,100,100,0.16422414779663086,25.0,3.0,0.0,True,feasible,nils_complete,4102.976891469282,95.92280270388522,,97.93300850861786,,-10.516192252338442,True,feasible_only,0.0,84.80818324004568,True,4102.976891469282,,97.93300850861786,
S0001_R08,102034,truck_only,S0001,n15_p0.25_d1_clustered_Elow_V1.25_Hshort_PWmoderate_B0.15,15,0.26666666666666666,0.25,1,3,low,1.25,clustered,short,moderate,0.15,20.0,5.0,1.0,peripheral,2164.6239578976224,69.50775515162545,0.0,0.0,2095.116202745997,2095.116202745997,104.75581013729985,0.0,162.58450359404802,86.88469393953181,0.0,15,0,0.0,0,0,0.0,0.0,0.0,0.0,0.0,0.0,0,0.0,0.0,0,0,0,0.0027434825897216797,0.0,0.0,0.0,True,feasible,baseline_truck_only,2164.6239578976224,86.88469393953181,,,,0.0,True,feasible_only,0.0,2164.6239578976224,True,2164.6239578976224,,,
S0001_R08,102034,nils,S0001,n15_p0.25_d1_clustered_Elow_V1.25_Hshort_PWmoderate_B0.15,15,0.26666666666666666,0.25,1,3,low,1.25,clustered,short,moderate,0.15,20.0,5.0,1.0,peripheral,123.8766363601559,123.8766363601559,0.0,0.0,0.0,0.0,0.0,0.0,111.63546886447435,154.84579545019488,0.0,15,0,0.0,0,0,0.0,0.0,0.0,0.0,0.0,0.0,0,0.0,0.0,0,100,100,0.14160847663879395,25.0,6.0,0.0,True,feasible,nils_complete,2164.6239578976224,86.88469393953181,,94.27722141260645,,-78.21987789697597,True,feasible_only,0.0,123.8766363601559,True,2164.6239578976224,,94.27722141260645,
S0001_R09,102035,truck_only,S0001,n15_p0.25_d1_clustered_Elow_V1.25_Hshort_PWmoderate_B0.15,15,0.26666666666666666,0.25,1,3,low,1.25,clustered,short,moderate,0.15,20.0,5.0,1.0,peripheral,64.9874093857662,64.9874093857662,0.0,0.0,0.0,0.0,0.0,0.0,153.06063384204077,81.23426173220773,0.0,15,0,0.0,0,0,0.0,0.0,0.0,0.0,0.0,0.0,0,0.0,0.0,0,0,0,0.0031499862670898438,0.0,0.0,0.0,True,feasible,baseline_truck_only,64.9874093857662,81.23426173220773,,,,0.0,True,feasible_only,0.0,64.9874093857662,True,64.9874093857662,,,
S0001_R09,102035,nils,S0001,n15_p0.25_d1_clustered_Elow_V1.25_Hshort_PWmoderate_B0.15,15,0.26666666666666666,0.25,1,3,low,1.25,clustered,short,moderate,0.15,20.0,5.0,1.0,peripheral,64.9874093857662,64.9874093857662,0.0,0.0,0.0,0.0,0.0,0.0,153.06063384204077,81.23426173220773,0.0,15,0,0.0,0,0,0.0,0.0,0.0,0.0,0.0,0.0,0,0.0,0.0,0,100,100,0.1497516632080078,25.0,0.0,0.0,True,feasible,nils_complete,64.9874093857662,81.23426173220773,,0.0,,0.0,True,feasible_only,0.0,64.9874093857662,True,64.9874093857662,,0.0,
S0001_R10,102036,truck_only,S0001,n15_p0.25_d1_clustered_Elow_V1.25_Hshort_PWmoderate_B0.15,15,0.26666666666666666,0.25,1,3,low,1.25,clustered,short,moderate,0.15,20.0,5.0,1.0,peripheral,1190.0201529885185,72.37026080789965,0.0,0.0,1117.6498921806187,1117.6498921806187,53.55725086430716,0.0,169.30589515072595,90.46282600987458,0.0,15,0,0.0,0,0,0.0,0.0,0.0,0.0,0.0,0.0,0,0.0,0.0,0,0,0,0.005392313003540039,0.0,0.0,0.0,True,feasible,baseline_truck_only,1190.0201529885185,90.46282600987458,,,,0.0,True,feasible_only,0.0,1190.0201529885185,True,1190.0201529885185,,,
S0001_R10,102036,nils,S0001,n15_p0.25_d1_clustered_Elow_V1.25_Hshort_PWmoderate_B0.15,15,0.26666666666666666,0.25,1,3,low,1.25,clustered,short,moderate,0.15,20.0,5.0,1.0,peripheral,117.46324412447457,109.97459140938977,7.488652715084791,0.0,0.0,0.0,0.0,0.0,100.42010667494228,137.4682392617372,24.962175716949304,14,1,0.06666666666666667,1,1,1.0,1.0,0.0,0.0,0.0,0.0,0,0.7132050204842658,0.7132050204842658,0,75,75,0.1579418182373047,25.0,5.0,1.0,True,feasible,nils_complete,1190.0201529885185,90.46282600987458,,90.12930631220932,,-51.961026783235475,True,feasible_only,0.0,117.46324412447457,True,1190.0201529885185,,90.12930631220932,
S0002_R01,202027,truck_only,S0002,n15_p0.25_d1_clustered_Elow_V1.25_Hmedium_PWstrict_B0.15,15,0.26666666666666666,0.25,1,3,low,1.25,clustered,medium,strict,0.15,200.0,40.0,1.0,peripheral,11547.08479689203,74.42704579340352,0.0,0.0,11472.657751098626,11472.657751098626,55.468545670245575,0.0,172.21109206473875,93.03380724175437,0.0,15,0,0.0,0,0,0.0,0.0,0.0,0.0,0.0,0.0,0,0.0,0.0,0,0,0,0.002864837646484375,0.0,0.0,0.0,True,feasible,baseline_truck_only,11547.08479689203,93.03380724175437,,,,0.0,True,feasible_only,0.0,11547.08479689203,True,11547.08479689203,,,
S0002_R01,202027,nils,S0002,n15_p0.25_d1_clustered_Elow_V1.25_Hmedium_PWstrict_B0.15,15,0.26666666666666666,0.25,1,3,low,1.25,clustered,medium,strict,0.15,200.0,40.0,1.0,peripheral,79.5340332503585,79.5340332503585,0.0,0.0,0.0,0.0,0.0,0.0,111.27324237588883,99.41754156294814,0.0,15,0,0.0,0,0,0.0,0.0,0.0,0.0,0.0,0.0,0,0.0,0.0,0,100,100,0.1510944366455078,25.0,1.0,0.0,True,feasible,nils_complete,11547.08479689203,93.03380724175437,,99.31121980439802,,-6.861736083319931,True,feasible_only,0.0,79.5340332503585,True,11547.08479689203,,99.31121980439802,
S0002_R02,202028,truck_only,S0002,n15_p0.25_d1_clustered_Elow_V1.25_Hmedium_PWstrict_B0.15,15,0.26666666666666666,0.25,1,3,low,1.25,clustered,medium,strict,0.15,200.0,40.0,1.0,peripheral,16323.069210171936,68.23984131778201,0.0,0.0,16254.829368854154,16254.829368854154,80.78901257588062,0.0,160.51051780742796,85.2998016472275,0.0,15,0,0.0,0,0,0.0,0.0,0.0,0.0,0.0,0.0,0,0.0,0.0,0,0,0,0.0038504600524902344,0.0,0.0,0.0,True,feasible,baseline_truck_only,16323.069210171936,85.2998016472275,,,,0.0,True,feasible_only,0.0,16323.069210171936,True,16323.069210171936,,,
S0002_R02,202028,nils,S0002,n15_p0.25_d1_clustered_Elow_V1.25_Hmedium_PWstrict_B0.15,15,0.26666666666666666,0.25,1,3,low,1.25,clustered,medium,strict,0.15,200.0,40.0,1.0,peripheral,126.0112444808305,118.50358753268878,7.507656948141709,0.0,0.0,0.0,0.0,0.0,96.22128941648361,148.129484415861,25.025523160472364,14,1,0.06666666666666667,1,1,1.0,1.0,0.0,0.0,0.0,0.0,0,0.7150149474420676,0.7150149474420676,0,75,75,0.14707541465759277,25.0,7.0,1.0,True,feasible,nils_complete,16323.069210171936,85.2998016472275,,99.22801745885937,,-73.65747815976972,True,feasible_only,0.0,126.0112444808305,True,16323.069210171936,,99.22801745885937,
S0002_R03,202029,truck_only,S0002,n15_p0.25_d1_clustered_Elow_V1.25_Hmedium_PWstrict_B0.15,15,0.26666666666666666,0.25,1,3,low,1.25,clustered,medium,strict,0.15,200.0,40.0,1.0,peripheral,30041.285708647643,73.32571035979345,0.0,0.0,29967.95999828785,29967.95999828785,149.36365975680394,0.0,171.9548557389477,91.65713794974181,0.0,15,0,0.0,0,0,0.0,0.0,0.0,0.0,0.0,0.0,0,0.0,0.0,0,0,0,0.004210948944091797,0.0,0.0,0.0,True,feasible,baseline_truck_only,30041.285708647643,91.65713794974181,,,,0.0,True,feasible_only,0.0,30041.285708647643,True,30041.285708647643,,,
S0002_R03,202029,nils,S0002,n15_p0.25_d1_clustered_Elow_V1.25_Hmedium_PWstrict_B0.15,15,0.26666666666666666,0.25,1,3,low,1.25,clustered,medium,strict,0.15,200.0,40.0,1.0,peripheral,129.5818202799879,121.74635269092994,7.835467589057979,0.0,0.0,0.0,0.0,0.0,95.48346822241523,152.18294086366242,26.118225296859926,13,2,0.13333333333333333,1,1,2.0,2.0,0.0,0.0,0.0,0.0,0,0.7520502413036426,0.7520502413036426,0,50,50,0.2444746494293213,25.0,7.0,3.0,True,feasible,nils_complete,30041.285708647643,91.65713794974181,,99.56865421294971,,-66.03501294913727,True,feasible_only,0.0,129.5818202799879,True,30041.285708647643,,99.56865421294971,
S0002_R04,202030,truck_only,S0002,n15_p0.25_d1_clustered_Elow_V1.25_Hmedium_PWstrict_B0.15,15,0.26666666666666666,0.25,1,3,low,1.25,clustered,medium,strict,0.15,200.0,40.0,1.0,peripheral,40294.10877576783,81.96592073982728,0.0,0.0,40212.142855028,40212.142855028,193.2245933261226,0.0,188.80971262102793,102.45740092478412,0.0,15,0,0.0,0,0,0.0,0.0,0.0,0.0,0.0,0.0,0,0.0,0.0,0,0,0,0.004462003707885742,0.0,0.0,0.0,True,feasible,baseline_truck_only,40294.10877576783,102.45740092478412,,,,0.0,True,feasible_only,0.0,40294.10877576783,True,40294.10877576783,,,
S0002_R04,202030,nils,S0002,n15_p0.25_d1_clustered_Elow_V1.25_Hmedium_PWstrict_B0.15,15,0.26666666666666666,0.25,1,3,low,1.25,clustered,medium,strict,0.15,200.0,40.0,1.0,peripheral,127.34704817617215,119.81831206520044,7.52873611097171,0.0,0.0,0.0,0.0,0.0,94.06000581592849,149.77289008150058,25.095787036572368,14,1,0.06666666666666667,1,1,1.0,1.0,0.0,0.0,0.0,0.0,0,0.7170224867592104,0.7170224867592104,0,75,75,0.2239069938659668,25.0,8.0,1.0,True,feasible,nils_complete,40294.10877576783,102.45740092478412,,99.68395616122238,,-46.18064554599782,True,feasible_only,0.0,127.34704817617215,True,40294.10877576783,,99.68395616122238,
S0002_R05,202031,truck_only,S0002,n15_p0.25_d1_clustered_Elow_V1.25_Hmedium_PWstrict_B0.15,15,0.26666666666666666,0.25,1,3,low,1.25,clustered,medium,strict,0.15,200.0,40.0,1.0,peripheral,26498.515514921386,57.86611083669905,0.0,0.0,26440.64940408469,26440.64940408469,132.20324702042342,0.0,139.1171127883996,72.3326385458738,0.0,15,0,0.0,0,0,0.0,0.0,0.0,0.0,0.0,0.0,0,0.0,0.0,0,0,0,0.003484964370727539,0.0,0.0,0.0,True,feasible,baseline_truck_only,26498.515514921386,72.3326385458738,,,,0.0,True,feasible_only,0.0,26498.515514921386,True,26498.515514921386,,,
S0002_R05,202031,nils,S0002,n15_p0.25_d1_clustered_Elow_V1.25_Hmedium_PWstrict_B0.15,15,0.26666666666666666,0.25,1,3,low,1.25,clustered,medium,strict,0.15,200.0,40.0,1.0,peripheral,116.69785917149164,109.17309427441808,7.524764897073563,0.0,0.0,0.0,0.0,0.0,95.63584874941387,136.46636784302257,25.08254965691188,14,1,0.06666666666666667,1,1,1.0,1.0,0.0,0.0,0.0,0.0,0,0.716644275911768,0.716644275911768,0,75,75,0.22805213928222656,25.0,5.0,1.0,True,feasible,nils_complete,26498.515514921386,72.3326385458738,,99.55960604998504,,-88.66499354433857,True,feasible_only,0.0,116.69785917149164,True,26498.515514921386,,99.55960604998504,
S0002_R06,202032,truck_only,S0002,n15_p0.25_d1_clustered_Elow_V1.25_Hmedium_PWstrict_B0.15,15,0.26666666666666666,0.25,1,3,low,1.25,clustered,medium,strict,0.15,200.0,40.0,1.0,peripheral,26097.74155973711,67.41996030400384,0.0,0.0,26030.321599433108,26030.321599433108,130.15160799716554,0.0,157.74210711323093,84.2749503800048,0.0,15,0,0.0,0,0,0.0,0.0,0.0,0.0,0.0,0.0,0,0.0,0.0,0,0,0,0.004476785659790039,0.0,0.0,0.0,True,feasible,baseline_truck_only,26097.74155973711,84.2749503800048,,,,0.0,True,feasible_only,0.0,26097.74155973711,True,26097.74155973711,,,
S0002_R06,202032,nils,S0002,n15_p0.25_d1_clustered_Elow_V1.25_Hmedium_PWstrict_B0.15,15,0.26666666666666666,0.25,1,3,low,1.25,clustered,medium,strict,0.15,200.0,40.0,1.0,peripheral,111.59388694222588,111.59388694222588,0.0,0.0,0.0,0.0,0.0,0.0,95.61622487483669,139.4923586777823,0.0,15,0,0.0,0,0,0.0,0.0,0.0,0.0,0.0,0.0,0,0.0,0.0,0,100,100,0.16816973686218262,25.0,5.0,0.0,True,feasible,nils_complete,26097.74155973711,84.2749503800048,,99.57240021445232,,-65.52054679213252,True,feasible_only,0.0,111.59388694222588,True,26097.74155973711,,99.57240021445232,
S0002_R07,202033,truck_only,S0002,n15_p0.25_d1_clustered_Elow_V1.25_Hmedium_PWstrict_B0.15,15,0.26666666666666666,0.25,1,3,low,1.25,clustered,medium,strict,0.15,200.0,40.0,1.0,peripheral,7278.911970899877,60.44208195992272,0.0,0.0,7218.469888939954,7218.469888939954,36.09234944469977,0.0,143.13207897861574,75.5526024499034,0.0,15,0,0.0,0,0,0.0,0.0,0.0,0.0,0.0,0.0,0,0.0,0.0,0,0,0,0.004384040832519531,0.0,0.0,0.0,True,feasible,baseline_truck_only,7278.911970899877,75.5526024499034,,,,0.0,True,feasible_only,0.0,7278.911970899877,True,7278.911970899877,,,
S0002_R07,202033,nils,S0002,n15_p0.25_d1_clustered_Elow_V1.25_Hmedium_PWstrict_B0.15,15,0.26666666666666666,0.25,1,3,low,1.25,clustered,medium,strict,0.15,200.0,40.0,1.0,peripheral,52.211887576219794,43.4617631477305,7.4552138215465185,0.0,1.2949106069427785,1.2949106069427785,0.006474553034713892,0.0,105.85510286388197,54.32720393466312,24.850712738488397,14,1,0.06666666666666667,1,1,1.0,1.0,0.0,0.0,0.0,0.0,0,0.7100203639568113,0.7100203639568113,0,75,75,0.16620874404907227,25.0,1.0,1.0,True,feasible,nils_complete,7278.911970899877,75.5526024499034,,99.28269653782108,,28.09353725348401,True,feasible_only,0.0,52.211887576219794,True,7278.911970899877,,99.28269653782108,
S0002_R08,202034,truck_only,S0002,n15_p0.25_d1_clustered_Elow_V1.25_Hmedium_PWstrict_B0.15,15,0.26666666666666666,0.25,1,3,low,1.25,clustered,medium,strict,0.15,200.0,40.0,1.0,peripheral,150.57961541133932,70.56342717003146,0.0,0.0,80.01618824130787,80.01618824130787,0.0,0.0,162.97852155414876,88.2042839625393,0.0,15,0,0.0,0,0,0.0,0.0,0.0,0.0,0.0,0.0,0,0.0,0.0,0,0,0,0.005146503448486328,0.0,0.0,0.0,True,feasible,baseline_truck_only,150.57961541133932,88.2042839625393,,,,0.0,True,feasible_only,0.0,150.57961541133932,True,150.57961541133932,,,
S0002_R08,202034,nils,S0002,n15_p0.25_d1_clustered_Elow_V1.25_Hmedium_PWstrict_B0.15,15,0.26666666666666666,0.25,1,3,low,1.25,clustered,medium,strict,0.15,200.0,40.0,1.0,peripheral,120.30406322754641,120.30406322754641,0.0,0.0,0.0,0.0,0.0,0.0,100.17407425988759,150.38007903443298,0.0,15,0,0.0,0,0,0.0,0.0,0.0,0.0,0.0,0.0,0,0.0,0.0,0,100,100,0.15094923973083496,25.0,3.0,0.0,True,feasible,nils_complete,150.57961541133932,88.2042839625393,,20.106009768379995,,-70.4906749181253,True,feasible_only,0.0,120.30406322754641,True,150.57961541133932,,20.106009768379995,
S0002_R09,202035,truck_only,S0002,n15_p0.25_d1_clustered_Elow_V1.25_Hmedium_PWstrict_B0.15,15,0.26666666666666666,0.25,1,3,low,1.25,clustered,medium,strict,0.15,200.0,40.0,1.0,peripheral,24190.05572312179,69.53649384736885,0.0,0.0,24120.51922927442,24120.51922927442,120.6025961463721,0.0,162.37048858081693,86.92061730921105,0.0,15,0,0.0,0,0,0.0,0.0,0.0,0.0,0.0,0.0,0,0.0,0.0,0,0,0,0.0027618408203125,0.0,0.0,0.0,True,feasible,baseline_truck_only,24190.05572312179,86.92061730921105,,,,0.0,True,feasible_only,0.0,24190.05572312179,True,24190.05572312179,,,
S0002_R09,202035,nils,S0002,n15_p0.25_d1_clustered_Elow_V1.25_Hmedium_PWstrict_B0.15,15,0.26666666666666666,0.25,1,3,low,1.25,clustered,medium,strict,0.15,200.0,40.0,1.0,peripheral,83.87615135211338,83.87615135211338,0.0,0.0,0.0,0.0,0.0,0.0,103.50229628057092,104.84518919014171,0.0,15,0,0.0,0,0,0.0,0.0,0.0,0.0,0.0,0.0,0,0.0,0.0,0,100,100,0.1987311840057373,25.0,4.0,0.0,True,feasible,nils_complete,24190.05572312179,86.92061730921105,,99.6532618514312,,-20.62177241236778,True,feasible_only,0.0,83.87615135211338,True,24190.05572312179,,99.6532618514312,
S0002_R10,202036,truck_only,S0002,n15_p0.25_d1_clustered_Elow_V1.25_Hmedium_PWstrict_B0.15,15,0.26666666666666666,0.25,1,3,low,1.25,clustered,medium,strict,0.15,200.0,40.0,1.0,peripheral,24701.222315805422,94.06061780549032,0.0,0.0,24607.16169799993,24607.16169799993,101.97643561438649,0.0,216.02474849179356,117.5757722568629,0.0,15,0,0.0,0,0,0.0,0.0,0.0,0.0,0.0,0.0,0,0.0,0.0,0,0,0,0.0052525997161865234,0.0,0.0,0.0,True,feasible,baseline_truck_only,24701.222315805422,117.5757722568629,,,,0.0,True,feasible_only,0.0,24701.222315805422,True,24701.222315805422,,,
S0002_R10,202036,nils,S0002,n15_p0.25_d1_clustered_Elow_V1.25_Hmedium_PWstrict_B0.15,15,0.26666666666666666,0.25,1,3,low,1.25,clustered,medium,strict,0.15,200.0,40.0,1.0,peripheral,114.36294451497264,114.36294451497264,0.0,0.0,0.0,0.0,0.0,0.0,98.38618911408943,142.95368064371578,0.0,15,0,0.0,0,0,0.0,0.0,0.0,0.0,0.0,0.0,0,0.0,0.0,0,100,100,0.13794970512390137,25.0,6.0,0.0,True,feasible,nils_complete,24701.222315805422,117.5757722568629,,99.53701503896106,,-21.584300829775387,True,feasible_only,0.0,114.36294451497264,True,24701.222315805422,,99.53701503896106,
S0003_R01,302027,truck_only,S0003,n15_p0.25_d1_uniform_Elow_V2.00_Hshort_PWflat_B0.15,15,0.26666666666666666,0.25,1,3,low,2.0,uniform,short,flat,0.15,1.0,1.0,1.0,peripheral,413.66083483006304,167.30965002443338,0.0,0.0,246.35118480562966,246.35118480562966,227.38529328236496,0.0,206.8071792813876,209.13706253054175,0.0,15,0,0.0,0,0,0.0,0.0,0.0,0.0,0.0,0.0,0,0.0,0.0,0,0,0,0.003118753433227539,0.0,0.0,0.0,True,feasible,baseline_truck_only,413.66083483006304,209.13706253054175,,,,0.0,True,feasible_only,0.0,413.66083483006304,True,413.66083483006304,,,
S0003_R01,302027,nils,S0003,n15_p0.25_d1_uniform_Elow_V2.00_Hshort_PWflat_B0.15,15,0.26666666666666666,0.25,1,3,low,2.0,uniform,short,flat,0.15,1.0,1.0,1.0,peripheral,169.9160347923323,152.59385300385344,11.91916790580348,0.0,5.40301388267541,5.40301388267541,5.40301388267541,0.0,121.38146480003019,190.74231625481679,39.7305596860116,12,3,0.2,1,1,3.0,3.0,0.0,0.0,0.0,0.0,0,0.7832935906639098,0.7832935906639098,0,25,25,0.13812708854675293,25.0,6.0,6.0,True,feasible,nils_complete,413.66083483006304,209.13706253054175,,58.923828294710106,,8.795545874628823,True,feasible_only,0.0,169.9160347923323,True,413.66083483006304,,58.923828294710106,
S0003_R02,302028,truck_only,S0003,n15_p0.25_d1_uniform_Elow_V2.00_Hshort_PWflat_B0.15,15,0.26666666666666666,0.25,1,3,low,2.0,uniform,short,flat,0.15,1.0,1.0,1.0,peripheral,168.16431494714985,140.05504136813133,0.0,0.0,28.109273579018527,28.109273579018527,28.109273579018527,0.0,136.2651682559855,175.06880171016414,0.0,15,0,0.0,0,0,0.0,0.0,0.0,0.0,0.0,0.0,0,0.0,0.0,0,0,0,0.002969026565551758,0.0,0.0,0.0,True,feasible,baseline_truck_only,168.16431494714985,175.06880171016414,,,,0.0,True,feasible_only,0.0,168.16431494714985,True,168.16431494714985,,,
S0003_R02,302028,nils,S0003,n15_p0.25_d1_uniform_Elow_V2.00_Hshort_PWflat_B0.15,15,0.26666666666666666,0.25,1,3,low,2.0,uniform,short,flat,0.15,1.0,1.0,1.0,peripheral,163.7301870117479,127.26582828616189,10.694312479362617,0.0,25.77004624622338,25.77004624622338,25.77004624622338,0.0,136.22281102271864,159.08228535770235,35.64770826454206,13,2,0.13333333333333333,1,1,2.0,2.0,0.0,0.0,0.0,0.0,0,0.6447508854195028,0.6447508854195028,0,47,47,0.1382153034210205,25.0,2.0,6.0,True,feasible,nils_complete,168.16431494714985,175.06880171016414,,2.636782920797141,,9.131562103754119,True,feasible_only,0.0,163.7301870117479,True,168.16431494714985,,2.636782920797141,
S0003_R03,302029,truck_only,S0003,n15_p0.25_d1_uniform_Elow_V2.00_Hshort_PWflat_B0.15,15,0.26666666666666666,0.25,1,3,low,2.0,uniform,short,flat,0.15,1.0,1.0,1.0,peripheral,353.7541272126295,180.26516683797553,0.0,0.0,173.48896037465397,173.48896037465397,161.13171258535107,0.0,232.79391348738264,225.33145854746937,0.0,15,0,0.0,0,0,0.0,0.0,0.0,0.0,0.0,0.0,0,0.0,0.0,0,0,0,0.005619049072265625,0.0,0.0,0.0,True,feasible,baseline_truck_only,353.7541272126295,225.33145854746937,,,,0.0,True,feasible_only,0.0,353.7541272126295,True,353.7541272126295,,,
S0003_R03,302029,nils,S0003,n15_p0.25_d1_uniform_Elow_V2.00_Hshort_PWflat_B0.15,15,0.26666666666666666,0.25,1,3,low,2.0,uniform,short,flat,0.15,1.0,1.0,1.0,peripheral,196.77332095596006,144.79349718378677,10.27040506389525,0.0,41.709418708278044,41.709418708278044,41.709418708278044,0.0,140.66286413772704,180.99187147973342,34.234683546317505,12,3,0.2,1,1,3.0,3.0,0.0,0.0,0.0,0.0,0,0.6594161595545278,0.6594161595545278,0,25,25,0.15393877029418945,25.0,6.0,6.0,True,feasible,nils_complete,353.7541272126295,225.33145854746937,,44.37568191602006,,19.67749525679086,True,feasible_only,0.0,196.77332095596006,True,353.7541272126295,,44.37568191602006,
S0003_R04,302030,truck_only,S0003,n15_p0.25_d1_uniform_Elow_V2.00_Hshort_PWflat_B0.15,15,0.26666666666666666,0.25,1,3,low,2.0,uniform,short,flat,0.15,1.0,1.0,1.0,peripheral,1143.7795894737296,192.97119489285797,0.0,0.0,950.8083945808717,950.8083945808717,427.603877159121,0.0,354.30602231167006,241.21399361607243,0.0,15,0,0.0,0,0,0.0,0.0,0.0,0.0,0.0,0.0,0,0.0,0.0,0,0,0,0.005055904388427734,0.0,0.0,0.0,True,feasible,baseline_truck_only,1143.7795894737296,241.21399361607243,,,,0.0,True,feasible_only,0.0,1143.7795894737296,True,1143.7795894737296,,,
S0003_R04,302030,nils,S0003,n15_p0.25_d1_uniform_Elow_V2.00_Hshort_PWflat_B0.15,15,0.26666666666666666,0.25,1,3,low,2.0,uniform,short,flat,0.15,1.0,1.0,1.0,peripheral,176.321153490268,107.6075345933439,11.61950570042185,0.0,57.09411319650224,57.09411319650224,57.09411319650224,0.0,167.50041942510146,134.50941824167984,38.73168566807283,12,3,0.2,1,1,3.0,3.0,0.0,0.0,0.0,0.0,0,0.7115588955439874,0.7115588955439874,0,18,18,0.10838103294372559,18.0,3.0,6.0,True,feasible,nils_complete,1143.7795894737296,241.21399361607243,,84.58434167623187,,44.236478064464464,True,feasible_only,0.0,176.321153490268,True,1143.7795894737296,,84.58434167623187,
S0003_R05,302031,truck_only,S0003,n15_p0.25_d1_uniform_Elow_V2.00_Hshort_PWflat_B0.15,15,0.26666666666666666,0.25,1,3,low,2.0,uniform,short,flat,0.15,1.0,1.0,1.0,peripheral,324.12237941193746,158.83950011984982,0.0,0.0,165.2828792920876,165.2828792920876,156.64320754232955,0.0,172.9793385984856,198.54937514981222,0.0,15,0,0.0,0,0,0.0,0.0,0.0,0.0,0.0,0.0,0,0.0,0.0,0,0,0,0.005196094512939453,0.0,0.0,0.0,True,feasible,baseline_truck_only,324.12237941193746,198.54937514981222,,,,0.0,True,feasible_only,0.0,324.12237941193746,True,324.12237941193746,,,
S0003_R05,302031,nils,S0003,n15_p0.25_d1_uniform_Elow_V2.00_Hshort_PWflat_B0.15,15,0.26666666666666666,0.25,1,3,low,2.0,uniform,short,flat,0.15,1.0,1.0,1.0,peripheral,206.8633452659518,139.56909937058148,12.687905684784129,0.0,54.60634021058618,54.60634021058618,54.60634021058618,0.0,132.03721703096383,174.46137421322686,42.29301894928044,13,2,0.13333333333333333,1,1,2.0,2.0,0.0,0.0,0.0,0.0,0,0.8468839761511388,0.8468839761511388,0,49,49,0.13153314590454102,25.0,3.0,4.0,True,feasible,nils_complete,324.12237941193746,198.54937514981222,,36.17739520446917,,12.131995337890208,True,feasible_only,0.0,206.8633452659518,True,324.12237941193746,,36.17739520446917,
S0003_R06,302032,truck_only,S0003,n15_p0.25_d1_uniform_Elow_V2.00_Hshort_PWflat_B0.15,15,0.26666666666666666,0.25,1,3,low,2.0,uniform,short,flat,0.15,1.0,1.0,1.0,peripheral,207.25754760388236,135.59688443054085,0.0,0.0,71.6606631733415,71.6606631733415,71.6606631733415,0.0,178.83570313284108,169.49610553817604,0.0,15,0,0.0,0,0,0.0,0.0,0.0,0.0,0.0,0.0,0,0.0,0.0,0,0,0,0.004405498504638672,0.0,0.0,0.0,True,feasible,baseline_truck_only,207.25754760388236,169.49610553817604,,,,0.0,True,feasible_only,0.0,207.25754760388236,True,207.25754760388236,,,
S0003_R06,302032,nils,S0003,n15_p0.25_d1_uniform_Elow_V2.00_Hshort_PWflat_B0.15,15,0.26666666666666666,0.25,1,3,low,2.0,uniform,short,flat,0.15,1.0,1.0,1.0,peripheral,121.07975511413129,108.72130056696153,12.358454547169753,0.0,0.0,0.0,0.0,0.0,122.37560166961083,135.90162570870189,41.194848490565846,13,2,0.13333333333333333,1,1,2.0,2.0,0.0,0.0,0.0,0.0,0,0.7968460822489476,0.7968460822489476,0,47,47,0.14213943481445312,25.0,2.0,6.0,True,feasible,nils_complete,207.25754760388236,169.49610553817604,,41.5800502737092,,19.820207504359196,True,feasible_only,0.0,121.07975511413129,True,207.25754760388236,,41.5800502737092,
S0003_R07,302033,truck_only,S0003,n15_p0.25_d1_uniform_Elow_V2.00_Hshort_PWflat_B0.15,15,0.26666666666666666,0.25,1,3,low,2.0,uniform,short,flat,0.15,1.0,1.0,1.0,peripheral,227.38535539274432,179.68978658889674,0.0,0.0,47.695568803847586,47.695568803847586,10.749679156442191,0.0,186.7372042000026,224.6122332361209,0.0,15,0,0.0,0,0,0.0,0.0,0.0,0.0,0.0,0.0,0,0.0,0.0,0,0,0,0.005689859390258789,0.0,0.0,0.0,True,feasible,baseline_truck_only,227.38535539274432,224.6122332361209,,,,0.0,True,feasible_only,0.0,227.38535539274432,True,227.38535539274432,,,
S0003_R07,302033,nils,S0003,n15_p0.25_d1_uniform_Elow_V2.00_Hshort_PWflat_B0.15,15,0.26666666666666666,0.25,1,3,low,2.0,uniform,short,flat,0.15,1.0,1.0,1.0,peripheral,143.45060374472828,131.29009488174538,12.160508862982901,0.0,0.0,0.0,0.0,0.0,148.8674275719895,164.11261860218164,40.53502954327634,13,2,0.13333333333333333,1,1,2.0,2.0,0.0,0.0,0.0,0.0,0,0.7715872234350429,0.7715872234350429,0,47,47,0.15295791625976562,25.0,3.0,6.0,True,feasible,nils_complete,227.38535539274432,224.6122332361209,,36.912997982232554,,26.9351378427994,True,feasible_only,0.0,143.45060374472828,True,227.38535539274432,,36.912997982232554,
S0003_R08,302034,truck_only,S0003,n15_p0.25_d1_uniform_Elow_V2.00_Hshort_PWflat_B0.15,15,0.26666666666666666,0.25,1,3,low,2.0,uniform,short,flat,0.15,1.0,1.0,1.0,peripheral,1050.271457940567,179.50115514306174,0.0,0.0,870.7703027975051,870.7703027975051,248.72854820003295,0.0,398.2343515694553,224.37644392882714,0.0,15,0,0.0,0,0,0.0,0.0,0.0,0.0,0.0,0.0,0,0.0,0.0,0,0,0,0.005261421203613281,0.0,0.0,0.0,True,feasible,baseline_truck_only,1050.271457940567,224.37644392882714,,,,0.0,True,feasible_only,0.0,1050.271457940567,True,1050.271457940567,,,
S0003_R08,302034,nils,S0003,n15_p0.25_d1_uniform_Elow_V2.00_Hshort_PWflat_B0.15,15,0.26666666666666666,0.25,1,3,low,2.0,uniform,short,flat,0.15,1.0,1.0,1.0,peripheral,117.66212562607572,105.06248238470522,12.599643241370506,0.0,0.0,0.0,0.0,0.0,163.90284371139109,131.3281029808815,41.99881080456836,13,2,0.13333333333333333,1,1,2.0,2.0,0.0,0.0,0.0,0.0,0,0.791294370502011,0.791294370502011,0,48,48,0.14616036415100098,25.0,3.0,5.0,True,feasible,nils_complete,1050.271457940567,224.37644392882714,,88.79697960593974,,41.46974580694435,True,feasible_only,0.0,117.66212562607572,True,1050.271457940567,,88.79697960593974,
S0003_R09,302035,truck_only,S0003,n15_p0.25_d1_uniform_Elow_V2.00_Hshort_PWflat_B0.15,15,0.26666666666666666,0.25,1,3,low,2.0,uniform,short,flat,0.15,1.0,1.0,1.0,peripheral,156.611235885216,156.611235885216,0.0,0.0,0.0,0.0,0.0,0.0,142.57187966148697,195.76404485651994,0.0,15,0,0.0,0,0,0.0,0.0,0.0,0.0,0.0,0.0,0,0.0,0.0,0,0,0,0.003020763397216797,0.0,0.0,0.0,True,feasible,baseline_truck_only,156.611235885216,195.76404485651994,,,,0.0,True,feasible_only,0.0,156.611235885216,True,156.611235885216,,,
S0003_R09,302035,nils,S0003,n15_p0.25_d1_uniform_Elow_V2.00_Hshort_PWflat_B0.15,15,0.26666666666666666,0.25,1,3,low,2.0,uniform,short,flat,0.15,1.0,1.0,1.0,peripheral,133.1840099242935,127.04261698893818,6.141392935355316,0.0,0.0,0.0,0.0,0.0,116.52385241549611,158.8032712361727,20.471309784517718,14,1,0.06666666666666667,1,1,1.0,1.0,0.0,0.0,0.0,0.0,0,0.3655591032949593,0.3655591032949593,0,47,47,0.1340951919555664,25.0,1.0,6.0,True,feasible,nils_complete,156.611235885216,195.76404485651994,,14.958841125609183,,18.880266622727717,True,feasible_only,0.0,133.1840099242935,True,156.611235885216,,14.958841125609183,
S0003_R10,302036,truck_only,S0003,n15_p0.25_d1_uniform_Elow_V2.00_Hshort_PWflat_B0.15,15,0.26666666666666666,0.25,1,3,low,2.0,uniform,short,flat,0.15,1.0,1.0,1.0,peripheral,238.92911945128236,141.98211029827175,0.0,0.0,96.94700915301061,96.94700915301061,0.0,0.0,235.61311354399265,177.47763787283964,0.0,15,0,0.0,0,0,0.0,0.0,0.0,0.0,0.0,0.0,0,0.0,0.0,0,0,0,0.003359556198120117,0.0,0.0,0.0,True,feasible,baseline_truck_only,238.92911945128236,177.47763787283964,,,,0.0,True,feasible_only,0.0,238.92911945128236,True,238.92911945128236,,,
S0003_R10,302036,nils,S0003,n15_p0.25_d1_uniform_Elow_V2.00_Hshort_PWflat_B0.15,15,0.26666666666666666,0.25,1,3,low,2.0,uniform,short,flat,0.15,1.0,1.0,1.0,peripheral,94.45172972278779,85.40925703384949,9.04247268893831,0.0,0.0,0.0,0.0,0.0,131.43787620411362,106.76157129231186,30.141575629794367,12,3,0.2,1,1,3.0,3.0,0.0,0.0,0.0,0.0,0,0.5929332247431904,0.5929332247431904,0,16,16,0.0956583023071289,18.0,4.0,8.0,True,feasible,nils_complete,238.92911945128236,177.47763787283964,,60.46872397148457,,39.845057342488914,True,feasible_only,0.0,94.45172972278779,True,238.92911945128236,,60.46872397148457,
S0004_R01,402027,truck_only,S0004,n15_p0.25_d1_uniform_Elow_V2.00_Hshort_PWmoderate_B0.15,15,0.26666666666666666,0.25,1,3,low,2.0,uniform,short,moderate,0.15,20.0,5.0,1.0,peripheral,3138.1045625326665,159.7135804786025,0.0,0.0,2978.390982054064,2978.390982054064,146.13702618537374,0.0,180.09380643251095,199.64197559825308,0.0,15,0,0.0,0,0,0.0,0.0,0.0,0.0,0.0,0.0,0,0.0,0.0,0,0,0,0.005583524703979492,0.0,0.0,0.0,True,feasible,baseline_truck_only,3138.1045625326665,199.64197559825308,,,,0.0,True,feasible_only,0.0,3138.1045625326665,True,3138.1045625326665,,,
S0004_R01,402027,nils,S0004,n15_p0.25_d1_uniform_Elow_V2.00_Hshort_PWmoderate_B0.15,15,0.26666666666666666,0.25,1,3,low,2.0,uniform,short,moderate,0.15,20.0,5.0,1.0,peripheral,138.09117876306394,127.63599255137521,10.455186211688734,0.0,0.0,0.0,0.0,0.0,159.3450608709968,159.544990689219,34.85062070562911,12,3,0.2,1,1,3.0,3.0,0.0,0.0,0.0,0.0,0,0.6939910089875198,0.6939910089875198,0,22,22,0.13664603233337402,25.0,6.0,9.0,True,feasible,nils_complete,3138.1045625326665,199.64197559825308,,95.5995354516927,,20.084446063448468,True,feasible_only,0.0,138.09117876306394,True,3138.1045625326665,,95.5995354516927,
S0004_R02,402028,truck_only,S0004,n15_p0.25_d1_uniform_Elow_V2.00_Hshort_PWmoderate_B0.15,15,0.26666666666666666,0.25,1,3,low,2.0,uniform,short,moderate,0.15,20.0,5.0,1.0,peripheral,1248.475572116195,165.2821928540671,0.0,0.0,1083.193379262128,1083.193379262128,54.1596689631064,0.0,138.40419888901965,206.60274106758385,0.0,15,0,0.0,0,0,0.0,0.0,0.0,0.0,0.0,0.0,0,0.0,0.0,0,0,0,0.005069732666015625,0.0,0.0,0.0,True,feasible,baseline_truck_only,1248.475572116195,206.60274106758385,,,,0.0,True,feasible_only,0.0,1248.475572116195,True,1248.475572116195,,,
S0004_R02,402028,nils,S0004,n15_p0.25_d1_uniform_Elow_V2.00_Hshort_PWmoderate_B0.15,15,0.26666666666666666,0.25,1,3,low,2.0,uniform,short,moderate,0.15,20.0,5.0,1.0,peripheral,144.14123229716597,131.1037804397211,13.037451857444854,0.0,0.0,0.0,0.0,0.0,135.77647350253463,163.87972554965137,43.45817285814951,12,3,0.2,1,1,3.0,3.0,0.0,0.0,0.0,0.0,0,0.7814063720031171,0.7814063720031171,0,25,25,0.15552997589111328,25.0,5.0,6.0,True,feasible,nils_complete,1248.475572116195,206.60274106758385,,88.45462133849819,,20.678823183646404,True,feasible_only,0.0,144.14123229716597,True,1248.475572116195,,88.45462133849819,
S0004_R03,402029,truck_only,S0004,n15_p0.25_d1_uniform_Elow_V2.00_Hshort_PWmoderate_B0.15,15,0.26666666666666666,0.25,1,3,low,2.0,uniform,short,moderate,0.15,20.0,5.0,1.0,peripheral,326.8934170977296,148.03475741327998,0.0,0.0,178.8586596844496,178.8586596844496,8.94293298422248,0.0,158.71597546279605,185.04344676659994,0.0,15,0,0.0,0,0,0.0,0.0,0.0,0.0,0.0,0.0,0,0.0,0.0,0,0,0,0.0032753944396972656,0.0,0.0,0.0,True,feasible,baseline_truck_only,326.8934170977296,185.04344676659994,,,,0.0,True,feasible_only,0.0,326.8934170977296,True,326.8934170977296,,,
S0004_R03,402029,nils,S0004,n15_p0.25_d1_uniform_Elow_V2.00_Hshort_PWmoderate_B0.15,15,0.26666666666666666,0.25,1,3,low,2.0,uniform,short,moderate,0.15,20.0,5.0,1.0,peripheral,129.51866792428902,116.49601101870682,13.022656905582206,0.0,0.0,0.0,0.0,0.0,144.90820556716156,145.62001377338348,43.408856351940685,12,3,0.2,1,1,3.0,3.0,0.0,0.0,0.0,0.0,0,0.8442819588970736,0.8442819588970736,0,16,16,0.15404081344604492,18.0,3.0,8.0,True,feasible,nils_complete,326.8934170977296,185.04344676659994,,60.37893051680282,,21.304960365844384,True,feasible_only,0.0,129.51866792428902,True,326.8934170977296,,60.37893051680282,
S0004_R04,402030,truck_only,S0004,n15_p0.25_d1_uniform_Elow_V2.00_Hshort_PWmoderate_B0.15,15,0.26666666666666666,0.25,1,3,low,2.0,uniform,short,moderate,0.15,20.0,5.0,1.0,peripheral,2945.1466148042746,174.09629868442204,0.0,0.0,2771.0503161198526,2771.0503161198526,98.25072344824548,0.0,350.7679960204227,217.62037335552748,0.0,15,0,0.0,0,0,0.0,0.0,0.0,0.0,0.0,0.0,0,0.0,0.0,0,0,0,0.005205869674682617,0.0,0.0,0.0,True,feasible,baseline_truck_only,2945.1466148042746,217.62037335552748,,,,0.0,True,feasible_only,0.0,2945.1466148042746,True,2945.1466148042746,,,
S0004_R04,402030,nils,S0004,n15_p0.25_d1_uniform_Elow_V2.00_Hshort_PWmoderate_B0.15,15,0.26666666666666666,0.25,1,3,low,2.0,uniform,short,moderate,0.15,20.0,5.0,1.0,peripheral,166.430163711316,155.71927245408955,10.710891257226443,0.0,0.0,0.0,0.0,0.0,147.97247427638013,194.64909056761195,35.702970857421484,13,2,0.13333333333333333,1,1,2.0,2.0,0.0,0.0,0.0,0.0,0,0.6530805757233162,0.6530805757233162,0,50,50,0.1718149185180664,25.0,5.0,3.0,True,feasible,nils_complete,2945.1466148042746,217.62037335552748,,94.34900242742665,,10.55566739166798,True,feasible_only,0.0,166.430163711316,True,2945.1466148042746,,94.34900242742665,
S0004_R05,402031,truck_only,S0004,n15_p0.25_d1_uniform_Elow_V2.00_Hshort_PWmoderate_B0.15,15,0.26666666666666666,0.25,1,3,low,2.0,uniform,short,moderate,0.15,20.0,5.0,1.0,peripheral,1794.903105782526,161.18641019927125,0.0,0.0,1633.7166955832547,1633.7166955832547,81.32385046458708,0.0,205.56820750089923,201.48301274908903,0.0,15,0,0.0,0,0,0.0,0.0,0.0,0.0,0.0,0.0,0,0.0,0.0,0,0,0,0.003294706344604492,0.0,0.0,0.0,True,feasible,baseline_truck_only,1794.903105782526,201.48301274908903,,,,0.0,True,feasible_only,0.0,1794.903105782526,True,1794.903105782526,,,
S0004_R05,402031,nils,S0004,n15_p0.25_d1_uniform_Elow_V2.00_Hshort_PWmoderate_B0.15,15,0.26666666666666666,0.25,1,3,low,2.0,uniform,short,moderate,0.15,20.0,5.0,1.0,peripheral,280.94736730688896,167.52094122804976,12.16883712182408,0.0,101.25758895701509,101.25758895701509,5.062879447850754,0.0,131.03834888589125,209.40117653506218,40.56279040608027,14,1,0.06666666666666667,1,1,1.0,1.0,0.0,0.0,0.0,0.0,0,0.7243355429657191,0.7243355429657191,0,75,75,0.1263260841369629,25.0,5.0,1.0,True,feasible,nils_complete,1794.903105782526,201.48301274908903,,84.3474911597301,,-3.9299411289991992,True,feasible_only,0.0,280.94736730688896,True,1794.903105782526,,84.3474911597301,
S0004_R06,402032,truck_only,S0004,n15_p0.25_d1_uniform_Elow_V2.00_Hshort_PWmoderate_B0.15,15,0.26666666666666666,0.25,1,3,low,2.0,uniform,short,moderate,0.15,20.0,5.0,1.0,peripheral,2096.808387326537,153.83475342577506,0.0,0.0,1942.9736339007618,1942.9736339007618,97.14868169503808,0.0,200.29556240262636,192.2934417822188,0.0,15,0,0.0,0,0,0.0,0.0,0.0,0.0,0.0,0.0,0,0.0,0.0,0,0,0,0.005768299102783203,0.0,0.0,0.0,True,feasible,baseline_truck_only,2096.808387326537,192.2934417822188,,,,0.0,True,feasible_only,0.0,2096.808387326537,True,2096.808387326537,,,
S0004_R06,402032,nils,S0004,n15_p0.25_d1_uniform_Elow_V2.00_Hshort_PWmoderate_B0.15,15,0.26666666666666666,0.25,1,3,low,2.0,uniform,short,moderate,0.15,20.0,5.0,1.0,peripheral,395.65557029894,111.3570811380077,13.099428665162645,0.0,271.1990604957697,271.1990604957697,13.559953024788484,0.0,134.40608588319185,139.19635142250962,43.66476221720882,13,2,0.13333333333333333,1,1,2.0,2.0,0.0,0.0,0.0,0.0,0,0.8030035261510552,0.8030035261510552,0,48,48,0.14302825927734375,25.0,3.0,5.0,True,feasible,nils_complete,2096.808387326537,192.2934417822188,,81.13058051988209,,27.61253315120548,True,feasible_only,0.0,395.65557029894,True,2096.808387326537,,81.13058051988209,
S0004_R07,402033,truck_only,S0004,n15_p0.25_d1_uniform_Elow_V2.00_Hshort_PWmoderate_B0.15,15,0.26666666666666666,0.25,1,3,low,2.0,uniform,short,moderate,0.15,20.0,5.0,1.0,peripheral,2540.752579479104,162.52873091162652,0.0,0.0,2378.2238485674775,2378.2238485674775,116.91765354594848,0.0,183.7791885061601,203.16091363953316,0.0,15,0,0.0,0,0,0.0,0.0,0.0,0.0,0.0,0.0,0,0.0,0.0,0,0,0,0.0033044815063476562,0.0,0.0,0.0,True,feasible,baseline_truck_only,2540.752579479104,203.16091363953316,,,,0.0,True,feasible_only,0.0,2540.752579479104,True,2540.752579479104,,,
S0004_R07,402033,nils,S0004,n15_p0.25_d1_uniform_Elow_V2.00_Hshort_PWmoderate_B0.15,15,0.26666666666666666,0.25,1,3,low,2.0,uniform,short,moderate,0.15,20.0,5.0,1.0,peripheral,190.46171994053213,165.13287229933283,12.287081847863746,0.0,13.041765793335571,13.041765793335571,0.6520882896667786,0.0,139.9594235327652,206.41609037416603,40.95693949287916,12,3,0.2,1,1,3.0,3.0,0.0,0.0,0.0,0.0,0,0.7459814784555303,0.7459814784555303,0,25,25,0.13573145866394043,25.0,5.0,6.0,True,feasible,nils_complete,2540.752579479104,203.16091363953316,,92.50372816783364,,-1.6022652567946725,True,feasible_only,0.0,190.46171994053213,True,2540.752579479104,,92.50372816783364,
S0004_R08,402034,truck_only,S0004,n15_p0.25_d1_uniform_Elow_V2.00_Hshort_PWmoderate_B0.15,15,0.26666666666666666,0.25,1,3,low,2.0,uniform,short,moderate,0.15,20.0,5.0,1.0,peripheral,640.9449024047099,168.18056971597602,0.0,0.0,472.7643326887338,472.7643326887338,21.64855165603756,0.0,175.4370885400361,210.22571214497003,0.0,15,0,0.0,0,0,0.0,0.0,0.0,0.0,0.0,0.0,0,0.0,0.0,0,0,0,0.005736589431762695,0.0,0.0,0.0,True,feasible,baseline_truck_only,640.9449024047099,210.22571214497003,,,,0.0,True,feasible_only,0.0,640.9449024047099,True,640.9449024047099,,,
S0004_R08,402034,nils,S0004,n15_p0.25_d1_uniform_Elow_V2.00_Hshort_PWmoderate_B0.15,15,0.26666666666666666,0.25,1,3,low,2.0,uniform,short,moderate,0.15,20.0,5.0,1.0,peripheral,144.42221876104006,137.73617835043507,6.686040410604996,0.0,0.0,0.0,0.0,0.0,148.24869346849843,172.1702229380438,22.28680136868332,13,2,0.13333333333333333,1,1,2.0,2.0,0.0,0.0,0.0,0.0,0,0.40973023666237796,0.40973023666237796,0,25,25,0.12424421310424805,25.0,2.0,6.0,True,feasible,nils_complete,640.9449024047099,210.22571214497003,,77.46729582851913,,18.1022049199593,True,feasible_only,0.0,144.42221876104006,True,640.9449024047099,,77.46729582851913,
S0004_R09,402035,truck_only,S0004,n15_p0.25_d1_uniform_Elow_V2.00_Hshort_PWmoderate_B0.15,15,0.26666666666666666,0.25,1,3,low,2.0,uniform,short,moderate,0.15,20.0,5.0,1.0,peripheral,738.9577705118649,141.29866186693678,0.0,0.0,597.6591086449281,597.6591086449281,28.850028896144764,0.0,172.53934277778814,176.62332733367097,0.0,15,0,0.0,0,0,0.0,0.0,0.0,0.0,0.0,0.0,0,0.0,0.0,0,0,0,0.0031332969665527344,0.0,0.0,0.0,True,feasible,baseline_truck_only,738.9577705118649,176.62332733367097,,,,0.0,True,feasible_only,0.0,738.9577705118649,True,738.9577705118649,,,
S0004_R09,402035,nils,S0004,n15_p0.25_d1_uniform_Elow_V2.00_Hshort_PWmoderate_B0.15,15,0.26666666666666666,0.25,1,3,low,2.0,uniform,short,moderate,0.15,20.0,5.0,1.0,peripheral,142.2684312373882,130.1550902581915,12.113340979196693,0.0,0.0,0.0,0.0,0.0,122.29800514192364,162.6938628227394,40.37780326398897,11,4,0.26666666666666666,1,1,4.0,4.0,0.0,0.0,0.0,0.0,0,0.7846953935278338,0.7846953935278338,0,0,0,0.11051559448242188,25.0,4.0,11.0,True,feasible,nils_complete,738.9577705118649,176.62332733367097,,80.7474206355742,,7.886537254853372,True,feasible_only,0.0,142.2684312373882,True,738.9577705118649,,80.7474206355742,
S0004_R10,402036,truck_only,S0004,n15_p0.25_d1_uniform_Elow_V2.00_Hshort_PWmoderate_B0.15,15,0.26666666666666666,0.25,1,3,low,2.0,uniform,short,moderate,0.15,20.0,5.0,1.0,peripheral,6160.732979095485,150.75991892579663,0.0,0.0,6009.973060169688,6009.973060169688,264.3254431076305,0.0,250.04581865560618,188.4498986572458,0.0,15,0,0.0,0,0,0.0,0.0,0.0,0.0,0.0,0.0,0,0.0,0.0,0,0,0,0.005388498306274414,0.0,0.0,0.0,True,feasible,baseline_truck_only,6160.732979095485,188.4498986572458,,,,0.0,True,feasible_only,0.0,6160.732979095485,True,6160.732979095485,,,
S0004_R10,402036,nils,S0004,n15_p0.25_d1_uniform_Elow_V2.00_Hshort_PWmoderate_B0.15,15,0.26666666666666666,0.25,1,3,low,2.0,uniform,short,moderate,0.15,20.0,5.0,1.0,peripheral,105.75975832881564,95.86067135763335,9.899086971182282,0.0,0.0,0.0,0.0,0.0,130.286339071016,119.82583919704169,32.99695657060761,13,2,0.13333333333333333,1,1,2.0,2.0,0.0,0.0,0.0,0.0,0,0.5921338854906919,0.5921338854906919,0,0,0,0.13699746131896973,24.0,2.0,10.0,True,feasible,nils_complete,6160.732979095485,188.4498986572458,,98.2833250736937,,36.415015316627,True,feasible_only,0.0,105.75975832881564,True,6160.732979095485,,98.2833250736937,
S0005_R01,502027,truck_only,S0005,n15_p0.25_d1_uniform_Emedium_V1.25_Hshort_PWbase_B0.15,15,0.26666666666666666,0.25,1,3,medium,1.25,uniform,short,base,0.15,100.0,20.0,1.0,peripheral,5739.967573337041,144.4512631232199,0.0,0.0,5595.516310213821,5595.516310213821,55.955163102138215,0.0,153.1094282502001,180.56407890402485,0.0,15,0,0.0,0,0,0.0,0.0,0.0,0.0,0.0,0.0,0,0.0,0.0,0,0,0,0.003153562545776367,0.0,0.0,0.0,True,feasible,baseline_truck_only,5739.967573337041,180.56407890402485,,,,0.0,True,feasible_only,0.0,5739.967573337041,True,5739.967573337041,,,
S0005_R01,502027,nils,S0005,n15_p0.25_d1_uniform_Emedium_V1.25_Hshort_PWbase_B0.15,15,0.26666666666666666,0.25,1,3,medium,1.25,uniform,short,base,0.15,100.0,20.0,1.0,peripheral,163.67552262768675,158.44606173794094,5.2294608897457975,0.0,0.0,0.0,0.0,0.0,136.6202379807879,198.0575771724262,17.43153629915266,13,2,0.13333333333333333,1,1,2.0,2.0,0.0,0.0,0.0,0.0,0,0.36734992277035206,0.36734992277035206,0,50,50,0.15386962890625,25.0,5.0,3.0,True,feasible,nils_complete,5739.967573337041,180.56407890402485,,97.14849394989648,,-9.688249387465184,True,feasible_only,0.0,163.67552262768675,True,5739.967573337041,,97.14849394989648,
S0005_R02,502028,truck_only,S0005,n15_p0.25_d1_uniform_Emedium_V1.25_Hshort_PWbase_B0.15,15,0.26666666666666666,0.25,1,3,medium,1.25,uniform,short,base,0.15,100.0,20.0,1.0,peripheral,6707.558733374495,144.25465040445954,0.0,0.0,6563.304082970036,6563.304082970036,65.63304082970035,0.0,148.029519141894,180.31831300557445,0.0,15,0,0.0,0,0,0.0,0.0,0.0,0.0,0.0,0.0,0,0.0,0.0,0,0,0,0.004833221435546875,0.0,0.0,0.0,True,feasible,baseline_truck_only,6707.558733374495,180.31831300557445,,,,0.0,True,feasible_only,0.0,6707.558733374495,True,6707.558733374495,,,
S0005_R02,502028,nils,S0005,n15_p0.25_d1_uniform_Emedium_V1.25_Hshort_PWbase_B0.15,15,0.26666666666666666,0.25,1,3,medium,1.25,uniform,short,base,0.15,100.0,20.0,1.0,peripheral,153.91188224849066,143.24378907960266,10.66809316888799,0.0,0.0,0.0,0.0,0.0,132.51761991742526,179.05473634950332,35.56031056295997,12,3,0.2,1,1,3.0,3.0,0.0,0.0,0.0,0.0,0,0.7642906381949108,0.7642906381949108,0,23,23,0.14448308944702148,25.0,4.0,8.0,True,feasible,nils_complete,6707.558733374495,180.31831300557445,,97.70539642861898,,0.7007478247825414,True,feasible_only,0.0,153.91188224849066,True,6707.558733374495,,97.70539642861898,
S0005_R03,502029,truck_only,S0005,n15_p0.25_d1_uniform_Emedium_V1.25_Hshort_PWbase_B0.15,15,0.26666666666666666,0.25,1,3,medium,1.25,uniform,short,base,0.15,100.0,20.0,1.0,peripheral,11208.77335980406,151.00066058130395,0.0,0.0,11057.772699222756,11057.772699222756,97.7811001081692,0.0,219.81355623865414,188.7508257266299,0.0,15,0,0.0,0,0,0.0,0.0,0.0,0.0,0.0,0.0,0,0.0,0.0,0,0,0,0.0048754215240478516,0.0,0.0,0.0,True,feasible,baseline_truck_only,11208.77335980406,188.7508257266299,,,,0.0,True,feasible_only,0.0,11208.77335980406,True,11208.77335980406,,,
S0005_R03,502029,nils,S0005,n15_p0.25_d1_uniform_Emedium_V1.25_Hshort_PWbase_B0.15,15,0.26666666666666666,0.25,1,3,medium,1.25,uniform,short,base,0.15,100.0,20.0,1.0,peripheral,160.77675865454702,151.25725940166933,9.519499252877692,0.0,0.0,0.0,0.0,0.0,131.10934389575897,189.0715742520867,31.731664176258967,12,3,0.2,1,1,3.0,3.0,0.0,0.0,0.0,0.0,0,0.6751808992294016,0.6751808992294016,0,25,25,0.135115385055542,25.0,7.0,6.0,True,feasible,nils_complete,11208.77335980406,188.7508257266299,,98.56561682983875,,-0.16993225021507283,True,feasible_only,0.0,160.77675865454702,True,11208.77335980406,,98.56561682983875,
S0005_R04,502030,truck_only,S0005,n15_p0.25_d1_uniform_Emedium_V1.25_Hshort_PWbase_B0.15,15,0.26666666666666666,0.25,1,3,medium,1.25,uniform,short,base,0.15,100.0,20.0,1.0,peripheral,17473.02604833233,171.64963291013348,0.0,0.0,17301.376415422197,17301.376415422197,173.01376415422197,0.0,175.77209784244386,214.56204113766682,0.0,15,0,0.0,0,0,0.0,0.0,0.0,0.0,0.0,0.0,0,0.0,0.0,0,0,0,0.0030727386474609375,0.0,0.0,0.0,True,feasible,baseline_truck_only,17473.02604833233,214.56204113766682,,,,0.0,True,feasible_only,0.0,17473.02604833233,True,17473.02604833233,,,
S0005_R04,502030,nils,S0005,n15_p0.25_d1_uniform_Emedium_V1.25_Hshort_PWbase_B0.15,15,0.26666666666666666,0.25,1,3,medium,1.25,uniform,short,base,0.15,100.0,20.0,1.0,peripheral,2497.1074413532956,163.79154249663367,11.738877369986822,0.0,2321.577021486675,2321.577021486675,23.21577021486675,0.0,138.68929534230034,204.73942812079207,39.1295912332894,12,3,0.2,1,1,3.0,3.0,0.0,0.0,0.0,0.0,0,0.8164214747591433,0.8164214747591433,0,16,16,0.0892782211303711,16.0,3.0,6.0,True,feasible,nils_complete,17473.02604833233,214.56204113766682,,85.7087865922822,,4.577982650049639,True,feasible_only,0.0,2497.1074413532956,True,17473.02604833233,,85.7087865922822,
S0005_R05,502031,truck_only,S0005,n15_p0.25_d1_uniform_Emedium_V1.25_Hshort_PWbase_B0.15,15,0.26666666666666666,0.25,1,3,medium,1.25,uniform,short,base,0.15,100.0,20.0,1.0,peripheral,9487.970869525114,177.2580515558479,0.0,0.0,9310.712817969266,9310.712817969266,86.49775321619438,0.0,211.02355566929964,221.57256444480987,0.0,15,0,0.0,0,0,0.0,0.0,0.0,0.0,0.0,0.0,0,0.0,0.0,0,0,0,0.00555872917175293,0.0,0.0,0.0,True,feasible,baseline_truck_only,9487.970869525114,221.57256444480987,,,,0.0,True,feasible_only,0.0,9487.970869525114,True,9487.970869525114,,,
S0005_R05,502031,nils,S0005,n15_p0.25_d1_uniform_Emedium_V1.25_Hshort_PWbase_B0.15,15,0.26666666666666666,0.25,1,3,medium,1.25,uniform,short,base,0.15,100.0,20.0,1.0,peripheral,1984.569748927423,156.34361334193937,10.727898316233935,0.0,1817.4982372692498,1817.4982372692498,18.174982372692497,0.0,159.10637606297584,195.4295166774242,35.75966105411312,14,1,0.06666666666666667,1,1,1.0,1.0,0.0,0.0,0.0,0.0,0,0.7151932210822622,0.7151932210822622,0,74,74,0.17726969718933105,25.0,2.0,2.0,True,feasible,nils_complete,9487.970869525114,221.57256444480987,,79.08330689229074,,11.798865005192228,True,feasible_only,0.0,1984.569748927423,True,9487.970869525114,,79.08330689229074,
S0005_R06,502032,truck_only,S0005,n15_p0.25_d1_uniform_Emedium_V1.25_Hshort_PWbase_B0.15,15,0.26666666666666666,0.25,1,3,medium,1.25,uniform,short,base,0.15,100.0,20.0,1.0,peripheral,38433.95990558694,154.34217132776547,0.0,0.0,38279.617734259176,38279.617734259176,379.5585781689432,0.0,264.7551702062636,192.92771415970685,0.0,15,0,0.0,0,0,0.0,0.0,0.0,0.0,0.0,0.0,0,0.0,0.0,0,0,0,0.0028786659240722656,0.0,0.0,0.0,True,feasible,baseline_truck_only,38433.95990558694,192.92771415970685,,,,0.0,True,feasible_only,0.0,38433.95990558694,True,38433.95990558694,,,
S0005_R06,502032,nils,S0005,n15_p0.25_d1_uniform_Emedium_V1.25_Hshort_PWbase_B0.15,15,0.26666666666666666,0.25,1,3,medium,1.25,uniform,short,base,0.15,100.0,20.0,1.0,peripheral,270.58369617509845,174.73027837093318,11.882829836815748,0.0,83.97058796734953,83.97058796734953,0.8397058796734953,0.0,159.84105488549073,218.41284796366648,39.609432789385835,13,2,0.13333333333333333,1,1,2.0,2.0,0.0,0.0,0.0,0.0,0,0.8134047082706659,0.8134047082706659,0,49,49,0.17172837257385254,25.0,9.0,4.0,True,feasible,nils_complete,38433.95990558694,192.92771415970685,,99.29597757597764,,-13.209680068495945,True,feasible_only,0.0,270.58369617509845,True,38433.95990558694,,99.29597757597764,
S0005_R07,502033,truck_only,S0005,n15_p0.25_d1_uniform_Emedium_V1.25_Hshort_PWbase_B0.15,15,0.26666666666666666,0.25,1,3,medium,1.25,uniform,short,base,0.15,100.0,20.0,1.0,peripheral,6073.001035253388,141.47293505592648,0.0,0.0,5931.528100197462,5931.528100197462,52.003731018653085,0.0,171.72184816243504,176.8411688199081,0.0,15,0,0.0,0,0,0.0,0.0,0.0,0.0,0.0,0.0,0,0.0,0.0,0,0,0,0.002819538116455078,0.0,0.0,0.0,True,feasible,baseline_truck_only,6073.001035253388,176.8411688199081,,,,0.0,True,feasible_only,0.0,6073.001035253388,True,6073.001035253388,,,
S0005_R07,502033,nils,S0005,n15_p0.25_d1_uniform_Emedium_V1.25_Hshort_PWbase_B0.15,15,0.26666666666666666,0.25,1,3,medium,1.25,uniform,short,base,0.15,100.0,20.0,1.0,peripheral,118.66495236114092,108.35303491814508,10.31191744299584,0.0,0.0,0.0,0.0,0.0,122.91156657958372,135.44129364768133,34.37305814331947,13,2,0.13333333333333333,1,1,2.0,2.0,0.0,0.0,0.0,0.0,0,0.6877540379780313,0.6877540379780313,0,36,36,0.09196829795837402,18.0,2.0,3.0,True,feasible,nils_complete,6073.001035253388,176.8411688199081,,98.04602449971112,,23.41076766710791,True,feasible_only,0.0,118.66495236114092,True,6073.001035253388,,98.04602449971112,
S0005_R08,502034,truck_only,S0005,n15_p0.25_d1_uniform_Emedium_V1.25_Hshort_PWbase_B0.15,15,0.26666666666666666,0.25,1,3,medium,1.25,uniform,short,base,0.15,100.0,20.0,1.0,peripheral,1165.378226144749,168.41748307015558,0.0,0.0,996.9607430745936,996.9607430745936,0.0,0.0,228.38388996312213,210.52185383769452,0.0,15,0,0.0,0,0,0.0,0.0,0.0,0.0,0.0,0.0,0,0.0,0.0,0,0,0,0.003110647201538086,0.0,0.0,0.0,True,feasible,baseline_truck_only,1165.378226144749,210.52185383769452,,,,0.0,True,feasible_only,0.0,1165.378226144749,True,1165.378226144749,,,
S0005_R08,502034,nils,S0005,n15_p0.25_d1_uniform_Emedium_V1.25_Hshort_PWbase_B0.15,15,0.26666666666666666,0.25,1,3,medium,1.25,uniform,short,base,0.15,100.0,20.0,1.0,peripheral,144.7825081478797,132.86232884748907,11.920179300390618,0.0,0.0,0.0,0.0,0.0,157.52627636588562,166.07791105936133,39.73393100130207,13,2,0.13333333333333333,1,1,2.0,2.0,0.0,0.0,0.0,0.0,0,0.8494554592598228,0.8494554592598228,0,50,50,0.1063833236694336,25.0,2.0,3.0,True,feasible,nils_complete,1165.378226144749,210.52185383769452,,87.5763503298974,,21.111320258749966,True,feasible_only,0.0,144.7825081478797,True,1165.378226144749,,87.5763503298974,
S0005_R09,502035,truck_only,S0005,n15_p0.25_d1_uniform_Emedium_V1.25_Hshort_PWbase_B0.15,15,0.26666666666666666,0.25,1,3,medium,1.25,uniform,short,base,0.15,100.0,20.0,1.0,peripheral,4707.3087777753035,151.14739777305277,0.0,0.0,4556.161380002251,4556.161380002251,32.56798067177621,0.0,245.99928893323784,188.93424721631595,0.0,15,0,0.0,0,0,0.0,0.0,0.0,0.0,0.0,0.0,0,0.0,0.0,0,0,0,0.005646944046020508,0.0,0.0,0.0,True,feasible,baseline_truck_only,4707.3087777753035,188.93424721631595,,,,0.0,True,feasible_only,0.0,4707.3087777753035,True,4707.3087777753035,,,
S0005_R09,502035,nils,S0005,n15_p0.25_d1_uniform_Emedium_V1.25_Hshort_PWbase_B0.15,15,0.26666666666666666,0.25,1,3,medium,1.25,uniform,short,base,0.15,100.0,20.0,1.0,peripheral,114.88235699844014,105.01720499203091,9.865152006409229,0.0,0.0,0.0,0.0,0.0,156.92628237865412,131.2715062400386,32.8838400213641,13,2,0.13333333333333333,1,1,2.0,2.0,0.0,0.0,0.0,0.0,0,0.7068187325990791,0.7068187325990791,0,50,50,0.12870335578918457,25.0,2.0,3.0,True,feasible,nils_complete,4707.3087777753035,188.93424721631595,,97.55948966974854,,30.52000461846269,True,feasible_only,0.0,114.88235699844014,True,4707.3087777753035,,97.55948966974854,
S0005_R10,502036,truck_only,S0005,n15_p0.25_d1_uniform_Emedium_V1.25_Hshort_PWbase_B0.15,15,0.26666666666666666,0.25,1,3,medium,1.25,uniform,short,base,0.15,100.0,20.0,1.0,peripheral,7330.6644215712095,167.5167686569584,0.0,0.0,7163.147652914251,7163.147652914251,71.6314765291425,0.0,147.51446562785827,209.39596082119797,0.0,15,0,0.0,0,0,0.0,0.0,0.0,0.0,0.0,0.0,0,0.0,0.0,0,0,0,0.0029108524322509766,0.0,0.0,0.0,True,feasible,baseline_truck_only,7330.6644215712095,209.39596082119797,,,,0.0,True,feasible_only,0.0,7330.6644215712095,True,7330.6644215712095,,,
S0005_R10,502036,nils,S0005,n15_p0.25_d1_uniform_Emedium_V1.25_Hshort_PWbase_B0.15,15,0.26666666666666666,0.25,1,3,medium,1.25,uniform,short,base,0.15,100.0,20.0,1.0,peripheral,1038.6776063523976,156.37761033380212,5.707654898409392,0.0,876.5923411201861,876.5923411201861,8.765923411201861,0.0,135.2962126824191,195.47201291725264,19.02551632803131,14,1,0.06666666666666667,1,1,1.0,1.0,0.0,0.0,0.0,0.0,0,0.38051032656062617,0.38051032656062617,0,75,75,0.11555910110473633,25.0,3.0,1.0,True,feasible,nils_complete,7330.6644215712095,209.39596082119797,,85.83105777839201,,6.649578076548913,True,feasible_only,0.0,1038.6776063523976,True,7330.6644215712095,,85.83105777839201,
S0006_R01,602027,truck_only,S0006,n15_p0.25_d1_uniform_Emedium_V2.00_Hlong_PWflat_B0.15,15,0.26666666666666666,0.25,1,3,medium,2.0,uniform,long,flat,0.15,1.0,1.0,1.0,peripheral,290.02906027354334,166.19159343099273,0.0,0.0,123.83746684255064,123.83746684255064,123.83746684255064,0.0,179.4866462827689,207.7394917887409,0.0,15,0,0.0,0,0,0.0,0.0,0.0,0.0,0.0,0.0,0,0.0,0.0,0,0,0,0.005408763885498047,0.0,0.0,0.0,True,feasible,baseline_truck_only,290.02906027354334,207.7394917887409,,,,0.0,True,feasible_only,0.0,290.02906027354334,True,290.02906027354334,,,
S0006_R01,602027,nils,S0006,n15_p0.25_d1_uniform_Emedium_V2.00_Hlong_PWflat_B0.15,15,0.26666666666666666,0.25,1,3,medium,2.0,uniform,long,flat,0.15,1.0,1.0,1.0,peripheral,150.7339340833405,132.37995782841486,18.353976254925627,0.0,0.0,0.0,0.0,0.0,126.57622402083604,165.47494728551857,61.179920849752094,12,3,0.2,1,1,3.0,3.0,0.0,0.0,0.0,0.0,0,0.8042367654304733,0.8042367654304733,0,22,22,0.13339853286743164,25.0,3.0,9.0,True,feasible,nils_complete,290.02906027354334,207.7394917887409,,48.027989353489424,,20.344973475819874,True,feasible_only,0.0,150.7339340833405,True,290.02906027354334,,48.027989353489424,
S0006_R02,602028,truck_only,S0006,n15_p0.25_d1_uniform_Emedium_V2.00_Hlong_PWflat_B0.15,15,0.26666666666666666,0.25,1,3,medium,2.0,uniform,long,flat,0.15,1.0,1.0,1.0,peripheral,296.8712212643969,190.68765942867697,0.0,0.0,106.18356183571997,106.18356183571997,106.18356183571997,0.0,209.1733747783226,238.35957428584618,0.0,15,0,0.0,0,0,0.0,0.0,0.0,0.0,0.0,0.0,0,0.0,0.0,0,0,0,0.0030868053436279297,0.0,0.0,0.0,True,feasible,baseline_truck_only,296.8712212643969,238.35957428584618,,,,0.0,True,feasible_only,0.0,296.8712212643969,True,296.8712212643969,,,
S0006_R02,602028,nils,S0006,n15_p0.25_d1_uniform_Emedium_V2.00_Hlong_PWflat_B0.15,15,0.26666666666666666,0.25,1,3,medium,2.0,uniform,long,flat,0.15,1.0,1.0,1.0,peripheral,153.69416634932261,126.69424615174125,17.746193236046707,0.0,9.253726961534653,9.253726961534653,9.253726961534653,0.0,141.69436885415075,158.36780768967657,59.153977453489034,12,3,0.2,1,1,3.0,3.0,0.0,0.0,0.0,0.0,0,0.8035444030558625,0.8035444030558625,0,22,22,0.13808703422546387,25.0,5.0,9.0,True,feasible,nils_complete,296.8712212643969,238.35957428584618,,48.22867447550909,,33.55928405050836,True,feasible_only,0.0,153.69416634932261,True,296.8712212643969,,48.22867447550909,
S0006_R03,602029,truck_only,S0006,n15_p0.25_d1_uniform_Emedium_V2.00_Hlong_PWflat_B0.15,15,0.26666666666666666,0.25,1,3,medium,2.0,uniform,long,flat,0.15,1.0,1.0,1.0,peripheral,134.1511025312,134.1511025312,0.0,0.0,0.0,0.0,0.0,0.0,155.57794228050963,167.68887816400002,0.0,15,0,0.0,0,0,0.0,0.0,0.0,0.0,0.0,0.0,0,0.0,0.0,0,0,0,0.005010128021240234,0.0,0.0,0.0,True,feasible,baseline_truck_only,134.1511025312,167.68887816400002,,,,0.0,True,feasible_only,0.0,134.1511025312,True,134.1511025312,,,
S0006_R03,602029,nils,S0006,n15_p0.25_d1_uniform_Emedium_V2.00_Hlong_PWflat_B0.15,15,0.26666666666666666,0.25,1,3,medium,2.0,uniform,long,flat,0.15,1.0,1.0,1.0,peripheral,117.80304351518096,112.67369093555646,5.12935257962449,0.0,0.0,0.0,0.0,0.0,130.728153102236,140.84211366944558,17.097841932081632,14,1,0.06666666666666667,1,1,1.0,1.0,0.0,0.0,0.0,0.0,0,0.2137230241510204,0.2137230241510204,0,0,0,0.12582921981811523,25.0,1.0,10.0,True,feasible,nils_complete,134.1511025312,167.68887816400002,,12.18630239152668,,16.00986588287522,True,feasible_only,0.0,117.80304351518096,True,134.1511025312,,12.18630239152668,
S0006_R04,602030,truck_only,S0006,n15_p0.25_d1_uniform_Emedium_V2.00_Hlong_PWflat_B0.15,15,0.26666666666666666,0.25,1,3,medium,2.0,uniform,long,flat,0.15,1.0,1.0,1.0,peripheral,520.6575896200795,157.40169307268422,0.0,0.0,363.25589654739537,363.25589654739537,94.98921760208361,0.0,303.2418863795249,196.75211634085522,0.0,15,0,0.0,0,0,0.0,0.0,0.0,0.0,0.0,0.0,0,0.0,0.0,0,0,0,0.005657672882080078,0.0,0.0,0.0,True,feasible,baseline_truck_only,520.6575896200795,196.75211634085522,,,,0.0,True,feasible_only,0.0,520.6575896200795,True,520.6575896200795,,,
S0006_R04,602030,nils,S0006,n15_p0.25_d1_uniform_Emedium_V2.00_Hlong_PWflat_B0.15,15,0.26666666666666666,0.25,1,3,medium,2.0,uniform,long,flat,0.15,1.0,1.0,1.0,peripheral,140.53113327659358,123.39748578768527,16.02010289525908,0.0,1.1135445936492374,1.1135445936492374,1.1135445936492374,0.0,141.96967716349604,154.24685723460658,53.40034298419694,12,3,0.2,1,1,3.0,3.0,0.0,0.0,0.0,0.0,0,0.7020226170783948,0.7020226170783948,0,23,23,0.1501936912536621,25.0,4.0,8.0,True,feasible,nils_complete,520.6575896200795,196.75211634085522,,73.00891486492337,,21.60345713009365,True,feasible_only,0.0,140.53113327659358,True,520.6575896200795,,73.00891486492337,
S0006_R05,602031,truck_only,S0006,n15_p0.25_d1_uniform_Emedium_V2.00_Hlong_PWflat_B0.15,15,0.26666666666666666,0.25,1,3,medium,2.0,uniform,long,flat,0.15,1.0,1.0,1.0,peripheral,1022.1923498562712,183.05641302010216,0.0,0.0,839.1359368361691,839.1359368361691,423.47343633143214,0.0,360.0747805116394,228.8205162751277,0.0,15,0,0.0,0,0,0.0,0.0,0.0,0.0,0.0,0.0,0,0.0,0.0,0,0,0,0.005082607269287109,0.0,0.0,0.0,True,feasible,baseline_truck_only,1022.1923498562712,228.8205162751277,,,,0.0,True,feasible_only,0.0,1022.1923498562712,True,1022.1923498562712,,,
S0006_R05,602031,nils,S0006,n15_p0.25_d1_uniform_Emedium_V2.00_Hlong_PWflat_B0.15,15,0.26666666666666666,0.25,1,3,medium,2.0,uniform,long,flat,0.15,1.0,1.0,1.0,peripheral,223.86313819125223,98.5691665624028,18.30235645779558,0.0,106.99161517105387,106.99161517105387,106.99161517105387,0.0,156.14979081967087,123.2114582030035,61.007854859318606,11,4,0.26666666666666666,1,1,4.0,4.0,0.0,0.0,0.0,0.0,0,0.8338916839035637,0.8338916839035637,0,0,0,0.17411041259765625,25.0,5.0,11.0,True,feasible,nils_complete,1022.1923498562712,228.8205162751277,,78.09970518535681,,46.153666546728125,True,feasible_only,0.0,223.86313819125223,True,1022.1923498562712,,78.09970518535681,
S0006_R06,602032,truck_only,S0006,n15_p0.25_d1_uniform_Emedium_V2.00_Hlong_PWflat_B0.15,15,0.26666666666666666,0.25,1,3,medium,2.0,uniform,long,flat,0.15,1.0,1.0,1.0,peripheral,143.43178822422243,141.76119083588813,0.0,0.0,1.6705973883342935,1.6705973883342935,1.6705973883342935,0.0,186.69876032570852,177.20148854486018,0.0,15,0,0.0,0,0,0.0,0.0,0.0,0.0,0.0,0.0,0,0.0,0.0,0,0,0,0.0052793025970458984,0.0,0.0,0.0,True,feasible,baseline_truck_only,143.43178822422243,177.20148854486018,,,,0.0,True,feasible_only,0.0,143.43178822422243,True,143.43178822422243,,,
S0006_R06,602032,nils,S0006,n15_p0.25_d1_uniform_Emedium_V2.00_Hlong_PWflat_B0.15,15,0.26666666666666666,0.25,1,3,medium,2.0,uniform,long,flat,0.15,1.0,1.0,1.0,peripheral,131.52774261089803,122.79429766156753,8.733444949330519,0.0,0.0,0.0,0.0,0.0,145.18832380039382,153.49287207695937,29.111483164435064,14,1,0.06666666666666667,1,1,1.0,1.0,0.0,0.0,0.0,0.0,0,0.3638935395554383,0.3638935395554383,0,0,0,0.10803604125976562,25.0,1.0,10.0,True,feasible,nils_complete,143.43178822422243,177.20148854486018,,8.299447256918514,,13.379468007064036,True,feasible_only,0.0,131.52774261089803,True,143.43178822422243,,8.299447256918514,
S0006_R07,602033,truck_only,S0006,n15_p0.25_d1_uniform_Emedium_V2.00_Hlong_PWflat_B0.15,15,0.26666666666666666,0.25,1,3,medium,2.0,uniform,long,flat,0.15,1.0,1.0,1.0,peripheral,149.3467373105706,136.1816066601183,0.0,0.0,13.165130650452312,13.165130650452312,0.0,0.0,179.9020543587631,170.22700832514784,0.0,15,0,0.0,0,0,0.0,0.0,0.0,0.0,0.0,0.0,0,0.0,0.0,0,0,0,0.003104686737060547,0.0,0.0,0.0,True,feasible,baseline_truck_only,149.3467373105706,170.22700832514784,,,,0.0,True,feasible_only,0.0,149.3467373105706,True,149.3467373105706,,,
S0006_R07,602033,nils,S0006,n15_p0.25_d1_uniform_Emedium_V2.00_Hlong_PWflat_B0.15,15,0.26666666666666666,0.25,1,3,medium,2.0,uniform,long,flat,0.15,1.0,1.0,1.0,peripheral,124.65368663962718,109.47340346694399,15.180283172683191,0.0,0.0,0.0,0.0,0.0,135.69794183916247,136.84175433368,50.600943908943975,11,4,0.26666666666666666,1,1,4.0,4.0,0.0,0.0,0.0,0.0,0,0.6544476050029359,0.6544476050029359,0,0,0,0.12028861045837402,25.0,2.0,10.0,True,feasible,nils_complete,149.3467373105706,170.22700832514784,,16.53404092758555,,19.612195690885436,True,feasible_only,0.0,124.65368663962718,True,149.3467373105706,,16.53404092758555,
S0006_R08,602034,truck_only,S0006,n15_p0.25_d1_uniform_Emedium_V2.00_Hlong_PWflat_B0.15,15,0.26666666666666666,0.25,1,3,medium,2.0,uniform,long,flat,0.15,1.0,1.0,1.0,peripheral,332.269638208311,172.74141832814692,0.0,0.0,159.52821988016404,159.52821988016404,0.0,0.0,263.13233733279526,215.92677291018364,0.0,15,0,0.0,0,0,0.0,0.0,0.0,0.0,0.0,0.0,0,0.0,0.0,0,0,0,0.003256559371948242,0.0,0.0,0.0,True,feasible,baseline_truck_only,332.269638208311,215.92677291018364,,,,0.0,True,feasible_only,0.0,332.269638208311,True,332.269638208311,,,
S0006_R08,602034,nils,S0006,n15_p0.25_d1_uniform_Emedium_V2.00_Hlong_PWflat_B0.15,15,0.26666666666666666,0.25,1,3,medium,2.0,uniform,long,flat,0.15,1.0,1.0,1.0,peripheral,123.89272892486602,106.77029215470758,17.122436770158444,0.0,0.0,0.0,0.0,0.0,117.66374917585576,133.46286519338446,57.07478923386148,12,3,0.2,1,1,3.0,3.0,0.0,0.0,0.0,0.0,0,0.800617296807492,0.800617296807492,0,23,23,0.15476536750793457,25.0,4.0,8.0,True,feasible,nils_complete,332.269638208311,215.92677291018364,,62.7131959474451,,38.19068224166008,True,feasible_only,0.0,123.89272892486602,True,332.269638208311,,62.7131959474451,
S0006_R09,602035,truck_only,S0006,n15_p0.25_d1_uniform_Emedium_V2.00_Hlong_PWflat_B0.15,15,0.26666666666666666,0.25,1,3,medium,2.0,uniform,long,flat,0.15,1.0,1.0,1.0,peripheral,295.96546013320994,161.77303482039432,0.0,0.0,134.1924253128156,134.1924253128156,134.1924253128156,0.0,229.38201008507124,202.2162935254929,0.0,15,0,0.0,0,0,0.0,0.0,0.0,0.0,0.0,0.0,0,0.0,0.0,0,0,0,0.004666805267333984,0.0,0.0,0.0,True,feasible,baseline_truck_only,295.96546013320994,202.2162935254929,,,,0.0,True,feasible_only,0.0,295.96546013320994,True,295.96546013320994,,,
S0006_R09,602035,nils,S0006,n15_p0.25_d1_uniform_Emedium_V2.00_Hlong_PWflat_B0.15,15,0.26666666666666666,0.25,1,3,medium,2.0,uniform,long,flat,0.15,1.0,1.0,1.0,peripheral,117.74063442750925,99.66670654775936,18.073927879749892,0.0,0.0,0.0,0.0,0.0,128.1962985429812,124.58338318469922,60.24642626583298,11,4,0.26666666666666666,1,1,4.0,4.0,0.0,0.0,0.0,0.0,0,0.8100319180916526,0.8100319180916526,0,0,0,0.1598072052001953,25.0,6.0,11.0,True,feasible,nils_complete,295.96546013320994,202.2162935254929,,60.218116541532986,,38.39102625575851,True,feasible_only,0.0,117.74063442750925,True,295.96546013320994,,60.218116541532986,
S0006_R10,602036,truck_only,S0006,n15_p0.25_d1_uniform_Emedium_V2.00_Hlong_PWflat_B0.15,15,0.26666666666666666,0.25,1,3,medium,2.0,uniform,long,flat,0.15,1.0,1.0,1.0,peripheral,163.3786677044679,163.3786677044679,0.0,0.0,0.0,0.0,0.0,0.0,172.20679997168511,204.22333463058484,0.0,15,0,0.0,0,0,0.0,0.0,0.0,0.0,0.0,0.0,0,0.0,0.0,0,0,0,0.005359172821044922,0.0,0.0,0.0,True,feasible,baseline_truck_only,163.3786677044679,204.22333463058484,,,,0.0,True,feasible_only,0.0,163.3786677044679,True,163.3786677044679,,,
S0006_R10,602036,nils,S0006,n15_p0.25_d1_uniform_Emedium_V2.00_Hlong_PWflat_B0.15,15,0.26666666666666666,0.25,1,3,medium,2.0,uniform,long,flat,0.15,1.0,1.0,1.0,peripheral,131.8894440925127,123.8723354764752,8.0171086160375,0.0,0.0,0.0,0.0,0.0,143.5111762213852,154.840419345594,26.72369538679167,13,2,0.13333333333333333,1,1,2.0,2.0,0.0,0.0,0.0,0.0,0,0.3410170805658406,0.3410170805658406,0,0,0,0.12809514999389648,25.0,2.0,10.0,True,feasible,nils_complete,163.3786677044679,204.22333463058484,,19.2737669209761,,24.180838773550793,True,feasible_only,0.0,131.8894440925127,True,163.3786677044679,,19.2737669209761,
S0007_R01,702027,truck_only,S0007,n15_p0.25_d1_uniform_Emedium_V2.00_Hlong_PWstrict_B0.15,15,0.26666666666666666,0.25,1,3,medium,2.0,uniform,long,strict,0.15,200.0,40.0,1.0,peripheral,38818.76140738583,157.53074046952332,0.0,0.0,38661.2306669163,38661.2306669163,151.05593699522893,0.0,275.8622540508732,196.91342558690414,0.0,15,0,0.0,0,0,0.0,0.0,0.0,0.0,0.0,0.0,0,0.0,0.0,0,0,0,0.00428009033203125,0.0,0.0,0.0,True,feasible,baseline_truck_only,38818.76140738583,196.91342558690414,,,,0.0,True,feasible_only,0.0,38818.76140738583,True,38818.76140738583,,,
S0007_R01,702027,nils,S0007,n15_p0.25_d1_uniform_Emedium_V2.00_Hlong_PWstrict_B0.15,15,0.26666666666666666,0.25,1,3,medium,2.0,uniform,long,strict,0.15,200.0,40.0,1.0,peripheral,277.33476312389087,157.95230321448867,16.031355169586657,0.0,103.35110473981558,103.35110473981558,0.0,0.0,163.21266113506604,197.44037901811083,53.437850565288855,12,3,0.2,1,1,3.0,3.0,0.0,0.0,0.0,0.0,0,0.704946421412075,0.704946421412075,0,22,22,0.12905669212341309,25.0,8.0,9.0,True,feasible,nils_complete,38818.76140738583,196.91342558690414,,99.28556514152169,,-0.26760665487185437,True,feasible_only,0.0,277.33476312389087,True,38818.76140738583,,99.28556514152169,
S0007_R02,702028,truck_only,S0007,n15_p0.25_d1_uniform_Emedium_V2.00_Hlong_PWstrict_B0.15,15,0.26666666666666666,0.25,1,3,medium,2.0,uniform,long,strict,0.15,200.0,40.0,1.0,peripheral,20002.870338979716,153.59471745465225,0.0,0.0,19849.275621525063,19849.275621525063,97.72195610511298,0.0,191.6918566583516,191.99339681831532,0.0,15,0,0.0,0,0,0.0,0.0,0.0,0.0,0.0,0.0,0,0.0,0.0,0,0,0,0.003606081008911133,0.0,0.0,0.0,True,feasible,baseline_truck_only,20002.870338979716,191.99339681831532,,,,0.0,True,feasible_only,0.0,20002.870338979716,True,20002.870338979716,,,
S0007_R02,702028,nils,S0007,n15_p0.25_d1_uniform_Emedium_V2.00_Hlong_PWstrict_B0.15,15,0.26666666666666666,0.25,1,3,medium,2.0,uniform,long,strict,0.15,200.0,40.0,1.0,peripheral,173.11822971416262,155.0310508605107,18.087178853651913,0.0,0.0,0.0,0.0,0.0,117.49367773932951,193.78881357563841,60.290596178839714,11,4,0.26666666666666666,1,1,4.0,4.0,0.0,0.0,0.0,0.0,0,0.839571376030876,0.839571376030876,0,0,0,0.13011980056762695,25.0,7.0,11.0,True,feasible,nils_complete,20002.870338979716,191.99339681831532,,99.13453306060377,,-0.9351450555469423,True,feasible_only,0.0,173.11822971416262,True,20002.870338979716,,99.13453306060377,
S0007_R03,702029,truck_only,S0007,n15_p0.25_d1_uniform_Emedium_V2.00_Hlong_PWstrict_B0.15,15,0.26666666666666666,0.25,1,3,medium,2.0,uniform,long,strict,0.15,200.0,40.0,1.0,peripheral,150.77498708240088,150.77498708240088,0.0,0.0,0.0,0.0,0.0,0.0,161.13501678960418,188.46873385300108,0.0,15,0,0.0,0,0,0.0,0.0,0.0,0.0,0.0,0.0,0,0.0,0.0,0,0,0,0.005475282669067383,0.0,0.0,0.0,True,feasible,baseline_truck_only,150.77498708240088,188.46873385300108,,,,0.0,True,feasible_only,0.0,150.77498708240088,True,150.77498708240088,,,
S0007_R03,702029,nils,S0007,n15_p0.25_d1_uniform_Emedium_V2.00_Hlong_PWstrict_B0.15,15,0.26666666666666666,0.25,1,3,medium,2.0,uniform,long,strict,0.15,200.0,40.0,1.0,peripheral,133.11213855755642,118.13168645361968,14.980452103936743,0.0,0.0,0.0,0.0,0.0,108.15267316942287,147.66460806702457,49.934840346455815,14,1,0.06666666666666667,1,1,1.0,1.0,0.0,0.0,0.0,0.0,0,0.6241855043306976,0.6241855043306976,0,22,22,0.12040042877197266,24.0,1.0,8.0,True,feasible,nils_complete,150.77498708240088,188.46873385300108,,11.714707370653887,,21.650342182381443,True,feasible_only,0.0,133.11213855755642,True,150.77498708240088,,11.714707370653887,
S0007_R04,702030,truck_only,S0007,n15_p0.25_d1_uniform_Emedium_V2.00_Hlong_PWstrict_B0.15,15,0.26666666666666666,0.25,1,3,medium,2.0,uniform,long,strict,0.15,200.0,40.0,1.0,peripheral,28414.094286932825,162.76572881750474,0.0,0.0,28251.32855811532,28251.32855811532,100.30271189785873,0.0,308.4155369920424,203.45716102188084,0.0,15,0,0.0,0,0,0.0,0.0,0.0,0.0,0.0,0.0,0,0.0,0.0,0,0,0,0.0029931068420410156,0.0,0.0,0.0,True,feasible,baseline_truck_only,28414.094286932825,203.45716102188084,,,,0.0,True,feasible_only,0.0,28414.094286932825,True,28414.094286932825,,,
S0007_R04,702030,nils,S0007,n15_p0.25_d1_uniform_Emedium_V2.00_Hlong_PWstrict_B0.15,15,0.26666666666666666,0.25,1,3,medium,2.0,uniform,long,strict,0.15,200.0,40.0,1.0,peripheral,163.33235302217417,151.30718872488058,12.02516429729361,0.0,0.0,0.0,0.0,0.0,132.9684657057756,189.13398590610072,40.0838809909787,11,4,0.26666666666666666,1,1,4.0,4.0,0.0,0.0,0.0,0.0,0,0.5178145313740488,0.5178145313740488,0,0,0,0.1318345069885254,25.0,9.0,11.0,True,feasible,nils_complete,28414.094286932825,203.45716102188084,,99.42517135555052,,7.039897265763838,True,feasible_only,0.0,163.33235302217417,True,28414.094286932825,,99.42517135555052,
S0007_R05,702031,truck_only,S0007,n15_p0.25_d1_uniform_Emedium_V2.00_Hlong_PWstrict_B0.15,15,0.26666666666666666,0.25,1,3,medium,2.0,uniform,long,strict,0.15,200.0,40.0,1.0,peripheral,1661.6390207306224,168.49178563096805,0.0,0.0,1493.1472350996544,1493.1472350996544,7.465736175498272,0.0,150.62732212266272,210.6147320387101,0.0,15,0,0.0,0,0,0.0,0.0,0.0,0.0,0.0,0.0,0,0.0,0.0,0,0,0,0.002857208251953125,0.0,0.0,0.0,True,feasible,baseline_truck_only,1661.6390207306224,210.6147320387101,,,,0.0,True,feasible_only,0.0,1661.6390207306224,True,1661.6390207306224,,,
S0007_R05,702031,nils,S0007,n15_p0.25_d1_uniform_Emedium_V2.00_Hlong_PWstrict_B0.15,15,0.26666666666666666,0.25,1,3,medium,2.0,uniform,long,strict,0.15,200.0,40.0,1.0,peripheral,159.19948876355738,141.73072049237885,17.468768271178536,0.0,0.0,0.0,0.0,0.0,124.39159201538682,177.1634006154736,58.22922757059513,11,4,0.26666666666666666,1,1,4.0,4.0,0.0,0.0,0.0,0.0,0,0.7720680028016178,0.7720680028016178,0,0,0,0.13128328323364258,25.0,5.0,10.0,True,feasible,nils_complete,1661.6390207306224,210.6147320387101,,90.41912913831565,,15.882712049358583,True,feasible_only,0.0,159.19948876355738,True,1661.6390207306224,,90.41912913831565,
S0007_R06,702032,truck_only,S0007,n15_p0.25_d1_uniform_Emedium_V2.00_Hlong_PWstrict_B0.15,15,0.26666666666666666,0.25,1,3,medium,2.0,uniform,long,strict,0.15,200.0,40.0,1.0,peripheral,9662.594799659468,124.97424110581422,0.0,0.0,9537.620558553654,9537.620558553654,47.68810279276827,0.0,163.14859250436925,156.21780138226777,0.0,15,0,0.0,0,0,0.0,0.0,0.0,0.0,0.0,0.0,0,0.0,0.0,0,0,0,0.002975940704345703,0.0,0.0,0.0,True,feasible,baseline_truck_only,9662.594799659468,156.21780138226777,,,,0.0,True,feasible_only,0.0,9662.594799659468,True,9662.594799659468,,,
S0007_R06,702032,nils,S0007,n15_p0.25_d1_uniform_Emedium_V2.00_Hlong_PWstrict_B0.15,15,0.26666666666666666,0.25,1,3,medium,2.0,uniform,long,strict,0.15,200.0,40.0,1.0,peripheral,971.1415675461238,153.42346218230995,19.025422540865325,0.0,798.6926828229485,798.6926828229485,3.9934634141147427,0.0,136.22737815457012,191.77932772788742,63.41807513621775,12,3,0.2,1,1,3.0,3.0,0.0,0.0,0.0,0.0,0,0.8307909020859595,0.8307909020859595,0,22,22,0.1409931182861328,25.0,7.0,9.0,True,feasible,nils_complete,9662.594799659468,156.21780138226777,,89.94947436292838,,-22.76406787892243,True,feasible_only,0.0,971.1415675461238,True,9662.594799659468,,89.94947436292838,
S0007_R07,702033,truck_only,S0007,n15_p0.25_d1_uniform_Emedium_V2.00_Hlong_PWstrict_B0.15,15,0.26666666666666666,0.25,1,3,medium,2.0,uniform,long,strict,0.15,200.0,40.0,1.0,peripheral,2366.85760721358,142.83106799172802,0.0,0.0,2224.026539221852,2224.026539221852,0.0,0.0,222.31109562029616,178.53883498966005,0.0,15,0,0.0,0,0,0.0,0.0,0.0,0.0,0.0,0.0,0,0.0,0.0,0,0,0,0.0029256343841552734,0.0,0.0,0.0,True,feasible,baseline_truck_only,2366.85760721358,178.53883498966005,,,,0.0,True,feasible_only,0.0,2366.85760721358,True,2366.85760721358,,,
S0007_R07,702033,nils,S0007,n15_p0.25_d1_uniform_Emedium_V2.00_Hlong_PWstrict_B0.15,15,0.26666666666666666,0.25,1,3,medium,2.0,uniform,long,strict,0.15,200.0,40.0,1.0,peripheral,105.26531090278611,90.42590187452892,14.839409028257192,0.0,0.0,0.0,0.0,0.0,115.15055600617924,113.03237734316114,49.46469676085731,12,3,0.2,1,1,3.0,3.0,0.0,0.0,0.0,0.0,0,0.6370521271152076,0.6370521271152076,0,0,0,0.1479508876800537,25.0,3.0,11.0,True,feasible,nils_complete,2366.85760721358,178.53883498966005,,95.55252877984869,,36.69031314688071,True,feasible_only,0.0,105.26531090278611,True,2366.85760721358,,95.55252877984869,
S0007_R08,702034,truck_only,S0007,n15_p0.25_d1_uniform_Emedium_V2.00_Hlong_PWstrict_B0.15,15,0.26666666666666666,0.25,1,3,medium,2.0,uniform,long,strict,0.15,200.0,40.0,1.0,peripheral,25627.628496559424,126.23950324803624,0.0,0.0,25501.38899331139,25501.38899331139,127.50694496655696,0.0,145.07072477189104,157.7993790600453,0.0,15,0,0.0,0,0,0.0,0.0,0.0,0.0,0.0,0.0,0,0.0,0.0,0,0,0,0.0058689117431640625,0.0,0.0,0.0,True,feasible,baseline_truck_only,25627.628496559424,157.7993790600453,,,,0.0,True,feasible_only,0.0,25627.628496559424,True,25627.628496559424,,,
S0007_R08,702034,nils,S0007,n15_p0.25_d1_uniform_Emedium_V2.00_Hlong_PWstrict_B0.15,15,0.26666666666666666,0.25,1,3,medium,2.0,uniform,long,strict,0.15,200.0,40.0,1.0,peripheral,1137.6457696220846,116.6718953889672,16.85301496591826,0.0,1004.1208592671992,1004.1208592671992,5.020604296335996,0.0,107.71400948500917,145.839869236209,56.176716553060864,12,3,0.2,1,1,3.0,3.0,0.0,0.0,0.0,0.0,0,0.7674765431753436,0.7674765431753436,0,23,23,0.12814784049987793,25.0,6.0,8.0,True,feasible,nils_complete,25627.628496559424,157.7993790600453,,95.56086209937521,,7.578933386857945,True,feasible_only,0.0,1137.6457696220846,True,25627.628496559424,,95.56086209937521,
S0007_R09,702035,truck_only,S0007,n15_p0.25_d1_uniform_Emedium_V2.00_Hlong_PWstrict_B0.15,15,0.26666666666666666,0.25,1,3,medium,2.0,uniform,long,strict,0.15,200.0,40.0,1.0,peripheral,31001.727209231656,156.48854761092593,0.0,0.0,30845.23866162073,30845.23866162073,139.80467001946437,0.0,223.32986306364523,195.61068451365736,0.0,15,0,0.0,0,0,0.0,0.0,0.0,0.0,0.0,0.0,0,0.0,0.0,0,0,0,0.00545048713684082,0.0,0.0,0.0,True,feasible,baseline_truck_only,31001.727209231656,195.61068451365736,,,,0.0,True,feasible_only,0.0,31001.727209231656,True,31001.727209231656,,,
S0007_R09,702035,nils,S0007,n15_p0.25_d1_uniform_Emedium_V2.00_Hlong_PWstrict_B0.15,15,0.26666666666666666,0.25,1,3,medium,2.0,uniform,long,strict,0.15,200.0,40.0,1.0,peripheral,139.42091098453105,124.35070248130323,15.070208503227809,0.0,0.0,0.0,0.0,0.0,142.4510120634949,155.43837810162904,50.23402834409269,11,4,0.26666666666666666,1,1,4.0,4.0,0.0,0.0,0.0,0.0,0,0.7117868391935697,0.7117868391935697,0,0,0,0.14402508735656738,25.0,5.0,11.0,True,feasible,nils_complete,31001.727209231656,195.61068451365736,,99.55028018263765,,20.536867151151718,True,feasible_only,0.0,139.42091098453105,True,31001.727209231656,,99.55028018263765,
S0007_R10,702036,truck_only,S0007,n15_p0.25_d1_uniform_Emedium_V2.00_Hlong_PWstrict_B0.15,15,0.26666666666666666,0.25,1,3,medium,2.0,uniform,long,strict,0.15,200.0,40.0,1.0,peripheral,4754.650045097412,119.95210663691414,0.0,0.0,4634.697938460497,4634.697938460497,23.17348969230249,0.0,131.76653043373767,149.94013329614265,0.0,15,0,0.0,0,0,0.0,0.0,0.0,0.0,0.0,0.0,0,0.0,0.0,0,0,0,0.005769491195678711,0.0,0.0,0.0,True,feasible,baseline_truck_only,4754.650045097412,149.94013329614265,,,,0.0,True,feasible_only,0.0,4754.650045097412,True,4754.650045097412,,,
S0007_R10,702036,nils,S0007,n15_p0.25_d1_uniform_Emedium_V2.00_Hlong_PWstrict_B0.15,15,0.26666666666666666,0.25,1,3,medium,2.0,uniform,long,strict,0.15,200.0,40.0,1.0,peripheral,98.74760343977916,85.55602426202319,13.19157917775597,0.0,0.0,0.0,0.0,0.0,82.81345328587523,106.94503032752897,43.971930592519904,13,2,0.13333333333333333,1,1,2.0,2.0,0.0,0.0,0.0,0.0,0,0.6139629003909008,0.6139629003909008,0,46,46,0.1298506259918213,25.0,2.0,7.0,True,feasible,nils_complete,4754.650045097412,149.94013329614265,,97.9231362455035,,28.674846436007385,True,feasible_only,0.0,98.74760343977916,True,4754.650045097412,,97.9231362455035,
S0008_R01,802027,truck_only,S0008,n15_p0.25_d1_uniform_Ehigh_V1.25_Hshort_PWflat_B0.15,15,0.26666666666666666,0.25,1,3,high,1.25,uniform,short,flat,0.15,1.0,1.0,1.0,peripheral,237.16468930110096,125.50652552574532,0.0,0.0,111.65816377535565,111.65816377535565,111.65816377535565,0.0,148.74717874311185,156.88315690718164,0.0,15,0,0.0,0,0,0.0,0.0,0.0,0.0,0.0,0.0,0,0.0,0.0,0,0,0,0.0033600330352783203,0.0,0.0,0.0,True,feasible,baseline_truck_only,237.16468930110096,156.88315690718164,,,,0.0,True,feasible_only,0.0,237.16468930110096,True,237.16468930110096,,,
S0008_R01,802027,nils,S0008,n15_p0.25_d1_uniform_Ehigh_V1.25_Hshort_PWflat_B0.15,15,0.26666666666666666,0.25,1,3,high,1.25,uniform,short,flat,0.15,1.0,1.0,1.0,peripheral,111.2819180257678,106.02822443184549,5.2536935939223,0.0,0.0,0.0,0.0,0.0,120.5878769892106,132.53528053980682,17.512311979741,14,1,0.06666666666666667,1,1,1.0,1.0,0.0,0.0,0.0,0.0,0,0.2694201843037077,0.2694201843037077,0,0,0,0.15080475807189941,25.0,1.0,11.0,True,feasible,nils_complete,237.16468930110096,156.88315690718164,,53.07820976482471,,15.519751672118634,True,feasible_only,0.0,111.2819180257678,True,237.16468930110096,,53.07820976482471,
S0008_R02,802028,truck_only,S0008,n15_p0.25_d1_uniform_Ehigh_V1.25_Hshort_PWflat_B0.15,15,0.26666666666666666,0.25,1,3,high,1.25,uniform,short,flat,0.15,1.0,1.0,1.0,peripheral,432.692115240022,172.75323206448462,0.0,0.0,259.9388831755374,259.9388831755374,259.9388831755374,0.0,259.6179977287011,215.94154008060573,0.0,15,0,0.0,0,0,0.0,0.0,0.0,0.0,0.0,0.0,0,0.0,0.0,0,0,0,0.0035619735717773438,0.0,0.0,0.0,True,feasible,baseline_truck_only,432.692115240022,215.94154008060573,,,,0.0,True,feasible_only,0.0,432.692115240022,True,432.692115240022,,,
S0008_R02,802028,nils,S0008,n15_p0.25_d1_uniform_Ehigh_V1.25_Hshort_PWflat_B0.15,15,0.26666666666666666,0.25,1,3,high,1.25,uniform,short,flat,0.15,1.0,1.0,1.0,peripheral,156.96087051298204,118.39250187107336,15.201130329594076,0.0,23.367238312314605,23.367238312314605,23.367238312314605,0.0,157.8757898664987,147.99062733884168,50.670434431980254,12,3,0.2,1,1,3.0,3.0,0.0,0.0,0.0,0.0,0,0.8008894042951833,0.8008894042951833,0,21,21,0.12727832794189453,23.0,3.0,8.0,True,feasible,nils_complete,432.692115240022,215.94154008060573,,63.724582680247586,,31.4672724462369,True,feasible_only,0.0,156.96087051298204,True,432.692115240022,,63.724582680247586,
S0008_R03,802029,truck_only,S0008,n15_p0.25_d1_uniform_Ehigh_V1.25_Hshort_PWflat_B0.15,15,0.26666666666666666,0.25,1,3,high,1.25,uniform,short,flat,0.15,1.0,1.0,1.0,peripheral,165.794234505251,165.794234505251,0.0,0.0,0.0,0.0,0.0,0.0,284.86701803254016,207.2427931315637,0.0,15,0,0.0,0,0,0.0,0.0,0.0,0.0,0.0,0.0,0,0.0,0.0,0,0,0,0.005392789840698242,0.0,0.0,0.0,True,feasible,baseline_truck_only,165.794234505251,207.2427931315637,,,,0.0,True,feasible_only,0.0,165.794234505251,True,165.794234505251,,,
S0008_R03,802029,nils,S0008,n15_p0.25_d1_uniform_Ehigh_V1.25_Hshort_PWflat_B0.15,15,0.26666666666666666,0.25,1,3,high,1.25,uniform,short,flat,0.15,1.0,1.0,1.0,peripheral,123.1138138757087,109.75177412653642,13.362039749172279,0.0,0.0,0.0,0.0,0.0,177.66566017538733,137.18971765817054,44.54013249724093,13,2,0.13333333333333333,1,1,2.0,2.0,0.0,0.0,0.0,0.0,0,0.7441148678750953,0.7441148678750953,0,49,49,0.14277935028076172,25.0,2.0,4.0,True,feasible,nils_complete,165.794234505251,207.2427931315637,,25.743006538740975,,33.80241812747691,True,feasible_only,0.0,123.1138138757087,True,165.794234505251,,25.743006538740975,
S0008_R04,802030,truck_only,S0008,n15_p0.25_d1_uniform_Ehigh_V1.25_Hshort_PWflat_B0.15,15,0.26666666666666666,0.25,1,3,high,1.25,uniform,short,flat,0.15,1.0,1.0,1.0,peripheral,253.48170499999978,131.27710059413533,0.0,0.0,122.20460440586444,122.20460440586444,73.85894161384778,0.0,219.11814666140282,164.09637574266918,0.0,15,0,0.0,0,0,0.0,0.0,0.0,0.0,0.0,0.0,0,0.0,0.0,0,0,0,0.0051081180572509766,0.0,0.0,0.0,True,feasible,baseline_truck_only,253.48170499999978,164.09637574266918,,,,0.0,True,feasible_only,0.0,253.48170499999978,True,253.48170499999978,,,
S0008_R04,802030,nils,S0008,n15_p0.25_d1_uniform_Ehigh_V1.25_Hshort_PWflat_B0.15,15,0.26666666666666666,0.25,1,3,high,1.25,uniform,short,flat,0.15,1.0,1.0,1.0,peripheral,118.20683449184484,104.01010432539708,14.196730166447761,0.0,0.0,0.0,0.0,0.0,159.5433817611294,130.01263040674635,47.3224338881592,12,3,0.2,1,1,3.0,3.0,0.0,0.0,0.0,0.0,0,0.7652971317928255,0.7652971317928255,0,16,16,0.09937477111816406,18.0,3.0,8.0,True,feasible,nils_complete,253.48170499999978,164.09637574266918,,53.3667195067017,,20.770565578713263,True,feasible_only,0.0,118.20683449184484,True,253.48170499999978,,53.3667195067017,
S0008_R05,802031,truck_only,S0008,n15_p0.25_d1_uniform_Ehigh_V1.25_Hshort_PWflat_B0.15,15,0.26666666666666666,0.25,1,3,high,1.25,uniform,short,flat,0.15,1.0,1.0,1.0,peripheral,209.2762658633253,152.32844348403614,0.0,0.0,56.94782237928915,56.94782237928915,56.94782237928915,0.0,181.90729029178698,190.41055435504515,0.0,15,0,0.0,0,0,0.0,0.0,0.0,0.0,0.0,0.0,0,0.0,0.0,0,0,0,0.005605459213256836,0.0,0.0,0.0,True,feasible,baseline_truck_only,209.2762658633253,190.41055435504515,,,,0.0,True,feasible_only,0.0,209.2762658633253,True,209.2762658633253,,,
S0008_R05,802031,nils,S0008,n15_p0.25_d1_uniform_Ehigh_V1.25_Hshort_PWflat_B0.15,15,0.26666666666666666,0.25,1,3,high,1.25,uniform,short,flat,0.15,1.0,1.0,1.0,peripheral,160.08713271805541,134.1715758758497,12.296464477856528,0.0,13.6190923643492,13.6190923643492,13.6190923643492,0.0,138.30934573745193,167.71446984481213,40.98821492618843,11,4,0.26666666666666666,1,1,4.0,4.0,0.0,0.0,0.0,0.0,0,0.6957830821444152,0.6957830821444152,0,0,0,0.14238524436950684,25.0,4.0,11.0,True,feasible,nils_complete,209.2762658633253,190.41055435504515,,23.504401200179316,,11.91955172186161,True,feasible_only,0.0,160.08713271805541,True,209.2762658633253,,23.504401200179316,
S0008_R06,802032,truck_only,S0008,n15_p0.25_d1_uniform_Ehigh_V1.25_Hshort_PWflat_B0.15,15,0.26666666666666666,0.25,1,3,high,1.25,uniform,short,flat,0.15,1.0,1.0,1.0,peripheral,188.09636021845358,183.37363312535894,0.0,0.0,4.722727093094662,4.722727093094662,4.722727093094662,0.0,219.35212157215494,229.21704140669863,0.0,15,0,0.0,0,0,0.0,0.0,0.0,0.0,0.0,0.0,0,0.0,0.0,0,0,0,0.002858877182006836,0.0,0.0,0.0,True,feasible,baseline_truck_only,188.09636021845358,229.21704140669863,,,,0.0,True,feasible_only,0.0,188.09636021845358,True,188.09636021845358,,,
S0008_R06,802032,nils,S0008,n15_p0.25_d1_uniform_Ehigh_V1.25_Hshort_PWflat_B0.15,15,0.26666666666666666,0.25,1,3,high,1.25,uniform,short,flat,0.15,1.0,1.0,1.0,peripheral,168.10453222814309,142.2614361489175,10.961097598606854,0.0,14.88199848061874,14.88199848061874,14.88199848061874,0.0,152.8325634642199,177.82679518614688,36.536991995356175,13,2,0.13333333333333333,1,1,2.0,2.0,0.0,0.0,0.0,0.0,0,0.5786550695018001,0.5786550695018001,0,25,25,0.12097883224487305,25.0,2.0,6.0,True,feasible,nils_complete,188.09636021845358,229.21704140669863,,10.628503373001026,,22.419906436786388,True,feasible_only,0.0,168.10453222814309,True,188.09636021845358,,10.628503373001026,
S0008_R07,802033,truck_only,S0008,n15_p0.25_d1_uniform_Ehigh_V1.25_Hshort_PWflat_B0.15,15,0.26666666666666666,0.25,1,3,high,1.25,uniform,short,flat,0.15,1.0,1.0,1.0,peripheral,215.38955458612475,142.84968865736866,0.0,0.0,72.53986592875609,72.53986592875609,72.53986592875609,0.0,164.86049309020046,178.5621108217108,0.0,15,0,0.0,0,0,0.0,0.0,0.0,0.0,0.0,0.0,0,0.0,0.0,0,0,0,0.0032987594604492188,0.0,0.0,0.0,True,feasible,baseline_truck_only,215.38955458612475,178.5621108217108,,,,0.0,True,feasible_only,0.0,215.38955458612475,True,215.38955458612475,,,
S0008_R07,802033,nils,S0008,n15_p0.25_d1_uniform_Ehigh_V1.25_Hshort_PWflat_B0.15,15,0.26666666666666666,0.25,1,3,high,1.25,uniform,short,flat,0.15,1.0,1.0,1.0,peripheral,156.58582743372688,122.38908430793624,15.09301363991546,0.0,19.103729485875178,19.103729485875178,19.103729485875178,0.0,118.13400857266902,152.98635538492033,50.310045466384864,13,2,0.13333333333333333,1,1,2.0,2.0,0.0,0.0,0.0,0.0,0,0.7915325978569248,0.7915325978569248,0,47,47,0.13311028480529785,25.0,2.0,6.0,True,feasible,nils_complete,215.38955458612475,178.5621108217108,,27.301104394496,,14.32317041901859,True,feasible_only,0.0,156.58582743372688,True,215.38955458612475,,27.301104394496,
S0008_R08,802034,truck_only,S0008,n15_p0.25_d1_uniform_Ehigh_V1.25_Hshort_PWflat_B0.15,15,0.26666666666666666,0.25,1,3,high,1.25,uniform,short,flat,0.15,1.0,1.0,1.0,peripheral,146.24099694607006,146.24099694607006,0.0,0.0,0.0,0.0,0.0,0.0,138.58630746491696,182.80124618258756,0.0,15,0,0.0,0,0,0.0,0.0,0.0,0.0,0.0,0.0,0,0.0,0.0,0,0,0,0.00525355339050293,0.0,0.0,0.0,True,feasible,baseline_truck_only,146.24099694607006,182.80124618258756,,,,0.0,True,feasible_only,0.0,146.24099694607006,True,146.24099694607006,,,
S0008_R08,802034,nils,S0008,n15_p0.25_d1_uniform_Ehigh_V1.25_Hshort_PWflat_B0.15,15,0.26666666666666666,0.25,1,3,high,1.25,uniform,short,flat,0.15,1.0,1.0,1.0,peripheral,135.26452993974243,132.9299103772811,2.0935090012063204,0.0,0.24111056125501307,0.24111056125501307,0.24111056125501307,0.0,125.74389248041437,166.16238797160136,6.978363337354401,14,1,0.06666666666666667,1,1,1.0,1.0,0.0,0.0,0.0,0.0,0,0.10735943595929848,0.10735943595929848,0,0,0,0.17165517807006836,25.0,1.0,10.0,True,feasible,nils_complete,146.24099694607006,182.80124618258756,,7.505738633863024,,9.10215797673873,True,feasible_only,0.0,135.26452993974243,True,146.24099694607006,,7.505738633863024,
S0008_R09,802035,truck_only,S0008,n15_p0.25_d1_uniform_Ehigh_V1.25_Hshort_PWflat_B0.15,15,0.26666666666666666,0.25,1,3,high,1.25,uniform,short,flat,0.15,1.0,1.0,1.0,peripheral,241.69831539175388,152.39008057985694,0.0,0.0,89.30823481189694,89.30823481189694,0.0,0.0,264.10870325452794,190.48760072482116,0.0,15,0,0.0,0,0,0.0,0.0,0.0,0.0,0.0,0.0,0,0.0,0.0,0,0,0,0.0028374195098876953,0.0,0.0,0.0,True,feasible,baseline_truck_only,241.69831539175388,190.48760072482116,,,,0.0,True,feasible_only,0.0,241.69831539175388,True,241.69831539175388,,,
S0008_R09,802035,nils,S0008,n15_p0.25_d1_uniform_Ehigh_V1.25_Hshort_PWflat_B0.15,15,0.26666666666666666,0.25,1,3,high,1.25,uniform,short,flat,0.15,1.0,1.0,1.0,peripheral,116.06004560078739,104.79817830559537,11.261867295192012,0.0,0.0,0.0,0.0,0.0,176.27413259970336,130.99772288199418,37.53955765064004,13,2,0.13333333333333333,1,1,2.0,2.0,0.0,0.0,0.0,0.0,0,0.6288744056020275,0.6288744056020275,0,46,46,0.15665054321289062,25.0,2.0,7.0,True,feasible,nils_complete,241.69831539175388,190.48760072482116,,51.981442066456765,,31.230315052771438,True,feasible_only,0.0,116.06004560078739,True,241.69831539175388,,51.981442066456765,
S0008_R10,802036,truck_only,S0008,n15_p0.25_d1_uniform_Ehigh_V1.25_Hshort_PWflat_B0.15,15,0.26666666666666666,0.25,1,3,high,1.25,uniform,short,flat,0.15,1.0,1.0,1.0,peripheral,205.86982307117543,178.70276596441485,0.0,0.0,27.16705710676058,27.16705710676058,27.16705710676058,0.0,158.66499672992273,223.37845745551857,0.0,15,0,0.0,0,0,0.0,0.0,0.0,0.0,0.0,0.0,0,0.0,0.0,0,0,0,0.0032265186309814453,0.0,0.0,0.0,True,feasible,baseline_truck_only,205.86982307117543,223.37845745551857,,,,0.0,True,feasible_only,0.0,205.86982307117543,True,205.86982307117543,,,
S0008_R10,802036,nils,S0008,n15_p0.25_d1_uniform_Ehigh_V1.25_Hshort_PWflat_B0.15,15,0.26666666666666666,0.25,1,3,high,1.25,uniform,short,flat,0.15,1.0,1.0,1.0,peripheral,203.9761690284268,163.62159961570612,15.117763042557392,0.0,25.23680637016328,25.23680637016328,25.23680637016328,0.0,157.5586358169945,204.52699951963262,50.39254347519131,12,3,0.2,1,1,3.0,3.0,0.0,0.0,0.0,0.0,0,0.8053191138543837,0.8053191138543837,0,22,22,0.1856217384338379,25.0,1.0,9.0,True,feasible,nils_complete,205.86982307117543,223.37845745551857,,0.9198308010853746,,8.439246179162037,True,feasible_only,0.0,203.9761690284268,True,205.86982307117543,,0.9198308010853746,
S0009_R01,902027,truck_only,S0009,n15_p0.25_d1_clustered_Ehigh_V1.25_Hmedium_PWbase_B0.15,15,0.26666666666666666,0.25,1,3,high,1.25,clustered,medium,base,0.15,100.0,20.0,1.0,peripheral,4745.531104288471,83.25447121992511,0.0,0.0,4662.276633068546,4662.276633068546,40.132967888476465,0.0,191.88670913858138,104.06808902490639,0.0,15,0,0.0,0,0,0.0,0.0,0.0,0.0,0.0,0.0,0,0.0,0.0,0,0,0,0.0046269893646240234,0.0,0.0,0.0,True,feasible,baseline_truck_only,4745.531104288471,104.06808902490639,,,,0.0,True,feasible_only,0.0,4745.531104288471,True,4745.531104288471,,,
S0009_R01,902027,nils,S0009,n15_p0.25_d1_clustered_Ehigh_V1.25_Hmedium_PWbase_B0.15,15,0.26666666666666666,0.25,1,3,high,1.25,clustered,medium,base,0.15,100.0,20.0,1.0,peripheral,120.44515323725327,109.79361452651042,10.651538710742841,0.0,0.0,0.0,0.0,0.0,89.21402525958251,137.242018158138,35.50512903580947,11,4,0.26666666666666666,1,1,4.0,4.0,0.0,0.0,0.0,0.0,0,0.5535365186507163,0.5535365186507163,0,0,0,0.2445979118347168,25.0,9.0,11.0,True,feasible,nils_complete,4745.531104288471,104.06808902490639,,97.46192469103389,,-31.877138750277393,True,feasible_only,0.0,120.44515323725327,True,4745.531104288471,,97.46192469103389,
S0009_R02,902028,truck_only,S0009,n15_p0.25_d1_clustered_Ehigh_V1.25_Hmedium_PWbase_B0.15,15,0.26666666666666666,0.25,1,3,high,1.25,clustered,medium,base,0.15,100.0,20.0,1.0,peripheral,415.4484080830098,80.2671723494318,0.0,0.0,335.181235733578,335.181235733578,0.0,0.0,185.68190290462192,100.33396543678974,0.0,15,0,0.0,0,0,0.0,0.0,0.0,0.0,0.0,0.0,0,0.0,0.0,0,0,0,0.003692626953125,0.0,0.0,0.0,True,feasible,baseline_truck_only,415.4484080830098,100.33396543678974,,,,0.0,True,feasible_only,0.0,415.4484080830098,True,415.4484080830098,,,
S0009_R02,902028,nils,S0009,n15_p0.25_d1_clustered_Ehigh_V1.25_Hmedium_PWbase_B0.15,15,0.26666666666666666,0.25,1,3,high,1.25,clustered,medium,base,0.15,100.0,20.0,1.0,peripheral,54.04078724906575,42.369215137603845,11.671572111461906,0.0,0.0,0.0,0.0,0.0,100.97432871487078,52.96151892200481,38.90524037153969,11,4,0.26666666666666666,1,1,4.0,4.0,0.0,0.0,0.0,0.0,0,0.6243543550869164,0.6243543550869164,0,0,0,0.11723566055297852,18.0,4.0,11.0,True,feasible,nils_complete,415.4484080830098,100.33396543678974,,86.99217852382094,,47.214765516897174,True,feasible_only,0.0,54.04078724906575,True,415.4484080830098,,86.99217852382094,
S0009_R03,902029,truck_only,S0009,n15_p0.25_d1_clustered_Ehigh_V1.25_Hmedium_PWbase_B0.15,15,0.26666666666666666,0.25,1,3,high,1.25,clustered,medium,base,0.15,100.0,20.0,1.0,peripheral,577.8325382177998,68.45094247647472,0.0,0.0,509.381595741325,509.381595741325,0.0,0.0,163.36846787931376,85.56367809559342,0.0,15,0,0.0,0,0,0.0,0.0,0.0,0.0,0.0,0.0,0,0.0,0.0,0,0,0,0.006639003753662109,0.0,0.0,0.0,True,feasible,baseline_truck_only,577.8325382177998,85.56367809559342,,,,0.0,True,feasible_only,0.0,577.8325382177998,True,577.8325382177998,,,
S0009_R03,902029,nils,S0009,n15_p0.25_d1_clustered_Ehigh_V1.25_Hmedium_PWbase_B0.15,15,0.26666666666666666,0.25,1,3,high,1.25,clustered,medium,base,0.15,100.0,20.0,1.0,peripheral,55.98441701584884,45.09278467430143,10.891632341547414,0.0,0.0,0.0,0.0,0.0,110.5121833190417,56.36598084287679,36.30544113849138,13,2,0.13333333333333333,1,1,2.0,2.0,0.0,0.0,0.0,0.0,0,0.5731020919930563,0.5731020919930563,0,0,0,0.15440940856933594,25.0,2.0,10.0,True,feasible,nils_complete,577.8325382177998,85.56367809559342,,90.31130763447128,,34.12393892195283,True,feasible_only,0.0,55.98441701584884,True,577.8325382177998,,90.31130763447128,
S0009_R04,902030,truck_only,S0009,n15_p0.25_d1_clustered_Ehigh_V1.25_Hmedium_PWbase_B0.15,15,0.26666666666666666,0.25,1,3,high,1.25,clustered,medium,base,0.15,100.0,20.0,1.0,peripheral,11991.38631708159,72.1691976685865,0.0,0.0,11919.217119413002,11919.217119413002,119.19217119413003,0.0,167.71547512616115,90.21149708573314,0.0,15,0,0.0,0,0,0.0,0.0,0.0,0.0,0.0,0.0,0,0.0,0.0,0,0,0,0.005167722702026367,0.0,0.0,0.0,True,feasible,baseline_truck_only,11991.38631708159,90.21149708573314,,,,0.0,True,feasible_only,0.0,11991.38631708159,True,11991.38631708159,,,
S0009_R04,902030,nils,S0009,n15_p0.25_d1_clustered_Ehigh_V1.25_Hmedium_PWbase_B0.15,15,0.26666666666666666,0.25,1,3,high,1.25,clustered,medium,base,0.15,100.0,20.0,1.0,peripheral,84.79199057013597,75.12059108370359,9.671399486432378,0.0,0.0,0.0,0.0,0.0,112.83791299468359,93.90073885462948,32.23799828810793,11,4,0.26666666666666666,1,1,4.0,4.0,0.0,0.0,0.0,0.0,0,0.5072147563883044,0.5072147563883044,0,0,0,0.14651942253112793,25.0,5.0,11.0,True,feasible,nils_complete,11991.38631708159,90.21149708573314,,99.29289251194126,,-4.089547217457483,True,feasible_only,0.0,84.79199057013597,True,11991.38631708159,,99.29289251194126,
S0009_R05,902031,truck_only,S0009,n15_p0.25_d1_clustered_Ehigh_V1.25_Hmedium_PWbase_B0.15,15,0.26666666666666666,0.25,1,3,high,1.25,clustered,medium,base,0.15,100.0,20.0,1.0,peripheral,2858.0196668404237,65.00054786027638,0.0,0.0,2793.019118980147,2793.019118980147,27.93019118980147,0.0,150.06944359837578,81.25068482534549,0.0,15,0,0.0,0,0,0.0,0.0,0.0,0.0,0.0,0.0,0,0.0,0.0,0,0,0,0.0027425289154052734,0.0,0.0,0.0,True,feasible,baseline_truck_only,2858.0196668404237,81.25068482534549,,,,0.0,True,feasible_only,0.0,2858.0196668404237,True,2858.0196668404237,,,
S0009_R05,902031,nils,S0009,n15_p0.25_d1_clustered_Ehigh_V1.25_Hmedium_PWbase_B0.15,15,0.26666666666666666,0.25,1,3,high,1.25,clustered,medium,base,0.15,100.0,20.0,1.0,peripheral,50.146761488164536,39.049251392070374,11.09751009609416,0.0,0.0,0.0,0.0,0.0,92.60555323531906,48.81156424008797,36.99170032031387,12,3,0.2,1,1,3.0,3.0,0.0,0.0,0.0,0.0,0,0.59227088019109,0.59227088019109,0,0,0,0.1257495880126953,25.0,3.0,10.0,True,feasible,nils_complete,2858.0196668404237,81.25068482534549,,98.2454018049637,,39.92473497914248,True,feasible_only,0.0,50.146761488164536,True,2858.0196668404237,,98.2454018049637,
S0009_R06,902032,truck_only,S0009,n15_p0.25_d1_clustered_Ehigh_V1.25_Hmedium_PWbase_B0.15,15,0.26666666666666666,0.25,1,3,high,1.25,clustered,medium,base,0.15,100.0,20.0,1.0,peripheral,3736.932774226579,60.39168237640123,0.0,0.0,3676.541091850178,3676.541091850178,36.76541091850178,0.0,143.64246095652265,75.48960297050154,0.0,15,0,0.0,0,0,0.0,0.0,0.0,0.0,0.0,0.0,0,0.0,0.0,0,0,0,0.002880096435546875,0.0,0.0,0.0,True,feasible,baseline_truck_only,3736.932774226579,75.48960297050154,,,,0.0,True,feasible_only,0.0,3736.932774226579,True,3736.932774226579,,,
S0009_R06,902032,nils,S0009,n15_p0.25_d1_clustered_Ehigh_V1.25_Hmedium_PWbase_B0.15,15,0.26666666666666666,0.25,1,3,high,1.25,clustered,medium,base,0.15,100.0,20.0,1.0,peripheral,50.37982166507402,42.104145137774914,8.275676527299101,0.0,0.0,0.0,0.0,0.0,103.55061476477576,52.63018142221864,27.58558842433034,14,1,0.06666666666666667,1,1,1.0,1.0,0.0,0.0,0.0,0.0,0,0.4243936680666206,0.4243936680666206,0,0,0,0.17337799072265625,25.0,1.0,10.0,True,feasible,nils_complete,3736.932774226579,75.48960297050154,,98.65184030035165,,30.281549576059483,True,feasible_only,0.0,50.37982166507402,True,3736.932774226579,,98.65184030035165,
S0009_R07,902033,truck_only,S0009,n15_p0.25_d1_clustered_Ehigh_V1.25_Hmedium_PWbase_B0.15,15,0.26666666666666666,0.25,1,3,high,1.25,clustered,medium,base,0.15,100.0,20.0,1.0,peripheral,8701.30517107354,69.01288696922884,0.0,0.0,8632.292284104311,8632.292284104311,86.32292284104312,0.0,162.65223582631506,86.26610871153605,0.0,15,0,0.0,0,0,0.0,0.0,0.0,0.0,0.0,0.0,0,0.0,0.0,0,0,0,0.0029904842376708984,0.0,0.0,0.0,True,feasible,baseline_truck_only,8701.30517107354,86.26610871153605,,,,0.0,True,feasible_only,0.0,8701.30517107354,True,8701.30517107354,,,
S0009_R07,902033,nils,S0009,n15_p0.25_d1_clustered_Ehigh_V1.25_Hmedium_PWbase_B0.15,15,0.26666666666666666,0.25,1,3,high,1.25,clustered,medium,base,0.15,100.0,20.0,1.0,peripheral,49.86236405473265,43.31523290217105,6.547131152561603,0.0,0.0,0.0,0.0,0.0,106.79275856307632,54.14404112771379,21.823770508538676,14,1,0.06666666666666667,1,1,1.0,1.0,0.0,0.0,0.0,0.0,0,0.33575031551597967,0.33575031551597967,0,0,0,0.16927599906921387,25.0,1.0,10.0,True,feasible,nils_complete,8701.30517107354,86.26610871153605,,99.42695534664738,,37.23602242363193,True,feasible_only,0.0,49.86236405473265,True,8701.30517107354,,99.42695534664738,
S0009_R08,902034,truck_only,S0009,n15_p0.25_d1_clustered_Ehigh_V1.25_Hmedium_PWbase_B0.15,15,0.26666666666666666,0.25,1,3,high,1.25,clustered,medium,base,0.15,100.0,20.0,1.0,peripheral,15016.129963654483,77.28460893604253,0.0,0.0,14938.84535471844,14938.84535471844,148.28697136105043,0.0,180.93229946593476,96.60576117005316,0.0,15,0,0.0,0,0,0.0,0.0,0.0,0.0,0.0,0.0,0,0.0,0.0,0,0,0,0.004559993743896484,0.0,0.0,0.0,True,feasible,baseline_truck_only,15016.129963654483,96.60576117005316,,,,0.0,True,feasible_only,0.0,15016.129963654483,True,15016.129963654483,,,
S0009_R08,902034,nils,S0009,n15_p0.25_d1_clustered_Ehigh_V1.25_Hmedium_PWbase_B0.15,15,0.26666666666666666,0.25,1,3,high,1.25,clustered,medium,base,0.15,100.0,20.0,1.0,peripheral,52.882890001603634,42.438175025175624,10.44471497642801,0.0,0.0,0.0,0.0,0.0,103.32723848207861,53.04771878146953,34.815716588093366,12,3,0.2,1,1,3.0,3.0,0.0,0.0,0.0,0.0,0,0.5578652716612471,0.5578652716612471,0,0,0,0.13292837142944336,25.0,3.0,10.0,True,feasible,nils_complete,15016.129963654483,96.60576117005316,,99.64782610346606,,45.088452138904316,True,feasible_only,0.0,52.882890001603634,True,15016.129963654483,,99.64782610346606,
S0009_R09,902035,truck_only,S0009,n15_p0.25_d1_clustered_Ehigh_V1.25_Hmedium_PWbase_B0.15,15,0.26666666666666666,0.25,1,3,high,1.25,clustered,medium,base,0.15,100.0,20.0,1.0,peripheral,66.55761991660904,66.55761991660904,0.0,0.0,0.0,0.0,0.0,0.0,156.96553246115695,83.1970248957613,0.0,15,0,0.0,0,0,0.0,0.0,0.0,0.0,0.0,0.0,0,0.0,0.0,0,0,0,0.002591848373413086,0.0,0.0,0.0,True,feasible,baseline_truck_only,66.55761991660904,83.1970248957613,,,,0.0,True,feasible_only,0.0,66.55761991660904,True,66.55761991660904,,,
S0009_R09,902035,nils,S0009,n15_p0.25_d1_clustered_Ehigh_V1.25_Hmedium_PWbase_B0.15,15,0.26666666666666666,0.25,1,3,high,1.25,clustered,medium,base,0.15,100.0,20.0,1.0,peripheral,51.450191955481195,41.18021075826012,10.269981197221076,0.0,0.0,0.0,0.0,0.0,98.19013852102714,51.47526344782514,34.23327065740359,11,4,0.26666666666666666,1,1,4.0,4.0,0.0,0.0,0.0,0.0,0,0.5489471380166695,0.5489471380166695,0,0,0,0.10662651062011719,14.0,4.0,10.0,True,feasible,nils_complete,66.55761991660904,83.1970248957613,,22.698269529553716,,38.1284805408376,True,feasible_only,0.0,51.450191955481195,True,66.55761991660904,,22.698269529553716,
S0009_R10,902036,truck_only,S0009,n15_p0.25_d1_clustered_Ehigh_V1.25_Hmedium_PWbase_B0.15,15,0.26666666666666666,0.25,1,3,high,1.25,clustered,medium,base,0.15,100.0,20.0,1.0,peripheral,6720.947766376961,61.23574663263558,0.0,0.0,6659.7120197443255,6659.7120197443255,66.59712019744326,0.0,144.5370416050976,76.54468329079448,0.0,15,0,0.0,0,0,0.0,0.0,0.0,0.0,0.0,0.0,0,0.0,0.0,0,0,0,0.0051727294921875,0.0,0.0,0.0,True,feasible,baseline_truck_only,6720.947766376961,76.54468329079448,,,,0.0,True,feasible_only,0.0,6720.947766376961,True,6720.947766376961,,,
S0009_R10,902036,nils,S0009,n15_p0.25_d1_clustered_Ehigh_V1.25_Hmedium_PWbase_B0.15,15,0.26666666666666666,0.25,1,3,high,1.25,clustered,medium,base,0.15,100.0,20.0,1.0,peripheral,51.22884636216674,43.64773026157732,7.581116100589421,0.0,0.0,0.0,0.0,0.0,105.98538505349306,54.559662826971646,25.27038700196474,14,1,0.06666666666666667,1,1,1.0,1.0,0.0,0.0,0.0,0.0,0,0.38877518464561134,0.38877518464561134,0,0,0,0.14613556861877441,25.0,1.0,10.0,True,feasible,nils_complete,6720.947766376961,76.54468329079448,,99.23777347863867,,28.72181256574201,True,feasible_only,0.0,51.22884636216674,True,6720.947766376961,,99.23777347863867,
S0010_R01,1002027,truck_only,S0010,n15_p0.25_d1_uniform_Ehigh_V1.25_Hlong_PWbase_B0.15,15,0.26666666666666666,0.25,1,3,high,1.25,uniform,long,base,0.15,100.0,20.0,1.0,peripheral,1933.6252334717115,155.53382942739225,0.0,0.0,1778.0914040443192,1778.0914040443192,17.780914040443193,0.0,143.98070697839444,194.41728678424033,0.0,15,0,0.0,0,0,0.0,0.0,0.0,0.0,0.0,0.0,0,0.0,0.0,0,0,0,0.0049896240234375,0.0,0.0,0.0,True,feasible,baseline_truck_only,1933.6252334717115,194.41728678424033,,,,0.0,True,feasible_only,0.0,1933.6252334717115,True,1933.6252334717115,,,
S0010_R01,1002027,nils,S0010,n15_p0.25_d1_uniform_Ehigh_V1.25_Hlong_PWbase_B0.15,15,0.26666666666666666,0.25,1,3,high,1.25,uniform,long,base,0.15,100.0,20.0,1.0,peripheral,481.5467905520467,136.9340279690914,13.37082497259329,0.0,331.24193761036196,331.24193761036196,3.3124193761036196,0.0,113.6757943768338,171.16753496136423,44.56941657531097,12,3,0.2,1,1,3.0,3.0,0.0,0.0,0.0,0.0,0,0.6961371634038717,0.6961371634038717,0,24,24,0.16649937629699707,25.0,5.0,7.0,True,feasible,nils_complete,1933.6252334717115,194.41728678424033,,75.09616743636214,,11.958685468477979,True,feasible_only,0.0,481.5467905520467,True,1933.6252334717115,,75.09616743636214,
S0010_R02,1002028,truck_only,S0010,n15_p0.25_d1_uniform_Ehigh_V1.25_Hlong_PWbase_B0.15,15,0.26666666666666666,0.25,1,3,high,1.25,uniform,long,base,0.15,100.0,20.0,1.0,peripheral,11497.5923177238,165.24984805001748,0.0,0.0,11332.342469673782,11332.342469673782,113.32342469673782,0.0,246.9366176196732,206.56231006252182,0.0,15,0,0.0,0,0,0.0,0.0,0.0,0.0,0.0,0.0,0,0.0,0.0,0,0,0,0.0028076171875,0.0,0.0,0.0,True,feasible,baseline_truck_only,11497.5923177238,206.56231006252182,,,,0.0,True,feasible_only,0.0,11497.5923177238,True,11497.5923177238,,,
S0010_R02,1002028,nils,S0010,n15_p0.25_d1_uniform_Ehigh_V1.25_Hlong_PWbase_B0.15,15,0.26666666666666666,0.25,1,3,high,1.25,uniform,long,base,0.15,100.0,20.0,1.0,peripheral,144.1177379301795,132.37251857452682,11.745219355652669,0.0,0.0,0.0,0.0,0.0,116.65524167986705,165.4656482181585,39.150731185508896,12,3,0.2,1,1,3.0,3.0,0.0,0.0,0.0,0.0,0,0.6718831875421124,0.6718831875421124,0,22,22,0.13943815231323242,25.0,8.0,9.0,True,feasible,nils_complete,11497.5923177238,206.56231006252182,,98.74653984984302,,19.895527810433705,True,feasible_only,0.0,144.1177379301795,True,11497.5923177238,,98.74653984984302,
S0010_R03,1002029,truck_only,S0010,n15_p0.25_d1_uniform_Ehigh_V1.25_Hlong_PWbase_B0.15,15,0.26666666666666666,0.25,1,3,high,1.25,uniform,long,base,0.15,100.0,20.0,1.0,peripheral,13733.90341834324,148.82468958625338,0.0,0.0,13585.078728756986,13585.078728756986,133.04706152458414,0.0,182.06800539984783,186.0308619828167,0.0,15,0,0.0,0,0,0.0,0.0,0.0,0.0,0.0,0.0,0,0.0,0.0,0,0,0,0.0030319690704345703,0.0,0.0,0.0,True,feasible,baseline_truck_only,13733.90341834324,186.0308619828167,,,,0.0,True,feasible_only,0.0,13733.90341834324,True,13733.90341834324,,,
S0010_R03,1002029,nils,S0010,n15_p0.25_d1_uniform_Ehigh_V1.25_Hlong_PWbase_B0.15,15,0.26666666666666666,0.25,1,3,high,1.25,uniform,long,base,0.15,100.0,20.0,1.0,peripheral,140.44050427186997,128.62762736138177,11.812876910488196,0.0,0.0,0.0,0.0,0.0,161.26437695312342,160.7845342017272,39.376256368293994,13,2,0.13333333333333333,1,1,2.0,2.0,0.0,0.0,0.0,0.0,0,0.6379014050321862,0.6379014050321862,0,22,22,0.15374493598937988,25.0,2.0,9.0,True,feasible,nils_complete,13733.90341834324,186.0308619828167,,98.97741741736515,,13.571042735598056,True,feasible_only,0.0,140.44050427186997,True,13733.90341834324,,98.97741741736515,
S0010_R04,1002030,truck_only,S0010,n15_p0.25_d1_uniform_Ehigh_V1.25_Hlong_PWbase_B0.15,15,0.26666666666666666,0.25,1,3,high,1.25,uniform,long,base,0.15,100.0,20.0,1.0,peripheral,6358.760819204448,167.02602868053663,0.0,0.0,6191.734790523911,6191.734790523911,50.55426047716649,0.0,247.9876763318878,208.78253585067077,0.0,15,0,0.0,0,0,0.0,0.0,0.0,0.0,0.0,0.0,0,0.0,0.0,0,0,0,0.0032846927642822266,0.0,0.0,0.0,True,feasible,baseline_truck_only,6358.760819204448,208.78253585067077,,,,0.0,True,feasible_only,0.0,6358.760819204448,True,6358.760819204448,,,
S0010_R04,1002030,nils,S0010,n15_p0.25_d1_uniform_Ehigh_V1.25_Hlong_PWbase_B0.15,15,0.26666666666666666,0.25,1,3,high,1.25,uniform,long,base,0.15,100.0,20.0,1.0,peripheral,130.78287674517105,119.2323547666303,11.550521978540761,0.0,0.0,0.0,0.0,0.0,157.08496102204515,149.04044345828785,38.501739928469206,12,3,0.2,1,1,3.0,3.0,0.0,0.0,0.0,0.0,0,0.598248591530894,0.598248591530894,0,0,0,0.1435985565185547,25.0,3.0,10.0,True,feasible,nils_complete,6358.760819204448,208.78253585067077,,97.9432647261997,,28.61450654814957,True,feasible_only,0.0,130.78287674517105,True,6358.760819204448,,97.9432647261997,
S0010_R05,1002031,truck_only,S0010,n15_p0.25_d1_uniform_Ehigh_V1.25_Hlong_PWbase_B0.15,15,0.26666666666666666,0.25,1,3,high,1.25,uniform,long,base,0.15,100.0,20.0,1.0,peripheral,7518.570121087544,162.40683760707185,0.0,0.0,7356.163283480472,7356.163283480472,63.99194031828552,0.0,208.03541315764988,203.00854700883986,0.0,15,0,0.0,0,0,0.0,0.0,0.0,0.0,0.0,0.0,0,0.0,0.0,0,0,0,0.004109382629394531,0.0,0.0,0.0,True,feasible,baseline_truck_only,7518.570121087544,203.00854700883986,,,,0.0,True,feasible_only,0.0,7518.570121087544,True,7518.570121087544,,,
S0010_R05,1002031,nils,S0010,n15_p0.25_d1_uniform_Ehigh_V1.25_Hlong_PWbase_B0.15,15,0.26666666666666666,0.25,1,3,high,1.25,uniform,long,base,0.15,100.0,20.0,1.0,peripheral,173.681532677333,159.61927279767735,14.062259879655644,0.0,0.0,0.0,0.0,0.0,132.0268689919861,199.52409099709666,46.874199598852144,13,2,0.13333333333333333,1,1,2.0,2.0,0.0,0.0,0.0,0.0,0,0.7213790598209207,0.7213790598209207,0,48,48,0.1451857089996338,25.0,8.0,5.0,True,feasible,nils_complete,7518.570121087544,203.00854700883986,,97.68996591266465,,1.7164085271697762,True,feasible_only,0.0,173.681532677333,True,7518.570121087544,,97.68996591266465,
S0010_R06,1002032,truck_only,S0010,n15_p0.25_d1_uniform_Ehigh_V1.25_Hlong_PWbase_B0.15,15,0.26666666666666666,0.25,1,3,high,1.25,uniform,long,base,0.15,100.0,20.0,1.0,peripheral,8417.24760216037,152.92498336567658,0.0,0.0,8264.322618794695,8264.322618794695,73.08231628948107,0.0,197.8994229248261,191.1562292070957,0.0,15,0,0.0,0,0,0.0,0.0,0.0,0.0,0.0,0.0,0,0.0,0.0,0,0,0,0.002888202667236328,0.0,0.0,0.0,True,feasible,baseline_truck_only,8417.24760216037,191.1562292070957,,,,0.0,True,feasible_only,0.0,8417.24760216037,True,8417.24760216037,,,
S0010_R06,1002032,nils,S0010,n15_p0.25_d1_uniform_Ehigh_V1.25_Hlong_PWbase_B0.15,15,0.26666666666666666,0.25,1,3,high,1.25,uniform,long,base,0.15,100.0,20.0,1.0,peripheral,126.82619028953751,113.06248934703162,13.763700942505892,0.0,0.0,0.0,0.0,0.0,131.09395411345642,141.3281116837895,45.87900314168631,13,2,0.13333333333333333,1,1,2.0,2.0,0.0,0.0,0.0,0.0,0,0.7643509456074202,0.7643509456074202,0,41,41,0.11755561828613281,22.0,2.0,6.0,True,feasible,nils_complete,8417.24760216037,191.1562292070957,,98.49325817317069,,26.06669828652206,True,feasible_only,0.0,126.82619028953751,True,8417.24760216037,,98.49325817317069,
S0010_R07,1002033,truck_only,S0010,n15_p0.25_d1_uniform_Ehigh_V1.25_Hlong_PWbase_B0.15,15,0.26666666666666666,0.25,1,3,high,1.25,uniform,long,base,0.15,100.0,20.0,1.0,peripheral,151.626676792423,151.626676792423,0.0,0.0,0.0,0.0,0.0,0.0,177.7519785567307,189.53334599052877,0.0,15,0,0.0,0,0,0.0,0.0,0.0,0.0,0.0,0.0,0,0.0,0.0,0,0,0,0.005140781402587891,0.0,0.0,0.0,True,feasible,baseline_truck_only,151.626676792423,189.53334599052877,,,,0.0,True,feasible_only,0.0,151.626676792423,True,151.626676792423,,,
S0010_R07,1002033,nils,S0010,n15_p0.25_d1_uniform_Ehigh_V1.25_Hlong_PWbase_B0.15,15,0.26666666666666666,0.25,1,3,high,1.25,uniform,long,base,0.15,100.0,20.0,1.0,peripheral,138.05767699792506,122.65052611667038,15.40715088125469,0.0,0.0,0.0,0.0,0.0,127.82123724791728,153.31315764583798,51.35716960418231,11,4,0.26666666666666666,1,1,4.0,4.0,0.0,0.0,0.0,0.0,0,0.8483663256468211,0.8483663256468211,0,0,0,0.13454890251159668,25.0,2.0,10.0,True,feasible,nils_complete,151.626676792423,189.53334599052877,,8.948952837022157,,19.110193066765554,True,feasible_only,0.0,138.05767699792506,True,151.626676792423,,8.948952837022157,
S0010_R08,1002034,truck_only,S0010,n15_p0.25_d1_uniform_Ehigh_V1.25_Hlong_PWbase_B0.15,15,0.26666666666666666,0.25,1,3,high,1.25,uniform,long,base,0.15,100.0,20.0,1.0,peripheral,8867.63138237913,171.71540870706028,0.0,0.0,8695.91597367207,8695.91597367207,83.9898003097683,0.0,211.15687770997903,214.64426088382532,0.0,15,0,0.0,0,0,0.0,0.0,0.0,0.0,0.0,0.0,0,0.0,0.0,0,0,0,0.005703926086425781,0.0,0.0,0.0,True,feasible,baseline_truck_only,8867.63138237913,214.64426088382532,,,,0.0,True,feasible_only,0.0,8867.63138237913,True,8867.63138237913,,,
S0010_R08,1002034,nils,S0010,n15_p0.25_d1_uniform_Ehigh_V1.25_Hlong_PWbase_B0.15,15,0.26666666666666666,0.25,1,3,high,1.25,uniform,long,base,0.15,100.0,20.0,1.0,peripheral,1879.632640737865,145.5706700216094,8.617787883776867,0.0,1725.4441828324786,1725.4441828324786,17.254441828324786,0.0,154.08435449234858,181.96333752701176,28.72595961258956,14,1,0.06666666666666667,1,1,1.0,1.0,0.0,0.0,0.0,0.0,0,0.4419378401936855,0.4419378401936855,0,48,48,0.12527060508728027,25.0,1.0,5.0,True,feasible,nils_complete,8867.63138237913,214.64426088382532,,78.80344186979983,,15.225621790326777,True,feasible_only,0.0,1879.632640737865,True,8867.63138237913,,78.80344186979983,
S0010_R09,1002035,truck_only,S0010,n15_p0.25_d1_uniform_Ehigh_V1.25_Hlong_PWbase_B0.15,15,0.26666666666666666,0.25,1,3,high,1.25,uniform,long,base,0.15,100.0,20.0,1.0,peripheral,153.23855310977564,153.23855310977564,0.0,0.0,0.0,0.0,0.0,0.0,168.2998945872819,191.54819138721948,0.0,15,0,0.0,0,0,0.0,0.0,0.0,0.0,0.0,0.0,0,0.0,0.0,0,0,0,0.0034058094024658203,0.0,0.0,0.0,True,feasible,baseline_truck_only,153.23855310977564,191.54819138721948,,,,0.0,True,feasible_only,0.0,153.23855310977564,True,153.23855310977564,,,
S0010_R09,1002035,nils,S0010,n15_p0.25_d1_uniform_Ehigh_V1.25_Hlong_PWbase_B0.15,15,0.26666666666666666,0.25,1,3,high,1.25,uniform,long,base,0.15,100.0,20.0,1.0,peripheral,125.33855081699184,122.78091671406274,2.5576341029290983,0.0,0.0,0.0,0.0,0.0,145.8496272026131,153.47614589257844,8.525447009763662,14,1,0.06666666666666667,1,1,1.0,1.0,0.0,0.0,0.0,0.0,0,0.13116072322713326,0.13116072322713326,0,22,22,0.12833261489868164,25.0,1.0,9.0,True,feasible,nils_complete,153.23855310977564,191.54819138721948,,18.20690793967302,,19.875961876182604,True,feasible_only,0.0,125.33855081699184,True,153.23855310977564,,18.20690793967302,
S0010_R10,1002036,truck_only,S0010,n15_p0.25_d1_uniform_Ehigh_V1.25_Hlong_PWbase_B0.15,15,0.26666666666666666,0.25,1,3,high,1.25,uniform,long,base,0.15,100.0,20.0,1.0,peripheral,5270.677805236918,134.91786201772175,0.0,0.0,5135.759943219196,5135.759943219196,51.35759943219197,0.0,170.2495783524666,168.64732752215218,0.0,15,0,0.0,0,0,0.0,0.0,0.0,0.0,0.0,0.0,0,0.0,0.0,0,0,0,0.003583669662475586,0.0,0.0,0.0,True,feasible,baseline_truck_only,5270.677805236918,168.64732752215218,,,,0.0,True,feasible_only,0.0,5270.677805236918,True,5270.677805236918,,,
S0010_R10,1002036,nils,S0010,n15_p0.25_d1_uniform_Ehigh_V1.25_Hlong_PWbase_B0.15,15,0.26666666666666666,0.25,1,3,high,1.25,uniform,long,base,0.15,100.0,20.0,1.0,peripheral,133.03634344567607,118.38200410609403,14.654339339582027,0.0,0.0,0.0,0.0,0.0,162.25280843990447,147.97750513261752,48.847797798606756,12,3,0.2,1,1,3.0,3.0,0.0,0.0,0.0,0.0,0,0.8289740819845929,0.8289740819845929,0,23,23,0.13306474685668945,25.0,3.0,8.0,True,feasible,nils_complete,5270.677805236918,168.64732752215218,,97.4759158430536,,12.256240696621553,True,feasible_only,0.0,133.03634344567607,True,5270.677805236918,,97.4759158430536,
S0011_R01,1102027,truck_only,S0011,n15_p0.25_d1_clustered_Ehigh_V2.00_Hmedium_PWmoderate_B0.15,15,0.26666666666666666,0.25,1,3,high,2.0,clustered,medium,moderate,0.15,20.0,5.0,1.0,peripheral,2556.986068588922,79.52055505037339,0.0,0.0,2477.4655135385487,2477.4655135385487,123.87327567692743,0.0,183.84567153782842,99.40069381296675,0.0,15,0,0.0,0,0,0.0,0.0,0.0,0.0,0.0,0.0,0,0.0,0.0,0,0,0,0.0030727386474609375,0.0,0.0,0.0,True,feasible,baseline_truck_only,2556.986068588922,99.40069381296675,,,,0.0,True,feasible_only,0.0,2556.986068588922,True,2556.986068588922,,,
S0011_R01,1102027,nils,S0011,n15_p0.25_d1_clustered_Ehigh_V2.00_Hmedium_PWmoderate_B0.15,15,0.26666666666666666,0.25,1,3,high,2.0,clustered,medium,moderate,0.15,20.0,5.0,1.0,peripheral,91.53332648981906,78.49189611035561,13.041430379463447,0.0,0.0,0.0,0.0,0.0,92.50241723498243,98.11487013794448,43.471434598211495,11,4,0.26666666666666666,1,1,4.0,4.0,0.0,0.0,0.0,0.0,0,0.4309472008503095,0.4309472008503095,0,0,0,0.1487417221069336,25.0,5.0,11.0,True,feasible,nils_complete,2556.986068588922,99.40069381296675,,96.42026495121533,,1.2935761569649495,True,feasible_only,0.0,91.53332648981906,True,2556.986068588922,,96.42026495121533,
S0011_R02,1102028,truck_only,S0011,n15_p0.25_d1_clustered_Ehigh_V2.00_Hmedium_PWmoderate_B0.15,15,0.26666666666666666,0.25,1,3,high,2.0,clustered,medium,moderate,0.15,20.0,5.0,1.0,peripheral,1464.414046641019,70.62640390969787,0.0,0.0,1393.787642731321,1393.787642731321,68.11941274875566,0.0,164.36637654804235,88.28300488712236,0.0,15,0,0.0,0,0,0.0,0.0,0.0,0.0,0.0,0.0,0,0.0,0.0,0,0,0,0.0051076412200927734,0.0,0.0,0.0,True,feasible,baseline_truck_only,1464.414046641019,88.28300488712236,,,,0.0,True,feasible_only,0.0,1464.414046641019,True,1464.414046641019,,,
S0011_R02,1102028,nils,S0011,n15_p0.25_d1_clustered_Ehigh_V2.00_Hmedium_PWmoderate_B0.15,15,0.26666666666666666,0.25,1,3,high,2.0,clustered,medium,moderate,0.15,20.0,5.0,1.0,peripheral,49.73617519271594,38.99751781485803,10.738657377857912,0.0,0.0,0.0,0.0,0.0,93.61715437224039,48.74689726857254,35.79552459285971,12,3,0.2,1,1,3.0,3.0,0.0,0.0,0.0,0.0,0,0.3506210329092372,0.3506210329092372,0,0,0,0.1164083480834961,18.0,3.0,11.0,True,feasible,nils_complete,1464.414046641019,88.28300488712236,,96.60368081644684,,44.78337327677081,True,feasible_only,0.0,49.73617519271594,True,1464.414046641019,,96.60368081644684,
S0011_R03,1102029,truck_only,S0011,n15_p0.25_d1_clustered_Ehigh_V2.00_Hmedium_PWmoderate_B0.15,15,0.26666666666666666,0.25,1,3,high,2.0,clustered,medium,moderate,0.15,20.0,5.0,1.0,peripheral,1153.1629009141238,67.42672041224213,0.0,0.0,1085.7361805018818,1085.7361805018818,54.28680902509409,0.0,158.04791871244805,84.28340051530266,0.0,15,0,0.0,0,0,0.0,0.0,0.0,0.0,0.0,0.0,0,0.0,0.0,0,0,0,0.00290679931640625,0.0,0.0,0.0,True,feasible,baseline_truck_only,1153.1629009141238,84.28340051530266,,,,0.0,True,feasible_only,0.0,1153.1629009141238,True,1153.1629009141238,,,
S0011_R03,1102029,nils,S0011,n15_p0.25_d1_clustered_Ehigh_V2.00_Hmedium_PWmoderate_B0.15,15,0.26666666666666666,0.25,1,3,high,2.0,clustered,medium,moderate,0.15,20.0,5.0,1.0,peripheral,53.13772275951679,41.017164398159366,12.120558361357425,0.0,0.0,0.0,0.0,0.0,98.8852107818607,51.271455497699215,40.40186120452476,11,4,0.26666666666666666,1,1,4.0,4.0,0.0,0.0,0.0,0.0,0,0.4033239309423677,0.4033239309423677,0,0,0,0.11397361755371094,25.0,4.0,10.0,False,infeasible,nils_complete,1153.1629009141238,84.28340051530266,,95.39200205648362,,39.1677896427657,False,feasible_only,0.0,,False,1153.1629009141238,,,
S0011_R04,1102030,truck_only,S0011,n15_p0.25_d1_clustered_Ehigh_V2.00_Hmedium_PWmoderate_B0.15,15,0.26666666666666666,0.25,1,3,high,2.0,clustered,medium,moderate,0.15,20.0,5.0,1.0,peripheral,1910.2220348838232,67.5712977743673,0.0,0.0,1842.6507371094558,1842.6507371094558,91.88837623800967,0.0,158.87985375744017,84.46412221795913,0.0,15,0,0.0,0,0,0.0,0.0,0.0,0.0,0.0,0.0,0,0.0,0.0,0,0,0,0.004760265350341797,0.0,0.0,0.0,True,feasible,baseline_truck_only,1910.2220348838232,84.46412221795913,,,,0.0,True,feasible_only,0.0,1910.2220348838232,True,1910.2220348838232,,,
S0011_R04,1102030,nils,S0011,n15_p0.25_d1_clustered_Ehigh_V2.00_Hmedium_PWmoderate_B0.15,15,0.26666666666666666,0.25,1,3,high,2.0,clustered,medium,moderate,0.15,20.0,5.0,1.0,peripheral,86.39606889989915,75.03780928706703,11.358259612832107,0.0,0.0,0.0,0.0,0.0,107.0499100570704,93.7972616088338,37.86086537610703,11,4,0.26666666666666666,1,1,4.0,4.0,0.0,0.0,0.0,0.0,0,0.3735413942335006,0.3735413942335006,0,0,0,0.15863847732543945,25.0,5.0,11.0,True,feasible,nils_complete,1910.2220348838232,84.46412221795913,,95.47717137996717,,-11.049827010325824,True,feasible_only,0.0,86.39606889989915,True,1910.2220348838232,,95.47717137996717,
S0011_R05,1102031,truck_only,S0011,n15_p0.25_d1_clustered_Ehigh_V2.00_Hmedium_PWmoderate_B0.15,15,0.26666666666666666,0.25,1,3,high,2.0,clustered,medium,moderate,0.15,20.0,5.0,1.0,peripheral,818.7473605046368,84.4417537652086,0.0,0.0,734.3056067394282,734.3056067394282,21.493866486471283,0.0,194.77334257017387,105.55219220651075,0.0,15,0,0.0,0,0,0.0,0.0,0.0,0.0,0.0,0.0,0,0.0,0.0,0,0,0,0.0036165714263916016,0.0,0.0,0.0,True,feasible,baseline_truck_only,818.7473605046368,105.55219220651075,,,,0.0,True,feasible_only,0.0,818.7473605046368,True,818.7473605046368,,,
S0011_R05,1102031,nils,S0011,n15_p0.25_d1_clustered_Ehigh_V2.00_Hmedium_PWmoderate_B0.15,15,0.26666666666666666,0.25,1,3,high,2.0,clustered,medium,moderate,0.15,20.0,5.0,1.0,peripheral,56.53813559880233,46.98650883879361,9.551626760008718,0.0,0.0,0.0,0.0,0.0,113.12572249558195,58.733136048492014,31.838755866695724,13,2,0.13333333333333333,1,1,2.0,2.0,0.0,0.0,0.0,0.0,0,0.3146930209533713,0.3146930209533713,0,0,0,0.14552545547485352,25.0,2.0,10.0,True,feasible,nils_complete,818.7473605046368,105.55219220651075,,93.09455659631625,,44.356308646264964,True,feasible_only,0.0,56.53813559880233,True,818.7473605046368,,93.09455659631625,
S0011_R06,1102032,truck_only,S0011,n15_p0.25_d1_clustered_Ehigh_V2.00_Hmedium_PWmoderate_B0.15,15,0.26666666666666666,0.25,1,3,high,2.0,clustered,medium,moderate,0.15,20.0,5.0,1.0,peripheral,4568.830694892796,75.31332062441035,0.0,0.0,4493.5173742683855,4493.5173742683855,224.67586871341928,0.0,176.1590648199411,94.14165078051295,0.0,15,0,0.0,0,0,0.0,0.0,0.0,0.0,0.0,0.0,0,0.0,0.0,0,0,0,0.0048787593841552734,0.0,0.0,0.0,True,feasible,baseline_truck_only,4568.830694892796,94.14165078051295,,,,0.0,True,feasible_only,0.0,4568.830694892796,True,4568.830694892796,,,
S0011_R06,1102032,nils,S0011,n15_p0.25_d1_clustered_Ehigh_V2.00_Hmedium_PWmoderate_B0.15,15,0.26666666666666666,0.25,1,3,high,2.0,clustered,medium,moderate,0.15,20.0,5.0,1.0,peripheral,124.1397695892009,113.4260284038958,10.713741185305093,0.0,0.0,0.0,0.0,0.0,97.72389893017234,141.7825355048697,35.71247061768364,11,4,0.26666666666666666,1,1,4.0,4.0,0.0,0.0,0.0,0.0,0,0.35695800963289764,0.35695800963289764,0,0,0,0.15256428718566895,25.0,8.0,11.0,True,feasible,nils_complete,4568.830694892796,94.14165078051295,,97.28289845084501,,-50.60553360746707,True,feasible_only,0.0,124.1397695892009,True,4568.830694892796,,97.28289845084501,
S0011_R07,1102033,truck_only,S0011,n15_p0.25_d1_clustered_Ehigh_V2.00_Hmedium_PWmoderate_B0.15,15,0.26666666666666666,0.25,1,3,high,2.0,clustered,medium,moderate,0.15,20.0,5.0,1.0,peripheral,89.72727373719044,68.792039236367,0.0,0.0,20.93523450082344,20.93523450082344,1.046761725041172,0.0,160.70913545931398,85.99004904545876,0.0,15,0,0.0,0,0,0.0,0.0,0.0,0.0,0.0,0.0,0,0.0,0.0,0,0,0,0.0029287338256835938,0.0,0.0,0.0,True,feasible,baseline_truck_only,89.72727373719044,85.99004904545876,,,,0.0,True,feasible_only,0.0,89.72727373719044,True,89.72727373719044,,,
S0011_R07,1102033,nils,S0011,n15_p0.25_d1_clustered_Ehigh_V2.00_Hmedium_PWmoderate_B0.15,15,0.26666666666666666,0.25,1,3,high,2.0,clustered,medium,moderate,0.15,20.0,5.0,1.0,peripheral,50.393084027483,41.04783286086808,9.345251166614926,0.0,0.0,0.0,0.0,0.0,100.55892372143764,51.30979107608509,31.150837222049756,14,1,0.06666666666666667,1,1,1.0,1.0,0.0,0.0,0.0,0.0,0,0.29952728098124765,0.29952728098124765,0,0,0,0.15054631233215332,25.0,1.0,10.0,True,feasible,nils_complete,89.72727373719044,85.99004904545876,,43.837495636963816,,40.33054795798512,True,feasible_only,0.0,50.393084027483,True,89.72727373719044,,43.837495636963816,
S0011_R08,1102034,truck_only,S0011,n15_p0.25_d1_clustered_Ehigh_V2.00_Hmedium_PWmoderate_B0.15,15,0.26666666666666666,0.25,1,3,high,2.0,clustered,medium,moderate,0.15,20.0,5.0,1.0,peripheral,1362.8340057771268,78.43112063142416,0.0,0.0,1284.4028851457026,1284.4028851457026,50.0909732551151,0.0,183.75917877181922,98.0389007892802,0.0,15,0,0.0,0,0,0.0,0.0,0.0,0.0,0.0,0.0,0,0.0,0.0,0,0,0,0.0038716793060302734,0.0,0.0,0.0,True,feasible,baseline_truck_only,1362.8340057771268,98.0389007892802,,,,0.0,True,feasible_only,0.0,1362.8340057771268,True,1362.8340057771268,,,
S0011_R08,1102034,nils,S0011,n15_p0.25_d1_clustered_Ehigh_V2.00_Hmedium_PWmoderate_B0.15,15,0.26666666666666666,0.25,1,3,high,2.0,clustered,medium,moderate,0.15,20.0,5.0,1.0,peripheral,117.65082662984656,106.6691872755756,10.98163935427096,0.0,0.0,0.0,0.0,0.0,98.24927193573089,133.33648409446948,36.60546451423654,11,4,0.26666666666666666,1,1,4.0,4.0,0.0,0.0,0.0,0.0,0,0.364746016763048,0.364746016763048,0,0,0,0.157515287399292,25.0,5.0,11.0,True,feasible,nils_complete,1362.8340057771268,98.0389007892802,,91.36719320686758,,-36.00365061319496,True,feasible_only,0.0,117.65082662984656,True,1362.8340057771268,,91.36719320686758,
S0011_R09,1102035,truck_only,S0011,n15_p0.25_d1_clustered_Ehigh_V2.00_Hmedium_PWmoderate_B0.15,15,0.26666666666666666,0.25,1,3,high,2.0,clustered,medium,moderate,0.15,20.0,5.0,1.0,peripheral,1084.4334911927667,60.18819787813776,0.0,0.0,1024.245293314629,1024.245293314629,51.212264665731446,0.0,141.56700063349004,75.23524734767219,0.0,15,0,0.0,0,0,0.0,0.0,0.0,0.0,0.0,0.0,0,0.0,0.0,0,0,0,0.0029473304748535156,0.0,0.0,0.0,True,feasible,baseline_truck_only,1084.4334911927667,75.23524734767219,,,,0.0,True,feasible_only,0.0,1084.4334911927667,True,1084.4334911927667,,,
S0011_R09,1102035,nils,S0011,n15_p0.25_d1_clustered_Ehigh_V2.00_Hmedium_PWmoderate_B0.15,15,0.26666666666666666,0.25,1,3,high,2.0,clustered,medium,moderate,0.15,20.0,5.0,1.0,peripheral,79.09551003359215,70.11303249411486,8.982477539477284,0.0,0.0,0.0,0.0,0.0,93.1648839489809,87.64129061764359,29.941591798257612,11,4,0.26666666666666666,1,1,4.0,4.0,0.0,0.0,0.0,0.0,0,0.2883622356208747,0.2883622356208747,0,0,0,0.14845681190490723,25.0,5.0,11.0,True,feasible,nils_complete,1084.4334911927667,75.23524734767219,,92.70628298775657,,-16.489669014632746,True,feasible_only,0.0,79.09551003359215,True,1084.4334911927667,,92.70628298775657,
S0011_R10,1102036,truck_only,S0011,n15_p0.25_d1_clustered_Ehigh_V2.00_Hmedium_PWmoderate_B0.15,15,0.26666666666666666,0.25,1,3,high,2.0,clustered,medium,moderate,0.15,20.0,5.0,1.0,peripheral,154.31936724616156,79.11357856533355,0.0,0.0,75.20578868082801,75.20578868082801,0.2106761147459082,0.0,185.3600057969271,98.89197320666695,0.0,15,0,0.0,0,0,0.0,0.0,0.0,0.0,0.0,0.0,0,0.0,0.0,0,0,0,0.0032355785369873047,0.0,0.0,0.0,True,feasible,baseline_truck_only,154.31936724616156,98.89197320666695,,,,0.0,True,feasible_only,0.0,154.31936724616156,True,154.31936724616156,,,
S0011_R10,1102036,nils,S0011,n15_p0.25_d1_clustered_Ehigh_V2.00_Hmedium_PWmoderate_B0.15,15,0.26666666666666666,0.25,1,3,high,2.0,clustered,medium,moderate,0.15,20.0,5.0,1.0,peripheral,58.84713920422532,48.55880986711347,10.288329337111854,0.0,0.0,0.0,0.0,0.0,118.62244093172234,60.69851233389183,34.29443112370618,13,2,0.13333333333333333,1,1,2.0,2.0,0.0,0.0,0.0,0.0,0,0.34328308007769986,0.34328308007769986,0,0,0,0.15192794799804688,25.0,2.0,10.0,True,feasible,nils_complete,154.31936724616156,98.89197320666695,,61.86665338618471,,38.621396291645894,True,feasible_only,0.0,58.84713920422532,True,154.31936724616156,,61.86665338618471,
S0012_R01,1202027,truck_only,S0012,n15_p0.75_d1_uniform_Elow_V1.25_Hshort_PWstrict_B0.15,15,0.7333333333333333,0.75,1,3,low,1.25,uniform,short,strict,0.15,200.0,40.0,1.0,peripheral,14327.81606472199,151.12575929417193,0.0,0.0,14176.69030542782,14176.69030542782,65.9791553328553,0.0,186.48826292805103,188.90719911771492,0.0,15,0,0.0,0,0,0.0,0.0,0.0,0.0,0.0,0.0,0,0.0,0.0,0,0,0,0.0029871463775634766,0.0,0.0,0.0,True,feasible,baseline_truck_only,14327.81606472199,188.90719911771492,,,,0.0,True,feasible_only,0.0,14327.81606472199,True,14327.81606472199,,,
S0012_R01,1202027,nils,S0012,n15_p0.75_d1_uniform_Elow_V1.25_Hshort_PWstrict_B0.15,15,0.7333333333333333,0.75,1,3,low,1.25,uniform,short,strict,0.15,200.0,40.0,1.0,peripheral,158.66981679769603,150.18522744007674,8.484589357619292,0.0,0.0,0.0,0.0,0.0,127.94795466510823,187.73153430009594,28.28196452539764,10,5,0.3333333333333333,1,1,5.0,5.0,0.0,0.0,0.0,0.0,0,0.8229990601467642,0.8229990601467642,0,150,150,0.14321494102478027,25.0,5.0,15.0,True,feasible,nils_complete,14327.81606472199,188.90719911771492,,98.89257500179407,,0.6223504573197237,True,feasible_only,0.0,158.66981679769603,True,14327.81606472199,,98.89257500179407,
S0012_R02,1202028,truck_only,S0012,n15_p0.75_d1_uniform_Elow_V1.25_Hshort_PWstrict_B0.15,15,0.7333333333333333,0.75,1,3,low,1.25,uniform,short,strict,0.15,200.0,40.0,1.0,peripheral,26462.711956006904,145.2065122607664,0.0,0.0,26317.505443746137,26317.505443746137,131.58752721873068,0.0,182.49009571849115,181.50814032595798,0.0,15,0,0.0,0,0,0.0,0.0,0.0,0.0,0.0,0.0,0,0.0,0.0,0,0,0,0.005568742752075195,0.0,0.0,0.0,True,feasible,baseline_truck_only,26462.711956006904,181.50814032595798,,,,0.0,True,feasible_only,0.0,26462.711956006904,True,26462.711956006904,,,
S0012_R02,1202028,nils,S0012,n15_p0.75_d1_uniform_Elow_V1.25_Hshort_PWstrict_B0.15,15,0.7333333333333333,0.75,1,3,low,1.25,uniform,short,strict,0.15,200.0,40.0,1.0,peripheral,8751.667793925168,187.9788769621614,7.275034662934679,0.0,8556.413882300072,8556.413882300072,42.78206941150036,0.0,150.58471016613976,234.97359620270177,24.250115543115598,13,2,0.13333333333333333,1,1,2.0,2.0,0.0,0.0,0.0,0.0,0,0.7314787942726693,0.7314787942726693,0,223,223,0.14046788215637207,25.0,10.0,5.0,True,feasible,nils_complete,26462.711956006904,181.50814032595798,,66.92830346158614,,-29.456230327041453,True,feasible_only,0.0,8751.667793925168,True,26462.711956006904,,66.92830346158614,
S0012_R03,1202029,truck_only,S0012,n15_p0.75_d1_uniform_Elow_V1.25_Hshort_PWstrict_B0.15,15,0.7333333333333333,0.75,1,3,low,1.25,uniform,short,strict,0.15,200.0,40.0,1.0,peripheral,9695.034363175171,148.03171928864646,0.0,0.0,9547.002643886524,9547.002643886524,47.73501321943262,0.0,186.36431894021058,185.03964911080806,0.0,15,0,0.0,0,0,0.0,0.0,0.0,0.0,0.0,0.0,0,0.0,0.0,0,0,0,0.003819704055786133,0.0,0.0,0.0,True,feasible,baseline_truck_only,9695.034363175171,185.03964911080806,,,,0.0,True,feasible_only,0.0,9695.034363175171,True,9695.034363175171,,,
S0012_R03,1202029,nils,S0012,n15_p0.75_d1_uniform_Elow_V1.25_Hshort_PWstrict_B0.15,15,0.7333333333333333,0.75,1,3,low,1.25,uniform,short,strict,0.15,200.0,40.0,1.0,peripheral,166.47521719997633,162.429721199477,4.045496000499327,0.0,0.0,0.0,0.0,0.0,170.2962498011098,203.03715149934624,13.484986668331091,14,1,0.06666666666666667,1,1,1.0,1.0,0.0,0.0,0.0,0.0,0,0.3852853333808883,0.3852853333808883,0,249,249,0.1219329833984375,25.0,3.0,2.0,True,feasible,nils_complete,9695.034363175171,185.03964911080806,,98.28288161791048,,-9.726295134596079,True,feasible_only,0.0,166.47521719997633,True,9695.034363175171,,98.28288161791048,
S0012_R04,1202030,truck_only,S0012,n15_p0.75_d1_uniform_Elow_V1.25_Hshort_PWstrict_B0.15,15,0.7333333333333333,0.75,1,3,low,1.25,uniform,short,strict,0.15,200.0,40.0,1.0,peripheral,35265.63488699177,174.31572022907133,0.0,0.0,35091.319166762696,35091.319166762696,166.80911534871993,0.0,203.52011830798523,217.89465028633913,0.0,15,0,0.0,0,0,0.0,0.0,0.0,0.0,0.0,0.0,0,0.0,0.0,0,0,0,0.0028798580169677734,0.0,0.0,0.0,True,feasible,baseline_truck_only,35265.63488699177,217.89465028633913,,,,0.0,True,feasible_only,0.0,35265.63488699177,True,35265.63488699177,,,
S0012_R04,1202030,nils,S0012,n15_p0.75_d1_uniform_Elow_V1.25_Hshort_PWstrict_B0.15,15,0.7333333333333333,0.75,1,3,low,1.25,uniform,short,strict,0.15,200.0,40.0,1.0,peripheral,3489.2359925870005,159.23292158066798,6.493495806307879,0.0,3323.5095752000248,3323.5095752000248,16.617547876000124,0.0,132.6514711524896,199.04115197583496,21.644986021026266,13,2,0.13333333333333333,1,1,2.0,2.0,0.0,0.0,0.0,0.0,0,0.7007756944353402,0.7007756944353402,0,222,222,0.12183189392089844,25.0,8.0,6.0,False,infeasible,nils_complete,35265.63488699177,217.89465028633913,,90.10584665845884,,8.652575125515224,False,feasible_only,0.0,,False,35265.63488699177,,,
S0012_R05,1202031,truck_only,S0012,n15_p0.75_d1_uniform_Elow_V1.25_Hshort_PWstrict_B0.15,15,0.7333333333333333,0.75,1,3,low,1.25,uniform,short,strict,0.15,200.0,40.0,1.0,peripheral,16725.481873904464,157.63272689265216,0.0,0.0,16567.849147011813,16567.849147011813,80.76474648127893,0.0,238.56949017135753,197.04090861581517,0.0,15,0,0.0,0,0,0.0,0.0,0.0,0.0,0.0,0.0,0,0.0,0.0,0,0,0,0.005446434020996094,0.0,0.0,0.0,True,feasible,baseline_truck_only,16725.481873904464,197.04090861581517,,,,0.0,True,feasible_only,0.0,16725.481873904464,True,16725.481873904464,,,
S0012_R05,1202031,nils,S0012,n15_p0.75_d1_uniform_Elow_V1.25_Hshort_PWstrict_B0.15,15,0.7333333333333333,0.75,1,3,low,1.25,uniform,short,strict,0.15,200.0,40.0,1.0,peripheral,177.49065597366615,169.19530407832696,8.295351895339197,0.0,0.0,0.0,0.0,0.0,146.44075747364136,211.49413009790868,27.65117298446399,12,3,0.2,1,1,3.0,3.0,0.0,0.0,0.0,0.0,0,0.8247897435358487,0.8247897435358487,0,200,200,0.13837051391601562,25.0,6.0,6.0,True,feasible,nils_complete,16725.481873904464,197.04090861581517,,98.93880094270651,,-7.335137451215268,True,feasible_only,0.0,177.49065597366615,True,16725.481873904464,,98.93880094270651,
S0012_R06,1202032,truck_only,S0012,n15_p0.75_d1_uniform_Elow_V1.25_Hshort_PWstrict_B0.15,15,0.7333333333333333,0.75,1,3,low,1.25,uniform,short,strict,0.15,200.0,40.0,1.0,peripheral,2935.1171525513996,146.10240548878818,0.0,0.0,2789.0147470626116,2789.0147470626116,13.94507373531306,0.0,145.536658691804,182.62800686098524,0.0,15,0,0.0,0,0,0.0,0.0,0.0,0.0,0.0,0.0,0,0.0,0.0,0,0,0,0.004243373870849609,0.0,0.0,0.0,True,feasible,baseline_truck_only,2935.1171525513996,182.62800686098524,,,,0.0,True,feasible_only,0.0,2935.1171525513996,True,2935.1171525513996,,,
S0012_R06,1202032,nils,S0012,n15_p0.75_d1_uniform_Elow_V1.25_Hshort_PWstrict_B0.15,15,0.7333333333333333,0.75,1,3,low,1.25,uniform,short,strict,0.15,200.0,40.0,1.0,peripheral,134.64399165013552,127.29177272980834,7.3522189203271715,0.0,0.0,0.0,0.0,0.0,139.5242457033312,159.1147159122604,24.50739640109057,12,3,0.2,1,1,3.0,3.0,0.0,0.0,0.0,0.0,0,0.7596524234364903,0.7596524234364903,0,200,200,0.13374662399291992,25.0,3.0,6.0,True,feasible,nils_complete,2935.1171525513996,182.62800686098524,,95.41265357898597,,12.874964444321472,True,feasible_only,0.0,134.64399165013552,True,2935.1171525513996,,95.41265357898597,
S0012_R07,1202033,truck_only,S0012,n15_p0.75_d1_uniform_Elow_V1.25_Hshort_PWstrict_B0.15,15,0.7333333333333333,0.75,1,3,low,1.25,uniform,short,strict,0.15,200.0,40.0,1.0,peripheral,135.5624981559712,135.5624981559712,0.0,0.0,0.0,0.0,0.0,0.0,182.40869536521626,169.45312269496398,0.0,15,0,0.0,0,0,0.0,0.0,0.0,0.0,0.0,0.0,0,0.0,0.0,0,0,0,0.0034902095794677734,0.0,0.0,0.0,True,feasible,baseline_truck_only,135.5624981559712,169.45312269496398,,,,0.0,True,feasible_only,0.0,135.5624981559712,True,135.5624981559712,,,
S0012_R07,1202033,nils,S0012,n15_p0.75_d1_uniform_Elow_V1.25_Hshort_PWstrict_B0.15,15,0.7333333333333333,0.75,1,3,low,1.25,uniform,short,strict,0.15,200.0,40.0,1.0,peripheral,103.57410833371618,96.3528047509959,7.221303582720288,0.0,0.0,0.0,0.0,0.0,156.03472708534093,120.44100593874482,24.071011942400958,11,4,0.26666666666666666,1,1,4.0,4.0,0.0,0.0,0.0,0.0,0,0.7555834752764291,0.7555834752764291,0,171,171,0.1331484317779541,25.0,4.0,15.0,True,feasible,nils_complete,135.5624981559712,169.45312269496398,,23.596783961188766,,28.923702305827003,True,feasible_only,0.0,103.57410833371618,True,135.5624981559712,,23.596783961188766,
S0012_R08,1202034,truck_only,S0012,n15_p0.75_d1_uniform_Elow_V1.25_Hshort_PWstrict_B0.15,15,0.7333333333333333,0.75,1,3,low,1.25,uniform,short,strict,0.15,200.0,40.0,1.0,peripheral,18351.289370256745,126.15383945795465,0.0,0.0,18225.13553079879,18225.13553079879,91.12567765399396,0.0,147.1866019733522,157.69229932244332,0.0,15,0,0.0,0,0,0.0,0.0,0.0,0.0,0.0,0.0,0,0.0,0.0,0,0,0,0.004805564880371094,0.0,0.0,0.0,True,feasible,baseline_truck_only,18351.289370256745,157.69229932244332,,,,0.0,True,feasible_only,0.0,18351.289370256745,True,18351.289370256745,,,
S0012_R08,1202034,nils,S0012,n15_p0.75_d1_uniform_Elow_V1.25_Hshort_PWstrict_B0.15,15,0.7333333333333333,0.75,1,3,low,1.25,uniform,short,strict,0.15,200.0,40.0,1.0,peripheral,3866.588264859152,161.14502794258675,7.9607218241078606,0.0,3697.482515092457,3697.482515092457,18.487412575462287,0.0,132.88513245223078,201.43128492823342,26.53573941369287,13,2,0.13333333333333333,1,1,2.0,2.0,0.0,0.0,0.0,0.0,0,0.8186760656565095,0.8186760656565095,0,213,213,0.13399624824523926,24.0,5.0,6.0,True,feasible,nils_complete,18351.289370256745,157.69229932244332,,78.93015478723795,,-27.73691917343044,True,feasible_only,0.0,3866.588264859152,True,18351.289370256745,,78.93015478723795,
S0012_R09,1202035,truck_only,S0012,n15_p0.75_d1_uniform_Elow_V1.25_Hshort_PWstrict_B0.15,15,0.7333333333333333,0.75,1,3,low,1.25,uniform,short,strict,0.15,200.0,40.0,1.0,peripheral,723.9962045099976,114.70881620977913,0.0,0.0,609.2873883002185,609.2873883002185,3.046436941501092,0.0,137.7537698267345,143.38602026222392,0.0,15,0,0.0,0,0,0.0,0.0,0.0,0.0,0.0,0.0,0,0.0,0.0,0,0,0,0.0057523250579833984,0.0,0.0,0.0,True,feasible,baseline_truck_only,723.9962045099976,143.38602026222392,,,,0.0,True,feasible_only,0.0,723.9962045099976,True,723.9962045099976,,,
S0012_R09,1202035,nils,S0012,n15_p0.75_d1_uniform_Elow_V1.25_Hshort_PWstrict_B0.15,15,0.7333333333333333,0.75,1,3,low,1.25,uniform,short,strict,0.15,200.0,40.0,1.0,peripheral,94.2638812573277,91.06311717359584,3.2007640837318485,0.0,0.0,0.0,0.0,0.0,109.81444738168263,113.82889646699482,10.669213612439497,13,2,0.13333333333333333,1,1,2.0,2.0,0.0,0.0,0.0,0.0,0,0.326848646927318,0.326848646927318,0,108,108,0.07072305679321289,12.0,2.0,3.0,True,feasible,nils_complete,723.9962045099976,143.38602026222392,,86.9800586425552,,20.613671919462668,True,feasible_only,0.0,94.2638812573277,True,723.9962045099976,,86.9800586425552,
S0012_R10,1202036,truck_only,S0012,n15_p0.75_d1_uniform_Elow_V1.25_Hshort_PWstrict_B0.15,15,0.7333333333333333,0.75,1,3,low,1.25,uniform,short,strict,0.15,200.0,40.0,1.0,peripheral,280.6189680497598,123.79766745948609,0.0,0.0,156.82130059027372,156.82130059027372,0.0,0.0,151.78749147028986,154.74708432435762,0.0,15,0,0.0,0,0,0.0,0.0,0.0,0.0,0.0,0.0,0,0.0,0.0,0,0,0,0.0029001235961914062,0.0,0.0,0.0,True,feasible,baseline_truck_only,280.6189680497598,154.74708432435762,,,,0.0,True,feasible_only,0.0,280.6189680497598,True,280.6189680497598,,,
S0012_R10,1202036,nils,S0012,n15_p0.75_d1_uniform_Elow_V1.25_Hshort_PWstrict_B0.15,15,0.7333333333333333,0.75,1,3,low,1.25,uniform,short,strict,0.15,200.0,40.0,1.0,peripheral,129.55593666167312,121.69670486385374,7.859231797819369,0.0,0.0,0.0,0.0,0.0,149.505837147543,152.12088107981717,26.197439326064565,12,3,0.2,1,1,3.0,3.0,0.0,0.0,0.0,0.0,0,0.8046073139705887,0.8046073139705887,0,199,199,0.13672828674316406,25.0,3.0,7.0,True,feasible,nils_complete,280.6189680497598,154.74708432435762,,53.83208142982692,,1.69709384574626,True,feasible_only,0.0,129.55593666167312,True,280.6189680497598,,53.83208142982692,
S0013_R01,1302027,truck_only,S0013,n15_p0.75_d1_clustered_Elow_V2.00_Hmedium_PWflat_B0.15,15,0.7333333333333333,0.75,1,3,low,2.0,clustered,medium,flat,0.15,1.0,1.0,1.0,peripheral,161.66222112444797,74.24468616517278,0.0,0.0,87.4175349592752,87.4175349592752,70.5829622580325,0.0,173.83226582568065,92.80585770646599,0.0,15,0,0.0,0,0,0.0,0.0,0.0,0.0,0.0,0.0,0,0.0,0.0,0,0,0,0.0028171539306640625,0.0,0.0,0.0,True,feasible,baseline_truck_only,161.66222112444797,92.80585770646599,,,,0.0,True,feasible_only,0.0,161.66222112444797,True,161.66222112444797,,,
S0013_R01,1302027,nils,S0013,n15_p0.75_d1_clustered_Elow_V2.00_Hmedium_PWflat_B0.15,15,0.7333333333333333,0.75,1,3,low,2.0,clustered,medium,flat,0.15,1.0,1.0,1.0,peripheral,48.78437413549245,35.91294099405742,12.871433141435025,0.0,0.0,0.0,0.0,0.0,82.92478672408757,44.89117624257178,42.90477713811675,7,8,0.5333333333333333,1,1,8.0,8.0,0.0,0.0,0.0,0.0,0,0.7946474538876137,0.7946474538876137,0,13,13,0.18442058563232422,23.0,4.0,59.0,True,feasible,nils_complete,161.66222112444797,92.80585770646599,,69.82326866711914,,51.62894093974403,True,feasible_only,0.0,48.78437413549245,True,161.66222112444797,,69.82326866711914,
S0013_R02,1302028,truck_only,S0013,n15_p0.75_d1_clustered_Elow_V2.00_Hmedium_PWflat_B0.15,15,0.7333333333333333,0.75,1,3,low,2.0,clustered,medium,flat,0.15,1.0,1.0,1.0,peripheral,287.8813456815878,93.41714859755443,0.0,0.0,194.46419708403334,194.46419708403334,149.37765463002523,0.0,214.75411968848755,116.77143574694301,0.0,15,0,0.0,0,0,0.0,0.0,0.0,0.0,0.0,0.0,0,0.0,0.0,0,0,0,0.002905607223510742,0.0,0.0,0.0,True,feasible,baseline_truck_only,287.8813456815878,116.77143574694301,,,,0.0,True,feasible_only,0.0,287.8813456815878,True,287.8813456815878,,,
S0013_R02,1302028,nils,S0013,n15_p0.75_d1_clustered_Elow_V2.00_Hmedium_PWflat_B0.15,15,0.7333333333333333,0.75,1,3,low,2.0,clustered,medium,flat,0.15,1.0,1.0,1.0,peripheral,54.59678390394686,41.98430097887825,12.612482925068603,0.0,0.0,0.0,0.0,0.0,99.17717810035252,52.480376223597816,42.04160975022867,10,5,0.3333333333333333,1,1,5.0,5.0,0.0,0.0,0.0,0.0,0,0.7906215107283339,0.7906215107283339,0,100,100,0.1840970516204834,25.0,5.0,49.0,True,feasible,nils_complete,287.8813456815878,116.77143574694301,,81.03496988501163,,55.05717996194826,True,feasible_only,0.0,54.59678390394686,True,287.8813456815878,,81.03496988501163,
S0013_R03,1302029,truck_only,S0013,n15_p0.75_d1_clustered_Elow_V2.00_Hmedium_PWflat_B0.15,15,0.7333333333333333,0.75,1,3,low,2.0,clustered,medium,flat,0.15,1.0,1.0,1.0,peripheral,193.61916233828214,69.72486707853488,0.0,0.0,123.89429525974725,123.89429525974725,123.89429525974725,0.0,163.62305866314324,87.1560838481686,0.0,15,0,0.0,0,0,0.0,0.0,0.0,0.0,0.0,0.0,0,0.0,0.0,0,0,0,0.0033922195434570312,0.0,0.0,0.0,True,feasible,baseline_truck_only,193.61916233828214,87.1560838481686,,,,0.0,True,feasible_only,0.0,193.61916233828214,True,193.61916233828214,,,
S0013_R03,1302029,nils,S0013,n15_p0.75_d1_clustered_Elow_V2.00_Hmedium_PWflat_B0.15,15,0.7333333333333333,0.75,1,3,low,2.0,clustered,medium,flat,0.15,1.0,1.0,1.0,peripheral,56.89120339962437,43.7699273917704,13.121276007853965,0.0,0.0,0.0,0.0,0.0,102.77014880267383,54.712409239713004,43.73758669284655,10,5,0.3333333333333333,1,1,5.0,5.0,0.0,0.0,0.0,0.0,0,0.8189378555167312,0.8189378555167312,0,117,117,0.15653228759765625,25.0,4.0,50.0,True,feasible,nils_complete,193.61916233828214,87.1560838481686,,70.61695613566037,,37.22479622303192,True,feasible_only,0.0,56.89120339962437,True,193.61916233828214,,70.61695613566037,
S0013_R04,1302030,truck_only,S0013,n15_p0.75_d1_clustered_Elow_V2.00_Hmedium_PWflat_B0.15,15,0.7333333333333333,0.75,1,3,low,2.0,clustered,medium,flat,0.15,1.0,1.0,1.0,peripheral,93.44498391971734,71.7559577450264,0.0,0.0,21.68902617469095,21.68902617469095,0.0,0.0,167.66151736201965,89.69494718128297,0.0,15,0,0.0,0,0,0.0,0.0,0.0,0.0,0.0,0.0,0,0.0,0.0,0,0,0,0.004981040954589844,0.0,0.0,0.0,True,feasible,baseline_truck_only,93.44498391971734,89.69494718128297,,,,0.0,True,feasible_only,0.0,93.44498391971734,True,93.44498391971734,,,
S0013_R04,1302030,nils,S0013,n15_p0.75_d1_clustered_Elow_V2.00_Hmedium_PWflat_B0.15,15,0.7333333333333333,0.75,1,3,low,2.0,clustered,medium,flat,0.15,1.0,1.0,1.0,peripheral,48.703981529123126,40.0524333680574,8.651548161065728,0.0,0.0,0.0,0.0,0.0,97.31777662592316,50.06554171007174,28.838493870219096,12,3,0.2,1,1,3.0,3.0,0.0,0.0,0.0,0.0,0,0.5205622390943841,0.5205622390943841,0,0,0,0.1976768970489502,22.0,3.0,74.0,True,feasible,nils_complete,93.44498391971734,89.69494718128297,,47.87951210846498,,44.182428014719726,True,feasible_only,0.0,48.703981529123126,True,93.44498391971734,,47.87951210846498,
S0013_R05,1302031,truck_only,S0013,n15_p0.75_d1_clustered_Elow_V2.00_Hmedium_PWflat_B0.15,15,0.7333333333333333,0.75,1,3,low,2.0,clustered,medium,flat,0.15,1.0,1.0,1.0,peripheral,140.8515735589314,69.6512189345708,0.0,0.0,71.20035462436059,71.20035462436059,71.20035462436059,0.0,162.94409717698136,87.06402366821351,0.0,15,0,0.0,0,0,0.0,0.0,0.0,0.0,0.0,0.0,0,0.0,0.0,0,0,0,0.004498004913330078,0.0,0.0,0.0,True,feasible,baseline_truck_only,140.8515735589314,87.06402366821351,,,,0.0,True,feasible_only,0.0,140.8515735589314,True,140.8515735589314,,,
S0013_R05,1302031,nils,S0013,n15_p0.75_d1_clustered_Elow_V2.00_Hmedium_PWflat_B0.15,15,0.7333333333333333,0.75,1,3,low,2.0,clustered,medium,flat,0.15,1.0,1.0,1.0,peripheral,48.814210335898416,36.913484794657236,11.900725541241181,0.0,0.0,0.0,0.0,0.0,87.14975360714003,46.14185599332154,39.6690851374706,9,6,0.4,1,1,6.0,6.0,0.0,0.0,0.0,0.0,0,0.7483702601268118,0.7483702601268118,0,71,71,0.21308159828186035,25.0,6.0,61.0,True,feasible,nils_complete,140.8515735589314,87.06402366821351,,65.34351083023232,,47.00238508484231,True,feasible_only,0.0,48.814210335898416,True,140.8515735589314,,65.34351083023232,
S0013_R06,1302032,truck_only,S0013,n15_p0.75_d1_clustered_Elow_V2.00_Hmedium_PWflat_B0.15,15,0.7333333333333333,0.75,1,3,low,2.0,clustered,medium,flat,0.15,1.0,1.0,1.0,peripheral,143.69052098243367,74.05023931140784,0.0,0.0,69.64028167102583,69.64028167102583,69.64028167102583,0.0,172.42380447364707,92.56279913925977,0.0,15,0,0.0,0,0,0.0,0.0,0.0,0.0,0.0,0.0,0,0.0,0.0,0,0,0,0.005274295806884766,0.0,0.0,0.0,True,feasible,baseline_truck_only,143.69052098243367,92.56279913925977,,,,0.0,True,feasible_only,0.0,143.69052098243367,True,143.69052098243367,,,
S0013_R06,1302032,nils,S0013,n15_p0.75_d1_clustered_Elow_V2.00_Hmedium_PWflat_B0.15,15,0.7333333333333333,0.75,1,3,low,2.0,clustered,medium,flat,0.15,1.0,1.0,1.0,peripheral,51.02637872878348,37.547428077562095,13.478950651221382,0.0,0.0,0.0,0.0,0.0,87.9377402395418,46.93428509695263,44.92983550407128,9,6,0.4,1,1,6.0,6.0,0.0,0.0,0.0,0.0,0,0.847881879676639,0.847881879676639,0,101,101,0.223036527633667,25.0,4.0,40.0,True,feasible,nils_complete,143.69052098243367,92.56279913925977,,64.48869530160484,,49.29465667266557,True,feasible_only,0.0,51.02637872878348,True,143.69052098243367,,64.48869530160484,
S0013_R07,1302033,truck_only,S0013,n15_p0.75_d1_clustered_Elow_V2.00_Hmedium_PWflat_B0.15,15,0.7333333333333333,0.75,1,3,low,2.0,clustered,medium,flat,0.15,1.0,1.0,1.0,peripheral,140.90447974068343,71.63609784721314,0.0,0.0,69.2683818934703,69.2683818934703,53.15408729037644,0.0,167.52270463899632,89.54512230901642,0.0,15,0,0.0,0,0,0.0,0.0,0.0,0.0,0.0,0.0,0,0.0,0.0,0,0,0,0.002987384796142578,0.0,0.0,0.0,True,feasible,baseline_truck_only,140.90447974068343,89.54512230901642,,,,0.0,True,feasible_only,0.0,140.90447974068343,True,140.90447974068343,,,
S0013_R07,1302033,nils,S0013,n15_p0.75_d1_clustered_Elow_V2.00_Hmedium_PWflat_B0.15,15,0.7333333333333333,0.75,1,3,low,2.0,clustered,medium,flat,0.15,1.0,1.0,1.0,peripheral,55.18927519657836,45.1294401446132,10.059835051965159,0.0,0.0,0.0,0.0,0.0,107.45256670204276,56.411800180766484,33.53278350655053,12,3,0.2,1,1,3.0,3.0,0.0,0.0,0.0,0.0,0,0.6183431513229872,0.6183431513229872,0,37,37,0.13138723373413086,18.0,3.0,47.0,True,feasible,nils_complete,140.90447974068343,89.54512230901642,,60.83213585675408,,37.001816820248735,True,feasible_only,0.0,55.18927519657836,True,140.90447974068343,,60.83213585675408,
S0013_R08,1302034,truck_only,S0013,n15_p0.75_d1_clustered_Elow_V2.00_Hmedium_PWflat_B0.15,15,0.7333333333333333,0.75,1,3,low,2.0,clustered,medium,flat,0.15,1.0,1.0,1.0,peripheral,124.60797081361179,69.4075433550241,0.0,0.0,55.20042745858768,55.20042745858768,47.50404657468563,0.0,163.0986227730277,86.75942919378014,0.0,15,0,0.0,0,0,0.0,0.0,0.0,0.0,0.0,0.0,0,0.0,0.0,0,0,0,0.002786874771118164,0.0,0.0,0.0,True,feasible,baseline_truck_only,124.60797081361179,86.75942919378014,,,,0.0,True,feasible_only,0.0,124.60797081361179,True,124.60797081361179,,,
S0013_R08,1302034,nils,S0013,n15_p0.75_d1_clustered_Elow_V2.00_Hmedium_PWflat_B0.15,15,0.7333333333333333,0.75,1,3,low,2.0,clustered,medium,flat,0.15,1.0,1.0,1.0,peripheral,51.74476980426539,41.49265819885662,10.252111605408771,0.0,0.0,0.0,0.0,0.0,99.7765805510191,51.865822748570764,34.17370535136258,12,3,0.2,1,1,3.0,3.0,0.0,0.0,0.0,0.0,0,0.6256390426792788,0.6256390426792788,0,0,0,0.14166593551635742,25.0,3.0,38.0,True,feasible,nils_complete,124.60797081361179,86.75942919378014,,58.47394876394781,,40.218805920533796,True,feasible_only,0.0,51.74476980426539,True,124.60797081361179,,58.47394876394781,
S0013_R09,1302035,truck_only,S0013,n15_p0.75_d1_clustered_Elow_V2.00_Hmedium_PWflat_B0.15,15,0.7333333333333333,0.75,1,3,low,2.0,clustered,medium,flat,0.15,1.0,1.0,1.0,peripheral,64.16839700804627,64.16839700804627,0.0,0.0,0.0,0.0,0.0,0.0,152.48796978577627,80.21049626005784,0.0,15,0,0.0,0,0,0.0,0.0,0.0,0.0,0.0,0.0,0,0.0,0.0,0,0,0,0.0048711299896240234,0.0,0.0,0.0,True,feasible,baseline_truck_only,64.16839700804627,80.21049626005784,,,,0.0,True,feasible_only,0.0,64.16839700804627,True,64.16839700804627,,,
S0013_R09,1302035,nils,S0013,n15_p0.75_d1_clustered_Elow_V2.00_Hmedium_PWflat_B0.15,15,0.7333333333333333,0.75,1,3,low,2.0,clustered,medium,flat,0.15,1.0,1.0,1.0,peripheral,47.71705817900123,38.19608852742922,9.520969651572013,0.0,0.0,0.0,0.0,0.0,90.18844321652072,47.74511065928652,31.736565505240044,8,7,0.4666666666666667,1,1,7.0,7.0,0.0,0.0,0.0,0.0,0,0.5837148212066356,0.5837148212066356,0,0,0,0.15517210960388184,22.0,7.0,66.0,True,feasible,nils_complete,64.16839700804627,80.21049626005784,,25.637758766176063,,40.475233435175745,True,feasible_only,0.0,47.71705817900123,True,64.16839700804627,,25.637758766176063,
S0013_R10,1302036,truck_only,S0013,n15_p0.75_d1_clustered_Elow_V2.00_Hmedium_PWflat_B0.15,15,0.7333333333333333,0.75,1,3,low,2.0,clustered,medium,flat,0.15,1.0,1.0,1.0,peripheral,307.62508882102657,73.78360014591104,0.0,0.0,233.84148867511553,233.84148867511553,219.4079167770848,0.0,172.703151869473,92.22950018238879,0.0,15,0,0.0,0,0,0.0,0.0,0.0,0.0,0.0,0.0,0,0.0,0.0,0,0,0,0.005442142486572266,0.0,0.0,0.0,True,feasible,baseline_truck_only,307.62508882102657,92.22950018238879,,,,0.0,True,feasible_only,0.0,307.62508882102657,True,307.62508882102657,,,
S0013_R10,1302036,nils,S0013,n15_p0.75_d1_clustered_Elow_V2.00_Hmedium_PWflat_B0.15,15,0.7333333333333333,0.75,1,3,low,2.0,clustered,medium,flat,0.15,1.0,1.0,1.0,peripheral,51.466390964402194,40.64363954542641,10.822751418975784,0.0,0.0,0.0,0.0,0.0,98.05273051038802,50.804549431782995,36.07583806325261,11,4,0.26666666666666666,1,1,4.0,4.0,0.0,0.0,0.0,0.0,0,0.6724927988170626,0.6724927988170626,0,0,0,0.14913177490234375,25.0,4.0,38.0,False,infeasible,nils_complete,307.62508882102657,92.22950018238879,,83.26976802781361,,44.91507670396753,False,feasible_only,0.0,,False,307.62508882102657,,,
S0014_R01,1402027,truck_only,S0014,n15_p0.75_d1_clustered_Elow_V2.00_Hmedium_PWmoderate_B0.15,15,0.7333333333333333,0.75,1,3,low,2.0,clustered,medium,moderate,0.15,20.0,5.0,1.0,peripheral,3659.0950150922818,75.95495288295366,0.0,0.0,3583.140062209328,3583.140062209328,176.45414203005564,0.0,176.89563788857117,94.94369110369206,0.0,15,0,0.0,0,0,0.0,0.0,0.0,0.0,0.0,0.0,0,0.0,0.0,0,0,0,0.00516057014465332,0.0,0.0,0.0,True,feasible,baseline_truck_only,3659.0950150922818,94.94369110369206,,,,0.0,True,feasible_only,0.0,3659.0950150922818,True,3659.0950150922818,,,
S0014_R01,1402027,nils,S0014,n15_p0.75_d1_clustered_Elow_V2.00_Hmedium_PWmoderate_B0.15,15,0.7333333333333333,0.75,1,3,low,2.0,clustered,medium,moderate,0.15,20.0,5.0,1.0,peripheral,51.03714024992516,39.377683754552955,11.659456495372208,0.0,0.0,0.0,0.0,0.0,92.5582175424806,49.22210469319119,38.86485498457402,10,5,0.3333333333333333,1,1,5.0,5.0,0.0,0.0,0.0,0.0,0,0.7179140760766906,0.7179140760766906,0,30,30,0.16624140739440918,23.0,5.0,67.0,True,feasible,nils_complete,3659.0950150922818,94.94369110369206,,98.60519773224205,,48.15652928488568,True,feasible_only,0.0,51.03714024992516,True,3659.0950150922818,,98.60519773224205,
S0014_R02,1402028,truck_only,S0014,n15_p0.75_d1_clustered_Elow_V2.00_Hmedium_PWmoderate_B0.15,15,0.7333333333333333,0.75,1,3,low,2.0,clustered,medium,moderate,0.15,20.0,5.0,1.0,peripheral,2178.521946097232,70.20762656173788,0.0,0.0,2108.314319535494,2108.314319535494,101.98190147867297,0.0,165.24064554634376,87.75953320217236,0.0,15,0,0.0,0,0,0.0,0.0,0.0,0.0,0.0,0.0,0,0.0,0.0,0,0,0,0.0045623779296875,0.0,0.0,0.0,True,feasible,baseline_truck_only,2178.521946097232,87.75953320217236,,,,0.0,True,feasible_only,0.0,2178.521946097232,True,2178.521946097232,,,
S0014_R02,1402028,nils,S0014,n15_p0.75_d1_clustered_Elow_V2.00_Hmedium_PWmoderate_B0.15,15,0.7333333333333333,0.75,1,3,low,2.0,clustered,medium,moderate,0.15,20.0,5.0,1.0,peripheral,53.17606058566907,40.06512376866837,13.110936817000699,0.0,0.0,0.0,0.0,0.0,93.85137010218523,50.08140471083546,43.70312272333567,9,6,0.4,1,1,6.0,6.0,0.0,0.0,0.0,0.0,0,0.8241787963672896,0.8241787963672896,0,76,76,0.16430401802062988,25.0,6.0,56.0,True,feasible,nils_complete,2178.521946097232,87.75953320217236,,97.55907620389445,,42.933373864395435,True,feasible_only,0.0,53.17606058566907,True,2178.521946097232,,97.55907620389445,
S0014_R03,1402029,truck_only,S0014,n15_p0.75_d1_clustered_Elow_V2.00_Hmedium_PWmoderate_B0.15,15,0.7333333333333333,0.75,1,3,low,2.0,clustered,medium,moderate,0.15,20.0,5.0,1.0,peripheral,4145.54117450527,84.40384127859545,0.0,0.0,4061.137333226674,4061.137333226674,175.0591926953076,0.0,194.36015629079319,105.50480159824431,0.0,15,0,0.0,0,0,0.0,0.0,0.0,0.0,0.0,0.0,0,0.0,0.0,0,0,0,0.003304719924926758,0.0,0.0,0.0,True,feasible,baseline_truck_only,4145.54117450527,105.50480159824431,,,,0.0,True,feasible_only,0.0,4145.54117450527,True,4145.54117450527,,,
S0014_R03,1402029,nils,S0014,n15_p0.75_d1_clustered_Elow_V2.00_Hmedium_PWmoderate_B0.15,15,0.7333333333333333,0.75,1,3,low,2.0,clustered,medium,moderate,0.15,20.0,5.0,1.0,peripheral,89.55427938843303,76.81085412076166,12.743425267671364,0.0,0.0,0.0,0.0,0.0,89.50609791150418,96.01356765095207,42.478084225571216,9,6,0.4,1,1,6.0,6.0,0.0,0.0,0.0,0.0,0,0.8041985836877327,0.8041985836877327,0,108,108,0.18239188194274902,25.0,9.0,41.0,True,feasible,nils_complete,4145.54117450527,105.50480159824431,,97.83974454435084,,8.996020847879768,True,feasible_only,0.0,89.55427938843303,True,4145.54117450527,,97.83974454435084,
S0014_R04,1402030,truck_only,S0014,n15_p0.75_d1_clustered_Elow_V2.00_Hmedium_PWmoderate_B0.15,15,0.7333333333333333,0.75,1,3,low,2.0,clustered,medium,moderate,0.15,20.0,5.0,1.0,peripheral,1994.125114362936,69.1130046171509,0.0,0.0,1925.0121097457852,1925.0121097457852,96.25060548728926,0.0,162.4847950306251,86.39125577143864,0.0,15,0,0.0,0,0,0.0,0.0,0.0,0.0,0.0,0.0,0,0.0,0.0,0,0,0,0.0032227039337158203,0.0,0.0,0.0,True,feasible,baseline_truck_only,1994.125114362936,86.39125577143864,,,,0.0,True,feasible_only,0.0,1994.125114362936,True,1994.125114362936,,,
S0014_R04,1402030,nils,S0014,n15_p0.75_d1_clustered_Elow_V2.00_Hmedium_PWmoderate_B0.15,15,0.7333333333333333,0.75,1,3,low,2.0,clustered,medium,moderate,0.15,20.0,5.0,1.0,peripheral,51.447724452872684,42.13747781920872,9.310246633663965,0.0,0.0,0.0,0.0,0.0,102.18102358509739,52.6718472740109,31.034155445546546,13,2,0.13333333333333333,1,1,2.0,2.0,0.0,0.0,0.0,0.0,0,0.556927814648449,0.556927814648449,0,24,24,0.14647316932678223,19.0,2.0,59.0,True,feasible,nils_complete,1994.125114362936,86.39125577143864,,97.42003527851317,,39.03104335771854,True,feasible_only,0.0,51.447724452872684,True,1994.125114362936,,97.42003527851317,
S0014_R05,1402031,truck_only,S0014,n15_p0.75_d1_clustered_Elow_V2.00_Hmedium_PWmoderate_B0.15,15,0.7333333333333333,0.75,1,3,low,2.0,clustered,medium,moderate,0.15,20.0,5.0,1.0,peripheral,62.80601150621378,62.80601150621378,0.0,0.0,0.0,0.0,0.0,0.0,147.6666658319775,78.50751438276723,0.0,15,0,0.0,0,0,0.0,0.0,0.0,0.0,0.0,0.0,0,0.0,0.0,0,0,0,0.0038123130798339844,0.0,0.0,0.0,True,feasible,baseline_truck_only,62.80601150621378,78.50751438276723,,,,0.0,True,feasible_only,0.0,62.80601150621378,True,62.80601150621378,,,
S0014_R05,1402031,nils,S0014,n15_p0.75_d1_clustered_Elow_V2.00_Hmedium_PWmoderate_B0.15,15,0.7333333333333333,0.75,1,3,low,2.0,clustered,medium,moderate,0.15,20.0,5.0,1.0,peripheral,53.91474842786867,41.6795026138572,12.235245814011474,0.0,0.0,0.0,0.0,0.0,98.0470163407219,52.0993782673215,40.78415271337158,10,5,0.3333333333333333,1,1,5.0,5.0,0.0,0.0,0.0,0.0,0,0.7558864072586421,0.7558864072586421,0,43,43,0.13024067878723145,17.0,4.0,53.0,True,feasible,nils_complete,62.80601150621378,78.50751438276723,,14.156707081240844,,33.6377177688897,True,feasible_only,0.0,53.91474842786867,True,62.80601150621378,,14.156707081240844,
S0014_R06,1402032,truck_only,S0014,n15_p0.75_d1_clustered_Elow_V2.00_Hmedium_PWmoderate_B0.15,15,0.7333333333333333,0.75,1,3,low,2.0,clustered,medium,moderate,0.15,20.0,5.0,1.0,peripheral,122.21973380099541,74.56716785746352,0.0,0.0,47.6525659435319,47.6525659435319,0.0,0.0,173.3011178062814,93.2089598218294,0.0,15,0,0.0,0,0,0.0,0.0,0.0,0.0,0.0,0.0,0,0.0,0.0,0,0,0,0.004968404769897461,0.0,0.0,0.0,True,feasible,baseline_truck_only,122.21973380099541,93.2089598218294,,,,0.0,True,feasible_only,0.0,122.21973380099541,True,122.21973380099541,,,
S0014_R06,1402032,nils,S0014,n15_p0.75_d1_clustered_Elow_V2.00_Hmedium_PWmoderate_B0.15,15,0.7333333333333333,0.75,1,3,low,2.0,clustered,medium,moderate,0.15,20.0,5.0,1.0,peripheral,47.55179272565546,34.35449449192089,13.197298233734573,0.0,0.0,0.0,0.0,0.0,77.51323201559835,42.94311811490111,43.990994112448575,5,10,0.6666666666666666,1,1,10.0,10.0,0.0,0.0,0.0,0.0,0,0.8236845358656925,0.8236845358656925,0,14,14,0.16390538215637207,23.0,5.0,64.0,True,feasible,nils_complete,122.21973380099541,93.2089598218294,,61.093195634772215,,53.92812214942892,True,feasible_only,0.0,47.55179272565546,True,122.21973380099541,,61.093195634772215,
S0014_R07,1402033,truck_only,S0014,n15_p0.75_d1_clustered_Elow_V2.00_Hmedium_PWmoderate_B0.15,15,0.7333333333333333,0.75,1,3,low,2.0,clustered,medium,moderate,0.15,20.0,5.0,1.0,peripheral,1952.0462925739257,81.44142646597268,0.0,0.0,1870.604866107953,1870.604866107953,74.1054356182692,0.0,188.11572706818168,101.80178308246585,0.0,15,0,0.0,0,0,0.0,0.0,0.0,0.0,0.0,0.0,0,0.0,0.0,0,0,0,0.005070209503173828,0.0,0.0,0.0,True,feasible,baseline_truck_only,1952.0462925739257,101.80178308246585,,,,0.0,True,feasible_only,0.0,1952.0462925739257,True,1952.0462925739257,,,
S0014_R07,1402033,nils,S0014,n15_p0.75_d1_clustered_Elow_V2.00_Hmedium_PWmoderate_B0.15,15,0.7333333333333333,0.75,1,3,low,2.0,clustered,medium,moderate,0.15,20.0,5.0,1.0,peripheral,55.54393597124644,43.75464618516469,11.789289786081756,0.0,0.0,0.0,0.0,0.0,103.50990235731817,54.69330773145585,39.29763262027252,11,4,0.26666666666666666,1,1,4.0,4.0,0.0,0.0,0.0,0.0,0,0.7411162086044735,0.7411162086044735,0,84,84,0.14513278007507324,25.0,4.0,38.0,False,infeasible,nils_complete,1952.0462925739257,101.80178308246585,,97.15457895734598,,46.27470553521559,False,feasible_only,0.0,,False,1952.0462925739257,,,
S0014_R08,1402034,truck_only,S0014,n15_p0.75_d1_clustered_Elow_V2.00_Hmedium_PWmoderate_B0.15,15,0.7333333333333333,0.75,1,3,low,2.0,clustered,medium,moderate,0.15,20.0,5.0,1.0,peripheral,3123.448527805591,70.67356163872842,0.0,0.0,3052.774966166862,3052.774966166862,149.55275085716752,0.0,165.40965874646702,88.34195204841052,0.0,15,0,0.0,0,0,0.0,0.0,0.0,0.0,0.0,0.0,0,0.0,0.0,0,0,0,0.005281209945678711,0.0,0.0,0.0,True,feasible,baseline_truck_only,3123.448527805591,88.34195204841052,,,,0.0,True,feasible_only,0.0,3123.448527805591,True,3123.448527805591,,,
S0014_R08,1402034,nils,S0014,n15_p0.75_d1_clustered_Elow_V2.00_Hmedium_PWmoderate_B0.15,15,0.7333333333333333,0.75,1,3,low,2.0,clustered,medium,moderate,0.15,20.0,5.0,1.0,peripheral,51.03912991679499,37.64225458530351,13.396875331491476,0.0,0.0,0.0,0.0,0.0,89.32719898201181,47.05281823162939,44.65625110497159,10,5,0.3333333333333333,1,1,5.0,5.0,0.0,0.0,0.0,0.0,0,0.8400763799642684,0.8400763799642684,0,130,130,0.1745433807373047,25.0,5.0,37.0,True,feasible,nils_complete,3123.448527805591,88.34195204841052,,98.36593657739405,,46.73785541229052,True,feasible_only,0.0,51.03912991679499,True,3123.448527805591,,98.36593657739405,
S0014_R09,1402035,truck_only,S0014,n15_p0.75_d1_clustered_Elow_V2.00_Hmedium_PWmoderate_B0.15,15,0.7333333333333333,0.75,1,3,low,2.0,clustered,medium,moderate,0.15,20.0,5.0,1.0,peripheral,2399.3021521460273,77.14770585941237,0.0,0.0,2322.154446286615,2322.154446286615,113.47420801206482,0.0,180.20573507743174,96.43463232426544,0.0,15,0,0.0,0,0,0.0,0.0,0.0,0.0,0.0,0.0,0,0.0,0.0,0,0,0,0.00526738166809082,0.0,0.0,0.0,True,feasible,baseline_truck_only,2399.3021521460273,96.43463232426544,,,,0.0,True,feasible_only,0.0,2399.3021521460273,True,2399.3021521460273,,,
S0014_R09,1402035,nils,S0014,n15_p0.75_d1_clustered_Elow_V2.00_Hmedium_PWmoderate_B0.15,15,0.7333333333333333,0.75,1,3,low,2.0,clustered,medium,moderate,0.15,20.0,5.0,1.0,peripheral,52.819431376929366,42.1187438700026,10.700687506926768,0.0,0.0,0.0,0.0,0.0,102.27568046603642,52.64842983750325,35.66895835642256,12,3,0.2,1,1,3.0,3.0,0.0,0.0,0.0,0.0,0,0.6619896093462441,0.6619896093462441,0,0,0,0.23181557655334473,25.0,3.0,38.0,True,feasible,nils_complete,2399.3021521460273,96.43463232426544,,97.79855024388296,,45.40505981246371,True,feasible_only,0.0,52.819431376929366,True,2399.3021521460273,,97.79855024388296,
S0014_R10,1402036,truck_only,S0014,n15_p0.75_d1_clustered_Elow_V2.00_Hmedium_PWmoderate_B0.15,15,0.7333333333333333,0.75,1,3,low,2.0,clustered,medium,moderate,0.15,20.0,5.0,1.0,peripheral,2050.188333310183,73.19545669129882,0.0,0.0,1976.9928766188846,1976.9928766188846,96.73270753015805,0.0,172.14304989300638,91.4943208641235,0.0,15,0,0.0,0,0,0.0,0.0,0.0,0.0,0.0,0.0,0,0.0,0.0,0,0,0,0.005213499069213867,0.0,0.0,0.0,True,feasible,baseline_truck_only,2050.188333310183,91.4943208641235,,,,0.0,True,feasible_only,0.0,2050.188333310183,True,2050.188333310183,,,
S0014_R10,1402036,nils,S0014,n15_p0.75_d1_clustered_Elow_V2.00_Hmedium_PWmoderate_B0.15,15,0.7333333333333333,0.75,1,3,low,2.0,clustered,medium,moderate,0.15,20.0,5.0,1.0,peripheral,52.63678219311501,41.02279393310448,11.613988260010526,0.0,0.0,0.0,0.0,0.0,100.40619444516682,51.2784924163806,38.71329420003509,11,4,0.26666666666666666,1,1,4.0,4.0,0.0,0.0,0.0,0.0,0,0.7295316875698338,0.7295316875698338,0,64,64,0.16886687278747559,25.0,4.0,37.0,False,infeasible,nils_complete,2050.188333310183,91.4943208641235,,97.43258795604748,,43.954453203130136,False,feasible_only,0.0,,False,2050.188333310183,,,
S0015_R01,1502027,truck_only,S0015,n15_p0.75_d1_clustered_Emedium_V1.25_Hshort_PWmoderate_B0.15,15,0.7333333333333333,0.75,1,3,medium,1.25,clustered,short,moderate,0.15,20.0,5.0,1.0,peripheral,847.0954015226275,72.10478770038536,0.0,0.0,774.9906138222422,774.9906138222422,38.749530691112106,0.0,169.17793904139097,90.13098462548172,0.0,15,0,0.0,0,0,0.0,0.0,0.0,0.0,0.0,0.0,0,0.0,0.0,0,0,0,0.0026366710662841797,0.0,0.0,0.0,True,feasible,baseline_truck_only,847.0954015226275,90.13098462548172,,,,0.0,True,feasible_only,0.0,847.0954015226275,True,847.0954015226275,,,
S0015_R01,1502027,nils,S0015,n15_p0.75_d1_clustered_Emedium_V1.25_Hshort_PWmoderate_B0.15,15,0.7333333333333333,0.75,1,3,medium,1.25,clustered,short,moderate,0.15,20.0,5.0,1.0,peripheral,51.260243870036405,39.2377654170907,12.022478452945709,0.0,0.0,0.0,0.0,0.0,90.68654693123537,49.04720677136337,40.0749281764857,8,7,0.4666666666666667,1,1,7.0,7.0,0.0,0.0,0.0,0.0,0,0.8366182500777682,0.8366182500777682,0,57,57,0.20017004013061523,25.0,7.0,59.0,True,feasible,nils_complete,847.0954015226275,90.13098462548172,,93.94870474117816,,45.58230227355487,True,feasible_only,0.0,51.260243870036405,True,847.0954015226275,,93.94870474117816,
S0015_R02,1502028,truck_only,S0015,n15_p0.75_d1_clustered_Emedium_V1.25_Hshort_PWmoderate_B0.15,15,0.7333333333333333,0.75,1,3,medium,1.25,clustered,short,moderate,0.15,20.0,5.0,1.0,peripheral,815.811545297697,55.478560822379244,0.0,0.0,760.3329844753177,760.3329844753177,38.01664922376589,0.0,131.41551664993816,69.34820102797407,0.0,15,0,0.0,0,0,0.0,0.0,0.0,0.0,0.0,0.0,0,0.0,0.0,0,0,0,0.0028553009033203125,0.0,0.0,0.0,True,feasible,baseline_truck_only,815.811545297697,69.34820102797407,,,,0.0,True,feasible_only,0.0,815.811545297697,True,815.811545297697,,,
S0015_R02,1502028,nils,S0015,n15_p0.75_d1_clustered_Emedium_V1.25_Hshort_PWmoderate_B0.15,15,0.7333333333333333,0.75,1,3,medium,1.25,clustered,short,moderate,0.15,20.0,5.0,1.0,peripheral,45.77336147946226,36.74476010991368,9.028601369548584,0.0,0.0,0.0,0.0,0.0,87.93534811046482,45.930950137392095,30.095337898495284,12,3,0.2,1,1,3.0,3.0,0.0,0.0,0.0,0.0,0,0.6172695820428896,0.6172695820428896,0,30,30,0.1644432544708252,23.0,3.0,67.0,True,feasible,nils_complete,815.811545297697,69.34820102797407,,94.38922362115395,,33.76764003025225,True,feasible_only,0.0,45.77336147946226,True,815.811545297697,,94.38922362115395,
S0015_R03,1502029,truck_only,S0015,n15_p0.75_d1_clustered_Emedium_V1.25_Hshort_PWmoderate_B0.15,15,0.7333333333333333,0.75,1,3,medium,1.25,clustered,short,moderate,0.15,20.0,5.0,1.0,peripheral,1149.3949786910084,60.89190359387608,0.0,0.0,1088.5030750971323,1088.5030750971323,54.42515375485661,0.0,142.95074894245627,76.11487949234511,0.0,15,0,0.0,0,0,0.0,0.0,0.0,0.0,0.0,0.0,0,0.0,0.0,0,0,0,0.0052340030670166016,0.0,0.0,0.0,True,feasible,baseline_truck_only,1149.3949786910084,76.11487949234511,,,,0.0,True,feasible_only,0.0,1149.3949786910084,True,1149.3949786910084,,,
S0015_R03,1502029,nils,S0015,n15_p0.75_d1_clustered_Emedium_V1.25_Hshort_PWmoderate_B0.15,15,0.7333333333333333,0.75,1,3,medium,1.25,clustered,short,moderate,0.15,20.0,5.0,1.0,peripheral,46.35223276589971,35.901371884871345,10.45086088102836,0.0,0.0,0.0,0.0,0.0,85.8341276356176,44.876714856089194,34.8362029367612,12,3,0.2,1,1,3.0,3.0,0.0,0.0,0.0,0.0,0,0.7060863853465317,0.7060863853465317,0,45,45,0.1397695541381836,17.0,3.0,46.0,True,feasible,nils_complete,1149.3949786910084,76.11487949234511,,95.96724941162627,,41.040812052257856,True,feasible_only,0.0,46.35223276589971,True,1149.3949786910084,,95.96724941162627,
S0015_R04,1502030,truck_only,S0015,n15_p0.75_d1_clustered_Emedium_V1.25_Hshort_PWmoderate_B0.15,15,0.7333333333333333,0.75,1,3,medium,1.25,clustered,short,moderate,0.15,20.0,5.0,1.0,peripheral,128.75422500174068,73.0303302545999,0.0,0.0,55.72389474714079,55.72389474714079,0.0,0.0,170.98505241865575,91.2879128182499,0.0,15,0,0.0,0,0,0.0,0.0,0.0,0.0,0.0,0.0,0,0.0,0.0,0,0,0,0.005288362503051758,0.0,0.0,0.0,True,feasible,baseline_truck_only,128.75422500174068,91.2879128182499,,,,0.0,True,feasible_only,0.0,128.75422500174068,True,128.75422500174068,,,
S0015_R04,1502030,nils,S0015,n15_p0.75_d1_clustered_Emedium_V1.25_Hshort_PWmoderate_B0.15,15,0.7333333333333333,0.75,1,3,medium,1.25,clustered,short,moderate,0.15,20.0,5.0,1.0,peripheral,55.927245373243906,43.72513501357395,12.202110359669959,0.0,0.0,0.0,0.0,0.0,102.77637160456116,54.65641876696743,40.67370119889987,11,4,0.26666666666666666,1,1,4.0,4.0,0.0,0.0,0.0,0.0,0,0.8360471930113516,0.8360471930113516,0,154,154,0.19330453872680664,25.0,2.0,32.0,True,feasible,nils_complete,128.75422500174068,91.2879128182499,,56.56278823278397,,40.1274308069833,True,feasible_only,0.0,55.927245373243906,True,128.75422500174068,,56.56278823278397,
S0015_R05,1502031,truck_only,S0015,n15_p0.75_d1_clustered_Emedium_V1.25_Hshort_PWmoderate_B0.15,15,0.7333333333333333,0.75,1,3,medium,1.25,clustered,short,moderate,0.15,20.0,5.0,1.0,peripheral,3503.5903257503187,86.58775086734114,0.0,0.0,3417.0025748829776,3417.0025748829776,170.81182330368748,0.0,199.16520254980514,108.23468858417647,0.0,15,0,0.0,0,0,0.0,0.0,0.0,0.0,0.0,0.0,0,0.0,0.0,0,0,0,0.0032134056091308594,0.0,0.0,0.0,True,feasible,baseline_truck_only,3503.5903257503187,108.23468858417647,,,,0.0,True,feasible_only,0.0,3503.5903257503187,True,3503.5903257503187,,,
S0015_R05,1502031,nils,S0015,n15_p0.75_d1_clustered_Emedium_V1.25_Hshort_PWmoderate_B0.15,15,0.7333333333333333,0.75,1,3,medium,1.25,clustered,short,moderate,0.15,20.0,5.0,1.0,peripheral,97.24275162742049,43.45768377524997,12.122179062933283,0.0,41.66288878923723,41.66288878923723,2.0831444394618615,0.0,102.19657318197343,54.32210471906246,40.40726354311094,11,4,0.26666666666666666,1,1,4.0,4.0,0.0,0.0,0.0,0.0,0,0.8466983035230048,0.8466983035230048,0,157,157,0.1612842082977295,25.0,4.0,29.0,True,feasible,nils_complete,3503.5903257503187,108.23468858417647,,97.22448281373778,,49.81081811233283,True,feasible_only,0.0,97.24275162742049,True,3503.5903257503187,,97.22448281373778,
S0015_R06,1502032,truck_only,S0015,n15_p0.75_d1_clustered_Emedium_V1.25_Hshort_PWmoderate_B0.15,15,0.7333333333333333,0.75,1,3,medium,1.25,clustered,short,moderate,0.15,20.0,5.0,1.0,peripheral,620.2616832849332,73.9722429613636,0.0,0.0,546.2894403235696,546.2894403235696,26.447247910500842,0.0,170.16129815542024,92.46530370170449,0.0,15,0,0.0,0,0,0.0,0.0,0.0,0.0,0.0,0.0,0,0.0,0.0,0,0,0,0.005155324935913086,0.0,0.0,0.0,True,feasible,baseline_truck_only,620.2616832849332,92.46530370170449,,,,0.0,True,feasible_only,0.0,620.2616832849332,True,620.2616832849332,,,
S0015_R06,1502032,nils,S0015,n15_p0.75_d1_clustered_Emedium_V1.25_Hshort_PWmoderate_B0.15,15,0.7333333333333333,0.75,1,3,medium,1.25,clustered,short,moderate,0.15,20.0,5.0,1.0,peripheral,57.9327988262978,45.645661790305795,12.287137035992,0.0,0.0,0.0,0.0,0.0,104.10806020971472,57.05707723788224,40.95712345330667,8,7,0.4666666666666667,1,1,7.0,7.0,0.0,0.0,0.0,0.0,0,0.8472467336397133,0.8472467336397133,0,78,78,0.1733555793762207,25.0,6.0,54.0,True,feasible,nils_complete,620.2616832849332,92.46530370170449,,90.65994234570752,,38.29352745982442,True,feasible_only,0.0,57.9327988262978,True,620.2616832849332,,90.65994234570752,
S0015_R07,1502033,truck_only,S0015,n15_p0.75_d1_clustered_Emedium_V1.25_Hshort_PWmoderate_B0.15,15,0.7333333333333333,0.75,1,3,medium,1.25,clustered,short,moderate,0.15,20.0,5.0,1.0,peripheral,1936.0802910115776,81.99765918000764,0.0,0.0,1854.0826318315699,1854.0826318315699,81.88770809991173,0.0,188.97694615692146,102.49707397500954,0.0,15,0,0.0,0,0,0.0,0.0,0.0,0.0,0.0,0.0,0,0.0,0.0,0,0,0,0.004512310028076172,0.0,0.0,0.0,True,feasible,baseline_truck_only,1936.0802910115776,102.49707397500954,,,,0.0,True,feasible_only,0.0,1936.0802910115776,True,1936.0802910115776,,,
S0015_R07,1502033,nils,S0015,n15_p0.75_d1_clustered_Emedium_V1.25_Hshort_PWmoderate_B0.15,15,0.7333333333333333,0.75,1,3,medium,1.25,clustered,short,moderate,0.15,20.0,5.0,1.0,peripheral,52.11647902113343,43.33869163149188,8.777787389641546,0.0,0.0,0.0,0.0,0.0,104.41546147106739,54.17336453936486,29.259291298805152,13,2,0.13333333333333333,1,1,2.0,2.0,0.0,0.0,0.0,0.0,0,0.5958202038917286,0.5958202038917286,0,130,130,0.22244811058044434,25.0,2.0,35.0,True,feasible,nils_complete,1936.0802910115776,102.49707397500954,,97.30814474672931,,47.14642824577293,True,feasible_only,0.0,52.11647902113343,True,1936.0802910115776,,97.30814474672931,
S0015_R08,1502034,truck_only,S0015,n15_p0.75_d1_clustered_Emedium_V1.25_Hshort_PWmoderate_B0.15,15,0.7333333333333333,0.75,1,3,medium,1.25,clustered,short,moderate,0.15,20.0,5.0,1.0,peripheral,697.9461805838048,69.77170292228091,0.0,0.0,628.1744776615238,628.1744776615238,31.408723883076192,0.0,163.08331053887005,87.21462865285113,0.0,15,0,0.0,0,0,0.0,0.0,0.0,0.0,0.0,0.0,0,0.0,0.0,0,0,0,0.004914760589599609,0.0,0.0,0.0,True,feasible,baseline_truck_only,697.9461805838048,87.21462865285113,,,,0.0,True,feasible_only,0.0,697.9461805838048,True,697.9461805838048,,,
S0015_R08,1502034,nils,S0015,n15_p0.75_d1_clustered_Emedium_V1.25_Hshort_PWmoderate_B0.15,15,0.7333333333333333,0.75,1,3,medium,1.25,clustered,short,moderate,0.15,20.0,5.0,1.0,peripheral,47.97176079945514,36.98611808201716,10.985642717437983,0.0,0.0,0.0,0.0,0.0,85.80951551610423,46.23264760252145,36.618809058126615,8,7,0.4666666666666667,1,1,7.0,7.0,0.0,0.0,0.0,0.0,0,0.7650939946890379,0.7650939946890379,0,53,53,0.22579669952392578,25.0,6.0,58.0,True,feasible,nils_complete,697.9461805838048,87.21462865285113,,93.12672493467495,,46.98980169193203,True,feasible_only,0.0,47.97176079945514,True,697.9461805838048,,93.12672493467495,
S0015_R09,1502035,truck_only,S0015,n15_p0.75_d1_clustered_Emedium_V1.25_Hshort_PWmoderate_B0.15,15,0.7333333333333333,0.75,1,3,medium,1.25,clustered,short,moderate,0.15,20.0,5.0,1.0,peripheral,868.7398140801699,73.61008752492762,0.0,0.0,795.1297265552423,795.1297265552423,36.51399498649374,0.0,171.4087105516044,92.01260940615951,0.0,15,0,0.0,0,0,0.0,0.0,0.0,0.0,0.0,0.0,0,0.0,0.0,0,0,0,0.005221128463745117,0.0,0.0,0.0,True,feasible,baseline_truck_only,868.7398140801699,92.01260940615951,,,,0.0,True,feasible_only,0.0,868.7398140801699,True,868.7398140801699,,,
S0015_R09,1502035,nils,S0015,n15_p0.75_d1_clustered_Emedium_V1.25_Hshort_PWmoderate_B0.15,15,0.7333333333333333,0.75,1,3,medium,1.25,clustered,short,moderate,0.15,20.0,5.0,1.0,peripheral,55.36588194608737,45.65965549549854,9.706226450588833,0.0,0.0,0.0,0.0,0.0,110.34745591535466,57.07456936937318,32.354088168629445,13,2,0.13333333333333333,1,1,2.0,2.0,0.0,0.0,0.0,0.0,0,0.6587535629372983,0.6587535629372983,0,52,52,0.13990187644958496,17.0,2.0,44.0,True,feasible,nils_complete,868.7398140801699,92.01260940615951,,93.62687411711303,,37.97092622660423,True,feasible_only,0.0,55.36588194608737,True,868.7398140801699,,93.62687411711303,
S0015_R10,1502036,truck_only,S0015,n15_p0.75_d1_clustered_Emedium_V1.25_Hshort_PWmoderate_B0.15,15,0.7333333333333333,0.75,1,3,medium,1.25,clustered,short,moderate,0.15,20.0,5.0,1.0,peripheral,549.4025192924435,73.90655974749731,0.0,0.0,475.4959595449461,475.4959595449461,19.804423126195758,0.0,174.25669883282396,92.38319968437165,0.0,15,0,0.0,0,0,0.0,0.0,0.0,0.0,0.0,0.0,0,0.0,0.0,0,0,0,0.004933357238769531,0.0,0.0,0.0,True,feasible,baseline_truck_only,549.4025192924435,92.38319968437165,,,,0.0,True,feasible_only,0.0,549.4025192924435,True,549.4025192924435,,,
S0015_R10,1502036,nils,S0015,n15_p0.75_d1_clustered_Emedium_V1.25_Hshort_PWmoderate_B0.15,15,0.7333333333333333,0.75,1,3,medium,1.25,clustered,short,moderate,0.15,20.0,5.0,1.0,peripheral,51.34299117028323,41.4965817646669,9.846409405616331,0.0,0.0,0.0,0.0,0.0,99.88094596731665,51.87072720583362,32.82136468538777,10,5,0.3333333333333333,1,1,5.0,5.0,0.0,0.0,0.0,0.0,0,0.6726389339154196,0.6726389339154196,0,29,29,0.2380201816558838,23.0,5.0,68.0,True,feasible,nils_complete,549.4025192924435,92.38319968437165,,90.65475869378865,,43.85264054173204,True,feasible_only,0.0,51.34299117028323,True,549.4025192924435,,90.65475869378865,
S0016_R01,1602027,truck_only,S0016,n15_p0.75_d1_clustered_Emedium_V1.25_Hmedium_PWbase_B0.15,15,0.7333333333333333,0.75,1,3,medium,1.25,clustered,medium,base,0.15,100.0,20.0,1.0,peripheral,6134.167451597064,73.72151187454826,0.0,0.0,6060.445939722516,6060.445939722516,60.60445939722516,0.0,171.39452372944623,92.15188984318533,0.0,15,0,0.0,0,0,0.0,0.0,0.0,0.0,0.0,0.0,0,0.0,0.0,0,0,0,0.003958225250244141,0.0,0.0,0.0,True,feasible,baseline_truck_only,6134.167451597064,92.15188984318533,,,,0.0,True,feasible_only,0.0,6134.167451597064,True,6134.167451597064,,,
S0016_R01,1602027,nils,S0016,n15_p0.75_d1_clustered_Emedium_V1.25_Hmedium_PWbase_B0.15,15,0.7333333333333333,0.75,1,3,medium,1.25,clustered,medium,base,0.15,100.0,20.0,1.0,peripheral,51.460462052231634,41.38271488608434,10.077747166147295,0.0,0.0,0.0,0.0,0.0,97.44859720888394,51.72839360760542,33.59249055382432,10,5,0.3333333333333333,1,1,5.0,5.0,0.0,0.0,0.0,0.0,0,0.7006748025773045,0.7006748025773045,0,33,33,0.18588495254516602,19.0,5.0,65.0,True,feasible,nils_complete,6134.167451597064,92.15188984318533,,99.16108481781282,,43.866160861560715,True,feasible_only,0.0,51.460462052231634,True,6134.167451597064,,99.16108481781282,
S0016_R02,1602028,truck_only,S0016,n15_p0.75_d1_clustered_Emedium_V1.25_Hmedium_PWbase_B0.15,15,0.7333333333333333,0.75,1,3,medium,1.25,clustered,medium,base,0.15,100.0,20.0,1.0,peripheral,5684.864097820964,59.21814373110848,0.0,0.0,5625.645954089856,5625.645954089856,56.25645954089856,0.0,139.41042653098305,74.02267966388558,0.0,15,0,0.0,0,0,0.0,0.0,0.0,0.0,0.0,0.0,0,0.0,0.0,0,0,0,0.005419731140136719,0.0,0.0,0.0,True,feasible,baseline_truck_only,5684.864097820964,74.02267966388558,,,,0.0,True,feasible_only,0.0,5684.864097820964,True,5684.864097820964,,,
S0016_R02,1602028,nils,S0016,n15_p0.75_d1_clustered_Emedium_V1.25_Hmedium_PWbase_B0.15,15,0.7333333333333333,0.75,1,3,medium,1.25,clustered,medium,base,0.15,100.0,20.0,1.0,peripheral,52.340611937061894,40.21074976694908,12.129862170112812,0.0,0.0,0.0,0.0,0.0,94.37686303073316,50.26343720868634,40.43287390037604,10,5,0.3333333333333333,1,1,5.0,5.0,0.0,0.0,0.0,0.0,0,0.834798164138162,0.834798164138162,0,114,114,0.18724894523620605,25.0,5.0,53.0,True,feasible,nils_complete,5684.864097820964,74.02267966388558,,99.07929880052673,,32.09724717219468,True,feasible_only,0.0,52.340611937061894,True,5684.864097820964,,99.07929880052673,
S0016_R03,1602029,truck_only,S0016,n15_p0.75_d1_clustered_Emedium_V1.25_Hmedium_PWbase_B0.15,15,0.7333333333333333,0.75,1,3,medium,1.25,clustered,medium,base,0.15,100.0,20.0,1.0,peripheral,17147.218606943683,69.91897663062232,0.0,0.0,17077.29963031306,17077.29963031306,170.77299630313058,0.0,162.6421437268707,87.39872078827791,0.0,15,0,0.0,0,0,0.0,0.0,0.0,0.0,0.0,0.0,0,0.0,0.0,0,0,0,0.0029582977294921875,0.0,0.0,0.0,True,feasible,baseline_truck_only,17147.218606943683,87.39872078827791,,,,0.0,True,feasible_only,0.0,17147.218606943683,True,17147.218606943683,,,
S0016_R03,1602029,nils,S0016,n15_p0.75_d1_clustered_Emedium_V1.25_Hmedium_PWbase_B0.15,15,0.7333333333333333,0.75,1,3,medium,1.25,clustered,medium,base,0.15,100.0,20.0,1.0,peripheral,50.25773107348379,38.40809441219845,11.849636661285338,0.0,0.0,0.0,0.0,0.0,88.85849947204078,48.01011801524807,39.498788870951124,9,6,0.4,1,1,6.0,6.0,0.0,0.0,0.0,0.0,0,0.828389010485348,0.828389010485348,0,92,92,0.21029043197631836,25.0,6.0,57.0,True,feasible,nils_complete,17147.218606943683,87.39872078827791,,99.70690447106604,,45.067710851796264,True,feasible_only,0.0,50.25773107348379,True,17147.218606943683,,99.70690447106604,
S0016_R04,1602030,truck_only,S0016,n15_p0.75_d1_clustered_Emedium_V1.25_Hmedium_PWbase_B0.15,15,0.7333333333333333,0.75,1,3,medium,1.25,clustered,medium,base,0.15,100.0,20.0,1.0,peripheral,4427.365339585012,91.32463669339428,0.0,0.0,4336.040702891618,4336.040702891618,29.949870847590198,0.0,209.5122321785856,114.15579586674284,0.0,15,0,0.0,0,0,0.0,0.0,0.0,0.0,0.0,0.0,0,0.0,0.0,0,0,0,0.004730224609375,0.0,0.0,0.0,True,feasible,baseline_truck_only,4427.365339585012,114.15579586674284,,,,0.0,True,feasible_only,0.0,4427.365339585012,True,4427.365339585012,,,
S0016_R04,1602030,nils,S0016,n15_p0.75_d1_clustered_Emedium_V1.25_Hmedium_PWbase_B0.15,15,0.7333333333333333,0.75,1,3,medium,1.25,clustered,medium,base,0.15,100.0,20.0,1.0,peripheral,57.10020218505748,44.671971539290425,12.428230645767062,0.0,0.0,0.0,0.0,0.0,106.20906295704381,55.83996442411303,41.42743548589021,12,3,0.2,1,1,3.0,3.0,0.0,0.0,0.0,0.0,0,0.8453459421185495,0.8453459421185495,0,176,176,0.24363350868225098,25.0,3.0,30.0,True,feasible,nils_complete,4427.365339585012,114.15579586674284,,98.71028935257443,,51.08442457946109,True,feasible_only,0.0,57.10020218505748,True,4427.365339585012,,98.71028935257443,
S0016_R05,1602031,truck_only,S0016,n15_p0.75_d1_clustered_Emedium_V1.25_Hmedium_PWbase_B0.15,15,0.7333333333333333,0.75,1,3,medium,1.25,clustered,medium,base,0.15,100.0,20.0,1.0,peripheral,64.75514886639317,64.75514886639317,0.0,0.0,0.0,0.0,0.0,0.0,153.44567421335955,80.94393608299146,0.0,15,0,0.0,0,0,0.0,0.0,0.0,0.0,0.0,0.0,0,0.0,0.0,0,0,0,0.004098176956176758,0.0,0.0,0.0,True,feasible,baseline_truck_only,64.75514886639317,80.94393608299146,,,,0.0,True,feasible_only,0.0,64.75514886639317,True,64.75514886639317,,,
S0016_R05,1602031,nils,S0016,n15_p0.75_d1_clustered_Emedium_V1.25_Hmedium_PWbase_B0.15,15,0.7333333333333333,0.75,1,3,medium,1.25,clustered,medium,base,0.15,100.0,20.0,1.0,peripheral,48.83367225467151,38.31821619369347,10.515456060978037,0.0,0.0,0.0,0.0,0.0,91.17564646499865,47.89777024211684,35.051520203260125,10,5,0.3333333333333333,1,1,5.0,5.0,0.0,0.0,0.0,0.0,0,0.721248539336575,0.721248539336575,0,36,36,0.18243789672851562,18.0,4.0,54.0,True,feasible,nils_complete,64.75514886639317,80.94393608299146,,24.58719791467368,,40.82599319977784,True,feasible_only,0.0,48.83367225467151,True,64.75514886639317,,24.58719791467368,
S0016_R06,1602032,truck_only,S0016,n15_p0.75_d1_clustered_Emedium_V1.25_Hmedium_PWbase_B0.15,15,0.7333333333333333,0.75,1,3,medium,1.25,clustered,medium,base,0.15,100.0,20.0,1.0,peripheral,246.25833006630327,70.44792817509372,0.0,0.0,175.81040189120955,175.81040189120955,0.0,0.0,164.79912394027366,88.05991021886712,0.0,15,0,0.0,0,0,0.0,0.0,0.0,0.0,0.0,0.0,0,0.0,0.0,0,0,0,0.0030050277709960938,0.0,0.0,0.0,True,feasible,baseline_truck_only,246.25833006630327,88.05991021886712,,,,0.0,True,feasible_only,0.0,246.25833006630327,True,246.25833006630327,,,
S0016_R06,1602032,nils,S0016,n15_p0.75_d1_clustered_Emedium_V1.25_Hmedium_PWbase_B0.15,15,0.7333333333333333,0.75,1,3,medium,1.25,clustered,medium,base,0.15,100.0,20.0,1.0,peripheral,50.45208489945343,40.18077220373475,10.271312695718683,0.0,0.0,0.0,0.0,0.0,92.36666675978931,50.22596525466844,34.23770898572894,7,8,0.5333333333333333,1,1,8.0,8.0,0.0,0.0,0.0,0.0,0,0.7038509856305423,0.7038509856305423,0,13,13,0.18285417556762695,23.0,4.0,65.0,True,feasible,nils_complete,246.25833006630327,88.05991021886712,,79.51253673901323,,42.96386956353339,True,feasible_only,0.0,50.45208489945343,True,246.25833006630327,,79.51253673901323,
S0016_R07,1602033,truck_only,S0016,n15_p0.75_d1_clustered_Emedium_V1.25_Hmedium_PWbase_B0.15,15,0.7333333333333333,0.75,1,3,medium,1.25,clustered,medium,base,0.15,100.0,20.0,1.0,peripheral,648.8575734998956,81.51714452305681,0.0,0.0,567.3404289768388,567.3404289768388,0.0,0.0,191.63446206575713,101.896430653821,0.0,15,0,0.0,0,0,0.0,0.0,0.0,0.0,0.0,0.0,0,0.0,0.0,0,0,0,0.005009651184082031,0.0,0.0,0.0,True,feasible,baseline_truck_only,648.8575734998956,101.896430653821,,,,0.0,True,feasible_only,0.0,648.8575734998956,True,648.8575734998956,,,
S0016_R07,1602033,nils,S0016,n15_p0.75_d1_clustered_Emedium_V1.25_Hmedium_PWbase_B0.15,15,0.7333333333333333,0.75,1,3,medium,1.25,clustered,medium,base,0.15,100.0,20.0,1.0,peripheral,51.9327710324099,41.08534825723163,10.847422775178273,0.0,0.0,0.0,0.0,0.0,95.90149709477699,51.35668532153954,36.158075917260916,7,8,0.5333333333333333,1,1,8.0,8.0,0.0,0.0,0.0,0.0,0,0.737415193921186,0.737415193921186,0,13,13,0.1654360294342041,23.0,5.0,65.0,True,feasible,nils_complete,648.8575734998956,101.896430653821,,91.9962757385588,,49.599132185486695,True,feasible_only,0.0,51.9327710324099,True,648.8575734998956,,91.9962757385588,
S0016_R08,1602034,truck_only,S0016,n15_p0.75_d1_clustered_Emedium_V1.25_Hmedium_PWbase_B0.15,15,0.7333333333333333,0.75,1,3,medium,1.25,clustered,medium,base,0.15,100.0,20.0,1.0,peripheral,5742.748823486882,63.39594138489521,0.0,0.0,5679.352882101987,5679.352882101987,56.793528821019876,0.0,149.2088079484871,79.244926731119,0.0,15,0,0.0,0,0,0.0,0.0,0.0,0.0,0.0,0.0,0,0.0,0.0,0,0,0,0.003981113433837891,0.0,0.0,0.0,True,feasible,baseline_truck_only,5742.748823486882,79.244926731119,,,,0.0,True,feasible_only,0.0,5742.748823486882,True,5742.748823486882,,,
S0016_R08,1602034,nils,S0016,n15_p0.75_d1_clustered_Emedium_V1.25_Hmedium_PWbase_B0.15,15,0.7333333333333333,0.75,1,3,medium,1.25,clustered,medium,base,0.15,100.0,20.0,1.0,peripheral,49.61693523402374,38.9445277311446,10.672407502879135,0.0,0.0,0.0,0.0,0.0,91.64793983032226,48.68065966393076,35.57469167626379,10,5,0.3333333333333333,1,1,5.0,5.0,0.0,0.0,0.0,0.0,0,0.7417033016671026,0.7417033016671026,0,91,91,0.18123793601989746,25.0,5.0,58.0,True,feasible,nils_complete,5742.748823486882,79.244926731119,,99.13600721955488,,38.56936756455582,True,feasible_only,0.0,49.61693523402374,True,5742.748823486882,,99.13600721955488,
S0016_R09,1602035,truck_only,S0016,n15_p0.75_d1_clustered_Emedium_V1.25_Hmedium_PWbase_B0.15,15,0.7333333333333333,0.75,1,3,medium,1.25,clustered,medium,base,0.15,100.0,20.0,1.0,peripheral,9876.016359707142,68.32340030412894,0.0,0.0,9807.692959403013,9807.692959403013,97.54773013521447,0.0,160.9693907413951,85.40425038016116,0.0,15,0,0.0,0,0,0.0,0.0,0.0,0.0,0.0,0.0,0,0.0,0.0,0,0,0,0.005247354507446289,0.0,0.0,0.0,True,feasible,baseline_truck_only,9876.016359707142,85.40425038016116,,,,0.0,True,feasible_only,0.0,9876.016359707142,True,9876.016359707142,,,
S0016_R09,1602035,nils,S0016,n15_p0.75_d1_clustered_Emedium_V1.25_Hmedium_PWbase_B0.15,15,0.7333333333333333,0.75,1,3,medium,1.25,clustered,medium,base,0.15,100.0,20.0,1.0,peripheral,48.03184596436424,36.5748001969569,11.457045767407335,0.0,0.0,0.0,0.0,0.0,88.26903537316792,45.718500246196115,38.19015255802445,10,5,0.3333333333333333,1,1,5.0,5.0,0.0,0.0,0.0,0.0,0,0.808360378069673,0.808360378069673,0,120,120,0.17484045028686523,25.0,5.0,47.0,True,feasible,nils_complete,9876.016359707142,85.40425038016116,,99.51365161604706,,46.46812068171232,True,feasible_only,0.0,48.03184596436424,True,9876.016359707142,,99.51365161604706,
S0016_R10,1602036,truck_only,S0016,n15_p0.75_d1_clustered_Emedium_V1.25_Hmedium_PWbase_B0.15,15,0.7333333333333333,0.75,1,3,medium,1.25,clustered,medium,base,0.15,100.0,20.0,1.0,peripheral,65.75587528838912,65.75587528838912,0.0,0.0,0.0,0.0,0.0,0.0,155.8007794096899,82.1948441104864,0.0,15,0,0.0,0,0,0.0,0.0,0.0,0.0,0.0,0.0,0,0.0,0.0,0,0,0,0.004948139190673828,0.0,0.0,0.0,True,feasible,baseline_truck_only,65.75587528838912,82.1948441104864,,,,0.0,True,feasible_only,0.0,65.75587528838912,True,65.75587528838912,,,
S0016_R10,1602036,nils,S0016,n15_p0.75_d1_clustered_Emedium_V1.25_Hmedium_PWbase_B0.15,15,0.7333333333333333,0.75,1,3,medium,1.25,clustered,medium,base,0.15,100.0,20.0,1.0,peripheral,51.210680034482756,39.52065816610856,11.690021868374197,0.0,0.0,0.0,0.0,0.0,94.2328571456805,49.4008227076357,38.96673956124732,11,4,0.26666666666666666,1,1,4.0,4.0,0.0,0.0,0.0,0.0,0,0.818598827650982,0.818598827650982,0,84,84,0.1403212547302246,18.0,4.0,39.0,True,feasible,nils_complete,65.75587528838912,82.1948441104864,,22.119993369588205,,39.89790571142022,True,feasible_only,0.0,51.210680034482756,True,65.75587528838912,,22.119993369588205,
S0017_R01,1702027,truck_only,S0017,n15_p0.75_d1_uniform_Emedium_V1.25_Hlong_PWflat_B0.15,15,0.7333333333333333,0.75,1,3,medium,1.25,uniform,long,flat,0.15,1.0,1.0,1.0,peripheral,145.70109951029087,128.82944245618233,0.0,0.0,16.871657054108532,16.871657054108532,16.871657054108532,0.0,168.79195744463655,161.03680307022793,0.0,15,0,0.0,0,0,0.0,0.0,0.0,0.0,0.0,0.0,0,0.0,0.0,0,0,0,0.0054798126220703125,0.0,0.0,0.0,True,feasible,baseline_truck_only,145.70109951029087,161.03680307022793,,,,0.0,True,feasible_only,0.0,145.70109951029087,True,145.70109951029087,,,
S0017_R01,1702027,nils,S0017,n15_p0.75_d1_uniform_Emedium_V1.25_Hlong_PWflat_B0.15,15,0.7333333333333333,0.75,1,3,medium,1.25,uniform,long,flat,0.15,1.0,1.0,1.0,peripheral,107.62853585675205,96.60780451444793,11.020731342304122,0.0,0.0,0.0,0.0,0.0,155.27778862576324,120.75975564305993,36.73577114101374,13,2,0.13333333333333333,1,1,2.0,2.0,0.0,0.0,0.0,0.0,0,0.7796487363699683,0.7796487363699683,0,192,192,0.152785062789917,25.0,2.0,14.0,True,feasible,nils_complete,145.70109951029087,161.03680307022793,,26.130594608759118,,25.011082348426424,True,feasible_only,0.0,107.62853585675205,True,145.70109951029087,,26.130594608759118,
S0017_R02,1702028,truck_only,S0017,n15_p0.75_d1_uniform_Emedium_V1.25_Hlong_PWflat_B0.15,15,0.7333333333333333,0.75,1,3,medium,1.25,uniform,long,flat,0.15,1.0,1.0,1.0,peripheral,155.30460074443147,134.22861680007443,0.0,0.0,21.07598394435704,21.07598394435704,21.07598394435704,0.0,141.02828052171057,167.78577100009304,0.0,15,0,0.0,0,0,0.0,0.0,0.0,0.0,0.0,0.0,0,0.0,0.0,0,0,0,0.005572080612182617,0.0,0.0,0.0,True,feasible,baseline_truck_only,155.30460074443147,167.78577100009304,,,,0.0,True,feasible_only,0.0,155.30460074443147,True,155.30460074443147,,,
S0017_R02,1702028,nils,S0017,n15_p0.75_d1_uniform_Emedium_V1.25_Hlong_PWflat_B0.15,15,0.7333333333333333,0.75,1,3,medium,1.25,uniform,long,flat,0.15,1.0,1.0,1.0,peripheral,132.31843151984714,109.21524025295564,6.773116357828741,0.0,16.330074909062752,16.330074909062752,16.330074909062752,0.0,135.74364487294218,136.51905031619452,22.577054526095804,12,3,0.2,1,1,3.0,3.0,0.0,0.0,0.0,0.0,0,0.4974669258687441,0.4974669258687441,0,90,90,0.09020280838012695,14.0,3.0,19.0,True,feasible,nils_complete,155.30460074443147,167.78577100009304,,14.800700761215865,,18.63490598608697,True,feasible_only,0.0,132.31843151984714,True,155.30460074443147,,14.800700761215865,
S0017_R03,1702029,truck_only,S0017,n15_p0.75_d1_uniform_Emedium_V1.25_Hlong_PWflat_B0.15,15,0.7333333333333333,0.75,1,3,medium,1.25,uniform,long,flat,0.15,1.0,1.0,1.0,peripheral,323.6764871172506,171.96788695823122,0.0,0.0,151.70860015901937,151.70860015901937,151.70860015901937,0.0,188.85890630941464,214.95985869778897,0.0,15,0,0.0,0,0,0.0,0.0,0.0,0.0,0.0,0.0,0,0.0,0.0,0,0,0,0.005423545837402344,0.0,0.0,0.0,True,feasible,baseline_truck_only,323.6764871172506,214.95985869778897,,,,0.0,True,feasible_only,0.0,323.6764871172506,True,323.6764871172506,,,
S0017_R03,1702029,nils,S0017,n15_p0.75_d1_uniform_Emedium_V1.25_Hlong_PWflat_B0.15,15,0.7333333333333333,0.75,1,3,medium,1.25,uniform,long,flat,0.15,1.0,1.0,1.0,peripheral,187.9473989203192,139.69232976961692,11.712768163768377,0.0,36.5423009869339,36.5423009869339,36.5423009869339,0.0,145.41066727420764,174.6154122120211,39.042560545894595,12,3,0.2,1,1,3.0,3.0,0.0,0.0,0.0,0.0,0,0.804747784535247,0.804747784535247,0,189,189,0.1154940128326416,25.0,3.0,17.0,True,feasible,nils_complete,323.6764871172506,214.95985869778897,,41.9335644074029,,18.768362953981992,True,feasible_only,0.0,187.9473989203192,True,323.6764871172506,,41.9335644074029,
S0017_R04,1702030,truck_only,S0017,n15_p0.75_d1_uniform_Emedium_V1.25_Hlong_PWflat_B0.15,15,0.7333333333333333,0.75,1,3,medium,1.25,uniform,long,flat,0.15,1.0,1.0,1.0,peripheral,307.951721559007,165.37949274019775,0.0,0.0,142.57222881880926,142.57222881880926,105.13215212661467,0.0,188.59345983084768,206.72436592524718,0.0,15,0,0.0,0,0,0.0,0.0,0.0,0.0,0.0,0.0,0,0.0,0.0,0,0,0,0.0029227733612060547,0.0,0.0,0.0,True,feasible,baseline_truck_only,307.951721559007,206.72436592524718,,,,0.0,True,feasible_only,0.0,307.951721559007,True,307.951721559007,,,
S0017_R04,1702030,nils,S0017,n15_p0.75_d1_uniform_Emedium_V1.25_Hlong_PWflat_B0.15,15,0.7333333333333333,0.75,1,3,medium,1.25,uniform,long,flat,0.15,1.0,1.0,1.0,peripheral,114.58846238733783,100.74859975804293,11.007609413500397,0.0,2.832253215794495,2.832253215794495,2.832253215794495,0.0,114.59593857919386,125.93574969755363,36.69203137833466,12,3,0.2,1,1,3.0,3.0,0.0,0.0,0.0,0.0,0,0.7891773695255317,0.7891773695255317,0,188,188,0.14445066452026367,24.0,4.0,10.0,True,feasible,nils_complete,307.951721559007,206.72436592524718,,62.79012118937566,,39.080355073821934,True,feasible_only,0.0,114.58846238733783,True,307.951721559007,,62.79012118937566,
S0017_R05,1702031,truck_only,S0017,n15_p0.75_d1_uniform_Emedium_V1.25_Hlong_PWflat_B0.15,15,0.7333333333333333,0.75,1,3,medium,1.25,uniform,long,flat,0.15,1.0,1.0,1.0,peripheral,157.36917088487638,140.3720177404836,0.0,0.0,16.99715314439276,16.99715314439276,16.99715314439276,0.0,128.87228338986264,175.46502217560447,0.0,15,0,0.0,0,0,0.0,0.0,0.0,0.0,0.0,0.0,0,0.0,0.0,0,0,0,0.005217790603637695,0.0,0.0,0.0,True,feasible,baseline_truck_only,157.36917088487638,175.46502217560447,,,,0.0,True,feasible_only,0.0,157.36917088487638,True,157.36917088487638,,,
S0017_R05,1702031,nils,S0017,n15_p0.75_d1_uniform_Emedium_V1.25_Hlong_PWflat_B0.15,15,0.7333333333333333,0.75,1,3,medium,1.25,uniform,long,flat,0.15,1.0,1.0,1.0,peripheral,120.45569050645943,110.21816287039802,10.237527636061415,0.0,0.0,0.0,0.0,0.0,109.98969612012743,137.7727035879975,34.12509212020472,11,4,0.26666666666666666,1,1,4.0,4.0,0.0,0.0,0.0,0.0,0,0.7373506217045815,0.7373506217045815,0,167,167,0.13051557540893555,25.0,4.0,19.0,True,feasible,nils_complete,157.36917088487638,175.46502217560447,,23.456614895315838,,21.481385931085846,True,feasible_only,0.0,120.45569050645943,True,157.36917088487638,,23.456614895315838,
S0017_R06,1702032,truck_only,S0017,n15_p0.75_d1_uniform_Emedium_V1.25_Hlong_PWflat_B0.15,15,0.7333333333333333,0.75,1,3,medium,1.25,uniform,long,flat,0.15,1.0,1.0,1.0,peripheral,178.7206567883323,176.034155940875,0.0,0.0,2.686500847457282,2.686500847457282,2.686500847457282,0.0,168.02258444345492,220.04269492609373,0.0,15,0,0.0,0,0,0.0,0.0,0.0,0.0,0.0,0.0,0,0.0,0.0,0,0,0,0.005545139312744141,0.0,0.0,0.0,True,feasible,baseline_truck_only,178.7206567883323,220.04269492609373,,,,0.0,True,feasible_only,0.0,178.7206567883323,True,178.7206567883323,,,
S0017_R06,1702032,nils,S0017,n15_p0.75_d1_uniform_Emedium_V1.25_Hlong_PWflat_B0.15,15,0.7333333333333333,0.75,1,3,medium,1.25,uniform,long,flat,0.15,1.0,1.0,1.0,peripheral,150.45753415527912,138.7851877061961,11.672346449083037,0.0,0.0,0.0,0.0,0.0,148.14132345407486,173.4814846327451,38.907821496943455,12,3,0.2,1,1,3.0,3.0,0.0,0.0,0.0,0.0,0,0.8126743347473265,0.8126743347473265,0,191,191,0.11719703674316406,25.0,4.0,15.0,False,infeasible,nils_complete,178.7206567883323,220.04269492609373,,15.81413315111447,,21.16008000583126,False,feasible_only,0.0,,False,178.7206567883323,,,
S0017_R07,1702033,truck_only,S0017,n15_p0.75_d1_uniform_Emedium_V1.25_Hlong_PWflat_B0.15,15,0.7333333333333333,0.75,1,3,medium,1.25,uniform,long,flat,0.15,1.0,1.0,1.0,peripheral,730.5181349948606,137.7168674398545,0.0,0.0,592.8012675550061,592.8012675550061,376.1612669037827,0.0,279.93903834730475,172.14608429981809,0.0,15,0,0.0,0,0,0.0,0.0,0.0,0.0,0.0,0.0,0,0.0,0.0,0,0,0,0.0028917789459228516,0.0,0.0,0.0,True,feasible,baseline_truck_only,730.5181349948606,172.14608429981809,,,,0.0,True,feasible_only,0.0,730.5181349948606,True,730.5181349948606,,,
S0017_R07,1702033,nils,S0017,n15_p0.75_d1_uniform_Emedium_V1.25_Hlong_PWflat_B0.15,15,0.7333333333333333,0.75,1,3,medium,1.25,uniform,long,flat,0.15,1.0,1.0,1.0,peripheral,184.84327966981638,132.55359711598413,11.497671097425878,0.0,40.79201145640639,40.79201145640639,38.93278618466493,0.0,169.24733431565934,165.69199639498015,38.325570324752924,13,2,0.13333333333333333,1,1,2.0,2.0,0.0,0.0,0.0,0.0,0,0.8404168236225634,0.8404168236225634,0,221,221,0.14717888832092285,25.0,5.0,7.0,True,feasible,nils_complete,730.5181349948606,172.14608429981809,,74.69696222242082,,3.749192397311331,True,feasible_only,0.0,184.84327966981638,True,730.5181349948606,,74.69696222242082,
S0017_R08,1702034,truck_only,S0017,n15_p0.75_d1_uniform_Emedium_V1.25_Hlong_PWflat_B0.15,15,0.7333333333333333,0.75,1,3,medium,1.25,uniform,long,flat,0.15,1.0,1.0,1.0,peripheral,649.751480182893,159.40994048747854,0.0,0.0,490.3415396954145,490.3415396954145,490.34153969541444,0.0,269.1494275929564,199.26242560934816,0.0,15,0,0.0,0,0,0.0,0.0,0.0,0.0,0.0,0.0,0,0.0,0.0,0,0,0,0.005379676818847656,0.0,0.0,0.0,True,feasible,baseline_truck_only,649.751480182893,199.26242560934816,,,,0.0,True,feasible_only,0.0,649.751480182893,True,649.751480182893,,,
S0017_R08,1702034,nils,S0017,n15_p0.75_d1_uniform_Emedium_V1.25_Hlong_PWflat_B0.15,15,0.7333333333333333,0.75,1,3,medium,1.25,uniform,long,flat,0.15,1.0,1.0,1.0,peripheral,145.54934840029594,103.7974643301323,10.660607968837878,0.0,31.091276101325768,31.091276101325768,31.091276101325768,0.0,152.25907466781746,129.7468304126654,35.53535989612626,11,4,0.26666666666666666,1,1,4.0,4.0,0.0,0.0,0.0,0.0,0,0.7795324666614972,0.7795324666614972,0,148,148,0.14246106147766113,22.0,4.0,17.0,True,feasible,nils_complete,649.751480182893,199.26242560934816,,77.59922788335527,,34.88645437497953,True,feasible_only,0.0,145.54934840029594,True,649.751480182893,,77.59922788335527,
S0017_R09,1702035,truck_only,S0017,n15_p0.75_d1_uniform_Emedium_V1.25_Hlong_PWflat_B0.15,15,0.7333333333333333,0.75,1,3,medium,1.25,uniform,long,flat,0.15,1.0,1.0,1.0,peripheral,319.0818495858624,170.61552279096716,0.0,0.0,148.46632679489522,148.46632679489522,134.51440735286985,0.0,182.71246659180395,213.26940348870892,0.0,15,0,0.0,0,0,0.0,0.0,0.0,0.0,0.0,0.0,0,0.0,0.0,0,0,0,0.005598306655883789,0.0,0.0,0.0,True,feasible,baseline_truck_only,319.0818495858624,213.26940348870892,,,,0.0,True,feasible_only,0.0,319.0818495858624,True,319.0818495858624,,,
S0017_R09,1702035,nils,S0017,n15_p0.75_d1_uniform_Emedium_V1.25_Hlong_PWflat_B0.15,15,0.7333333333333333,0.75,1,3,medium,1.25,uniform,long,flat,0.15,1.0,1.0,1.0,peripheral,139.7989390308344,113.98979609364248,9.805683980534681,0.0,16.003458956657227,16.003458956657227,16.003458956657227,0.0,128.39423893957928,142.48724511705308,32.68561326844894,12,3,0.2,1,1,3.0,3.0,0.0,0.0,0.0,0.0,0,0.7079435047954779,0.7079435047954779,0,185,185,0.161790132522583,24.0,3.0,13.0,True,feasible,nils_complete,319.0818495858624,213.26940348870892,,56.18712276731504,,33.18908254713773,True,feasible_only,0.0,139.7989390308344,True,319.0818495858624,,56.18712276731504,
S0017_R10,1702036,truck_only,S0017,n15_p0.75_d1_uniform_Emedium_V1.25_Hlong_PWflat_B0.15,15,0.7333333333333333,0.75,1,3,medium,1.25,uniform,long,flat,0.15,1.0,1.0,1.0,peripheral,291.9366062897297,168.17462483404424,0.0,0.0,123.76198145568546,123.76198145568546,123.76198145568546,0.0,247.86382612539853,210.21828104255525,0.0,15,0,0.0,0,0,0.0,0.0,0.0,0.0,0.0,0.0,0,0.0,0.0,0,0,0,0.005538225173950195,0.0,0.0,0.0,True,feasible,baseline_truck_only,291.9366062897297,210.21828104255525,,,,0.0,True,feasible_only,0.0,291.9366062897297,True,291.9366062897297,,,
S0017_R10,1702036,nils,S0017,n15_p0.75_d1_uniform_Emedium_V1.25_Hlong_PWflat_B0.15,15,0.7333333333333333,0.75,1,3,medium,1.25,uniform,long,flat,0.15,1.0,1.0,1.0,peripheral,156.10371506219036,117.50265677122619,11.347135387770297,0.0,27.253922903193875,27.253922903193875,27.253922903193875,0.0,139.16331534255295,146.87832096403275,37.82378462590099,12,3,0.2,1,1,3.0,3.0,0.0,0.0,0.0,0.0,0,0.7781867996638687,0.7781867996638687,0,191,191,0.15022730827331543,25.0,4.0,15.0,True,feasible,nils_complete,291.9366062897297,210.21828104255525,,46.528214790828,,30.13056702984854,True,feasible_only,0.0,156.10371506219036,True,291.9366062897297,,46.528214790828,
S0018_R01,1802027,truck_only,S0018,n15_p0.75_d1_clustered_Emedium_V2.00_Hshort_PWbase_B0.15,15,0.7333333333333333,0.75,1,3,medium,2.0,clustered,short,base,0.15,100.0,20.0,1.0,peripheral,5025.731525537065,65.63650100214528,0.0,0.0,4960.0950245349195,4960.0950245349195,49.600950245349196,0.0,155.3247108337957,82.04562625268159,0.0,15,0,0.0,0,0,0.0,0.0,0.0,0.0,0.0,0.0,0,0.0,0.0,0,0,0,0.005391120910644531,0.0,0.0,0.0,True,feasible,baseline_truck_only,5025.731525537065,82.04562625268159,,,,0.0,True,feasible_only,0.0,5025.731525537065,True,5025.731525537065,,,
S0018_R01,1802027,nils,S0018,n15_p0.75_d1_clustered_Emedium_V2.00_Hshort_PWbase_B0.15,15,0.7333333333333333,0.75,1,3,medium,2.0,clustered,short,base,0.15,100.0,20.0,1.0,peripheral,51.48950867957896,39.44347000118644,12.046038678392524,0.0,0.0,0.0,0.0,0.0,93.48683644814858,49.30433750148304,40.153462261308405,10,5,0.3333333333333333,1,1,5.0,5.0,0.0,0.0,0.0,0.0,0,0.5099233688220423,0.5099233688220423,0,0,0,0.1627793312072754,22.0,4.0,70.0,True,feasible,nils_complete,5025.731525537065,82.04562625268159,,98.97548230704432,,39.90619640145464,True,feasible_only,0.0,51.48950867957896,True,5025.731525537065,,98.97548230704432,
S0018_R02,1802028,truck_only,S0018,n15_p0.75_d1_clustered_Emedium_V2.00_Hshort_PWbase_B0.15,15,0.7333333333333333,0.75,1,3,medium,2.0,clustered,short,base,0.15,100.0,20.0,1.0,peripheral,11002.755283467517,71.93929032282269,0.0,0.0,10930.815993144693,10930.815993144693,106.6304622488773,0.0,170.05343070502093,89.92411290352834,0.0,15,0,0.0,0,0,0.0,0.0,0.0,0.0,0.0,0.0,0,0.0,0.0,0,0,0,0.004862070083618164,0.0,0.0,0.0,True,feasible,baseline_truck_only,11002.755283467517,89.92411290352834,,,,0.0,True,feasible_only,0.0,11002.755283467517,True,11002.755283467517,,,
S0018_R02,1802028,nils,S0018,n15_p0.75_d1_clustered_Emedium_V2.00_Hshort_PWbase_B0.15,15,0.7333333333333333,0.75,1,3,medium,2.0,clustered,short,base,0.15,100.0,20.0,1.0,peripheral,53.31293461083861,42.43505950657635,10.877875104262262,0.0,0.0,0.0,0.0,0.0,99.65943032744201,53.04382438322044,36.25958368087421,9,6,0.4,1,1,6.0,6.0,0.0,0.0,0.0,0.0,0,0.4756025993271935,0.4756025993271935,0,0,0,0.167863130569458,22.0,6.0,74.0,True,feasible,nils_complete,11002.755283467517,89.92411290352834,,99.51545832623448,,41.01267983580056,True,feasible_only,0.0,53.31293461083861,True,11002.755283467517,,99.51545832623448,
S0018_R03,1802029,truck_only,S0018,n15_p0.75_d1_clustered_Emedium_V2.00_Hshort_PWbase_B0.15,15,0.7333333333333333,0.75,1,3,medium,2.0,clustered,short,base,0.15,100.0,20.0,1.0,peripheral,1894.1008936391293,74.26818039709408,0.0,0.0,1819.8327132420352,1819.8327132420352,18.198327132420353,0.0,172.6638711496174,92.83522549636761,0.0,15,0,0.0,0,0,0.0,0.0,0.0,0.0,0.0,0.0,0,0.0,0.0,0,0,0,0.0028502941131591797,0.0,0.0,0.0,True,feasible,baseline_truck_only,1894.1008936391293,92.83522549636761,,,,0.0,True,feasible_only,0.0,1894.1008936391293,True,1894.1008936391293,,,
S0018_R03,1802029,nils,S0018,n15_p0.75_d1_clustered_Emedium_V2.00_Hshort_PWbase_B0.15,15,0.7333333333333333,0.75,1,3,medium,2.0,clustered,short,base,0.15,100.0,20.0,1.0,peripheral,57.29013007701167,41.87927445921744,15.410855617794226,0.0,0.0,0.0,0.0,0.0,95.89773397892758,52.34909307402181,51.36951872598077,7,8,0.5333333333333333,1,1,8.0,8.0,0.0,0.0,0.0,0.0,0,0.6847872684204807,0.6847872684204807,0,0,0,0.1547398567199707,22.0,5.0,60.0,True,feasible,nils_complete,1894.1008936391293,92.83522549636761,,96.97533905034275,,43.61074388075883,True,feasible_only,0.0,57.29013007701167,True,1894.1008936391293,,96.97533905034275,
S0018_R04,1802030,truck_only,S0018,n15_p0.75_d1_clustered_Emedium_V2.00_Hshort_PWbase_B0.15,15,0.7333333333333333,0.75,1,3,medium,2.0,clustered,short,base,0.15,100.0,20.0,1.0,peripheral,77.07895165372645,77.07895165372645,0.0,0.0,0.0,0.0,0.0,0.0,179.1785012623393,96.34868956715803,0.0,15,0,0.0,0,0,0.0,0.0,0.0,0.0,0.0,0.0,0,0.0,0.0,0,0,0,0.005164384841918945,0.0,0.0,0.0,True,feasible,baseline_truck_only,77.07895165372645,96.34868956715803,,,,0.0,True,feasible_only,0.0,77.07895165372645,True,77.07895165372645,,,
S0018_R04,1802030,nils,S0018,n15_p0.75_d1_clustered_Emedium_V2.00_Hshort_PWbase_B0.15,15,0.7333333333333333,0.75,1,3,medium,2.0,clustered,short,base,0.15,100.0,20.0,1.0,peripheral,52.432948608634575,42.96861116977874,9.464337438855832,0.0,0.0,0.0,0.0,0.0,101.11817429430786,53.710763962223425,31.547791462852775,10,5,0.3333333333333333,1,1,5.0,5.0,0.0,0.0,0.0,0.0,0,0.40804309848905473,0.40804309848905473,0,0,0,0.16232013702392578,22.0,5.0,66.0,True,feasible,nils_complete,77.07895165372645,96.34868956715803,,31.975010708257788,,44.253768054846915,True,feasible_only,0.0,52.432948608634575,True,77.07895165372645,,31.975010708257788,
S0018_R05,1802031,truck_only,S0018,n15_p0.75_d1_clustered_Emedium_V2.00_Hshort_PWbase_B0.15,15,0.7333333333333333,0.75,1,3,medium,2.0,clustered,short,base,0.15,100.0,20.0,1.0,peripheral,5617.534149227358,73.11251236647878,0.0,0.0,5544.4216368608795,5544.4216368608795,55.4442163686088,0.0,171.01492266136347,91.39064045809846,0.0,15,0,0.0,0,0,0.0,0.0,0.0,0.0,0.0,0.0,0,0.0,0.0,0,0,0,0.002733469009399414,0.0,0.0,0.0,True,feasible,baseline_truck_only,5617.534149227358,91.39064045809846,,,,0.0,True,feasible_only,0.0,5617.534149227358,True,5617.534149227358,,,
S0018_R05,1802031,nils,S0018,n15_p0.75_d1_clustered_Emedium_V2.00_Hshort_PWbase_B0.15,15,0.7333333333333333,0.75,1,3,medium,2.0,clustered,short,base,0.15,100.0,20.0,1.0,peripheral,54.538742186355606,44.60784032593406,9.930901860421546,0.0,0.0,0.0,0.0,0.0,106.71799803484443,55.75980040741758,33.10300620140515,12,3,0.2,1,1,3.0,3.0,0.0,0.0,0.0,0.0,0,0.4242987420503633,0.4242987420503633,0,0,0,0.17804360389709473,22.0,3.0,79.0,True,feasible,nils_complete,5617.534149227358,91.39064045809846,,99.0291337669241,,38.98740601015616,True,feasible_only,0.0,54.538742186355606,True,5617.534149227358,,99.0291337669241,
S0018_R06,1802032,truck_only,S0018,n15_p0.75_d1_clustered_Emedium_V2.00_Hshort_PWbase_B0.15,15,0.7333333333333333,0.75,1,3,medium,2.0,clustered,short,base,0.15,100.0,20.0,1.0,peripheral,467.28813953177246,69.22498122371303,0.0,0.0,398.0631583080594,398.0631583080594,3.9806315830805943,0.0,160.98046850268472,86.53122652964129,0.0,15,0,0.0,0,0,0.0,0.0,0.0,0.0,0.0,0.0,0,0.0,0.0,0,0,0,0.004756450653076172,0.0,0.0,0.0,True,feasible,baseline_truck_only,467.28813953177246,86.53122652964129,,,,0.0,True,feasible_only,0.0,467.28813953177246,True,467.28813953177246,,,
S0018_R06,1802032,nils,S0018,n15_p0.75_d1_clustered_Emedium_V2.00_Hshort_PWbase_B0.15,15,0.7333333333333333,0.75,1,3,medium,2.0,clustered,short,base,0.15,100.0,20.0,1.0,peripheral,48.88869373870605,35.47157568815351,13.417118050552542,0.0,0.0,0.0,0.0,0.0,79.35726108624787,44.339469610191884,44.72372683517514,5,10,0.6666666666666666,1,1,10.0,10.0,0.0,0.0,0.0,0.0,0,0.5890622014546161,0.5890622014546161,0,0,0,0.1527538299560547,22.0,4.0,60.0,True,feasible,nils_complete,467.28813953177246,86.53122652964129,,89.53778416295927,,48.75899558062615,True,feasible_only,0.0,48.88869373870605,True,467.28813953177246,,89.53778416295927,
S0018_R07,1802033,truck_only,S0018,n15_p0.75_d1_clustered_Emedium_V2.00_Hshort_PWbase_B0.15,15,0.7333333333333333,0.75,1,3,medium,2.0,clustered,short,base,0.15,100.0,20.0,1.0,peripheral,3831.029313754625,72.47136524403743,0.0,0.0,3758.5579485105877,3758.5579485105877,35.72736476113822,0.0,167.21752204017648,90.58920655504679,0.0,15,0,0.0,0,0,0.0,0.0,0.0,0.0,0.0,0.0,0,0.0,0.0,0,0,0,0.0028014183044433594,0.0,0.0,0.0,True,feasible,baseline_truck_only,3831.029313754625,90.58920655504679,,,,0.0,True,feasible_only,0.0,3831.029313754625,True,3831.029313754625,,,
S0018_R07,1802033,nils,S0018,n15_p0.75_d1_clustered_Emedium_V2.00_Hshort_PWbase_B0.15,15,0.7333333333333333,0.75,1,3,medium,2.0,clustered,short,base,0.15,100.0,20.0,1.0,peripheral,56.29474594361197,41.7769320974423,14.517813846169673,0.0,0.0,0.0,0.0,0.0,94.33657271471384,52.22116512180287,48.392712820565585,7,8,0.5333333333333333,1,1,8.0,8.0,0.0,0.0,0.0,0.0,0,0.641964375916791,0.641964375916791,0,0,0,0.17900323867797852,22.0,4.0,64.0,True,feasible,nils_complete,3831.029313754625,90.58920655504679,,98.53055820425347,,42.353877346226085,True,feasible_only,0.0,56.29474594361197,True,3831.029313754625,,98.53055820425347,
S0018_R08,1802034,truck_only,S0018,n15_p0.75_d1_clustered_Emedium_V2.00_Hshort_PWbase_B0.15,15,0.7333333333333333,0.75,1,3,medium,2.0,clustered,short,base,0.15,100.0,20.0,1.0,peripheral,9575.46086058272,82.57250760582163,0.0,0.0,9492.888352976897,9492.888352976897,93.72856284480599,0.0,190.30205727246835,103.21563450727702,0.0,15,0,0.0,0,0,0.0,0.0,0.0,0.0,0.0,0.0,0,0.0,0.0,0,0,0,0.005011320114135742,0.0,0.0,0.0,True,feasible,baseline_truck_only,9575.46086058272,103.21563450727702,,,,0.0,True,feasible_only,0.0,9575.46086058272,True,9575.46086058272,,,
S0018_R08,1802034,nils,S0018,n15_p0.75_d1_clustered_Emedium_V2.00_Hshort_PWbase_B0.15,15,0.7333333333333333,0.75,1,3,medium,2.0,clustered,short,base,0.15,100.0,20.0,1.0,peripheral,52.38499987284765,40.13849582169649,12.246504051151163,0.0,0.0,0.0,0.0,0.0,92.89137227626662,50.17311977712061,40.821680170503875,9,6,0.4,1,1,6.0,6.0,0.0,0.0,0.0,0.0,0,0.5323282479996168,0.5323282479996168,0,0,0,0.16489505767822266,22.0,5.0,74.0,True,feasible,nils_complete,9575.46086058272,103.21563450727702,,99.4529245052999,,51.39000015197964,True,feasible_only,0.0,52.38499987284765,True,9575.46086058272,,99.4529245052999,
S0018_R09,1802035,truck_only,S0018,n15_p0.75_d1_clustered_Emedium_V2.00_Hshort_PWbase_B0.15,15,0.7333333333333333,0.75,1,3,medium,2.0,clustered,short,base,0.15,100.0,20.0,1.0,peripheral,444.6037702885127,71.46293734206651,0.0,0.0,373.14083294644615,373.14083294644615,2.43439102254397,0.0,166.98513053497027,89.32867167758316,0.0,15,0,0.0,0,0,0.0,0.0,0.0,0.0,0.0,0.0,0,0.0,0.0,0,0,0,0.005201101303100586,0.0,0.0,0.0,True,feasible,baseline_truck_only,444.6037702885127,89.32867167758316,,,,0.0,True,feasible_only,0.0,444.6037702885127,True,444.6037702885127,,,
S0018_R09,1802035,nils,S0018,n15_p0.75_d1_clustered_Emedium_V2.00_Hshort_PWbase_B0.15,15,0.7333333333333333,0.75,1,3,medium,2.0,clustered,short,base,0.15,100.0,20.0,1.0,peripheral,49.28219731947346,36.388662300406324,12.893535019067137,0.0,0.0,0.0,0.0,0.0,84.78836371218219,45.485827875507894,42.97845006355712,8,7,0.4666666666666667,1,1,7.0,7.0,0.0,0.0,0.0,0.0,0,0.5673361452433506,0.5673361452433506,0,0,0,0.16450285911560059,22.0,5.0,60.0,True,feasible,nils_complete,444.6037702885127,89.32867167758316,,88.9154792170356,,49.08037137316745,True,feasible_only,0.0,49.28219731947346,True,444.6037702885127,,88.9154792170356,
S0018_R10,1802036,truck_only,S0018,n15_p0.75_d1_clustered_Emedium_V2.00_Hshort_PWbase_B0.15,15,0.7333333333333333,0.75,1,3,medium,2.0,clustered,short,base,0.15,100.0,20.0,1.0,peripheral,6334.647089939407,64.89768706621287,0.0,0.0,6269.749402873194,6269.749402873194,62.69749402873194,0.0,151.00464019079953,81.12210883276607,0.0,15,0,0.0,0,0,0.0,0.0,0.0,0.0,0.0,0.0,0,0.0,0.0,0,0,0,0.0052869319915771484,0.0,0.0,0.0,True,feasible,baseline_truck_only,6334.647089939407,81.12210883276607,,,,0.0,True,feasible_only,0.0,6334.647089939407,True,6334.647089939407,,,
S0018_R10,1802036,nils,S0018,n15_p0.75_d1_clustered_Emedium_V2.00_Hshort_PWbase_B0.15,15,0.7333333333333333,0.75,1,3,medium,2.0,clustered,short,base,0.15,100.0,20.0,1.0,peripheral,52.11043601014219,42.1374807433021,9.972955266840088,0.0,0.0,0.0,0.0,0.0,99.53740322637896,52.67185092912763,33.243184222800295,11,4,0.26666666666666666,1,1,4.0,4.0,0.0,0.0,0.0,0.0,0,0.4327639534230849,0.4327639534230849,0,0,0,0.13921070098876953,25.0,4.0,38.0,False,infeasible,nils_complete,6334.647089939407,81.12210883276607,,99.17737428351923,,35.070905223000175,False,feasible_only,0.0,,False,6334.647089939407,,,
S0019_R01,1902027,truck_only,S0019,n15_p0.75_d1_clustered_Emedium_V2.00_Hshort_PWstrict_B0.15,15,0.7333333333333333,0.75,1,3,medium,2.0,clustered,short,strict,0.15,200.0,40.0,1.0,peripheral,15446.417702233333,72.05453798257686,0.0,0.0,15374.363164250757,15374.363164250757,75.8648599512795,0.0,168.26388385087557,90.06817247822107,0.0,15,0,0.0,0,0,0.0,0.0,0.0,0.0,0.0,0.0,0,0.0,0.0,0,0,0,0.0051915645599365234,0.0,0.0,0.0,True,feasible,baseline_truck_only,15446.417702233333,90.06817247822107,,,,0.0,True,feasible_only,0.0,15446.417702233333,True,15446.417702233333,,,
S0019_R01,1902027,nils,S0019,n15_p0.75_d1_clustered_Emedium_V2.00_Hshort_PWstrict_B0.15,15,0.7333333333333333,0.75,1,3,medium,2.0,clustered,short,strict,0.15,200.0,40.0,1.0,peripheral,46.13177873540693,33.273291697081326,12.858487038325606,0.0,0.0,0.0,0.0,0.0,73.97325177153047,41.59161462135165,42.86162346108536,4,11,0.7333333333333333,1,1,11.0,11.0,0.0,0.0,0.0,0.0,0,0.5624533981295554,0.5624533981295554,0,0,0,0.15918421745300293,22.0,6.0,70.0,True,feasible,nils_complete,15446.417702233333,90.06817247822107,,99.70134318762636,,53.82207335070698,True,feasible_only,0.0,46.13177873540693,True,15446.417702233333,,99.70134318762636,
S0019_R02,1902028,truck_only,S0019,n15_p0.75_d1_clustered_Emedium_V2.00_Hshort_PWstrict_B0.15,15,0.7333333333333333,0.75,1,3,medium,2.0,clustered,short,strict,0.15,200.0,40.0,1.0,peripheral,17011.462683234186,62.85452218150519,0.0,0.0,16948.60816105268,16948.60816105268,84.74304080526342,0.0,150.02481875574793,78.5681527268815,0.0,15,0,0.0,0,0,0.0,0.0,0.0,0.0,0.0,0.0,0,0.0,0.0,0,0,0,0.0027399063110351562,0.0,0.0,0.0,True,feasible,baseline_truck_only,17011.462683234186,78.5681527268815,,,,0.0,True,feasible_only,0.0,17011.462683234186,True,17011.462683234186,,,
S0019_R02,1902028,nils,S0019,n15_p0.75_d1_clustered_Emedium_V2.00_Hshort_PWstrict_B0.15,15,0.7333333333333333,0.75,1,3,medium,2.0,clustered,short,strict,0.15,200.0,40.0,1.0,peripheral,50.19326855181242,39.57139860253221,10.621869949280214,0.0,0.0,0.0,0.0,0.0,93.72420199760228,49.46424825316526,35.40623316426738,9,6,0.4,1,1,6.0,6.0,0.0,0.0,0.0,0.0,0,0.4541520933548142,0.4541520933548142,0,0,0,0.22530770301818848,22.0,4.0,64.0,True,feasible,nils_complete,17011.462683234186,78.5681527268815,,99.70494442784582,,37.04287737919356,True,feasible_only,0.0,50.19326855181242,True,17011.462683234186,,99.70494442784582,
S0019_R03,1902029,truck_only,S0019,n15_p0.75_d1_clustered_Emedium_V2.00_Hshort_PWstrict_B0.15,15,0.7333333333333333,0.75,1,3,medium,2.0,clustered,short,strict,0.15,200.0,40.0,1.0,peripheral,35376.70153244093,73.640494391115,0.0,0.0,35303.06103804981,35303.06103804981,172.7988178409847,0.0,173.6847249021394,92.05061798889376,0.0,15,0,0.0,0,0,0.0,0.0,0.0,0.0,0.0,0.0,0,0.0,0.0,0,0,0,0.002931356430053711,0.0,0.0,0.0,True,feasible,baseline_truck_only,35376.70153244093,92.05061798889376,,,,0.0,True,feasible_only,0.0,35376.70153244093,True,35376.70153244093,,,
S0019_R03,1902029,nils,S0019,n15_p0.75_d1_clustered_Emedium_V2.00_Hshort_PWstrict_B0.15,15,0.7333333333333333,0.75,1,3,medium,2.0,clustered,short,strict,0.15,200.0,40.0,1.0,peripheral,50.19830780863589,40.014641607257474,10.183666201378415,0.0,0.0,0.0,0.0,0.0,96.5476554934012,50.018302009071846,33.945554004594726,11,4,0.26666666666666666,1,1,4.0,4.0,0.0,0.0,0.0,0.0,0,0.4425824941129332,0.4425824941129332,0,0,0,0.15898394584655762,22.0,4.0,79.0,True,feasible,nils_complete,35376.70153244093,92.05061798889376,,99.8581034815736,,45.662176852406645,True,feasible_only,0.0,50.19830780863589,True,35376.70153244093,,99.8581034815736,
S0019_R04,1902030,truck_only,S0019,n15_p0.75_d1_clustered_Emedium_V2.00_Hshort_PWstrict_B0.15,15,0.7333333333333333,0.75,1,3,medium,2.0,clustered,short,strict,0.15,200.0,40.0,1.0,peripheral,3053.122051031705,66.14399348029932,0.0,0.0,2986.9780575514055,2986.9780575514055,14.934890287757028,0.0,155.82760788731085,82.67999185037414,0.0,15,0,0.0,0,0,0.0,0.0,0.0,0.0,0.0,0.0,0,0.0,0.0,0,0,0,0.004716396331787109,0.0,0.0,0.0,True,feasible,baseline_truck_only,3053.122051031705,82.67999185037414,,,,0.0,True,feasible_only,0.0,3053.122051031705,True,3053.122051031705,,,
S0019_R04,1902030,nils,S0019,n15_p0.75_d1_clustered_Emedium_V2.00_Hshort_PWstrict_B0.15,15,0.7333333333333333,0.75,1,3,medium,2.0,clustered,short,strict,0.15,200.0,40.0,1.0,peripheral,52.62541522447199,40.6089385745275,12.01647664994449,0.0,0.0,0.0,0.0,0.0,96.16739088937123,50.76117321815937,40.05492216648164,10,5,0.3333333333333333,1,1,5.0,5.0,0.0,0.0,0.0,0.0,0,0.5283681625673143,0.5283681625673143,0,0,0,0.1689298152923584,22.0,5.0,74.0,True,feasible,nils_complete,3053.122051031705,82.67999185037414,,98.27634092758628,,38.605251304303714,True,feasible_only,0.0,52.62541522447199,True,3053.122051031705,,98.27634092758628,
S0019_R05,1902031,truck_only,S0019,n15_p0.75_d1_clustered_Emedium_V2.00_Hshort_PWstrict_B0.15,15,0.7333333333333333,0.75,1,3,medium,2.0,clustered,short,strict,0.15,200.0,40.0,1.0,peripheral,61.99707560820385,61.99707560820385,0.0,0.0,0.0,0.0,0.0,0.0,145.87008502225734,77.49634451025481,0.0,15,0,0.0,0,0,0.0,0.0,0.0,0.0,0.0,0.0,0,0.0,0.0,0,0,0,0.0051250457763671875,0.0,0.0,0.0,True,feasible,baseline_truck_only,61.99707560820385,77.49634451025481,,,,0.0,True,feasible_only,0.0,61.99707560820385,True,61.99707560820385,,,
S0019_R05,1902031,nils,S0019,n15_p0.75_d1_clustered_Emedium_V2.00_Hshort_PWstrict_B0.15,15,0.7333333333333333,0.75,1,3,medium,2.0,clustered,short,strict,0.15,200.0,40.0,1.0,peripheral,48.90717327747696,35.472690973813336,13.43448230366362,0.0,0.0,0.0,0.0,0.0,79.53116357190054,44.34086371726667,44.781607678878736,5,10,0.6666666666666666,1,1,10.0,10.0,0.0,0.0,0.0,0.0,0,0.5882841778056682,0.5882841778056682,0,0,0,0.17109131813049316,22.0,7.0,70.0,True,feasible,nils_complete,61.99707560820385,77.49634451025481,,21.113741579441133,,42.78328352455488,True,feasible_only,0.0,48.90717327747696,True,61.99707560820385,,21.113741579441133,
S0019_R06,1902032,truck_only,S0019,n15_p0.75_d1_clustered_Emedium_V2.00_Hshort_PWstrict_B0.15,15,0.7333333333333333,0.75,1,3,medium,2.0,clustered,short,strict,0.15,200.0,40.0,1.0,peripheral,7174.3935560231885,63.72811131382358,0.0,0.0,7110.665444709365,7110.665444709365,35.55332722354682,0.0,150.33772104653252,79.66013914227948,0.0,15,0,0.0,0,0,0.0,0.0,0.0,0.0,0.0,0.0,0,0.0,0.0,0,0,0,0.0027637481689453125,0.0,0.0,0.0,True,feasible,baseline_truck_only,7174.3935560231885,79.66013914227948,,,,0.0,True,feasible_only,0.0,7174.3935560231885,True,7174.3935560231885,,,
S0019_R06,1902032,nils,S0019,n15_p0.75_d1_clustered_Emedium_V2.00_Hshort_PWstrict_B0.15,15,0.7333333333333333,0.75,1,3,medium,2.0,clustered,short,strict,0.15,200.0,40.0,1.0,peripheral,48.42442031830218,34.23559566315261,14.18882465514957,0.0,0.0,0.0,0.0,0.0,75.88912982394572,42.794494578940764,47.29608218383191,4,11,0.7333333333333333,1,1,11.0,11.0,0.0,0.0,0.0,0.0,0,0.6205029819783152,0.6205029819783152,0,0,0,0.1611778736114502,22.0,4.0,74.0,True,feasible,nils_complete,7174.3935560231885,79.66013914227948,,99.32503813820405,,46.27865951563765,True,feasible_only,0.0,48.42442031830218,True,7174.3935560231885,,99.32503813820405,
S0019_R07,1902033,truck_only,S0019,n15_p0.75_d1_clustered_Emedium_V2.00_Hshort_PWstrict_B0.15,15,0.7333333333333333,0.75,1,3,medium,2.0,clustered,short,strict,0.15,200.0,40.0,1.0,peripheral,64.05037915255888,64.05037915255888,0.0,0.0,0.0,0.0,0.0,0.0,151.56185544670316,80.06297394069858,0.0,15,0,0.0,0,0,0.0,0.0,0.0,0.0,0.0,0.0,0,0.0,0.0,0,0,0,0.005118370056152344,0.0,0.0,0.0,True,feasible,baseline_truck_only,64.05037915255888,80.06297394069858,,,,0.0,True,feasible_only,0.0,64.05037915255888,True,64.05037915255888,,,
S0019_R07,1902033,nils,S0019,n15_p0.75_d1_clustered_Emedium_V2.00_Hshort_PWstrict_B0.15,15,0.7333333333333333,0.75,1,3,medium,2.0,clustered,short,strict,0.15,200.0,40.0,1.0,peripheral,48.00551061675391,36.83452187788632,11.17098873886759,0.0,0.0,0.0,0.0,0.0,87.39760958307784,46.04315234735789,37.23662912955864,9,6,0.4,1,1,6.0,6.0,0.0,0.0,0.0,0.0,0,0.48740593357034756,0.48740593357034756,0,0,0,0.1613619327545166,22.0,5.0,70.0,True,feasible,nils_complete,64.05037915255888,80.06297394069858,,25.050388066538023,,42.49132891133753,True,feasible_only,0.0,48.00551061675391,True,64.05037915255888,,25.050388066538023,
S0019_R08,1902034,truck_only,S0019,n15_p0.75_d1_clustered_Emedium_V2.00_Hshort_PWstrict_B0.15,15,0.7333333333333333,0.75,1,3,medium,2.0,clustered,short,strict,0.15,200.0,40.0,1.0,peripheral,15624.07392174958,83.99338602051739,0.0,0.0,15540.080535729061,15540.080535729061,76.47234218545927,0.0,193.92644244147766,104.99173252564671,0.0,15,0,0.0,0,0,0.0,0.0,0.0,0.0,0.0,0.0,0,0.0,0.0,0,0,0,0.004619121551513672,0.0,0.0,0.0,True,feasible,baseline_truck_only,15624.07392174958,104.99173252564671,,,,0.0,True,feasible_only,0.0,15624.07392174958,True,15624.07392174958,,,
S0019_R08,1902034,nils,S0019,n15_p0.75_d1_clustered_Emedium_V2.00_Hshort_PWstrict_B0.15,15,0.7333333333333333,0.75,1,3,medium,2.0,clustered,short,strict,0.15,200.0,40.0,1.0,peripheral,57.89340826565403,45.03853541147902,12.854872854175017,0.0,0.0,0.0,0.0,0.0,102.62047539201879,56.29816926434877,42.8495761805834,7,8,0.5333333333333333,1,1,8.0,8.0,0.0,0.0,0.0,0.0,0,0.564367362546593,0.564367362546593,0,0,0,0.21375012397766113,22.0,7.0,79.0,True,feasible,nils_complete,15624.07392174958,104.99173252564671,,99.62946022557496,,46.37847389498348,True,feasible_only,0.0,57.89340826565403,True,15624.07392174958,,99.62946022557496,
S0019_R09,1902035,truck_only,S0019,n15_p0.75_d1_clustered_Emedium_V2.00_Hshort_PWstrict_B0.15,15,0.7333333333333333,0.75,1,3,medium,2.0,clustered,short,strict,0.15,200.0,40.0,1.0,peripheral,30387.31938692988,69.4245739597282,0.0,0.0,30317.894812970153,30317.894812970153,151.58947406485075,0.0,161.75216919347054,86.78071744966026,0.0,15,0,0.0,0,0,0.0,0.0,0.0,0.0,0.0,0.0,0,0.0,0.0,0,0,0,0.0028655529022216797,0.0,0.0,0.0,True,feasible,baseline_truck_only,30387.31938692988,86.78071744966026,,,,0.0,True,feasible_only,0.0,30387.31938692988,True,30387.31938692988,,,
S0019_R09,1902035,nils,S0019,n15_p0.75_d1_clustered_Emedium_V2.00_Hshort_PWstrict_B0.15,15,0.7333333333333333,0.75,1,3,medium,2.0,clustered,short,strict,0.15,200.0,40.0,1.0,peripheral,50.31858071526276,35.21410927544177,15.104471439820989,0.0,0.0,0.0,0.0,0.0,81.12728073729386,44.01763659430222,50.34823813273663,6,9,0.6,1,1,9.0,9.0,0.0,0.0,0.0,0.0,0,0.6690757041124173,0.6690757041124173,0,0,0,0.21199941635131836,22.0,6.0,60.0,True,feasible,nils_complete,30387.31938692988,86.78071744966026,,99.83440928081039,,49.2771690671537,True,feasible_only,0.0,50.31858071526276,True,30387.31938692988,,99.83440928081039,
S0019_R10,1902036,truck_only,S0019,n15_p0.75_d1_clustered_Emedium_V2.00_Hshort_PWstrict_B0.15,15,0.7333333333333333,0.75,1,3,medium,2.0,clustered,short,strict,0.15,200.0,40.0,1.0,peripheral,18707.68089740575,75.99106800873253,0.0,0.0,18631.689829397015,18631.689829397015,86.0832907049781,0.0,177.1814717293131,94.98883501091565,0.0,15,0,0.0,0,0,0.0,0.0,0.0,0.0,0.0,0.0,0,0.0,0.0,0,0,0,0.005148649215698242,0.0,0.0,0.0,True,feasible,baseline_truck_only,18707.68089740575,94.98883501091565,,,,0.0,True,feasible_only,0.0,18707.68089740575,True,18707.68089740575,,,
S0019_R10,1902036,nils,S0019,n15_p0.75_d1_clustered_Emedium_V2.00_Hshort_PWstrict_B0.15,15,0.7333333333333333,0.75,1,3,medium,2.0,clustered,short,strict,0.15,200.0,40.0,1.0,peripheral,53.170631005049174,42.57416943742484,10.596461567624335,0.0,0.0,0.0,0.0,0.0,102.22966454279972,53.217711796781046,35.32153855874778,11,4,0.26666666666666666,1,1,4.0,4.0,0.0,0.0,0.0,0.0,0,0.4596189679387871,0.4596189679387871,0,0,0,0.2197706699371338,25.0,4.0,66.0,False,infeasible,nils_complete,18707.68089740575,94.98883501091565,,99.71578181551929,,43.97477157113725,False,feasible_only,0.0,,False,18707.68089740575,,,
S0020_R01,2002027,truck_only,S0020,n15_p0.75_d1_uniform_Ehigh_V1.25_Hmedium_PWflat_B0.15,15,0.7333333333333333,0.75,1,3,high,1.25,uniform,medium,flat,0.15,1.0,1.0,1.0,peripheral,284.87689665647565,168.45928763005992,0.0,0.0,116.4176090264157,116.4176090264157,116.4176090264157,0.0,175.44814738423517,210.57410953757483,0.0,15,0,0.0,0,0,0.0,0.0,0.0,0.0,0.0,0.0,0,0.0,0.0,0,0,0,0.005522012710571289,0.0,0.0,0.0,True,feasible,baseline_truck_only,284.87689665647565,210.57410953757483,,,,0.0,True,feasible_only,0.0,284.87689665647565,True,284.87689665647565,,,
S0020_R01,2002027,nils,S0020,n15_p0.75_d1_uniform_Ehigh_V1.25_Hmedium_PWflat_B0.15,15,0.7333333333333333,0.75,1,3,high,1.25,uniform,medium,flat,0.15,1.0,1.0,1.0,peripheral,160.46744953224626,144.4950047694351,15.972444762811154,0.0,0.0,0.0,0.0,0.0,134.99329784298044,180.61875596179388,53.24148254270385,11,4,0.26666666666666666,1,1,4.0,4.0,0.0,0.0,0.0,0.0,0,0.8411055386265549,0.8411055386265549,0,167,167,0.13881683349609375,25.0,4.0,18.0,True,feasible,nils_complete,284.87689665647565,210.57410953757483,,43.671301037181316,,14.225563456762815,True,feasible_only,0.0,160.46744953224626,True,284.87689665647565,,43.671301037181316,
S0020_R02,2002028,truck_only,S0020,n15_p0.75_d1_uniform_Ehigh_V1.25_Hmedium_PWflat_B0.15,15,0.7333333333333333,0.75,1,3,high,1.25,uniform,medium,flat,0.15,1.0,1.0,1.0,peripheral,132.00365748246642,132.00365748246642,0.0,0.0,0.0,0.0,0.0,0.0,198.01034672580175,165.00457185308304,0.0,15,0,0.0,0,0,0.0,0.0,0.0,0.0,0.0,0.0,0,0.0,0.0,0,0,0,0.004096269607543945,0.0,0.0,0.0,True,feasible,baseline_truck_only,132.00365748246642,165.00457185308304,,,,0.0,True,feasible_only,0.0,132.00365748246642,True,132.00365748246642,,,
S0020_R02,2002028,nils,S0020,n15_p0.75_d1_uniform_Ehigh_V1.25_Hmedium_PWflat_B0.15,15,0.7333333333333333,0.75,1,3,high,1.25,uniform,medium,flat,0.15,1.0,1.0,1.0,peripheral,110.71638323321199,99.67339771895095,11.042985514261035,0.0,0.0,0.0,0.0,0.0,138.28019428609582,124.5917471486887,36.80995171420345,13,2,0.13333333333333333,1,1,2.0,2.0,0.0,0.0,0.0,0.0,0,0.6279423524402,0.6279423524402,0,157,157,0.21194815635681152,25.0,2.0,28.0,True,feasible,nils_complete,132.00365748246642,165.00457185308304,,16.126276086010684,,24.491942405315385,True,feasible_only,0.0,110.71638323321199,True,132.00365748246642,,16.126276086010684,
S0020_R03,2002029,truck_only,S0020,n15_p0.75_d1_uniform_Ehigh_V1.25_Hmedium_PWflat_B0.15,15,0.7333333333333333,0.75,1,3,high,1.25,uniform,medium,flat,0.15,1.0,1.0,1.0,peripheral,518.8994075773326,162.86200950362354,0.0,0.0,356.03739807370897,356.03739807370897,285.4811386147969,0.0,293.519875537178,203.57751187952937,0.0,15,0,0.0,0,0,0.0,0.0,0.0,0.0,0.0,0.0,0,0.0,0.0,0,0,0,0.006025075912475586,0.0,0.0,0.0,True,feasible,baseline_truck_only,518.8994075773326,203.57751187952937,,,,0.0,True,feasible_only,0.0,518.8994075773326,True,518.8994075773326,,,
S0020_R03,2002029,nils,S0020,n15_p0.75_d1_uniform_Ehigh_V1.25_Hmedium_PWflat_B0.15,15,0.7333333333333333,0.75,1,3,high,1.25,uniform,medium,flat,0.15,1.0,1.0,1.0,peripheral,80.02503920052875,67.2283738198636,12.796665380665141,0.0,0.0,0.0,0.0,0.0,152.95572173460707,84.0354672748295,42.655551268883805,10,5,0.3333333333333333,1,1,5.0,5.0,0.0,0.0,0.0,0.0,0,0.7434368865146741,0.7434368865146741,0,82,82,0.12024855613708496,17.0,5.0,37.0,True,feasible,nils_complete,518.8994075773326,203.57751187952937,,84.57792820112202,,58.720653131590005,True,feasible_only,0.0,80.02503920052875,True,518.8994075773326,,84.57792820112202,
S0020_R04,2002030,truck_only,S0020,n15_p0.75_d1_uniform_Ehigh_V1.25_Hmedium_PWflat_B0.15,15,0.7333333333333333,0.75,1,3,high,1.25,uniform,medium,flat,0.15,1.0,1.0,1.0,peripheral,189.4638604632741,158.98835167699815,0.0,0.0,30.47550878627596,30.47550878627596,30.47550878627596,0.0,154.99522149900955,198.73543959624772,0.0,15,0,0.0,0,0,0.0,0.0,0.0,0.0,0.0,0.0,0,0.0,0.0,0,0,0,0.005944252014160156,0.0,0.0,0.0,True,feasible,baseline_truck_only,189.4638604632741,198.73543959624772,,,,0.0,True,feasible_only,0.0,189.4638604632741,True,189.4638604632741,,,
S0020_R04,2002030,nils,S0020,n15_p0.75_d1_uniform_Ehigh_V1.25_Hmedium_PWflat_B0.15,15,0.7333333333333333,0.75,1,3,high,1.25,uniform,medium,flat,0.15,1.0,1.0,1.0,peripheral,120.90370973334817,108.68838908084402,12.215320652504149,0.0,0.0,0.0,0.0,0.0,135.93911043514063,135.860486351055,40.71773550834717,11,4,0.26666666666666666,1,1,4.0,4.0,0.0,0.0,0.0,0.0,0,0.6804422167340572,0.6804422167340572,0,160,160,0.16043758392333984,25.0,5.0,25.0,True,feasible,nils_complete,189.4638604632741,198.73543959624772,,36.186400172720916,,31.637514362274747,True,feasible_only,0.0,120.90370973334817,True,189.4638604632741,,36.186400172720916,
S0020_R05,2002031,truck_only,S0020,n15_p0.75_d1_uniform_Ehigh_V1.25_Hmedium_PWflat_B0.15,15,0.7333333333333333,0.75,1,3,high,1.25,uniform,medium,flat,0.15,1.0,1.0,1.0,peripheral,171.67439302231915,167.00352717535915,0.0,0.0,4.670865846960005,4.670865846960005,4.670865846960005,0.0,154.2024562015201,208.75440896919892,0.0,15,0,0.0,0,0,0.0,0.0,0.0,0.0,0.0,0.0,0,0.0,0.0,0,0,0,0.003253936767578125,0.0,0.0,0.0,True,feasible,baseline_truck_only,171.67439302231915,208.75440896919892,,,,0.0,True,feasible_only,0.0,171.67439302231915,True,171.67439302231915,,,
S0020_R05,2002031,nils,S0020,n15_p0.75_d1_uniform_Ehigh_V1.25_Hmedium_PWflat_B0.15,15,0.7333333333333333,0.75,1,3,high,1.25,uniform,medium,flat,0.15,1.0,1.0,1.0,peripheral,147.5075767816117,127.89200947987551,14.944701454776196,0.0,4.670865846960005,4.670865846960005,4.670865846960005,0.0,131.3192874658505,159.86501184984434,49.815671515920656,12,3,0.2,1,1,3.0,3.0,0.0,0.0,0.0,0.0,0,0.8273466442914019,0.8273466442914019,0,185,185,0.13293838500976562,25.0,3.0,21.0,True,feasible,nils_complete,171.67439302231915,208.75440896919892,,14.077123451699377,,23.419575835913513,True,feasible_only,0.0,147.5075767816117,True,171.67439302231915,,14.077123451699377,
S0020_R06,2002032,truck_only,S0020,n15_p0.75_d1_uniform_Ehigh_V1.25_Hmedium_PWflat_B0.15,15,0.7333333333333333,0.75,1,3,high,1.25,uniform,medium,flat,0.15,1.0,1.0,1.0,peripheral,160.68506412042322,148.0464229787966,0.0,0.0,12.638641141626614,12.638641141626614,0.45108078071243796,0.0,190.22775547674152,185.05802872349574,0.0,15,0,0.0,0,0,0.0,0.0,0.0,0.0,0.0,0.0,0,0.0,0.0,0,0,0,0.005347251892089844,0.0,0.0,0.0,True,feasible,baseline_truck_only,160.68506412042322,185.05802872349574,,,,0.0,True,feasible_only,0.0,160.68506412042322,True,160.68506412042322,,,
S0020_R06,2002032,nils,S0020,n15_p0.75_d1_uniform_Ehigh_V1.25_Hmedium_PWflat_B0.15,15,0.7333333333333333,0.75,1,3,high,1.25,uniform,medium,flat,0.15,1.0,1.0,1.0,peripheral,115.33723113288227,96.81095417355776,14.15763695251525,0.0,4.368640006809265,4.368640006809265,4.368640006809265,0.0,137.44378589247276,121.01369271694718,47.19212317505084,12,3,0.2,1,1,3.0,3.0,0.0,0.0,0.0,0.0,0,0.7534626768159663,0.7534626768159663,0,157,157,0.14972496032714844,25.0,3.0,28.0,True,feasible,nils_complete,160.68506412042322,185.05802872349574,,28.221560750385386,,34.60770464719493,True,feasible_only,0.0,115.33723113288227,True,160.68506412042322,,28.221560750385386,
S0020_R07,2002033,truck_only,S0020,n15_p0.75_d1_uniform_Ehigh_V1.25_Hmedium_PWflat_B0.15,15,0.7333333333333333,0.75,1,3,high,1.25,uniform,medium,flat,0.15,1.0,1.0,1.0,peripheral,207.3551962257185,149.0528963068497,0.0,0.0,58.30229991886877,58.30229991886877,54.86766879508944,0.0,176.73085119893264,186.3161203835621,0.0,15,0,0.0,0,0,0.0,0.0,0.0,0.0,0.0,0.0,0,0.0,0.0,0,0,0,0.004039287567138672,0.0,0.0,0.0,True,feasible,baseline_truck_only,207.3551962257185,186.3161203835621,,,,0.0,True,feasible_only,0.0,207.3551962257185,True,207.3551962257185,,,
S0020_R07,2002033,nils,S0020,n15_p0.75_d1_uniform_Ehigh_V1.25_Hmedium_PWflat_B0.15,15,0.7333333333333333,0.75,1,3,high,1.25,uniform,medium,flat,0.15,1.0,1.0,1.0,peripheral,133.6384572182993,118.2532805177018,14.249123618098041,0.0,1.1360530824994512,1.1360530824994512,1.1360530824994512,0.0,137.6131439385927,147.81660064712725,47.49707872699347,13,2,0.13333333333333333,1,1,2.0,2.0,0.0,0.0,0.0,0.0,0,0.7785520269090904,0.7785520269090904,0,209,209,0.133880615234375,25.0,2.0,19.0,True,feasible,nils_complete,207.3551962257185,186.3161203835621,,35.550948492833584,,20.66354733942362,True,feasible_only,0.0,133.6384572182993,True,207.3551962257185,,35.550948492833584,
S0020_R08,2002034,truck_only,S0020,n15_p0.75_d1_uniform_Ehigh_V1.25_Hmedium_PWflat_B0.15,15,0.7333333333333333,0.75,1,3,high,1.25,uniform,medium,flat,0.15,1.0,1.0,1.0,peripheral,298.7842841981297,167.3295623174011,0.0,0.0,131.45472188072858,131.45472188072858,131.45472188072858,0.0,263.33930926256687,209.16195289675136,0.0,15,0,0.0,0,0,0.0,0.0,0.0,0.0,0.0,0.0,0,0.0,0.0,0,0,0,0.005355358123779297,0.0,0.0,0.0,True,feasible,baseline_truck_only,298.7842841981297,209.16195289675136,,,,0.0,True,feasible_only,0.0,298.7842841981297,True,298.7842841981297,,,
S0020_R08,2002034,nils,S0020,n15_p0.75_d1_uniform_Ehigh_V1.25_Hmedium_PWflat_B0.15,15,0.7333333333333333,0.75,1,3,high,1.25,uniform,medium,flat,0.15,1.0,1.0,1.0,peripheral,119.5141490414512,105.17899566823444,14.335153373216775,0.0,0.0,0.0,0.0,0.0,146.63471990183217,131.47374458529305,47.78384457738925,14,1,0.06666666666666667,1,1,1.0,1.0,0.0,0.0,0.0,0.0,0,0.7351360704213732,0.7351360704213732,0,216,216,0.15481328964233398,25.0,1.0,12.0,True,feasible,nils_complete,298.7842841981297,209.16195289675136,,59.99985428878882,,37.14260994197522,True,feasible_only,0.0,119.5141490414512,True,298.7842841981297,,59.99985428878882,
S0020_R09,2002035,truck_only,S0020,n15_p0.75_d1_uniform_Ehigh_V1.25_Hmedium_PWflat_B0.15,15,0.7333333333333333,0.75,1,3,high,1.25,uniform,medium,flat,0.15,1.0,1.0,1.0,peripheral,226.969405365085,154.09841592940603,0.0,0.0,72.87098943567898,72.87098943567898,0.0,0.0,244.96412113709025,192.62301991175752,0.0,15,0,0.0,0,0,0.0,0.0,0.0,0.0,0.0,0.0,0,0.0,0.0,0,0,0,0.005561351776123047,0.0,0.0,0.0,True,feasible,baseline_truck_only,226.969405365085,192.62301991175752,,,,0.0,True,feasible_only,0.0,226.969405365085,True,226.969405365085,,,
S0020_R09,2002035,nils,S0020,n15_p0.75_d1_uniform_Ehigh_V1.25_Hmedium_PWflat_B0.15,15,0.7333333333333333,0.75,1,3,high,1.25,uniform,medium,flat,0.15,1.0,1.0,1.0,peripheral,116.55111293390749,111.01142883884461,5.539684095062886,0.0,0.0,0.0,0.0,0.0,164.09407121329232,138.7642860485557,18.46561365020962,13,2,0.13333333333333333,1,1,2.0,2.0,0.0,0.0,0.0,0.0,0,0.3136418528892781,0.3136418528892781,0,181,181,0.1510772705078125,25.0,2.0,25.0,True,feasible,nils_complete,226.969405365085,192.62301991175752,,48.64897639114285,,27.960694359311276,True,feasible_only,0.0,116.55111293390749,True,226.969405365085,,48.64897639114285,
S0020_R10,2002036,truck_only,S0020,n15_p0.75_d1_uniform_Ehigh_V1.25_Hmedium_PWflat_B0.15,15,0.7333333333333333,0.75,1,3,high,1.25,uniform,medium,flat,0.15,1.0,1.0,1.0,peripheral,422.32330520189333,159.84247246198606,0.0,0.0,262.48083273990727,262.48083273990727,171.56934233095336,0.0,218.23605513078314,199.80309057748258,0.0,15,0,0.0,0,0,0.0,0.0,0.0,0.0,0.0,0.0,0,0.0,0.0,0,0,0,0.005525827407836914,0.0,0.0,0.0,True,feasible,baseline_truck_only,422.32330520189333,199.80309057748258,,,,0.0,True,feasible_only,0.0,422.32330520189333,True,422.32330520189333,,,
S0020_R10,2002036,nils,S0020,n15_p0.75_d1_uniform_Ehigh_V1.25_Hmedium_PWflat_B0.15,15,0.7333333333333333,0.75,1,3,high,1.25,uniform,medium,flat,0.15,1.0,1.0,1.0,peripheral,120.09615438239962,114.25492676185506,5.841227620544565,0.0,0.0,0.0,0.0,0.0,129.28525817214444,142.81865845231883,19.47075873514855,13,2,0.13333333333333333,1,1,2.0,2.0,0.0,0.0,0.0,0.0,0,0.3342760218602404,0.3342760218602404,0,73,73,0.10283827781677246,14.0,2.0,26.0,True,feasible,nils_complete,422.32330520189333,199.80309057748258,,71.5629819848594,,28.52029563730171,True,feasible_only,0.0,120.09615438239962,True,422.32330520189333,,71.5629819848594,
S0021_R01,2102027,truck_only,S0021,n15_p0.75_d1_uniform_Ehigh_V1.25_Hmedium_PWmoderate_B0.15,15,0.7333333333333333,0.75,1,3,high,1.25,uniform,medium,moderate,0.15,20.0,5.0,1.0,peripheral,501.249659467853,183.96136126222348,0.0,0.0,317.28829820562953,317.28829820562953,7.8916171939636115,0.0,216.62100799324546,229.95170157777935,0.0,15,0,0.0,0,0,0.0,0.0,0.0,0.0,0.0,0.0,0,0.0,0.0,0,0,0,0.0039615631103515625,0.0,0.0,0.0,True,feasible,baseline_truck_only,501.249659467853,229.95170157777935,,,,0.0,True,feasible_only,0.0,501.249659467853,True,501.249659467853,,,
S0021_R01,2102027,nils,S0021,n15_p0.75_d1_uniform_Ehigh_V1.25_Hmedium_PWmoderate_B0.15,15,0.7333333333333333,0.75,1,3,high,1.25,uniform,medium,moderate,0.15,20.0,5.0,1.0,peripheral,307.67287197453345,135.64107455871033,14.19945353655064,0.0,157.8323438792725,157.8323438792725,7.891617193963626,0.0,138.04568686046568,169.55134319838788,47.33151178850215,9,6,0.4,1,1,6.0,6.0,0.0,0.0,0.0,0.0,0,0.8283132532956923,0.8283132532956923,0,113,113,0.17089414596557617,25.0,6.0,33.0,True,feasible,nils_complete,501.249659467853,229.95170157777935,,38.61883670880267,,26.26654117580492,True,feasible_only,0.0,307.67287197453345,True,501.249659467853,,38.61883670880267,
S0021_R02,2102028,truck_only,S0021,n15_p0.75_d1_uniform_Ehigh_V1.25_Hmedium_PWmoderate_B0.15,15,0.7333333333333333,0.75,1,3,high,1.25,uniform,medium,moderate,0.15,20.0,5.0,1.0,peripheral,375.17908790039496,149.28529290930848,0.0,0.0,225.89379499108645,225.89379499108645,11.294689749554323,0.0,113.82266912154964,186.60661613663558,0.0,15,0,0.0,0,0,0.0,0.0,0.0,0.0,0.0,0.0,0,0.0,0.0,0,0,0,0.005623817443847656,0.0,0.0,0.0,True,feasible,baseline_truck_only,375.17908790039496,186.60661613663558,,,,0.0,True,feasible_only,0.0,375.17908790039496,True,375.17908790039496,,,
S0021_R02,2102028,nils,S0021,n15_p0.75_d1_uniform_Ehigh_V1.25_Hmedium_PWmoderate_B0.15,15,0.7333333333333333,0.75,1,3,high,1.25,uniform,medium,moderate,0.15,20.0,5.0,1.0,peripheral,136.68147751332967,121.04491031949652,15.636567193833137,0.0,0.0,0.0,0.0,0.0,108.49942481863732,151.30613789937067,52.12189064611047,11,4,0.26666666666666666,1,1,4.0,4.0,0.0,0.0,0.0,0.0,0,0.8419510546669804,0.8419510546669804,0,158,158,0.15088701248168945,25.0,5.0,28.0,True,feasible,nils_complete,375.17908790039496,186.60661613663558,,63.56900426454025,,18.91705608734552,True,feasible_only,0.0,136.68147751332967,True,375.17908790039496,,63.56900426454025,
S0021_R03,2102029,truck_only,S0021,n15_p0.75_d1_uniform_Ehigh_V1.25_Hmedium_PWmoderate_B0.15,15,0.7333333333333333,0.75,1,3,high,1.25,uniform,medium,moderate,0.15,20.0,5.0,1.0,peripheral,1141.988970974084,161.67621870718602,0.0,0.0,980.312752266898,980.312752266898,49.0156376133449,0.0,184.14404526017853,202.0952733839825,0.0,15,0,0.0,0,0,0.0,0.0,0.0,0.0,0.0,0.0,0,0.0,0.0,0,0,0,0.005578756332397461,0.0,0.0,0.0,True,feasible,baseline_truck_only,1141.988970974084,202.0952733839825,,,,0.0,True,feasible_only,0.0,1141.988970974084,True,1141.988970974084,,,
S0021_R03,2102029,nils,S0021,n15_p0.75_d1_uniform_Ehigh_V1.25_Hmedium_PWmoderate_B0.15,15,0.7333333333333333,0.75,1,3,high,1.25,uniform,medium,moderate,0.15,20.0,5.0,1.0,peripheral,142.34985681067343,129.23772392787345,13.11213288279997,0.0,0.0,0.0,0.0,0.0,154.21478709985956,161.5471549098418,43.70710960933324,12,3,0.2,1,1,3.0,3.0,0.0,0.0,0.0,0.0,0,0.7291172803603876,0.7291172803603876,0,188,188,0.20502734184265137,25.0,3.0,18.0,True,feasible,nils_complete,1141.988970974084,202.0952733839825,,87.53491842489048,,20.063862848043442,True,feasible_only,0.0,142.34985681067343,True,1141.988970974084,,87.53491842489048,
S0021_R04,2102030,truck_only,S0021,n15_p0.75_d1_uniform_Ehigh_V1.25_Hmedium_PWmoderate_B0.15,15,0.7333333333333333,0.75,1,3,high,1.25,uniform,medium,moderate,0.15,20.0,5.0,1.0,peripheral,813.8540557359356,202.245676413921,0.0,0.0,611.6083793220147,611.6083793220147,1.1828920584925484,0.0,234.68446080700474,252.80709551740128,0.0,15,0,0.0,0,0,0.0,0.0,0.0,0.0,0.0,0.0,0,0.0,0.0,0,0,0,0.00506591796875,0.0,0.0,0.0,True,feasible,baseline_truck_only,813.8540557359356,252.80709551740128,,,,0.0,True,feasible_only,0.0,813.8540557359356,True,813.8540557359356,,,
S0021_R04,2102030,nils,S0021,n15_p0.75_d1_uniform_Ehigh_V1.25_Hmedium_PWmoderate_B0.15,15,0.7333333333333333,0.75,1,3,high,1.25,uniform,medium,moderate,0.15,20.0,5.0,1.0,peripheral,146.99840077445282,133.42137553422657,13.577025240226234,0.0,0.0,0.0,0.0,0.0,156.4470120448243,166.77671941778317,45.25675080075411,12,3,0.2,1,1,3.0,3.0,0.0,0.0,0.0,0.0,0,0.7642368767722656,0.7642368767722656,0,184,184,0.17010903358459473,25.0,4.0,22.0,True,feasible,nils_complete,813.8540557359356,252.80709551740128,,81.93799001941103,,34.0300480584005,True,feasible_only,0.0,146.99840077445282,True,813.8540557359356,,81.93799001941103,
S0021_R05,2102031,truck_only,S0021,n15_p0.75_d1_uniform_Ehigh_V1.25_Hmedium_PWmoderate_B0.15,15,0.7333333333333333,0.75,1,3,high,1.25,uniform,medium,moderate,0.15,20.0,5.0,1.0,peripheral,1044.7754562264709,155.57794888318887,0.0,0.0,889.1975073432819,889.1975073432819,44.459875367164095,0.0,159.11071133021272,194.47243610398607,0.0,15,0,0.0,0,0,0.0,0.0,0.0,0.0,0.0,0.0,0,0.0,0.0,0,0,0,0.005831003189086914,0.0,0.0,0.0,True,feasible,baseline_truck_only,1044.7754562264709,194.47243610398607,,,,0.0,True,feasible_only,0.0,1044.7754562264709,True,1044.7754562264709,,,
S0021_R05,2102031,nils,S0021,n15_p0.75_d1_uniform_Ehigh_V1.25_Hmedium_PWmoderate_B0.15,15,0.7333333333333333,0.75,1,3,high,1.25,uniform,medium,moderate,0.15,20.0,5.0,1.0,peripheral,125.09880503215727,111.05553687221541,14.043268159941857,0.0,0.0,0.0,0.0,0.0,138.8260321494238,138.81942109026926,46.81089386647287,12,3,0.2,1,1,3.0,3.0,0.0,0.0,0.0,0.0,0,0.7827605990522567,0.7827605990522567,0,182,182,0.1673424243927002,25.0,3.0,24.0,True,feasible,nils_complete,1044.7754562264709,194.47243610398607,,88.0262496322425,,28.617430895943873,True,feasible_only,0.0,125.09880503215727,True,1044.7754562264709,,88.0262496322425,
S0021_R06,2102032,truck_only,S0021,n15_p0.75_d1_uniform_Ehigh_V1.25_Hmedium_PWmoderate_B0.15,15,0.7333333333333333,0.75,1,3,high,1.25,uniform,medium,moderate,0.15,20.0,5.0,1.0,peripheral,152.46579794681068,152.46579794681068,0.0,0.0,0.0,0.0,0.0,0.0,182.435332760617,190.58224743351334,0.0,15,0,0.0,0,0,0.0,0.0,0.0,0.0,0.0,0.0,0,0.0,0.0,0,0,0,0.004430532455444336,0.0,0.0,0.0,True,feasible,baseline_truck_only,152.46579794681068,190.58224743351334,,,,0.0,True,feasible_only,0.0,152.46579794681068,True,152.46579794681068,,,
S0021_R06,2102032,nils,S0021,n15_p0.75_d1_uniform_Ehigh_V1.25_Hmedium_PWmoderate_B0.15,15,0.7333333333333333,0.75,1,3,high,1.25,uniform,medium,moderate,0.15,20.0,5.0,1.0,peripheral,114.85330574931324,103.20803361682741,11.645272132485834,0.0,0.0,0.0,0.0,0.0,128.80437105846678,129.01004202103425,38.817573774952784,10,5,0.3333333333333333,1,1,5.0,5.0,0.0,0.0,0.0,0.0,0,0.6665147831604127,0.6665147831604127,0,114,114,0.16928386688232422,25.0,5.0,32.0,True,feasible,nils_complete,152.46579794681068,190.58224743351334,,24.669462072155333,,32.30741910206469,True,feasible_only,0.0,114.85330574931324,True,152.46579794681068,,24.669462072155333,
S0021_R07,2102033,truck_only,S0021,n15_p0.75_d1_uniform_Ehigh_V1.25_Hmedium_PWmoderate_B0.15,15,0.7333333333333333,0.75,1,3,high,1.25,uniform,medium,moderate,0.15,20.0,5.0,1.0,peripheral,2271.7055938787166,161.31246658356028,0.0,0.0,2110.3931272951563,2110.3931272951563,20.156010037439913,0.0,284.4582072731997,201.64058322945036,0.0,15,0,0.0,0,0,0.0,0.0,0.0,0.0,0.0,0.0,0,0.0,0.0,0,0,0,0.005633354187011719,0.0,0.0,0.0,True,feasible,baseline_truck_only,2271.7055938787166,201.64058322945036,,,,0.0,True,feasible_only,0.0,2271.7055938787166,True,2271.7055938787166,,,
S0021_R07,2102033,nils,S0021,n15_p0.75_d1_uniform_Ehigh_V1.25_Hmedium_PWmoderate_B0.15,15,0.7333333333333333,0.75,1,3,high,1.25,uniform,medium,moderate,0.15,20.0,5.0,1.0,peripheral,116.38546753810283,102.00773233415781,14.377735203945022,0.0,0.0,0.0,0.0,0.0,167.51166024945672,127.50966541769725,47.925784013150064,11,4,0.26666666666666666,1,1,4.0,4.0,0.0,0.0,0.0,0.0,0,0.8284561167804831,0.8284561167804831,0,106,106,0.12161898612976074,19.0,4.0,38.0,True,feasible,nils_complete,2271.7055938787166,201.64058322945036,,94.87673632306438,,36.763887816867815,True,feasible_only,0.0,116.38546753810283,True,2271.7055938787166,,94.87673632306438,
S0021_R08,2102034,truck_only,S0021,n15_p0.75_d1_uniform_Ehigh_V1.25_Hmedium_PWmoderate_B0.15,15,0.7333333333333333,0.75,1,3,high,1.25,uniform,medium,moderate,0.15,20.0,5.0,1.0,peripheral,11559.010967636574,212.5618592436112,0.0,0.0,11346.449108392962,11346.449108392962,397.27788665911453,0.0,380.617833981595,265.702324054514,0.0,15,0,0.0,0,0,0.0,0.0,0.0,0.0,0.0,0.0,0,0.0,0.0,0,0,0,0.003931283950805664,0.0,0.0,0.0,True,feasible,baseline_truck_only,11559.010967636574,265.702324054514,,,,0.0,True,feasible_only,0.0,11559.010967636574,True,11559.010967636574,,,
S0021_R08,2102034,nils,S0021,n15_p0.75_d1_uniform_Ehigh_V1.25_Hmedium_PWmoderate_B0.15,15,0.7333333333333333,0.75,1,3,high,1.25,uniform,medium,moderate,0.15,20.0,5.0,1.0,peripheral,160.18926076859063,144.37254064946927,15.816720119121346,0.0,0.0,0.0,0.0,0.0,130.37474965854324,180.46567581183655,52.722400397071155,10,5,0.3333333333333333,1,1,5.0,5.0,0.0,0.0,0.0,0.0,0,0.8315154160892677,0.8315154160892677,0,124,124,0.17371797561645508,25.0,7.0,43.0,True,feasible,nils_complete,11559.010967636574,265.702324054514,,98.61416118371116,,32.0797526126228,True,feasible_only,0.0,160.18926076859063,True,11559.010967636574,,98.61416118371116,
S0021_R09,2102035,truck_only,S0021,n15_p0.75_d1_uniform_Ehigh_V1.25_Hmedium_PWmoderate_B0.15,15,0.7333333333333333,0.75,1,3,high,1.25,uniform,medium,moderate,0.15,20.0,5.0,1.0,peripheral,1603.420263418248,146.87603800039028,0.0,0.0,1456.5442254178577,1456.5442254178577,72.82721127089289,0.0,193.4550062006798,183.59504750048785,0.0,15,0,0.0,0,0,0.0,0.0,0.0,0.0,0.0,0.0,0,0.0,0.0,0,0,0,0.0029730796813964844,0.0,0.0,0.0,True,feasible,baseline_truck_only,1603.420263418248,183.59504750048785,,,,0.0,True,feasible_only,0.0,1603.420263418248,True,1603.420263418248,,,
S0021_R09,2102035,nils,S0021,n15_p0.75_d1_uniform_Ehigh_V1.25_Hmedium_PWmoderate_B0.15,15,0.7333333333333333,0.75,1,3,high,1.25,uniform,medium,moderate,0.15,20.0,5.0,1.0,peripheral,95.77532316587931,80.25858885691679,15.516734308962526,0.0,0.0,0.0,0.0,0.0,112.33787459365064,100.32323607114598,51.72244769654176,11,4,0.26666666666666666,1,1,4.0,4.0,0.0,0.0,0.0,0.0,0,0.8197308496662875,0.8197308496662875,0,81,81,0.09678506851196289,15.0,4.0,35.0,True,feasible,nils_complete,1603.420263418248,183.59504750048785,,94.02681097707342,,45.356240575672714,True,feasible_only,0.0,95.77532316587931,True,1603.420263418248,,94.02681097707342,
S0021_R10,2102036,truck_only,S0021,n15_p0.75_d1_uniform_Ehigh_V1.25_Hmedium_PWmoderate_B0.15,15,0.7333333333333333,0.75,1,3,high,1.25,uniform,medium,moderate,0.15,20.0,5.0,1.0,peripheral,342.77921065585656,157.3568868895023,0.0,0.0,185.42232376635425,185.42232376635425,0.0,0.0,218.88411267003443,196.69610861187795,0.0,15,0,0.0,0,0,0.0,0.0,0.0,0.0,0.0,0.0,0,0.0,0.0,0,0,0,0.005629777908325195,0.0,0.0,0.0,True,feasible,baseline_truck_only,342.77921065585656,196.69610861187795,,,,0.0,True,feasible_only,0.0,342.77921065585656,True,342.77921065585656,,,
S0021_R10,2102036,nils,S0021,n15_p0.75_d1_uniform_Ehigh_V1.25_Hmedium_PWmoderate_B0.15,15,0.7333333333333333,0.75,1,3,high,1.25,uniform,medium,moderate,0.15,20.0,5.0,1.0,peripheral,110.03160646407359,98.11610687326959,11.915499590804007,0.0,0.0,0.0,0.0,0.0,169.3008670953585,122.64513359158698,39.718331969346686,10,5,0.3333333333333333,1,1,5.0,5.0,0.0,0.0,0.0,0.0,0,0.6590228235678407,0.6590228235678407,0,115,115,0.15093016624450684,25.0,4.0,31.0,True,feasible,nils_complete,342.77921065585656,196.69610861187795,,67.90015174679216,,37.64740214886957,True,feasible_only,0.0,110.03160646407359,True,342.77921065585656,,67.90015174679216,
S0022_R01,2202027,truck_only,S0022,n15_p0.75_d1_uniform_Ehigh_V2.00_Hshort_PWstrict_B0.15,15,0.7333333333333333,0.75,1,3,high,2.0,uniform,short,strict,0.15,200.0,40.0,1.0,peripheral,11544.29336550444,116.2214875608873,0.0,0.0,11428.071877943552,11428.071877943552,57.14035938971776,0.0,139.14411665593724,145.2768594511091,0.0,15,0,0.0,0,0,0.0,0.0,0.0,0.0,0.0,0.0,0,0.0,0.0,0,0,0,0.003049612045288086,0.0,0.0,0.0,True,feasible,baseline_truck_only,11544.29336550444,145.2768594511091,,,,0.0,True,feasible_only,0.0,11544.29336550444,True,11544.29336550444,,,
S0022_R01,2202027,nils,S0022,n15_p0.75_d1_uniform_Ehigh_V2.00_Hshort_PWstrict_B0.15,15,0.7333333333333333,0.75,1,3,high,2.0,uniform,short,strict,0.15,200.0,40.0,1.0,peripheral,81.57043243149796,64.08831751676482,17.482114914733145,0.0,0.0,0.0,0.0,0.0,108.14897846344283,80.110396895956,58.27371638244381,9,6,0.4,1,1,6.0,6.0,0.0,0.0,0.0,0.0,0,0.5994362005324377,0.5994362005324377,0,40,40,0.14308810234069824,21.0,6.0,64.0,True,feasible,nils_complete,11544.29336550444,145.2768594511091,,99.2934133788107,,44.85673960833656,True,feasible_only,0.0,81.57043243149796,True,11544.29336550444,,99.2934133788107,
S0022_R02,2202028,truck_only,S0022,n15_p0.75_d1_uniform_Ehigh_V2.00_Hshort_PWstrict_B0.15,15,0.7333333333333333,0.75,1,3,high,2.0,uniform,short,strict,0.15,200.0,40.0,1.0,peripheral,13738.750838210895,159.00624531215686,0.0,0.0,13579.744592898738,13579.744592898738,56.2327947027214,0.0,231.91573142285296,198.75780664019607,0.0,15,0,0.0,0,0,0.0,0.0,0.0,0.0,0.0,0.0,0,0.0,0.0,0,0,0,0.0028383731842041016,0.0,0.0,0.0,True,feasible,baseline_truck_only,13738.750838210895,198.75780664019607,,,,0.0,True,feasible_only,0.0,13738.750838210895,True,13738.750838210895,,,
S0022_R02,2202028,nils,S0022,n15_p0.75_d1_uniform_Ehigh_V2.00_Hshort_PWstrict_B0.15,15,0.7333333333333333,0.75,1,3,high,2.0,uniform,short,strict,0.15,200.0,40.0,1.0,peripheral,89.87661100161172,69.18703396416029,20.689577037451432,0.0,0.0,0.0,0.0,0.0,122.82505388781018,86.48379245520037,68.96525679150479,9,6,0.4,1,1,6.0,6.0,0.0,0.0,0.0,0.0,0,0.7405751347903221,0.7405751347903221,0,37,37,0.1297316551208496,15.0,6.0,51.0,True,feasible,nils_complete,13738.750838210895,198.75780664019607,,99.34581671900155,,56.4878512612293,True,feasible_only,0.0,89.87661100161172,True,13738.750838210895,,99.34581671900155,
S0022_R03,2202029,truck_only,S0022,n15_p0.75_d1_uniform_Ehigh_V2.00_Hshort_PWstrict_B0.15,15,0.7333333333333333,0.75,1,3,high,2.0,uniform,short,strict,0.15,200.0,40.0,1.0,peripheral,16586.515921486214,172.25092676406416,0.0,0.0,16414.26499472215,16414.26499472215,82.07132497361076,0.0,172.07390282068164,215.3136584550802,0.0,15,0,0.0,0,0,0.0,0.0,0.0,0.0,0.0,0.0,0,0.0,0.0,0,0,0,0.0034329891204833984,0.0,0.0,0.0,True,feasible,baseline_truck_only,16586.515921486214,215.3136584550802,,,,0.0,True,feasible_only,0.0,16586.515921486214,True,16586.515921486214,,,
S0022_R03,2202029,nils,S0022,n15_p0.75_d1_uniform_Ehigh_V2.00_Hshort_PWstrict_B0.15,15,0.7333333333333333,0.75,1,3,high,2.0,uniform,short,strict,0.15,200.0,40.0,1.0,peripheral,138.8184201562814,116.62207989312199,22.19634026315941,0.0,0.0,0.0,0.0,0.0,99.60729923950326,145.77759986640248,73.98780087719804,9,6,0.4,1,1,6.0,6.0,0.0,0.0,0.0,0.0,0,0.8047913774813261,0.8047913774813261,0,100,100,0.15468502044677734,25.0,7.0,46.0,True,feasible,nils_complete,16586.515921486214,215.3136584550802,,99.16306461939692,,32.29523806692676,True,feasible_only,0.0,138.8184201562814,True,16586.515921486214,,99.16306461939692,
S0022_R04,2202030,truck_only,S0022,n15_p0.75_d1_uniform_Ehigh_V2.00_Hshort_PWstrict_B0.15,15,0.7333333333333333,0.75,1,3,high,2.0,uniform,short,strict,0.15,200.0,40.0,1.0,peripheral,17364.23353251001,135.52145111245952,0.0,0.0,17228.712081397553,17228.712081397553,86.14356040698776,0.0,163.8248593436563,169.40181389057435,0.0,15,0,0.0,0,0,0.0,0.0,0.0,0.0,0.0,0.0,0,0.0,0.0,0,0,0,0.005997180938720703,0.0,0.0,0.0,True,feasible,baseline_truck_only,17364.23353251001,169.40181389057435,,,,0.0,True,feasible_only,0.0,17364.23353251001,True,17364.23353251001,,,
S0022_R04,2202030,nils,S0022,n15_p0.75_d1_uniform_Ehigh_V2.00_Hshort_PWstrict_B0.15,15,0.7333333333333333,0.75,1,3,high,2.0,uniform,short,strict,0.15,200.0,40.0,1.0,peripheral,109.4094130725864,95.10418900488217,14.305224067704238,0.0,0.0,0.0,0.0,0.0,105.00328564075056,118.88023625610273,47.684080225680795,12,3,0.2,1,1,3.0,3.0,0.0,0.0,0.0,0.0,0,0.5002112033923829,0.5002112033923829,0,51,51,0.17701220512390137,25.0,3.0,65.0,True,feasible,nils_complete,17364.23353251001,169.40181389057435,,99.36991510239858,,29.823516333246697,True,feasible_only,0.0,109.4094130725864,True,17364.23353251001,,99.36991510239858,
S0022_R05,2202031,truck_only,S0022,n15_p0.75_d1_uniform_Ehigh_V2.00_Hshort_PWstrict_B0.15,15,0.7333333333333333,0.75,1,3,high,2.0,uniform,short,strict,0.15,200.0,40.0,1.0,peripheral,4072.8780568502325,186.17850572805963,0.0,0.0,3886.699551122173,3886.699551122173,19.433497755610865,0.0,151.41754344619744,232.72313216007456,0.0,15,0,0.0,0,0,0.0,0.0,0.0,0.0,0.0,0.0,0,0.0,0.0,0,0,0,0.003255605697631836,0.0,0.0,0.0,True,feasible,baseline_truck_only,4072.8780568502325,232.72313216007456,,,,0.0,True,feasible_only,0.0,4072.8780568502325,True,4072.8780568502325,,,
S0022_R05,2202031,nils,S0022,n15_p0.75_d1_uniform_Ehigh_V2.00_Hshort_PWstrict_B0.15,15,0.7333333333333333,0.75,1,3,high,2.0,uniform,short,strict,0.15,200.0,40.0,1.0,peripheral,157.86939241517354,145.1538087258266,12.715583689346953,0.0,0.0,0.0,0.0,0.0,152.58879693282543,181.44226090728327,42.38527896448984,11,4,0.26666666666666666,1,1,4.0,4.0,0.0,0.0,0.0,0.0,0,0.45789589924392426,0.45789589924392426,0,99,99,0.19176602363586426,25.0,4.0,47.0,True,feasible,nils_complete,4072.8780568502325,232.72313216007456,,96.12388610187702,,22.035141404644996,True,feasible_only,0.0,157.86939241517354,True,4072.8780568502325,,96.12388610187702,
S0022_R06,2202032,truck_only,S0022,n15_p0.75_d1_uniform_Ehigh_V2.00_Hshort_PWstrict_B0.15,15,0.7333333333333333,0.75,1,3,high,2.0,uniform,short,strict,0.15,200.0,40.0,1.0,peripheral,11628.568678783105,173.89359178899193,0.0,0.0,11454.675086994113,11454.675086994113,54.98514752819592,0.0,176.13177504844654,217.3669897362399,0.0,15,0,0.0,0,0,0.0,0.0,0.0,0.0,0.0,0.0,0,0.0,0.0,0,0,0,0.005319118499755859,0.0,0.0,0.0,True,feasible,baseline_truck_only,11628.568678783105,217.3669897362399,,,,0.0,True,feasible_only,0.0,11628.568678783105,True,11628.568678783105,,,
S0022_R06,2202032,nils,S0022,n15_p0.75_d1_uniform_Ehigh_V2.00_Hshort_PWstrict_B0.15,15,0.7333333333333333,0.75,1,3,high,2.0,uniform,short,strict,0.15,200.0,40.0,1.0,peripheral,158.55048998219624,135.29386694526917,23.256623036927074,0.0,0.0,0.0,0.0,0.0,148.4827550866862,169.11733368158644,77.52207678975694,11,4,0.26666666666666666,1,1,4.0,4.0,0.0,0.0,0.0,0.0,0,0.8027034211120743,0.8027034211120743,0,154,154,0.1605515480041504,25.0,4.0,31.0,True,feasible,nils_complete,11628.568678783105,217.3669897362399,,98.63654337552755,,22.197324494027885,True,feasible_only,0.0,158.55048998219624,True,11628.568678783105,,98.63654337552755,
S0022_R07,2202033,truck_only,S0022,n15_p0.75_d1_uniform_Ehigh_V2.00_Hshort_PWstrict_B0.15,15,0.7333333333333333,0.75,1,3,high,2.0,uniform,short,strict,0.15,200.0,40.0,1.0,peripheral,18740.430753190387,169.98561269353453,0.0,0.0,18570.445140496853,18570.445140496853,88.44507310342485,0.0,190.2194077017127,212.48201586691818,0.0,15,0,0.0,0,0,0.0,0.0,0.0,0.0,0.0,0.0,0,0.0,0.0,0,0,0,0.0030198097229003906,0.0,0.0,0.0,True,feasible,baseline_truck_only,18740.430753190387,212.48201586691818,,,,0.0,True,feasible_only,0.0,18740.430753190387,True,18740.430753190387,,,
S0022_R07,2202033,nils,S0022,n15_p0.75_d1_uniform_Ehigh_V2.00_Hshort_PWstrict_B0.15,15,0.7333333333333333,0.75,1,3,high,2.0,uniform,short,strict,0.15,200.0,40.0,1.0,peripheral,127.9953863703562,111.6582106613025,16.3371757090537,0.0,0.0,0.0,0.0,0.0,148.22039856425687,139.57276332662815,54.45725236351233,10,5,0.3333333333333333,1,1,5.0,5.0,0.0,0.0,0.0,0.0,0,0.5834411838239526,0.5834411838239526,0,77,77,0.17081761360168457,25.0,5.0,51.0,True,feasible,nils_complete,18740.430753190387,212.48201586691818,,99.31700936837557,,34.31314045229813,True,feasible_only,0.0,127.9953863703562,True,18740.430753190387,,99.31700936837557,
S0022_R08,2202034,truck_only,S0022,n15_p0.75_d1_uniform_Ehigh_V2.00_Hshort_PWstrict_B0.15,15,0.7333333333333333,0.75,1,3,high,2.0,uniform,short,strict,0.15,200.0,40.0,1.0,peripheral,1011.8897686146981,173.81553301136634,0.0,0.0,838.0742356033318,838.0742356033318,0.0,0.0,210.82588274876022,217.26941626420793,0.0,15,0,0.0,0,0,0.0,0.0,0.0,0.0,0.0,0.0,0,0.0,0.0,0,0,0,0.0040361881256103516,0.0,0.0,0.0,True,feasible,baseline_truck_only,1011.8897686146981,217.26941626420793,,,,0.0,True,feasible_only,0.0,1011.8897686146981,True,1011.8897686146981,,,
S0022_R08,2202034,nils,S0022,n15_p0.75_d1_uniform_Ehigh_V2.00_Hshort_PWstrict_B0.15,15,0.7333333333333333,0.75,1,3,high,2.0,uniform,short,strict,0.15,200.0,40.0,1.0,peripheral,120.29337496103385,97.24422500822443,23.049149952809415,0.0,0.0,0.0,0.0,0.0,137.3109506936416,121.55528126028057,76.83049984269806,7,8,0.5333333333333333,1,1,8.0,8.0,0.0,0.0,0.0,0.0,0,0.8099227604982715,0.8099227604982715,0,61,61,0.1633005142211914,25.0,7.0,55.0,True,feasible,nils_complete,1011.8897686146981,217.26941626420793,,88.11200797832767,,44.0532020795487,True,feasible_only,0.0,120.29337496103385,True,1011.8897686146981,,88.11200797832767,
S0022_R09,2202035,truck_only,S0022,n15_p0.75_d1_uniform_Ehigh_V2.00_Hshort_PWstrict_B0.15,15,0.7333333333333333,0.75,1,3,high,2.0,uniform,short,strict,0.15,200.0,40.0,1.0,peripheral,7736.09409391712,142.16546895094046,0.0,0.0,7593.928624966179,7593.928624966179,34.770631748135,0.0,178.93890854870074,177.70683618867554,0.0,15,0,0.0,0,0,0.0,0.0,0.0,0.0,0.0,0.0,0,0.0,0.0,0,0,0,0.0028569698333740234,0.0,0.0,0.0,True,feasible,baseline_truck_only,7736.09409391712,177.70683618867554,,,,0.0,True,feasible_only,0.0,7736.09409391712,True,7736.09409391712,,,
S0022_R09,2202035,nils,S0022,n15_p0.75_d1_uniform_Ehigh_V2.00_Hshort_PWstrict_B0.15,15,0.7333333333333333,0.75,1,3,high,2.0,uniform,short,strict,0.15,200.0,40.0,1.0,peripheral,121.98597851704733,101.59575665383686,20.390221863210467,0.0,0.0,0.0,0.0,0.0,131.14398976922485,126.99469581729605,67.96740621070157,9,6,0.4,1,1,6.0,6.0,0.0,0.0,0.0,0.0,0,0.7201289162360478,0.7201289162360478,0,61,61,0.12661433219909668,16.0,5.0,40.0,True,feasible,nils_complete,7736.09409391712,177.70683618867554,,98.42315802992928,,28.53696653376757,True,feasible_only,0.0,121.98597851704733,True,7736.09409391712,,98.42315802992928,
S0022_R10,2202036,truck_only,S0022,n15_p0.75_d1_uniform_Ehigh_V2.00_Hshort_PWstrict_B0.15,15,0.7333333333333333,0.75,1,3,high,2.0,uniform,short,strict,0.15,200.0,40.0,1.0,peripheral,549.244601931362,143.75145243482612,0.0,0.0,405.4931494965359,405.4931494965359,2.0274657474826796,0.0,118.35774832402097,179.68931554353264,0.0,15,0,0.0,0,0,0.0,0.0,0.0,0.0,0.0,0.0,0,0.0,0.0,0,0,0,0.005594730377197266,0.0,0.0,0.0,True,feasible,baseline_truck_only,549.244601931362,179.68931554353264,,,,0.0,True,feasible_only,0.0,549.244601931362,True,549.244601931362,,,
S0022_R10,2202036,nils,S0022,n15_p0.75_d1_uniform_Ehigh_V2.00_Hshort_PWstrict_B0.15,15,0.7333333333333333,0.75,1,3,high,2.0,uniform,short,strict,0.15,200.0,40.0,1.0,peripheral,89.67198810566029,68.8443914112953,20.827596694364978,0.0,0.0,0.0,0.0,0.0,107.84195732757453,86.05548926411913,69.42532231454994,7,8,0.5333333333333333,1,1,8.0,8.0,0.0,0.0,0.0,0.0,0,0.7459786043981503,0.7459786043981503,0,19,19,0.1060025691986084,16.0,6.0,65.0,True,feasible,nils_complete,549.244601931362,179.68931554353264,,83.67357862228633,,52.108733341315,True,feasible_only,0.0,89.67198810566029,True,549.244601931362,,83.67357862228633,
S0023_R01,2302027,truck_only,S0023,n15_p0.75_d1_uniform_Ehigh_V2.00_Hlong_PWstrict_B0.15,15,0.7333333333333333,0.75,1,3,high,2.0,uniform,long,strict,0.15,200.0,40.0,1.0,peripheral,8601.5326346268,131.90557388697076,0.0,0.0,8469.62706073983,8469.62706073983,42.348135303699145,0.0,156.72401790380857,164.88196735871344,0.0,15,0,0.0,0,0,0.0,0.0,0.0,0.0,0.0,0.0,0,0.0,0.0,0,0,0,0.0028476715087890625,0.0,0.0,0.0,True,feasible,baseline_truck_only,8601.5326346268,164.88196735871344,,,,0.0,True,feasible_only,0.0,8601.5326346268,True,8601.5326346268,,,
S0023_R01,2302027,nils,S0023,n15_p0.75_d1_uniform_Ehigh_V2.00_Hlong_PWstrict_B0.15,15,0.7333333333333333,0.75,1,3,high,2.0,uniform,long,strict,0.15,200.0,40.0,1.0,peripheral,115.7297177880526,101.94242243606263,13.787295351989963,0.0,0.0,0.0,0.0,0.0,137.64182985088894,127.42802804507829,45.95765117329988,10,5,0.3333333333333333,1,1,5.0,5.0,0.0,0.0,0.0,0.0,0,0.49692730463126034,0.49692730463126034,0,21,21,0.11182928085327148,17.0,5.0,71.0,True,feasible,nils_complete,8601.5326346268,164.88196735871344,,98.65454538506123,,22.71560675410381,True,feasible_only,0.0,115.7297177880526,True,8601.5326346268,,98.65454538506123,
S0023_R02,2302028,truck_only,S0023,n15_p0.75_d1_uniform_Ehigh_V2.00_Hlong_PWstrict_B0.15,15,0.7333333333333333,0.75,1,3,high,2.0,uniform,long,strict,0.15,200.0,40.0,1.0,peripheral,8382.927768302487,156.55649759529945,0.0,0.0,8226.371270707186,8226.371270707186,5.490441472968023,0.0,241.13949175504052,195.69562199412428,0.0,15,0,0.0,0,0,0.0,0.0,0.0,0.0,0.0,0.0,0,0.0,0.0,0,0,0,0.0032215118408203125,0.0,0.0,0.0,True,feasible,baseline_truck_only,8382.927768302487,195.69562199412428,,,,0.0,True,feasible_only,0.0,8382.927768302487,True,8382.927768302487,,,
S0023_R02,2302028,nils,S0023,n15_p0.75_d1_uniform_Ehigh_V2.00_Hlong_PWstrict_B0.15,15,0.7333333333333333,0.75,1,3,high,2.0,uniform,long,strict,0.15,200.0,40.0,1.0,peripheral,114.9142347069623,94.79743954086108,20.11679516610123,0.0,0.0,0.0,0.0,0.0,119.63194467452476,118.49679942607634,67.0559838870041,11,4,0.26666666666666666,1,1,4.0,4.0,0.0,0.0,0.0,0.0,0,0.726957713150884,0.726957713150884,0,98,98,0.13427066802978516,19.0,3.0,46.0,True,feasible,nils_complete,8382.927768302487,195.69562199412428,,98.6291873450052,,39.44841574962051,True,feasible_only,0.0,114.9142347069623,True,8382.927768302487,,98.6291873450052,
S0023_R03,2302029,truck_only,S0023,n15_p0.75_d1_uniform_Ehigh_V2.00_Hlong_PWstrict_B0.15,15,0.7333333333333333,0.75,1,3,high,2.0,uniform,long,strict,0.15,200.0,40.0,1.0,peripheral,66633.59095881032,171.9723222194485,0.0,0.0,66461.61863659088,66461.61863659088,332.3080931829544,0.0,228.84809560672852,214.96540277431058,0.0,15,0,0.0,0,0,0.0,0.0,0.0,0.0,0.0,0.0,0,0.0,0.0,0,0,0,0.005692243576049805,0.0,0.0,0.0,True,feasible,baseline_truck_only,66633.59095881032,214.96540277431058,,,,0.0,True,feasible_only,0.0,66633.59095881032,True,66633.59095881032,,,
S0023_R03,2302029,nils,S0023,n15_p0.75_d1_uniform_Ehigh_V2.00_Hlong_PWstrict_B0.15,15,0.7333333333333333,0.75,1,3,high,2.0,uniform,long,strict,0.15,200.0,40.0,1.0,peripheral,130.43252460796145,106.40066320411712,24.03186140384434,0.0,0.0,0.0,0.0,0.0,89.85441394612278,133.0008290051464,80.10620467948115,9,6,0.4,1,1,6.0,6.0,0.0,0.0,0.0,0.0,0,0.8256950889187579,0.8256950889187579,0,95,95,0.14964652061462402,25.0,6.0,54.0,True,feasible,nils_complete,66633.59095881032,214.96540277431058,,99.8042540965733,,38.12919321497411,True,feasible_only,0.0,130.43252460796145,True,66633.59095881032,,99.8042540965733,
S0023_R04,2302030,truck_only,S0023,n15_p0.75_d1_uniform_Ehigh_V2.00_Hlong_PWstrict_B0.15,15,0.7333333333333333,0.75,1,3,high,2.0,uniform,long,strict,0.15,200.0,40.0,1.0,peripheral,9484.29122521766,169.34857489267043,0.0,0.0,9314.942650324989,9314.942650324989,37.88422221483508,0.0,228.84225409673476,211.685718615838,0.0,15,0,0.0,0,0,0.0,0.0,0.0,0.0,0.0,0.0,0,0.0,0.0,0,0,0,0.002832651138305664,0.0,0.0,0.0,True,feasible,baseline_truck_only,9484.29122521766,211.685718615838,,,,0.0,True,feasible_only,0.0,9484.29122521766,True,9484.29122521766,,,
S0023_R04,2302030,nils,S0023,n15_p0.75_d1_uniform_Ehigh_V2.00_Hlong_PWstrict_B0.15,15,0.7333333333333333,0.75,1,3,high,2.0,uniform,long,strict,0.15,200.0,40.0,1.0,peripheral,85.79504311016518,65.80014784729659,19.994895262868592,0.0,0.0,0.0,0.0,0.0,139.25550269835367,82.25018480912073,66.64965087622865,11,4,0.26666666666666666,1,1,4.0,4.0,0.0,0.0,0.0,0.0,0,0.6814246031405223,0.6814246031405223,0,95,95,0.17915630340576172,25.0,4.0,45.0,False,infeasible,nils_complete,9484.29122521766,211.685718615838,,99.095398474458,,61.145142267066994,False,feasible_only,0.0,,False,9484.29122521766,,,
S0023_R05,2302031,truck_only,S0023,n15_p0.75_d1_uniform_Ehigh_V2.00_Hlong_PWstrict_B0.15,15,0.7333333333333333,0.75,1,3,high,2.0,uniform,long,strict,0.15,200.0,40.0,1.0,peripheral,48937.42971454702,156.98294996869444,0.0,0.0,48780.44676457832,48780.44676457832,243.90223382289162,0.0,251.487293848643,196.22868746086812,0.0,15,0,0.0,0,0,0.0,0.0,0.0,0.0,0.0,0.0,0,0.0,0.0,0,0,0,0.004166841506958008,0.0,0.0,0.0,True,feasible,baseline_truck_only,48937.42971454702,196.22868746086812,,,,0.0,True,feasible_only,0.0,48937.42971454702,True,48937.42971454702,,,
S0023_R05,2302031,nils,S0023,n15_p0.75_d1_uniform_Ehigh_V2.00_Hlong_PWstrict_B0.15,15,0.7333333333333333,0.75,1,3,high,2.0,uniform,long,strict,0.15,200.0,40.0,1.0,peripheral,164.89725199686086,142.6554157515599,22.241836245300952,0.0,0.0,0.0,0.0,0.0,161.3422891411938,178.3192696894499,74.13945415100318,7,8,0.5333333333333333,1,1,8.0,8.0,0.0,0.0,0.0,0.0,0,0.7892485422754538,0.7892485422754538,0,51,51,0.2017354965209961,25.0,10.0,65.0,True,feasible,nils_complete,48937.42971454702,196.22868746086812,,99.66304472270262,,9.126809134362535,True,feasible_only,0.0,164.89725199686086,True,48937.42971454702,,99.66304472270262,
S0023_R06,2302032,truck_only,S0023,n15_p0.75_d1_uniform_Ehigh_V2.00_Hlong_PWstrict_B0.15,15,0.7333333333333333,0.75,1,3,high,2.0,uniform,long,strict,0.15,200.0,40.0,1.0,peripheral,20105.84784113187,147.2572142268586,0.0,0.0,19958.59062690501,19958.59062690501,86.60050900763233,0.0,238.373304067974,184.07151778357317,0.0,15,0,0.0,0,0,0.0,0.0,0.0,0.0,0.0,0.0,0,0.0,0.0,0,0,0,0.0032918453216552734,0.0,0.0,0.0,True,feasible,baseline_truck_only,20105.84784113187,184.07151778357317,,,,0.0,True,feasible_only,0.0,20105.84784113187,True,20105.84784113187,,,
S0023_R06,2302032,nils,S0023,n15_p0.75_d1_uniform_Ehigh_V2.00_Hlong_PWstrict_B0.15,15,0.7333333333333333,0.75,1,3,high,2.0,uniform,long,strict,0.15,200.0,40.0,1.0,peripheral,121.20952024375823,98.93045759527553,22.27906264848271,0.0,0.0,0.0,0.0,0.0,166.78950587175945,123.66307199409441,74.26354216160902,10,5,0.3333333333333333,1,1,5.0,5.0,0.0,0.0,0.0,0.0,0,0.7689213596711324,0.7689213596711324,0,114,114,0.1963968276977539,25.0,5.0,53.0,True,feasible,nils_complete,20105.84784113187,184.07151778357317,,99.39714295461944,,32.81792127150576,True,feasible_only,0.0,121.20952024375823,True,20105.84784113187,,99.39714295461944,
S0023_R07,2302033,truck_only,S0023,n15_p0.75_d1_uniform_Ehigh_V2.00_Hlong_PWstrict_B0.15,15,0.7333333333333333,0.75,1,3,high,2.0,uniform,long,strict,0.15,200.0,40.0,1.0,peripheral,11582.626033392926,173.83831185611209,0.0,0.0,11408.787721536813,11408.787721536813,57.04393860768407,0.0,156.77667738456103,217.29788982014009,0.0,15,0,0.0,0,0,0.0,0.0,0.0,0.0,0.0,0.0,0,0.0,0.0,0,0,0,0.004770040512084961,0.0,0.0,0.0,True,feasible,baseline_truck_only,11582.626033392926,217.29788982014009,,,,0.0,True,feasible_only,0.0,11582.626033392926,True,11582.626033392926,,,
S0023_R07,2302033,nils,S0023,n15_p0.75_d1_uniform_Ehigh_V2.00_Hlong_PWstrict_B0.15,15,0.7333333333333333,0.75,1,3,high,2.0,uniform,long,strict,0.15,200.0,40.0,1.0,peripheral,133.43852873421318,114.51114579606903,18.927382938144156,0.0,0.0,0.0,0.0,0.0,135.56403931740772,143.13893224508627,63.09127646048053,9,6,0.4,1,1,6.0,6.0,0.0,0.0,0.0,0.0,0,0.6593378302125484,0.6593378302125484,0,51,51,0.17394590377807617,25.0,6.0,65.0,True,feasible,nils_complete,11582.626033392926,217.29788982014009,,98.84794235478633,,34.127785426925236,True,feasible_only,0.0,133.43852873421318,True,11582.626033392926,,98.84794235478633,
S0023_R08,2302034,truck_only,S0023,n15_p0.75_d1_uniform_Ehigh_V2.00_Hlong_PWstrict_B0.15,15,0.7333333333333333,0.75,1,3,high,2.0,uniform,long,strict,0.15,200.0,40.0,1.0,peripheral,3723.865655958989,178.2130340527814,0.0,0.0,3545.6526219062075,3545.6526219062075,8.121524278290146,0.0,185.0693521528496,222.76629256597678,0.0,15,0,0.0,0,0,0.0,0.0,0.0,0.0,0.0,0.0,0,0.0,0.0,0,0,0,0.005087852478027344,0.0,0.0,0.0,True,feasible,baseline_truck_only,3723.865655958989,222.76629256597678,,,,0.0,True,feasible_only,0.0,3723.865655958989,True,3723.865655958989,,,
S0023_R08,2302034,nils,S0023,n15_p0.75_d1_uniform_Ehigh_V2.00_Hlong_PWstrict_B0.15,15,0.7333333333333333,0.75,1,3,high,2.0,uniform,long,strict,0.15,200.0,40.0,1.0,peripheral,159.56466557307186,142.2136996032198,17.350965969852073,0.0,0.0,0.0,0.0,0.0,131.70152060899972,177.76712450402476,57.836553232840245,11,4,0.26666666666666666,1,1,4.0,4.0,0.0,0.0,0.0,0.0,0,0.6064910666131429,0.6064910666131429,0,78,78,0.18125653266906738,25.0,4.0,72.0,True,feasible,nils_complete,3723.865655958989,222.76629256597678,,95.71507996488182,,20.20016921932864,True,feasible_only,0.0,159.56466557307186,True,3723.865655958989,,95.71507996488182,
S0023_R09,2302035,truck_only,S0023,n15_p0.75_d1_uniform_Ehigh_V2.00_Hlong_PWstrict_B0.15,15,0.7333333333333333,0.75,1,3,high,2.0,uniform,long,strict,0.15,200.0,40.0,1.0,peripheral,4276.198793682282,156.2004247260697,0.0,0.0,4119.998368956212,4119.998368956212,13.253440342135427,0.0,230.06643761714952,195.2505309075871,0.0,15,0,0.0,0,0,0.0,0.0,0.0,0.0,0.0,0.0,0,0.0,0.0,0,0,0,0.002987384796142578,0.0,0.0,0.0,True,feasible,baseline_truck_only,4276.198793682282,195.2505309075871,,,,0.0,True,feasible_only,0.0,4276.198793682282,True,4276.198793682282,,,
S0023_R09,2302035,nils,S0023,n15_p0.75_d1_uniform_Ehigh_V2.00_Hlong_PWstrict_B0.15,15,0.7333333333333333,0.75,1,3,high,2.0,uniform,long,strict,0.15,200.0,40.0,1.0,peripheral,88.24681064404795,64.47247644450863,23.77433419953932,0.0,0.0,0.0,0.0,0.0,145.98478431413167,80.59059555563576,79.24778066513106,9,6,0.4,1,1,6.0,6.0,0.0,0.0,0.0,0.0,0,0.8472269972346022,0.8472269972346022,0,63,63,0.14632153511047363,18.0,6.0,48.0,True,feasible,nils_complete,4276.198793682282,195.2505309075871,,97.9363258140752,,58.72451911857816,True,feasible_only,0.0,88.24681064404795,True,4276.198793682282,,97.9363258140752,
S0023_R10,2302036,truck_only,S0023,n15_p0.75_d1_uniform_Ehigh_V2.00_Hlong_PWstrict_B0.15,15,0.7333333333333333,0.75,1,3,high,2.0,uniform,long,strict,0.15,200.0,40.0,1.0,peripheral,28238.07465893692,164.09045377016824,0.0,0.0,28073.98420516675,28073.98420516675,132.60092675559815,0.0,181.03959784718646,205.1130672127103,0.0,15,0,0.0,0,0,0.0,0.0,0.0,0.0,0.0,0.0,0,0.0,0.0,0,0,0,0.0029070377349853516,0.0,0.0,0.0,True,feasible,baseline_truck_only,28238.07465893692,205.1130672127103,,,,0.0,True,feasible_only,0.0,28238.07465893692,True,28238.07465893692,,,
S0023_R10,2302036,nils,S0023,n15_p0.75_d1_uniform_Ehigh_V2.00_Hlong_PWstrict_B0.15,15,0.7333333333333333,0.75,1,3,high,2.0,uniform,long,strict,0.15,200.0,40.0,1.0,peripheral,120.40181659144012,100.09687208399023,20.304944507449886,0.0,0.0,0.0,0.0,0.0,123.78695562058954,125.12109010498777,67.68314835816629,10,5,0.3333333333333333,1,1,5.0,5.0,0.0,0.0,0.0,0.0,0,0.7153790767743522,0.7153790767743522,0,63,63,0.16798138618469238,22.0,5.0,57.0,True,feasible,nils_complete,28238.07465893692,205.1130672127103,,99.5736188885196,,38.9989668599552,True,feasible_only,0.0,120.40181659144012,True,28238.07465893692,,99.5736188885196,
S0024_R01,2402027,truck_only,S0024,n50_p0.25_d1_clustered_Elow_V1.25_Hshort_PWflat_B0.15,50,0.24,0.25,1,3,low,1.25,clustered,short,flat,0.15,1.0,1.0,1.0,peripheral,3127.322235654503,146.82916105102436,0.0,0.0,2980.493074603479,2980.493074603479,1833.153289897605,0.0,364.93773118130986,183.53645131378042,0.0,50,0,0.0,0,0,0.0,0.0,0.0,0.0,0.0,0.0,0,0.0,0.0,0,0,0,0.02899789810180664,0.0,0.0,0.0,True,feasible,baseline_truck_only,3127.322235654503,183.53645131378042,,,,0.0,True,feasible_only,0.0,3127.322235654503,True,3127.322235654503,,,
S0024_R01,2402027,nils,S0024,n50_p0.25_d1_clustered_Elow_V1.25_Hshort_PWflat_B0.15,50,0.24,0.25,1,3,low,1.25,clustered,short,flat,0.15,1.0,1.0,1.0,peripheral,256.46482468735303,98.24513411526722,8.639781990220134,0.0,149.57990858186565,149.57990858186565,149.57990858186565,0.0,160.68657453777524,122.80641764408401,28.79927330073378,46,4,0.08,1,1,4.0,4.0,0.0,0.0,0.0,0.0,0,0.8421561446967684,0.8421561446967684,0,200,200,2.5939090251922607,25.0,10.0,11.0,True,feasible,nils_complete,3127.322235654503,183.53645131378042,,91.79921973618818,,33.08881327659005,True,feasible_only,0.0,256.46482468735303,True,3127.322235654503,,91.79921973618818,
S0024_R02,2402028,truck_only,S0024,n50_p0.25_d1_clustered_Elow_V1.25_Hshort_PWflat_B0.15,50,0.24,0.25,1,3,low,1.25,clustered,short,flat,0.15,1.0,1.0,1.0,peripheral,4393.0653498216,173.5351731442166,0.0,0.0,4219.530176677383,4219.530176677383,1917.6708148723328,0.0,419.00199452424306,216.9189664302707,0.0,50,0,0.0,0,0,0.0,0.0,0.0,0.0,0.0,0.0,0,0.0,0.0,0,0,0,0.021949052810668945,0.0,0.0,0.0,True,feasible,baseline_truck_only,4393.0653498216,216.9189664302707,,,,0.0,True,feasible_only,0.0,4393.0653498216,True,4393.0653498216,,,
S0024_R02,2402028,nils,S0024,n50_p0.25_d1_clustered_Elow_V1.25_Hshort_PWflat_B0.15,50,0.24,0.25,1,3,low,1.25,clustered,short,flat,0.15,1.0,1.0,1.0,peripheral,292.5734984157889,136.93787431528102,7.583040789486608,0.0,148.0525833110213,148.0525833110213,148.0525833110213,0.0,154.66796186820415,171.1723428941013,25.27680263162203,49,1,0.02,1,1,1.0,1.0,0.0,0.0,0.0,0.0,0,0.7221943609034865,0.7221943609034865,0,274,274,2.5016167163848877,25.0,12.0,2.0,True,feasible,nils_complete,4393.0653498216,216.9189664302707,,93.34010593701571,,21.08926862828051,True,feasible_only,0.0,292.5734984157889,True,4393.0653498216,,93.34010593701571,
S0024_R03,2402029,truck_only,S0024,n50_p0.25_d1_clustered_Elow_V1.25_Hshort_PWflat_B0.15,50,0.24,0.25,1,3,low,1.25,clustered,short,flat,0.15,1.0,1.0,1.0,peripheral,4475.552262905868,181.91552219195577,0.0,0.0,4293.636740713912,4293.636740713912,1487.6593179734568,0.0,434.30018157629377,227.39440273994464,0.0,50,0,0.0,0,0,0.0,0.0,0.0,0.0,0.0,0.0,0,0.0,0.0,0,0,0,0.024389982223510742,0.0,0.0,0.0,True,feasible,baseline_truck_only,4475.552262905868,227.39440273994464,,,,0.0,True,feasible_only,0.0,4475.552262905868,True,4475.552262905868,,,
S0024_R03,2402029,nils,S0024,n50_p0.25_d1_clustered_Elow_V1.25_Hshort_PWflat_B0.15,50,0.24,0.25,1,3,low,1.25,clustered,short,flat,0.15,1.0,1.0,1.0,peripheral,462.65505533550026,104.42924904067674,6.5574604828834016,0.0,351.6683458119401,351.6683458119401,253.56559728550954,0.0,179.95401887852006,130.5365613008459,21.858201609611342,48,2,0.04,1,1,2.0,2.0,0.0,0.0,0.0,0.0,0,0.6349217300493692,0.6349217300493692,0,250,250,2.479428291320801,25.0,5.0,3.0,True,feasible,nils_complete,4475.552262905868,227.39440273994464,,89.66261528951269,,42.59464624987643,True,feasible_only,0.0,462.65505533550026,True,4475.552262905868,,89.66261528951269,
S0024_R04,2402030,truck_only,S0024,n50_p0.25_d1_clustered_Elow_V1.25_Hshort_PWflat_B0.15,50,0.24,0.25,1,3,low,1.25,clustered,short,flat,0.15,1.0,1.0,1.0,peripheral,3178.031039457945,190.70187400536489,0.0,0.0,2987.32916545258,2987.32916545258,748.0043703397553,0.0,457.2227273358462,238.3773425067062,0.0,50,0,0.0,0,0,0.0,0.0,0.0,0.0,0.0,0.0,0,0.0,0.0,0,0,0,0.025612592697143555,0.0,0.0,0.0,True,feasible,baseline_truck_only,3178.031039457945,238.3773425067062,,,,0.0,True,feasible_only,0.0,3178.031039457945,True,3178.031039457945,,,
S0024_R04,2402030,nils,S0024,n50_p0.25_d1_clustered_Elow_V1.25_Hshort_PWflat_B0.15,50,0.24,0.25,1,3,low,1.25,clustered,short,flat,0.15,1.0,1.0,1.0,peripheral,339.36862136595164,147.3468070644206,7.993766608051317,0.0,184.02804769347972,184.02804769347972,153.10510060085198,0.0,175.95487049491047,184.18350883052574,26.64588869350439,46,4,0.08,1,1,4.0,4.0,0.0,0.0,0.0,0.0,0,0.7667214422215184,0.7667214422215184,0,200,200,2.7754881381988525,25.0,10.0,11.0,True,feasible,nils_complete,3178.031039457945,238.3773425067062,,89.32141891780152,,22.734473463918178,True,feasible_only,0.0,339.36862136595164,True,3178.031039457945,,89.32141891780152,
S0024_R05,2402031,truck_only,S0024,n50_p0.25_d1_clustered_Elow_V1.25_Hshort_PWflat_B0.15,50,0.24,0.25,1,3,low,1.25,clustered,short,flat,0.15,1.0,1.0,1.0,peripheral,3594.8226620317173,168.81208506704016,0.0,0.0,3426.010576964677,3426.010576964677,1203.6666567633313,0.0,409.06678129025767,211.01510633380016,0.0,50,0,0.0,0,0,0.0,0.0,0.0,0.0,0.0,0.0,0,0.0,0.0,0,0,0,0.023881196975708008,0.0,0.0,0.0,True,feasible,baseline_truck_only,3594.8226620317173,211.01510633380016,,,,0.0,True,feasible_only,0.0,3594.8226620317173,True,3594.8226620317173,,,
S0024_R05,2402031,nils,S0024,n50_p0.25_d1_clustered_Elow_V1.25_Hshort_PWflat_B0.15,50,0.24,0.25,1,3,low,1.25,clustered,short,flat,0.15,1.0,1.0,1.0,peripheral,380.1012587891612,134.3924299066178,8.472164474980492,0.0,237.2366644075629,237.2366644075629,237.2366644075629,0.0,164.97726943285718,167.99053738327228,28.24054824993497,46,4,0.08,1,1,4.0,4.0,0.0,0.0,0.0,0.0,0,0.844353093720435,0.844353093720435,0,196,196,2.99151873588562,25.0,16.0,15.0,True,feasible,nils_complete,3594.8226620317173,211.01510633380016,,89.42642531984218,,20.38933121805425,True,feasible_only,0.0,380.1012587891612,True,3594.8226620317173,,89.42642531984218,
S0024_R06,2402032,truck_only,S0024,n50_p0.25_d1_clustered_Elow_V1.25_Hshort_PWflat_B0.15,50,0.24,0.25,1,3,low,1.25,clustered,short,flat,0.15,1.0,1.0,1.0,peripheral,4498.7009881498725,168.5747944331105,0.0,0.0,4330.126193716762,4330.126193716762,1948.3313027922416,0.0,412.43024764044816,210.71849304138811,0.0,50,0,0.0,0,0,0.0,0.0,0.0,0.0,0.0,0.0,0,0.0,0.0,0,0,0,0.029045581817626953,0.0,0.0,0.0,True,feasible,baseline_truck_only,4498.7009881498725,210.71849304138811,,,,0.0,True,feasible_only,0.0,4498.7009881498725,True,4498.7009881498725,,,
S0024_R06,2402032,nils,S0024,n50_p0.25_d1_clustered_Elow_V1.25_Hshort_PWflat_B0.15,50,0.24,0.25,1,3,low,1.25,clustered,short,flat,0.15,1.0,1.0,1.0,peripheral,204.39744839956703,100.21543374520984,8.728609059411538,0.0,95.45340559494565,95.45340559494565,86.4512476496993,0.0,168.7194151125806,125.26929218151231,29.095363531371795,45,5,0.1,1,1,5.0,5.0,0.0,0.0,0.0,0.0,0,0.8489662907939753,0.8489662907939753,0,170,170,2.8631210327148438,25.0,11.0,22.0,True,feasible,nils_complete,4498.7009881498725,210.71849304138811,,95.45652291766056,,40.551353432037104,True,feasible_only,0.0,204.39744839956703,True,4498.7009881498725,,95.45652291766056,
S0024_R07,2402033,truck_only,S0024,n50_p0.25_d1_clustered_Elow_V1.25_Hshort_PWflat_B0.15,50,0.24,0.25,1,3,low,1.25,clustered,short,flat,0.15,1.0,1.0,1.0,peripheral,4747.01626381811,190.59340617774464,0.0,0.0,4556.422857640366,4556.422857640366,1400.0399324140046,0.0,456.99258247698435,238.24175772218078,0.0,50,0,0.0,0,0,0.0,0.0,0.0,0.0,0.0,0.0,0,0.0,0.0,0,0,0,0.021126270294189453,0.0,0.0,0.0,True,feasible,baseline_truck_only,4747.01626381811,238.24175772218078,,,,0.0,True,feasible_only,0.0,4747.01626381811,True,4747.01626381811,,,
S0024_R07,2402033,nils,S0024,n50_p0.25_d1_clustered_Elow_V1.25_Hshort_PWflat_B0.15,50,0.24,0.25,1,3,low,1.25,clustered,short,flat,0.15,1.0,1.0,1.0,peripheral,360.66007667446735,148.53034138388566,7.640989313926222,0.0,204.48874597665548,204.48874597665548,196.84768489388455,0.0,164.09957677838725,185.66292672985702,25.469964379754074,49,1,0.02,1,1,1.0,1.0,0.0,0.0,0.0,0.0,0,0.7277132679929736,0.7277132679929736,0,275,275,2.9793589115142822,25.0,11.0,1.0,True,feasible,nils_complete,4747.01626381811,238.24175772218078,,92.40238380004239,,22.069527817049245,True,feasible_only,0.0,360.66007667446735,True,4747.01626381811,,92.40238380004239,
S0024_R08,2402034,truck_only,S0024,n50_p0.25_d1_clustered_Elow_V1.25_Hshort_PWflat_B0.15,50,0.24,0.25,1,3,low,1.25,clustered,short,flat,0.15,1.0,1.0,1.0,peripheral,3808.4472470612236,174.27029745036197,0.0,0.0,3634.176949610862,3634.176949610862,1031.7435038152892,0.0,422.2735714343943,217.83787181295247,0.0,50,0,0.0,0,0,0.0,0.0,0.0,0.0,0.0,0.0,0,0.0,0.0,0,0,0,0.02522110939025879,0.0,0.0,0.0,True,feasible,baseline_truck_only,3808.4472470612236,217.83787181295247,,,,0.0,True,feasible_only,0.0,3808.4472470612236,True,3808.4472470612236,,,
S0024_R08,2402034,nils,S0024,n50_p0.25_d1_clustered_Elow_V1.25_Hshort_PWflat_B0.15,50,0.24,0.25,1,3,low,1.25,clustered,short,flat,0.15,1.0,1.0,1.0,peripheral,308.40602664008384,141.7117814536915,8.17711816697546,0.0,158.51712701941693,158.51712701941693,152.30280223863517,0.0,164.67222133659058,177.13972681711437,27.257060556584868,47,3,0.06,1,1,3.0,3.0,0.0,0.0,0.0,0.0,0,0.8070627086861699,0.8070627086861699,0,225,225,2.862226724624634,25.0,9.0,6.0,True,feasible,nils_complete,3808.4472470612236,217.83787181295247,,91.90205334003079,,18.68276836214401,True,feasible_only,0.0,308.40602664008384,True,3808.4472470612236,,91.90205334003079,
S0024_R09,2402035,truck_only,S0024,n50_p0.25_d1_clustered_Elow_V1.25_Hshort_PWflat_B0.15,50,0.24,0.25,1,3,low,1.25,clustered,short,flat,0.15,1.0,1.0,1.0,peripheral,4875.182928941445,195.76711294891493,0.0,0.0,4679.41581599253,4679.41581599253,1887.7167252780068,0.0,470.6587053434423,244.70889118614366,0.0,50,0,0.0,0,0,0.0,0.0,0.0,0.0,0.0,0.0,0,0.0,0.0,0,0,0,0.02715158462524414,0.0,0.0,0.0,True,feasible,baseline_truck_only,4875.182928941445,244.70889118614366,,,,0.0,True,feasible_only,0.0,4875.182928941445,True,4875.182928941445,,,
S0024_R09,2402035,nils,S0024,n50_p0.25_d1_clustered_Elow_V1.25_Hshort_PWflat_B0.15,50,0.24,0.25,1,3,low,1.25,clustered,short,flat,0.15,1.0,1.0,1.0,peripheral,365.16247503272336,149.7771750433828,7.5501103848556985,0.0,207.83518960448484,207.83518960448484,199.21182104674529,0.0,172.1401166147094,187.2214688042285,25.167034616185664,48,2,0.04,1,1,2.0,2.0,0.0,0.0,0.0,0.0,0,0.7234602981610142,0.7234602981610142,0,250,250,2.4029855728149414,25.0,11.0,3.0,True,feasible,nils_complete,4875.182928941445,244.70889118614366,,92.50976875421551,,23.492167408901373,True,feasible_only,0.0,365.16247503272336,True,4875.182928941445,,92.50976875421551,
S0024_R10,2402036,truck_only,S0024,n50_p0.25_d1_clustered_Elow_V1.25_Hshort_PWflat_B0.15,50,0.24,0.25,1,3,low,1.25,clustered,short,flat,0.15,1.0,1.0,1.0,peripheral,4607.738250092138,169.29718416865825,0.0,0.0,4438.441065923479,4438.441065923479,2359.9338529600263,0.0,413.13267697419406,211.62148021082282,0.0,50,0,0.0,0,0,0.0,0.0,0.0,0.0,0.0,0.0,0,0.0,0.0,0,0,0,0.027043581008911133,0.0,0.0,0.0,True,feasible,baseline_truck_only,4607.738250092138,211.62148021082282,,,,0.0,True,feasible_only,0.0,4607.738250092138,True,4607.738250092138,,,
S0024_R10,2402036,nils,S0024,n50_p0.25_d1_clustered_Elow_V1.25_Hshort_PWflat_B0.15,50,0.24,0.25,1,3,low,1.25,clustered,short,flat,0.15,1.0,1.0,1.0,peripheral,448.2344808648367,147.86762896968887,7.718323148693189,0.0,292.64852874645464,292.64852874645464,292.64852874645464,0.0,175.12327286099563,184.83453621211106,25.727743828977296,48,2,0.04,1,1,2.0,2.0,0.0,0.0,0.0,0.0,0,0.7355570080703128,0.7355570080703128,0,250,250,3.491623640060425,25.0,10.0,3.0,True,feasible,nils_complete,4607.738250092138,211.62148021082282,,90.27213664196586,,12.657951344081855,True,feasible_only,0.0,448.2344808648367,True,4607.738250092138,,90.27213664196586,
S0025_R01,2502027,truck_only,S0025,n50_p0.25_d2_clustered_Elow_V1.25_Hmedium_PWflat_B0.15,50,0.24,0.25,2,3,low,1.25,clustered,medium,flat,0.15,1.0,1.0,1.0,peripheral,4033.19973655812,176.0986933604961,0.0,0.0,3857.101043197624,3857.101043197624,1514.178641576173,0.0,428.77739290886825,220.12336670062007,0.0,50,0,0.0,0,0,0.0,0.0,0.0,0.0,0.0,0.0,0,0.0,0.0,0,0,0,0.023157119750976562,0.0,0.0,0.0,True,feasible,baseline_truck_only,4033.19973655812,220.12336670062007,,,,0.0,True,feasible_only,0.0,4033.19973655812,True,4033.19973655812,,,
S0025_R01,2502027,nils,S0025,n50_p0.25_d2_clustered_Elow_V1.25_Hmedium_PWflat_B0.15,50,0.24,0.25,2,3,low,1.25,clustered,medium,flat,0.15,1.0,1.0,1.0,peripheral,311.0934816024794,142.3213174341211,8.10737563619685,0.0,160.66478853216148,160.66478853216148,132.45778199725612,0.0,172.94809783359239,177.90164679265138,27.024585453989495,47,3,0.06,1,1,3.0,3.0,0.0,0.0,0.0,0.0,0,0.7788328120633273,0.7788328120633273,0,450,450,3.5373902320861816,25.0,12.0,12.0,True,feasible,nils_complete,4033.19973655812,220.12336670062007,,92.28668298317498,,19.18093500968144,True,feasible_only,0.0,311.0934816024794,True,4033.19973655812,,92.28668298317498,
S0025_R02,2502028,truck_only,S0025,n50_p0.25_d2_clustered_Elow_V1.25_Hmedium_PWflat_B0.15,50,0.24,0.25,2,3,low,1.25,clustered,medium,flat,0.15,1.0,1.0,1.0,peripheral,5077.934441331076,191.20089399799954,0.0,0.0,4886.733547333077,4886.733547333077,1099.7288186859755,0.0,458.46735329137874,239.00111749749937,0.0,50,0,0.0,0,0,0.0,0.0,0.0,0.0,0.0,0.0,0,0.0,0.0,0,0,0,0.03491020202636719,0.0,0.0,0.0,True,feasible,baseline_truck_only,5077.934441331076,239.00111749749937,,,,0.0,True,feasible_only,0.0,5077.934441331076,True,5077.934441331076,,,
S0025_R02,2502028,nils,S0025,n50_p0.25_d2_clustered_Elow_V1.25_Hmedium_PWflat_B0.15,50,0.24,0.25,2,3,low,1.25,clustered,medium,flat,0.15,1.0,1.0,1.0,peripheral,380.54428091835155,152.60724986815472,6.359347056545516,0.0,221.57768399365133,221.57768399365133,177.9541053879081,0.0,177.01379035647932,190.7590623351934,21.19782352181839,49,1,0.02,1,1,1.0,1.0,0.0,0.0,0.0,0.0,0,0.6056521006233825,0.6056521006233825,0,550,550,3.4436557292938232,25.0,5.0,2.0,False,infeasible,nils_complete,5077.934441331076,239.00111749749937,,92.50592371140185,,20.18486594013968,False,feasible_only,0.0,,False,5077.934441331076,,,
S0025_R03,2502029,truck_only,S0025,n50_p0.25_d2_clustered_Elow_V1.25_Hmedium_PWflat_B0.15,50,0.24,0.25,2,3,low,1.25,clustered,medium,flat,0.15,1.0,1.0,1.0,peripheral,3654.4140301312846,172.94238726284186,0.0,0.0,3481.471642868443,3481.471642868443,1471.4637819096117,0.0,422.24518932289453,216.17798407855233,0.0,50,0,0.0,0,0,0.0,0.0,0.0,0.0,0.0,0.0,0,0.0,0.0,0,0,0,0.020294666290283203,0.0,0.0,0.0,True,feasible,baseline_truck_only,3654.4140301312846,216.17798407855233,,,,0.0,True,feasible_only,0.0,3654.4140301312846,True,3654.4140301312846,,,
S0025_R03,2502029,nils,S0025,n50_p0.25_d2_clustered_Elow_V1.25_Hmedium_PWflat_B0.15,50,0.24,0.25,2,3,low,1.25,clustered,medium,flat,0.15,1.0,1.0,1.0,peripheral,358.4699157277681,150.64150785270493,0.0,0.0,207.82840787506322,207.82840787506322,203.2702101656639,0.0,161.89746725733866,188.30188481588115,0.0,50,0,0.0,0,0,0.0,0.0,0.0,0.0,0.0,0.0,0,0.0,0.0,0,600,600,2.6399195194244385,25.0,11.0,0.0,True,feasible,nils_complete,3654.4140301312846,216.17798407855233,,90.19076895031266,,12.894976045544894,True,feasible_only,0.0,358.4699157277681,True,3654.4140301312846,,90.19076895031266,
S0025_R04,2502030,truck_only,S0025,n50_p0.25_d2_clustered_Elow_V1.25_Hmedium_PWflat_B0.15,50,0.24,0.25,2,3,low,1.25,clustered,medium,flat,0.15,1.0,1.0,1.0,peripheral,4509.1254537648465,180.64579327671348,0.0,0.0,4328.479660488133,4328.479660488133,2347.3483293368217,0.0,436.29167253122813,225.80724159589192,0.0,50,0,0.0,0,0,0.0,0.0,0.0,0.0,0.0,0.0,0,0.0,0.0,0,0,0,0.02431321144104004,0.0,0.0,0.0,True,feasible,baseline_truck_only,4509.1254537648465,225.80724159589192,,,,0.0,True,feasible_only,0.0,4509.1254537648465,True,4509.1254537648465,,,
S0025_R04,2502030,nils,S0025,n50_p0.25_d2_clustered_Elow_V1.25_Hmedium_PWflat_B0.15,50,0.24,0.25,2,3,low,1.25,clustered,medium,flat,0.15,1.0,1.0,1.0,peripheral,314.65837266003336,100.40924132341426,7.874988068770344,0.0,206.37414326784878,206.37414326784878,192.5955084761153,0.0,169.31911453986376,125.51155165426783,26.24996022923448,47,3,0.06,1,1,3.0,3.0,0.0,0.0,0.0,0.0,0,0.7652041812788423,0.7652041812788423,0,450,450,3.66447114944458,25.0,6.0,12.0,True,feasible,nils_complete,4509.1254537648465,225.80724159589192,,93.02174277725378,,44.41650729745629,True,feasible_only,0.0,314.65837266003336,True,4509.1254537648465,,93.02174277725378,
S0025_R05,2502031,truck_only,S0025,n50_p0.25_d2_clustered_Elow_V1.25_Hmedium_PWflat_B0.15,50,0.24,0.25,2,3,low,1.25,clustered,medium,flat,0.15,1.0,1.0,1.0,peripheral,3706.747430523219,160.98592970984794,0.0,0.0,3545.761500813371,3545.761500813371,1231.301422903998,0.0,395.9890632319433,201.23241213730992,0.0,50,0,0.0,0,0,0.0,0.0,0.0,0.0,0.0,0.0,0,0.0,0.0,0,0,0,0.03445625305175781,0.0,0.0,0.0,True,feasible,baseline_truck_only,3706.747430523219,201.23241213730992,,,,0.0,True,feasible_only,0.0,3706.747430523219,True,3706.747430523219,,,
S0025_R05,2502031,nils,S0025,n50_p0.25_d2_clustered_Elow_V1.25_Hmedium_PWflat_B0.15,50,0.24,0.25,2,3,low,1.25,clustered,medium,flat,0.15,1.0,1.0,1.0,peripheral,254.86964826228717,145.2663121379247,7.760767909465214,0.0,101.84256821489726,101.84256821489726,101.20532727545142,0.0,162.22642749217852,181.58289017240597,25.869226364884046,48,2,0.04,1,1,2.0,2.0,0.0,0.0,0.0,0.0,0,0.7418641393458935,0.7418641393458935,0,500,500,3.8624422550201416,25.0,14.0,6.0,True,feasible,nils_complete,3706.747430523219,201.23241213730992,,93.12417009684656,,9.764590980252327,True,feasible_only,0.0,254.86964826228717,True,3706.747430523219,,93.12417009684656,
S0025_R06,2502032,truck_only,S0025,n50_p0.25_d2_clustered_Elow_V1.25_Hmedium_PWflat_B0.15,50,0.24,0.25,2,3,low,1.25,clustered,medium,flat,0.15,1.0,1.0,1.0,peripheral,3280.8228701728767,158.2766030541381,0.0,0.0,3122.546267118739,3122.546267118739,1234.402789961173,0.0,385.5652134858648,197.84575381767263,0.0,50,0,0.0,0,0,0.0,0.0,0.0,0.0,0.0,0.0,0,0.0,0.0,0,0,0,0.023341655731201172,0.0,0.0,0.0,True,feasible,baseline_truck_only,3280.8228701728767,197.84575381767263,,,,0.0,True,feasible_only,0.0,3280.8228701728767,True,3280.8228701728767,,,
S0025_R06,2502032,nils,S0025,n50_p0.25_d2_clustered_Elow_V1.25_Hmedium_PWflat_B0.15,50,0.24,0.25,2,3,low,1.25,clustered,medium,flat,0.15,1.0,1.0,1.0,peripheral,259.4526969056015,105.44164042988203,16.406320683288243,0.0,137.60473579243123,137.60473579243123,132.93743469001356,0.0,172.3055607872513,131.8020505373525,54.687735610960814,45,5,0.1,2,2,2.5,2.5,0.0,0.0,0.0,0.0,0,0.8023643663982402,0.8346093483718632,0,360,360,3.057147979736328,25.0,6.0,24.0,True,feasible,nils_complete,3280.8228701728767,197.84575381767263,,92.09184076152425,,33.38141052103831,True,feasible_only,0.0,259.4526969056015,True,3280.8228701728767,,92.09184076152425,
S0025_R07,2502033,truck_only,S0025,n50_p0.25_d2_clustered_Elow_V1.25_Hmedium_PWflat_B0.15,50,0.24,0.25,2,3,low,1.25,clustered,medium,flat,0.15,1.0,1.0,1.0,peripheral,4363.520710034209,181.0017188309912,0.0,0.0,4182.518991203217,4182.518991203217,1968.1237544986914,0.0,436.08056345795643,226.25214853873902,0.0,50,0,0.0,0,0,0.0,0.0,0.0,0.0,0.0,0.0,0,0.0,0.0,0,0,0,0.023952007293701172,0.0,0.0,0.0,True,feasible,baseline_truck_only,4363.520710034209,226.25214853873902,,,,0.0,True,feasible_only,0.0,4363.520710034209,True,4363.520710034209,,,
S0025_R07,2502033,nils,S0025,n50_p0.25_d2_clustered_Elow_V1.25_Hmedium_PWflat_B0.15,50,0.24,0.25,2,3,low,1.25,clustered,medium,flat,0.15,1.0,1.0,1.0,peripheral,590.1537731292896,151.88853992835527,7.834701903335585,0.0,430.4305312975987,430.4305312975987,399.5462520804074,0.0,177.98233414354408,189.86067491044406,26.115673011118616,48,2,0.04,1,1,2.0,2.0,0.0,0.0,0.0,0.0,0,0.7534190473509171,0.7534190473509171,0,500,500,2.441568613052368,25.0,15.0,6.0,True,feasible,nils_complete,4363.520710034209,226.25214853873902,,86.47528424072352,,16.084476484900204,True,feasible_only,0.0,590.1537731292896,True,4363.520710034209,,86.47528424072352,
S0025_R08,2502034,truck_only,S0025,n50_p0.25_d2_clustered_Elow_V1.25_Hmedium_PWflat_B0.15,50,0.24,0.25,2,3,low,1.25,clustered,medium,flat,0.15,1.0,1.0,1.0,peripheral,5538.518816701957,188.2827050769526,0.0,0.0,5350.236111625004,5350.236111625004,2233.100009495609,0.0,453.25048161789596,235.35338134619073,0.0,50,0,0.0,0,0,0.0,0.0,0.0,0.0,0.0,0.0,0,0.0,0.0,0,0,0,0.03130745887756348,0.0,0.0,0.0,True,feasible,baseline_truck_only,5538.518816701957,235.35338134619073,,,,0.0,True,feasible_only,0.0,5538.518816701957,True,5538.518816701957,,,
S0025_R08,2502034,nils,S0025,n50_p0.25_d2_clustered_Elow_V1.25_Hmedium_PWflat_B0.15,50,0.24,0.25,2,3,low,1.25,clustered,medium,flat,0.15,1.0,1.0,1.0,peripheral,229.50898802607054,133.1463410498879,16.618152594424195,0.0,79.74449438175844,79.74449438175844,79.74449438175844,0.0,140.87629530871027,166.43292631235988,55.393841981414,45,5,0.1,2,2,2.5,2.5,0.0,0.0,0.0,0.0,0,0.8000786077775717,0.8100768138928482,0,361,361,2.8431055545806885,25.0,16.0,23.0,True,feasible,nils_complete,5538.518816701957,235.35338134619073,,95.85613057169792,,29.283817653103096,True,feasible_only,0.0,229.50898802607054,True,5538.518816701957,,95.85613057169792,
S0025_R09,2502035,truck_only,S0025,n50_p0.25_d2_clustered_Elow_V1.25_Hmedium_PWflat_B0.15,50,0.24,0.25,2,3,low,1.25,clustered,medium,flat,0.15,1.0,1.0,1.0,peripheral,3896.9908742843354,179.77168201088364,0.0,0.0,3717.219192273452,3717.219192273452,1097.9977538144612,0.0,432.41677303093144,224.71460251360458,0.0,50,0,0.0,0,0,0.0,0.0,0.0,0.0,0.0,0.0,0,0.0,0.0,0,0,0,0.023337841033935547,0.0,0.0,0.0,True,feasible,baseline_truck_only,3896.9908742843354,224.71460251360458,,,,0.0,True,feasible_only,0.0,3896.9908742843354,True,3896.9908742843354,,,
S0025_R09,2502035,nils,S0025,n50_p0.25_d2_clustered_Elow_V1.25_Hmedium_PWflat_B0.15,50,0.24,0.25,2,3,low,1.25,clustered,medium,flat,0.15,1.0,1.0,1.0,peripheral,293.298315914479,149.2498674441238,7.223324815910475,0.0,136.82512365444475,136.82512365444475,90.90726270235649,0.0,178.4492383349866,186.5623343051547,24.07774938636825,49,1,0.02,1,1,1.0,1.0,0.0,0.0,0.0,0.0,0,0.6879356967533785,0.6879356967533785,0,550,550,3.2667083740234375,25.0,12.0,2.0,True,feasible,nils_complete,3896.9908742843354,224.71460251360458,,92.47372330661815,,16.97809923417864,True,feasible_only,0.0,293.298315914479,True,3896.9908742843354,,92.47372330661815,
S0025_R10,2502036,truck_only,S0025,n50_p0.25_d2_clustered_Elow_V1.25_Hmedium_PWflat_B0.15,50,0.24,0.25,2,3,low,1.25,clustered,medium,flat,0.15,1.0,1.0,1.0,peripheral,2922.324471634099,161.0596567542742,0.0,0.0,2761.264814879825,2761.264814879825,1353.1718819794,0.0,392.09885009105585,201.32457094284274,0.0,50,0,0.0,0,0,0.0,0.0,0.0,0.0,0.0,0.0,0,0.0,0.0,0,0,0,0.022583484649658203,0.0,0.0,0.0,True,feasible,baseline_truck_only,2922.324471634099,201.32457094284274,,,,0.0,True,feasible_only,0.0,2922.324471634099,True,2922.324471634099,,,
S0025_R10,2502036,nils,S0025,n50_p0.25_d2_clustered_Elow_V1.25_Hmedium_PWflat_B0.15,50,0.24,0.25,2,3,low,1.25,clustered,medium,flat,0.15,1.0,1.0,1.0,peripheral,253.92476890024818,145.47057420681762,7.20254502448798,0.0,101.25164966894258,101.25164966894258,101.25164966894258,0.0,173.48992235740513,181.83821775852206,24.008483414959937,49,1,0.02,1,1,1.0,1.0,0.0,0.0,0.0,0.0,0,0.6859566689988553,0.6859566689988553,0,550,550,3.1247856616973877,25.0,10.0,2.0,True,feasible,nils_complete,2922.324471634099,201.32457094284274,,91.31086327459528,,9.67907349463716,True,feasible_only,0.0,253.92476890024818,True,2922.324471634099,,91.31086327459528,
S0026_R01,2602027,truck_only,S0026,n50_p0.25_d1_uniform_Elow_V2.00_Hmedium_PWbase_B0.15,50,0.24,0.25,1,3,low,2.0,uniform,medium,base,0.15,100.0,20.0,1.0,peripheral,80461.91007869664,394.4580521456721,0.0,0.0,80067.45202655098,80067.45202655098,600.2582817548509,0.0,364.05827981129994,493.07256518209005,0.0,50,0,0.0,0,0,0.0,0.0,0.0,0.0,0.0,0.0,0,0.0,0.0,0,0,0,0.020505666732788086,0.0,0.0,0.0,True,feasible,baseline_truck_only,80461.91007869664,493.07256518209005,,,,0.0,True,feasible_only,0.0,80461.91007869664,True,80461.91007869664,,,
S0026_R01,2602027,nils,S0026,n50_p0.25_d1_uniform_Elow_V2.00_Hmedium_PWbase_B0.15,50,0.24,0.25,1,3,low,2.0,uniform,medium,base,0.15,100.0,20.0,1.0,peripheral,7311.750661228922,210.38089272485163,13.284223515449295,0.0,7088.08554498862,7088.08554498862,66.58382745529511,0.0,188.4332408418415,262.9761159060646,44.28074505149765,47,3,0.06,1,1,3.0,3.0,0.0,0.0,0.0,0.0,0,0.8465301110374335,0.8465301110374335,0,207,207,0.9669036865234375,25.0,4.0,24.0,True,feasible,nils_complete,80461.91007869664,493.07256518209005,,90.91278015389196,,46.66583897058876,True,feasible_only,0.0,7311.750661228922,True,80461.91007869664,,90.91278015389196,
S0026_R02,2602028,truck_only,S0026,n50_p0.25_d1_uniform_Elow_V2.00_Hmedium_PWbase_B0.15,50,0.24,0.25,1,3,low,2.0,uniform,medium,base,0.15,100.0,20.0,1.0,peripheral,108790.81590069548,340.0620558306938,0.0,0.0,108450.75384486478,108450.75384486478,996.0303097331321,0.0,343.3844273703439,425.0775697883672,0.0,50,0,0.0,0,0,0.0,0.0,0.0,0.0,0.0,0.0,0,0.0,0.0,0,0,0,0.019469499588012695,0.0,0.0,0.0,True,feasible,baseline_truck_only,108790.81590069548,425.0775697883672,,,,0.0,True,feasible_only,0.0,108790.81590069548,True,108790.81590069548,,,
S0026_R02,2602028,nils,S0026,n50_p0.25_d1_uniform_Elow_V2.00_Hmedium_PWbase_B0.15,50,0.24,0.25,1,3,low,2.0,uniform,medium,base,0.15,100.0,20.0,1.0,peripheral,18211.70952724901,198.29278435897314,13.235970652878692,0.0,18000.18077223716,18000.18077223716,151.29383588684905,0.0,231.18800463811596,247.8659804487164,44.11990217626231,47,3,0.06,1,1,3.0,3.0,0.0,0.0,0.0,0.0,0,0.8341126951334318,0.8341126951334318,0,108,108,0.5689349174499512,14.0,3.0,24.0,True,feasible,nils_complete,108790.81590069548,425.0775697883672,,83.25988331232601,,41.68923555008534,True,feasible_only,0.0,18211.70952724901,True,108790.81590069548,,83.25988331232601,
S0026_R03,2602029,truck_only,S0026,n50_p0.25_d1_uniform_Elow_V2.00_Hmedium_PWbase_B0.15,50,0.24,0.25,1,3,low,2.0,uniform,medium,base,0.15,100.0,20.0,1.0,peripheral,127178.40949170469,337.95808256070393,0.0,0.0,126840.45140914399,126840.45140914399,1188.1634093041855,0.0,385.323956906085,422.4476032008799,0.0,50,0,0.0,0,0,0.0,0.0,0.0,0.0,0.0,0.0,0,0.0,0.0,0,0,0,0.022613525390625,0.0,0.0,0.0,True,feasible,baseline_truck_only,127178.40949170469,422.4476032008799,,,,0.0,True,feasible_only,0.0,127178.40949170469,True,127178.40949170469,,,
S0026_R03,2602029,nils,S0026,n50_p0.25_d1_uniform_Elow_V2.00_Hmedium_PWbase_B0.15,50,0.24,0.25,1,3,low,2.0,uniform,medium,base,0.15,100.0,20.0,1.0,peripheral,26393.781999975956,204.13265808244952,12.467224769339406,0.0,26177.182117124168,26177.182117124168,249.4340911121969,0.0,233.12962936030976,255.1658226030618,41.557415897798016,45,5,0.1,1,1,5.0,5.0,0.0,0.0,0.0,0.0,0,0.8290226304265934,0.8290226304265934,0,160,160,0.9410185813903809,25.0,5.0,30.0,True,feasible,nils_complete,127178.40949170469,422.4476032008799,,79.24664877830737,,39.59823166951978,True,feasible_only,0.0,26393.781999975956,True,127178.40949170469,,79.24664877830737,
S0026_R04,2602030,truck_only,S0026,n50_p0.25_d1_uniform_Elow_V2.00_Hmedium_PWbase_B0.15,50,0.24,0.25,1,3,low,2.0,uniform,medium,base,0.15,100.0,20.0,1.0,peripheral,123770.5363416613,358.8519280271825,0.0,0.0,123411.68441363411,123411.68441363411,1040.29198794648,0.0,339.53381620655347,448.5649100339781,0.0,50,0,0.0,0,0,0.0,0.0,0.0,0.0,0.0,0.0,0,0.0,0.0,0,0,0,0.03308892250061035,0.0,0.0,0.0,True,feasible,baseline_truck_only,123770.5363416613,448.5649100339781,,,,0.0,True,feasible_only,0.0,123770.5363416613,True,123770.5363416613,,,
S0026_R04,2602030,nils,S0026,n50_p0.25_d1_uniform_Elow_V2.00_Hmedium_PWbase_B0.15,50,0.24,0.25,1,3,low,2.0,uniform,medium,base,0.15,100.0,20.0,1.0,peripheral,49431.989444399595,234.56957069707943,13.16938440542807,0.0,49184.25048929709,49184.25048929709,473.82486159189494,0.0,200.6056688339371,293.21196337134927,43.89794801809357,47,3,0.06,1,1,3.0,3.0,0.0,0.0,0.0,0.0,0,0.8465620664520174,0.8465620664520174,0,96,96,0.5043520927429199,12.0,3.0,18.0,True,feasible,nils_complete,123770.5363416613,448.5649100339781,,60.061585813973124,,34.633325787980404,True,feasible_only,0.0,49431.989444399595,True,123770.5363416613,,60.061585813973124,
S0026_R05,2602031,truck_only,S0026,n50_p0.25_d1_uniform_Elow_V2.00_Hmedium_PWbase_B0.15,50,0.24,0.25,1,3,low,2.0,uniform,medium,base,0.15,100.0,20.0,1.0,peripheral,132265.22106272884,396.4296456068022,0.0,0.0,131868.79141712203,131868.79141712203,1185.7326787140767,0.0,354.3140009570482,495.5370570085028,0.0,50,0,0.0,0,0,0.0,0.0,0.0,0.0,0.0,0.0,0,0.0,0.0,0,0,0,0.019121170043945312,0.0,0.0,0.0,True,feasible,baseline_truck_only,132265.22106272884,495.5370570085028,,,,0.0,True,feasible_only,0.0,132265.22106272884,True,132265.22106272884,,,
S0026_R05,2602031,nils,S0026,n50_p0.25_d1_uniform_Elow_V2.00_Hmedium_PWbase_B0.15,50,0.24,0.25,1,3,low,2.0,uniform,medium,base,0.15,100.0,20.0,1.0,peripheral,20841.847550446353,208.91200124249872,12.407684844272527,0.0,20620.52786435958,20620.52786435958,206.2052786435958,0.0,209.68855596480685,261.1400015531235,41.35894948090842,45,5,0.1,1,1,5.0,5.0,0.0,0.0,0.0,0.0,0,0.8138983189489405,0.8138983189489405,0,158,158,0.9077434539794922,25.0,7.0,34.0,True,feasible,nils_complete,132265.22106272884,495.5370570085028,,84.24238255303578,,47.30161995762858,True,feasible_only,0.0,20841.847550446353,True,132265.22106272884,,84.24238255303578,
S0026_R06,2602032,truck_only,S0026,n50_p0.25_d1_uniform_Elow_V2.00_Hmedium_PWbase_B0.15,50,0.24,0.25,1,3,low,2.0,uniform,medium,base,0.15,100.0,20.0,1.0,peripheral,64480.36276274555,354.89297859691595,0.0,0.0,64125.469784148634,64125.469784148634,587.3580375949758,0.0,310.2431588486146,443.61622324614484,0.0,50,0,0.0,0,0,0.0,0.0,0.0,0.0,0.0,0.0,0,0.0,0.0,0,0,0,0.017871618270874023,0.0,0.0,0.0,True,feasible,baseline_truck_only,64480.36276274555,443.61622324614484,,,,0.0,True,feasible_only,0.0,64480.36276274555,True,64480.36276274555,,,
S0026_R06,2602032,nils,S0026,n50_p0.25_d1_uniform_Elow_V2.00_Hmedium_PWbase_B0.15,50,0.24,0.25,1,3,low,2.0,uniform,medium,base,0.15,100.0,20.0,1.0,peripheral,21453.415774643225,243.18987535099478,13.361208953435185,0.0,21196.864690338796,21196.864690338796,210.00796405530002,0.0,219.03069690041372,303.9873441887435,44.53736317811728,47,3,0.06,1,1,3.0,3.0,0.0,0.0,0.0,0.0,0,0.835952734190741,0.835952734190741,0,143,143,0.7698314189910889,18.0,3.0,25.0,True,feasible,nils_complete,64480.36276274555,443.61622324614484,,66.72876073358843,,31.47515166052141,True,feasible_only,0.0,21453.415774643225,True,64480.36276274555,,66.72876073358843,
S0026_R07,2602033,truck_only,S0026,n50_p0.25_d1_uniform_Elow_V2.00_Hmedium_PWbase_B0.15,50,0.24,0.25,1,3,low,2.0,uniform,medium,base,0.15,100.0,20.0,1.0,peripheral,75706.96982476814,316.66203562140794,0.0,0.0,75390.30778914673,75390.30778914673,684.9474778652929,0.0,300.88946309949,395.8275445267598,0.0,50,0,0.0,0,0,0.0,0.0,0.0,0.0,0.0,0.0,0,0.0,0.0,0,0,0,0.028136730194091797,0.0,0.0,0.0,True,feasible,baseline_truck_only,75706.96982476814,395.8275445267598,,,,0.0,True,feasible_only,0.0,75706.96982476814,True,75706.96982476814,,,
S0026_R07,2602033,nils,S0026,n50_p0.25_d1_uniform_Elow_V2.00_Hmedium_PWbase_B0.15,50,0.24,0.25,1,3,low,2.0,uniform,medium,base,0.15,100.0,20.0,1.0,peripheral,10617.228910869373,208.00670886169914,12.2765864574407,0.0,10396.945615550234,10396.945615550234,100.6286222808491,0.0,193.57812360992818,260.00838607712393,40.92195485813567,45,5,0.1,1,1,5.0,5.0,0.0,0.0,0.0,0.0,0,0.8223016562445972,0.8223016562445972,0,139,139,0.7965059280395508,22.0,5.0,30.0,True,feasible,nils_complete,75706.96982476814,395.8275445267598,,85.97588975566704,,34.31271025163684,True,feasible_only,0.0,10617.228910869373,True,75706.96982476814,,85.97588975566704,
S0026_R08,2602034,truck_only,S0026,n50_p0.25_d1_uniform_Elow_V2.00_Hmedium_PWbase_B0.15,50,0.24,0.25,1,3,low,2.0,uniform,medium,base,0.15,100.0,20.0,1.0,peripheral,149393.24997548477,352.14561060200566,0.0,0.0,149041.10436488275,149041.10436488275,1317.9242197765846,0.0,397.19938038171637,440.1820132525072,0.0,50,0,0.0,0,0,0.0,0.0,0.0,0.0,0.0,0.0,0,0.0,0.0,0,0,0,0.025219440460205078,0.0,0.0,0.0,True,feasible,baseline_truck_only,149393.24997548477,440.1820132525072,,,,0.0,True,feasible_only,0.0,149393.24997548477,True,149393.24997548477,,,
S0026_R08,2602034,nils,S0026,n50_p0.25_d1_uniform_Elow_V2.00_Hmedium_PWbase_B0.15,50,0.24,0.25,1,3,low,2.0,uniform,medium,base,0.15,100.0,20.0,1.0,peripheral,31814.65319161952,213.54474044335666,12.20975810921771,0.0,31588.898693066945,31588.898693066945,315.06143846532814,0.0,207.56520176450766,266.9309255541958,40.69919369739237,47,3,0.06,1,1,3.0,3.0,0.0,0.0,0.0,0.0,0,0.7634830819729991,0.7634830819729991,0,210,210,0.89693284034729,25.0,7.0,21.0,True,feasible,nils_complete,149393.24997548477,440.1820132525072,,78.70408924309481,,39.35896571923923,True,feasible_only,0.0,31814.65319161952,True,149393.24997548477,,78.70408924309481,
S0026_R09,2602035,truck_only,S0026,n50_p0.25_d1_uniform_Elow_V2.00_Hmedium_PWbase_B0.15,50,0.24,0.25,1,3,low,2.0,uniform,medium,base,0.15,100.0,20.0,1.0,peripheral,75420.97277506284,340.342923715499,0.0,0.0,75080.62985134734,75080.62985134734,608.6503403749546,0.0,316.0453027334569,425.4286546443736,0.0,50,0,0.0,0,0,0.0,0.0,0.0,0.0,0.0,0.0,0,0.0,0.0,0,0,0,0.021817684173583984,0.0,0.0,0.0,True,feasible,baseline_truck_only,75420.97277506284,425.4286546443736,,,,0.0,True,feasible_only,0.0,75420.97277506284,True,75420.97277506284,,,
S0026_R09,2602035,nils,S0026,n50_p0.25_d1_uniform_Elow_V2.00_Hmedium_PWbase_B0.15,50,0.24,0.25,1,3,low,2.0,uniform,medium,base,0.15,100.0,20.0,1.0,peripheral,10844.3142780883,218.41181315975447,13.576464395374355,0.0,10612.326000533172,10612.326000533172,81.24053983895402,0.0,224.28303637467184,273.0147664496931,45.254881317914524,46,4,0.08,1,1,4.0,4.0,0.0,0.0,0.0,0.0,0,0.8428081663889191,0.8428081663889191,0,183,183,0.8627514839172363,25.0,5.0,28.0,True,feasible,nils_complete,75420.97277506284,425.4286546443736,,85.62161971785936,,35.82595730936061,True,feasible_only,0.0,10844.3142780883,True,75420.97277506284,,85.62161971785936,
S0026_R10,2602036,truck_only,S0026,n50_p0.25_d1_uniform_Elow_V2.00_Hmedium_PWbase_B0.15,50,0.24,0.25,1,3,low,2.0,uniform,medium,base,0.15,100.0,20.0,1.0,peripheral,208042.35736005788,443.6876597525661,0.0,0.0,207598.66970030533,207598.66970030533,1617.1749583645355,0.0,571.1933900000658,554.6095746907077,0.0,50,0,0.0,0,0,0.0,0.0,0.0,0.0,0.0,0.0,0,0.0,0.0,0,0,0,0.02245950698852539,0.0,0.0,0.0,False,infeasible,baseline_truck_only,208042.35736005788,554.6095746907077,,,,0.0,False,feasible_only,0.0,,False,,,,
S0026_R10,2602036,nils,S0026,n50_p0.25_d1_uniform_Elow_V2.00_Hmedium_PWbase_B0.15,50,0.24,0.25,1,3,low,2.0,uniform,medium,base,0.15,100.0,20.0,1.0,peripheral,208042.35736005788,443.6876597525661,0.0,0.0,207598.66970030533,207598.66970030533,1617.1749583645355,0.0,571.1933900000658,554.6095746907077,0.0,50,0,0.0,0,0,0.0,0.0,0.0,0.0,0.0,0.0,0,0.0,0.0,0,50,50,3.387122869491577,25.0,0.0,175.0,False,infeasible,nils_complete,208042.35736005788,554.6095746907077,,0.0,,0.0,False,feasible_only,0.0,,False,,,,
S0027_R01,2702027,truck_only,S0027,n50_p0.25_d1_uniform_Emedium_V1.25_Hmedium_PWmoderate_B0.15,50,0.24,0.25,1,3,medium,1.25,uniform,medium,moderate,0.15,20.0,5.0,1.0,peripheral,17858.155466745407,384.3972150422927,0.0,0.0,17473.758251703115,17473.758251703115,603.2690606878476,0.0,396.45209010933735,480.4965188028658,0.0,50,0,0.0,0,0,0.0,0.0,0.0,0.0,0.0,0.0,0,0.0,0.0,0,0,0,0.019023656845092773,0.0,0.0,0.0,True,feasible,baseline_truck_only,17858.155466745407,480.4965188028658,,,,0.0,True,feasible_only,0.0,17858.155466745407,True,17858.155466745407,,,
S0027_R01,2702027,nils,S0027,n50_p0.25_d1_uniform_Emedium_V1.25_Hmedium_PWmoderate_B0.15,50,0.24,0.25,1,3,medium,1.25,uniform,medium,moderate,0.15,20.0,5.0,1.0,peripheral,7383.788746699365,245.1727858859845,12.203028585320727,0.0,7126.41293222806,7126.41293222806,331.22257583865326,0.0,225.07802710287825,306.4659823574807,40.67676195106909,48,2,0.04,1,1,2.0,2.0,0.0,0.0,0.0,0.0,0,0.8380327952429705,0.8380327952429705,0,222,222,0.8160603046417236,23.0,4.0,11.0,True,feasible,nils_complete,17858.155466745407,480.4965188028658,,58.65312763992284,,36.218896419681435,True,feasible_only,0.0,7383.788746699365,True,17858.155466745407,,58.65312763992284,
S0027_R02,2702028,truck_only,S0027,n50_p0.25_d1_uniform_Emedium_V1.25_Hmedium_PWmoderate_B0.15,50,0.24,0.25,1,3,medium,1.25,uniform,medium,moderate,0.15,20.0,5.0,1.0,peripheral,21697.30888906175,355.274823993538,0.0,0.0,21342.034065068212,21342.034065068212,875.830238123649,0.0,301.489447546613,444.09352999192265,0.0,50,0,0.0,0,0,0.0,0.0,0.0,0.0,0.0,0.0,0,0.0,0.0,0,0,0,0.02692127227783203,0.0,0.0,0.0,True,feasible,baseline_truck_only,21697.30888906175,444.09352999192265,,,,0.0,True,feasible_only,0.0,21697.30888906175,True,21697.30888906175,,,
S0027_R02,2702028,nils,S0027,n50_p0.25_d1_uniform_Emedium_V1.25_Hmedium_PWmoderate_B0.15,50,0.24,0.25,1,3,medium,1.25,uniform,medium,moderate,0.15,20.0,5.0,1.0,peripheral,2774.114450654364,219.32781137583885,11.356329801430942,0.0,2543.4303094770944,2543.4303094770944,101.97945809446628,0.0,215.87323849232826,274.15976421979855,37.85443267143648,46,4,0.08,1,1,4.0,4.0,0.0,0.0,0.0,0.0,0,0.8201766196381984,0.8201766196381984,0,164,164,0.7252123355865479,22.0,4.0,23.0,True,feasible,nils_complete,21697.30888906175,444.09352999192265,,87.21447685130723,,38.26530996189359,True,feasible_only,0.0,2774.114450654364,True,21697.30888906175,,87.21447685130723,
S0027_R03,2702029,truck_only,S0027,n50_p0.25_d1_uniform_Emedium_V1.25_Hmedium_PWmoderate_B0.15,50,0.24,0.25,1,3,medium,1.25,uniform,medium,moderate,0.15,20.0,5.0,1.0,peripheral,13015.586324828402,368.9422964868699,0.0,0.0,12646.644028341532,12646.644028341532,391.38864640473236,0.0,349.6940317837669,461.17787060858734,0.0,50,0,0.0,0,0,0.0,0.0,0.0,0.0,0.0,0.0,0,0.0,0.0,0,0,0,0.02052927017211914,0.0,0.0,0.0,True,feasible,baseline_truck_only,13015.586324828402,461.17787060858734,,,,0.0,True,feasible_only,0.0,13015.586324828402,True,13015.586324828402,,,
S0027_R03,2702029,nils,S0027,n50_p0.25_d1_uniform_Emedium_V1.25_Hmedium_PWmoderate_B0.15,50,0.24,0.25,1,3,medium,1.25,uniform,medium,moderate,0.15,20.0,5.0,1.0,peripheral,2720.32230088444,240.11967401051282,9.925009946178669,0.0,2470.2776169277486,2470.2776169277486,103.97494259385256,0.0,217.09118631954183,300.1495925131411,33.08336648726223,47,3,0.06,1,1,3.0,3.0,0.0,0.0,0.0,0.0,0,0.7312629757555876,0.7312629757555876,0,219,219,1.171208381652832,25.0,6.0,12.0,True,feasible,nils_complete,13015.586324828402,461.17787060858734,,79.09950245041838,,34.91674001680683,True,feasible_only,0.0,2720.32230088444,True,13015.586324828402,,79.09950245041838,
S0027_R04,2702030,truck_only,S0027,n50_p0.25_d1_uniform_Emedium_V1.25_Hmedium_PWmoderate_B0.15,50,0.24,0.25,1,3,medium,1.25,uniform,medium,moderate,0.15,20.0,5.0,1.0,peripheral,43389.27407483726,405.0763567129581,0.0,0.0,42984.1977181243,42984.1977181243,1581.0876078316207,0.0,468.9602195393119,506.34544589119747,0.0,50,0,0.0,0,0,0.0,0.0,0.0,0.0,0.0,0.0,0,0.0,0.0,0,0,0,0.02466607093811035,0.0,0.0,0.0,True,feasible,baseline_truck_only,43389.27407483726,506.34544589119747,,,,0.0,True,feasible_only,0.0,43389.27407483726,True,43389.27407483726,,,
S0027_R04,2702030,nils,S0027,n50_p0.25_d1_uniform_Emedium_V1.25_Hmedium_PWmoderate_B0.15,50,0.24,0.25,1,3,medium,1.25,uniform,medium,moderate,0.15,20.0,5.0,1.0,peripheral,6291.711646331891,215.7610115951629,12.036003471057125,0.0,6063.91463126567,6063.91463126567,256.5844777349154,0.0,201.5447887446796,269.7012644939536,40.12001157019042,46,4,0.08,1,1,4.0,4.0,0.0,0.0,0.0,0.0,0,0.8260116826126898,0.8260116826126898,0,145,145,1.0060372352600098,21.0,4.0,34.0,True,feasible,nils_complete,43389.27407483726,506.34544589119747,,85.49938485838683,,46.73571833567819,True,feasible_only,0.0,6291.711646331891,True,43389.27407483726,,85.49938485838683,
S0027_R05,2702031,truck_only,S0027,n50_p0.25_d1_uniform_Emedium_V1.25_Hmedium_PWmoderate_B0.15,50,0.24,0.25,1,3,medium,1.25,uniform,medium,moderate,0.15,20.0,5.0,1.0,peripheral,18559.403723554402,371.29093023885844,0.0,0.0,18188.112793315544,18188.112793315544,682.4507168639651,0.0,417.7367239903656,464.11366279857316,0.0,50,0,0.0,0,0,0.0,0.0,0.0,0.0,0.0,0.0,0,0.0,0.0,0,0,0,0.017766714096069336,0.0,0.0,0.0,True,feasible,baseline_truck_only,18559.403723554402,464.11366279857316,,,,0.0,True,feasible_only,0.0,18559.403723554402,True,18559.403723554402,,,
S0027_R05,2702031,nils,S0027,n50_p0.25_d1_uniform_Emedium_V1.25_Hmedium_PWmoderate_B0.15,50,0.24,0.25,1,3,medium,1.25,uniform,medium,moderate,0.15,20.0,5.0,1.0,peripheral,6363.565453938808,222.68610746296994,11.342355367556161,0.0,6129.536991108282,6129.536991108282,262.6351861945574,0.0,252.82276863900324,278.35763432871244,37.8078512251872,46,4,0.08,1,1,4.0,4.0,0.0,0.0,0.0,0.0,0,0.823697291992641,0.823697291992641,0,166,166,0.808175802230835,22.0,4.0,21.0,True,feasible,nils_complete,18559.403723554402,464.11366279857316,,65.71244664577999,,40.02382247265999,True,feasible_only,0.0,6363.565453938808,True,18559.403723554402,,65.71244664577999,
S0027_R06,2702032,truck_only,S0027,n50_p0.25_d1_uniform_Emedium_V1.25_Hmedium_PWmoderate_B0.15,50,0.24,0.25,1,3,medium,1.25,uniform,medium,moderate,0.15,20.0,5.0,1.0,peripheral,13481.302779024547,369.6656951732887,0.0,0.0,13111.637083851258,13111.637083851258,488.91934900998046,0.0,405.4750249906935,462.08211896661084,0.0,50,0,0.0,0,0,0.0,0.0,0.0,0.0,0.0,0.0,0,0.0,0.0,0,0,0,0.02397775650024414,0.0,0.0,0.0,True,feasible,baseline_truck_only,13481.302779024547,462.08211896661084,,,,0.0,True,feasible_only,0.0,13481.302779024547,True,13481.302779024547,,,
S0027_R06,2702032,nils,S0027,n50_p0.25_d1_uniform_Emedium_V1.25_Hmedium_PWmoderate_B0.15,50,0.24,0.25,1,3,medium,1.25,uniform,medium,moderate,0.15,20.0,5.0,1.0,peripheral,1541.051968113064,212.53264760565165,8.565790630162244,0.0,1319.95352987725,1319.95352987725,65.9976764938625,0.0,186.8327260967675,265.66580950706464,28.55263543387415,46,4,0.08,1,1,4.0,4.0,0.0,0.0,0.0,0.0,0,0.6294788686497678,0.6294788686497678,0,181,181,0.8861351013183594,25.0,5.0,30.0,True,feasible,nils_complete,13481.302779024547,462.08211896661084,,88.56896849382558,,42.50679725474053,True,feasible_only,0.0,1541.051968113064,True,13481.302779024547,,88.56896849382558,
S0027_R07,2702033,truck_only,S0027,n50_p0.25_d1_uniform_Emedium_V1.25_Hmedium_PWmoderate_B0.15,50,0.24,0.25,1,3,medium,1.25,uniform,medium,moderate,0.15,20.0,5.0,1.0,peripheral,21290.524672265805,364.16001562643066,0.0,0.0,20926.364656639373,20926.364656639373,849.0791210332454,0.0,308.1394044223891,455.20001953303847,0.0,50,0,0.0,0,0,0.0,0.0,0.0,0.0,0.0,0.0,0,0.0,0.0,0,0,0,0.023119688034057617,0.0,0.0,0.0,True,feasible,baseline_truck_only,21290.524672265805,455.20001953303847,,,,0.0,True,feasible_only,0.0,21290.524672265805,True,21290.524672265805,,,
S0027_R07,2702033,nils,S0027,n50_p0.25_d1_uniform_Emedium_V1.25_Hmedium_PWmoderate_B0.15,50,0.24,0.25,1,3,medium,1.25,uniform,medium,moderate,0.15,20.0,5.0,1.0,peripheral,5457.016724325549,219.77245549492866,11.380241965631361,0.0,5225.864026864989,5225.864026864989,247.68135436724367,0.0,191.15052703235983,274.71556936866085,37.93413988543787,48,2,0.04,1,1,2.0,2.0,0.0,0.0,0.0,0.0,0,0.793186148402142,0.793186148402142,0,223,223,0.7805488109588623,23.0,3.0,10.0,True,feasible,nils_complete,21290.524672265805,455.20001953303847,,74.3688011059955,,39.649482078125885,True,feasible_only,0.0,5457.016724325549,True,21290.524672265805,,74.3688011059955,
S0027_R08,2702034,truck_only,S0027,n50_p0.25_d1_uniform_Emedium_V1.25_Hmedium_PWmoderate_B0.15,50,0.24,0.25,1,3,medium,1.25,uniform,medium,moderate,0.15,20.0,5.0,1.0,peripheral,17533.678329478582,363.6015621256921,0.0,0.0,17170.07676735289,17170.07676735289,492.6312930246306,0.0,393.34405464514646,454.50195265711517,0.0,50,0,0.0,0,0,0.0,0.0,0.0,0.0,0.0,0.0,0,0.0,0.0,0,0,0,0.02357339859008789,0.0,0.0,0.0,True,feasible,baseline_truck_only,17533.678329478582,454.50195265711517,,,,0.0,True,feasible_only,0.0,17533.678329478582,True,17533.678329478582,,,
S0027_R08,2702034,nils,S0027,n50_p0.25_d1_uniform_Emedium_V1.25_Hmedium_PWmoderate_B0.15,50,0.24,0.25,1,3,medium,1.25,uniform,medium,moderate,0.15,20.0,5.0,1.0,peripheral,2120.648900141866,245.5528451025481,10.710128212696745,0.0,1864.3859268266208,1864.3859268266208,75.73466783094855,0.0,210.48699757451857,306.94105637818507,35.70042737565581,47,3,0.06,1,1,3.0,3.0,0.0,0.0,0.0,0.0,0,0.8121022386476162,0.8121022386476162,0,212,212,0.9577088356018066,25.0,7.0,19.0,True,feasible,nils_complete,17533.678329478582,454.50195265711517,,87.905282278525,,32.46650436070905,True,feasible_only,0.0,2120.648900141866,True,17533.678329478582,,87.905282278525,
S0027_R09,2702035,truck_only,S0027,n50_p0.25_d1_uniform_Emedium_V1.25_Hmedium_PWmoderate_B0.15,50,0.24,0.25,1,3,medium,1.25,uniform,medium,moderate,0.15,20.0,5.0,1.0,peripheral,16845.148021244866,364.4339906162988,0.0,0.0,16480.714030628566,16480.714030628566,412.9504781292238,0.0,417.96935868284913,455.5424882703735,0.0,50,0,0.0,0,0,0.0,0.0,0.0,0.0,0.0,0.0,0,0.0,0.0,0,0,0,0.023528575897216797,0.0,0.0,0.0,True,feasible,baseline_truck_only,16845.148021244866,455.5424882703735,,,,0.0,True,feasible_only,0.0,16845.148021244866,True,16845.148021244866,,,
S0027_R09,2702035,nils,S0027,n50_p0.25_d1_uniform_Emedium_V1.25_Hmedium_PWmoderate_B0.15,50,0.24,0.25,1,3,medium,1.25,uniform,medium,moderate,0.15,20.0,5.0,1.0,peripheral,5178.02813616637,247.73886988550657,11.900490010814565,0.0,4918.388776270049,4918.388776270049,184.2940122570829,0.0,244.60527082966559,309.6735873568831,39.66830003604855,46,4,0.08,1,1,4.0,4.0,0.0,0.0,0.0,0.0,0,0.82979302749917,0.82979302749917,0,193,193,0.9083011150360107,25.0,7.0,18.0,True,feasible,nils_complete,16845.148021244866,455.5424882703735,,69.26101136282144,,32.02092113675998,True,feasible_only,0.0,5178.02813616637,True,16845.148021244866,,69.26101136282144,
S0027_R10,2702036,truck_only,S0027,n50_p0.25_d1_uniform_Emedium_V1.25_Hmedium_PWmoderate_B0.15,50,0.24,0.25,1,3,medium,1.25,uniform,medium,moderate,0.15,20.0,5.0,1.0,peripheral,20026.20743806204,351.8708481317768,0.0,0.0,19674.336589930263,19674.336589930263,814.9589764403459,0.0,334.443081489027,439.8385601647209,0.0,50,0,0.0,0,0,0.0,0.0,0.0,0.0,0.0,0.0,0,0.0,0.0,0,0,0,0.019953012466430664,0.0,0.0,0.0,True,feasible,baseline_truck_only,20026.20743806204,439.8385601647209,,,,0.0,True,feasible_only,0.0,20026.20743806204,True,20026.20743806204,,,
S0027_R10,2702036,nils,S0027,n50_p0.25_d1_uniform_Emedium_V1.25_Hmedium_PWmoderate_B0.15,50,0.24,0.25,1,3,medium,1.25,uniform,medium,moderate,0.15,20.0,5.0,1.0,peripheral,5296.551687594668,220.11079970947313,11.398804592585972,0.0,5065.042083292608,5065.042083292608,250.65027959977496,0.0,207.81269751134784,275.1384996368414,37.9960153086199,46,4,0.08,1,1,4.0,4.0,0.0,0.0,0.0,0.0,0,0.7998201413761746,0.7998201413761746,0,186,186,0.9148983955383301,25.0,6.0,25.0,True,feasible,nils_complete,20026.20743806204,439.8385601647209,,73.55189841123897,,37.44557104456662,True,feasible_only,0.0,5296.551687594668,True,20026.20743806204,,73.55189841123897,
S0028_R01,2802027,truck_only,S0028,n50_p0.25_d1_clustered_Emedium_V1.25_Hmedium_PWstrict_B0.15,50,0.24,0.25,1,3,medium,1.25,clustered,medium,strict,0.15,200.0,40.0,1.0,peripheral,371464.671002033,157.9036913849837,0.0,0.0,371306.767310648,371306.767310648,1584.6131669861877,0.0,387.3547263135475,197.37961423122954,0.0,50,0,0.0,0,0,0.0,0.0,0.0,0.0,0.0,0.0,0,0.0,0.0,0,0,0,0.022885799407958984,0.0,0.0,0.0,True,feasible,baseline_truck_only,371464.671002033,197.37961423122954,,,,0.0,True,feasible_only,0.0,371464.671002033,True,371464.671002033,,,
S0028_R01,2802027,nils,S0028,n50_p0.25_d1_clustered_Emedium_V1.25_Hmedium_PWstrict_B0.15,50,0.24,0.25,1,3,medium,1.25,clustered,medium,strict,0.15,200.0,40.0,1.0,peripheral,23937.007388660633,133.64490500595616,12.164906108473708,0.0,23791.197577546205,23791.197577546205,118.95598788773101,0.0,151.2781792749135,167.05613125744517,40.5496870282457,46,4,0.08,1,1,4.0,4.0,0.0,0.0,0.0,0.0,0,0.836593437311074,0.836593437311074,0,172,172,2.8377387523651123,25.0,12.0,39.0,True,feasible,nils_complete,371464.671002033,197.37961423122954,,93.55604738289375,,15.363026770465014,True,feasible_only,0.0,23937.007388660633,True,371464.671002033,,93.55604738289375,
S0028_R02,2802028,truck_only,S0028,n50_p0.25_d1_clustered_Emedium_V1.25_Hmedium_PWstrict_B0.15,50,0.24,0.25,1,3,medium,1.25,clustered,medium,strict,0.15,200.0,40.0,1.0,peripheral,339445.6426852711,178.24523964009651,0.0,0.0,339267.397445631,339267.397445631,1244.1392627457678,0.0,432.1564660943002,222.8065495501207,0.0,50,0,0.0,0,0,0.0,0.0,0.0,0.0,0.0,0.0,0,0.0,0.0,0,0,0,0.0291287899017334,0.0,0.0,0.0,True,feasible,baseline_truck_only,339445.6426852711,222.8065495501207,,,,0.0,True,feasible_only,0.0,339445.6426852711,True,339445.6426852711,,,
S0028_R02,2802028,nils,S0028,n50_p0.25_d1_clustered_Emedium_V1.25_Hmedium_PWstrict_B0.15,50,0.24,0.25,1,3,medium,1.25,clustered,medium,strict,0.15,200.0,40.0,1.0,peripheral,29857.29353014206,133.38884597268535,11.069882612033403,0.0,29712.83480155734,29712.83480155734,148.13570679313665,0.0,167.8382565482973,166.73605746585667,36.89960870677801,44,6,0.12,1,1,6.0,6.0,0.0,0.0,0.0,0.0,0,0.7821898132278475,0.7821898132278475,0,109,109,3.2350845336914062,25.0,15.0,65.0,True,feasible,nils_complete,339445.6426852711,222.8065495501207,,91.20410169535589,,25.165549306103717,True,feasible_only,0.0,29857.29353014206,True,339445.6426852711,,91.20410169535589,
S0028_R03,2802029,truck_only,S0028,n50_p0.25_d1_clustered_Emedium_V1.25_Hmedium_PWstrict_B0.15,50,0.24,0.25,1,3,medium,1.25,clustered,medium,strict,0.15,200.0,40.0,1.0,peripheral,345780.574759686,179.36835342247903,0.0,0.0,345601.2064062635,345601.2064062635,1483.1793730299148,0.0,430.2770738868654,224.21044177809875,0.0,50,0,0.0,0,0,0.0,0.0,0.0,0.0,0.0,0.0,0,0.0,0.0,0,0,0,0.026975631713867188,0.0,0.0,0.0,True,feasible,baseline_truck_only,345780.574759686,224.21044177809875,,,,0.0,True,feasible_only,0.0,345780.574759686,True,345780.574759686,,,
S0028_R03,2802029,nils,S0028,n50_p0.25_d1_clustered_Emedium_V1.25_Hmedium_PWstrict_B0.15,50,0.24,0.25,1,3,medium,1.25,clustered,medium,strict,0.15,200.0,40.0,1.0,peripheral,31481.35627224287,138.7438609150063,11.965089546574783,0.0,31330.64732178129,31330.64732178129,156.65323660890644,0.0,160.2870430688938,173.4298261437579,39.88363182191594,44,6,0.12,1,1,6.0,6.0,0.0,0.0,0.0,0.0,0,0.8316525614635879,0.8316525614635879,0,122,122,3.2796761989593506,25.0,14.0,52.0,True,feasible,nils_complete,345780.574759686,224.21044177809875,,90.89556829670896,,22.64863992578832,True,feasible_only,0.0,31481.35627224287,True,345780.574759686,,90.89556829670896,
S0028_R04,2802030,truck_only,S0028,n50_p0.25_d1_clustered_Emedium_V1.25_Hmedium_PWstrict_B0.15,50,0.24,0.25,1,3,medium,1.25,clustered,medium,strict,0.15,200.0,40.0,1.0,peripheral,318335.7034481797,164.53887513349648,0.0,0.0,318171.1645730462,318171.1645730462,1216.0754034553916,0.0,400.9302734066175,205.67359391687052,0.0,50,0,0.0,0,0,0.0,0.0,0.0,0.0,0.0,0.0,0,0.0,0.0,0,0,0,0.031096696853637695,0.0,0.0,0.0,True,feasible,baseline_truck_only,318335.7034481797,205.67359391687052,,,,0.0,True,feasible_only,0.0,318335.7034481797,True,318335.7034481797,,,
S0028_R04,2802030,nils,S0028,n50_p0.25_d1_clustered_Emedium_V1.25_Hmedium_PWstrict_B0.15,50,0.24,0.25,1,3,medium,1.25,clustered,medium,strict,0.15,200.0,40.0,1.0,peripheral,43675.16553870303,135.06254696758793,12.172387281649858,0.0,43527.930604453795,43527.930604453795,217.639653022269,0.0,156.77714400765274,168.82818370948496,40.57462427216619,45,5,0.1,1,1,5.0,5.0,0.0,0.0,0.0,0.0,0,0.8459350551346804,0.8459350551346804,0,137,137,2.900120973587036,25.0,15.0,55.0,True,feasible,nils_complete,318335.7034481797,205.67359391687052,,86.28015485991106,,17.914506916370506,True,feasible_only,0.0,43675.16553870303,True,318335.7034481797,,86.28015485991106,
S0028_R05,2802031,truck_only,S0028,n50_p0.25_d1_clustered_Emedium_V1.25_Hmedium_PWstrict_B0.15,50,0.24,0.25,1,3,medium,1.25,clustered,medium,strict,0.15,200.0,40.0,1.0,peripheral,116929.1134510938,152.34483681378822,0.0,0.0,116776.76861428001,116776.76861428001,393.7141845383533,0.0,372.4334835367068,190.43104601723536,0.0,50,0,0.0,0,0,0.0,0.0,0.0,0.0,0.0,0.0,0,0.0,0.0,0,0,0,0.022667884826660156,0.0,0.0,0.0,True,feasible,baseline_truck_only,116929.1134510938,190.43104601723536,,,,0.0,True,feasible_only,0.0,116929.1134510938,True,116929.1134510938,,,
S0028_R05,2802031,nils,S0028,n50_p0.25_d1_clustered_Emedium_V1.25_Hmedium_PWstrict_B0.15,50,0.24,0.25,1,3,medium,1.25,clustered,medium,strict,0.15,200.0,40.0,1.0,peripheral,15342.210744623106,139.65278095381575,12.173368799658572,0.0,15190.38459486963,15190.38459486963,74.01870682486461,0.0,162.37012689565654,174.56597619226966,40.57789599886191,43,7,0.14,1,1,7.0,7.0,0.0,0.0,0.0,0.0,0,0.8473591896813173,0.8473591896813173,0,90,90,2.602260112762451,25.0,15.0,67.0,True,feasible,nils_complete,116929.1134510938,190.43104601723536,,86.87904980051006,,8.331136207448967,True,feasible_only,0.0,15342.210744623106,True,116929.1134510938,,86.87904980051006,
S0028_R06,2802032,truck_only,S0028,n50_p0.25_d1_clustered_Emedium_V1.25_Hmedium_PWstrict_B0.15,50,0.24,0.25,1,3,medium,1.25,clustered,medium,strict,0.15,200.0,40.0,1.0,peripheral,495041.6462331337,163.15240163565565,0.0,0.0,494878.493831498,494878.493831498,2243.186684289835,0.0,397.03797528324907,203.9405020445695,0.0,50,0,0.0,0,0,0.0,0.0,0.0,0.0,0.0,0.0,0,0.0,0.0,0,0,0,0.018294572830200195,0.0,0.0,0.0,True,feasible,baseline_truck_only,495041.6462331337,203.9405020445695,,,,0.0,True,feasible_only,0.0,495041.6462331337,True,495041.6462331337,,,
S0028_R06,2802032,nils,S0028,n50_p0.25_d1_clustered_Emedium_V1.25_Hmedium_PWstrict_B0.15,50,0.24,0.25,1,3,medium,1.25,clustered,medium,strict,0.15,200.0,40.0,1.0,peripheral,50067.08818353574,139.17777980810035,11.862517300386651,0.0,49916.04788642726,49916.04788642726,248.68714547330035,0.0,166.76534565311064,173.97222476012547,39.541724334622174,46,4,0.08,1,1,4.0,4.0,0.0,0.0,0.0,0.0,0,0.8291332222572225,0.8291332222572225,0,176,176,3.1232762336730957,25.0,12.0,35.0,True,feasible,nils_complete,495041.6462331337,203.9405020445695,,89.88628763569575,,14.69461778509044,True,feasible_only,0.0,50067.08818353574,True,495041.6462331337,,89.88628763569575,
S0028_R07,2802033,truck_only,S0028,n50_p0.25_d1_clustered_Emedium_V1.25_Hmedium_PWstrict_B0.15,50,0.24,0.25,1,3,medium,1.25,clustered,medium,strict,0.15,200.0,40.0,1.0,peripheral,283479.9877700151,164.2193358164019,0.0,0.0,283315.7684341987,283315.7684341987,1207.878111206998,0.0,400.99942026749073,205.27416977050228,0.0,50,0,0.0,0,0,0.0,0.0,0.0,0.0,0.0,0.0,0,0.0,0.0,0,0,0,0.023396730422973633,0.0,0.0,0.0,True,feasible,baseline_truck_only,283479.9877700151,205.27416977050228,,,,0.0,True,feasible_only,0.0,283479.9877700151,True,283479.9877700151,,,
S0028_R07,2802033,nils,S0028,n50_p0.25_d1_clustered_Emedium_V1.25_Hmedium_PWstrict_B0.15,50,0.24,0.25,1,3,medium,1.25,clustered,medium,strict,0.15,200.0,40.0,1.0,peripheral,33266.5391148468,132.5446036592047,12.067978449214824,0.0,33121.92653273838,33121.92653273838,165.60963266369185,0.0,157.50085142372052,165.6807545740059,40.226594830716074,45,5,0.1,1,1,5.0,5.0,0.0,0.0,0.0,0.0,0,0.8383449919704937,0.8383449919704937,0,152,152,2.8204357624053955,25.0,13.0,40.0,True,feasible,nils_complete,283479.9877700151,205.27416977050228,,88.26494265907911,,19.28806495272252,True,feasible_only,0.0,33266.5391148468,True,283479.9877700151,,88.26494265907911,
S0028_R08,2802034,truck_only,S0028,n50_p0.25_d1_clustered_Emedium_V1.25_Hmedium_PWstrict_B0.15,50,0.24,0.25,1,3,medium,1.25,clustered,medium,strict,0.15,200.0,40.0,1.0,peripheral,150817.4866702776,175.63342450391178,0.0,0.0,150641.8532457737,150641.8532457737,440.03334092877066,0.0,425.07917871741586,219.5417806298897,0.0,50,0,0.0,0,0,0.0,0.0,0.0,0.0,0.0,0.0,0,0.0,0.0,0,0,0,0.033531904220581055,0.0,0.0,0.0,True,feasible,baseline_truck_only,150817.4866702776,219.5417806298897,,,,0.0,True,feasible_only,0.0,150817.4866702776,True,150817.4866702776,,,
S0028_R08,2802034,nils,S0028,n50_p0.25_d1_clustered_Emedium_V1.25_Hmedium_PWstrict_B0.15,50,0.24,0.25,1,3,medium,1.25,clustered,medium,strict,0.15,200.0,40.0,1.0,peripheral,6076.940610300581,141.8687164265552,11.964892260629838,0.0,5923.107001613396,5923.107001613396,28.666750314564005,0.0,165.11352198868178,177.33589553319402,39.88297420209946,47,3,0.06,1,1,3.0,3.0,0.0,0.0,0.0,0.0,0,0.8316869409680625,0.8316869409680625,0,198,198,3.747709274291992,25.0,12.0,33.0,True,feasible,nils_complete,150817.4866702776,219.5417806298897,,95.97066577326926,,19.224534380472967,True,feasible_only,0.0,6076.940610300581,True,150817.4866702776,,95.97066577326926,
S0028_R09,2802035,truck_only,S0028,n50_p0.25_d1_clustered_Emedium_V1.25_Hmedium_PWstrict_B0.15,50,0.24,0.25,1,3,medium,1.25,clustered,medium,strict,0.15,200.0,40.0,1.0,peripheral,392461.1500446525,206.84402961276737,0.0,0.0,392254.30601503974,392254.30601503974,1716.0086822362775,0.0,489.9693204460562,258.55503701595916,0.0,50,0,0.0,0,0,0.0,0.0,0.0,0.0,0.0,0.0,0,0.0,0.0,0,0,0,0.02856755256652832,0.0,0.0,0.0,False,infeasible,baseline_truck_only,392461.1500446525,258.55503701595916,,,,0.0,False,feasible_only,0.0,,False,,,,
S0028_R09,2802035,nils,S0028,n50_p0.25_d1_clustered_Emedium_V1.25_Hmedium_PWstrict_B0.15,50,0.24,0.25,1,3,medium,1.25,clustered,medium,strict,0.15,200.0,40.0,1.0,peripheral,4491.457245331905,131.98808782426184,12.150120910371214,0.0,4347.319036597272,4347.319036597272,21.736595182986363,0.0,170.90623332916823,164.98510978032726,40.500403034570716,45,5,0.1,1,1,5.0,5.0,0.0,0.0,0.0,0.0,0,0.8370695030751087,0.8370695030751087,0,146,146,2.691340923309326,25.0,11.0,40.0,True,feasible,nils_complete,392461.1500446525,258.55503701595916,,98.85556640579051,,36.18955883263506,True,feasible_only,0.0,4491.457245331905,True,,,,
S0028_R10,2802036,truck_only,S0028,n50_p0.25_d1_clustered_Emedium_V1.25_Hmedium_PWstrict_B0.15,50,0.24,0.25,1,3,medium,1.25,clustered,medium,strict,0.15,200.0,40.0,1.0,peripheral,435359.3753228882,197.40356439240904,0.0,0.0,435161.9717584958,435161.9717584958,1840.4360433430493,0.0,468.9871294853036,246.7544554905113,0.0,50,0,0.0,0,0,0.0,0.0,0.0,0.0,0.0,0.0,0,0.0,0.0,0,0,0,0.020338058471679688,0.0,0.0,0.0,True,feasible,baseline_truck_only,435359.3753228882,246.7544554905113,,,,0.0,True,feasible_only,0.0,435359.3753228882,True,435359.3753228882,,,
S0028_R10,2802036,nils,S0028,n50_p0.25_d1_clustered_Emedium_V1.25_Hmedium_PWstrict_B0.15,50,0.24,0.25,1,3,medium,1.25,clustered,medium,strict,0.15,200.0,40.0,1.0,peripheral,41059.53999482129,155.06873895889387,11.383227113103882,0.0,40893.08802874929,40893.08802874929,198.13854147067832,0.0,176.39058680923466,193.83592369861736,37.94409037701295,45,5,0.1,1,1,5.0,5.0,0.0,0.0,0.0,0.0,0,0.7904017699850718,0.7904017699850718,0,145,145,2.8417468070983887,25.0,15.0,47.0,True,feasible,nils_complete,435359.3753228882,246.7544554905113,,90.5688168620765,,21.4458262513233,True,feasible_only,0.0,41059.53999482129,True,435359.3753228882,,90.5688168620765,
S0029_R01,2902027,truck_only,S0029,n50_p0.25_d2_clustered_Emedium_V2.00_Hshort_PWstrict_B0.15,50,0.24,0.25,2,3,medium,2.0,clustered,short,strict,0.15,200.0,40.0,1.0,peripheral,427329.7607205844,170.65910111916958,0.0,0.0,427159.1016194653,427159.1016194653,1764.3736029179029,0.0,417.02500579690445,213.32387639896191,0.0,50,0,0.0,0,0,0.0,0.0,0.0,0.0,0.0,0.0,0,0.0,0.0,0,0,0,0.027765989303588867,0.0,0.0,0.0,True,feasible,baseline_truck_only,427329.7607205844,213.32387639896191,,,,0.0,True,feasible_only,0.0,427329.7607205844,True,427329.7607205844,,,
S0029_R01,2902027,nils,S0029,n50_p0.25_d2_clustered_Emedium_V2.00_Hshort_PWstrict_B0.15,50,0.24,0.25,2,3,medium,2.0,clustered,short,strict,0.15,200.0,40.0,1.0,peripheral,29055.33353701812,130.70276070579277,15.317774744495399,0.0,28909.313001567833,28909.313001567833,143.04891839875654,0.0,166.10388957545575,163.37845088224097,51.059249148317996,38,12,0.24,1,1,12.0,12.0,0.0,0.0,0.0,0.0,0,0.6806444384677925,0.6806444384677925,0,0,0,2.9822583198547363,25.0,18.0,174.0,False,infeasible,nils_complete,427329.7607205844,213.32387639896191,,93.20072313989469,,23.412956092787365,False,feasible_only,0.0,,False,427329.7607205844,,,
S0029_R02,2902028,truck_only,S0029,n50_p0.25_d2_clustered_Emedium_V2.00_Hshort_PWstrict_B0.15,50,0.24,0.25,2,3,medium,2.0,clustered,short,strict,0.15,200.0,40.0,1.0,peripheral,253562.41883059032,143.63235657261527,0.0,0.0,253418.78647401772,253418.78647401772,1085.4471050999646,0.0,354.97903179213796,179.54044571576907,0.0,50,0,0.0,0,0,0.0,0.0,0.0,0.0,0.0,0.0,0,0.0,0.0,0,0,0,0.02311253547668457,0.0,0.0,0.0,True,feasible,baseline_truck_only,253562.41883059032,179.54044571576907,,,,0.0,True,feasible_only,0.0,253562.41883059032,True,253562.41883059032,,,
S0029_R02,2902028,nils,S0029,n50_p0.25_d2_clustered_Emedium_V2.00_Hshort_PWstrict_B0.15,50,0.24,0.25,2,3,medium,2.0,clustered,short,strict,0.15,200.0,40.0,1.0,peripheral,16290.33609604934,130.14924505196527,15.890710438283811,0.0,16144.29614055909,16144.29614055909,80.72148070279545,0.0,146.33379833833902,162.6865563149566,52.96903479427936,38,12,0.24,1,1,12.0,12.0,0.0,0.0,0.0,0.0,0,0.706287874234885,0.706287874234885,0,0,0,3.22981858253479,25.0,18.0,174.0,False,infeasible,nils_complete,253562.41883059032,179.54044571576907,,93.57541382860319,,9.38723825354311,False,feasible_only,0.0,,False,253562.41883059032,,,
S0029_R03,2902029,truck_only,S0029,n50_p0.25_d2_clustered_Emedium_V2.00_Hshort_PWstrict_B0.15,50,0.24,0.25,2,3,medium,2.0,clustered,short,strict,0.15,200.0,40.0,1.0,peripheral,727207.9248955324,174.91421118805735,0.0,0.0,727033.0106843443,727033.0106843443,3481.2760691078147,0.0,422.4879534200405,218.64276398507178,0.0,50,0,0.0,0,0,0.0,0.0,0.0,0.0,0.0,0.0,0,0.0,0.0,0,0,0,0.02096843719482422,0.0,0.0,0.0,True,feasible,baseline_truck_only,727207.9248955324,218.64276398507178,,,,0.0,True,feasible_only,0.0,727207.9248955324,True,727207.9248955324,,,
S0029_R03,2902029,nils,S0029,n50_p0.25_d2_clustered_Emedium_V2.00_Hshort_PWstrict_B0.15,50,0.24,0.25,2,3,medium,2.0,clustered,short,strict,0.15,200.0,40.0,1.0,peripheral,45582.72687346682,134.05514953190564,14.94700048066208,0.0,45433.72472345425,45433.72472345425,217.9053647973193,0.0,177.86462141114998,167.56893691488204,49.82333493554026,38,12,0.24,1,1,12.0,12.0,0.0,0.0,0.0,0.0,0,0.6642576477100753,0.6642576477100753,0,0,0,3.722466230392456,25.0,13.0,174.0,True,feasible,nils_complete,727207.9248955324,218.64276398507178,,93.7318165392635,,23.359486561227744,True,feasible_only,0.0,45582.72687346682,True,727207.9248955324,,93.7318165392635,
S0029_R04,2902030,truck_only,S0029,n50_p0.25_d2_clustered_Emedium_V2.00_Hshort_PWstrict_B0.15,50,0.24,0.25,2,3,medium,2.0,clustered,short,strict,0.15,200.0,40.0,1.0,peripheral,341890.839003555,175.38164419166162,0.0,0.0,341715.4573593633,341715.4573593633,1273.746621925294,0.0,424.41821040134636,219.22705523957706,0.0,50,0,0.0,0,0,0.0,0.0,0.0,0.0,0.0,0.0,0,0.0,0.0,0,0,0,0.02413463592529297,0.0,0.0,0.0,True,feasible,baseline_truck_only,341890.839003555,219.22705523957706,,,,0.0,True,feasible_only,0.0,341890.839003555,True,341890.839003555,,,
S0029_R04,2902030,nils,S0029,n50_p0.25_d2_clustered_Emedium_V2.00_Hshort_PWstrict_B0.15,50,0.24,0.25,2,3,medium,2.0,clustered,short,strict,0.15,200.0,40.0,1.0,peripheral,14979.230594068973,132.76457094990656,16.659744941550613,0.0,14829.806278177515,14829.806278177515,74.14903139088759,0.0,146.86796387506269,165.95571368738314,55.53248313850204,38,12,0.24,1,1,12.0,12.0,0.0,0.0,0.0,0.0,0,0.7481543096837183,0.7481543096837183,0,0,0,3.2106974124908447,25.0,13.0,174.0,False,infeasible,nils_complete,341890.839003555,219.22705523957706,,95.61870957475018,,24.299620087483092,False,feasible_only,0.0,,False,341890.839003555,,,
S0029_R05,2902031,truck_only,S0029,n50_p0.25_d2_clustered_Emedium_V2.00_Hshort_PWstrict_B0.15,50,0.24,0.25,2,3,medium,2.0,clustered,short,strict,0.15,200.0,40.0,1.0,peripheral,336719.9396929764,180.76706570663976,0.0,0.0,336539.17262726976,336539.17262726976,1334.850210093611,0.0,434.78674046995224,225.9588321332996,0.0,50,0,0.0,0,0,0.0,0.0,0.0,0.0,0.0,0.0,0,0.0,0.0,0,0,0,0.02293682098388672,0.0,0.0,0.0,True,feasible,baseline_truck_only,336719.9396929764,225.9588321332996,,,,0.0,True,feasible_only,0.0,336719.9396929764,True,336719.9396929764,,,
S0029_R05,2902031,nils,S0029,n50_p0.25_d2_clustered_Emedium_V2.00_Hshort_PWstrict_B0.15,50,0.24,0.25,2,3,medium,2.0,clustered,short,strict,0.15,200.0,40.0,1.0,peripheral,25815.21641157201,119.73100577874553,18.91628320031153,0.0,25676.569122592955,25676.569122592955,128.3828456129648,0.0,141.25537832845416,149.6637572234319,63.054277334371776,38,12,0.24,1,1,12.0,12.0,0.0,0.0,0.0,0.0,0,0.8449521903906453,0.8449521903906453,0,0,0,3.327575206756592,25.0,18.0,174.0,False,infeasible,nils_complete,336719.9396929764,225.9588321332996,,92.33332708626924,,33.76503329812709,False,feasible_only,0.0,,False,336719.9396929764,,,
S0029_R06,2902032,truck_only,S0029,n50_p0.25_d2_clustered_Emedium_V2.00_Hshort_PWstrict_B0.15,50,0.24,0.25,2,3,medium,2.0,clustered,short,strict,0.15,200.0,40.0,1.0,peripheral,318333.0765392067,160.5840213230488,0.0,0.0,318172.49251788366,318172.49251788366,1413.099497912474,0.0,395.6002809207732,200.73002665381108,0.0,50,0,0.0,0,0,0.0,0.0,0.0,0.0,0.0,0.0,0,0.0,0.0,0,0,0,0.021335124969482422,0.0,0.0,0.0,True,feasible,baseline_truck_only,318333.0765392067,200.73002665381108,,,,0.0,True,feasible_only,0.0,318333.0765392067,True,318333.0765392067,,,
S0029_R06,2902032,nils,S0029,n50_p0.25_d2_clustered_Emedium_V2.00_Hshort_PWstrict_B0.15,50,0.24,0.25,2,3,medium,2.0,clustered,short,strict,0.15,200.0,40.0,1.0,peripheral,14884.097958218075,118.5742612780455,16.06486536436739,0.0,14749.458831575663,14749.458831575663,73.74729415787831,0.0,148.24131758713207,148.2178265975569,53.54955121455796,38,12,0.24,1,1,12.0,12.0,0.0,0.0,0.0,0.0,0,0.7296918294902388,0.7296918294902388,0,0,0,3.8947553634643555,25.0,18.0,174.0,True,feasible,nils_complete,318333.0765392067,200.73002665381108,,95.32436336178691,,26.160610314080873,True,feasible_only,0.0,14884.097958218075,True,318333.0765392067,,95.32436336178691,
S0029_R07,2902033,truck_only,S0029,n50_p0.25_d2_clustered_Emedium_V2.00_Hshort_PWstrict_B0.15,50,0.24,0.25,2,3,medium,2.0,clustered,short,strict,0.15,200.0,40.0,1.0,peripheral,419328.6877417238,183.06984212231103,0.0,0.0,419145.61789960146,419145.61789960146,1678.6334967861494,0.0,443.2541357986164,228.8373026528888,0.0,50,0,0.0,0,0,0.0,0.0,0.0,0.0,0.0,0.0,0,0.0,0.0,0,0,0,0.024835586547851562,0.0,0.0,0.0,True,feasible,baseline_truck_only,419328.6877417238,228.8373026528888,,,,0.0,True,feasible_only,0.0,419328.6877417238,True,419328.6877417238,,,
S0029_R07,2902033,nils,S0029,n50_p0.25_d2_clustered_Emedium_V2.00_Hshort_PWstrict_B0.15,50,0.24,0.25,2,3,medium,2.0,clustered,short,strict,0.15,200.0,40.0,1.0,peripheral,29240.354025658347,129.0831243496697,14.789677902126307,0.0,29096.48122340655,29096.48122340655,145.48240611703275,0.0,142.9796918074296,161.35390543708712,49.29892634042103,38,12,0.24,1,1,12.0,12.0,0.0,0.0,0.0,0.0,0,0.6532690297687416,0.6532690297687416,0,0,0,3.4781925678253174,25.0,18.0,174.0,True,feasible,nils_complete,419328.6877417238,228.8373026528888,,93.02686534920113,,29.48968390794384,True,feasible_only,0.0,29240.354025658347,True,419328.6877417238,,93.02686534920113,
S0029_R08,2902034,truck_only,S0029,n50_p0.25_d2_clustered_Emedium_V2.00_Hshort_PWstrict_B0.15,50,0.24,0.25,2,3,medium,2.0,clustered,short,strict,0.15,200.0,40.0,1.0,peripheral,568331.5818276767,204.58096454187006,0.0,0.0,568127.0008631349,568127.0008631349,2540.785057509141,0.0,490.5522080954021,255.7262056773376,0.0,50,0,0.0,0,0,0.0,0.0,0.0,0.0,0.0,0.0,0,0.0,0.0,0,0,0,0.0243837833404541,0.0,0.0,0.0,False,infeasible,baseline_truck_only,568331.5818276767,255.7262056773376,,,,0.0,False,feasible_only,0.0,,False,,,,
S0029_R08,2902034,nils,S0029,n50_p0.25_d2_clustered_Emedium_V2.00_Hshort_PWstrict_B0.15,50,0.24,0.25,2,3,medium,2.0,clustered,short,strict,0.15,200.0,40.0,1.0,peripheral,40760.18906987129,140.77304035249716,17.41589825742972,0.0,40602.00013126136,40602.00013126136,203.01000065630683,0.0,153.04379076515252,175.96630044062147,58.0529941914324,38,12,0.24,1,1,12.0,12.0,0.0,0.0,0.0,0.0,0,0.7750681023681268,0.7750681023681268,0,0,0,3.6828737258911133,25.0,19.0,156.0,True,feasible,nils_complete,568331.5818276767,255.7262056773376,,92.82809712267051,,31.18957051173439,True,feasible_only,0.0,40760.18906987129,True,,,,
S0029_R09,2902035,truck_only,S0029,n50_p0.25_d2_clustered_Emedium_V2.00_Hshort_PWstrict_B0.15,50,0.24,0.25,2,3,medium,2.0,clustered,short,strict,0.15,200.0,40.0,1.0,peripheral,410283.7136099616,169.60613416154254,0.0,0.0,410114.1074758001,410114.1074758001,1721.1854309319301,0.0,413.06114729595896,212.00766770192823,0.0,50,0,0.0,0,0,0.0,0.0,0.0,0.0,0.0,0.0,0,0.0,0.0,0,0,0,0.02493000030517578,0.0,0.0,0.0,True,feasible,baseline_truck_only,410283.7136099616,212.00766770192823,,,,0.0,True,feasible_only,0.0,410283.7136099616,True,410283.7136099616,,,
S0029_R09,2902035,nils,S0029,n50_p0.25_d2_clustered_Emedium_V2.00_Hshort_PWstrict_B0.15,50,0.24,0.25,2,3,medium,2.0,clustered,short,strict,0.15,200.0,40.0,1.0,peripheral,18972.337557281295,136.4728427812455,16.19493743066902,0.0,18819.66977706938,18819.66977706938,94.0983488853469,0.0,145.01731667065656,170.5910534765569,53.98312476889674,38,12,0.24,1,1,12.0,12.0,0.0,0.0,0.0,0.0,0,0.7222239329143714,0.7222239329143714,0,0,0,3.910606861114502,25.0,20.0,174.0,True,feasible,nils_complete,410283.7136099616,212.00766770192823,,95.37580046978968,,19.535432220121837,True,feasible_only,0.0,18972.337557281295,True,410283.7136099616,,95.37580046978968,
S0029_R10,2902036,truck_only,S0029,n50_p0.25_d2_clustered_Emedium_V2.00_Hshort_PWstrict_B0.15,50,0.24,0.25,2,3,medium,2.0,clustered,short,strict,0.15,200.0,40.0,1.0,peripheral,431331.47957675403,148.09608955200636,0.0,0.0,431183.38348720205,431183.38348720205,1892.1103134296998,0.0,366.19178017854694,185.12011194000792,0.0,50,0,0.0,0,0,0.0,0.0,0.0,0.0,0.0,0.0,0,0.0,0.0,0,0,0,0.025623083114624023,0.0,0.0,0.0,True,feasible,baseline_truck_only,431331.47957675403,185.12011194000792,,,,0.0,True,feasible_only,0.0,431331.47957675403,True,431331.47957675403,,,
S0029_R10,2902036,nils,S0029,n50_p0.25_d2_clustered_Emedium_V2.00_Hshort_PWstrict_B0.15,50,0.24,0.25,2,3,medium,2.0,clustered,short,strict,0.15,200.0,40.0,1.0,peripheral,36947.1288223319,124.88384146404,17.437468132188485,0.0,36804.80751273567,36804.80751273567,184.02403756367835,0.0,140.99731893064518,156.10480183005004,58.124893773961645,38,12,0.24,1,1,12.0,12.0,0.0,0.0,0.0,0.0,0,0.7833048960345289,0.7833048960345289,0,0,0,3.4278202056884766,25.0,19.0,174.0,True,feasible,nils_complete,431331.47957675403,185.12011194000792,,91.43416825069515,,15.673775153809817,True,feasible_only,0.0,36947.1288223319,True,431331.47957675403,,91.43416825069515,
S0030_R01,3002027,truck_only,S0030,n50_p0.25_d1_uniform_Emedium_V2.00_Hmedium_PWmoderate_B0.15,50,0.24,0.25,1,3,medium,2.0,uniform,medium,moderate,0.15,20.0,5.0,1.0,peripheral,17564.741074908576,391.1885653008678,0.0,0.0,17173.552509607707,17173.552509607707,646.5618533727065,0.0,319.734851791129,488.98570662608483,0.0,50,0,0.0,0,0,0.0,0.0,0.0,0.0,0.0,0.0,0,0.0,0.0,0,0,0,0.0234529972076416,0.0,0.0,0.0,True,feasible,baseline_truck_only,17564.741074908576,488.98570662608483,,,,0.0,True,feasible_only,0.0,17564.741074908576,True,17564.741074908576,,,
S0030_R01,3002027,nils,S0030,n50_p0.25_d1_uniform_Emedium_V2.00_Hmedium_PWmoderate_B0.15,50,0.24,0.25,1,3,medium,2.0,uniform,medium,moderate,0.15,20.0,5.0,1.0,peripheral,3114.4029333492454,242.60128210590392,18.69100096101665,0.0,2853.110650282325,2853.110650282325,132.30965632049595,0.0,229.92805684634106,303.2516026323799,62.30333653672217,46,4,0.08,1,1,4.0,4.0,0.0,0.0,0.0,0.0,0,0.8403333777407217,0.8403333777407217,0,172,172,0.926447868347168,25.0,6.0,39.0,True,feasible,nils_complete,17564.741074908576,488.98570662608483,,82.26900743900971,,37.98354460608624,True,feasible_only,0.0,3114.4029333492454,True,17564.741074908576,,82.26900743900971,
S0030_R02,3002028,truck_only,S0030,n50_p0.25_d1_uniform_Emedium_V2.00_Hmedium_PWmoderate_B0.15,50,0.24,0.25,1,3,medium,2.0,uniform,medium,moderate,0.15,20.0,5.0,1.0,peripheral,22434.40655445104,384.8256996596515,0.0,0.0,22049.58085479139,22049.58085479139,712.749326039029,0.0,432.24572565275633,481.03212457456425,0.0,50,0,0.0,0,0,0.0,0.0,0.0,0.0,0.0,0.0,0,0.0,0.0,0,0,0,0.024038076400756836,0.0,0.0,0.0,True,feasible,baseline_truck_only,22434.40655445104,481.03212457456425,,,,0.0,True,feasible_only,0.0,22434.40655445104,True,22434.40655445104,,,
S0030_R02,3002028,nils,S0030,n50_p0.25_d1_uniform_Emedium_V2.00_Hmedium_PWmoderate_B0.15,50,0.24,0.25,1,3,medium,2.0,uniform,medium,moderate,0.15,20.0,5.0,1.0,peripheral,5200.1331263566635,224.99379240537883,15.350461690747707,0.0,4959.788872260537,4959.788872260537,229.71515021304805,0.0,186.75914579584472,281.24224050672353,51.16820563582569,42,8,0.16,1,1,8.0,8.0,0.0,0.0,0.0,0.0,0,0.7173591129323301,0.7173591129323301,0,81,81,1.065870761871338,25.0,9.0,56.0,True,feasible,nils_complete,22434.40655445104,481.03212457456425,,76.82072350015007,,41.53358452817251,True,feasible_only,0.0,5200.1331263566635,True,22434.40655445104,,76.82072350015007,
S0030_R03,3002029,truck_only,S0030,n50_p0.25_d1_uniform_Emedium_V2.00_Hmedium_PWmoderate_B0.15,50,0.24,0.25,1,3,medium,2.0,uniform,medium,moderate,0.15,20.0,5.0,1.0,peripheral,19624.825351144314,360.09661203550553,0.0,0.0,19264.72873910881,19264.72873910881,769.628387741588,0.0,407.87276386369837,450.12076504438176,0.0,50,0,0.0,0,0,0.0,0.0,0.0,0.0,0.0,0.0,0,0.0,0.0,0,0,0,0.033823251724243164,0.0,0.0,0.0,True,feasible,baseline_truck_only,19624.825351144314,450.12076504438176,,,,0.0,True,feasible_only,0.0,19624.825351144314,True,19624.825351144314,,,
S0030_R03,3002029,nils,S0030,n50_p0.25_d1_uniform_Emedium_V2.00_Hmedium_PWmoderate_B0.15,50,0.24,0.25,1,3,medium,2.0,uniform,medium,moderate,0.15,20.0,5.0,1.0,peripheral,1578.660131799423,222.21708014904624,16.751344905898392,0.0,1339.6917067444783,1339.6917067444783,55.726605791526495,0.0,206.20101519909727,277.7713501863078,55.83781635299464,44,6,0.12,1,1,6.0,6.0,0.0,0.0,0.0,0.0,0,0.785479817217708,0.785479817217708,0,128,128,0.9080138206481934,25.0,6.0,46.0,True,feasible,nils_complete,19624.825351144314,450.12076504438176,,91.95580035209142,,38.28959431389048,True,feasible_only,0.0,1578.660131799423,True,19624.825351144314,,91.95580035209142,
S0030_R04,3002030,truck_only,S0030,n50_p0.25_d1_uniform_Emedium_V2.00_Hmedium_PWmoderate_B0.15,50,0.24,0.25,1,3,medium,2.0,uniform,medium,moderate,0.15,20.0,5.0,1.0,peripheral,21844.81786020048,365.6967601981279,0.0,0.0,21479.121100002354,21479.121100002354,736.1525355383008,0.0,387.99414241638124,457.1209502476598,0.0,50,0,0.0,0,0,0.0,0.0,0.0,0.0,0.0,0.0,0,0.0,0.0,0,0,0,0.018761157989501953,0.0,0.0,0.0,True,feasible,baseline_truck_only,21844.81786020048,457.1209502476598,,,,0.0,True,feasible_only,0.0,21844.81786020048,True,21844.81786020048,,,
S0030_R04,3002030,nils,S0030,n50_p0.25_d1_uniform_Emedium_V2.00_Hmedium_PWmoderate_B0.15,50,0.24,0.25,1,3,medium,2.0,uniform,medium,moderate,0.15,20.0,5.0,1.0,peripheral,3990.0138801096505,224.76037020983188,18.420513576178546,0.0,3746.83299632364,3746.83299632364,183.77320029093693,0.0,187.54846921473404,280.95046276228976,61.40171192059514,43,7,0.14,1,1,7.0,7.0,0.0,0.0,0.0,0.0,0,0.8159679119505875,0.8159679119505875,0,79,79,0.9696528911590576,22.0,7.0,63.0,True,feasible,nils_complete,21844.81786020048,457.1209502476598,,81.73473495799139,,38.53914098444276,True,feasible_only,0.0,3990.0138801096505,True,21844.81786020048,,81.73473495799139,
S0030_R05,3002031,truck_only,S0030,n50_p0.25_d1_uniform_Emedium_V2.00_Hmedium_PWmoderate_B0.15,50,0.24,0.25,1,3,medium,2.0,uniform,medium,moderate,0.15,20.0,5.0,1.0,peripheral,26099.340721722227,353.5854487817827,0.0,0.0,25745.755272940445,25745.755272940445,955.6667391995255,0.0,418.99687079456214,441.9818109772283,0.0,50,0,0.0,0,0,0.0,0.0,0.0,0.0,0.0,0.0,0,0.0,0.0,0,0,0,0.023409366607666016,0.0,0.0,0.0,True,feasible,baseline_truck_only,26099.340721722227,441.9818109772283,,,,0.0,True,feasible_only,0.0,26099.340721722227,True,26099.340721722227,,,
S0030_R05,3002031,nils,S0030,n50_p0.25_d1_uniform_Emedium_V2.00_Hmedium_PWmoderate_B0.15,50,0.24,0.25,1,3,medium,2.0,uniform,medium,moderate,0.15,20.0,5.0,1.0,peripheral,3458.629398662138,209.79100194338372,18.443710532116626,0.0,3230.394686186638,3230.394686186638,134.09294396216225,0.0,216.1955979924605,262.23875242922963,61.47903510705543,45,5,0.1,1,1,5.0,5.0,0.0,0.0,0.0,0.0,0,0.8227323123621092,0.8227323123621092,0,103,103,0.8121836185455322,19.0,5.0,47.0,True,feasible,nils_complete,26099.340721722227,441.9818109772283,,86.74821162902572,,40.66752388533458,True,feasible_only,0.0,3458.629398662138,True,26099.340721722227,,86.74821162902572,
S0030_R06,3002032,truck_only,S0030,n50_p0.25_d1_uniform_Emedium_V2.00_Hmedium_PWmoderate_B0.15,50,0.24,0.25,1,3,medium,2.0,uniform,medium,moderate,0.15,20.0,5.0,1.0,peripheral,28474.19757384573,386.5823057202304,0.0,0.0,28087.6152681255,28087.6152681255,1114.5569882991952,0.0,440.35365483676566,483.22788215028777,0.0,50,0,0.0,0,0,0.0,0.0,0.0,0.0,0.0,0.0,0,0.0,0.0,0,0,0,0.021569013595581055,0.0,0.0,0.0,True,feasible,baseline_truck_only,28474.19757384573,483.22788215028777,,,,0.0,True,feasible_only,0.0,28474.19757384573,True,28474.19757384573,,,
S0030_R06,3002032,nils,S0030,n50_p0.25_d1_uniform_Emedium_V2.00_Hmedium_PWmoderate_B0.15,50,0.24,0.25,1,3,medium,2.0,uniform,medium,moderate,0.15,20.0,5.0,1.0,peripheral,5005.572124801181,227.39828117081709,18.187227886986285,0.0,4759.986615743378,4759.986615743378,231.88863950001675,0.0,202.9306904305114,284.2478514635214,60.62409295662094,44,6,0.12,1,1,6.0,6.0,0.0,0.0,0.0,0.0,0,0.8329011159463168,0.8329011159463168,0,91,91,0.9011292457580566,20.0,7.0,53.0,True,feasible,nils_complete,28474.19757384573,483.22788215028777,,82.42067362277866,,41.177266055372606,True,feasible_only,0.0,5005.572124801181,True,28474.19757384573,,82.42067362277866,
S0030_R07,3002033,truck_only,S0030,n50_p0.25_d1_uniform_Emedium_V2.00_Hmedium_PWmoderate_B0.15,50,0.24,0.25,1,3,medium,2.0,uniform,medium,moderate,0.15,20.0,5.0,1.0,peripheral,19281.593173874815,369.7566385788192,0.0,0.0,18911.836535295995,18911.836535295995,753.9986157345164,0.0,393.7400127450482,462.19579822352415,0.0,50,0,0.0,0,0,0.0,0.0,0.0,0.0,0.0,0.0,0,0.0,0.0,0,0,0,0.019197940826416016,0.0,0.0,0.0,True,feasible,baseline_truck_only,19281.593173874815,462.19579822352415,,,,0.0,True,feasible_only,0.0,19281.593173874815,True,19281.593173874815,,,
S0030_R07,3002033,nils,S0030,n50_p0.25_d1_uniform_Emedium_V2.00_Hmedium_PWmoderate_B0.15,50,0.24,0.25,1,3,medium,2.0,uniform,medium,moderate,0.15,20.0,5.0,1.0,peripheral,1191.0183714140921,215.34340297808217,17.13969654763695,0.0,958.5352718883731,958.5352718883731,36.142971684174825,0.0,183.64124626902196,269.17925372260277,57.13232182545652,44,6,0.12,1,1,6.0,6.0,0.0,0.0,0.0,0.0,0,0.8028720427320504,0.8028720427320504,0,123,123,1.0168251991271973,25.0,9.0,51.0,True,feasible,nils_complete,19281.593173874815,462.19579822352415,,93.82302924517754,,41.76077438237029,True,feasible_only,0.0,1191.0183714140921,True,19281.593173874815,,93.82302924517754,
S0030_R08,3002034,truck_only,S0030,n50_p0.25_d1_uniform_Emedium_V2.00_Hmedium_PWmoderate_B0.15,50,0.24,0.25,1,3,medium,2.0,uniform,medium,moderate,0.15,20.0,5.0,1.0,peripheral,29007.19676914851,349.0414459128231,0.0,0.0,28658.15532323569,28658.15532323569,1226.646470305752,0.0,416.56538893404104,436.3018073910292,0.0,50,0,0.0,0,0,0.0,0.0,0.0,0.0,0.0,0.0,0,0.0,0.0,0,0,0,0.02060723304748535,0.0,0.0,0.0,True,feasible,baseline_truck_only,29007.19676914851,436.3018073910292,,,,0.0,True,feasible_only,0.0,29007.19676914851,True,29007.19676914851,,,
S0030_R08,3002034,nils,S0030,n50_p0.25_d1_uniform_Emedium_V2.00_Hmedium_PWmoderate_B0.15,50,0.24,0.25,1,3,medium,2.0,uniform,medium,moderate,0.15,20.0,5.0,1.0,peripheral,5115.079093684363,206.6985068716575,13.657452809811684,0.0,4894.723134002894,4894.723134002894,218.13408473660667,0.0,235.18877863795842,258.3731335895719,45.52484269937228,48,2,0.04,1,1,2.0,2.0,0.0,0.0,0.0,0.0,0,0.574422643546741,0.574422643546741,0,128,128,1.0475256443023682,25.0,2.0,46.0,True,feasible,nils_complete,29007.19676914851,436.3018073910292,,82.36617231788264,,40.78109941038848,True,feasible_only,0.0,5115.079093684363,True,29007.19676914851,,82.36617231788264,
S0030_R09,3002035,truck_only,S0030,n50_p0.25_d1_uniform_Emedium_V2.00_Hmedium_PWmoderate_B0.15,50,0.24,0.25,1,3,medium,2.0,uniform,medium,moderate,0.15,20.0,5.0,1.0,peripheral,16210.744068088658,376.5782608003983,0.0,0.0,15834.16580728826,15834.16580728826,590.7647561846345,0.0,390.00129830150973,470.7228260004978,0.0,50,0,0.0,0,0,0.0,0.0,0.0,0.0,0.0,0.0,0,0.0,0.0,0,0,0,0.023888826370239258,0.0,0.0,0.0,True,feasible,baseline_truck_only,16210.744068088658,470.7228260004978,,,,0.0,True,feasible_only,0.0,16210.744068088658,True,16210.744068088658,,,
S0030_R09,3002035,nils,S0030,n50_p0.25_d1_uniform_Emedium_V2.00_Hmedium_PWmoderate_B0.15,50,0.24,0.25,1,3,medium,2.0,uniform,medium,moderate,0.15,20.0,5.0,1.0,peripheral,2054.103457115917,227.41008328683716,18.036581147494445,0.0,1808.6567926815853,1808.6567926815853,87.81319850719521,0.0,207.45777052231816,284.2626041085464,60.12193715831482,45,5,0.1,1,1,5.0,5.0,0.0,0.0,0.0,0.0,0,0.830032901252999,0.830032901252999,0,131,131,0.9062740802764893,23.0,6.0,47.0,True,feasible,nils_complete,16210.744068088658,470.7228260004978,,87.32875277971057,,39.61146806417121,True,feasible_only,0.0,2054.103457115917,True,16210.744068088658,,87.32875277971057,
S0030_R10,3002036,truck_only,S0030,n50_p0.25_d1_uniform_Emedium_V2.00_Hmedium_PWmoderate_B0.15,50,0.24,0.25,1,3,medium,2.0,uniform,medium,moderate,0.15,20.0,5.0,1.0,peripheral,31498.183729307624,383.27785900061104,0.0,0.0,31114.90587030701,31114.90587030701,1382.6531296973776,0.0,410.5389776459264,479.0973237507639,0.0,50,0,0.0,0,0,0.0,0.0,0.0,0.0,0.0,0.0,0,0.0,0.0,0,0,0,0.018134593963623047,0.0,0.0,0.0,True,feasible,baseline_truck_only,31498.183729307624,479.0973237507639,,,,0.0,True,feasible_only,0.0,31498.183729307624,True,31498.183729307624,,,
S0030_R10,3002036,nils,S0030,n50_p0.25_d1_uniform_Emedium_V2.00_Hmedium_PWmoderate_B0.15,50,0.24,0.25,1,3,medium,2.0,uniform,medium,moderate,0.15,20.0,5.0,1.0,peripheral,7446.443395470431,220.53712847577162,17.37139650507487,0.0,7208.534870489584,7208.534870489584,352.34671286460093,0.0,215.20821708250233,275.67141059471453,57.904655016916244,44,6,0.12,1,1,6.0,6.0,0.0,0.0,0.0,0.0,0,0.8067877583855649,0.8067877583855649,0,89,89,0.8894567489624023,19.0,6.0,46.0,True,feasible,nils_complete,31498.183729307624,479.0973237507639,,76.3591340393959,,42.4602482776288,True,feasible_only,0.0,7446.443395470431,True,31498.183729307624,,76.3591340393959,
S0031_R01,3102027,truck_only,S0031,n50_p0.25_d1_uniform_Ehigh_V1.25_Hlong_PWstrict_B0.15,50,0.24,0.25,1,3,high,1.25,uniform,long,strict,0.15,200.0,40.0,1.0,peripheral,349160.3434198158,376.7001043934346,0.0,0.0,348783.6433154224,348783.6433154224,1481.4953791468988,0.0,430.4397689935528,470.87513049179313,0.0,50,0,0.0,0,0,0.0,0.0,0.0,0.0,0.0,0.0,0,0.0,0.0,0,0,0,0.017951488494873047,0.0,0.0,0.0,True,feasible,baseline_truck_only,349160.3434198158,470.87513049179313,,,,0.0,True,feasible_only,0.0,349160.3434198158,True,349160.3434198158,,,
S0031_R01,3102027,nils,S0031,n50_p0.25_d1_uniform_Ehigh_V1.25_Hlong_PWstrict_B0.15,50,0.24,0.25,1,3,high,1.25,uniform,long,strict,0.15,200.0,40.0,1.0,peripheral,72564.02289601546,242.84033133494086,15.150468895348977,0.0,72306.03209578518,72306.03209578518,340.4386427048297,0.0,220.9740308656776,303.5504141686761,50.50156298449659,47,3,0.06,1,1,3.0,3.0,0.0,0.0,0.0,0.0,0,0.8179351194021447,0.8179351194021447,0,179,179,1.0227384567260742,22.0,5.0,25.0,True,feasible,nils_complete,349160.3434198158,470.87513049179313,,79.21756457640794,,35.53483832292419,True,feasible_only,0.0,72564.02289601546,True,349160.3434198158,,79.21756457640794,
S0031_R02,3102028,truck_only,S0031,n50_p0.25_d1_uniform_Ehigh_V1.25_Hlong_PWstrict_B0.15,50,0.24,0.25,1,3,high,1.25,uniform,long,strict,0.15,200.0,40.0,1.0,peripheral,320454.67580246093,378.11109455997837,0.0,0.0,320076.564707901,320076.564707901,1480.2137771047685,0.0,438.90565167283864,472.63886819997293,0.0,50,0,0.0,0,0,0.0,0.0,0.0,0.0,0.0,0.0,0,0.0,0.0,0,0,0,0.034175872802734375,0.0,0.0,0.0,True,feasible,baseline_truck_only,320454.67580246093,472.63886819997293,,,,0.0,True,feasible_only,0.0,320454.67580246093,True,320454.67580246093,,,
S0031_R02,3102028,nils,S0031,n50_p0.25_d1_uniform_Ehigh_V1.25_Hlong_PWstrict_B0.15,50,0.24,0.25,1,3,high,1.25,uniform,long,strict,0.15,200.0,40.0,1.0,peripheral,92527.37131460413,246.21654110834956,15.117315642354338,0.0,92266.03745785342,92266.03745785342,446.4609255191004,0.0,237.83011871096488,307.7706763854369,50.39105214118113,47,3,0.06,1,1,3.0,3.0,0.0,0.0,0.0,0.0,0,0.8458883952902875,0.8458883952902875,0,206,206,1.1290950775146484,25.0,6.0,25.0,True,feasible,nils_complete,320454.67580246093,472.63886819997293,,71.12622211459286,,34.88248701221511,True,feasible_only,0.0,92527.37131460413,True,320454.67580246093,,71.12622211459286,
S0031_R03,3102029,truck_only,S0031,n50_p0.25_d1_uniform_Ehigh_V1.25_Hlong_PWstrict_B0.15,50,0.24,0.25,1,3,high,1.25,uniform,long,strict,0.15,200.0,40.0,1.0,peripheral,210896.8655108872,321.7608377616534,0.0,0.0,210575.10467312555,210575.10467312555,959.2951128080723,0.0,353.7475318750827,402.2010472020668,0.0,50,0,0.0,0,0,0.0,0.0,0.0,0.0,0.0,0.0,0,0.0,0.0,0,0,0,0.02707958221435547,0.0,0.0,0.0,True,feasible,baseline_truck_only,210896.8655108872,402.2010472020668,,,,0.0,True,feasible_only,0.0,210896.8655108872,True,210896.8655108872,,,
S0031_R03,3102029,nils,S0031,n50_p0.25_d1_uniform_Ehigh_V1.25_Hlong_PWstrict_B0.15,50,0.24,0.25,1,3,high,1.25,uniform,long,strict,0.15,200.0,40.0,1.0,peripheral,114975.816363385,232.0669022684742,15.766342489254807,0.0,114727.98311862728,114727.98311862728,557.0992521541515,0.0,233.7832643449929,290.0836278355928,52.554474964182695,47,3,0.06,1,1,3.0,3.0,0.0,0.0,0.0,0.0,0,0.8459114176171155,0.8459114176171155,0,102,102,0.7693719863891602,14.0,3.0,30.0,True,feasible,nils_complete,210896.8655108872,402.2010472020668,,45.482444186706246,,27.87596405987126,True,feasible_only,0.0,114975.816363385,True,210896.8655108872,,45.482444186706246,
S0031_R04,3102030,truck_only,S0031,n50_p0.25_d1_uniform_Ehigh_V1.25_Hlong_PWstrict_B0.15,50,0.24,0.25,1,3,high,1.25,uniform,long,strict,0.15,200.0,40.0,1.0,peripheral,263286.30494236696,368.32892867730817,0.0,0.0,262917.97601368965,262917.97601368965,1257.1828278859173,0.0,387.4617640104736,460.41116084663514,0.0,50,0,0.0,0,0,0.0,0.0,0.0,0.0,0.0,0.0,0,0.0,0.0,0,0,0,0.037386178970336914,0.0,0.0,0.0,True,feasible,baseline_truck_only,263286.30494236696,460.41116084663514,,,,0.0,True,feasible_only,0.0,263286.30494236696,True,263286.30494236696,,,
S0031_R04,3102030,nils,S0031,n50_p0.25_d1_uniform_Ehigh_V1.25_Hlong_PWstrict_B0.15,50,0.24,0.25,1,3,high,1.25,uniform,long,strict,0.15,200.0,40.0,1.0,peripheral,69518.36250197297,235.50956871009558,15.081660979327005,0.0,69267.77127228354,69267.77127228354,328.7662719671703,0.0,218.24467577725386,294.38696088761947,50.27220326442335,47,3,0.06,1,1,3.0,3.0,0.0,0.0,0.0,0.0,0,0.8474643822817415,0.8474643822817415,0,164,164,1.1318764686584473,20.0,5.0,22.0,True,feasible,nils_complete,263286.30494236696,460.41116084663514,,73.59590635859679,,36.059985959879675,True,feasible_only,0.0,69518.36250197297,True,263286.30494236696,,73.59590635859679,
S0031_R05,3102031,truck_only,S0031,n50_p0.25_d1_uniform_Ehigh_V1.25_Hlong_PWstrict_B0.15,50,0.24,0.25,1,3,high,1.25,uniform,long,strict,0.15,200.0,40.0,1.0,peripheral,322639.51065056387,373.54924642698967,0.0,0.0,322265.9614041369,322265.9614041369,1530.4485945910722,0.0,353.6676865002877,466.93655803373713,0.0,50,0,0.0,0,0,0.0,0.0,0.0,0.0,0.0,0.0,0,0.0,0.0,0,0,0,0.03856182098388672,0.0,0.0,0.0,True,feasible,baseline_truck_only,322639.51065056387,466.93655803373713,,,,0.0,True,feasible_only,0.0,322639.51065056387,True,322639.51065056387,,,
S0031_R05,3102031,nils,S0031,n50_p0.25_d1_uniform_Ehigh_V1.25_Hlong_PWstrict_B0.15,50,0.24,0.25,1,3,high,1.25,uniform,long,strict,0.15,200.0,40.0,1.0,peripheral,61050.789347111946,239.84448337013077,14.778752963356581,0.0,60796.16611077846,60796.16611077846,284.17510373171683,0.0,213.2460328895316,299.8056042126634,49.26250987785527,46,4,0.08,1,1,4.0,4.0,0.0,0.0,0.0,0.0,0,0.8441861854107192,0.8441861854107192,0,174,174,1.5017027854919434,25.0,5.0,37.0,True,feasible,nils_complete,322639.51065056387,466.93655803373713,,81.07770829926864,,35.79307530017775,True,feasible_only,0.0,61050.789347111946,True,322639.51065056387,,81.07770829926864,
S0031_R06,3102032,truck_only,S0031,n50_p0.25_d1_uniform_Ehigh_V1.25_Hlong_PWstrict_B0.15,50,0.24,0.25,1,3,high,1.25,uniform,long,strict,0.15,200.0,40.0,1.0,peripheral,134777.96165165232,343.7150074779951,0.0,0.0,134434.24664417433,134434.24664417433,553.848535377031,0.0,355.0991876624263,429.6437593474938,0.0,50,0,0.0,0,0,0.0,0.0,0.0,0.0,0.0,0.0,0,0.0,0.0,0,0,0,0.03226947784423828,0.0,0.0,0.0,True,feasible,baseline_truck_only,134777.96165165232,429.6437593474938,,,,0.0,True,feasible_only,0.0,134777.96165165232,True,134777.96165165232,,,
S0031_R06,3102032,nils,S0031,n50_p0.25_d1_uniform_Ehigh_V1.25_Hlong_PWstrict_B0.15,50,0.24,0.25,1,3,high,1.25,uniform,long,strict,0.15,200.0,40.0,1.0,peripheral,46425.232938522284,234.17563233503063,15.750851217353716,0.0,46175.3064549699,46175.3064549699,224.7584442848998,0.0,198.9389878245977,292.71954041878837,52.50283739117905,47,3,0.06,1,1,3.0,3.0,0.0,0.0,0.0,0.0,0,0.8418634626648611,0.8418634626648611,0,200,200,1.3496429920196533,25.0,4.0,31.0,True,feasible,nils_complete,134777.96165165232,429.6437593474938,,65.55428471420785,,31.869244216802834,True,feasible_only,0.0,46425.232938522284,True,134777.96165165232,,65.55428471420785,
S0031_R07,3102033,truck_only,S0031,n50_p0.25_d1_uniform_Ehigh_V1.25_Hlong_PWstrict_B0.15,50,0.24,0.25,1,3,high,1.25,uniform,long,strict,0.15,200.0,40.0,1.0,peripheral,268243.66615364543,410.4035527119951,0.0,0.0,267833.26260093343,267833.26260093343,1021.8552328592182,0.0,498.6219129187517,513.0044408899938,0.0,50,0,0.0,0,0,0.0,0.0,0.0,0.0,0.0,0.0,0,0.0,0.0,0,0,0,0.02624678611755371,0.0,0.0,0.0,False,infeasible,baseline_truck_only,268243.66615364543,513.0044408899938,,,,0.0,False,feasible_only,0.0,,False,,,,
S0031_R07,3102033,nils,S0031,n50_p0.25_d1_uniform_Ehigh_V1.25_Hlong_PWstrict_B0.15,50,0.24,0.25,1,3,high,1.25,uniform,long,strict,0.15,200.0,40.0,1.0,peripheral,30492.643011772692,213.50170913051835,15.831370525506658,0.0,30263.309932116666,30263.309932116666,143.17201292898272,0.0,187.53267169751982,266.877136413148,52.77123508502219,47,3,0.06,1,1,3.0,3.0,0.0,0.0,0.0,0.0,0,0.842942104700083,0.842942104700083,0,202,202,1.4640312194824219,25.0,5.0,25.0,True,feasible,nils_complete,268243.66615364543,513.0044408899938,,88.63248349942137,,47.9776167336579,True,feasible_only,0.0,30492.643011772692,True,,,,
S0031_R08,3102034,truck_only,S0031,n50_p0.25_d1_uniform_Ehigh_V1.25_Hlong_PWstrict_B0.15,50,0.24,0.25,1,3,high,1.25,uniform,long,strict,0.15,200.0,40.0,1.0,peripheral,134254.55915602215,378.7339651776879,0.0,0.0,133875.82519084445,133875.82519084445,412.91790618014204,0.0,446.5144615072299,473.41745647210985,0.0,50,0,0.0,0,0,0.0,0.0,0.0,0.0,0.0,0.0,0,0.0,0.0,0,0,0,0.046178340911865234,0.0,0.0,0.0,True,feasible,baseline_truck_only,134254.55915602215,473.41745647210985,,,,0.0,True,feasible_only,0.0,134254.55915602215,True,134254.55915602215,,,
S0031_R08,3102034,nils,S0031,n50_p0.25_d1_uniform_Ehigh_V1.25_Hlong_PWstrict_B0.15,50,0.24,0.25,1,3,high,1.25,uniform,long,strict,0.15,200.0,40.0,1.0,peripheral,8876.45091807044,220.1252905574505,15.729644553924555,0.0,8640.595982959067,8640.595982959067,19.54857815091458,0.0,215.91709841905836,275.15661319681317,52.432148513081856,47,3,0.06,1,1,3.0,3.0,0.0,0.0,0.0,0.0,0,0.8489126570380142,0.8489126570380142,0,120,120,0.9903156757354736,15.0,3.0,21.0,True,feasible,nils_complete,134254.55915602215,473.41745647210985,,93.38834302993405,,41.87865076897026,True,feasible_only,0.0,8876.45091807044,True,134254.55915602215,,93.38834302993405,
S0031_R09,3102035,truck_only,S0031,n50_p0.25_d1_uniform_Ehigh_V1.25_Hlong_PWstrict_B0.15,50,0.24,0.25,1,3,high,1.25,uniform,long,strict,0.15,200.0,40.0,1.0,peripheral,204948.659285056,355.25697914678784,0.0,0.0,204593.4023059092,204593.4023059092,761.8104540373471,0.0,414.3528960630615,444.0712239334848,0.0,50,0,0.0,0,0,0.0,0.0,0.0,0.0,0.0,0.0,0,0.0,0.0,0,0,0,0.020222187042236328,0.0,0.0,0.0,True,feasible,baseline_truck_only,204948.659285056,444.0712239334848,,,,0.0,True,feasible_only,0.0,204948.659285056,True,204948.659285056,,,
S0031_R09,3102035,nils,S0031,n50_p0.25_d1_uniform_Ehigh_V1.25_Hlong_PWstrict_B0.15,50,0.24,0.25,1,3,high,1.25,uniform,long,strict,0.15,200.0,40.0,1.0,peripheral,29325.02992706245,231.70441158989738,14.914401827591881,0.0,29078.41111364496,29078.41111364496,131.6749101242672,0.0,213.26804195727232,289.6305144873718,49.71467275863961,46,4,0.08,1,1,4.0,4.0,0.0,0.0,0.0,0.0,0,0.8285029679098816,0.8285029679098816,0,182,182,1.2092361450195312,25.0,5.0,29.0,True,feasible,nils_complete,204948.659285056,444.0712239334848,,85.69152390195669,,34.77836462315917,True,feasible_only,0.0,29325.02992706245,True,204948.659285056,,85.69152390195669,
S0031_R10,3102036,truck_only,S0031,n50_p0.25_d1_uniform_Ehigh_V1.25_Hlong_PWstrict_B0.15,50,0.24,0.25,1,3,high,1.25,uniform,long,strict,0.15,200.0,40.0,1.0,peripheral,73525.65932393815,336.54419026235905,0.0,0.0,73189.11513367579,73189.11513367579,319.411842738033,0.0,289.6775405492816,420.6802378279489,0.0,50,0,0.0,0,0,0.0,0.0,0.0,0.0,0.0,0.0,0,0.0,0.0,0,0,0,0.02299952507019043,0.0,0.0,0.0,True,feasible,baseline_truck_only,73525.65932393815,420.6802378279489,,,,0.0,True,feasible_only,0.0,73525.65932393815,True,73525.65932393815,,,
S0031_R10,3102036,nils,S0031,n50_p0.25_d1_uniform_Ehigh_V1.25_Hlong_PWstrict_B0.15,50,0.24,0.25,1,3,high,1.25,uniform,long,strict,0.15,200.0,40.0,1.0,peripheral,3717.9573740359383,188.90150896679268,11.785358333310823,0.0,3517.2705067358347,3517.2705067358347,17.586352533679175,0.0,174.88862387304036,236.12688620849087,39.28452777770274,47,3,0.06,1,1,3.0,3.0,0.0,0.0,0.0,0.0,0,0.6787938258651867,0.6787938258651867,0,198,198,0.8895292282104492,25.0,4.0,33.0,True,feasible,nils_complete,73525.65932393815,420.6802378279489,,94.943319912773,,43.87022137582256,True,feasible_only,0.0,3717.9573740359383,True,73525.65932393815,,94.943319912773,
S0032_R01,3202027,truck_only,S0032,n50_p0.25_d1_clustered_Ehigh_V2.00_Hshort_PWflat_B0.15,50,0.24,0.25,1,3,high,2.0,clustered,short,flat,0.15,1.0,1.0,1.0,peripheral,3215.0347763066925,170.12104225625382,0.0,0.0,3044.9137340504385,3044.9137340504385,1240.8918955639786,0.0,414.39167360166323,212.6513028203172,0.0,50,0,0.0,0,0,0.0,0.0,0.0,0.0,0.0,0.0,0,0.0,0.0,0,0,0,0.027234792709350586,0.0,0.0,0.0,True,feasible,baseline_truck_only,3215.0347763066925,212.6513028203172,,,,0.0,True,feasible_only,0.0,3215.0347763066925,True,3215.0347763066925,,,
S0032_R01,3202027,nils,S0032,n50_p0.25_d1_clustered_Ehigh_V2.00_Hshort_PWflat_B0.15,50,0.24,0.25,1,3,high,2.0,clustered,short,flat,0.15,1.0,1.0,1.0,peripheral,319.2874310554101,136.04578310995828,17.760945154547628,0.0,165.48070279090416,165.48070279090416,165.48070279090416,0.0,152.27918889591174,170.05722888744782,59.203150515158754,38,12,0.24,1,1,12.0,12.0,0.0,0.0,0.0,0.0,0,0.6102747304097605,0.6102747304097605,0,0,0,2.867202043533325,25.0,19.0,87.0,True,feasible,nils_complete,3215.0347763066925,212.6513028203172,,90.06892760823584,,20.030008454196896,True,feasible_only,0.0,319.2874310554101,True,3215.0347763066925,,90.06892760823584,
S0032_R02,3202028,truck_only,S0032,n50_p0.25_d1_clustered_Ehigh_V2.00_Hshort_PWflat_B0.15,50,0.24,0.25,1,3,high,2.0,clustered,short,flat,0.15,1.0,1.0,1.0,peripheral,3353.378563864209,165.72697090686063,0.0,0.0,3187.6515929573484,3187.6515929573484,1380.7044073795344,0.0,401.2857694075202,207.15871363357567,0.0,50,0,0.0,0,0,0.0,0.0,0.0,0.0,0.0,0.0,0,0.0,0.0,0,0,0,0.018586397171020508,0.0,0.0,0.0,True,feasible,baseline_truck_only,3353.378563864209,207.15871363357567,,,,0.0,True,feasible_only,0.0,3353.378563864209,True,3353.378563864209,,,
S0032_R02,3202028,nils,S0032,n50_p0.25_d1_clustered_Ehigh_V2.00_Hshort_PWflat_B0.15,50,0.24,0.25,1,3,high,2.0,clustered,short,flat,0.15,1.0,1.0,1.0,peripheral,282.4955898226988,91.86461061933511,15.878924001361389,0.0,174.75205520200228,174.75205520200228,174.75205520200228,0.0,164.7765647701445,114.83076327416893,52.92974667120463,38,12,0.24,1,1,12.0,12.0,0.0,0.0,0.0,0.0,0,0.5422332006420919,0.5422332006420919,0,0,0,3.0487749576568604,25.0,12.0,87.0,True,feasible,nils_complete,3353.378563864209,207.15871363357567,,91.57579186355956,,44.56870229592047,True,feasible_only,0.0,282.4955898226988,True,3353.378563864209,,91.57579186355956,
S0032_R03,3202029,truck_only,S0032,n50_p0.25_d1_clustered_Ehigh_V2.00_Hshort_PWflat_B0.15,50,0.24,0.25,1,3,high,2.0,clustered,short,flat,0.15,1.0,1.0,1.0,peripheral,4760.262775974564,181.18135081743347,0.0,0.0,4579.08142515713,4579.08142515713,1944.957921007377,0.0,435.8698402074458,226.47668852179189,0.0,50,0,0.0,0,0,0.0,0.0,0.0,0.0,0.0,0.0,0,0.0,0.0,0,0,0,0.019228458404541016,0.0,0.0,0.0,True,feasible,baseline_truck_only,4760.262775974564,226.47668852179189,,,,0.0,True,feasible_only,0.0,4760.262775974564,True,4760.262775974564,,,
S0032_R03,3202029,nils,S0032,n50_p0.25_d1_clustered_Ehigh_V2.00_Hshort_PWflat_B0.15,50,0.24,0.25,1,3,high,2.0,clustered,short,flat,0.15,1.0,1.0,1.0,peripheral,360.85989907008,141.2194729339697,18.743161154771688,0.0,200.89726498133865,200.89726498133865,198.8280526536223,0.0,160.91297863489442,176.52434116746207,62.47720384923896,38,12,0.24,1,1,12.0,12.0,0.0,0.0,0.0,0.0,0,0.6469970432607594,0.6469970432607594,0,0,0,3.230238199234009,25.0,19.0,87.0,True,feasible,nils_complete,4760.262775974564,226.47668852179189,,92.4193281746678,,22.05628653455136,True,feasible_only,0.0,360.85989907008,True,4760.262775974564,,92.4193281746678,
S0032_R04,3202030,truck_only,S0032,n50_p0.25_d1_clustered_Ehigh_V2.00_Hshort_PWflat_B0.15,50,0.24,0.25,1,3,high,2.0,clustered,short,flat,0.15,1.0,1.0,1.0,peripheral,3541.320213168443,168.21063438088703,0.0,0.0,3373.109578787556,3373.109578787556,1153.783354249409,0.0,408.6174828756041,210.2632929761088,0.0,50,0,0.0,0,0,0.0,0.0,0.0,0.0,0.0,0.0,0,0.0,0.0,0,0,0,0.024430513381958008,0.0,0.0,0.0,True,feasible,baseline_truck_only,3541.320213168443,210.2632929761088,,,,0.0,True,feasible_only,0.0,3541.320213168443,True,3541.320213168443,,,
S0032_R04,3202030,nils,S0032,n50_p0.25_d1_clustered_Ehigh_V2.00_Hshort_PWflat_B0.15,50,0.24,0.25,1,3,high,2.0,clustered,short,flat,0.15,1.0,1.0,1.0,peripheral,177.2254192826666,62.07931808508431,18.29589180057749,0.0,96.85020939700479,96.85020939700479,94.45902412135231,0.0,168.78075600027157,77.59914760635539,60.98630600192496,38,12,0.24,1,1,12.0,12.0,0.0,0.0,0.0,0.0,0,0.6225795014373734,0.6225795014373734,0,0,0,2.5172603130340576,22.0,12.0,87.0,True,feasible,nils_complete,3541.320213168443,210.2632929761088,,94.99549861027388,,63.09429643757524,True,feasible_only,0.0,177.2254192826666,True,3541.320213168443,,94.99549861027388,
S0032_R05,3202031,truck_only,S0032,n50_p0.25_d1_clustered_Ehigh_V2.00_Hshort_PWflat_B0.15,50,0.24,0.25,1,3,high,2.0,clustered,short,flat,0.15,1.0,1.0,1.0,peripheral,6882.904928853408,210.46900337884892,0.0,0.0,6672.435925474559,6672.435925474559,2132.210483291977,0.0,501.2414893274691,263.086254223561,0.0,50,0,0.0,0,0,0.0,0.0,0.0,0.0,0.0,0.0,0,0.0,0.0,0,0,0,0.022819995880126953,0.0,0.0,0.0,False,infeasible,baseline_truck_only,6882.904928853408,263.086254223561,,,,0.0,False,feasible_only,0.0,,False,,,,
S0032_R05,3202031,nils,S0032,n50_p0.25_d1_clustered_Ehigh_V2.00_Hshort_PWflat_B0.15,50,0.24,0.25,1,3,high,2.0,clustered,short,flat,0.15,1.0,1.0,1.0,peripheral,6882.904928853408,210.46900337884892,0.0,0.0,6672.435925474559,6672.435925474559,2132.210483291977,0.0,501.2414893274691,263.086254223561,0.0,50,0,0.0,0,0,0.0,0.0,0.0,0.0,0.0,0.0,0,0.0,0.0,0,0,0,0.6811568737030029,25.0,0.0,0.0,False,infeasible,nils_complete,6882.904928853408,263.086254223561,,0.0,,0.0,False,feasible_only,0.0,,False,,,,
S0032_R06,3202032,truck_only,S0032,n50_p0.25_d1_clustered_Ehigh_V2.00_Hshort_PWflat_B0.15,50,0.24,0.25,1,3,high,2.0,clustered,short,flat,0.15,1.0,1.0,1.0,peripheral,4668.266129338778,164.86766041223237,0.0,0.0,4503.398468926546,4503.398468926546,1338.446590288571,0.0,403.9930287676718,206.08457551529034,0.0,50,0,0.0,0,0,0.0,0.0,0.0,0.0,0.0,0.0,0,0.0,0.0,0,0,0,0.023700237274169922,0.0,0.0,0.0,True,feasible,baseline_truck_only,4668.266129338778,206.08457551529034,,,,0.0,True,feasible_only,0.0,4668.266129338778,True,4668.266129338778,,,
S0032_R06,3202032,nils,S0032,n50_p0.25_d1_clustered_Ehigh_V2.00_Hshort_PWflat_B0.15,50,0.24,0.25,1,3,high,2.0,clustered,short,flat,0.15,1.0,1.0,1.0,peripheral,229.90777600211302,131.26795212527134,16.79589225255606,0.0,81.84393162428563,81.84393162428563,81.84393162428563,0.0,140.59961673581608,164.08494015658914,55.98630750852021,38,12,0.24,1,1,12.0,12.0,0.0,0.0,0.0,0.0,0,0.5776828786380072,0.5776828786380072,0,0,0,3.1056416034698486,25.0,18.0,87.0,True,feasible,nils_complete,4668.266129338778,206.08457551529034,,95.07509277251343,,20.37980535597389,True,feasible_only,0.0,229.90777600211302,True,4668.266129338778,,95.07509277251343,
S0032_R07,3202033,truck_only,S0032,n50_p0.25_d1_clustered_Ehigh_V2.00_Hshort_PWflat_B0.15,50,0.24,0.25,1,3,high,2.0,clustered,short,flat,0.15,1.0,1.0,1.0,peripheral,3716.347799403064,163.34249547217541,0.0,0.0,3553.0053039308887,3553.0053039308887,1353.5676318263152,0.0,395.5363714210131,204.1781193402192,0.0,50,0,0.0,0,0,0.0,0.0,0.0,0.0,0.0,0.0,0,0.0,0.0,0,0,0,0.019128799438476562,0.0,0.0,0.0,True,feasible,baseline_truck_only,3716.347799403064,204.1781193402192,,,,0.0,True,feasible_only,0.0,3716.347799403064,True,3716.347799403064,,,
S0032_R07,3202033,nils,S0032,n50_p0.25_d1_clustered_Ehigh_V2.00_Hshort_PWflat_B0.15,50,0.24,0.25,1,3,high,2.0,clustered,short,flat,0.15,1.0,1.0,1.0,peripheral,261.5725925534963,65.6291148436307,14.748959342261319,0.0,181.19451836760425,181.19451836760425,160.1342601249281,0.0,175.87790455537166,82.03639355453838,49.163197807537735,38,12,0.24,1,1,12.0,12.0,0.0,0.0,0.0,0.0,0,0.5049002727153333,0.5049002727153333,0,0,0,3.4112281799316406,25.0,12.0,87.0,True,feasible,nils_complete,3716.347799403064,204.1781193402192,,92.96156854330181,,59.821163100321115,True,feasible_only,0.0,261.5725925534963,True,3716.347799403064,,92.96156854330181,
S0032_R08,3202034,truck_only,S0032,n50_p0.25_d1_clustered_Ehigh_V2.00_Hshort_PWflat_B0.15,50,0.24,0.25,1,3,high,2.0,clustered,short,flat,0.15,1.0,1.0,1.0,peripheral,4119.215638651319,167.92359113269256,0.0,0.0,3951.292047518626,3951.292047518626,1600.9140652142773,0.0,409.5853999471799,209.9044889158657,0.0,50,0,0.0,0,0,0.0,0.0,0.0,0.0,0.0,0.0,0,0.0,0.0,0,0,0,0.02434706687927246,0.0,0.0,0.0,True,feasible,baseline_truck_only,4119.215638651319,209.9044889158657,,,,0.0,True,feasible_only,0.0,4119.215638651319,True,4119.215638651319,,,
S0032_R08,3202034,nils,S0032,n50_p0.25_d1_clustered_Ehigh_V2.00_Hshort_PWflat_B0.15,50,0.24,0.25,1,3,high,2.0,clustered,short,flat,0.15,1.0,1.0,1.0,peripheral,256.5398860365064,65.28440291210828,17.442889811351833,0.0,173.81259331304628,173.81259331304628,155.68154784288737,0.0,177.09357134021263,81.60550364013534,58.14296603783944,38,12,0.24,1,1,12.0,12.0,0.0,0.0,0.0,0.0,0,0.5944287848897617,0.5944287848897617,0,0,0,2.9613444805145264,22.0,12.0,87.0,True,feasible,nils_complete,4119.215638651319,209.9044889158657,,93.77211807924432,,61.12255432858103,True,feasible_only,0.0,256.5398860365064,True,4119.215638651319,,93.77211807924432,
S0032_R09,3202035,truck_only,S0032,n50_p0.25_d1_clustered_Ehigh_V2.00_Hshort_PWflat_B0.15,50,0.24,0.25,1,3,high,2.0,clustered,short,flat,0.15,1.0,1.0,1.0,peripheral,3520.206632578369,161.5728246171326,0.0,0.0,3358.6338079612365,3358.6338079612365,1426.5355914446127,0.0,397.3921617756235,201.9660307714158,0.0,50,0,0.0,0,0,0.0,0.0,0.0,0.0,0.0,0.0,0,0.0,0.0,0,0,0,0.025638341903686523,0.0,0.0,0.0,True,feasible,baseline_truck_only,3520.206632578369,201.9660307714158,,,,0.0,True,feasible_only,0.0,3520.206632578369,True,3520.206632578369,,,
S0032_R09,3202035,nils,S0032,n50_p0.25_d1_clustered_Ehigh_V2.00_Hshort_PWflat_B0.15,50,0.24,0.25,1,3,high,2.0,clustered,short,flat,0.15,1.0,1.0,1.0,peripheral,248.59382640472248,126.95890755076508,17.98243146676688,0.0,103.65248738719052,103.65248738719052,103.65248738719052,0.0,143.69113217872504,158.6986344384563,59.941438222556265,38,12,0.24,1,1,12.0,12.0,0.0,0.0,0.0,0.0,0,0.6160473330105438,0.6160473330105438,0,0,0,3.44083571434021,25.0,17.0,87.0,True,feasible,nils_complete,3520.206632578369,201.9660307714158,,92.93808993756026,,21.423105740949737,True,feasible_only,0.0,248.59382640472248,True,3520.206632578369,,92.93808993756026,
S0032_R10,3202036,truck_only,S0032,n50_p0.25_d1_clustered_Ehigh_V2.00_Hshort_PWflat_B0.15,50,0.24,0.25,1,3,high,2.0,clustered,short,flat,0.15,1.0,1.0,1.0,peripheral,3317.7627739290256,157.07919568840003,0.0,0.0,3160.6835782406256,3160.6835782406256,1594.3474174205014,0.0,385.36900523839705,196.34899461049997,0.0,50,0,0.0,0,0,0.0,0.0,0.0,0.0,0.0,0.0,0,0.0,0.0,0,0,0,0.02234792709350586,0.0,0.0,0.0,True,feasible,baseline_truck_only,3317.7627739290256,196.34899461049997,,,,0.0,True,feasible_only,0.0,3317.7627739290256,True,3317.7627739290256,,,
S0032_R10,3202036,nils,S0032,n50_p0.25_d1_clustered_Ehigh_V2.00_Hshort_PWflat_B0.15,50,0.24,0.25,1,3,high,2.0,clustered,short,flat,0.15,1.0,1.0,1.0,peripheral,159.6627924575555,126.96859548805008,16.104027615191047,0.0,16.590169354314355,16.590169354314355,16.590169354314355,0.0,147.683836258439,158.71074436006256,53.68009205063682,38,12,0.24,1,1,12.0,12.0,0.0,0.0,0.0,0.0,0,0.5495652795847629,0.5495652795847629,0,0,0,3.048647880554199,25.0,16.0,87.0,True,feasible,nils_complete,3317.7627739290256,196.34899461049997,,95.18763687047834,,19.169056773171103,True,feasible_only,0.0,159.6627924575555,True,3317.7627739290256,,95.18763687047834,
S0033_R01,3302027,truck_only,S0033,n50_p0.25_d1_clustered_Ehigh_V2.00_Hshort_PWbase_B0.15,50,0.24,0.25,1,3,high,2.0,clustered,short,base,0.15,100.0,20.0,1.0,peripheral,129507.29373456238,161.62157135316627,0.0,0.0,129345.67216320921,129345.67216320921,974.8208372152445,0.0,396.6525412195252,202.02696419145784,0.0,50,0,0.0,0,0,0.0,0.0,0.0,0.0,0.0,0.0,0,0.0,0.0,0,0,0,0.019312143325805664,0.0,0.0,0.0,True,feasible,baseline_truck_only,129507.29373456238,202.02696419145784,,,,0.0,True,feasible_only,0.0,129507.29373456238,True,129507.29373456238,,,
S0033_R01,3302027,nils,S0033,n50_p0.25_d1_clustered_Ehigh_V2.00_Hshort_PWbase_B0.15,50,0.24,0.25,1,3,high,2.0,clustered,short,base,0.15,100.0,20.0,1.0,peripheral,3575.870171891592,121.48895992416377,20.248261181138602,0.0,3434.1329507862893,3434.1329507862893,34.341329507862895,0.0,139.98573453297323,151.86119990520467,67.49420393712866,38,12,0.24,1,1,12.0,12.0,0.0,0.0,0.0,0.0,0,0.7018515846686817,0.7018515846686817,0,0,0,3.2468838691711426,25.0,13.0,87.0,True,feasible,nils_complete,129507.29373456238,202.02696419145784,,97.23886580533396,,24.831222152460718,True,feasible_only,0.0,3575.870171891592,True,129507.29373456238,,97.23886580533396,
S0033_R02,3302028,truck_only,S0033,n50_p0.25_d1_clustered_Ehigh_V2.00_Hshort_PWbase_B0.15,50,0.24,0.25,1,3,high,2.0,clustered,short,base,0.15,100.0,20.0,1.0,peripheral,229218.66494499787,171.61074609288903,0.0,0.0,229047.05419890498,229047.05419890498,2050.51951525334,0.0,417.3472155789016,214.5134326161113,0.0,50,0,0.0,0,0,0.0,0.0,0.0,0.0,0.0,0.0,0,0.0,0.0,0,0,0,0.02284097671508789,0.0,0.0,0.0,True,feasible,baseline_truck_only,229218.66494499787,214.5134326161113,,,,0.0,True,feasible_only,0.0,229218.66494499787,True,229218.66494499787,,,
S0033_R02,3302028,nils,S0033,n50_p0.25_d1_clustered_Ehigh_V2.00_Hshort_PWbase_B0.15,50,0.24,0.25,1,3,high,2.0,clustered,short,base,0.15,100.0,20.0,1.0,peripheral,18724.522705587282,148.7945037874353,18.547006259588912,0.0,18557.18119554026,18557.18119554026,185.5718119554026,0.0,167.77450144518392,185.99312973429414,61.82335419862972,38,12,0.24,1,1,12.0,12.0,0.0,0.0,0.0,0.0,0,0.6350781762404764,0.6350781762404764,0,0,0,3.018815517425537,25.0,19.0,87.0,True,feasible,nils_complete,229218.66494499787,214.5134326161113,,91.83115270735902,,13.295345906312765,True,feasible_only,0.0,18724.522705587282,True,229218.66494499787,,91.83115270735902,
S0033_R03,3302029,truck_only,S0033,n50_p0.25_d1_clustered_Ehigh_V2.00_Hshort_PWbase_B0.15,50,0.24,0.25,1,3,high,2.0,clustered,short,base,0.15,100.0,20.0,1.0,peripheral,161227.58452112583,158.7334566870154,0.0,0.0,161068.85106443882,161068.85106443882,1456.430500708695,0.0,391.39508867505305,198.4168208587693,0.0,50,0,0.0,0,0,0.0,0.0,0.0,0.0,0.0,0.0,0,0.0,0.0,0,0,0,0.024026870727539062,0.0,0.0,0.0,True,feasible,baseline_truck_only,161227.58452112583,198.4168208587693,,,,0.0,True,feasible_only,0.0,161227.58452112583,True,161227.58452112583,,,
S0033_R03,3302029,nils,S0033,n50_p0.25_d1_clustered_Ehigh_V2.00_Hshort_PWbase_B0.15,50,0.24,0.25,1,3,high,2.0,clustered,short,base,0.15,100.0,20.0,1.0,peripheral,7810.615229297244,128.1006409433744,13.407737234668964,0.0,7669.106851119201,7669.106851119201,76.69106851119201,0.0,144.99932020943746,160.125801179218,44.69245744889655,38,12,0.24,1,1,12.0,12.0,0.0,0.0,0.0,0.0,0,0.4587825596809402,0.4587825596809402,0,0,0,3.3679325580596924,25.0,17.0,87.0,True,feasible,nils_complete,161227.58452112583,198.4168208587693,,95.15553417704784,,19.29827295580267,True,feasible_only,0.0,7810.615229297244,True,161227.58452112583,,95.15553417704784,
S0033_R04,3302030,truck_only,S0033,n50_p0.25_d1_clustered_Ehigh_V2.00_Hshort_PWbase_B0.15,50,0.24,0.25,1,3,high,2.0,clustered,short,base,0.15,100.0,20.0,1.0,peripheral,126602.0281851147,172.01486647365581,0.0,0.0,126430.01331864104,126430.01331864104,988.6363688675216,0.0,421.8093095699467,215.0185830920697,0.0,50,0,0.0,0,0,0.0,0.0,0.0,0.0,0.0,0.0,0,0.0,0.0,0,0,0,0.020487308502197266,0.0,0.0,0.0,True,feasible,baseline_truck_only,126602.0281851147,215.0185830920697,,,,0.0,True,feasible_only,0.0,126602.0281851147,True,126602.0281851147,,,
S0033_R04,3302030,nils,S0033,n50_p0.25_d1_clustered_Ehigh_V2.00_Hshort_PWbase_B0.15,50,0.24,0.25,1,3,high,2.0,clustered,short,base,0.15,100.0,20.0,1.0,peripheral,3967.337491790393,125.83675007389404,19.340821680766986,0.0,3822.159920035732,3822.159920035732,38.22159920035732,0.0,148.48703173133816,157.29593759236755,64.46940560255663,38,12,0.24,1,1,12.0,12.0,0.0,0.0,0.0,0.0,0,0.6690271784498882,0.6690271784498882,0,0,0,3.0074188709259033,25.0,17.0,87.0,True,feasible,nils_complete,126602.0281851147,215.0185830920697,,96.86629231090245,,26.845421762911368,True,feasible_only,0.0,3967.337491790393,True,126602.0281851147,,96.86629231090245,
S0033_R05,3302031,truck_only,S0033,n50_p0.25_d1_clustered_Ehigh_V2.00_Hshort_PWbase_B0.15,50,0.24,0.25,1,3,high,2.0,clustered,short,base,0.15,100.0,20.0,1.0,peripheral,110606.4639248283,150.64716798550185,0.0,0.0,110455.8167568428,110455.8167568428,933.8534357400458,0.0,372.03404950255475,188.30895998187734,0.0,50,0,0.0,0,0,0.0,0.0,0.0,0.0,0.0,0.0,0,0.0,0.0,0,0,0,0.02002429962158203,0.0,0.0,0.0,True,feasible,baseline_truck_only,110606.4639248283,188.30895998187734,,,,0.0,True,feasible_only,0.0,110606.4639248283,True,110606.4639248283,,,
S0033_R05,3302031,nils,S0033,n50_p0.25_d1_clustered_Ehigh_V2.00_Hshort_PWbase_B0.15,50,0.24,0.25,1,3,high,2.0,clustered,short,base,0.15,100.0,20.0,1.0,peripheral,2364.0933967844726,127.5786402773161,17.82877953286983,0.0,2218.685976974287,2218.685976974287,22.186859769742867,0.0,144.23752502933831,159.47330034664515,59.42926510956612,38,12,0.24,1,1,12.0,12.0,0.0,0.0,0.0,0.0,0,0.6127970239848359,0.6127970239848359,0,0,0,2.8602187633514404,25.0,12.0,87.0,True,feasible,nils_complete,110606.4639248283,188.30895998187734,,97.86260828445687,,15.312951459137848,True,feasible_only,0.0,2364.0933967844726,True,110606.4639248283,,97.86260828445687,
S0033_R06,3302032,truck_only,S0033,n50_p0.25_d1_clustered_Ehigh_V2.00_Hshort_PWbase_B0.15,50,0.24,0.25,1,3,high,2.0,clustered,short,base,0.15,100.0,20.0,1.0,peripheral,138555.84526559414,176.32934982658168,0.0,0.0,138379.51591576755,138379.51591576755,904.7983175744896,0.0,424.02949650827054,220.41168728322708,0.0,50,0,0.0,0,0,0.0,0.0,0.0,0.0,0.0,0.0,0,0.0,0.0,0,0,0,0.019415855407714844,0.0,0.0,0.0,True,feasible,baseline_truck_only,138555.84526559414,220.41168728322708,,,,0.0,True,feasible_only,0.0,138555.84526559414,True,138555.84526559414,,,
S0033_R06,3302032,nils,S0033,n50_p0.25_d1_clustered_Ehigh_V2.00_Hshort_PWbase_B0.15,50,0.24,0.25,1,3,high,2.0,clustered,short,base,0.15,100.0,20.0,1.0,peripheral,8945.66598370567,134.39276782807556,18.70208742249377,0.0,8792.571128455102,8792.571128455102,87.92571128455101,0.0,144.1380448768062,167.99095978509442,62.34029140831258,38,12,0.24,1,1,12.0,12.0,0.0,0.0,0.0,0.0,0,0.6421055273167365,0.6421055273167365,0,0,0,2.858759880065918,25.0,19.0,87.0,True,feasible,nils_complete,138555.84526559414,220.41168728322708,,93.54363869199604,,23.783097958309483,True,feasible_only,0.0,8945.66598370567,True,138555.84526559414,,93.54363869199604,
S0033_R07,3302033,truck_only,S0033,n50_p0.25_d1_clustered_Ehigh_V2.00_Hshort_PWbase_B0.15,50,0.24,0.25,1,3,high,2.0,clustered,short,base,0.15,100.0,20.0,1.0,peripheral,99112.62431001606,156.570307935347,0.0,0.0,98956.05400208072,98956.05400208072,759.2346992326884,0.0,384.5417440063279,195.71288491918367,0.0,50,0,0.0,0,0,0.0,0.0,0.0,0.0,0.0,0.0,0,0.0,0.0,0,0,0,0.025387048721313477,0.0,0.0,0.0,True,feasible,baseline_truck_only,99112.62431001606,195.71288491918367,,,,0.0,True,feasible_only,0.0,99112.62431001606,True,99112.62431001606,,,
S0033_R07,3302033,nils,S0033,n50_p0.25_d1_clustered_Ehigh_V2.00_Hshort_PWbase_B0.15,50,0.24,0.25,1,3,high,2.0,clustered,short,base,0.15,100.0,20.0,1.0,peripheral,2690.2155311569813,132.43127372904675,15.243967531585572,0.0,2542.540289896349,2542.540289896349,25.42540289896349,0.0,149.2583711173168,165.53909216130847,50.81322510528523,38,12,0.24,1,1,12.0,12.0,0.0,0.0,0.0,0.0,0,0.5129011089449248,0.5129011089449248,0,0,0,3.1222240924835205,25.0,15.0,87.0,True,feasible,nils_complete,99112.62431001606,195.71288491918367,,97.28569841643764,,15.417376720155625,True,feasible_only,0.0,2690.2155311569813,True,99112.62431001606,,97.28569841643764,
S0033_R08,3302034,truck_only,S0033,n50_p0.25_d1_clustered_Ehigh_V2.00_Hshort_PWbase_B0.15,50,0.24,0.25,1,3,high,2.0,clustered,short,base,0.15,100.0,20.0,1.0,peripheral,174875.67032988486,161.44338857860805,0.0,0.0,174714.22694130626,174714.22694130626,1533.317607670061,0.0,393.7828441857156,201.80423572326004,0.0,50,0,0.0,0,0,0.0,0.0,0.0,0.0,0.0,0.0,0,0.0,0.0,0,0,0,0.035103559494018555,0.0,0.0,0.0,True,feasible,baseline_truck_only,174875.67032988486,201.80423572326004,,,,0.0,True,feasible_only,0.0,174875.67032988486,True,174875.67032988486,,,
S0033_R08,3302034,nils,S0033,n50_p0.25_d1_clustered_Ehigh_V2.00_Hshort_PWbase_B0.15,50,0.24,0.25,1,3,high,2.0,clustered,short,base,0.15,100.0,20.0,1.0,peripheral,15422.008274911683,129.73113279483556,17.488338882866287,0.0,15274.788803233982,15274.788803233982,152.7478880323398,0.0,145.85743795165592,162.1639159935445,58.294462942887634,38,12,0.24,1,1,12.0,12.0,0.0,0.0,0.0,0.0,0,0.603838719723572,0.603838719723572,0,0,0,3.22976016998291,25.0,19.0,87.0,True,feasible,nils_complete,174875.67032988486,201.80423572326004,,91.1811584505611,,19.64295723905194,True,feasible_only,0.0,15422.008274911683,True,174875.67032988486,,91.1811584505611,
S0033_R09,3302035,truck_only,S0033,n50_p0.25_d1_clustered_Ehigh_V2.00_Hshort_PWbase_B0.15,50,0.24,0.25,1,3,high,2.0,clustered,short,base,0.15,100.0,20.0,1.0,peripheral,235369.71218478619,176.84494469253002,0.0,0.0,235192.86724009365,235192.86724009365,2039.59841849106,0.0,426.5308773659078,221.0561808656626,0.0,50,0,0.0,0,0,0.0,0.0,0.0,0.0,0.0,0.0,0,0.0,0.0,0,0,0,0.024102449417114258,0.0,0.0,0.0,True,feasible,baseline_truck_only,235369.71218478619,221.0561808656626,,,,0.0,True,feasible_only,0.0,235369.71218478619,True,235369.71218478619,,,
S0033_R09,3302035,nils,S0033,n50_p0.25_d1_clustered_Ehigh_V2.00_Hshort_PWbase_B0.15,50,0.24,0.25,1,3,high,2.0,clustered,short,base,0.15,100.0,20.0,1.0,peripheral,13512.749651523802,137.3997930808477,16.447213789835605,0.0,13358.902644653119,13358.902644653119,133.5890264465312,0.0,153.97355916952486,171.74974135105967,54.82404596611869,38,12,0.24,1,1,12.0,12.0,0.0,0.0,0.0,0.0,0,0.5630542993638455,0.5630542993638455,0,0,0,3.0825517177581787,25.0,19.0,87.0,True,feasible,nils_complete,235369.71218478619,221.0561808656626,,94.25892587194265,,22.304935931453016,True,feasible_only,0.0,13512.749651523802,True,235369.71218478619,,94.25892587194265,
S0033_R10,3302036,truck_only,S0033,n50_p0.25_d1_clustered_Ehigh_V2.00_Hshort_PWbase_B0.15,50,0.24,0.25,1,3,high,2.0,clustered,short,base,0.15,100.0,20.0,1.0,peripheral,112384.14720067331,164.92100291688465,0.0,0.0,112219.22619775642,112219.22619775642,835.2170505369519,0.0,400.47459759533956,206.15125364610574,0.0,50,0,0.0,0,0,0.0,0.0,0.0,0.0,0.0,0.0,0,0.0,0.0,0,0,0,0.030939340591430664,0.0,0.0,0.0,True,feasible,baseline_truck_only,112384.14720067331,206.15125364610574,,,,0.0,True,feasible_only,0.0,112384.14720067331,True,112384.14720067331,,,
S0033_R10,3302036,nils,S0033,n50_p0.25_d1_clustered_Ehigh_V2.00_Hshort_PWbase_B0.15,50,0.24,0.25,1,3,high,2.0,clustered,short,base,0.15,100.0,20.0,1.0,peripheral,5299.89876689096,125.5898972989587,17.84344659340226,0.0,5156.465422998599,5156.465422998599,51.56465422998599,0.0,140.38585002399032,156.98737162369838,59.478155311340856,38,12,0.24,1,1,12.0,12.0,0.0,0.0,0.0,0.0,0,0.6125501869858028,0.6125501869858028,0,0,0,2.7931742668151855,25.0,17.0,87.0,False,infeasible,nils_complete,112384.14720067331,206.15125364610574,,95.28412245062691,,23.84845163580992,False,feasible_only,0.0,,False,112384.14720067331,,,
S0034_R01,3402027,truck_only,S0034,n50_p0.75_d1_uniform_Elow_V1.25_Hshort_PWstrict_B0.15,50,0.76,0.75,1,3,low,1.25,uniform,short,strict,0.15,200.0,40.0,1.0,peripheral,112587.10554514454,355.8496415981056,0.0,0.0,112231.25590354644,112231.25590354644,404.44164619579874,0.0,316.80818767413024,444.81205199763207,0.0,50,0,0.0,0,0,0.0,0.0,0.0,0.0,0.0,0.0,0,0.0,0.0,0,0,0,0.02302265167236328,0.0,0.0,0.0,True,feasible,baseline_truck_only,112587.10554514454,444.81205199763207,,,,0.0,True,feasible_only,0.0,112587.10554514454,True,112587.10554514454,,,
S0034_R01,3402027,nils,S0034,n50_p0.75_d1_uniform_Elow_V1.25_Hshort_PWstrict_B0.15,50,0.76,0.75,1,3,low,1.25,uniform,short,strict,0.15,200.0,40.0,1.0,peripheral,42449.269847772804,223.49801563781335,8.493527344612787,0.0,42217.27830479038,42217.27830479038,200.63036088105653,0.0,185.22721560418336,279.3725195472666,28.31175781537596,47,3,0.06,1,1,3.0,3.0,0.0,0.0,0.0,0.0,0,0.8498633909179075,0.8498633909179075,0,386,386,0.616718053817749,12.0,3.0,40.0,True,feasible,nils_complete,112587.10554514454,444.81205199763207,,62.2965084303089,,37.19313172999327,True,feasible_only,0.0,42449.269847772804,True,112587.10554514454,,62.2965084303089,
S0034_R02,3402028,truck_only,S0034,n50_p0.75_d1_uniform_Elow_V1.25_Hshort_PWstrict_B0.15,50,0.76,0.75,1,3,low,1.25,uniform,short,strict,0.15,200.0,40.0,1.0,peripheral,172003.7186828413,390.23124830384904,0.0,0.0,171613.48743453747,171613.48743453747,755.1569667310996,0.0,399.4167563857186,487.78906037981125,0.0,50,0,0.0,0,0,0.0,0.0,0.0,0.0,0.0,0.0,0,0.0,0.0,0,0,0,0.029602766036987305,0.0,0.0,0.0,True,feasible,baseline_truck_only,172003.7186828413,487.78906037981125,,,,0.0,True,feasible_only,0.0,172003.7186828413,True,172003.7186828413,,,
S0034_R02,3402028,nils,S0034,n50_p0.75_d1_uniform_Elow_V1.25_Hshort_PWstrict_B0.15,50,0.76,0.75,1,3,low,1.25,uniform,short,strict,0.15,200.0,40.0,1.0,peripheral,94966.25869420743,219.30005382213542,6.945885003072593,0.0,94740.01275538222,94740.01275538222,467.98043209059153,0.0,210.9885571418007,274.12506727766936,23.15295001024198,44,6,0.12,1,1,6.0,6.0,0.0,0.0,0.0,0.0,0,0.7304997173219909,0.7304997173219909,0,575,575,0.7664816379547119,19.0,6.0,57.0,True,feasible,nils_complete,172003.7186828413,487.78906037981125,,44.788252590447605,,43.802538936763966,True,feasible_only,0.0,94966.25869420743,True,172003.7186828413,,44.788252590447605,
S0034_R03,3402029,truck_only,S0034,n50_p0.75_d1_uniform_Elow_V1.25_Hshort_PWstrict_B0.15,50,0.76,0.75,1,3,low,1.25,uniform,short,strict,0.15,200.0,40.0,1.0,peripheral,113668.33103204568,345.10325906979307,0.0,0.0,113323.2277729759,113323.2277729759,371.84309735344647,0.0,302.91241261872347,431.3790738372414,0.0,50,0,0.0,0,0,0.0,0.0,0.0,0.0,0.0,0.0,0,0.0,0.0,0,0,0,0.02172374725341797,0.0,0.0,0.0,True,feasible,baseline_truck_only,113668.33103204568,431.3790738372414,,,,0.0,True,feasible_only,0.0,113668.33103204568,True,113668.33103204568,,,
S0034_R03,3402029,nils,S0034,n50_p0.75_d1_uniform_Elow_V1.25_Hshort_PWstrict_B0.15,50,0.76,0.75,1,3,low,1.25,uniform,short,strict,0.15,200.0,40.0,1.0,peripheral,29569.86187321992,218.06673238528705,8.26829217686437,0.0,29343.52684865777,29343.52684865777,131.11720558075055,0.0,200.88168771246674,272.58341548160894,27.56097392288123,47,3,0.06,1,1,3.0,3.0,0.0,0.0,0.0,0.0,0,0.843995683986208,0.843995683986208,0,690,690,0.7989771366119385,20.0,4.0,16.0,True,feasible,nils_complete,113668.33103204568,431.3790738372414,,73.98583967518314,,36.81116400549967,True,feasible_only,0.0,29569.86187321992,True,113668.33103204568,,73.98583967518314,
S0034_R04,3402030,truck_only,S0034,n50_p0.75_d1_uniform_Elow_V1.25_Hshort_PWstrict_B0.15,50,0.76,0.75,1,3,low,1.25,uniform,short,strict,0.15,200.0,40.0,1.0,peripheral,270807.3973010372,367.738685832313,0.0,0.0,270439.6586152049,270439.6586152049,1218.5650237625873,0.0,439.4111929754477,459.67335729039127,0.0,50,0,0.0,0,0,0.0,0.0,0.0,0.0,0.0,0.0,0,0.0,0.0,0,0,0,0.020130395889282227,0.0,0.0,0.0,True,feasible,baseline_truck_only,270807.3973010372,459.67335729039127,,,,0.0,True,feasible_only,0.0,270807.3973010372,True,270807.3973010372,,,
S0034_R04,3402030,nils,S0034,n50_p0.75_d1_uniform_Elow_V1.25_Hshort_PWstrict_B0.15,50,0.76,0.75,1,3,low,1.25,uniform,short,strict,0.15,200.0,40.0,1.0,peripheral,69867.24873106054,205.0772198336125,7.687063222267319,0.0,69654.48444800466,69654.48444800466,333.52420889708617,0.0,233.29945438564647,256.34652479201554,25.6235440742244,47,3,0.06,1,1,3.0,3.0,0.0,0.0,0.0,0.0,0,0.8044041706994877,0.8044041706994877,0,690,690,0.9664654731750488,20.0,4.0,16.0,True,feasible,nils_complete,270807.3973010372,459.67335729039127,,74.20039133813096,,44.23289478792378,True,feasible_only,0.0,69867.24873106054,True,270807.3973010372,,74.20039133813096,
S0034_R05,3402031,truck_only,S0034,n50_p0.75_d1_uniform_Elow_V1.25_Hshort_PWstrict_B0.15,50,0.76,0.75,1,3,low,1.25,uniform,short,strict,0.15,200.0,40.0,1.0,peripheral,170255.57968481167,369.27070133231206,0.0,0.0,169886.30898347936,169886.30898347936,683.391515964747,0.0,307.61825947041444,461.58837666539,0.0,50,0,0.0,0,0,0.0,0.0,0.0,0.0,0.0,0.0,0,0.0,0.0,0,0,0,0.026369571685791016,0.0,0.0,0.0,True,feasible,baseline_truck_only,170255.57968481167,461.58837666539,,,,0.0,True,feasible_only,0.0,170255.57968481167,True,170255.57968481167,,,
S0034_R05,3402031,nils,S0034,n50_p0.75_d1_uniform_Elow_V1.25_Hshort_PWstrict_B0.15,50,0.76,0.75,1,3,low,1.25,uniform,short,strict,0.15,200.0,40.0,1.0,peripheral,31162.494054876242,220.73577813494703,7.912684308044774,0.0,30933.845592433252,30933.845592433252,153.07790794256468,0.0,194.6876046109015,275.91972266868373,26.37561436014925,46,4,0.08,1,1,4.0,4.0,0.0,0.0,0.0,0.0,0,0.8365452112033375,0.8365452112033375,0,825,825,1.0709514617919922,25.0,6.0,36.0,True,feasible,nils_complete,170255.57968481167,461.58837666539,,81.69663859911887,,40.22385817814891,True,feasible_only,0.0,31162.494054876242,True,170255.57968481167,,81.69663859911887,
S0034_R06,3402032,truck_only,S0034,n50_p0.75_d1_uniform_Elow_V1.25_Hshort_PWstrict_B0.15,50,0.76,0.75,1,3,low,1.25,uniform,short,strict,0.15,200.0,40.0,1.0,peripheral,242867.6751041659,360.49472225592535,0.0,0.0,242507.18038190997,242507.18038190997,1092.2517104039582,0.0,449.9321151561064,450.6184028199067,0.0,50,0,0.0,0,0,0.0,0.0,0.0,0.0,0.0,0.0,0,0.0,0.0,0,0,0,0.026942729949951172,0.0,0.0,0.0,True,feasible,baseline_truck_only,242867.6751041659,450.6184028199067,,,,0.0,True,feasible_only,0.0,242867.6751041659,True,242867.6751041659,,,
S0034_R06,3402032,nils,S0034,n50_p0.75_d1_uniform_Elow_V1.25_Hshort_PWstrict_B0.15,50,0.76,0.75,1,3,low,1.25,uniform,short,strict,0.15,200.0,40.0,1.0,peripheral,59466.250166272395,243.90977279137908,7.612215616214092,0.0,59214.7281778648,59214.7281778648,272.5225987970085,0.0,225.81813392749768,304.88721598922393,25.374052054046977,45,5,0.1,1,1,5.0,5.0,0.0,0.0,0.0,0.0,0,0.8068539884199556,0.8068539884199556,0,797,797,1.0600202083587646,25.0,7.0,45.0,True,feasible,nils_complete,242867.6751041659,450.6184028199067,,75.51495885948292,,32.34026527072962,True,feasible_only,0.0,59466.250166272395,True,242867.6751041659,,75.51495885948292,
S0034_R07,3402033,truck_only,S0034,n50_p0.75_d1_uniform_Elow_V1.25_Hshort_PWstrict_B0.15,50,0.76,0.75,1,3,low,1.25,uniform,short,strict,0.15,200.0,40.0,1.0,peripheral,187170.56964750908,362.3429247963762,0.0,0.0,186808.22672271272,186808.22672271272,835.065427329317,0.0,347.8998049684566,452.9286559954704,0.0,50,0,0.0,0,0,0.0,0.0,0.0,0.0,0.0,0.0,0,0.0,0.0,0,0,0,0.023858308792114258,0.0,0.0,0.0,True,feasible,baseline_truck_only,187170.56964750908,452.9286559954704,,,,0.0,True,feasible_only,0.0,187170.56964750908,True,187170.56964750908,,,
S0034_R07,3402033,nils,S0034,n50_p0.75_d1_uniform_Elow_V1.25_Hshort_PWstrict_B0.15,50,0.76,0.75,1,3,low,1.25,uniform,short,strict,0.15,200.0,40.0,1.0,peripheral,25207.97762816917,237.1670973264163,6.757231322425213,0.0,24964.05329952033,24964.05329952033,120.74412403053483,0.0,192.15133246058377,296.45887165802037,22.524104408084042,46,4,0.08,1,1,4.0,4.0,0.0,0.0,0.0,0.0,0,0.707375593435076,0.707375593435076,0,823,823,0.8987119197845459,25.0,7.0,38.0,True,feasible,nils_complete,187170.56964750908,452.9286559954704,,86.53208264758591,,34.546232009443635,True,feasible_only,0.0,25207.97762816917,True,187170.56964750908,,86.53208264758591,
S0034_R08,3402034,truck_only,S0034,n50_p0.75_d1_uniform_Elow_V1.25_Hshort_PWstrict_B0.15,50,0.76,0.75,1,3,low,1.25,uniform,short,strict,0.15,200.0,40.0,1.0,peripheral,177671.31464326385,331.92414202099695,0.0,0.0,177339.39050124286,177339.39050124286,829.9669016973121,0.0,294.3247098635419,414.9051775262462,0.0,50,0,0.0,0,0,0.0,0.0,0.0,0.0,0.0,0.0,0,0.0,0.0,0,0,0,0.01949453353881836,0.0,0.0,0.0,True,feasible,baseline_truck_only,177671.31464326385,414.9051775262462,,,,0.0,True,feasible_only,0.0,177671.31464326385,True,177671.31464326385,,,
S0034_R08,3402034,nils,S0034,n50_p0.75_d1_uniform_Elow_V1.25_Hshort_PWstrict_B0.15,50,0.76,0.75,1,3,low,1.25,uniform,short,strict,0.15,200.0,40.0,1.0,peripheral,50861.31060687345,242.056823641727,7.6380612514381205,0.0,50611.615721980284,50611.615721980284,244.50010593282374,0.0,190.32024669982388,302.57102955215873,25.460204171460404,49,1,0.02,1,1,1.0,1.0,0.0,0.0,0.0,0.0,0,0.7274344048988688,0.7274344048988688,0,912,912,0.8720357418060303,25.0,2.0,14.0,True,feasible,nils_complete,177671.31464326385,414.9051775262462,,71.37336957910455,,27.074655622243082,True,feasible_only,0.0,50861.31060687345,True,177671.31464326385,,71.37336957910455,
S0034_R09,3402035,truck_only,S0034,n50_p0.75_d1_uniform_Elow_V1.25_Hshort_PWstrict_B0.15,50,0.76,0.75,1,3,low,1.25,uniform,short,strict,0.15,200.0,40.0,1.0,peripheral,408070.35667357757,370.2971158348645,0.0,0.0,407700.05955774273,407700.05955774273,1776.0292708334887,0.0,467.12223542908936,462.8713947935806,0.0,50,0,0.0,0,0,0.0,0.0,0.0,0.0,0.0,0.0,0,0.0,0.0,0,0,0,0.018082380294799805,0.0,0.0,0.0,True,feasible,baseline_truck_only,408070.35667357757,462.8713947935806,,,,0.0,True,feasible_only,0.0,408070.35667357757,True,408070.35667357757,,,
S0034_R09,3402035,nils,S0034,n50_p0.75_d1_uniform_Elow_V1.25_Hshort_PWstrict_B0.15,50,0.76,0.75,1,3,low,1.25,uniform,short,strict,0.15,200.0,40.0,1.0,peripheral,34818.68146671531,246.8164770760134,8.062715641500214,0.0,34563.8022739978,34563.8022739978,143.51980968073212,0.0,200.88075030339854,308.52059634501677,26.875718805000716,46,4,0.08,1,1,4.0,4.0,0.0,0.0,0.0,0.0,0,0.7881065326954902,0.7881065326954902,0,819,819,1.1571135520935059,25.0,9.0,42.0,True,feasible,nils_complete,408070.35667357757,462.8713947935806,,91.46748081616539,,33.34636795116648,True,feasible_only,0.0,34818.68146671531,True,408070.35667357757,,91.46748081616539,
S0034_R10,3402036,truck_only,S0034,n50_p0.75_d1_uniform_Elow_V1.25_Hshort_PWstrict_B0.15,50,0.76,0.75,1,3,low,1.25,uniform,short,strict,0.15,200.0,40.0,1.0,peripheral,313934.1551859183,411.55169143634464,0.0,0.0,313522.603494482,313522.603494482,1386.5251490948567,0.0,413.4047931477875,514.4396142954306,0.0,50,0,0.0,0,0,0.0,0.0,0.0,0.0,0.0,0.0,0,0.0,0.0,0,0,0,0.02594757080078125,0.0,0.0,0.0,True,feasible,baseline_truck_only,313934.1551859183,514.4396142954306,,,,0.0,True,feasible_only,0.0,313934.1551859183,True,313934.1551859183,,,
S0034_R10,3402036,nils,S0034,n50_p0.75_d1_uniform_Elow_V1.25_Hshort_PWstrict_B0.15,50,0.76,0.75,1,3,low,1.25,uniform,short,strict,0.15,200.0,40.0,1.0,peripheral,31071.08540860642,259.8731730707311,7.97021178501342,0.0,30803.242023750678,30803.242023750678,131.2412094636548,0.0,248.7698780242793,324.84146633841397,26.567372616711403,48,2,0.04,1,1,2.0,2.0,0.0,0.0,0.0,0.0,0,0.8089477555445761,0.8089477555445761,0,409,409,0.5436451435089111,12.0,2.0,26.0,True,feasible,nils_complete,313934.1551859183,514.4396142954306,,90.10267443177518,,36.85527760467818,True,feasible_only,0.0,31071.08540860642,True,313934.1551859183,,90.10267443177518,
S0035_R01,3502027,truck_only,S0035,n50_p0.75_d1_clustered_Elow_V1.25_Hmedium_PWflat_B0.15,50,0.76,0.75,1,3,low,1.25,clustered,medium,flat,0.15,1.0,1.0,1.0,peripheral,4899.180333875307,185.96295588597027,0.0,0.0,4713.2173779893365,4713.2173779893365,2389.931418708504,0.0,451.3007159007071,232.4536948574628,0.0,50,0,0.0,0,0,0.0,0.0,0.0,0.0,0.0,0.0,0,0.0,0.0,0,0,0,0.020903348922729492,0.0,0.0,0.0,True,feasible,baseline_truck_only,4899.180333875307,232.4536948574628,,,,0.0,True,feasible_only,0.0,4899.180333875307,True,4899.180333875307,,,
S0035_R01,3502027,nils,S0035,n50_p0.75_d1_clustered_Elow_V1.25_Hmedium_PWflat_B0.15,50,0.76,0.75,1,3,low,1.25,clustered,medium,flat,0.15,1.0,1.0,1.0,peripheral,286.0180171799361,141.29639236737904,8.630284957366701,0.0,136.0913398551904,136.0913398551904,134.67893356324535,0.0,162.20321433006387,176.62049045922382,28.767616524555674,47,3,0.06,1,1,3.0,3.0,0.0,0.0,0.0,0.0,0,0.8493069964037725,0.8493069964037725,0,861,861,2.331188917160034,25.0,11.0,20.0,True,feasible,nils_complete,4899.180333875307,232.4536948574628,,94.16192102172134,,24.019065144339862,True,feasible_only,0.0,286.0180171799361,True,4899.180333875307,,94.16192102172134,
S0035_R02,3502028,truck_only,S0035,n50_p0.75_d1_clustered_Elow_V1.25_Hmedium_PWflat_B0.15,50,0.76,0.75,1,3,low,1.25,clustered,medium,flat,0.15,1.0,1.0,1.0,peripheral,3379.843010658892,168.49532831605015,0.0,0.0,3211.347682342842,3211.347682342842,1338.1338178722017,0.0,408.2491898960307,210.6191603950627,0.0,50,0,0.0,0,0,0.0,0.0,0.0,0.0,0.0,0.0,0,0.0,0.0,0,0,0,0.025438308715820312,0.0,0.0,0.0,True,feasible,baseline_truck_only,3379.843010658892,210.6191603950627,,,,0.0,True,feasible_only,0.0,3379.843010658892,True,3379.843010658892,,,
S0035_R02,3502028,nils,S0035,n50_p0.75_d1_clustered_Elow_V1.25_Hmedium_PWflat_B0.15,50,0.76,0.75,1,3,low,1.25,clustered,medium,flat,0.15,1.0,1.0,1.0,peripheral,282.43342832344774,144.32347126595036,8.320565904837848,0.0,129.78939115265953,129.78939115265953,129.78939115265953,0.0,154.00337195548457,180.404339082438,27.73521968279283,46,4,0.08,1,1,4.0,4.0,0.0,0.0,0.0,0.0,0,0.8079584235808185,0.8079584235808185,0,838,838,2.8842060565948486,25.0,7.0,23.0,True,feasible,nils_complete,3379.843010658892,210.6191603950627,,91.64359328428135,,14.345713493468551,True,feasible_only,0.0,282.43342832344774,True,3379.843010658892,,91.64359328428135,
S0035_R03,3502029,truck_only,S0035,n50_p0.75_d1_clustered_Elow_V1.25_Hmedium_PWflat_B0.15,50,0.76,0.75,1,3,low,1.25,clustered,medium,flat,0.15,1.0,1.0,1.0,peripheral,3520.131708988798,168.89118110693897,0.0,0.0,3351.240527881859,3351.240527881859,777.8949804237117,0.0,409.96032396392275,211.11397638367367,0.0,50,0,0.0,0,0,0.0,0.0,0.0,0.0,0.0,0.0,0,0.0,0.0,0,0,0,0.02164173126220703,0.0,0.0,0.0,True,feasible,baseline_truck_only,3520.131708988798,211.11397638367367,,,,0.0,True,feasible_only,0.0,3520.131708988798,True,3520.131708988798,,,
S0035_R03,3502029,nils,S0035,n50_p0.75_d1_clustered_Elow_V1.25_Hmedium_PWflat_B0.15,50,0.76,0.75,1,3,low,1.25,clustered,medium,flat,0.15,1.0,1.0,1.0,peripheral,168.72985824572908,131.03151223281836,8.560866688601369,0.0,29.137479324309325,29.137479324309325,29.137479324309325,0.0,155.1471557602026,163.78939029102295,28.5362222953379,45,5,0.1,1,1,5.0,5.0,0.0,0.0,0.0,0.0,0,0.8315687410781073,0.8315687410781073,0,812,812,2.8541688919067383,25.0,8.0,30.0,True,feasible,nils_complete,3520.131708988798,211.11397638367367,,95.20671746983584,,22.41660495591448,True,feasible_only,0.0,168.72985824572908,True,3520.131708988798,,95.20671746983584,
S0035_R04,3502030,truck_only,S0035,n50_p0.75_d1_clustered_Elow_V1.25_Hmedium_PWflat_B0.15,50,0.76,0.75,1,3,low,1.25,clustered,medium,flat,0.15,1.0,1.0,1.0,peripheral,2803.82222905445,158.69457634224992,0.0,0.0,2645.1276527122,2645.1276527122,674.7723762052926,0.0,391.8938664822348,198.36822042781242,0.0,50,0,0.0,0,0,0.0,0.0,0.0,0.0,0.0,0.0,0,0.0,0.0,0,0,0,0.01855635643005371,0.0,0.0,0.0,True,feasible,baseline_truck_only,2803.82222905445,198.36822042781242,,,,0.0,True,feasible_only,0.0,2803.82222905445,True,2803.82222905445,,,
S0035_R04,3502030,nils,S0035,n50_p0.75_d1_clustered_Elow_V1.25_Hmedium_PWflat_B0.15,50,0.76,0.75,1,3,low,1.25,clustered,medium,flat,0.15,1.0,1.0,1.0,peripheral,218.67269250124747,53.36034346022265,7.8955189643978745,0.0,157.41683007662695,157.41683007662695,156.95557642698813,0.0,162.79304398846466,66.7004293252783,26.31839654799292,47,3,0.06,1,1,3.0,3.0,0.0,0.0,0.0,0.0,0,0.7544661696683216,0.7544661696683216,0,875,875,2.8360888957977295,25.0,3.0,6.0,True,feasible,nils_complete,2803.82222905445,198.36822042781242,,92.20090738152854,,66.37544603594856,True,feasible_only,0.0,218.67269250124747,True,2803.82222905445,,92.20090738152854,
S0035_R05,3502031,truck_only,S0035,n50_p0.75_d1_clustered_Elow_V1.25_Hmedium_PWflat_B0.15,50,0.76,0.75,1,3,low,1.25,clustered,medium,flat,0.15,1.0,1.0,1.0,peripheral,3682.70262162296,159.514344338365,0.0,0.0,3523.188277284595,3523.188277284595,998.4041036996456,0.0,390.79036019306614,199.39293042295637,0.0,50,0,0.0,0,0,0.0,0.0,0.0,0.0,0.0,0.0,0,0.0,0.0,0,0,0,0.01854681968688965,0.0,0.0,0.0,True,feasible,baseline_truck_only,3682.70262162296,199.39293042295637,,,,0.0,True,feasible_only,0.0,3682.70262162296,True,3682.70262162296,,,
S0035_R05,3502031,nils,S0035,n50_p0.75_d1_clustered_Elow_V1.25_Hmedium_PWflat_B0.15,50,0.76,0.75,1,3,low,1.25,clustered,medium,flat,0.15,1.0,1.0,1.0,peripheral,321.99491323037716,100.48420962748685,8.61634777796209,0.0,212.89435582492825,212.89435582492825,205.57795428658574,0.0,171.9527894408771,125.60526203435853,28.721159259873637,48,2,0.04,1,1,2.0,2.0,0.0,0.0,0.0,0.0,0,0.8337948905039961,0.8337948905039961,0,893,893,3.1712605953216553,25.0,3.0,10.0,True,feasible,nils_complete,3682.70262162296,199.39293042295637,,91.25655948053512,,37.00616076612041,True,feasible_only,0.0,321.99491323037716,True,3682.70262162296,,91.25655948053512,
S0035_R06,3502032,truck_only,S0035,n50_p0.75_d1_clustered_Elow_V1.25_Hmedium_PWflat_B0.15,50,0.76,0.75,1,3,low,1.25,clustered,medium,flat,0.15,1.0,1.0,1.0,peripheral,2985.434739744233,154.2412100550414,0.0,0.0,2831.1935296891916,2831.1935296891916,937.9622148585378,0.0,378.24770812975845,192.80151256880183,0.0,50,0,0.0,0,0,0.0,0.0,0.0,0.0,0.0,0.0,0,0.0,0.0,0,0,0,0.02204585075378418,0.0,0.0,0.0,True,feasible,baseline_truck_only,2985.434739744233,192.80151256880183,,,,0.0,True,feasible_only,0.0,2985.434739744233,True,2985.434739744233,,,
S0035_R06,3502032,nils,S0035,n50_p0.75_d1_clustered_Elow_V1.25_Hmedium_PWflat_B0.15,50,0.76,0.75,1,3,low,1.25,clustered,medium,flat,0.15,1.0,1.0,1.0,peripheral,265.6130960021067,145.09823090369434,8.741192917294024,0.0,111.77367218111834,111.77367218111834,111.77367218111834,0.0,155.42441546253713,181.3727886296179,29.13730972431342,46,4,0.08,1,1,4.0,4.0,0.0,0.0,0.0,0.0,0,0.8484022919776445,0.8484022919776445,0,844,844,3.841820001602173,25.0,10.0,17.0,True,feasible,nils_complete,2985.434739744233,192.80151256880183,,91.10303459439002,,5.927714874698168,True,feasible_only,0.0,265.6130960021067,True,2985.434739744233,,91.10303459439002,
S0035_R07,3502033,truck_only,S0035,n50_p0.75_d1_clustered_Elow_V1.25_Hmedium_PWflat_B0.15,50,0.76,0.75,1,3,low,1.25,clustered,medium,flat,0.15,1.0,1.0,1.0,peripheral,4136.067103568513,175.4742464279842,0.0,0.0,3960.592857140529,3960.592857140529,1873.8773237415255,0.0,421.40791830943067,219.3428080349802,0.0,50,0,0.0,0,0,0.0,0.0,0.0,0.0,0.0,0.0,0,0.0,0.0,0,0,0,0.0242459774017334,0.0,0.0,0.0,True,feasible,baseline_truck_only,4136.067103568513,219.3428080349802,,,,0.0,True,feasible_only,0.0,4136.067103568513,True,4136.067103568513,,,
S0035_R07,3502033,nils,S0035,n50_p0.75_d1_clustered_Elow_V1.25_Hmedium_PWflat_B0.15,50,0.76,0.75,1,3,low,1.25,clustered,medium,flat,0.15,1.0,1.0,1.0,peripheral,306.88172863664545,136.61474828692428,8.553050298890792,0.0,161.7139300508304,161.7139300508304,161.7139300508304,0.0,158.26711311064048,170.76843535865535,28.510167662969305,47,3,0.06,1,1,3.0,3.0,0.0,0.0,0.0,0.0,0,0.8493016484907502,0.8493016484907502,0,869,869,2.9762673377990723,25.0,13.0,12.0,True,feasible,nils_complete,4136.067103568513,219.3428080349802,,92.58034937653998,,22.14541388955791,True,feasible_only,0.0,306.88172863664545,True,4136.067103568513,,92.58034937653998,
S0035_R08,3502034,truck_only,S0035,n50_p0.75_d1_clustered_Elow_V1.25_Hmedium_PWflat_B0.15,50,0.76,0.75,1,3,low,1.25,clustered,medium,flat,0.15,1.0,1.0,1.0,peripheral,3637.50629657721,158.51595418144072,0.0,0.0,3478.9903423957694,3478.9903423957694,1426.8721062211596,0.0,386.60419697537054,198.14494272680088,0.0,50,0,0.0,0,0,0.0,0.0,0.0,0.0,0.0,0.0,0,0.0,0.0,0,0,0,0.022970914840698242,0.0,0.0,0.0,True,feasible,baseline_truck_only,3637.50629657721,198.14494272680088,,,,0.0,True,feasible_only,0.0,3637.50629657721,True,3637.50629657721,,,
S0035_R08,3502034,nils,S0035,n50_p0.75_d1_clustered_Elow_V1.25_Hmedium_PWflat_B0.15,50,0.76,0.75,1,3,low,1.25,clustered,medium,flat,0.15,1.0,1.0,1.0,peripheral,228.6600787235697,134.50548660973757,8.438137140625287,0.0,85.71645497320685,85.71645497320685,85.71645497320685,0.0,153.07762299335928,168.131858262172,28.127123802084288,47,3,0.06,1,1,3.0,3.0,0.0,0.0,0.0,0.0,0,0.8166636847887971,0.8166636847887971,0,871,871,2.9417648315429688,25.0,9.0,10.0,True,feasible,nils_complete,3637.50629657721,198.14494272680088,,93.7138231502518,,15.147035322526731,True,feasible_only,0.0,228.6600787235697,True,3637.50629657721,,93.7138231502518,
S0035_R09,3502035,truck_only,S0035,n50_p0.75_d1_clustered_Elow_V1.25_Hmedium_PWflat_B0.15,50,0.76,0.75,1,3,low,1.25,clustered,medium,flat,0.15,1.0,1.0,1.0,peripheral,4231.890128991633,181.80777274613678,0.0,0.0,4050.0823562454966,4050.0823562454966,1900.6221739780135,0.0,436.5570837497998,227.25971593267093,0.0,50,0,0.0,0,0,0.0,0.0,0.0,0.0,0.0,0.0,0,0.0,0.0,0,0,0,0.02452874183654785,0.0,0.0,0.0,True,feasible,baseline_truck_only,4231.890128991633,227.25971593267093,,,,0.0,True,feasible_only,0.0,4231.890128991633,True,4231.890128991633,,,
S0035_R09,3502035,nils,S0035,n50_p0.75_d1_clustered_Elow_V1.25_Hmedium_PWflat_B0.15,50,0.76,0.75,1,3,low,1.25,clustered,medium,flat,0.15,1.0,1.0,1.0,peripheral,577.9258936262095,105.82334606586551,8.706017923084486,0.0,463.3965296372595,463.3965296372595,437.176093913251,0.0,180.18296274317012,132.27918258233188,29.020059743614954,45,5,0.1,1,1,5.0,5.0,0.0,0.0,0.0,0.0,0,0.8443584178332195,0.8443584178332195,0,820,820,2.7691073417663574,25.0,7.0,22.0,True,feasible,nils_complete,4231.890128991633,227.25971593267093,,86.34355155709308,,41.79382736642971,True,feasible_only,0.0,577.9258936262095,True,4231.890128991633,,86.34355155709308,
S0035_R10,3502036,truck_only,S0035,n50_p0.75_d1_clustered_Elow_V1.25_Hmedium_PWflat_B0.15,50,0.76,0.75,1,3,low,1.25,clustered,medium,flat,0.15,1.0,1.0,1.0,peripheral,4867.480287107728,186.0727616458839,0.0,0.0,4681.407525461845,4681.407525461845,2408.3122429993527,0.0,447.44558934029305,232.59095205735503,0.0,50,0,0.0,0,0,0.0,0.0,0.0,0.0,0.0,0.0,0,0.0,0.0,0,0,0,0.02475905418395996,0.0,0.0,0.0,True,feasible,baseline_truck_only,4867.480287107728,232.59095205735503,,,,0.0,True,feasible_only,0.0,4867.480287107728,True,4867.480287107728,,,
S0035_R10,3502036,nils,S0035,n50_p0.75_d1_clustered_Elow_V1.25_Hmedium_PWflat_B0.15,50,0.76,0.75,1,3,low,1.25,clustered,medium,flat,0.15,1.0,1.0,1.0,peripheral,270.69447243830666,150.60830160667896,8.501615504726157,0.0,111.58455532690154,111.58455532690154,96.49802166215316,0.0,172.79142516223274,188.26037700834868,28.338718349087188,46,4,0.08,1,1,4.0,4.0,0.0,0.0,0.0,0.0,0,0.8326321985650688,0.8326321985650688,0,840,840,3.247586965560913,25.0,11.0,21.0,True,feasible,nils_complete,4867.480287107728,232.59095205735503,,94.43871456130428,,19.059458098814947,True,feasible_only,0.0,270.69447243830666,True,4867.480287107728,,94.43871456130428,
S0036_R01,3602027,truck_only,S0036,n50_p0.75_d1_uniform_Elow_V1.25_Hlong_PWstrict_B0.15,50,0.76,0.75,1,3,low,1.25,uniform,long,strict,0.15,200.0,40.0,1.0,peripheral,216384.439504865,337.2038262568806,0.0,0.0,216047.23567860812,216047.23567860812,896.844095698692,0.0,337.9194224586105,421.5047828211007,0.0,50,0,0.0,0,0,0.0,0.0,0.0,0.0,0.0,0.0,0,0.0,0.0,0,0,0,0.02063155174255371,0.0,0.0,0.0,True,feasible,baseline_truck_only,216384.439504865,421.5047828211007,,,,0.0,True,feasible_only,0.0,216384.439504865,True,216384.439504865,,,
S0036_R01,3602027,nils,S0036,n50_p0.75_d1_uniform_Elow_V1.25_Hlong_PWstrict_B0.15,50,0.76,0.75,1,3,low,1.25,uniform,long,strict,0.15,200.0,40.0,1.0,peripheral,57345.81705869869,232.67798985669822,7.479776546991667,0.0,57105.659292295,57105.659292295,244.8053409906946,0.0,203.9898491425331,290.84748732087274,24.932588489972225,46,4,0.08,1,1,4.0,4.0,0.0,0.0,0.0,0.0,0,0.7975271822916159,0.7975271822916159,0,682,682,0.8694422245025635,22.0,4.0,77.0,True,feasible,nils_complete,216384.439504865,421.5047828211007,,73.49817889404687,,30.9978203866984,True,feasible_only,0.0,57345.81705869869,True,216384.439504865,,73.49817889404687,
S0036_R02,3602028,truck_only,S0036,n50_p0.75_d1_uniform_Elow_V1.25_Hlong_PWstrict_B0.15,50,0.76,0.75,1,3,low,1.25,uniform,long,strict,0.15,200.0,40.0,1.0,peripheral,104940.4374716036,337.15799472325074,0.0,0.0,104603.27947688034,104603.27947688034,449.5108660985637,0.0,346.7208808418212,421.4474934040635,0.0,50,0,0.0,0,0,0.0,0.0,0.0,0.0,0.0,0.0,0,0.0,0.0,0,0,0,0.022902727127075195,0.0,0.0,0.0,True,feasible,baseline_truck_only,104940.4374716036,421.4474934040635,,,,0.0,True,feasible_only,0.0,104940.4374716036,True,104940.4374716036,,,
S0036_R02,3602028,nils,S0036,n50_p0.75_d1_uniform_Elow_V1.25_Hlong_PWstrict_B0.15,50,0.76,0.75,1,3,low,1.25,uniform,long,strict,0.15,200.0,40.0,1.0,peripheral,17795.455112616524,207.59553885185804,7.982790517624824,0.0,17579.87678324704,17579.87678324704,74.90702550489735,0.0,202.3976613769807,259.49442356482257,26.609301725416074,46,4,0.08,1,1,4.0,4.0,0.0,0.0,0.0,0.0,0,0.8022850063400143,0.8022850063400143,0,614,614,0.9586355686187744,19.0,4.0,30.0,True,feasible,nils_complete,104940.4374716036,421.4474934040635,,83.04232806592607,,38.42781660204778,True,feasible_only,0.0,17795.455112616524,True,104940.4374716036,,83.04232806592607,
S0036_R03,3602029,truck_only,S0036,n50_p0.75_d1_uniform_Elow_V1.25_Hlong_PWstrict_B0.15,50,0.76,0.75,1,3,low,1.25,uniform,long,strict,0.15,200.0,40.0,1.0,peripheral,445792.76648889174,447.3276203239535,0.0,0.0,445345.43886856775,445345.43886856775,1921.502351836797,0.0,594.8447249575504,559.1595254049421,0.0,50,0,0.0,0,0,0.0,0.0,0.0,0.0,0.0,0.0,0,0.0,0.0,0,0,0,0.027425050735473633,0.0,0.0,0.0,False,infeasible,baseline_truck_only,445792.76648889174,559.1595254049421,,,,0.0,False,feasible_only,0.0,,False,,,,
S0036_R03,3602029,nils,S0036,n50_p0.75_d1_uniform_Elow_V1.25_Hlong_PWstrict_B0.15,50,0.76,0.75,1,3,low,1.25,uniform,long,strict,0.15,200.0,40.0,1.0,peripheral,445792.76648889174,447.3276203239535,0.0,0.0,445345.43886856775,445345.43886856775,1921.502351836797,0.0,594.8447249575504,559.1595254049421,0.0,50,0,0.0,0,0,0.0,0.0,0.0,0.0,0.0,0.0,0,0.0,0.0,0,675,675,3.3176639080047607,25.0,0.0,175.0,False,infeasible,nils_complete,445792.76648889174,559.1595254049421,,0.0,,0.0,False,feasible_only,0.0,,False,,,,
S0036_R04,3602030,truck_only,S0036,n50_p0.75_d1_uniform_Elow_V1.25_Hlong_PWstrict_B0.15,50,0.76,0.75,1,3,low,1.25,uniform,long,strict,0.15,200.0,40.0,1.0,peripheral,253049.4346214854,413.8264332925693,0.0,0.0,252635.60818819283,252635.60818819283,1194.925635845205,0.0,384.914975989577,517.2830416157115,0.0,50,0,0.0,0,0,0.0,0.0,0.0,0.0,0.0,0.0,0,0.0,0.0,0,0,0,0.023962020874023438,0.0,0.0,0.0,True,feasible,baseline_truck_only,253049.4346214854,517.2830416157115,,,,0.0,True,feasible_only,0.0,253049.4346214854,True,253049.4346214854,,,
S0036_R04,3602030,nils,S0036,n50_p0.75_d1_uniform_Elow_V1.25_Hlong_PWstrict_B0.15,50,0.76,0.75,1,3,low,1.25,uniform,long,strict,0.15,200.0,40.0,1.0,peripheral,57726.84922516291,230.0845639915745,8.26138330061928,0.0,57488.50327787071,57488.50327787071,287.44251638935356,0.0,222.7454352059102,287.6057049894681,27.537944335397597,47,3,0.06,1,1,3.0,3.0,0.0,0.0,0.0,0.0,0,0.8067336811462255,0.8067336811462255,0,849,849,0.9316089153289795,25.0,5.0,32.0,True,feasible,nils_complete,253049.4346214854,517.2830416157115,,77.18752096343884,,44.40070873169474,True,feasible_only,0.0,57726.84922516291,True,253049.4346214854,,77.18752096343884,
S0036_R05,3602031,truck_only,S0036,n50_p0.75_d1_uniform_Elow_V1.25_Hlong_PWstrict_B0.15,50,0.76,0.75,1,3,low,1.25,uniform,long,strict,0.15,200.0,40.0,1.0,peripheral,345770.51496350736,363.8260918437622,0.0,0.0,345406.6888716636,345406.6888716636,1525.3277967446918,0.0,373.97643188904453,454.78261480470263,0.0,50,0,0.0,0,0,0.0,0.0,0.0,0.0,0.0,0.0,0,0.0,0.0,0,0,0,0.02092123031616211,0.0,0.0,0.0,True,feasible,baseline_truck_only,345770.51496350736,454.78261480470263,,,,0.0,True,feasible_only,0.0,345770.51496350736,True,345770.51496350736,,,
S0036_R05,3602031,nils,S0036,n50_p0.75_d1_uniform_Elow_V1.25_Hlong_PWstrict_B0.15,50,0.76,0.75,1,3,low,1.25,uniform,long,strict,0.15,200.0,40.0,1.0,peripheral,92821.65181025943,217.84957073183668,7.9255111094070765,0.0,92595.87672841818,92595.87672841818,446.78861007948814,0.0,203.92267626785446,272.31196341479585,26.41837036469025,46,4,0.08,1,1,4.0,4.0,0.0,0.0,0.0,0.0,0,0.8366772111900828,0.8366772111900828,0,837,837,0.9305932521820068,25.0,8.0,24.0,True,feasible,nils_complete,345770.51496350736,454.78261480470263,,73.15512809990295,,40.12260923128409,True,feasible_only,0.0,92821.65181025943,True,345770.51496350736,,73.15512809990295,
S0036_R06,3602032,truck_only,S0036,n50_p0.75_d1_uniform_Elow_V1.25_Hlong_PWstrict_B0.15,50,0.76,0.75,1,3,low,1.25,uniform,long,strict,0.15,200.0,40.0,1.0,peripheral,448289.68536322785,368.25827293353933,0.0,0.0,447921.4270902943,447921.4270902943,2054.6296475080244,0.0,381.86810781336277,460.32284116692404,0.0,50,0,0.0,0,0,0.0,0.0,0.0,0.0,0.0,0.0,0,0.0,0.0,0,0,0,0.019690513610839844,0.0,0.0,0.0,True,feasible,baseline_truck_only,448289.68536322785,460.32284116692404,,,,0.0,True,feasible_only,0.0,448289.68536322785,True,448289.68536322785,,,
S0036_R06,3602032,nils,S0036,n50_p0.75_d1_uniform_Elow_V1.25_Hlong_PWstrict_B0.15,50,0.76,0.75,1,3,low,1.25,uniform,long,strict,0.15,200.0,40.0,1.0,peripheral,38807.70530803228,231.05198515641302,7.804138861559131,0.0,38568.84918401431,38568.84918401431,177.21525077066585,0.0,191.2161261473696,288.8149814455163,26.013796205197103,47,3,0.06,1,1,3.0,3.0,0.0,0.0,0.0,0.0,0,0.8084136231304667,0.8084136231304667,0,856,856,1.0659406185150146,25.0,9.0,25.0,True,feasible,nils_complete,448289.68536322785,460.32284116692404,,91.34316345543657,,37.25816848163198,True,feasible_only,0.0,38807.70530803228,True,448289.68536322785,,91.34316345543657,
S0036_R07,3602033,truck_only,S0036,n50_p0.75_d1_uniform_Elow_V1.25_Hlong_PWstrict_B0.15,50,0.76,0.75,1,3,low,1.25,uniform,long,strict,0.15,200.0,40.0,1.0,peripheral,520781.7986693759,388.20490397971656,0.0,0.0,520393.59376539616,520393.59376539616,2347.6696123796737,0.0,581.3444866634036,485.25612997464566,0.0,50,0,0.0,0,0,0.0,0.0,0.0,0.0,0.0,0.0,0,0.0,0.0,0,0,0,0.019392013549804688,0.0,0.0,0.0,False,infeasible,baseline_truck_only,520781.7986693759,485.25612997464566,,,,0.0,False,feasible_only,0.0,,False,,,,
S0036_R07,3602033,nils,S0036,n50_p0.75_d1_uniform_Elow_V1.25_Hlong_PWstrict_B0.15,50,0.76,0.75,1,3,low,1.25,uniform,long,strict,0.15,200.0,40.0,1.0,peripheral,520781.7986693759,388.20490397971656,0.0,0.0,520393.59376539616,520393.59376539616,2347.6696123796737,0.0,581.3444866634036,485.25612997464566,0.0,50,0,0.0,0,0,0.0,0.0,0.0,0.0,0.0,0.0,0,0.0,0.0,0,650,650,5.540501594543457,25.0,0.0,300.0,False,infeasible,nils_complete,520781.7986693759,485.25612997464566,,0.0,,0.0,False,feasible_only,0.0,,False,,,,
S0036_R08,3602034,truck_only,S0036,n50_p0.75_d1_uniform_Elow_V1.25_Hlong_PWstrict_B0.15,50,0.76,0.75,1,3,low,1.25,uniform,long,strict,0.15,200.0,40.0,1.0,peripheral,143426.64651126016,399.3891743780103,0.0,0.0,143027.25733688215,143027.25733688215,480.72825788877145,0.0,393.35217316155894,499.2364679725129,0.0,50,0,0.0,0,0,0.0,0.0,0.0,0.0,0.0,0.0,0,0.0,0.0,0,0,0,0.024678945541381836,0.0,0.0,0.0,True,feasible,baseline_truck_only,143426.64651126016,499.2364679725129,,,,0.0,True,feasible_only,0.0,143426.64651126016,True,143426.64651126016,,,
S0036_R08,3602034,nils,S0036,n50_p0.75_d1_uniform_Elow_V1.25_Hlong_PWstrict_B0.15,50,0.76,0.75,1,3,low,1.25,uniform,long,strict,0.15,200.0,40.0,1.0,peripheral,41921.40497185139,226.5478168561959,8.619710573951956,0.0,41686.23744442125,41686.23744442125,175.29302671424225,0.0,208.63859760241888,283.1847710702449,28.732368579839857,48,2,0.04,1,1,2.0,2.0,0.0,0.0,0.0,0.0,0,0.8427002565992762,0.8427002565992762,0,406,406,0.5415818691253662,12.0,2.0,29.0,True,feasible,nils_complete,143426.64651126016,499.2364679725129,,70.7715365369292,,43.276425253886586,True,feasible_only,0.0,41921.40497185139,True,143426.64651126016,,70.7715365369292,
S0036_R09,3602035,truck_only,S0036,n50_p0.75_d1_uniform_Elow_V1.25_Hlong_PWstrict_B0.15,50,0.76,0.75,1,3,low,1.25,uniform,long,strict,0.15,200.0,40.0,1.0,peripheral,321168.7477350206,319.8817259927585,0.0,0.0,320848.8660090278,320848.8660090278,1486.9323796055671,0.0,413.70911028047857,399.85215749094823,0.0,50,0,0.0,0,0,0.0,0.0,0.0,0.0,0.0,0.0,0,0.0,0.0,0,0,0,0.02242445945739746,0.0,0.0,0.0,True,feasible,baseline_truck_only,321168.7477350206,399.85215749094823,,,,0.0,True,feasible_only,0.0,321168.7477350206,True,321168.7477350206,,,
S0036_R09,3602035,nils,S0036,n50_p0.75_d1_uniform_Elow_V1.25_Hlong_PWstrict_B0.15,50,0.76,0.75,1,3,low,1.25,uniform,long,strict,0.15,200.0,40.0,1.0,peripheral,48123.41942966598,200.7417425911915,8.43747148449221,0.0,47914.2402155903,47914.2402155903,232.6609392398472,0.0,177.62948693178265,250.9271782389893,28.124904948307375,47,3,0.06,1,1,3.0,3.0,0.0,0.0,0.0,0.0,0,0.840288000784508,0.840288000784508,0,856,856,1.2109894752502441,25.0,7.0,25.0,True,feasible,nils_complete,321168.7477350206,399.85215749094823,,85.0161574658036,,37.24501080260652,True,feasible_only,0.0,48123.41942966598,True,321168.7477350206,,85.0161574658036,
S0036_R10,3602036,truck_only,S0036,n50_p0.75_d1_uniform_Elow_V1.25_Hlong_PWstrict_B0.15,50,0.76,0.75,1,3,low,1.25,uniform,long,strict,0.15,200.0,40.0,1.0,peripheral,160951.96931918536,386.65248831111336,0.0,0.0,160565.31683087425,160565.31683087425,669.1957829120518,0.0,370.07596343432516,483.3156103888916,0.0,50,0,0.0,0,0,0.0,0.0,0.0,0.0,0.0,0.0,0,0.0,0.0,0,0,0,0.019622087478637695,0.0,0.0,0.0,True,feasible,baseline_truck_only,160951.96931918536,483.3156103888916,,,,0.0,True,feasible_only,0.0,160951.96931918536,True,160951.96931918536,,,
S0036_R10,3602036,nils,S0036,n50_p0.75_d1_uniform_Elow_V1.25_Hlong_PWstrict_B0.15,50,0.76,0.75,1,3,low,1.25,uniform,long,strict,0.15,200.0,40.0,1.0,peripheral,46434.87389681681,260.9037677093922,7.6867253977271455,0.0,46166.28340370969,46166.28340370969,215.85449365164578,0.0,206.0988925911343,326.1297096367403,25.62241799242382,46,4,0.08,1,1,4.0,4.0,0.0,0.0,0.0,0.0,0,0.8134706442245571,0.8134706442245571,0,826,826,0.9545395374298096,25.0,8.0,35.0,True,feasible,nils_complete,160951.96931918536,483.3156103888916,,71.1498566353473,,32.5224133823599,True,feasible_only,0.0,46434.87389681681,True,160951.96931918536,,71.1498566353473,
S0037_R01,3702027,truck_only,S0037,n50_p0.75_d2_uniform_Elow_V2.00_Hmedium_PWbase_B0.15,50,0.76,0.75,2,3,low,2.0,uniform,medium,base,0.15,100.0,20.0,1.0,peripheral,35155.24743064622,354.4892806509691,0.0,0.0,34800.75814999525,34800.75814999525,240.62819836216406,0.0,365.0736430945802,443.11160081371145,0.0,50,0,0.0,0,0,0.0,0.0,0.0,0.0,0.0,0.0,0,0.0,0.0,0,0,0,0.025418519973754883,0.0,0.0,0.0,True,feasible,baseline_truck_only,35155.24743064622,443.11160081371145,,,,0.0,True,feasible_only,0.0,35155.24743064622,True,35155.24743064622,,,
S0037_R01,3702027,nils,S0037,n50_p0.75_d2_uniform_Elow_V2.00_Hmedium_PWbase_B0.15,50,0.76,0.75,2,3,low,2.0,uniform,medium,base,0.15,100.0,20.0,1.0,peripheral,5572.326242510881,214.0065127976384,26.100437611191538,0.0,5332.2192921020505,5332.2192921020505,51.15410072253761,0.0,170.52875661791626,267.50814099704803,87.00145870397179,42,8,0.16,2,2,4.0,4.0,0.0,0.0,0.0,0.0,0,0.8271670487274737,0.8374116003350042,0,904,904,1.4379236698150635,20.0,8.0,378.0,True,feasible,nils_complete,35155.24743064622,443.11160081371145,,84.14937555622703,,39.62962366460111,True,feasible_only,0.0,5572.326242510881,True,35155.24743064622,,84.14937555622703,
S0037_R02,3702028,truck_only,S0037,n50_p0.75_d2_uniform_Elow_V2.00_Hmedium_PWbase_B0.15,50,0.76,0.75,2,3,low,2.0,uniform,medium,base,0.15,100.0,20.0,1.0,peripheral,123576.92401286184,341.9540675388878,0.0,0.0,123234.96994532296,123234.96994532296,912.845161885871,0.0,426.9539411320383,427.4425844236098,0.0,50,0,0.0,0,0,0.0,0.0,0.0,0.0,0.0,0.0,0,0.0,0.0,0,0,0,0.021167993545532227,0.0,0.0,0.0,True,feasible,baseline_truck_only,123576.92401286184,427.4425844236098,,,,0.0,True,feasible_only,0.0,123576.92401286184,True,123576.92401286184,,,
S0037_R02,3702028,nils,S0037,n50_p0.75_d2_uniform_Elow_V2.00_Hmedium_PWbase_B0.15,50,0.76,0.75,2,3,low,2.0,uniform,medium,base,0.15,100.0,20.0,1.0,peripheral,1730.5704480602858,215.14568777082647,26.26547013754069,0.0,1489.1592901519186,1489.1592901519186,0.0,0.0,217.39536024217063,268.9321097135331,87.55156712513562,45,5,0.1,2,2,2.5,2.5,0.0,0.0,0.0,0.0,0,0.8462236558741097,0.8476923673764883,0,951,951,1.1345782279968262,17.0,5.0,205.0,True,feasible,nils_complete,123576.92401286184,427.4425844236098,,98.59960064398418,,37.08345412608387,True,feasible_only,0.0,1730.5704480602858,True,123576.92401286184,,98.59960064398418,
S0037_R03,3702029,truck_only,S0037,n50_p0.75_d2_uniform_Elow_V2.00_Hmedium_PWbase_B0.15,50,0.76,0.75,2,3,low,2.0,uniform,medium,base,0.15,100.0,20.0,1.0,peripheral,146579.8643949106,384.72117953647046,0.0,0.0,146195.14321537415,146195.14321537415,1378.058103190761,0.0,346.4038308031629,480.901474420588,0.0,50,0,0.0,0,0,0.0,0.0,0.0,0.0,0.0,0.0,0,0.0,0.0,0,0,0,0.030423641204833984,0.0,0.0,0.0,True,feasible,baseline_truck_only,146579.8643949106,480.901474420588,,,,0.0,True,feasible_only,0.0,146579.8643949106,True,146579.8643949106,,,
S0037_R03,3702029,nils,S0037,n50_p0.75_d2_uniform_Elow_V2.00_Hmedium_PWbase_B0.15,50,0.76,0.75,2,3,low,2.0,uniform,medium,base,0.15,100.0,20.0,1.0,peripheral,26949.82994715819,245.21023587902212,26.32285661256312,0.0,26678.2968546666,26678.2968546666,253.14894356984175,0.0,236.73836496742692,306.5127948487777,87.74285537521041,42,8,0.16,2,2,4.0,4.0,0.0,0.0,0.0,0.0,0,0.8353455383059728,0.8454803587143854,0,1334,1334,1.3743000030517578,25.0,9.0,248.0,True,feasible,nils_complete,146579.8643949106,480.901474420588,,81.61423463010523,,36.2628706393387,True,feasible_only,0.0,26949.82994715819,True,146579.8643949106,,81.61423463010523,
S0037_R04,3702030,truck_only,S0037,n50_p0.75_d2_uniform_Elow_V2.00_Hmedium_PWbase_B0.15,50,0.76,0.75,2,3,low,2.0,uniform,medium,base,0.15,100.0,20.0,1.0,peripheral,129880.73300102282,361.0736494497969,0.0,0.0,129519.65935157302,129519.65935157302,1212.6738304775668,0.0,360.33601189591536,451.3420618122461,0.0,50,0,0.0,0,0,0.0,0.0,0.0,0.0,0.0,0.0,0,0.0,0.0,0,0,0,0.021578073501586914,0.0,0.0,0.0,True,feasible,baseline_truck_only,129880.73300102282,451.3420618122461,,,,0.0,True,feasible_only,0.0,129880.73300102282,True,129880.73300102282,,,
S0037_R04,3702030,nils,S0037,n50_p0.75_d2_uniform_Elow_V2.00_Hmedium_PWbase_B0.15,50,0.76,0.75,2,3,low,2.0,uniform,medium,base,0.15,100.0,20.0,1.0,peripheral,20083.486054512705,212.50485052270736,23.403568670734735,0.0,19847.577635319263,19847.577635319263,181.75197098937042,0.0,218.17505301141117,265.6310631533841,78.01189556911578,39,11,0.22,2,2,5.5,5.5,0.0,0.0,0.0,0.0,0,0.7795460345881251,0.7810017494357004,0,992,992,1.7369022369384766,24.0,11.0,452.0,True,feasible,nils_complete,129880.73300102282,451.3420618122461,,84.53697820264493,,41.146397460318234,True,feasible_only,0.0,20083.486054512705,True,129880.73300102282,,84.53697820264493,
S0037_R05,3702031,truck_only,S0037,n50_p0.75_d2_uniform_Elow_V2.00_Hmedium_PWbase_B0.15,50,0.76,0.75,2,3,low,2.0,uniform,medium,base,0.15,100.0,20.0,1.0,peripheral,116456.57454660283,411.23581338849925,0.0,0.0,116045.33873321433,116045.33873321433,930.6910095283945,0.0,468.7296739481144,514.0447667356242,0.0,50,0,0.0,0,0,0.0,0.0,0.0,0.0,0.0,0.0,0,0.0,0.0,0,0,0,0.02684926986694336,0.0,0.0,0.0,True,feasible,baseline_truck_only,116456.57454660283,514.0447667356242,,,,0.0,True,feasible_only,0.0,116456.57454660283,True,116456.57454660283,,,
S0037_R05,3702031,nils,S0037,n50_p0.75_d2_uniform_Elow_V2.00_Hmedium_PWbase_B0.15,50,0.76,0.75,2,3,low,2.0,uniform,medium,base,0.15,100.0,20.0,1.0,peripheral,12403.137703644452,206.82262089659253,25.369589851033687,0.0,12170.945492896826,12170.945492896826,91.42516583837718,0.0,194.89641866929426,258.5282761207406,84.56529950344563,42,8,0.16,2,2,4.0,4.0,0.0,0.0,0.0,0.0,0,0.806816807790366,0.8398927772295933,0,1257,1257,1.7430500984191895,25.0,10.0,325.0,True,feasible,nils_complete,116456.57454660283,514.0447667356242,,89.34955990940551,,49.707050270642476,True,feasible_only,0.0,12403.137703644452,True,116456.57454660283,,89.34955990940551,
S0037_R06,3702032,truck_only,S0037,n50_p0.75_d2_uniform_Elow_V2.00_Hmedium_PWbase_B0.15,50,0.76,0.75,2,3,low,2.0,uniform,medium,base,0.15,100.0,20.0,1.0,peripheral,78798.75574002964,357.51752244027114,0.0,0.0,78441.23821758936,78441.23821758936,670.1651925170177,0.0,321.3629406339872,446.8969030503389,0.0,50,0,0.0,0,0,0.0,0.0,0.0,0.0,0.0,0.0,0,0.0,0.0,0,0,0,0.02869439125061035,0.0,0.0,0.0,True,feasible,baseline_truck_only,78798.75574002964,446.8969030503389,,,,0.0,True,feasible_only,0.0,78798.75574002964,True,78798.75574002964,,,
S0037_R06,3702032,nils,S0037,n50_p0.75_d2_uniform_Elow_V2.00_Hmedium_PWbase_B0.15,50,0.76,0.75,2,3,low,2.0,uniform,medium,base,0.15,100.0,20.0,1.0,peripheral,7658.343360672743,206.23396529311333,26.059679884159813,0.0,7426.04971549547,7426.04971549547,67.47495106565157,0.0,198.95176319209588,257.79245661639163,86.86559961386607,44,6,0.12,2,2,3.0,3.0,0.0,0.0,0.0,0.0,0,0.8264285589052389,0.8312971509258014,0,1397,1397,1.5197417736053467,25.0,7.0,251.0,True,feasible,nils_complete,78798.75574002964,446.8969030503389,,90.28113668959581,,42.315004902293175,True,feasible_only,0.0,7658.343360672743,True,78798.75574002964,,90.28113668959581,
S0037_R07,3702033,truck_only,S0037,n50_p0.75_d2_uniform_Elow_V2.00_Hmedium_PWbase_B0.15,50,0.76,0.75,2,3,low,2.0,uniform,medium,base,0.15,100.0,20.0,1.0,peripheral,65349.7917726516,368.7436403091795,0.0,0.0,64981.048132342425,64981.048132342425,488.3960844449535,0.0,383.4700681906794,460.9295503864743,0.0,50,0,0.0,0,0,0.0,0.0,0.0,0.0,0.0,0.0,0,0.0,0.0,0,0,0,0.021024703979492188,0.0,0.0,0.0,True,feasible,baseline_truck_only,65349.7917726516,460.9295503864743,,,,0.0,True,feasible_only,0.0,65349.7917726516,True,65349.7917726516,,,
S0037_R07,3702033,nils,S0037,n50_p0.75_d2_uniform_Elow_V2.00_Hmedium_PWbase_B0.15,50,0.76,0.75,2,3,low,2.0,uniform,medium,base,0.15,100.0,20.0,1.0,peripheral,11961.08244538784,217.6322903265415,26.421002991223702,0.0,11717.029152070074,11717.029152070074,113.38778511230065,0.0,198.5336623808839,272.0403629081769,88.07000997074567,41,9,0.18,2,2,4.5,4.5,0.0,0.0,0.0,0.0,0,0.8422059365497078,0.8454193995609997,0,1304,1304,1.4191033840179443,25.0,9.0,248.0,True,feasible,nils_complete,65349.7917726516,460.9295503864743,,81.69683158746734,,40.98005591525212,True,feasible_only,0.0,11961.08244538784,True,65349.7917726516,,81.69683158746734,
S0037_R08,3702034,truck_only,S0037,n50_p0.75_d2_uniform_Elow_V2.00_Hmedium_PWbase_B0.15,50,0.76,0.75,2,3,low,2.0,uniform,medium,base,0.15,100.0,20.0,1.0,peripheral,67258.04057653128,401.79540813425206,0.0,0.0,66856.24516839703,66856.24516839703,404.1598126145266,0.0,423.48379285911585,502.2442601678149,0.0,50,0,0.0,0,0,0.0,0.0,0.0,0.0,0.0,0.0,0,0.0,0.0,0,0,0,0.02801370620727539,0.0,0.0,0.0,True,feasible,baseline_truck_only,67258.04057653128,502.2442601678149,,,,0.0,True,feasible_only,0.0,67258.04057653128,True,67258.04057653128,,,
S0037_R08,3702034,nils,S0037,n50_p0.75_d2_uniform_Elow_V2.00_Hmedium_PWbase_B0.15,50,0.76,0.75,2,3,low,2.0,uniform,medium,base,0.15,100.0,20.0,1.0,peripheral,11428.670909718538,217.84026832680038,26.34361307506721,0.0,11184.48702831667,11184.48702831667,108.34916677767828,0.0,175.82127529274726,272.3003354085005,87.81204358355737,43,7,0.14,2,2,3.5,3.5,0.0,0.0,0.0,0.0,0,0.8341362015151128,0.8414199542276726,0,1330,1330,1.6507482528686523,25.0,9.0,284.0,True,feasible,nils_complete,67258.04057653128,502.2442601678149,,83.00772545296776,,45.783285742774495,True,feasible_only,0.0,11428.670909718538,True,67258.04057653128,,83.00772545296776,
S0037_R09,3702035,truck_only,S0037,n50_p0.75_d2_uniform_Elow_V2.00_Hmedium_PWbase_B0.15,50,0.76,0.75,2,3,low,2.0,uniform,medium,base,0.15,100.0,20.0,1.0,peripheral,100035.24896066666,328.8541464527746,0.0,0.0,99706.39481421388,99706.39481421388,928.4054721162287,0.0,332.32440822700687,411.06768306596825,0.0,50,0,0.0,0,0,0.0,0.0,0.0,0.0,0.0,0.0,0,0.0,0.0,0,0,0,0.034594058990478516,0.0,0.0,0.0,True,feasible,baseline_truck_only,100035.24896066666,411.06768306596825,,,,0.0,True,feasible_only,0.0,100035.24896066666,True,100035.24896066666,,,
S0037_R09,3702035,nils,S0037,n50_p0.75_d2_uniform_Elow_V2.00_Hmedium_PWbase_B0.15,50,0.76,0.75,2,3,low,2.0,uniform,medium,base,0.15,100.0,20.0,1.0,peripheral,20620.615606056406,205.90767058038304,23.74983157320752,0.0,20390.958103902816,20390.958103902816,200.2931978645147,0.0,200.30154832141628,257.38458822547886,79.16610524402506,42,8,0.16,2,2,4.0,4.0,0.0,0.0,0.0,0.0,0,0.7672564475245311,0.7924403602302751,0,1326,1326,2.088804006576538,25.0,8.0,246.0,False,infeasible,nils_complete,100035.24896066666,411.06768306596825,,79.3866503854413,,37.38632375433568,False,feasible_only,0.0,,False,100035.24896066666,,,
S0037_R10,3702036,truck_only,S0037,n50_p0.75_d2_uniform_Elow_V2.00_Hmedium_PWbase_B0.15,50,0.76,0.75,2,3,low,2.0,uniform,medium,base,0.15,100.0,20.0,1.0,peripheral,82327.39663014727,310.9638496712565,0.0,0.0,82016.43278047601,82016.43278047601,739.3447982623542,0.0,262.7659078369334,388.7048120890707,0.0,50,0,0.0,0,0,0.0,0.0,0.0,0.0,0.0,0.0,0,0.0,0.0,0,0,0,0.03638195991516113,0.0,0.0,0.0,True,feasible,baseline_truck_only,82327.39663014727,388.7048120890707,,,,0.0,True,feasible_only,0.0,82327.39663014727,True,82327.39663014727,,,
S0037_R10,3702036,nils,S0037,n50_p0.75_d2_uniform_Elow_V2.00_Hmedium_PWbase_B0.15,50,0.76,0.75,2,3,low,2.0,uniform,medium,base,0.15,100.0,20.0,1.0,peripheral,1286.3392464347844,164.511946451507,26.6618965902317,0.0,1095.1654033930458,1095.1654033930458,10.95165403393046,0.0,167.67387087448475,205.63993306438374,88.87298863410565,41,9,0.18,2,2,4.5,4.5,0.0,0.0,0.0,0.0,0,0.8396509097699907,0.8438261784091561,0,1266,1266,1.448065996170044,25.0,9.0,286.0,True,feasible,nils_complete,82327.39663014727,388.7048120890707,,98.43753197709674,,47.096118527788676,True,feasible_only,0.0,1286.3392464347844,True,82327.39663014727,,98.43753197709674,
S0038_R01,3802027,truck_only,S0038,n50_p0.75_d1_uniform_Elow_V2.00_Hlong_PWbase_B0.15,50,0.76,0.75,1,3,low,2.0,uniform,long,base,0.15,100.0,20.0,1.0,peripheral,98244.38447954303,349.2083120825824,0.0,0.0,97895.17616746045,97895.17616746045,823.6499578653688,0.0,322.8981454808747,436.51039010322785,0.0,50,0,0.0,0,0,0.0,0.0,0.0,0.0,0.0,0.0,0,0.0,0.0,0,0,0,0.02125692367553711,0.0,0.0,0.0,True,feasible,baseline_truck_only,98244.38447954303,436.51039010322785,,,,0.0,True,feasible_only,0.0,98244.38447954303,True,98244.38447954303,,,
S0038_R01,3802027,nils,S0038,n50_p0.75_d1_uniform_Elow_V2.00_Hlong_PWbase_B0.15,50,0.76,0.75,1,3,low,2.0,uniform,long,base,0.15,100.0,20.0,1.0,peripheral,10318.445652166345,219.974048882913,13.516873429460063,0.0,10084.954729853973,10084.954729853973,84.22032845901686,0.0,193.2282450242923,274.9675611036413,45.05624476486687,46,4,0.08,1,1,4.0,4.0,0.0,0.0,0.0,0.0,0,0.843336921439839,0.843336921439839,0,755,755,1.0871853828430176,25.0,7.0,106.0,True,feasible,nils_complete,98244.38447954303,436.51039010322785,,89.49716494552939,,37.0077855332113,True,feasible_only,0.0,10318.445652166345,True,98244.38447954303,,89.49716494552939,
S0038_R02,3802028,truck_only,S0038,n50_p0.75_d1_uniform_Elow_V2.00_Hlong_PWbase_B0.15,50,0.76,0.75,1,3,low,2.0,uniform,long,base,0.15,100.0,20.0,1.0,peripheral,110809.36732500939,337.1739007631337,0.0,0.0,110472.19342424624,110472.19342424624,933.8717836507518,0.0,326.6567329763421,421.4673759539171,0.0,50,0,0.0,0,0,0.0,0.0,0.0,0.0,0.0,0.0,0,0.0,0.0,0,0,0,0.024794816970825195,0.0,0.0,0.0,True,feasible,baseline_truck_only,110809.36732500939,421.4673759539171,,,,0.0,True,feasible_only,0.0,110809.36732500939,True,110809.36732500939,,,
S0038_R02,3802028,nils,S0038,n50_p0.75_d1_uniform_Elow_V2.00_Hlong_PWbase_B0.15,50,0.76,0.75,1,3,low,2.0,uniform,long,base,0.15,100.0,20.0,1.0,peripheral,26675.969015297305,223.63597395277725,12.800470919888769,0.0,26439.53257042464,26439.53257042464,244.46008720443857,0.0,219.8457521538384,279.5449674409716,42.66823639962923,47,3,0.06,1,1,3.0,3.0,0.0,0.0,0.0,0.0,0,0.8336238397619082,0.8336238397619082,0,817,817,1.0626468658447266,25.0,4.0,64.0,True,feasible,nils_complete,110809.36732500939,421.4673759539171,,75.92625094857246,,33.67340311731819,True,feasible_only,0.0,26675.969015297305,True,110809.36732500939,,75.92625094857246,
S0038_R03,3802029,truck_only,S0038,n50_p0.75_d1_uniform_Elow_V2.00_Hlong_PWbase_B0.15,50,0.76,0.75,1,3,low,2.0,uniform,long,base,0.15,100.0,20.0,1.0,peripheral,34993.649224046145,341.11164235150505,0.0,0.0,34652.53758169464,34652.53758169464,247.44159928382084,0.0,358.9957113190627,426.3895529393814,0.0,50,0,0.0,0,0,0.0,0.0,0.0,0.0,0.0,0.0,0,0.0,0.0,0,0,0,0.01838207244873047,0.0,0.0,0.0,True,feasible,baseline_truck_only,34993.649224046145,426.3895529393814,,,,0.0,True,feasible_only,0.0,34993.649224046145,True,34993.649224046145,,,
S0038_R03,3802029,nils,S0038,n50_p0.75_d1_uniform_Elow_V2.00_Hlong_PWbase_B0.15,50,0.76,0.75,1,3,low,2.0,uniform,long,base,0.15,100.0,20.0,1.0,peripheral,4342.6311674840335,195.6644759303335,13.171895296020692,0.0,4133.794796257679,4133.794796257679,36.59710303464746,0.0,179.59585476730055,244.5805949129168,43.90631765340231,45,5,0.1,1,1,5.0,5.0,0.0,0.0,0.0,0.0,0,0.8472415464695947,0.8472415464695947,0,516,516,0.9636242389678955,19.0,5.0,128.0,True,feasible,nils_complete,34993.649224046145,426.3895529393814,,87.59023061676014,,42.63916805023407,True,feasible_only,0.0,4342.6311674840335,True,34993.649224046145,,87.59023061676014,
S0038_R04,3802030,truck_only,S0038,n50_p0.75_d1_uniform_Elow_V2.00_Hlong_PWbase_B0.15,50,0.76,0.75,1,3,low,2.0,uniform,long,base,0.15,100.0,20.0,1.0,peripheral,102468.13944180368,340.6040137229049,0.0,0.0,102127.53542808078,102127.53542808078,881.9959705887129,0.0,348.5219280910989,425.7550171536311,0.0,50,0,0.0,0,0,0.0,0.0,0.0,0.0,0.0,0.0,0,0.0,0.0,0,0,0,0.023028135299682617,0.0,0.0,0.0,True,feasible,baseline_truck_only,102468.13944180368,425.7550171536311,,,,0.0,True,feasible_only,0.0,102468.13944180368,True,102468.13944180368,,,
S0038_R04,3802030,nils,S0038,n50_p0.75_d1_uniform_Elow_V2.00_Hlong_PWbase_B0.15,50,0.76,0.75,1,3,low,2.0,uniform,long,base,0.15,100.0,20.0,1.0,peripheral,14237.31028058647,209.25066427370416,12.631668116172722,0.0,14015.427948196591,14015.427948196591,134.275128443854,0.0,199.7714466597224,261.5633303421302,42.10556038724241,46,4,0.08,1,1,4.0,4.0,0.0,0.0,0.0,0.0,0,0.8493421002286664,0.8493421002286664,0,797,797,0.9788267612457275,25.0,6.0,63.0,True,feasible,nils_complete,102468.13944180368,425.7550171536311,,86.10562233476243,,38.56482723543651,True,feasible_only,0.0,14237.31028058647,True,102468.13944180368,,86.10562233476243,
S0038_R05,3802031,truck_only,S0038,n50_p0.75_d1_uniform_Elow_V2.00_Hlong_PWbase_B0.15,50,0.76,0.75,1,3,low,2.0,uniform,long,base,0.15,100.0,20.0,1.0,peripheral,127956.79625173954,430.7870244793725,0.0,0.0,127526.00922726016,127526.00922726016,1065.0282146624188,0.0,376.4742956200956,538.4837805992157,0.0,50,0,0.0,0,0,0.0,0.0,0.0,0.0,0.0,0.0,0,0.0,0.0,0,0,0,0.020008563995361328,0.0,0.0,0.0,True,feasible,baseline_truck_only,127956.79625173954,538.4837805992157,,,,0.0,True,feasible_only,0.0,127956.79625173954,True,127956.79625173954,,,
S0038_R05,3802031,nils,S0038,n50_p0.75_d1_uniform_Elow_V2.00_Hlong_PWbase_B0.15,50,0.76,0.75,1,3,low,2.0,uniform,long,base,0.15,100.0,20.0,1.0,peripheral,9852.649205499598,238.7854208956694,12.855905742352055,0.0,9601.007878861576,9601.007878861576,86.30835029141039,0.0,202.34005006150187,298.4817761195868,42.85301914117352,47,3,0.06,1,1,3.0,3.0,0.0,0.0,0.0,0.0,0,0.8426093808131737,0.8426093808131737,0,464,464,0.659632682800293,15.0,3.0,67.0,True,feasible,nils_complete,127956.79625173954,538.4837805992157,,92.30001883908089,,44.56995978830759,True,feasible_only,0.0,9852.649205499598,True,127956.79625173954,,92.30001883908089,
S0038_R06,3802032,truck_only,S0038,n50_p0.75_d1_uniform_Elow_V2.00_Hlong_PWbase_B0.15,50,0.76,0.75,1,3,low,2.0,uniform,long,base,0.15,100.0,20.0,1.0,peripheral,62803.05219764635,328.27269783141014,0.0,0.0,62474.77949981494,62474.77949981494,544.3457162469317,0.0,297.5581439721399,410.3408722892626,0.0,50,0,0.0,0,0,0.0,0.0,0.0,0.0,0.0,0.0,0,0.0,0.0,0,0,0,0.024933815002441406,0.0,0.0,0.0,True,feasible,baseline_truck_only,62803.05219764635,410.3408722892626,,,,0.0,True,feasible_only,0.0,62803.05219764635,True,62803.05219764635,,,
S0038_R06,3802032,nils,S0038,n50_p0.75_d1_uniform_Elow_V2.00_Hlong_PWbase_B0.15,50,0.76,0.75,1,3,low,2.0,uniform,long,base,0.15,100.0,20.0,1.0,peripheral,7255.69761100984,195.52754051354432,12.887243878737353,0.0,7047.282826617558,7047.282826617558,70.47282826617558,0.0,187.91862877522436,244.4094256419304,42.95747959579118,48,2,0.04,1,1,2.0,2.0,0.0,0.0,0.0,0.0,0,0.8211155116590741,0.8211155116590741,0,561,561,0.7963671684265137,17.0,3.0,54.0,True,feasible,nils_complete,62803.05219764635,410.3408722892626,,88.44690288590502,,40.437465008448335,True,feasible_only,0.0,7255.69761100984,True,62803.05219764635,,88.44690288590502,
S0038_R07,3802033,truck_only,S0038,n50_p0.75_d1_uniform_Elow_V2.00_Hlong_PWbase_B0.15,50,0.76,0.75,1,3,low,2.0,uniform,long,base,0.15,100.0,20.0,1.0,peripheral,152801.54127782097,404.0064344510034,0.0,0.0,152397.53484336997,152397.53484336997,1212.1679316020031,0.0,459.271938497853,505.00804306375426,0.0,50,0,0.0,0,0,0.0,0.0,0.0,0.0,0.0,0.0,0,0.0,0.0,0,0,0,0.023642301559448242,0.0,0.0,0.0,True,feasible,baseline_truck_only,152801.54127782097,505.00804306375426,,,,0.0,True,feasible_only,0.0,152801.54127782097,True,152801.54127782097,,,
S0038_R07,3802033,nils,S0038,n50_p0.75_d1_uniform_Elow_V2.00_Hlong_PWbase_B0.15,50,0.76,0.75,1,3,low,2.0,uniform,long,base,0.15,100.0,20.0,1.0,peripheral,14838.843981708678,240.54237989280438,11.652130060996194,0.0,14586.649471754878,14586.649471754878,106.94668940164158,0.0,233.34949144211973,300.6779748660055,38.84043353665398,47,3,0.06,1,1,3.0,3.0,0.0,0.0,0.0,0.0,0,0.7550227113098609,0.7550227113098609,0,806,806,1.3054280281066895,25.0,7.0,75.0,True,feasible,nils_complete,152801.54127782097,505.00804306375426,,90.2888126274008,,40.46075523037824,True,feasible_only,0.0,14838.843981708678,True,152801.54127782097,,90.2888126274008,
S0038_R08,3802034,truck_only,S0038,n50_p0.75_d1_uniform_Elow_V2.00_Hlong_PWbase_B0.15,50,0.76,0.75,1,3,low,2.0,uniform,long,base,0.15,100.0,20.0,1.0,peripheral,148526.19863000087,362.6358776935169,0.0,0.0,148163.56275230736,148163.56275230736,1226.9468745525269,0.0,386.7692416947551,453.29484711689594,0.0,50,0,0.0,0,0,0.0,0.0,0.0,0.0,0.0,0.0,0,0.0,0.0,0,0,0,0.019556522369384766,0.0,0.0,0.0,True,feasible,baseline_truck_only,148526.19863000087,453.29484711689594,,,,0.0,True,feasible_only,0.0,148526.19863000087,True,148526.19863000087,,,
S0038_R08,3802034,nils,S0038,n50_p0.75_d1_uniform_Elow_V2.00_Hlong_PWbase_B0.15,50,0.76,0.75,1,3,low,2.0,uniform,long,base,0.15,100.0,20.0,1.0,peripheral,14995.597883787907,232.75566825510262,13.54921103219593,0.0,14749.293004500609,14749.293004500609,140.30679044837697,0.0,206.73668518638158,290.9445853188783,45.16403677398643,45,5,0.1,1,1,5.0,5.0,0.0,0.0,0.0,0.0,0,0.8405266470686231,0.8405266470686231,0,729,729,1.1242523193359375,25.0,6.0,111.0,True,feasible,nils_complete,148526.19863000087,453.29484711689594,,89.90373548767379,,35.81559835295252,True,feasible_only,0.0,14995.597883787907,True,148526.19863000087,,89.90373548767379,
S0038_R09,3802035,truck_only,S0038,n50_p0.75_d1_uniform_Elow_V2.00_Hlong_PWbase_B0.15,50,0.76,0.75,1,3,low,2.0,uniform,long,base,0.15,100.0,20.0,1.0,peripheral,78380.1732450465,355.1055603991334,0.0,0.0,78025.06768464738,78025.06768464738,573.0473374346353,0.0,362.4797165951827,443.8819504989168,0.0,50,0,0.0,0,0,0.0,0.0,0.0,0.0,0.0,0.0,0,0.0,0.0,0,0,0,0.021503925323486328,0.0,0.0,0.0,True,feasible,baseline_truck_only,78380.1732450465,443.8819504989168,,,,0.0,True,feasible_only,0.0,78380.1732450465,True,78380.1732450465,,,
S0038_R09,3802035,nils,S0038,n50_p0.75_d1_uniform_Elow_V2.00_Hlong_PWbase_B0.15,50,0.76,0.75,1,3,low,2.0,uniform,long,base,0.15,100.0,20.0,1.0,peripheral,16245.511265443605,215.66240196832365,12.557649470665273,0.0,16017.291214004616,16017.291214004616,149.35423477338625,0.0,192.56122300012075,269.57800246040443,41.85883156888424,47,3,0.06,1,1,3.0,3.0,0.0,0.0,0.0,0.0,0,0.8231381857176333,0.8231381857176333,0,818,818,1.3104650974273682,25.0,6.0,63.0,True,feasible,nils_complete,78380.1732450465,443.8819504989168,,79.27344302410012,,39.268086445641075,True,feasible_only,0.0,16245.511265443605,True,78380.1732450465,,79.27344302410012,
S0038_R10,3802036,truck_only,S0038,n50_p0.75_d1_uniform_Elow_V2.00_Hlong_PWbase_B0.15,50,0.76,0.75,1,3,low,2.0,uniform,long,base,0.15,100.0,20.0,1.0,peripheral,199271.98535574385,365.4541202838307,0.0,0.0,198906.53123546002,198906.53123546002,1900.1218455679164,0.0,403.8198337062058,456.8176503547885,0.0,50,0,0.0,0,0,0.0,0.0,0.0,0.0,0.0,0.0,0,0.0,0.0,0,0,0,0.026535511016845703,0.0,0.0,0.0,True,feasible,baseline_truck_only,199271.98535574385,456.8176503547885,,,,0.0,True,feasible_only,0.0,199271.98535574385,True,199271.98535574385,,,
S0038_R10,3802036,nils,S0038,n50_p0.75_d1_uniform_Elow_V2.00_Hlong_PWbase_B0.15,50,0.76,0.75,1,3,low,2.0,uniform,long,base,0.15,100.0,20.0,1.0,peripheral,31338.103445628964,192.53570202819364,13.070253065582689,0.0,31132.49749053519,31132.49749053519,305.68644722206443,0.0,214.83819130575188,240.66962753524206,43.567510218608966,45,5,0.1,1,1,5.0,5.0,0.0,0.0,0.0,0.0,0,0.8494675139662596,0.8494675139662596,0,501,501,0.898855447769165,17.0,5.0,77.0,True,feasible,nils_complete,199271.98535574385,456.8176503547885,,84.27370340608408,,47.31604014242326,True,feasible_only,0.0,31338.103445628964,True,199271.98535574385,,84.27370340608408,
S0039_R01,3902027,truck_only,S0039,n50_p0.75_d1_uniform_Emedium_V1.25_Hshort_PWmoderate_B0.15,50,0.76,0.75,1,3,medium,1.25,uniform,short,moderate,0.15,20.0,5.0,1.0,peripheral,16740.30781654153,373.46980903479056,0.0,0.0,16366.838007506742,16366.838007506742,687.4360309926427,0.0,337.225490005654,466.83726129348815,0.0,50,0,0.0,0,0,0.0,0.0,0.0,0.0,0.0,0.0,0,0.0,0.0,0,0,0,0.029047012329101562,0.0,0.0,0.0,True,feasible,baseline_truck_only,16740.30781654153,466.83726129348815,,,,0.0,True,feasible_only,0.0,16740.30781654153,True,16740.30781654153,,,
S0039_R01,3902027,nils,S0039,n50_p0.75_d1_uniform_Emedium_V1.25_Hshort_PWmoderate_B0.15,50,0.76,0.75,1,3,medium,1.25,uniform,short,moderate,0.15,20.0,5.0,1.0,peripheral,3002.0674332784115,225.1688201358022,12.009253630587665,0.0,2764.8893595120217,2764.8893595120217,126.57578264963584,0.0,208.95925871224586,281.4610251697528,40.03084543529222,46,4,0.08,1,1,4.0,4.0,0.0,0.0,0.0,0.0,0,0.8489757314305623,0.8489757314305623,0,782,782,0.9571859836578369,25.0,3.0,78.0,True,feasible,nils_complete,16740.30781654153,466.83726129348815,,82.06683254466809,,39.708963164188006,True,feasible_only,0.0,3002.0674332784115,True,16740.30781654153,,82.06683254466809,
S0039_R02,3902028,truck_only,S0039,n50_p0.75_d1_uniform_Emedium_V1.25_Hshort_PWmoderate_B0.15,50,0.76,0.75,1,3,medium,1.25,uniform,short,moderate,0.15,20.0,5.0,1.0,peripheral,20436.749427193005,428.1440653035857,0.0,0.0,20008.60536188942,20008.60536188942,909.067261110494,0.0,353.8850233107593,535.1800816294822,0.0,50,0,0.0,0,0,0.0,0.0,0.0,0.0,0.0,0.0,0,0.0,0.0,0,0,0,0.024094104766845703,0.0,0.0,0.0,True,feasible,baseline_truck_only,20436.749427193005,535.1800816294822,,,,0.0,True,feasible_only,0.0,20436.749427193005,True,20436.749427193005,,,
S0039_R02,3902028,nils,S0039,n50_p0.75_d1_uniform_Emedium_V1.25_Hshort_PWmoderate_B0.15,50,0.76,0.75,1,3,medium,1.25,uniform,short,moderate,0.15,20.0,5.0,1.0,peripheral,3780.8086623667805,231.69100162299637,11.367230658270078,0.0,3537.750430085514,3537.750430085514,176.8875215042757,0.0,182.37966195574248,289.61375202874535,37.890768860900266,42,8,0.16,1,1,8.0,8.0,0.0,0.0,0.0,0.0,0,0.841911949911102,0.841911949911102,0,654,654,1.4230990409851074,25.0,8.0,133.0,True,feasible,nils_complete,20436.749427193005,535.1800816294822,,81.49995097881828,,45.884803644607274,True,feasible_only,0.0,3780.8086623667805,True,20436.749427193005,,81.49995097881828,
S0039_R03,3902029,truck_only,S0039,n50_p0.75_d1_uniform_Emedium_V1.25_Hshort_PWmoderate_B0.15,50,0.76,0.75,1,3,medium,1.25,uniform,short,moderate,0.15,20.0,5.0,1.0,peripheral,29399.989955176545,359.57898801067523,0.0,0.0,29040.41096716587,29040.41096716587,1102.303682266814,0.0,472.7249572957977,449.47373501334414,0.0,50,0,0.0,0,0,0.0,0.0,0.0,0.0,0.0,0.0,0,0.0,0.0,0,0,0,0.026575326919555664,0.0,0.0,0.0,True,feasible,baseline_truck_only,29399.989955176545,449.47373501334414,,,,0.0,True,feasible_only,0.0,29399.989955176545,True,29399.989955176545,,,
S0039_R03,3902029,nils,S0039,n50_p0.75_d1_uniform_Emedium_V1.25_Hshort_PWmoderate_B0.15,50,0.76,0.75,1,3,medium,1.25,uniform,short,moderate,0.15,20.0,5.0,1.0,peripheral,4315.784017479,207.52905955610757,11.397920821607503,0.0,4096.857037101285,4096.857037101285,195.02693550359754,0.0,210.21812353407262,259.4113244451345,37.99306940535834,46,4,0.08,1,1,4.0,4.0,0.0,0.0,0.0,0.0,0,0.8239029585284265,0.8239029585284265,0,808,808,1.1694698333740234,25.0,7.0,53.0,True,feasible,nils_complete,29399.989955176545,449.47373501334414,,85.32045751015943,,42.285543239265586,True,feasible_only,0.0,4315.784017479,True,29399.989955176545,,85.32045751015943,
S0039_R04,3902030,truck_only,S0039,n50_p0.75_d1_uniform_Emedium_V1.25_Hshort_PWmoderate_B0.15,50,0.76,0.75,1,3,medium,1.25,uniform,short,moderate,0.15,20.0,5.0,1.0,peripheral,34579.06755396672,370.9800766642694,0.0,0.0,34208.08747730245,34208.08747730245,1432.7092528214664,0.0,366.1184977007314,463.7250958303369,0.0,50,0,0.0,0,0,0.0,0.0,0.0,0.0,0.0,0.0,0,0.0,0.0,0,0,0,0.021107912063598633,0.0,0.0,0.0,True,feasible,baseline_truck_only,34579.06755396672,463.7250958303369,,,,0.0,True,feasible_only,0.0,34579.06755396672,True,34579.06755396672,,,
S0039_R04,3902030,nils,S0039,n50_p0.75_d1_uniform_Emedium_V1.25_Hshort_PWmoderate_B0.15,50,0.76,0.75,1,3,medium,1.25,uniform,short,moderate,0.15,20.0,5.0,1.0,peripheral,4566.0544750018435,211.69053836370006,11.582164382126994,0.0,4342.781772256017,4342.781772256017,207.0824890804181,0.0,196.23206322800135,264.61317295462504,38.60721460708998,47,3,0.06,1,1,3.0,3.0,0.0,0.0,0.0,0.0,0,0.8374750736063813,0.8374750736063813,0,526,526,0.7603707313537598,16.0,4.0,40.0,True,feasible,nils_complete,34579.06755396672,463.7250958303369,,86.79532214720447,,42.937491342621,True,feasible_only,0.0,4566.0544750018435,True,34579.06755396672,,86.79532214720447,
S0039_R05,3902031,truck_only,S0039,n50_p0.75_d1_uniform_Emedium_V1.25_Hshort_PWmoderate_B0.15,50,0.76,0.75,1,3,medium,1.25,uniform,short,moderate,0.15,20.0,5.0,1.0,peripheral,32482.993676297352,357.7323694399115,0.0,0.0,32125.26130685744,32125.26130685744,1506.1438770471175,0.0,319.656866228539,447.1654617998893,0.0,50,0,0.0,0,0,0.0,0.0,0.0,0.0,0.0,0.0,0,0.0,0.0,0,0,0,0.019092082977294922,0.0,0.0,0.0,True,feasible,baseline_truck_only,32482.993676297352,447.1654617998893,,,,0.0,True,feasible_only,0.0,32482.993676297352,True,32482.993676297352,,,
S0039_R05,3902031,nils,S0039,n50_p0.75_d1_uniform_Emedium_V1.25_Hshort_PWmoderate_B0.15,50,0.76,0.75,1,3,medium,1.25,uniform,short,moderate,0.15,20.0,5.0,1.0,peripheral,5666.973344303619,219.94201445462195,10.789606497112745,0.0,5436.2417233518845,5436.2417233518845,269.97500190048777,0.0,193.56088076656903,274.92751806827755,35.965354990375815,45,5,0.1,1,1,5.0,5.0,0.0,0.0,0.0,0.0,0,0.805419842485814,0.805419842485814,0,788,788,1.0004839897155762,25.0,7.0,54.0,True,feasible,nils_complete,32482.993676297352,447.1654617998893,,82.55402996171878,,38.517720719828276,True,feasible_only,0.0,5666.973344303619,True,32482.993676297352,,82.55402996171878,
S0039_R06,3902032,truck_only,S0039,n50_p0.75_d1_uniform_Emedium_V1.25_Hshort_PWmoderate_B0.15,50,0.76,0.75,1,3,medium,1.25,uniform,short,moderate,0.15,20.0,5.0,1.0,peripheral,24813.91595002066,369.2498392843683,0.0,0.0,24444.66611073629,24444.66611073629,799.9945977564794,0.0,395.61570858750497,461.56229910546045,0.0,50,0,0.0,0,0,0.0,0.0,0.0,0.0,0.0,0.0,0,0.0,0.0,0,0,0,0.01908564567565918,0.0,0.0,0.0,True,feasible,baseline_truck_only,24813.91595002066,461.56229910546045,,,,0.0,True,feasible_only,0.0,24813.91595002066,True,24813.91595002066,,,
S0039_R06,3902032,nils,S0039,n50_p0.75_d1_uniform_Emedium_V1.25_Hshort_PWmoderate_B0.15,50,0.76,0.75,1,3,medium,1.25,uniform,short,moderate,0.15,20.0,5.0,1.0,peripheral,1700.0570072318085,236.3891733920617,11.786188794063815,0.0,1451.881645045683,1451.881645045683,16.332683824563922,0.0,207.71303384075296,295.48646674007716,39.28729598021272,44,6,0.12,1,1,6.0,6.0,0.0,0.0,0.0,0.0,0,0.849620199168683,0.849620199168683,0,561,561,0.9968714714050293,20.0,7.0,100.0,True,feasible,nils_complete,24813.91595002066,461.56229910546045,,93.14877582943375,,35.981238651261094,True,feasible_only,0.0,1700.0570072318085,True,24813.91595002066,,93.14877582943375,
S0039_R07,3902033,truck_only,S0039,n50_p0.75_d1_uniform_Emedium_V1.25_Hshort_PWmoderate_B0.15,50,0.76,0.75,1,3,medium,1.25,uniform,short,moderate,0.15,20.0,5.0,1.0,peripheral,15123.185022793368,370.67544152498476,0.0,0.0,14752.509581268383,14752.509581268383,577.6970966399845,0.0,309.8404878896105,463.34430190623107,0.0,50,0,0.0,0,0,0.0,0.0,0.0,0.0,0.0,0.0,0,0.0,0.0,0,0,0,0.024150848388671875,0.0,0.0,0.0,True,feasible,baseline_truck_only,15123.185022793368,463.34430190623107,,,,0.0,True,feasible_only,0.0,15123.185022793368,True,15123.185022793368,,,
S0039_R07,3902033,nils,S0039,n50_p0.75_d1_uniform_Emedium_V1.25_Hshort_PWmoderate_B0.15,50,0.76,0.75,1,3,medium,1.25,uniform,short,moderate,0.15,20.0,5.0,1.0,peripheral,2375.8772432754986,239.74369568940827,11.444634350241785,0.0,2124.6889132358483,2124.6889132358483,85.20512834137534,0.0,215.27582847192014,299.67961961176036,38.14878116747262,47,3,0.06,1,1,3.0,3.0,0.0,0.0,0.0,0.0,0,0.8231813171696282,0.8231813171696282,0,547,547,0.7785351276397705,17.0,4.0,54.0,True,feasible,nils_complete,15123.185022793368,463.34430190623107,,84.28983550955289,,35.32247653011868,True,feasible_only,0.0,2375.8772432754986,True,15123.185022793368,,84.28983550955289,
S0039_R08,3902034,truck_only,S0039,n50_p0.75_d1_uniform_Emedium_V1.25_Hshort_PWmoderate_B0.15,50,0.76,0.75,1,3,medium,1.25,uniform,short,moderate,0.15,20.0,5.0,1.0,peripheral,17729.172164702493,335.83568995383655,0.0,0.0,17393.336474748656,17393.336474748656,672.1664234136223,0.0,313.1395660789208,419.79461244229566,0.0,50,0,0.0,0,0,0.0,0.0,0.0,0.0,0.0,0.0,0,0.0,0.0,0,0,0,0.024448156356811523,0.0,0.0,0.0,True,feasible,baseline_truck_only,17729.172164702493,419.79461244229566,,,,0.0,True,feasible_only,0.0,17729.172164702493,True,17729.172164702493,,,
S0039_R08,3902034,nils,S0039,n50_p0.75_d1_uniform_Emedium_V1.25_Hshort_PWmoderate_B0.15,50,0.76,0.75,1,3,medium,1.25,uniform,short,moderate,0.15,20.0,5.0,1.0,peripheral,3440.429726712733,236.4803960649859,11.663305929679881,0.0,3192.2860247180674,3192.2860247180674,145.49256600093085,0.0,210.54748595341124,295.60049508123245,38.87768643226627,46,4,0.08,1,1,4.0,4.0,0.0,0.0,0.0,0.0,0,0.8391696049509073,0.8391696049509073,0,776,776,1.0400526523590088,25.0,4.0,85.0,True,feasible,nils_complete,17729.172164702493,419.79461244229566,,80.59452694828933,,29.584495293668102,True,feasible_only,0.0,3440.429726712733,True,17729.172164702493,,80.59452694828933,
S0039_R09,3902035,truck_only,S0039,n50_p0.75_d1_uniform_Emedium_V1.25_Hshort_PWmoderate_B0.15,50,0.76,0.75,1,3,medium,1.25,uniform,short,moderate,0.15,20.0,5.0,1.0,peripheral,32617.50672689129,365.1922530083731,0.0,0.0,32252.314473882918,32252.314473882918,1145.81347311864,0.0,541.7021101569229,456.49031626046644,0.0,50,0,0.0,0,0,0.0,0.0,0.0,0.0,0.0,0.0,0,0.0,0.0,0,0,0,0.023163557052612305,0.0,0.0,0.0,False,infeasible,baseline_truck_only,32617.50672689129,456.49031626046644,,,,0.0,False,feasible_only,0.0,,False,,,,
S0039_R09,3902035,nils,S0039,n50_p0.75_d1_uniform_Emedium_V1.25_Hshort_PWmoderate_B0.15,50,0.76,0.75,1,3,medium,1.25,uniform,short,moderate,0.15,20.0,5.0,1.0,peripheral,32617.50672689129,365.1922530083731,0.0,0.0,32252.314473882918,32252.314473882918,1145.81347311864,0.0,541.7021101569229,456.49031626046644,0.0,50,0,0.0,0,0,0.0,0.0,0.0,0.0,0.0,0.0,0,0.0,0.0,0,300,300,4.533128976821899,25.0,0.0,250.0,False,infeasible,nils_complete,32617.50672689129,456.49031626046644,,0.0,,0.0,False,feasible_only,0.0,,False,,,,
S0039_R10,3902036,truck_only,S0039,n50_p0.75_d1_uniform_Emedium_V1.25_Hshort_PWmoderate_B0.15,50,0.76,0.75,1,3,medium,1.25,uniform,short,moderate,0.15,20.0,5.0,1.0,peripheral,31254.22583752806,326.8917080896407,0.0,0.0,30927.334129438423,30927.334129438423,1487.4615456573968,0.0,362.19786968866384,408.614635112051,0.0,50,0,0.0,0,0,0.0,0.0,0.0,0.0,0.0,0.0,0,0.0,0.0,0,0,0,0.02370166778564453,0.0,0.0,0.0,True,feasible,baseline_truck_only,31254.22583752806,408.614635112051,,,,0.0,True,feasible_only,0.0,31254.22583752806,True,31254.22583752806,,,
S0039_R10,3902036,nils,S0039,n50_p0.75_d1_uniform_Emedium_V1.25_Hshort_PWmoderate_B0.15,50,0.76,0.75,1,3,medium,1.25,uniform,short,moderate,0.15,20.0,5.0,1.0,peripheral,5108.090992885856,256.6684170284164,11.683242998359354,0.0,4839.739332859081,4839.739332859081,221.52395850779442,0.0,231.95432359993652,320.83552128552054,38.944143327864516,45,5,0.1,1,1,5.0,5.0,0.0,0.0,0.0,0.0,0,0.8426688412443377,0.8426688412443377,0,623,623,1.1943347454071045,22.0,6.0,120.0,True,feasible,nils_complete,31254.22583752806,408.614635112051,,83.65631892647174,,21.482126748215844,True,feasible_only,0.0,5108.090992885856,True,31254.22583752806,,83.65631892647174,
S0040_R01,4002027,truck_only,S0040,n50_p0.75_d1_uniform_Emedium_V2.00_Hmedium_PWbase_B0.15,50,0.76,0.75,1,3,medium,2.0,uniform,medium,base,0.15,100.0,20.0,1.0,peripheral,99267.45576099456,348.1688940325855,0.0,0.0,98919.28686696198,98919.28686696198,919.6243783620369,0.0,290.8448055612994,435.21111754073195,0.0,50,0,0.0,0,0,0.0,0.0,0.0,0.0,0.0,0.0,0,0.0,0.0,0,0,0,0.029607772827148438,0.0,0.0,0.0,True,feasible,baseline_truck_only,99267.45576099456,435.21111754073195,,,,0.0,True,feasible_only,0.0,99267.45576099456,True,99267.45576099456,,,
S0040_R01,4002027,nils,S0040,n50_p0.75_d1_uniform_Emedium_V2.00_Hmedium_PWbase_B0.15,50,0.76,0.75,1,3,medium,2.0,uniform,medium,base,0.15,100.0,20.0,1.0,peripheral,12255.190309905527,237.9078651096858,18.271710707271943,0.0,11999.01073408857,11999.01073408857,114.46555309710467,0.0,213.62480107822716,297.38483138710734,60.90570235757314,44,6,0.12,1,1,6.0,6.0,0.0,0.0,0.0,0.0,0,0.842161931350192,0.842161931350192,0,620,620,1.3481097221374512,25.0,7.0,204.0,True,feasible,nils_complete,99267.45576099456,435.21111754073195,,87.65437250712637,,31.668833951771756,True,feasible_only,0.0,12255.190309905527,True,99267.45576099456,,87.65437250712637,
S0040_R02,4002028,truck_only,S0040,n50_p0.75_d1_uniform_Emedium_V2.00_Hmedium_PWbase_B0.15,50,0.76,0.75,1,3,medium,2.0,uniform,medium,base,0.15,100.0,20.0,1.0,peripheral,124910.76251985927,405.7410995457362,0.0,0.0,124505.02142031354,124505.02142031354,957.1951836528182,0.0,478.2950540450123,507.17637443217035,0.0,50,0,0.0,0,0,0.0,0.0,0.0,0.0,0.0,0.0,0,0.0,0.0,0,0,0,0.023411273956298828,0.0,0.0,0.0,True,feasible,baseline_truck_only,124910.76251985927,507.17637443217035,,,,0.0,True,feasible_only,0.0,124910.76251985927,True,124910.76251985927,,,
S0040_R02,4002028,nils,S0040,n50_p0.75_d1_uniform_Emedium_V2.00_Hmedium_PWbase_B0.15,50,0.76,0.75,1,3,medium,2.0,uniform,medium,base,0.15,100.0,20.0,1.0,peripheral,20560.62595935131,246.7360687773142,19.463579669065744,0.0,20294.426310904928,20294.426310904928,184.47535798205973,0.0,211.4975805231517,308.4200859716427,64.8785988968858,47,3,0.06,1,1,3.0,3.0,0.0,0.0,0.0,0.0,0,0.8394936589252283,0.8394936589252283,0,778,778,1.69419264793396,25.0,6.0,103.0,True,feasible,nils_complete,124910.76251985927,507.17637443217035,,83.53974826141788,,39.18879081918064,True,feasible_only,0.0,20560.62595935131,True,124910.76251985927,,83.53974826141788,
S0040_R03,4002029,truck_only,S0040,n50_p0.75_d1_uniform_Emedium_V2.00_Hmedium_PWbase_B0.15,50,0.76,0.75,1,3,medium,2.0,uniform,medium,base,0.15,100.0,20.0,1.0,peripheral,103051.9404151944,344.43318658905605,0.0,0.0,102707.50722860535,102707.50722860535,921.7587963793651,0.0,358.6228454775139,430.5414832363202,0.0,50,0,0.0,0,0,0.0,0.0,0.0,0.0,0.0,0.0,0,0.0,0.0,0,0,0,0.03265953063964844,0.0,0.0,0.0,True,feasible,baseline_truck_only,103051.9404151944,430.5414832363202,,,,0.0,True,feasible_only,0.0,103051.9404151944,True,103051.9404151944,,,
S0040_R03,4002029,nils,S0040,n50_p0.75_d1_uniform_Emedium_V2.00_Hmedium_PWbase_B0.15,50,0.76,0.75,1,3,medium,2.0,uniform,medium,base,0.15,100.0,20.0,1.0,peripheral,10476.78889118068,211.93832411306664,18.34580009620617,0.0,10246.504766971408,10246.504766971408,89.79847459875889,0.0,214.81732085676668,264.92290514133333,61.15266698735391,44,6,0.12,1,1,6.0,6.0,0.0,0.0,0.0,0.0,0,0.8439184469210633,0.8439184469210633,0,405,405,1.1701586246490479,17.0,6.0,160.0,True,feasible,nils_complete,103051.9404151944,430.5414832363202,,89.83348702705656,,38.467507671979746,True,feasible_only,0.0,10476.78889118068,True,103051.9404151944,,89.83348702705656,
S0040_R04,4002030,truck_only,S0040,n50_p0.75_d1_uniform_Emedium_V2.00_Hmedium_PWbase_B0.15,50,0.76,0.75,1,3,medium,2.0,uniform,medium,base,0.15,100.0,20.0,1.0,peripheral,97815.07842951421,411.19725989870614,0.0,0.0,97403.8811696155,97403.8811696155,738.0846075338939,0.0,497.60103956588915,513.9965748733823,0.0,50,0,0.0,0,0,0.0,0.0,0.0,0.0,0.0,0.0,0,0.0,0.0,0,0,0,0.025697708129882812,0.0,0.0,0.0,False,infeasible,baseline_truck_only,97815.07842951421,513.9965748733823,,,,0.0,False,feasible_only,0.0,,False,,,,
S0040_R04,4002030,nils,S0040,n50_p0.75_d1_uniform_Emedium_V2.00_Hmedium_PWbase_B0.15,50,0.76,0.75,1,3,medium,2.0,uniform,medium,base,0.15,100.0,20.0,1.0,peripheral,5688.270180413672,250.7214391618183,19.53052611866164,0.0,5418.018215133192,5418.018215133192,28.84457392094447,0.0,247.33054616246784,313.4017989522729,65.10175372887214,47,3,0.06,1,1,3.0,3.0,0.0,0.0,0.0,0.0,0,0.8478071365081411,0.8478071365081411,0,530,530,1.5163600444793701,18.0,5.0,90.0,True,feasible,nils_complete,97815.07842951421,513.9965748733823,,94.18466940706627,,39.02648105593386,True,feasible_only,0.0,5688.270180413672,True,,,,
S0040_R05,4002031,truck_only,S0040,n50_p0.75_d1_uniform_Emedium_V2.00_Hmedium_PWbase_B0.15,50,0.76,0.75,1,3,medium,2.0,uniform,medium,base,0.15,100.0,20.0,1.0,peripheral,97360.6104709752,386.54613758264384,0.0,0.0,96974.06433339255,96974.06433339255,929.1033773063837,0.0,357.46983122494936,483.1826719783048,0.0,50,0,0.0,0,0,0.0,0.0,0.0,0.0,0.0,0.0,0,0.0,0.0,0,0,0,0.02460956573486328,0.0,0.0,0.0,True,feasible,baseline_truck_only,97360.6104709752,483.1826719783048,,,,0.0,True,feasible_only,0.0,97360.6104709752,True,97360.6104709752,,,
S0040_R05,4002031,nils,S0040,n50_p0.75_d1_uniform_Emedium_V2.00_Hmedium_PWbase_B0.15,50,0.76,0.75,1,3,medium,2.0,uniform,medium,base,0.15,100.0,20.0,1.0,peripheral,3043.123683199011,237.09960946872548,18.541583623875592,0.0,2787.48249010641,2787.48249010641,17.95445713146237,0.0,198.85811641284204,296.37451183590673,61.80527874625198,44,6,0.12,1,1,6.0,6.0,0.0,0.0,0.0,0.0,0,0.802885028190193,0.802885028190193,0,540,540,1.3604223728179932,25.0,6.0,251.0,True,feasible,nils_complete,97360.6104709752,483.1826719783048,,96.87437900350243,,38.66201562600446,True,feasible_only,0.0,3043.123683199011,True,97360.6104709752,,96.87437900350243,
S0040_R06,4002032,truck_only,S0040,n50_p0.75_d1_uniform_Emedium_V2.00_Hmedium_PWbase_B0.15,50,0.76,0.75,1,3,medium,2.0,uniform,medium,base,0.15,100.0,20.0,1.0,peripheral,114029.74989433454,361.15745095106877,0.0,0.0,113668.59244338347,113668.59244338347,1038.8797643203732,0.0,367.87639865467884,451.44681368883596,0.0,50,0,0.0,0,0,0.0,0.0,0.0,0.0,0.0,0.0,0,0.0,0.0,0,0,0,0.01938652992248535,0.0,0.0,0.0,True,feasible,baseline_truck_only,114029.74989433454,451.44681368883596,,,,0.0,True,feasible_only,0.0,114029.74989433454,True,114029.74989433454,,,
S0040_R06,4002032,nils,S0040,n50_p0.75_d1_uniform_Emedium_V2.00_Hmedium_PWbase_B0.15,50,0.76,0.75,1,3,medium,2.0,uniform,medium,base,0.15,100.0,20.0,1.0,peripheral,25655.290929315397,255.46445215741994,18.246203411470862,0.0,25381.580273746506,25381.580273746506,248.71970839804797,0.0,229.99455188265733,319.33056519677496,60.820678038236196,43,7,0.14,1,1,7.0,7.0,0.0,0.0,0.0,0.0,0,0.8461139054706931,0.8461139054706931,0,622,622,1.2418360710144043,25.0,12.0,181.0,True,feasible,nils_complete,114029.74989433454,451.44681368883596,,77.5012302025666,,29.26507497362101,True,feasible_only,0.0,25655.290929315397,True,114029.74989433454,,77.5012302025666,
S0040_R07,4002033,truck_only,S0040,n50_p0.75_d1_uniform_Emedium_V2.00_Hmedium_PWbase_B0.15,50,0.76,0.75,1,3,medium,2.0,uniform,medium,base,0.15,100.0,20.0,1.0,peripheral,91421.74624133827,318.3609247093956,0.0,0.0,91103.38531662888,91103.38531662888,872.5378735799136,0.0,335.1988373763756,397.95115588674435,0.0,50,0,0.0,0,0,0.0,0.0,0.0,0.0,0.0,0.0,0,0.0,0.0,0,0,0,0.023904800415039062,0.0,0.0,0.0,True,feasible,baseline_truck_only,91421.74624133827,397.95115588674435,,,,0.0,True,feasible_only,0.0,91421.74624133827,True,91421.74624133827,,,
S0040_R07,4002033,nils,S0040,n50_p0.75_d1_uniform_Emedium_V2.00_Hmedium_PWbase_B0.15,50,0.76,0.75,1,3,medium,2.0,uniform,medium,base,0.15,100.0,20.0,1.0,peripheral,26116.06254361104,213.65181521364644,17.534010052947508,0.0,25884.876718344443,25884.876718344443,257.15185775722796,0.0,171.30857846086678,267.06476901705804,58.44670017649169,46,4,0.08,1,1,4.0,4.0,0.0,0.0,0.0,0.0,0,0.8308014207499179,0.8308014207499179,0,775,775,1.0634772777557373,25.0,5.0,86.0,True,feasible,nils_complete,91421.74624133827,397.95115588674435,,71.43342408416815,,32.89006324860033,True,feasible_only,0.0,26116.06254361104,True,91421.74624133827,,71.43342408416815,
S0040_R08,4002034,truck_only,S0040,n50_p0.75_d1_uniform_Emedium_V2.00_Hmedium_PWbase_B0.15,50,0.76,0.75,1,3,medium,2.0,uniform,medium,base,0.15,100.0,20.0,1.0,peripheral,99378.58883405605,327.9798908777935,0.0,0.0,99050.60894317826,99050.60894317826,898.152117122897,0.0,321.9320180896492,409.9748635972419,0.0,50,0,0.0,0,0,0.0,0.0,0.0,0.0,0.0,0.0,0,0.0,0.0,0,0,0,0.02314162254333496,0.0,0.0,0.0,True,feasible,baseline_truck_only,99378.58883405605,409.9748635972419,,,,0.0,True,feasible_only,0.0,99378.58883405605,True,99378.58883405605,,,
S0040_R08,4002034,nils,S0040,n50_p0.75_d1_uniform_Emedium_V2.00_Hmedium_PWbase_B0.15,50,0.76,0.75,1,3,medium,2.0,uniform,medium,base,0.15,100.0,20.0,1.0,peripheral,7636.692812251352,192.57734214616247,17.831587574054694,0.0,7426.283882531135,7426.283882531135,72.16870547125924,0.0,169.98473993396277,240.721677682703,59.43862524684897,43,7,0.14,1,1,7.0,7.0,0.0,0.0,0.0,0.0,0,0.7939441483867845,0.7939441483867845,0,578,578,1.3271734714508057,25.0,7.0,208.0,True,feasible,nils_complete,99378.58883405605,409.9748635972419,,92.31555518965638,,41.28379589652422,True,feasible_only,0.0,7636.692812251352,True,99378.58883405605,,92.31555518965638,
S0040_R09,4002035,truck_only,S0040,n50_p0.75_d1_uniform_Emedium_V2.00_Hmedium_PWbase_B0.15,50,0.76,0.75,1,3,medium,2.0,uniform,medium,base,0.15,100.0,20.0,1.0,peripheral,139768.97032923478,339.5810574490294,0.0,0.0,139429.38927178577,139429.38927178577,1273.9751923781223,0.0,284.92165992605277,424.47632181128665,0.0,50,0,0.0,0,0,0.0,0.0,0.0,0.0,0.0,0.0,0,0.0,0.0,0,0,0,0.01917409896850586,0.0,0.0,0.0,True,feasible,baseline_truck_only,139768.97032923478,424.47632181128665,,,,0.0,True,feasible_only,0.0,139768.97032923478,True,139768.97032923478,,,
S0040_R09,4002035,nils,S0040,n50_p0.75_d1_uniform_Emedium_V2.00_Hmedium_PWbase_B0.15,50,0.76,0.75,1,3,medium,2.0,uniform,medium,base,0.15,100.0,20.0,1.0,peripheral,27525.347001288395,200.20399926122803,18.711639121292656,0.0,27306.431362905874,27306.431362905874,265.39400754793513,0.0,179.0987431532207,250.25499907653503,62.372130404308855,44,6,0.12,1,1,6.0,6.0,0.0,0.0,0.0,0.0,0,0.844553418955416,0.844553418955416,0,654,654,1.3571758270263672,25.0,7.0,170.0,True,feasible,nils_complete,139768.97032923478,424.47632181128665,,80.30653947263782,,41.04382595272459,True,feasible_only,0.0,27525.347001288395,True,139768.97032923478,,80.30653947263782,
S0040_R10,4002036,truck_only,S0040,n50_p0.75_d1_uniform_Emedium_V2.00_Hmedium_PWbase_B0.15,50,0.76,0.75,1,3,medium,2.0,uniform,medium,base,0.15,100.0,20.0,1.0,peripheral,191116.55654796868,371.55066638877776,0.0,0.0,190745.0058815799,190745.0058815799,1713.40651060662,0.0,388.82405853716426,464.43833298597224,0.0,50,0,0.0,0,0,0.0,0.0,0.0,0.0,0.0,0.0,0,0.0,0.0,0,0,0,0.024621248245239258,0.0,0.0,0.0,True,feasible,baseline_truck_only,191116.55654796868,464.43833298597224,,,,0.0,True,feasible_only,0.0,191116.55654796868,True,191116.55654796868,,,
S0040_R10,4002036,nils,S0040,n50_p0.75_d1_uniform_Emedium_V2.00_Hmedium_PWbase_B0.15,50,0.76,0.75,1,3,medium,2.0,uniform,medium,base,0.15,100.0,20.0,1.0,peripheral,52654.3042072654,252.4823421122727,19.23205260556361,0.0,52382.589812547565,52382.589812547565,454.15279212595976,0.0,272.6947079701722,315.6029276403408,64.10684201854536,45,5,0.1,1,1,5.0,5.0,0.0,0.0,0.0,0.0,0,0.8410391634284502,0.8410391634284502,0,718,718,1.4647786617279053,25.0,7.0,122.0,True,feasible,nils_complete,191116.55654796868,464.43833298597224,,72.44911421682632,,32.046322358608336,True,feasible_only,0.0,52654.3042072654,True,191116.55654796868,,72.44911421682632,
S0041_R01,4102027,truck_only,S0041,n50_p0.75_d2_clustered_Ehigh_V1.25_Hshort_PWbase_B0.15,50,0.76,0.75,2,3,high,1.25,clustered,short,base,0.15,100.0,20.0,1.0,peripheral,293937.00468006585,182.0888807077181,0.0,0.0,293754.9157993581,293754.9157993581,2710.9028157585926,0.0,436.721994041933,227.61110088464764,0.0,50,0,0.0,0,0,0.0,0.0,0.0,0.0,0.0,0.0,0,0.0,0.0,0,0,0,0.027865171432495117,0.0,0.0,0.0,True,feasible,baseline_truck_only,293937.00468006585,227.61110088464764,,,,0.0,True,feasible_only,0.0,293937.00468006585,True,293937.00468006585,,,
S0041_R01,4102027,nils,S0041,n50_p0.75_d2_clustered_Ehigh_V1.25_Hshort_PWbase_B0.15,50,0.76,0.75,2,3,high,1.25,clustered,short,base,0.15,100.0,20.0,1.0,peripheral,969.4725815612601,114.45530766941978,30.122454782275295,0.0,824.894819109565,824.894819109565,8.24894819109565,0.0,116.12634754803099,143.0691345867747,100.40818260758431,26,24,0.48,2,2,12.0,12.0,0.0,0.0,0.0,0.0,0,0.8344223407339768,0.8349212922569508,0,276,276,5.475113868713379,25.0,24.0,1066.0,True,feasible,nils_complete,293937.00468006585,227.61110088464764,,99.6701767500773,,37.14316479700981,True,feasible_only,0.0,969.4725815612601,True,293937.00468006585,,99.6701767500773,
S0041_R02,4102028,truck_only,S0041,n50_p0.75_d2_clustered_Ehigh_V1.25_Hshort_PWbase_B0.15,50,0.76,0.75,2,3,high,1.25,clustered,short,base,0.15,100.0,20.0,1.0,peripheral,220327.90910748887,185.29184473164307,0.0,0.0,220142.61726275724,220142.61726275724,1975.691934917545,0.0,446.03166470752444,231.61480591455376,0.0,50,0,0.0,0,0,0.0,0.0,0.0,0.0,0.0,0.0,0,0.0,0.0,0,0,0,0.021323204040527344,0.0,0.0,0.0,True,feasible,baseline_truck_only,220327.90910748887,231.61480591455376,,,,0.0,True,feasible_only,0.0,220327.90910748887,True,220327.90910748887,,,
S0041_R02,4102028,nils,S0041,n50_p0.75_d2_clustered_Ehigh_V1.25_Hshort_PWbase_B0.15,50,0.76,0.75,2,3,high,1.25,clustered,short,base,0.15,100.0,20.0,1.0,peripheral,2247.091815328519,121.75519060172314,30.584869815678204,0.0,2094.7517549111176,2094.7517549111176,20.947517549111176,0.0,138.4788611882205,152.19398825215393,101.94956605226069,26,24,0.48,2,2,12.0,12.0,0.0,0.0,0.0,0.0,0,0.836833694806278,0.8453718243986837,0,155,155,4.778590679168701,25.0,24.0,1187.0,True,feasible,nils_complete,220327.90910748887,231.61480591455376,,98.98011476420254,,34.29004348353247,True,feasible_only,0.0,2247.091815328519,True,220327.90910748887,,98.98011476420254,
S0041_R03,4102029,truck_only,S0041,n50_p0.75_d2_clustered_Ehigh_V1.25_Hshort_PWbase_B0.15,50,0.76,0.75,2,3,high,1.25,clustered,short,base,0.15,100.0,20.0,1.0,peripheral,213999.42389904332,156.9388272247338,0.0,0.0,213842.48507181858,213842.48507181858,1963.6252436198672,0.0,386.4868164741982,196.1735340309173,0.0,50,0,0.0,0,0,0.0,0.0,0.0,0.0,0.0,0.0,0,0.0,0.0,0,0,0,0.022132396697998047,0.0,0.0,0.0,True,feasible,baseline_truck_only,213999.42389904332,196.1735340309173,,,,0.0,True,feasible_only,0.0,213999.42389904332,True,213999.42389904332,,,
S0041_R03,4102029,nils,S0041,n50_p0.75_d2_clustered_Ehigh_V1.25_Hshort_PWbase_B0.15,50,0.76,0.75,2,3,high,1.25,clustered,short,base,0.15,100.0,20.0,1.0,peripheral,71.89518705628694,56.94237261494112,14.952814441345827,0.0,0.0,0.0,0.0,0.0,159.2794310842912,71.17796576867642,49.84271480448609,38,12,0.24,1,1,12.0,12.0,0.0,0.0,0.0,0.0,0,0.8293092179935889,0.8293092179935889,0,259,259,5.121792316436768,25.0,12.0,1083.0,True,feasible,nils_complete,213999.42389904332,196.1735340309173,,99.96640402775562,,63.716835647433136,True,feasible_only,0.0,71.89518705628694,True,213999.42389904332,,99.96640402775562,
S0041_R04,4102030,truck_only,S0041,n50_p0.75_d2_clustered_Ehigh_V1.25_Hshort_PWbase_B0.15,50,0.76,0.75,2,3,high,1.25,clustered,short,base,0.15,100.0,20.0,1.0,peripheral,127294.09991900815,161.67938860608402,0.0,0.0,127132.42053040207,127132.42053040207,1128.6381051202088,0.0,393.56438403460584,202.0992357576049,0.0,50,0,0.0,0,0,0.0,0.0,0.0,0.0,0.0,0.0,0,0.0,0.0,0,0,0,0.01982855796813965,0.0,0.0,0.0,True,feasible,baseline_truck_only,127294.09991900815,202.0992357576049,,,,0.0,True,feasible_only,0.0,127294.09991900815,True,127294.09991900815,,,
S0041_R04,4102030,nils,S0041,n50_p0.75_d2_clustered_Ehigh_V1.25_Hshort_PWbase_B0.15,50,0.76,0.75,2,3,high,1.25,clustered,short,base,0.15,100.0,20.0,1.0,peripheral,69.74775161946508,55.20478301758834,14.542968601876739,0.0,0.0,0.0,0.0,0.0,155.8160827083139,69.00597877198541,48.4765620062558,40,10,0.2,1,1,10.0,10.0,0.0,0.0,0.0,0.0,0,0.8027483745912978,0.8027483745912978,0,365,365,5.701258897781372,25.0,9.0,871.0,True,feasible,nils_complete,127294.09991900815,202.0992357576049,,99.94520739636492,,65.85539845645421,True,feasible_only,0.0,69.74775161946508,True,127294.09991900815,,99.94520739636492,
S0041_R05,4102031,truck_only,S0041,n50_p0.75_d2_clustered_Ehigh_V1.25_Hshort_PWbase_B0.15,50,0.76,0.75,2,3,high,1.25,clustered,short,base,0.15,100.0,20.0,1.0,peripheral,156421.84497012835,144.94826661959857,0.0,0.0,156276.89670350874,156276.89670350874,1390.7712577363193,0.0,361.0071284528253,181.1853332744982,0.0,50,0,0.0,0,0,0.0,0.0,0.0,0.0,0.0,0.0,0,0.0,0.0,0,0,0,0.035250186920166016,0.0,0.0,0.0,True,feasible,baseline_truck_only,156421.84497012835,181.1853332744982,,,,0.0,True,feasible_only,0.0,156421.84497012835,True,156421.84497012835,,,
S0041_R05,4102031,nils,S0041,n50_p0.75_d2_clustered_Ehigh_V1.25_Hshort_PWbase_B0.15,50,0.76,0.75,2,3,high,1.25,clustered,short,base,0.15,100.0,20.0,1.0,peripheral,105.3515101068864,78.00237584393776,27.349134262948645,0.0,0.0,0.0,0.0,0.0,121.07186666082114,97.50296980492217,91.16378087649548,27,23,0.46,2,2,11.5,11.5,0.0,0.0,0.0,0.0,0,0.7484345176275864,0.8153619356171373,0,174,174,6.625458240509033,25.0,20.0,1168.0,True,feasible,nils_complete,156421.84497012835,181.1853332744982,,99.93264910657012,,46.18605819644139,True,feasible_only,0.0,105.3515101068864,True,156421.84497012835,,99.93264910657012,
S0041_R06,4102032,truck_only,S0041,n50_p0.75_d2_clustered_Ehigh_V1.25_Hshort_PWbase_B0.15,50,0.76,0.75,2,3,high,1.25,clustered,short,base,0.15,100.0,20.0,1.0,peripheral,133957.03259039382,168.16354513532556,0.0,0.0,133788.8690452585,133788.8690452585,1083.7082500089175,0.0,410.1783692268969,210.20443141915698,0.0,50,0,0.0,0,0,0.0,0.0,0.0,0.0,0.0,0.0,0,0.0,0.0,0,0,0,0.03323864936828613,0.0,0.0,0.0,True,feasible,baseline_truck_only,133957.03259039382,210.20443141915698,,,,0.0,True,feasible_only,0.0,133957.03259039382,True,133957.03259039382,,,
S0041_R06,4102032,nils,S0041,n50_p0.75_d2_clustered_Ehigh_V1.25_Hshort_PWbase_B0.15,50,0.76,0.75,2,3,high,1.25,clustered,short,base,0.15,100.0,20.0,1.0,peripheral,73.14416505720541,46.06905737577122,27.075107681434197,0.0,0.0,0.0,0.0,0.0,128.93394963026458,57.58632171971401,90.25035893811399,30,20,0.4,2,2,10.0,10.0,0.0,0.0,0.0,0.0,0,0.7438076608088134,0.8438418165519407,0,361,361,5.334456443786621,25.0,18.0,999.0,True,feasible,nils_complete,133957.03259039382,210.20443141915698,,99.94539729371219,,72.60461098230402,True,feasible_only,0.0,73.14416505720541,True,133957.03259039382,,99.94539729371219,
S0041_R07,4102033,truck_only,S0041,n50_p0.75_d2_clustered_Ehigh_V1.25_Hshort_PWbase_B0.15,50,0.76,0.75,2,3,high,1.25,clustered,short,base,0.15,100.0,20.0,1.0,peripheral,119767.49604174124,152.5836413580607,0.0,0.0,119614.91240038318,119614.91240038318,918.5302779189176,0.0,374.8253576519085,190.7295516975758,0.0,50,0,0.0,0,0,0.0,0.0,0.0,0.0,0.0,0.0,0,0.0,0.0,0,0,0,0.03327822685241699,0.0,0.0,0.0,True,feasible,baseline_truck_only,119767.49604174124,190.7295516975758,,,,0.0,True,feasible_only,0.0,119767.49604174124,True,119767.49604174124,,,
S0041_R07,4102033,nils,S0041,n50_p0.75_d2_clustered_Ehigh_V1.25_Hshort_PWbase_B0.15,50,0.76,0.75,2,3,high,1.25,clustered,short,base,0.15,100.0,20.0,1.0,peripheral,79.28029600177395,48.86735870782658,30.412937293947365,0.0,0.0,0.0,0.0,0.0,126.99433880777175,61.084198384783235,101.37645764649125,26,24,0.48,2,2,12.0,12.0,0.0,0.0,0.0,0.0,0,0.826140485467564,0.83128105951038,0,508,508,4.341923952102661,25.0,23.0,834.0,True,feasible,nils_complete,119767.49604174124,190.7295516975758,,99.93380483134244,,67.97339592050243,True,feasible_only,0.0,79.28029600177395,True,119767.49604174124,,99.93380483134244,
S0041_R08,4102034,truck_only,S0041,n50_p0.75_d2_clustered_Ehigh_V1.25_Hshort_PWbase_B0.15,50,0.76,0.75,2,3,high,1.25,clustered,short,base,0.15,100.0,20.0,1.0,peripheral,184983.60123390125,200.95570036711777,0.0,0.0,184782.64553353415,184782.64553353415,1463.982170219918,0.0,478.02612850237665,251.19462545889718,0.0,50,0,0.0,0,0,0.0,0.0,0.0,0.0,0.0,0.0,0,0.0,0.0,0,0,0,0.021216154098510742,0.0,0.0,0.0,True,feasible,baseline_truck_only,184983.60123390125,251.19462545889718,,,,0.0,True,feasible_only,0.0,184983.60123390125,True,184983.60123390125,,,
S0041_R08,4102034,nils,S0041,n50_p0.75_d2_clustered_Ehigh_V1.25_Hshort_PWbase_B0.15,50,0.76,0.75,2,3,high,1.25,clustered,short,base,0.15,100.0,20.0,1.0,peripheral,112.7279099577325,98.09537740882134,14.632532548911167,0.0,0.0,0.0,0.0,0.0,171.48350771037116,122.61922176102664,48.77510849637056,41,9,0.18,1,1,9.0,9.0,0.0,0.0,0.0,0.0,0,0.8079190020612594,0.8079190020612594,0,333,333,5.418950080871582,25.0,9.0,1009.0,True,feasible,nils_complete,184983.60123390125,251.19462545889718,,99.9390605928278,,51.18557113353098,True,feasible_only,0.0,112.7279099577325,True,184983.60123390125,,99.9390605928278,
S0041_R09,4102035,truck_only,S0041,n50_p0.75_d2_clustered_Ehigh_V1.25_Hshort_PWbase_B0.15,50,0.76,0.75,2,3,high,1.25,clustered,short,base,0.15,100.0,20.0,1.0,peripheral,183980.41035315118,169.42076611415973,0.0,0.0,183810.989587037,183810.989587037,1707.8960291024246,0.0,415.7973121452691,211.7759576426996,0.0,50,0,0.0,0,0,0.0,0.0,0.0,0.0,0.0,0.0,0,0.0,0.0,0,0,0,0.021360397338867188,0.0,0.0,0.0,True,feasible,baseline_truck_only,183980.41035315118,211.7759576426996,,,,0.0,True,feasible_only,0.0,183980.41035315118,True,183980.41035315118,,,
S0041_R09,4102035,nils,S0041,n50_p0.75_d2_clustered_Ehigh_V1.25_Hshort_PWbase_B0.15,50,0.76,0.75,2,3,high,1.25,clustered,short,base,0.15,100.0,20.0,1.0,peripheral,438.7242875647345,118.50306336158805,29.381601049260553,0.0,290.8396231538859,290.8396231538859,2.908396231538859,0.0,136.5220420911874,148.12882920198507,97.93867016420185,26,24,0.48,2,2,12.0,12.0,0.0,0.0,0.0,0.0,0,0.8149691345622334,0.840997766011463,0,344,344,4.717195749282837,25.0,24.0,998.0,True,feasible,nils_complete,183980.41035315118,211.7759576426996,,99.76153749917039,,30.053991562204416,True,feasible_only,0.0,438.7242875647345,True,183980.41035315118,,99.76153749917039,
S0041_R10,4102036,truck_only,S0041,n50_p0.75_d2_clustered_Ehigh_V1.25_Hshort_PWbase_B0.15,50,0.76,0.75,2,3,high,1.25,clustered,short,base,0.15,100.0,20.0,1.0,peripheral,204986.31846822938,185.70439028959387,0.0,0.0,204800.6140779398,204800.6140779398,1628.3700881996476,0.0,446.31881666717555,232.13048786199235,0.0,50,0,0.0,0,0,0.0,0.0,0.0,0.0,0.0,0.0,0,0.0,0.0,0,0,0,0.03183889389038086,0.0,0.0,0.0,True,feasible,baseline_truck_only,204986.31846822938,232.13048786199235,,,,0.0,True,feasible_only,0.0,204986.31846822938,True,204986.31846822938,,,
S0041_R10,4102036,nils,S0041,n50_p0.75_d2_clustered_Ehigh_V1.25_Hshort_PWbase_B0.15,50,0.76,0.75,2,3,high,1.25,clustered,short,base,0.15,100.0,20.0,1.0,peripheral,148.45495041817378,118.82157243590228,29.6333779822715,0.0,0.0,0.0,0.0,0.0,135.61762126207063,148.52696554487784,98.77792660757169,26,24,0.48,2,2,12.0,12.0,0.0,0.0,0.0,0.0,0,0.8157528953448508,0.8393855989181804,0,423,423,4.937389135360718,25.0,24.0,919.0,True,feasible,nils_complete,204986.31846822938,232.13048786199235,,99.92757811763852,,36.0157440270487,True,feasible_only,0.0,148.45495041817378,True,204986.31846822938,,99.92757811763852,
S0042_R01,4202027,truck_only,S0042,n50_p0.75_d2_clustered_Ehigh_V1.25_Hshort_PWstrict_B0.15,50,0.76,0.75,2,3,high,1.25,clustered,short,strict,0.15,200.0,40.0,1.0,peripheral,364788.1905593089,174.16856296831685,0.0,0.0,364614.0219963406,364614.0219963406,1533.1279606561702,0.0,420.2387001827963,217.710703710396,0.0,50,0,0.0,0,0,0.0,0.0,0.0,0.0,0.0,0.0,0,0.0,0.0,0,0,0,0.02533268928527832,0.0,0.0,0.0,True,feasible,baseline_truck_only,364788.1905593089,217.710703710396,,,,0.0,True,feasible_only,0.0,364788.1905593089,True,364788.1905593089,,,
S0042_R01,4202027,nils,S0042,n50_p0.75_d2_clustered_Ehigh_V1.25_Hshort_PWstrict_B0.15,50,0.76,0.75,2,3,high,1.25,clustered,short,strict,0.15,200.0,40.0,1.0,peripheral,5164.8016481685645,134.42983543169981,31.29899855095889,0.0,4999.072814185905,4999.072814185905,24.995364070929526,0.0,125.58376058134256,168.03729428962475,104.32999516986297,30,20,0.4,2,2,10.0,10.0,0.0,0.0,0.0,0.0,0,0.847950364135829,0.8494106424914838,0,369,369,5.042391061782837,25.0,21.0,985.0,True,feasible,nils_complete,364788.1905593089,217.710703710396,,98.58416424055568,,22.816245859389625,True,feasible_only,0.0,5164.8016481685645,True,364788.1905593089,,98.58416424055568,
S0042_R02,4202028,truck_only,S0042,n50_p0.75_d2_clustered_Ehigh_V1.25_Hshort_PWstrict_B0.15,50,0.76,0.75,2,3,high,1.25,clustered,short,strict,0.15,200.0,40.0,1.0,peripheral,186921.48599064385,184.23349390646035,0.0,0.0,186737.2524967374,186737.2524967374,540.6017350119336,0.0,443.74825733420874,230.29186738307558,0.0,50,0,0.0,0,0,0.0,0.0,0.0,0.0,0.0,0.0,0,0.0,0.0,0,0,0,0.030179500579833984,0.0,0.0,0.0,True,feasible,baseline_truck_only,186921.48599064385,230.29186738307558,,,,0.0,True,feasible_only,0.0,186921.48599064385,True,186921.48599064385,,,
S0042_R02,4202028,nils,S0042,n50_p0.75_d2_clustered_Ehigh_V1.25_Hshort_PWstrict_B0.15,50,0.76,0.75,2,3,high,1.25,clustered,short,strict,0.15,200.0,40.0,1.0,peripheral,76.90998855710842,51.958032996451934,24.951955560656486,0.0,0.0,0.0,0.0,0.0,147.998736318874,64.94754124556493,83.17318520218828,36,14,0.28,2,2,7.0,7.0,0.0,0.0,0.0,0.0,0,0.6824342345198207,0.8104025480990126,0,320,320,5.496969938278198,25.0,14.0,1022.0,True,feasible,nils_complete,186921.48599064385,230.29186738307558,,99.95885438843507,,71.79772695249854,True,feasible_only,0.0,76.90998855710842,True,186921.48599064385,,99.95885438843507,
S0042_R03,4202029,truck_only,S0042,n50_p0.75_d2_clustered_Ehigh_V1.25_Hshort_PWstrict_B0.15,50,0.76,0.75,2,3,high,1.25,clustered,short,strict,0.15,200.0,40.0,1.0,peripheral,370797.5508967735,178.4272187974246,0.0,0.0,370619.1236779761,370619.1236779761,1547.8040416042015,0.0,431.4909087727145,223.03402349678063,0.0,50,0,0.0,0,0,0.0,0.0,0.0,0.0,0.0,0.0,0,0.0,0.0,0,0,0,0.022953271865844727,0.0,0.0,0.0,True,feasible,baseline_truck_only,370797.5508967735,223.03402349678063,,,,0.0,True,feasible_only,0.0,370797.5508967735,True,370797.5508967735,,,
S0042_R03,4202029,nils,S0042,n50_p0.75_d2_clustered_Ehigh_V1.25_Hshort_PWstrict_B0.15,50,0.76,0.75,2,3,high,1.25,clustered,short,strict,0.15,200.0,40.0,1.0,peripheral,72.19636674157445,57.0676982421824,15.128668499392052,0.0,0.0,0.0,0.0,0.0,157.65064428249076,71.334622802728,50.4288949979735,36,14,0.28,1,1,14.0,14.0,0.0,0.0,0.0,0.0,0,0.8333194801820057,0.8333194801820057,0,266,266,5.1838059425354,25.0,14.0,1076.0,True,feasible,nils_complete,370797.5508967735,223.03402349678063,,99.98052943808099,,68.01625972381846,True,feasible_only,0.0,72.19636674157445,True,370797.5508967735,,99.98052943808099,
S0042_R04,4202030,truck_only,S0042,n50_p0.75_d2_clustered_Ehigh_V1.25_Hshort_PWstrict_B0.15,50,0.76,0.75,2,3,high,1.25,clustered,short,strict,0.15,200.0,40.0,1.0,peripheral,348729.03292000055,183.8674498985463,0.0,0.0,348545.165470102,348545.165470102,1549.3605011041582,0.0,442.5281778801712,229.8343123731829,0.0,50,0,0.0,0,0,0.0,0.0,0.0,0.0,0.0,0.0,0,0.0,0.0,0,0,0,0.03013467788696289,0.0,0.0,0.0,True,feasible,baseline_truck_only,348729.03292000055,229.8343123731829,,,,0.0,True,feasible_only,0.0,348729.03292000055,True,348729.03292000055,,,
S0042_R04,4202030,nils,S0042,n50_p0.75_d2_clustered_Ehigh_V1.25_Hshort_PWstrict_B0.15,50,0.76,0.75,2,3,high,1.25,clustered,short,strict,0.15,200.0,40.0,1.0,peripheral,11450.897911428561,90.2883343215027,29.68200721670068,0.0,11330.927569890358,11330.927569890358,56.65463784945179,0.0,140.49813233809746,112.8604179018784,98.94002405566894,30,20,0.4,2,2,10.0,10.0,0.0,0.0,0.0,0.0,0,0.8206065631683761,0.8308702361258132,0,342,342,6.814903020858765,25.0,20.0,1002.0,True,feasible,nils_complete,348729.03292000055,229.8343123731829,,96.71639099975499,,50.894878690425266,True,feasible_only,0.0,11450.897911428561,True,348729.03292000055,,96.71639099975499,
S0042_R05,4202031,truck_only,S0042,n50_p0.75_d2_clustered_Ehigh_V1.25_Hshort_PWstrict_B0.15,50,0.76,0.75,2,3,high,1.25,clustered,short,strict,0.15,200.0,40.0,1.0,peripheral,493397.447701593,170.4490451024905,0.0,0.0,493226.99865649047,493226.99865649047,2101.7728986293146,0.0,416.09626854286694,213.0613063781131,0.0,50,0,0.0,0,0,0.0,0.0,0.0,0.0,0.0,0.0,0,0.0,0.0,0,0,0,0.022045612335205078,0.0,0.0,0.0,True,feasible,baseline_truck_only,493397.447701593,213.0613063781131,,,,0.0,True,feasible_only,0.0,493397.447701593,True,493397.447701593,,,
S0042_R05,4202031,nils,S0042,n50_p0.75_d2_clustered_Ehigh_V1.25_Hshort_PWstrict_B0.15,50,0.76,0.75,2,3,high,1.25,clustered,short,strict,0.15,200.0,40.0,1.0,peripheral,127.86887924297959,99.81529138331358,28.053587859666013,0.0,0.0,0.0,0.0,0.0,165.61560683439902,124.76911422914196,93.51195953222003,33,17,0.34,2,2,8.5,8.5,0.0,0.0,0.0,0.0,0,0.7645543788340794,0.8479060617480505,0,474,474,5.476148366928101,25.0,17.0,890.0,True,feasible,nils_complete,493397.447701593,213.0613063781131,,99.9740840006695,,41.43980605858194,True,feasible_only,0.0,127.86887924297959,True,493397.447701593,,99.9740840006695,
S0042_R06,4202032,truck_only,S0042,n50_p0.75_d2_clustered_Ehigh_V1.25_Hshort_PWstrict_B0.15,50,0.76,0.75,2,3,high,1.25,clustered,short,strict,0.15,200.0,40.0,1.0,peripheral,316773.87682488223,183.5629222777432,0.0,0.0,316590.3139026045,316590.3139026045,1330.1443242249647,0.0,440.9863473289305,229.45365284717894,0.0,50,0,0.0,0,0,0.0,0.0,0.0,0.0,0.0,0.0,0,0.0,0.0,0,0,0,0.02564835548400879,0.0,0.0,0.0,True,feasible,baseline_truck_only,316773.87682488223,229.45365284717894,,,,0.0,True,feasible_only,0.0,316773.87682488223,True,316773.87682488223,,,
S0042_R06,4202032,nils,S0042,n50_p0.75_d2_clustered_Ehigh_V1.25_Hshort_PWstrict_B0.15,50,0.76,0.75,2,3,high,1.25,clustered,short,strict,0.15,200.0,40.0,1.0,peripheral,2719.841054610065,128.4026286367433,30.831868565419214,0.0,2560.6065574079025,2560.6065574079025,12.803032787039513,0.0,149.66442263318947,160.50328579592912,102.77289521806405,32,18,0.36,2,2,9.0,9.0,0.0,0.0,0.0,0.0,0,0.8479120086218803,0.848005025751571,0,480,480,4.412761449813843,25.0,21.0,796.0,False,infeasible,nils_complete,316773.87682488223,229.45365284717894,,99.1413935132935,,30.04980142860147,False,feasible_only,0.0,,False,316773.87682488223,,,
S0042_R07,4202033,truck_only,S0042,n50_p0.75_d2_clustered_Ehigh_V1.25_Hshort_PWstrict_B0.15,50,0.76,0.75,2,3,high,1.25,clustered,short,strict,0.15,200.0,40.0,1.0,peripheral,331764.2411154762,198.35830726882278,0.0,0.0,331565.88280820736,331565.88280820736,1287.6095190504147,0.0,473.66538568355526,247.94788408602838,0.0,50,0,0.0,0,0,0.0,0.0,0.0,0.0,0.0,0.0,0,0.0,0.0,0,0,0,0.020939350128173828,0.0,0.0,0.0,True,feasible,baseline_truck_only,331764.2411154762,247.94788408602838,,,,0.0,True,feasible_only,0.0,331764.2411154762,True,331764.2411154762,,,
S0042_R07,4202033,nils,S0042,n50_p0.75_d2_clustered_Ehigh_V1.25_Hshort_PWstrict_B0.15,50,0.76,0.75,2,3,high,1.25,clustered,short,strict,0.15,200.0,40.0,1.0,peripheral,121.42038887767816,90.48139562050498,30.93899325717318,0.0,0.0,0.0,0.0,0.0,148.16890330844998,113.10174452563123,103.12997752391061,36,14,0.28,2,2,7.0,7.0,0.0,0.0,0.0,0.0,0,0.8464544839692767,0.8468284548924098,0,653,653,4.075981616973877,25.0,16.0,779.0,True,feasible,nils_complete,331764.2411154762,247.94788408602838,,99.96340160456431,,54.38487206997529,True,feasible_only,0.0,121.42038887767816,True,331764.2411154762,,99.96340160456431,
S0042_R08,4202034,truck_only,S0042,n50_p0.75_d2_clustered_Ehigh_V1.25_Hshort_PWstrict_B0.15,50,0.76,0.75,2,3,high,1.25,clustered,short,strict,0.15,200.0,40.0,1.0,peripheral,397042.7990701124,166.87900314087568,0.0,0.0,396875.9200669715,396875.9200669715,1676.8675652298775,0.0,409.7301565667695,208.59875392609467,0.0,50,0,0.0,0,0,0.0,0.0,0.0,0.0,0.0,0.0,0,0.0,0.0,0,0,0,0.023906707763671875,0.0,0.0,0.0,True,feasible,baseline_truck_only,397042.7990701124,208.59875392609467,,,,0.0,True,feasible_only,0.0,397042.7990701124,True,397042.7990701124,,,
S0042_R08,4202034,nils,S0042,n50_p0.75_d2_clustered_Ehigh_V1.25_Hshort_PWstrict_B0.15,50,0.76,0.75,2,3,high,1.25,clustered,short,strict,0.15,200.0,40.0,1.0,peripheral,118.56319492947699,89.54319370191926,29.02000122755773,0.0,0.0,0.0,0.0,0.0,151.27023971822177,111.92899212739906,96.73333742519243,35,15,0.3,2,2,7.5,7.5,0.0,0.0,0.0,0.0,0,0.7956026672147293,0.8387362398182462,0,448,448,4.9782164096832275,25.0,15.0,914.0,True,feasible,nils_complete,397042.7990701124,208.59875392609467,,99.97013843464553,,46.3424445157257,True,feasible_only,0.0,118.56319492947699,True,397042.7990701124,,99.97013843464553,
S0042_R09,4202035,truck_only,S0042,n50_p0.75_d2_clustered_Ehigh_V1.25_Hshort_PWstrict_B0.15,50,0.76,0.75,2,3,high,1.25,clustered,short,strict,0.15,200.0,40.0,1.0,peripheral,378737.5645110525,155.44053568494664,0.0,0.0,378582.1239753676,378582.1239753676,1706.3898936152675,0.0,379.1325747931327,194.3006696061834,0.0,50,0,0.0,0,0,0.0,0.0,0.0,0.0,0.0,0.0,0,0.0,0.0,0,0,0,0.027805566787719727,0.0,0.0,0.0,True,feasible,baseline_truck_only,378737.5645110525,194.3006696061834,,,,0.0,True,feasible_only,0.0,378737.5645110525,True,378737.5645110525,,,
S0042_R09,4202035,nils,S0042,n50_p0.75_d2_clustered_Ehigh_V1.25_Hshort_PWstrict_B0.15,50,0.76,0.75,2,3,high,1.25,clustered,short,strict,0.15,200.0,40.0,1.0,peripheral,2108.5491001788146,107.72781996450132,30.562768712749563,0.0,1970.2585115015636,1970.2585115015636,9.851292557507819,0.0,121.85107802539518,134.65977495562663,101.87589570916518,26,24,0.48,2,2,12.0,12.0,0.0,0.0,0.0,0.0,0,0.8322188285860548,0.8398587525339284,0,295,295,5.475232839584351,25.0,24.0,1047.0,True,feasible,nils_complete,378737.5645110525,194.3006696061834,,99.44326908715776,,30.6951565176998,True,feasible_only,0.0,2108.5491001788146,True,378737.5645110525,,99.44326908715776,
S0042_R10,4202036,truck_only,S0042,n50_p0.75_d2_clustered_Ehigh_V1.25_Hshort_PWstrict_B0.15,50,0.76,0.75,2,3,high,1.25,clustered,short,strict,0.15,200.0,40.0,1.0,peripheral,142673.57490970002,171.73957536209727,0.0,0.0,142501.83533433793,142501.83533433793,499.98878194936685,0.0,419.54282971783937,214.6744692026216,0.0,50,0,0.0,0,0,0.0,0.0,0.0,0.0,0.0,0.0,0,0.0,0.0,0,0,0,0.021788597106933594,0.0,0.0,0.0,True,feasible,baseline_truck_only,142673.57490970002,214.6744692026216,,,,0.0,True,feasible_only,0.0,142673.57490970002,True,142673.57490970002,,,
S0042_R10,4202036,nils,S0042,n50_p0.75_d2_clustered_Ehigh_V1.25_Hshort_PWstrict_B0.15,50,0.76,0.75,2,3,high,1.25,clustered,short,strict,0.15,200.0,40.0,1.0,peripheral,77.78661864767814,62.44026275258812,15.34635589509002,0.0,0.0,0.0,0.0,0.0,173.53861091353156,78.05032844073514,51.154519650300074,39,11,0.22,1,1,11.0,11.0,0.0,0.0,0.0,0.0,0,0.8437519904172601,0.8437519904172601,0,300,300,3.642002820968628,20.0,9.0,712.0,False,infeasible,nils_complete,142673.57490970002,214.6744692026216,,99.94547930918748,,63.6424728424194,False,feasible_only,0.0,,False,142673.57490970002,,,
S0043_R01,4302027,truck_only,S0043,n50_p0.75_d1_clustered_Ehigh_V2.00_Hshort_PWmoderate_B0.15,50,0.76,0.75,1,3,high,2.0,clustered,short,moderate,0.15,20.0,5.0,1.0,peripheral,36028.574730445616,192.88878929409847,0.0,0.0,35835.68594115152,35835.68594115152,1205.9461335700516,0.0,462.9989739573869,241.11098661762298,0.0,50,0,0.0,0,0,0.0,0.0,0.0,0.0,0.0,0.0,0,0.0,0.0,0,0,0,0.020809650421142578,0.0,0.0,0.0,True,feasible,baseline_truck_only,36028.574730445616,241.11098661762298,,,,0.0,True,feasible_only,0.0,36028.574730445616,True,36028.574730445616,,,
S0043_R01,4302027,nils,S0043,n50_p0.75_d1_clustered_Ehigh_V2.00_Hshort_PWmoderate_B0.15,50,0.76,0.75,1,3,high,2.0,clustered,short,moderate,0.15,20.0,5.0,1.0,peripheral,387.85379753888594,134.80162587168863,24.16905757167156,0.0,228.8831140955257,228.8831140955257,11.444155704776286,0.0,149.02540664809112,168.5020323396108,80.56352523890523,30,20,0.4,1,1,20.0,20.0,0.0,0.0,0.0,0.0,0,0.8487049104586901,0.8487049104586901,0,114,114,3.795719623565674,25.0,23.0,513.0,True,feasible,nils_complete,36028.574730445616,241.11098661762298,,98.92348281762274,,30.114328383203233,True,feasible_only,0.0,387.85379753888594,True,36028.574730445616,,98.92348281762274,
S0043_R02,4302028,truck_only,S0043,n50_p0.75_d1_clustered_Ehigh_V2.00_Hshort_PWmoderate_B0.15,50,0.76,0.75,1,3,high,2.0,clustered,short,moderate,0.15,20.0,5.0,1.0,peripheral,45161.807980917176,194.70244317009045,0.0,0.0,44967.105537747084,44967.105537747084,1711.6200102047035,0.0,467.67667609913053,243.37805396261305,0.0,50,0,0.0,0,0,0.0,0.0,0.0,0.0,0.0,0.0,0,0.0,0.0,0,0,0,0.02357959747314453,0.0,0.0,0.0,True,feasible,baseline_truck_only,45161.807980917176,243.37805396261305,,,,0.0,True,feasible_only,0.0,45161.807980917176,True,45161.807980917176,,,
S0043_R02,4302028,nils,S0043,n50_p0.75_d1_clustered_Ehigh_V2.00_Hshort_PWmoderate_B0.15,50,0.76,0.75,1,3,high,2.0,clustered,short,moderate,0.15,20.0,5.0,1.0,peripheral,541.0097585627859,126.83610902507439,24.080778360797144,0.0,390.0928711769144,390.0928711769144,19.50464355884572,0.0,150.43918545678176,158.545136281343,80.26926120265713,36,14,0.28,1,1,14.0,14.0,0.0,0.0,0.0,0.0,0,0.8495994776853802,0.8495994776853802,0,256,256,3.5708460807800293,25.0,16.0,460.0,True,feasible,nils_complete,45161.807980917176,243.37805396261305,,98.80206355159345,,34.85643684795911,True,feasible_only,0.0,541.0097585627859,True,45161.807980917176,,98.80206355159345,
S0043_R03,4302029,truck_only,S0043,n50_p0.75_d1_clustered_Ehigh_V2.00_Hshort_PWmoderate_B0.15,50,0.76,0.75,1,3,high,2.0,clustered,short,moderate,0.15,20.0,5.0,1.0,peripheral,26348.104083628845,144.32786762841832,0.0,0.0,26203.776216000428,26203.776216000428,981.9998268192193,0.0,356.43327526110306,180.40983453552292,0.0,50,0,0.0,0,0,0.0,0.0,0.0,0.0,0.0,0.0,0,0.0,0.0,0,0,0,0.023249387741088867,0.0,0.0,0.0,True,feasible,baseline_truck_only,26348.104083628845,180.40983453552292,,,,0.0,True,feasible_only,0.0,26348.104083628845,True,26348.104083628845,,,
S0043_R03,4302029,nils,S0043,n50_p0.75_d1_clustered_Ehigh_V2.00_Hshort_PWmoderate_B0.15,50,0.76,0.75,1,3,high,2.0,clustered,short,moderate,0.15,20.0,5.0,1.0,peripheral,66.92550653071184,51.42137511804394,15.5041314126679,0.0,0.0,0.0,0.0,0.0,143.31227258260992,64.27671889755493,51.68043804222634,36,14,0.28,1,1,14.0,14.0,0.0,0.0,0.0,0.0,0,0.5356390875464304,0.5356390875464304,0,0,0,4.159569978713989,25.0,14.0,680.0,True,feasible,nils_complete,26348.104083628845,180.40983453552292,,99.74599498196041,,64.37183202177442,True,feasible_only,0.0,66.92550653071184,True,26348.104083628845,,99.74599498196041,
S0043_R04,4302030,truck_only,S0043,n50_p0.75_d1_clustered_Ehigh_V2.00_Hshort_PWmoderate_B0.15,50,0.76,0.75,1,3,high,2.0,clustered,short,moderate,0.15,20.0,5.0,1.0,peripheral,67553.07166201615,191.88057824062173,0.0,0.0,67361.19108377553,67361.19108377553,3073.6589996240696,0.0,464.12036060131277,239.8507228007771,0.0,50,0,0.0,0,0,0.0,0.0,0.0,0.0,0.0,0.0,0,0.0,0.0,0,0,0,0.02653193473815918,0.0,0.0,0.0,True,feasible,baseline_truck_only,67553.07166201615,239.8507228007771,,,,0.0,True,feasible_only,0.0,67553.07166201615,True,67553.07166201615,,,
S0043_R04,4302030,nils,S0043,n50_p0.75_d1_clustered_Ehigh_V2.00_Hshort_PWmoderate_B0.15,50,0.76,0.75,1,3,high,2.0,clustered,short,moderate,0.15,20.0,5.0,1.0,peripheral,1295.7030401301975,125.73585034481127,24.078144215654696,0.0,1145.8890455697315,1145.8890455697315,57.29445227848657,0.0,142.62030302208208,157.16981293101406,80.26048071884898,29,21,0.42,1,1,21.0,21.0,0.0,0.0,0.0,0.0,0,0.8489926603218956,0.8489926603218956,0,124,124,3.956162214279175,25.0,21.0,550.0,True,feasible,nils_complete,67553.07166201615,239.8507228007771,,98.08194800287852,,34.471820182271784,True,feasible_only,0.0,1295.7030401301975,True,67553.07166201615,,98.08194800287852,
S0043_R05,4302031,truck_only,S0043,n50_p0.75_d1_clustered_Ehigh_V2.00_Hshort_PWmoderate_B0.15,50,0.76,0.75,1,3,high,2.0,clustered,short,moderate,0.15,20.0,5.0,1.0,peripheral,30795.592589631873,170.9322826453614,0.0,0.0,30624.660306986512,30624.660306986512,1102.058656574128,0.0,415.98196857295756,213.66535330670177,0.0,50,0,0.0,0,0,0.0,0.0,0.0,0.0,0.0,0.0,0,0.0,0.0,0,0,0,0.03324413299560547,0.0,0.0,0.0,True,feasible,baseline_truck_only,30795.592589631873,213.66535330670177,,,,0.0,True,feasible_only,0.0,30795.592589631873,True,30795.592589631873,,,
S0043_R05,4302031,nils,S0043,n50_p0.75_d1_clustered_Ehigh_V2.00_Hshort_PWmoderate_B0.15,50,0.76,0.75,1,3,high,2.0,clustered,short,moderate,0.15,20.0,5.0,1.0,peripheral,73.7099879356386,49.66912085675879,24.040867078879813,0.0,0.0,0.0,0.0,0.0,134.59638429346728,62.08640107094848,80.1362235962661,27,23,0.46,1,1,23.0,23.0,0.0,0.0,0.0,0.0,0,0.8444490626513871,0.8444490626513871,0,61,61,4.770118474960327,25.0,21.0,619.0,True,feasible,nils_complete,30795.592589631873,213.66535330670177,,99.76064760656544,,70.94222338339162,True,feasible_only,0.0,73.7099879356386,True,30795.592589631873,,99.76064760656544,
S0043_R06,4302032,truck_only,S0043,n50_p0.75_d1_clustered_Ehigh_V2.00_Hshort_PWmoderate_B0.15,50,0.76,0.75,1,3,high,2.0,clustered,short,moderate,0.15,20.0,5.0,1.0,peripheral,29471.814380819833,166.56024139593154,0.0,0.0,29305.2541394239,29305.2541394239,1067.2687937362077,0.0,406.7566580925724,208.20030174491447,0.0,50,0,0.0,0,0,0.0,0.0,0.0,0.0,0.0,0.0,0,0.0,0.0,0,0,0,0.02535104751586914,0.0,0.0,0.0,True,feasible,baseline_truck_only,29471.814380819833,208.20030174491447,,,,0.0,True,feasible_only,0.0,29471.814380819833,True,29471.814380819833,,,
S0043_R06,4302032,nils,S0043,n50_p0.75_d1_clustered_Ehigh_V2.00_Hshort_PWmoderate_B0.15,50,0.76,0.75,1,3,high,2.0,clustered,short,moderate,0.15,20.0,5.0,1.0,peripheral,70.70744361629676,47.47331727475337,23.234126341543387,0.0,0.0,0.0,0.0,0.0,128.08878883847763,59.341646593441695,77.44708780514463,26,24,0.48,1,1,24.0,24.0,0.0,0.0,0.0,0.0,0,0.816219638617729,0.816219638617729,0,7,7,4.726670265197754,25.0,24.0,611.0,True,feasible,nils_complete,29471.814380819833,208.20030174491447,,99.76008452447938,,71.4978095151146,True,feasible_only,0.0,70.70744361629676,True,29471.814380819833,,99.76008452447938,
S0043_R07,4302033,truck_only,S0043,n50_p0.75_d1_clustered_Ehigh_V2.00_Hshort_PWmoderate_B0.15,50,0.76,0.75,1,3,high,2.0,clustered,short,moderate,0.15,20.0,5.0,1.0,peripheral,32882.74435180741,174.69778937304116,0.0,0.0,32708.046562434367,32708.046562434367,1177.4027084882937,0.0,422.6323896894307,218.37223671630144,0.0,50,0,0.0,0,0,0.0,0.0,0.0,0.0,0.0,0.0,0,0.0,0.0,0,0,0,0.02517533302307129,0.0,0.0,0.0,True,feasible,baseline_truck_only,32882.74435180741,218.37223671630144,,,,0.0,True,feasible_only,0.0,32882.74435180741,True,32882.74435180741,,,
S0043_R07,4302033,nils,S0043,n50_p0.75_d1_clustered_Ehigh_V2.00_Hshort_PWmoderate_B0.15,50,0.76,0.75,1,3,high,2.0,clustered,short,moderate,0.15,20.0,5.0,1.0,peripheral,76.70070316197314,63.461851701623075,13.23885146035007,0.0,0.0,0.0,0.0,0.0,173.60173977712955,79.32731462702887,44.129504867833575,40,10,0.2,1,1,10.0,10.0,0.0,0.0,0.0,0.0,0,0.4559646366515165,0.4559646366515165,0,0,0,5.255255222320557,25.0,10.0,671.0,True,feasible,nils_complete,32882.74435180741,218.37223671630144,,99.76674482415044,,63.67335160371735,True,feasible_only,0.0,76.70070316197314,True,32882.74435180741,,99.76674482415044,
S0043_R08,4302034,truck_only,S0043,n50_p0.75_d1_clustered_Ehigh_V2.00_Hshort_PWmoderate_B0.15,50,0.76,0.75,1,3,high,2.0,clustered,short,moderate,0.15,20.0,5.0,1.0,peripheral,47654.80039119181,183.83277735032124,0.0,0.0,47470.967613841494,47470.967613841494,1943.831005500145,0.0,444.6476794586146,229.79097168790165,0.0,50,0,0.0,0,0,0.0,0.0,0.0,0.0,0.0,0.0,0,0.0,0.0,0,0,0,0.02256464958190918,0.0,0.0,0.0,True,feasible,baseline_truck_only,47654.80039119181,229.79097168790165,,,,0.0,True,feasible_only,0.0,47654.80039119181,True,47654.80039119181,,,
S0043_R08,4302034,nils,S0043,n50_p0.75_d1_clustered_Ehigh_V2.00_Hshort_PWmoderate_B0.15,50,0.76,0.75,1,3,high,2.0,clustered,short,moderate,0.15,20.0,5.0,1.0,peripheral,108.12645711907022,84.19742957580993,23.929027543260286,0.0,0.0,0.0,0.0,0.0,133.30563621992474,105.24678696976244,79.76342514420097,28,22,0.44,1,1,22.0,22.0,0.0,0.0,0.0,0.0,0,0.8393147196821109,0.8393147196821109,0,56,56,4.776045083999634,25.0,22.0,615.0,True,feasible,nils_complete,47654.80039119181,229.79097168790165,,99.77310479483394,,54.19890250836011,True,feasible_only,0.0,108.12645711907022,True,47654.80039119181,,99.77310479483394,
S0043_R09,4302035,truck_only,S0043,n50_p0.75_d1_clustered_Ehigh_V2.00_Hshort_PWmoderate_B0.15,50,0.76,0.75,1,3,high,2.0,clustered,short,moderate,0.15,20.0,5.0,1.0,peripheral,22421.242112428827,169.16544093535626,0.0,0.0,22252.07667149347,22252.07667149347,735.2214221627,0.0,409.6993466197049,211.4568011691954,0.0,50,0,0.0,0,0,0.0,0.0,0.0,0.0,0.0,0.0,0,0.0,0.0,0,0,0,0.025243282318115234,0.0,0.0,0.0,True,feasible,baseline_truck_only,22421.242112428827,211.4568011691954,,,,0.0,True,feasible_only,0.0,22421.242112428827,True,22421.242112428827,,,
S0043_R09,4302035,nils,S0043,n50_p0.75_d1_clustered_Ehigh_V2.00_Hshort_PWmoderate_B0.15,50,0.76,0.75,1,3,high,2.0,clustered,short,moderate,0.15,20.0,5.0,1.0,peripheral,70.99877882293725,49.87586463100733,21.122914191929926,0.0,0.0,0.0,0.0,0.0,135.25024195011372,62.34483078875917,70.40971397309977,30,20,0.4,1,1,20.0,20.0,0.0,0.0,0.0,0.0,0,0.7370399667118539,0.7370399667118539,0,0,0,4.334007501602173,25.0,16.0,671.0,True,feasible,nils_complete,22421.242112428827,211.4568011691954,,99.68334145598661,,70.51651663884083,True,feasible_only,0.0,70.99877882293725,True,22421.242112428827,,99.68334145598661,
S0043_R10,4302036,truck_only,S0043,n50_p0.75_d1_clustered_Ehigh_V2.00_Hshort_PWmoderate_B0.15,50,0.76,0.75,1,3,high,2.0,clustered,short,moderate,0.15,20.0,5.0,1.0,peripheral,45553.27188257673,172.58470147830477,0.0,0.0,45380.68718109842,45380.68718109842,2052.190570507582,0.0,418.766978463606,215.73087684788098,0.0,50,0,0.0,0,0,0.0,0.0,0.0,0.0,0.0,0.0,0,0.0,0.0,0,0,0,0.023936986923217773,0.0,0.0,0.0,True,feasible,baseline_truck_only,45553.27188257673,215.73087684788098,,,,0.0,True,feasible_only,0.0,45553.27188257673,True,45553.27188257673,,,
S0043_R10,4302036,nils,S0043,n50_p0.75_d1_clustered_Ehigh_V2.00_Hshort_PWmoderate_B0.15,50,0.76,0.75,1,3,high,2.0,clustered,short,moderate,0.15,20.0,5.0,1.0,peripheral,101.39908691595417,77.65858698119388,23.740499934760294,0.0,0.0,0.0,0.0,0.0,133.68782148279257,97.07323372649238,79.1349997825343,29,21,0.42,1,1,21.0,21.0,0.0,0.0,0.0,0.0,0,0.8364907003169786,0.8364907003169786,0,52,52,4.548056125640869,25.0,20.0,620.0,True,feasible,nils_complete,45553.27188257673,215.73087684788098,,99.77740547994591,,55.00262403562104,True,feasible_only,0.0,101.39908691595417,True,45553.27188257673,,99.77740547994591,
S0044_R01,4402027,truck_only,S0044,n50_p0.75_d1_uniform_Ehigh_V2.00_Hlong_PWflat_B0.15,50,0.76,0.75,1,3,high,2.0,uniform,long,flat,0.15,1.0,1.0,1.0,peripheral,2356.2659406492257,389.50106308644206,0.0,0.0,1966.7648775627836,1966.7648775627836,1096.2223926859222,0.0,318.87227345061945,486.87632885805243,0.0,50,0,0.0,0,0,0.0,0.0,0.0,0.0,0.0,0.0,0,0.0,0.0,0,0,0,0.02367234230041504,0.0,0.0,0.0,True,feasible,baseline_truck_only,2356.2659406492257,486.87632885805243,,,,0.0,True,feasible_only,0.0,2356.2659406492257,True,2356.2659406492257,,,
S0044_R01,4402027,nils,S0044,n50_p0.75_d1_uniform_Ehigh_V2.00_Hlong_PWflat_B0.15,50,0.76,0.75,1,3,high,2.0,uniform,long,flat,0.15,1.0,1.0,1.0,peripheral,329.5496537133955,200.91128383292434,24.301658043797143,0.0,104.336711836674,104.336711836674,104.336711836674,0.0,173.86086917321737,251.1391047911555,81.00552681265714,43,7,0.14,1,1,7.0,7.0,0.0,0.0,0.0,0.0,0,0.8448704400598525,0.8448704400598525,0,451,451,1.2402644157409668,21.0,8.0,232.0,True,feasible,nils_complete,2356.2659406492257,486.87632885805243,,86.01390241958028,,48.41829641211117,True,feasible_only,0.0,329.5496537133955,True,2356.2659406492257,,86.01390241958028,
S0044_R02,4402028,truck_only,S0044,n50_p0.75_d1_uniform_Ehigh_V2.00_Hlong_PWflat_B0.15,50,0.76,0.75,1,3,high,2.0,uniform,long,flat,0.15,1.0,1.0,1.0,peripheral,2330.8056892272343,372.7959694266662,0.0,0.0,1958.0097198005683,1958.0097198005683,1084.3977882822765,0.0,305.31100303284074,465.99496178333277,0.0,50,0,0.0,0,0,0.0,0.0,0.0,0.0,0.0,0.0,0,0.0,0.0,0,0,0,0.020569562911987305,0.0,0.0,0.0,True,feasible,baseline_truck_only,2330.8056892272343,465.99496178333277,,,,0.0,True,feasible_only,0.0,2330.8056892272343,True,2330.8056892272343,,,
S0044_R02,4402028,nils,S0044,n50_p0.75_d1_uniform_Ehigh_V2.00_Hlong_PWflat_B0.15,50,0.76,0.75,1,3,high,2.0,uniform,long,flat,0.15,1.0,1.0,1.0,peripheral,485.00991604511694,223.5401102928866,23.56084908709754,0.0,237.9089566651328,237.9089566651328,221.01158413848802,0.0,191.0249458722717,279.4251378661082,78.53616362365847,42,8,0.16,1,1,8.0,8.0,0.0,0.0,0.0,0.0,0,0.8490629454603645,0.8490629454603645,0,563,563,1.216524362564087,25.0,8.0,228.0,True,feasible,nils_complete,2330.8056892272343,465.99496178333277,,79.19131919547017,,40.03687576432884,True,feasible_only,0.0,485.00991604511694,True,2330.8056892272343,,79.19131919547017,
S0044_R03,4402029,truck_only,S0044,n50_p0.75_d1_uniform_Ehigh_V2.00_Hlong_PWflat_B0.15,50,0.76,0.75,1,3,high,2.0,uniform,long,flat,0.15,1.0,1.0,1.0,peripheral,2027.3777939303584,370.0576290105443,0.0,0.0,1657.320164919814,1657.320164919814,974.2949064607244,0.0,342.86234121449013,462.57203626318045,0.0,50,0,0.0,0,0,0.0,0.0,0.0,0.0,0.0,0.0,0,0.0,0.0,0,0,0,0.0189511775970459,0.0,0.0,0.0,True,feasible,baseline_truck_only,2027.3777939303584,462.57203626318045,,,,0.0,True,feasible_only,0.0,2027.3777939303584,True,2027.3777939303584,,,
S0044_R03,4402029,nils,S0044,n50_p0.75_d1_uniform_Ehigh_V2.00_Hlong_PWflat_B0.15,50,0.76,0.75,1,3,high,2.0,uniform,long,flat,0.15,1.0,1.0,1.0,peripheral,245.54374209723167,204.63791163514225,22.514602937244245,0.0,18.3912275248452,18.3912275248452,18.3912275248452,0.0,187.01248401478324,255.7973895439278,75.04867645748082,38,12,0.24,1,1,12.0,12.0,0.0,0.0,0.0,0.0,0,0.8151943427349619,0.8151943427349619,0,403,403,1.3745455741882324,23.0,12.0,273.0,True,feasible,nils_complete,2027.3777939303584,462.57203626318045,,87.88860453969902,,44.70106934903608,True,feasible_only,0.0,245.54374209723167,True,2027.3777939303584,,87.88860453969902,
S0044_R04,4402030,truck_only,S0044,n50_p0.75_d1_uniform_Ehigh_V2.00_Hlong_PWflat_B0.15,50,0.76,0.75,1,3,high,2.0,uniform,long,flat,0.15,1.0,1.0,1.0,peripheral,1767.5037802722936,382.936829930458,0.0,0.0,1384.5669503418358,1384.5669503418358,862.1177898796473,0.0,379.9699025997962,478.6710374130723,0.0,50,0,0.0,0,0,0.0,0.0,0.0,0.0,0.0,0.0,0,0.0,0.0,0,0,0,0.025359392166137695,0.0,0.0,0.0,True,feasible,baseline_truck_only,1767.5037802722936,478.6710374130723,,,,0.0,True,feasible_only,0.0,1767.5037802722936,True,1767.5037802722936,,,
S0044_R04,4402030,nils,S0044,n50_p0.75_d1_uniform_Ehigh_V2.00_Hlong_PWflat_B0.15,50,0.76,0.75,1,3,high,2.0,uniform,long,flat,0.15,1.0,1.0,1.0,peripheral,342.4202070530288,230.87075596941588,22.891479460316628,0.0,88.65797162329625,88.65797162329625,70.97070358537232,0.0,187.19770284494567,288.58844496176994,76.30493153438874,41,9,0.18,1,1,9.0,9.0,0.0,0.0,0.0,0.0,0,0.8297223986277156,0.8297223986277156,0,450,450,1.606661319732666,23.0,9.0,268.0,True,feasible,nils_complete,1767.5037802722936,478.6710374130723,,80.6269038360825,,39.71048540529712,True,feasible_only,0.0,342.4202070530288,True,1767.5037802722936,,80.6269038360825,
S0044_R05,4402031,truck_only,S0044,n50_p0.75_d1_uniform_Ehigh_V2.00_Hlong_PWflat_B0.15,50,0.76,0.75,1,3,high,2.0,uniform,long,flat,0.15,1.0,1.0,1.0,peripheral,3635.3154742393203,366.18526457582675,0.0,0.0,3269.1302096634936,3269.1302096634936,2035.461275659939,0.0,504.4274636436305,457.7315807197834,0.0,50,0,0.0,0,0,0.0,0.0,0.0,0.0,0.0,0.0,0,0.0,0.0,0,0,0,0.029466629028320312,0.0,0.0,0.0,False,infeasible,baseline_truck_only,3635.3154742393203,457.7315807197834,,,,0.0,False,feasible_only,0.0,,False,,,,
S0044_R05,4402031,nils,S0044,n50_p0.75_d1_uniform_Ehigh_V2.00_Hlong_PWflat_B0.15,50,0.76,0.75,1,3,high,2.0,uniform,long,flat,0.15,1.0,1.0,1.0,peripheral,313.5281113703013,196.95520598732057,23.557589616483522,0.0,93.0153157664972,93.0153157664972,85.50524870204165,0.0,182.43215977523246,246.1940074841507,78.52529872161175,43,7,0.14,1,1,7.0,7.0,0.0,0.0,0.0,0.0,0,0.8484242148030318,0.8484242148030318,0,609,609,1.410202980041504,25.0,10.0,182.0,True,feasible,nils_complete,3635.3154742393203,457.7315807197834,,91.37549096929735,,46.21432781696855,True,feasible_only,0.0,313.5281113703013,True,,,,
S0044_R06,4402032,truck_only,S0044,n50_p0.75_d1_uniform_Ehigh_V2.00_Hlong_PWflat_B0.15,50,0.76,0.75,1,3,high,2.0,uniform,long,flat,0.15,1.0,1.0,1.0,peripheral,2675.4415463552427,418.72360731297346,0.0,0.0,2256.7179390422693,2256.7179390422693,441.49120527964806,0.0,471.9853781393629,523.4045091412167,0.0,50,0,0.0,0,0,0.0,0.0,0.0,0.0,0.0,0.0,0,0.0,0.0,0,0,0,0.02062249183654785,0.0,0.0,0.0,True,feasible,baseline_truck_only,2675.4415463552427,523.4045091412167,,,,0.0,True,feasible_only,0.0,2675.4415463552427,True,2675.4415463552427,,,
S0044_R06,4402032,nils,S0044,n50_p0.75_d1_uniform_Ehigh_V2.00_Hlong_PWflat_B0.15,50,0.76,0.75,1,3,high,2.0,uniform,long,flat,0.15,1.0,1.0,1.0,peripheral,255.3948550625501,199.49728174696364,24.029952042270196,0.0,31.86762127331628,31.86762127331628,25.581276382260434,0.0,231.83709145709406,249.3716021837045,80.09984014090067,41,9,0.18,1,1,9.0,9.0,0.0,0.0,0.0,0.0,0,0.8495049530292618,0.8495049530292618,0,517,517,1.489366054534912,25.0,9.0,259.0,True,feasible,nils_complete,2675.4415463552427,523.4045091412167,,90.45410446696266,,52.355855207884154,True,feasible_only,0.0,255.3948550625501,True,2675.4415463552427,,90.45410446696266,
S0044_R07,4402033,truck_only,S0044,n50_p0.75_d1_uniform_Ehigh_V2.00_Hlong_PWflat_B0.15,50,0.76,0.75,1,3,high,2.0,uniform,long,flat,0.15,1.0,1.0,1.0,peripheral,1449.85002949618,326.574218829085,0.0,0.0,1123.2758106670951,1123.2758106670951,398.00675170276423,0.0,316.8185216770703,408.21777353635616,0.0,50,0,0.0,0,0,0.0,0.0,0.0,0.0,0.0,0.0,0,0.0,0.0,0,0,0,0.01957988739013672,0.0,0.0,0.0,True,feasible,baseline_truck_only,1449.85002949618,408.21777353635616,,,,0.0,True,feasible_only,0.0,1449.85002949618,True,1449.85002949618,,,
S0044_R07,4402033,nils,S0044,n50_p0.75_d1_uniform_Ehigh_V2.00_Hlong_PWflat_B0.15,50,0.76,0.75,1,3,high,2.0,uniform,long,flat,0.15,1.0,1.0,1.0,peripheral,286.4932429239323,209.4143871023523,23.72429825803456,0.0,53.35455756354546,53.35455756354546,34.60915091029495,0.0,180.98135121259628,261.7679838779403,79.08099419344852,43,7,0.14,1,1,7.0,7.0,0.0,0.0,0.0,0.0,0,0.8361084418455171,0.8361084418455171,0,603,603,1.304490089416504,25.0,7.0,200.0,True,feasible,nils_complete,1449.85002949618,408.21777353635616,,80.23980155909724,,35.87540747913391,True,feasible_only,0.0,286.4932429239323,True,1449.85002949618,,80.23980155909724,
S0044_R08,4402034,truck_only,S0044,n50_p0.75_d1_uniform_Ehigh_V2.00_Hlong_PWflat_B0.15,50,0.76,0.75,1,3,high,2.0,uniform,long,flat,0.15,1.0,1.0,1.0,peripheral,2192.5520177458766,358.6554479350312,0.0,0.0,1833.8965698108454,1833.8965698108454,1136.3591431315328,0.0,336.589511708994,448.31930991878875,0.0,50,0,0.0,0,0,0.0,0.0,0.0,0.0,0.0,0.0,0,0.0,0.0,0,0,0,0.020973682403564453,0.0,0.0,0.0,True,feasible,baseline_truck_only,2192.5520177458766,448.31930991878875,,,,0.0,True,feasible_only,0.0,2192.5520177458766,True,2192.5520177458766,,,
S0044_R08,4402034,nils,S0044,n50_p0.75_d1_uniform_Ehigh_V2.00_Hlong_PWflat_B0.15,50,0.76,0.75,1,3,high,2.0,uniform,long,flat,0.15,1.0,1.0,1.0,peripheral,310.369057140572,210.22151588710963,24.6518574560813,0.0,75.49568379738108,75.49568379738108,46.84215238729076,0.0,181.84076968978232,262.7768948588869,82.17285818693766,45,5,0.1,1,1,5.0,5.0,0.0,0.0,0.0,0.0,0,0.8471591363193695,0.8471591363193695,0,692,692,1.0761315822601318,25.0,5.0,148.0,True,feasible,nils_complete,2192.5520177458766,448.31930991878875,,85.84439253306032,,41.38621981139115,True,feasible_only,0.0,310.369057140572,True,2192.5520177458766,,85.84439253306032,
S0044_R09,4402035,truck_only,S0044,n50_p0.75_d1_uniform_Ehigh_V2.00_Hlong_PWflat_B0.15,50,0.76,0.75,1,3,high,2.0,uniform,long,flat,0.15,1.0,1.0,1.0,peripheral,1964.9752587176533,367.8654444321481,0.0,0.0,1597.1098142855053,1597.1098142855053,377.79576212824486,0.0,414.4483198082225,459.8318055401851,0.0,50,0,0.0,0,0,0.0,0.0,0.0,0.0,0.0,0.0,0,0.0,0.0,0,0,0,0.023346900939941406,0.0,0.0,0.0,True,feasible,baseline_truck_only,1964.9752587176533,459.8318055401851,,,,0.0,True,feasible_only,0.0,1964.9752587176533,True,1964.9752587176533,,,
S0044_R09,4402035,nils,S0044,n50_p0.75_d1_uniform_Ehigh_V2.00_Hlong_PWflat_B0.15,50,0.76,0.75,1,3,high,2.0,uniform,long,flat,0.15,1.0,1.0,1.0,peripheral,226.64435344748497,188.94599267126586,24.352788154104715,0.0,13.34557262211441,13.34557262211441,8.210363496160959,0.0,189.52815927756185,236.18249083908228,81.17596051368238,45,5,0.1,1,1,5.0,5.0,0.0,0.0,0.0,0.0,0,0.8469895330603122,0.8469895330603122,0,670,670,1.244260549545288,25.0,5.0,172.0,True,feasible,nils_complete,1964.9752587176533,459.8318055401851,,88.46579098428988,,48.63719995148485,True,feasible_only,0.0,226.64435344748497,True,1964.9752587176533,,88.46579098428988,
S0044_R10,4402036,truck_only,S0044,n50_p0.75_d1_uniform_Ehigh_V2.00_Hlong_PWflat_B0.15,50,0.76,0.75,1,3,high,2.0,uniform,long,flat,0.15,1.0,1.0,1.0,peripheral,1264.0857423971956,340.54203759834536,0.0,0.0,923.5437047988503,923.5437047988503,378.2339338465034,0.0,321.667504152708,425.6775469979315,0.0,50,0,0.0,0,0,0.0,0.0,0.0,0.0,0.0,0.0,0,0.0,0.0,0,0,0,0.025076866149902344,0.0,0.0,0.0,True,feasible,baseline_truck_only,1264.0857423971956,425.6775469979315,,,,0.0,True,feasible_only,0.0,1264.0857423971956,True,1264.0857423971956,,,
S0044_R10,4402036,nils,S0044,n50_p0.75_d1_uniform_Ehigh_V2.00_Hlong_PWflat_B0.15,50,0.76,0.75,1,3,high,2.0,uniform,long,flat,0.15,1.0,1.0,1.0,peripheral,213.9959318963147,189.7026670368618,24.29326485945289,0.0,0.0,0.0,0.0,0.0,170.2133502593285,237.1283337960773,80.9775495315096,41,9,0.18,1,1,9.0,9.0,0.0,0.0,0.0,0.0,0,0.8475242166966089,0.8475242166966089,0,485,485,1.3539149761199951,25.0,10.0,291.0,True,feasible,nils_complete,1264.0857423971956,425.6775469979315,,83.0710904554231,,44.29390615774489,True,feasible_only,0.0,213.9959318963147,True,1264.0857423971956,,83.0710904554231,
S0045_R01,4502027,truck_only,S0045,n75_p0.25_d3_uniform_Elow_V1.25_Hshort_PWbase_B0.15,75,0.25333333333333335,0.25,3,3,low,1.25,uniform,short,base,0.15,100.0,20.0,1.0,peripheral,389165.6646078253,567.6808671296676,0.0,0.0,388597.98374069564,388597.98374069564,3638.75557043628,0.0,543.2081815689816,709.6010839120844,0.0,75,0,0.0,0,0,0.0,0.0,0.0,0.0,0.0,0.0,0,0.0,0.0,0,0,0,0.055403709411621094,0.0,0.0,0.0,False,infeasible,baseline_truck_only,389165.6646078253,709.6010839120844,,,,0.0,False,feasible_only,0.0,,False,,,,
S0045_R01,4502027,nils,S0045,n75_p0.25_d3_uniform_Elow_V1.25_Hshort_PWbase_B0.15,75,0.25333333333333335,0.25,3,3,low,1.25,uniform,short,base,0.15,100.0,20.0,1.0,peripheral,389165.6646078253,567.6808671296676,0.0,0.0,388597.98374069564,388597.98374069564,3638.75557043628,0.0,543.2081815689816,709.6010839120844,0.0,75,0,0.0,0,0,0.0,0.0,0.0,0.0,0.0,0.0,0,0.0,0.0,0,1125,1125,11.825302124023438,25.0,0.0,300.0,False,infeasible,nils_complete,389165.6646078253,709.6010839120844,,0.0,,0.0,False,feasible_only,0.0,,False,,,,
S0045_R02,4502028,truck_only,S0045,n75_p0.25_d3_uniform_Elow_V1.25_Hshort_PWbase_B0.15,75,0.25333333333333335,0.25,3,3,low,1.25,uniform,short,base,0.15,100.0,20.0,1.0,peripheral,292726.6710537857,534.7085993048357,0.0,0.0,292191.9624544809,292191.9624544809,2531.9759984671864,0.0,509.33276752548414,668.3857491310448,0.0,75,0,0.0,0,0,0.0,0.0,0.0,0.0,0.0,0.0,0,0.0,0.0,0,0,0,0.061884403228759766,0.0,0.0,0.0,False,infeasible,baseline_truck_only,292726.6710537857,668.3857491310448,,,,0.0,False,feasible_only,0.0,,False,,,,
S0045_R02,4502028,nils,S0045,n75_p0.25_d3_uniform_Elow_V1.25_Hshort_PWbase_B0.15,75,0.25333333333333335,0.25,3,3,low,1.25,uniform,short,base,0.15,100.0,20.0,1.0,peripheral,68474.3504201552,212.70856431742212,19.966734745876785,0.0,68241.6751210919,68241.6751210919,677.0927373771036,0.0,203.00624856158205,265.8857053967776,66.55578248625596,68,7,0.09333333333333334,3,3,2.3333333333333335,2.3333333333333335,0.0,0.0,0.0,0.0,0,0.6535052243122793,0.8053572582204711,0,631,631,2.015753984451294,18.0,7.0,101.0,True,feasible,nils_complete,292726.6710537857,668.3857491310448,,76.60809308094318,,60.21972255655504,True,feasible_only,0.0,68474.3504201552,True,,,,
S0045_R03,4502029,truck_only,S0045,n75_p0.25_d3_uniform_Elow_V1.25_Hshort_PWbase_B0.15,75,0.25333333333333335,0.25,3,3,low,1.25,uniform,short,base,0.15,100.0,20.0,1.0,peripheral,302919.4093526957,576.6709888525746,0.0,0.0,302342.7383638431,302342.7383638431,2400.4264288006725,0.0,571.270702798489,720.8387360657184,0.0,75,0,0.0,0,0,0.0,0.0,0.0,0.0,0.0,0.0,0,0.0,0.0,0,0,0,0.05239391326904297,0.0,0.0,0.0,False,infeasible,baseline_truck_only,302919.4093526957,720.8387360657184,,,,0.0,False,feasible_only,0.0,,False,,,,
S0045_R03,4502029,nils,S0045,n75_p0.25_d3_uniform_Elow_V1.25_Hshort_PWbase_B0.15,75,0.25333333333333335,0.25,3,3,low,1.25,uniform,short,base,0.15,100.0,20.0,1.0,peripheral,302919.4093526957,576.6709888525746,0.0,0.0,302342.7383638431,302342.7383638431,2400.4264288006725,0.0,571.270702798489,720.8387360657184,0.0,75,0,0.0,0,0,0.0,0.0,0.0,0.0,0.0,0.0,0,0.0,0.0,0,1050,1050,6.554374694824219,25.0,0.0,150.0,False,infeasible,nils_complete,302919.4093526957,720.8387360657184,,0.0,,0.0,False,feasible_only,0.0,,False,,,,
S0045_R04,4502030,truck_only,S0045,n75_p0.25_d3_uniform_Elow_V1.25_Hshort_PWbase_B0.15,75,0.25333333333333335,0.25,3,3,low,1.25,uniform,short,base,0.15,100.0,20.0,1.0,peripheral,242715.03567848084,518.7405879560173,0.0,0.0,242196.29509052483,242196.29509052483,1881.366874936794,0.0,519.364296938571,648.4257349450216,0.0,75,0,0.0,0,0,0.0,0.0,0.0,0.0,0.0,0.0,0,0.0,0.0,0,0,0,0.06699371337890625,0.0,0.0,0.0,False,infeasible,baseline_truck_only,242715.03567848084,648.4257349450216,,,,0.0,False,feasible_only,0.0,,False,,,,
S0045_R04,4502030,nils,S0045,n75_p0.25_d3_uniform_Elow_V1.25_Hshort_PWbase_B0.15,75,0.25333333333333335,0.25,3,3,low,1.25,uniform,short,base,0.15,100.0,20.0,1.0,peripheral,242715.03567848084,518.7405879560173,0.0,0.0,242196.29509052483,242196.29509052483,1881.366874936794,0.0,519.364296938571,648.4257349450216,0.0,75,0,0.0,0,0,0.0,0.0,0.0,0.0,0.0,0.0,0,0.0,0.0,0,900,900,11.679480791091919,25.0,0.0,300.0,False,infeasible,nils_complete,242715.03567848084,648.4257349450216,,0.0,,0.0,False,feasible_only,0.0,,False,,,,
S0045_R05,4502031,truck_only,S0045,n75_p0.25_d3_uniform_Elow_V1.25_Hshort_PWbase_B0.15,75,0.25333333333333335,0.25,3,3,low,1.25,uniform,short,base,0.15,100.0,20.0,1.0,peripheral,278458.2478044604,514.258567075187,0.0,0.0,277943.9892373852,277943.9892373852,2291.347995322166,0.0,506.3986782470037,642.8232088439836,0.0,75,0,0.0,0,0,0.0,0.0,0.0,0.0,0.0,0.0,0,0.0,0.0,0,0,0,0.0514833927154541,0.0,0.0,0.0,False,infeasible,baseline_truck_only,278458.2478044604,642.8232088439836,,,,0.0,False,feasible_only,0.0,,False,,,,
S0045_R05,4502031,nils,S0045,n75_p0.25_d3_uniform_Elow_V1.25_Hshort_PWbase_B0.15,75,0.25333333333333335,0.25,3,3,low,1.25,uniform,short,base,0.15,100.0,20.0,1.0,peripheral,97389.95087797866,286.55466118276644,8.225399024865395,0.0,97095.17081777102,97095.17081777102,898.4956979816135,0.0,251.78212595752603,358.19332647845806,27.417996749551317,71,4,0.05333333333333334,1,1,4.0,4.0,0.0,0.0,0.0,0.0,0,0.8233515343087274,0.8233515343087274,0,990,990,2.2757022380828857,22.0,4.0,33.0,True,feasible,nils_complete,278458.2478044604,642.8232088439836,,65.02529494246906,,44.278096753442924,True,feasible_only,0.0,97389.95087797866,True,,,,
S0045_R06,4502032,truck_only,S0045,n75_p0.25_d3_uniform_Elow_V1.25_Hshort_PWbase_B0.15,75,0.25333333333333335,0.25,3,3,low,1.25,uniform,short,base,0.15,100.0,20.0,1.0,peripheral,152680.62489981632,457.97447874310166,0.0,0.0,152222.65042107322,152222.65042107322,1228.603141185239,0.0,448.2026455089559,572.468098428877,0.0,75,0,0.0,0,0,0.0,0.0,0.0,0.0,0.0,0.0,0,0.0,0.0,0,0,0,0.06128406524658203,0.0,0.0,0.0,True,feasible,baseline_truck_only,152680.62489981632,572.468098428877,,,,0.0,True,feasible_only,0.0,152680.62489981632,True,152680.62489981632,,,
S0045_R06,4502032,nils,S0045,n75_p0.25_d3_uniform_Elow_V1.25_Hshort_PWbase_B0.15,75,0.25333333333333335,0.25,3,3,low,1.25,uniform,short,base,0.15,100.0,20.0,1.0,peripheral,52868.26373776903,246.28115657404072,23.263372403614845,0.0,52598.71920879138,52598.71920879138,484.2540748846498,0.0,239.56064634617493,307.85144571755086,77.54457467871615,67,8,0.10666666666666667,3,3,2.6666666666666665,2.6666666666666665,0.0,0.0,0.0,0.0,0,0.7872935365652564,0.845898332881181,0,849,849,3.0855236053466797,25.0,8.0,99.0,True,feasible,nils_complete,152680.62489981632,572.468098428877,,65.37329882396057,,46.223825124502014,True,feasible_only,0.0,52868.26373776903,True,152680.62489981632,,65.37329882396057,
S0045_R07,4502033,truck_only,S0045,n75_p0.25_d3_uniform_Elow_V1.25_Hshort_PWbase_B0.15,75,0.25333333333333335,0.25,3,3,low,1.25,uniform,short,base,0.15,100.0,20.0,1.0,peripheral,290634.9823178823,504.02736031432374,0.0,0.0,290130.95495756797,290130.95495756797,2421.320736576809,0.0,491.48147635185484,630.0342003929045,0.0,75,0,0.0,0,0,0.0,0.0,0.0,0.0,0.0,0.0,0,0.0,0.0,0,0,0,0.04820680618286133,0.0,0.0,0.0,False,infeasible,baseline_truck_only,290634.9823178823,630.0342003929045,,,,0.0,False,feasible_only,0.0,,False,,,,
S0045_R07,4502033,nils,S0045,n75_p0.25_d3_uniform_Elow_V1.25_Hshort_PWbase_B0.15,75,0.25333333333333335,0.25,3,3,low,1.25,uniform,short,base,0.15,100.0,20.0,1.0,peripheral,97310.28451354477,281.56815887621576,10.446145160061949,0.0,97018.2702095085,97018.2702095085,856.6367955764229,0.0,241.2391871574003,351.96019859526973,34.82048386687316,72,3,0.04,2,2,1.5,1.5,0.0,0.0,0.0,0.0,0,0.5023746736472887,0.8048113134762638,0,1201,1201,3.7808244228363037,25.0,5.0,77.0,True,feasible,nils_complete,290634.9823178823,630.0342003929045,,66.51804138047238,,44.136334444101784,True,feasible_only,0.0,97310.28451354477,True,,,,
S0045_R08,4502034,truck_only,S0045,n75_p0.25_d3_uniform_Elow_V1.25_Hshort_PWbase_B0.15,75,0.25333333333333335,0.25,3,3,low,1.25,uniform,short,base,0.15,100.0,20.0,1.0,peripheral,300978.5988075103,538.8036094265735,0.0,0.0,300439.7951980837,300439.7951980837,2341.6239819782545,0.0,548.3604247191456,673.5045117832168,0.0,75,0,0.0,0,0,0.0,0.0,0.0,0.0,0.0,0.0,0,0.0,0.0,0,0,0,0.052790164947509766,0.0,0.0,0.0,False,infeasible,baseline_truck_only,300978.5988075103,673.5045117832168,,,,0.0,False,feasible_only,0.0,,False,,,,
S0045_R08,4502034,nils,S0045,n75_p0.25_d3_uniform_Elow_V1.25_Hshort_PWbase_B0.15,75,0.25333333333333335,0.25,3,3,low,1.25,uniform,short,base,0.15,100.0,20.0,1.0,peripheral,300978.5988075103,538.8036094265735,0.0,0.0,300439.7951980837,300439.7951980837,2341.6239819782545,0.0,548.3604247191456,673.5045117832168,0.0,75,0,0.0,0,0,0.0,0.0,0.0,0.0,0.0,0.0,0,0.0,0.0,0,900,900,12.022260665893555,25.0,0.0,525.0,False,infeasible,nils_complete,300978.5988075103,673.5045117832168,,0.0,,0.0,False,feasible_only,0.0,,False,,,,
S0045_R09,4502035,truck_only,S0045,n75_p0.25_d3_uniform_Elow_V1.25_Hshort_PWbase_B0.15,75,0.25333333333333335,0.25,3,3,low,1.25,uniform,short,base,0.15,100.0,20.0,1.0,peripheral,352108.59213680873,519.7212492575156,0.0,0.0,351588.8708875512,351588.8708875512,3252.0928344496992,0.0,452.1905203997428,649.6515615718947,0.0,75,0,0.0,0,0,0.0,0.0,0.0,0.0,0.0,0.0,0,0.0,0.0,0,0,0,0.06937932968139648,0.0,0.0,0.0,True,feasible,baseline_truck_only,352108.59213680873,649.6515615718947,,,,0.0,True,feasible_only,0.0,352108.59213680873,True,352108.59213680873,,,
S0045_R09,4502035,nils,S0045,n75_p0.25_d3_uniform_Elow_V1.25_Hshort_PWbase_B0.15,75,0.25333333333333335,0.25,3,3,low,1.25,uniform,short,base,0.15,100.0,20.0,1.0,peripheral,100582.81120913771,267.3246580108418,22.224411977275135,0.0,100293.26213914959,100293.26213914959,930.3550003786812,0.0,241.86050115381872,334.15582251355215,74.08137325758379,69,6,0.08,3,3,2.0,2.0,0.0,0.0,0.0,0.0,0,0.754987806488542,0.8351695361741203,0,754,754,1.9745795726776123,19.0,7.0,59.0,True,feasible,nils_complete,352108.59213680873,649.6515615718947,,71.43415030041155,,48.56383909783425,True,feasible_only,0.0,100582.81120913771,True,352108.59213680873,,71.43415030041155,
S0045_R10,4502036,truck_only,S0045,n75_p0.25_d3_uniform_Elow_V1.25_Hshort_PWbase_B0.15,75,0.25333333333333335,0.25,3,3,low,1.25,uniform,short,base,0.15,100.0,20.0,1.0,peripheral,403358.62089726323,560.1238241368734,0.0,0.0,402798.4970731264,402798.4970731264,3143.9739504115073,0.0,617.0554051107857,700.1547801710915,0.0,75,0,0.0,0,0,0.0,0.0,0.0,0.0,0.0,0.0,0,0.0,0.0,0,0,0,0.05802488327026367,0.0,0.0,0.0,False,infeasible,baseline_truck_only,403358.62089726323,700.1547801710915,,,,0.0,False,feasible_only,0.0,,False,,,,
S0045_R10,4502036,nils,S0045,n75_p0.25_d3_uniform_Elow_V1.25_Hshort_PWbase_B0.15,75,0.25333333333333335,0.25,3,3,low,1.25,uniform,short,base,0.15,100.0,20.0,1.0,peripheral,403358.62089726323,560.1238241368734,0.0,0.0,402798.4970731264,402798.4970731264,3143.9739504115073,0.0,617.0554051107857,700.1547801710915,0.0,75,0,0.0,0,0,0.0,0.0,0.0,0.0,0.0,0.0,0,0.0,0.0,0,975,975,3.747547149658203,25.0,0.0,75.0,False,infeasible,nils_complete,403358.62089726323,700.1547801710915,,0.0,,0.0,False,feasible_only,0.0,,False,,,,
S0046_R01,4602027,truck_only,S0046,n75_p0.25_d3_uniform_Elow_V1.25_Hlong_PWmoderate_B0.15,75,0.25333333333333335,0.25,3,3,low,1.25,uniform,long,moderate,0.15,20.0,5.0,1.0,peripheral,63641.62179682626,474.9126567003311,0.0,0.0,63166.709140125924,63166.709140125924,2764.5112879256644,0.0,446.219245607808,593.6408208754141,0.0,75,0,0.0,0,0,0.0,0.0,0.0,0.0,0.0,0.0,0,0.0,0.0,0,0,0,0.0540003776550293,0.0,0.0,0.0,True,feasible,baseline_truck_only,63641.62179682626,593.6408208754141,,,,0.0,True,feasible_only,0.0,63641.62179682626,True,63641.62179682626,,,
S0046_R01,4602027,nils,S0046,n75_p0.25_d3_uniform_Elow_V1.25_Hlong_PWmoderate_B0.15,75,0.25333333333333335,0.25,3,3,low,1.25,uniform,long,moderate,0.15,20.0,5.0,1.0,peripheral,17811.005860284175,246.6108438146163,22.143197335655387,0.0,17542.251819133904,17542.251819133904,835.214121161733,0.0,270.95071459945007,308.26355476827024,73.81065778551795,68,7,0.09333333333333334,3,3,2.3333333333333335,2.3333333333333335,0.0,0.0,0.0,0.0,0,0.7460012244425248,0.7918162722263641,0,916,916,2.349625825881958,25.0,7.0,80.0,True,feasible,nils_complete,63641.62179682626,593.6408208754141,,72.01358897303841,,48.07237913429057,True,feasible_only,0.0,17811.005860284175,True,63641.62179682626,,72.01358897303841,
S0046_R02,4602028,truck_only,S0046,n75_p0.25_d3_uniform_Elow_V1.25_Hlong_PWmoderate_B0.15,75,0.25333333333333335,0.25,3,3,low,1.25,uniform,long,moderate,0.15,20.0,5.0,1.0,peripheral,51770.06279589677,477.55124846746753,0.0,0.0,51292.5115474293,51292.5115474293,2036.5282802354186,0.0,469.61978959035946,596.9390605843344,0.0,75,0,0.0,0,0,0.0,0.0,0.0,0.0,0.0,0.0,0,0.0,0.0,0,0,0,0.06342291831970215,0.0,0.0,0.0,True,feasible,baseline_truck_only,51770.06279589677,596.9390605843344,,,,0.0,True,feasible_only,0.0,51770.06279589677,True,51770.06279589677,,,
S0046_R02,4602028,nils,S0046,n75_p0.25_d3_uniform_Elow_V1.25_Hlong_PWmoderate_B0.15,75,0.25333333333333335,0.25,3,3,low,1.25,uniform,long,moderate,0.15,20.0,5.0,1.0,peripheral,15919.096017452559,290.4036491463604,25.06774937981244,0.0,15603.624618926386,15603.624618926386,714.6100903923588,0.0,273.8630679301238,363.0045614329505,83.55916459937481,68,7,0.09333333333333334,3,3,2.3333333333333335,2.3333333333333335,0.0,0.0,0.0,0.0,0,0.8179131321725756,0.8321624608054072,0,674,674,1.997868299484253,18.0,7.0,70.0,True,feasible,nils_complete,51770.06279589677,596.9390605843344,,69.25038302500516,,39.189008493159925,True,feasible_only,0.0,15919.096017452559,True,51770.06279589677,,69.25038302500516,
S0046_R03,4602029,truck_only,S0046,n75_p0.25_d3_uniform_Elow_V1.25_Hlong_PWmoderate_B0.15,75,0.25333333333333335,0.25,3,3,low,1.25,uniform,long,moderate,0.15,20.0,5.0,1.0,peripheral,44011.170127682024,486.9678508841148,0.0,0.0,43524.20227679791,43524.20227679791,1621.5767775890602,0.0,392.2594068055887,608.7098136051436,0.0,75,0,0.0,0,0,0.0,0.0,0.0,0.0,0.0,0.0,0,0.0,0.0,0,0,0,0.05556917190551758,0.0,0.0,0.0,True,feasible,baseline_truck_only,44011.170127682024,608.7098136051436,,,,0.0,True,feasible_only,0.0,44011.170127682024,True,44011.170127682024,,,
S0046_R03,4602029,nils,S0046,n75_p0.25_d3_uniform_Elow_V1.25_Hlong_PWmoderate_B0.15,75,0.25333333333333335,0.25,3,3,low,1.25,uniform,long,moderate,0.15,20.0,5.0,1.0,peripheral,12351.750984854678,248.38910875541734,15.57839774354113,0.0,12087.78347835572,12087.78347835572,583.1214205770633,0.0,226.1025364822215,310.4863859442717,51.927992478470436,69,6,0.08,2,2,3.0,3.0,0.0,0.0,0.0,0.0,0,0.7681101087087054,0.7930289076312527,0,706,706,1.9369592666625977,18.0,6.0,68.0,True,feasible,nils_complete,44011.170127682024,608.7098136051436,,71.93496344446042,,48.99270900441285,True,feasible_only,0.0,12351.750984854678,True,44011.170127682024,,71.93496344446042,
S0046_R04,4602030,truck_only,S0046,n75_p0.25_d3_uniform_Elow_V1.25_Hlong_PWmoderate_B0.15,75,0.25333333333333335,0.25,3,3,low,1.25,uniform,long,moderate,0.15,20.0,5.0,1.0,peripheral,70130.57721303246,522.3189155739765,0.0,0.0,69608.25829745848,69608.25829745848,2713.383840406294,0.0,459.8875425629628,652.8986444674706,0.0,75,0,0.0,0,0,0.0,0.0,0.0,0.0,0.0,0.0,0,0.0,0.0,0,0,0,0.05334949493408203,0.0,0.0,0.0,True,feasible,baseline_truck_only,70130.57721303246,652.8986444674706,,,,0.0,True,feasible_only,0.0,70130.57721303246,True,70130.57721303246,,,
S0046_R04,4602030,nils,S0046,n75_p0.25_d3_uniform_Elow_V1.25_Hlong_PWmoderate_B0.15,75,0.25333333333333335,0.25,3,3,low,1.25,uniform,long,moderate,0.15,20.0,5.0,1.0,peripheral,20049.27372496574,297.1847778194998,22.183065822716866,0.0,19729.905881323524,19729.905881323524,827.5387746506482,0.0,255.6049126223563,371.4809722743748,73.94355274238956,70,5,0.06666666666666667,3,3,1.6666666666666667,1.6666666666666667,0.0,0.0,0.0,0.0,0,0.7084345270956599,0.8235443550532109,0,1060,1060,2.1409897804260254,25.0,7.0,41.0,True,feasible,nils_complete,70130.57721303246,652.8986444674706,,71.41150904253509,,43.102811527910426,True,feasible_only,0.0,20049.27372496574,True,70130.57721303246,,71.41150904253509,
S0046_R05,4602031,truck_only,S0046,n75_p0.25_d3_uniform_Elow_V1.25_Hlong_PWmoderate_B0.15,75,0.25333333333333335,0.25,3,3,low,1.25,uniform,long,moderate,0.15,20.0,5.0,1.0,peripheral,40809.626749814735,521.032142237422,0.0,0.0,40288.59460757731,40288.59460757731,1372.2511338210918,0.0,489.88709973723826,651.2901777967777,0.0,75,0,0.0,0,0,0.0,0.0,0.0,0.0,0.0,0.0,0,0.0,0.0,0,0,0,0.056746721267700195,0.0,0.0,0.0,False,infeasible,baseline_truck_only,40809.626749814735,651.2901777967777,,,,0.0,False,feasible_only,0.0,,False,,,,
S0046_R05,4602031,nils,S0046,n75_p0.25_d3_uniform_Elow_V1.25_Hlong_PWmoderate_B0.15,75,0.25333333333333335,0.25,3,3,low,1.25,uniform,long,moderate,0.15,20.0,5.0,1.0,peripheral,18648.68377286883,276.6910922712127,23.823338095914707,0.0,18348.169342501704,18348.169342501704,782.3653982347668,0.0,234.78840901654604,345.8638653390159,79.41112698638236,69,6,0.08,3,3,2.0,2.0,0.0,0.0,0.0,0.0,0,0.7874732232146234,0.8434686518317384,0,878,878,9.00838303565979,25.0,7.0,430.0,True,feasible,nils_complete,40809.626749814735,651.2901777967777,,54.30322387608338,,46.895580936131374,True,feasible_only,0.0,18648.68377286883,True,,,,
S0046_R06,4602032,truck_only,S0046,n75_p0.25_d3_uniform_Elow_V1.25_Hlong_PWmoderate_B0.15,75,0.25333333333333335,0.25,3,3,low,1.25,uniform,long,moderate,0.15,20.0,5.0,1.0,peripheral,70961.72521627977,553.3106810023945,0.0,0.0,70408.41453527738,70408.41453527738,1868.2626060523696,0.0,741.2391190702497,691.6383512529931,0.0,75,0,0.0,0,0,0.0,0.0,0.0,0.0,0.0,0.0,0,0.0,0.0,0,0,0,0.05503988265991211,0.0,0.0,0.0,False,infeasible,baseline_truck_only,70961.72521627977,691.6383512529931,,,,0.0,False,feasible_only,0.0,,False,,,,
S0046_R06,4602032,nils,S0046,n75_p0.25_d3_uniform_Elow_V1.25_Hlong_PWmoderate_B0.15,75,0.25333333333333335,0.25,3,3,low,1.25,uniform,long,moderate,0.15,20.0,5.0,1.0,peripheral,70961.72521627977,553.3106810023945,0.0,0.0,70408.41453527738,70408.41453527738,1868.2626060523696,0.0,741.2391190702497,691.6383512529931,0.0,75,0,0.0,0,0,0.0,0.0,0.0,0.0,0.0,0.0,0,0.0,0.0,0,975,975,9.987026453018188,25.0,0.0,225.0,False,infeasible,nils_complete,70961.72521627977,691.6383512529931,,0.0,,0.0,False,feasible_only,0.0,,False,,,,
S0046_R07,4602033,truck_only,S0046,n75_p0.25_d3_uniform_Elow_V1.25_Hlong_PWmoderate_B0.15,75,0.25333333333333335,0.25,3,3,low,1.25,uniform,long,moderate,0.15,20.0,5.0,1.0,peripheral,57127.89868800133,481.8968130972366,0.0,0.0,56646.0018749041,56646.0018749041,2254.3980568982975,0.0,490.7115692198492,602.3710163715458,0.0,75,0,0.0,0,0,0.0,0.0,0.0,0.0,0.0,0.0,0,0.0,0.0,0,0,0,0.05385637283325195,0.0,0.0,0.0,False,infeasible,baseline_truck_only,57127.89868800133,602.3710163715458,,,,0.0,False,feasible_only,0.0,,False,,,,
S0046_R07,4602033,nils,S0046,n75_p0.25_d3_uniform_Elow_V1.25_Hlong_PWmoderate_B0.15,75,0.25333333333333335,0.25,3,3,low,1.25,uniform,long,moderate,0.15,20.0,5.0,1.0,peripheral,7946.214380727087,253.66016458377706,21.911044325645157,0.0,7670.643171817665,7670.643171817665,356.27111682106045,0.0,237.83080652591488,317.07520572972135,73.03681441881719,67,8,0.10666666666666667,3,3,2.6666666666666665,2.6666666666666665,0.0,0.0,0.0,0.0,0,0.7185271917151356,0.8048301068010165,0,852,852,2.4017703533172607,25.0,7.0,93.0,True,feasible,nils_complete,57127.89868800133,602.3710163715458,,86.0904836984735,,47.36214108712236,True,feasible_only,0.0,7946.214380727087,True,,,,
S0046_R08,4602034,truck_only,S0046,n75_p0.25_d3_uniform_Elow_V1.25_Hlong_PWmoderate_B0.15,75,0.25333333333333335,0.25,3,3,low,1.25,uniform,long,moderate,0.15,20.0,5.0,1.0,peripheral,81361.52172443365,550.881569428691,0.0,0.0,80810.64015500496,80810.64015500496,3075.93781005548,0.0,550.1187295649987,688.6019617858636,0.0,75,0,0.0,0,0,0.0,0.0,0.0,0.0,0.0,0.0,0,0.0,0.0,0,0,0,0.05092453956604004,0.0,0.0,0.0,False,infeasible,baseline_truck_only,81361.52172443365,688.6019617858636,,,,0.0,False,feasible_only,0.0,,False,,,,
S0046_R08,4602034,nils,S0046,n75_p0.25_d3_uniform_Elow_V1.25_Hlong_PWmoderate_B0.15,75,0.25333333333333335,0.25,3,3,low,1.25,uniform,long,moderate,0.15,20.0,5.0,1.0,peripheral,81361.52172443365,550.881569428691,0.0,0.0,80810.64015500496,80810.64015500496,3075.93781005548,0.0,550.1187295649987,688.6019617858636,0.0,75,0,0.0,0,0,0.0,0.0,0.0,0.0,0.0,0.0,0,0.0,0.0,0,975,975,15.615212202072144,25.0,0.0,375.0,False,infeasible,nils_complete,81361.52172443365,688.6019617858636,,0.0,,0.0,False,feasible_only,0.0,,False,,,,
S0046_R09,4602035,truck_only,S0046,n75_p0.25_d3_uniform_Elow_V1.25_Hlong_PWmoderate_B0.15,75,0.25333333333333335,0.25,3,3,low,1.25,uniform,long,moderate,0.15,20.0,5.0,1.0,peripheral,76580.77488750796,555.320392393678,0.0,0.0,76025.45449511427,76025.45449511427,3074.355070594716,0.0,535.8241701416719,694.1504904920977,0.0,75,0,0.0,0,0,0.0,0.0,0.0,0.0,0.0,0.0,0,0.0,0.0,0,0,0,0.06220674514770508,0.0,0.0,0.0,False,infeasible,baseline_truck_only,76580.77488750796,694.1504904920977,,,,0.0,False,feasible_only,0.0,,False,,,,
S0046_R09,4602035,nils,S0046,n75_p0.25_d3_uniform_Elow_V1.25_Hlong_PWmoderate_B0.15,75,0.25333333333333335,0.25,3,3,low,1.25,uniform,long,moderate,0.15,20.0,5.0,1.0,peripheral,76580.77488750796,555.320392393678,0.0,0.0,76025.45449511427,76025.45449511427,3074.355070594716,0.0,535.8241701416719,694.1504904920977,0.0,75,0,0.0,0,0,0.0,0.0,0.0,0.0,0.0,0.0,0,0.0,0.0,0,1125,1125,14.87335467338562,25.0,0.0,300.0,False,infeasible,nils_complete,76580.77488750796,694.1504904920977,,0.0,,0.0,False,feasible_only,0.0,,False,,,,
S0046_R10,4602036,truck_only,S0046,n75_p0.25_d3_uniform_Elow_V1.25_Hlong_PWmoderate_B0.15,75,0.25333333333333335,0.25,3,3,low,1.25,uniform,long,moderate,0.15,20.0,5.0,1.0,peripheral,63172.52184568278,564.3141270329382,0.0,0.0,62608.20771864984,62608.20771864984,2529.94900560341,0.0,505.8079976784684,705.3926587911727,0.0,75,0,0.0,0,0,0.0,0.0,0.0,0.0,0.0,0.0,0,0.0,0.0,0,0,0,0.08604621887207031,0.0,0.0,0.0,False,infeasible,baseline_truck_only,63172.52184568278,705.3926587911727,,,,0.0,False,feasible_only,0.0,,False,,,,
S0046_R10,4602036,nils,S0046,n75_p0.25_d3_uniform_Elow_V1.25_Hlong_PWmoderate_B0.15,75,0.25333333333333335,0.25,3,3,low,1.25,uniform,long,moderate,0.15,20.0,5.0,1.0,peripheral,14092.233765985668,262.7018252576257,22.43989325776637,0.0,13807.092047470276,13807.092047470276,654.4291271384674,0.0,241.39647751233724,328.3772815720322,74.79964419255458,67,8,0.10666666666666667,3,3,2.6666666666666665,2.6666666666666665,0.0,0.0,0.0,0.0,0,0.773107200872805,0.837533858428555,0,810,810,3.2575032711029053,25.0,8.0,135.0,True,feasible,nils_complete,63172.52184568278,705.3926587911727,,77.69246287110394,,53.447590150034955,True,feasible_only,0.0,14092.233765985668,True,,,,
S0047_R01,4702027,truck_only,S0047,n75_p0.25_d3_uniform_Emedium_V1.25_Hlong_PWmoderate_B0.15,75,0.25333333333333335,0.25,3,3,medium,1.25,uniform,long,moderate,0.15,20.0,5.0,1.0,peripheral,29067.29047331416,495.11777326324795,0.0,0.0,28572.17270005091,28572.17270005091,1168.0458742811088,0.0,426.78810760057615,618.89721657906,0.0,75,0,0.0,0,0,0.0,0.0,0.0,0.0,0.0,0.0,0,0.0,0.0,0,0,0,0.06902527809143066,0.0,0.0,0.0,True,feasible,baseline_truck_only,29067.29047331416,618.89721657906,,,,0.0,True,feasible_only,0.0,29067.29047331416,True,29067.29047331416,,,
S0047_R01,4702027,nils,S0047,n75_p0.25_d3_uniform_Emedium_V1.25_Hlong_PWmoderate_B0.15,75,0.25333333333333335,0.25,3,3,medium,1.25,uniform,long,moderate,0.15,20.0,5.0,1.0,peripheral,8263.810847413484,260.73132588411545,33.54749378278575,0.0,7969.5320277465835,7969.5320277465835,378.3903078021887,0.0,245.97324185254985,325.9141573551444,111.82497927595251,65,10,0.13333333333333333,3,3,3.3333333333333335,3.3333333333333335,0.0,0.0,0.0,0.0,0,0.805021677828517,0.8298786495387598,0,641,641,3.580566167831421,25.0,10.0,220.0,True,feasible,nils_complete,29067.29047331416,618.89721657906,,71.57006823528926,,47.33953415453581,True,feasible_only,0.0,8263.810847413484,True,29067.29047331416,,71.57006823528926,
S0047_R02,4702028,truck_only,S0047,n75_p0.25_d3_uniform_Emedium_V1.25_Hlong_PWmoderate_B0.15,75,0.25333333333333335,0.25,3,3,medium,1.25,uniform,long,moderate,0.15,20.0,5.0,1.0,peripheral,36269.77061058703,491.1429622345186,0.0,0.0,35778.627648352514,35778.627648352514,1092.6923146253107,0.0,417.34544401655296,613.9287027931482,0.0,75,0,0.0,0,0,0.0,0.0,0.0,0.0,0.0,0.0,0,0.0,0.0,0,0,0,0.0713050365447998,0.0,0.0,0.0,True,feasible,baseline_truck_only,36269.77061058703,613.9287027931482,,,,0.0,True,feasible_only,0.0,36269.77061058703,True,36269.77061058703,,,
S0047_R02,4702028,nils,S0047,n75_p0.25_d3_uniform_Emedium_V1.25_Hlong_PWmoderate_B0.15,75,0.25333333333333335,0.25,3,3,medium,1.25,uniform,long,moderate,0.15,20.0,5.0,1.0,peripheral,4642.254313283834,248.6885768257278,34.70543102448198,0.0,4358.860305433624,4358.860305433624,171.70631827119752,0.0,227.3987021356702,310.8607210321598,115.68477008160662,66,9,0.12,3,3,3.0,3.0,0.0,0.0,0.0,0.0,0,0.8181327432080158,0.8379415003205543,0,622,622,3.1909732818603516,24.0,9.0,212.0,True,feasible,nils_complete,36269.77061058703,613.9287027931482,,87.20076185999154,,49.365338415053955,True,feasible_only,0.0,4642.254313283834,True,36269.77061058703,,87.20076185999154,
S0047_R03,4702029,truck_only,S0047,n75_p0.25_d3_uniform_Emedium_V1.25_Hlong_PWmoderate_B0.15,75,0.25333333333333335,0.25,3,3,medium,1.25,uniform,long,moderate,0.15,20.0,5.0,1.0,peripheral,45409.38106473838,505.1140383016097,0.0,0.0,44904.26702643677,44904.26702643677,1649.0171753522873,0.0,523.6102774657231,631.3925478770122,0.0,75,0,0.0,0,0,0.0,0.0,0.0,0.0,0.0,0.0,0,0.0,0.0,0,0,0,0.1074361801147461,0.0,0.0,0.0,False,infeasible,baseline_truck_only,45409.38106473838,631.3925478770122,,,,0.0,False,feasible_only,0.0,,False,,,,
S0047_R03,4702029,nils,S0047,n75_p0.25_d3_uniform_Emedium_V1.25_Hlong_PWmoderate_B0.15,75,0.25333333333333335,0.25,3,3,medium,1.25,uniform,long,moderate,0.15,20.0,5.0,1.0,peripheral,45409.38106473838,505.1140383016097,0.0,0.0,44904.26702643677,44904.26702643677,1649.0171753522873,0.0,523.6102774657231,631.3925478770122,0.0,75,0,0.0,0,0,0.0,0.0,0.0,0.0,0.0,0.0,0,0.0,0.0,0,450,450,17.438021421432495,25.0,0.0,750.0,False,infeasible,nils_complete,45409.38106473838,631.3925478770122,,0.0,,0.0,False,feasible_only,0.0,,False,,,,
S0047_R04,4702030,truck_only,S0047,n75_p0.25_d3_uniform_Emedium_V1.25_Hlong_PWmoderate_B0.15,75,0.25333333333333335,0.25,3,3,medium,1.25,uniform,long,moderate,0.15,20.0,5.0,1.0,peripheral,51410.64032731715,456.7034850120763,0.0,0.0,50953.93684230508,50953.93684230508,2045.0391983339946,0.0,402.70634322101716,570.8793562650953,0.0,75,0,0.0,0,0,0.0,0.0,0.0,0.0,0.0,0.0,0,0.0,0.0,0,0,0,0.07854628562927246,0.0,0.0,0.0,True,feasible,baseline_truck_only,51410.64032731715,570.8793562650953,,,,0.0,True,feasible_only,0.0,51410.64032731715,True,51410.64032731715,,,
S0047_R04,4702030,nils,S0047,n75_p0.25_d3_uniform_Emedium_V1.25_Hlong_PWmoderate_B0.15,75,0.25333333333333335,0.25,3,3,medium,1.25,uniform,long,moderate,0.15,20.0,5.0,1.0,peripheral,13933.522438931666,254.34491641352187,32.71997688813329,0.0,13646.457545630012,13646.457545630012,593.0162488648875,0.0,217.56721990209692,317.9311455169023,109.06658962711097,65,10,0.13333333333333333,3,3,3.3333333333333335,3.3333333333333335,0.0,0.0,0.0,0.0,0,0.7685708940291315,0.7992891344431449,0,657,657,4.105536699295044,25.0,10.0,204.0,True,feasible,nils_complete,51410.64032731715,570.8793562650953,,72.89759016767573,,44.308522978142726,True,feasible_only,0.0,13933.522438931666,True,51410.64032731715,,72.89759016767573,
S0047_R05,4702031,truck_only,S0047,n75_p0.25_d3_uniform_Emedium_V1.25_Hlong_PWmoderate_B0.15,75,0.25333333333333335,0.25,3,3,medium,1.25,uniform,long,moderate,0.15,20.0,5.0,1.0,peripheral,72229.27438678146,561.7764326280678,0.0,0.0,71667.49795415338,71667.49795415338,3083.123879526413,0.0,524.1651681952,702.2205407850845,0.0,75,0,0.0,0,0,0.0,0.0,0.0,0.0,0.0,0.0,0,0.0,0.0,0,0,0,0.06572508811950684,0.0,0.0,0.0,False,infeasible,baseline_truck_only,72229.27438678146,702.2205407850845,,,,0.0,False,feasible_only,0.0,,False,,,,
S0047_R05,4702031,nils,S0047,n75_p0.25_d3_uniform_Emedium_V1.25_Hlong_PWmoderate_B0.15,75,0.25333333333333335,0.25,3,3,medium,1.25,uniform,long,moderate,0.15,20.0,5.0,1.0,peripheral,72229.27438678146,561.7764326280678,0.0,0.0,71667.49795415338,71667.49795415338,3083.123879526413,0.0,524.1651681952,702.2205407850845,0.0,75,0,0.0,0,0,0.0,0.0,0.0,0.0,0.0,0.0,0,0.0,0.0,0,675,675,17.263801336288452,25.0,0.0,600.0,False,infeasible,nils_complete,72229.27438678146,702.2205407850845,,0.0,,0.0,False,feasible_only,0.0,,False,,,,
S0047_R06,4702032,truck_only,S0047,n75_p0.25_d3_uniform_Emedium_V1.25_Hlong_PWmoderate_B0.15,75,0.25333333333333335,0.25,3,3,medium,1.25,uniform,long,moderate,0.15,20.0,5.0,1.0,peripheral,92942.49709955606,512.7688267769199,0.0,0.0,92429.72827277913,92429.72827277913,3949.0048214743497,0.0,607.1862063676707,640.9610334711498,0.0,75,0,0.0,0,0,0.0,0.0,0.0,0.0,0.0,0.0,0,0.0,0.0,0,0,0,0.08033919334411621,0.0,0.0,0.0,False,infeasible,baseline_truck_only,92942.49709955606,640.9610334711498,,,,0.0,False,feasible_only,0.0,,False,,,,
S0047_R06,4702032,nils,S0047,n75_p0.25_d3_uniform_Emedium_V1.25_Hlong_PWmoderate_B0.15,75,0.25333333333333335,0.25,3,3,medium,1.25,uniform,long,moderate,0.15,20.0,5.0,1.0,peripheral,92942.49709955606,512.7688267769199,0.0,0.0,92429.72827277913,92429.72827277913,3949.0048214743497,0.0,607.1862063676707,640.9610334711498,0.0,75,0,0.0,0,0,0.0,0.0,0.0,0.0,0.0,0.0,0,0.0,0.0,0,300,300,18.38035273551941,25.0,0.0,600.0,False,infeasible,nils_complete,92942.49709955606,640.9610334711498,,0.0,,0.0,False,feasible_only,0.0,,False,,,,
S0047_R07,4702033,truck_only,S0047,n75_p0.25_d3_uniform_Emedium_V1.25_Hlong_PWmoderate_B0.15,75,0.25333333333333335,0.25,3,3,medium,1.25,uniform,long,moderate,0.15,20.0,5.0,1.0,peripheral,74841.76984773172,579.7764730317108,0.0,0.0,74261.9933747,74261.9933747,2700.0838759927365,0.0,511.63411050247794,724.7205912896386,0.0,75,0,0.0,0,0,0.0,0.0,0.0,0.0,0.0,0.0,0,0.0,0.0,0,0,0,0.0724172592163086,0.0,0.0,0.0,False,infeasible,baseline_truck_only,74841.76984773172,724.7205912896386,,,,0.0,False,feasible_only,0.0,,False,,,,
S0047_R07,4702033,nils,S0047,n75_p0.25_d3_uniform_Emedium_V1.25_Hlong_PWmoderate_B0.15,75,0.25333333333333335,0.25,3,3,medium,1.25,uniform,long,moderate,0.15,20.0,5.0,1.0,peripheral,74841.76984773172,579.7764730317108,0.0,0.0,74261.9933747,74261.9933747,2700.0838759927365,0.0,511.63411050247794,724.7205912896386,0.0,75,0,0.0,0,0,0.0,0.0,0.0,0.0,0.0,0.0,0,0.0,0.0,0,375,375,17.51741909980774,25.0,0.0,450.0,False,infeasible,nils_complete,74841.76984773172,724.7205912896386,,0.0,,0.0,False,feasible_only,0.0,,False,,,,
S0047_R08,4702034,truck_only,S0047,n75_p0.25_d3_uniform_Emedium_V1.25_Hlong_PWmoderate_B0.15,75,0.25333333333333335,0.25,3,3,medium,1.25,uniform,long,moderate,0.15,20.0,5.0,1.0,peripheral,56842.26969346833,463.68152918973044,0.0,0.0,56378.588164278604,56378.588164278604,2307.056555068819,0.0,431.28806388994246,579.6019114871633,0.0,75,0,0.0,0,0,0.0,0.0,0.0,0.0,0.0,0.0,0,0.0,0.0,0,0,0,0.0777735710144043,0.0,0.0,0.0,True,feasible,baseline_truck_only,56842.26969346833,579.6019114871633,,,,0.0,True,feasible_only,0.0,56842.26969346833,True,56842.26969346833,,,
S0047_R08,4702034,nils,S0047,n75_p0.25_d3_uniform_Emedium_V1.25_Hlong_PWmoderate_B0.15,75,0.25333333333333335,0.25,3,3,medium,1.25,uniform,long,moderate,0.15,20.0,5.0,1.0,peripheral,17411.978405316302,278.93052144815334,33.01748186678178,0.0,17100.03040200137,17100.03040200137,778.3451261883571,0.0,243.00248677119163,348.6631518101917,110.05827288927262,67,8,0.10666666666666667,3,3,2.6666666666666665,2.6666666666666665,0.0,0.0,0.0,0.0,0,0.7806646533239704,0.8089422771474409,0,721,721,4.176510810852051,25.0,8.0,227.0,True,feasible,nils_complete,56842.26969346833,579.6019114871633,,69.36790437958692,,39.84437509607597,True,feasible_only,0.0,17411.978405316302,True,56842.26969346833,,69.36790437958692,
S0047_R09,4702035,truck_only,S0047,n75_p0.25_d3_uniform_Emedium_V1.25_Hlong_PWmoderate_B0.15,75,0.25333333333333335,0.25,3,3,medium,1.25,uniform,long,moderate,0.15,20.0,5.0,1.0,peripheral,60973.26585671968,496.528488196283,0.0,0.0,60476.7373685234,60476.7373685234,2536.501062596147,0.0,411.24470002624594,620.6606102453537,0.0,75,0,0.0,0,0,0.0,0.0,0.0,0.0,0.0,0.0,0,0.0,0.0,0,0,0,0.0708467960357666,0.0,0.0,0.0,True,feasible,baseline_truck_only,60973.26585671968,620.6606102453537,,,,0.0,True,feasible_only,0.0,60973.26585671968,True,60973.26585671968,,,
S0047_R09,4702035,nils,S0047,n75_p0.25_d3_uniform_Emedium_V1.25_Hlong_PWmoderate_B0.15,75,0.25333333333333335,0.25,3,3,medium,1.25,uniform,long,moderate,0.15,20.0,5.0,1.0,peripheral,11690.166495254954,258.18028891570015,31.094365268891544,0.0,11400.891841070363,11400.891841070363,462.64906160171574,0.0,231.24916558475468,322.72536114462525,103.64788422963848,64,11,0.14666666666666667,3,3,3.6666666666666665,3.6666666666666665,0.0,0.0,0.0,0.0,0,0.7457736062161913,0.8173601084802721,0,600,600,3.342188835144043,25.0,11.0,222.0,True,feasible,nils_complete,60973.26585671968,620.6606102453537,,80.82738995361422,,48.002925299698255,True,feasible_only,0.0,11690.166495254954,True,60973.26585671968,,80.82738995361422,
S0047_R10,4702036,truck_only,S0047,n75_p0.25_d3_uniform_Emedium_V1.25_Hlong_PWmoderate_B0.15,75,0.25333333333333335,0.25,3,3,medium,1.25,uniform,long,moderate,0.15,20.0,5.0,1.0,peripheral,73097.67756134822,475.4754721145622,0.0,0.0,72622.20208923366,72622.20208923366,3112.8374401076862,0.0,469.90869522549684,594.3443401432028,0.0,75,0,0.0,0,0,0.0,0.0,0.0,0.0,0.0,0.0,0,0.0,0.0,0,0,0,0.06934404373168945,0.0,0.0,0.0,True,feasible,baseline_truck_only,73097.67756134822,594.3443401432028,,,,0.0,True,feasible_only,0.0,73097.67756134822,True,73097.67756134822,,,
S0047_R10,4702036,nils,S0047,n75_p0.25_d3_uniform_Emedium_V1.25_Hlong_PWmoderate_B0.15,75,0.25333333333333335,0.25,3,3,medium,1.25,uniform,long,moderate,0.15,20.0,5.0,1.0,peripheral,13027.012779928242,242.57152538761312,33.31271326841573,0.0,12751.128541272214,12751.128541272214,619.6530878573375,0.0,216.67310247030412,303.21440673451633,111.04237756138575,66,9,0.12,3,3,3.0,3.0,0.0,0.0,0.0,0.0,0,0.7978297719098318,0.8197104725380119,0,695,695,3.7207813262939453,25.0,9.0,208.0,True,feasible,nils_complete,73097.67756134822,594.3443401432028,,82.17862288580217,,48.98337777365574,True,feasible_only,0.0,13027.012779928242,True,73097.67756134822,,82.17862288580217,
S0048_R01,4802027,truck_only,S0048,n75_p0.25_d3_uniform_Ehigh_V2.00_Hmedium_PWflat_B0.15,75,0.25333333333333335,0.25,3,3,high,2.0,uniform,medium,flat,0.15,1.0,1.0,1.0,peripheral,8157.070297592184,519.6462648225632,0.0,0.0,7637.424032769621,7637.424032769621,2255.6406281225163,0.0,603.0237582442404,649.5578310282041,0.0,75,0,0.0,0,0,0.0,0.0,0.0,0.0,0.0,0.0,0,0.0,0.0,0,0,0,0.08347749710083008,0.0,0.0,0.0,False,infeasible,baseline_truck_only,8157.070297592184,649.5578310282041,,,,0.0,False,feasible_only,0.0,,False,,,,
S0048_R01,4802027,nils,S0048,n75_p0.25_d3_uniform_Ehigh_V2.00_Hmedium_PWflat_B0.15,75,0.25333333333333335,0.25,3,3,high,2.0,uniform,medium,flat,0.15,1.0,1.0,1.0,peripheral,8157.070297592184,519.6462648225632,0.0,0.0,7637.424032769621,7637.424032769621,2255.6406281225163,0.0,603.0237582442404,649.5578310282041,0.0,75,0,0.0,0,0,0.0,0.0,0.0,0.0,0.0,0.0,0,0.0,0.0,0,0,0,17.00081753730774,25.0,0.0,900.0,False,infeasible,nils_complete,8157.070297592184,649.5578310282041,,0.0,,0.0,False,feasible_only,0.0,,False,,,,
S0048_R02,4802028,truck_only,S0048,n75_p0.25_d3_uniform_Ehigh_V2.00_Hmedium_PWflat_B0.15,75,0.25333333333333335,0.25,3,3,high,2.0,uniform,medium,flat,0.15,1.0,1.0,1.0,peripheral,6440.337458031774,476.3015775408719,0.0,0.0,5964.035880490902,5964.035880490902,4012.516320191367,0.0,472.85271989999916,595.3769719260899,0.0,75,0,0.0,0,0,0.0,0.0,0.0,0.0,0.0,0.0,0,0.0,0.0,0,0,0,0.060784101486206055,0.0,0.0,0.0,True,feasible,baseline_truck_only,6440.337458031774,595.3769719260899,,,,0.0,True,feasible_only,0.0,6440.337458031774,True,6440.337458031774,,,
S0048_R02,4802028,nils,S0048,n75_p0.25_d3_uniform_Ehigh_V2.00_Hmedium_PWflat_B0.15,75,0.25333333333333335,0.25,3,3,high,2.0,uniform,medium,flat,0.15,1.0,1.0,1.0,peripheral,782.6162638638658,209.1668997822778,63.49173456470542,0.0,509.9576295168826,509.9576295168826,430.7422419319273,0.0,212.25190830336433,261.4586247278472,211.6391152156847,57,18,0.24,3,3,6.0,6.0,0.0,0.0,0.0,0.0,0,0.756174347294972,0.830393818946157,0,158,158,4.63543176651001,25.0,18.0,487.0,True,feasible,nils_complete,6440.337458031774,595.3769719260899,,87.84821030010063,,56.0851969329602,True,feasible_only,0.0,782.6162638638658,True,6440.337458031774,,87.84821030010063,
S0048_R03,4802029,truck_only,S0048,n75_p0.25_d3_uniform_Ehigh_V2.00_Hmedium_PWflat_B0.15,75,0.25333333333333335,0.25,3,3,high,2.0,uniform,medium,flat,0.15,1.0,1.0,1.0,peripheral,4393.423062391292,498.07151399333634,0.0,0.0,3895.351548397956,3895.351548397956,1834.2012828653903,0.0,430.19656735612153,622.5893924916704,0.0,75,0,0.0,0,0,0.0,0.0,0.0,0.0,0.0,0.0,0,0.0,0.0,0,0,0,0.057769060134887695,0.0,0.0,0.0,True,feasible,baseline_truck_only,4393.423062391292,622.5893924916704,,,,0.0,True,feasible_only,0.0,4393.423062391292,True,4393.423062391292,,,
S0048_R03,4802029,nils,S0048,n75_p0.25_d3_uniform_Ehigh_V2.00_Hmedium_PWflat_B0.15,75,0.25333333333333335,0.25,3,3,high,2.0,uniform,medium,flat,0.15,1.0,1.0,1.0,peripheral,1099.905912105949,249.01081817933905,67.02894587250401,0.0,783.866148054106,783.866148054106,706.2441626768233,0.0,225.09877756142745,311.2635227241737,223.42981957501343,58,17,0.22666666666666666,3,3,5.666666666666667,5.666666666666667,0.0,0.0,0.0,0.0,0,0.7739667002211824,0.8468775100094735,0,206,206,3.6551787853240967,25.0,16.0,439.0,True,feasible,nils_complete,4393.423062391292,622.5893924916704,,74.96471665746476,,50.00500707561636,True,feasible_only,0.0,1099.905912105949,True,4393.423062391292,,74.96471665746476,
S0048_R04,4802030,truck_only,S0048,n75_p0.25_d3_uniform_Ehigh_V2.00_Hmedium_PWflat_B0.15,75,0.25333333333333335,0.25,3,3,high,2.0,uniform,medium,flat,0.15,1.0,1.0,1.0,peripheral,5563.437515201721,497.79886795628767,0.0,0.0,5065.638647245433,5065.638647245433,1901.7763669149724,0.0,414.75977480905806,622.2485849453597,0.0,75,0,0.0,0,0,0.0,0.0,0.0,0.0,0.0,0.0,0,0.0,0.0,0,0,0,0.06110382080078125,0.0,0.0,0.0,True,feasible,baseline_truck_only,5563.437515201721,622.2485849453597,,,,0.0,True,feasible_only,0.0,5563.437515201721,True,5563.437515201721,,,
S0048_R04,4802030,nils,S0048,n75_p0.25_d3_uniform_Ehigh_V2.00_Hmedium_PWflat_B0.15,75,0.25333333333333335,0.25,3,3,high,2.0,uniform,medium,flat,0.15,1.0,1.0,1.0,peripheral,450.07823803532347,224.5547212822199,34.3019219029777,0.0,191.22159485012588,191.22159485012588,100.61610687440762,0.0,191.558294014336,280.6934016027749,114.33973967659234,62,13,0.17333333333333334,2,2,6.5,6.5,0.0,0.0,0.0,0.0,0,0.6021060489324261,0.8331357197573236,0,105,105,3.7738454341888428,25.0,13.0,546.0,True,feasible,nils_complete,5563.437515201721,622.2485849453597,,91.91006932664355,,54.89047168706332,True,feasible_only,0.0,450.07823803532347,True,5563.437515201721,,91.91006932664355,
S0048_R05,4802031,truck_only,S0048,n75_p0.25_d3_uniform_Ehigh_V2.00_Hmedium_PWflat_B0.15,75,0.25333333333333335,0.25,3,3,high,2.0,uniform,medium,flat,0.15,1.0,1.0,1.0,peripheral,7202.062119427344,537.0464719045699,0.0,0.0,6665.015647522775,6665.015647522775,2061.2911144630634,0.0,535.0965239851753,671.3080898807125,0.0,75,0,0.0,0,0,0.0,0.0,0.0,0.0,0.0,0.0,0,0.0,0.0,0,0,0,0.05707073211669922,0.0,0.0,0.0,False,infeasible,baseline_truck_only,7202.062119427344,671.3080898807125,,,,0.0,False,feasible_only,0.0,,False,,,,
S0048_R05,4802031,nils,S0048,n75_p0.25_d3_uniform_Ehigh_V2.00_Hmedium_PWflat_B0.15,75,0.25333333333333335,0.25,3,3,high,2.0,uniform,medium,flat,0.15,1.0,1.0,1.0,peripheral,7202.062119427344,537.0464719045699,0.0,0.0,6665.015647522775,6665.015647522775,2061.2911144630634,0.0,535.0965239851753,671.3080898807125,0.0,75,0,0.0,0,0,0.0,0.0,0.0,0.0,0.0,0.0,0,0.0,0.0,0,0,0,14.675395965576172,25.0,0.0,975.0,False,infeasible,nils_complete,7202.062119427344,671.3080898807125,,0.0,,0.0,False,feasible_only,0.0,,False,,,,
S0048_R06,4802032,truck_only,S0048,n75_p0.25_d3_uniform_Ehigh_V2.00_Hmedium_PWflat_B0.15,75,0.25333333333333335,0.25,3,3,high,2.0,uniform,medium,flat,0.15,1.0,1.0,1.0,peripheral,6005.291114362643,503.6009651235036,0.0,0.0,5501.69014923914,5501.69014923914,3034.3672671982285,0.0,434.76430839866583,629.5012064043793,0.0,75,0,0.0,0,0,0.0,0.0,0.0,0.0,0.0,0.0,0,0.0,0.0,0,0,0,0.04983639717102051,0.0,0.0,0.0,True,feasible,baseline_truck_only,6005.291114362643,629.5012064043793,,,,0.0,True,feasible_only,0.0,6005.291114362643,True,6005.291114362643,,,
S0048_R06,4802032,nils,S0048,n75_p0.25_d3_uniform_Ehigh_V2.00_Hmedium_PWflat_B0.15,75,0.25333333333333335,0.25,3,3,high,2.0,uniform,medium,flat,0.15,1.0,1.0,1.0,peripheral,1157.2898549732588,263.8788072099668,67.29553977723849,0.0,826.1155079860534,826.1155079860534,592.9948103652382,0.0,227.07199853016783,329.84850901245863,224.3184659241283,56,19,0.25333333333333335,3,3,6.333333333333333,6.333333333333333,0.0,0.0,0.0,0.0,0,0.7771674103115607,0.847076377629983,0,143,143,3.8318800926208496,25.0,19.0,490.0,True,feasible,nils_complete,6005.291114362643,629.5012064043793,,80.72883007777243,,47.60160812137183,True,feasible_only,0.0,1157.2898549732588,True,6005.291114362643,,80.72883007777243,
S0048_R07,4802033,truck_only,S0048,n75_p0.25_d3_uniform_Ehigh_V2.00_Hmedium_PWflat_B0.15,75,0.25333333333333335,0.25,3,3,high,2.0,uniform,medium,flat,0.15,1.0,1.0,1.0,peripheral,6170.141213075716,537.9779312092727,0.0,0.0,5632.163281866444,5632.163281866444,2808.863098326851,0.0,451.0975398573935,672.4724140115909,0.0,75,0,0.0,0,0,0.0,0.0,0.0,0.0,0.0,0.0,0,0.0,0.0,0,0,0,0.054723262786865234,0.0,0.0,0.0,True,feasible,baseline_truck_only,6170.141213075716,672.4724140115909,,,,0.0,True,feasible_only,0.0,6170.141213075716,True,6170.141213075716,,,
S0048_R07,4802033,nils,S0048,n75_p0.25_d3_uniform_Ehigh_V2.00_Hmedium_PWflat_B0.15,75,0.25333333333333335,0.25,3,3,high,2.0,uniform,medium,flat,0.15,1.0,1.0,1.0,peripheral,1611.4244226357382,311.2159170716245,46.84208490999264,0.0,1253.3664206541212,1253.3664206541212,863.8282507931674,0.0,257.8096178489649,389.01989633953053,156.1402830333088,61,14,0.18666666666666668,2,2,7.0,7.0,0.0,0.0,0.0,0.0,0,0.8376997181515299,0.840278442104945,0,109,109,4.193453311920166,25.0,14.0,536.0,True,feasible,nils_complete,6170.141213075716,672.4724140115909,,73.88350822148413,,42.15080228810318,True,feasible_only,0.0,1611.4244226357382,True,6170.141213075716,,73.88350822148413,
S0048_R08,4802034,truck_only,S0048,n75_p0.25_d3_uniform_Ehigh_V2.00_Hmedium_PWflat_B0.15,75,0.25333333333333335,0.25,3,3,high,2.0,uniform,medium,flat,0.15,1.0,1.0,1.0,peripheral,6202.446784244698,490.8197609890739,0.0,0.0,5711.627023255624,5711.627023255624,2351.187030333721,0.0,490.56780148083345,613.5247012363423,0.0,75,0,0.0,0,0,0.0,0.0,0.0,0.0,0.0,0.0,0,0.0,0.0,0,0,0,0.059929609298706055,0.0,0.0,0.0,False,infeasible,baseline_truck_only,6202.446784244698,613.5247012363423,,,,0.0,False,feasible_only,0.0,,False,,,,
S0048_R08,4802034,nils,S0048,n75_p0.25_d3_uniform_Ehigh_V2.00_Hmedium_PWflat_B0.15,75,0.25333333333333335,0.25,3,3,high,2.0,uniform,medium,flat,0.15,1.0,1.0,1.0,peripheral,791.9477661033075,231.35610894625097,56.73127913733584,0.0,503.86037801972066,503.86037801972066,389.6843944218555,0.0,221.74051136468617,289.19513618281377,189.10426379111948,57,18,0.24,3,3,6.0,6.0,0.0,0.0,0.0,0.0,0,0.6617686008427776,0.8128734246109872,0,96,96,4.314432144165039,25.0,16.0,513.0,True,feasible,nils_complete,6202.446784244698,613.5247012363423,,87.23168785397735,,52.86332635017903,True,feasible_only,0.0,791.9477661033075,True,,,,
S0048_R09,4802035,truck_only,S0048,n75_p0.25_d3_uniform_Ehigh_V2.00_Hmedium_PWflat_B0.15,75,0.25333333333333335,0.25,3,3,high,2.0,uniform,medium,flat,0.15,1.0,1.0,1.0,peripheral,5027.583298049305,501.81022882416283,0.0,0.0,4525.7730692251425,4525.7730692251425,1810.625666478508,0.0,429.5871878133112,627.2627860302035,0.0,75,0,0.0,0,0,0.0,0.0,0.0,0.0,0.0,0.0,0,0.0,0.0,0,0,0,0.055785179138183594,0.0,0.0,0.0,True,feasible,baseline_truck_only,5027.583298049305,627.2627860302035,,,,0.0,True,feasible_only,0.0,5027.583298049305,True,5027.583298049305,,,
S0048_R09,4802035,nils,S0048,n75_p0.25_d3_uniform_Ehigh_V2.00_Hmedium_PWflat_B0.15,75,0.25333333333333335,0.25,3,3,high,2.0,uniform,medium,flat,0.15,1.0,1.0,1.0,peripheral,875.2451926925844,252.85102525143301,69.67573423209623,0.0,552.7184332090552,552.7184332090552,386.77844042382003,0.0,207.71685452052094,316.0637815642913,232.2524474403208,56,19,0.25333333333333335,3,3,6.333333333333333,6.333333333333333,0.0,0.0,0.0,0.0,0,0.8062242512987282,0.8153507500446223,0,133,133,4.014862775802612,25.0,14.0,485.0,True,feasible,nils_complete,5027.583298049305,627.2627860302035,,82.59113492893937,,49.61222176679992,True,feasible_only,0.0,875.2451926925844,True,5027.583298049305,,82.59113492893937,
S0048_R10,4802036,truck_only,S0048,n75_p0.25_d3_uniform_Ehigh_V2.00_Hmedium_PWflat_B0.15,75,0.25333333333333335,0.25,3,3,high,2.0,uniform,medium,flat,0.15,1.0,1.0,1.0,peripheral,7152.597342899366,513.3511188381817,0.0,0.0,6639.246224061184,6639.246224061184,2928.304006653893,0.0,551.3203777833376,641.6888985477273,0.0,75,0,0.0,0,0,0.0,0.0,0.0,0.0,0.0,0.0,0,0.0,0.0,0,0,0,0.05298256874084473,0.0,0.0,0.0,False,infeasible,baseline_truck_only,7152.597342899366,641.6888985477273,,,,0.0,False,feasible_only,0.0,,False,,,,
S0048_R10,4802036,nils,S0048,n75_p0.25_d3_uniform_Ehigh_V2.00_Hmedium_PWflat_B0.15,75,0.25333333333333335,0.25,3,3,high,2.0,uniform,medium,flat,0.15,1.0,1.0,1.0,peripheral,7152.597342899366,513.3511188381817,0.0,0.0,6639.246224061184,6639.246224061184,2928.304006653893,0.0,551.3203777833376,641.6888985477273,0.0,75,0,0.0,0,0,0.0,0.0,0.0,0.0,0.0,0.0,0,0.0,0.0,0,0,0,14.010616064071655,25.0,0.0,825.0,False,infeasible,nils_complete,7152.597342899366,641.6888985477273,,0.0,,0.0,False,feasible_only,0.0,,False,,,,
S0049_R01,4902027,truck_only,S0049,n75_p0.25_d3_uniform_Ehigh_V2.00_Hmedium_PWstrict_B0.15,75,0.25333333333333335,0.25,3,3,high,2.0,uniform,medium,strict,0.15,200.0,40.0,1.0,peripheral,581241.4080891769,503.8435589778839,0.0,0.0,580737.5645301989,580737.5645301989,2311.7302053088965,0.0,549.1929772264477,629.8044487223551,0.0,75,0,0.0,0,0,0.0,0.0,0.0,0.0,0.0,0.0,0,0.0,0.0,0,0,0,0.05133771896362305,0.0,0.0,0.0,False,infeasible,baseline_truck_only,581241.4080891769,629.8044487223551,,,,0.0,False,feasible_only,0.0,,False,,,,
S0049_R01,4902027,nils,S0049,n75_p0.25_d3_uniform_Ehigh_V2.00_Hmedium_PWstrict_B0.15,75,0.25333333333333335,0.25,3,3,high,2.0,uniform,medium,strict,0.15,200.0,40.0,1.0,peripheral,581241.4080891769,503.8435589778839,0.0,0.0,580737.5645301989,580737.5645301989,2311.7302053088965,0.0,549.1929772264477,629.8044487223551,0.0,75,0,0.0,0,0,0.0,0.0,0.0,0.0,0.0,0.0,0,0.0,0.0,0,0,0,13.07317066192627,25.0,0.0,900.0,False,infeasible,nils_complete,581241.4080891769,629.8044487223551,,0.0,,0.0,False,feasible_only,0.0,,False,,,,
S0049_R02,4902028,truck_only,S0049,n75_p0.25_d3_uniform_Ehigh_V2.00_Hmedium_PWstrict_B0.15,75,0.25333333333333335,0.25,3,3,high,2.0,uniform,medium,strict,0.15,200.0,40.0,1.0,peripheral,605252.1233730068,487.08155563299675,0.0,0.0,604765.0418173738,604765.0418173738,2809.223752458725,0.0,450.8610679171684,608.851944541246,0.0,75,0,0.0,0,0,0.0,0.0,0.0,0.0,0.0,0.0,0,0.0,0.0,0,0,0,0.053917884826660156,0.0,0.0,0.0,True,feasible,baseline_truck_only,605252.1233730068,608.851944541246,,,,0.0,True,feasible_only,0.0,605252.1233730068,True,605252.1233730068,,,
S0049_R02,4902028,nils,S0049,n75_p0.25_d3_uniform_Ehigh_V2.00_Hmedium_PWstrict_B0.15,75,0.25333333333333335,0.25,3,3,high,2.0,uniform,medium,strict,0.15,200.0,40.0,1.0,peripheral,55683.227322089726,221.2862167924716,53.036155692354995,0.0,55408.9049496049,55408.9049496049,262.84184889796614,0.0,225.87557683131107,276.60777099058953,176.78718564118338,58,17,0.22666666666666666,3,3,5.666666666666667,5.666666666666667,0.0,0.0,0.0,0.0,0,0.6246012137614492,0.7748629100516761,0,75,75,5.11676025390625,25.0,17.0,546.0,True,feasible,nils_complete,605252.1233730068,608.851944541246,,90.79999471761076,,54.568959913726445,True,feasible_only,0.0,55683.227322089726,True,605252.1233730068,,90.79999471761076,
S0049_R03,4902029,truck_only,S0049,n75_p0.25_d3_uniform_Ehigh_V2.00_Hmedium_PWstrict_B0.15,75,0.25333333333333335,0.25,3,3,high,2.0,uniform,medium,strict,0.15,200.0,40.0,1.0,peripheral,760868.4297765776,547.1638373903982,0.0,0.0,760321.2659391873,760321.2659391873,3338.776414944502,0.0,514.108677443748,683.9547967379978,0.0,75,0,0.0,0,0,0.0,0.0,0.0,0.0,0.0,0.0,0,0.0,0.0,0,0,0,0.06413745880126953,0.0,0.0,0.0,False,infeasible,baseline_truck_only,760868.4297765776,683.9547967379978,,,,0.0,False,feasible_only,0.0,,False,,,,
S0049_R03,4902029,nils,S0049,n75_p0.25_d3_uniform_Ehigh_V2.00_Hmedium_PWstrict_B0.15,75,0.25333333333333335,0.25,3,3,high,2.0,uniform,medium,strict,0.15,200.0,40.0,1.0,peripheral,760868.4297765776,547.1638373903982,0.0,0.0,760321.2659391873,760321.2659391873,3338.776414944502,0.0,514.108677443748,683.9547967379978,0.0,75,0,0.0,0,0,0.0,0.0,0.0,0.0,0.0,0.0,0,0.0,0.0,0,0,0,13.448245525360107,25.0,0.0,300.0,False,infeasible,nils_complete,760868.4297765776,683.9547967379978,,0.0,,0.0,False,feasible_only,0.0,,False,,,,
S0049_R04,4902030,truck_only,S0049,n75_p0.25_d3_uniform_Ehigh_V2.00_Hmedium_PWstrict_B0.15,75,0.25333333333333335,0.25,3,3,high,2.0,uniform,medium,strict,0.15,200.0,40.0,1.0,peripheral,399235.5358310225,489.3153782766176,0.0,0.0,398746.22045274585,398746.22045274585,1574.079196570108,0.0,417.9929261997485,611.644222845772,0.0,75,0,0.0,0,0,0.0,0.0,0.0,0.0,0.0,0.0,0,0.0,0.0,0,0,0,0.07039332389831543,0.0,0.0,0.0,True,feasible,baseline_truck_only,399235.5358310225,611.644222845772,,,,0.0,True,feasible_only,0.0,399235.5358310225,True,399235.5358310225,,,
S0049_R04,4902030,nils,S0049,n75_p0.25_d3_uniform_Ehigh_V2.00_Hmedium_PWstrict_B0.15,75,0.25333333333333335,0.25,3,3,high,2.0,uniform,medium,strict,0.15,200.0,40.0,1.0,peripheral,69832.72514638229,256.0381715396251,72.42324467253748,0.0,69504.26373017013,69504.26373017013,264.5451151745406,0.0,236.9740377832207,320.04771442453136,241.41081557512493,60,15,0.2,3,3,5.0,5.0,0.0,0.0,0.0,0.0,0,0.8309998697399097,0.8360801749438102,0,260,260,3.8071160316467285,25.0,15.0,436.0,True,feasible,nils_complete,399235.5358310225,611.644222845772,,82.50838943957655,,47.67420299737999,True,feasible_only,0.0,69832.72514638229,True,399235.5358310225,,82.50838943957655,
S0049_R05,4902031,truck_only,S0049,n75_p0.25_d3_uniform_Ehigh_V2.00_Hmedium_PWstrict_B0.15,75,0.25333333333333335,0.25,3,3,high,2.0,uniform,medium,strict,0.15,200.0,40.0,1.0,peripheral,383221.79710093496,525.7806168092496,0.0,0.0,382696.0164841257,382696.0164841257,1518.1738682412881,0.0,426.21650178729215,657.2257710115622,0.0,75,0,0.0,0,0,0.0,0.0,0.0,0.0,0.0,0.0,0,0.0,0.0,0,0,0,0.07793498039245605,0.0,0.0,0.0,True,feasible,baseline_truck_only,383221.79710093496,657.2257710115622,,,,0.0,True,feasible_only,0.0,383221.79710093496,True,383221.79710093496,,,
S0049_R05,4902031,nils,S0049,n75_p0.25_d3_uniform_Ehigh_V2.00_Hmedium_PWstrict_B0.15,75,0.25333333333333335,0.25,3,3,high,2.0,uniform,medium,strict,0.15,200.0,40.0,1.0,peripheral,95732.83091053714,252.63696487659328,68.73740991352663,0.0,95411.45653574703,95411.45653574703,434.43452114363606,0.0,204.02521163777934,315.7962060957416,229.12469971175548,59,16,0.21333333333333335,3,3,5.333333333333333,5.333333333333333,0.0,0.0,0.0,0.0,0,0.8033862134390751,0.8325698882578845,0,218,218,3.5434274673461914,25.0,16.0,442.0,True,feasible,nils_complete,383221.79710093496,657.2257710115622,,75.01894943483016,,51.95011820524214,True,feasible_only,0.0,95732.83091053714,True,383221.79710093496,,75.01894943483016,
S0049_R06,4902032,truck_only,S0049,n75_p0.25_d3_uniform_Ehigh_V2.00_Hmedium_PWstrict_B0.15,75,0.25333333333333335,0.25,3,3,high,2.0,uniform,medium,strict,0.15,200.0,40.0,1.0,peripheral,819546.1635073258,580.6884495585031,0.0,0.0,818965.4750577674,818965.4750577674,3596.3128107481343,0.0,583.6634316497303,725.8605619481289,0.0,75,0,0.0,0,0,0.0,0.0,0.0,0.0,0.0,0.0,0,0.0,0.0,0,0,0,0.06048846244812012,0.0,0.0,0.0,False,infeasible,baseline_truck_only,819546.1635073258,725.8605619481289,,,,0.0,False,feasible_only,0.0,,False,,,,
S0049_R06,4902032,nils,S0049,n75_p0.25_d3_uniform_Ehigh_V2.00_Hmedium_PWstrict_B0.15,75,0.25333333333333335,0.25,3,3,high,2.0,uniform,medium,strict,0.15,200.0,40.0,1.0,peripheral,819546.1635073258,580.6884495585031,0.0,0.0,818965.4750577674,818965.4750577674,3596.3128107481343,0.0,583.6634316497303,725.8605619481289,0.0,75,0,0.0,0,0,0.0,0.0,0.0,0.0,0.0,0.0,0,0.0,0.0,0,0,0,14.091195344924927,25.0,0.0,975.0,False,infeasible,nils_complete,819546.1635073258,725.8605619481289,,0.0,,0.0,False,feasible_only,0.0,,False,,,,
S0049_R07,4902033,truck_only,S0049,n75_p0.25_d3_uniform_Ehigh_V2.00_Hmedium_PWstrict_B0.15,75,0.25333333333333335,0.25,3,3,high,2.0,uniform,medium,strict,0.15,200.0,40.0,1.0,peripheral,492142.59007735015,531.9957907609227,0.0,0.0,491610.59428658924,491610.59428658924,1855.5010403669173,0.0,544.3499776379537,664.9947384511531,0.0,75,0,0.0,0,0,0.0,0.0,0.0,0.0,0.0,0.0,0,0.0,0.0,0,0,0,0.06348800659179688,0.0,0.0,0.0,False,infeasible,baseline_truck_only,492142.59007735015,664.9947384511531,,,,0.0,False,feasible_only,0.0,,False,,,,
S0049_R07,4902033,nils,S0049,n75_p0.25_d3_uniform_Ehigh_V2.00_Hmedium_PWstrict_B0.15,75,0.25333333333333335,0.25,3,3,high,2.0,uniform,medium,strict,0.15,200.0,40.0,1.0,peripheral,492142.59007735015,531.9957907609227,0.0,0.0,491610.59428658924,491610.59428658924,1855.5010403669173,0.0,544.3499776379537,664.9947384511531,0.0,75,0,0.0,0,0,0.0,0.0,0.0,0.0,0.0,0.0,0,0.0,0.0,0,0,0,13.871962308883667,25.0,0.0,975.0,False,infeasible,nils_complete,492142.59007735015,664.9947384511531,,0.0,,0.0,False,feasible_only,0.0,,False,,,,
S0049_R08,4902034,truck_only,S0049,n75_p0.25_d3_uniform_Ehigh_V2.00_Hmedium_PWstrict_B0.15,75,0.25333333333333335,0.25,3,3,high,2.0,uniform,medium,strict,0.15,200.0,40.0,1.0,peripheral,693875.1158287054,511.49805256067623,0.0,0.0,693363.6177761446,693363.6177761446,3120.805001576216,0.0,456.84233650591096,639.3725657008451,0.0,75,0,0.0,0,0,0.0,0.0,0.0,0.0,0.0,0.0,0,0.0,0.0,0,0,0,0.06628108024597168,0.0,0.0,0.0,True,feasible,baseline_truck_only,693875.1158287054,639.3725657008451,,,,0.0,True,feasible_only,0.0,693875.1158287054,True,693875.1158287054,,,
S0049_R08,4902034,nils,S0049,n75_p0.25_d3_uniform_Ehigh_V2.00_Hmedium_PWstrict_B0.15,75,0.25333333333333335,0.25,3,3,high,2.0,uniform,medium,strict,0.15,200.0,40.0,1.0,peripheral,83186.64370817371,251.84279418749384,54.58616423272327,0.0,82880.21474975349,82880.21474975349,396.20448128374585,0.0,268.04688595270375,314.8034927343674,181.95388077574427,62,13,0.17333333333333334,3,3,4.333333333333333,4.333333333333333,0.0,0.0,0.0,0.0,0,0.6366359841735864,0.8087207472733452,0,133,133,3.7182505130767822,25.0,13.0,539.0,True,feasible,nils_complete,693875.1158287054,639.3725657008451,,88.01129456720425,,50.76368464616603,True,feasible_only,0.0,83186.64370817371,True,693875.1158287054,,88.01129456720425,
S0049_R09,4902035,truck_only,S0049,n75_p0.25_d3_uniform_Ehigh_V2.00_Hmedium_PWstrict_B0.15,75,0.25333333333333335,0.25,3,3,high,2.0,uniform,medium,strict,0.15,200.0,40.0,1.0,peripheral,492750.8118779429,495.71437878707144,0.0,0.0,492255.0974991558,492255.0974991558,2064.456381617092,0.0,394.6069933764693,619.6429734838397,0.0,75,0,0.0,0,0,0.0,0.0,0.0,0.0,0.0,0.0,0,0.0,0.0,0,0,0,0.060527801513671875,0.0,0.0,0.0,True,feasible,baseline_truck_only,492750.8118779429,619.6429734838397,,,,0.0,True,feasible_only,0.0,492750.8118779429,True,492750.8118779429,,,
S0049_R09,4902035,nils,S0049,n75_p0.25_d3_uniform_Ehigh_V2.00_Hmedium_PWstrict_B0.15,75,0.25333333333333335,0.25,3,3,high,2.0,uniform,medium,strict,0.15,200.0,40.0,1.0,peripheral,43911.26286761137,246.9604555011417,65.8851295378145,0.0,43598.41728257241,43598.41728257241,186.31781998681308,0.0,210.3629582350209,308.7005693764271,219.61709845938165,57,18,0.24,3,3,6.0,6.0,0.0,0.0,0.0,0.0,0,0.7613969822397492,0.8476659732372452,0,114,114,3.796847105026245,25.0,11.0,531.0,True,feasible,nils_complete,492750.8118779429,619.6429734838397,,91.08854581075992,,50.18089729303159,True,feasible_only,0.0,43911.26286761137,True,492750.8118779429,,91.08854581075992,
S0049_R10,4902036,truck_only,S0049,n75_p0.25_d3_uniform_Ehigh_V2.00_Hmedium_PWstrict_B0.15,75,0.25333333333333335,0.25,3,3,high,2.0,uniform,medium,strict,0.15,200.0,40.0,1.0,peripheral,570030.2855328427,538.9800094919594,0.0,0.0,569491.3055233508,569491.3055233508,2372.2397828057474,0.0,439.3722136649195,673.7250118649492,0.0,75,0,0.0,0,0,0.0,0.0,0.0,0.0,0.0,0.0,0,0.0,0.0,0,0,0,0.06810665130615234,0.0,0.0,0.0,True,feasible,baseline_truck_only,570030.2855328427,673.7250118649492,,,,0.0,True,feasible_only,0.0,570030.2855328427,True,570030.2855328427,,,
S0049_R10,4902036,nils,S0049,n75_p0.25_d3_uniform_Ehigh_V2.00_Hmedium_PWstrict_B0.15,75,0.25333333333333335,0.25,3,3,high,2.0,uniform,medium,strict,0.15,200.0,40.0,1.0,peripheral,161687.94512996587,275.5789709578139,66.06458563131943,0.0,161346.30157337672,161346.30157337672,765.5388746492197,0.0,247.10799440789947,344.4737136972674,220.2152854377315,56,19,0.25333333333333335,3,3,6.333333333333333,6.333333333333333,0.0,0.0,0.0,0.0,0,0.7815907792119043,0.8386300243606865,0,76,76,4.8001391887664795,25.0,19.0,557.0,True,feasible,nils_complete,570030.2855328427,673.7250118649492,,71.63520092992495,,48.87027976833989,True,feasible_only,0.0,161687.94512996587,True,570030.2855328427,,71.63520092992495,
S0050_R01,5002027,truck_only,S0050,n75_p0.75_d3_uniform_Elow_V1.25_Hlong_PWbase_B0.15,75,0.7466666666666667,0.75,3,3,low,1.25,uniform,long,base,0.15,100.0,20.0,1.0,peripheral,180609.76558041808,466.02360673511976,0.0,0.0,180143.74197368298,180143.74197368298,1520.9699572957343,0.0,405.65722418435735,582.5295084188996,0.0,75,0,0.0,0,0,0.0,0.0,0.0,0.0,0.0,0.0,0,0.0,0.0,0,0,0,0.06844186782836914,0.0,0.0,0.0,True,feasible,baseline_truck_only,180609.76558041808,582.5295084188996,,,,0.0,True,feasible_only,0.0,180609.76558041808,True,180609.76558041808,,,
S0050_R01,5002027,nils,S0050,n75_p0.75_d3_uniform_Elow_V1.25_Hlong_PWbase_B0.15,75,0.7466666666666667,0.75,3,3,low,1.25,uniform,long,base,0.15,100.0,20.0,1.0,peripheral,26472.43353678474,239.92540026623516,24.18908863445903,0.0,26208.319047884048,26208.319047884048,236.74126432798687,0.0,217.21265836536713,299.90675033279393,80.63029544819678,62,13,0.17333333333333334,3,3,4.333333333333333,4.333333333333333,0.0,0.0,0.0,0.0,0,0.8353641358423044,0.8424672542550914,0,3170,3170,4.015501022338867,25.0,14.0,358.0,True,feasible,nils_complete,180609.76558041808,582.5295084188996,,85.34274519890361,,48.51647066827563,True,feasible_only,0.0,26472.43353678474,True,180609.76558041808,,85.34274519890361,
S0050_R02,5002028,truck_only,S0050,n75_p0.75_d3_uniform_Elow_V1.25_Hlong_PWbase_B0.15,75,0.7466666666666667,0.75,3,3,low,1.25,uniform,long,base,0.15,100.0,20.0,1.0,peripheral,323891.2170247184,518.4753889004631,0.0,0.0,323372.741635818,323372.741635818,2898.504488627344,0.0,489.78804297022447,648.0942361255791,0.0,75,0,0.0,0,0,0.0,0.0,0.0,0.0,0.0,0.0,0,0.0,0.0,0,0,0,0.07929062843322754,0.0,0.0,0.0,False,infeasible,baseline_truck_only,323891.2170247184,648.0942361255791,,,,0.0,False,feasible_only,0.0,,False,,,,
S0050_R02,5002028,nils,S0050,n75_p0.75_d3_uniform_Elow_V1.25_Hlong_PWbase_B0.15,75,0.7466666666666667,0.75,3,3,low,1.25,uniform,long,base,0.15,100.0,20.0,1.0,peripheral,27849.35221404739,232.97515326592094,24.185894424302134,0.0,27592.191166357166,27592.191166357166,262.30066734855444,0.0,193.03141267424866,291.2189415824012,80.61964808100711,63,12,0.16,3,3,4.0,4.0,0.0,0.0,0.0,0.0,0,0.8331059699405623,0.8411842588202929,0,2968,2968,4.534408330917358,23.0,12.0,305.0,True,feasible,nils_complete,323891.2170247184,648.0942361255791,,91.4016340208688,,55.065339984604854,True,feasible_only,0.0,27849.35221404739,True,,,,
S0050_R03,5002029,truck_only,S0050,n75_p0.75_d3_uniform_Elow_V1.25_Hlong_PWbase_B0.15,75,0.7466666666666667,0.75,3,3,low,1.25,uniform,long,base,0.15,100.0,20.0,1.0,peripheral,193109.40326193377,470.95879758069333,0.0,0.0,192638.4444643531,192638.4444643531,1654.5609981035273,0.0,381.29726486650594,588.6984969758666,0.0,75,0,0.0,0,0,0.0,0.0,0.0,0.0,0.0,0.0,0,0.0,0.0,0,0,0,0.08781957626342773,0.0,0.0,0.0,True,feasible,baseline_truck_only,193109.40326193377,588.6984969758666,,,,0.0,True,feasible_only,0.0,193109.40326193377,True,193109.40326193377,,,
S0050_R03,5002029,nils,S0050,n75_p0.75_d3_uniform_Elow_V1.25_Hlong_PWbase_B0.15,75,0.7466666666666667,0.75,3,3,low,1.25,uniform,long,base,0.15,100.0,20.0,1.0,peripheral,12563.484488711205,214.51067852089713,24.490851424706516,0.0,12324.4829587656,12324.4829587656,93.6964992400727,0.0,200.12247574215343,268.1383481511215,81.63617141568838,67,8,0.10666666666666667,3,3,2.6666666666666665,2.6666666666666665,0.0,0.0,0.0,0.0,0,0.8290866428154878,0.8366892696162364,0,3021,3021,3.52121639251709,22.0,8.0,270.0,True,feasible,nils_complete,193109.40326193377,588.6984969758666,,93.49411044905457,,54.45234707943994,True,feasible_only,0.0,12563.484488711205,True,193109.40326193377,,93.49411044905457,
S0050_R04,5002030,truck_only,S0050,n75_p0.75_d3_uniform_Elow_V1.25_Hlong_PWbase_B0.15,75,0.7466666666666667,0.75,3,3,low,1.25,uniform,long,base,0.15,100.0,20.0,1.0,peripheral,222350.3923520175,485.00384668014607,0.0,0.0,221865.38850533735,221865.38850533735,2002.0247338231188,0.0,455.82984555059767,606.2548083501825,0.0,75,0,0.0,0,0,0.0,0.0,0.0,0.0,0.0,0.0,0,0.0,0.0,0,0,0,0.06628894805908203,0.0,0.0,0.0,True,feasible,baseline_truck_only,222350.3923520175,606.2548083501825,,,,0.0,True,feasible_only,0.0,222350.3923520175,True,222350.3923520175,,,
S0050_R04,5002030,nils,S0050,n75_p0.75_d3_uniform_Elow_V1.25_Hlong_PWbase_B0.15,75,0.7466666666666667,0.75,3,3,low,1.25,uniform,long,base,0.15,100.0,20.0,1.0,peripheral,61733.43770300552,260.1433660402438,19.830226629618256,0.0,61453.464110335655,61453.464110335655,554.9541716397443,0.0,245.50519805331493,325.1792075503048,66.10075543206085,66,9,0.12,3,3,3.0,3.0,0.0,0.0,0.0,0.0,0,0.6656616135268939,0.705734549080984,0,3153,3153,4.118109226226807,25.0,9.0,375.0,True,feasible,nils_complete,222350.3923520175,606.2548083501825,,72.23596637271893,,46.362617983150734,True,feasible_only,0.0,61733.43770300552,True,222350.3923520175,,72.23596637271893,
S0050_R05,5002031,truck_only,S0050,n75_p0.75_d3_uniform_Elow_V1.25_Hlong_PWbase_B0.15,75,0.7466666666666667,0.75,3,3,low,1.25,uniform,long,base,0.15,100.0,20.0,1.0,peripheral,223385.11132995738,506.93153386289805,0.0,0.0,222878.17979609448,222878.17979609448,1668.0147796421436,0.0,529.4989864173347,633.6644173286223,0.0,75,0,0.0,0,0,0.0,0.0,0.0,0.0,0.0,0.0,0,0.0,0.0,0,0,0,0.06841921806335449,0.0,0.0,0.0,False,infeasible,baseline_truck_only,223385.11132995738,633.6644173286223,,,,0.0,False,feasible_only,0.0,,False,,,,
S0050_R05,5002031,nils,S0050,n75_p0.75_d3_uniform_Elow_V1.25_Hlong_PWbase_B0.15,75,0.7466666666666667,0.75,3,3,low,1.25,uniform,long,base,0.15,100.0,20.0,1.0,peripheral,223385.11132995738,506.93153386289805,0.0,0.0,222878.17979609448,222878.17979609448,1668.0147796421436,0.0,529.4989864173347,633.6644173286223,0.0,75,0,0.0,0,0,0.0,0.0,0.0,0.0,0.0,0.0,0,0.0,0.0,0,3075,3075,14.926371574401855,25.0,0.0,300.0,False,infeasible,nils_complete,223385.11132995738,633.6644173286223,,0.0,,0.0,False,feasible_only,0.0,,False,,,,
S0050_R06,5002032,truck_only,S0050,n75_p0.75_d3_uniform_Elow_V1.25_Hlong_PWbase_B0.15,75,0.7466666666666667,0.75,3,3,low,1.25,uniform,long,base,0.15,100.0,20.0,1.0,peripheral,169467.35733407002,508.37675516275874,0.0,0.0,168958.98057890727,168958.98057890727,1360.8659663156807,0.0,472.58299207525897,635.4709439534483,0.0,75,0,0.0,0,0,0.0,0.0,0.0,0.0,0.0,0.0,0,0.0,0.0,0,0,0,0.05525660514831543,0.0,0.0,0.0,True,feasible,baseline_truck_only,169467.35733407002,635.4709439534483,,,,0.0,True,feasible_only,0.0,169467.35733407002,True,169467.35733407002,,,
S0050_R06,5002032,nils,S0050,n75_p0.75_d3_uniform_Elow_V1.25_Hlong_PWbase_B0.15,75,0.7466666666666667,0.75,3,3,low,1.25,uniform,long,base,0.15,100.0,20.0,1.0,peripheral,1823.2689472012241,243.2540137054273,23.947839475792943,0.0,1556.0670940200039,1556.0670940200039,0.0,0.0,223.11156806070173,304.06751713178414,79.82613158597647,64,11,0.14666666666666667,3,3,3.6666666666666665,3.6666666666666665,0.0,0.0,0.0,0.0,0,0.8182738926259135,0.8491876819647219,0,3268,3268,3.2926278114318848,25.0,11.0,305.0,True,feasible,nils_complete,169467.35733407002,635.4709439534483,,98.92411790926377,,52.15083867720335,True,feasible_only,0.0,1823.2689472012241,True,169467.35733407002,,98.92411790926377,
S0050_R07,5002033,truck_only,S0050,n75_p0.75_d3_uniform_Elow_V1.25_Hlong_PWbase_B0.15,75,0.7466666666666667,0.75,3,3,low,1.25,uniform,long,base,0.15,100.0,20.0,1.0,peripheral,338898.2853638879,481.51608094423904,0.0,0.0,338416.7692829437,338416.7692829437,3040.3098841928163,0.0,408.6829480931424,601.8951011802986,0.0,75,0,0.0,0,0,0.0,0.0,0.0,0.0,0.0,0.0,0,0.0,0.0,0,0,0,0.06108856201171875,0.0,0.0,0.0,True,feasible,baseline_truck_only,338898.2853638879,601.8951011802986,,,,0.0,True,feasible_only,0.0,338898.2853638879,True,338898.2853638879,,,
S0050_R07,5002033,nils,S0050,n75_p0.75_d3_uniform_Elow_V1.25_Hlong_PWbase_B0.15,75,0.7466666666666667,0.75,3,3,low,1.25,uniform,long,base,0.15,100.0,20.0,1.0,peripheral,66739.13002411,253.97664623830175,23.264505989233516,0.0,66461.88887188246,66461.88887188246,638.9564405411696,0.0,243.69885493370708,317.470807797877,77.54835329744506,64,11,0.14666666666666667,3,3,3.6666666666666665,3.6666666666666665,0.0,0.0,0.0,0.0,0,0.7913068900436834,0.8454734654181983,0,3225,3225,3.938838005065918,25.0,12.0,372.0,True,feasible,nils_complete,338898.2853638879,601.8951011802986,,80.30703225528283,,47.25479453557172,True,feasible_only,0.0,66739.13002411,True,338898.2853638879,,80.30703225528283,
S0050_R08,5002034,truck_only,S0050,n75_p0.75_d3_uniform_Elow_V1.25_Hlong_PWbase_B0.15,75,0.7466666666666667,0.75,3,3,low,1.25,uniform,long,base,0.15,100.0,20.0,1.0,peripheral,183135.54990913803,493.96796126832567,0.0,0.0,182641.5819478697,182641.5819478697,1509.9746369667503,0.0,409.67387668194317,617.4599515854069,0.0,75,0,0.0,0,0,0.0,0.0,0.0,0.0,0.0,0.0,0,0.0,0.0,0,0,0,0.05671572685241699,0.0,0.0,0.0,True,feasible,baseline_truck_only,183135.54990913803,617.4599515854069,,,,0.0,True,feasible_only,0.0,183135.54990913803,True,183135.54990913803,,,
S0050_R08,5002034,nils,S0050,n75_p0.75_d3_uniform_Elow_V1.25_Hlong_PWbase_B0.15,75,0.7466666666666667,0.75,3,3,low,1.25,uniform,long,base,0.15,100.0,20.0,1.0,peripheral,47903.44337323457,270.96778665760314,22.088102242485103,0.0,47610.38748433448,47610.38748433448,429.5558515378969,0.0,253.5298296996666,338.709733322004,73.62700747495035,64,11,0.14666666666666667,3,3,3.6666666666666665,3.6666666666666665,0.0,0.0,0.0,0.0,0,0.7686558881790838,0.8203183236816176,0,3093,3093,3.023179769515991,24.0,11.0,336.0,True,feasible,nils_complete,183135.54990913803,617.4599515854069,,73.84263000984699,,45.14466364137079,True,feasible_only,0.0,47903.44337323457,True,183135.54990913803,,73.84263000984699,
S0050_R09,5002035,truck_only,S0050,n75_p0.75_d3_uniform_Elow_V1.25_Hlong_PWbase_B0.15,75,0.7466666666666667,0.75,3,3,low,1.25,uniform,long,base,0.15,100.0,20.0,1.0,peripheral,160418.06646870717,473.09341238027855,0.0,0.0,159944.97305632688,159944.97305632688,1309.9887519251818,0.0,395.15523607437956,591.3667654753481,0.0,75,0,0.0,0,0,0.0,0.0,0.0,0.0,0.0,0.0,0,0.0,0.0,0,0,0,0.06409931182861328,0.0,0.0,0.0,True,feasible,baseline_truck_only,160418.06646870717,591.3667654753481,,,,0.0,True,feasible_only,0.0,160418.06646870717,True,160418.06646870717,,,
S0050_R09,5002035,nils,S0050,n75_p0.75_d3_uniform_Elow_V1.25_Hlong_PWbase_B0.15,75,0.7466666666666667,0.75,3,3,low,1.25,uniform,long,base,0.15,100.0,20.0,1.0,peripheral,31474.456060808687,267.9957376331922,24.58191366625518,0.0,31181.878409509238,31181.878409509238,270.9309500683555,0.0,225.9658036313415,334.9946720414903,81.93971222085061,61,14,0.18666666666666668,3,3,4.666666666666667,4.666666666666667,0.0,0.0,0.0,0.0,0,0.8349892545042104,0.8467486924311685,0,3066,3066,4.065943002700806,25.0,12.0,432.0,True,feasible,nils_complete,160418.06646870717,591.3667654753481,,80.37973106542309,,43.352468958546005,True,feasible_only,0.0,31474.456060808687,True,160418.06646870717,,80.37973106542309,
S0050_R10,5002036,truck_only,S0050,n75_p0.75_d3_uniform_Elow_V1.25_Hlong_PWbase_B0.15,75,0.7466666666666667,0.75,3,3,low,1.25,uniform,long,base,0.15,100.0,20.0,1.0,peripheral,285070.85715732595,513.3318750641095,0.0,0.0,284557.52528226183,284557.52528226183,2229.0733734424803,0.0,498.1811443472319,641.664843830137,0.0,75,0,0.0,0,0,0.0,0.0,0.0,0.0,0.0,0.0,0,0.0,0.0,0,0,0,0.054018497467041016,0.0,0.0,0.0,False,infeasible,baseline_truck_only,285070.85715732595,641.664843830137,,,,0.0,False,feasible_only,0.0,,False,,,,
S0050_R10,5002036,nils,S0050,n75_p0.75_d3_uniform_Elow_V1.25_Hlong_PWbase_B0.15,75,0.7466666666666667,0.75,3,3,low,1.25,uniform,long,base,0.15,100.0,20.0,1.0,peripheral,285070.85715732595,513.3318750641095,0.0,0.0,284557.52528226183,284557.52528226183,2229.0733734424803,0.0,498.1811443472319,641.664843830137,0.0,75,0,0.0,0,0,0.0,0.0,0.0,0.0,0.0,0.0,0,0.0,0.0,0,3075,3075,14.275705337524414,25.0,0.0,900.0,False,infeasible,nils_complete,285070.85715732595,641.664843830137,,0.0,,0.0,False,feasible_only,0.0,,False,,,,
S0051_R01,5102027,truck_only,S0051,n75_p0.75_d3_uniform_Emedium_V1.25_Hlong_PWflat_B0.15,75,0.7466666666666667,0.75,3,3,medium,1.25,uniform,long,flat,0.15,1.0,1.0,1.0,peripheral,6213.69297882861,507.5949874562567,0.0,0.0,5706.097991372353,5706.097991372353,2380.580026250904,0.0,455.7890341746715,634.4937343203206,0.0,75,0,0.0,0,0,0.0,0.0,0.0,0.0,0.0,0.0,0,0.0,0.0,0,0,0,0.07668781280517578,0.0,0.0,0.0,True,feasible,baseline_truck_only,6213.69297882861,634.4937343203206,,,,0.0,True,feasible_only,0.0,6213.69297882861,True,6213.69297882861,,,
S0051_R01,5102027,nils,S0051,n75_p0.75_d3_uniform_Emedium_V1.25_Hlong_PWflat_B0.15,75,0.7466666666666667,0.75,3,3,medium,1.25,uniform,long,flat,0.15,1.0,1.0,1.0,peripheral,818.2830836531199,249.8402995202097,34.57449572134553,0.0,533.8682884115647,533.8682884115647,354.28988615662433,0.0,227.75004749115806,312.3003744002621,115.24831907115177,63,12,0.16,3,3,4.0,4.0,0.0,0.0,0.0,0.0,0,0.8287567627327883,0.8406917246511321,0,3027,3027,4.818547964096069,25.0,12.0,522.0,True,feasible,nils_complete,6213.69297882861,634.4937343203206,,86.83097014221354,,50.77959678596306,True,feasible_only,0.0,818.2830836531199,True,6213.69297882861,,86.83097014221354,
S0051_R02,5102028,truck_only,S0051,n75_p0.75_d3_uniform_Emedium_V1.25_Hlong_PWflat_B0.15,75,0.7466666666666667,0.75,3,3,medium,1.25,uniform,long,flat,0.15,1.0,1.0,1.0,peripheral,5294.394474428396,506.7214555316597,0.0,0.0,4787.673018896737,4787.673018896737,2899.7213729331197,0.0,436.4387838506051,633.4018194145746,0.0,75,0,0.0,0,0,0.0,0.0,0.0,0.0,0.0,0.0,0,0.0,0.0,0,0,0,0.06762814521789551,0.0,0.0,0.0,True,feasible,baseline_truck_only,5294.394474428396,633.4018194145746,,,,0.0,True,feasible_only,0.0,5294.394474428396,True,5294.394474428396,,,
S0051_R02,5102028,nils,S0051,n75_p0.75_d3_uniform_Emedium_V1.25_Hlong_PWflat_B0.15,75,0.7466666666666667,0.75,3,3,medium,1.25,uniform,long,flat,0.15,1.0,1.0,1.0,peripheral,1141.6825353281336,254.45885171718538,36.18475317914253,0.0,851.0389304318056,851.0389304318056,765.2363175312726,0.0,225.5776567703596,318.0735646464816,120.61584393047511,59,16,0.21333333333333335,3,3,5.333333333333333,5.333333333333333,0.0,0.0,0.0,0.0,0,0.841251836200005,0.8476420084126827,0,2544,2544,5.1241700649261475,25.0,13.0,903.0,True,feasible,nils_complete,5294.394474428396,633.4018194145746,,78.43601301636303,,49.7832884439039,True,feasible_only,0.0,1141.6825353281336,True,5294.394474428396,,78.43601301636303,
S0051_R03,5102029,truck_only,S0051,n75_p0.75_d3_uniform_Emedium_V1.25_Hlong_PWflat_B0.15,75,0.7466666666666667,0.75,3,3,medium,1.25,uniform,long,flat,0.15,1.0,1.0,1.0,peripheral,4819.385851398007,505.50248260842545,0.0,0.0,4313.883368789581,4313.883368789581,1056.3999870735508,0.0,446.1241340652482,631.878103260532,0.0,75,0,0.0,0,0,0.0,0.0,0.0,0.0,0.0,0.0,0,0.0,0.0,0,0,0,0.06645464897155762,0.0,0.0,0.0,True,feasible,baseline_truck_only,4819.385851398007,631.878103260532,,,,0.0,True,feasible_only,0.0,4819.385851398007,True,4819.385851398007,,,
S0051_R03,5102029,nils,S0051,n75_p0.75_d3_uniform_Emedium_V1.25_Hlong_PWflat_B0.15,75,0.7466666666666667,0.75,3,3,medium,1.25,uniform,long,flat,0.15,1.0,1.0,1.0,peripheral,462.31595673237354,247.0309818435064,35.73860474404665,0.0,179.54637014482051,179.54637014482051,170.77834448338746,0.0,212.09592818481735,308.788727304383,119.1286824801555,63,12,0.16,3,3,4.0,4.0,0.0,0.0,0.0,0.0,0,0.8381244201623268,0.8442623897357493,0,2844,2844,4.448939800262451,25.0,13.0,690.0,True,feasible,nils_complete,4819.385851398007,631.878103260532,,90.4071603522207,,51.131598687941064,True,feasible_only,0.0,462.31595673237354,True,4819.385851398007,,90.4071603522207,
S0051_R04,5102030,truck_only,S0051,n75_p0.75_d3_uniform_Emedium_V1.25_Hlong_PWflat_B0.15,75,0.7466666666666667,0.75,3,3,medium,1.25,uniform,long,flat,0.15,1.0,1.0,1.0,peripheral,5699.8408567630695,510.61961453444906,0.0,0.0,5189.22124222862,5189.22124222862,2475.6720002613697,0.0,415.72139896328264,638.2745181680611,0.0,75,0,0.0,0,0,0.0,0.0,0.0,0.0,0.0,0.0,0,0.0,0.0,0,0,0,0.06535100936889648,0.0,0.0,0.0,True,feasible,baseline_truck_only,5699.8408567630695,638.2745181680611,,,,0.0,True,feasible_only,0.0,5699.8408567630695,True,5699.8408567630695,,,
S0051_R04,5102030,nils,S0051,n75_p0.75_d3_uniform_Emedium_V1.25_Hlong_PWflat_B0.15,75,0.7466666666666667,0.75,3,3,medium,1.25,uniform,long,flat,0.15,1.0,1.0,1.0,peripheral,476.79925342907217,230.8533873645028,34.988107639106964,0.0,210.95775842546243,210.95775842546243,168.8676360700078,0.0,191.74050452058677,288.56673420562856,116.62702546368986,58,17,0.22666666666666666,3,3,5.666666666666667,5.666666666666667,0.0,0.0,0.0,0.0,0,0.8399703696435181,0.8478179318682247,0,2587,2587,5.029780864715576,25.0,16.0,848.0,True,feasible,nils_complete,5699.8408567630695,638.2745181680611,,91.63486726364768,,54.7895574722525,True,feasible_only,0.0,476.79925342907217,True,5699.8408567630695,,91.63486726364768,
S0051_R05,5102031,truck_only,S0051,n75_p0.75_d3_uniform_Emedium_V1.25_Hlong_PWflat_B0.15,75,0.7466666666666667,0.75,3,3,medium,1.25,uniform,long,flat,0.15,1.0,1.0,1.0,peripheral,3140.9184831406706,444.60555199634985,0.0,0.0,2696.312931144321,2696.312931144321,895.2621015153359,0.0,374.7779500616649,555.7569399954373,0.0,75,0,0.0,0,0,0.0,0.0,0.0,0.0,0.0,0.0,0,0.0,0.0,0,0,0,0.05720806121826172,0.0,0.0,0.0,True,feasible,baseline_truck_only,3140.9184831406706,555.7569399954373,,,,0.0,True,feasible_only,0.0,3140.9184831406706,True,3140.9184831406706,,,
S0051_R05,5102031,nils,S0051,n75_p0.75_d3_uniform_Emedium_V1.25_Hlong_PWflat_B0.15,75,0.7466666666666667,0.75,3,3,medium,1.25,uniform,long,flat,0.15,1.0,1.0,1.0,peripheral,472.65221726228583,252.31498348366043,35.238237560058025,0.0,185.09899621856738,185.09899621856738,111.46307915101343,0.0,247.423751438294,315.3937293545755,117.46079186686009,63,12,0.16,3,3,4.0,4.0,0.0,0.0,0.0,0.0,0,0.8457800201384374,0.8459569603044029,0,2687,2687,4.699624061584473,24.0,12.0,742.0,True,feasible,nils_complete,3140.9184831406706,555.7569399954373,,84.9517833780369,,43.249700245368984,True,feasible_only,0.0,472.65221726228583,True,3140.9184831406706,,84.9517833780369,
S0051_R06,5102032,truck_only,S0051,n75_p0.75_d3_uniform_Emedium_V1.25_Hlong_PWflat_B0.15,75,0.7466666666666667,0.75,3,3,medium,1.25,uniform,long,flat,0.15,1.0,1.0,1.0,peripheral,4796.483893026798,524.8982642773553,0.0,0.0,4271.585628749443,4271.585628749443,1321.682416570951,0.0,452.02049734207156,656.1228303466943,0.0,75,0,0.0,0,0,0.0,0.0,0.0,0.0,0.0,0.0,0,0.0,0.0,0,0,0,0.05370640754699707,0.0,0.0,0.0,True,feasible,baseline_truck_only,4796.483893026798,656.1228303466943,,,,0.0,True,feasible_only,0.0,4796.483893026798,True,4796.483893026798,,,
S0051_R06,5102032,nils,S0051,n75_p0.75_d3_uniform_Emedium_V1.25_Hlong_PWflat_B0.15,75,0.7466666666666667,0.75,3,3,medium,1.25,uniform,long,flat,0.15,1.0,1.0,1.0,peripheral,547.4745004004017,260.3396155504438,35.89150552989017,0.0,251.2433793200677,251.2433793200677,151.14676415085518,0.0,222.27975563599293,325.42451943805486,119.63835176630056,65,10,0.13333333333333333,3,3,3.3333333333333335,3.3333333333333335,0.0,0.0,0.0,0.0,0,0.8360148819078929,0.8481363819379601,0,3030,3030,4.3005475997924805,25.0,11.0,606.0,True,feasible,nils_complete,4796.483893026798,656.1228303466943,,88.58592017381048,,50.4018905627623,True,feasible_only,0.0,547.4745004004017,True,4796.483893026798,,88.58592017381048,
S0051_R07,5102033,truck_only,S0051,n75_p0.75_d3_uniform_Emedium_V1.25_Hlong_PWflat_B0.15,75,0.7466666666666667,0.75,3,3,medium,1.25,uniform,long,flat,0.15,1.0,1.0,1.0,peripheral,5203.488382815672,479.4359544103307,0.0,0.0,4724.052428405341,4724.052428405341,2860.2892678456883,0.0,425.41513830958525,599.2949430129136,0.0,75,0,0.0,0,0,0.0,0.0,0.0,0.0,0.0,0.0,0,0.0,0.0,0,0,0,0.05105900764465332,0.0,0.0,0.0,True,feasible,baseline_truck_only,5203.488382815672,599.2949430129136,,,,0.0,True,feasible_only,0.0,5203.488382815672,True,5203.488382815672,,,
S0051_R07,5102033,nils,S0051,n75_p0.75_d3_uniform_Emedium_V1.25_Hlong_PWflat_B0.15,75,0.7466666666666667,0.75,3,3,medium,1.25,uniform,long,flat,0.15,1.0,1.0,1.0,peripheral,885.3401884922816,231.19365738025468,34.47317764549578,0.0,619.6733534665312,619.6733534665312,480.2999096442853,0.0,202.65991604436698,288.99207172531834,114.9105921516526,61,14,0.18666666666666668,3,3,4.666666666666667,4.666666666666667,0.0,0.0,0.0,0.0,0,0.8359862674627504,0.8470764646684849,0,2749,2749,4.379934072494507,25.0,14.0,737.0,True,feasible,nils_complete,5203.488382815672,599.2949430129136,,82.98564110537684,,51.777989269785785,True,feasible_only,0.0,885.3401884922816,True,5203.488382815672,,82.98564110537684,
S0051_R08,5102034,truck_only,S0051,n75_p0.75_d3_uniform_Emedium_V1.25_Hlong_PWflat_B0.15,75,0.7466666666666667,0.75,3,3,medium,1.25,uniform,long,flat,0.15,1.0,1.0,1.0,peripheral,6885.450882927971,533.8814558563832,0.0,0.0,6351.569427071588,6351.569427071588,2276.0442978796627,0.0,546.6352323350388,667.3518198204791,0.0,75,0,0.0,0,0,0.0,0.0,0.0,0.0,0.0,0.0,0,0.0,0.0,0,0,0,0.0746302604675293,0.0,0.0,0.0,False,infeasible,baseline_truck_only,6885.450882927971,667.3518198204791,,,,0.0,False,feasible_only,0.0,,False,,,,
S0051_R08,5102034,nils,S0051,n75_p0.75_d3_uniform_Emedium_V1.25_Hlong_PWflat_B0.15,75,0.7466666666666667,0.75,3,3,medium,1.25,uniform,long,flat,0.15,1.0,1.0,1.0,peripheral,6885.450882927971,533.8814558563832,0.0,0.0,6351.569427071588,6351.569427071588,2276.0442978796627,0.0,546.6352323350388,667.3518198204791,0.0,75,0,0.0,0,0,0.0,0.0,0.0,0.0,0.0,0.0,0,0.0,0.0,0,1200,1200,16.20362877845764,25.0,0.0,1125.0,False,infeasible,nils_complete,6885.450882927971,667.3518198204791,,0.0,,0.0,False,feasible_only,0.0,,False,,,,
S0051_R09,5102035,truck_only,S0051,n75_p0.75_d3_uniform_Emedium_V1.25_Hlong_PWflat_B0.15,75,0.7466666666666667,0.75,3,3,medium,1.25,uniform,long,flat,0.15,1.0,1.0,1.0,peripheral,4892.055670532516,497.5489854573283,0.0,0.0,4394.506685075188,4394.506685075188,2121.475991830396,0.0,455.9687892045428,621.9362318216604,0.0,75,0,0.0,0,0,0.0,0.0,0.0,0.0,0.0,0.0,0,0.0,0.0,0,0,0,0.05386924743652344,0.0,0.0,0.0,True,feasible,baseline_truck_only,4892.055670532516,621.9362318216604,,,,0.0,True,feasible_only,0.0,4892.055670532516,True,4892.055670532516,,,
S0051_R09,5102035,nils,S0051,n75_p0.75_d3_uniform_Emedium_V1.25_Hlong_PWflat_B0.15,75,0.7466666666666667,0.75,3,3,medium,1.25,uniform,long,flat,0.15,1.0,1.0,1.0,peripheral,683.7715132723499,257.63965523013997,35.28618087023855,0.0,390.8456771719714,390.8456771719714,266.6477147991633,0.0,228.882422008885,322.04956903767487,117.62060290079518,62,13,0.17333333333333334,3,3,4.333333333333333,4.333333333333333,0.0,0.0,0.0,0.0,0,0.8458883719963944,0.8494729022799992,0,2902,2902,4.057591915130615,25.0,14.0,626.0,True,feasible,nils_complete,4892.055670532516,621.9362318216604,,86.02281823179008,,48.2182332271611,True,feasible_only,0.0,683.7715132723499,True,4892.055670532516,,86.02281823179008,
S0051_R10,5102036,truck_only,S0051,n75_p0.75_d3_uniform_Emedium_V1.25_Hlong_PWflat_B0.15,75,0.7466666666666667,0.75,3,3,medium,1.25,uniform,long,flat,0.15,1.0,1.0,1.0,peripheral,5594.146822288818,498.82459963741667,0.0,0.0,5095.322222651402,5095.322222651402,2530.262821575695,0.0,412.3877853905384,623.5307495467706,0.0,75,0,0.0,0,0,0.0,0.0,0.0,0.0,0.0,0.0,0,0.0,0.0,0,0,0,0.051606178283691406,0.0,0.0,0.0,True,feasible,baseline_truck_only,5594.146822288818,623.5307495467706,,,,0.0,True,feasible_only,0.0,5594.146822288818,True,5594.146822288818,,,
S0051_R10,5102036,nils,S0051,n75_p0.75_d3_uniform_Emedium_V1.25_Hlong_PWflat_B0.15,75,0.7466666666666667,0.75,3,3,medium,1.25,uniform,long,flat,0.15,1.0,1.0,1.0,peripheral,1360.4762671497656,283.9429139601378,35.133036608026465,0.0,1041.4003165816014,1041.4003165816014,692.4495394778077,0.0,264.52817926692796,354.9286424501722,117.11012202675491,64,11,0.14666666666666667,3,3,3.6666666666666665,3.6666666666666665,0.0,0.0,0.0,0.0,0,0.8434749020126858,0.8487159699463543,0,2960,2960,3.8107526302337646,24.0,11.0,502.0,True,feasible,nils_complete,5594.146822288818,623.5307495467706,,75.68036180728747,,43.0776039981731,True,feasible_only,0.0,1360.4762671497656,True,5594.146822288818,,75.68036180728747,
S0052_R01,5202027,truck_only,S0052,n75_p0.75_d3_uniform_Emedium_V2.00_Hmedium_PWflat_B0.15,75,0.7466666666666667,0.75,3,3,medium,2.0,uniform,medium,flat,0.15,1.0,1.0,1.0,peripheral,6655.662015467848,491.661295162981,0.0,0.0,6164.000720304866,6164.000720304866,1700.3705081616727,0.0,559.2307009993598,614.5766189537267,0.0,75,0,0.0,0,0,0.0,0.0,0.0,0.0,0.0,0.0,0,0.0,0.0,0,0,0,0.0509028434753418,0.0,0.0,0.0,False,infeasible,baseline_truck_only,6655.662015467848,614.5766189537267,,,,0.0,False,feasible_only,0.0,,False,,,,
S0052_R01,5202027,nils,S0052,n75_p0.75_d3_uniform_Emedium_V2.00_Hmedium_PWflat_B0.15,75,0.7466666666666667,0.75,3,3,medium,2.0,uniform,medium,flat,0.15,1.0,1.0,1.0,peripheral,6655.662015467848,491.661295162981,0.0,0.0,6164.000720304866,6164.000720304866,1700.3705081616727,0.0,559.2307009993598,614.5766189537267,0.0,75,0,0.0,0,0,0.0,0.0,0.0,0.0,0.0,0.0,0,0.0,0.0,0,0,0,18.790355682373047,25.0,0.0,2100.0,False,infeasible,nils_complete,6655.662015467848,614.5766189537267,,0.0,,0.0,False,feasible_only,0.0,,False,,,,
S0052_R02,5202028,truck_only,S0052,n75_p0.75_d3_uniform_Emedium_V2.00_Hmedium_PWflat_B0.15,75,0.7466666666666667,0.75,3,3,medium,2.0,uniform,medium,flat,0.15,1.0,1.0,1.0,peripheral,6443.927054611484,545.3258462385303,0.0,0.0,5898.601208372954,5898.601208372954,1296.157387899111,0.0,501.0356212533989,681.6573077981628,0.0,75,0,0.0,0,0,0.0,0.0,0.0,0.0,0.0,0.0,0,0.0,0.0,0,0,0,0.057402610778808594,0.0,0.0,0.0,False,infeasible,baseline_truck_only,6443.927054611484,681.6573077981628,,,,0.0,False,feasible_only,0.0,,False,,,,
S0052_R02,5202028,nils,S0052,n75_p0.75_d3_uniform_Emedium_V2.00_Hmedium_PWflat_B0.15,75,0.7466666666666667,0.75,3,3,medium,2.0,uniform,medium,flat,0.15,1.0,1.0,1.0,peripheral,489.7301414112172,243.93062553814522,54.86011915365858,0.0,190.93939671941337,190.93939671941337,126.74862976016702,0.0,218.99223814105562,304.9132819226815,182.86706384552863,57,18,0.24,3,3,6.0,6.0,0.0,0.0,0.0,0.0,0,0.8400743913464059,0.8447444849074783,0,1896,1896,7.660868883132935,25.0,17.0,1464.0,True,feasible,nils_complete,6443.927054611484,681.6573077981628,,92.40012903217533,,55.268831062988376,True,feasible_only,0.0,489.7301414112172,True,,,,
S0052_R03,5202029,truck_only,S0052,n75_p0.75_d3_uniform_Emedium_V2.00_Hmedium_PWflat_B0.15,75,0.7466666666666667,0.75,3,3,medium,2.0,uniform,medium,flat,0.15,1.0,1.0,1.0,peripheral,3864.1542285066844,457.06377521945683,0.0,0.0,3407.0904532872273,3407.0904532872273,1450.9130110680906,0.0,372.23079171015814,571.329719024321,0.0,75,0,0.0,0,0,0.0,0.0,0.0,0.0,0.0,0.0,0,0.0,0.0,0,0,0,0.0594942569732666,0.0,0.0,0.0,True,feasible,baseline_truck_only,3864.1542285066844,571.329719024321,,,,0.0,True,feasible_only,0.0,3864.1542285066844,True,3864.1542285066844,,,
S0052_R03,5202029,nils,S0052,n75_p0.75_d3_uniform_Emedium_V2.00_Hmedium_PWflat_B0.15,75,0.7466666666666667,0.75,3,3,medium,2.0,uniform,medium,flat,0.15,1.0,1.0,1.0,peripheral,355.7646962860012,211.22934293628757,55.33322722820377,0.0,89.20212612150988,89.20212612150988,89.20212612150988,0.0,188.2323422459936,264.0366786703594,184.44409076067922,58,17,0.22666666666666666,3,3,5.666666666666667,5.666666666666667,0.0,0.0,0.0,0.0,0,0.8431513561569678,0.8483949511698057,0,1665,1665,7.866900205612183,25.0,17.0,1770.0,True,feasible,nils_complete,3864.1542285066844,571.329719024321,,90.79320660491629,,53.785586522391355,True,feasible_only,0.0,355.7646962860012,True,3864.1542285066844,,90.79320660491629,
S0052_R04,5202030,truck_only,S0052,n75_p0.75_d3_uniform_Emedium_V2.00_Hmedium_PWflat_B0.15,75,0.7466666666666667,0.75,3,3,medium,2.0,uniform,medium,flat,0.15,1.0,1.0,1.0,peripheral,3754.824847292344,479.01980645712746,0.0,0.0,3275.805040835217,3275.805040835217,2077.1157822092696,0.0,372.3407954661544,598.7747580714095,0.0,75,0,0.0,0,0,0.0,0.0,0.0,0.0,0.0,0.0,0,0.0,0.0,0,0,0,0.06167292594909668,0.0,0.0,0.0,True,feasible,baseline_truck_only,3754.824847292344,598.7747580714095,,,,0.0,True,feasible_only,0.0,3754.824847292344,True,3754.824847292344,,,
S0052_R04,5202030,nils,S0052,n75_p0.75_d3_uniform_Emedium_V2.00_Hmedium_PWflat_B0.15,75,0.7466666666666667,0.75,3,3,medium,2.0,uniform,medium,flat,0.15,1.0,1.0,1.0,peripheral,376.11903707999016,226.55742529878611,53.86943585846819,0.0,95.69217592273588,95.69217592273588,95.69217592273588,0.0,192.58025588381193,283.19678162348265,179.56478619489397,55,20,0.26666666666666666,3,3,6.666666666666667,6.666666666666667,0.0,0.0,0.0,0.0,0,0.8170306683661016,0.8465993728918625,0,1525,1525,7.7016496658325195,25.0,20.0,1874.0,True,feasible,nils_complete,3754.824847292344,598.7747580714095,,89.98304708270975,,52.70395456621623,True,feasible_only,0.0,376.11903707999016,True,3754.824847292344,,89.98304708270975,
S0052_R05,5202031,truck_only,S0052,n75_p0.75_d3_uniform_Emedium_V2.00_Hmedium_PWflat_B0.15,75,0.7466666666666667,0.75,3,3,medium,2.0,uniform,medium,flat,0.15,1.0,1.0,1.0,peripheral,5148.917901310787,531.2788029752008,0.0,0.0,4617.639098335586,4617.639098335586,1009.9627167904279,0.0,460.184501035247,664.098503719001,0.0,75,0,0.0,0,0,0.0,0.0,0.0,0.0,0.0,0.0,0,0.0,0.0,0,0,0,0.05292320251464844,0.0,0.0,0.0,True,feasible,baseline_truck_only,5148.917901310787,664.098503719001,,,,0.0,True,feasible_only,0.0,5148.917901310787,True,5148.917901310787,,,
S0052_R05,5202031,nils,S0052,n75_p0.75_d3_uniform_Emedium_V2.00_Hmedium_PWflat_B0.15,75,0.7466666666666667,0.75,3,3,medium,2.0,uniform,medium,flat,0.15,1.0,1.0,1.0,peripheral,486.25511248227576,232.9957350149189,51.895394323895516,0.0,201.36398314346135,201.36398314346135,201.36398314346135,0.0,196.76822713010003,291.2446687686486,172.9846477463184,58,17,0.22666666666666666,3,3,5.666666666666667,5.666666666666667,0.0,0.0,0.0,0.0,0,0.8034814079905926,0.8493517351723874,0,1713,1713,7.9857306480407715,25.0,17.0,1668.0,True,feasible,nils_complete,5148.917901310787,664.098503719001,,90.55616885329465,,56.14435702871535,True,feasible_only,0.0,486.25511248227576,True,5148.917901310787,,90.55616885329465,
S0052_R06,5202032,truck_only,S0052,n75_p0.75_d3_uniform_Emedium_V2.00_Hmedium_PWflat_B0.15,75,0.7466666666666667,0.75,3,3,medium,2.0,uniform,medium,flat,0.15,1.0,1.0,1.0,peripheral,4159.5874742458045,476.22911587592455,0.0,0.0,3683.3583583698796,3683.3583583698796,1519.896338873393,0.0,372.72874330718304,595.2863948449055,0.0,75,0,0.0,0,0,0.0,0.0,0.0,0.0,0.0,0.0,0,0.0,0.0,0,0,0,0.09218263626098633,0.0,0.0,0.0,True,feasible,baseline_truck_only,4159.5874742458045,595.2863948449055,,,,0.0,True,feasible_only,0.0,4159.5874742458045,True,4159.5874742458045,,,
S0052_R06,5202032,nils,S0052,n75_p0.75_d3_uniform_Emedium_V2.00_Hmedium_PWflat_B0.15,75,0.7466666666666667,0.75,3,3,medium,2.0,uniform,medium,flat,0.15,1.0,1.0,1.0,peripheral,385.2111273339081,231.9988211516705,55.095488286264015,0.0,98.11681789597363,98.11681789597363,48.546436201765786,0.0,209.62032715306034,289.99852643958815,183.65162762088005,60,15,0.2,3,3,5.0,5.0,0.0,0.0,0.0,0.0,0,0.8405942081215457,0.8470419992204475,0,2204,2204,6.779047727584839,25.0,15.0,1270.0,True,feasible,nils_complete,4159.5874742458045,595.2863948449055,,90.73919878548166,,51.284200520802486,True,feasible_only,0.0,385.2111273339081,True,4159.5874742458045,,90.73919878548166,
S0052_R07,5202033,truck_only,S0052,n75_p0.75_d3_uniform_Emedium_V2.00_Hmedium_PWflat_B0.15,75,0.7466666666666667,0.75,3,3,medium,2.0,uniform,medium,flat,0.15,1.0,1.0,1.0,peripheral,4930.49388941279,480.12175210756834,0.0,0.0,4450.372137305221,4450.372137305221,1571.0561976045574,0.0,423.5613288088428,600.1521901344604,0.0,75,0,0.0,0,0,0.0,0.0,0.0,0.0,0.0,0.0,0,0.0,0.0,0,0,0,0.04900693893432617,0.0,0.0,0.0,True,feasible,baseline_truck_only,4930.49388941279,600.1521901344604,,,,0.0,True,feasible_only,0.0,4930.49388941279,True,4930.49388941279,,,
S0052_R07,5202033,nils,S0052,n75_p0.75_d3_uniform_Emedium_V2.00_Hmedium_PWflat_B0.15,75,0.7466666666666667,0.75,3,3,medium,2.0,uniform,medium,flat,0.15,1.0,1.0,1.0,peripheral,537.2158475883197,200.78624379092147,52.91235178275713,0.0,283.5172520146411,283.5172520146411,258.58527153750305,0.0,167.18527166211584,250.9828047386518,176.37450594252377,52,23,0.30666666666666664,3,3,7.666666666666667,7.666666666666667,0.0,0.0,0.0,0.0,0,0.8205046791622402,0.8493757357669399,0,1407,1407,8.289294958114624,25.0,22.0,1983.0,True,feasible,nils_complete,4930.49388941279,600.1521901344604,,89.10421836761873,,58.180140160378215,True,feasible_only,0.0,537.2158475883197,True,4930.49388941279,,89.10421836761873,
S0052_R08,5202034,truck_only,S0052,n75_p0.75_d3_uniform_Emedium_V2.00_Hmedium_PWflat_B0.15,75,0.7466666666666667,0.75,3,3,medium,2.0,uniform,medium,flat,0.15,1.0,1.0,1.0,peripheral,8197.740819450697,557.6423856666948,0.0,0.0,7640.098433784003,7640.098433784003,2077.06274220735,0.0,588.3008419560798,697.0529820833685,0.0,75,0,0.0,0,0,0.0,0.0,0.0,0.0,0.0,0.0,0,0.0,0.0,0,0,0,0.05204272270202637,0.0,0.0,0.0,False,infeasible,baseline_truck_only,8197.740819450697,697.0529820833685,,,,0.0,False,feasible_only,0.0,,False,,,,
S0052_R08,5202034,nils,S0052,n75_p0.75_d3_uniform_Emedium_V2.00_Hmedium_PWflat_B0.15,75,0.7466666666666667,0.75,3,3,medium,2.0,uniform,medium,flat,0.15,1.0,1.0,1.0,peripheral,8197.740819450697,557.6423856666948,0.0,0.0,7640.098433784003,7640.098433784003,2077.06274220735,0.0,588.3008419560798,697.0529820833685,0.0,75,0,0.0,0,0,0.0,0.0,0.0,0.0,0.0,0.0,0,0.0,0.0,0,0,0,18.03926181793213,25.0,0.0,2025.0,False,infeasible,nils_complete,8197.740819450697,697.0529820833685,,0.0,,0.0,False,feasible_only,0.0,,False,,,,
S0052_R09,5202035,truck_only,S0052,n75_p0.75_d3_uniform_Emedium_V2.00_Hmedium_PWflat_B0.15,75,0.7466666666666667,0.75,3,3,medium,2.0,uniform,medium,flat,0.15,1.0,1.0,1.0,peripheral,4435.124222227736,466.0512754700456,0.0,0.0,3969.0729467576907,3969.0729467576907,801.1699992632771,0.0,442.3956511046107,582.564094337557,0.0,75,0,0.0,0,0,0.0,0.0,0.0,0.0,0.0,0.0,0,0.0,0.0,0,0,0,0.05007457733154297,0.0,0.0,0.0,True,feasible,baseline_truck_only,4435.124222227736,582.564094337557,,,,0.0,True,feasible_only,0.0,4435.124222227736,True,4435.124222227736,,,
S0052_R09,5202035,nils,S0052,n75_p0.75_d3_uniform_Emedium_V2.00_Hmedium_PWflat_B0.15,75,0.7466666666666667,0.75,3,3,medium,2.0,uniform,medium,flat,0.15,1.0,1.0,1.0,peripheral,397.8255620611639,220.35509834936462,54.062614228480506,0.0,123.40784948331878,123.40784948331878,123.40784948331878,0.0,217.85189021544812,275.4438729367058,180.20871409493503,61,14,0.18666666666666668,3,3,4.666666666666667,4.666666666666667,0.0,0.0,0.0,0.0,0,0.8089300867488651,0.8439954900126404,0,2092,2092,6.764376401901245,25.0,14.0,1316.0,True,feasible,nils_complete,4435.124222227736,582.564094337557,,91.03011455536327,,52.71870072083356,True,feasible_only,0.0,397.8255620611639,True,4435.124222227736,,91.03011455536327,
S0052_R10,5202036,truck_only,S0052,n75_p0.75_d3_uniform_Emedium_V2.00_Hmedium_PWflat_B0.15,75,0.7466666666666667,0.75,3,3,medium,2.0,uniform,medium,flat,0.15,1.0,1.0,1.0,peripheral,6191.668564186433,546.0996749894847,0.0,0.0,5645.5688891969485,5645.5688891969485,1716.908397099239,0.0,423.97702296601744,682.6245937368561,0.0,75,0,0.0,0,0,0.0,0.0,0.0,0.0,0.0,0.0,0,0.0,0.0,0,0,0,0.07874321937561035,0.0,0.0,0.0,True,feasible,baseline_truck_only,6191.668564186433,682.6245937368561,,,,0.0,True,feasible_only,0.0,6191.668564186433,True,6191.668564186433,,,
S0052_R10,5202036,nils,S0052,n75_p0.75_d3_uniform_Emedium_V2.00_Hmedium_PWflat_B0.15,75,0.7466666666666667,0.75,3,3,medium,2.0,uniform,medium,flat,0.15,1.0,1.0,1.0,peripheral,277.5363987402648,223.11333954916896,54.42305919109586,0.0,0.0,0.0,0.0,0.0,186.32335797320732,278.89167443646124,181.4101973036529,55,20,0.26666666666666666,3,3,6.666666666666667,6.666666666666667,0.0,0.0,0.0,0.0,0,0.826761201131971,0.8477638724473441,0,1635,1635,8.890526533126831,25.0,20.0,1737.0,True,feasible,nils_complete,6191.668564186433,682.6245937368561,,95.5175830898705,,59.14420942413763,True,feasible_only,0.0,277.5363987402648,True,6191.668564186433,,95.5175830898705,
S0053_R01,5302027,truck_only,S0053,n75_p0.75_d3_uniform_Ehigh_V2.00_Hshort_PWmoderate_B0.15,75,0.7466666666666667,0.75,3,3,high,2.0,uniform,short,moderate,0.15,20.0,5.0,1.0,peripheral,51499.31975721795,478.14221517516046,0.0,0.0,51021.17754204279,51021.17754204279,1992.10105832915,0.0,426.4147632841848,597.6777689689509,0.0,75,0,0.0,0,0,0.0,0.0,0.0,0.0,0.0,0.0,0,0.0,0.0,0,0,0,0.06068277359008789,0.0,0.0,0.0,True,feasible,baseline_truck_only,51499.31975721795,597.6777689689509,,,,0.0,True,feasible_only,0.0,51499.31975721795,True,51499.31975721795,,,
S0053_R01,5302027,nils,S0053,n75_p0.75_d3_uniform_Ehigh_V2.00_Hshort_PWmoderate_B0.15,75,0.7466666666666667,0.75,3,3,high,2.0,uniform,short,moderate,0.15,20.0,5.0,1.0,peripheral,1411.6937832129756,211.13909410548374,71.25955421501075,0.0,1129.2951348924812,1129.2951348924812,56.464756744624054,0.0,174.94411792704014,263.92386763185465,237.5318473833692,51,24,0.32,3,3,8.0,8.0,0.0,0.0,0.0,0.0,0,0.8394774579754061,0.8438606834161905,0,1283,1283,8.181596994400024,25.0,24.0,2080.0,True,feasible,nils_complete,51499.31975721795,597.6777689689509,,97.25881081562225,,55.84177941114531,True,feasible_only,0.0,1411.6937832129756,True,51499.31975721795,,97.25881081562225,
S0053_R02,5302028,truck_only,S0053,n75_p0.75_d3_uniform_Ehigh_V2.00_Hshort_PWmoderate_B0.15,75,0.7466666666666667,0.75,3,3,high,2.0,uniform,short,moderate,0.15,20.0,5.0,1.0,peripheral,82192.97005605295,570.8759454798837,0.0,0.0,81622.09411057306,81622.09411057306,3252.021335592772,0.0,507.55366861910227,713.5949318498544,0.0,75,0,0.0,0,0,0.0,0.0,0.0,0.0,0.0,0.0,0,0.0,0.0,0,0,0,0.05428147315979004,0.0,0.0,0.0,False,infeasible,baseline_truck_only,82192.97005605295,713.5949318498544,,,,0.0,False,feasible_only,0.0,,False,,,,
S0053_R02,5302028,nils,S0053,n75_p0.75_d3_uniform_Ehigh_V2.00_Hshort_PWmoderate_B0.15,75,0.7466666666666667,0.75,3,3,high,2.0,uniform,short,moderate,0.15,20.0,5.0,1.0,peripheral,2658.0081106306825,223.08943334666503,70.92925028520456,0.0,2363.989426998813,2363.989426998813,108.00825386374476,0.0,214.87855622207474,278.8617916833313,236.43083428401525,54,21,0.28,3,3,7.0,7.0,0.0,0.0,0.0,0.0,0,0.8418918492667578,0.8480046206980486,0,1577,1577,7.367772102355957,25.0,21.0,1690.0,True,feasible,nils_complete,82192.97005605295,713.5949318498544,,96.76613692288036,,60.92155658106526,True,feasible_only,0.0,2658.0081106306825,True,,,,
S0053_R03,5302029,truck_only,S0053,n75_p0.75_d3_uniform_Ehigh_V2.00_Hshort_PWmoderate_B0.15,75,0.7466666666666667,0.75,3,3,high,2.0,uniform,short,moderate,0.15,20.0,5.0,1.0,peripheral,48255.89433092504,526.9388524527307,0.0,0.0,47728.95547847231,47728.95547847231,1515.832312764828,0.0,415.4742400572308,658.6735655659132,0.0,75,0,0.0,0,0,0.0,0.0,0.0,0.0,0.0,0.0,0,0.0,0.0,0,0,0,0.057010650634765625,0.0,0.0,0.0,True,feasible,baseline_truck_only,48255.89433092504,658.6735655659132,,,,0.0,True,feasible_only,0.0,48255.89433092504,True,48255.89433092504,,,
S0053_R03,5302029,nils,S0053,n75_p0.75_d3_uniform_Ehigh_V2.00_Hshort_PWmoderate_B0.15,75,0.7466666666666667,0.75,3,3,high,2.0,uniform,short,moderate,0.15,20.0,5.0,1.0,peripheral,734.6812993731166,207.79292219326567,70.99567656170626,0.0,455.89270061814466,455.89270061814466,9.097059000214976,0.0,178.04754635503124,259.741152741582,236.65225520568754,53,22,0.29333333333333333,3,3,7.333333333333333,7.333333333333333,0.0,0.0,0.0,0.0,0,0.8424239703343034,0.8484195320043509,0,1250,1250,8.2836594581604,25.0,22.0,2140.0,True,feasible,nils_complete,48255.89433092504,658.6735655659132,,98.47753044563865,,60.566027495210015,True,feasible_only,0.0,734.6812993731166,True,48255.89433092504,,98.47753044563865,
S0053_R04,5302030,truck_only,S0053,n75_p0.75_d3_uniform_Ehigh_V2.00_Hshort_PWmoderate_B0.15,75,0.7466666666666667,0.75,3,3,high,2.0,uniform,short,moderate,0.15,20.0,5.0,1.0,peripheral,44270.07308093528,508.30623308630356,0.0,0.0,43761.76684784898,43761.76684784898,1570.8105119200297,0.0,447.44729262724115,635.3827913578793,0.0,75,0,0.0,0,0,0.0,0.0,0.0,0.0,0.0,0.0,0,0.0,0.0,0,0,0,0.05719780921936035,0.0,0.0,0.0,True,feasible,baseline_truck_only,44270.07308093528,635.3827913578793,,,,0.0,True,feasible_only,0.0,44270.07308093528,True,44270.07308093528,,,
S0053_R04,5302030,nils,S0053,n75_p0.75_d3_uniform_Ehigh_V2.00_Hshort_PWmoderate_B0.15,75,0.7466666666666667,0.75,3,3,high,2.0,uniform,short,moderate,0.15,20.0,5.0,1.0,peripheral,2207.693237926059,201.83195905387555,71.68595346015815,0.0,1934.1753254120251,1934.1753254120251,90.69382812895859,0.0,174.9676771772358,252.28994881734442,238.95317820052725,52,23,0.30666666666666664,3,3,7.666666666666667,7.666666666666667,0.0,0.0,0.0,0.0,0,0.8341936423807867,0.8469835207763924,0,1465,1465,7.978073596954346,25.0,23.0,1925.0,True,feasible,nils_complete,44270.07308093528,635.3827913578793,,95.01312493004038,,60.29323547177372,True,feasible_only,0.0,2207.693237926059,True,44270.07308093528,,95.01312493004038,
S0053_R05,5302031,truck_only,S0053,n75_p0.75_d3_uniform_Ehigh_V2.00_Hshort_PWmoderate_B0.15,75,0.7466666666666667,0.75,3,3,high,2.0,uniform,short,moderate,0.15,20.0,5.0,1.0,peripheral,49019.68514397216,540.3196333922973,0.0,0.0,48479.36551057986,48479.36551057986,1695.0777781398606,0.0,512.9658831032785,675.3995417403715,0.0,75,0,0.0,0,0,0.0,0.0,0.0,0.0,0.0,0.0,0,0.0,0.0,0,0,0,0.05558657646179199,0.0,0.0,0.0,False,infeasible,baseline_truck_only,49019.68514397216,675.3995417403715,,,,0.0,False,feasible_only,0.0,,False,,,,
S0053_R05,5302031,nils,S0053,n75_p0.75_d3_uniform_Ehigh_V2.00_Hshort_PWmoderate_B0.15,75,0.7466666666666667,0.75,3,3,high,2.0,uniform,short,moderate,0.15,20.0,5.0,1.0,peripheral,3135.589273652981,233.7653523973819,72.59930462428356,0.0,2829.2246166313153,2829.2246166313153,133.02615048118787,0.0,208.16086974408975,292.20669049672745,241.9976820809452,54,21,0.28,3,3,7.0,7.0,0.0,0.0,0.0,0.0,0,0.8410332330358683,0.8439163951252205,0,1676,1676,7.1121134757995605,25.0,19.0,1591.0,True,feasible,nils_complete,49019.68514397216,675.3995417403715,,93.60340796877077,,56.73572864089182,True,feasible_only,0.0,3135.589273652981,True,,,,
S0053_R06,5302032,truck_only,S0053,n75_p0.75_d3_uniform_Ehigh_V2.00_Hshort_PWmoderate_B0.15,75,0.7466666666666667,0.75,3,3,high,2.0,uniform,short,moderate,0.15,20.0,5.0,1.0,peripheral,47538.588874329726,513.3269365609956,0.0,0.0,47025.26193776873,47025.26193776873,1932.5056349028953,0.0,499.0989342419426,641.6586707012443,0.0,75,0,0.0,0,0,0.0,0.0,0.0,0.0,0.0,0.0,0,0.0,0.0,0,0,0,0.052924394607543945,0.0,0.0,0.0,False,infeasible,baseline_truck_only,47538.588874329726,641.6586707012443,,,,0.0,False,feasible_only,0.0,,False,,,,
S0053_R06,5302032,nils,S0053,n75_p0.75_d3_uniform_Ehigh_V2.00_Hshort_PWmoderate_B0.15,75,0.7466666666666667,0.75,3,3,high,2.0,uniform,short,moderate,0.15,20.0,5.0,1.0,peripheral,516.8293230916706,205.91423366903393,71.92608351903736,0.0,238.9890059035993,238.9890059035993,9.469882215861091,0.0,195.73631517956005,257.3927920862924,239.75361173012453,52,23,0.30666666666666664,3,3,7.666666666666667,7.666666666666667,0.0,0.0,0.0,0.0,0,0.8469299991322566,0.8476966013888599,0,1022,1022,8.869850635528564,25.0,23.0,2314.0,True,feasible,nils_complete,47538.588874329726,641.6586707012443,,98.91282148812215,,59.88633773077552,True,feasible_only,0.0,516.8293230916706,True,,,,
S0053_R07,5302033,truck_only,S0053,n75_p0.75_d3_uniform_Ehigh_V2.00_Hshort_PWmoderate_B0.15,75,0.7466666666666667,0.75,3,3,high,2.0,uniform,short,moderate,0.15,20.0,5.0,1.0,peripheral,45236.73654667331,487.05160942771954,0.0,0.0,44749.68493724559,44749.68493724559,1628.7221027765897,0.0,428.9899322295894,608.8145117846493,0.0,75,0,0.0,0,0,0.0,0.0,0.0,0.0,0.0,0.0,0,0.0,0.0,0,0,0,0.061020612716674805,0.0,0.0,0.0,True,feasible,baseline_truck_only,45236.73654667331,608.8145117846493,,,,0.0,True,feasible_only,0.0,45236.73654667331,True,45236.73654667331,,,
S0053_R07,5302033,nils,S0053,n75_p0.75_d3_uniform_Ehigh_V2.00_Hshort_PWmoderate_B0.15,75,0.7466666666666667,0.75,3,3,high,2.0,uniform,short,moderate,0.15,20.0,5.0,1.0,peripheral,607.5178642250121,211.43224500859802,70.74531047065622,0.0,325.3403087457579,325.3403087457579,16.267015437287895,0.0,188.09247447038584,264.2903062607475,235.81770156885406,52,23,0.30666666666666664,3,3,7.666666666666667,7.666666666666667,0.0,0.0,0.0,0.0,0,0.8108666822640669,0.843367078567621,0,995,995,9.375868797302246,25.0,22.0,2395.0,True,feasible,nils_complete,45236.73654667331,608.8145117846493,,98.65702543860961,,56.58935502604565,True,feasible_only,0.0,607.5178642250121,True,45236.73654667331,,98.65702543860961,
S0053_R08,5302034,truck_only,S0053,n75_p0.75_d3_uniform_Ehigh_V2.00_Hshort_PWmoderate_B0.15,75,0.7466666666666667,0.75,3,3,high,2.0,uniform,short,moderate,0.15,20.0,5.0,1.0,peripheral,67457.38209594223,526.0480481797274,0.0,0.0,66931.3340477625,66931.3340477625,2770.333248321235,0.0,521.0034667422535,657.5600602246592,0.0,75,0,0.0,0,0,0.0,0.0,0.0,0.0,0.0,0.0,0,0.0,0.0,0,0,0,0.04967546463012695,0.0,0.0,0.0,False,infeasible,baseline_truck_only,67457.38209594223,657.5600602246592,,,,0.0,False,feasible_only,0.0,,False,,,,
S0053_R08,5302034,nils,S0053,n75_p0.75_d3_uniform_Ehigh_V2.00_Hshort_PWmoderate_B0.15,75,0.7466666666666667,0.75,3,3,high,2.0,uniform,short,moderate,0.15,20.0,5.0,1.0,peripheral,67457.38209594223,526.0480481797274,0.0,0.0,66931.3340477625,66931.3340477625,2770.333248321235,0.0,521.0034667422535,657.5600602246592,0.0,75,0,0.0,0,0,0.0,0.0,0.0,0.0,0.0,0.0,0,0.0,0.0,0,0,0,19.084011554718018,25.0,0.0,2475.0,False,infeasible,nils_complete,67457.38209594223,657.5600602246592,,0.0,,0.0,False,feasible_only,0.0,,False,,,,
S0053_R09,5302035,truck_only,S0053,n75_p0.75_d3_uniform_Ehigh_V2.00_Hshort_PWmoderate_B0.15,75,0.7466666666666667,0.75,3,3,high,2.0,uniform,short,moderate,0.15,20.0,5.0,1.0,peripheral,82190.17572840172,494.198390791311,0.0,0.0,81695.97733761041,81695.97733761041,3379.7270320263337,0.0,506.27533637050215,617.7479884891388,0.0,75,0,0.0,0,0,0.0,0.0,0.0,0.0,0.0,0.0,0,0.0,0.0,0,0,0,0.0519561767578125,0.0,0.0,0.0,False,infeasible,baseline_truck_only,82190.17572840172,617.7479884891388,,,,0.0,False,feasible_only,0.0,,False,,,,
S0053_R09,5302035,nils,S0053,n75_p0.75_d3_uniform_Ehigh_V2.00_Hshort_PWmoderate_B0.15,75,0.7466666666666667,0.75,3,3,high,2.0,uniform,short,moderate,0.15,20.0,5.0,1.0,peripheral,453.8720518949321,227.7773476511553,70.83772495008374,0.0,155.25697929369306,155.25697929369306,2.841914618767696,0.0,225.02873474920202,284.72168456394417,236.12574983361247,53,22,0.29333333333333333,3,3,7.333333333333333,7.333333333333333,0.0,0.0,0.0,0.0,0,0.8279545470297732,0.8286635120189203,0,876,876,9.784711360931396,25.0,22.0,2430.0,True,feasible,nils_complete,82190.17572840172,617.7479884891388,,99.44777821938871,,53.90973505874069,True,feasible_only,0.0,453.8720518949321,True,,,,
S0053_R10,5302036,truck_only,S0053,n75_p0.75_d3_uniform_Ehigh_V2.00_Hshort_PWmoderate_B0.15,75,0.7466666666666667,0.75,3,3,high,2.0,uniform,short,moderate,0.15,20.0,5.0,1.0,peripheral,60664.301253702935,486.8298137765908,0.0,0.0,60177.47143992635,60177.47143992635,2575.6031999608176,0.0,397.9758805331862,608.5372672207383,0.0,75,0,0.0,0,0,0.0,0.0,0.0,0.0,0.0,0.0,0,0.0,0.0,0,0,0,0.055312156677246094,0.0,0.0,0.0,True,feasible,baseline_truck_only,60664.301253702935,608.5372672207383,,,,0.0,True,feasible_only,0.0,60664.301253702935,True,60664.301253702935,,,
S0053_R10,5302036,nils,S0053,n75_p0.75_d3_uniform_Ehigh_V2.00_Hshort_PWmoderate_B0.15,75,0.7466666666666667,0.75,3,3,high,2.0,uniform,short,moderate,0.15,20.0,5.0,1.0,peripheral,1181.279720938674,216.41948206522466,72.32791196695541,0.0,892.532326906494,892.532326906494,33.218791928212454,0.0,191.46000132644076,270.52435258153076,241.0930398898514,56,19,0.25333333333333335,3,3,6.333333333333333,6.333333333333333,0.0,0.0,0.0,0.0,0,0.8462895613533067,0.8498664455734505,0,1435,1435,8.540237188339233,25.0,19.0,1973.0,True,feasible,nils_complete,60664.301253702935,608.5372672207383,,98.05275970129702,,55.54514618027463,True,feasible_only,0.0,1181.279720938674,True,60664.301253702935,,98.05275970129702,
S0054_R01,5402027,truck_only,S0054,n100_p0.25_d3_uniform_Elow_V2.00_Hmedium_PWbase_B0.15,100,0.25,0.25,3,3,low,2.0,uniform,medium,base,0.15,100.0,20.0,1.0,peripheral,583253.043866112,693.0366267348255,0.0,0.0,582560.0072393772,582560.0072393772,4132.444835765753,0.0,721.3852604315391,866.2957834185323,0.0,100,0,0.0,0,0,0.0,0.0,0.0,0.0,0.0,0.0,0,0.0,0.0,0,0,0,0.09639978408813477,0.0,0.0,0.0,False,infeasible,baseline_truck_only,583253.043866112,866.2957834185323,,,,0.0,False,feasible_only,0.0,,False,,,,
S0054_R01,5402027,nils,S0054,n100_p0.25_d3_uniform_Elow_V2.00_Hmedium_PWbase_B0.15,100,0.25,0.25,3,3,low,2.0,uniform,medium,base,0.15,100.0,20.0,1.0,peripheral,583253.043866112,693.0366267348255,0.0,0.0,582560.0072393772,582560.0072393772,4132.444835765753,0.0,721.3852604315391,866.2957834185323,0.0,100,0,0.0,0,0,0.0,0.0,0.0,0.0,0.0,0.0,0,0.0,0.0,0,675,675,21.350025415420532,25.0,0.0,300.0,False,infeasible,nils_complete,583253.043866112,866.2957834185323,,0.0,,0.0,False,feasible_only,0.0,,False,,,,
S0054_R02,5402028,truck_only,S0054,n100_p0.25_d3_uniform_Elow_V2.00_Hmedium_PWbase_B0.15,100,0.25,0.25,3,3,low,2.0,uniform,medium,base,0.15,100.0,20.0,1.0,peripheral,577997.7744328721,676.7698637981323,0.0,0.0,577321.0045690739,577321.0045690739,4657.574346993192,0.0,599.6821498852804,845.9623297476652,0.0,100,0,0.0,0,0,0.0,0.0,0.0,0.0,0.0,0.0,0,0.0,0.0,0,0,0,0.11320948600769043,0.0,0.0,0.0,False,infeasible,baseline_truck_only,577997.7744328721,845.9623297476652,,,,0.0,False,feasible_only,0.0,,False,,,,
S0054_R02,5402028,nils,S0054,n100_p0.25_d3_uniform_Elow_V2.00_Hmedium_PWbase_B0.15,100,0.25,0.25,3,3,low,2.0,uniform,medium,base,0.15,100.0,20.0,1.0,peripheral,577997.7744328721,676.7698637981323,0.0,0.0,577321.0045690739,577321.0045690739,4657.574346993192,0.0,599.6821498852804,845.9623297476652,0.0,100,0,0.0,0,0,0.0,0.0,0.0,0.0,0.0,0.0,0,0.0,0.0,0,225,225,12.030166149139404,25.0,0.0,150.0,False,infeasible,nils_complete,577997.7744328721,845.9623297476652,,0.0,,0.0,False,feasible_only,0.0,,False,,,,
S0054_R03,5402029,truck_only,S0054,n100_p0.25_d3_uniform_Elow_V2.00_Hmedium_PWbase_B0.15,100,0.25,0.25,3,3,low,2.0,uniform,medium,base,0.15,100.0,20.0,1.0,peripheral,436859.9885230109,668.3958516576251,0.0,0.0,436191.5926713533,436191.5926713533,2958.2078634046816,0.0,615.6782902788531,835.4948145720314,0.0,100,0,0.0,0,0,0.0,0.0,0.0,0.0,0.0,0.0,0,0.0,0.0,0,0,0,0.09908342361450195,0.0,0.0,0.0,False,infeasible,baseline_truck_only,436859.9885230109,835.4948145720314,,,,0.0,False,feasible_only,0.0,,False,,,,
S0054_R03,5402029,nils,S0054,n100_p0.25_d3_uniform_Elow_V2.00_Hmedium_PWbase_B0.15,100,0.25,0.25,3,3,low,2.0,uniform,medium,base,0.15,100.0,20.0,1.0,peripheral,436859.9885230109,668.3958516576251,0.0,0.0,436191.5926713533,436191.5926713533,2958.2078634046816,0.0,615.6782902788531,835.4948145720314,0.0,100,0,0.0,0,0,0.0,0.0,0.0,0.0,0.0,0.0,0,0.0,0.0,0,225,225,21.89496159553528,25.0,0.0,300.0,False,infeasible,nils_complete,436859.9885230109,835.4948145720314,,0.0,,0.0,False,feasible_only,0.0,,False,,,,
S0054_R04,5402030,truck_only,S0054,n100_p0.25_d3_uniform_Elow_V2.00_Hmedium_PWbase_B0.15,100,0.25,0.25,3,3,low,2.0,uniform,medium,base,0.15,100.0,20.0,1.0,peripheral,449430.2012392929,683.4113463803501,0.0,0.0,448746.78989291255,448746.78989291255,3192.013755923428,0.0,801.883236171881,854.2641829754375,0.0,100,0,0.0,0,0,0.0,0.0,0.0,0.0,0.0,0.0,0,0.0,0.0,0,0,0,0.10686016082763672,0.0,0.0,0.0,False,infeasible,baseline_truck_only,449430.2012392929,854.2641829754375,,,,0.0,False,feasible_only,0.0,,False,,,,
S0054_R04,5402030,nils,S0054,n100_p0.25_d3_uniform_Elow_V2.00_Hmedium_PWbase_B0.15,100,0.25,0.25,3,3,low,2.0,uniform,medium,base,0.15,100.0,20.0,1.0,peripheral,449430.2012392929,683.4113463803501,0.0,0.0,448746.78989291255,448746.78989291255,3192.013755923428,0.0,801.883236171881,854.2641829754375,0.0,100,0,0.0,0,0,0.0,0.0,0.0,0.0,0.0,0.0,0,0.0,0.0,0,225,225,23.960275173187256,25.0,0.0,600.0,False,infeasible,nils_complete,449430.2012392929,854.2641829754375,,0.0,,0.0,False,feasible_only,0.0,,False,,,,
S0054_R05,5402031,truck_only,S0054,n100_p0.25_d3_uniform_Elow_V2.00_Hmedium_PWbase_B0.15,100,0.25,0.25,3,3,low,2.0,uniform,medium,base,0.15,100.0,20.0,1.0,peripheral,632178.1303192027,582.5784398056446,0.0,0.0,631595.551879397,631595.551879397,5645.279884760379,0.0,480.37183751307487,728.2230497570558,0.0,100,0,0.0,0,0,0.0,0.0,0.0,0.0,0.0,0.0,0,0.0,0.0,0,0,0,0.10454964637756348,0.0,0.0,0.0,False,infeasible,baseline_truck_only,632178.1303192027,728.2230497570558,,,,0.0,False,feasible_only,0.0,,False,,,,
S0054_R05,5402031,nils,S0054,n100_p0.25_d3_uniform_Elow_V2.00_Hmedium_PWbase_B0.15,100,0.25,0.25,3,3,low,2.0,uniform,medium,base,0.15,100.0,20.0,1.0,peripheral,155697.80716562658,312.31672245614624,34.70573224312769,0.0,155350.7847109273,155350.7847109273,1390.358955231373,0.0,271.1532304563679,390.39590307018284,115.68577414375898,89,11,0.11,3,3,3.6666666666666665,3.6666666666666665,0.0,0.0,0.0,0.0,0,0.7460237572566492,0.8449854785781543,0,793,793,7.783743143081665,25.0,11.0,410.0,True,feasible,nils_complete,632178.1303192027,728.2230497570558,,75.37121268541655,,46.39061435910005,True,feasible_only,0.0,155697.80716562658,True,,,,
S0054_R06,5402032,truck_only,S0054,n100_p0.25_d3_uniform_Elow_V2.00_Hmedium_PWbase_B0.15,100,0.25,0.25,3,3,low,2.0,uniform,medium,base,0.15,100.0,20.0,1.0,peripheral,504389.6125939834,708.6970104631301,0.0,0.0,503680.9155835203,503680.9155835203,3923.2758843912457,0.0,593.8335618235591,885.8712630789128,0.0,100,0,0.0,0,0,0.0,0.0,0.0,0.0,0.0,0.0,0,0.0,0.0,0,0,0,0.1410999298095703,0.0,0.0,0.0,False,infeasible,baseline_truck_only,504389.6125939834,885.8712630789128,,,,0.0,False,feasible_only,0.0,,False,,,,
S0054_R06,5402032,nils,S0054,n100_p0.25_d3_uniform_Elow_V2.00_Hmedium_PWbase_B0.15,100,0.25,0.25,3,3,low,2.0,uniform,medium,base,0.15,100.0,20.0,1.0,peripheral,504389.6125939834,708.6970104631301,0.0,0.0,503680.9155835203,503680.9155835203,3923.2758843912457,0.0,593.8335618235591,885.8712630789128,0.0,100,0,0.0,0,0,0.0,0.0,0.0,0.0,0.0,0.0,0,0.0,0.0,0,225,225,22.41092014312744,25.0,0.0,450.0,False,infeasible,nils_complete,504389.6125939834,885.8712630789128,,0.0,,0.0,False,feasible_only,0.0,,False,,,,
S0054_R07,5402033,truck_only,S0054,n100_p0.25_d3_uniform_Elow_V2.00_Hmedium_PWbase_B0.15,100,0.25,0.25,3,3,low,2.0,uniform,medium,base,0.15,100.0,20.0,1.0,peripheral,619783.2759801688,679.3587877887581,0.0,0.0,619103.9171923801,619103.9171923801,5321.282822686932,0.0,646.7739807348332,849.1984847359481,0.0,100,0,0.0,0,0,0.0,0.0,0.0,0.0,0.0,0.0,0,0.0,0.0,0,0,0,0.10979962348937988,0.0,0.0,0.0,False,infeasible,baseline_truck_only,619783.2759801688,849.1984847359481,,,,0.0,False,feasible_only,0.0,,False,,,,
S0054_R07,5402033,nils,S0054,n100_p0.25_d3_uniform_Elow_V2.00_Hmedium_PWbase_B0.15,100,0.25,0.25,3,3,low,2.0,uniform,medium,base,0.15,100.0,20.0,1.0,peripheral,619783.2759801688,679.3587877887581,0.0,0.0,619103.9171923801,619103.9171923801,5321.282822686932,0.0,646.7739807348332,849.1984847359481,0.0,100,0,0.0,0,0,0.0,0.0,0.0,0.0,0.0,0.0,0,0.0,0.0,0,225,225,21.4521427154541,25.0,0.0,450.0,False,infeasible,nils_complete,619783.2759801688,849.1984847359481,,0.0,,0.0,False,feasible_only,0.0,,False,,,,
S0054_R08,5402034,truck_only,S0054,n100_p0.25_d3_uniform_Elow_V2.00_Hmedium_PWbase_B0.15,100,0.25,0.25,3,3,low,2.0,uniform,medium,base,0.15,100.0,20.0,1.0,peripheral,530984.8806658986,638.3468947812349,0.0,0.0,530346.5337711173,530346.5337711173,4252.847194314265,0.0,617.5324705195785,797.9336184765433,0.0,100,0,0.0,0,0,0.0,0.0,0.0,0.0,0.0,0.0,0,0.0,0.0,0,0,0,0.1237180233001709,0.0,0.0,0.0,False,infeasible,baseline_truck_only,530984.8806658986,797.9336184765433,,,,0.0,False,feasible_only,0.0,,False,,,,
S0054_R08,5402034,nils,S0054,n100_p0.25_d3_uniform_Elow_V2.00_Hmedium_PWbase_B0.15,100,0.25,0.25,3,3,low,2.0,uniform,medium,base,0.15,100.0,20.0,1.0,peripheral,530984.8806658986,638.3468947812349,0.0,0.0,530346.5337711173,530346.5337711173,4252.847194314265,0.0,617.5324705195785,797.9336184765433,0.0,100,0,0.0,0,0,0.0,0.0,0.0,0.0,0.0,0.0,0,0.0,0.0,0,375,375,24.421143054962158,25.0,0.0,825.0,False,infeasible,nils_complete,530984.8806658986,797.9336184765433,,0.0,,0.0,False,feasible_only,0.0,,False,,,,
S0054_R09,5402035,truck_only,S0054,n100_p0.25_d3_uniform_Elow_V2.00_Hmedium_PWbase_B0.15,100,0.25,0.25,3,3,low,2.0,uniform,medium,base,0.15,100.0,20.0,1.0,peripheral,464398.6523364215,646.9394858122151,0.0,0.0,463751.71285060927,463751.71285060927,4204.372453560423,0.0,508.9938648090985,808.6743572652692,0.0,100,0,0.0,0,0,0.0,0.0,0.0,0.0,0.0,0.0,0,0.0,0.0,0,0,0,0.12277531623840332,0.0,0.0,0.0,False,infeasible,baseline_truck_only,464398.6523364215,808.6743572652692,,,,0.0,False,feasible_only,0.0,,False,,,,
S0054_R09,5402035,nils,S0054,n100_p0.25_d3_uniform_Elow_V2.00_Hmedium_PWbase_B0.15,100,0.25,0.25,3,3,low,2.0,uniform,medium,base,0.15,100.0,20.0,1.0,peripheral,464398.6523364215,646.9394858122151,0.0,0.0,463751.71285060927,463751.71285060927,4204.372453560423,0.0,508.9938648090985,808.6743572652692,0.0,100,0,0.0,0,0,0.0,0.0,0.0,0.0,0.0,0.0,0,0.0,0.0,0,225,225,25.682125329971313,25.0,0.0,900.0,False,infeasible,nils_complete,464398.6523364215,808.6743572652692,,0.0,,0.0,False,feasible_only,0.0,,False,,,,
S0054_R10,5402036,truck_only,S0054,n100_p0.25_d3_uniform_Elow_V2.00_Hmedium_PWbase_B0.15,100,0.25,0.25,3,3,low,2.0,uniform,medium,base,0.15,100.0,20.0,1.0,peripheral,447996.79453099327,644.1556229217446,0.0,0.0,447352.6389080715,447352.6389080715,3121.473314809296,0.0,628.5895101161929,805.1945286521812,0.0,100,0,0.0,0,0,0.0,0.0,0.0,0.0,0.0,0.0,0,0.0,0.0,0,0,0,0.09568524360656738,0.0,0.0,0.0,False,infeasible,baseline_truck_only,447996.79453099327,805.1945286521812,,,,0.0,False,feasible_only,0.0,,False,,,,
S0054_R10,5402036,nils,S0054,n100_p0.25_d3_uniform_Elow_V2.00_Hmedium_PWbase_B0.15,100,0.25,0.25,3,3,low,2.0,uniform,medium,base,0.15,100.0,20.0,1.0,peripheral,447996.79453099327,644.1556229217446,0.0,0.0,447352.6389080715,447352.6389080715,3121.473314809296,0.0,628.5895101161929,805.1945286521812,0.0,100,0,0.0,0,0,0.0,0.0,0.0,0.0,0.0,0.0,0,0.0,0.0,0,750,750,28.092201709747314,25.0,0.0,750.0,False,infeasible,nils_complete,447996.79453099327,805.1945286521812,,0.0,,0.0,False,feasible_only,0.0,,False,,,,
S0055_R01,5502027,truck_only,S0055,n100_p0.25_d3_uniform_Elow_V2.00_Hlong_PWmoderate_B0.15,100,0.25,0.25,3,3,low,2.0,uniform,long,moderate,0.15,20.0,5.0,1.0,peripheral,86716.05031363548,627.2768414703014,0.0,0.0,86088.77347216518,86088.77347216518,2855.955510233624,0.0,561.7284260639702,784.0960518378765,0.0,100,0,0.0,0,0,0.0,0.0,0.0,0.0,0.0,0.0,0,0.0,0.0,0,0,0,0.09308266639709473,0.0,0.0,0.0,False,infeasible,baseline_truck_only,86716.05031363548,784.0960518378765,,,,0.0,False,feasible_only,0.0,,False,,,,
S0055_R01,5502027,nils,S0055,n100_p0.25_d3_uniform_Elow_V2.00_Hlong_PWmoderate_B0.15,100,0.25,0.25,3,3,low,2.0,uniform,long,moderate,0.15,20.0,5.0,1.0,peripheral,86716.05031363548,627.2768414703014,0.0,0.0,86088.77347216518,86088.77347216518,2855.955510233624,0.0,561.7284260639702,784.0960518378765,0.0,100,0,0.0,0,0,0.0,0.0,0.0,0.0,0.0,0.0,0,0.0,0.0,0,375,375,30.395004987716675,25.0,0.0,975.0,False,infeasible,nils_complete,86716.05031363548,784.0960518378765,,0.0,,0.0,False,feasible_only,0.0,,False,,,,
S0055_R02,5502028,truck_only,S0055,n100_p0.25_d3_uniform_Elow_V2.00_Hlong_PWmoderate_B0.15,100,0.25,0.25,3,3,low,2.0,uniform,long,moderate,0.15,20.0,5.0,1.0,peripheral,123455.75478426223,643.21772908569,0.0,0.0,122812.53705517654,122812.53705517654,5202.243998909504,0.0,678.7061699245007,804.0221613571125,0.0,100,0,0.0,0,0,0.0,0.0,0.0,0.0,0.0,0.0,0,0.0,0.0,0,0,0,0.1216576099395752,0.0,0.0,0.0,False,infeasible,baseline_truck_only,123455.75478426223,804.0221613571125,,,,0.0,False,feasible_only,0.0,,False,,,,
S0055_R02,5502028,nils,S0055,n100_p0.25_d3_uniform_Elow_V2.00_Hlong_PWmoderate_B0.15,100,0.25,0.25,3,3,low,2.0,uniform,long,moderate,0.15,20.0,5.0,1.0,peripheral,123455.75478426223,643.21772908569,0.0,0.0,122812.53705517654,122812.53705517654,5202.243998909504,0.0,678.7061699245007,804.0221613571125,0.0,100,0,0.0,0,0,0.0,0.0,0.0,0.0,0.0,0.0,0,0.0,0.0,0,0,0,29.034456968307495,25.0,0.0,825.0,False,infeasible,nils_complete,123455.75478426223,804.0221613571125,,0.0,,0.0,False,feasible_only,0.0,,False,,,,
S0055_R03,5502029,truck_only,S0055,n100_p0.25_d3_uniform_Elow_V2.00_Hlong_PWmoderate_B0.15,100,0.25,0.25,3,3,low,2.0,uniform,long,moderate,0.15,20.0,5.0,1.0,peripheral,99966.6255318138,685.1025963630849,0.0,0.0,99281.52293545072,99281.52293545072,3488.8377526321106,0.0,664.7779860950618,856.378245453856,0.0,100,0,0.0,0,0,0.0,0.0,0.0,0.0,0.0,0.0,0,0.0,0.0,0,0,0,0.17649173736572266,0.0,0.0,0.0,False,infeasible,baseline_truck_only,99966.6255318138,856.378245453856,,,,0.0,False,feasible_only,0.0,,False,,,,
S0055_R03,5502029,nils,S0055,n100_p0.25_d3_uniform_Elow_V2.00_Hlong_PWmoderate_B0.15,100,0.25,0.25,3,3,low,2.0,uniform,long,moderate,0.15,20.0,5.0,1.0,peripheral,99966.6255318138,685.1025963630849,0.0,0.0,99281.52293545072,99281.52293545072,3488.8377526321106,0.0,664.7779860950618,856.378245453856,0.0,100,0,0.0,0,0,0.0,0.0,0.0,0.0,0.0,0.0,0,0.0,0.0,0,375,375,29.48841094970703,25.0,0.0,750.0,False,infeasible,nils_complete,99966.6255318138,856.378245453856,,0.0,,0.0,False,feasible_only,0.0,,False,,,,
S0055_R04,5502030,truck_only,S0055,n100_p0.25_d3_uniform_Elow_V2.00_Hlong_PWmoderate_B0.15,100,0.25,0.25,3,3,low,2.0,uniform,long,moderate,0.15,20.0,5.0,1.0,peripheral,112470.29322083268,664.0498827738558,0.0,0.0,111806.24333805882,111806.24333805882,4021.945645567672,0.0,620.0502633221835,830.0623534673196,0.0,100,0,0.0,0,0,0.0,0.0,0.0,0.0,0.0,0.0,0,0.0,0.0,0,0,0,0.13748383522033691,0.0,0.0,0.0,False,infeasible,baseline_truck_only,112470.29322083268,830.0623534673196,,,,0.0,False,feasible_only,0.0,,False,,,,
S0055_R04,5502030,nils,S0055,n100_p0.25_d3_uniform_Elow_V2.00_Hlong_PWmoderate_B0.15,100,0.25,0.25,3,3,low,2.0,uniform,long,moderate,0.15,20.0,5.0,1.0,peripheral,112470.29322083268,664.0498827738558,0.0,0.0,111806.24333805882,111806.24333805882,4021.945645567672,0.0,620.0502633221835,830.0623534673196,0.0,100,0,0.0,0,0,0.0,0.0,0.0,0.0,0.0,0.0,0,0.0,0.0,0,450,450,25.77256941795349,25.0,0.0,900.0,False,infeasible,nils_complete,112470.29322083268,830.0623534673196,,0.0,,0.0,False,feasible_only,0.0,,False,,,,
S0055_R05,5502031,truck_only,S0055,n100_p0.25_d3_uniform_Elow_V2.00_Hlong_PWmoderate_B0.15,100,0.25,0.25,3,3,low,2.0,uniform,long,moderate,0.15,20.0,5.0,1.0,peripheral,124749.07302392944,627.9545153537299,0.0,0.0,124121.1185085757,124121.1185085757,4980.831287134976,0.0,661.8574511364847,784.9431441921624,0.0,100,0,0.0,0,0,0.0,0.0,0.0,0.0,0.0,0.0,0,0.0,0.0,0,0,0,0.09086203575134277,0.0,0.0,0.0,False,infeasible,baseline_truck_only,124749.07302392944,784.9431441921624,,,,0.0,False,feasible_only,0.0,,False,,,,
S0055_R05,5502031,nils,S0055,n100_p0.25_d3_uniform_Elow_V2.00_Hlong_PWmoderate_B0.15,100,0.25,0.25,3,3,low,2.0,uniform,long,moderate,0.15,20.0,5.0,1.0,peripheral,124749.07302392944,627.9545153537299,0.0,0.0,124121.1185085757,124121.1185085757,4980.831287134976,0.0,661.8574511364847,784.9431441921624,0.0,100,0,0.0,0,0,0.0,0.0,0.0,0.0,0.0,0.0,0,0.0,0.0,0,75,75,24.510032176971436,25.0,0.0,975.0,False,infeasible,nils_complete,124749.07302392944,784.9431441921624,,0.0,,0.0,False,feasible_only,0.0,,False,,,,
S0055_R06,5502032,truck_only,S0055,n100_p0.25_d3_uniform_Elow_V2.00_Hlong_PWmoderate_B0.15,100,0.25,0.25,3,3,low,2.0,uniform,long,moderate,0.15,20.0,5.0,1.0,peripheral,77281.402210339,614.3246554651998,0.0,0.0,76667.0775548738,76667.0775548738,2698.2427290275473,0.0,596.8918828423049,767.9058193314999,0.0,100,0,0.0,0,0,0.0,0.0,0.0,0.0,0.0,0.0,0,0.0,0.0,0,0,0,0.13579392433166504,0.0,0.0,0.0,False,infeasible,baseline_truck_only,77281.402210339,767.9058193314999,,,,0.0,False,feasible_only,0.0,,False,,,,
S0055_R06,5502032,nils,S0055,n100_p0.25_d3_uniform_Elow_V2.00_Hlong_PWmoderate_B0.15,100,0.25,0.25,3,3,low,2.0,uniform,long,moderate,0.15,20.0,5.0,1.0,peripheral,77281.402210339,614.3246554651998,0.0,0.0,76667.0775548738,76667.0775548738,2698.2427290275473,0.0,596.8918828423049,767.9058193314999,0.0,100,0,0.0,0,0,0.0,0.0,0.0,0.0,0.0,0.0,0,0.0,0.0,0,375,375,24.399654150009155,25.0,0.0,1125.0,False,infeasible,nils_complete,77281.402210339,767.9058193314999,,0.0,,0.0,False,feasible_only,0.0,,False,,,,
S0055_R07,5502033,truck_only,S0055,n100_p0.25_d3_uniform_Elow_V2.00_Hlong_PWmoderate_B0.15,100,0.25,0.25,3,3,low,2.0,uniform,long,moderate,0.15,20.0,5.0,1.0,peripheral,104630.79083059839,695.4506864867404,0.0,0.0,103935.34014411164,103935.34014411164,3658.8016587665693,0.0,675.9143244126869,869.3133581084257,0.0,100,0,0.0,0,0,0.0,0.0,0.0,0.0,0.0,0.0,0,0.0,0.0,0,0,0,0.09305000305175781,0.0,0.0,0.0,False,infeasible,baseline_truck_only,104630.79083059839,869.3133581084257,,,,0.0,False,feasible_only,0.0,,False,,,,
S0055_R07,5502033,nils,S0055,n100_p0.25_d3_uniform_Elow_V2.00_Hlong_PWmoderate_B0.15,100,0.25,0.25,3,3,low,2.0,uniform,long,moderate,0.15,20.0,5.0,1.0,peripheral,104630.79083059839,695.4506864867404,0.0,0.0,103935.34014411164,103935.34014411164,3658.8016587665693,0.0,675.9143244126869,869.3133581084257,0.0,100,0,0.0,0,0,0.0,0.0,0.0,0.0,0.0,0.0,0,0.0,0.0,0,600,600,21.36140513420105,25.0,0.0,525.0,False,infeasible,nils_complete,104630.79083059839,869.3133581084257,,0.0,,0.0,False,feasible_only,0.0,,False,,,,
S0055_R08,5502034,truck_only,S0055,n100_p0.25_d3_uniform_Elow_V2.00_Hlong_PWmoderate_B0.15,100,0.25,0.25,3,3,low,2.0,uniform,long,moderate,0.15,20.0,5.0,1.0,peripheral,132159.93984414564,693.3915824769243,0.0,0.0,131466.5482616687,131466.5482616687,5117.364774039144,0.0,697.0100132417662,866.7394780961553,0.0,100,0,0.0,0,0,0.0,0.0,0.0,0.0,0.0,0.0,0,0.0,0.0,0,0,0,0.0876457691192627,0.0,0.0,0.0,False,infeasible,baseline_truck_only,132159.93984414564,866.7394780961553,,,,0.0,False,feasible_only,0.0,,False,,,,
S0055_R08,5502034,nils,S0055,n100_p0.25_d3_uniform_Elow_V2.00_Hlong_PWmoderate_B0.15,100,0.25,0.25,3,3,low,2.0,uniform,long,moderate,0.15,20.0,5.0,1.0,peripheral,132159.93984414564,693.3915824769243,0.0,0.0,131466.5482616687,131466.5482616687,5117.364774039144,0.0,697.0100132417662,866.7394780961553,0.0,100,0,0.0,0,0,0.0,0.0,0.0,0.0,0.0,0.0,0,0.0,0.0,0,600,600,22.805160522460938,25.0,0.0,675.0,False,infeasible,nils_complete,132159.93984414564,866.7394780961553,,0.0,,0.0,False,feasible_only,0.0,,False,,,,
S0055_R09,5502035,truck_only,S0055,n100_p0.25_d3_uniform_Elow_V2.00_Hlong_PWmoderate_B0.15,100,0.25,0.25,3,3,low,2.0,uniform,long,moderate,0.15,20.0,5.0,1.0,peripheral,130097.51126278835,619.2208663753012,0.0,0.0,129478.29039641305,129478.29039641305,5458.156729189314,0.0,510.49308747366047,774.0260829691265,0.0,100,0,0.0,0,0,0.0,0.0,0.0,0.0,0.0,0.0,0,0.0,0.0,0,0,0,0.08759093284606934,0.0,0.0,0.0,False,infeasible,baseline_truck_only,130097.51126278835,774.0260829691265,,,,0.0,False,feasible_only,0.0,,False,,,,
S0055_R09,5502035,nils,S0055,n100_p0.25_d3_uniform_Elow_V2.00_Hlong_PWmoderate_B0.15,100,0.25,0.25,3,3,low,2.0,uniform,long,moderate,0.15,20.0,5.0,1.0,peripheral,130097.51126278835,619.2208663753012,0.0,0.0,129478.29039641305,129478.29039641305,5458.156729189314,0.0,510.49308747366047,774.0260829691265,0.0,100,0,0.0,0,0,0.0,0.0,0.0,0.0,0.0,0.0,0,0.0,0.0,0,300,300,25.562410831451416,25.0,0.0,675.0,False,infeasible,nils_complete,130097.51126278835,774.0260829691265,,0.0,,0.0,False,feasible_only,0.0,,False,,,,
S0055_R10,5502036,truck_only,S0055,n100_p0.25_d3_uniform_Elow_V2.00_Hlong_PWmoderate_B0.15,100,0.25,0.25,3,3,low,2.0,uniform,long,moderate,0.15,20.0,5.0,1.0,peripheral,164404.08114247347,746.8637868010851,0.0,0.0,163657.2173556724,163657.2173556724,6110.209760969264,0.0,861.6186587443219,933.5797335013565,0.0,100,0,0.0,0,0,0.0,0.0,0.0,0.0,0.0,0.0,0,0.0,0.0,0,0,0,0.13511967658996582,0.0,0.0,0.0,False,infeasible,baseline_truck_only,164404.08114247347,933.5797335013565,,,,0.0,False,feasible_only,0.0,,False,,,,
S0055_R10,5502036,nils,S0055,n100_p0.25_d3_uniform_Elow_V2.00_Hlong_PWmoderate_B0.15,100,0.25,0.25,3,3,low,2.0,uniform,long,moderate,0.15,20.0,5.0,1.0,peripheral,164404.08114247347,746.8637868010851,0.0,0.0,163657.2173556724,163657.2173556724,6110.209760969264,0.0,861.6186587443219,933.5797335013565,0.0,100,0,0.0,0,0,0.0,0.0,0.0,0.0,0.0,0.0,0,0.0,0.0,0,75,75,24.662675142288208,25.0,0.0,900.0,False,infeasible,nils_complete,164404.08114247347,933.5797335013565,,0.0,,0.0,False,feasible_only,0.0,,False,,,,
S0056_R01,5602027,truck_only,S0056,n100_p0.25_d3_uniform_Elow_V2.00_Hlong_PWstrict_B0.15,100,0.25,0.25,3,3,low,2.0,uniform,long,strict,0.15,200.0,40.0,1.0,peripheral,943520.9471014844,673.4986878254468,0.0,0.0,942847.448413659,942847.448413659,3840.9379696900814,0.0,609.6101977977413,841.8733597818089,0.0,100,0,0.0,0,0,0.0,0.0,0.0,0.0,0.0,0.0,0,0.0,0.0,0,0,0,0.11682629585266113,0.0,0.0,0.0,False,infeasible,baseline_truck_only,943520.9471014844,841.8733597818089,,,,0.0,False,feasible_only,0.0,,False,,,,
S0056_R01,5602027,nils,S0056,n100_p0.25_d3_uniform_Elow_V2.00_Hlong_PWstrict_B0.15,100,0.25,0.25,3,3,low,2.0,uniform,long,strict,0.15,200.0,40.0,1.0,peripheral,943520.9471014844,673.4986878254468,0.0,0.0,942847.448413659,942847.448413659,3840.9379696900814,0.0,609.6101977977413,841.8733597818089,0.0,100,0,0.0,0,0,0.0,0.0,0.0,0.0,0.0,0.0,0,0.0,0.0,0,375,375,21.752200841903687,25.0,0.0,525.0,False,infeasible,nils_complete,943520.9471014844,841.8733597818089,,0.0,,0.0,False,feasible_only,0.0,,False,,,,
S0056_R02,5602028,truck_only,S0056,n100_p0.25_d3_uniform_Elow_V2.00_Hlong_PWstrict_B0.15,100,0.25,0.25,3,3,low,2.0,uniform,long,strict,0.15,200.0,40.0,1.0,peripheral,941113.7757889674,643.1956837387903,0.0,0.0,940470.5801052286,940470.5801052286,4217.343840417799,0.0,704.3284668278598,803.9946046734877,0.0,100,0,0.0,0,0,0.0,0.0,0.0,0.0,0.0,0.0,0,0.0,0.0,0,0,0,0.08844327926635742,0.0,0.0,0.0,False,infeasible,baseline_truck_only,941113.7757889674,803.9946046734877,,,,0.0,False,feasible_only,0.0,,False,,,,
S0056_R02,5602028,nils,S0056,n100_p0.25_d3_uniform_Elow_V2.00_Hlong_PWstrict_B0.15,100,0.25,0.25,3,3,low,2.0,uniform,long,strict,0.15,200.0,40.0,1.0,peripheral,941113.7757889674,643.1956837387903,0.0,0.0,940470.5801052286,940470.5801052286,4217.343840417799,0.0,704.3284668278598,803.9946046734877,0.0,100,0,0.0,0,0,0.0,0.0,0.0,0.0,0.0,0.0,0,0.0,0.0,0,75,75,23.773295164108276,25.0,0.0,1050.0,False,infeasible,nils_complete,941113.7757889674,803.9946046734877,,0.0,,0.0,False,feasible_only,0.0,,False,,,,
S0056_R03,5602029,truck_only,S0056,n100_p0.25_d3_uniform_Elow_V2.00_Hlong_PWstrict_B0.15,100,0.25,0.25,3,3,low,2.0,uniform,long,strict,0.15,200.0,40.0,1.0,peripheral,1696580.7116189,700.2783933534711,0.0,0.0,1695880.4332255465,1695880.4332255465,7241.348669855637,0.0,692.1436924151988,875.3479916918391,0.0,100,0,0.0,0,0,0.0,0.0,0.0,0.0,0.0,0.0,0,0.0,0.0,0,0,0,0.09636354446411133,0.0,0.0,0.0,False,infeasible,baseline_truck_only,1696580.7116189,875.3479916918391,,,,0.0,False,feasible_only,0.0,,False,,,,
S0056_R03,5602029,nils,S0056,n100_p0.25_d3_uniform_Elow_V2.00_Hlong_PWstrict_B0.15,100,0.25,0.25,3,3,low,2.0,uniform,long,strict,0.15,200.0,40.0,1.0,peripheral,1696580.7116189,700.2783933534711,0.0,0.0,1695880.4332255465,1695880.4332255465,7241.348669855637,0.0,692.1436924151988,875.3479916918391,0.0,100,0,0.0,0,0,0.0,0.0,0.0,0.0,0.0,0.0,0,0.0,0.0,0,450,450,21.08392596244812,25.0,0.0,300.0,False,infeasible,nils_complete,1696580.7116189,875.3479916918391,,0.0,,0.0,False,feasible_only,0.0,,False,,,,
S0056_R04,5602030,truck_only,S0056,n100_p0.25_d3_uniform_Elow_V2.00_Hlong_PWstrict_B0.15,100,0.25,0.25,3,3,low,2.0,uniform,long,strict,0.15,200.0,40.0,1.0,peripheral,1101284.0717690403,662.2199846864364,0.0,0.0,1100621.8517843538,1100621.8517843538,4785.286691735342,0.0,651.1580730789607,827.7749808580456,0.0,100,0,0.0,0,0,0.0,0.0,0.0,0.0,0.0,0.0,0,0.0,0.0,0,0,0,0.09304356575012207,0.0,0.0,0.0,False,infeasible,baseline_truck_only,1101284.0717690403,827.7749808580456,,,,0.0,False,feasible_only,0.0,,False,,,,
S0056_R04,5602030,nils,S0056,n100_p0.25_d3_uniform_Elow_V2.00_Hlong_PWstrict_B0.15,100,0.25,0.25,3,3,low,2.0,uniform,long,strict,0.15,200.0,40.0,1.0,peripheral,1101284.0717690403,662.2199846864364,0.0,0.0,1100621.8517843538,1100621.8517843538,4785.286691735342,0.0,651.1580730789607,827.7749808580456,0.0,100,0,0.0,0,0,0.0,0.0,0.0,0.0,0.0,0.0,0,0.0,0.0,0,375,375,21.983503103256226,25.0,0.0,375.0,False,infeasible,nils_complete,1101284.0717690403,827.7749808580456,,0.0,,0.0,False,feasible_only,0.0,,False,,,,
S0056_R05,5602031,truck_only,S0056,n100_p0.25_d3_uniform_Elow_V2.00_Hlong_PWstrict_B0.15,100,0.25,0.25,3,3,low,2.0,uniform,long,strict,0.15,200.0,40.0,1.0,peripheral,942879.9061782301,686.092823863013,0.0,0.0,942193.813354367,942193.813354367,3938.386825428731,0.0,587.929086576831,857.6160298287658,0.0,100,0,0.0,0,0,0.0,0.0,0.0,0.0,0.0,0.0,0,0.0,0.0,0,0,0,0.09625077247619629,0.0,0.0,0.0,False,infeasible,baseline_truck_only,942879.9061782301,857.6160298287658,,,,0.0,False,feasible_only,0.0,,False,,,,
S0056_R05,5602031,nils,S0056,n100_p0.25_d3_uniform_Elow_V2.00_Hlong_PWstrict_B0.15,100,0.25,0.25,3,3,low,2.0,uniform,long,strict,0.15,200.0,40.0,1.0,peripheral,942879.9061782301,686.092823863013,0.0,0.0,942193.813354367,942193.813354367,3938.386825428731,0.0,587.929086576831,857.6160298287658,0.0,100,0,0.0,0,0,0.0,0.0,0.0,0.0,0.0,0.0,0,0.0,0.0,0,300,300,21.415205001831055,25.0,0.0,300.0,False,infeasible,nils_complete,942879.9061782301,857.6160298287658,,0.0,,0.0,False,feasible_only,0.0,,False,,,,
S0056_R06,5602032,truck_only,S0056,n100_p0.25_d3_uniform_Elow_V2.00_Hlong_PWstrict_B0.15,100,0.25,0.25,3,3,low,2.0,uniform,long,strict,0.15,200.0,40.0,1.0,peripheral,730847.9981879527,683.7937559837749,0.0,0.0,730164.2044319689,730164.2044319689,2950.7953842577404,0.0,726.8469112003675,854.7421949797183,0.0,100,0,0.0,0,0,0.0,0.0,0.0,0.0,0.0,0.0,0,0.0,0.0,0,0,0,0.09450650215148926,0.0,0.0,0.0,False,infeasible,baseline_truck_only,730847.9981879527,854.7421949797183,,,,0.0,False,feasible_only,0.0,,False,,,,
S0056_R06,5602032,nils,S0056,n100_p0.25_d3_uniform_Elow_V2.00_Hlong_PWstrict_B0.15,100,0.25,0.25,3,3,low,2.0,uniform,long,strict,0.15,200.0,40.0,1.0,peripheral,730847.9981879527,683.7937559837749,0.0,0.0,730164.2044319689,730164.2044319689,2950.7953842577404,0.0,726.8469112003675,854.7421949797183,0.0,100,0,0.0,0,0,0.0,0.0,0.0,0.0,0.0,0.0,0,0.0,0.0,0,225,225,22.713302612304688,25.0,0.0,750.0,False,infeasible,nils_complete,730847.9981879527,854.7421949797183,,0.0,,0.0,False,feasible_only,0.0,,False,,,,
S0056_R07,5602033,truck_only,S0056,n100_p0.25_d3_uniform_Elow_V2.00_Hlong_PWstrict_B0.15,100,0.25,0.25,3,3,low,2.0,uniform,long,strict,0.15,200.0,40.0,1.0,peripheral,1367125.3675085674,667.9881820050161,0.0,0.0,1366457.3793265624,1366457.3793265624,5908.973860790752,0.0,650.1738128230417,834.9852275062701,0.0,100,0,0.0,0,0,0.0,0.0,0.0,0.0,0.0,0.0,0,0.0,0.0,0,0,0,0.10570454597473145,0.0,0.0,0.0,False,infeasible,baseline_truck_only,1367125.3675085674,834.9852275062701,,,,0.0,False,feasible_only,0.0,,False,,,,
S0056_R07,5602033,nils,S0056,n100_p0.25_d3_uniform_Elow_V2.00_Hlong_PWstrict_B0.15,100,0.25,0.25,3,3,low,2.0,uniform,long,strict,0.15,200.0,40.0,1.0,peripheral,1367125.3675085674,667.9881820050161,0.0,0.0,1366457.3793265624,1366457.3793265624,5908.973860790752,0.0,650.1738128230417,834.9852275062701,0.0,100,0,0.0,0,0,0.0,0.0,0.0,0.0,0.0,0.0,0,0.0,0.0,0,75,75,23.773144006729126,25.0,0.0,1050.0,False,infeasible,nils_complete,1367125.3675085674,834.9852275062701,,0.0,,0.0,False,feasible_only,0.0,,False,,,,
S0056_R08,5602034,truck_only,S0056,n100_p0.25_d3_uniform_Elow_V2.00_Hlong_PWstrict_B0.15,100,0.25,0.25,3,3,low,2.0,uniform,long,strict,0.15,200.0,40.0,1.0,peripheral,1039693.9547516365,601.6948719397163,0.0,0.0,1039092.2598796968,1039092.2598796968,4404.782451149078,0.0,495.7613041767322,752.1185899246454,0.0,100,0,0.0,0,0,0.0,0.0,0.0,0.0,0.0,0.0,0,0.0,0.0,0,0,0,0.1218116283416748,0.0,0.0,0.0,False,infeasible,baseline_truck_only,1039693.9547516365,752.1185899246454,,,,0.0,False,feasible_only,0.0,,False,,,,
S0056_R08,5602034,nils,S0056,n100_p0.25_d3_uniform_Elow_V2.00_Hlong_PWstrict_B0.15,100,0.25,0.25,3,3,low,2.0,uniform,long,strict,0.15,200.0,40.0,1.0,peripheral,1039693.9547516365,601.6948719397163,0.0,0.0,1039092.2598796968,1039092.2598796968,4404.782451149078,0.0,495.7613041767322,752.1185899246454,0.0,100,0,0.0,0,0,0.0,0.0,0.0,0.0,0.0,0.0,0,0.0,0.0,0,450,450,24.799256086349487,25.0,0.0,1125.0,False,infeasible,nils_complete,1039693.9547516365,752.1185899246454,,0.0,,0.0,False,feasible_only,0.0,,False,,,,
S0056_R09,5602035,truck_only,S0056,n100_p0.25_d3_uniform_Elow_V2.00_Hlong_PWstrict_B0.15,100,0.25,0.25,3,3,low,2.0,uniform,long,strict,0.15,200.0,40.0,1.0,peripheral,1030662.1820109513,626.9928401296652,0.0,0.0,1030035.1891708217,1030035.1891708217,4024.8261750816764,0.0,584.3305752796946,783.7410501620816,0.0,100,0,0.0,0,0,0.0,0.0,0.0,0.0,0.0,0.0,0,0.0,0.0,0,0,0,0.0952458381652832,0.0,0.0,0.0,False,infeasible,baseline_truck_only,1030662.1820109513,783.7410501620816,,,,0.0,False,feasible_only,0.0,,False,,,,
S0056_R09,5602035,nils,S0056,n100_p0.25_d3_uniform_Elow_V2.00_Hlong_PWstrict_B0.15,100,0.25,0.25,3,3,low,2.0,uniform,long,strict,0.15,200.0,40.0,1.0,peripheral,1030662.1820109513,626.9928401296652,0.0,0.0,1030035.1891708217,1030035.1891708217,4024.8261750816764,0.0,584.3305752796946,783.7410501620816,0.0,100,0,0.0,0,0,0.0,0.0,0.0,0.0,0.0,0.0,0,0.0,0.0,0,150,150,23.295873641967773,25.0,0.0,600.0,False,infeasible,nils_complete,1030662.1820109513,783.7410501620816,,0.0,,0.0,False,feasible_only,0.0,,False,,,,
S0056_R10,5602036,truck_only,S0056,n100_p0.25_d3_uniform_Elow_V2.00_Hlong_PWstrict_B0.15,100,0.25,0.25,3,3,low,2.0,uniform,long,strict,0.15,200.0,40.0,1.0,peripheral,1186134.1693534218,645.9197982544363,0.0,0.0,1185488.2495551673,1185488.2495551673,5193.9876061704645,0.0,610.7988820019691,807.3997478180455,0.0,100,0,0.0,0,0,0.0,0.0,0.0,0.0,0.0,0.0,0,0.0,0.0,0,0,0,0.08938121795654297,0.0,0.0,0.0,False,infeasible,baseline_truck_only,1186134.1693534218,807.3997478180455,,,,0.0,False,feasible_only,0.0,,False,,,,
S0056_R10,5602036,nils,S0056,n100_p0.25_d3_uniform_Elow_V2.00_Hlong_PWstrict_B0.15,100,0.25,0.25,3,3,low,2.0,uniform,long,strict,0.15,200.0,40.0,1.0,peripheral,1186134.1693534218,645.9197982544363,0.0,0.0,1185488.2495551673,1185488.2495551673,5193.9876061704645,0.0,610.7988820019691,807.3997478180455,0.0,100,0,0.0,0,0,0.0,0.0,0.0,0.0,0.0,0.0,0,0.0,0.0,0,675,675,20.878626823425293,25.0,0.0,300.0,False,infeasible,nils_complete,1186134.1693534218,807.3997478180455,,0.0,,0.0,False,feasible_only,0.0,,False,,,,
S0057_R01,5702027,truck_only,S0057,n100_p0.25_d3_uniform_Emedium_V1.25_Hshort_PWbase_B0.15,100,0.25,0.25,3,3,medium,1.25,uniform,short,base,0.15,100.0,20.0,1.0,peripheral,462278.8652113308,660.8062018519952,0.0,0.0,461618.05900947883,461618.05900947883,3669.9905080923145,0.0,548.6732694103397,826.0077523149943,0.0,100,0,0.0,0,0,0.0,0.0,0.0,0.0,0.0,0.0,0,0.0,0.0,0,0,0,0.08971834182739258,0.0,0.0,0.0,False,infeasible,baseline_truck_only,462278.8652113308,826.0077523149943,,,,0.0,False,feasible_only,0.0,,False,,,,
S0057_R01,5702027,nils,S0057,n100_p0.25_d3_uniform_Emedium_V1.25_Hshort_PWbase_B0.15,100,0.25,0.25,3,3,medium,1.25,uniform,short,base,0.15,100.0,20.0,1.0,peripheral,462278.8652113308,660.8062018519952,0.0,0.0,461618.05900947883,461618.05900947883,3669.9905080923145,0.0,548.6732694103397,826.0077523149943,0.0,100,0,0.0,0,0,0.0,0.0,0.0,0.0,0.0,0.0,0,0.0,0.0,0,525,525,22.714378833770752,25.0,0.0,825.0,False,infeasible,nils_complete,462278.8652113308,826.0077523149943,,0.0,,0.0,False,feasible_only,0.0,,False,,,,
S0057_R02,5702028,truck_only,S0057,n100_p0.25_d3_uniform_Emedium_V1.25_Hshort_PWbase_B0.15,100,0.25,0.25,3,3,medium,1.25,uniform,short,base,0.15,100.0,20.0,1.0,peripheral,423298.78587171156,754.5949890427263,0.0,0.0,422544.19088266883,422544.19088266883,3447.3075368408586,0.0,810.2777701142991,943.2437363034084,0.0,100,0,0.0,0,0,0.0,0.0,0.0,0.0,0.0,0.0,0,0.0,0.0,0,0,0,0.0945138931274414,0.0,0.0,0.0,False,infeasible,baseline_truck_only,423298.78587171156,943.2437363034084,,,,0.0,False,feasible_only,0.0,,False,,,,
S0057_R02,5702028,nils,S0057,n100_p0.25_d3_uniform_Emedium_V1.25_Hshort_PWbase_B0.15,100,0.25,0.25,3,3,medium,1.25,uniform,short,base,0.15,100.0,20.0,1.0,peripheral,423298.78587171156,754.5949890427263,0.0,0.0,422544.19088266883,422544.19088266883,3447.3075368408586,0.0,810.2777701142991,943.2437363034084,0.0,100,0,0.0,0,0,0.0,0.0,0.0,0.0,0.0,0.0,0,0.0,0.0,0,750,750,22.94471573829651,25.0,0.0,675.0,False,infeasible,nils_complete,423298.78587171156,943.2437363034084,,0.0,,0.0,False,feasible_only,0.0,,False,,,,
S0057_R03,5702029,truck_only,S0057,n100_p0.25_d3_uniform_Emedium_V1.25_Hshort_PWbase_B0.15,100,0.25,0.25,3,3,medium,1.25,uniform,short,base,0.15,100.0,20.0,1.0,peripheral,483452.96235424344,630.3906103250441,0.0,0.0,482822.5717439184,482822.5717439184,4210.725142974399,0.0,515.9899539886835,787.9882629063053,0.0,100,0,0.0,0,0,0.0,0.0,0.0,0.0,0.0,0.0,0,0.0,0.0,0,0,0,0.1024465560913086,0.0,0.0,0.0,False,infeasible,baseline_truck_only,483452.96235424344,787.9882629063053,,,,0.0,False,feasible_only,0.0,,False,,,,
S0057_R03,5702029,nils,S0057,n100_p0.25_d3_uniform_Emedium_V1.25_Hshort_PWbase_B0.15,100,0.25,0.25,3,3,medium,1.25,uniform,short,base,0.15,100.0,20.0,1.0,peripheral,483452.96235424344,630.3906103250441,0.0,0.0,482822.5717439184,482822.5717439184,4210.725142974399,0.0,515.9899539886835,787.9882629063053,0.0,100,0,0.0,0,0,0.0,0.0,0.0,0.0,0.0,0.0,0,0.0,0.0,0,600,600,23.26301383972168,25.0,0.0,450.0,False,infeasible,nils_complete,483452.96235424344,787.9882629063053,,0.0,,0.0,False,feasible_only,0.0,,False,,,,
S0057_R04,5702030,truck_only,S0057,n100_p0.25_d3_uniform_Emedium_V1.25_Hshort_PWbase_B0.15,100,0.25,0.25,3,3,medium,1.25,uniform,short,base,0.15,100.0,20.0,1.0,peripheral,529930.4405412696,654.7738647245322,0.0,0.0,529275.666676545,529275.666676545,4346.845690960959,0.0,717.9347796193822,818.4673309056649,0.0,100,0,0.0,0,0,0.0,0.0,0.0,0.0,0.0,0.0,0,0.0,0.0,0,0,0,0.11830902099609375,0.0,0.0,0.0,False,infeasible,baseline_truck_only,529930.4405412696,818.4673309056649,,,,0.0,False,feasible_only,0.0,,False,,,,
S0057_R04,5702030,nils,S0057,n100_p0.25_d3_uniform_Emedium_V1.25_Hshort_PWbase_B0.15,100,0.25,0.25,3,3,medium,1.25,uniform,short,base,0.15,100.0,20.0,1.0,peripheral,529930.4405412696,654.7738647245322,0.0,0.0,529275.666676545,529275.666676545,4346.845690960959,0.0,717.9347796193822,818.4673309056649,0.0,100,0,0.0,0,0,0.0,0.0,0.0,0.0,0.0,0.0,0,0.0,0.0,0,375,375,24.1735680103302,25.0,0.0,975.0,False,infeasible,nils_complete,529930.4405412696,818.4673309056649,,0.0,,0.0,False,feasible_only,0.0,,False,,,,
S0057_R05,5702031,truck_only,S0057,n100_p0.25_d3_uniform_Emedium_V1.25_Hshort_PWbase_B0.15,100,0.25,0.25,3,3,medium,1.25,uniform,short,base,0.15,100.0,20.0,1.0,peripheral,439219.1073403371,658.8089674249352,0.0,0.0,438560.29837291216,438560.29837291216,3482.443308114064,0.0,619.681334333857,823.5112092811695,0.0,100,0,0.0,0,0,0.0,0.0,0.0,0.0,0.0,0.0,0,0.0,0.0,0,0,0,0.09217119216918945,0.0,0.0,0.0,False,infeasible,baseline_truck_only,439219.1073403371,823.5112092811695,,,,0.0,False,feasible_only,0.0,,False,,,,
S0057_R05,5702031,nils,S0057,n100_p0.25_d3_uniform_Emedium_V1.25_Hshort_PWbase_B0.15,100,0.25,0.25,3,3,medium,1.25,uniform,short,base,0.15,100.0,20.0,1.0,peripheral,439219.1073403371,658.8089674249352,0.0,0.0,438560.29837291216,438560.29837291216,3482.443308114064,0.0,619.681334333857,823.5112092811695,0.0,100,0,0.0,0,0,0.0,0.0,0.0,0.0,0.0,0.0,0,0.0,0.0,0,525,525,24.245474338531494,25.0,0.0,1125.0,False,infeasible,nils_complete,439219.1073403371,823.5112092811695,,0.0,,0.0,False,feasible_only,0.0,,False,,,,
S0057_R06,5702032,truck_only,S0057,n100_p0.25_d3_uniform_Emedium_V1.25_Hshort_PWbase_B0.15,100,0.25,0.25,3,3,medium,1.25,uniform,short,base,0.15,100.0,20.0,1.0,peripheral,453087.5023109885,663.6995195642548,0.0,0.0,452423.8027914242,452423.8027914242,3427.8445496898157,0.0,596.6603816303998,829.6243994553186,0.0,100,0,0.0,0,0,0.0,0.0,0.0,0.0,0.0,0.0,0,0.0,0.0,0,0,0,0.09431600570678711,0.0,0.0,0.0,False,infeasible,baseline_truck_only,453087.5023109885,829.6243994553186,,,,0.0,False,feasible_only,0.0,,False,,,,
S0057_R06,5702032,nils,S0057,n100_p0.25_d3_uniform_Emedium_V1.25_Hshort_PWbase_B0.15,100,0.25,0.25,3,3,medium,1.25,uniform,short,base,0.15,100.0,20.0,1.0,peripheral,453087.5023109885,663.6995195642548,0.0,0.0,452423.8027914242,452423.8027914242,3427.8445496898157,0.0,596.6603816303998,829.6243994553186,0.0,100,0,0.0,0,0,0.0,0.0,0.0,0.0,0.0,0.0,0,0.0,0.0,0,375,375,23.097633600234985,25.0,0.0,750.0,False,infeasible,nils_complete,453087.5023109885,829.6243994553186,,0.0,,0.0,False,feasible_only,0.0,,False,,,,
S0057_R07,5702033,truck_only,S0057,n100_p0.25_d3_uniform_Emedium_V1.25_Hshort_PWbase_B0.15,100,0.25,0.25,3,3,medium,1.25,uniform,short,base,0.15,100.0,20.0,1.0,peripheral,409787.09829459985,593.5186393441735,0.0,0.0,409193.57965525566,409193.57965525566,3409.506751706238,0.0,616.9558407095739,741.8982991802167,0.0,100,0,0.0,0,0,0.0,0.0,0.0,0.0,0.0,0.0,0,0.0,0.0,0,0,0,0.10572028160095215,0.0,0.0,0.0,False,infeasible,baseline_truck_only,409787.09829459985,741.8982991802167,,,,0.0,False,feasible_only,0.0,,False,,,,
S0057_R07,5702033,nils,S0057,n100_p0.25_d3_uniform_Emedium_V1.25_Hshort_PWbase_B0.15,100,0.25,0.25,3,3,medium,1.25,uniform,short,base,0.15,100.0,20.0,1.0,peripheral,409787.09829459985,593.5186393441735,0.0,0.0,409193.57965525566,409193.57965525566,3409.506751706238,0.0,616.9558407095739,741.8982991802167,0.0,100,0,0.0,0,0,0.0,0.0,0.0,0.0,0.0,0.0,0,0.0,0.0,0,600,600,22.132433652877808,25.0,0.0,750.0,False,infeasible,nils_complete,409787.09829459985,741.8982991802167,,0.0,,0.0,False,feasible_only,0.0,,False,,,,
S0057_R08,5702034,truck_only,S0057,n100_p0.25_d3_uniform_Emedium_V1.25_Hshort_PWbase_B0.15,100,0.25,0.25,3,3,medium,1.25,uniform,short,base,0.15,100.0,20.0,1.0,peripheral,866374.4933595282,613.2002247509812,0.0,0.0,865761.2931347772,865761.2931347772,7494.174336617968,0.0,802.0524882432786,766.5002809387263,0.0,100,0,0.0,0,0,0.0,0.0,0.0,0.0,0.0,0.0,0,0.0,0.0,0,0,0,0.09461092948913574,0.0,0.0,0.0,False,infeasible,baseline_truck_only,866374.4933595282,766.5002809387263,,,,0.0,False,feasible_only,0.0,,False,,,,
S0057_R08,5702034,nils,S0057,n100_p0.25_d3_uniform_Emedium_V1.25_Hshort_PWbase_B0.15,100,0.25,0.25,3,3,medium,1.25,uniform,short,base,0.15,100.0,20.0,1.0,peripheral,866374.4933595282,613.2002247509812,0.0,0.0,865761.2931347772,865761.2931347772,7494.174336617968,0.0,802.0524882432786,766.5002809387263,0.0,100,0,0.0,0,0,0.0,0.0,0.0,0.0,0.0,0.0,0,0.0,0.0,0,600,600,22.122822523117065,25.0,0.0,675.0,False,infeasible,nils_complete,866374.4933595282,766.5002809387263,,0.0,,0.0,False,feasible_only,0.0,,False,,,,
S0057_R09,5702035,truck_only,S0057,n100_p0.25_d3_uniform_Emedium_V1.25_Hshort_PWbase_B0.15,100,0.25,0.25,3,3,medium,1.25,uniform,short,base,0.15,100.0,20.0,1.0,peripheral,316029.27083209855,641.1447586903951,0.0,0.0,315388.1260734082,315388.1260734082,2131.6385144865244,0.0,591.4424022129294,801.4309483629936,0.0,100,0,0.0,0,0,0.0,0.0,0.0,0.0,0.0,0.0,0,0.0,0.0,0,0,0,0.0957481861114502,0.0,0.0,0.0,False,infeasible,baseline_truck_only,316029.27083209855,801.4309483629936,,,,0.0,False,feasible_only,0.0,,False,,,,
S0057_R09,5702035,nils,S0057,n100_p0.25_d3_uniform_Emedium_V1.25_Hshort_PWbase_B0.15,100,0.25,0.25,3,3,medium,1.25,uniform,short,base,0.15,100.0,20.0,1.0,peripheral,316029.27083209855,641.1447586903951,0.0,0.0,315388.1260734082,315388.1260734082,2131.6385144865244,0.0,591.4424022129294,801.4309483629936,0.0,100,0,0.0,0,0,0.0,0.0,0.0,0.0,0.0,0.0,0,0.0,0.0,0,450,450,22.156721115112305,25.0,0.0,375.0,False,infeasible,nils_complete,316029.27083209855,801.4309483629936,,0.0,,0.0,False,feasible_only,0.0,,False,,,,
S0057_R10,5702036,truck_only,S0057,n100_p0.25_d3_uniform_Emedium_V1.25_Hshort_PWbase_B0.15,100,0.25,0.25,3,3,medium,1.25,uniform,short,base,0.15,100.0,20.0,1.0,peripheral,381892.52342676144,663.7967912919503,0.0,0.0,381228.7266354695,381228.7266354695,2756.3693376260353,0.0,658.4978377689222,829.7459891149377,0.0,100,0,0.0,0,0,0.0,0.0,0.0,0.0,0.0,0.0,0,0.0,0.0,0,0,0,0.08904647827148438,0.0,0.0,0.0,False,infeasible,baseline_truck_only,381892.52342676144,829.7459891149377,,,,0.0,False,feasible_only,0.0,,False,,,,
S0057_R10,5702036,nils,S0057,n100_p0.25_d3_uniform_Emedium_V1.25_Hshort_PWbase_B0.15,100,0.25,0.25,3,3,medium,1.25,uniform,short,base,0.15,100.0,20.0,1.0,peripheral,381892.52342676144,663.7967912919503,0.0,0.0,381228.7266354695,381228.7266354695,2756.3693376260353,0.0,658.4978377689222,829.7459891149377,0.0,100,0,0.0,0,0,0.0,0.0,0.0,0.0,0.0,0.0,0,0.0,0.0,0,450,450,16.650237560272217,25.0,0.0,225.0,False,infeasible,nils_complete,381892.52342676144,829.7459891149377,,0.0,,0.0,False,feasible_only,0.0,,False,,,,
S0058_R01,5802027,truck_only,S0058,n100_p0.25_d3_uniform_Emedium_V1.25_Hlong_PWmoderate_B0.15,100,0.25,0.25,3,3,medium,1.25,uniform,long,moderate,0.15,20.0,5.0,1.0,peripheral,137548.61205115623,649.0439401558973,0.0,0.0,136899.56811100035,136899.56811100035,5405.819059854396,0.0,666.3408955926716,811.3049251948715,0.0,100,0,0.0,0,0,0.0,0.0,0.0,0.0,0.0,0.0,0,0.0,0.0,0,0,0,0.09256291389465332,0.0,0.0,0.0,False,infeasible,baseline_truck_only,137548.61205115623,811.3049251948715,,,,0.0,False,feasible_only,0.0,,False,,,,
S0058_R01,5802027,nils,S0058,n100_p0.25_d3_uniform_Emedium_V1.25_Hlong_PWmoderate_B0.15,100,0.25,0.25,3,3,medium,1.25,uniform,long,moderate,0.15,20.0,5.0,1.0,peripheral,137548.61205115623,649.0439401558973,0.0,0.0,136899.56811100035,136899.56811100035,5405.819059854396,0.0,666.3408955926716,811.3049251948715,0.0,100,0,0.0,0,0,0.0,0.0,0.0,0.0,0.0,0.0,0,0.0,0.0,0,825,825,23.162322521209717,25.0,0.0,900.0,False,infeasible,nils_complete,137548.61205115623,811.3049251948715,,0.0,,0.0,False,feasible_only,0.0,,False,,,,
S0058_R02,5802028,truck_only,S0058,n100_p0.25_d3_uniform_Emedium_V1.25_Hlong_PWmoderate_B0.15,100,0.25,0.25,3,3,medium,1.25,uniform,long,moderate,0.15,20.0,5.0,1.0,peripheral,115395.91578406518,615.882782464596,0.0,0.0,114780.03300160058,114780.03300160058,4522.955984105862,0.0,574.2925174190227,769.8534780807446,0.0,100,0,0.0,0,0,0.0,0.0,0.0,0.0,0.0,0.0,0,0.0,0.0,0,0,0,0.09118986129760742,0.0,0.0,0.0,False,infeasible,baseline_truck_only,115395.91578406518,769.8534780807446,,,,0.0,False,feasible_only,0.0,,False,,,,
S0058_R02,5802028,nils,S0058,n100_p0.25_d3_uniform_Emedium_V1.25_Hlong_PWmoderate_B0.15,100,0.25,0.25,3,3,medium,1.25,uniform,long,moderate,0.15,20.0,5.0,1.0,peripheral,115395.91578406518,615.882782464596,0.0,0.0,114780.03300160058,114780.03300160058,4522.955984105862,0.0,574.2925174190227,769.8534780807446,0.0,100,0,0.0,0,0,0.0,0.0,0.0,0.0,0.0,0.0,0,0.0,0.0,0,450,450,24.68730902671814,25.0,0.0,675.0,False,infeasible,nils_complete,115395.91578406518,769.8534780807446,,0.0,,0.0,False,feasible_only,0.0,,False,,,,
S0058_R03,5802029,truck_only,S0058,n100_p0.25_d3_uniform_Emedium_V1.25_Hlong_PWmoderate_B0.15,100,0.25,0.25,3,3,medium,1.25,uniform,long,moderate,0.15,20.0,5.0,1.0,peripheral,77702.1056044022,652.7180326560929,0.0,0.0,77049.3875717461,77049.3875717461,2536.685402781311,0.0,575.2299025933299,815.8975408201163,0.0,100,0,0.0,0,0,0.0,0.0,0.0,0.0,0.0,0.0,0,0.0,0.0,0,0,0,0.12058019638061523,0.0,0.0,0.0,False,infeasible,baseline_truck_only,77702.1056044022,815.8975408201163,,,,0.0,False,feasible_only,0.0,,False,,,,
S0058_R03,5802029,nils,S0058,n100_p0.25_d3_uniform_Emedium_V1.25_Hlong_PWmoderate_B0.15,100,0.25,0.25,3,3,medium,1.25,uniform,long,moderate,0.15,20.0,5.0,1.0,peripheral,77702.1056044022,652.7180326560929,0.0,0.0,77049.3875717461,77049.3875717461,2536.685402781311,0.0,575.2299025933299,815.8975408201163,0.0,100,0,0.0,0,0,0.0,0.0,0.0,0.0,0.0,0.0,0,0.0,0.0,0,825,825,21.628564834594727,25.0,0.0,450.0,False,infeasible,nils_complete,77702.1056044022,815.8975408201163,,0.0,,0.0,False,feasible_only,0.0,,False,,,,
S0058_R04,5802030,truck_only,S0058,n100_p0.25_d3_uniform_Emedium_V1.25_Hlong_PWmoderate_B0.15,100,0.25,0.25,3,3,medium,1.25,uniform,long,moderate,0.15,20.0,5.0,1.0,peripheral,102957.15656451756,669.1204568876016,0.0,0.0,102288.03610762996,102288.03610762996,3469.6333998219848,0.0,558.7281685536365,836.4005711095019,0.0,100,0,0.0,0,0,0.0,0.0,0.0,0.0,0.0,0.0,0,0.0,0.0,0,0,0,0.09348678588867188,0.0,0.0,0.0,False,infeasible,baseline_truck_only,102957.15656451756,836.4005711095019,,,,0.0,False,feasible_only,0.0,,False,,,,
S0058_R04,5802030,nils,S0058,n100_p0.25_d3_uniform_Emedium_V1.25_Hlong_PWmoderate_B0.15,100,0.25,0.25,3,3,medium,1.25,uniform,long,moderate,0.15,20.0,5.0,1.0,peripheral,102957.15656451756,669.1204568876016,0.0,0.0,102288.03610762996,102288.03610762996,3469.6333998219848,0.0,558.7281685536365,836.4005711095019,0.0,100,0,0.0,0,0,0.0,0.0,0.0,0.0,0.0,0.0,0,0.0,0.0,0,750,750,21.642218112945557,25.0,0.0,375.0,False,infeasible,nils_complete,102957.15656451756,836.4005711095019,,0.0,,0.0,False,feasible_only,0.0,,False,,,,
S0058_R05,5802031,truck_only,S0058,n100_p0.25_d3_uniform_Emedium_V1.25_Hlong_PWmoderate_B0.15,100,0.25,0.25,3,3,medium,1.25,uniform,long,moderate,0.15,20.0,5.0,1.0,peripheral,118089.74352399439,609.153469092905,0.0,0.0,117480.59005490148,117480.59005490148,4962.039421768822,0.0,525.1546292044554,761.441836366131,0.0,100,0,0.0,0,0,0.0,0.0,0.0,0.0,0.0,0.0,0,0.0,0.0,0,0,0,0.08875083923339844,0.0,0.0,0.0,False,infeasible,baseline_truck_only,118089.74352399439,761.441836366131,,,,0.0,False,feasible_only,0.0,,False,,,,
S0058_R05,5802031,nils,S0058,n100_p0.25_d3_uniform_Emedium_V1.25_Hlong_PWmoderate_B0.15,100,0.25,0.25,3,3,medium,1.25,uniform,long,moderate,0.15,20.0,5.0,1.0,peripheral,118089.74352399439,609.153469092905,0.0,0.0,117480.59005490148,117480.59005490148,4962.039421768822,0.0,525.1546292044554,761.441836366131,0.0,100,0,0.0,0,0,0.0,0.0,0.0,0.0,0.0,0.0,0,0.0,0.0,0,375,375,26.7898952960968,25.0,0.0,1275.0,False,infeasible,nils_complete,118089.74352399439,761.441836366131,,0.0,,0.0,False,feasible_only,0.0,,False,,,,
S0058_R06,5802032,truck_only,S0058,n100_p0.25_d3_uniform_Emedium_V1.25_Hlong_PWmoderate_B0.15,100,0.25,0.25,3,3,medium,1.25,uniform,long,moderate,0.15,20.0,5.0,1.0,peripheral,163488.06114744008,662.7303079458314,0.0,0.0,162825.33083949424,162825.33083949424,6577.367294681155,0.0,714.4017462155441,828.4128849322896,0.0,100,0,0.0,0,0,0.0,0.0,0.0,0.0,0.0,0.0,0,0.0,0.0,0,0,0,0.10518813133239746,0.0,0.0,0.0,False,infeasible,baseline_truck_only,163488.06114744008,828.4128849322896,,,,0.0,False,feasible_only,0.0,,False,,,,
S0058_R06,5802032,nils,S0058,n100_p0.25_d3_uniform_Emedium_V1.25_Hlong_PWmoderate_B0.15,100,0.25,0.25,3,3,medium,1.25,uniform,long,moderate,0.15,20.0,5.0,1.0,peripheral,163488.06114744008,662.7303079458314,0.0,0.0,162825.33083949424,162825.33083949424,6577.367294681155,0.0,714.4017462155441,828.4128849322896,0.0,100,0,0.0,0,0,0.0,0.0,0.0,0.0,0.0,0.0,0,0.0,0.0,0,750,750,20.70180654525757,25.0,0.0,375.0,False,infeasible,nils_complete,163488.06114744008,828.4128849322896,,0.0,,0.0,False,feasible_only,0.0,,False,,,,
S0058_R07,5802033,truck_only,S0058,n100_p0.25_d3_uniform_Emedium_V1.25_Hlong_PWmoderate_B0.15,100,0.25,0.25,3,3,medium,1.25,uniform,long,moderate,0.15,20.0,5.0,1.0,peripheral,127971.54933937173,677.472406199894,0.0,0.0,127294.07693317183,127294.07693317183,4647.914796345641,0.0,691.1558523744202,846.840507749867,0.0,100,0,0.0,0,0,0.0,0.0,0.0,0.0,0.0,0.0,0,0.0,0.0,0,0,0,0.12289118766784668,0.0,0.0,0.0,False,infeasible,baseline_truck_only,127971.54933937173,846.840507749867,,,,0.0,False,feasible_only,0.0,,False,,,,
S0058_R07,5802033,nils,S0058,n100_p0.25_d3_uniform_Emedium_V1.25_Hlong_PWmoderate_B0.15,100,0.25,0.25,3,3,medium,1.25,uniform,long,moderate,0.15,20.0,5.0,1.0,peripheral,127971.54933937173,677.472406199894,0.0,0.0,127294.07693317183,127294.07693317183,4647.914796345641,0.0,691.1558523744202,846.840507749867,0.0,100,0,0.0,0,0,0.0,0.0,0.0,0.0,0.0,0.0,0,0.0,0.0,0,450,450,26.07903242111206,25.0,0.0,1125.0,False,infeasible,nils_complete,127971.54933937173,846.840507749867,,0.0,,0.0,False,feasible_only,0.0,,False,,,,
S0058_R08,5802034,truck_only,S0058,n100_p0.25_d3_uniform_Emedium_V1.25_Hlong_PWmoderate_B0.15,100,0.25,0.25,3,3,medium,1.25,uniform,long,moderate,0.15,20.0,5.0,1.0,peripheral,125054.29305388448,658.2957480382171,0.0,0.0,124395.99730584626,124395.99730584626,4968.41701609926,0.0,570.5209685259985,822.8696850477716,0.0,100,0,0.0,0,0,0.0,0.0,0.0,0.0,0.0,0.0,0,0.0,0.0,0,0,0,0.13022685050964355,0.0,0.0,0.0,False,infeasible,baseline_truck_only,125054.29305388448,822.8696850477716,,,,0.0,False,feasible_only,0.0,,False,,,,
S0058_R08,5802034,nils,S0058,n100_p0.25_d3_uniform_Emedium_V1.25_Hlong_PWmoderate_B0.15,100,0.25,0.25,3,3,medium,1.25,uniform,long,moderate,0.15,20.0,5.0,1.0,peripheral,125054.29305388448,658.2957480382171,0.0,0.0,124395.99730584626,124395.99730584626,4968.41701609926,0.0,570.5209685259985,822.8696850477716,0.0,100,0,0.0,0,0,0.0,0.0,0.0,0.0,0.0,0.0,0,0.0,0.0,0,900,900,21.047600269317627,25.0,0.0,300.0,False,infeasible,nils_complete,125054.29305388448,822.8696850477716,,0.0,,0.0,False,feasible_only,0.0,,False,,,,
S0058_R09,5802035,truck_only,S0058,n100_p0.25_d3_uniform_Emedium_V1.25_Hlong_PWmoderate_B0.15,100,0.25,0.25,3,3,medium,1.25,uniform,long,moderate,0.15,20.0,5.0,1.0,peripheral,125114.2051114543,657.7804136548541,0.0,0.0,124456.42469779945,124456.42469779945,5149.981587383994,0.0,748.1929136072516,822.2255170685676,0.0,100,0,0.0,0,0,0.0,0.0,0.0,0.0,0.0,0.0,0,0.0,0.0,0,0,0,0.10041236877441406,0.0,0.0,0.0,False,infeasible,baseline_truck_only,125114.2051114543,822.2255170685676,,,,0.0,False,feasible_only,0.0,,False,,,,
S0058_R09,5802035,nils,S0058,n100_p0.25_d3_uniform_Emedium_V1.25_Hlong_PWmoderate_B0.15,100,0.25,0.25,3,3,medium,1.25,uniform,long,moderate,0.15,20.0,5.0,1.0,peripheral,125114.2051114543,657.7804136548541,0.0,0.0,124456.42469779945,124456.42469779945,5149.981587383994,0.0,748.1929136072516,822.2255170685676,0.0,100,0,0.0,0,0,0.0,0.0,0.0,0.0,0.0,0.0,0,0.0,0.0,0,600,600,22.125502586364746,25.0,0.0,600.0,False,infeasible,nils_complete,125114.2051114543,822.2255170685676,,0.0,,0.0,False,feasible_only,0.0,,False,,,,
S0058_R10,5802036,truck_only,S0058,n100_p0.25_d3_uniform_Emedium_V1.25_Hlong_PWmoderate_B0.15,100,0.25,0.25,3,3,medium,1.25,uniform,long,moderate,0.15,20.0,5.0,1.0,peripheral,107038.55891637842,610.9602645414818,0.0,0.0,106427.59865183693,106427.59865183693,4304.407818788588,0.0,471.95739706442686,763.7003306768522,0.0,100,0,0.0,0,0,0.0,0.0,0.0,0.0,0.0,0.0,0,0.0,0.0,0,0,0,0.16452360153198242,0.0,0.0,0.0,True,feasible,baseline_truck_only,107038.55891637842,763.7003306768522,,,,0.0,True,feasible_only,0.0,107038.55891637842,True,107038.55891637842,,,
S0058_R10,5802036,nils,S0058,n100_p0.25_d3_uniform_Emedium_V1.25_Hlong_PWmoderate_B0.15,100,0.25,0.25,3,3,medium,1.25,uniform,long,moderate,0.15,20.0,5.0,1.0,peripheral,17387.429142392844,277.6895937863294,20.245990233102027,0.0,17089.49355837341,17089.49355837341,704.7737355336274,0.0,252.1326025436763,347.1119922329118,67.4866341103401,96,4,0.04,2,2,2.0,2.0,0.0,0.0,0.0,0.0,0,0.7014643666310907,0.7776962280831806,0,786,786,6.156588315963745,25.0,4.0,363.0,True,feasible,nils_complete,107038.55891637842,763.7003306768522,,83.75591999890767,,54.548665452943645,True,feasible_only,0.0,17387.429142392844,True,107038.55891637842,,83.75591999890767,
S0059_R01,5902027,truck_only,S0059,n100_p0.25_d3_uniform_Emedium_V2.00_Hshort_PWflat_B0.15,100,0.25,0.25,3,3,medium,2.0,uniform,short,flat,0.15,1.0,1.0,1.0,peripheral,12200.910306896769,628.5225711116907,0.0,0.0,11572.387735785078,11572.387735785078,4163.9516496313845,0.0,628.0718332443421,785.6532138896133,0.0,100,0,0.0,0,0,0.0,0.0,0.0,0.0,0.0,0.0,0,0.0,0.0,0,0,0,0.0989236831665039,0.0,0.0,0.0,False,infeasible,baseline_truck_only,12200.910306896769,785.6532138896133,,,,0.0,False,feasible_only,0.0,,False,,,,
S0059_R01,5902027,nils,S0059,n100_p0.25_d3_uniform_Emedium_V2.00_Hshort_PWflat_B0.15,100,0.25,0.25,3,3,medium,2.0,uniform,short,flat,0.15,1.0,1.0,1.0,peripheral,12200.910306896769,628.5225711116907,0.0,0.0,11572.387735785078,11572.387735785078,4163.9516496313845,0.0,628.0718332443421,785.6532138896133,0.0,100,0,0.0,0,0,0.0,0.0,0.0,0.0,0.0,0.0,0,0.0,0.0,0,0,0,22.19365906715393,25.0,0.0,600.0,False,infeasible,nils_complete,12200.910306896769,785.6532138896133,,0.0,,0.0,False,feasible_only,0.0,,False,,,,
S0059_R02,5902028,truck_only,S0059,n100_p0.25_d3_uniform_Emedium_V2.00_Hshort_PWflat_B0.15,100,0.25,0.25,3,3,medium,2.0,uniform,short,flat,0.15,1.0,1.0,1.0,peripheral,12207.422496041198,650.778790347486,0.0,0.0,11556.643705693712,11556.643705693712,3211.38904005079,0.0,528.2515878200816,813.4734879343572,0.0,100,0,0.0,0,0,0.0,0.0,0.0,0.0,0.0,0.0,0,0.0,0.0,0,0,0,0.09003949165344238,0.0,0.0,0.0,False,infeasible,baseline_truck_only,12207.422496041198,813.4734879343572,,,,0.0,False,feasible_only,0.0,,False,,,,
S0059_R02,5902028,nils,S0059,n100_p0.25_d3_uniform_Emedium_V2.00_Hshort_PWflat_B0.15,100,0.25,0.25,3,3,medium,2.0,uniform,short,flat,0.15,1.0,1.0,1.0,peripheral,12207.422496041198,650.778790347486,0.0,0.0,11556.643705693712,11556.643705693712,3211.38904005079,0.0,528.2515878200816,813.4734879343572,0.0,100,0,0.0,0,0,0.0,0.0,0.0,0.0,0.0,0.0,0,0.0,0.0,0,0,0,23.217888593673706,25.0,0.0,975.0,False,infeasible,nils_complete,12207.422496041198,813.4734879343572,,0.0,,0.0,False,feasible_only,0.0,,False,,,,
S0059_R03,5902029,truck_only,S0059,n100_p0.25_d3_uniform_Emedium_V2.00_Hshort_PWflat_B0.15,100,0.25,0.25,3,3,medium,2.0,uniform,short,flat,0.15,1.0,1.0,1.0,peripheral,13745.39726381691,657.6182729450693,0.0,0.0,13087.778990871842,13087.778990871842,5057.695122897908,0.0,568.2808117989667,822.0228411813366,0.0,100,0,0.0,0,0,0.0,0.0,0.0,0.0,0.0,0.0,0,0.0,0.0,0,0,0,0.1314551830291748,0.0,0.0,0.0,False,infeasible,baseline_truck_only,13745.39726381691,822.0228411813366,,,,0.0,False,feasible_only,0.0,,False,,,,
S0059_R03,5902029,nils,S0059,n100_p0.25_d3_uniform_Emedium_V2.00_Hshort_PWflat_B0.15,100,0.25,0.25,3,3,medium,2.0,uniform,short,flat,0.15,1.0,1.0,1.0,peripheral,13745.39726381691,657.6182729450693,0.0,0.0,13087.778990871842,13087.778990871842,5057.695122897908,0.0,568.2808117989667,822.0228411813366,0.0,100,0,0.0,0,0,0.0,0.0,0.0,0.0,0.0,0.0,0,0.0,0.0,0,0,0,22.22905659675598,25.0,0.0,300.0,False,infeasible,nils_complete,13745.39726381691,822.0228411813366,,0.0,,0.0,False,feasible_only,0.0,,False,,,,
S0059_R04,5902030,truck_only,S0059,n100_p0.25_d3_uniform_Emedium_V2.00_Hshort_PWflat_B0.15,100,0.25,0.25,3,3,medium,2.0,uniform,short,flat,0.15,1.0,1.0,1.0,peripheral,13154.095064929392,713.9130887661944,0.0,0.0,12440.181976163198,12440.181976163198,3535.5722582194244,0.0,564.7595810932727,892.391360957743,0.0,100,0,0.0,0,0,0.0,0.0,0.0,0.0,0.0,0.0,0,0.0,0.0,0,0,0,0.13447785377502441,0.0,0.0,0.0,False,infeasible,baseline_truck_only,13154.095064929392,892.391360957743,,,,0.0,False,feasible_only,0.0,,False,,,,
S0059_R04,5902030,nils,S0059,n100_p0.25_d3_uniform_Emedium_V2.00_Hshort_PWflat_B0.15,100,0.25,0.25,3,3,medium,2.0,uniform,short,flat,0.15,1.0,1.0,1.0,peripheral,13154.095064929392,713.9130887661944,0.0,0.0,12440.181976163198,12440.181976163198,3535.5722582194244,0.0,564.7595810932727,892.391360957743,0.0,100,0,0.0,0,0,0.0,0.0,0.0,0.0,0.0,0.0,0,0.0,0.0,0,0,0,3.57121205329895,25.0,0.0,0.0,False,infeasible,nils_complete,13154.095064929392,892.391360957743,,0.0,,0.0,False,feasible_only,0.0,,False,,,,
S0059_R05,5902031,truck_only,S0059,n100_p0.25_d3_uniform_Emedium_V2.00_Hshort_PWflat_B0.15,100,0.25,0.25,3,3,medium,2.0,uniform,short,flat,0.15,1.0,1.0,1.0,peripheral,12542.762222148805,675.2894783050494,0.0,0.0,11867.472743843757,11867.472743843757,3837.9414124836157,0.0,586.0785255272602,844.1118478813119,0.0,100,0,0.0,0,0,0.0,0.0,0.0,0.0,0.0,0.0,0,0.0,0.0,0,0,0,0.0912327766418457,0.0,0.0,0.0,False,infeasible,baseline_truck_only,12542.762222148805,844.1118478813119,,,,0.0,False,feasible_only,0.0,,False,,,,
S0059_R05,5902031,nils,S0059,n100_p0.25_d3_uniform_Emedium_V2.00_Hshort_PWflat_B0.15,100,0.25,0.25,3,3,medium,2.0,uniform,short,flat,0.15,1.0,1.0,1.0,peripheral,12542.762222148805,675.2894783050494,0.0,0.0,11867.472743843757,11867.472743843757,3837.9414124836157,0.0,586.0785255272602,844.1118478813119,0.0,100,0,0.0,0,0,0.0,0.0,0.0,0.0,0.0,0.0,0,0.0,0.0,0,0,0,23.78406000137329,25.0,0.0,975.0,False,infeasible,nils_complete,12542.762222148805,844.1118478813119,,0.0,,0.0,False,feasible_only,0.0,,False,,,,
S0059_R06,5902032,truck_only,S0059,n100_p0.25_d3_uniform_Emedium_V2.00_Hshort_PWflat_B0.15,100,0.25,0.25,3,3,medium,2.0,uniform,short,flat,0.15,1.0,1.0,1.0,peripheral,16767.68277879666,710.9679884771073,0.0,0.0,16056.714790319555,16056.714790319555,6393.372474063219,0.0,702.5496685739209,888.7099855963842,0.0,100,0,0.0,0,0,0.0,0.0,0.0,0.0,0.0,0.0,0,0.0,0.0,0,0,0,0.11920905113220215,0.0,0.0,0.0,False,infeasible,baseline_truck_only,16767.68277879666,888.7099855963842,,,,0.0,False,feasible_only,0.0,,False,,,,
S0059_R06,5902032,nils,S0059,n100_p0.25_d3_uniform_Emedium_V2.00_Hshort_PWflat_B0.15,100,0.25,0.25,3,3,medium,2.0,uniform,short,flat,0.15,1.0,1.0,1.0,peripheral,16767.68277879666,710.9679884771073,0.0,0.0,16056.714790319555,16056.714790319555,6393.372474063219,0.0,702.5496685739209,888.7099855963842,0.0,100,0,0.0,0,0,0.0,0.0,0.0,0.0,0.0,0.0,0,0.0,0.0,0,0,0,22.514090299606323,25.0,0.0,375.0,False,infeasible,nils_complete,16767.68277879666,888.7099855963842,,0.0,,0.0,False,feasible_only,0.0,,False,,,,
S0059_R07,5902033,truck_only,S0059,n100_p0.25_d3_uniform_Emedium_V2.00_Hshort_PWflat_B0.15,100,0.25,0.25,3,3,medium,2.0,uniform,short,flat,0.15,1.0,1.0,1.0,peripheral,12894.154626858674,661.1163264663203,0.0,0.0,12233.038300392353,12233.038300392353,3514.4817052335816,0.0,700.2770340491119,826.3954080829003,0.0,100,0,0.0,0,0,0.0,0.0,0.0,0.0,0.0,0.0,0,0.0,0.0,0,0,0,0.09598827362060547,0.0,0.0,0.0,False,infeasible,baseline_truck_only,12894.154626858674,826.3954080829003,,,,0.0,False,feasible_only,0.0,,False,,,,
S0059_R07,5902033,nils,S0059,n100_p0.25_d3_uniform_Emedium_V2.00_Hshort_PWflat_B0.15,100,0.25,0.25,3,3,medium,2.0,uniform,short,flat,0.15,1.0,1.0,1.0,peripheral,12894.154626858674,661.1163264663203,0.0,0.0,12233.038300392353,12233.038300392353,3514.4817052335816,0.0,700.2770340491119,826.3954080829003,0.0,100,0,0.0,0,0,0.0,0.0,0.0,0.0,0.0,0.0,0,0.0,0.0,0,0,0,24.709308624267578,25.0,0.0,1200.0,False,infeasible,nils_complete,12894.154626858674,826.3954080829003,,0.0,,0.0,False,feasible_only,0.0,,False,,,,
S0059_R08,5902034,truck_only,S0059,n100_p0.25_d3_uniform_Emedium_V2.00_Hshort_PWflat_B0.15,100,0.25,0.25,3,3,medium,2.0,uniform,short,flat,0.15,1.0,1.0,1.0,peripheral,16226.667487752205,727.3853016290113,0.0,0.0,15499.282186123193,15499.282186123193,3289.049525022494,0.0,762.9502551226135,909.2316270362643,0.0,100,0,0.0,0,0,0.0,0.0,0.0,0.0,0.0,0.0,0,0.0,0.0,0,0,0,0.09619545936584473,0.0,0.0,0.0,False,infeasible,baseline_truck_only,16226.667487752205,909.2316270362643,,,,0.0,False,feasible_only,0.0,,False,,,,
S0059_R08,5902034,nils,S0059,n100_p0.25_d3_uniform_Emedium_V2.00_Hshort_PWflat_B0.15,100,0.25,0.25,3,3,medium,2.0,uniform,short,flat,0.15,1.0,1.0,1.0,peripheral,16226.667487752205,727.3853016290113,0.0,0.0,15499.282186123193,15499.282186123193,3289.049525022494,0.0,762.9502551226135,909.2316270362643,0.0,100,0,0.0,0,0,0.0,0.0,0.0,0.0,0.0,0.0,0,0.0,0.0,0,0,0,23.432846546173096,25.0,0.0,975.0,False,infeasible,nils_complete,16226.667487752205,909.2316270362643,,0.0,,0.0,False,feasible_only,0.0,,False,,,,
S0059_R09,5902035,truck_only,S0059,n100_p0.25_d3_uniform_Emedium_V2.00_Hshort_PWflat_B0.15,100,0.25,0.25,3,3,medium,2.0,uniform,short,flat,0.15,1.0,1.0,1.0,peripheral,11263.421617375376,619.1284215193465,0.0,0.0,10644.29319585603,10644.29319585603,4270.180568177712,0.0,517.3139315555428,773.9105268991829,0.0,100,0,0.0,0,0,0.0,0.0,0.0,0.0,0.0,0.0,0,0.0,0.0,0,0,0,0.09098958969116211,0.0,0.0,0.0,False,infeasible,baseline_truck_only,11263.421617375376,773.9105268991829,,,,0.0,False,feasible_only,0.0,,False,,,,
S0059_R09,5902035,nils,S0059,n100_p0.25_d3_uniform_Emedium_V2.00_Hshort_PWflat_B0.15,100,0.25,0.25,3,3,medium,2.0,uniform,short,flat,0.15,1.0,1.0,1.0,peripheral,11263.421617375376,619.1284215193465,0.0,0.0,10644.29319585603,10644.29319585603,4270.180568177712,0.0,517.3139315555428,773.9105268991829,0.0,100,0,0.0,0,0,0.0,0.0,0.0,0.0,0.0,0.0,0,0.0,0.0,0,0,0,22.123724460601807,25.0,0.0,450.0,False,infeasible,nils_complete,11263.421617375376,773.9105268991829,,0.0,,0.0,False,feasible_only,0.0,,False,,,,
S0059_R10,5902036,truck_only,S0059,n100_p0.25_d3_uniform_Emedium_V2.00_Hshort_PWflat_B0.15,100,0.25,0.25,3,3,medium,2.0,uniform,short,flat,0.15,1.0,1.0,1.0,peripheral,10598.24034526768,632.4500085726859,0.0,0.0,9965.790336694996,9965.790336694996,3478.07240375362,0.0,556.1728424720554,790.5625107158572,0.0,100,0,0.0,0,0,0.0,0.0,0.0,0.0,0.0,0.0,0,0.0,0.0,0,0,0,0.14215731620788574,0.0,0.0,0.0,False,infeasible,baseline_truck_only,10598.24034526768,790.5625107158572,,,,0.0,False,feasible_only,0.0,,False,,,,
S0059_R10,5902036,nils,S0059,n100_p0.25_d3_uniform_Emedium_V2.00_Hshort_PWflat_B0.15,100,0.25,0.25,3,3,medium,2.0,uniform,short,flat,0.15,1.0,1.0,1.0,peripheral,10598.24034526768,632.4500085726859,0.0,0.0,9965.790336694996,9965.790336694996,3478.07240375362,0.0,556.1728424720554,790.5625107158572,0.0,100,0,0.0,0,0,0.0,0.0,0.0,0.0,0.0,0.0,0,0.0,0.0,0,0,0,24.270272493362427,25.0,0.0,600.0,False,infeasible,nils_complete,10598.24034526768,790.5625107158572,,0.0,,0.0,False,feasible_only,0.0,,False,,,,
S0060_R01,6002027,truck_only,S0060,n100_p0.25_d3_uniform_Ehigh_V1.25_Hshort_PWflat_B0.15,100,0.25,0.25,3,3,high,1.25,uniform,short,flat,0.15,1.0,1.0,1.0,peripheral,12031.26737650457,634.4235936970659,0.0,0.0,11396.843782807504,11396.843782807504,3017.161402864748,0.0,575.6943388415353,793.0294921213324,0.0,100,0,0.0,0,0,0.0,0.0,0.0,0.0,0.0,0.0,0,0.0,0.0,0,0,0,0.12501215934753418,0.0,0.0,0.0,False,infeasible,baseline_truck_only,12031.26737650457,793.0294921213324,,,,0.0,False,feasible_only,0.0,,False,,,,
S0060_R01,6002027,nils,S0060,n100_p0.25_d3_uniform_Ehigh_V1.25_Hshort_PWflat_B0.15,100,0.25,0.25,3,3,high,1.25,uniform,short,flat,0.15,1.0,1.0,1.0,peripheral,12031.26737650457,634.4235936970659,0.0,0.0,11396.843782807504,11396.843782807504,3017.161402864748,0.0,575.6943388415353,793.0294921213324,0.0,100,0,0.0,0,0,0.0,0.0,0.0,0.0,0.0,0.0,0,0.0,0.0,0,0,0,24.789188861846924,25.0,0.0,1125.0,False,infeasible,nils_complete,12031.26737650457,793.0294921213324,,0.0,,0.0,False,feasible_only,0.0,,False,,,,
S0060_R02,6002028,truck_only,S0060,n100_p0.25_d3_uniform_Ehigh_V1.25_Hshort_PWflat_B0.15,100,0.25,0.25,3,3,high,1.25,uniform,short,flat,0.15,1.0,1.0,1.0,peripheral,16562.086374247254,671.9558822504222,0.0,0.0,15890.130491996833,15890.130491996833,6662.073821663995,0.0,678.3986228896504,839.944852813028,0.0,100,0,0.0,0,0,0.0,0.0,0.0,0.0,0.0,0.0,0,0.0,0.0,0,0,0,0.09585237503051758,0.0,0.0,0.0,False,infeasible,baseline_truck_only,16562.086374247254,839.944852813028,,,,0.0,False,feasible_only,0.0,,False,,,,
S0060_R02,6002028,nils,S0060,n100_p0.25_d3_uniform_Ehigh_V1.25_Hshort_PWflat_B0.15,100,0.25,0.25,3,3,high,1.25,uniform,short,flat,0.15,1.0,1.0,1.0,peripheral,16562.086374247254,671.9558822504222,0.0,0.0,15890.130491996833,15890.130491996833,6662.073821663995,0.0,678.3986228896504,839.944852813028,0.0,100,0,0.0,0,0,0.0,0.0,0.0,0.0,0.0,0.0,0,0.0,0.0,0,75,75,22.696957111358643,25.0,0.0,600.0,False,infeasible,nils_complete,16562.086374247254,839.944852813028,,0.0,,0.0,False,feasible_only,0.0,,False,,,,
S0060_R03,6002029,truck_only,S0060,n100_p0.25_d3_uniform_Ehigh_V1.25_Hshort_PWflat_B0.15,100,0.25,0.25,3,3,high,1.25,uniform,short,flat,0.15,1.0,1.0,1.0,peripheral,11155.224216922892,632.9405864708356,0.0,0.0,10522.283630452057,10522.283630452057,3351.8741831964926,0.0,588.7462644431307,791.175733088545,0.0,100,0,0.0,0,0,0.0,0.0,0.0,0.0,0.0,0.0,0,0.0,0.0,0,0,0,0.08868145942687988,0.0,0.0,0.0,False,infeasible,baseline_truck_only,11155.224216922892,791.175733088545,,,,0.0,False,feasible_only,0.0,,False,,,,
S0060_R03,6002029,nils,S0060,n100_p0.25_d3_uniform_Ehigh_V1.25_Hshort_PWflat_B0.15,100,0.25,0.25,3,3,high,1.25,uniform,short,flat,0.15,1.0,1.0,1.0,peripheral,11155.224216922892,632.9405864708356,0.0,0.0,10522.283630452057,10522.283630452057,3351.8741831964926,0.0,588.7462644431307,791.175733088545,0.0,100,0,0.0,0,0,0.0,0.0,0.0,0.0,0.0,0.0,0,0.0,0.0,0,75,75,24.59237313270569,25.0,0.0,1050.0,False,infeasible,nils_complete,11155.224216922892,791.175733088545,,0.0,,0.0,False,feasible_only,0.0,,False,,,,
S0060_R04,6002030,truck_only,S0060,n100_p0.25_d3_uniform_Ehigh_V1.25_Hshort_PWflat_B0.15,100,0.25,0.25,3,3,high,1.25,uniform,short,flat,0.15,1.0,1.0,1.0,peripheral,10297.838027711558,563.8919489141857,0.0,0.0,9733.946078797371,9733.946078797371,3924.737123378446,0.0,501.3199086311418,704.8649361427322,0.0,100,0,0.0,0,0,0.0,0.0,0.0,0.0,0.0,0.0,0,0.0,0.0,0,0,0,0.11561322212219238,0.0,0.0,0.0,False,infeasible,baseline_truck_only,10297.838027711558,704.8649361427322,,,,0.0,False,feasible_only,0.0,,False,,,,
S0060_R04,6002030,nils,S0060,n100_p0.25_d3_uniform_Ehigh_V1.25_Hshort_PWflat_B0.15,100,0.25,0.25,3,3,high,1.25,uniform,short,flat,0.15,1.0,1.0,1.0,peripheral,1312.5996186351329,274.8887495145415,44.05318316990104,0.0,993.6576859506904,993.6576859506904,938.3998481132442,0.0,242.93018189298726,343.61093689317687,146.84394389967014,89,11,0.11,3,3,3.6666666666666665,3.6666666666666665,0.0,0.0,0.0,0.0,0,0.8303794358756175,0.8483574266692198,0,755,755,6.966202259063721,23.0,11.0,403.0,True,feasible,nils_complete,10297.838027711558,704.8649361427322,,87.25363891816012,,51.25152078445889,True,feasible_only,0.0,1312.5996186351329,True,,,,
S0060_R05,6002031,truck_only,S0060,n100_p0.25_d3_uniform_Ehigh_V1.25_Hshort_PWflat_B0.15,100,0.25,0.25,3,3,high,1.25,uniform,short,flat,0.15,1.0,1.0,1.0,peripheral,12165.775917537758,641.9071564700029,0.0,0.0,11523.868761067755,11523.868761067755,2368.4474345540943,0.0,570.3744386591383,802.3839455875035,0.0,100,0,0.0,0,0,0.0,0.0,0.0,0.0,0.0,0.0,0,0.0,0.0,0,0,0,0.13114571571350098,0.0,0.0,0.0,False,infeasible,baseline_truck_only,12165.775917537758,802.3839455875035,,,,0.0,False,feasible_only,0.0,,False,,,,
S0060_R05,6002031,nils,S0060,n100_p0.25_d3_uniform_Ehigh_V1.25_Hshort_PWflat_B0.15,100,0.25,0.25,3,3,high,1.25,uniform,short,flat,0.15,1.0,1.0,1.0,peripheral,12165.775917537758,641.9071564700029,0.0,0.0,11523.868761067755,11523.868761067755,2368.4474345540943,0.0,570.3744386591383,802.3839455875035,0.0,100,0,0.0,0,0,0.0,0.0,0.0,0.0,0.0,0.0,0,0.0,0.0,0,0,0,22.32231903076172,25.0,0.0,375.0,False,infeasible,nils_complete,12165.775917537758,802.3839455875035,,0.0,,0.0,False,feasible_only,0.0,,False,,,,
S0060_R06,6002032,truck_only,S0060,n100_p0.25_d3_uniform_Ehigh_V1.25_Hshort_PWflat_B0.15,100,0.25,0.25,3,3,high,1.25,uniform,short,flat,0.15,1.0,1.0,1.0,peripheral,12116.835353580385,700.6814117125643,0.0,0.0,11416.15394186782,11416.15394186782,2518.106665936099,0.0,603.140022613329,875.851764640706,0.0,100,0,0.0,0,0,0.0,0.0,0.0,0.0,0.0,0.0,0,0.0,0.0,0,0,0,0.09808564186096191,0.0,0.0,0.0,False,infeasible,baseline_truck_only,12116.835353580385,875.851764640706,,,,0.0,False,feasible_only,0.0,,False,,,,
S0060_R06,6002032,nils,S0060,n100_p0.25_d3_uniform_Ehigh_V1.25_Hshort_PWflat_B0.15,100,0.25,0.25,3,3,high,1.25,uniform,short,flat,0.15,1.0,1.0,1.0,peripheral,12116.835353580385,700.6814117125643,0.0,0.0,11416.15394186782,11416.15394186782,2518.106665936099,0.0,603.140022613329,875.851764640706,0.0,100,0,0.0,0,0,0.0,0.0,0.0,0.0,0.0,0.0,0,0.0,0.0,0,0,0,21.718069076538086,25.0,0.0,375.0,False,infeasible,nils_complete,12116.835353580385,875.851764640706,,0.0,,0.0,False,feasible_only,0.0,,False,,,,
S0060_R07,6002033,truck_only,S0060,n100_p0.25_d3_uniform_Ehigh_V1.25_Hshort_PWflat_B0.15,100,0.25,0.25,3,3,high,1.25,uniform,short,flat,0.15,1.0,1.0,1.0,peripheral,13374.781296925188,642.7730128163229,0.0,0.0,12732.008284108866,12732.008284108866,3266.0717991976585,0.0,597.8487377508026,803.4662660204033,0.0,100,0,0.0,0,0,0.0,0.0,0.0,0.0,0.0,0.0,0,0.0,0.0,0,0,0,0.12110495567321777,0.0,0.0,0.0,False,infeasible,baseline_truck_only,13374.781296925188,803.4662660204033,,,,0.0,False,feasible_only,0.0,,False,,,,
S0060_R07,6002033,nils,S0060,n100_p0.25_d3_uniform_Ehigh_V1.25_Hshort_PWflat_B0.15,100,0.25,0.25,3,3,high,1.25,uniform,short,flat,0.15,1.0,1.0,1.0,peripheral,13374.781296925188,642.7730128163229,0.0,0.0,12732.008284108866,12732.008284108866,3266.0717991976585,0.0,597.8487377508026,803.4662660204033,0.0,100,0,0.0,0,0,0.0,0.0,0.0,0.0,0.0,0.0,0,0.0,0.0,0,75,75,21.647257328033447,25.0,0.0,375.0,False,infeasible,nils_complete,13374.781296925188,803.4662660204033,,0.0,,0.0,False,feasible_only,0.0,,False,,,,
S0060_R08,6002034,truck_only,S0060,n100_p0.25_d3_uniform_Ehigh_V1.25_Hshort_PWflat_B0.15,100,0.25,0.25,3,3,high,1.25,uniform,short,flat,0.15,1.0,1.0,1.0,peripheral,11588.965013998524,692.7074249151865,0.0,0.0,10896.257589083338,10896.257589083338,3810.885389647324,0.0,595.6721993472355,865.8842811439829,0.0,100,0,0.0,0,0,0.0,0.0,0.0,0.0,0.0,0.0,0,0.0,0.0,0,0,0,0.10886263847351074,0.0,0.0,0.0,False,infeasible,baseline_truck_only,11588.965013998524,865.8842811439829,,,,0.0,False,feasible_only,0.0,,False,,,,
S0060_R08,6002034,nils,S0060,n100_p0.25_d3_uniform_Ehigh_V1.25_Hshort_PWflat_B0.15,100,0.25,0.25,3,3,high,1.25,uniform,short,flat,0.15,1.0,1.0,1.0,peripheral,11588.965013998524,692.7074249151865,0.0,0.0,10896.257589083338,10896.257589083338,3810.885389647324,0.0,595.6721993472355,865.8842811439829,0.0,100,0,0.0,0,0,0.0,0.0,0.0,0.0,0.0,0.0,0,0.0,0.0,0,150,150,21.3197660446167,25.0,0.0,300.0,False,infeasible,nils_complete,11588.965013998524,865.8842811439829,,0.0,,0.0,False,feasible_only,0.0,,False,,,,
S0060_R09,6002035,truck_only,S0060,n100_p0.25_d3_uniform_Ehigh_V1.25_Hshort_PWflat_B0.15,100,0.25,0.25,3,3,high,1.25,uniform,short,flat,0.15,1.0,1.0,1.0,peripheral,11979.468633676875,645.3383914332575,0.0,0.0,11334.130242243618,11334.130242243618,2930.015267261678,0.0,562.027585061667,806.6729892915719,0.0,100,0,0.0,0,0,0.0,0.0,0.0,0.0,0.0,0.0,0,0.0,0.0,0,0,0,0.09419822692871094,0.0,0.0,0.0,False,infeasible,baseline_truck_only,11979.468633676875,806.6729892915719,,,,0.0,False,feasible_only,0.0,,False,,,,
S0060_R09,6002035,nils,S0060,n100_p0.25_d3_uniform_Ehigh_V1.25_Hshort_PWflat_B0.15,100,0.25,0.25,3,3,high,1.25,uniform,short,flat,0.15,1.0,1.0,1.0,peripheral,11979.468633676875,645.3383914332575,0.0,0.0,11334.130242243618,11334.130242243618,2930.015267261678,0.0,562.027585061667,806.6729892915719,0.0,100,0,0.0,0,0,0.0,0.0,0.0,0.0,0.0,0.0,0,0.0,0.0,0,150,150,11.896116018295288,25.0,0.0,150.0,False,infeasible,nils_complete,11979.468633676875,806.6729892915719,,0.0,,0.0,False,feasible_only,0.0,,False,,,,
S0060_R10,6002036,truck_only,S0060,n100_p0.25_d3_uniform_Ehigh_V1.25_Hshort_PWflat_B0.15,100,0.25,0.25,3,3,high,1.25,uniform,short,flat,0.15,1.0,1.0,1.0,peripheral,15027.96490863274,717.0937392930572,0.0,0.0,14310.871169339684,14310.871169339684,6078.05130316813,0.0,624.5424366532189,896.3671741163213,0.0,100,0,0.0,0,0,0.0,0.0,0.0,0.0,0.0,0.0,0,0.0,0.0,0,0,0,0.10645914077758789,0.0,0.0,0.0,False,infeasible,baseline_truck_only,15027.96490863274,896.3671741163213,,,,0.0,False,feasible_only,0.0,,False,,,,
S0060_R10,6002036,nils,S0060,n100_p0.25_d3_uniform_Ehigh_V1.25_Hshort_PWflat_B0.15,100,0.25,0.25,3,3,high,1.25,uniform,short,flat,0.15,1.0,1.0,1.0,peripheral,15027.96490863274,717.0937392930572,0.0,0.0,14310.871169339684,14310.871169339684,6078.05130316813,0.0,624.5424366532189,896.3671741163213,0.0,100,0,0.0,0,0,0.0,0.0,0.0,0.0,0.0,0.0,0,0.0,0.0,0,0,0,24.27795672416687,25.0,0.0,825.0,False,infeasible,nils_complete,15027.96490863274,896.3671741163213,,0.0,,0.0,False,feasible_only,0.0,,False,,,,
S0061_R01,6102027,truck_only,S0061,n100_p0.25_d3_uniform_Ehigh_V1.25_Hmedium_PWstrict_B0.15,100,0.25,0.25,3,3,high,1.25,uniform,medium,strict,0.15,200.0,40.0,1.0,peripheral,995362.6762585487,715.4598111947439,0.0,0.0,994647.216447354,994647.216447354,3892.469785745278,0.0,805.4806440712883,894.3247639934302,0.0,100,0,0.0,0,0,0.0,0.0,0.0,0.0,0.0,0.0,0,0.0,0.0,0,0,0,0.10223031044006348,0.0,0.0,0.0,False,infeasible,baseline_truck_only,995362.6762585487,894.3247639934302,,,,0.0,False,feasible_only,0.0,,False,,,,
S0061_R01,6102027,nils,S0061,n100_p0.25_d3_uniform_Ehigh_V1.25_Hmedium_PWstrict_B0.15,100,0.25,0.25,3,3,high,1.25,uniform,medium,strict,0.15,200.0,40.0,1.0,peripheral,995362.6762585487,715.4598111947439,0.0,0.0,994647.216447354,994647.216447354,3892.469785745278,0.0,805.4806440712883,894.3247639934302,0.0,100,0,0.0,0,0,0.0,0.0,0.0,0.0,0.0,0.0,0,0.0,0.0,0,0,0,25.205625295639038,25.0,0.0,1050.0,False,infeasible,nils_complete,995362.6762585487,894.3247639934302,,0.0,,0.0,False,feasible_only,0.0,,False,,,,
S0061_R02,6102028,truck_only,S0061,n100_p0.25_d3_uniform_Ehigh_V1.25_Hmedium_PWstrict_B0.15,100,0.25,0.25,3,3,high,1.25,uniform,medium,strict,0.15,200.0,40.0,1.0,peripheral,930720.5373715155,677.8002005330752,0.0,0.0,930042.7371709824,930042.7371709824,3336.3255495038343,0.0,625.6070188794041,847.2502506663436,0.0,100,0,0.0,0,0,0.0,0.0,0.0,0.0,0.0,0.0,0,0.0,0.0,0,0,0,0.09773993492126465,0.0,0.0,0.0,False,infeasible,baseline_truck_only,930720.5373715155,847.2502506663436,,,,0.0,False,feasible_only,0.0,,False,,,,
S0061_R02,6102028,nils,S0061,n100_p0.25_d3_uniform_Ehigh_V1.25_Hmedium_PWstrict_B0.15,100,0.25,0.25,3,3,high,1.25,uniform,medium,strict,0.15,200.0,40.0,1.0,peripheral,930720.5373715155,677.8002005330752,0.0,0.0,930042.7371709824,930042.7371709824,3336.3255495038343,0.0,625.6070188794041,847.2502506663436,0.0,100,0,0.0,0,0,0.0,0.0,0.0,0.0,0.0,0.0,0,0.0,0.0,0,0,0,22.952314138412476,25.0,0.0,675.0,False,infeasible,nils_complete,930720.5373715155,847.2502506663436,,0.0,,0.0,False,feasible_only,0.0,,False,,,,
S0061_R03,6102029,truck_only,S0061,n100_p0.25_d3_uniform_Ehigh_V1.25_Hmedium_PWstrict_B0.15,100,0.25,0.25,3,3,high,1.25,uniform,medium,strict,0.15,200.0,40.0,1.0,peripheral,1020331.9717987117,663.4279436325774,0.0,0.0,1019668.5438550791,1019668.5438550791,3706.4847443547706,0.0,659.4313261042031,829.2849295407216,0.0,100,0,0.0,0,0,0.0,0.0,0.0,0.0,0.0,0.0,0,0.0,0.0,0,0,0,0.09164690971374512,0.0,0.0,0.0,False,infeasible,baseline_truck_only,1020331.9717987117,829.2849295407216,,,,0.0,False,feasible_only,0.0,,False,,,,
S0061_R03,6102029,nils,S0061,n100_p0.25_d3_uniform_Ehigh_V1.25_Hmedium_PWstrict_B0.15,100,0.25,0.25,3,3,high,1.25,uniform,medium,strict,0.15,200.0,40.0,1.0,peripheral,1020331.9717987117,663.4279436325774,0.0,0.0,1019668.5438550791,1019668.5438550791,3706.4847443547706,0.0,659.4313261042031,829.2849295407216,0.0,100,0,0.0,0,0,0.0,0.0,0.0,0.0,0.0,0.0,0,0.0,0.0,0,0,0,26.138590335845947,25.0,0.0,1125.0,False,infeasible,nils_complete,1020331.9717987117,829.2849295407216,,0.0,,0.0,False,feasible_only,0.0,,False,,,,
S0061_R04,6102030,truck_only,S0061,n100_p0.25_d3_uniform_Ehigh_V1.25_Hmedium_PWstrict_B0.15,100,0.25,0.25,3,3,high,1.25,uniform,medium,strict,0.15,200.0,40.0,1.0,peripheral,1062642.7895891874,646.1075998800472,0.0,0.0,1061996.6819893073,1061996.6819893073,4480.341527142641,0.0,540.7139077639298,807.6344998500595,0.0,100,0,0.0,0,0,0.0,0.0,0.0,0.0,0.0,0.0,0,0.0,0.0,0,0,0,0.1218724250793457,0.0,0.0,0.0,False,infeasible,baseline_truck_only,1062642.7895891874,807.6344998500595,,,,0.0,False,feasible_only,0.0,,False,,,,
S0061_R04,6102030,nils,S0061,n100_p0.25_d3_uniform_Ehigh_V1.25_Hmedium_PWstrict_B0.15,100,0.25,0.25,3,3,high,1.25,uniform,medium,strict,0.15,200.0,40.0,1.0,peripheral,1062642.7895891874,646.1075998800472,0.0,0.0,1061996.6819893073,1061996.6819893073,4480.341527142641,0.0,540.7139077639298,807.6344998500595,0.0,100,0,0.0,0,0,0.0,0.0,0.0,0.0,0.0,0.0,0,0.0,0.0,0,225,225,25.33407187461853,25.0,0.0,1275.0,False,infeasible,nils_complete,1062642.7895891874,807.6344998500595,,0.0,,0.0,False,feasible_only,0.0,,False,,,,
S0061_R05,6102031,truck_only,S0061,n100_p0.25_d3_uniform_Ehigh_V1.25_Hmedium_PWstrict_B0.15,100,0.25,0.25,3,3,high,1.25,uniform,medium,strict,0.15,200.0,40.0,1.0,peripheral,903514.9955084829,609.7081032500583,0.0,0.0,902905.2874052329,902905.2874052329,3853.3792795947775,0.0,590.1022810191117,762.1351290625729,0.0,100,0,0.0,0,0,0.0,0.0,0.0,0.0,0.0,0.0,0,0.0,0.0,0,0,0,0.10353994369506836,0.0,0.0,0.0,False,infeasible,baseline_truck_only,903514.9955084829,762.1351290625729,,,,0.0,False,feasible_only,0.0,,False,,,,
S0061_R05,6102031,nils,S0061,n100_p0.25_d3_uniform_Ehigh_V1.25_Hmedium_PWstrict_B0.15,100,0.25,0.25,3,3,high,1.25,uniform,medium,strict,0.15,200.0,40.0,1.0,peripheral,903514.9955084829,609.7081032500583,0.0,0.0,902905.2874052329,902905.2874052329,3853.3792795947775,0.0,590.1022810191117,762.1351290625729,0.0,100,0,0.0,0,0,0.0,0.0,0.0,0.0,0.0,0.0,0,0.0,0.0,0,0,0,24.96201777458191,25.0,0.0,1125.0,False,infeasible,nils_complete,903514.9955084829,762.1351290625729,,0.0,,0.0,False,feasible_only,0.0,,False,,,,
S0061_R06,6102032,truck_only,S0061,n100_p0.25_d3_uniform_Ehigh_V1.25_Hmedium_PWstrict_B0.15,100,0.25,0.25,3,3,high,1.25,uniform,medium,strict,0.15,200.0,40.0,1.0,peripheral,915774.6034728759,678.4216381504345,0.0,0.0,915096.1818347254,915096.1818347254,3931.620844417508,0.0,600.3549579809817,848.0270476880435,0.0,100,0,0.0,0,0,0.0,0.0,0.0,0.0,0.0,0.0,0,0.0,0.0,0,0,0,0.10053157806396484,0.0,0.0,0.0,False,infeasible,baseline_truck_only,915774.6034728759,848.0270476880435,,,,0.0,False,feasible_only,0.0,,False,,,,
S0061_R06,6102032,nils,S0061,n100_p0.25_d3_uniform_Ehigh_V1.25_Hmedium_PWstrict_B0.15,100,0.25,0.25,3,3,high,1.25,uniform,medium,strict,0.15,200.0,40.0,1.0,peripheral,915774.6034728759,678.4216381504345,0.0,0.0,915096.1818347254,915096.1818347254,3931.620844417508,0.0,600.3549579809817,848.0270476880435,0.0,100,0,0.0,0,0,0.0,0.0,0.0,0.0,0.0,0.0,0,0.0,0.0,0,75,75,23.757049322128296,25.0,0.0,1050.0,False,infeasible,nils_complete,915774.6034728759,848.0270476880435,,0.0,,0.0,False,feasible_only,0.0,,False,,,,
S0061_R07,6102033,truck_only,S0061,n100_p0.25_d3_uniform_Ehigh_V1.25_Hmedium_PWstrict_B0.15,100,0.25,0.25,3,3,high,1.25,uniform,medium,strict,0.15,200.0,40.0,1.0,peripheral,818963.8171984048,581.2214564797692,0.0,0.0,818382.5957419251,818382.5957419251,3312.6357650985174,0.0,575.0349419662779,726.5268205997115,0.0,100,0,0.0,0,0,0.0,0.0,0.0,0.0,0.0,0.0,0,0.0,0.0,0,0,0,0.09090590476989746,0.0,0.0,0.0,False,infeasible,baseline_truck_only,818963.8171984048,726.5268205997115,,,,0.0,False,feasible_only,0.0,,False,,,,
S0061_R07,6102033,nils,S0061,n100_p0.25_d3_uniform_Ehigh_V1.25_Hmedium_PWstrict_B0.15,100,0.25,0.25,3,3,high,1.25,uniform,medium,strict,0.15,200.0,40.0,1.0,peripheral,818963.8171984048,581.2214564797692,0.0,0.0,818382.5957419251,818382.5957419251,3312.6357650985174,0.0,575.0349419662779,726.5268205997115,0.0,100,0,0.0,0,0,0.0,0.0,0.0,0.0,0.0,0.0,0,0.0,0.0,0,150,150,24.716720819473267,25.0,0.0,975.0,False,infeasible,nils_complete,818963.8171984048,726.5268205997115,,0.0,,0.0,False,feasible_only,0.0,,False,,,,
S0061_R08,6102034,truck_only,S0061,n100_p0.25_d3_uniform_Ehigh_V1.25_Hmedium_PWstrict_B0.15,100,0.25,0.25,3,3,high,1.25,uniform,medium,strict,0.15,200.0,40.0,1.0,peripheral,860245.854147057,679.0342792694315,0.0,0.0,859566.8198677876,859566.8198677876,3612.272184757001,0.0,599.1164015063881,848.7928490867894,0.0,100,0,0.0,0,0,0.0,0.0,0.0,0.0,0.0,0.0,0,0.0,0.0,0,0,0,0.13602924346923828,0.0,0.0,0.0,False,infeasible,baseline_truck_only,860245.854147057,848.7928490867894,,,,0.0,False,feasible_only,0.0,,False,,,,
S0061_R08,6102034,nils,S0061,n100_p0.25_d3_uniform_Ehigh_V1.25_Hmedium_PWstrict_B0.15,100,0.25,0.25,3,3,high,1.25,uniform,medium,strict,0.15,200.0,40.0,1.0,peripheral,860245.854147057,679.0342792694315,0.0,0.0,859566.8198677876,859566.8198677876,3612.272184757001,0.0,599.1164015063881,848.7928490867894,0.0,100,0,0.0,0,0,0.0,0.0,0.0,0.0,0.0,0.0,0,0.0,0.0,0,75,75,24.234376668930054,25.0,0.0,600.0,False,infeasible,nils_complete,860245.854147057,848.7928490867894,,0.0,,0.0,False,feasible_only,0.0,,False,,,,
S0061_R09,6102035,truck_only,S0061,n100_p0.25_d3_uniform_Ehigh_V1.25_Hmedium_PWstrict_B0.15,100,0.25,0.25,3,3,high,1.25,uniform,medium,strict,0.15,200.0,40.0,1.0,peripheral,894290.9158682409,663.8874232230701,0.0,0.0,893627.0284450178,893627.0284450178,3619.4495920006693,0.0,614.2350776000096,829.8592790288376,0.0,100,0,0.0,0,0,0.0,0.0,0.0,0.0,0.0,0.0,0,0.0,0.0,0,0,0,0.09088993072509766,0.0,0.0,0.0,False,infeasible,baseline_truck_only,894290.9158682409,829.8592790288376,,,,0.0,False,feasible_only,0.0,,False,,,,
S0061_R09,6102035,nils,S0061,n100_p0.25_d3_uniform_Ehigh_V1.25_Hmedium_PWstrict_B0.15,100,0.25,0.25,3,3,high,1.25,uniform,medium,strict,0.15,200.0,40.0,1.0,peripheral,894290.9158682409,663.8874232230701,0.0,0.0,893627.0284450178,893627.0284450178,3619.4495920006693,0.0,614.2350776000096,829.8592790288376,0.0,100,0,0.0,0,0,0.0,0.0,0.0,0.0,0.0,0.0,0,0.0,0.0,0,0,0,23.099480867385864,25.0,0.0,450.0,False,infeasible,nils_complete,894290.9158682409,829.8592790288376,,0.0,,0.0,False,feasible_only,0.0,,False,,,,
S0061_R10,6102036,truck_only,S0061,n100_p0.25_d3_uniform_Ehigh_V1.25_Hmedium_PWstrict_B0.15,100,0.25,0.25,3,3,high,1.25,uniform,medium,strict,0.15,200.0,40.0,1.0,peripheral,903046.9966670702,696.9163523808949,0.0,0.0,902350.0803146893,902350.0803146893,3449.8245024867647,0.0,650.844067842393,871.1454404761182,0.0,100,0,0.0,0,0,0.0,0.0,0.0,0.0,0.0,0.0,0,0.0,0.0,0,0,0,0.0936741828918457,0.0,0.0,0.0,False,infeasible,baseline_truck_only,903046.9966670702,871.1454404761182,,,,0.0,False,feasible_only,0.0,,False,,,,
S0061_R10,6102036,nils,S0061,n100_p0.25_d3_uniform_Ehigh_V1.25_Hmedium_PWstrict_B0.15,100,0.25,0.25,3,3,high,1.25,uniform,medium,strict,0.15,200.0,40.0,1.0,peripheral,903046.9966670702,696.9163523808949,0.0,0.0,902350.0803146893,902350.0803146893,3449.8245024867647,0.0,650.844067842393,871.1454404761182,0.0,100,0,0.0,0,0,0.0,0.0,0.0,0.0,0.0,0.0,0,0.0,0.0,0,150,150,16.813417196273804,25.0,0.0,225.0,False,infeasible,nils_complete,903046.9966670702,871.1454404761182,,0.0,,0.0,False,feasible_only,0.0,,False,,,,
S0062_R01,6202027,truck_only,S0062,n100_p0.25_d3_uniform_Ehigh_V2.00_Hlong_PWbase_B0.15,100,0.25,0.25,3,3,high,2.0,uniform,long,base,0.15,100.0,20.0,1.0,peripheral,459467.1523214159,664.3028149221354,0.0,0.0,458802.8495064938,458802.8495064938,3796.3342228845618,0.0,667.143468981728,830.3785186526691,0.0,100,0,0.0,0,0,0.0,0.0,0.0,0.0,0.0,0.0,0,0.0,0.0,0,0,0,0.09288763999938965,0.0,0.0,0.0,False,infeasible,baseline_truck_only,459467.1523214159,830.3785186526691,,,,0.0,False,feasible_only,0.0,,False,,,,
S0062_R01,6202027,nils,S0062,n100_p0.25_d3_uniform_Ehigh_V2.00_Hlong_PWbase_B0.15,100,0.25,0.25,3,3,high,2.0,uniform,long,base,0.15,100.0,20.0,1.0,peripheral,459467.1523214159,664.3028149221354,0.0,0.0,458802.8495064938,458802.8495064938,3796.3342228845618,0.0,667.143468981728,830.3785186526691,0.0,100,0,0.0,0,0,0.0,0.0,0.0,0.0,0.0,0.0,0,0.0,0.0,0,0,0,25.324912309646606,25.0,0.0,975.0,False,infeasible,nils_complete,459467.1523214159,830.3785186526691,,0.0,,0.0,False,feasible_only,0.0,,False,,,,
S0062_R02,6202028,truck_only,S0062,n100_p0.25_d3_uniform_Ehigh_V2.00_Hlong_PWbase_B0.15,100,0.25,0.25,3,3,high,2.0,uniform,long,base,0.15,100.0,20.0,1.0,peripheral,412450.2155770932,594.6069127848676,0.0,0.0,411855.6086643083,411855.6086643083,3300.8884891152597,0.0,550.5277534996209,743.2586409810848,0.0,100,0,0.0,0,0,0.0,0.0,0.0,0.0,0.0,0.0,0,0.0,0.0,0,0,0,0.08465814590454102,0.0,0.0,0.0,False,infeasible,baseline_truck_only,412450.2155770932,743.2586409810848,,,,0.0,False,feasible_only,0.0,,False,,,,
S0062_R02,6202028,nils,S0062,n100_p0.25_d3_uniform_Ehigh_V2.00_Hlong_PWbase_B0.15,100,0.25,0.25,3,3,high,2.0,uniform,long,base,0.15,100.0,20.0,1.0,peripheral,412450.2155770932,594.6069127848676,0.0,0.0,411855.6086643083,411855.6086643083,3300.8884891152597,0.0,550.5277534996209,743.2586409810848,0.0,100,0,0.0,0,0,0.0,0.0,0.0,0.0,0.0,0.0,0,0.0,0.0,0,0,0,21.655282735824585,25.0,0.0,450.0,False,infeasible,nils_complete,412450.2155770932,743.2586409810848,,0.0,,0.0,False,feasible_only,0.0,,False,,,,
S0062_R03,6202029,truck_only,S0062,n100_p0.25_d3_uniform_Ehigh_V2.00_Hlong_PWbase_B0.15,100,0.25,0.25,3,3,high,2.0,uniform,long,base,0.15,100.0,20.0,1.0,peripheral,681317.35095475,694.7545207777009,0.0,0.0,680622.5964339722,680622.5964339722,6113.633019609525,0.0,689.7724592133945,868.443150972126,0.0,100,0,0.0,0,0,0.0,0.0,0.0,0.0,0.0,0.0,0,0.0,0.0,0,0,0,0.12938284873962402,0.0,0.0,0.0,False,infeasible,baseline_truck_only,681317.35095475,868.443150972126,,,,0.0,False,feasible_only,0.0,,False,,,,
S0062_R03,6202029,nils,S0062,n100_p0.25_d3_uniform_Ehigh_V2.00_Hlong_PWbase_B0.15,100,0.25,0.25,3,3,high,2.0,uniform,long,base,0.15,100.0,20.0,1.0,peripheral,681317.35095475,694.7545207777009,0.0,0.0,680622.5964339722,680622.5964339722,6113.633019609525,0.0,689.7724592133945,868.443150972126,0.0,100,0,0.0,0,0,0.0,0.0,0.0,0.0,0.0,0.0,0,0.0,0.0,0,0,0,23.707825660705566,25.0,0.0,675.0,False,infeasible,nils_complete,681317.35095475,868.443150972126,,0.0,,0.0,False,feasible_only,0.0,,False,,,,
S0062_R04,6202030,truck_only,S0062,n100_p0.25_d3_uniform_Ehigh_V2.00_Hlong_PWbase_B0.15,100,0.25,0.25,3,3,high,2.0,uniform,long,base,0.15,100.0,20.0,1.0,peripheral,387954.8960651033,642.936175777298,0.0,0.0,387311.959889326,387311.959889326,3038.55763534128,0.0,521.4866873789215,803.6702197216229,0.0,100,0,0.0,0,0,0.0,0.0,0.0,0.0,0.0,0.0,0,0.0,0.0,0,0,0,0.10030841827392578,0.0,0.0,0.0,False,infeasible,baseline_truck_only,387954.8960651033,803.6702197216229,,,,0.0,False,feasible_only,0.0,,False,,,,
S0062_R04,6202030,nils,S0062,n100_p0.25_d3_uniform_Ehigh_V2.00_Hlong_PWbase_B0.15,100,0.25,0.25,3,3,high,2.0,uniform,long,base,0.15,100.0,20.0,1.0,peripheral,387954.8960651033,642.936175777298,0.0,0.0,387311.959889326,387311.959889326,3038.55763534128,0.0,521.4866873789215,803.6702197216229,0.0,100,0,0.0,0,0,0.0,0.0,0.0,0.0,0.0,0.0,0,0.0,0.0,0,0,0,24.46629548072815,25.0,0.0,900.0,False,infeasible,nils_complete,387954.8960651033,803.6702197216229,,0.0,,0.0,False,feasible_only,0.0,,False,,,,
S0062_R05,6202031,truck_only,S0062,n100_p0.25_d3_uniform_Ehigh_V2.00_Hlong_PWbase_B0.15,100,0.25,0.25,3,3,high,2.0,uniform,long,base,0.15,100.0,20.0,1.0,peripheral,396735.4109623145,647.3828498975414,0.0,0.0,396088.02811241697,396088.02811241697,3108.675273822499,0.0,626.3834497813394,809.2285623719266,0.0,100,0,0.0,0,0,0.0,0.0,0.0,0.0,0.0,0.0,0,0.0,0.0,0,0,0,0.0906836986541748,0.0,0.0,0.0,False,infeasible,baseline_truck_only,396735.4109623145,809.2285623719266,,,,0.0,False,feasible_only,0.0,,False,,,,
S0062_R05,6202031,nils,S0062,n100_p0.25_d3_uniform_Ehigh_V2.00_Hlong_PWbase_B0.15,100,0.25,0.25,3,3,high,2.0,uniform,long,base,0.15,100.0,20.0,1.0,peripheral,396735.4109623145,647.3828498975414,0.0,0.0,396088.02811241697,396088.02811241697,3108.675273822499,0.0,626.3834497813394,809.2285623719266,0.0,100,0,0.0,0,0,0.0,0.0,0.0,0.0,0.0,0.0,0,0.0,0.0,0,0,0,21.261203050613403,25.0,0.0,375.0,False,infeasible,nils_complete,396735.4109623145,809.2285623719266,,0.0,,0.0,False,feasible_only,0.0,,False,,,,
S0062_R06,6202032,truck_only,S0062,n100_p0.25_d3_uniform_Ehigh_V2.00_Hlong_PWbase_B0.15,100,0.25,0.25,3,3,high,2.0,uniform,long,base,0.15,100.0,20.0,1.0,peripheral,546833.9238005198,658.0086552114926,0.0,0.0,546175.9151453082,546175.9151453082,4451.101881697201,0.0,598.2776142144326,822.5108190143657,0.0,100,0,0.0,0,0,0.0,0.0,0.0,0.0,0.0,0.0,0,0.0,0.0,0,0,0,0.09741616249084473,0.0,0.0,0.0,False,infeasible,baseline_truck_only,546833.9238005198,822.5108190143657,,,,0.0,False,feasible_only,0.0,,False,,,,
S0062_R06,6202032,nils,S0062,n100_p0.25_d3_uniform_Ehigh_V2.00_Hlong_PWbase_B0.15,100,0.25,0.25,3,3,high,2.0,uniform,long,base,0.15,100.0,20.0,1.0,peripheral,546833.9238005198,658.0086552114926,0.0,0.0,546175.9151453082,546175.9151453082,4451.101881697201,0.0,598.2776142144326,822.5108190143657,0.0,100,0,0.0,0,0,0.0,0.0,0.0,0.0,0.0,0.0,0,0.0,0.0,0,0,0,25.018398761749268,25.0,0.0,1200.0,False,infeasible,nils_complete,546833.9238005198,822.5108190143657,,0.0,,0.0,False,feasible_only,0.0,,False,,,,
S0062_R07,6202033,truck_only,S0062,n100_p0.25_d3_uniform_Ehigh_V2.00_Hlong_PWbase_B0.15,100,0.25,0.25,3,3,high,2.0,uniform,long,base,0.15,100.0,20.0,1.0,peripheral,452303.90073851176,680.6878155821521,0.0,0.0,451623.2129229296,451623.2129229296,3402.7443186983937,0.0,715.0921662151181,850.8597694776901,0.0,100,0,0.0,0,0,0.0,0.0,0.0,0.0,0.0,0.0,0,0.0,0.0,0,0,0,0.08996939659118652,0.0,0.0,0.0,False,infeasible,baseline_truck_only,452303.90073851176,850.8597694776901,,,,0.0,False,feasible_only,0.0,,False,,,,
S0062_R07,6202033,nils,S0062,n100_p0.25_d3_uniform_Ehigh_V2.00_Hlong_PWbase_B0.15,100,0.25,0.25,3,3,high,2.0,uniform,long,base,0.15,100.0,20.0,1.0,peripheral,452303.90073851176,680.6878155821521,0.0,0.0,451623.2129229296,451623.2129229296,3402.7443186983937,0.0,715.0921662151181,850.8597694776901,0.0,100,0,0.0,0,0,0.0,0.0,0.0,0.0,0.0,0.0,0,0.0,0.0,0,0,0,27.24770474433899,25.0,0.0,825.0,False,infeasible,nils_complete,452303.90073851176,850.8597694776901,,0.0,,0.0,False,feasible_only,0.0,,False,,,,
S0062_R08,6202034,truck_only,S0062,n100_p0.25_d3_uniform_Ehigh_V2.00_Hlong_PWbase_B0.15,100,0.25,0.25,3,3,high,2.0,uniform,long,base,0.15,100.0,20.0,1.0,peripheral,545830.7318510436,686.9719106793821,0.0,0.0,545143.7599403643,545143.7599403643,4549.150119355079,0.0,662.7400703310404,858.7148883492275,0.0,100,0,0.0,0,0,0.0,0.0,0.0,0.0,0.0,0.0,0,0.0,0.0,0,0,0,0.0890204906463623,0.0,0.0,0.0,False,infeasible,baseline_truck_only,545830.7318510436,858.7148883492275,,,,0.0,False,feasible_only,0.0,,False,,,,
S0062_R08,6202034,nils,S0062,n100_p0.25_d3_uniform_Ehigh_V2.00_Hlong_PWbase_B0.15,100,0.25,0.25,3,3,high,2.0,uniform,long,base,0.15,100.0,20.0,1.0,peripheral,545830.7318510436,686.9719106793821,0.0,0.0,545143.7599403643,545143.7599403643,4549.150119355079,0.0,662.7400703310404,858.7148883492275,0.0,100,0,0.0,0,0,0.0,0.0,0.0,0.0,0.0,0.0,0,0.0,0.0,0,0,0,23.074641466140747,25.0,0.0,450.0,False,infeasible,nils_complete,545830.7318510436,858.7148883492275,,0.0,,0.0,False,feasible_only,0.0,,False,,,,
S0062_R09,6202035,truck_only,S0062,n100_p0.25_d3_uniform_Ehigh_V2.00_Hlong_PWbase_B0.15,100,0.25,0.25,3,3,high,2.0,uniform,long,base,0.15,100.0,20.0,1.0,peripheral,537793.9783636375,654.4703199204846,0.0,0.0,537139.508043717,537139.508043717,4630.471482618035,0.0,642.3769117963354,818.0878999006056,0.0,100,0,0.0,0,0,0.0,0.0,0.0,0.0,0.0,0.0,0,0.0,0.0,0,0,0,0.1045536994934082,0.0,0.0,0.0,False,infeasible,baseline_truck_only,537793.9783636375,818.0878999006056,,,,0.0,False,feasible_only,0.0,,False,,,,
S0062_R09,6202035,nils,S0062,n100_p0.25_d3_uniform_Ehigh_V2.00_Hlong_PWbase_B0.15,100,0.25,0.25,3,3,high,2.0,uniform,long,base,0.15,100.0,20.0,1.0,peripheral,537793.9783636375,654.4703199204846,0.0,0.0,537139.508043717,537139.508043717,4630.471482618035,0.0,642.3769117963354,818.0878999006056,0.0,100,0,0.0,0,0,0.0,0.0,0.0,0.0,0.0,0.0,0,0.0,0.0,0,0,0,22.976943254470825,25.0,0.0,450.0,False,infeasible,nils_complete,537793.9783636375,818.0878999006056,,0.0,,0.0,False,feasible_only,0.0,,False,,,,
S0062_R10,6202036,truck_only,S0062,n100_p0.25_d3_uniform_Ehigh_V2.00_Hlong_PWbase_B0.15,100,0.25,0.25,3,3,high,2.0,uniform,long,base,0.15,100.0,20.0,1.0,peripheral,670428.645541197,664.743473686983,0.0,0.0,669763.9020675101,669763.9020675101,5817.763456824256,0.0,633.6722454586646,830.9293421087286,0.0,100,0,0.0,0,0,0.0,0.0,0.0,0.0,0.0,0.0,0,0.0,0.0,0,0,0,0.09374141693115234,0.0,0.0,0.0,False,infeasible,baseline_truck_only,670428.645541197,830.9293421087286,,,,0.0,False,feasible_only,0.0,,False,,,,
S0062_R10,6202036,nils,S0062,n100_p0.25_d3_uniform_Ehigh_V2.00_Hlong_PWbase_B0.15,100,0.25,0.25,3,3,high,2.0,uniform,long,base,0.15,100.0,20.0,1.0,peripheral,670428.645541197,664.743473686983,0.0,0.0,669763.9020675101,669763.9020675101,5817.763456824256,0.0,633.6722454586646,830.9293421087286,0.0,100,0,0.0,0,0,0.0,0.0,0.0,0.0,0.0,0.0,0,0.0,0.0,0,0,0,23.19647216796875,25.0,0.0,675.0,False,infeasible,nils_complete,670428.645541197,830.9293421087286,,0.0,,0.0,False,feasible_only,0.0,,False,,,,
S0063_R01,6302027,truck_only,S0063,n100_p0.75_d3_uniform_Elow_V1.25_Hshort_PWflat_B0.15,100,0.75,0.75,3,3,low,1.25,uniform,short,flat,0.15,1.0,1.0,1.0,peripheral,12646.109091036427,659.9517750897304,0.0,0.0,11986.157315946697,11986.157315946697,4206.267194626961,0.0,584.4983692108397,824.939718862163,0.0,100,0,0.0,0,0,0.0,0.0,0.0,0.0,0.0,0.0,0,0.0,0.0,0,0,0,0.13863110542297363,0.0,0.0,0.0,False,infeasible,baseline_truck_only,12646.109091036427,824.939718862163,,,,0.0,False,feasible_only,0.0,,False,,,,
S0063_R01,6302027,nils,S0063,n100_p0.75_d3_uniform_Elow_V1.25_Hshort_PWflat_B0.15,100,0.75,0.75,3,3,low,1.25,uniform,short,flat,0.15,1.0,1.0,1.0,peripheral,12646.109091036427,659.9517750897304,0.0,0.0,11986.157315946697,11986.157315946697,4206.267194626961,0.0,584.4983692108397,824.939718862163,0.0,100,0,0.0,0,0,0.0,0.0,0.0,0.0,0.0,0.0,0,0.0,0.0,0,3825,3825,23.393495798110962,25.0,0.0,900.0,False,infeasible,nils_complete,12646.109091036427,824.939718862163,,0.0,,0.0,False,feasible_only,0.0,,False,,,,
S0063_R02,6302028,truck_only,S0063,n100_p0.75_d3_uniform_Elow_V1.25_Hshort_PWflat_B0.15,100,0.75,0.75,3,3,low,1.25,uniform,short,flat,0.15,1.0,1.0,1.0,peripheral,11338.019811030674,620.6985684714305,0.0,0.0,10717.321242559243,10717.321242559243,4837.632290882548,0.0,549.9801434153735,775.8732105892885,0.0,100,0,0.0,0,0,0.0,0.0,0.0,0.0,0.0,0.0,0,0.0,0.0,0,0,0,0.10084247589111328,0.0,0.0,0.0,False,infeasible,baseline_truck_only,11338.019811030674,775.8732105892885,,,,0.0,False,feasible_only,0.0,,False,,,,
S0063_R02,6302028,nils,S0063,n100_p0.75_d3_uniform_Elow_V1.25_Hshort_PWflat_B0.15,100,0.75,0.75,3,3,low,1.25,uniform,short,flat,0.15,1.0,1.0,1.0,peripheral,11338.019811030674,620.6985684714305,0.0,0.0,10717.321242559243,10717.321242559243,4837.632290882548,0.0,549.9801434153735,775.8732105892885,0.0,100,0,0.0,0,0,0.0,0.0,0.0,0.0,0.0,0.0,0,0.0,0.0,0,3075,3075,27.965240716934204,25.0,0.0,2250.0,False,infeasible,nils_complete,11338.019811030674,775.8732105892885,,0.0,,0.0,False,feasible_only,0.0,,False,,,,
S0063_R03,6302029,truck_only,S0063,n100_p0.75_d3_uniform_Elow_V1.25_Hshort_PWflat_B0.15,100,0.75,0.75,3,3,low,1.25,uniform,short,flat,0.15,1.0,1.0,1.0,peripheral,9805.866871943988,582.3289577271231,0.0,0.0,9223.537914216866,9223.537914216866,2052.6939782067157,0.0,613.8934796278888,727.9111971589039,0.0,100,0,0.0,0,0,0.0,0.0,0.0,0.0,0.0,0.0,0,0.0,0.0,0,0,0,0.09096765518188477,0.0,0.0,0.0,False,infeasible,baseline_truck_only,9805.866871943988,727.9111971589039,,,,0.0,False,feasible_only,0.0,,False,,,,
S0063_R03,6302029,nils,S0063,n100_p0.75_d3_uniform_Elow_V1.25_Hshort_PWflat_B0.15,100,0.75,0.75,3,3,low,1.25,uniform,short,flat,0.15,1.0,1.0,1.0,peripheral,9805.866871943988,582.3289577271231,0.0,0.0,9223.537914216866,9223.537914216866,2052.6939782067157,0.0,613.8934796278888,727.9111971589039,0.0,100,0,0.0,0,0,0.0,0.0,0.0,0.0,0.0,0.0,0,0.0,0.0,0,3300,3300,29.376075744628906,25.0,0.0,2250.0,False,infeasible,nils_complete,9805.866871943988,727.9111971589039,,0.0,,0.0,False,feasible_only,0.0,,False,,,,
S0063_R04,6302030,truck_only,S0063,n100_p0.75_d3_uniform_Elow_V1.25_Hshort_PWflat_B0.15,100,0.75,0.75,3,3,low,1.25,uniform,short,flat,0.15,1.0,1.0,1.0,peripheral,9114.351369531532,582.7942506340897,0.0,0.0,8531.557118897443,8531.557118897443,2170.7563793457225,0.0,532.932875768462,728.4928132926121,0.0,100,0,0.0,0,0,0.0,0.0,0.0,0.0,0.0,0.0,0,0.0,0.0,0,0,0,0.11550569534301758,0.0,0.0,0.0,False,infeasible,baseline_truck_only,9114.351369531532,728.4928132926121,,,,0.0,False,feasible_only,0.0,,False,,,,
S0063_R04,6302030,nils,S0063,n100_p0.75_d3_uniform_Elow_V1.25_Hshort_PWflat_B0.15,100,0.75,0.75,3,3,low,1.25,uniform,short,flat,0.15,1.0,1.0,1.0,peripheral,9114.351369531532,582.7942506340897,0.0,0.0,8531.557118897443,8531.557118897443,2170.7563793457225,0.0,532.932875768462,728.4928132926121,0.0,100,0,0.0,0,0,0.0,0.0,0.0,0.0,0.0,0.0,0,0.0,0.0,0,3525,3525,28.85692596435547,25.0,0.0,2025.0,False,infeasible,nils_complete,9114.351369531532,728.4928132926121,,0.0,,0.0,False,feasible_only,0.0,,False,,,,
S0063_R05,6302031,truck_only,S0063,n100_p0.75_d3_uniform_Elow_V1.25_Hshort_PWflat_B0.15,100,0.75,0.75,3,3,low,1.25,uniform,short,flat,0.15,1.0,1.0,1.0,peripheral,12279.336291857353,661.1722424579696,0.0,0.0,11618.164049399384,11618.164049399384,4876.171464565261,0.0,538.5660610960781,826.4653030724618,0.0,100,0,0.0,0,0,0.0,0.0,0.0,0.0,0.0,0.0,0,0.0,0.0,0,0,0,0.09506750106811523,0.0,0.0,0.0,False,infeasible,baseline_truck_only,12279.336291857353,826.4653030724618,,,,0.0,False,feasible_only,0.0,,False,,,,
S0063_R05,6302031,nils,S0063,n100_p0.75_d3_uniform_Elow_V1.25_Hshort_PWflat_B0.15,100,0.75,0.75,3,3,low,1.25,uniform,short,flat,0.15,1.0,1.0,1.0,peripheral,12279.336291857353,661.1722424579696,0.0,0.0,11618.164049399384,11618.164049399384,4876.171464565261,0.0,538.5660610960781,826.4653030724618,0.0,100,0,0.0,0,0,0.0,0.0,0.0,0.0,0.0,0.0,0,0.0,0.0,0,3825,3825,21.995274305343628,25.0,0.0,375.0,False,infeasible,nils_complete,12279.336291857353,826.4653030724618,,0.0,,0.0,False,feasible_only,0.0,,False,,,,
S0063_R06,6302032,truck_only,S0063,n100_p0.75_d3_uniform_Elow_V1.25_Hshort_PWflat_B0.15,100,0.75,0.75,3,3,low,1.25,uniform,short,flat,0.15,1.0,1.0,1.0,peripheral,15707.651780924389,687.2449078709423,0.0,0.0,15020.406873053447,15020.406873053447,4973.963859261568,0.0,708.1410347350627,859.0561348386778,0.0,100,0,0.0,0,0,0.0,0.0,0.0,0.0,0.0,0.0,0,0.0,0.0,0,0,0,0.0914313793182373,0.0,0.0,0.0,False,infeasible,baseline_truck_only,15707.651780924389,859.0561348386778,,,,0.0,False,feasible_only,0.0,,False,,,,
S0063_R06,6302032,nils,S0063,n100_p0.75_d3_uniform_Elow_V1.25_Hshort_PWflat_B0.15,100,0.75,0.75,3,3,low,1.25,uniform,short,flat,0.15,1.0,1.0,1.0,peripheral,15707.651780924389,687.2449078709423,0.0,0.0,15020.406873053447,15020.406873053447,4973.963859261568,0.0,708.1410347350627,859.0561348386778,0.0,100,0,0.0,0,0,0.0,0.0,0.0,0.0,0.0,0.0,0,0.0,0.0,0,4200,4200,21.96488094329834,25.0,0.0,525.0,False,infeasible,nils_complete,15707.651780924389,859.0561348386778,,0.0,,0.0,False,feasible_only,0.0,,False,,,,
S0063_R07,6302033,truck_only,S0063,n100_p0.75_d3_uniform_Elow_V1.25_Hshort_PWflat_B0.15,100,0.75,0.75,3,3,low,1.25,uniform,short,flat,0.15,1.0,1.0,1.0,peripheral,11385.90020165195,664.4285200779951,0.0,0.0,10721.471681573954,10721.471681573954,3664.414867780887,0.0,546.9446137676464,830.5356500974938,0.0,100,0,0.0,0,0,0.0,0.0,0.0,0.0,0.0,0.0,0,0.0,0.0,0,0,0,0.09876489639282227,0.0,0.0,0.0,False,infeasible,baseline_truck_only,11385.90020165195,830.5356500974938,,,,0.0,False,feasible_only,0.0,,False,,,,
S0063_R07,6302033,nils,S0063,n100_p0.75_d3_uniform_Elow_V1.25_Hshort_PWflat_B0.15,100,0.75,0.75,3,3,low,1.25,uniform,short,flat,0.15,1.0,1.0,1.0,peripheral,11385.90020165195,664.4285200779951,0.0,0.0,10721.471681573954,10721.471681573954,3664.414867780887,0.0,546.9446137676464,830.5356500974938,0.0,100,0,0.0,0,0,0.0,0.0,0.0,0.0,0.0,0.0,0,0.0,0.0,0,3975,3975,23.15267014503479,25.0,0.0,600.0,False,infeasible,nils_complete,11385.90020165195,830.5356500974938,,0.0,,0.0,False,feasible_only,0.0,,False,,,,
S0063_R08,6302034,truck_only,S0063,n100_p0.75_d3_uniform_Elow_V1.25_Hshort_PWflat_B0.15,100,0.75,0.75,3,3,low,1.25,uniform,short,flat,0.15,1.0,1.0,1.0,peripheral,11896.137895308262,663.2045495864539,0.0,0.0,11232.933345721809,11232.933345721809,3396.270722660029,0.0,522.5688040844731,829.0056869830673,0.0,100,0,0.0,0,0,0.0,0.0,0.0,0.0,0.0,0.0,0,0.0,0.0,0,0,0,0.08614015579223633,0.0,0.0,0.0,False,infeasible,baseline_truck_only,11896.137895308262,829.0056869830673,,,,0.0,False,feasible_only,0.0,,False,,,,
S0063_R08,6302034,nils,S0063,n100_p0.75_d3_uniform_Elow_V1.25_Hshort_PWflat_B0.15,100,0.75,0.75,3,3,low,1.25,uniform,short,flat,0.15,1.0,1.0,1.0,peripheral,11896.137895308262,663.2045495864539,0.0,0.0,11232.933345721809,11232.933345721809,3396.270722660029,0.0,522.5688040844731,829.0056869830673,0.0,100,0,0.0,0,0,0.0,0.0,0.0,0.0,0.0,0.0,0,0.0,0.0,0,3525,3525,25.904191255569458,25.0,0.0,1050.0,False,infeasible,nils_complete,11896.137895308262,829.0056869830673,,0.0,,0.0,False,feasible_only,0.0,,False,,,,
S0063_R09,6302035,truck_only,S0063,n100_p0.75_d3_uniform_Elow_V1.25_Hshort_PWflat_B0.15,100,0.75,0.75,3,3,low,1.25,uniform,short,flat,0.15,1.0,1.0,1.0,peripheral,15865.576615492566,718.9829348311379,0.0,0.0,15146.593680661428,15146.593680661428,4326.915356221792,0.0,706.9633868830952,898.7286685389223,0.0,100,0,0.0,0,0,0.0,0.0,0.0,0.0,0.0,0.0,0,0.0,0.0,0,0,0,0.0946192741394043,0.0,0.0,0.0,False,infeasible,baseline_truck_only,15865.576615492566,898.7286685389223,,,,0.0,False,feasible_only,0.0,,False,,,,
S0063_R09,6302035,nils,S0063,n100_p0.75_d3_uniform_Elow_V1.25_Hshort_PWflat_B0.15,100,0.75,0.75,3,3,low,1.25,uniform,short,flat,0.15,1.0,1.0,1.0,peripheral,15865.576615492566,718.9829348311379,0.0,0.0,15146.593680661428,15146.593680661428,4326.915356221792,0.0,706.9633868830952,898.7286685389223,0.0,100,0,0.0,0,0,0.0,0.0,0.0,0.0,0.0,0.0,0,0.0,0.0,0,3600,3600,26.476268529891968,25.0,0.0,750.0,False,infeasible,nils_complete,15865.576615492566,898.7286685389223,,0.0,,0.0,False,feasible_only,0.0,,False,,,,
S0063_R10,6302036,truck_only,S0063,n100_p0.75_d3_uniform_Elow_V1.25_Hshort_PWflat_B0.15,100,0.75,0.75,3,3,low,1.25,uniform,short,flat,0.15,1.0,1.0,1.0,peripheral,10198.170463543769,635.5149073086853,0.0,0.0,9562.655556235084,9562.655556235084,2269.5675886790787,0.0,587.097034917922,794.3936341358561,0.0,100,0,0.0,0,0,0.0,0.0,0.0,0.0,0.0,0.0,0,0.0,0.0,0,0,0,0.09111666679382324,0.0,0.0,0.0,False,infeasible,baseline_truck_only,10198.170463543769,794.3936341358561,,,,0.0,False,feasible_only,0.0,,False,,,,
S0063_R10,6302036,nils,S0063,n100_p0.75_d3_uniform_Elow_V1.25_Hshort_PWflat_B0.15,100,0.75,0.75,3,3,low,1.25,uniform,short,flat,0.15,1.0,1.0,1.0,peripheral,10198.170463543769,635.5149073086853,0.0,0.0,9562.655556235084,9562.655556235084,2269.5675886790787,0.0,587.097034917922,794.3936341358561,0.0,100,0,0.0,0,0,0.0,0.0,0.0,0.0,0.0,0.0,0,0.0,0.0,0,3675,3675,28.89210319519043,25.0,0.0,1500.0,False,infeasible,nils_complete,10198.170463543769,794.3936341358561,,0.0,,0.0,False,feasible_only,0.0,,False,,,,
S0064_R01,6402027,truck_only,S0064,n100_p0.75_d3_uniform_Elow_V1.25_Hmedium_PWbase_B0.15,100,0.75,0.75,3,3,low,1.25,uniform,medium,base,0.15,100.0,20.0,1.0,peripheral,583495.3633709236,702.4638814806272,0.0,0.0,582792.8994894429,582792.8994894429,4710.928543991445,0.0,634.3491502066488,878.0798518507843,0.0,100,0,0.0,0,0,0.0,0.0,0.0,0.0,0.0,0.0,0,0.0,0.0,0,0,0,0.09987187385559082,0.0,0.0,0.0,False,infeasible,baseline_truck_only,583495.3633709236,878.0798518507843,,,,0.0,False,feasible_only,0.0,,False,,,,
S0064_R01,6402027,nils,S0064,n100_p0.75_d3_uniform_Elow_V1.25_Hmedium_PWbase_B0.15,100,0.75,0.75,3,3,low,1.25,uniform,medium,base,0.15,100.0,20.0,1.0,peripheral,583495.3633709236,702.4638814806272,0.0,0.0,582792.8994894429,582792.8994894429,4710.928543991445,0.0,634.3491502066488,878.0798518507843,0.0,100,0,0.0,0,0,0.0,0.0,0.0,0.0,0.0,0.0,0,0.0,0.0,0,3600,3600,25.477975368499756,25.0,0.0,1275.0,False,infeasible,nils_complete,583495.3633709236,878.0798518507843,,0.0,,0.0,False,feasible_only,0.0,,False,,,,
S0064_R02,6402028,truck_only,S0064,n100_p0.75_d3_uniform_Elow_V1.25_Hmedium_PWbase_B0.15,100,0.75,0.75,3,3,low,1.25,uniform,medium,base,0.15,100.0,20.0,1.0,peripheral,635333.9308423405,653.5023714124416,0.0,0.0,634680.428470928,634680.428470928,5248.730278792795,0.0,670.1371965919822,816.877964265552,0.0,100,0,0.0,0,0,0.0,0.0,0.0,0.0,0.0,0.0,0,0.0,0.0,0,0,0,0.09018754959106445,0.0,0.0,0.0,False,infeasible,baseline_truck_only,635333.9308423405,816.877964265552,,,,0.0,False,feasible_only,0.0,,False,,,,
S0064_R02,6402028,nils,S0064,n100_p0.75_d3_uniform_Elow_V1.25_Hmedium_PWbase_B0.15,100,0.75,0.75,3,3,low,1.25,uniform,medium,base,0.15,100.0,20.0,1.0,peripheral,635333.9308423405,653.5023714124416,0.0,0.0,634680.428470928,634680.428470928,5248.730278792795,0.0,670.1371965919822,816.877964265552,0.0,100,0,0.0,0,0,0.0,0.0,0.0,0.0,0.0,0.0,0,0.0,0.0,0,3900,3900,23.734070301055908,25.0,0.0,1050.0,False,infeasible,nils_complete,635333.9308423405,816.877964265552,,0.0,,0.0,False,feasible_only,0.0,,False,,,,
S0064_R03,6402029,truck_only,S0064,n100_p0.75_d3_uniform_Elow_V1.25_Hmedium_PWbase_B0.15,100,0.75,0.75,3,3,low,1.25,uniform,medium,base,0.15,100.0,20.0,1.0,peripheral,616799.7113964068,694.9437265464676,0.0,0.0,616104.7676698603,616104.7676698603,5225.547339833505,0.0,689.2769074916343,868.6796581830847,0.0,100,0,0.0,0,0,0.0,0.0,0.0,0.0,0.0,0.0,0,0.0,0.0,0,0,0,0.08957171440124512,0.0,0.0,0.0,False,infeasible,baseline_truck_only,616799.7113964068,868.6796581830847,,,,0.0,False,feasible_only,0.0,,False,,,,
S0064_R03,6402029,nils,S0064,n100_p0.75_d3_uniform_Elow_V1.25_Hmedium_PWbase_B0.15,100,0.75,0.75,3,3,low,1.25,uniform,medium,base,0.15,100.0,20.0,1.0,peripheral,616799.7113964068,694.9437265464676,0.0,0.0,616104.7676698603,616104.7676698603,5225.547339833505,0.0,689.2769074916343,868.6796581830847,0.0,100,0,0.0,0,0,0.0,0.0,0.0,0.0,0.0,0.0,0,0.0,0.0,0,3300,3300,27.687115907669067,25.0,0.0,1950.0,False,infeasible,nils_complete,616799.7113964068,868.6796581830847,,0.0,,0.0,False,feasible_only,0.0,,False,,,,
S0064_R04,6402030,truck_only,S0064,n100_p0.75_d3_uniform_Elow_V1.25_Hmedium_PWbase_B0.15,100,0.75,0.75,3,3,low,1.25,uniform,medium,base,0.15,100.0,20.0,1.0,peripheral,627534.7890901302,703.3900637577965,0.0,0.0,626831.3990263725,626831.3990263725,5338.819398243673,0.0,649.7194382925035,879.2375796972459,0.0,100,0,0.0,0,0,0.0,0.0,0.0,0.0,0.0,0.0,0,0.0,0.0,0,0,0,0.16011261940002441,0.0,0.0,0.0,False,infeasible,baseline_truck_only,627534.7890901302,879.2375796972459,,,,0.0,False,feasible_only,0.0,,False,,,,
S0064_R04,6402030,nils,S0064,n100_p0.75_d3_uniform_Elow_V1.25_Hmedium_PWbase_B0.15,100,0.75,0.75,3,3,low,1.25,uniform,medium,base,0.15,100.0,20.0,1.0,peripheral,627534.7890901302,703.3900637577965,0.0,0.0,626831.3990263725,626831.3990263725,5338.819398243673,0.0,649.7194382925035,879.2375796972459,0.0,100,0,0.0,0,0,0.0,0.0,0.0,0.0,0.0,0.0,0,0.0,0.0,0,3600,3600,22.57243275642395,25.0,0.0,600.0,False,infeasible,nils_complete,627534.7890901302,879.2375796972459,,0.0,,0.0,False,feasible_only,0.0,,False,,,,
S0064_R05,6402031,truck_only,S0064,n100_p0.75_d3_uniform_Elow_V1.25_Hmedium_PWbase_B0.15,100,0.75,0.75,3,3,low,1.25,uniform,medium,base,0.15,100.0,20.0,1.0,peripheral,562220.8924021232,707.2294494546195,0.0,0.0,561513.6629526686,561513.6629526686,4503.259541010976,0.0,649.3886353230528,884.0368118182744,0.0,100,0,0.0,0,0,0.0,0.0,0.0,0.0,0.0,0.0,0,0.0,0.0,0,0,0,0.1121816635131836,0.0,0.0,0.0,False,infeasible,baseline_truck_only,562220.8924021232,884.0368118182744,,,,0.0,False,feasible_only,0.0,,False,,,,
S0064_R05,6402031,nils,S0064,n100_p0.75_d3_uniform_Elow_V1.25_Hmedium_PWbase_B0.15,100,0.75,0.75,3,3,low,1.25,uniform,medium,base,0.15,100.0,20.0,1.0,peripheral,562220.8924021232,707.2294494546195,0.0,0.0,561513.6629526686,561513.6629526686,4503.259541010976,0.0,649.3886353230528,884.0368118182744,0.0,100,0,0.0,0,0,0.0,0.0,0.0,0.0,0.0,0.0,0,0.0,0.0,0,3750,3750,23.44846820831299,25.0,0.0,525.0,False,infeasible,nils_complete,562220.8924021232,884.0368118182744,,0.0,,0.0,False,feasible_only,0.0,,False,,,,
S0064_R06,6402032,truck_only,S0064,n100_p0.75_d3_uniform_Elow_V1.25_Hmedium_PWbase_B0.15,100,0.75,0.75,3,3,low,1.25,uniform,medium,base,0.15,100.0,20.0,1.0,peripheral,610528.3516648889,662.9004307705353,0.0,0.0,609865.4512341183,609865.4512341183,4745.3068801610925,0.0,707.8220720910552,828.6255384631692,0.0,100,0,0.0,0,0,0.0,0.0,0.0,0.0,0.0,0.0,0,0.0,0.0,0,0,0,0.13060951232910156,0.0,0.0,0.0,False,infeasible,baseline_truck_only,610528.3516648889,828.6255384631692,,,,0.0,False,feasible_only,0.0,,False,,,,
S0064_R06,6402032,nils,S0064,n100_p0.75_d3_uniform_Elow_V1.25_Hmedium_PWbase_B0.15,100,0.75,0.75,3,3,low,1.25,uniform,medium,base,0.15,100.0,20.0,1.0,peripheral,610528.3516648889,662.9004307705353,0.0,0.0,609865.4512341183,609865.4512341183,4745.3068801610925,0.0,707.8220720910552,828.6255384631692,0.0,100,0,0.0,0,0,0.0,0.0,0.0,0.0,0.0,0.0,0,0.0,0.0,0,3975,3975,24.18943500518799,25.0,0.0,825.0,False,infeasible,nils_complete,610528.3516648889,828.6255384631692,,0.0,,0.0,False,feasible_only,0.0,,False,,,,
S0064_R07,6402033,truck_only,S0064,n100_p0.75_d3_uniform_Elow_V1.25_Hmedium_PWbase_B0.15,100,0.75,0.75,3,3,low,1.25,uniform,medium,base,0.15,100.0,20.0,1.0,peripheral,523948.4628107285,658.7835567314655,0.0,0.0,523289.67925399705,523289.67925399705,4374.040597507733,0.0,554.4437785021142,823.4794459143319,0.0,100,0,0.0,0,0,0.0,0.0,0.0,0.0,0.0,0.0,0,0.0,0.0,0,0,0,0.10332727432250977,0.0,0.0,0.0,False,infeasible,baseline_truck_only,523948.4628107285,823.4794459143319,,,,0.0,False,feasible_only,0.0,,False,,,,
S0064_R07,6402033,nils,S0064,n100_p0.75_d3_uniform_Elow_V1.25_Hmedium_PWbase_B0.15,100,0.75,0.75,3,3,low,1.25,uniform,medium,base,0.15,100.0,20.0,1.0,peripheral,523948.4628107285,658.7835567314655,0.0,0.0,523289.67925399705,523289.67925399705,4374.040597507733,0.0,554.4437785021142,823.4794459143319,0.0,100,0,0.0,0,0,0.0,0.0,0.0,0.0,0.0,0.0,0,0.0,0.0,0,3600,3600,24.67914628982544,25.0,0.0,900.0,False,infeasible,nils_complete,523948.4628107285,823.4794459143319,,0.0,,0.0,False,feasible_only,0.0,,False,,,,
S0064_R08,6402034,truck_only,S0064,n100_p0.75_d3_uniform_Elow_V1.25_Hmedium_PWbase_B0.15,100,0.75,0.75,3,3,low,1.25,uniform,medium,base,0.15,100.0,20.0,1.0,peripheral,587504.5596122465,692.5335140310561,0.0,0.0,586812.0260982154,586812.0260982154,5186.391115836796,0.0,603.8961214959545,865.6668925388201,0.0,100,0,0.0,0,0,0.0,0.0,0.0,0.0,0.0,0.0,0,0.0,0.0,0,0,0,0.08900809288024902,0.0,0.0,0.0,False,infeasible,baseline_truck_only,587504.5596122465,865.6668925388201,,,,0.0,False,feasible_only,0.0,,False,,,,
S0064_R08,6402034,nils,S0064,n100_p0.75_d3_uniform_Elow_V1.25_Hmedium_PWbase_B0.15,100,0.75,0.75,3,3,low,1.25,uniform,medium,base,0.15,100.0,20.0,1.0,peripheral,587504.5596122465,692.5335140310561,0.0,0.0,586812.0260982154,586812.0260982154,5186.391115836796,0.0,603.8961214959545,865.6668925388201,0.0,100,0,0.0,0,0,0.0,0.0,0.0,0.0,0.0,0.0,0,0.0,0.0,0,4125,4125,22.0735981464386,25.0,0.0,750.0,False,infeasible,nils_complete,587504.5596122465,865.6668925388201,,0.0,,0.0,False,feasible_only,0.0,,False,,,,
S0064_R09,6402035,truck_only,S0064,n100_p0.75_d3_uniform_Elow_V1.25_Hmedium_PWbase_B0.15,100,0.75,0.75,3,3,low,1.25,uniform,medium,base,0.15,100.0,20.0,1.0,peripheral,448451.8260960866,601.1030873098799,0.0,0.0,447850.7230087767,447850.7230087767,3879.860639888544,0.0,561.7513864148622,751.3788591373498,0.0,100,0,0.0,0,0,0.0,0.0,0.0,0.0,0.0,0.0,0,0.0,0.0,0,0,0,0.10749340057373047,0.0,0.0,0.0,False,infeasible,baseline_truck_only,448451.8260960866,751.3788591373498,,,,0.0,False,feasible_only,0.0,,False,,,,
S0064_R09,6402035,nils,S0064,n100_p0.75_d3_uniform_Elow_V1.25_Hmedium_PWbase_B0.15,100,0.75,0.75,3,3,low,1.25,uniform,medium,base,0.15,100.0,20.0,1.0,peripheral,448451.8260960866,601.1030873098799,0.0,0.0,447850.7230087767,447850.7230087767,3879.860639888544,0.0,561.7513864148622,751.3788591373498,0.0,100,0,0.0,0,0,0.0,0.0,0.0,0.0,0.0,0.0,0,0.0,0.0,0,3975,3975,20.72924280166626,25.0,0.0,375.0,False,infeasible,nils_complete,448451.8260960866,751.3788591373498,,0.0,,0.0,False,feasible_only,0.0,,False,,,,
S0064_R10,6402036,truck_only,S0064,n100_p0.75_d3_uniform_Elow_V1.25_Hmedium_PWbase_B0.15,100,0.75,0.75,3,3,low,1.25,uniform,medium,base,0.15,100.0,20.0,1.0,peripheral,567806.2832836144,632.3275820899815,0.0,0.0,567173.9557015245,567173.9557015245,4724.408176518501,0.0,529.8348638828116,790.4094776124764,0.0,100,0,0.0,0,0,0.0,0.0,0.0,0.0,0.0,0.0,0,0.0,0.0,0,0,0,0.08997678756713867,0.0,0.0,0.0,False,infeasible,baseline_truck_only,567806.2832836144,790.4094776124764,,,,0.0,False,feasible_only,0.0,,False,,,,
S0064_R10,6402036,nils,S0064,n100_p0.75_d3_uniform_Elow_V1.25_Hmedium_PWbase_B0.15,100,0.75,0.75,3,3,low,1.25,uniform,medium,base,0.15,100.0,20.0,1.0,peripheral,567806.2832836144,632.3275820899815,0.0,0.0,567173.9557015245,567173.9557015245,4724.408176518501,0.0,529.8348638828116,790.4094776124764,0.0,100,0,0.0,0,0,0.0,0.0,0.0,0.0,0.0,0.0,0,0.0,0.0,0,3675,3675,23.13610816001892,25.0,0.0,600.0,False,infeasible,nils_complete,567806.2832836144,790.4094776124764,,0.0,,0.0,False,feasible_only,0.0,,False,,,,
S0065_R01,6502027,truck_only,S0065,n100_p0.75_d3_uniform_Elow_V2.00_Hshort_PWstrict_B0.15,100,0.75,0.75,3,3,low,2.0,uniform,short,strict,0.15,200.0,40.0,1.0,peripheral,882125.3570966431,617.1390533581013,0.0,0.0,881508.218043285,881508.218043285,3433.9129287656265,0.0,596.9253811478119,771.423816697627,0.0,100,0,0.0,0,0,0.0,0.0,0.0,0.0,0.0,0.0,0,0.0,0.0,0,0,0,0.08477973937988281,0.0,0.0,0.0,False,infeasible,baseline_truck_only,882125.3570966431,771.423816697627,,,,0.0,False,feasible_only,0.0,,False,,,,
S0065_R01,6502027,nils,S0065,n100_p0.75_d3_uniform_Elow_V2.00_Hshort_PWstrict_B0.15,100,0.75,0.75,3,3,low,2.0,uniform,short,strict,0.15,200.0,40.0,1.0,peripheral,882125.3570966431,617.1390533581013,0.0,0.0,881508.218043285,881508.218043285,3433.9129287656265,0.0,596.9253811478119,771.423816697627,0.0,100,0,0.0,0,0,0.0,0.0,0.0,0.0,0.0,0.0,0,0.0,0.0,0,900,900,28.165905237197876,25.0,0.0,1275.0,False,infeasible,nils_complete,882125.3570966431,771.423816697627,,0.0,,0.0,False,feasible_only,0.0,,False,,,,
S0065_R02,6502028,truck_only,S0065,n100_p0.75_d3_uniform_Elow_V2.00_Hshort_PWstrict_B0.15,100,0.75,0.75,3,3,low,2.0,uniform,short,strict,0.15,200.0,40.0,1.0,peripheral,744335.7390738106,585.7300978533315,0.0,0.0,743750.0089759573,743750.0089759573,2672.9227586271845,0.0,588.8434147667323,732.162622316664,0.0,100,0,0.0,0,0,0.0,0.0,0.0,0.0,0.0,0.0,0,0.0,0.0,0,0,0,0.08923864364624023,0.0,0.0,0.0,False,infeasible,baseline_truck_only,744335.7390738106,732.162622316664,,,,0.0,False,feasible_only,0.0,,False,,,,
S0065_R02,6502028,nils,S0065,n100_p0.75_d3_uniform_Elow_V2.00_Hshort_PWstrict_B0.15,100,0.75,0.75,3,3,low,2.0,uniform,short,strict,0.15,200.0,40.0,1.0,peripheral,744335.7390738106,585.7300978533315,0.0,0.0,743750.0089759573,743750.0089759573,2672.9227586271845,0.0,588.8434147667323,732.162622316664,0.0,100,0,0.0,0,0,0.0,0.0,0.0,0.0,0.0,0.0,0,0.0,0.0,0,600,600,27.75827431678772,25.0,0.0,1500.0,False,infeasible,nils_complete,744335.7390738106,732.162622316664,,0.0,,0.0,False,feasible_only,0.0,,False,,,,
S0065_R03,6502029,truck_only,S0065,n100_p0.75_d3_uniform_Elow_V2.00_Hshort_PWstrict_B0.15,100,0.75,0.75,3,3,low,2.0,uniform,short,strict,0.15,200.0,40.0,1.0,peripheral,1076730.0880201603,652.9983326353392,0.0,0.0,1076077.089687525,1076077.089687525,4382.130681460475,0.0,673.8327415603965,816.2479157941743,0.0,100,0,0.0,0,0,0.0,0.0,0.0,0.0,0.0,0.0,0,0.0,0.0,0,0,0,0.09704136848449707,0.0,0.0,0.0,False,infeasible,baseline_truck_only,1076730.0880201603,816.2479157941743,,,,0.0,False,feasible_only,0.0,,False,,,,
S0065_R03,6502029,nils,S0065,n100_p0.75_d3_uniform_Elow_V2.00_Hshort_PWstrict_B0.15,100,0.75,0.75,3,3,low,2.0,uniform,short,strict,0.15,200.0,40.0,1.0,peripheral,1076730.0880201603,652.9983326353392,0.0,0.0,1076077.089687525,1076077.089687525,4382.130681460475,0.0,673.8327415603965,816.2479157941743,0.0,100,0,0.0,0,0,0.0,0.0,0.0,0.0,0.0,0.0,0,0.0,0.0,0,1200,1200,25.640607833862305,25.0,0.0,900.0,False,infeasible,nils_complete,1076730.0880201603,816.2479157941743,,0.0,,0.0,False,feasible_only,0.0,,False,,,,
S0065_R04,6502030,truck_only,S0065,n100_p0.75_d3_uniform_Elow_V2.00_Hshort_PWstrict_B0.15,100,0.75,0.75,3,3,low,2.0,uniform,short,strict,0.15,200.0,40.0,1.0,peripheral,898999.2053448943,622.6954459770344,0.0,0.0,898376.5098989173,898376.5098989173,3487.883711235119,0.0,505.75202861958456,778.369307471293,0.0,100,0,0.0,0,0,0.0,0.0,0.0,0.0,0.0,0.0,0,0.0,0.0,0,0,0,0.09015226364135742,0.0,0.0,0.0,False,infeasible,baseline_truck_only,898999.2053448943,778.369307471293,,,,0.0,False,feasible_only,0.0,,False,,,,
S0065_R04,6502030,nils,S0065,n100_p0.75_d3_uniform_Elow_V2.00_Hshort_PWstrict_B0.15,100,0.75,0.75,3,3,low,2.0,uniform,short,strict,0.15,200.0,40.0,1.0,peripheral,96539.6547321834,304.8879137024022,38.6564502599806,0.0,96196.11036822101,96196.11036822101,314.6900848271946,0.0,271.1707263157374,381.10989212800274,128.85483419993534,83,17,0.17,3,3,5.666666666666667,5.666666666666667,0.0,0.0,0.0,0.0,0,0.8357250207129464,0.8477896296670789,0,3271,3271,12.487406730651855,25.0,17.0,1523.0,True,feasible,nils_complete,898999.2053448943,778.369307471293,,89.26143047088159,,51.03739465702681,True,feasible_only,0.0,96539.6547321834,True,,,,
S0065_R05,6502031,truck_only,S0065,n100_p0.75_d3_uniform_Elow_V2.00_Hshort_PWstrict_B0.15,100,0.75,0.75,3,3,low,2.0,uniform,short,strict,0.15,200.0,40.0,1.0,peripheral,1038244.3904616529,621.65592714397,0.0,0.0,1037622.7345345089,1037622.7345345089,4525.016334586422,0.0,547.4762112654279,777.0699089299624,0.0,100,0,0.0,0,0,0.0,0.0,0.0,0.0,0.0,0.0,0,0.0,0.0,0,0,0,0.10275673866271973,0.0,0.0,0.0,False,infeasible,baseline_truck_only,1038244.3904616529,777.0699089299624,,,,0.0,False,feasible_only,0.0,,False,,,,
S0065_R05,6502031,nils,S0065,n100_p0.75_d3_uniform_Elow_V2.00_Hshort_PWstrict_B0.15,100,0.75,0.75,3,3,low,2.0,uniform,short,strict,0.15,200.0,40.0,1.0,peripheral,1038244.3904616529,621.65592714397,0.0,0.0,1037622.7345345089,1037622.7345345089,4525.016334586422,0.0,547.4762112654279,777.0699089299624,0.0,100,0,0.0,0,0,0.0,0.0,0.0,0.0,0.0,0.0,0,0.0,0.0,0,1125,1125,31.162091732025146,25.0,0.0,2325.0,False,infeasible,nils_complete,1038244.3904616529,777.0699089299624,,0.0,,0.0,False,feasible_only,0.0,,False,,,,
S0065_R06,6502032,truck_only,S0065,n100_p0.75_d3_uniform_Elow_V2.00_Hshort_PWstrict_B0.15,100,0.75,0.75,3,3,low,2.0,uniform,short,strict,0.15,200.0,40.0,1.0,peripheral,1003936.0569303536,594.2921026908753,0.0,0.0,1003341.7648276627,1003341.7648276627,4067.2934021609753,0.0,616.5604325501022,742.8651283635937,0.0,100,0,0.0,0,0,0.0,0.0,0.0,0.0,0.0,0.0,0,0.0,0.0,0,0,0,0.10970950126647949,0.0,0.0,0.0,False,infeasible,baseline_truck_only,1003936.0569303536,742.8651283635937,,,,0.0,False,feasible_only,0.0,,False,,,,
S0065_R06,6502032,nils,S0065,n100_p0.75_d3_uniform_Elow_V2.00_Hshort_PWstrict_B0.15,100,0.75,0.75,3,3,low,2.0,uniform,short,strict,0.15,200.0,40.0,1.0,peripheral,1003936.0569303536,594.2921026908753,0.0,0.0,1003341.7648276627,1003341.7648276627,4067.2934021609753,0.0,616.5604325501022,742.8651283635937,0.0,100,0,0.0,0,0,0.0,0.0,0.0,0.0,0.0,0.0,0,0.0,0.0,0,900,900,34.28048014640808,25.0,0.0,2925.0,False,infeasible,nils_complete,1003936.0569303536,742.8651283635937,,0.0,,0.0,False,feasible_only,0.0,,False,,,,
S0065_R07,6502033,truck_only,S0065,n100_p0.75_d3_uniform_Elow_V2.00_Hshort_PWstrict_B0.15,100,0.75,0.75,3,3,low,2.0,uniform,short,strict,0.15,200.0,40.0,1.0,peripheral,1434289.1112840676,676.5457315761337,0.0,0.0,1433612.5655524915,1433612.5655524915,6187.950756441796,0.0,577.3396378653747,845.6821644701674,0.0,100,0,0.0,0,0,0.0,0.0,0.0,0.0,0.0,0.0,0,0.0,0.0,0,0,0,0.0917351245880127,0.0,0.0,0.0,False,infeasible,baseline_truck_only,1434289.1112840676,845.6821644701674,,,,0.0,False,feasible_only,0.0,,False,,,,
S0065_R07,6502033,nils,S0065,n100_p0.75_d3_uniform_Elow_V2.00_Hshort_PWstrict_B0.15,100,0.75,0.75,3,3,low,2.0,uniform,short,strict,0.15,200.0,40.0,1.0,peripheral,1434289.1112840676,676.5457315761337,0.0,0.0,1433612.5655524915,1433612.5655524915,6187.950756441796,0.0,577.3396378653747,845.6821644701674,0.0,100,0,0.0,0,0,0.0,0.0,0.0,0.0,0.0,0.0,0,0.0,0.0,0,900,900,29.35083031654358,25.0,0.0,1725.0,False,infeasible,nils_complete,1434289.1112840676,845.6821644701674,,0.0,,0.0,False,feasible_only,0.0,,False,,,,
S0065_R08,6502034,truck_only,S0065,n100_p0.75_d3_uniform_Elow_V2.00_Hshort_PWstrict_B0.15,100,0.75,0.75,3,3,low,2.0,uniform,short,strict,0.15,200.0,40.0,1.0,peripheral,914130.7590382593,698.2854881224406,0.0,0.0,913432.4735501368,913432.4735501368,3585.7125147622396,0.0,559.3818107520233,872.8568601530509,0.0,100,0,0.0,0,0,0.0,0.0,0.0,0.0,0.0,0.0,0,0.0,0.0,0,0,0,0.09342288970947266,0.0,0.0,0.0,False,infeasible,baseline_truck_only,914130.7590382593,872.8568601530509,,,,0.0,False,feasible_only,0.0,,False,,,,
S0065_R08,6502034,nils,S0065,n100_p0.75_d3_uniform_Elow_V2.00_Hshort_PWstrict_B0.15,100,0.75,0.75,3,3,low,2.0,uniform,short,strict,0.15,200.0,40.0,1.0,peripheral,914130.7590382593,698.2854881224406,0.0,0.0,913432.4735501368,913432.4735501368,3585.7125147622396,0.0,559.3818107520233,872.8568601530509,0.0,100,0,0.0,0,0,0.0,0.0,0.0,0.0,0.0,0.0,0,0.0,0.0,0,750,750,26.213160037994385,25.0,0.0,975.0,False,infeasible,nils_complete,914130.7590382593,872.8568601530509,,0.0,,0.0,False,feasible_only,0.0,,False,,,,
S0065_R09,6502035,truck_only,S0065,n100_p0.75_d3_uniform_Elow_V2.00_Hshort_PWstrict_B0.15,100,0.75,0.75,3,3,low,2.0,uniform,short,strict,0.15,200.0,40.0,1.0,peripheral,1634192.736116388,646.6067105128133,0.0,0.0,1633546.1294058752,1633546.1294058752,6969.91744381967,0.0,643.8151078447631,808.2583881410167,0.0,100,0,0.0,0,0,0.0,0.0,0.0,0.0,0.0,0.0,0,0.0,0.0,0,0,0,0.09729790687561035,0.0,0.0,0.0,False,infeasible,baseline_truck_only,1634192.736116388,808.2583881410167,,,,0.0,False,feasible_only,0.0,,False,,,,
S0065_R09,6502035,nils,S0065,n100_p0.75_d3_uniform_Elow_V2.00_Hshort_PWstrict_B0.15,100,0.75,0.75,3,3,low,2.0,uniform,short,strict,0.15,200.0,40.0,1.0,peripheral,1634192.736116388,646.6067105128133,0.0,0.0,1633546.1294058752,1633546.1294058752,6969.91744381967,0.0,643.8151078447631,808.2583881410167,0.0,100,0,0.0,0,0,0.0,0.0,0.0,0.0,0.0,0.0,0,0.0,0.0,0,825,825,33.457818031311035,25.0,0.0,2400.0,False,infeasible,nils_complete,1634192.736116388,808.2583881410167,,0.0,,0.0,False,feasible_only,0.0,,False,,,,
S0065_R10,6502036,truck_only,S0065,n100_p0.75_d3_uniform_Elow_V2.00_Hshort_PWstrict_B0.15,100,0.75,0.75,3,3,low,2.0,uniform,short,strict,0.15,200.0,40.0,1.0,peripheral,863327.7384928802,713.0271594048609,0.0,0.0,862614.7113334754,862614.7113334754,3349.7121490740924,0.0,662.5772737303919,891.2839492560763,0.0,100,0,0.0,0,0,0.0,0.0,0.0,0.0,0.0,0.0,0,0.0,0.0,0,0,0,0.0911719799041748,0.0,0.0,0.0,False,infeasible,baseline_truck_only,863327.7384928802,891.2839492560763,,,,0.0,False,feasible_only,0.0,,False,,,,
S0065_R10,6502036,nils,S0065,n100_p0.75_d3_uniform_Elow_V2.00_Hshort_PWstrict_B0.15,100,0.75,0.75,3,3,low,2.0,uniform,short,strict,0.15,200.0,40.0,1.0,peripheral,863327.7384928802,713.0271594048609,0.0,0.0,862614.7113334754,862614.7113334754,3349.7121490740924,0.0,662.5772737303919,891.2839492560763,0.0,100,0,0.0,0,0,0.0,0.0,0.0,0.0,0.0,0.0,0,0.0,0.0,0,675,675,31.16608238220215,25.0,0.0,2325.0,False,infeasible,nils_complete,863327.7384928802,891.2839492560763,,0.0,,0.0,False,feasible_only,0.0,,False,,,,
S0066_R01,6602027,truck_only,S0066,n100_p0.75_d3_uniform_Elow_V2.00_Hlong_PWmoderate_B0.15,100,0.75,0.75,3,3,low,2.0,uniform,long,moderate,0.15,20.0,5.0,1.0,peripheral,102617.0738786574,628.5550282043741,0.0,0.0,101988.51885045302,101988.51885045302,3678.8427310729994,0.0,627.0639968773254,785.6937852554676,0.0,100,0,0.0,0,0,0.0,0.0,0.0,0.0,0.0,0.0,0,0.0,0.0,0,0,0,0.1507713794708252,0.0,0.0,0.0,False,infeasible,baseline_truck_only,102617.0738786574,785.6937852554676,,,,0.0,False,feasible_only,0.0,,False,,,,
S0066_R01,6602027,nils,S0066,n100_p0.75_d3_uniform_Elow_V2.00_Hlong_PWmoderate_B0.15,100,0.75,0.75,3,3,low,2.0,uniform,long,moderate,0.15,20.0,5.0,1.0,peripheral,102617.0738786574,628.5550282043741,0.0,0.0,101988.51885045302,101988.51885045302,3678.8427310729994,0.0,627.0639968773254,785.6937852554676,0.0,100,0,0.0,0,0,0.0,0.0,0.0,0.0,0.0,0.0,0,0.0,0.0,0,750,750,31.546027660369873,25.0,0.0,2100.0,False,infeasible,nils_complete,102617.0738786574,785.6937852554676,,0.0,,0.0,False,feasible_only,0.0,,False,,,,
S0066_R02,6602028,truck_only,S0066,n100_p0.75_d3_uniform_Elow_V2.00_Hlong_PWmoderate_B0.15,100,0.75,0.75,3,3,low,2.0,uniform,long,moderate,0.15,20.0,5.0,1.0,peripheral,121308.56914419428,675.3290077733129,0.0,0.0,120633.24013642097,120633.24013642097,4725.650681648321,0.0,625.5328268652107,844.1612597166411,0.0,100,0,0.0,0,0,0.0,0.0,0.0,0.0,0.0,0.0,0,0.0,0.0,0,0,0,0.09156012535095215,0.0,0.0,0.0,False,infeasible,baseline_truck_only,121308.56914419428,844.1612597166411,,,,0.0,False,feasible_only,0.0,,False,,,,
S0066_R02,6602028,nils,S0066,n100_p0.75_d3_uniform_Elow_V2.00_Hlong_PWmoderate_B0.15,100,0.75,0.75,3,3,low,2.0,uniform,long,moderate,0.15,20.0,5.0,1.0,peripheral,121308.56914419428,675.3290077733129,0.0,0.0,120633.24013642097,120633.24013642097,4725.650681648321,0.0,625.5328268652107,844.1612597166411,0.0,100,0,0.0,0,0,0.0,0.0,0.0,0.0,0.0,0.0,0,0.0,0.0,0,1200,1200,27.62126588821411,25.0,0.0,1125.0,False,infeasible,nils_complete,121308.56914419428,844.1612597166411,,0.0,,0.0,False,feasible_only,0.0,,False,,,,
S0066_R03,6602029,truck_only,S0066,n100_p0.75_d3_uniform_Elow_V2.00_Hlong_PWmoderate_B0.15,100,0.75,0.75,3,3,low,2.0,uniform,long,moderate,0.15,20.0,5.0,1.0,peripheral,90148.29169031717,615.897048254382,0.0,0.0,89532.39464206279,89532.39464206279,3365.8561007869866,0.0,528.7665040680989,769.8713103179774,0.0,100,0,0.0,0,0,0.0,0.0,0.0,0.0,0.0,0.0,0,0.0,0.0,0,0,0,0.1370556354522705,0.0,0.0,0.0,False,infeasible,baseline_truck_only,90148.29169031717,769.8713103179774,,,,0.0,False,feasible_only,0.0,,False,,,,
S0066_R03,6602029,nils,S0066,n100_p0.75_d3_uniform_Elow_V2.00_Hlong_PWmoderate_B0.15,100,0.75,0.75,3,3,low,2.0,uniform,long,moderate,0.15,20.0,5.0,1.0,peripheral,90148.29169031717,615.897048254382,0.0,0.0,89532.39464206279,89532.39464206279,3365.8561007869866,0.0,528.7665040680989,769.8713103179774,0.0,100,0,0.0,0,0,0.0,0.0,0.0,0.0,0.0,0.0,0,0.0,0.0,0,975,975,26.880228281021118,25.0,0.0,975.0,False,infeasible,nils_complete,90148.29169031717,769.8713103179774,,0.0,,0.0,False,feasible_only,0.0,,False,,,,
S0066_R04,6602030,truck_only,S0066,n100_p0.75_d3_uniform_Elow_V2.00_Hlong_PWmoderate_B0.15,100,0.75,0.75,3,3,low,2.0,uniform,long,moderate,0.15,20.0,5.0,1.0,peripheral,159769.59644038192,632.1612898875289,0.0,0.0,159137.4351504944,159137.4351504944,6554.401597574074,0.0,684.4553726085724,790.2016123594108,0.0,100,0,0.0,0,0,0.0,0.0,0.0,0.0,0.0,0.0,0,0.0,0.0,0,0,0,0.09264111518859863,0.0,0.0,0.0,False,infeasible,baseline_truck_only,159769.59644038192,790.2016123594108,,,,0.0,False,feasible_only,0.0,,False,,,,
S0066_R04,6602030,nils,S0066,n100_p0.75_d3_uniform_Elow_V2.00_Hlong_PWmoderate_B0.15,100,0.75,0.75,3,3,low,2.0,uniform,long,moderate,0.15,20.0,5.0,1.0,peripheral,159769.59644038192,632.1612898875289,0.0,0.0,159137.4351504944,159137.4351504944,6554.401597574074,0.0,684.4553726085724,790.2016123594108,0.0,100,0,0.0,0,0,0.0,0.0,0.0,0.0,0.0,0.0,0,0.0,0.0,0,975,975,25.34882616996765,25.0,0.0,675.0,False,infeasible,nils_complete,159769.59644038192,790.2016123594108,,0.0,,0.0,False,feasible_only,0.0,,False,,,,
S0066_R05,6602031,truck_only,S0066,n100_p0.75_d3_uniform_Elow_V2.00_Hlong_PWmoderate_B0.15,100,0.75,0.75,3,3,low,2.0,uniform,long,moderate,0.15,20.0,5.0,1.0,peripheral,119350.51068056843,638.6708353137111,0.0,0.0,118711.83984525473,118711.83984525473,4683.3410695896055,0.0,553.8980402563734,798.338544142139,0.0,100,0,0.0,0,0,0.0,0.0,0.0,0.0,0.0,0.0,0,0.0,0.0,0,0,0,0.12095499038696289,0.0,0.0,0.0,False,infeasible,baseline_truck_only,119350.51068056843,798.338544142139,,,,0.0,False,feasible_only,0.0,,False,,,,
S0066_R05,6602031,nils,S0066,n100_p0.75_d3_uniform_Elow_V2.00_Hlong_PWmoderate_B0.15,100,0.75,0.75,3,3,low,2.0,uniform,long,moderate,0.15,20.0,5.0,1.0,peripheral,119350.51068056843,638.6708353137111,0.0,0.0,118711.83984525473,118711.83984525473,4683.3410695896055,0.0,553.8980402563734,798.338544142139,0.0,100,0,0.0,0,0,0.0,0.0,0.0,0.0,0.0,0.0,0,0.0,0.0,0,525,525,34.72078609466553,25.0,0.0,3300.0,False,infeasible,nils_complete,119350.51068056843,798.338544142139,,0.0,,0.0,False,feasible_only,0.0,,False,,,,
S0066_R06,6602032,truck_only,S0066,n100_p0.75_d3_uniform_Elow_V2.00_Hlong_PWmoderate_B0.15,100,0.75,0.75,3,3,low,2.0,uniform,long,moderate,0.15,20.0,5.0,1.0,peripheral,101060.35606015446,719.0552377097827,0.0,0.0,100341.30082244468,100341.30082244468,3388.1768216253827,0.0,716.5789103681739,898.8190471372278,0.0,100,0,0.0,0,0,0.0,0.0,0.0,0.0,0.0,0.0,0,0.0,0.0,0,0,0,0.09625530242919922,0.0,0.0,0.0,False,infeasible,baseline_truck_only,101060.35606015446,898.8190471372278,,,,0.0,False,feasible_only,0.0,,False,,,,
S0066_R06,6602032,nils,S0066,n100_p0.75_d3_uniform_Elow_V2.00_Hlong_PWmoderate_B0.15,100,0.75,0.75,3,3,low,2.0,uniform,long,moderate,0.15,20.0,5.0,1.0,peripheral,101060.35606015446,719.0552377097827,0.0,0.0,100341.30082244468,100341.30082244468,3388.1768216253827,0.0,716.5789103681739,898.8190471372278,0.0,100,0,0.0,0,0,0.0,0.0,0.0,0.0,0.0,0.0,0,0.0,0.0,0,600,600,28.69418501853943,25.0,0.0,1125.0,False,infeasible,nils_complete,101060.35606015446,898.8190471372278,,0.0,,0.0,False,feasible_only,0.0,,False,,,,
S0066_R07,6602033,truck_only,S0066,n100_p0.75_d3_uniform_Elow_V2.00_Hlong_PWmoderate_B0.15,100,0.75,0.75,3,3,low,2.0,uniform,long,moderate,0.15,20.0,5.0,1.0,peripheral,117499.6152563438,645.9036517950979,0.0,0.0,116853.71160454869,116853.71160454869,4518.774977227709,0.0,547.3462504538395,807.3795647438722,0.0,100,0,0.0,0,0,0.0,0.0,0.0,0.0,0.0,0.0,0,0.0,0.0,0,0,0,0.09001731872558594,0.0,0.0,0.0,False,infeasible,baseline_truck_only,117499.6152563438,807.3795647438722,,,,0.0,False,feasible_only,0.0,,False,,,,
S0066_R07,6602033,nils,S0066,n100_p0.75_d3_uniform_Elow_V2.00_Hlong_PWmoderate_B0.15,100,0.75,0.75,3,3,low,2.0,uniform,long,moderate,0.15,20.0,5.0,1.0,peripheral,117499.6152563438,645.9036517950979,0.0,0.0,116853.71160454869,116853.71160454869,4518.774977227709,0.0,547.3462504538395,807.3795647438722,0.0,100,0,0.0,0,0,0.0,0.0,0.0,0.0,0.0,0.0,0,0.0,0.0,0,900,900,26.214919090270996,25.0,0.0,750.0,False,infeasible,nils_complete,117499.6152563438,807.3795647438722,,0.0,,0.0,False,feasible_only,0.0,,False,,,,
S0066_R08,6602034,truck_only,S0066,n100_p0.75_d3_uniform_Elow_V2.00_Hlong_PWmoderate_B0.15,100,0.75,0.75,3,3,low,2.0,uniform,long,moderate,0.15,20.0,5.0,1.0,peripheral,118057.6874829557,702.5564812079364,0.0,0.0,117355.13100174777,117355.13100174777,4927.537552308764,0.0,719.7864574087832,878.1956015099202,0.0,100,0,0.0,0,0,0.0,0.0,0.0,0.0,0.0,0.0,0,0.0,0.0,0,0,0,0.10236406326293945,0.0,0.0,0.0,False,infeasible,baseline_truck_only,118057.6874829557,878.1956015099202,,,,0.0,False,feasible_only,0.0,,False,,,,
S0066_R08,6602034,nils,S0066,n100_p0.75_d3_uniform_Elow_V2.00_Hlong_PWmoderate_B0.15,100,0.75,0.75,3,3,low,2.0,uniform,long,moderate,0.15,20.0,5.0,1.0,peripheral,118057.6874829557,702.5564812079364,0.0,0.0,117355.13100174777,117355.13100174777,4927.537552308764,0.0,719.7864574087832,878.1956015099202,0.0,100,0,0.0,0,0,0.0,0.0,0.0,0.0,0.0,0.0,0,0.0,0.0,0,1050,1050,33.59445238113403,25.0,0.0,1350.0,False,infeasible,nils_complete,118057.6874829557,878.1956015099202,,0.0,,0.0,False,feasible_only,0.0,,False,,,,
S0066_R09,6602035,truck_only,S0066,n100_p0.75_d3_uniform_Elow_V2.00_Hlong_PWmoderate_B0.15,100,0.75,0.75,3,3,low,2.0,uniform,long,moderate,0.15,20.0,5.0,1.0,peripheral,139243.65941180513,673.9172891984882,0.0,0.0,138569.74212260664,138569.74212260664,5867.571407446664,0.0,609.6372943117046,842.3966114981107,0.0,100,0,0.0,0,0,0.0,0.0,0.0,0.0,0.0,0.0,0,0.0,0.0,0,0,0,0.12415051460266113,0.0,0.0,0.0,False,infeasible,baseline_truck_only,139243.65941180513,842.3966114981107,,,,0.0,False,feasible_only,0.0,,False,,,,
S0066_R09,6602035,nils,S0066,n100_p0.75_d3_uniform_Elow_V2.00_Hlong_PWmoderate_B0.15,100,0.75,0.75,3,3,low,2.0,uniform,long,moderate,0.15,20.0,5.0,1.0,peripheral,139243.65941180513,673.9172891984882,0.0,0.0,138569.74212260664,138569.74212260664,5867.571407446664,0.0,609.6372943117046,842.3966114981107,0.0,100,0,0.0,0,0,0.0,0.0,0.0,0.0,0.0,0.0,0,0.0,0.0,0,975,975,34.004658460617065,25.0,0.0,975.0,False,infeasible,nils_complete,139243.65941180513,842.3966114981107,,0.0,,0.0,False,feasible_only,0.0,,False,,,,
S0066_R10,6602036,truck_only,S0066,n100_p0.75_d3_uniform_Elow_V2.00_Hlong_PWmoderate_B0.15,100,0.75,0.75,3,3,low,2.0,uniform,long,moderate,0.15,20.0,5.0,1.0,peripheral,121411.71079343643,669.4778942432554,0.0,0.0,120742.23289919317,120742.23289919317,4853.95366858613,0.0,539.2742490784642,836.8473678040691,0.0,100,0,0.0,0,0,0.0,0.0,0.0,0.0,0.0,0.0,0,0.0,0.0,0,0,0,0.12808585166931152,0.0,0.0,0.0,False,infeasible,baseline_truck_only,121411.71079343643,836.8473678040691,,,,0.0,False,feasible_only,0.0,,False,,,,
S0066_R10,6602036,nils,S0066,n100_p0.75_d3_uniform_Elow_V2.00_Hlong_PWmoderate_B0.15,100,0.75,0.75,3,3,low,2.0,uniform,long,moderate,0.15,20.0,5.0,1.0,peripheral,121411.71079343643,669.4778942432554,0.0,0.0,120742.23289919317,120742.23289919317,4853.95366858613,0.0,539.2742490784642,836.8473678040691,0.0,100,0,0.0,0,0,0.0,0.0,0.0,0.0,0.0,0.0,0,0.0,0.0,0,750,750,36.583197593688965,25.0,0.0,1800.0,False,infeasible,nils_complete,121411.71079343643,836.8473678040691,,0.0,,0.0,False,feasible_only,0.0,,False,,,,
S0067_R01,6702027,truck_only,S0067,n100_p0.75_d3_uniform_Emedium_V1.25_Hmedium_PWstrict_B0.15,100,0.75,0.75,3,3,medium,1.25,uniform,medium,strict,0.15,200.0,40.0,1.0,peripheral,848420.0067024623,653.9981946640521,0.0,0.0,847766.0085077983,847766.0085077983,3366.1052090764174,0.0,561.8912431347806,817.4977433300652,0.0,100,0,0.0,0,0,0.0,0.0,0.0,0.0,0.0,0.0,0,0.0,0.0,0,0,0,0.12662315368652344,0.0,0.0,0.0,False,infeasible,baseline_truck_only,848420.0067024623,817.4977433300652,,,,0.0,False,feasible_only,0.0,,False,,,,
S0067_R01,6702027,nils,S0067,n100_p0.75_d3_uniform_Emedium_V1.25_Hmedium_PWstrict_B0.15,100,0.75,0.75,3,3,medium,1.25,uniform,medium,strict,0.15,200.0,40.0,1.0,peripheral,848420.0067024623,653.9981946640521,0.0,0.0,847766.0085077983,847766.0085077983,3366.1052090764174,0.0,561.8912431347806,817.4977433300652,0.0,100,0,0.0,0,0,0.0,0.0,0.0,0.0,0.0,0.0,0,0.0,0.0,0,1500,1500,42.74527359008789,25.0,0.0,3075.0,False,infeasible,nils_complete,848420.0067024623,817.4977433300652,,0.0,,0.0,False,feasible_only,0.0,,False,,,,
S0067_R02,6702028,truck_only,S0067,n100_p0.75_d3_uniform_Emedium_V1.25_Hmedium_PWstrict_B0.15,100,0.75,0.75,3,3,medium,1.25,uniform,medium,strict,0.15,200.0,40.0,1.0,peripheral,852626.6367527257,696.737706260365,0.0,0.0,851929.8990464653,851929.8990464653,3487.7127968728128,0.0,657.5673986600749,870.9221328254563,0.0,100,0,0.0,0,0,0.0,0.0,0.0,0.0,0.0,0.0,0,0.0,0.0,0,0,0,0.13672566413879395,0.0,0.0,0.0,False,infeasible,baseline_truck_only,852626.6367527257,870.9221328254563,,,,0.0,False,feasible_only,0.0,,False,,,,
S0067_R02,6702028,nils,S0067,n100_p0.75_d3_uniform_Emedium_V1.25_Hmedium_PWstrict_B0.15,100,0.75,0.75,3,3,medium,1.25,uniform,medium,strict,0.15,200.0,40.0,1.0,peripheral,852626.6367527257,696.737706260365,0.0,0.0,851929.8990464653,851929.8990464653,3487.7127968728128,0.0,657.5673986600749,870.9221328254563,0.0,100,0,0.0,0,0,0.0,0.0,0.0,0.0,0.0,0.0,0,0.0,0.0,0,2025,2025,35.63237118721008,25.0,0.0,1725.0,False,infeasible,nils_complete,852626.6367527257,870.9221328254563,,0.0,,0.0,False,feasible_only,0.0,,False,,,,
S0067_R03,6702029,truck_only,S0067,n100_p0.75_d3_uniform_Emedium_V1.25_Hmedium_PWstrict_B0.15,100,0.75,0.75,3,3,medium,1.25,uniform,medium,strict,0.15,200.0,40.0,1.0,peripheral,833731.747291827,677.1699584046007,0.0,0.0,833054.5773334224,833054.5773334224,3410.5280956695733,0.0,539.9373702195534,846.4624480057506,0.0,100,0,0.0,0,0,0.0,0.0,0.0,0.0,0.0,0.0,0,0.0,0.0,0,0,0,0.115570068359375,0.0,0.0,0.0,False,infeasible,baseline_truck_only,833731.747291827,846.4624480057506,,,,0.0,False,feasible_only,0.0,,False,,,,
S0067_R03,6702029,nils,S0067,n100_p0.75_d3_uniform_Emedium_V1.25_Hmedium_PWstrict_B0.15,100,0.75,0.75,3,3,medium,1.25,uniform,medium,strict,0.15,200.0,40.0,1.0,peripheral,833731.747291827,677.1699584046007,0.0,0.0,833054.5773334224,833054.5773334224,3410.5280956695733,0.0,539.9373702195534,846.4624480057506,0.0,100,0,0.0,0,0,0.0,0.0,0.0,0.0,0.0,0.0,0,0.0,0.0,0,1725,1725,32.55160164833069,25.0,0.0,975.0,False,infeasible,nils_complete,833731.747291827,846.4624480057506,,0.0,,0.0,False,feasible_only,0.0,,False,,,,
S0067_R04,6702030,truck_only,S0067,n100_p0.75_d3_uniform_Emedium_V1.25_Hmedium_PWstrict_B0.15,100,0.75,0.75,3,3,medium,1.25,uniform,medium,strict,0.15,200.0,40.0,1.0,peripheral,780473.8254927666,641.6698385436149,0.0,0.0,779832.1556542229,779832.1556542229,3081.9542518245435,0.0,601.2400939193132,802.0872981795188,0.0,100,0,0.0,0,0,0.0,0.0,0.0,0.0,0.0,0.0,0,0.0,0.0,0,0,0,0.10386085510253906,0.0,0.0,0.0,False,infeasible,baseline_truck_only,780473.8254927666,802.0872981795188,,,,0.0,False,feasible_only,0.0,,False,,,,
S0067_R04,6702030,nils,S0067,n100_p0.75_d3_uniform_Emedium_V1.25_Hmedium_PWstrict_B0.15,100,0.75,0.75,3,3,medium,1.25,uniform,medium,strict,0.15,200.0,40.0,1.0,peripheral,780473.8254927666,641.6698385436149,0.0,0.0,779832.1556542229,779832.1556542229,3081.9542518245435,0.0,601.2400939193132,802.0872981795188,0.0,100,0,0.0,0,0,0.0,0.0,0.0,0.0,0.0,0.0,0,0.0,0.0,0,1350,1350,35.32795548439026,25.0,0.0,1575.0,False,infeasible,nils_complete,780473.8254927666,802.0872981795188,,0.0,,0.0,False,feasible_only,0.0,,False,,,,
S0067_R05,6702031,truck_only,S0067,n100_p0.75_d3_uniform_Emedium_V1.25_Hmedium_PWstrict_B0.15,100,0.75,0.75,3,3,medium,1.25,uniform,medium,strict,0.15,200.0,40.0,1.0,peripheral,961154.6775101564,646.2141816067423,0.0,0.0,960508.4633285496,960508.4633285496,3524.7757320299024,0.0,673.4261698791441,807.7677270084272,0.0,100,0,0.0,0,0,0.0,0.0,0.0,0.0,0.0,0.0,0,0.0,0.0,0,0,0,0.14467287063598633,0.0,0.0,0.0,False,infeasible,baseline_truck_only,961154.6775101564,807.7677270084272,,,,0.0,False,feasible_only,0.0,,False,,,,
S0067_R05,6702031,nils,S0067,n100_p0.75_d3_uniform_Emedium_V1.25_Hmedium_PWstrict_B0.15,100,0.75,0.75,3,3,medium,1.25,uniform,medium,strict,0.15,200.0,40.0,1.0,peripheral,961154.6775101564,646.2141816067423,0.0,0.0,960508.4633285496,960508.4633285496,3524.7757320299024,0.0,673.4261698791441,807.7677270084272,0.0,100,0,0.0,0,0,0.0,0.0,0.0,0.0,0.0,0.0,0,0.0,0.0,0,1875,1875,37.97738742828369,25.0,0.0,2100.0,False,infeasible,nils_complete,961154.6775101564,807.7677270084272,,0.0,,0.0,False,feasible_only,0.0,,False,,,,
S0067_R06,6702032,truck_only,S0067,n100_p0.75_d3_uniform_Emedium_V1.25_Hmedium_PWstrict_B0.15,100,0.75,0.75,3,3,medium,1.25,uniform,medium,strict,0.15,200.0,40.0,1.0,peripheral,992017.6032809418,619.397620879527,0.0,0.0,991398.2056600623,991398.2056600623,3928.565033110452,0.0,662.0989423029544,774.247026099409,0.0,100,0,0.0,0,0,0.0,0.0,0.0,0.0,0.0,0.0,0,0.0,0.0,0,0,0,0.1169278621673584,0.0,0.0,0.0,False,infeasible,baseline_truck_only,992017.6032809418,774.247026099409,,,,0.0,False,feasible_only,0.0,,False,,,,
S0067_R06,6702032,nils,S0067,n100_p0.75_d3_uniform_Emedium_V1.25_Hmedium_PWstrict_B0.15,100,0.75,0.75,3,3,medium,1.25,uniform,medium,strict,0.15,200.0,40.0,1.0,peripheral,992017.6032809418,619.397620879527,0.0,0.0,991398.2056600623,991398.2056600623,3928.565033110452,0.0,662.0989423029544,774.247026099409,0.0,100,0,0.0,0,0,0.0,0.0,0.0,0.0,0.0,0.0,0,0.0,0.0,0,1875,1875,31.246924877166748,25.0,0.0,750.0,False,infeasible,nils_complete,992017.6032809418,774.247026099409,,0.0,,0.0,False,feasible_only,0.0,,False,,,,
S0067_R07,6702033,truck_only,S0067,n100_p0.75_d3_uniform_Emedium_V1.25_Hmedium_PWstrict_B0.15,100,0.75,0.75,3,3,medium,1.25,uniform,medium,strict,0.15,200.0,40.0,1.0,peripheral,875738.9993905288,637.3746653014167,0.0,0.0,875101.6247252274,875101.6247252274,3447.3575385340205,0.0,627.1085218526712,796.7183316267706,0.0,100,0,0.0,0,0,0.0,0.0,0.0,0.0,0.0,0.0,0,0.0,0.0,0,0,0,0.12282586097717285,0.0,0.0,0.0,False,infeasible,baseline_truck_only,875738.9993905288,796.7183316267706,,,,0.0,False,feasible_only,0.0,,False,,,,
S0067_R07,6702033,nils,S0067,n100_p0.75_d3_uniform_Emedium_V1.25_Hmedium_PWstrict_B0.15,100,0.75,0.75,3,3,medium,1.25,uniform,medium,strict,0.15,200.0,40.0,1.0,peripheral,875738.9993905288,637.3746653014167,0.0,0.0,875101.6247252274,875101.6247252274,3447.3575385340205,0.0,627.1085218526712,796.7183316267706,0.0,100,0,0.0,0,0,0.0,0.0,0.0,0.0,0.0,0.0,0,0.0,0.0,0,2175,2175,33.5912446975708,25.0,0.0,1200.0,False,infeasible,nils_complete,875738.9993905288,796.7183316267706,,0.0,,0.0,False,feasible_only,0.0,,False,,,,
S0067_R08,6702034,truck_only,S0067,n100_p0.75_d3_uniform_Emedium_V1.25_Hmedium_PWstrict_B0.15,100,0.75,0.75,3,3,medium,1.25,uniform,medium,strict,0.15,200.0,40.0,1.0,peripheral,992226.8254929458,621.4384386155078,0.0,0.0,991605.3870543303,991605.3870543303,4173.215033451944,0.0,549.3221705279161,776.7980482693852,0.0,100,0,0.0,0,0,0.0,0.0,0.0,0.0,0.0,0.0,0,0.0,0.0,0,0,0,0.12374496459960938,0.0,0.0,0.0,False,infeasible,baseline_truck_only,992226.8254929458,776.7980482693852,,,,0.0,False,feasible_only,0.0,,False,,,,
S0067_R08,6702034,nils,S0067,n100_p0.75_d3_uniform_Emedium_V1.25_Hmedium_PWstrict_B0.15,100,0.75,0.75,3,3,medium,1.25,uniform,medium,strict,0.15,200.0,40.0,1.0,peripheral,992226.8254929458,621.4384386155078,0.0,0.0,991605.3870543303,991605.3870543303,4173.215033451944,0.0,549.3221705279161,776.7980482693852,0.0,100,0,0.0,0,0,0.0,0.0,0.0,0.0,0.0,0.0,0,0.0,0.0,0,1425,1425,42.28754448890686,25.0,0.0,2700.0,False,infeasible,nils_complete,992226.8254929458,776.7980482693852,,0.0,,0.0,False,feasible_only,0.0,,False,,,,
S0067_R09,6702035,truck_only,S0067,n100_p0.75_d3_uniform_Emedium_V1.25_Hmedium_PWstrict_B0.15,100,0.75,0.75,3,3,medium,1.25,uniform,medium,strict,0.15,200.0,40.0,1.0,peripheral,1235641.080054761,656.880167858072,0.0,0.0,1234984.199886903,1234984.199886903,5283.760127564325,0.0,588.129145887455,821.1002098225902,0.0,100,0,0.0,0,0,0.0,0.0,0.0,0.0,0.0,0.0,0,0.0,0.0,0,0,0,0.11995148658752441,0.0,0.0,0.0,False,infeasible,baseline_truck_only,1235641.080054761,821.1002098225902,,,,0.0,False,feasible_only,0.0,,False,,,,
S0067_R09,6702035,nils,S0067,n100_p0.75_d3_uniform_Emedium_V1.25_Hmedium_PWstrict_B0.15,100,0.75,0.75,3,3,medium,1.25,uniform,medium,strict,0.15,200.0,40.0,1.0,peripheral,1235641.080054761,656.880167858072,0.0,0.0,1234984.199886903,1234984.199886903,5283.760127564325,0.0,588.129145887455,821.1002098225902,0.0,100,0,0.0,0,0,0.0,0.0,0.0,0.0,0.0,0.0,0,0.0,0.0,0,2025,2025,32.222174406051636,25.0,0.0,750.0,False,infeasible,nils_complete,1235641.080054761,821.1002098225902,,0.0,,0.0,False,feasible_only,0.0,,False,,,,
S0067_R10,6702036,truck_only,S0067,n100_p0.75_d3_uniform_Emedium_V1.25_Hmedium_PWstrict_B0.15,100,0.75,0.75,3,3,medium,1.25,uniform,medium,strict,0.15,200.0,40.0,1.0,peripheral,667689.5788573246,602.1108973677304,0.0,0.0,667087.4679599568,667087.4679599568,2465.29909277889,0.0,536.0632375879718,752.638621709663,0.0,100,0,0.0,0,0,0.0,0.0,0.0,0.0,0.0,0.0,0,0.0,0.0,0,0,0,0.14736628532409668,0.0,0.0,0.0,False,infeasible,baseline_truck_only,667689.5788573246,752.638621709663,,,,0.0,False,feasible_only,0.0,,False,,,,
S0067_R10,6702036,nils,S0067,n100_p0.75_d3_uniform_Emedium_V1.25_Hmedium_PWstrict_B0.15,100,0.75,0.75,3,3,medium,1.25,uniform,medium,strict,0.15,200.0,40.0,1.0,peripheral,667689.5788573246,602.1108973677304,0.0,0.0,667087.4679599568,667087.4679599568,2465.29909277889,0.0,536.0632375879718,752.638621709663,0.0,100,0,0.0,0,0,0.0,0.0,0.0,0.0,0.0,0.0,0,0.0,0.0,0,1875,1875,28.242713689804077,25.0,0.0,1200.0,False,infeasible,nils_complete,667689.5788573246,752.638621709663,,0.0,,0.0,False,feasible_only,0.0,,False,,,,
S0068_R01,6802027,truck_only,S0068,n100_p0.75_d3_uniform_Emedium_V2.00_Hmedium_PWstrict_B0.15,100,0.75,0.75,3,3,medium,2.0,uniform,medium,strict,0.15,200.0,40.0,1.0,peripheral,794854.030019722,667.406945258535,0.0,0.0,794186.6230744635,794186.6230744635,3222.2561660607576,0.0,592.1601266078867,834.2586815731688,0.0,100,0,0.0,0,0,0.0,0.0,0.0,0.0,0.0,0.0,0,0.0,0.0,0,0,0,0.0950920581817627,0.0,0.0,0.0,False,infeasible,baseline_truck_only,794854.030019722,834.2586815731688,,,,0.0,False,feasible_only,0.0,,False,,,,
S0068_R01,6802027,nils,S0068,n100_p0.75_d3_uniform_Emedium_V2.00_Hmedium_PWstrict_B0.15,100,0.75,0.75,3,3,medium,2.0,uniform,medium,strict,0.15,200.0,40.0,1.0,peripheral,794854.030019722,667.406945258535,0.0,0.0,794186.6230744635,794186.6230744635,3222.2561660607576,0.0,592.1601266078867,834.2586815731688,0.0,100,0,0.0,0,0,0.0,0.0,0.0,0.0,0.0,0.0,0,0.0,0.0,0,0,0,35.746155977249146,25.0,0.0,3525.0,False,infeasible,nils_complete,794854.030019722,834.2586815731688,,0.0,,0.0,False,feasible_only,0.0,,False,,,,
S0068_R02,6802028,truck_only,S0068,n100_p0.75_d3_uniform_Emedium_V2.00_Hmedium_PWstrict_B0.15,100,0.75,0.75,3,3,medium,2.0,uniform,medium,strict,0.15,200.0,40.0,1.0,peripheral,929005.8796557983,659.9815566067929,0.0,0.0,928345.8980991915,928345.8980991915,3515.341242873773,0.0,541.9083155772502,824.9769457584906,0.0,100,0,0.0,0,0,0.0,0.0,0.0,0.0,0.0,0.0,0,0.0,0.0,0,0,0,0.09800314903259277,0.0,0.0,0.0,False,infeasible,baseline_truck_only,929005.8796557983,824.9769457584906,,,,0.0,False,feasible_only,0.0,,False,,,,
S0068_R02,6802028,nils,S0068,n100_p0.75_d3_uniform_Emedium_V2.00_Hmedium_PWstrict_B0.15,100,0.75,0.75,3,3,medium,2.0,uniform,medium,strict,0.15,200.0,40.0,1.0,peripheral,929005.8796557983,659.9815566067929,0.0,0.0,928345.8980991915,928345.8980991915,3515.341242873773,0.0,541.9083155772502,824.9769457584906,0.0,100,0,0.0,0,0,0.0,0.0,0.0,0.0,0.0,0.0,0,0.0,0.0,0,0,0,29.808051824569702,25.0,0.0,1500.0,False,infeasible,nils_complete,929005.8796557983,824.9769457584906,,0.0,,0.0,False,feasible_only,0.0,,False,,,,
S0068_R03,6802029,truck_only,S0068,n100_p0.75_d3_uniform_Emedium_V2.00_Hmedium_PWstrict_B0.15,100,0.75,0.75,3,3,medium,2.0,uniform,medium,strict,0.15,200.0,40.0,1.0,peripheral,1202753.9184362262,654.7114383923064,0.0,0.0,1202099.206997834,1202099.206997834,5069.595289793341,0.0,506.7056770986895,818.389297990383,0.0,100,0,0.0,0,0,0.0,0.0,0.0,0.0,0.0,0.0,0,0.0,0.0,0,0,0,0.10567355155944824,0.0,0.0,0.0,False,infeasible,baseline_truck_only,1202753.9184362262,818.389297990383,,,,0.0,False,feasible_only,0.0,,False,,,,
S0068_R03,6802029,nils,S0068,n100_p0.75_d3_uniform_Emedium_V2.00_Hmedium_PWstrict_B0.15,100,0.75,0.75,3,3,medium,2.0,uniform,medium,strict,0.15,200.0,40.0,1.0,peripheral,1202753.9184362262,654.7114383923064,0.0,0.0,1202099.206997834,1202099.206997834,5069.595289793341,0.0,506.7056770986895,818.389297990383,0.0,100,0,0.0,0,0,0.0,0.0,0.0,0.0,0.0,0.0,0,0.0,0.0,0,0,0,27.137707710266113,25.0,0.0,1275.0,False,infeasible,nils_complete,1202753.9184362262,818.389297990383,,0.0,,0.0,False,feasible_only,0.0,,False,,,,
S0068_R04,6802030,truck_only,S0068,n100_p0.75_d3_uniform_Emedium_V2.00_Hmedium_PWstrict_B0.15,100,0.75,0.75,3,3,medium,2.0,uniform,medium,strict,0.15,200.0,40.0,1.0,peripheral,1262028.0781430886,649.6648402071428,0.0,0.0,1261378.4133028814,1261378.4133028814,5326.78604818868,0.0,610.4383377351932,812.0810502589285,0.0,100,0,0.0,0,0,0.0,0.0,0.0,0.0,0.0,0.0,0,0.0,0.0,0,0,0,0.09392666816711426,0.0,0.0,0.0,False,infeasible,baseline_truck_only,1262028.0781430886,812.0810502589285,,,,0.0,False,feasible_only,0.0,,False,,,,
S0068_R04,6802030,nils,S0068,n100_p0.75_d3_uniform_Emedium_V2.00_Hmedium_PWstrict_B0.15,100,0.75,0.75,3,3,medium,2.0,uniform,medium,strict,0.15,200.0,40.0,1.0,peripheral,1262028.0781430886,649.6648402071428,0.0,0.0,1261378.4133028814,1261378.4133028814,5326.78604818868,0.0,610.4383377351932,812.0810502589285,0.0,100,0,0.0,0,0,0.0,0.0,0.0,0.0,0.0,0.0,0,0.0,0.0,0,0,0,29.811887979507446,25.0,0.0,1650.0,False,infeasible,nils_complete,1262028.0781430886,812.0810502589285,,0.0,,0.0,False,feasible_only,0.0,,False,,,,
S0068_R05,6802031,truck_only,S0068,n100_p0.75_d3_uniform_Emedium_V2.00_Hmedium_PWstrict_B0.15,100,0.75,0.75,3,3,medium,2.0,uniform,medium,strict,0.15,200.0,40.0,1.0,peripheral,909389.997976363,676.2438109813925,0.0,0.0,908713.7541653817,908713.7541653817,3518.396692422856,0.0,676.5653153067015,845.3047637267402,0.0,100,0,0.0,0,0,0.0,0.0,0.0,0.0,0.0,0.0,0,0.0,0.0,0,0,0,0.09285736083984375,0.0,0.0,0.0,False,infeasible,baseline_truck_only,909389.997976363,845.3047637267402,,,,0.0,False,feasible_only,0.0,,False,,,,
S0068_R05,6802031,nils,S0068,n100_p0.75_d3_uniform_Emedium_V2.00_Hmedium_PWstrict_B0.15,100,0.75,0.75,3,3,medium,2.0,uniform,medium,strict,0.15,200.0,40.0,1.0,peripheral,909389.997976363,676.2438109813925,0.0,0.0,908713.7541653817,908713.7541653817,3518.396692422856,0.0,676.5653153067015,845.3047637267402,0.0,100,0,0.0,0,0,0.0,0.0,0.0,0.0,0.0,0.0,0,0.0,0.0,0,0,0,29.694761991500854,25.0,0.0,1875.0,False,infeasible,nils_complete,909389.997976363,845.3047637267402,,0.0,,0.0,False,feasible_only,0.0,,False,,,,
S0068_R06,6802032,truck_only,S0068,n100_p0.75_d3_uniform_Emedium_V2.00_Hmedium_PWstrict_B0.15,100,0.75,0.75,3,3,medium,2.0,uniform,medium,strict,0.15,200.0,40.0,1.0,peripheral,736962.783156476,675.2175024787359,0.0,0.0,736287.5656539972,736287.5656539972,2835.840399851109,0.0,578.9352704390272,844.0218780984201,0.0,100,0,0.0,0,0,0.0,0.0,0.0,0.0,0.0,0.0,0,0.0,0.0,0,0,0,0.08989143371582031,0.0,0.0,0.0,False,infeasible,baseline_truck_only,736962.783156476,844.0218780984201,,,,0.0,False,feasible_only,0.0,,False,,,,
S0068_R06,6802032,nils,S0068,n100_p0.75_d3_uniform_Emedium_V2.00_Hmedium_PWstrict_B0.15,100,0.75,0.75,3,3,medium,2.0,uniform,medium,strict,0.15,200.0,40.0,1.0,peripheral,736962.783156476,675.2175024787359,0.0,0.0,736287.5656539972,736287.5656539972,2835.840399851109,0.0,578.9352704390272,844.0218780984201,0.0,100,0,0.0,0,0,0.0,0.0,0.0,0.0,0.0,0.0,0,0.0,0.0,0,0,0,30.40614628791809,25.0,0.0,1650.0,False,infeasible,nils_complete,736962.783156476,844.0218780984201,,0.0,,0.0,False,feasible_only,0.0,,False,,,,
S0068_R07,6802033,truck_only,S0068,n100_p0.75_d3_uniform_Emedium_V2.00_Hmedium_PWstrict_B0.15,100,0.75,0.75,3,3,medium,2.0,uniform,medium,strict,0.15,200.0,40.0,1.0,peripheral,780446.601164685,607.5572939499187,0.0,0.0,779839.0438707351,779839.0438707351,3089.8748064336037,0.0,549.819084627267,759.4466174373987,0.0,100,0,0.0,0,0,0.0,0.0,0.0,0.0,0.0,0.0,0,0.0,0.0,0,0,0,0.10132932662963867,0.0,0.0,0.0,False,infeasible,baseline_truck_only,780446.601164685,759.4466174373987,,,,0.0,False,feasible_only,0.0,,False,,,,
S0068_R07,6802033,nils,S0068,n100_p0.75_d3_uniform_Emedium_V2.00_Hmedium_PWstrict_B0.15,100,0.75,0.75,3,3,medium,2.0,uniform,medium,strict,0.15,200.0,40.0,1.0,peripheral,780446.601164685,607.5572939499187,0.0,0.0,779839.0438707351,779839.0438707351,3089.8748064336037,0.0,549.819084627267,759.4466174373987,0.0,100,0,0.0,0,0,0.0,0.0,0.0,0.0,0.0,0.0,0,0.0,0.0,0,0,0,35.18890929222107,25.0,0.0,3375.0,False,infeasible,nils_complete,780446.601164685,759.4466174373987,,0.0,,0.0,False,feasible_only,0.0,,False,,,,
S0068_R08,6802034,truck_only,S0068,n100_p0.75_d3_uniform_Emedium_V2.00_Hmedium_PWstrict_B0.15,100,0.75,0.75,3,3,medium,2.0,uniform,medium,strict,0.15,200.0,40.0,1.0,peripheral,819284.4222755738,684.7585640772853,0.0,0.0,818599.6637114965,818599.6637114965,3188.2167640646003,0.0,543.4784746134518,855.9482050966064,0.0,100,0,0.0,0,0,0.0,0.0,0.0,0.0,0.0,0.0,0,0.0,0.0,0,0,0,0.13016867637634277,0.0,0.0,0.0,False,infeasible,baseline_truck_only,819284.4222755738,855.9482050966064,,,,0.0,False,feasible_only,0.0,,False,,,,
S0068_R08,6802034,nils,S0068,n100_p0.75_d3_uniform_Emedium_V2.00_Hmedium_PWstrict_B0.15,100,0.75,0.75,3,3,medium,2.0,uniform,medium,strict,0.15,200.0,40.0,1.0,peripheral,819284.4222755738,684.7585640772853,0.0,0.0,818599.6637114965,818599.6637114965,3188.2167640646003,0.0,543.4784746134518,855.9482050966064,0.0,100,0,0.0,0,0,0.0,0.0,0.0,0.0,0.0,0.0,0,0.0,0.0,0,0,0,19.271934032440186,25.0,0.0,225.0,False,infeasible,nils_complete,819284.4222755738,855.9482050966064,,0.0,,0.0,False,feasible_only,0.0,,False,,,,
S0068_R09,6802035,truck_only,S0068,n100_p0.75_d3_uniform_Emedium_V2.00_Hmedium_PWstrict_B0.15,100,0.75,0.75,3,3,medium,2.0,uniform,medium,strict,0.15,200.0,40.0,1.0,peripheral,785605.3231701029,674.1288854945161,0.0,0.0,784931.1942846084,784931.1942846084,2624.2176475884703,0.0,572.179428087448,842.661106868145,0.0,100,0,0.0,0,0,0.0,0.0,0.0,0.0,0.0,0.0,0,0.0,0.0,0,0,0,0.0988616943359375,0.0,0.0,0.0,False,infeasible,baseline_truck_only,785605.3231701029,842.661106868145,,,,0.0,False,feasible_only,0.0,,False,,,,
S0068_R09,6802035,nils,S0068,n100_p0.75_d3_uniform_Emedium_V2.00_Hmedium_PWstrict_B0.15,100,0.75,0.75,3,3,medium,2.0,uniform,medium,strict,0.15,200.0,40.0,1.0,peripheral,785605.3231701029,674.1288854945161,0.0,0.0,784931.1942846084,784931.1942846084,2624.2176475884703,0.0,572.179428087448,842.661106868145,0.0,100,0,0.0,0,0,0.0,0.0,0.0,0.0,0.0,0.0,0,0.0,0.0,0,0,0,28.773191452026367,25.0,0.0,1575.0,False,infeasible,nils_complete,785605.3231701029,842.661106868145,,0.0,,0.0,False,feasible_only,0.0,,False,,,,
S0068_R10,6802036,truck_only,S0068,n100_p0.75_d3_uniform_Emedium_V2.00_Hmedium_PWstrict_B0.15,100,0.75,0.75,3,3,medium,2.0,uniform,medium,strict,0.15,200.0,40.0,1.0,peripheral,1109437.8524936084,674.5805150165162,0.0,0.0,1108763.2719785918,1108763.2719785918,4488.320175378481,0.0,608.5613730200282,843.2256437706453,0.0,100,0,0.0,0,0,0.0,0.0,0.0,0.0,0.0,0.0,0,0.0,0.0,0,0,0,0.09554052352905273,0.0,0.0,0.0,False,infeasible,baseline_truck_only,1109437.8524936084,843.2256437706453,,,,0.0,False,feasible_only,0.0,,False,,,,
S0068_R10,6802036,nils,S0068,n100_p0.75_d3_uniform_Emedium_V2.00_Hmedium_PWstrict_B0.15,100,0.75,0.75,3,3,medium,2.0,uniform,medium,strict,0.15,200.0,40.0,1.0,peripheral,1109437.8524936084,674.5805150165162,0.0,0.0,1108763.2719785918,1108763.2719785918,4488.320175378481,0.0,608.5613730200282,843.2256437706453,0.0,100,0,0.0,0,0,0.0,0.0,0.0,0.0,0.0,0.0,0,0.0,0.0,0,0,0,37.798755407333374,25.0,0.0,3225.0,False,infeasible,nils_complete,1109437.8524936084,843.2256437706453,,0.0,,0.0,False,feasible_only,0.0,,False,,,,
S0069_R01,6902027,truck_only,S0069,n100_p0.75_d3_uniform_Emedium_V2.00_Hlong_PWflat_B0.15,100,0.75,0.75,3,3,medium,2.0,uniform,long,flat,0.15,1.0,1.0,1.0,peripheral,15562.538955799693,707.2763291250016,0.0,0.0,14855.262626674692,14855.262626674692,5019.749696840573,0.0,632.6592003776507,884.0954114062522,0.0,100,0,0.0,0,0,0.0,0.0,0.0,0.0,0.0,0.0,0,0.0,0.0,0,0,0,0.09457778930664062,0.0,0.0,0.0,False,infeasible,baseline_truck_only,15562.538955799693,884.0954114062522,,,,0.0,False,feasible_only,0.0,,False,,,,
S0069_R01,6902027,nils,S0069,n100_p0.75_d3_uniform_Emedium_V2.00_Hlong_PWflat_B0.15,100,0.75,0.75,3,3,medium,2.0,uniform,long,flat,0.15,1.0,1.0,1.0,peripheral,15562.538955799693,707.2763291250016,0.0,0.0,14855.262626674692,14855.262626674692,5019.749696840573,0.0,632.6592003776507,884.0954114062522,0.0,100,0,0.0,0,0,0.0,0.0,0.0,0.0,0.0,0.0,0,0.0,0.0,0,0,0,28.359441995620728,25.0,0.0,1425.0,False,infeasible,nils_complete,15562.538955799693,884.0954114062522,,0.0,,0.0,False,feasible_only,0.0,,False,,,,
S0069_R02,6902028,truck_only,S0069,n100_p0.75_d3_uniform_Emedium_V2.00_Hlong_PWflat_B0.15,100,0.75,0.75,3,3,medium,2.0,uniform,long,flat,0.15,1.0,1.0,1.0,peripheral,16837.21149043677,693.4982925160442,0.0,0.0,16143.713197920726,16143.713197920726,4628.707559466888,0.0,856.0438077786528,866.8728656450555,0.0,100,0,0.0,0,0,0.0,0.0,0.0,0.0,0.0,0.0,0,0.0,0.0,0,0,0,0.10526776313781738,0.0,0.0,0.0,False,infeasible,baseline_truck_only,16837.21149043677,866.8728656450555,,,,0.0,False,feasible_only,0.0,,False,,,,
S0069_R02,6902028,nils,S0069,n100_p0.75_d3_uniform_Emedium_V2.00_Hlong_PWflat_B0.15,100,0.75,0.75,3,3,medium,2.0,uniform,long,flat,0.15,1.0,1.0,1.0,peripheral,16837.21149043677,693.4982925160442,0.0,0.0,16143.713197920726,16143.713197920726,4628.707559466888,0.0,856.0438077786528,866.8728656450555,0.0,100,0,0.0,0,0,0.0,0.0,0.0,0.0,0.0,0.0,0,0.0,0.0,0,0,0,34.22748279571533,25.0,0.0,2775.0,False,infeasible,nils_complete,16837.21149043677,866.8728656450555,,0.0,,0.0,False,feasible_only,0.0,,False,,,,
S0069_R03,6902029,truck_only,S0069,n100_p0.75_d3_uniform_Emedium_V2.00_Hlong_PWflat_B0.15,100,0.75,0.75,3,3,medium,2.0,uniform,long,flat,0.15,1.0,1.0,1.0,peripheral,13474.13568370068,687.312489169662,0.0,0.0,12786.823194531018,12786.823194531018,3911.9995278307583,0.0,659.5573584847037,859.1406114620776,0.0,100,0,0.0,0,0,0.0,0.0,0.0,0.0,0.0,0.0,0,0.0,0.0,0,0,0,0.09882855415344238,0.0,0.0,0.0,False,infeasible,baseline_truck_only,13474.13568370068,859.1406114620776,,,,0.0,False,feasible_only,0.0,,False,,,,
S0069_R03,6902029,nils,S0069,n100_p0.75_d3_uniform_Emedium_V2.00_Hlong_PWflat_B0.15,100,0.75,0.75,3,3,medium,2.0,uniform,long,flat,0.15,1.0,1.0,1.0,peripheral,13474.13568370068,687.312489169662,0.0,0.0,12786.823194531018,12786.823194531018,3911.9995278307583,0.0,659.5573584847037,859.1406114620776,0.0,100,0,0.0,0,0,0.0,0.0,0.0,0.0,0.0,0.0,0,0.0,0.0,0,0,0,28.179999351501465,25.0,0.0,1425.0,False,infeasible,nils_complete,13474.13568370068,859.1406114620776,,0.0,,0.0,False,feasible_only,0.0,,False,,,,
S0069_R04,6902030,truck_only,S0069,n100_p0.75_d3_uniform_Emedium_V2.00_Hlong_PWflat_B0.15,100,0.75,0.75,3,3,medium,2.0,uniform,long,flat,0.15,1.0,1.0,1.0,peripheral,14392.954685140843,736.1793682536577,0.0,0.0,13656.775316887186,13656.775316887186,4248.175158788579,0.0,654.5838148544794,920.2242103170718,0.0,100,0,0.0,0,0,0.0,0.0,0.0,0.0,0.0,0.0,0,0.0,0.0,0,0,0,0.0921785831451416,0.0,0.0,0.0,False,infeasible,baseline_truck_only,14392.954685140843,920.2242103170718,,,,0.0,False,feasible_only,0.0,,False,,,,
S0069_R04,6902030,nils,S0069,n100_p0.75_d3_uniform_Emedium_V2.00_Hlong_PWflat_B0.15,100,0.75,0.75,3,3,medium,2.0,uniform,long,flat,0.15,1.0,1.0,1.0,peripheral,14392.954685140843,736.1793682536577,0.0,0.0,13656.775316887186,13656.775316887186,4248.175158788579,0.0,654.5838148544794,920.2242103170718,0.0,100,0,0.0,0,0,0.0,0.0,0.0,0.0,0.0,0.0,0,0.0,0.0,0,0,0,30.404319763183594,25.0,0.0,1575.0,False,infeasible,nils_complete,14392.954685140843,920.2242103170718,,0.0,,0.0,False,feasible_only,0.0,,False,,,,
S0069_R05,6902031,truck_only,S0069,n100_p0.75_d3_uniform_Emedium_V2.00_Hlong_PWflat_B0.15,100,0.75,0.75,3,3,medium,2.0,uniform,long,flat,0.15,1.0,1.0,1.0,peripheral,16412.38088270274,691.1687670764593,0.0,0.0,15721.212115626278,15721.212115626278,4991.533996181614,0.0,693.4105296613219,863.960958845574,0.0,100,0,0.0,0,0,0.0,0.0,0.0,0.0,0.0,0.0,0,0.0,0.0,0,0,0,0.08827543258666992,0.0,0.0,0.0,False,infeasible,baseline_truck_only,16412.38088270274,863.960958845574,,,,0.0,False,feasible_only,0.0,,False,,,,
S0069_R05,6902031,nils,S0069,n100_p0.75_d3_uniform_Emedium_V2.00_Hlong_PWflat_B0.15,100,0.75,0.75,3,3,medium,2.0,uniform,long,flat,0.15,1.0,1.0,1.0,peripheral,16412.38088270274,691.1687670764593,0.0,0.0,15721.212115626278,15721.212115626278,4991.533996181614,0.0,693.4105296613219,863.960958845574,0.0,100,0,0.0,0,0,0.0,0.0,0.0,0.0,0.0,0.0,0,0.0,0.0,0,0,0,34.823269844055176,25.0,0.0,3075.0,False,infeasible,nils_complete,16412.38088270274,863.960958845574,,0.0,,0.0,False,feasible_only,0.0,,False,,,,
S0069_R06,6902032,truck_only,S0069,n100_p0.75_d3_uniform_Emedium_V2.00_Hlong_PWflat_B0.15,100,0.75,0.75,3,3,medium,2.0,uniform,long,flat,0.15,1.0,1.0,1.0,peripheral,11593.055161134715,668.998542225466,0.0,0.0,10924.056618909248,10924.056618909248,3406.1093115326075,0.0,615.294210900243,836.2481777818324,0.0,100,0,0.0,0,0,0.0,0.0,0.0,0.0,0.0,0.0,0,0.0,0.0,0,0,0,0.09741449356079102,0.0,0.0,0.0,False,infeasible,baseline_truck_only,11593.055161134715,836.2481777818324,,,,0.0,False,feasible_only,0.0,,False,,,,
S0069_R06,6902032,nils,S0069,n100_p0.75_d3_uniform_Emedium_V2.00_Hlong_PWflat_B0.15,100,0.75,0.75,3,3,medium,2.0,uniform,long,flat,0.15,1.0,1.0,1.0,peripheral,11593.055161134715,668.998542225466,0.0,0.0,10924.056618909248,10924.056618909248,3406.1093115326075,0.0,615.294210900243,836.2481777818324,0.0,100,0,0.0,0,0,0.0,0.0,0.0,0.0,0.0,0.0,0,0.0,0.0,0,0,0,36.82895278930664,25.0,0.0,3600.0,False,infeasible,nils_complete,11593.055161134715,836.2481777818324,,0.0,,0.0,False,feasible_only,0.0,,False,,,,
S0069_R07,6902033,truck_only,S0069,n100_p0.75_d3_uniform_Emedium_V2.00_Hlong_PWflat_B0.15,100,0.75,0.75,3,3,medium,2.0,uniform,long,flat,0.15,1.0,1.0,1.0,peripheral,12942.55328057419,636.215383178774,0.0,0.0,12306.337897395415,12306.337897395415,3387.8215012415976,0.0,600.8478769737588,795.2692289734673,0.0,100,0,0.0,0,0,0.0,0.0,0.0,0.0,0.0,0.0,0,0.0,0.0,0,0,0,0.09607243537902832,0.0,0.0,0.0,False,infeasible,baseline_truck_only,12942.55328057419,795.2692289734673,,,,0.0,False,feasible_only,0.0,,False,,,,
S0069_R07,6902033,nils,S0069,n100_p0.75_d3_uniform_Emedium_V2.00_Hlong_PWflat_B0.15,100,0.75,0.75,3,3,medium,2.0,uniform,long,flat,0.15,1.0,1.0,1.0,peripheral,12942.55328057419,636.215383178774,0.0,0.0,12306.337897395415,12306.337897395415,3387.8215012415976,0.0,600.8478769737588,795.2692289734673,0.0,100,0,0.0,0,0,0.0,0.0,0.0,0.0,0.0,0.0,0,0.0,0.0,0,0,0,28.357202768325806,25.0,0.0,1425.0,False,infeasible,nils_complete,12942.55328057419,795.2692289734673,,0.0,,0.0,False,feasible_only,0.0,,False,,,,
S0069_R08,6902034,truck_only,S0069,n100_p0.75_d3_uniform_Emedium_V2.00_Hlong_PWflat_B0.15,100,0.75,0.75,3,3,medium,2.0,uniform,long,flat,0.15,1.0,1.0,1.0,peripheral,11303.295612139184,641.834905603745,0.0,0.0,10661.46070653544,10661.46070653544,3749.356224917376,0.0,594.1239546471927,802.2936320046812,0.0,100,0,0.0,0,0,0.0,0.0,0.0,0.0,0.0,0.0,0,0.0,0.0,0,0,0,0.09863758087158203,0.0,0.0,0.0,False,infeasible,baseline_truck_only,11303.295612139184,802.2936320046812,,,,0.0,False,feasible_only,0.0,,False,,,,
S0069_R08,6902034,nils,S0069,n100_p0.75_d3_uniform_Emedium_V2.00_Hlong_PWflat_B0.15,100,0.75,0.75,3,3,medium,2.0,uniform,long,flat,0.15,1.0,1.0,1.0,peripheral,11303.295612139184,641.834905603745,0.0,0.0,10661.46070653544,10661.46070653544,3749.356224917376,0.0,594.1239546471927,802.2936320046812,0.0,100,0,0.0,0,0,0.0,0.0,0.0,0.0,0.0,0.0,0,0.0,0.0,0,0,0,38.39191269874573,25.0,0.0,3375.0,False,infeasible,nils_complete,11303.295612139184,802.2936320046812,,0.0,,0.0,False,feasible_only,0.0,,False,,,,
S0069_R09,6902035,truck_only,S0069,n100_p0.75_d3_uniform_Emedium_V2.00_Hlong_PWflat_B0.15,100,0.75,0.75,3,3,medium,2.0,uniform,long,flat,0.15,1.0,1.0,1.0,peripheral,12865.39737486921,704.227953986955,0.0,0.0,12161.169420882256,12161.169420882256,3847.9493441709656,0.0,580.0745126705588,880.284942483694,0.0,100,0,0.0,0,0,0.0,0.0,0.0,0.0,0.0,0.0,0,0.0,0.0,0,0,0,0.09528636932373047,0.0,0.0,0.0,False,infeasible,baseline_truck_only,12865.39737486921,880.284942483694,,,,0.0,False,feasible_only,0.0,,False,,,,
S0069_R09,6902035,nils,S0069,n100_p0.75_d3_uniform_Emedium_V2.00_Hlong_PWflat_B0.15,100,0.75,0.75,3,3,medium,2.0,uniform,long,flat,0.15,1.0,1.0,1.0,peripheral,12865.39737486921,704.227953986955,0.0,0.0,12161.169420882256,12161.169420882256,3847.9493441709656,0.0,580.0745126705588,880.284942483694,0.0,100,0,0.0,0,0,0.0,0.0,0.0,0.0,0.0,0.0,0,0.0,0.0,0,0,0,29.724844932556152,25.0,0.0,1200.0,False,infeasible,nils_complete,12865.39737486921,880.284942483694,,0.0,,0.0,False,feasible_only,0.0,,False,,,,
S0069_R10,6902036,truck_only,S0069,n100_p0.75_d3_uniform_Emedium_V2.00_Hlong_PWflat_B0.15,100,0.75,0.75,3,3,medium,2.0,uniform,long,flat,0.15,1.0,1.0,1.0,peripheral,15452.852825091099,710.8246687596924,0.0,0.0,14742.028156331406,14742.028156331406,4540.1013097810155,0.0,780.1534093946723,888.530835949615,0.0,100,0,0.0,0,0,0.0,0.0,0.0,0.0,0.0,0.0,0,0.0,0.0,0,0,0,0.08966660499572754,0.0,0.0,0.0,False,infeasible,baseline_truck_only,15452.852825091099,888.530835949615,,,,0.0,False,feasible_only,0.0,,False,,,,
S0069_R10,6902036,nils,S0069,n100_p0.75_d3_uniform_Emedium_V2.00_Hlong_PWflat_B0.15,100,0.75,0.75,3,3,medium,2.0,uniform,long,flat,0.15,1.0,1.0,1.0,peripheral,15452.852825091099,710.8246687596924,0.0,0.0,14742.028156331406,14742.028156331406,4540.1013097810155,0.0,780.1534093946723,888.530835949615,0.0,100,0,0.0,0,0,0.0,0.0,0.0,0.0,0.0,0.0,0,0.0,0.0,0,0,0,32.28474712371826,25.0,0.0,2100.0,False,infeasible,nils_complete,15452.852825091099,888.530835949615,,0.0,,0.0,False,feasible_only,0.0,,False,,,,
S0070_R01,7002027,truck_only,S0070,n100_p0.75_d3_uniform_Ehigh_V1.25_Hmedium_PWmoderate_B0.15,100,0.75,0.75,3,3,high,1.25,uniform,medium,moderate,0.15,20.0,5.0,1.0,peripheral,100677.33609303417,652.8244838735968,0.0,0.0,100024.51160916057,100024.51160916057,4103.849230387629,0.0,722.7542324098131,816.0306048419959,0.0,100,0,0.0,0,0,0.0,0.0,0.0,0.0,0.0,0.0,0,0.0,0.0,0,0,0,0.0961456298828125,0.0,0.0,0.0,False,infeasible,baseline_truck_only,100677.33609303417,816.0306048419959,,,,0.0,False,feasible_only,0.0,,False,,,,
S0070_R01,7002027,nils,S0070,n100_p0.75_d3_uniform_Ehigh_V1.25_Hmedium_PWmoderate_B0.15,100,0.75,0.75,3,3,high,1.25,uniform,medium,moderate,0.15,20.0,5.0,1.0,peripheral,100677.33609303417,652.8244838735968,0.0,0.0,100024.51160916057,100024.51160916057,4103.849230387629,0.0,722.7542324098131,816.0306048419959,0.0,100,0,0.0,0,0,0.0,0.0,0.0,0.0,0.0,0.0,0,0.0,0.0,0,300,300,34.07392764091492,25.0,0.0,2925.0,False,infeasible,nils_complete,100677.33609303417,816.0306048419959,,0.0,,0.0,False,feasible_only,0.0,,False,,,,
S0070_R02,7002028,truck_only,S0070,n100_p0.75_d3_uniform_Ehigh_V1.25_Hmedium_PWmoderate_B0.15,100,0.75,0.75,3,3,high,1.25,uniform,medium,moderate,0.15,20.0,5.0,1.0,peripheral,120672.14507190019,658.9162473674679,0.0,0.0,120013.22882453272,120013.22882453272,4244.444060134616,0.0,723.4506610669163,823.6453092093349,0.0,100,0,0.0,0,0,0.0,0.0,0.0,0.0,0.0,0.0,0,0.0,0.0,0,0,0,0.08789587020874023,0.0,0.0,0.0,False,infeasible,baseline_truck_only,120672.14507190019,823.6453092093349,,,,0.0,False,feasible_only,0.0,,False,,,,
S0070_R02,7002028,nils,S0070,n100_p0.75_d3_uniform_Ehigh_V1.25_Hmedium_PWmoderate_B0.15,100,0.75,0.75,3,3,high,1.25,uniform,medium,moderate,0.15,20.0,5.0,1.0,peripheral,120672.14507190019,658.9162473674679,0.0,0.0,120013.22882453272,120013.22882453272,4244.444060134616,0.0,723.4506610669163,823.6453092093349,0.0,100,0,0.0,0,0,0.0,0.0,0.0,0.0,0.0,0.0,0,0.0,0.0,0,225,225,27.32274889945984,25.0,0.0,1125.0,False,infeasible,nils_complete,120672.14507190019,823.6453092093349,,0.0,,0.0,False,feasible_only,0.0,,False,,,,
S0070_R03,7002029,truck_only,S0070,n100_p0.75_d3_uniform_Ehigh_V1.25_Hmedium_PWmoderate_B0.15,100,0.75,0.75,3,3,high,1.25,uniform,medium,moderate,0.15,20.0,5.0,1.0,peripheral,147770.20705022468,698.5932647212854,0.0,0.0,147071.6137855034,147071.6137855034,5963.992043694523,0.0,756.2750373167812,873.2415809016067,0.0,100,0,0.0,0,0,0.0,0.0,0.0,0.0,0.0,0.0,0,0.0,0.0,0,0,0,0.09283566474914551,0.0,0.0,0.0,False,infeasible,baseline_truck_only,147770.20705022468,873.2415809016067,,,,0.0,False,feasible_only,0.0,,False,,,,
S0070_R03,7002029,nils,S0070,n100_p0.75_d3_uniform_Ehigh_V1.25_Hmedium_PWmoderate_B0.15,100,0.75,0.75,3,3,high,1.25,uniform,medium,moderate,0.15,20.0,5.0,1.0,peripheral,147770.20705022468,698.5932647212854,0.0,0.0,147071.6137855034,147071.6137855034,5963.992043694523,0.0,756.2750373167812,873.2415809016067,0.0,100,0,0.0,0,0,0.0,0.0,0.0,0.0,0.0,0.0,0,0.0,0.0,0,225,225,34.87511420249939,25.0,0.0,3150.0,False,infeasible,nils_complete,147770.20705022468,873.2415809016067,,0.0,,0.0,False,feasible_only,0.0,,False,,,,
S0070_R04,7002030,truck_only,S0070,n100_p0.75_d3_uniform_Ehigh_V1.25_Hmedium_PWmoderate_B0.15,100,0.75,0.75,3,3,high,1.25,uniform,medium,moderate,0.15,20.0,5.0,1.0,peripheral,85131.68177937294,666.7954786749797,0.0,0.0,84464.88630069797,84464.88630069797,3104.69302413817,0.0,564.752387906366,833.4943483437247,0.0,100,0,0.0,0,0,0.0,0.0,0.0,0.0,0.0,0.0,0,0.0,0.0,0,0,0,0.13873577117919922,0.0,0.0,0.0,False,infeasible,baseline_truck_only,85131.68177937294,833.4943483437247,,,,0.0,False,feasible_only,0.0,,False,,,,
S0070_R04,7002030,nils,S0070,n100_p0.75_d3_uniform_Ehigh_V1.25_Hmedium_PWmoderate_B0.15,100,0.75,0.75,3,3,high,1.25,uniform,medium,moderate,0.15,20.0,5.0,1.0,peripheral,85131.68177937294,666.7954786749797,0.0,0.0,84464.88630069797,84464.88630069797,3104.69302413817,0.0,564.752387906366,833.4943483437247,0.0,100,0,0.0,0,0,0.0,0.0,0.0,0.0,0.0,0.0,0,0.0,0.0,0,75,75,30.07617497444153,25.0,0.0,1725.0,False,infeasible,nils_complete,85131.68177937294,833.4943483437247,,0.0,,0.0,False,feasible_only,0.0,,False,,,,
S0070_R05,7002031,truck_only,S0070,n100_p0.75_d3_uniform_Ehigh_V1.25_Hmedium_PWmoderate_B0.15,100,0.75,0.75,3,3,high,1.25,uniform,medium,moderate,0.15,20.0,5.0,1.0,peripheral,133891.58913597505,674.9920936983578,0.0,0.0,133216.5970422767,133216.5970422767,5416.412696302988,0.0,644.7166848115635,843.7401171229474,0.0,100,0,0.0,0,0,0.0,0.0,0.0,0.0,0.0,0.0,0,0.0,0.0,0,0,0,0.09206700325012207,0.0,0.0,0.0,False,infeasible,baseline_truck_only,133891.58913597505,843.7401171229474,,,,0.0,False,feasible_only,0.0,,False,,,,
S0070_R05,7002031,nils,S0070,n100_p0.75_d3_uniform_Ehigh_V1.25_Hmedium_PWmoderate_B0.15,100,0.75,0.75,3,3,high,1.25,uniform,medium,moderate,0.15,20.0,5.0,1.0,peripheral,133891.58913597505,674.9920936983578,0.0,0.0,133216.5970422767,133216.5970422767,5416.412696302988,0.0,644.7166848115635,843.7401171229474,0.0,100,0,0.0,0,0,0.0,0.0,0.0,0.0,0.0,0.0,0,0.0,0.0,0,225,225,33.954829454422,25.0,0.0,3150.0,False,infeasible,nils_complete,133891.58913597505,843.7401171229474,,0.0,,0.0,False,feasible_only,0.0,,False,,,,
S0070_R06,7002032,truck_only,S0070,n100_p0.75_d3_uniform_Ehigh_V1.25_Hmedium_PWmoderate_B0.15,100,0.75,0.75,3,3,high,1.25,uniform,medium,moderate,0.15,20.0,5.0,1.0,peripheral,94232.67327747088,666.8679455610456,0.0,0.0,93565.80533190984,93565.80533190984,3239.243141560808,0.0,690.6022866058324,833.5849319513068,0.0,100,0,0.0,0,0,0.0,0.0,0.0,0.0,0.0,0.0,0,0.0,0.0,0,0,0,0.09493112564086914,0.0,0.0,0.0,False,infeasible,baseline_truck_only,94232.67327747088,833.5849319513068,,,,0.0,False,feasible_only,0.0,,False,,,,
S0070_R06,7002032,nils,S0070,n100_p0.75_d3_uniform_Ehigh_V1.25_Hmedium_PWmoderate_B0.15,100,0.75,0.75,3,3,high,1.25,uniform,medium,moderate,0.15,20.0,5.0,1.0,peripheral,94232.67327747088,666.8679455610456,0.0,0.0,93565.80533190984,93565.80533190984,3239.243141560808,0.0,690.6022866058324,833.5849319513068,0.0,100,0,0.0,0,0,0.0,0.0,0.0,0.0,0.0,0.0,0,0.0,0.0,0,375,375,32.960899114608765,25.0,0.0,2700.0,False,infeasible,nils_complete,94232.67327747088,833.5849319513068,,0.0,,0.0,False,feasible_only,0.0,,False,,,,
S0070_R07,7002033,truck_only,S0070,n100_p0.75_d3_uniform_Ehigh_V1.25_Hmedium_PWmoderate_B0.15,100,0.75,0.75,3,3,high,1.25,uniform,medium,moderate,0.15,20.0,5.0,1.0,peripheral,121465.3671069413,690.8542893712499,0.0,0.0,120774.51281757005,120774.51281757005,4370.719969942867,0.0,696.2263994036368,863.5678617140624,0.0,100,0,0.0,0,0,0.0,0.0,0.0,0.0,0.0,0.0,0,0.0,0.0,0,0,0,0.1157383918762207,0.0,0.0,0.0,False,infeasible,baseline_truck_only,121465.3671069413,863.5678617140624,,,,0.0,False,feasible_only,0.0,,False,,,,
S0070_R07,7002033,nils,S0070,n100_p0.75_d3_uniform_Ehigh_V1.25_Hmedium_PWmoderate_B0.15,100,0.75,0.75,3,3,high,1.25,uniform,medium,moderate,0.15,20.0,5.0,1.0,peripheral,121465.3671069413,690.8542893712499,0.0,0.0,120774.51281757005,120774.51281757005,4370.719969942867,0.0,696.2263994036368,863.5678617140624,0.0,100,0,0.0,0,0,0.0,0.0,0.0,0.0,0.0,0.0,0,0.0,0.0,0,150,150,27.47477889060974,25.0,0.0,1050.0,False,infeasible,nils_complete,121465.3671069413,863.5678617140624,,0.0,,0.0,False,feasible_only,0.0,,False,,,,
S0070_R08,7002034,truck_only,S0070,n100_p0.75_d3_uniform_Ehigh_V1.25_Hmedium_PWmoderate_B0.15,100,0.75,0.75,3,3,high,1.25,uniform,medium,moderate,0.15,20.0,5.0,1.0,peripheral,76579.34308339475,653.3639566667971,0.0,0.0,75925.97912672795,75925.97912672795,2772.671546025109,0.0,686.0606222568135,816.7049458334964,0.0,100,0,0.0,0,0,0.0,0.0,0.0,0.0,0.0,0.0,0,0.0,0.0,0,0,0,0.11036443710327148,0.0,0.0,0.0,False,infeasible,baseline_truck_only,76579.34308339475,816.7049458334964,,,,0.0,False,feasible_only,0.0,,False,,,,
S0070_R08,7002034,nils,S0070,n100_p0.75_d3_uniform_Ehigh_V1.25_Hmedium_PWmoderate_B0.15,100,0.75,0.75,3,3,high,1.25,uniform,medium,moderate,0.15,20.0,5.0,1.0,peripheral,76579.34308339475,653.3639566667971,0.0,0.0,75925.97912672795,75925.97912672795,2772.671546025109,0.0,686.0606222568135,816.7049458334964,0.0,100,0,0.0,0,0,0.0,0.0,0.0,0.0,0.0,0.0,0,0.0,0.0,0,300,300,34.45750403404236,25.0,0.0,3000.0,False,infeasible,nils_complete,76579.34308339475,816.7049458334964,,0.0,,0.0,False,feasible_only,0.0,,False,,,,
S0070_R09,7002035,truck_only,S0070,n100_p0.75_d3_uniform_Ehigh_V1.25_Hmedium_PWmoderate_B0.15,100,0.75,0.75,3,3,high,1.25,uniform,medium,moderate,0.15,20.0,5.0,1.0,peripheral,108584.9454976692,620.9245003832946,0.0,0.0,107964.02099728592,107964.02099728592,4644.480147632063,0.0,486.36960271221994,776.1556254791179,0.0,100,0,0.0,0,0,0.0,0.0,0.0,0.0,0.0,0.0,0,0.0,0.0,0,0,0,0.0996098518371582,0.0,0.0,0.0,False,infeasible,baseline_truck_only,108584.9454976692,776.1556254791179,,,,0.0,False,feasible_only,0.0,,False,,,,
S0070_R09,7002035,nils,S0070,n100_p0.75_d3_uniform_Ehigh_V1.25_Hmedium_PWmoderate_B0.15,100,0.75,0.75,3,3,high,1.25,uniform,medium,moderate,0.15,20.0,5.0,1.0,peripheral,108584.9454976692,620.9245003832946,0.0,0.0,107964.02099728592,107964.02099728592,4644.480147632063,0.0,486.36960271221994,776.1556254791179,0.0,100,0,0.0,0,0,0.0,0.0,0.0,0.0,0.0,0.0,0,0.0,0.0,0,0,0,39.51424527168274,25.0,0.0,4500.0,False,infeasible,nils_complete,108584.9454976692,776.1556254791179,,0.0,,0.0,False,feasible_only,0.0,,False,,,,
S0070_R10,7002036,truck_only,S0070,n100_p0.75_d3_uniform_Ehigh_V1.25_Hmedium_PWmoderate_B0.15,100,0.75,0.75,3,3,high,1.25,uniform,medium,moderate,0.15,20.0,5.0,1.0,peripheral,75107.47299688455,678.3171203543246,0.0,0.0,74429.15587653022,74429.15587653022,2836.7896040186897,0.0,545.0973543116125,847.8964004429058,0.0,100,0,0.0,0,0,0.0,0.0,0.0,0.0,0.0,0.0,0,0.0,0.0,0,0,0,0.08791375160217285,0.0,0.0,0.0,False,infeasible,baseline_truck_only,75107.47299688455,847.8964004429058,,,,0.0,False,feasible_only,0.0,,False,,,,
S0070_R10,7002036,nils,S0070,n100_p0.75_d3_uniform_Ehigh_V1.25_Hmedium_PWmoderate_B0.15,100,0.75,0.75,3,3,high,1.25,uniform,medium,moderate,0.15,20.0,5.0,1.0,peripheral,75107.47299688455,678.3171203543246,0.0,0.0,74429.15587653022,74429.15587653022,2836.7896040186897,0.0,545.0973543116125,847.8964004429058,0.0,100,0,0.0,0,0,0.0,0.0,0.0,0.0,0.0,0.0,0,0.0,0.0,0,300,300,29.762078046798706,25.0,0.0,1650.0,False,infeasible,nils_complete,75107.47299688455,847.8964004429058,,0.0,,0.0,False,feasible_only,0.0,,False,,,,
S0071_R01,7102027,truck_only,S0071,n100_p0.75_d3_uniform_Ehigh_V1.25_Hlong_PWbase_B0.15,100,0.75,0.75,3,3,high,1.25,uniform,long,base,0.15,100.0,20.0,1.0,peripheral,700249.1189687386,743.3652011590334,0.0,0.0,699505.7537675796,699505.7537675796,5677.832177591311,0.0,770.5633105515589,929.2065014487921,0.0,100,0,0.0,0,0,0.0,0.0,0.0,0.0,0.0,0.0,0,0.0,0.0,0,0,0,0.155534029006958,0.0,0.0,0.0,False,infeasible,baseline_truck_only,700249.1189687386,929.2065014487921,,,,0.0,False,feasible_only,0.0,,False,,,,
S0071_R01,7102027,nils,S0071,n100_p0.75_d3_uniform_Ehigh_V1.25_Hlong_PWbase_B0.15,100,0.75,0.75,3,3,high,1.25,uniform,long,base,0.15,100.0,20.0,1.0,peripheral,700249.1189687386,743.3652011590334,0.0,0.0,699505.7537675796,699505.7537675796,5677.832177591311,0.0,770.5633105515589,929.2065014487921,0.0,100,0,0.0,0,0,0.0,0.0,0.0,0.0,0.0,0.0,0,0.0,0.0,0,375,375,28.35802936553955,25.0,0.0,1425.0,False,infeasible,nils_complete,700249.1189687386,929.2065014487921,,0.0,,0.0,False,feasible_only,0.0,,False,,,,
S0071_R02,7102028,truck_only,S0071,n100_p0.75_d3_uniform_Ehigh_V1.25_Hlong_PWbase_B0.15,100,0.75,0.75,3,3,high,1.25,uniform,long,base,0.15,100.0,20.0,1.0,peripheral,624265.553575631,647.6870673878385,0.0,0.0,623617.8665082431,623617.8665082431,5315.2071039725515,0.0,591.3685650543606,809.6088342347983,0.0,100,0,0.0,0,0,0.0,0.0,0.0,0.0,0.0,0.0,0,0.0,0.0,0,0,0,0.10240697860717773,0.0,0.0,0.0,False,infeasible,baseline_truck_only,624265.553575631,809.6088342347983,,,,0.0,False,feasible_only,0.0,,False,,,,
S0071_R02,7102028,nils,S0071,n100_p0.75_d3_uniform_Ehigh_V1.25_Hlong_PWbase_B0.15,100,0.75,0.75,3,3,high,1.25,uniform,long,base,0.15,100.0,20.0,1.0,peripheral,624265.553575631,647.6870673878385,0.0,0.0,623617.8665082431,623617.8665082431,5315.2071039725515,0.0,591.3685650543606,809.6088342347983,0.0,100,0,0.0,0,0,0.0,0.0,0.0,0.0,0.0,0.0,0,0.0,0.0,0,300,300,28.467350482940674,25.0,0.0,1500.0,False,infeasible,nils_complete,624265.553575631,809.6088342347983,,0.0,,0.0,False,feasible_only,0.0,,False,,,,
S0071_R03,7102029,truck_only,S0071,n100_p0.75_d3_uniform_Ehigh_V1.25_Hlong_PWbase_B0.15,100,0.75,0.75,3,3,high,1.25,uniform,long,base,0.15,100.0,20.0,1.0,peripheral,559012.2263009066,709.5593763109167,0.0,0.0,558302.6669245957,558302.6669245957,4779.4539562207565,0.0,587.0686724717938,886.9492203886456,0.0,100,0,0.0,0,0,0.0,0.0,0.0,0.0,0.0,0.0,0,0.0,0.0,0,0,0,0.11342811584472656,0.0,0.0,0.0,False,infeasible,baseline_truck_only,559012.2263009066,886.9492203886456,,,,0.0,False,feasible_only,0.0,,False,,,,
S0071_R03,7102029,nils,S0071,n100_p0.75_d3_uniform_Ehigh_V1.25_Hlong_PWbase_B0.15,100,0.75,0.75,3,3,high,1.25,uniform,long,base,0.15,100.0,20.0,1.0,peripheral,559012.2263009066,709.5593763109167,0.0,0.0,558302.6669245957,558302.6669245957,4779.4539562207565,0.0,587.0686724717938,886.9492203886456,0.0,100,0,0.0,0,0,0.0,0.0,0.0,0.0,0.0,0.0,0,0.0,0.0,0,300,300,29.934685707092285,25.0,0.0,1650.0,False,infeasible,nils_complete,559012.2263009066,886.9492203886456,,0.0,,0.0,False,feasible_only,0.0,,False,,,,
S0071_R04,7102030,truck_only,S0071,n100_p0.75_d3_uniform_Ehigh_V1.25_Hlong_PWbase_B0.15,100,0.75,0.75,3,3,high,1.25,uniform,long,base,0.15,100.0,20.0,1.0,peripheral,440618.12666820467,643.3170897882974,0.0,0.0,439974.80957841635,439974.80957841635,3445.7831686127824,0.0,734.5711713535949,804.146362235372,0.0,100,0,0.0,0,0,0.0,0.0,0.0,0.0,0.0,0.0,0,0.0,0.0,0,0,0,0.1054692268371582,0.0,0.0,0.0,False,infeasible,baseline_truck_only,440618.12666820467,804.146362235372,,,,0.0,False,feasible_only,0.0,,False,,,,
S0071_R04,7102030,nils,S0071,n100_p0.75_d3_uniform_Ehigh_V1.25_Hlong_PWbase_B0.15,100,0.75,0.75,3,3,high,1.25,uniform,long,base,0.15,100.0,20.0,1.0,peripheral,440618.12666820467,643.3170897882974,0.0,0.0,439974.80957841635,439974.80957841635,3445.7831686127824,0.0,734.5711713535949,804.146362235372,0.0,100,0,0.0,0,0,0.0,0.0,0.0,0.0,0.0,0.0,0,0.0,0.0,0,300,300,34.39197897911072,25.0,0.0,2850.0,False,infeasible,nils_complete,440618.12666820467,804.146362235372,,0.0,,0.0,False,feasible_only,0.0,,False,,,,
S0071_R05,7102031,truck_only,S0071,n100_p0.75_d3_uniform_Ehigh_V1.25_Hlong_PWbase_B0.15,100,0.75,0.75,3,3,high,1.25,uniform,long,base,0.15,100.0,20.0,1.0,peripheral,642552.4295353754,695.5424326523271,0.0,0.0,641856.8871027231,641856.8871027231,5328.842649195904,0.0,657.054891580313,869.4280408154086,0.0,100,0,0.0,0,0,0.0,0.0,0.0,0.0,0.0,0.0,0,0.0,0.0,0,0,0,0.12051939964294434,0.0,0.0,0.0,False,infeasible,baseline_truck_only,642552.4295353754,869.4280408154086,,,,0.0,False,feasible_only,0.0,,False,,,,
S0071_R05,7102031,nils,S0071,n100_p0.75_d3_uniform_Ehigh_V1.25_Hlong_PWbase_B0.15,100,0.75,0.75,3,3,high,1.25,uniform,long,base,0.15,100.0,20.0,1.0,peripheral,642552.4295353754,695.5424326523271,0.0,0.0,641856.8871027231,641856.8871027231,5328.842649195904,0.0,657.054891580313,869.4280408154086,0.0,100,0,0.0,0,0,0.0,0.0,0.0,0.0,0.0,0.0,0,0.0,0.0,0,75,75,30.101746082305908,25.0,0.0,1800.0,False,infeasible,nils_complete,642552.4295353754,869.4280408154086,,0.0,,0.0,False,feasible_only,0.0,,False,,,,
S0071_R06,7102032,truck_only,S0071,n100_p0.75_d3_uniform_Ehigh_V1.25_Hlong_PWbase_B0.15,100,0.75,0.75,3,3,high,1.25,uniform,long,base,0.15,100.0,20.0,1.0,peripheral,392167.9571304624,642.2632772112872,0.0,0.0,391525.6938532511,391525.6938532511,3145.022631553429,0.0,510.93024778968794,802.829096514109,0.0,100,0,0.0,0,0,0.0,0.0,0.0,0.0,0.0,0.0,0,0.0,0.0,0,0,0,0.09117460250854492,0.0,0.0,0.0,False,infeasible,baseline_truck_only,392167.9571304624,802.829096514109,,,,0.0,False,feasible_only,0.0,,False,,,,
S0071_R06,7102032,nils,S0071,n100_p0.75_d3_uniform_Ehigh_V1.25_Hlong_PWbase_B0.15,100,0.75,0.75,3,3,high,1.25,uniform,long,base,0.15,100.0,20.0,1.0,peripheral,392167.9571304624,642.2632772112872,0.0,0.0,391525.6938532511,391525.6938532511,3145.022631553429,0.0,510.93024778968794,802.829096514109,0.0,100,0,0.0,0,0,0.0,0.0,0.0,0.0,0.0,0.0,0,0.0,0.0,0,300,300,35.49825072288513,25.0,0.0,3375.0,False,infeasible,nils_complete,392167.9571304624,802.829096514109,,0.0,,0.0,False,feasible_only,0.0,,False,,,,
S0071_R07,7102033,truck_only,S0071,n100_p0.75_d3_uniform_Ehigh_V1.25_Hlong_PWbase_B0.15,100,0.75,0.75,3,3,high,1.25,uniform,long,base,0.15,100.0,20.0,1.0,peripheral,502318.7934966884,715.3106663027519,0.0,0.0,501603.4828303857,501603.4828303857,3848.9618614304973,0.0,563.1154093211778,894.1383328784402,0.0,100,0,0.0,0,0,0.0,0.0,0.0,0.0,0.0,0.0,0,0.0,0.0,0,0,0,0.09313797950744629,0.0,0.0,0.0,False,infeasible,baseline_truck_only,502318.7934966884,894.1383328784402,,,,0.0,False,feasible_only,0.0,,False,,,,
S0071_R07,7102033,nils,S0071,n100_p0.75_d3_uniform_Ehigh_V1.25_Hlong_PWbase_B0.15,100,0.75,0.75,3,3,high,1.25,uniform,long,base,0.15,100.0,20.0,1.0,peripheral,502318.7934966884,715.3106663027519,0.0,0.0,501603.4828303857,501603.4828303857,3848.9618614304973,0.0,563.1154093211778,894.1383328784402,0.0,100,0,0.0,0,0,0.0,0.0,0.0,0.0,0.0,0.0,0,0.0,0.0,0,375,375,21.335834741592407,25.0,0.0,225.0,False,infeasible,nils_complete,502318.7934966884,894.1383328784402,,0.0,,0.0,False,feasible_only,0.0,,False,,,,
S0071_R08,7102034,truck_only,S0071,n100_p0.75_d3_uniform_Ehigh_V1.25_Hlong_PWbase_B0.15,100,0.75,0.75,3,3,high,1.25,uniform,long,base,0.15,100.0,20.0,1.0,peripheral,578195.9993104996,627.7082626605774,0.0,0.0,577568.2910478391,577568.2910478391,4782.957578384885,0.0,669.8741771722194,784.6353283257217,0.0,100,0,0.0,0,0,0.0,0.0,0.0,0.0,0.0,0.0,0,0.0,0.0,0,0,0,0.09433650970458984,0.0,0.0,0.0,False,infeasible,baseline_truck_only,578195.9993104996,784.6353283257217,,,,0.0,False,feasible_only,0.0,,False,,,,
S0071_R08,7102034,nils,S0071,n100_p0.75_d3_uniform_Ehigh_V1.25_Hlong_PWbase_B0.15,100,0.75,0.75,3,3,high,1.25,uniform,long,base,0.15,100.0,20.0,1.0,peripheral,578195.9993104996,627.7082626605774,0.0,0.0,577568.2910478391,577568.2910478391,4782.957578384885,0.0,669.8741771722194,784.6353283257217,0.0,100,0,0.0,0,0,0.0,0.0,0.0,0.0,0.0,0.0,0,0.0,0.0,0,150,150,36.69262909889221,25.0,0.0,3300.0,False,infeasible,nils_complete,578195.9993104996,784.6353283257217,,0.0,,0.0,False,feasible_only,0.0,,False,,,,
S0071_R09,7102035,truck_only,S0071,n100_p0.75_d3_uniform_Ehigh_V1.25_Hlong_PWbase_B0.15,100,0.75,0.75,3,3,high,1.25,uniform,long,base,0.15,100.0,20.0,1.0,peripheral,493594.1353610664,673.9020484873572,0.0,0.0,492920.23331257905,492920.23331257905,4141.472722717367,0.0,583.2486994236965,842.3775606091967,0.0,100,0,0.0,0,0,0.0,0.0,0.0,0.0,0.0,0.0,0,0.0,0.0,0,0,0,0.09829163551330566,0.0,0.0,0.0,False,infeasible,baseline_truck_only,493594.1353610664,842.3775606091967,,,,0.0,False,feasible_only,0.0,,False,,,,
S0071_R09,7102035,nils,S0071,n100_p0.75_d3_uniform_Ehigh_V1.25_Hlong_PWbase_B0.15,100,0.75,0.75,3,3,high,1.25,uniform,long,base,0.15,100.0,20.0,1.0,peripheral,493594.1353610664,673.9020484873572,0.0,0.0,492920.23331257905,492920.23331257905,4141.472722717367,0.0,583.2486994236965,842.3775606091967,0.0,100,0,0.0,0,0,0.0,0.0,0.0,0.0,0.0,0.0,0,0.0,0.0,0,0,0,29.598976373672485,25.0,0.0,1575.0,False,infeasible,nils_complete,493594.1353610664,842.3775606091967,,0.0,,0.0,False,feasible_only,0.0,,False,,,,
S0071_R10,7102036,truck_only,S0071,n100_p0.75_d3_uniform_Ehigh_V1.25_Hlong_PWbase_B0.15,100,0.75,0.75,3,3,high,1.25,uniform,long,base,0.15,100.0,20.0,1.0,peripheral,394019.47398409096,617.5646503564585,0.0,0.0,393401.9093337345,393401.9093337345,2677.539082514662,0.0,545.0702344407058,771.9558129455733,0.0,100,0,0.0,0,0,0.0,0.0,0.0,0.0,0.0,0.0,0,0.0,0.0,0,0,0,0.14165878295898438,0.0,0.0,0.0,False,infeasible,baseline_truck_only,394019.47398409096,771.9558129455733,,,,0.0,False,feasible_only,0.0,,False,,,,
S0071_R10,7102036,nils,S0071,n100_p0.75_d3_uniform_Ehigh_V1.25_Hlong_PWbase_B0.15,100,0.75,0.75,3,3,high,1.25,uniform,long,base,0.15,100.0,20.0,1.0,peripheral,394019.47398409096,617.5646503564585,0.0,0.0,393401.9093337345,393401.9093337345,2677.539082514662,0.0,545.0702344407058,771.9558129455733,0.0,100,0,0.0,0,0,0.0,0.0,0.0,0.0,0.0,0.0,0,0.0,0.0,0,75,75,27.719491958618164,25.0,0.0,1350.0,False,infeasible,nils_complete,394019.47398409096,771.9558129455733,,0.0,,0.0,False,feasible_only,0.0,,False,,,,
S0072_R01,7202027,truck_only,S0072,n100_p0.75_d3_uniform_Ehigh_V2.00_Hshort_PWmoderate_B0.15,100,0.75,0.75,3,3,high,2.0,uniform,short,moderate,0.15,20.0,5.0,1.0,peripheral,109691.70863088816,708.7985606802607,0.0,0.0,108982.9100702079,108982.9100702079,3555.5155935607568,0.0,615.7387372838259,885.9982008503262,0.0,100,0,0.0,0,0,0.0,0.0,0.0,0.0,0.0,0.0,0,0.0,0.0,0,0,0,0.11989879608154297,0.0,0.0,0.0,False,infeasible,baseline_truck_only,109691.70863088816,885.9982008503262,,,,0.0,False,feasible_only,0.0,,False,,,,
S0072_R01,7202027,nils,S0072,n100_p0.75_d3_uniform_Ehigh_V2.00_Hshort_PWmoderate_B0.15,100,0.75,0.75,3,3,high,2.0,uniform,short,moderate,0.15,20.0,5.0,1.0,peripheral,109691.70863088816,708.7985606802607,0.0,0.0,108982.9100702079,108982.9100702079,3555.5155935607568,0.0,615.7387372838259,885.9982008503262,0.0,100,0,0.0,0,0,0.0,0.0,0.0,0.0,0.0,0.0,0,0.0,0.0,0,0,0,29.894973516464233,25.0,0.0,1650.0,False,infeasible,nils_complete,109691.70863088816,885.9982008503262,,0.0,,0.0,False,feasible_only,0.0,,False,,,,
S0072_R02,7202028,truck_only,S0072,n100_p0.75_d3_uniform_Ehigh_V2.00_Hshort_PWmoderate_B0.15,100,0.75,0.75,3,3,high,2.0,uniform,short,moderate,0.15,20.0,5.0,1.0,peripheral,121883.16279530879,634.200891014566,0.0,0.0,121248.96190429422,121248.96190429422,4912.010993082838,0.0,557.9713588385022,792.7511137682075,0.0,100,0,0.0,0,0,0.0,0.0,0.0,0.0,0.0,0.0,0,0.0,0.0,0,0,0,0.09254121780395508,0.0,0.0,0.0,False,infeasible,baseline_truck_only,121883.16279530879,792.7511137682075,,,,0.0,False,feasible_only,0.0,,False,,,,
S0072_R02,7202028,nils,S0072,n100_p0.75_d3_uniform_Ehigh_V2.00_Hshort_PWmoderate_B0.15,100,0.75,0.75,3,3,high,2.0,uniform,short,moderate,0.15,20.0,5.0,1.0,peripheral,121883.16279530879,634.200891014566,0.0,0.0,121248.96190429422,121248.96190429422,4912.010993082838,0.0,557.9713588385022,792.7511137682075,0.0,100,0,0.0,0,0,0.0,0.0,0.0,0.0,0.0,0.0,0,0.0,0.0,0,0,0,36.613712787628174,25.0,0.0,3300.0,False,infeasible,nils_complete,121883.16279530879,792.7511137682075,,0.0,,0.0,False,feasible_only,0.0,,False,,,,
S0072_R03,7202029,truck_only,S0072,n100_p0.75_d3_uniform_Ehigh_V2.00_Hshort_PWmoderate_B0.15,100,0.75,0.75,3,3,high,2.0,uniform,short,moderate,0.15,20.0,5.0,1.0,peripheral,100165.95157682111,633.090875676475,0.0,0.0,99532.86070114464,99532.86070114464,4303.877469178743,0.0,592.0542646942309,791.3635945955939,0.0,100,0,0.0,0,0,0.0,0.0,0.0,0.0,0.0,0.0,0,0.0,0.0,0,0,0,0.09625458717346191,0.0,0.0,0.0,False,infeasible,baseline_truck_only,100165.95157682111,791.3635945955939,,,,0.0,False,feasible_only,0.0,,False,,,,
S0072_R03,7202029,nils,S0072,n100_p0.75_d3_uniform_Ehigh_V2.00_Hshort_PWmoderate_B0.15,100,0.75,0.75,3,3,high,2.0,uniform,short,moderate,0.15,20.0,5.0,1.0,peripheral,100165.95157682111,633.090875676475,0.0,0.0,99532.86070114464,99532.86070114464,4303.877469178743,0.0,592.0542646942309,791.3635945955939,0.0,100,0,0.0,0,0,0.0,0.0,0.0,0.0,0.0,0.0,0,0.0,0.0,0,0,0,33.94842886924744,25.0,0.0,3300.0,False,infeasible,nils_complete,100165.95157682111,791.3635945955939,,0.0,,0.0,False,feasible_only,0.0,,False,,,,
S0072_R04,7202030,truck_only,S0072,n100_p0.75_d3_uniform_Ehigh_V2.00_Hshort_PWmoderate_B0.15,100,0.75,0.75,3,3,high,2.0,uniform,short,moderate,0.15,20.0,5.0,1.0,peripheral,131315.9087591483,657.7698391086219,0.0,0.0,130658.13892003967,130658.13892003967,5143.801801393205,0.0,600.7190743805648,822.2122988857777,0.0,100,0,0.0,0,0,0.0,0.0,0.0,0.0,0.0,0.0,0,0.0,0.0,0,0,0,0.09424471855163574,0.0,0.0,0.0,False,infeasible,baseline_truck_only,131315.9087591483,822.2122988857777,,,,0.0,False,feasible_only,0.0,,False,,,,
S0072_R04,7202030,nils,S0072,n100_p0.75_d3_uniform_Ehigh_V2.00_Hshort_PWmoderate_B0.15,100,0.75,0.75,3,3,high,2.0,uniform,short,moderate,0.15,20.0,5.0,1.0,peripheral,131315.9087591483,657.7698391086219,0.0,0.0,130658.13892003967,130658.13892003967,5143.801801393205,0.0,600.7190743805648,822.2122988857777,0.0,100,0,0.0,0,0,0.0,0.0,0.0,0.0,0.0,0.0,0,0.0,0.0,0,0,0,29.720112085342407,25.0,0.0,1425.0,False,infeasible,nils_complete,131315.9087591483,822.2122988857777,,0.0,,0.0,False,feasible_only,0.0,,False,,,,
S0072_R05,7202031,truck_only,S0072,n100_p0.75_d3_uniform_Ehigh_V2.00_Hshort_PWmoderate_B0.15,100,0.75,0.75,3,3,high,2.0,uniform,short,moderate,0.15,20.0,5.0,1.0,peripheral,86449.78062487693,630.5847488107901,0.0,0.0,85819.19587606615,85819.19587606615,3071.6110535068356,0.0,557.5682529543578,788.230936013488,0.0,100,0,0.0,0,0,0.0,0.0,0.0,0.0,0.0,0.0,0,0.0,0.0,0,0,0,0.10369610786437988,0.0,0.0,0.0,False,infeasible,baseline_truck_only,86449.78062487693,788.230936013488,,,,0.0,False,feasible_only,0.0,,False,,,,
S0072_R05,7202031,nils,S0072,n100_p0.75_d3_uniform_Ehigh_V2.00_Hshort_PWmoderate_B0.15,100,0.75,0.75,3,3,high,2.0,uniform,short,moderate,0.15,20.0,5.0,1.0,peripheral,86449.78062487693,630.5847488107901,0.0,0.0,85819.19587606615,85819.19587606615,3071.6110535068356,0.0,557.5682529543578,788.230936013488,0.0,100,0,0.0,0,0,0.0,0.0,0.0,0.0,0.0,0.0,0,0.0,0.0,0,0,0,37.206910610198975,25.0,0.0,3450.0,False,infeasible,nils_complete,86449.78062487693,788.230936013488,,0.0,,0.0,False,feasible_only,0.0,,False,,,,
S0072_R06,7202032,truck_only,S0072,n100_p0.75_d3_uniform_Ehigh_V2.00_Hshort_PWmoderate_B0.15,100,0.75,0.75,3,3,high,2.0,uniform,short,moderate,0.15,20.0,5.0,1.0,peripheral,109412.20812159756,663.8706927298618,0.0,0.0,108748.3374288677,108748.3374288677,4276.38784942471,0.0,586.1212540709175,829.8383659123276,0.0,100,0,0.0,0,0,0.0,0.0,0.0,0.0,0.0,0.0,0,0.0,0.0,0,0,0,0.09935712814331055,0.0,0.0,0.0,False,infeasible,baseline_truck_only,109412.20812159756,829.8383659123276,,,,0.0,False,feasible_only,0.0,,False,,,,
S0072_R06,7202032,nils,S0072,n100_p0.75_d3_uniform_Ehigh_V2.00_Hshort_PWmoderate_B0.15,100,0.75,0.75,3,3,high,2.0,uniform,short,moderate,0.15,20.0,5.0,1.0,peripheral,109412.20812159756,663.8706927298618,0.0,0.0,108748.3374288677,108748.3374288677,4276.38784942471,0.0,586.1212540709175,829.8383659123276,0.0,100,0,0.0,0,0,0.0,0.0,0.0,0.0,0.0,0.0,0,0.0,0.0,0,0,0,30.832753896713257,25.0,0.0,2100.0,False,infeasible,nils_complete,109412.20812159756,829.8383659123276,,0.0,,0.0,False,feasible_only,0.0,,False,,,,
S0072_R07,7202033,truck_only,S0072,n100_p0.75_d3_uniform_Ehigh_V2.00_Hshort_PWmoderate_B0.15,100,0.75,0.75,3,3,high,2.0,uniform,short,moderate,0.15,20.0,5.0,1.0,peripheral,152508.67497290438,686.7902013981458,0.0,0.0,151821.88477150624,151821.88477150624,5942.913930565784,0.0,681.7019212877206,858.4877517476824,0.0,100,0,0.0,0,0,0.0,0.0,0.0,0.0,0.0,0.0,0,0.0,0.0,0,0,0,0.09739303588867188,0.0,0.0,0.0,False,infeasible,baseline_truck_only,152508.67497290438,858.4877517476824,,,,0.0,False,feasible_only,0.0,,False,,,,
S0072_R07,7202033,nils,S0072,n100_p0.75_d3_uniform_Ehigh_V2.00_Hshort_PWmoderate_B0.15,100,0.75,0.75,3,3,high,2.0,uniform,short,moderate,0.15,20.0,5.0,1.0,peripheral,152508.67497290438,686.7902013981458,0.0,0.0,151821.88477150624,151821.88477150624,5942.913930565784,0.0,681.7019212877206,858.4877517476824,0.0,100,0,0.0,0,0,0.0,0.0,0.0,0.0,0.0,0.0,0,0.0,0.0,0,0,0,29.340814352035522,25.0,0.0,1200.0,False,infeasible,nils_complete,152508.67497290438,858.4877517476824,,0.0,,0.0,False,feasible_only,0.0,,False,,,,
S0072_R08,7202034,truck_only,S0072,n100_p0.75_d3_uniform_Ehigh_V2.00_Hshort_PWmoderate_B0.15,100,0.75,0.75,3,3,high,2.0,uniform,short,moderate,0.15,20.0,5.0,1.0,peripheral,88000.93255489091,711.3266943906937,0.0,0.0,87289.60586050022,87289.60586050022,2658.5749132344085,0.0,560.8268134400472,889.1583679883672,0.0,100,0,0.0,0,0,0.0,0.0,0.0,0.0,0.0,0.0,0,0.0,0.0,0,0,0,0.12366557121276855,0.0,0.0,0.0,False,infeasible,baseline_truck_only,88000.93255489091,889.1583679883672,,,,0.0,False,feasible_only,0.0,,False,,,,
S0072_R08,7202034,nils,S0072,n100_p0.75_d3_uniform_Ehigh_V2.00_Hshort_PWmoderate_B0.15,100,0.75,0.75,3,3,high,2.0,uniform,short,moderate,0.15,20.0,5.0,1.0,peripheral,88000.93255489091,711.3266943906937,0.0,0.0,87289.60586050022,87289.60586050022,2658.5749132344085,0.0,560.8268134400472,889.1583679883672,0.0,100,0,0.0,0,0,0.0,0.0,0.0,0.0,0.0,0.0,0,0.0,0.0,0,0,0,16.326210021972656,25.0,0.0,150.0,False,infeasible,nils_complete,88000.93255489091,889.1583679883672,,0.0,,0.0,False,feasible_only,0.0,,False,,,,
S0072_R09,7202035,truck_only,S0072,n100_p0.75_d3_uniform_Ehigh_V2.00_Hshort_PWmoderate_B0.15,100,0.75,0.75,3,3,high,2.0,uniform,short,moderate,0.15,20.0,5.0,1.0,peripheral,76631.53750404996,608.4140772527829,0.0,0.0,76023.12342679717,76023.12342679717,2977.9065494887254,0.0,500.19711616867346,760.5175965659787,0.0,100,0,0.0,0,0,0.0,0.0,0.0,0.0,0.0,0.0,0,0.0,0.0,0,0,0,0.09150075912475586,0.0,0.0,0.0,False,infeasible,baseline_truck_only,76631.53750404996,760.5175965659787,,,,0.0,False,feasible_only,0.0,,False,,,,
S0072_R09,7202035,nils,S0072,n100_p0.75_d3_uniform_Ehigh_V2.00_Hshort_PWmoderate_B0.15,100,0.75,0.75,3,3,high,2.0,uniform,short,moderate,0.15,20.0,5.0,1.0,peripheral,76631.53750404996,608.4140772527829,0.0,0.0,76023.12342679717,76023.12342679717,2977.9065494887254,0.0,500.19711616867346,760.5175965659787,0.0,100,0,0.0,0,0,0.0,0.0,0.0,0.0,0.0,0.0,0,0.0,0.0,0,0,0,31.76910161972046,25.0,0.0,2325.0,False,infeasible,nils_complete,76631.53750404996,760.5175965659787,,0.0,,0.0,False,feasible_only,0.0,,False,,,,
S0072_R10,7202036,truck_only,S0072,n100_p0.75_d3_uniform_Ehigh_V2.00_Hshort_PWmoderate_B0.15,100,0.75,0.75,3,3,high,2.0,uniform,short,moderate,0.15,20.0,5.0,1.0,peripheral,104526.3900286939,639.0778095442581,0.0,0.0,103887.31221914965,103887.31221914965,3988.1475428821,0.0,593.9721270527888,798.8472619303227,0.0,100,0,0.0,0,0,0.0,0.0,0.0,0.0,0.0,0.0,0,0.0,0.0,0,0,0,0.08406782150268555,0.0,0.0,0.0,False,infeasible,baseline_truck_only,104526.3900286939,798.8472619303227,,,,0.0,False,feasible_only,0.0,,False,,,,
S0072_R10,7202036,nils,S0072,n100_p0.75_d3_uniform_Ehigh_V2.00_Hshort_PWmoderate_B0.15,100,0.75,0.75,3,3,high,2.0,uniform,short,moderate,0.15,20.0,5.0,1.0,peripheral,104526.3900286939,639.0778095442581,0.0,0.0,103887.31221914965,103887.31221914965,3988.1475428821,0.0,593.9721270527888,798.8472619303227,0.0,100,0,0.0,0,0,0.0,0.0,0.0,0.0,0.0,0.0,0,0.0,0.0,0,0,0,33.8697030544281,25.0,0.0,2775.0,False,infeasible,nils_complete,104526.3900286939,798.8472619303227,,0.0,,0.0,False,feasible_only,0.0,,False,,,,
