instance_id,scenario_class_id,seed,size,available_drones,active_drones_used,drone_served_customers,drone_share,objective,priority_tardiness_cost,high_priority_tardiness,p90_high_priority_tardiness,high_priority_on_time_rate,mean_high_priority_delivery_time,cpu,feasible,error,reused_original_fleet_run
S0001_R01,n15_p0.25_d1_clustered_Elow_V1.25_Hshort_PWmoderate_B0.10,102027,15,0,0,0,0.0000000000,64.1523325057,0.0000000000,0.0000000000,0.0000000000,1.0000000000,53.5354466467,0.0038051605,True,,False
S0001_R01,n15_p0.25_d1_clustered_Elow_V1.25_Hshort_PWmoderate_B0.10,102027,15,1,1,2,0.1333333333,53.0377964654,0.0000000000,0.0000000000,0.0000000000,1.0000000000,54.0036979836,1.2327475548,True,,True
S0001_R01,n15_p0.25_d1_clustered_Elow_V1.25_Hshort_PWmoderate_B0.10,102027,15,2,1,2,0.1333333333,53.0377964654,0.0000000000,0.0000000000,0.0000000000,1.0000000000,54.0036979836,0.2188284397,True,,False
S0001_R01,n15_p0.25_d1_clustered_Elow_V1.25_Hshort_PWmoderate_B0.10,102027,15,3,1,2,0.1333333333,53.0377964654,0.0000000000,0.0000000000,0.0000000000,1.0000000000,54.0036979836,0.2390127182,True,,False
S0001_R02,n15_p0.25_d1_clustered_Elow_V1.25_Hshort_PWmoderate_B0.10,102028,15,0,0,0,0.0000000000,262.8449732850,186.5127375584,9.3256368779,8.3930731901,0.5000000000,55.1325478149,0.0037958622,True,,False
S0001_R02,n15_p0.25_d1_clustered_Elow_V1.25_Hshort_PWmoderate_B0.10,102028,15,1,1,1,0.0666666667,56.1441439138,0.0000000000,0.0000000000,0.0000000000,1.0000000000,30.7700815850,1.3314762115,True,,True
S0001_R02,n15_p0.25_d1_clustered_Elow_V1.25_Hshort_PWmoderate_B0.10,102028,15,2,1,1,0.0666666667,56.1441439138,0.0000000000,0.0000000000,0.0000000000,1.0000000000,30.7700815850,0.4693467617,True,,False
S0001_R02,n15_p0.25_d1_clustered_Elow_V1.25_Hshort_PWmoderate_B0.10,102028,15,3,1,1,0.0666666667,56.1441439138,0.0000000000,0.0000000000,0.0000000000,1.0000000000,30.7700815850,0.5383341312,True,,False
S0001_R03,n15_p0.25_d1_clustered_Elow_V1.25_Hshort_PWmoderate_B0.10,102029,15,0,0,0,0.0000000000,1198.1562071048,1139.6142035544,56.9807101777,35.1820654820,0.5000000000,66.7657800029,0.0039043427,True,,False
S0001_R03,n15_p0.25_d1_clustered_Elow_V1.25_Hshort_PWmoderate_B0.10,102029,15,1,0,0,0.0000000000,303.9816844475,261.1080636975,13.0554031849,7.2580559564,0.5000000000,58.4493666125,0.1702153683,True,,True
S0001_R03,n15_p0.25_d1_clustered_Elow_V1.25_Hshort_PWmoderate_B0.10,102029,15,2,0,0,0.0000000000,303.9816844475,261.1080636975,13.0554031849,7.2580559564,0.5000000000,58.4493666125,0.3042912483,True,,False
S0001_R03,n15_p0.25_d1_clustered_Elow_V1.25_Hshort_PWmoderate_B0.10,102029,15,3,0,0,0.0000000000,303.9816844475,261.1080636975,13.0554031849,7.2580559564,0.5000000000,58.4493666125,0.3576116562,True,,False
S0001_R04,n15_p0.25_d1_clustered_Elow_V1.25_Hshort_PWmoderate_B0.10,102030,15,0,0,0,0.0000000000,1968.5490659328,1893.8108908780,94.6905445439,60.2544128805,0.0000000000,107.3980323333,0.0180559158,True,,False
S0001_R04,n15_p0.25_d1_clustered_Elow_V1.25_Hshort_PWmoderate_B0.10,102030,15,1,1,1,0.0666666667,57.6177680989,0.0000000000,0.0000000000,0.0000000000,1.0000000000,50.6414904046,1.0696947575,True,,True
S0001_R04,n15_p0.25_d1_clustered_Elow_V1.25_Hshort_PWmoderate_B0.10,102030,15,2,1,1,0.0666666667,57.6177680989,0.0000000000,0.0000000000,0.0000000000,1.0000000000,50.6414904047,0.3759412766,True,,False
S0001_R04,n15_p0.25_d1_clustered_Elow_V1.25_Hshort_PWmoderate_B0.10,102030,15,3,1,1,0.0666666667,57.6177680989,0.0000000000,0.0000000000,0.0000000000,1.0000000000,50.6414904047,0.3878614902,True,,False
S0001_R05,n15_p0.25_d1_clustered_Elow_V1.25_Hshort_PWmoderate_B0.10,102031,15,0,0,0,0.0000000000,2919.7694664445,2851.1684037022,142.5584201851,56.2385658192,0.3333333333,79.7013934950,0.0039880276,True,,False
S0001_R05,n15_p0.25_d1_clustered_Elow_V1.25_Hshort_PWmoderate_B0.10,102031,15,1,1,2,0.1333333333,120.6826623060,0.0000000000,0.0000000000,0.0000000000,1.0000000000,39.1072496815,1.6570627689,True,,True
S0001_R05,n15_p0.25_d1_clustered_Elow_V1.25_Hshort_PWmoderate_B0.10,102031,15,2,1,2,0.1333333333,120.6826623060,0.0000000000,0.0000000000,0.0000000000,1.0000000000,39.1072496815,0.6356711388,True,,False
S0001_R05,n15_p0.25_d1_clustered_Elow_V1.25_Hshort_PWmoderate_B0.10,102031,15,3,1,2,0.1333333333,120.6826623060,0.0000000000,0.0000000000,0.0000000000,1.0000000000,39.1072496815,0.7205979824,True,,False
S0001_R06,n15_p0.25_d1_clustered_Elow_V1.25_Hshort_PWmoderate_B0.10,102032,15,0,0,0,0.0000000000,991.2626326933,920.4216083097,46.0210804155,32.5868914751,0.0000000000,82.9966690893,0.0038859844,True,,False
S0001_R06,n15_p0.25_d1_clustered_Elow_V1.25_Hshort_PWmoderate_B0.10,102032,15,1,1,2,0.1333333333,51.9446888923,0.0000000000,0.0000000000,0.0000000000,1.0000000000,22.8613134731,0.9901130199,True,,True
S0001_R06,n15_p0.25_d1_clustered_Elow_V1.25_Hshort_PWmoderate_B0.10,102032,15,2,1,1,0.0666666667,50.5485184569,0.0000000000,0.0000000000,0.0000000000,1.0000000000,22.8613134730,0.6607260704,True,,False
S0001_R06,n15_p0.25_d1_clustered_Elow_V1.25_Hshort_PWmoderate_B0.10,102032,15,3,1,1,0.0666666667,50.5485184569,0.0000000000,0.0000000000,0.0000000000,1.0000000000,22.8613134730,0.6893951893,True,,False
S0001_R07,n15_p0.25_d1_clustered_Elow_V1.25_Hshort_PWmoderate_B0.10,102033,15,0,0,0,0.0000000000,4102.9768914693,4026.2386493062,195.9982694761,64.4974730496,0.0000000000,109.0480846663,0.0039458275,True,,False
S0001_R07,n15_p0.25_d1_clustered_Elow_V1.25_Hshort_PWmoderate_B0.10,102033,15,1,0,0,0.0000000000,84.8081832400,0.0000000000,0.0000000000,0.0000000000,1.0000000000,39.6800696877,1.0255844593,True,,True
S0001_R07,n15_p0.25_d1_clustered_Elow_V1.25_Hshort_PWmoderate_B0.10,102033,15,2,0,0,0.0000000000,84.8081832400,0.0000000000,0.0000000000,0.0000000000,1.0000000000,39.6800696877,0.4637534618,True,,False
S0001_R07,n15_p0.25_d1_clustered_Elow_V1.25_Hshort_PWmoderate_B0.10,102033,15,3,0,0,0.0000000000,84.8081832400,0.0000000000,0.0000000000,0.0000000000,1.0000000000,39.6800696877,0.6880247593,True,,False
S0001_R08,n15_p0.25_d1_clustered_Elow_V1.25_Hshort_PWmoderate_B0.10,102034,15,0,0,0,0.0000000000,2164.6239578976,2095.1162027460,104.7558101373,47.7597054655,0.2500000000,86.0514453803,0.0055711269,True,,False
S0001_R08,n15_p0.25_d1_clustered_Elow_V1.25_Hshort_PWmoderate_B0.10,102034,15,1,1,1,0.0666666667,127.1246283841,0.0000000000,0.0000000000,0.0000000000,1.0000000000,44.5030405238,1.2860770226,True,,True
S0001_R08,n15_p0.25_d1_clustered_Elow_V1.25_Hshort_PWmoderate_B0.10,102034,15,2,1,1,0.0666666667,127.1246283841,0.0000000000,0.0000000000,0.0000000000,1.0000000000,44.5030405238,0.7198829651,True,,False
S0001_R08,n15_p0.25_d1_clustered_Elow_V1.25_Hshort_PWmoderate_B0.10,102034,15,3,1,1,0.0666666667,127.1246283841,0.0000000000,0.0000000000,0.0000000000,1.0000000000,44.5030405238,0.8594915867,True,,False
S0001_R09,n15_p0.25_d1_clustered_Elow_V1.25_Hshort_PWmoderate_B0.10,102035,15,0,0,0,0.0000000000,64.9874093858,0.0000000000,0.0000000000,0.0000000000,1.0000000000,41.1900915023,0.0046396255,True,,False
S0001_R09,n15_p0.25_d1_clustered_Elow_V1.25_Hshort_PWmoderate_B0.10,102035,15,1,0,0,0.0000000000,64.9874093858,0.0000000000,0.0000000000,0.0000000000,1.0000000000,41.1900915023,1.1475477219,True,,True
S0001_R09,n15_p0.25_d1_clustered_Elow_V1.25_Hshort_PWmoderate_B0.10,102035,15,2,0,0,0.0000000000,64.9874093858,0.0000000000,0.0000000000,0.0000000000,1.0000000000,41.1900915023,0.5454890728,True,,False
S0001_R09,n15_p0.25_d1_clustered_Elow_V1.25_Hshort_PWmoderate_B0.10,102035,15,3,0,0,0.0000000000,64.9874093858,0.0000000000,0.0000000000,0.0000000000,1.0000000000,41.1900915023,0.5823063850,True,,False
S0001_R10,n15_p0.25_d1_clustered_Elow_V1.25_Hshort_PWmoderate_B0.10,102036,15,0,0,0,0.0000000000,1190.0201529885,1117.6498921806,53.5572508643,42.8458006914,0.6666666667,60.8225525209,0.0038559437,True,,False
S0001_R10,n15_p0.25_d1_clustered_Elow_V1.25_Hshort_PWmoderate_B0.10,102036,15,1,1,1,0.0666666667,117.4632441245,0.0000000000,0.0000000000,0.0000000000,1.0000000000,32.3037055377,1.2413480282,True,,True
S0001_R10,n15_p0.25_d1_clustered_Elow_V1.25_Hshort_PWmoderate_B0.10,102036,15,2,1,1,0.0666666667,117.4632441245,0.0000000000,0.0000000000,0.0000000000,1.0000000000,32.3037055377,0.5210430622,True,,False
S0001_R10,n15_p0.25_d1_clustered_Elow_V1.25_Hshort_PWmoderate_B0.10,102036,15,3,1,1,0.0666666667,117.4632441245,0.0000000000,0.0000000000,0.0000000000,1.0000000000,32.3037055377,0.5911247730,True,,False
S0002_R01,n15_p0.25_d1_clustered_Elow_V1.25_Hmedium_PWstrict_B0.10,202027,15,0,0,0,0.0000000000,11547.0847968920,11472.6577510986,55.4685456702,55.4685456702,0.0000000000,115.3952023282,0.0062031746,True,,False
S0002_R01,n15_p0.25_d1_clustered_Elow_V1.25_Hmedium_PWstrict_B0.10,202027,15,1,0,0,0.0000000000,79.5340332504,0.0000000000,0.0000000000,0.0000000000,1.0000000000,29.6992917040,0.9435427189,True,,True
S0002_R01,n15_p0.25_d1_clustered_Elow_V1.25_Hmedium_PWstrict_B0.10,202027,15,2,0,0,0.0000000000,79.5340332504,0.0000000000,0.0000000000,0.0000000000,1.0000000000,29.6992917040,0.4780371189,True,,False
S0002_R01,n15_p0.25_d1_clustered_Elow_V1.25_Hmedium_PWstrict_B0.10,202027,15,3,0,0,0.0000000000,79.5340332504,0.0000000000,0.0000000000,0.0000000000,1.0000000000,29.6992917040,0.5307381153,True,,False
S0002_R02,n15_p0.25_d1_clustered_Elow_V1.25_Hmedium_PWstrict_B0.10,202028,15,0,0,0,0.0000000000,16323.0692101719,16254.8293688542,80.7890125759,42.9259367918,0.5000000000,76.8592818385,0.0040559769,True,,False
S0002_R02,n15_p0.25_d1_clustered_Elow_V1.25_Hmedium_PWstrict_B0.10,202028,15,1,1,1,0.0666666667,126.0112444808,0.0000000000,0.0000000000,0.0000000000,1.0000000000,32.8360531640,1.1315643787,True,,True
S0002_R02,n15_p0.25_d1_clustered_Elow_V1.25_Hmedium_PWstrict_B0.10,202028,15,2,1,1,0.0666666667,126.0112444808,0.0000000000,0.0000000000,0.0000000000,1.0000000000,32.8360531640,0.4923484325,True,,False
S0002_R02,n15_p0.25_d1_clustered_Elow_V1.25_Hmedium_PWstrict_B0.10,202028,15,3,1,1,0.0666666667,126.0112444808,0.0000000000,0.0000000000,0.0000000000,1.0000000000,32.8360531640,0.5291790962,True,,False
S0002_R03,n15_p0.25_d1_clustered_Elow_V1.25_Hmedium_PWstrict_B0.10,202029,15,0,0,0,0.0000000000,30041.2857086476,29967.9599982878,149.3636597568,75.6571735331,0.0000000000,109.7516203323,0.0078375340,True,,False
S0002_R03,n15_p0.25_d1_clustered_Elow_V1.25_Hmedium_PWstrict_B0.10,202029,15,1,1,1,0.0666666667,1569.8844143070,1514.2598641780,7.5712993209,6.0570394567,0.6666666667,59.0178877146,1.0588197708,True,,True
S0002_R03,n15_p0.25_d1_clustered_Elow_V1.25_Hmedium_PWstrict_B0.10,202029,15,2,1,1,0.0666666667,1569.8844143070,1514.2598641780,7.5712993209,6.0570394567,0.6666666667,59.0178877146,0.4774999619,True,,False
S0002_R03,n15_p0.25_d1_clustered_Elow_V1.25_Hmedium_PWstrict_B0.10,202029,15,3,1,1,0.0666666667,1569.8844143070,1514.2598641780,7.5712993209,6.0570394567,0.6666666667,59.0178877146,0.5367507935,True,,False
S0002_R04,n15_p0.25_d1_clustered_Elow_V1.25_Hmedium_PWstrict_B0.10,202030,15,0,0,0,0.0000000000,40294.1087757678,40212.1428550280,193.2245933261,67.0503585761,0.1666666667,88.4196507486,0.0041844845,True,,False
S0002_R04,n15_p0.25_d1_clustered_Elow_V1.25_Hmedium_PWstrict_B0.10,202030,15,1,0,0,0.0000000000,1422.8879513994,1375.4601137360,6.8773005687,3.4386502843,0.8333333333,51.3634949062,0.8720240593,True,,True
S0002_R04,n15_p0.25_d1_clustered_Elow_V1.25_Hmedium_PWstrict_B0.10,202030,15,2,0,0,0.0000000000,1422.8879513994,1375.4601137360,6.8773005687,3.4386502843,0.8333333333,51.3634949062,0.3527975082,True,,False
S0002_R04,n15_p0.25_d1_clustered_Elow_V1.25_Hmedium_PWstrict_B0.10,202030,15,3,0,0,0.0000000000,1422.8879513994,1375.4601137360,6.8773005687,3.4386502843,0.8333333333,51.3634949062,0.3834824562,True,,False
S0002_R05,n15_p0.25_d1_clustered_Elow_V1.25_Hmedium_PWstrict_B0.10,202031,15,0,0,0,0.0000000000,26498.5155149214,26440.6494040847,132.2032470204,35.1869810806,0.3750000000,69.9826816606,0.0039215088,True,,False
S0002_R05,n15_p0.25_d1_clustered_Elow_V1.25_Hmedium_PWstrict_B0.10,202031,15,1,1,1,0.0666666667,50.3773446243,0.0000000000,0.0000000000,0.0000000000,1.0000000000,44.1422617567,1.5493347645,True,,True
S0002_R05,n15_p0.25_d1_clustered_Elow_V1.25_Hmedium_PWstrict_B0.10,202031,15,2,1,1,0.0666666667,50.3773446243,0.0000000000,0.0000000000,0.0000000000,1.0000000000,44.1422617567,0.4318275452,True,,False
S0002_R05,n15_p0.25_d1_clustered_Elow_V1.25_Hmedium_PWstrict_B0.10,202031,15,3,1,1,0.0666666667,50.3773446243,0.0000000000,0.0000000000,0.0000000000,1.0000000000,44.1422617567,0.4348926544,True,,False
S0002_R06,n15_p0.25_d1_clustered_Elow_V1.25_Hmedium_PWstrict_B0.10,202032,15,0,0,0,0.0000000000,26097.7415597371,26030.3215994331,130.1516079972,53.0020230954,0.0000000000,103.3970145942,0.0039186478,True,,False
S0002_R06,n15_p0.25_d1_clustered_Elow_V1.25_Hmedium_PWstrict_B0.10,202032,15,1,0,0,0.0000000000,109.9629880183,0.0000000000,0.0000000000,0.0000000000,1.0000000000,38.6582157260,0.8474595547,True,,True
S0002_R06,n15_p0.25_d1_clustered_Elow_V1.25_Hmedium_PWstrict_B0.10,202032,15,2,0,0,0.0000000000,109.9629880183,0.0000000000,0.0000000000,0.0000000000,1.0000000000,38.6582157259,0.3285257816,True,,False
S0002_R06,n15_p0.25_d1_clustered_Elow_V1.25_Hmedium_PWstrict_B0.10,202032,15,3,0,0,0.0000000000,109.9629880183,0.0000000000,0.0000000000,0.0000000000,1.0000000000,38.6582157259,0.4085619450,True,,False
S0002_R07,n15_p0.25_d1_clustered_Elow_V1.25_Hmedium_PWstrict_B0.10,202033,15,0,0,0,0.0000000000,7278.9119708999,7218.4698889400,36.0923494447,32.4831145002,0.5000000000,69.8586149657,0.0038542747,True,,False
S0002_R07,n15_p0.25_d1_clustered_Elow_V1.25_Hmedium_PWstrict_B0.10,202033,15,1,1,2,0.1333333333,51.4860936008,0.0000000000,0.0000000000,0.0000000000,1.0000000000,43.9843765229,1.2129323483,True,,True
S0002_R07,n15_p0.25_d1_clustered_Elow_V1.25_Hmedium_PWstrict_B0.10,202033,15,2,1,2,0.1333333333,51.4860936008,0.0000000000,0.0000000000,0.0000000000,1.0000000000,43.9843765229,0.3628566265,True,,False
S0002_R07,n15_p0.25_d1_clustered_Elow_V1.25_Hmedium_PWstrict_B0.10,202033,15,3,1,2,0.1333333333,51.4860936008,0.0000000000,0.0000000000,0.0000000000,1.0000000000,43.9843765229,0.4090967178,True,,False
S0002_R08,n15_p0.25_d1_clustered_Elow_V1.25_Hmedium_PWstrict_B0.10,202034,15,0,0,0,0.0000000000,150.5796154113,80.0161882413,0.0000000000,0.0000000000,1.0000000000,45.1223232600,0.0048990250,True,,False
S0002_R08,n15_p0.25_d1_clustered_Elow_V1.25_Hmedium_PWstrict_B0.10,202034,15,1,0,0,0.0000000000,120.3040632275,0.0000000000,0.0000000000,0.0000000000,1.0000000000,45.4187365848,1.0350353718,True,,True
S0002_R08,n15_p0.25_d1_clustered_Elow_V1.25_Hmedium_PWstrict_B0.10,202034,15,2,0,0,0.0000000000,120.3040632275,0.0000000000,0.0000000000,0.0000000000,1.0000000000,45.4187365848,0.3692574501,True,,False
S0002_R08,n15_p0.25_d1_clustered_Elow_V1.25_Hmedium_PWstrict_B0.10,202034,15,3,0,0,0.0000000000,120.3040632275,0.0000000000,0.0000000000,0.0000000000,1.0000000000,45.4187365848,0.2884860039,True,,False
S0002_R09,n15_p0.25_d1_clustered_Elow_V1.25_Hmedium_PWstrict_B0.10,202035,15,0,0,0,0.0000000000,24190.0557231218,24120.5192292744,120.6025961464,60.5320717874,0.0000000000,100.1874497843,0.0041365623,True,,False
S0002_R09,n15_p0.25_d1_clustered_Elow_V1.25_Hmedium_PWstrict_B0.10,202035,15,1,1,1,0.0666666667,53.9577274283,0.0000000000,0.0000000000,0.0000000000,1.0000000000,31.8066361431,0.9962763786,True,,True
S0002_R09,n15_p0.25_d1_clustered_Elow_V1.25_Hmedium_PWstrict_B0.10,202035,15,2,1,1,0.0666666667,53.9577274283,0.0000000000,0.0000000000,0.0000000000,1.0000000000,31.8066361431,0.3718631268,True,,False
S0002_R09,n15_p0.25_d1_clustered_Elow_V1.25_Hmedium_PWstrict_B0.10,202035,15,3,1,1,0.0666666667,53.9577274283,0.0000000000,0.0000000000,0.0000000000,1.0000000000,31.8066361431,0.4179391861,True,,False
S0002_R10,n15_p0.25_d1_clustered_Elow_V1.25_Hmedium_PWstrict_B0.10,202036,15,0,0,0,0.0000000000,24701.2223158054,24607.1616979999,101.9764356144,57.5377204049,0.6000000000,72.2670200910,0.0040562153,True,,False
S0002_R10,n15_p0.25_d1_clustered_Elow_V1.25_Hmedium_PWstrict_B0.10,202036,15,1,0,0,0.0000000000,114.3629445150,0.0000000000,0.0000000000,0.0000000000,1.0000000000,37.0634706290,0.8953237534,True,,True
S0002_R10,n15_p0.25_d1_clustered_Elow_V1.25_Hmedium_PWstrict_B0.10,202036,15,2,0,0,0.0000000000,114.3629445150,0.0000000000,0.0000000000,0.0000000000,1.0000000000,37.0634706290,0.3027670383,True,,False
S0002_R10,n15_p0.25_d1_clustered_Elow_V1.25_Hmedium_PWstrict_B0.10,202036,15,3,0,0,0.0000000000,114.3629445150,0.0000000000,0.0000000000,0.0000000000,1.0000000000,37.0634706290,0.4741861820,True,,False
S0003_R01,n15_p0.25_d1_uniform_Elow_V2.00_Hshort_PWflat_B0.10,302027,15,0,0,0,0.0000000000,413.6608348301,246.3511848056,227.3852932824,96.4658334560,0.4000000000,93.2835038802,0.0110161304,True,,False
S0003_R01,n15_p0.25_d1_uniform_Elow_V2.00_Hshort_PWflat_B0.10,302027,15,1,1,2,0.1333333333,179.8327191443,37.5049789750,37.5049789750,21.9020763704,0.6000000000,41.0555322137,0.9495348930,True,,True
S0003_R01,n15_p0.25_d1_uniform_Elow_V2.00_Hshort_PWflat_B0.10,302027,15,2,1,3,0.2000000000,175.8593604323,37.5049789750,37.5049789750,21.9020763704,0.6000000000,39.3424781484,0.3541426659,True,,False
S0003_R01,n15_p0.25_d1_uniform_Elow_V2.00_Hshort_PWflat_B0.10,302027,15,3,1,3,0.2000000000,175.8593604323,37.5049789750,37.5049789750,21.9020763704,0.6000000000,39.3424781484,0.3996508121,True,,False
S0003_R02,n15_p0.25_d1_uniform_Elow_V2.00_Hshort_PWflat_B0.10,302028,15,0,0,0,0.0000000000,168.1643149471,28.1092735790,28.1092735790,14.0546367895,0.6666666667,55.9029669044,0.0047719479,True,,False
S0003_R02,n15_p0.25_d1_uniform_Elow_V2.00_Hshort_PWflat_B0.10,302028,15,1,1,1,0.0666666667,163.4442414448,25.7700462462,25.7700462462,12.8850231231,0.6666666667,50.5326531821,0.3361203671,True,,True
S0003_R02,n15_p0.25_d1_uniform_Elow_V2.00_Hshort_PWflat_B0.10,302028,15,2,1,1,0.0666666667,163.4442414448,25.7700462462,25.7700462462,12.8850231231,0.6666666667,50.5326531821,0.2862775326,True,,False
S0003_R02,n15_p0.25_d1_uniform_Elow_V2.00_Hshort_PWflat_B0.10,302028,15,3,1,1,0.0666666667,163.4442414448,25.7700462462,25.7700462462,12.8850231231,0.6666666667,50.5326531821,0.5235443115,True,,False
S0003_R03,n15_p0.25_d1_uniform_Elow_V2.00_Hshort_PWflat_B0.10,302029,15,0,0,0,0.0000000000,353.7541272126,173.4889603747,161.1317125854,95.6614580972,0.0000000000,113.6960302493,0.0047810078,True,,False
S0003_R03,n15_p0.25_d1_uniform_Elow_V2.00_Hshort_PWflat_B0.10,302029,15,1,1,3,0.2000000000,154.1309294852,9.2926262173,9.2926262173,6.1501502484,0.3333333333,60.3073198519,1.3853790760,True,,True
S0003_R03,n15_p0.25_d1_uniform_Elow_V2.00_Hshort_PWflat_B0.10,302029,15,2,1,3,0.2000000000,212.2731025890,53.6321926089,53.6321926089,36.2362966722,0.3333333333,74.8166368374,0.4268329144,True,,False
S0003_R03,n15_p0.25_d1_uniform_Elow_V2.00_Hshort_PWflat_B0.10,302029,15,3,1,3,0.2000000000,212.2731025890,53.6321926089,53.6321926089,36.2362966722,0.3333333333,74.8166368374,0.5244467258,True,,False
S0003_R04,n15_p0.25_d1_uniform_Elow_V2.00_Hshort_PWflat_B0.10,302030,15,0,0,0,0.0000000000,1143.7795894737,950.8083945809,427.6038771591,178.6890777700,0.0000000000,166.8920825126,0.0043194294,True,,False
S0003_R04,n15_p0.25_d1_uniform_Elow_V2.00_Hshort_PWflat_B0.10,302030,15,1,1,3,0.2000000000,175.8400682827,57.0941131965,57.0941131965,30.0048757345,0.5000000000,57.6349578513,1.3717565536,True,,True
S0003_R04,n15_p0.25_d1_uniform_Elow_V2.00_Hshort_PWflat_B0.10,302030,15,2,1,3,0.2000000000,175.8400682827,57.0941131965,57.0941131965,30.0048757345,0.5000000000,57.6349578514,0.4158453941,True,,False
S0003_R04,n15_p0.25_d1_uniform_Elow_V2.00_Hshort_PWflat_B0.10,302030,15,3,1,3,0.2000000000,175.8400682827,57.0941131965,57.0941131965,30.0048757345,0.5000000000,57.6349578514,0.4565155506,True,,False
S0003_R05,n15_p0.25_d1_uniform_Elow_V2.00_Hshort_PWflat_B0.10,302031,15,0,0,0,0.0000000000,324.1223794119,165.2828792921,156.6432075423,58.6736505663,0.2000000000,90.1640321027,0.0195577145,True,,False
S0003_R05,n15_p0.25_d1_uniform_Elow_V2.00_Hshort_PWflat_B0.10,302031,15,1,1,1,0.0666666667,191.6425728705,60.1053364761,60.1053364761,31.3136498139,0.6000000000,60.7826649208,0.9116857052,True,,True
S0003_R05,n15_p0.25_d1_uniform_Elow_V2.00_Hshort_PWflat_B0.10,302031,15,2,1,2,0.1333333333,199.2998882432,63.6670243101,63.6670243101,31.3136498139,0.4000000000,62.5742376894,0.3830835819,True,,False
S0003_R05,n15_p0.25_d1_uniform_Elow_V2.00_Hshort_PWflat_B0.10,302031,15,3,1,2,0.1333333333,199.2998882432,63.6670243101,63.6670243101,31.3136498139,0.4000000000,62.5742376894,0.4161069393,True,,False
S0003_R06,n15_p0.25_d1_uniform_Elow_V2.00_Hshort_PWflat_B0.10,302032,15,0,0,0,0.0000000000,207.2575476039,71.6606631733,71.6606631733,61.9350048797,0.0000000000,95.8514600600,0.0047824383,True,,False
S0003_R06,n15_p0.25_d1_uniform_Elow_V2.00_Hshort_PWflat_B0.10,302032,15,1,1,2,0.1333333333,110.1069717205,0.0000000000,0.0000000000,0.0000000000,1.0000000000,46.3800334286,0.7646608353,True,,True
S0003_R06,n15_p0.25_d1_uniform_Elow_V2.00_Hshort_PWflat_B0.10,302032,15,2,1,2,0.1333333333,110.1069717205,0.0000000000,0.0000000000,0.0000000000,1.0000000000,46.3800334286,0.3598244190,True,,False
S0003_R06,n15_p0.25_d1_uniform_Elow_V2.00_Hshort_PWflat_B0.10,302032,15,3,1,2,0.1333333333,110.1069717205,0.0000000000,0.0000000000,0.0000000000,1.0000000000,46.3800334286,0.4141969681,True,,False
S0003_R07,n15_p0.25_d1_uniform_Elow_V2.00_Hshort_PWflat_B0.10,302033,15,0,0,0,0.0000000000,227.3853553927,47.6955688038,10.7496791564,8.5997433252,0.6666666667,40.3376486998,0.0060565472,True,,False
S0003_R07,n15_p0.25_d1_uniform_Elow_V2.00_Hshort_PWflat_B0.10,302033,15,1,1,2,0.1333333333,141.7384765012,0.0000000000,0.0000000000,0.0000000000,1.0000000000,24.7872346903,1.0250930786,True,,True
S0003_R07,n15_p0.25_d1_uniform_Elow_V2.00_Hshort_PWflat_B0.10,302033,15,2,0,0,0.0000000000,139.0412429217,0.0000000000,0.0000000000,0.0000000000,1.0000000000,32.3877414741,0.4310395718,True,,False
S0003_R07,n15_p0.25_d1_uniform_Elow_V2.00_Hshort_PWflat_B0.10,302033,15,3,0,0,0.0000000000,139.0412429217,0.0000000000,0.0000000000,0.0000000000,1.0000000000,32.3877414741,0.4906213284,True,,False
S0003_R08,n15_p0.25_d1_uniform_Elow_V2.00_Hshort_PWflat_B0.10,302034,15,0,0,0,0.0000000000,1050.2714579406,870.7703027975,248.7285482000,214.4808921661,0.0000000000,184.4564990971,0.0040013790,True,,False
S0003_R08,n15_p0.25_d1_uniform_Elow_V2.00_Hshort_PWflat_B0.10,302034,15,1,1,2,0.1333333333,114.3995011711,0.0000000000,0.0000000000,0.0000000000,1.0000000000,34.8503089601,1.3984351158,True,,True
S0003_R08,n15_p0.25_d1_uniform_Elow_V2.00_Hshort_PWflat_B0.10,302034,15,2,1,2,0.1333333333,123.1327188096,27.4511100446,25.4660180736,22.9194162663,0.5000000000,55.0330028978,0.4299235344,True,,False
S0003_R08,n15_p0.25_d1_uniform_Elow_V2.00_Hshort_PWflat_B0.10,302034,15,3,1,2,0.1333333333,123.1327188096,27.4511100446,25.4660180736,22.9194162663,0.5000000000,55.0330028978,0.5235021114,True,,False
S0003_R09,n15_p0.25_d1_uniform_Elow_V2.00_Hshort_PWflat_B0.10,302035,15,0,0,0,0.0000000000,156.6112358852,0.0000000000,0.0000000000,0.0000000000,1.0000000000,19.1386015918,0.0047519207,True,,False
S0003_R09,n15_p0.25_d1_uniform_Elow_V2.00_Hshort_PWflat_B0.10,302035,15,1,1,1,0.0666666667,133.1840099243,0.0000000000,0.0000000000,0.0000000000,1.0000000000,11.4635166164,0.8406333923,True,,True
S0003_R09,n15_p0.25_d1_uniform_Elow_V2.00_Hshort_PWflat_B0.10,302035,15,2,1,1,0.0666666667,133.1840099243,0.0000000000,0.0000000000,0.0000000000,1.0000000000,11.4635166164,0.3211526871,True,,False
S0003_R09,n15_p0.25_d1_uniform_Elow_V2.00_Hshort_PWflat_B0.10,302035,15,3,0,0,0.0000000000,127.0426169889,0.0000000000,0.0000000000,0.0000000000,1.0000000000,11.4635166164,0.5199902058,True,,False
S0003_R10,n15_p0.25_d1_uniform_Elow_V2.00_Hshort_PWflat_B0.10,302036,15,0,0,0,0.0000000000,238.9291194513,96.9470091530,0.0000000000,0.0000000000,,,0.0047013760,True,,False
S0003_R10,n15_p0.25_d1_uniform_Elow_V2.00_Hshort_PWflat_B0.10,302036,15,1,1,2,0.1333333333,88.4756490147,0.0000000000,0.0000000000,0.0000000000,,,1.2681427002,True,,True
S0003_R10,n15_p0.25_d1_uniform_Elow_V2.00_Hshort_PWflat_B0.10,302036,15,2,1,3,0.2000000000,102.3654078215,0.0000000000,0.0000000000,0.0000000000,,,0.3442304134,True,,False
S0003_R10,n15_p0.25_d1_uniform_Elow_V2.00_Hshort_PWflat_B0.10,302036,15,3,1,3,0.2000000000,102.3654078215,0.0000000000,0.0000000000,0.0000000000,,,0.3906972408,True,,False
S0004_R01,n15_p0.25_d1_uniform_Elow_V2.00_Hshort_PWmoderate_B0.10,402027,15,0,0,0,0.0000000000,3138.1045625327,2978.3909820541,146.1370261854,54.4733917827,0.2500000000,87.3902679826,0.0072569847,True,,False
S0004_R01,n15_p0.25_d1_uniform_Elow_V2.00_Hshort_PWmoderate_B0.10,402027,15,1,1,2,0.1333333333,1590.0764218969,1460.0767296090,73.0038364804,39.6043667726,0.5000000000,66.2828314803,0.9886093140,True,,True
S0004_R01,n15_p0.25_d1_uniform_Elow_V2.00_Hshort_PWmoderate_B0.10,402027,15,2,1,3,0.2000000000,713.2264235830,574.9159381840,28.7457969092,20.1220578364,0.7500000000,46.1121986889,0.4114329815,True,,False
S0004_R01,n15_p0.25_d1_uniform_Elow_V2.00_Hshort_PWmoderate_B0.10,402027,15,3,1,3,0.2000000000,713.2264235830,574.9159381840,28.7457969092,20.1220578364,0.7500000000,46.1121986889,0.4744369984,True,,False
S0004_R02,n15_p0.25_d1_uniform_Elow_V2.00_Hshort_PWmoderate_B0.10,402028,15,0,0,0,0.0000000000,1248.4755721162,1083.1933792621,54.1596689631,31.9462333291,0.3333333333,61.9426166903,0.0169527531,True,,False
S0004_R02,n15_p0.25_d1_uniform_Elow_V2.00_Hshort_PWmoderate_B0.10,402028,15,1,1,3,0.2000000000,144.1412322972,0.0000000000,0.0000000000,0.0000000000,1.0000000000,9.3010955570,0.9469754696,True,,True
S0004_R02,n15_p0.25_d1_uniform_Elow_V2.00_Hshort_PWmoderate_B0.10,402028,15,2,1,3,0.2000000000,144.1412322972,0.0000000000,0.0000000000,0.0000000000,1.0000000000,9.3010955570,0.3060848713,True,,False
S0004_R02,n15_p0.25_d1_uniform_Elow_V2.00_Hshort_PWmoderate_B0.10,402028,15,3,1,3,0.2000000000,144.1412322972,0.0000000000,0.0000000000,0.0000000000,1.0000000000,9.3010955570,0.3635561466,True,,False
S0004_R03,n15_p0.25_d1_uniform_Elow_V2.00_Hshort_PWmoderate_B0.10,402029,15,0,0,0,0.0000000000,326.8934170977,178.8586596844,8.9429329842,8.9429329842,0.0000000000,68.8385092306,0.0058774948,True,,False
S0004_R03,n15_p0.25_d1_uniform_Elow_V2.00_Hshort_PWmoderate_B0.10,402029,15,1,1,2,0.1333333333,123.5720145173,0.0000000000,0.0000000000,0.0000000000,1.0000000000,31.2419766819,1.5098705292,True,,True
S0004_R03,n15_p0.25_d1_uniform_Elow_V2.00_Hshort_PWmoderate_B0.10,402029,15,2,1,3,0.2000000000,127.2913439212,0.0000000000,0.0000000000,0.0000000000,1.0000000000,31.2419766819,0.3231933117,True,,False
S0004_R03,n15_p0.25_d1_uniform_Elow_V2.00_Hshort_PWmoderate_B0.10,402029,15,3,1,3,0.2000000000,127.2913439212,0.0000000000,0.0000000000,0.0000000000,1.0000000000,31.2419766819,0.3906445503,True,,False
S0004_R04,n15_p0.25_d1_uniform_Elow_V2.00_Hshort_PWmoderate_B0.10,402030,15,0,0,0,0.0000000000,2945.1466148043,2771.0503161199,98.2507234482,55.9751401766,0.5000000000,73.0544616961,0.0190980434,True,,False
S0004_R04,n15_p0.25_d1_uniform_Elow_V2.00_Hshort_PWmoderate_B0.10,402030,15,1,1,1,0.0666666667,642.8031293969,548.5057915285,27.4252895764,19.1977027035,0.7500000000,40.7026580219,0.7671375275,True,,True
S0004_R04,n15_p0.25_d1_uniform_Elow_V2.00_Hshort_PWmoderate_B0.10,402030,15,2,1,1,0.0666666667,642.8031293969,548.5057915285,27.4252895764,19.1977027035,0.7500000000,40.7026580219,0.3319046497,True,,False
S0004_R04,n15_p0.25_d1_uniform_Elow_V2.00_Hshort_PWmoderate_B0.10,402030,15,3,1,1,0.0666666667,642.8031293969,548.5057915285,27.4252895764,19.1977027035,0.7500000000,40.7026580219,0.4017577171,True,,False
S0004_R05,n15_p0.25_d1_uniform_Elow_V2.00_Hshort_PWmoderate_B0.10,402031,15,0,0,0,0.0000000000,1794.9031057825,1633.7166955833,81.3238504646,48.7943102788,0.8000000000,55.7826635177,0.0048944950,True,,False
S0004_R05,n15_p0.25_d1_uniform_Elow_V2.00_Hshort_PWmoderate_B0.10,402031,15,1,1,1,0.0666666667,280.9473673069,101.2575889570,5.0628794479,3.0377276687,0.8000000000,34.5095254995,0.9678208828,True,,True
S0004_R05,n15_p0.25_d1_uniform_Elow_V2.00_Hshort_PWmoderate_B0.10,402031,15,2,1,1,0.0666666667,280.9473673069,101.2575889570,5.0628794479,3.0377276687,0.8000000000,34.5095254995,0.3521935940,True,,False
S0004_R05,n15_p0.25_d1_uniform_Elow_V2.00_Hshort_PWmoderate_B0.10,402031,15,3,1,1,0.0666666667,280.9473673069,101.2575889570,5.0628794479,3.0377276687,0.8000000000,34.5095254995,0.3640747070,True,,False
S0004_R06,n15_p0.25_d1_uniform_Elow_V2.00_Hshort_PWmoderate_B0.10,402032,15,0,0,0,0.0000000000,2096.8083873265,1942.9736339008,97.1486816950,56.4099158901,0.0000000000,92.4041141882,0.0086753368,True,,False
S0004_R06,n15_p0.25_d1_uniform_Elow_V2.00_Hshort_PWmoderate_B0.10,402032,15,1,1,2,0.1333333333,377.5412546265,259.4008306895,12.9700415345,10.3760332276,0.6666666667,44.3154331846,0.9791750908,True,,True
S0004_R06,n15_p0.25_d1_uniform_Elow_V2.00_Hshort_PWmoderate_B0.10,402032,15,2,2,4,0.2666666667,129.9335149540,0.0000000000,0.0000000000,0.0000000000,1.0000000000,44.1501538844,0.7437882423,True,,False
S0004_R06,n15_p0.25_d1_uniform_Elow_V2.00_Hshort_PWmoderate_B0.10,402032,15,3,2,4,0.2666666667,129.9335149540,0.0000000000,0.0000000000,0.0000000000,1.0000000000,44.1501538844,0.6746087074,True,,False
S0004_R07,n15_p0.25_d1_uniform_Elow_V2.00_Hshort_PWmoderate_B0.10,402033,15,0,0,0,0.0000000000,2540.7525794791,2378.2238485675,116.9176535459,52.3325344057,0.4000000000,66.2914946845,0.0042047501,True,,False
S0004_R07,n15_p0.25_d1_uniform_Elow_V2.00_Hshort_PWmoderate_B0.10,402033,15,1,1,2,0.1333333333,200.0389704946,67.6435673095,3.3821783655,1.7360875150,0.6000000000,33.1269446747,1.0453279018,True,,True
S0004_R07,n15_p0.25_d1_uniform_Elow_V2.00_Hshort_PWmoderate_B0.10,402033,15,2,2,4,0.2666666667,182.2682943108,38.3216168769,1.9160808438,1.1496485063,0.8000000000,31.5369114871,0.5211298466,True,,False
S0004_R07,n15_p0.25_d1_uniform_Elow_V2.00_Hshort_PWmoderate_B0.10,402033,15,3,2,4,0.2666666667,182.2682943108,38.3216168769,1.9160808438,1.1496485063,0.8000000000,31.5369114871,0.6139681339,True,,False
S0004_R08,n15_p0.25_d1_uniform_Elow_V2.00_Hshort_PWmoderate_B0.10,402034,15,0,0,0,0.0000000000,640.9449024047,472.7643326887,21.6485516560,19.4836964904,0.5000000000,55.9773842792,0.0149192810,True,,False
S0004_R08,n15_p0.25_d1_uniform_Elow_V2.00_Hshort_PWmoderate_B0.10,402034,15,1,1,2,0.1333333333,144.4222187610,0.0000000000,0.0000000000,0.0000000000,1.0000000000,18.0438881564,0.9369468689,True,,True
S0004_R08,n15_p0.25_d1_uniform_Elow_V2.00_Hshort_PWmoderate_B0.10,402034,15,2,1,2,0.1333333333,144.4222187610,0.0000000000,0.0000000000,0.0000000000,1.0000000000,18.0438881564,0.3804612160,True,,False
S0004_R08,n15_p0.25_d1_uniform_Elow_V2.00_Hshort_PWmoderate_B0.10,402034,15,3,1,2,0.1333333333,144.4222187610,0.0000000000,0.0000000000,0.0000000000,1.0000000000,18.0438881564,0.3718006611,True,,False
S0004_R09,n15_p0.25_d1_uniform_Elow_V2.00_Hshort_PWmoderate_B0.10,402035,15,0,0,0,0.0000000000,738.9577705119,597.6591086449,28.8500288961,20.1950202273,0.7500000000,42.4688498917,0.0170617104,True,,False
S0004_R09,n15_p0.25_d1_uniform_Elow_V2.00_Hshort_PWmoderate_B0.10,402035,15,1,1,2,0.1333333333,577.7046422328,448.3923382618,22.4196169131,15.6937318392,0.7500000000,34.1593578677,0.9013357162,True,,True
S0004_R09,n15_p0.25_d1_uniform_Elow_V2.00_Hshort_PWmoderate_B0.10,402035,15,2,1,2,0.1333333333,577.7046422328,448.3923382618,22.4196169131,15.6937318392,0.7500000000,34.1593578677,0.3974490166,True,,False
S0004_R09,n15_p0.25_d1_uniform_Elow_V2.00_Hshort_PWmoderate_B0.10,402035,15,3,1,2,0.1333333333,577.7046422328,448.3923382618,22.4196169131,15.6937318392,0.7500000000,34.1593578677,0.4658343792,True,,False
S0004_R10,n15_p0.25_d1_uniform_Elow_V2.00_Hshort_PWmoderate_B0.10,402036,15,0,0,0,0.0000000000,6160.7329790955,6009.9730601697,264.3254431076,153.6556807903,0.0000000000,192.1374935089,0.0059623718,True,,False
S0004_R10,n15_p0.25_d1_uniform_Elow_V2.00_Hshort_PWmoderate_B0.10,402036,15,1,1,1,0.0666666667,105.4184221934,0.0000000000,0.0000000000,0.0000000000,1.0000000000,40.9156779531,1.6857564449,True,,True
S0004_R10,n15_p0.25_d1_uniform_Elow_V2.00_Hshort_PWmoderate_B0.10,402036,15,2,1,1,0.0666666667,105.4184221934,0.0000000000,0.0000000000,0.0000000000,1.0000000000,40.9156779532,0.5549097061,True,,False
S0004_R10,n15_p0.25_d1_uniform_Elow_V2.00_Hshort_PWmoderate_B0.10,402036,15,3,1,1,0.0666666667,105.4184221934,0.0000000000,0.0000000000,0.0000000000,1.0000000000,40.9156779532,0.6211180687,True,,False
S0005_R01,n15_p0.25_d1_uniform_Emedium_V1.25_Hshort_PWbase_B0.10,502027,15,0,0,0,0.0000000000,5739.9675733370,5595.5163102138,55.9551631021,55.9551631021,0.0000000000,115.9388901918,0.0047211647,True,,False
S0005_R01,n15_p0.25_d1_uniform_Emedium_V1.25_Hshort_PWbase_B0.10,502027,15,1,1,2,0.1333333333,163.6755226277,0.0000000000,0.0000000000,0.0000000000,1.0000000000,43.7647839391,1.0221657753,True,,True
S0005_R01,n15_p0.25_d1_uniform_Emedium_V1.25_Hshort_PWbase_B0.10,502027,15,2,1,2,0.1333333333,163.6755226277,0.0000000000,0.0000000000,0.0000000000,1.0000000000,43.7647839391,0.3801722527,True,,False
S0005_R01,n15_p0.25_d1_uniform_Emedium_V1.25_Hshort_PWbase_B0.10,502027,15,3,1,2,0.1333333333,163.6755226277,0.0000000000,0.0000000000,0.0000000000,1.0000000000,43.7647839391,0.4244897366,True,,False
S0005_R02,n15_p0.25_d1_uniform_Emedium_V1.25_Hshort_PWbase_B0.10,502028,15,0,0,0,0.0000000000,6707.5587333745,6563.3040829700,65.6330408297,42.0431739267,0.0000000000,92.8389818152,0.0051968098,True,,False
S0005_R02,n15_p0.25_d1_uniform_Emedium_V1.25_Hshort_PWbase_B0.10,502028,15,1,1,2,0.1333333333,2338.5033848534,2202.8491458696,22.0284914587,19.8256423128,0.5000000000,56.4137813656,0.9629709721,True,,True
S0005_R02,n15_p0.25_d1_uniform_Emedium_V1.25_Hshort_PWbase_B0.10,502028,15,2,1,2,0.1333333333,2338.5033848534,2202.8491458696,22.0284914587,19.8256423128,0.5000000000,56.4137813657,0.3870000839,True,,False
S0005_R02,n15_p0.25_d1_uniform_Emedium_V1.25_Hshort_PWbase_B0.10,502028,15,3,1,2,0.1333333333,2338.5033848534,2202.8491458696,22.0284914587,19.8256423128,0.5000000000,56.4137813657,0.4279654026,True,,False
S0005_R03,n15_p0.25_d1_uniform_Emedium_V1.25_Hshort_PWbase_B0.10,502029,15,0,0,0,0.0000000000,11208.7733598041,11057.7726992228,97.7811001082,46.8971022900,0.2000000000,75.8890748853,0.0165369511,True,,False
S0005_R03,n15_p0.25_d1_uniform_Emedium_V1.25_Hshort_PWbase_B0.10,502029,15,1,1,3,0.2000000000,160.7767586545,0.0000000000,0.0000000000,0.0000000000,1.0000000000,39.5297729566,1.4415800571,True,,True
S0005_R03,n15_p0.25_d1_uniform_Emedium_V1.25_Hshort_PWbase_B0.10,502029,15,2,1,3,0.2000000000,160.7767586545,0.0000000000,0.0000000000,0.0000000000,1.0000000000,39.5297729566,0.5134496689,True,,False
S0005_R03,n15_p0.25_d1_uniform_Emedium_V1.25_Hshort_PWbase_B0.10,502029,15,3,1,3,0.2000000000,160.7767586545,0.0000000000,0.0000000000,0.0000000000,1.0000000000,39.5297729566,0.6570467949,True,,False
S0005_R04,n15_p0.25_d1_uniform_Emedium_V1.25_Hshort_PWbase_B0.10,502030,15,0,0,0,0.0000000000,17473.0260483323,17301.3764154222,173.0137641542,46.0894617260,0.3750000000,71.9412960891,0.0046942234,True,,False
S0005_R04,n15_p0.25_d1_uniform_Emedium_V1.25_Hshort_PWbase_B0.10,502030,15,1,1,2,0.1333333333,4263.6394876567,4120.4612681936,41.2046126819,17.0796832502,0.5000000000,47.1473138375,0.9915452003,True,,True
S0005_R04,n15_p0.25_d1_uniform_Emedium_V1.25_Hshort_PWbase_B0.10,502030,15,2,1,2,0.1333333333,4263.6394876567,4120.4612681936,41.2046126819,17.0796832502,0.5000000000,47.1473138375,0.3563907146,True,,False
S0005_R04,n15_p0.25_d1_uniform_Emedium_V1.25_Hshort_PWbase_B0.10,502030,15,3,1,2,0.1333333333,4263.6394876567,4120.4612681936,41.2046126819,17.0796832502,0.5000000000,47.1473138375,0.4058852196,True,,False
S0005_R05,n15_p0.25_d1_uniform_Emedium_V1.25_Hshort_PWbase_B0.10,502031,15,0,0,0,0.0000000000,9487.9708695251,9310.7128179693,86.4977532162,77.8479778946,0.5000000000,84.5492321624,0.0048229694,True,,False
S0005_R05,n15_p0.25_d1_uniform_Emedium_V1.25_Hshort_PWbase_B0.10,502031,15,1,1,1,0.0666666667,1984.5697489274,1817.4982372692,18.1749823727,16.3574841354,0.5000000000,58.3405138979,1.1145057678,True,,True
S0005_R05,n15_p0.25_d1_uniform_Emedium_V1.25_Hshort_PWbase_B0.10,502031,15,2,2,3,0.2000000000,166.4388061267,0.0000000000,0.0000000000,0.0000000000,1.0000000000,44.5320775112,0.4325239658,True,,False
S0005_R05,n15_p0.25_d1_uniform_Emedium_V1.25_Hshort_PWbase_B0.10,502031,15,3,2,3,0.2000000000,166.4388061267,0.0000000000,0.0000000000,0.0000000000,1.0000000000,44.5320775112,0.4770357609,True,,False
S0005_R06,n15_p0.25_d1_uniform_Emedium_V1.25_Hshort_PWbase_B0.10,502032,15,0,0,0,0.0000000000,38433.9599055869,38279.6177342592,379.5585781689,147.2564192837,0.2500000000,150.2405651863,0.0146481991,True,,False
S0005_R06,n15_p0.25_d1_uniform_Emedium_V1.25_Hshort_PWbase_B0.10,502032,15,1,1,2,0.1333333333,270.5836961751,83.9705879673,0.8397058797,0.5877941158,0.7500000000,42.1339322358,1.0677392483,True,,True
S0005_R06,n15_p0.25_d1_uniform_Emedium_V1.25_Hshort_PWbase_B0.10,502032,15,2,2,3,0.2000000000,189.1490960520,0.0000000000,0.0000000000,0.0000000000,1.0000000000,39.3452689821,0.4716145992,True,,False
S0005_R06,n15_p0.25_d1_uniform_Emedium_V1.25_Hshort_PWbase_B0.10,502032,15,3,2,3,0.2000000000,189.1490960520,0.0000000000,0.0000000000,0.0000000000,1.0000000000,39.3452689821,0.5114946365,True,,False
S0005_R07,n15_p0.25_d1_uniform_Emedium_V1.25_Hshort_PWbase_B0.10,502033,15,0,0,0,0.0000000000,6073.0010352534,5931.5281001975,52.0037310187,52.0037310187,0.0000000000,112.0335386309,0.0186376572,True,,False
S0005_R07,n15_p0.25_d1_uniform_Emedium_V1.25_Hshort_PWbase_B0.10,502033,15,1,0,0,0.0000000000,2651.3906225486,2528.1505938216,25.2815059382,25.2815059382,0.0000000000,85.3113135505,0.6034171581,True,,True
S0005_R07,n15_p0.25_d1_uniform_Emedium_V1.25_Hshort_PWbase_B0.10,502033,15,2,0,0,0.0000000000,2651.3906225486,2528.1505938216,25.2815059382,25.2815059382,0.0000000000,85.3113135505,0.2420279980,True,,False
S0005_R07,n15_p0.25_d1_uniform_Emedium_V1.25_Hshort_PWbase_B0.10,502033,15,3,0,0,0.0000000000,2651.3906225486,2528.1505938216,25.2815059382,25.2815059382,0.0000000000,85.3113135505,0.2861673832,True,,False
S0005_R08,n15_p0.25_d1_uniform_Emedium_V1.25_Hshort_PWbase_B0.10,502034,15,0,0,0,0.0000000000,1165.3782261447,996.9607430746,0.0000000000,0.0000000000,1.0000000000,31.4458267285,0.0212335587,True,,False
S0005_R08,n15_p0.25_d1_uniform_Emedium_V1.25_Hshort_PWbase_B0.10,502034,15,1,1,2,0.1333333333,142.7761522399,0.0000000000,0.0000000000,0.0000000000,1.0000000000,31.4458267286,1.0961997509,True,,True
S0005_R08,n15_p0.25_d1_uniform_Emedium_V1.25_Hshort_PWbase_B0.10,502034,15,2,1,2,0.1333333333,142.7761522399,0.0000000000,0.0000000000,0.0000000000,1.0000000000,31.4458267285,0.3606255054,True,,False
S0005_R08,n15_p0.25_d1_uniform_Emedium_V1.25_Hshort_PWbase_B0.10,502034,15,3,1,2,0.1333333333,142.7761522399,0.0000000000,0.0000000000,0.0000000000,1.0000000000,31.4458267285,0.5104789734,True,,False
S0005_R09,n15_p0.25_d1_uniform_Emedium_V1.25_Hshort_PWbase_B0.10,502035,15,0,0,0,0.0000000000,4707.3087777753,4556.1613800023,32.5679806718,26.0543845374,0.6666666667,50.9030018725,0.0044074059,True,,False
S0005_R09,n15_p0.25_d1_uniform_Emedium_V1.25_Hshort_PWbase_B0.10,502035,15,1,1,2,0.1333333333,114.8823569984,0.0000000000,0.0000000000,0.0000000000,1.0000000000,26.6090043048,0.8143434525,True,,True
S0005_R09,n15_p0.25_d1_uniform_Emedium_V1.25_Hshort_PWbase_B0.10,502035,15,2,1,2,0.1333333333,114.8823569984,0.0000000000,0.0000000000,0.0000000000,1.0000000000,26.6090043048,0.3290915489,True,,False
S0005_R09,n15_p0.25_d1_uniform_Emedium_V1.25_Hshort_PWbase_B0.10,502035,15,3,1,2,0.1333333333,114.8823569984,0.0000000000,0.0000000000,0.0000000000,1.0000000000,26.6090043048,0.3370187283,True,,False
S0005_R10,n15_p0.25_d1_uniform_Emedium_V1.25_Hshort_PWbase_B0.10,502036,15,0,0,0,0.0000000000,7330.6644215712,7163.1476529143,71.6314765291,35.3453545805,0.5000000000,64.0994455721,0.0065863132,True,,False
S0005_R10,n15_p0.25_d1_uniform_Emedium_V1.25_Hshort_PWbase_B0.10,502036,15,1,1,1,0.0666666667,3327.6537935020,3164.7034804730,31.6470348047,15.8235174024,0.6666666667,47.6119302204,1.1212623119,True,,True
S0005_R10,n15_p0.25_d1_uniform_Emedium_V1.25_Hshort_PWbase_B0.10,502036,15,2,1,1,0.0666666667,2440.7036854634,2286.3559602903,22.8635596029,11.4317798015,0.6666666667,42.5682098779,0.2728922367,True,,False
S0005_R10,n15_p0.25_d1_uniform_Emedium_V1.25_Hshort_PWbase_B0.10,502036,15,3,1,1,0.0666666667,2440.7036854634,2286.3559602903,22.8635596029,11.4317798015,0.6666666667,42.5682098779,0.3402051926,True,,False
S0006_R01,n15_p0.25_d1_uniform_Emedium_V2.00_Hlong_PWflat_B0.10,602027,15,0,0,0,0.0000000000,290.0290602735,123.8374668426,123.8374668426,56.1183815549,0.0000000000,101.2883549052,0.0047633648,True,,False
S0006_R01,n15_p0.25_d1_uniform_Emedium_V2.00_Hlong_PWflat_B0.10,602027,15,1,1,1,0.0666666667,158.2834019742,32.1869054917,32.1869054917,25.7495243933,0.6666666667,65.1148713589,0.8067622185,True,,True
S0006_R01,n15_p0.25_d1_uniform_Emedium_V2.00_Hlong_PWflat_B0.10,602027,15,2,1,1,0.0666666667,158.2834019742,32.1869054917,32.1869054917,25.7495243933,0.6666666667,65.1148713589,0.3660488129,True,,False
S0006_R01,n15_p0.25_d1_uniform_Emedium_V2.00_Hlong_PWflat_B0.10,602027,15,3,1,1,0.0666666667,158.2834019742,32.1869054917,32.1869054917,25.7495243933,0.6666666667,65.1148713589,0.4099414349,True,,False
S0006_R02,n15_p0.25_d1_uniform_Emedium_V2.00_Hlong_PWflat_B0.10,602028,15,0,0,0,0.0000000000,296.8712212644,106.1835618357,106.1835618357,79.0460337154,0.3333333333,85.3498952076,0.0048198700,True,,False
S0006_R02,n15_p0.25_d1_uniform_Emedium_V2.00_Hlong_PWflat_B0.10,602028,15,1,1,4,0.2666666667,150.0090227771,0.0000000000,0.0000000000,0.0000000000,1.0000000000,18.6967568258,0.7418107986,True,,True
S0006_R02,n15_p0.25_d1_uniform_Emedium_V2.00_Hlong_PWflat_B0.10,602028,15,2,1,4,0.2666666667,150.0090227771,0.0000000000,0.0000000000,0.0000000000,1.0000000000,18.6967568258,0.3115935326,True,,False
S0006_R02,n15_p0.25_d1_uniform_Emedium_V2.00_Hlong_PWflat_B0.10,602028,15,3,1,4,0.2666666667,150.0090227771,0.0000000000,0.0000000000,0.0000000000,1.0000000000,18.6967568258,0.3551487923,True,,False
S0006_R03,n15_p0.25_d1_uniform_Emedium_V2.00_Hlong_PWflat_B0.10,602029,15,0,0,0,0.0000000000,134.1511025312,0.0000000000,0.0000000000,0.0000000000,1.0000000000,17.7532437325,0.0183553696,True,,False
S0006_R03,n15_p0.25_d1_uniform_Emedium_V2.00_Hlong_PWflat_B0.10,602029,15,1,0,0,0.0000000000,112.6736909356,0.0000000000,0.0000000000,0.0000000000,1.0000000000,17.7532437325,1.2681798935,True,,True
S0006_R03,n15_p0.25_d1_uniform_Emedium_V2.00_Hlong_PWflat_B0.10,602029,15,2,0,0,0.0000000000,112.6736909356,0.0000000000,0.0000000000,0.0000000000,1.0000000000,17.7532437325,0.6339945793,True,,False
S0006_R03,n15_p0.25_d1_uniform_Emedium_V2.00_Hlong_PWflat_B0.10,602029,15,3,0,0,0.0000000000,112.6736909356,0.0000000000,0.0000000000,0.0000000000,1.0000000000,17.7532437325,0.3417401314,True,,False
S0006_R04,n15_p0.25_d1_uniform_Emedium_V2.00_Hlong_PWflat_B0.10,602030,15,0,0,0,0.0000000000,520.6575896201,363.2558965474,94.9892176021,56.8359879922,0.5000000000,72.0691303213,0.0046780109,True,,False
S0006_R04,n15_p0.25_d1_uniform_Emedium_V2.00_Hlong_PWflat_B0.10,602030,15,1,1,4,0.2666666667,142.3370598331,1.1135445936,1.1135445936,0.7794812156,0.7500000000,39.3431770999,1.6738562584,True,,True
S0006_R04,n15_p0.25_d1_uniform_Emedium_V2.00_Hlong_PWflat_B0.10,602030,15,2,1,4,0.2666666667,142.3370598331,1.1135445936,1.1135445936,0.7794812156,0.7500000000,39.3431770999,0.4748847485,True,,False
S0006_R04,n15_p0.25_d1_uniform_Emedium_V2.00_Hlong_PWflat_B0.10,602030,15,3,1,4,0.2666666667,142.3370598331,1.1135445936,1.1135445936,0.7794812156,0.7500000000,39.3431770999,0.6093983650,True,,False
S0006_R05,n15_p0.25_d1_uniform_Emedium_V2.00_Hlong_PWflat_B0.10,602031,15,0,0,0,0.0000000000,1022.1923498563,839.1359368362,423.4734363314,201.4601467005,0.2500000000,165.0339148414,0.0151615143,True,,False
S0006_R05,n15_p0.25_d1_uniform_Emedium_V2.00_Hlong_PWflat_B0.10,602031,15,1,1,4,0.2666666667,178.3952758321,41.4018897370,41.4018897370,20.3997289611,0.2500000000,63.3850623036,2.2493724823,True,,True
S0006_R05,n15_p0.25_d1_uniform_Emedium_V2.00_Hlong_PWflat_B0.10,602031,15,2,1,4,0.2666666667,178.3952758321,41.4018897370,41.4018897370,20.3997289611,0.2500000000,63.3850623036,0.6387772560,True,,False
S0006_R05,n15_p0.25_d1_uniform_Emedium_V2.00_Hlong_PWflat_B0.10,602031,15,3,1,4,0.2666666667,178.3952758321,41.4018897370,41.4018897370,20.3997289611,0.2500000000,63.3850623036,0.8899426460,True,,False
S0006_R06,n15_p0.25_d1_uniform_Emedium_V2.00_Hlong_PWflat_B0.10,602032,15,0,0,0,0.0000000000,143.4317882242,1.6705973883,1.6705973883,1.5035376495,0.5000000000,57.0849017319,0.0043966770,True,,False
S0006_R06,n15_p0.25_d1_uniform_Emedium_V2.00_Hlong_PWflat_B0.10,602032,15,1,1,1,0.0666666667,131.5277426109,0.0000000000,0.0000000000,0.0000000000,1.0000000000,40.6694096193,1.0288763046,True,,True
S0006_R06,n15_p0.25_d1_uniform_Emedium_V2.00_Hlong_PWflat_B0.10,602032,15,2,1,1,0.0666666667,131.5277426109,0.0000000000,0.0000000000,0.0000000000,1.0000000000,40.6694096193,0.2661993504,True,,False
S0006_R06,n15_p0.25_d1_uniform_Emedium_V2.00_Hlong_PWflat_B0.10,602032,15,3,1,1,0.0666666667,131.5277426109,0.0000000000,0.0000000000,0.0000000000,1.0000000000,40.6694096193,0.3439052105,True,,False
S0006_R07,n15_p0.25_d1_uniform_Emedium_V2.00_Hlong_PWflat_B0.10,602033,15,0,0,0,0.0000000000,149.3467373106,13.1651306505,0.0000000000,0.0000000000,1.0000000000,23.3010800412,0.0045149326,True,,False
S0006_R07,n15_p0.25_d1_uniform_Emedium_V2.00_Hlong_PWflat_B0.10,602033,15,1,1,4,0.2666666667,124.6536866396,0.0000000000,0.0000000000,0.0000000000,1.0000000000,22.4677079771,0.8067278862,True,,True
S0006_R07,n15_p0.25_d1_uniform_Emedium_V2.00_Hlong_PWflat_B0.10,602033,15,2,1,4,0.2666666667,124.6536866396,0.0000000000,0.0000000000,0.0000000000,1.0000000000,22.4677079771,0.2499825954,True,,False
S0006_R07,n15_p0.25_d1_uniform_Emedium_V2.00_Hlong_PWflat_B0.10,602033,15,3,1,4,0.2666666667,124.6536866396,0.0000000000,0.0000000000,0.0000000000,1.0000000000,22.4677079771,0.3282749653,True,,False
S0006_R08,n15_p0.25_d1_uniform_Emedium_V2.00_Hlong_PWflat_B0.10,602034,15,0,0,0,0.0000000000,332.2696382083,159.5282198802,0.0000000000,0.0000000000,1.0000000000,47.1861899701,0.0175642967,True,,False
S0006_R08,n15_p0.25_d1_uniform_Emedium_V2.00_Hlong_PWflat_B0.10,602034,15,1,1,3,0.2000000000,146.4404001135,14.8720477300,14.8720477300,13.3848429570,0.5000000000,62.3819379247,2.3071088791,True,,True
S0006_R08,n15_p0.25_d1_uniform_Emedium_V2.00_Hlong_PWflat_B0.10,602034,15,2,1,3,0.2000000000,146.4404001135,14.8720477300,14.8720477300,13.3848429570,0.5000000000,62.3819379247,0.3697786331,True,,False
S0006_R08,n15_p0.25_d1_uniform_Emedium_V2.00_Hlong_PWflat_B0.10,602034,15,3,1,3,0.2000000000,146.4404001135,14.8720477300,14.8720477300,13.3848429570,0.5000000000,62.3819379247,0.4077961445,True,,False
S0006_R09,n15_p0.25_d1_uniform_Emedium_V2.00_Hlong_PWflat_B0.10,602035,15,0,0,0,0.0000000000,295.9654601332,134.1924253128,134.1924253128,93.9346977190,0.7500000000,66.8690352311,0.0099654198,True,,False
S0006_R09,n15_p0.25_d1_uniform_Emedium_V2.00_Hlong_PWflat_B0.10,602035,15,1,1,3,0.2000000000,145.0079138678,49.7342650357,49.7342650357,34.8139855250,0.7500000000,47.3905353070,1.5881228447,True,,True
S0006_R09,n15_p0.25_d1_uniform_Emedium_V2.00_Hlong_PWflat_B0.10,602035,15,2,1,3,0.2000000000,145.0079138678,49.7342650357,49.7342650357,34.8139855250,0.7500000000,47.3905353070,0.4311978817,True,,False
S0006_R09,n15_p0.25_d1_uniform_Emedium_V2.00_Hlong_PWflat_B0.10,602035,15,3,1,3,0.2000000000,145.0079138678,49.7342650357,49.7342650357,34.8139855250,0.7500000000,47.3905353070,0.4505686760,True,,False
S0006_R10,n15_p0.25_d1_uniform_Emedium_V2.00_Hlong_PWflat_B0.10,602036,15,0,0,0,0.0000000000,163.3786677045,0.0000000000,0.0000000000,0.0000000000,1.0000000000,41.4853397287,0.0061020851,True,,False
S0006_R10,n15_p0.25_d1_uniform_Emedium_V2.00_Hlong_PWflat_B0.10,602036,15,1,1,2,0.1333333333,131.8894440925,0.0000000000,0.0000000000,0.0000000000,1.0000000000,39.5341097700,0.8611135483,True,,True
S0006_R10,n15_p0.25_d1_uniform_Emedium_V2.00_Hlong_PWflat_B0.10,602036,15,2,1,2,0.1333333333,131.8894440925,0.0000000000,0.0000000000,0.0000000000,1.0000000000,39.5341097700,0.3103175163,True,,False
S0006_R10,n15_p0.25_d1_uniform_Emedium_V2.00_Hlong_PWflat_B0.10,602036,15,3,1,2,0.1333333333,131.8894440925,0.0000000000,0.0000000000,0.0000000000,1.0000000000,39.5341097700,0.3771662712,True,,False
S0007_R01,n15_p0.25_d1_uniform_Emedium_V2.00_Hlong_PWstrict_B0.10,702027,15,0,0,0,0.0000000000,38818.7614073858,38661.2306669163,151.0559369952,151.0559369952,0.0000000000,210.9799764097,0.0044126511,True,,False
S0007_R01,n15_p0.25_d1_uniform_Emedium_V2.00_Hlong_PWstrict_B0.10,702027,15,1,1,4,0.2666666667,133.6646353088,0.0000000000,0.0000000000,0.0000000000,1.0000000000,28.0733114482,1.5236010551,True,,True
S0007_R01,n15_p0.25_d1_uniform_Emedium_V2.00_Hlong_PWstrict_B0.10,702027,15,2,1,4,0.2666666667,133.6646353088,0.0000000000,0.0000000000,0.0000000000,1.0000000000,28.0733114482,0.4100449085,True,,False
S0007_R01,n15_p0.25_d1_uniform_Emedium_V2.00_Hlong_PWstrict_B0.10,702027,15,3,1,4,0.2666666667,133.6646353088,0.0000000000,0.0000000000,0.0000000000,1.0000000000,28.0733114482,0.3706195354,True,,False
S0007_R02,n15_p0.25_d1_uniform_Emedium_V2.00_Hlong_PWstrict_B0.10,702028,15,0,0,0,0.0000000000,20002.8703389797,19849.2756215251,97.7219561051,65.7403780683,0.3333333333,84.6159383414,0.0135569572,True,,False
S0007_R02,n15_p0.25_d1_uniform_Emedium_V2.00_Hlong_PWstrict_B0.10,702028,15,1,1,3,0.2000000000,5746.6835756395,5622.3981643287,28.1119908216,22.4895926573,0.6666666667,51.3760242633,1.1748542786,True,,True
S0007_R02,n15_p0.25_d1_uniform_Emedium_V2.00_Hlong_PWstrict_B0.10,702028,15,2,1,3,0.2000000000,5746.6835756395,5622.3981643287,28.1119908216,22.4895926573,0.6666666667,51.3760242633,0.4889450073,True,,False
S0007_R02,n15_p0.25_d1_uniform_Emedium_V2.00_Hlong_PWstrict_B0.10,702028,15,3,1,3,0.2000000000,5746.6835756395,5622.3981643287,28.1119908216,22.4895926573,0.6666666667,51.3760242633,0.5196042061,True,,False
S0007_R03,n15_p0.25_d1_uniform_Emedium_V2.00_Hlong_PWstrict_B0.10,702029,15,0,0,0,0.0000000000,150.7749870824,0.0000000000,0.0000000000,0.0000000000,1.0000000000,35.0301232553,0.0046892166,True,,False
S0007_R03,n15_p0.25_d1_uniform_Emedium_V2.00_Hlong_PWstrict_B0.10,702029,15,1,0,0,0.0000000000,130.6351642335,0.0000000000,0.0000000000,0.0000000000,1.0000000000,25.3619317509,1.2588801384,True,,True
S0007_R03,n15_p0.25_d1_uniform_Emedium_V2.00_Hlong_PWstrict_B0.10,702029,15,2,1,1,0.0666666667,133.1121385576,0.0000000000,0.0000000000,0.0000000000,1.0000000000,25.3619317509,0.4666006565,True,,False
S0007_R03,n15_p0.25_d1_uniform_Emedium_V2.00_Hlong_PWstrict_B0.10,702029,15,3,1,1,0.0666666667,133.1121385576,0.0000000000,0.0000000000,0.0000000000,1.0000000000,25.3619317509,0.5054380894,True,,False
S0007_R04,n15_p0.25_d1_uniform_Emedium_V2.00_Hlong_PWstrict_B0.10,702030,15,0,0,0,0.0000000000,28414.0942869328,28251.3285581153,100.3027118979,80.2421695183,0.6666666667,75.8296318011,0.0253372192,True,,False
S0007_R04,n15_p0.25_d1_uniform_Emedium_V2.00_Hlong_PWstrict_B0.10,702030,15,1,1,4,0.2666666667,161.8873433694,0.0000000000,0.0000000000,0.0000000000,1.0000000000,8.4345686338,1.1255087852,True,,True
S0007_R04,n15_p0.25_d1_uniform_Emedium_V2.00_Hlong_PWstrict_B0.10,702030,15,2,1,4,0.2666666667,161.8873433694,0.0000000000,0.0000000000,0.0000000000,1.0000000000,8.4345686338,0.4792659283,True,,False
S0007_R04,n15_p0.25_d1_uniform_Emedium_V2.00_Hlong_PWstrict_B0.10,702030,15,3,1,4,0.2666666667,161.8873433694,0.0000000000,0.0000000000,0.0000000000,1.0000000000,8.4345686338,0.5438654423,True,,False
S0007_R05,n15_p0.25_d1_uniform_Emedium_V2.00_Hlong_PWstrict_B0.10,702031,15,0,0,0,0.0000000000,1661.6390207306,1493.1472350997,7.4657361755,6.7191625579,0.5000000000,60.8724484903,0.0046949387,True,,False
S0007_R05,n15_p0.25_d1_uniform_Emedium_V2.00_Hlong_PWstrict_B0.10,702031,15,1,1,4,0.2666666667,159.1994887636,0.0000000000,0.0000000000,0.0000000000,1.0000000000,25.0953201940,0.8264713287,True,,True
S0007_R05,n15_p0.25_d1_uniform_Emedium_V2.00_Hlong_PWstrict_B0.10,702031,15,2,1,4,0.2666666667,159.1994887636,0.0000000000,0.0000000000,0.0000000000,1.0000000000,25.0953201940,0.3451468945,True,,False
S0007_R05,n15_p0.25_d1_uniform_Emedium_V2.00_Hlong_PWstrict_B0.10,702031,15,3,1,4,0.2666666667,159.1994887636,0.0000000000,0.0000000000,0.0000000000,1.0000000000,25.0953201940,0.3723084927,True,,False
S0007_R06,n15_p0.25_d1_uniform_Emedium_V2.00_Hlong_PWstrict_B0.10,702032,15,0,0,0,0.0000000000,9662.5947996595,9537.6205585537,47.6881027928,26.2599108272,0.5000000000,61.5083554421,0.0053489208,True,,False
S0007_R06,n15_p0.25_d1_uniform_Emedium_V2.00_Hlong_PWstrict_B0.10,702032,15,1,1,4,0.2666666667,154.7197307166,0.0000000000,0.0000000000,0.0000000000,1.0000000000,43.8928621711,1.4457352161,True,,True
S0007_R06,n15_p0.25_d1_uniform_Emedium_V2.00_Hlong_PWstrict_B0.10,702032,15,2,1,4,0.2666666667,154.7197307166,0.0000000000,0.0000000000,0.0000000000,1.0000000000,43.8928621711,0.5406312943,True,,False
S0007_R06,n15_p0.25_d1_uniform_Emedium_V2.00_Hlong_PWstrict_B0.10,702032,15,3,1,4,0.2666666667,154.7197307166,0.0000000000,0.0000000000,0.0000000000,1.0000000000,43.8928621711,0.5762076378,True,,False
S0007_R07,n15_p0.25_d1_uniform_Emedium_V2.00_Hlong_PWstrict_B0.10,702033,15,0,0,0,0.0000000000,2366.8576072136,2224.0265392219,0.0000000000,0.0000000000,1.0000000000,33.1690543722,0.0042970181,True,,False
S0007_R07,n15_p0.25_d1_uniform_Emedium_V2.00_Hlong_PWstrict_B0.10,702033,15,1,1,3,0.2000000000,104.6428982091,0.0000000000,0.0000000000,0.0000000000,1.0000000000,28.8037650611,1.0007808208,True,,True
S0007_R07,n15_p0.25_d1_uniform_Emedium_V2.00_Hlong_PWstrict_B0.10,702033,15,2,1,3,0.2000000000,104.6428982091,0.0000000000,0.0000000000,0.0000000000,1.0000000000,28.8037650611,0.2567572594,True,,False
S0007_R07,n15_p0.25_d1_uniform_Emedium_V2.00_Hlong_PWstrict_B0.10,702033,15,3,1,3,0.2000000000,104.6428982091,0.0000000000,0.0000000000,0.0000000000,1.0000000000,28.8037650611,0.2424998283,True,,False
S0007_R08,n15_p0.25_d1_uniform_Emedium_V2.00_Hlong_PWstrict_B0.10,702034,15,0,0,0,0.0000000000,25627.6284965594,25501.3889933114,127.5069449666,36.8451304683,0.4285714286,59.0458066407,0.0045485497,True,,False
S0007_R08,n15_p0.25_d1_uniform_Emedium_V2.00_Hlong_PWstrict_B0.10,702034,15,1,1,2,0.1333333333,1599.9229155565,1496.2782934855,7.4813914674,2.9925565870,0.8571428571,35.3919189390,1.2640621662,True,,True
S0007_R08,n15_p0.25_d1_uniform_Emedium_V2.00_Hlong_PWstrict_B0.10,702034,15,2,1,2,0.1333333333,1599.9229155565,1496.2782934855,7.4813914674,2.9925565870,0.8571428571,35.3919189390,0.4596874714,True,,False
S0007_R08,n15_p0.25_d1_uniform_Emedium_V2.00_Hlong_PWstrict_B0.10,702034,15,3,1,2,0.1333333333,1599.9229155565,1496.2782934855,7.4813914674,2.9925565870,0.8571428571,35.3919189390,0.5345871449,True,,False
S0007_R09,n15_p0.25_d1_uniform_Emedium_V2.00_Hlong_PWstrict_B0.10,702035,15,0,0,0,0.0000000000,31001.7272092317,30845.2386616207,139.8046700195,112.0933651222,0.0000000000,129.8433188310,0.0048112869,True,,False
S0007_R09,n15_p0.25_d1_uniform_Emedium_V2.00_Hlong_PWstrict_B0.10,702035,15,1,1,3,0.2000000000,6547.5871271027,6440.4000502943,32.2020002515,28.9818002263,0.5000000000,69.2984495486,1.2195696831,True,,True
S0007_R09,n15_p0.25_d1_uniform_Emedium_V2.00_Hlong_PWstrict_B0.10,702035,15,2,1,3,0.2000000000,6547.5871271027,6440.4000502943,32.2020002515,28.9818002263,0.5000000000,69.2984495487,0.4468624592,True,,False
S0007_R09,n15_p0.25_d1_uniform_Emedium_V2.00_Hlong_PWstrict_B0.10,702035,15,3,1,3,0.2000000000,6547.5871271027,6440.4000502943,32.2020002515,28.9818002263,0.5000000000,69.2984495487,0.5757339001,True,,False
S0007_R10,n15_p0.25_d1_uniform_Emedium_V2.00_Hlong_PWstrict_B0.10,702036,15,0,0,0,0.0000000000,4754.6500450974,4634.6979384605,23.1734896923,18.5387917538,0.6666666667,54.5848612846,0.0046451092,True,,False
S0007_R10,n15_p0.25_d1_uniform_Emedium_V2.00_Hlong_PWstrict_B0.10,702036,15,1,1,4,0.2666666667,96.7463076943,0.0000000000,0.0000000000,0.0000000000,1.0000000000,23.3437308916,0.9196560383,True,,True
S0007_R10,n15_p0.25_d1_uniform_Emedium_V2.00_Hlong_PWstrict_B0.10,702036,15,2,1,4,0.2666666667,96.7463076943,0.0000000000,0.0000000000,0.0000000000,1.0000000000,23.3437308916,0.3043947220,True,,False
S0007_R10,n15_p0.25_d1_uniform_Emedium_V2.00_Hlong_PWstrict_B0.10,702036,15,3,1,4,0.2666666667,96.7463076943,0.0000000000,0.0000000000,0.0000000000,1.0000000000,23.3437308916,0.3381080627,True,,False
S0008_R01,n15_p0.25_d1_uniform_Ehigh_V1.25_Hshort_PWflat_B0.10,802027,15,0,0,0,0.0000000000,237.1646893011,111.6581637754,111.6581637754,64.5261038357,0.3333333333,85.2506633944,0.0044171810,True,,False
S0008_R01,n15_p0.25_d1_uniform_Ehigh_V1.25_Hshort_PWflat_B0.10,802027,15,1,1,1,0.0666666667,111.2819180258,0.0000000000,0.0000000000,0.0000000000,1.0000000000,26.7872836436,0.9855186939,True,,True
S0008_R01,n15_p0.25_d1_uniform_Ehigh_V1.25_Hshort_PWflat_B0.10,802027,15,2,1,1,0.0666666667,111.2819180258,0.0000000000,0.0000000000,0.0000000000,1.0000000000,26.7872836436,0.3297848701,True,,False
S0008_R01,n15_p0.25_d1_uniform_Ehigh_V1.25_Hshort_PWflat_B0.10,802027,15,3,1,1,0.0666666667,111.2819180258,0.0000000000,0.0000000000,0.0000000000,1.0000000000,26.7872836436,0.3898468018,True,,False
S0008_R02,n15_p0.25_d1_uniform_Ehigh_V1.25_Hshort_PWflat_B0.10,802028,15,0,0,0,0.0000000000,432.6921152400,259.9388831755,259.9388831755,140.2797381906,0.5000000000,118.1270490021,0.0047261715,True,,False
S0008_R02,n15_p0.25_d1_uniform_Ehigh_V1.25_Hshort_PWflat_B0.10,802028,15,1,1,3,0.2000000000,156.9608705130,23.3672383123,23.3672383123,16.3570668186,0.7500000000,42.4136255014,1.3218383789,True,,True
S0008_R02,n15_p0.25_d1_uniform_Ehigh_V1.25_Hshort_PWflat_B0.10,802028,15,2,2,4,0.2666666667,154.4429563709,13.5536555017,13.5536555017,9.4875588512,0.7500000000,36.0867714001,0.5598728657,True,,False
S0008_R02,n15_p0.25_d1_uniform_Ehigh_V1.25_Hshort_PWflat_B0.10,802028,15,3,2,4,0.2666666667,154.4429563709,13.5536555017,13.5536555017,9.4875588512,0.7500000000,36.0867714001,0.6345305443,True,,False
S0008_R03,n15_p0.25_d1_uniform_Ehigh_V1.25_Hshort_PWflat_B0.10,802029,15,0,0,0,0.0000000000,165.7942345053,0.0000000000,0.0000000000,0.0000000000,,,0.0042641163,True,,False
S0008_R03,n15_p0.25_d1_uniform_Ehigh_V1.25_Hshort_PWflat_B0.10,802029,15,1,1,2,0.1333333333,123.1138138757,0.0000000000,0.0000000000,0.0000000000,,,1.2658164501,True,,True
S0008_R03,n15_p0.25_d1_uniform_Ehigh_V1.25_Hshort_PWflat_B0.10,802029,15,2,1,1,0.0666666667,118.0520664131,0.0000000000,0.0000000000,0.0000000000,,,0.5813624859,True,,False
S0008_R03,n15_p0.25_d1_uniform_Ehigh_V1.25_Hshort_PWflat_B0.10,802029,15,3,1,1,0.0666666667,118.0520664131,0.0000000000,0.0000000000,0.0000000000,,,0.6357574463,True,,False
S0008_R04,n15_p0.25_d1_uniform_Ehigh_V1.25_Hshort_PWflat_B0.10,802030,15,0,0,0,0.0000000000,253.4817050000,122.2046044059,73.8589416138,73.8589416138,0.0000000000,133.9213044143,0.0161397457,True,,False
S0008_R04,n15_p0.25_d1_uniform_Ehigh_V1.25_Hshort_PWflat_B0.10,802030,15,1,1,2,0.1333333333,113.3885337254,0.0000000000,0.0000000000,0.0000000000,1.0000000000,32.7157209670,1.6484436989,True,,True
S0008_R04,n15_p0.25_d1_uniform_Ehigh_V1.25_Hshort_PWflat_B0.10,802030,15,2,1,3,0.2000000000,117.2913969634,0.0000000000,0.0000000000,0.0000000000,1.0000000000,32.7157209670,0.3342542648,True,,False
S0008_R04,n15_p0.25_d1_uniform_Ehigh_V1.25_Hshort_PWflat_B0.10,802030,15,3,1,3,0.2000000000,117.2913969634,0.0000000000,0.0000000000,0.0000000000,1.0000000000,32.7157209670,0.3528780937,True,,False
S0008_R05,n15_p0.25_d1_uniform_Ehigh_V1.25_Hshort_PWflat_B0.10,802031,15,0,0,0,0.0000000000,209.2762658633,56.9478223793,56.9478223793,51.2530401414,0.5000000000,71.3325411203,0.0046093464,True,,False
S0008_R05,n15_p0.25_d1_uniform_Ehigh_V1.25_Hshort_PWflat_B0.10,802031,15,1,1,2,0.1333333333,159.3163613885,14.9163332337,14.9163332337,13.4246999104,0.5000000000,55.7159086250,1.0526463985,True,,True
S0008_R05,n15_p0.25_d1_uniform_Ehigh_V1.25_Hshort_PWflat_B0.10,802031,15,2,1,2,0.1333333333,159.3163613885,14.9163332337,14.9163332337,13.4246999104,0.5000000000,55.7159086250,0.4111390114,True,,False
S0008_R05,n15_p0.25_d1_uniform_Ehigh_V1.25_Hshort_PWflat_B0.10,802031,15,3,1,2,0.1333333333,159.3163613885,14.9163332337,14.9163332337,13.4246999104,0.5000000000,55.7159086250,0.4925179482,True,,False
S0008_R06,n15_p0.25_d1_uniform_Ehigh_V1.25_Hshort_PWflat_B0.10,802032,15,0,0,0,0.0000000000,188.0963602185,4.7227270931,4.7227270931,3.7781816745,0.6666666667,53.8091634114,0.0063495636,True,,False
S0008_R06,n15_p0.25_d1_uniform_Ehigh_V1.25_Hshort_PWflat_B0.10,802032,15,1,1,1,0.0666666667,145.5424682246,0.5871366969,0.5871366969,0.4697093575,0.6666666667,47.5918447640,1.4146721363,True,,True
S0008_R06,n15_p0.25_d1_uniform_Ehigh_V1.25_Hshort_PWflat_B0.10,802032,15,2,1,1,0.0666666667,145.5424682246,0.5871366969,0.5871366969,0.4697093575,0.6666666667,47.5918447640,0.3431675434,True,,False
S0008_R06,n15_p0.25_d1_uniform_Ehigh_V1.25_Hshort_PWflat_B0.10,802032,15,3,1,1,0.0666666667,145.5424682246,0.5871366969,0.5871366969,0.4697093575,0.6666666667,47.5918447640,0.3338854313,True,,False
S0008_R07,n15_p0.25_d1_uniform_Ehigh_V1.25_Hshort_PWflat_B0.10,802033,15,0,0,0,0.0000000000,215.3895545861,72.5398659288,72.5398659288,50.6037312393,0.0000000000,84.1577731196,0.0049610138,True,,False
S0008_R07,n15_p0.25_d1_uniform_Ehigh_V1.25_Hshort_PWflat_B0.10,802033,15,1,1,3,0.2000000000,155.2916172503,19.1037294859,19.1037294859,10.1669169202,0.0000000000,66.3457276386,2.1906113625,True,,True
S0008_R07,n15_p0.25_d1_uniform_Ehigh_V1.25_Hshort_PWflat_B0.10,802033,15,2,1,3,0.2000000000,155.2916172503,19.1037294859,19.1037294859,10.1669169202,0.0000000000,66.3457276386,0.6613137722,True,,False
S0008_R07,n15_p0.25_d1_uniform_Ehigh_V1.25_Hshort_PWflat_B0.10,802033,15,3,1,3,0.2000000000,155.2916172503,19.1037294859,19.1037294859,10.1669169202,0.0000000000,66.3457276386,0.6872293949,True,,False
S0008_R08,n15_p0.25_d1_uniform_Ehigh_V1.25_Hshort_PWflat_B0.10,802034,15,0,0,0,0.0000000000,146.2409969461,0.0000000000,0.0000000000,0.0000000000,1.0000000000,40.4295905925,0.0047566891,True,,False
S0008_R08,n15_p0.25_d1_uniform_Ehigh_V1.25_Hshort_PWflat_B0.10,802034,15,1,1,1,0.0666666667,135.2645299397,0.2411105613,0.2411105613,0.1928884490,0.6666666667,41.0314672435,1.2695567608,True,,True
S0008_R08,n15_p0.25_d1_uniform_Ehigh_V1.25_Hshort_PWflat_B0.10,802034,15,2,1,1,0.0666666667,135.2645299397,0.2411105613,0.2411105613,0.1928884490,0.6666666667,41.0314672434,0.3950033188,True,,False
S0008_R08,n15_p0.25_d1_uniform_Ehigh_V1.25_Hshort_PWflat_B0.10,802034,15,3,1,1,0.0666666667,135.2645299397,0.2411105613,0.2411105613,0.1928884490,0.6666666667,41.0314672434,0.6023480892,True,,False
S0008_R09,n15_p0.25_d1_uniform_Ehigh_V1.25_Hshort_PWflat_B0.10,802035,15,0,0,0,0.0000000000,241.6983153918,89.3082348119,0.0000000000,0.0000000000,,,0.0042157173,True,,False
S0008_R09,n15_p0.25_d1_uniform_Ehigh_V1.25_Hshort_PWflat_B0.10,802035,15,1,1,2,0.1333333333,116.0600456008,0.0000000000,0.0000000000,0.0000000000,,,0.9288232327,True,,True
S0008_R09,n15_p0.25_d1_uniform_Ehigh_V1.25_Hshort_PWflat_B0.10,802035,15,2,1,1,0.0666666667,119.9721471435,0.0000000000,0.0000000000,0.0000000000,,,0.2862501144,True,,False
S0008_R09,n15_p0.25_d1_uniform_Ehigh_V1.25_Hshort_PWflat_B0.10,802035,15,3,1,1,0.0666666667,119.9721471435,0.0000000000,0.0000000000,0.0000000000,,,0.2241358757,True,,False
S0008_R10,n15_p0.25_d1_uniform_Ehigh_V1.25_Hshort_PWflat_B0.10,802036,15,0,0,0,0.0000000000,205.8698230712,27.1670571068,27.1670571068,24.4503513961,0.5000000000,67.3416551592,0.0048158169,True,,False
S0008_R10,n15_p0.25_d1_uniform_Ehigh_V1.25_Hshort_PWflat_B0.10,802036,15,1,1,3,0.2000000000,203.9761690284,25.2368063702,25.2368063702,22.7131257331,0.5000000000,66.3765297910,1.0122961998,True,,True
S0008_R10,n15_p0.25_d1_uniform_Ehigh_V1.25_Hshort_PWflat_B0.10,802036,15,2,0,0,0.0000000000,205.8698230712,27.1670571068,27.1670571068,24.4503513961,0.5000000000,67.3416551592,0.3623018265,True,,False
S0008_R10,n15_p0.25_d1_uniform_Ehigh_V1.25_Hshort_PWflat_B0.10,802036,15,3,0,0,0.0000000000,205.8698230712,27.1670571068,27.1670571068,24.4503513961,0.5000000000,67.3416551592,0.4369907379,True,,False
S0009_R01,n15_p0.25_d1_clustered_Ehigh_V1.25_Hmedium_PWbase_B0.10,902027,15,0,0,0,0.0000000000,4745.5311042885,4662.2766330685,40.1329678885,36.1196710996,0.5000000000,66.8472063511,0.0040585995,True,,False
S0009_R01,n15_p0.25_d1_clustered_Ehigh_V1.25_Hmedium_PWbase_B0.10,902027,15,1,1,3,0.2000000000,1126.6268636865,1066.8910020287,10.6689100203,9.6020190183,0.5000000000,44.9343028269,1.2013216019,True,,True
S0009_R01,n15_p0.25_d1_clustered_Ehigh_V1.25_Hmedium_PWbase_B0.10,902027,15,2,1,3,0.2000000000,1126.6268636865,1066.8910020287,10.6689100203,9.6020190183,0.5000000000,44.9343028269,0.5011498928,True,,False
S0009_R01,n15_p0.25_d1_clustered_Ehigh_V1.25_Hmedium_PWbase_B0.10,902027,15,3,1,3,0.2000000000,1126.6268636865,1066.8910020287,10.6689100203,9.6020190183,0.5000000000,44.9343028269,0.5503644943,True,,False
S0009_R02,n15_p0.25_d1_clustered_Ehigh_V1.25_Hmedium_PWbase_B0.10,902028,15,0,0,0,0.0000000000,415.4484080830,335.1812357336,0.0000000000,0.0000000000,1.0000000000,40.2975636094,0.0047056675,True,,False
S0009_R02,n15_p0.25_d1_clustered_Ehigh_V1.25_Hmedium_PWbase_B0.10,902028,15,1,1,4,0.2666666667,53.5838089981,0.0000000000,0.0000000000,0.0000000000,1.0000000000,51.6861307126,1.0847873688,True,,True
S0009_R02,n15_p0.25_d1_clustered_Ehigh_V1.25_Hmedium_PWbase_B0.10,902028,15,2,1,4,0.2666666667,53.5838089981,0.0000000000,0.0000000000,0.0000000000,1.0000000000,51.6861307126,0.4345617294,True,,False
S0009_R02,n15_p0.25_d1_clustered_Ehigh_V1.25_Hmedium_PWbase_B0.10,902028,15,3,1,4,0.2666666667,53.5838089981,0.0000000000,0.0000000000,0.0000000000,1.0000000000,51.6861307126,0.5135192871,True,,False
S0009_R03,n15_p0.25_d1_clustered_Ehigh_V1.25_Hmedium_PWbase_B0.10,902029,15,0,0,0,0.0000000000,577.8325382178,509.3815957413,0.0000000000,0.0000000000,1.0000000000,57.9928012130,0.0095036030,True,,False
S0009_R03,n15_p0.25_d1_clustered_Ehigh_V1.25_Hmedium_PWbase_B0.10,902029,15,1,1,2,0.1333333333,55.9844170158,0.0000000000,0.0000000000,0.0000000000,1.0000000000,30.9462770829,1.2432982922,True,,True
S0009_R03,n15_p0.25_d1_clustered_Ehigh_V1.25_Hmedium_PWbase_B0.10,902029,15,2,1,2,0.1333333333,55.9844170158,0.0000000000,0.0000000000,0.0000000000,1.0000000000,30.9462770829,0.4417850971,True,,False
S0009_R03,n15_p0.25_d1_clustered_Ehigh_V1.25_Hmedium_PWbase_B0.10,902029,15,3,1,2,0.1333333333,55.9844170158,0.0000000000,0.0000000000,0.0000000000,1.0000000000,30.9462770829,0.4554176331,True,,False
S0009_R04,n15_p0.25_d1_clustered_Ehigh_V1.25_Hmedium_PWbase_B0.10,902030,15,0,0,0,0.0000000000,11991.3863170816,11919.2171194130,119.1921711941,48.7233224730,0.4000000000,78.0917880548,0.0040066242,True,,False
S0009_R04,n15_p0.25_d1_clustered_Ehigh_V1.25_Hmedium_PWbase_B0.10,902030,15,1,1,4,0.2666666667,84.4911325539,0.0000000000,0.0000000000,0.0000000000,1.0000000000,39.4253167611,1.7524623871,True,,True
S0009_R04,n15_p0.25_d1_clustered_Ehigh_V1.25_Hmedium_PWbase_B0.10,902030,15,2,1,4,0.2666666667,84.4911325539,0.0000000000,0.0000000000,0.0000000000,1.0000000000,39.4253167611,0.7204086781,True,,False
S0009_R04,n15_p0.25_d1_clustered_Ehigh_V1.25_Hmedium_PWbase_B0.10,902030,15,3,1,4,0.2666666667,84.4911325539,0.0000000000,0.0000000000,0.0000000000,1.0000000000,39.4253167611,0.6747515202,True,,False
S0009_R05,n15_p0.25_d1_clustered_Ehigh_V1.25_Hmedium_PWbase_B0.10,902031,15,0,0,0,0.0000000000,2858.0196668404,2793.0191189801,27.9301911898,27.9301911898,0.0000000000,88.0166210566,0.0057315826,True,,False
S0009_R05,n15_p0.25_d1_clustered_Ehigh_V1.25_Hmedium_PWbase_B0.10,902031,15,1,1,3,0.2000000000,50.1467614882,0.0000000000,0.0000000000,0.0000000000,1.0000000000,23.2229776290,1.6499242783,True,,True
S0009_R05,n15_p0.25_d1_clustered_Ehigh_V1.25_Hmedium_PWbase_B0.10,902031,15,2,1,3,0.2000000000,50.1467614882,0.0000000000,0.0000000000,0.0000000000,1.0000000000,23.2229776290,0.3436467648,True,,False
S0009_R05,n15_p0.25_d1_clustered_Ehigh_V1.25_Hmedium_PWbase_B0.10,902031,15,3,1,3,0.2000000000,50.1467614882,0.0000000000,0.0000000000,0.0000000000,1.0000000000,23.2229776290,0.4071493149,True,,False
S0009_R06,n15_p0.25_d1_clustered_Ehigh_V1.25_Hmedium_PWbase_B0.10,902032,15,0,0,0,0.0000000000,3736.9327742266,3676.5410918502,36.7654109185,21.2729377530,0.6000000000,52.7598732152,0.0033199787,True,,False
S0009_R06,n15_p0.25_d1_clustered_Ehigh_V1.25_Hmedium_PWbase_B0.10,902032,15,1,1,1,0.0666666667,50.3798216651,0.0000000000,0.0000000000,0.0000000000,1.0000000000,33.6879335439,1.7570378780,True,,True
S0009_R06,n15_p0.25_d1_clustered_Ehigh_V1.25_Hmedium_PWbase_B0.10,902032,15,2,1,1,0.0666666667,50.3798216651,0.0000000000,0.0000000000,0.0000000000,1.0000000000,33.6879335439,0.4847216606,True,,False
S0009_R06,n15_p0.25_d1_clustered_Ehigh_V1.25_Hmedium_PWbase_B0.10,902032,15,3,1,1,0.0666666667,50.3798216651,0.0000000000,0.0000000000,0.0000000000,1.0000000000,33.6879335439,0.4547913074,True,,False
S0009_R07,n15_p0.25_d1_clustered_Ehigh_V1.25_Hmedium_PWbase_B0.10,902033,15,0,0,0,0.0000000000,8701.3051710735,8632.2922841043,86.3229228410,50.8372200892,0.0000000000,102.9861570217,0.0236697197,True,,False
S0009_R07,n15_p0.25_d1_clustered_Ehigh_V1.25_Hmedium_PWbase_B0.10,902033,15,1,1,1,0.0666666667,49.8623640547,0.0000000000,0.0000000000,0.0000000000,1.0000000000,35.2293404994,1.9180536270,True,,True
S0009_R07,n15_p0.25_d1_clustered_Ehigh_V1.25_Hmedium_PWbase_B0.10,902033,15,2,1,1,0.0666666667,49.8623640547,0.0000000000,0.0000000000,0.0000000000,1.0000000000,35.2293404994,0.3905780315,True,,False
S0009_R07,n15_p0.25_d1_clustered_Ehigh_V1.25_Hmedium_PWbase_B0.10,902033,15,3,1,1,0.0666666667,49.8623640547,0.0000000000,0.0000000000,0.0000000000,1.0000000000,35.2293404994,0.4622945786,True,,False
S0009_R08,n15_p0.25_d1_clustered_Ehigh_V1.25_Hmedium_PWbase_B0.10,902034,15,0,0,0,0.0000000000,15016.1299636545,14938.8453547184,148.2869713611,72.0284136229,0.0000000000,109.4519394885,0.0039548874,True,,False
S0009_R08,n15_p0.25_d1_clustered_Ehigh_V1.25_Hmedium_PWbase_B0.10,902034,15,1,1,4,0.2666666667,52.5905863547,0.0000000000,0.0000000000,0.0000000000,1.0000000000,26.7848152921,1.0426023006,True,,True
S0009_R08,n15_p0.25_d1_clustered_Ehigh_V1.25_Hmedium_PWbase_B0.10,902034,15,2,1,4,0.2666666667,52.5905863547,0.0000000000,0.0000000000,0.0000000000,1.0000000000,26.7848152922,0.4453363419,True,,False
S0009_R08,n15_p0.25_d1_clustered_Ehigh_V1.25_Hmedium_PWbase_B0.10,902034,15,3,1,4,0.2666666667,52.5905863547,0.0000000000,0.0000000000,0.0000000000,1.0000000000,26.7848152922,0.4900422096,True,,False
S0009_R09,n15_p0.25_d1_clustered_Ehigh_V1.25_Hmedium_PWbase_B0.10,902035,15,0,0,0,0.0000000000,66.5576199166,0.0000000000,0.0000000000,0.0000000000,,,0.0163481236,True,,False
S0009_R09,n15_p0.25_d1_clustered_Ehigh_V1.25_Hmedium_PWbase_B0.10,902035,15,1,1,4,0.2666666667,51.3031293588,0.0000000000,0.0000000000,0.0000000000,,,1.4326963425,True,,True
S0009_R09,n15_p0.25_d1_clustered_Ehigh_V1.25_Hmedium_PWbase_B0.10,902035,15,2,1,4,0.2666666667,51.3031293588,0.0000000000,0.0000000000,0.0000000000,,,0.4493334293,True,,False
S0009_R09,n15_p0.25_d1_clustered_Ehigh_V1.25_Hmedium_PWbase_B0.10,902035,15,3,1,4,0.2666666667,51.3031293588,0.0000000000,0.0000000000,0.0000000000,,,0.4935717583,True,,False
S0009_R10,n15_p0.25_d1_clustered_Ehigh_V1.25_Hmedium_PWbase_B0.10,902036,15,0,0,0,0.0000000000,6720.9477663770,6659.7120197443,66.5971201974,45.1067033846,0.3333333333,82.0328936421,0.0311355591,True,,False
S0009_R10,n15_p0.25_d1_clustered_Ehigh_V1.25_Hmedium_PWbase_B0.10,902036,15,1,1,1,0.0666666667,51.2288463622,0.0000000000,0.0000000000,0.0000000000,1.0000000000,36.2595338326,1.3071067333,True,,True
S0009_R10,n15_p0.25_d1_clustered_Ehigh_V1.25_Hmedium_PWbase_B0.10,902036,15,2,1,1,0.0666666667,51.2288463622,0.0000000000,0.0000000000,0.0000000000,1.0000000000,36.2595338326,0.3876616955,True,,False
S0009_R10,n15_p0.25_d1_clustered_Ehigh_V1.25_Hmedium_PWbase_B0.10,902036,15,3,1,1,0.0666666667,51.2288463622,0.0000000000,0.0000000000,0.0000000000,1.0000000000,36.2595338326,0.4795897007,True,,False
S0010_R01,n15_p0.25_d1_uniform_Ehigh_V1.25_Hlong_PWbase_B0.10,1002027,15,0,0,0,0.0000000000,1933.6252334717,1778.0914040443,17.7809140404,16.0028226364,0.5000000000,48.9435458348,0.0052220821,True,,False
S0010_R01,n15_p0.25_d1_uniform_Ehigh_V1.25_Hlong_PWbase_B0.10,1002027,15,1,1,4,0.2666666667,145.8066976880,0.0000000000,0.0000000000,0.0000000000,1.0000000000,34.4606172200,1.1772222519,True,,True
S0010_R01,n15_p0.25_d1_uniform_Ehigh_V1.25_Hlong_PWbase_B0.10,1002027,15,2,1,4,0.2666666667,145.8066976880,0.0000000000,0.0000000000,0.0000000000,1.0000000000,34.4606172200,0.2723605633,True,,False
S0010_R01,n15_p0.25_d1_uniform_Ehigh_V1.25_Hlong_PWbase_B0.10,1002027,15,3,1,4,0.2666666667,145.8066976880,0.0000000000,0.0000000000,0.0000000000,1.0000000000,34.4606172200,0.2976624966,True,,False
S0010_R02,n15_p0.25_d1_uniform_Ehigh_V1.25_Hlong_PWbase_B0.10,1002028,15,0,0,0,0.0000000000,11497.5923177238,11332.3424696738,113.3234246967,75.8687291871,0.3333333333,87.5350736530,0.0048189163,True,,False
S0010_R02,n15_p0.25_d1_uniform_Ehigh_V1.25_Hlong_PWbase_B0.10,1002028,15,1,1,2,0.1333333333,149.1654687876,0.0000000000,0.0000000000,0.0000000000,1.0000000000,32.9252526492,1.3653023243,True,,True
S0010_R02,n15_p0.25_d1_uniform_Ehigh_V1.25_Hlong_PWbase_B0.10,1002028,15,2,1,2,0.1333333333,2150.1893732200,2017.0169704422,20.1701697044,16.1361357635,0.6666666667,56.2917636274,0.4461653233,True,,False
S0010_R02,n15_p0.25_d1_uniform_Ehigh_V1.25_Hlong_PWbase_B0.10,1002028,15,3,1,2,0.1333333333,2150.1893732200,2017.0169704422,20.1701697044,16.1361357635,0.6666666667,56.2917636274,0.5730416775,True,,False
S0010_R03,n15_p0.25_d1_uniform_Ehigh_V1.25_Hlong_PWbase_B0.10,1002029,15,0,0,0,0.0000000000,13733.9034183432,13585.0787287570,133.0470615246,60.6557402681,0.4000000000,72.0087522314,0.0043013096,True,,False
S0010_R03,n15_p0.25_d1_uniform_Ehigh_V1.25_Hlong_PWbase_B0.10,1002029,15,1,1,4,0.2666666667,139.5294834907,0.0000000000,0.0000000000,0.0000000000,1.0000000000,26.2655549042,0.9618568420,True,,True
S0010_R03,n15_p0.25_d1_uniform_Ehigh_V1.25_Hlong_PWbase_B0.10,1002029,15,2,1,4,0.2666666667,139.5294834907,0.0000000000,0.0000000000,0.0000000000,1.0000000000,26.2655549042,0.3713941574,True,,False
S0010_R03,n15_p0.25_d1_uniform_Ehigh_V1.25_Hlong_PWbase_B0.10,1002029,15,3,1,4,0.2666666667,139.5294834907,0.0000000000,0.0000000000,0.0000000000,1.0000000000,26.2655549042,0.4942991734,True,,False
S0010_R04,n15_p0.25_d1_uniform_Ehigh_V1.25_Hlong_PWbase_B0.10,1002030,15,0,0,0,0.0000000000,6358.7608192044,6191.7347905239,50.5542604772,39.7841459124,0.0000000000,85.2711227441,0.0045669079,True,,False
S0010_R04,n15_p0.25_d1_uniform_Ehigh_V1.25_Hlong_PWbase_B0.10,1002030,15,1,1,3,0.2000000000,130.7828767452,0.0000000000,0.0000000000,0.0000000000,1.0000000000,19.6343516595,0.8737020493,True,,True
S0010_R04,n15_p0.25_d1_uniform_Ehigh_V1.25_Hlong_PWbase_B0.10,1002030,15,2,1,3,0.2000000000,130.7828767452,0.0000000000,0.0000000000,0.0000000000,1.0000000000,19.6343516595,0.4170923233,True,,False
S0010_R04,n15_p0.25_d1_uniform_Ehigh_V1.25_Hlong_PWbase_B0.10,1002030,15,3,1,3,0.2000000000,130.7828767452,0.0000000000,0.0000000000,0.0000000000,1.0000000000,19.6343516595,0.4420847893,True,,False
S0010_R05,n15_p0.25_d1_uniform_Ehigh_V1.25_Hlong_PWbase_B0.10,1002031,15,0,0,0,0.0000000000,7518.5701210875,7356.1632834805,63.9919403183,63.9919403183,0.0000000000,124.0054180142,0.0190062523,True,,False
S0010_R05,n15_p0.25_d1_uniform_Ehigh_V1.25_Hlong_PWbase_B0.10,1002031,15,1,1,2,0.1333333333,3219.3326704632,3074.4109653132,30.7441096531,30.7441096531,0.0000000000,90.7575873490,0.8438999653,True,,True
S0010_R05,n15_p0.25_d1_uniform_Ehigh_V1.25_Hlong_PWbase_B0.10,1002031,15,2,2,3,0.2000000000,3127.2321106275,2977.0197230589,29.7701972306,29.7701972306,0.0000000000,89.7836749265,0.4801635742,True,,False
S0010_R05,n15_p0.25_d1_uniform_Ehigh_V1.25_Hlong_PWbase_B0.10,1002031,15,3,2,3,0.2000000000,3127.2321106275,2977.0197230589,29.7701972306,29.7701972306,0.0000000000,89.7836749265,0.5798776150,True,,False
S0010_R06,n15_p0.25_d1_uniform_Ehigh_V1.25_Hlong_PWbase_B0.10,1002032,15,0,0,0,0.0000000000,8417.2476021604,8264.3226187947,73.0823162895,48.4451117656,0.5000000000,58.8499581539,0.0046694279,True,,False
S0010_R06,n15_p0.25_d1_uniform_Ehigh_V1.25_Hlong_PWbase_B0.10,1002032,15,1,1,2,0.1333333333,116.7493635190,0.0000000000,0.0000000000,0.0000000000,1.0000000000,24.8005302852,1.3444840908,True,,True
S0010_R06,n15_p0.25_d1_uniform_Ehigh_V1.25_Hlong_PWbase_B0.10,1002032,15,2,1,2,0.1333333333,126.8261902895,0.0000000000,0.0000000000,0.0000000000,1.0000000000,24.8005302852,0.3517532349,True,,False
S0010_R06,n15_p0.25_d1_uniform_Ehigh_V1.25_Hlong_PWbase_B0.10,1002032,15,3,1,2,0.1333333333,126.8261902895,0.0000000000,0.0000000000,0.0000000000,1.0000000000,24.8005302852,0.4019019604,True,,False
S0010_R07,n15_p0.25_d1_uniform_Ehigh_V1.25_Hlong_PWbase_B0.10,1002033,15,0,0,0,0.0000000000,151.6266767924,0.0000000000,0.0000000000,0.0000000000,1.0000000000,30.3929613910,0.0172216892,True,,False
S0010_R07,n15_p0.25_d1_uniform_Ehigh_V1.25_Hlong_PWbase_B0.10,1002033,15,1,1,4,0.2666666667,138.0576769979,0.0000000000,0.0000000000,0.0000000000,1.0000000000,21.4478687521,0.9727993011,True,,True
S0010_R07,n15_p0.25_d1_uniform_Ehigh_V1.25_Hlong_PWbase_B0.10,1002033,15,2,1,4,0.2666666667,138.0576769979,0.0000000000,0.0000000000,0.0000000000,1.0000000000,21.4478687521,0.3622000217,True,,False
S0010_R07,n15_p0.25_d1_uniform_Ehigh_V1.25_Hlong_PWbase_B0.10,1002033,15,3,1,4,0.2666666667,138.0576769979,0.0000000000,0.0000000000,0.0000000000,1.0000000000,21.4478687521,0.3998086452,True,,False
S0010_R08,n15_p0.25_d1_uniform_Ehigh_V1.25_Hlong_PWbase_B0.10,1002034,15,0,0,0,0.0000000000,8867.6313823791,8695.9159736721,83.9898003098,67.1918402478,0.6666666667,70.0919272407,0.0145382881,True,,False
S0010_R08,n15_p0.25_d1_uniform_Ehigh_V1.25_Hlong_PWbase_B0.10,1002034,15,1,1,2,0.1333333333,1344.1412494815,1156.3894708253,11.5638947083,9.2511157666,0.6666666667,48.0420812513,1.3036041260,True,,True
S0010_R08,n15_p0.25_d1_uniform_Ehigh_V1.25_Hlong_PWbase_B0.10,1002034,15,2,0,0,0.0000000000,1871.0148528541,1725.4441828325,17.2544418283,13.8035534627,0.6666666667,47.8468077469,0.3817505836,True,,False
S0010_R08,n15_p0.25_d1_uniform_Ehigh_V1.25_Hlong_PWbase_B0.10,1002034,15,3,0,0,0.0000000000,1871.0148528541,1725.4441828325,17.2544418283,13.8035534627,0.6666666667,47.8468077469,0.4606423378,True,,False
S0010_R09,n15_p0.25_d1_uniform_Ehigh_V1.25_Hlong_PWbase_B0.10,1002035,15,0,0,0,0.0000000000,153.2385531098,0.0000000000,0.0000000000,0.0000000000,1.0000000000,37.7255598768,0.0079503059,True,,False
S0010_R09,n15_p0.25_d1_uniform_Ehigh_V1.25_Hlong_PWbase_B0.10,1002035,15,1,1,1,0.0666666667,125.3385508170,0.0000000000,0.0000000000,0.0000000000,1.0000000000,16.7116961343,0.8380458355,True,,True
S0010_R09,n15_p0.25_d1_uniform_Ehigh_V1.25_Hlong_PWbase_B0.10,1002035,15,2,1,1,0.0666666667,125.3385508170,0.0000000000,0.0000000000,0.0000000000,1.0000000000,16.7116961343,0.3566629887,True,,False
S0010_R09,n15_p0.25_d1_uniform_Ehigh_V1.25_Hlong_PWbase_B0.10,1002035,15,3,1,1,0.0666666667,125.3385508170,0.0000000000,0.0000000000,0.0000000000,1.0000000000,16.7116961343,0.4327974319,True,,False
S0010_R10,n15_p0.25_d1_uniform_Ehigh_V1.25_Hlong_PWbase_B0.10,1002036,15,0,0,0,0.0000000000,5270.6778052369,5135.7599432192,51.3575994322,41.0860795458,0.6666666667,49.8242049899,0.0154299736,True,,False
S0010_R10,n15_p0.25_d1_uniform_Ehigh_V1.25_Hlong_PWbase_B0.10,1002036,15,1,1,3,0.2000000000,133.0363434457,0.0000000000,0.0000000000,0.0000000000,1.0000000000,34.8905872523,0.7327523232,True,,True
S0010_R10,n15_p0.25_d1_uniform_Ehigh_V1.25_Hlong_PWbase_B0.10,1002036,15,2,1,3,0.2000000000,133.0363434457,0.0000000000,0.0000000000,0.0000000000,1.0000000000,34.8905872523,0.3345856667,True,,False
S0010_R10,n15_p0.25_d1_uniform_Ehigh_V1.25_Hlong_PWbase_B0.10,1002036,15,3,1,3,0.2000000000,133.0363434457,0.0000000000,0.0000000000,0.0000000000,1.0000000000,34.8905872523,0.4069192410,True,,False
S0011_R01,n15_p0.25_d1_clustered_Ehigh_V2.00_Hmedium_PWmoderate_B0.10,1102027,15,0,0,0,0.0000000000,2556.9860685889,2477.4655135385,123.8732756769,77.9997174557,0.3333333333,94.2621447183,0.0040159225,True,,False
S0011_R01,n15_p0.25_d1_clustered_Ehigh_V2.00_Hmedium_PWmoderate_B0.10,1102027,15,1,1,4,0.2666666667,89.6736231316,0.0000000000,0.0000000000,0.0000000000,1.0000000000,43.5198964765,0.9375994205,True,,True
S0011_R01,n15_p0.25_d1_clustered_Ehigh_V2.00_Hmedium_PWmoderate_B0.10,1102027,15,2,1,4,0.2666666667,89.6736231316,0.0000000000,0.0000000000,0.0000000000,1.0000000000,43.5198964765,0.8866057396,True,,False
S0011_R01,n15_p0.25_d1_clustered_Ehigh_V2.00_Hmedium_PWmoderate_B0.10,1102027,15,3,1,4,0.2666666667,89.6736231316,0.0000000000,0.0000000000,0.0000000000,1.0000000000,43.5198964765,0.8428699970,True,,False
S0011_R02,n15_p0.25_d1_clustered_Ehigh_V2.00_Hmedium_PWmoderate_B0.10,1102028,15,0,0,0,0.0000000000,1464.4140466410,1393.7876427313,68.1194127488,35.9292628785,0.4000000000,69.9548594221,0.0038719177,True,,False
S0011_R02,n15_p0.25_d1_clustered_Ehigh_V2.00_Hmedium_PWmoderate_B0.10,1102028,15,1,1,3,0.2000000000,49.7361751927,0.0000000000,0.0000000000,0.0000000000,1.0000000000,33.7584931414,1.4707155228,True,,True
S0011_R02,n15_p0.25_d1_clustered_Ehigh_V2.00_Hmedium_PWmoderate_B0.10,1102028,15,2,1,3,0.2000000000,49.7361751927,0.0000000000,0.0000000000,0.0000000000,1.0000000000,33.7584931414,0.6205799580,True,,False
S0011_R02,n15_p0.25_d1_clustered_Ehigh_V2.00_Hmedium_PWmoderate_B0.10,1102028,15,3,1,3,0.2000000000,49.7361751927,0.0000000000,0.0000000000,0.0000000000,1.0000000000,33.7584931414,0.7642037868,True,,False
S0011_R03,n15_p0.25_d1_clustered_Ehigh_V2.00_Hmedium_PWmoderate_B0.10,1102029,15,0,0,0,0.0000000000,1153.1629009141,1085.7361805019,54.2868090251,32.2803671524,0.3333333333,75.1660961934,0.0040051937,True,,False
S0011_R03,n15_p0.25_d1_clustered_Ehigh_V2.00_Hmedium_PWmoderate_B0.10,1102029,15,1,1,4,0.2666666667,52.2248760446,0.0000000000,0.0000000000,0.0000000000,1.0000000000,32.0405810725,1.2430994511,True,,True
S0011_R03,n15_p0.25_d1_clustered_Ehigh_V2.00_Hmedium_PWmoderate_B0.10,1102029,15,2,1,4,0.2666666667,52.2248760446,0.0000000000,0.0000000000,0.0000000000,1.0000000000,32.0405810725,0.6149458885,True,,False
S0011_R03,n15_p0.25_d1_clustered_Ehigh_V2.00_Hmedium_PWmoderate_B0.10,1102029,15,3,1,4,0.2666666667,52.2248760446,0.0000000000,0.0000000000,0.0000000000,1.0000000000,32.0405810725,0.6779291630,True,,False
S0011_R04,n15_p0.25_d1_clustered_Ehigh_V2.00_Hmedium_PWmoderate_B0.10,1102030,15,0,0,0,0.0000000000,1910.2220348838,1842.6507371095,91.8883762380,34.1098321578,0.0000000000,82.9180357807,0.0040178299,True,,False
S0011_R04,n15_p0.25_d1_clustered_Ehigh_V2.00_Hmedium_PWmoderate_B0.10,1102030,15,1,1,4,0.2666666667,84.6587453105,0.0000000000,0.0000000000,0.0000000000,1.0000000000,33.4701221238,1.7738869190,True,,True
S0011_R04,n15_p0.25_d1_clustered_Ehigh_V2.00_Hmedium_PWmoderate_B0.10,1102030,15,2,1,4,0.2666666667,84.6587453105,0.0000000000,0.0000000000,0.0000000000,1.0000000000,33.4701221238,0.7365143299,True,,False
S0011_R04,n15_p0.25_d1_clustered_Ehigh_V2.00_Hmedium_PWmoderate_B0.10,1102030,15,3,1,4,0.2666666667,84.6587453105,0.0000000000,0.0000000000,0.0000000000,1.0000000000,33.4701221238,0.8574669361,True,,False
S0011_R05,n15_p0.25_d1_clustered_Ehigh_V2.00_Hmedium_PWmoderate_B0.10,1102031,15,0,0,0,0.0000000000,818.7473605046,734.3056067394,21.4938664865,21.4938664865,0.0000000000,81.5107551221,0.0202240944,True,,False
S0011_R05,n15_p0.25_d1_clustered_Ehigh_V2.00_Hmedium_PWmoderate_B0.10,1102031,15,1,1,2,0.1333333333,56.5381355988,0.0000000000,0.0000000000,0.0000000000,1.0000000000,46.7580959605,1.2410535812,True,,True
S0011_R05,n15_p0.25_d1_clustered_Ehigh_V2.00_Hmedium_PWmoderate_B0.10,1102031,15,2,1,2,0.1333333333,56.5381355988,0.0000000000,0.0000000000,0.0000000000,1.0000000000,46.7580959605,0.4652383327,True,,False
S0011_R05,n15_p0.25_d1_clustered_Ehigh_V2.00_Hmedium_PWmoderate_B0.10,1102031,15,3,1,2,0.1333333333,56.5381355988,0.0000000000,0.0000000000,0.0000000000,1.0000000000,46.7580959605,0.5347907543,True,,False
S0011_R06,n15_p0.25_d1_clustered_Ehigh_V2.00_Hmedium_PWmoderate_B0.10,1102032,15,0,0,0,0.0000000000,4568.8306948928,4493.5173742684,224.6758687134,80.1852065881,0.4000000000,99.5692071229,0.0043087006,True,,False
S0011_R06,n15_p0.25_d1_clustered_Ehigh_V2.00_Hmedium_PWmoderate_B0.10,1102032,15,1,1,3,0.2000000000,1208.3378070788,1145.1167929979,57.2558396499,29.3777139369,0.6000000000,58.8653880005,1.2664487362,True,,True
S0011_R06,n15_p0.25_d1_clustered_Ehigh_V2.00_Hmedium_PWmoderate_B0.10,1102032,15,2,1,3,0.2000000000,1208.3378070788,1145.1167929979,57.2558396499,29.3777139369,0.6000000000,58.8653880005,0.6028738022,True,,False
S0011_R06,n15_p0.25_d1_clustered_Ehigh_V2.00_Hmedium_PWmoderate_B0.10,1102032,15,3,1,3,0.2000000000,1208.3378070788,1145.1167929979,57.2558396499,29.3777139369,0.6000000000,58.8653880005,0.6969311237,True,,False
S0011_R07,n15_p0.25_d1_clustered_Ehigh_V2.00_Hmedium_PWmoderate_B0.10,1102033,15,0,0,0,0.0000000000,89.7272737372,20.9352345008,1.0467617250,0.9420855525,0.5000000000,53.2810950880,0.0040190220,True,,False
S0011_R07,n15_p0.25_d1_clustered_Ehigh_V2.00_Hmedium_PWmoderate_B0.10,1102033,15,1,1,1,0.0666666667,50.3930840275,0.0000000000,0.0000000000,0.0000000000,1.0000000000,33.3315692640,1.2456202507,True,,True
S0011_R07,n15_p0.25_d1_clustered_Ehigh_V2.00_Hmedium_PWmoderate_B0.10,1102033,15,2,1,1,0.0666666667,50.3930840275,0.0000000000,0.0000000000,0.0000000000,1.0000000000,33.3315692640,0.4797325134,True,,False
S0011_R07,n15_p0.25_d1_clustered_Ehigh_V2.00_Hmedium_PWmoderate_B0.10,1102033,15,3,1,1,0.0666666667,50.3930840275,0.0000000000,0.0000000000,0.0000000000,1.0000000000,33.3315692640,0.4349570274,True,,False
S0011_R08,n15_p0.25_d1_clustered_Ehigh_V2.00_Hmedium_PWmoderate_B0.10,1102034,15,0,0,0,0.0000000000,1362.8340057771,1284.4028851457,50.0909732551,50.0909732551,0.0000000000,110.0861458903,0.0040242672,True,,False
S0011_R08,n15_p0.25_d1_clustered_Ehigh_V2.00_Hmedium_PWmoderate_B0.10,1102034,15,1,1,4,0.2666666667,116.6036312461,0.0000000000,0.0000000000,0.0000000000,1.0000000000,32.3760361906,1.8060488701,True,,True
S0011_R08,n15_p0.25_d1_clustered_Ehigh_V2.00_Hmedium_PWmoderate_B0.10,1102034,15,2,1,4,0.2666666667,116.6036312461,0.0000000000,0.0000000000,0.0000000000,1.0000000000,32.3760361906,0.7122261524,True,,False
S0011_R08,n15_p0.25_d1_clustered_Ehigh_V2.00_Hmedium_PWmoderate_B0.10,1102034,15,3,1,4,0.2666666667,116.6036312461,0.0000000000,0.0000000000,0.0000000000,1.0000000000,32.3760361906,0.7413740158,True,,False
S0011_R09,n15_p0.25_d1_clustered_Ehigh_V2.00_Hmedium_PWmoderate_B0.10,1102035,15,0,0,0,0.0000000000,1084.4334911928,1024.2452933146,51.2122646657,21.6925938965,0.2000000000,66.9363585692,0.0040912628,True,,False
S0011_R09,n15_p0.25_d1_clustered_Ehigh_V2.00_Hmedium_PWmoderate_B0.10,1102035,15,1,1,4,0.2666666667,79.0955100336,0.0000000000,0.0000000000,0.0000000000,1.0000000000,32.1995913049,0.7825481892,True,,True
S0011_R09,n15_p0.25_d1_clustered_Ehigh_V2.00_Hmedium_PWmoderate_B0.10,1102035,15,2,1,4,0.2666666667,79.0955100336,0.0000000000,0.0000000000,0.0000000000,1.0000000000,32.1995913049,0.6069412231,True,,False
S0011_R09,n15_p0.25_d1_clustered_Ehigh_V2.00_Hmedium_PWmoderate_B0.10,1102035,15,3,1,4,0.2666666667,79.0955100336,0.0000000000,0.0000000000,0.0000000000,1.0000000000,32.1995913049,0.6539502144,True,,False
S0011_R10,n15_p0.25_d1_clustered_Ehigh_V2.00_Hmedium_PWmoderate_B0.10,1102036,15,0,0,0,0.0000000000,154.3193672462,75.2057886808,0.2106761147,0.1685408918,0.6666666667,45.7294448586,0.0117847919,True,,False
S0011_R10,n15_p0.25_d1_clustered_Ehigh_V2.00_Hmedium_PWmoderate_B0.10,1102036,15,1,1,2,0.1333333333,58.8471392042,0.0000000000,0.0000000000,0.0000000000,1.0000000000,32.7747603524,1.0143752098,True,,True
S0011_R10,n15_p0.25_d1_clustered_Ehigh_V2.00_Hmedium_PWmoderate_B0.10,1102036,15,2,1,2,0.1333333333,58.8471392042,0.0000000000,0.0000000000,0.0000000000,1.0000000000,32.7747603524,0.2485530376,True,,False
S0011_R10,n15_p0.25_d1_clustered_Ehigh_V2.00_Hmedium_PWmoderate_B0.10,1102036,15,3,1,2,0.1333333333,58.8471392042,0.0000000000,0.0000000000,0.0000000000,1.0000000000,32.7747603524,0.2797789574,True,,False
S0012_R01,n15_p0.75_d1_uniform_Elow_V1.25_Hshort_PWstrict_B0.10,1202027,15,0,0,0,0.0000000000,14327.8160647220,14176.6903054278,65.9791553329,59.3812397996,0.5000000000,91.0132373921,0.0083472729,True,,False
S0012_R01,n15_p0.75_d1_uniform_Elow_V1.25_Hshort_PWstrict_B0.10,1202027,15,1,0,0,0.0000000000,2454.6710195821,2349.9064758293,11.7495323791,10.5745791412,0.5000000000,50.5935416299,0.9868023396,True,,True
S0012_R01,n15_p0.75_d1_uniform_Elow_V1.25_Hshort_PWstrict_B0.10,1202027,15,2,0,0,0.0000000000,2454.6710195821,2349.9064758293,11.7495323791,10.5745791412,0.5000000000,50.5935416299,0.3634207249,True,,False
S0012_R01,n15_p0.75_d1_uniform_Elow_V1.25_Hshort_PWstrict_B0.10,1202027,15,3,0,0,0.0000000000,2454.6710195821,2349.9064758293,11.7495323791,10.5745791412,0.5000000000,50.5935416299,0.4535019398,True,,False
S0012_R02,n15_p0.75_d1_uniform_Elow_V1.25_Hshort_PWstrict_B0.10,1202028,15,0,0,0,0.0000000000,26462.7119560069,26317.5054437461,131.5875272187,71.4583629732,0.3333333333,91.7769041636,0.0048348904,True,,False
S0012_R02,n15_p0.75_d1_uniform_Elow_V1.25_Hshort_PWstrict_B0.10,1202028,15,1,1,2,0.1333333333,8751.6677939252,8556.4138823001,42.7820694115,34.2256555292,0.6666666667,63.6235823658,1.3377063274,True,,True
S0012_R02,n15_p0.75_d1_uniform_Elow_V1.25_Hshort_PWstrict_B0.10,1202028,15,2,2,4,0.2666666667,8730.9917409525,8556.4138823001,42.7820694115,34.2256555292,0.6666666667,65.9034811428,0.5343198776,True,,False
S0012_R02,n15_p0.75_d1_uniform_Elow_V1.25_Hshort_PWstrict_B0.10,1202028,15,3,2,4,0.2666666667,8730.9917409525,8556.4138823001,42.7820694115,34.2256555292,0.6666666667,65.9034811428,0.4947075844,True,,False
S0012_R03,n15_p0.75_d1_uniform_Elow_V1.25_Hshort_PWstrict_B0.10,1202029,15,0,0,0,0.0000000000,9695.0343631752,9547.0026438865,47.7350132194,33.7079567557,0.3333333333,72.7378153402,0.0051062107,True,,False
S0012_R03,n15_p0.75_d1_uniform_Elow_V1.25_Hshort_PWstrict_B0.10,1202029,15,1,0,0,0.0000000000,6320.9083622561,6183.4953338329,30.9174766692,24.7339813353,0.6666666667,59.0985950570,0.6542439461,True,,True
S0012_R03,n15_p0.75_d1_uniform_Elow_V1.25_Hshort_PWstrict_B0.10,1202029,15,2,0,0,0.0000000000,6320.9083622561,6183.4953338329,30.9174766692,24.7339813353,0.6666666667,59.0985950570,0.2041108608,True,,False
S0012_R03,n15_p0.75_d1_uniform_Elow_V1.25_Hshort_PWstrict_B0.10,1202029,15,3,0,0,0.0000000000,6320.9083622561,6183.4953338329,30.9174766692,24.7339813353,0.6666666667,59.0985950570,0.2936868668,True,,False
S0012_R04,n15_p0.75_d1_uniform_Elow_V1.25_Hshort_PWstrict_B0.10,1202030,15,0,0,0,0.0000000000,35265.6348869918,35091.3191667627,166.8091153487,99.5583147337,0.3333333333,104.1567261514,0.0047903061,True,,False
S0012_R04,n15_p0.75_d1_uniform_Elow_V1.25_Hshort_PWstrict_B0.10,1202030,15,1,0,0,0.0000000000,15585.8411526309,15448.2244256068,77.2411221280,55.2066970657,0.3333333333,74.3007284111,0.7937111855,True,,True
S0012_R04,n15_p0.75_d1_uniform_Elow_V1.25_Hshort_PWstrict_B0.10,1202030,15,2,0,0,0.0000000000,15585.8411526309,15448.2244256068,77.2411221280,55.2066970657,0.3333333333,74.3007284111,0.4267334938,True,,False
S0012_R04,n15_p0.75_d1_uniform_Elow_V1.25_Hshort_PWstrict_B0.10,1202030,15,3,0,0,0.0000000000,15585.8411526309,15448.2244256068,77.2411221280,55.2066970657,0.3333333333,74.3007284111,0.3805329800,True,,False
S0012_R05,n15_p0.75_d1_uniform_Elow_V1.25_Hshort_PWstrict_B0.10,1202031,15,0,0,0,0.0000000000,16725.4818739045,16567.8491470118,80.7647464813,64.6117971850,0.6666666667,72.8236722808,0.0048382282,True,,False
S0012_R05,n15_p0.75_d1_uniform_Elow_V1.25_Hshort_PWstrict_B0.10,1202031,15,1,1,3,0.2000000000,8271.1191071308,8148.1671556318,40.7408357782,32.5926686225,0.6666666667,43.8963464362,1.2307019234,True,,True
S0012_R05,n15_p0.75_d1_uniform_Elow_V1.25_Hshort_PWstrict_B0.10,1202031,15,2,1,3,0.2000000000,8271.1191071308,8148.1671556318,40.7408357782,32.5926686225,0.6666666667,43.8963464362,0.5036497116,True,,False
S0012_R05,n15_p0.75_d1_uniform_Elow_V1.25_Hshort_PWstrict_B0.10,1202031,15,3,1,3,0.2000000000,8271.1191071308,8148.1671556318,40.7408357782,32.5926686225,0.6666666667,43.8963464362,0.5190441608,True,,False
S0012_R06,n15_p0.75_d1_uniform_Elow_V1.25_Hshort_PWstrict_B0.10,1202032,15,0,0,0,0.0000000000,2935.1171525514,2789.0147470626,13.9450737353,11.1560589883,0.6666666667,37.9798072907,0.0045411587,True,,False
S0012_R06,n15_p0.75_d1_uniform_Elow_V1.25_Hshort_PWstrict_B0.10,1202032,15,1,1,2,0.1333333333,132.5766940341,0.0000000000,0.0000000000,0.0000000000,1.0000000000,27.9601518337,1.6820700169,True,,True
S0012_R06,n15_p0.75_d1_uniform_Elow_V1.25_Hshort_PWstrict_B0.10,1202032,15,2,1,2,0.1333333333,132.5766940341,0.0000000000,0.0000000000,0.0000000000,1.0000000000,27.9601518337,0.4667220116,True,,False
S0012_R06,n15_p0.75_d1_uniform_Elow_V1.25_Hshort_PWstrict_B0.10,1202032,15,3,1,2,0.1333333333,132.5766940341,0.0000000000,0.0000000000,0.0000000000,1.0000000000,27.9601518337,0.4841454029,True,,False
S0012_R07,n15_p0.75_d1_uniform_Elow_V1.25_Hshort_PWstrict_B0.10,1202033,15,0,0,0,0.0000000000,135.5624981560,0.0000000000,0.0000000000,0.0000000000,1.0000000000,36.3847713986,0.0245354176,True,,False
S0012_R07,n15_p0.75_d1_uniform_Elow_V1.25_Hshort_PWstrict_B0.10,1202033,15,1,1,4,0.2666666667,103.5741083337,0.0000000000,0.0000000000,0.0000000000,1.0000000000,25.4602676498,0.9894781113,True,,True
S0012_R07,n15_p0.75_d1_uniform_Elow_V1.25_Hshort_PWstrict_B0.10,1202033,15,2,2,6,0.4000000000,94.6380144752,0.0000000000,0.0000000000,0.0000000000,1.0000000000,25.8178719930,0.4185349941,True,,False
S0012_R07,n15_p0.75_d1_uniform_Elow_V1.25_Hshort_PWstrict_B0.10,1202033,15,3,2,6,0.4000000000,94.6380144752,0.0000000000,0.0000000000,0.0000000000,1.0000000000,25.8178719930,0.7683126926,True,,False
S0012_R08,n15_p0.75_d1_uniform_Elow_V1.25_Hshort_PWstrict_B0.10,1202034,15,0,0,0,0.0000000000,18351.2893702567,18225.1355307988,91.1256776540,42.5044148880,0.4000000000,68.8784121433,0.0047669411,True,,False
S0012_R08,n15_p0.75_d1_uniform_Elow_V1.25_Hshort_PWstrict_B0.10,1202034,15,1,1,2,0.1333333333,6055.3188324995,5951.5175942015,29.7575879710,16.8667727574,0.6000000000,50.9458192210,1.0647058487,True,,True
S0012_R08,n15_p0.75_d1_uniform_Elow_V1.25_Hshort_PWstrict_B0.10,1202034,15,2,2,2,0.1333333333,6058.7914811130,5951.5175942015,29.7575879710,16.8667727574,0.6000000000,50.9458192210,0.3884580135,True,,False
S0012_R08,n15_p0.75_d1_uniform_Elow_V1.25_Hshort_PWstrict_B0.10,1202034,15,3,2,2,0.1333333333,6058.7914811130,5951.5175942015,29.7575879710,16.8667727574,0.6000000000,50.9458192210,0.4792509079,True,,False
S0012_R09,n15_p0.75_d1_uniform_Elow_V1.25_Hshort_PWstrict_B0.10,1202035,15,0,0,0,0.0000000000,723.9962045100,609.2873883002,3.0464369415,2.7417932474,0.5000000000,47.7730662683,0.0049438477,True,,False
S0012_R09,n15_p0.75_d1_uniform_Elow_V1.25_Hshort_PWstrict_B0.10,1202035,15,1,1,1,0.0666666667,92.6458542943,0.0000000000,0.0000000000,0.0000000000,1.0000000000,45.2893844755,1.1651670933,True,,True
S0012_R09,n15_p0.75_d1_uniform_Elow_V1.25_Hshort_PWstrict_B0.10,1202035,15,2,1,1,0.0666666667,92.6458542943,0.0000000000,0.0000000000,0.0000000000,1.0000000000,45.2893844755,0.4401926994,True,,False
S0012_R09,n15_p0.75_d1_uniform_Elow_V1.25_Hshort_PWstrict_B0.10,1202035,15,3,1,1,0.0666666667,92.6458542943,0.0000000000,0.0000000000,0.0000000000,1.0000000000,45.2893844755,0.5410969257,True,,False
S0012_R10,n15_p0.75_d1_uniform_Elow_V1.25_Hshort_PWstrict_B0.10,1202036,15,0,0,0,0.0000000000,280.6189680498,156.8213005903,0.0000000000,0.0000000000,1.0000000000,41.2112234948,0.0045506954,True,,False
S0012_R10,n15_p0.75_d1_uniform_Elow_V1.25_Hshort_PWstrict_B0.10,1202036,15,1,1,3,0.2000000000,129.5559366617,0.0000000000,0.0000000000,0.0000000000,1.0000000000,39.9690129863,1.1077108383,True,,True
S0012_R10,n15_p0.75_d1_uniform_Elow_V1.25_Hshort_PWstrict_B0.10,1202036,15,2,2,4,0.2666666667,123.7060132679,0.0000000000,0.0000000000,0.0000000000,1.0000000000,44.2314825007,0.3377974033,True,,False
S0012_R10,n15_p0.75_d1_uniform_Elow_V1.25_Hshort_PWstrict_B0.10,1202036,15,3,2,4,0.2666666667,123.7060132679,0.0000000000,0.0000000000,0.0000000000,1.0000000000,44.2314825007,0.4022576809,True,,False
S0013_R01,n15_p0.75_d1_clustered_Elow_V2.00_Hmedium_PWflat_B0.10,1302027,15,0,0,0,0.0000000000,161.6622211244,87.4175349593,70.5829622580,70.5829622580,0.0000000000,130.7094652390,0.0053150654,True,,False
S0013_R01,n15_p0.75_d1_clustered_Elow_V2.00_Hmedium_PWflat_B0.10,1302027,15,1,1,7,0.4666666667,46.6817056390,0.0000000000,0.0000000000,0.0000000000,1.0000000000,15.2880685752,2.6763367653,True,,True
S0013_R01,n15_p0.75_d1_clustered_Elow_V2.00_Hmedium_PWflat_B0.10,1302027,15,2,1,7,0.4666666667,46.6817056390,0.0000000000,0.0000000000,0.0000000000,1.0000000000,15.2880685752,0.6742265224,True,,False
S0013_R01,n15_p0.75_d1_clustered_Elow_V2.00_Hmedium_PWflat_B0.10,1302027,15,3,1,7,0.4666666667,46.6817056390,0.0000000000,0.0000000000,0.0000000000,1.0000000000,15.2880685752,0.6730577946,True,,False
S0013_R02,n15_p0.75_d1_clustered_Elow_V2.00_Hmedium_PWflat_B0.10,1302028,15,0,0,0,0.0000000000,287.8813456816,194.4641970840,149.3776546300,107.1948984811,0.0000000000,134.7153591136,0.0109105110,True,,False
S0013_R02,n15_p0.75_d1_clustered_Elow_V2.00_Hmedium_PWflat_B0.10,1302028,15,1,1,9,0.6000000000,50.7784262653,0.0000000000,0.0000000000,0.0000000000,1.0000000000,31.7958881314,2.9279429913,True,,True
S0013_R02,n15_p0.75_d1_clustered_Elow_V2.00_Hmedium_PWflat_B0.10,1302028,15,2,1,9,0.6000000000,50.7784262653,0.0000000000,0.0000000000,0.0000000000,1.0000000000,31.7958881314,0.9481019974,True,,False
S0013_R02,n15_p0.75_d1_clustered_Elow_V2.00_Hmedium_PWflat_B0.10,1302028,15,3,1,9,0.6000000000,50.7784262653,0.0000000000,0.0000000000,0.0000000000,1.0000000000,31.7958881314,1.0681250095,True,,False
S0013_R03,n15_p0.75_d1_clustered_Elow_V2.00_Hmedium_PWflat_B0.10,1302029,15,0,0,0,0.0000000000,193.6191623383,123.8942952597,123.8942952597,59.4904384726,0.4000000000,82.7791206224,0.0038616657,True,,False
S0013_R03,n15_p0.75_d1_clustered_Elow_V2.00_Hmedium_PWflat_B0.10,1302029,15,1,1,9,0.6000000000,46.0807232363,0.0000000000,0.0000000000,0.0000000000,1.0000000000,22.5723962663,2.3272130489,True,,True
S0013_R03,n15_p0.75_d1_clustered_Elow_V2.00_Hmedium_PWflat_B0.10,1302029,15,2,1,9,0.6000000000,46.0807232363,0.0000000000,0.0000000000,0.0000000000,1.0000000000,22.5723962663,0.9463658333,True,,False
S0013_R03,n15_p0.75_d1_clustered_Elow_V2.00_Hmedium_PWflat_B0.10,1302029,15,3,1,9,0.6000000000,46.0807232363,0.0000000000,0.0000000000,0.0000000000,1.0000000000,22.5723962663,0.7996199131,True,,False
S0013_R04,n15_p0.75_d1_clustered_Elow_V2.00_Hmedium_PWflat_B0.10,1302030,15,0,0,0,0.0000000000,93.4449839197,21.6890261747,0.0000000000,0.0000000000,1.0000000000,54.6744443702,0.0265355110,True,,False
S0013_R04,n15_p0.75_d1_clustered_Elow_V2.00_Hmedium_PWflat_B0.10,1302030,15,1,1,2,0.1333333333,48.3914150541,0.0000000000,0.0000000000,0.0000000000,1.0000000000,39.8158319675,1.4241724014,True,,True
S0013_R04,n15_p0.75_d1_clustered_Elow_V2.00_Hmedium_PWflat_B0.10,1302030,15,2,1,2,0.1333333333,48.3914150541,0.0000000000,0.0000000000,0.0000000000,1.0000000000,39.8158319675,0.9636673927,True,,False
S0013_R04,n15_p0.75_d1_clustered_Elow_V2.00_Hmedium_PWflat_B0.10,1302030,15,3,1,2,0.1333333333,48.3914150541,0.0000000000,0.0000000000,0.0000000000,1.0000000000,39.8158319675,1.1805083752,True,,False
S0013_R05,n15_p0.75_d1_clustered_Elow_V2.00_Hmedium_PWflat_B0.10,1302031,15,0,0,0,0.0000000000,140.8515735589,71.2003546244,71.2003546244,53.1866632824,0.0000000000,95.5652273037,0.0039882660,True,,False
S0013_R05,n15_p0.75_d1_clustered_Elow_V2.00_Hmedium_PWflat_B0.10,1302031,15,1,1,9,0.6000000000,45.7644942180,0.0000000000,0.0000000000,0.0000000000,1.0000000000,20.5189502554,2.6339819431,True,,True
S0013_R05,n15_p0.75_d1_clustered_Elow_V2.00_Hmedium_PWflat_B0.10,1302031,15,2,1,9,0.6000000000,45.7644942180,0.0000000000,0.0000000000,0.0000000000,1.0000000000,20.5189502554,1.1334934235,True,,False
S0013_R05,n15_p0.75_d1_clustered_Elow_V2.00_Hmedium_PWflat_B0.10,1302031,15,3,1,9,0.6000000000,45.7644942180,0.0000000000,0.0000000000,0.0000000000,1.0000000000,20.5189502554,1.1860907078,True,,False
S0013_R06,n15_p0.75_d1_clustered_Elow_V2.00_Hmedium_PWflat_B0.10,1302032,15,0,0,0,0.0000000000,143.6905209824,69.6402816710,69.6402816710,28.9055121273,0.0000000000,83.2109364503,0.0039210320,True,,False
S0013_R06,n15_p0.75_d1_clustered_Elow_V2.00_Hmedium_PWflat_B0.10,1302032,15,1,1,5,0.3333333333,52.3039390576,0.0000000000,0.0000000000,0.0000000000,1.0000000000,33.8467191182,2.1891789436,True,,True
S0013_R06,n15_p0.75_d1_clustered_Elow_V2.00_Hmedium_PWflat_B0.10,1302032,15,2,1,5,0.3333333333,52.3039390576,0.0000000000,0.0000000000,0.0000000000,1.0000000000,33.8467191182,0.8472149372,True,,False
S0013_R06,n15_p0.75_d1_clustered_Elow_V2.00_Hmedium_PWflat_B0.10,1302032,15,3,1,5,0.3333333333,52.3039390576,0.0000000000,0.0000000000,0.0000000000,1.0000000000,33.8467191182,0.9366683960,True,,False
S0013_R07,n15_p0.75_d1_clustered_Elow_V2.00_Hmedium_PWflat_B0.10,1302033,15,0,0,0,0.0000000000,140.9044797407,69.2683818935,53.1540872904,47.8386785613,0.5000000000,77.3759285203,0.0038623810,True,,False
S0013_R07,n15_p0.75_d1_clustered_Elow_V2.00_Hmedium_PWflat_B0.10,1302033,15,1,1,8,0.5333333333,52.6938038490,0.0000000000,0.0000000000,0.0000000000,1.0000000000,29.5041902206,2.4281685352,True,,True
S0013_R07,n15_p0.75_d1_clustered_Elow_V2.00_Hmedium_PWflat_B0.10,1302033,15,2,1,9,0.6000000000,53.0963965113,0.0000000000,0.0000000000,0.0000000000,1.0000000000,29.5041902206,0.5413188934,True,,False
S0013_R07,n15_p0.75_d1_clustered_Elow_V2.00_Hmedium_PWflat_B0.10,1302033,15,3,1,9,0.6000000000,53.0963965113,0.0000000000,0.0000000000,0.0000000000,1.0000000000,29.5041902206,0.6380002499,True,,False
S0013_R08,n15_p0.75_d1_clustered_Elow_V2.00_Hmedium_PWflat_B0.10,1302034,15,0,0,0,0.0000000000,124.6079708136,55.2004274586,47.5040465747,29.5786445037,0.5000000000,64.4628129890,0.0038936138,True,,False
S0013_R08,n15_p0.75_d1_clustered_Elow_V2.00_Hmedium_PWflat_B0.10,1302034,15,1,1,10,0.6666666667,45.1507818735,0.0000000000,0.0000000000,0.0000000000,1.0000000000,24.7605106729,2.9827580452,True,,True
S0013_R08,n15_p0.75_d1_clustered_Elow_V2.00_Hmedium_PWflat_B0.10,1302034,15,2,1,10,0.6666666667,45.1507818735,0.0000000000,0.0000000000,0.0000000000,1.0000000000,24.7605106730,0.9744009972,True,,False
S0013_R08,n15_p0.75_d1_clustered_Elow_V2.00_Hmedium_PWflat_B0.10,1302034,15,3,1,10,0.6666666667,45.1507818735,0.0000000000,0.0000000000,0.0000000000,1.0000000000,24.7605106730,1.0882775784,True,,False
S0013_R09,n15_p0.75_d1_clustered_Elow_V2.00_Hmedium_PWflat_B0.10,1302035,15,0,0,0,0.0000000000,64.1683970080,0.0000000000,0.0000000000,0.0000000000,,,0.0038485527,True,,False
S0013_R09,n15_p0.75_d1_clustered_Elow_V2.00_Hmedium_PWflat_B0.10,1302035,15,1,1,6,0.4000000000,47.5833030146,0.0000000000,0.0000000000,0.0000000000,,,2.2959597111,True,,True
S0013_R09,n15_p0.75_d1_clustered_Elow_V2.00_Hmedium_PWflat_B0.10,1302035,15,2,1,6,0.4000000000,47.5833030146,0.0000000000,0.0000000000,0.0000000000,,,0.7520544529,True,,False
S0013_R09,n15_p0.75_d1_clustered_Elow_V2.00_Hmedium_PWflat_B0.10,1302035,15,3,1,6,0.4000000000,47.5833030146,0.0000000000,0.0000000000,0.0000000000,,,0.6472120285,True,,False
S0013_R10,n15_p0.75_d1_clustered_Elow_V2.00_Hmedium_PWflat_B0.10,1302036,15,0,0,0,0.0000000000,307.6250888210,233.8414886751,219.4079167771,80.8455493639,0.2500000000,108.4993760785,0.0130875111,True,,False
S0013_R10,n15_p0.75_d1_clustered_Elow_V2.00_Hmedium_PWflat_B0.10,1302036,15,1,1,6,0.4000000000,48.7930162515,0.0000000000,0.0000000000,0.0000000000,1.0000000000,28.7453663641,2.5481367111,True,,True
S0013_R10,n15_p0.75_d1_clustered_Elow_V2.00_Hmedium_PWflat_B0.10,1302036,15,2,1,6,0.4000000000,48.7930162515,0.0000000000,0.0000000000,0.0000000000,1.0000000000,28.7453663641,0.9578411579,True,,False
S0013_R10,n15_p0.75_d1_clustered_Elow_V2.00_Hmedium_PWflat_B0.10,1302036,15,3,1,6,0.4000000000,48.7930162515,0.0000000000,0.0000000000,0.0000000000,1.0000000000,28.7453663641,1.2650260925,True,,False
S0014_R01,n15_p0.75_d1_clustered_Elow_V2.00_Hmedium_PWmoderate_B0.10,1402027,15,0,0,0,0.0000000000,3659.0950150923,3583.1400622093,176.4541420301,72.0768336631,0.2500000000,96.9936578807,0.0040256977,True,,False
S0014_R01,n15_p0.75_d1_clustered_Elow_V2.00_Hmedium_PWmoderate_B0.10,1402027,15,1,1,8,0.5333333333,48.6466693541,0.0000000000,0.0000000000,0.0000000000,1.0000000000,33.5469229207,2.2578046322,True,,True
S0014_R01,n15_p0.75_d1_clustered_Elow_V2.00_Hmedium_PWmoderate_B0.10,1402027,15,2,1,8,0.5333333333,48.6466693541,0.0000000000,0.0000000000,0.0000000000,1.0000000000,33.5469229207,0.9754002094,True,,False
S0014_R01,n15_p0.75_d1_clustered_Elow_V2.00_Hmedium_PWmoderate_B0.10,1402027,15,3,1,8,0.5333333333,48.6466693541,0.0000000000,0.0000000000,0.0000000000,1.0000000000,33.5469229207,1.1171367168,True,,False
S0014_R02,n15_p0.75_d1_clustered_Elow_V2.00_Hmedium_PWmoderate_B0.10,1402028,15,0,0,0,0.0000000000,2178.5219460972,2108.3143195355,101.9819014787,38.4216905696,0.2000000000,79.7825469034,0.0039360523,True,,False
S0014_R02,n15_p0.75_d1_clustered_Elow_V2.00_Hmedium_PWmoderate_B0.10,1402028,15,1,1,6,0.4000000000,50.6725959894,0.0000000000,0.0000000000,0.0000000000,1.0000000000,32.0245894235,2.8278789520,True,,True
S0014_R02,n15_p0.75_d1_clustered_Elow_V2.00_Hmedium_PWmoderate_B0.10,1402028,15,2,1,6,0.4000000000,50.6725959894,0.0000000000,0.0000000000,0.0000000000,1.0000000000,32.0245894235,0.7735362053,True,,False
S0014_R02,n15_p0.75_d1_clustered_Elow_V2.00_Hmedium_PWmoderate_B0.10,1402028,15,3,1,6,0.4000000000,50.6725959894,0.0000000000,0.0000000000,0.0000000000,1.0000000000,32.0245894235,0.7738437653,True,,False
S0014_R03,n15_p0.75_d1_clustered_Elow_V2.00_Hmedium_PWmoderate_B0.10,1402029,15,0,0,0,0.0000000000,4145.5411745053,4061.1373332267,175.0591926953,66.4976407720,0.0000000000,103.8713383029,0.0039844513,True,,False
S0014_R03,n15_p0.75_d1_clustered_Elow_V2.00_Hmedium_PWmoderate_B0.10,1402029,15,1,1,8,0.5333333333,48.0347654796,0.0000000000,0.0000000000,0.0000000000,1.0000000000,23.7885655070,2.6583271027,True,,True
S0014_R03,n15_p0.75_d1_clustered_Elow_V2.00_Hmedium_PWmoderate_B0.10,1402029,15,2,1,8,0.5333333333,48.0347654796,0.0000000000,0.0000000000,0.0000000000,1.0000000000,23.7885655070,0.9585065842,True,,False
S0014_R03,n15_p0.75_d1_clustered_Elow_V2.00_Hmedium_PWmoderate_B0.10,1402029,15,3,1,8,0.5333333333,48.0347654796,0.0000000000,0.0000000000,0.0000000000,1.0000000000,23.7885655070,1.0824201107,True,,False
S0014_R04,n15_p0.75_d1_clustered_Elow_V2.00_Hmedium_PWmoderate_B0.10,1402030,15,0,0,0,0.0000000000,1994.1251143629,1925.0121097458,96.2506054873,68.3880416778,0.0000000000,108.2427147758,0.0040194988,True,,False
S0014_R04,n15_p0.75_d1_clustered_Elow_V2.00_Hmedium_PWmoderate_B0.10,1402030,15,1,1,9,0.6000000000,49.7366052151,0.0000000000,0.0000000000,0.0000000000,1.0000000000,27.9331753320,3.1361219883,True,,True
S0014_R04,n15_p0.75_d1_clustered_Elow_V2.00_Hmedium_PWmoderate_B0.10,1402030,15,2,1,9,0.6000000000,49.7366052151,0.0000000000,0.0000000000,0.0000000000,1.0000000000,27.9331753319,1.1144788265,True,,False
S0014_R04,n15_p0.75_d1_clustered_Elow_V2.00_Hmedium_PWmoderate_B0.10,1402030,15,3,1,9,0.6000000000,49.7366052151,0.0000000000,0.0000000000,0.0000000000,1.0000000000,27.9331753319,1.0181915760,True,,False
S0014_R05,n15_p0.75_d1_clustered_Elow_V2.00_Hmedium_PWmoderate_B0.10,1402031,15,0,0,0,0.0000000000,62.8060115062,0.0000000000,0.0000000000,0.0000000000,1.0000000000,50.1881087157,0.0038614273,True,,False
S0014_R05,n15_p0.75_d1_clustered_Elow_V2.00_Hmedium_PWmoderate_B0.10,1402031,15,1,1,10,0.6666666667,50.5545362574,0.0000000000,0.0000000000,0.0000000000,1.0000000000,43.4275218308,2.8291573524,True,,True
S0014_R05,n15_p0.75_d1_clustered_Elow_V2.00_Hmedium_PWmoderate_B0.10,1402031,15,2,1,10,0.6666666667,50.5545362574,0.0000000000,0.0000000000,0.0000000000,1.0000000000,43.4275218308,0.8437504768,True,,False
S0014_R05,n15_p0.75_d1_clustered_Elow_V2.00_Hmedium_PWmoderate_B0.10,1402031,15,3,1,10,0.6666666667,50.5545362574,0.0000000000,0.0000000000,0.0000000000,1.0000000000,43.4275218308,0.8927426338,True,,False
S0014_R06,n15_p0.75_d1_clustered_Elow_V2.00_Hmedium_PWmoderate_B0.10,1402032,15,0,0,0,0.0000000000,122.2197338010,47.6525659435,0.0000000000,0.0000000000,,,0.0116577148,True,,False
S0014_R06,n15_p0.75_d1_clustered_Elow_V2.00_Hmedium_PWmoderate_B0.10,1402032,15,1,1,9,0.6000000000,46.1737671765,0.0000000000,0.0000000000,0.0000000000,,,2.3406581879,True,,True
S0014_R06,n15_p0.75_d1_clustered_Elow_V2.00_Hmedium_PWmoderate_B0.10,1402032,15,2,1,9,0.6000000000,46.1737671765,0.0000000000,0.0000000000,0.0000000000,,,0.8504292965,True,,False
S0014_R06,n15_p0.75_d1_clustered_Elow_V2.00_Hmedium_PWmoderate_B0.10,1402032,15,3,1,9,0.6000000000,46.1737671765,0.0000000000,0.0000000000,0.0000000000,,,0.6608576775,True,,False
S0014_R07,n15_p0.75_d1_clustered_Elow_V2.00_Hmedium_PWmoderate_B0.10,1402033,15,0,0,0,0.0000000000,1952.0462925739,1870.6048661080,74.1054356183,66.6948920564,0.5000000000,86.2505262342,0.0043516159,True,,False
S0014_R07,n15_p0.75_d1_clustered_Elow_V2.00_Hmedium_PWmoderate_B0.10,1402033,15,1,1,10,0.6666666667,50.0297389158,0.0000000000,0.0000000000,0.0000000000,1.0000000000,20.1823186614,3.0357103348,True,,True
S0014_R07,n15_p0.75_d1_clustered_Elow_V2.00_Hmedium_PWmoderate_B0.10,1402033,15,2,1,10,0.6666666667,50.0297389158,0.0000000000,0.0000000000,0.0000000000,1.0000000000,20.1823186614,0.8680529594,True,,False
S0014_R07,n15_p0.75_d1_clustered_Elow_V2.00_Hmedium_PWmoderate_B0.10,1402033,15,3,1,10,0.6666666667,50.0297389158,0.0000000000,0.0000000000,0.0000000000,1.0000000000,20.1823186614,0.6567592621,True,,False
S0014_R08,n15_p0.75_d1_clustered_Elow_V2.00_Hmedium_PWmoderate_B0.10,1402034,15,0,0,0,0.0000000000,3123.4485278056,3052.7749661669,149.5527508572,69.8075264790,0.0000000000,109.8436949127,0.0038418770,True,,False
S0014_R08,n15_p0.75_d1_clustered_Elow_V2.00_Hmedium_PWmoderate_B0.10,1402034,15,1,1,10,0.6666666667,47.3210614550,0.0000000000,0.0000000000,0.0000000000,1.0000000000,41.8126363575,2.5587556362,True,,True
S0014_R08,n15_p0.75_d1_clustered_Elow_V2.00_Hmedium_PWmoderate_B0.10,1402034,15,2,1,10,0.6666666667,47.3210614550,0.0000000000,0.0000000000,0.0000000000,1.0000000000,41.8126363575,1.1441891193,True,,False
S0014_R08,n15_p0.75_d1_clustered_Elow_V2.00_Hmedium_PWmoderate_B0.10,1402034,15,3,1,10,0.6666666667,47.3210614550,0.0000000000,0.0000000000,0.0000000000,1.0000000000,41.8126363575,1.3280835152,True,,False
S0014_R09,n15_p0.75_d1_clustered_Elow_V2.00_Hmedium_PWmoderate_B0.10,1402035,15,0,0,0,0.0000000000,2399.3021521460,2322.1544462866,113.4742080121,73.9979811842,0.3333333333,92.3694799238,0.0057947636,True,,False
S0014_R09,n15_p0.75_d1_clustered_Elow_V2.00_Hmedium_PWmoderate_B0.10,1402035,15,1,1,10,0.6666666667,50.4981936658,0.0000000000,0.0000000000,0.0000000000,1.0000000000,29.8400991725,2.7342457771,True,,True
S0014_R09,n15_p0.75_d1_clustered_Elow_V2.00_Hmedium_PWmoderate_B0.10,1402035,15,2,1,10,0.6666666667,50.4981936658,0.0000000000,0.0000000000,0.0000000000,1.0000000000,29.8400991725,1.0279097557,True,,False
S0014_R09,n15_p0.75_d1_clustered_Elow_V2.00_Hmedium_PWmoderate_B0.10,1402035,15,3,1,10,0.6666666667,50.4981936658,0.0000000000,0.0000000000,0.0000000000,1.0000000000,29.8400991725,0.6902310848,True,,False
S0014_R10,n15_p0.75_d1_clustered_Elow_V2.00_Hmedium_PWmoderate_B0.10,1402036,15,0,0,0,0.0000000000,2050.1883333102,1976.9928766189,96.7327075302,45.4899863942,0.0000000000,92.3520864241,0.0039634705,True,,False
S0014_R10,n15_p0.75_d1_clustered_Elow_V2.00_Hmedium_PWmoderate_B0.10,1402036,15,1,1,9,0.6000000000,49.5752916615,0.0000000000,0.0000000000,0.0000000000,1.0000000000,31.9970006474,2.4976444244,True,,True
S0014_R10,n15_p0.75_d1_clustered_Elow_V2.00_Hmedium_PWmoderate_B0.10,1402036,15,2,1,9,0.6000000000,49.5752916615,0.0000000000,0.0000000000,0.0000000000,1.0000000000,31.9970006474,1.0524132252,True,,False
S0014_R10,n15_p0.75_d1_clustered_Elow_V2.00_Hmedium_PWmoderate_B0.10,1402036,15,3,1,9,0.6000000000,49.5752916615,0.0000000000,0.0000000000,0.0000000000,1.0000000000,31.9970006474,1.0643756390,True,,False
S0015_R01,n15_p0.75_d1_clustered_Emedium_V1.25_Hshort_PWmoderate_B0.10,1502027,15,0,0,0,0.0000000000,847.0954015226,774.9906138222,38.7495306911,34.8745776220,0.5000000000,75.3065149396,0.0039267540,True,,False
S0015_R01,n15_p0.75_d1_clustered_Emedium_V1.25_Hshort_PWmoderate_B0.10,1502027,15,1,1,6,0.4000000000,51.3355769809,0.0000000000,0.0000000000,0.0000000000,1.0000000000,33.0233240004,1.3282332420,True,,True
S0015_R01,n15_p0.75_d1_clustered_Emedium_V1.25_Hshort_PWmoderate_B0.10,1502027,15,2,1,6,0.4000000000,46.9537888866,0.0000000000,0.0000000000,0.0000000000,1.0000000000,42.6718561766,0.6001515388,True,,False
S0015_R01,n15_p0.75_d1_clustered_Emedium_V1.25_Hshort_PWmoderate_B0.10,1502027,15,3,1,6,0.4000000000,46.9537888866,0.0000000000,0.0000000000,0.0000000000,1.0000000000,42.6718561766,0.6838088036,True,,False
S0015_R02,n15_p0.75_d1_clustered_Emedium_V1.25_Hshort_PWmoderate_B0.10,1502028,15,0,0,0,0.0000000000,815.8115452977,760.3329844753,38.0166492238,34.2149843014,0.5000000000,64.9483459578,0.0040042400,True,,False
S0015_R02,n15_p0.75_d1_clustered_Emedium_V1.25_Hshort_PWmoderate_B0.10,1502028,15,1,1,2,0.1333333333,44.7307591946,0.0000000000,0.0000000000,0.0000000000,1.0000000000,44.8187333604,2.5556259155,True,,True
S0015_R02,n15_p0.75_d1_clustered_Emedium_V1.25_Hshort_PWmoderate_B0.10,1502028,15,2,1,2,0.1333333333,44.7307591946,0.0000000000,0.0000000000,0.0000000000,1.0000000000,44.8187333604,0.8800160885,True,,False
S0015_R02,n15_p0.75_d1_clustered_Emedium_V1.25_Hshort_PWmoderate_B0.10,1502028,15,3,1,2,0.1333333333,44.7307591946,0.0000000000,0.0000000000,0.0000000000,1.0000000000,44.8187333604,1.0068078041,True,,False
S0015_R03,n15_p0.75_d1_clustered_Emedium_V1.25_Hshort_PWmoderate_B0.10,1502029,15,0,0,0,0.0000000000,1149.3949786910,1088.5030750971,54.4251537549,29.7344756674,0.0000000000,87.0387369077,0.0079090595,True,,False
S0015_R03,n15_p0.75_d1_clustered_Emedium_V1.25_Hshort_PWmoderate_B0.10,1502029,15,1,1,9,0.6000000000,45.8482370035,0.0000000000,0.0000000000,0.0000000000,1.0000000000,37.2408009867,2.6984128952,True,,True
S0015_R03,n15_p0.75_d1_clustered_Emedium_V1.25_Hshort_PWmoderate_B0.10,1502029,15,2,1,9,0.6000000000,45.8482370035,0.0000000000,0.0000000000,0.0000000000,1.0000000000,37.2408009867,0.7389836311,True,,False
S0015_R03,n15_p0.75_d1_clustered_Emedium_V1.25_Hshort_PWmoderate_B0.10,1502029,15,3,1,9,0.6000000000,45.8482370035,0.0000000000,0.0000000000,0.0000000000,1.0000000000,37.2408009867,0.6949052811,True,,False
S0015_R04,n15_p0.75_d1_clustered_Emedium_V1.25_Hshort_PWmoderate_B0.10,1502030,15,0,0,0,0.0000000000,128.7542250017,55.7238947471,0.0000000000,0.0000000000,1.0000000000,49.2156166572,0.0041239262,True,,False
S0015_R04,n15_p0.75_d1_clustered_Emedium_V1.25_Hshort_PWmoderate_B0.10,1502030,15,1,1,7,0.4666666667,54.1256195061,0.0000000000,0.0000000000,0.0000000000,1.0000000000,40.5479395629,1.3933281898,True,,True
S0015_R04,n15_p0.75_d1_clustered_Emedium_V1.25_Hshort_PWmoderate_B0.10,1502030,15,2,1,6,0.4000000000,51.7516118731,0.0000000000,0.0000000000,0.0000000000,1.0000000000,42.7259632443,0.9188454151,True,,False
S0015_R04,n15_p0.75_d1_clustered_Emedium_V1.25_Hshort_PWmoderate_B0.10,1502030,15,3,1,6,0.4000000000,51.7516118731,0.0000000000,0.0000000000,0.0000000000,1.0000000000,42.7259632443,1.0053405762,True,,False
S0015_R05,n15_p0.75_d1_clustered_Emedium_V1.25_Hshort_PWmoderate_B0.10,1502031,15,0,0,0,0.0000000000,3503.5903257503,3417.0025748830,170.8118233037,69.2224279975,0.2500000000,100.1203577951,0.0089604855,True,,False
S0015_R05,n15_p0.75_d1_clustered_Emedium_V1.25_Hshort_PWmoderate_B0.10,1502031,15,1,1,5,0.3333333333,53.2339027876,0.0000000000,0.0000000000,0.0000000000,1.0000000000,44.8284735683,1.2054588795,True,,True
S0015_R05,n15_p0.75_d1_clustered_Emedium_V1.25_Hshort_PWmoderate_B0.10,1502031,15,2,1,4,0.2666666667,51.5190406430,0.0000000000,0.0000000000,0.0000000000,1.0000000000,40.3913585893,0.6786215305,True,,False
S0015_R05,n15_p0.75_d1_clustered_Emedium_V1.25_Hshort_PWmoderate_B0.10,1502031,15,3,1,4,0.2666666667,51.5190406430,0.0000000000,0.0000000000,0.0000000000,1.0000000000,40.3913585893,0.6681873798,True,,False
S0015_R06,n15_p0.75_d1_clustered_Emedium_V1.25_Hshort_PWmoderate_B0.10,1502032,15,0,0,0,0.0000000000,620.2616832849,546.2894403236,26.4472479105,23.8025231195,0.5000000000,62.9854767017,0.0040647984,True,,False
S0015_R06,n15_p0.75_d1_clustered_Emedium_V1.25_Hshort_PWmoderate_B0.10,1502032,15,1,1,4,0.2666666667,54.6302250972,0.0000000000,0.0000000000,0.0000000000,1.0000000000,30.8889485185,1.2594044209,True,,True
S0015_R06,n15_p0.75_d1_clustered_Emedium_V1.25_Hshort_PWmoderate_B0.10,1502032,15,2,1,4,0.2666666667,53.5878391753,0.0000000000,0.0000000000,0.0000000000,1.0000000000,39.4320539667,1.0411036015,True,,False
S0015_R06,n15_p0.75_d1_clustered_Emedium_V1.25_Hshort_PWmoderate_B0.10,1502032,15,3,1,4,0.2666666667,53.5878391753,0.0000000000,0.0000000000,0.0000000000,1.0000000000,39.4320539667,1.2406620979,True,,False
S0015_R07,n15_p0.75_d1_clustered_Emedium_V1.25_Hshort_PWmoderate_B0.10,1502033,15,0,0,0,0.0000000000,1936.0802910116,1854.0826318316,81.8877080999,73.6989372899,0.5000000000,90.2854121604,0.0038425922,True,,False
S0015_R07,n15_p0.75_d1_clustered_Emedium_V1.25_Hshort_PWmoderate_B0.10,1502033,15,1,1,4,0.2666666667,49.6785578605,0.0000000000,0.0000000000,0.0000000000,1.0000000000,34.1740786603,1.7425086498,True,,True
S0015_R07,n15_p0.75_d1_clustered_Emedium_V1.25_Hshort_PWmoderate_B0.10,1502033,15,2,1,4,0.2666666667,49.6785578605,0.0000000000,0.0000000000,0.0000000000,1.0000000000,34.1740786603,0.7014691830,True,,False
S0015_R07,n15_p0.75_d1_clustered_Emedium_V1.25_Hshort_PWmoderate_B0.10,1502033,15,3,1,4,0.2666666667,49.6785578605,0.0000000000,0.0000000000,0.0000000000,1.0000000000,34.1740786603,0.6193315983,True,,False
S0015_R08,n15_p0.75_d1_clustered_Emedium_V1.25_Hshort_PWmoderate_B0.10,1502034,15,0,0,0,0.0000000000,697.9461805838,628.1744776615,31.4087238831,28.2678514948,0.5000000000,64.8348181537,0.0039525032,True,,False
S0015_R08,n15_p0.75_d1_clustered_Emedium_V1.25_Hshort_PWmoderate_B0.10,1502034,15,1,1,9,0.6000000000,47.3432081521,0.0000000000,0.0000000000,0.0000000000,1.0000000000,40.3062016187,2.7650747299,True,,True
S0015_R08,n15_p0.75_d1_clustered_Emedium_V1.25_Hshort_PWmoderate_B0.10,1502034,15,2,1,9,0.6000000000,47.3432081521,0.0000000000,0.0000000000,0.0000000000,1.0000000000,40.3062016187,0.9948153496,True,,False
S0015_R08,n15_p0.75_d1_clustered_Emedium_V1.25_Hshort_PWmoderate_B0.10,1502034,15,3,1,9,0.6000000000,47.3432081521,0.0000000000,0.0000000000,0.0000000000,1.0000000000,40.3062016187,1.3084008694,True,,False
S0015_R09,n15_p0.75_d1_clustered_Emedium_V1.25_Hshort_PWmoderate_B0.10,1502035,15,0,0,0,0.0000000000,868.7398140802,795.1297265552,36.5139949865,23.5844114983,0.3333333333,68.1842484550,0.0040142536,True,,False
S0015_R09,n15_p0.75_d1_clustered_Emedium_V1.25_Hshort_PWmoderate_B0.10,1502035,15,1,1,3,0.2000000000,55.1944820446,0.0000000000,0.0000000000,0.0000000000,1.0000000000,42.2501840034,1.3618557453,True,,True
S0015_R09,n15_p0.75_d1_clustered_Emedium_V1.25_Hshort_PWmoderate_B0.10,1502035,15,2,1,4,0.2666666667,55.3396465745,0.0000000000,0.0000000000,0.0000000000,1.0000000000,38.4269506800,0.5400640965,True,,False
S0015_R09,n15_p0.75_d1_clustered_Emedium_V1.25_Hshort_PWmoderate_B0.10,1502035,15,3,1,4,0.2666666667,55.3396465745,0.0000000000,0.0000000000,0.0000000000,1.0000000000,38.4269506800,0.6981208324,True,,False
S0015_R10,n15_p0.75_d1_clustered_Emedium_V1.25_Hshort_PWmoderate_B0.10,1502036,15,0,0,0,0.0000000000,549.4025192924,475.4959595449,19.8044231262,11.1403883209,0.5000000000,56.6152050770,0.0038862228,True,,False
S0015_R10,n15_p0.75_d1_clustered_Emedium_V1.25_Hshort_PWmoderate_B0.10,1502036,15,1,1,4,0.2666666667,51.1223769460,0.0000000000,0.0000000000,0.0000000000,1.0000000000,35.6793437589,3.3804671764,True,,True
S0015_R10,n15_p0.75_d1_clustered_Emedium_V1.25_Hshort_PWmoderate_B0.10,1502036,15,2,1,4,0.2666666667,51.1223769460,0.0000000000,0.0000000000,0.0000000000,1.0000000000,35.6793437589,0.8873584270,True,,False
S0015_R10,n15_p0.75_d1_clustered_Emedium_V1.25_Hshort_PWmoderate_B0.10,1502036,15,3,1,4,0.2666666667,51.1223769460,0.0000000000,0.0000000000,0.0000000000,1.0000000000,35.6793437589,0.8434538841,True,,False
S0016_R01,n15_p0.75_d1_clustered_Emedium_V1.25_Hmedium_PWbase_B0.10,1602027,15,0,0,0,0.0000000000,6134.1674515971,6060.4459397225,60.6044593972,42.0892405695,0.5000000000,66.7579011595,0.0037922859,True,,False
S0016_R01,n15_p0.75_d1_clustered_Emedium_V1.25_Hmedium_PWbase_B0.10,1602027,15,1,1,5,0.3333333333,50.3820285177,0.0000000000,0.0000000000,0.0000000000,1.0000000000,36.9951856093,2.9694466591,True,,True
S0016_R01,n15_p0.75_d1_clustered_Emedium_V1.25_Hmedium_PWbase_B0.10,1602027,15,2,1,5,0.3333333333,50.3820285177,0.0000000000,0.0000000000,0.0000000000,1.0000000000,36.9951856093,1.1223309040,True,,False
S0016_R01,n15_p0.75_d1_clustered_Emedium_V1.25_Hmedium_PWbase_B0.10,1602027,15,3,1,5,0.3333333333,50.3820285177,0.0000000000,0.0000000000,0.0000000000,1.0000000000,36.9951856093,1.2037525177,True,,False
S0016_R02,n15_p0.75_d1_clustered_Emedium_V1.25_Hmedium_PWbase_B0.10,1602028,15,0,0,0,0.0000000000,5684.8640978210,5625.6459540899,56.2564595409,28.6311753434,0.6000000000,59.3522254849,0.0042250156,True,,False
S0016_R02,n15_p0.75_d1_clustered_Emedium_V1.25_Hmedium_PWbase_B0.10,1602028,15,1,1,9,0.6000000000,50.3097547747,0.0000000000,0.0000000000,0.0000000000,1.0000000000,38.5835960911,2.0820119381,True,,True
S0016_R02,n15_p0.75_d1_clustered_Emedium_V1.25_Hmedium_PWbase_B0.10,1602028,15,2,1,9,0.6000000000,50.3097547747,0.0000000000,0.0000000000,0.0000000000,1.0000000000,38.5835960911,0.9187958241,True,,False
S0016_R02,n15_p0.75_d1_clustered_Emedium_V1.25_Hmedium_PWbase_B0.10,1602028,15,3,1,9,0.6000000000,50.3097547747,0.0000000000,0.0000000000,0.0000000000,1.0000000000,38.5835960911,1.0290405750,True,,False
S0016_R03,n15_p0.75_d1_clustered_Emedium_V1.25_Hmedium_PWbase_B0.10,1602029,15,0,0,0,0.0000000000,17147.2186069437,17077.2996303131,170.7729963031,61.8376712289,0.2000000000,91.8224579587,0.0040762424,True,,False
S0016_R03,n15_p0.75_d1_clustered_Emedium_V1.25_Hmedium_PWbase_B0.10,1602029,15,1,1,5,0.3333333333,49.6700792747,0.0000000000,0.0000000000,0.0000000000,1.0000000000,36.1697061180,2.1086740494,True,,True
S0016_R03,n15_p0.75_d1_clustered_Emedium_V1.25_Hmedium_PWbase_B0.10,1602029,15,2,1,6,0.4000000000,50.2577310735,0.0000000000,0.0000000000,0.0000000000,1.0000000000,32.9424272741,0.9264669418,True,,False
S0016_R03,n15_p0.75_d1_clustered_Emedium_V1.25_Hmedium_PWbase_B0.10,1602029,15,3,1,6,0.4000000000,50.2577310735,0.0000000000,0.0000000000,0.0000000000,1.0000000000,32.9424272741,1.0600481033,True,,False
S0016_R04,n15_p0.75_d1_clustered_Emedium_V1.25_Hmedium_PWbase_B0.10,1602030,15,0,0,0,0.0000000000,4427.3653395850,4336.0407028916,29.9498708476,23.9598966781,0.6666666667,65.9097251182,0.0102527142,True,,False
S0016_R04,n15_p0.75_d1_clustered_Emedium_V1.25_Hmedium_PWbase_B0.10,1602030,15,1,1,5,0.3333333333,53.3516940934,0.0000000000,0.0000000000,0.0000000000,1.0000000000,31.3129189790,1.4803171158,True,,True
S0016_R04,n15_p0.75_d1_clustered_Emedium_V1.25_Hmedium_PWbase_B0.10,1602030,15,2,1,5,0.3333333333,53.3516940934,0.0000000000,0.0000000000,0.0000000000,1.0000000000,31.3129189790,0.7161412239,True,,False
S0016_R04,n15_p0.75_d1_clustered_Emedium_V1.25_Hmedium_PWbase_B0.10,1602030,15,3,1,5,0.3333333333,53.3516940934,0.0000000000,0.0000000000,0.0000000000,1.0000000000,31.3129189790,0.8122007847,True,,False
S0016_R05,n15_p0.75_d1_clustered_Emedium_V1.25_Hmedium_PWbase_B0.10,1602031,15,0,0,0,0.0000000000,64.7551488664,0.0000000000,0.0000000000,0.0000000000,1.0000000000,38.6603919704,0.0046751499,True,,False
S0016_R05,n15_p0.75_d1_clustered_Emedium_V1.25_Hmedium_PWbase_B0.10,1602031,15,1,1,5,0.3333333333,48.0294177611,0.0000000000,0.0000000000,0.0000000000,1.0000000000,24.9792750741,2.1622905731,True,,True
S0016_R05,n15_p0.75_d1_clustered_Emedium_V1.25_Hmedium_PWbase_B0.10,1602031,15,2,1,5,0.3333333333,48.0294177611,0.0000000000,0.0000000000,0.0000000000,1.0000000000,24.9792750740,0.9137265682,True,,False
S0016_R05,n15_p0.75_d1_clustered_Emedium_V1.25_Hmedium_PWbase_B0.10,1602031,15,3,1,5,0.3333333333,48.0294177611,0.0000000000,0.0000000000,0.0000000000,1.0000000000,24.9792750740,0.9042797089,True,,False
S0016_R06,n15_p0.75_d1_clustered_Emedium_V1.25_Hmedium_PWbase_B0.10,1602032,15,0,0,0,0.0000000000,246.2583300663,175.8104018912,0.0000000000,0.0000000000,,,0.0040292740,True,,False
S0016_R06,n15_p0.75_d1_clustered_Emedium_V1.25_Hmedium_PWbase_B0.10,1602032,15,1,1,7,0.4666666667,49.3259394038,0.0000000000,0.0000000000,0.0000000000,,,2.5806889534,True,,True
S0016_R06,n15_p0.75_d1_clustered_Emedium_V1.25_Hmedium_PWbase_B0.10,1602032,15,2,1,7,0.4666666667,49.3259394038,0.0000000000,0.0000000000,0.0000000000,,,0.6562640667,True,,False
S0016_R06,n15_p0.75_d1_clustered_Emedium_V1.25_Hmedium_PWbase_B0.10,1602032,15,3,1,7,0.4666666667,49.3259394038,0.0000000000,0.0000000000,0.0000000000,,,0.6689693928,True,,False
S0016_R07,n15_p0.75_d1_clustered_Emedium_V1.25_Hmedium_PWbase_B0.10,1602033,15,0,0,0,0.0000000000,648.8575734999,567.3404289768,0.0000000000,0.0000000000,1.0000000000,47.1778366910,0.0043716431,True,,False
S0016_R07,n15_p0.75_d1_clustered_Emedium_V1.25_Hmedium_PWbase_B0.10,1602033,15,1,1,7,0.4666666667,51.5589077017,0.0000000000,0.0000000000,0.0000000000,1.0000000000,24.5007271172,3.5240592957,True,,True
S0016_R07,n15_p0.75_d1_clustered_Emedium_V1.25_Hmedium_PWbase_B0.10,1602033,15,2,1,7,0.4666666667,51.5589077017,0.0000000000,0.0000000000,0.0000000000,1.0000000000,24.5007271172,0.8264815807,True,,False
S0016_R07,n15_p0.75_d1_clustered_Emedium_V1.25_Hmedium_PWbase_B0.10,1602033,15,3,1,7,0.4666666667,51.5589077017,0.0000000000,0.0000000000,0.0000000000,1.0000000000,24.5007271172,0.9491987228,True,,False
S0016_R08,n15_p0.75_d1_clustered_Emedium_V1.25_Hmedium_PWbase_B0.10,1602034,15,0,0,0,0.0000000000,5742.7488234869,5679.3528821020,56.7935288210,40.4538074108,0.3333333333,71.6283243191,0.0039954185,True,,False
S0016_R08,n15_p0.75_d1_clustered_Emedium_V1.25_Hmedium_PWbase_B0.10,1602034,15,1,1,7,0.4666666667,49.2662043847,0.0000000000,0.0000000000,0.0000000000,1.0000000000,27.2919506706,3.3197984695,True,,True
S0016_R08,n15_p0.75_d1_clustered_Emedium_V1.25_Hmedium_PWbase_B0.10,1602034,15,2,1,7,0.4666666667,49.2662043847,0.0000000000,0.0000000000,0.0000000000,1.0000000000,27.2919506706,0.8208792210,True,,False
S0016_R08,n15_p0.75_d1_clustered_Emedium_V1.25_Hmedium_PWbase_B0.10,1602034,15,3,1,7,0.4666666667,49.2662043847,0.0000000000,0.0000000000,0.0000000000,1.0000000000,27.2919506706,0.9788248539,True,,False
S0016_R09,n15_p0.75_d1_clustered_Emedium_V1.25_Hmedium_PWbase_B0.10,1602035,15,0,0,0,0.0000000000,9876.0163597071,9807.6929594030,97.5477301352,43.8226285036,0.2000000000,75.6201261037,0.0040140152,True,,False
S0016_R09,n15_p0.75_d1_clustered_Emedium_V1.25_Hmedium_PWbase_B0.10,1602035,15,1,1,10,0.6666666667,47.0785193930,0.0000000000,0.0000000000,0.0000000000,1.0000000000,33.4662602235,2.6450729370,True,,True
S0016_R09,n15_p0.75_d1_clustered_Emedium_V1.25_Hmedium_PWbase_B0.10,1602035,15,2,1,10,0.6666666667,47.0785193930,0.0000000000,0.0000000000,0.0000000000,1.0000000000,33.4662602235,0.8075754642,True,,False
S0016_R09,n15_p0.75_d1_clustered_Emedium_V1.25_Hmedium_PWbase_B0.10,1602035,15,3,1,10,0.6666666667,47.0785193930,0.0000000000,0.0000000000,0.0000000000,1.0000000000,33.4662602235,0.9219877720,True,,False
S0016_R10,n15_p0.75_d1_clustered_Emedium_V1.25_Hmedium_PWbase_B0.10,1602036,15,0,0,0,0.0000000000,65.7558752884,0.0000000000,0.0000000000,0.0000000000,,,0.0040762424,True,,False
S0016_R10,n15_p0.75_d1_clustered_Emedium_V1.25_Hmedium_PWbase_B0.10,1602036,15,1,1,10,0.6666666667,47.6204815110,0.0000000000,0.0000000000,0.0000000000,,,2.4868977070,True,,True
S0016_R10,n15_p0.75_d1_clustered_Emedium_V1.25_Hmedium_PWbase_B0.10,1602036,15,2,1,10,0.6666666667,47.6204815110,0.0000000000,0.0000000000,0.0000000000,,,0.7341215611,True,,False
S0016_R10,n15_p0.75_d1_clustered_Emedium_V1.25_Hmedium_PWbase_B0.10,1602036,15,3,1,10,0.6666666667,47.6204815110,0.0000000000,0.0000000000,0.0000000000,,,0.8642461300,True,,False
S0017_R01,n15_p0.75_d1_uniform_Emedium_V1.25_Hlong_PWflat_B0.10,1702027,15,0,0,0,0.0000000000,145.7010995103,16.8716570541,16.8716570541,15.1844913487,0.5000000000,68.3753840212,0.0046875477,True,,False
S0017_R01,n15_p0.75_d1_uniform_Emedium_V1.25_Hlong_PWflat_B0.10,1702027,15,1,1,2,0.1333333333,107.6285358568,0.0000000000,0.0000000000,0.0000000000,1.0000000000,30.3668454685,1.1834416389,True,,True
S0017_R01,n15_p0.75_d1_uniform_Emedium_V1.25_Hlong_PWflat_B0.10,1702027,15,2,1,2,0.1333333333,107.6285358568,0.0000000000,0.0000000000,0.0000000000,1.0000000000,30.3668454685,0.4310543537,True,,False
S0017_R01,n15_p0.75_d1_uniform_Emedium_V1.25_Hlong_PWflat_B0.10,1702027,15,3,1,2,0.1333333333,107.6285358568,0.0000000000,0.0000000000,0.0000000000,1.0000000000,30.3668454685,0.3794989586,True,,False
S0017_R02,n15_p0.75_d1_uniform_Emedium_V1.25_Hlong_PWflat_B0.10,1702028,15,0,0,0,0.0000000000,155.3046007444,21.0759839444,21.0759839444,14.7531887610,0.7500000000,51.1153737089,0.0045464039,True,,False
S0017_R02,n15_p0.75_d1_uniform_Emedium_V1.25_Hlong_PWflat_B0.10,1702028,15,1,1,2,0.1333333333,128.2080587515,16.3300749091,16.3300749091,11.4310524363,0.7500000000,43.7287464214,1.2826128006,True,,True
S0017_R02,n15_p0.75_d1_uniform_Emedium_V1.25_Hlong_PWflat_B0.10,1702028,15,2,1,2,0.1333333333,128.2080587515,16.3300749091,16.3300749091,11.4310524363,0.7500000000,43.7287464214,0.5129342079,True,,False
S0017_R02,n15_p0.75_d1_uniform_Emedium_V1.25_Hlong_PWflat_B0.10,1702028,15,3,1,2,0.1333333333,128.2080587515,16.3300749091,16.3300749091,11.4310524363,0.7500000000,43.7287464214,0.6307792664,True,,False
S0017_R03,n15_p0.75_d1_uniform_Emedium_V1.25_Hlong_PWflat_B0.10,1702029,15,0,0,0,0.0000000000,323.6764871173,151.7086001590,151.7086001590,78.2836259078,0.4000000000,83.7704403897,0.0048708916,True,,False
S0017_R03,n15_p0.75_d1_uniform_Emedium_V1.25_Hlong_PWflat_B0.10,1702029,15,1,1,4,0.2666666667,181.7699237788,8.8828209522,8.8828209522,5.3296925713,0.8000000000,42.1529583976,1.6154544353,True,,True
S0017_R03,n15_p0.75_d1_uniform_Emedium_V1.25_Hlong_PWflat_B0.10,1702029,15,2,1,4,0.2666666667,183.1354135473,36.5423009869,36.5423009869,20.1488164017,0.6000000000,48.2912418336,0.3654618263,True,,False
S0017_R03,n15_p0.75_d1_uniform_Emedium_V1.25_Hlong_PWflat_B0.10,1702029,15,3,1,4,0.2666666667,183.1354135473,36.5423009869,36.5423009869,20.1488164017,0.6000000000,48.2912418336,0.4344780445,True,,False
S0017_R04,n15_p0.75_d1_uniform_Emedium_V1.25_Hlong_PWflat_B0.10,1702030,15,0,0,0,0.0000000000,307.9517215590,142.5722288188,105.1321521266,58.8696147843,0.0000000000,95.1081648795,0.0058977604,True,,False
S0017_R04,n15_p0.75_d1_uniform_Emedium_V1.25_Hlong_PWflat_B0.10,1702030,15,1,1,2,0.1333333333,160.2727466063,32.2446414967,32.2446414967,25.7957131974,0.6666666667,52.8042143919,1.0697104931,True,,True
S0017_R04,n15_p0.75_d1_uniform_Emedium_V1.25_Hlong_PWflat_B0.10,1702030,15,2,1,3,0.2000000000,138.7804663386,16.9592748792,16.9592748792,13.5674199034,0.6666666667,47.7090921860,0.3276000023,True,,False
S0017_R04,n15_p0.75_d1_uniform_Emedium_V1.25_Hlong_PWflat_B0.10,1702030,15,3,1,3,0.2000000000,138.7804663386,16.9592748792,16.9592748792,13.5674199034,0.6666666667,47.7090921860,0.3996088505,True,,False
S0017_R05,n15_p0.75_d1_uniform_Emedium_V1.25_Hlong_PWflat_B0.10,1702031,15,0,0,0,0.0000000000,157.3691708849,16.9971531444,16.9971531444,9.8853330241,0.5000000000,47.7865618578,0.0048041344,True,,False
S0017_R05,n15_p0.75_d1_uniform_Emedium_V1.25_Hlong_PWflat_B0.10,1702031,15,1,1,4,0.2666666667,119.6149235274,0.0000000000,0.0000000000,0.0000000000,1.0000000000,29.8429539224,0.9541690350,True,,True
S0017_R05,n15_p0.75_d1_uniform_Emedium_V1.25_Hlong_PWflat_B0.10,1702031,15,2,1,3,0.2000000000,117.3190329483,0.0000000000,0.0000000000,0.0000000000,1.0000000000,29.8429539224,0.4665763378,True,,False
S0017_R05,n15_p0.75_d1_uniform_Emedium_V1.25_Hlong_PWflat_B0.10,1702031,15,3,1,3,0.2000000000,117.3190329483,0.0000000000,0.0000000000,0.0000000000,1.0000000000,29.8429539224,0.7266848087,True,,False
S0017_R06,n15_p0.75_d1_uniform_Emedium_V1.25_Hlong_PWflat_B0.10,1702032,15,0,0,0,0.0000000000,178.7206567883,2.6865008475,2.6865008475,2.1492006780,0.6666666667,45.4069579615,0.0049917698,True,,False
S0017_R06,n15_p0.75_d1_uniform_Emedium_V1.25_Hlong_PWflat_B0.10,1702032,15,1,1,3,0.2000000000,143.0841179759,0.0000000000,0.0000000000,0.0000000000,1.0000000000,28.5761956500,1.6206469536,True,,True
S0017_R06,n15_p0.75_d1_uniform_Emedium_V1.25_Hlong_PWflat_B0.10,1702032,15,2,2,7,0.4666666667,136.2016051492,0.0000000000,0.0000000000,0.0000000000,1.0000000000,23.7379671978,0.3210020065,True,,False
S0017_R06,n15_p0.75_d1_uniform_Emedium_V1.25_Hlong_PWflat_B0.10,1702032,15,3,2,5,0.3333333333,139.1167140130,0.0000000000,0.0000000000,0.0000000000,1.0000000000,23.7379671978,0.4613423347,True,,False
S0017_R07,n15_p0.75_d1_uniform_Emedium_V1.25_Hlong_PWflat_B0.10,1702033,15,0,0,0,0.0000000000,730.5181349949,592.8012675550,376.1612669038,155.4367908309,0.4000000000,125.2311570210,0.0042412281,True,,False
S0017_R07,n15_p0.75_d1_uniform_Emedium_V1.25_Hlong_PWflat_B0.10,1702033,15,1,1,2,0.1333333333,199.3520801730,56.3758967356,46.7247288242,28.0348372945,0.8000000000,56.3480253085,1.3189976215,True,,True
S0017_R07,n15_p0.75_d1_uniform_Emedium_V1.25_Hlong_PWflat_B0.10,1702033,15,2,2,6,0.4000000000,153.9370892866,29.3633624834,29.3633624834,17.6180174901,0.8000000000,49.5968815994,0.6252985001,True,,False
S0017_R07,n15_p0.75_d1_uniform_Emedium_V1.25_Hlong_PWflat_B0.10,1702033,15,3,2,6,0.4000000000,153.9370892866,29.3633624834,29.3633624834,17.6180174901,0.8000000000,49.5968815994,0.6953444481,True,,False
S0017_R08,n15_p0.75_d1_uniform_Emedium_V1.25_Hlong_PWflat_B0.10,1702034,15,0,0,0,0.0000000000,649.7514801829,490.3415396954,490.3415396954,160.3606853151,0.0000000000,158.0274718919,0.0045089722,True,,False
S0017_R08,n15_p0.75_d1_uniform_Emedium_V1.25_Hlong_PWflat_B0.10,1702034,15,1,1,4,0.2666666667,139.7821806314,28.6296348198,28.6296348198,17.1777808919,0.8000000000,39.7261299090,1.3098082542,True,,True
S0017_R08,n15_p0.75_d1_uniform_Emedium_V1.25_Hlong_PWflat_B0.10,1702034,15,2,2,5,0.3333333333,121.4905805540,0.0000000000,0.0000000000,0.0000000000,1.0000000000,26.3639638413,0.6323478222,True,,False
S0017_R08,n15_p0.75_d1_uniform_Emedium_V1.25_Hlong_PWflat_B0.10,1702034,15,3,3,6,0.4000000000,99.6024981505,0.0000000000,0.0000000000,0.0000000000,1.0000000000,26.8562920976,0.4172861576,True,,False
S0017_R09,n15_p0.75_d1_uniform_Emedium_V1.25_Hlong_PWflat_B0.10,1702035,15,0,0,0,0.0000000000,319.0818495859,148.4663267949,134.5144073529,82.1204087120,0.0000000000,127.3612679019,0.0049247742,True,,False
S0017_R09,n15_p0.75_d1_uniform_Emedium_V1.25_Hlong_PWflat_B0.10,1702035,15,1,1,2,0.1333333333,139.1495616877,16.0034589567,16.0034589567,14.4031130610,0.5000000000,48.5053697466,0.8022828102,True,,True
S0017_R09,n15_p0.75_d1_uniform_Emedium_V1.25_Hlong_PWflat_B0.10,1702035,15,2,2,5,0.3333333333,129.6557844997,2.2952408134,2.2952408134,2.0657167320,0.5000000000,42.0692420445,0.4954676628,True,,False
S0017_R09,n15_p0.75_d1_uniform_Emedium_V1.25_Hlong_PWflat_B0.10,1702035,15,3,2,5,0.3333333333,129.6557844997,2.2952408134,2.2952408134,2.0657167320,0.5000000000,42.0692420445,0.6328947544,True,,False
S0017_R10,n15_p0.75_d1_uniform_Emedium_V1.25_Hlong_PWflat_B0.10,1702036,15,0,0,0,0.0000000000,291.9366062897,123.7619814557,123.7619814557,73.5095952900,0.3333333333,95.0867341531,0.0120875835,True,,False
S0017_R10,n15_p0.75_d1_uniform_Emedium_V1.25_Hlong_PWflat_B0.10,1702036,15,1,1,1,0.0666666667,132.0455391363,0.0000000000,0.0000000000,0.0000000000,1.0000000000,40.5545774435,0.8474078178,True,,True
S0017_R10,n15_p0.75_d1_uniform_Emedium_V1.25_Hlong_PWflat_B0.10,1702036,15,2,2,7,0.4666666667,128.6583634098,0.0000000000,0.0000000000,0.0000000000,1.0000000000,40.8074413727,0.3498754501,True,,False
S0017_R10,n15_p0.75_d1_uniform_Emedium_V1.25_Hlong_PWflat_B0.10,1702036,15,3,1,1,0.0666666667,132.0455391363,0.0000000000,0.0000000000,0.0000000000,1.0000000000,40.5545774435,0.4148840904,True,,False
S0018_R01,n15_p0.75_d1_clustered_Emedium_V2.00_Hshort_PWbase_B0.10,1802027,15,0,0,0,0.0000000000,5025.7315255371,4960.0950245349,49.6009502453,44.6408552208,0.5000000000,79.8697544564,0.0097160339,True,,False
S0018_R01,n15_p0.75_d1_clustered_Emedium_V2.00_Hshort_PWbase_B0.10,1802027,15,1,1,5,0.3333333333,50.2631104062,0.0000000000,0.0000000000,0.0000000000,1.0000000000,32.4738333200,2.4143700600,True,,True
S0018_R01,n15_p0.75_d1_clustered_Emedium_V2.00_Hshort_PWbase_B0.10,1802027,15,2,1,5,0.3333333333,50.2631104062,0.0000000000,0.0000000000,0.0000000000,1.0000000000,32.4738333200,0.9153027534,True,,False
S0018_R01,n15_p0.75_d1_clustered_Emedium_V2.00_Hshort_PWbase_B0.10,1802027,15,3,1,5,0.3333333333,50.2631104062,0.0000000000,0.0000000000,0.0000000000,1.0000000000,32.4738333200,0.9388904572,True,,False
S0018_R02,n15_p0.75_d1_clustered_Emedium_V2.00_Hshort_PWbase_B0.10,1802028,15,0,0,0,0.0000000000,11002.7552834675,10930.8159931447,106.6304622489,41.2476915668,0.4000000000,77.6480341888,0.0039687157,True,,False
S0018_R02,n15_p0.75_d1_clustered_Emedium_V2.00_Hshort_PWbase_B0.10,1802028,15,1,1,9,0.6000000000,51.7368197623,0.0000000000,0.0000000000,0.0000000000,1.0000000000,27.8562890779,2.3837642670,True,,True
S0018_R02,n15_p0.75_d1_clustered_Emedium_V2.00_Hshort_PWbase_B0.10,1802028,15,2,1,9,0.6000000000,51.7368197623,0.0000000000,0.0000000000,0.0000000000,1.0000000000,27.8562890779,0.8416471481,True,,False
S0018_R02,n15_p0.75_d1_clustered_Emedium_V2.00_Hshort_PWbase_B0.10,1802028,15,3,1,9,0.6000000000,51.7368197623,0.0000000000,0.0000000000,0.0000000000,1.0000000000,27.8562890779,0.7654728889,True,,False
S0018_R03,n15_p0.75_d1_clustered_Emedium_V2.00_Hshort_PWbase_B0.10,1802029,15,0,0,0,0.0000000000,1894.1008936391,1819.8327132420,18.1983271324,14.5586617059,0.6666666667,54.9658049338,0.0042572021,True,,False
S0018_R03,n15_p0.75_d1_clustered_Emedium_V2.00_Hshort_PWbase_B0.10,1802029,15,1,1,10,0.6666666667,52.8765791480,0.0000000000,0.0000000000,0.0000000000,1.0000000000,16.7657923999,2.4390261173,True,,True
S0018_R03,n15_p0.75_d1_clustered_Emedium_V2.00_Hshort_PWbase_B0.10,1802029,15,2,1,10,0.6666666667,52.8765791480,0.0000000000,0.0000000000,0.0000000000,1.0000000000,16.7657923999,0.8045039177,True,,False
S0018_R03,n15_p0.75_d1_clustered_Emedium_V2.00_Hshort_PWbase_B0.10,1802029,15,3,1,10,0.6666666667,52.8765791480,0.0000000000,0.0000000000,0.0000000000,1.0000000000,16.7657923999,0.8156151772,True,,False
S0018_R04,n15_p0.75_d1_clustered_Emedium_V2.00_Hshort_PWbase_B0.10,1802030,15,0,0,0,0.0000000000,77.0789516537,0.0000000000,0.0000000000,0.0000000000,,,0.0038976669,True,,False
S0018_R04,n15_p0.75_d1_clustered_Emedium_V2.00_Hshort_PWbase_B0.10,1802030,15,1,1,7,0.4666666667,50.7945638960,0.0000000000,0.0000000000,0.0000000000,,,1.4281551838,True,,True
S0018_R04,n15_p0.75_d1_clustered_Emedium_V2.00_Hshort_PWbase_B0.10,1802030,15,2,1,7,0.4666666667,50.7945638960,0.0000000000,0.0000000000,0.0000000000,,,0.8106193542,True,,False
S0018_R04,n15_p0.75_d1_clustered_Emedium_V2.00_Hshort_PWbase_B0.10,1802030,15,3,1,7,0.4666666667,50.7945638960,0.0000000000,0.0000000000,0.0000000000,,,0.9672157764,True,,False
S0018_R05,n15_p0.75_d1_clustered_Emedium_V2.00_Hshort_PWbase_B0.10,1802031,15,0,0,0,0.0000000000,5617.5341492274,5544.4216368609,55.4442163686,49.8997947317,0.5000000000,75.9802718365,0.0042898655,True,,False
S0018_R05,n15_p0.75_d1_clustered_Emedium_V2.00_Hshort_PWbase_B0.10,1802031,15,1,1,6,0.4000000000,53.5343920904,0.0000000000,0.0000000000,0.0000000000,1.0000000000,43.4167385378,1.9524483681,True,,True
S0018_R05,n15_p0.75_d1_clustered_Emedium_V2.00_Hshort_PWbase_B0.10,1802031,15,2,1,6,0.4000000000,53.5343920904,0.0000000000,0.0000000000,0.0000000000,1.0000000000,43.4167385379,0.6945066452,True,,False
S0018_R05,n15_p0.75_d1_clustered_Emedium_V2.00_Hshort_PWbase_B0.10,1802031,15,3,1,6,0.4000000000,53.5343920904,0.0000000000,0.0000000000,0.0000000000,1.0000000000,43.4167385379,0.7091879845,True,,False
S0018_R06,n15_p0.75_d1_clustered_Emedium_V2.00_Hshort_PWbase_B0.10,1802032,15,0,0,0,0.0000000000,467.2881395318,398.0631583081,3.9806315831,3.9806315831,0.0000000000,63.9691680398,0.0040330887,True,,False
S0018_R06,n15_p0.75_d1_clustered_Emedium_V2.00_Hshort_PWbase_B0.10,1802032,15,1,1,8,0.5333333333,45.7149953446,0.0000000000,0.0000000000,0.0000000000,1.0000000000,16.6560443810,2.0101010799,True,,True
S0018_R06,n15_p0.75_d1_clustered_Emedium_V2.00_Hshort_PWbase_B0.10,1802032,15,2,1,8,0.5333333333,45.7149953446,0.0000000000,0.0000000000,0.0000000000,1.0000000000,16.6560443810,0.8181347847,True,,False
S0018_R06,n15_p0.75_d1_clustered_Emedium_V2.00_Hshort_PWbase_B0.10,1802032,15,3,1,8,0.5333333333,45.7149953446,0.0000000000,0.0000000000,0.0000000000,1.0000000000,16.6560443810,0.8441905975,True,,False
S0018_R07,n15_p0.75_d1_clustered_Emedium_V2.00_Hshort_PWbase_B0.10,1802033,15,0,0,0,0.0000000000,3831.0293137546,3758.5579485106,35.7273647611,32.1546282850,0.5000000000,68.9223872745,0.0040400028,True,,False
S0018_R07,n15_p0.75_d1_clustered_Emedium_V2.00_Hshort_PWbase_B0.10,1802033,15,1,1,10,0.6666666667,52.6507895179,0.0000000000,0.0000000000,0.0000000000,1.0000000000,18.2832999192,2.0965275764,True,,True
S0018_R07,n15_p0.75_d1_clustered_Emedium_V2.00_Hshort_PWbase_B0.10,1802033,15,2,1,10,0.6666666667,52.6507895179,0.0000000000,0.0000000000,0.0000000000,1.0000000000,18.2832999192,0.9097032547,True,,False
S0018_R07,n15_p0.75_d1_clustered_Emedium_V2.00_Hshort_PWbase_B0.10,1802033,15,3,1,10,0.6666666667,52.6507895179,0.0000000000,0.0000000000,0.0000000000,1.0000000000,18.2832999192,0.8246793747,True,,False
S0018_R08,n15_p0.75_d1_clustered_Emedium_V2.00_Hshort_PWbase_B0.10,1802034,15,0,0,0,0.0000000000,9575.4608605827,9492.8883529769,93.7285628448,68.7144014154,0.0000000000,106.7796953248,0.0038168430,True,,False
S0018_R08,n15_p0.75_d1_clustered_Emedium_V2.00_Hshort_PWbase_B0.10,1802034,15,1,1,6,0.4000000000,50.1496198159,0.0000000000,0.0000000000,0.0000000000,1.0000000000,32.6894705907,1.6094169617,True,,True
S0018_R08,n15_p0.75_d1_clustered_Emedium_V2.00_Hshort_PWbase_B0.10,1802034,15,2,1,6,0.4000000000,50.1496198159,0.0000000000,0.0000000000,0.0000000000,1.0000000000,32.6894705907,0.7586865425,True,,False
S0018_R08,n15_p0.75_d1_clustered_Emedium_V2.00_Hshort_PWbase_B0.10,1802034,15,3,1,6,0.4000000000,50.1496198159,0.0000000000,0.0000000000,0.0000000000,1.0000000000,32.6894705907,0.8997416496,True,,False
S0018_R09,n15_p0.75_d1_clustered_Emedium_V2.00_Hshort_PWbase_B0.10,1802035,15,0,0,0,0.0000000000,444.6037702885,373.1408329464,2.4343910225,2.4343910225,0.0000000000,62.6271999841,0.0043106079,True,,False
S0018_R09,n15_p0.75_d1_clustered_Emedium_V2.00_Hshort_PWbase_B0.10,1802035,15,1,1,5,0.3333333333,47.4745036411,0.0000000000,0.0000000000,0.0000000000,1.0000000000,10.5751566388,2.5595266819,True,,True
S0018_R09,n15_p0.75_d1_clustered_Emedium_V2.00_Hshort_PWbase_B0.10,1802035,15,2,1,5,0.3333333333,47.4745036411,0.0000000000,0.0000000000,0.0000000000,1.0000000000,10.5751566388,0.8078684807,True,,False
S0018_R09,n15_p0.75_d1_clustered_Emedium_V2.00_Hshort_PWbase_B0.10,1802035,15,3,1,5,0.3333333333,47.4745036411,0.0000000000,0.0000000000,0.0000000000,1.0000000000,10.5751566388,1.0322260857,True,,False
S0018_R10,n15_p0.75_d1_clustered_Emedium_V2.00_Hshort_PWbase_B0.10,1802036,15,0,0,0,0.0000000000,6334.6470899394,6269.7494028732,62.6974940287,34.2248063518,0.5000000000,67.0868888837,0.0039575100,True,,False
S0018_R10,n15_p0.75_d1_clustered_Emedium_V2.00_Hshort_PWbase_B0.10,1802036,15,1,1,6,0.4000000000,49.7225112909,0.0000000000,0.0000000000,0.0000000000,1.0000000000,21.9498296036,1.7573306561,True,,True
S0018_R10,n15_p0.75_d1_clustered_Emedium_V2.00_Hshort_PWbase_B0.10,1802036,15,2,1,6,0.4000000000,49.7225112909,0.0000000000,0.0000000000,0.0000000000,1.0000000000,21.9498296036,0.7983109951,True,,False
S0018_R10,n15_p0.75_d1_clustered_Emedium_V2.00_Hshort_PWbase_B0.10,1802036,15,3,1,6,0.4000000000,49.7225112909,0.0000000000,0.0000000000,0.0000000000,1.0000000000,21.9498296036,0.8750283718,True,,False
S0019_R01,n15_p0.75_d1_clustered_Emedium_V2.00_Hshort_PWstrict_B0.10,1902027,15,0,0,0,0.0000000000,15446.4177022333,15374.3631642508,75.8648599513,41.5845611536,0.0000000000,97.8501451478,0.0043196678,True,,False
S0019_R01,n15_p0.75_d1_clustered_Emedium_V2.00_Hshort_PWstrict_B0.10,1902027,15,1,1,10,0.6666666667,45.1861631329,0.0000000000,0.0000000000,0.0000000000,1.0000000000,14.5900322320,2.4070680141,True,,True
S0019_R01,n15_p0.75_d1_clustered_Emedium_V2.00_Hshort_PWstrict_B0.10,1902027,15,2,1,10,0.6666666667,45.1861631329,0.0000000000,0.0000000000,0.0000000000,1.0000000000,14.5900322320,1.0546114445,True,,False
S0019_R01,n15_p0.75_d1_clustered_Emedium_V2.00_Hshort_PWstrict_B0.10,1902027,15,3,1,10,0.6666666667,45.1861631329,0.0000000000,0.0000000000,0.0000000000,1.0000000000,14.5900322320,1.1772825718,True,,False
S0019_R02,n15_p0.75_d1_clustered_Emedium_V2.00_Hshort_PWstrict_B0.10,1902028,15,0,0,0,0.0000000000,17011.4626832342,16948.6081610527,84.7430408053,54.6324275254,0.0000000000,102.3438125331,0.0188634396,True,,False
S0019_R02,n15_p0.75_d1_clustered_Emedium_V2.00_Hshort_PWstrict_B0.10,1902028,15,1,1,4,0.2666666667,48.6138266072,0.0000000000,0.0000000000,0.0000000000,1.0000000000,11.3185188930,2.6669561863,True,,True
S0019_R02,n15_p0.75_d1_clustered_Emedium_V2.00_Hshort_PWstrict_B0.10,1902028,15,2,1,4,0.2666666667,48.6138266072,0.0000000000,0.0000000000,0.0000000000,1.0000000000,11.3185188930,1.0348880291,True,,False
S0019_R02,n15_p0.75_d1_clustered_Emedium_V2.00_Hshort_PWstrict_B0.10,1902028,15,3,1,4,0.2666666667,48.6138266072,0.0000000000,0.0000000000,0.0000000000,1.0000000000,11.3185188930,1.2718575001,True,,False
S0019_R03,n15_p0.75_d1_clustered_Emedium_V2.00_Hshort_PWstrict_B0.10,1902029,15,0,0,0,0.0000000000,35376.7015324409,35303.0610380498,172.7988178410,63.5998555926,0.2500000000,98.3996579130,0.0040960312,True,,False
S0019_R03,n15_p0.75_d1_clustered_Emedium_V2.00_Hshort_PWstrict_B0.10,1902029,15,1,1,4,0.2666666667,49.7751557802,0.0000000000,0.0000000000,0.0000000000,1.0000000000,26.5710096560,2.3644275665,True,,True
S0019_R03,n15_p0.75_d1_clustered_Emedium_V2.00_Hshort_PWstrict_B0.10,1902029,15,2,1,4,0.2666666667,49.7751557802,0.0000000000,0.0000000000,0.0000000000,1.0000000000,26.5710096560,1.1344645023,True,,False
S0019_R03,n15_p0.75_d1_clustered_Emedium_V2.00_Hshort_PWstrict_B0.10,1902029,15,3,1,4,0.2666666667,49.7751557802,0.0000000000,0.0000000000,0.0000000000,1.0000000000,26.5710096560,1.2686483860,True,,False
S0019_R04,n15_p0.75_d1_clustered_Emedium_V2.00_Hshort_PWstrict_B0.10,1902030,15,0,0,0,0.0000000000,3053.1220510317,2986.9780575514,14.9348902878,10.4544232014,0.7500000000,44.9912678169,0.0040729046,True,,False
S0019_R04,n15_p0.75_d1_clustered_Emedium_V2.00_Hshort_PWstrict_B0.10,1902030,15,1,1,9,0.6000000000,49.3817736452,0.0000000000,0.0000000000,0.0000000000,1.0000000000,29.0830405970,2.9095385075,True,,True
S0019_R04,n15_p0.75_d1_clustered_Emedium_V2.00_Hshort_PWstrict_B0.10,1902030,15,2,1,9,0.6000000000,49.3817736452,0.0000000000,0.0000000000,0.0000000000,1.0000000000,29.0830405970,1.3375680447,True,,False
S0019_R04,n15_p0.75_d1_clustered_Emedium_V2.00_Hshort_PWstrict_B0.10,1902030,15,3,1,9,0.6000000000,49.3817736452,0.0000000000,0.0000000000,0.0000000000,1.0000000000,29.0830405970,0.9070193768,True,,False
S0019_R05,n15_p0.75_d1_clustered_Emedium_V2.00_Hshort_PWstrict_B0.10,1902031,15,0,0,0,0.0000000000,61.9970756082,0.0000000000,0.0000000000,0.0000000000,1.0000000000,48.1813467299,0.0040047169,True,,False
S0019_R05,n15_p0.75_d1_clustered_Emedium_V2.00_Hshort_PWstrict_B0.10,1902031,15,1,1,9,0.6000000000,47.4323296811,0.0000000000,0.0000000000,0.0000000000,1.0000000000,31.0503826753,2.7546453476,True,,True
S0019_R05,n15_p0.75_d1_clustered_Emedium_V2.00_Hshort_PWstrict_B0.10,1902031,15,2,1,9,0.6000000000,47.4323296811,0.0000000000,0.0000000000,0.0000000000,1.0000000000,31.0503826753,1.1418554783,True,,False
S0019_R05,n15_p0.75_d1_clustered_Emedium_V2.00_Hshort_PWstrict_B0.10,1902031,15,3,1,9,0.6000000000,47.4323296811,0.0000000000,0.0000000000,0.0000000000,1.0000000000,31.0503826753,1.3556032181,True,,False
S0019_R06,n15_p0.75_d1_clustered_Emedium_V2.00_Hshort_PWstrict_B0.10,1902032,15,0,0,0,0.0000000000,7174.3935560232,7110.6654447094,35.5533272235,19.9345651552,0.3333333333,67.2368762304,0.0040292740,True,,False
S0019_R06,n15_p0.75_d1_clustered_Emedium_V2.00_Hshort_PWstrict_B0.10,1902032,15,1,1,10,0.6666666667,45.8080205302,0.0000000000,0.0000000000,0.0000000000,1.0000000000,37.5538994579,2.4329509735,True,,True
S0019_R06,n15_p0.75_d1_clustered_Emedium_V2.00_Hshort_PWstrict_B0.10,1902032,15,2,1,10,0.6666666667,45.8080205302,0.0000000000,0.0000000000,0.0000000000,1.0000000000,37.5538994579,1.1990897655,True,,False
S0019_R06,n15_p0.75_d1_clustered_Emedium_V2.00_Hshort_PWstrict_B0.10,1902032,15,3,1,10,0.6666666667,45.8080205302,0.0000000000,0.0000000000,0.0000000000,1.0000000000,37.5538994579,1.2479341030,True,,False
S0019_R07,n15_p0.75_d1_clustered_Emedium_V2.00_Hshort_PWstrict_B0.10,1902033,15,0,0,0,0.0000000000,64.0503791526,0.0000000000,0.0000000000,0.0000000000,1.0000000000,52.1319725199,0.0059380531,True,,False
S0019_R07,n15_p0.75_d1_clustered_Emedium_V2.00_Hshort_PWstrict_B0.10,1902033,15,1,1,5,0.3333333333,47.1247100036,0.0000000000,0.0000000000,0.0000000000,1.0000000000,20.6950307658,1.1878430843,True,,True
S0019_R07,n15_p0.75_d1_clustered_Emedium_V2.00_Hshort_PWstrict_B0.10,1902033,15,2,1,5,0.3333333333,47.1247100036,0.0000000000,0.0000000000,0.0000000000,1.0000000000,20.6950307658,0.9813952446,True,,False
S0019_R07,n15_p0.75_d1_clustered_Emedium_V2.00_Hshort_PWstrict_B0.10,1902033,15,3,1,5,0.3333333333,47.1247100036,0.0000000000,0.0000000000,0.0000000000,1.0000000000,20.6950307658,1.0302386284,True,,False
S0019_R08,n15_p0.75_d1_clustered_Emedium_V2.00_Hshort_PWstrict_B0.10,1902034,15,0,0,0,0.0000000000,15624.0739217496,15540.0805357291,76.4723421855,68.8251079669,0.5000000000,90.4043936751,0.0038771629,True,,False
S0019_R08,n15_p0.75_d1_clustered_Emedium_V2.00_Hshort_PWstrict_B0.10,1902034,15,1,1,9,0.6000000000,54.8039837959,0.0000000000,0.0000000000,0.0000000000,1.0000000000,21.2187435873,2.7749285698,True,,True
S0019_R08,n15_p0.75_d1_clustered_Emedium_V2.00_Hshort_PWstrict_B0.10,1902034,15,2,1,9,0.6000000000,54.8039837959,0.0000000000,0.0000000000,0.0000000000,1.0000000000,21.2187435873,0.9294438362,True,,False
S0019_R08,n15_p0.75_d1_clustered_Emedium_V2.00_Hshort_PWstrict_B0.10,1902034,15,3,1,9,0.6000000000,54.8039837959,0.0000000000,0.0000000000,0.0000000000,1.0000000000,21.2187435873,1.0904400349,True,,False
S0019_R09,n15_p0.75_d1_clustered_Emedium_V2.00_Hshort_PWstrict_B0.10,1902035,15,0,0,0,0.0000000000,30387.3193869299,30317.8948129702,151.5894740649,60.4026753122,0.0000000000,110.4452547230,0.0040240288,True,,False
S0019_R09,n15_p0.75_d1_clustered_Emedium_V2.00_Hshort_PWstrict_B0.10,1902035,15,1,1,7,0.4666666667,47.5171213975,0.0000000000,0.0000000000,0.0000000000,1.0000000000,16.5454419234,2.4149703979,True,,True
S0019_R09,n15_p0.75_d1_clustered_Emedium_V2.00_Hshort_PWstrict_B0.10,1902035,15,2,1,7,0.4666666667,47.5171213975,0.0000000000,0.0000000000,0.0000000000,1.0000000000,16.5454419234,1.0478737354,True,,False
S0019_R09,n15_p0.75_d1_clustered_Emedium_V2.00_Hshort_PWstrict_B0.10,1902035,15,3,1,7,0.4666666667,47.5171213975,0.0000000000,0.0000000000,0.0000000000,1.0000000000,16.5454419234,0.9597041607,True,,False
S0019_R10,n15_p0.75_d1_clustered_Emedium_V2.00_Hshort_PWstrict_B0.10,1902036,15,0,0,0,0.0000000000,18707.6808974057,18631.6898293970,86.0832907050,43.8480620120,0.0000000000,88.7309480050,0.0062546730,True,,False
S0019_R10,n15_p0.75_d1_clustered_Emedium_V2.00_Hshort_PWstrict_B0.10,1902036,15,1,1,10,0.6666666667,49.5381393790,0.0000000000,0.0000000000,0.0000000000,1.0000000000,24.2442415653,2.2369413376,True,,True
S0019_R10,n15_p0.75_d1_clustered_Emedium_V2.00_Hshort_PWstrict_B0.10,1902036,15,2,1,10,0.6666666667,49.5381393790,0.0000000000,0.0000000000,0.0000000000,1.0000000000,24.2442415653,1.0675859451,True,,False
S0019_R10,n15_p0.75_d1_clustered_Emedium_V2.00_Hshort_PWstrict_B0.10,1902036,15,3,1,10,0.6666666667,49.5381393790,0.0000000000,0.0000000000,0.0000000000,1.0000000000,24.2442415653,1.1758873463,True,,False
S0020_R01,n15_p0.75_d1_uniform_Ehigh_V1.25_Hmedium_PWflat_B0.10,2002027,15,0,0,0,0.0000000000,284.8768966565,116.4176090264,116.4176090264,59.1021503579,0.3333333333,91.3006487521,0.0046987534,True,,False
S0020_R01,n15_p0.75_d1_uniform_Ehigh_V1.25_Hmedium_PWflat_B0.10,2002027,15,1,1,4,0.2666666667,149.5825381813,0.0000000000,0.0000000000,0.0000000000,1.0000000000,39.6900350666,1.1398255825,True,,True
S0020_R01,n15_p0.75_d1_uniform_Ehigh_V1.25_Hmedium_PWflat_B0.10,2002027,15,2,2,8,0.5333333333,140.3328953339,0.0000000000,0.0000000000,0.0000000000,1.0000000000,39.5078057423,0.4778056145,True,,False
S0020_R01,n15_p0.75_d1_uniform_Ehigh_V1.25_Hmedium_PWflat_B0.10,2002027,15,3,3,10,0.6666666667,126.6131768119,0.0000000000,0.0000000000,0.0000000000,1.0000000000,39.5078057423,0.9754977226,True,,False
S0020_R02,n15_p0.75_d1_uniform_Ehigh_V1.25_Hmedium_PWflat_B0.10,2002028,15,0,0,0,0.0000000000,132.0036574825,0.0000000000,0.0000000000,0.0000000000,1.0000000000,25.0151981360,0.0048465729,True,,False
S0020_R02,n15_p0.75_d1_uniform_Ehigh_V1.25_Hmedium_PWflat_B0.10,2002028,15,1,1,7,0.4666666667,78.4840171737,0.0000000000,0.0000000000,0.0000000000,1.0000000000,14.7150497935,2.1093025208,True,,True
S0020_R02,n15_p0.75_d1_uniform_Ehigh_V1.25_Hmedium_PWflat_B0.10,2002028,15,2,2,9,0.6000000000,75.5080219615,0.0000000000,0.0000000000,0.0000000000,1.0000000000,11.2667221700,0.8292093277,True,,False
S0020_R02,n15_p0.75_d1_uniform_Ehigh_V1.25_Hmedium_PWflat_B0.10,2002028,15,3,2,9,0.6000000000,75.5080219615,0.0000000000,0.0000000000,0.0000000000,1.0000000000,11.2667221700,0.9521350861,True,,False
S0020_R03,n15_p0.75_d1_uniform_Ehigh_V1.25_Hmedium_PWflat_B0.10,2002029,15,0,0,0,0.0000000000,518.8994075773,356.0373980737,285.4811386148,154.0353134703,0.5000000000,120.3752885780,0.0047116280,True,,False
S0020_R03,n15_p0.75_d1_uniform_Ehigh_V1.25_Hmedium_PWflat_B0.10,2002029,15,1,1,5,0.3333333333,79.7041030032,0.0000000000,0.0000000000,0.0000000000,1.0000000000,35.0933643249,1.6542422771,True,,True
S0020_R03,n15_p0.75_d1_uniform_Ehigh_V1.25_Hmedium_PWflat_B0.10,2002029,15,2,1,5,0.3333333333,79.7041030032,0.0000000000,0.0000000000,0.0000000000,1.0000000000,35.0933643249,0.7711720467,True,,False
S0020_R03,n15_p0.75_d1_uniform_Ehigh_V1.25_Hmedium_PWflat_B0.10,2002029,15,3,1,5,0.3333333333,79.7041030032,0.0000000000,0.0000000000,0.0000000000,1.0000000000,35.0933643249,0.8534717560,True,,False
S0020_R04,n15_p0.75_d1_uniform_Ehigh_V1.25_Hmedium_PWflat_B0.10,2002030,15,0,0,0,0.0000000000,189.4638604633,30.4755087863,30.4755087863,27.4279579076,0.5000000000,72.5035023481,0.0048184395,True,,False
S0020_R04,n15_p0.75_d1_uniform_Ehigh_V1.25_Hmedium_PWflat_B0.10,2002030,15,1,1,5,0.3333333333,125.0793348825,0.0000000000,0.0000000000,0.0000000000,1.0000000000,43.9693825288,2.1231861115,True,,True
S0020_R04,n15_p0.75_d1_uniform_Ehigh_V1.25_Hmedium_PWflat_B0.10,2002030,15,2,1,5,0.3333333333,126.7637238481,0.0000000000,0.0000000000,0.0000000000,1.0000000000,45.7146039872,0.6199004650,True,,False
S0020_R04,n15_p0.75_d1_uniform_Ehigh_V1.25_Hmedium_PWflat_B0.10,2002030,15,3,1,5,0.3333333333,126.7637238481,0.0000000000,0.0000000000,0.0000000000,1.0000000000,45.7146039872,0.5699360371,True,,False
S0020_R05,n15_p0.75_d1_uniform_Ehigh_V1.25_Hmedium_PWflat_B0.10,2002031,15,0,0,0,0.0000000000,171.6743930223,4.6708658470,4.6708658470,4.2037792623,0.5000000000,47.3284662228,0.0048685074,True,,False
S0020_R05,n15_p0.75_d1_uniform_Ehigh_V1.25_Hmedium_PWflat_B0.10,2002031,15,1,1,4,0.2666666667,142.8104473283,5.9973475788,5.9973475788,5.3976128209,0.5000000000,47.6162682729,1.4506993294,True,,True
S0020_R05,n15_p0.75_d1_uniform_Ehigh_V1.25_Hmedium_PWflat_B0.10,2002031,15,2,2,7,0.4666666667,141.3311836201,5.9973475788,5.9973475788,5.3976128209,0.5000000000,47.6162682729,0.4124503136,True,,False
S0020_R05,n15_p0.75_d1_uniform_Ehigh_V1.25_Hmedium_PWflat_B0.10,2002031,15,3,2,7,0.4666666667,141.3311836201,5.9973475788,5.9973475788,5.3976128209,0.5000000000,47.6162682729,0.5291059017,True,,False
S0020_R06,n15_p0.75_d1_uniform_Ehigh_V1.25_Hmedium_PWflat_B0.10,2002032,15,0,0,0,0.0000000000,160.6850641204,12.6386411416,0.4510807807,0.4059727026,0.5000000000,56.2702610706,0.0043239594,True,,False
S0020_R06,n15_p0.75_d1_uniform_Ehigh_V1.25_Hmedium_PWflat_B0.10,2002032,15,1,1,2,0.1333333333,112.1085522988,0.0000000000,0.0000000000,0.0000000000,1.0000000000,40.2434611000,0.9303977489,True,,True
S0020_R06,n15_p0.75_d1_uniform_Ehigh_V1.25_Hmedium_PWflat_B0.10,2002032,15,2,2,6,0.4000000000,106.8692454168,0.0000000000,0.0000000000,0.0000000000,1.0000000000,40.2434611000,0.7094976902,True,,False
S0020_R06,n15_p0.75_d1_uniform_Ehigh_V1.25_Hmedium_PWflat_B0.10,2002032,15,3,2,7,0.4666666667,107.0274674503,0.0000000000,0.0000000000,0.0000000000,1.0000000000,40.2434611000,0.6266975403,True,,False
S0020_R07,n15_p0.75_d1_uniform_Ehigh_V1.25_Hmedium_PWflat_B0.10,2002033,15,0,0,0,0.0000000000,207.3551962257,58.3022999189,54.8676687951,31.4617484948,0.5000000000,63.2179365799,0.0046677589,True,,False
S0020_R07,n15_p0.75_d1_uniform_Ehigh_V1.25_Hmedium_PWflat_B0.10,2002033,15,1,1,2,0.1333333333,130.2136686018,0.0000000000,0.0000000000,0.0000000000,1.0000000000,43.2195893285,2.0068285465,True,,True
S0020_R07,n15_p0.75_d1_uniform_Ehigh_V1.25_Hmedium_PWflat_B0.10,2002033,15,2,2,7,0.4666666667,116.4509638366,0.0000000000,0.0000000000,0.0000000000,1.0000000000,23.4926303629,0.4292814732,True,,False
S0020_R07,n15_p0.75_d1_uniform_Ehigh_V1.25_Hmedium_PWflat_B0.10,2002033,15,3,2,6,0.4000000000,115.5511627692,0.0000000000,0.0000000000,0.0000000000,1.0000000000,32.4701128952,0.9047696590,True,,False
S0020_R08,n15_p0.75_d1_uniform_Ehigh_V1.25_Hmedium_PWflat_B0.10,2002034,15,0,0,0,0.0000000000,298.7842841981,131.4547218807,131.4547218807,118.3092496927,0.5000000000,124.7517426028,0.0045042038,True,,False
S0020_R08,n15_p0.75_d1_uniform_Ehigh_V1.25_Hmedium_PWflat_B0.10,2002034,15,1,1,2,0.1333333333,118.6756892480,0.0000000000,0.0000000000,0.0000000000,1.0000000000,32.4194794745,1.0964064598,True,,True
S0020_R08,n15_p0.75_d1_uniform_Ehigh_V1.25_Hmedium_PWflat_B0.10,2002034,15,2,1,2,0.1333333333,118.6756892480,0.0000000000,0.0000000000,0.0000000000,1.0000000000,32.4194794745,0.5003926754,True,,False
S0020_R08,n15_p0.75_d1_uniform_Ehigh_V1.25_Hmedium_PWflat_B0.10,2002034,15,3,1,2,0.1333333333,118.6756892480,0.0000000000,0.0000000000,0.0000000000,1.0000000000,32.4194794745,0.5249667168,True,,False
S0020_R09,n15_p0.75_d1_uniform_Ehigh_V1.25_Hmedium_PWflat_B0.10,2002035,15,0,0,0,0.0000000000,226.9694053651,72.8709894357,0.0000000000,0.0000000000,1.0000000000,38.6816386152,0.0138144493,True,,False
S0020_R09,n15_p0.75_d1_uniform_Ehigh_V1.25_Hmedium_PWflat_B0.10,2002035,15,1,1,6,0.4000000000,83.2156049580,0.0000000000,0.0000000000,0.0000000000,1.0000000000,18.4309423250,2.0590472221,True,,True
S0020_R09,n15_p0.75_d1_uniform_Ehigh_V1.25_Hmedium_PWflat_B0.10,2002035,15,2,1,6,0.4000000000,83.2156049580,0.0000000000,0.0000000000,0.0000000000,1.0000000000,18.4309423250,0.9294912815,True,,False
S0020_R09,n15_p0.75_d1_uniform_Ehigh_V1.25_Hmedium_PWflat_B0.10,2002035,15,3,1,7,0.4666666667,85.0488209376,0.0000000000,0.0000000000,0.0000000000,1.0000000000,18.4309423250,0.6163058281,True,,False
S0020_R10,n15_p0.75_d1_uniform_Ehigh_V1.25_Hmedium_PWflat_B0.10,2002036,15,0,0,0,0.0000000000,422.3233052019,262.4808327399,171.5693423310,117.3232547457,0.3333333333,98.4382316835,0.0052044392,True,,False
S0020_R10,n15_p0.75_d1_uniform_Ehigh_V1.25_Hmedium_PWflat_B0.10,2002036,15,1,1,4,0.2666666667,116.7832854180,0.0000000000,0.0000000000,0.0000000000,1.0000000000,14.9042231219,1.8431525230,True,,True
S0020_R10,n15_p0.75_d1_uniform_Ehigh_V1.25_Hmedium_PWflat_B0.10,2002036,15,2,1,5,0.3333333333,116.7834499554,0.0000000000,0.0000000000,0.0000000000,1.0000000000,14.5405917702,0.6063942909,True,,False
S0020_R10,n15_p0.75_d1_uniform_Ehigh_V1.25_Hmedium_PWflat_B0.10,2002036,15,3,1,5,0.3333333333,116.7834499554,0.0000000000,0.0000000000,0.0000000000,1.0000000000,14.5405917702,0.6289906502,True,,False
S0021_R01,n15_p0.75_d1_uniform_Ehigh_V1.25_Hmedium_PWmoderate_B0.10,2102027,15,0,0,0,0.0000000000,501.2496594679,317.2882982056,7.8916171940,7.8916171940,0.0000000000,67.7475521415,0.0047111511,True,,False
S0021_R01,n15_p0.75_d1_uniform_Ehigh_V1.25_Hmedium_PWmoderate_B0.10,2102027,15,1,1,5,0.3333333333,313.8413470213,174.9404828894,8.7470241445,8.7470241445,0.0000000000,68.6029590920,2.1035008430,True,,True
S0021_R01,n15_p0.75_d1_uniform_Ehigh_V1.25_Hmedium_PWmoderate_B0.10,2102027,15,2,2,9,0.6000000000,293.8190341270,157.8323438793,7.8916171940,7.8916171940,0.0000000000,67.7475521415,0.6224107742,True,,False
S0021_R01,n15_p0.75_d1_uniform_Ehigh_V1.25_Hmedium_PWmoderate_B0.10,2102027,15,3,2,9,0.6000000000,293.8190341270,157.8323438793,7.8916171940,7.8916171940,0.0000000000,67.7475521415,0.7676224709,True,,False
S0021_R02,n15_p0.75_d1_uniform_Ehigh_V1.25_Hmedium_PWmoderate_B0.10,2102028,15,0,0,0,0.0000000000,375.1790879004,225.8937949911,11.2946897496,10.1652207746,0.5000000000,64.4468911888,0.0223863125,True,,False
S0021_R02,n15_p0.75_d1_uniform_Ehigh_V1.25_Hmedium_PWmoderate_B0.10,2102028,15,1,1,6,0.4000000000,130.9071865379,0.0000000000,0.0000000000,0.0000000000,1.0000000000,51.4468799028,0.6191380024,True,,True
S0021_R02,n15_p0.75_d1_uniform_Ehigh_V1.25_Hmedium_PWmoderate_B0.10,2102028,15,2,1,5,0.3333333333,134.4641448031,0.0000000000,0.0000000000,0.0000000000,1.0000000000,52.1460848051,0.4190201759,True,,False
S0021_R02,n15_p0.75_d1_uniform_Ehigh_V1.25_Hmedium_PWmoderate_B0.10,2102028,15,3,1,5,0.3333333333,134.4641448031,0.0000000000,0.0000000000,0.0000000000,1.0000000000,52.1460848051,0.3681309223,True,,False
S0021_R03,n15_p0.75_d1_uniform_Ehigh_V1.25_Hmedium_PWmoderate_B0.10,2102029,15,0,0,0,0.0000000000,1141.9889709741,980.3127522669,49.0156376133,44.1140738520,0.5000000000,79.4752843345,0.0048117638,True,,False
S0021_R03,n15_p0.75_d1_uniform_Ehigh_V1.25_Hmedium_PWmoderate_B0.10,2102029,15,1,1,3,0.2000000000,142.3498568107,0.0000000000,0.0000000000,0.0000000000,1.0000000000,34.9660491659,1.2690362930,True,,True
S0021_R03,n15_p0.75_d1_uniform_Ehigh_V1.25_Hmedium_PWmoderate_B0.10,2102029,15,2,2,7,0.4666666667,133.0563404674,0.0000000000,0.0000000000,0.0000000000,1.0000000000,34.4732817938,0.6989107132,True,,False
S0021_R03,n15_p0.75_d1_uniform_Ehigh_V1.25_Hmedium_PWmoderate_B0.10,2102029,15,3,2,7,0.4666666667,133.0563404674,0.0000000000,0.0000000000,0.0000000000,1.0000000000,34.4732817938,0.8343527317,True,,False
S0021_R04,n15_p0.75_d1_uniform_Ehigh_V1.25_Hmedium_PWmoderate_B0.10,2102030,15,0,0,0,0.0000000000,813.8540557359,611.6083793220,1.1828920585,1.0646028526,0.5000000000,38.6931793317,0.0081505775,True,,False
S0021_R04,n15_p0.75_d1_uniform_Ehigh_V1.25_Hmedium_PWmoderate_B0.10,2102030,15,1,1,3,0.2000000000,149.6770352511,0.0000000000,0.0000000000,0.0000000000,1.0000000000,28.5155055553,1.3693733215,True,,True
S0021_R04,n15_p0.75_d1_uniform_Ehigh_V1.25_Hmedium_PWmoderate_B0.10,2102030,15,2,2,9,0.6000000000,133.3752298774,0.0000000000,0.0000000000,0.0000000000,1.0000000000,17.2431044484,0.4131619930,True,,False
S0021_R04,n15_p0.75_d1_uniform_Ehigh_V1.25_Hmedium_PWmoderate_B0.10,2102030,15,3,2,5,0.3333333333,134.8359028013,0.0000000000,0.0000000000,0.0000000000,1.0000000000,25.3604034874,0.5422763824,True,,False
S0021_R05,n15_p0.75_d1_uniform_Ehigh_V1.25_Hmedium_PWmoderate_B0.10,2102031,15,0,0,0,0.0000000000,1044.7754562265,889.1975073433,44.4598753672,25.2102971092,0.0000000000,74.8440255095,0.0050027370,True,,False
S0021_R05,n15_p0.75_d1_uniform_Ehigh_V1.25_Hmedium_PWmoderate_B0.10,2102031,15,1,1,3,0.2000000000,117.4653162372,0.0000000000,0.0000000000,0.0000000000,1.0000000000,29.5105603883,1.4303452969,True,,True
S0021_R05,n15_p0.75_d1_uniform_Ehigh_V1.25_Hmedium_PWmoderate_B0.10,2102031,15,2,2,7,0.4666666667,114.4248268776,0.0000000000,0.0000000000,0.0000000000,1.0000000000,29.5105603883,0.4161555767,True,,False
S0021_R05,n15_p0.75_d1_uniform_Ehigh_V1.25_Hmedium_PWmoderate_B0.10,2102031,15,3,2,6,0.4000000000,114.0132949163,0.0000000000,0.0000000000,0.0000000000,1.0000000000,29.5105603883,0.8946361542,True,,False
S0021_R06,n15_p0.75_d1_uniform_Ehigh_V1.25_Hmedium_PWmoderate_B0.10,2102032,15,0,0,0,0.0000000000,152.4657979468,0.0000000000,0.0000000000,0.0000000000,,,0.0045936108,True,,False
S0021_R06,n15_p0.75_d1_uniform_Ehigh_V1.25_Hmedium_PWmoderate_B0.10,2102032,15,1,1,5,0.3333333333,113.7291200668,0.0000000000,0.0000000000,0.0000000000,,,1.0045468807,True,,True
S0021_R06,n15_p0.75_d1_uniform_Ehigh_V1.25_Hmedium_PWmoderate_B0.10,2102032,15,2,2,10,0.6666666667,105.0255500261,0.0000000000,0.0000000000,0.0000000000,,,0.4001228809,True,,False
S0021_R06,n15_p0.75_d1_uniform_Ehigh_V1.25_Hmedium_PWmoderate_B0.10,2102032,15,3,2,9,0.6000000000,100.8844555825,0.0000000000,0.0000000000,0.0000000000,,,0.8298215866,True,,False
S0021_R07,n15_p0.75_d1_uniform_Ehigh_V1.25_Hmedium_PWmoderate_B0.10,2102033,15,0,0,0,0.0000000000,2271.7055938787,2110.3931272952,20.1560100374,20.1560100374,0.0000000000,80.1840239894,0.0046119690,True,,False
S0021_R07,n15_p0.75_d1_uniform_Ehigh_V1.25_Hmedium_PWmoderate_B0.10,2102033,15,1,1,5,0.3333333333,115.3324209081,0.0000000000,0.0000000000,0.0000000000,1.0000000000,31.4507875450,1.2238059044,True,,True
S0021_R07,n15_p0.75_d1_uniform_Ehigh_V1.25_Hmedium_PWmoderate_B0.10,2102033,15,2,2,7,0.4666666667,115.2565049038,0.0000000000,0.0000000000,0.0000000000,1.0000000000,29.7699862557,0.5196163654,True,,False
S0021_R07,n15_p0.75_d1_uniform_Ehigh_V1.25_Hmedium_PWmoderate_B0.10,2102033,15,3,2,6,0.4000000000,112.0910105276,0.0000000000,0.0000000000,0.0000000000,1.0000000000,29.7699862557,1.0670001507,True,,False
S0021_R08,n15_p0.75_d1_uniform_Ehigh_V1.25_Hmedium_PWmoderate_B0.10,2102034,15,0,0,0,0.0000000000,11559.0109676366,11346.4491083930,397.2778866591,202.4059189409,0.2500000000,155.0510177476,0.0089621544,True,,False
S0021_R08,n15_p0.75_d1_uniform_Ehigh_V1.25_Hmedium_PWmoderate_B0.10,2102034,15,1,1,6,0.4000000000,767.8534512177,638.4410916146,31.9220545807,22.3454382065,0.7500000000,46.3344024322,1.6168599129,True,,True
S0021_R08,n15_p0.75_d1_uniform_Ehigh_V1.25_Hmedium_PWmoderate_B0.10,2102034,15,2,2,10,0.6666666667,133.0757320264,0.0000000000,0.0000000000,0.0000000000,1.0000000000,33.5950345479,0.8002691269,True,,False
S0021_R08,n15_p0.75_d1_uniform_Ehigh_V1.25_Hmedium_PWmoderate_B0.10,2102034,15,3,2,10,0.6666666667,133.0757320264,0.0000000000,0.0000000000,0.0000000000,1.0000000000,33.5950345479,1.0058193207,True,,False
S0021_R09,n15_p0.75_d1_uniform_Ehigh_V1.25_Hmedium_PWmoderate_B0.10,2102035,15,0,0,0,0.0000000000,1603.4202634182,1456.5442254179,72.8272112709,36.4136056354,0.6666666667,59.2005666793,0.0042941570,True,,False
S0021_R09,n15_p0.75_d1_uniform_Ehigh_V1.25_Hmedium_PWmoderate_B0.10,2102035,15,1,1,4,0.2666666667,95.7753231659,0.0000000000,0.0000000000,0.0000000000,1.0000000000,37.3195705456,1.2320899963,True,,True
S0021_R09,n15_p0.75_d1_uniform_Ehigh_V1.25_Hmedium_PWmoderate_B0.10,2102035,15,2,1,4,0.2666666667,95.7753231659,0.0000000000,0.0000000000,0.0000000000,1.0000000000,37.3195705456,0.6667869091,True,,False
S0021_R09,n15_p0.75_d1_uniform_Ehigh_V1.25_Hmedium_PWmoderate_B0.10,2102035,15,3,1,4,0.2666666667,95.7753231659,0.0000000000,0.0000000000,0.0000000000,1.0000000000,37.3195705456,0.8324570656,True,,False
S0021_R10,n15_p0.75_d1_uniform_Ehigh_V1.25_Hmedium_PWmoderate_B0.10,2102036,15,0,0,0,0.0000000000,342.7792106559,185.4223237664,0.0000000000,0.0000000000,1.0000000000,27.1660612207,0.0175867081,True,,False
S0021_R10,n15_p0.75_d1_uniform_Ehigh_V1.25_Hmedium_PWmoderate_B0.10,2102036,15,1,1,5,0.3333333333,107.6111209844,0.0000000000,0.0000000000,0.0000000000,1.0000000000,24.7794883562,1.1756455898,True,,True
S0021_R10,n15_p0.75_d1_uniform_Ehigh_V1.25_Hmedium_PWmoderate_B0.10,2102036,15,2,1,5,0.3333333333,100.5036893737,0.0000000000,0.0000000000,0.0000000000,1.0000000000,26.5627135930,1.0148658752,True,,False
S0021_R10,n15_p0.75_d1_uniform_Ehigh_V1.25_Hmedium_PWmoderate_B0.10,2102036,15,3,1,5,0.3333333333,100.5036893737,0.0000000000,0.0000000000,0.0000000000,1.0000000000,26.5627135930,0.9335293770,True,,False
S0022_R01,n15_p0.75_d1_uniform_Ehigh_V2.00_Hshort_PWstrict_B0.10,2202027,15,0,0,0,0.0000000000,11544.2933655044,11428.0718779436,57.1403593897,29.0581379966,0.6000000000,55.9049155033,0.0207951069,True,,False
S0022_R01,n15_p0.75_d1_uniform_Ehigh_V2.00_Hshort_PWstrict_B0.10,2202027,15,1,1,5,0.3333333333,80.7899461375,0.0000000000,0.0000000000,0.0000000000,1.0000000000,24.3173820468,0.5086045265,True,,True
S0022_R01,n15_p0.75_d1_uniform_Ehigh_V2.00_Hshort_PWstrict_B0.10,2202027,15,2,1,5,0.3333333333,80.7899461375,0.0000000000,0.0000000000,0.0000000000,1.0000000000,24.3173820468,0.9000542164,True,,False
S0022_R01,n15_p0.75_d1_uniform_Ehigh_V2.00_Hshort_PWstrict_B0.10,2202027,15,3,1,5,0.3333333333,80.7899461375,0.0000000000,0.0000000000,0.0000000000,1.0000000000,24.3173820468,1.0651671886,True,,False
S0022_R02,n15_p0.75_d1_uniform_Ehigh_V2.00_Hshort_PWstrict_B0.10,2202028,15,0,0,0,0.0000000000,13738.7508382109,13579.7445928987,56.2327947027,50.6095152324,0.5000000000,74.6537125434,0.0050244331,True,,False
S0022_R02,n15_p0.75_d1_uniform_Ehigh_V2.00_Hshort_PWstrict_B0.10,2202028,15,1,1,5,0.3333333333,85.1678234630,0.0000000000,0.0000000000,0.0000000000,1.0000000000,29.7083514751,2.3021323681,True,,True
S0022_R02,n15_p0.75_d1_uniform_Ehigh_V2.00_Hshort_PWstrict_B0.10,2202028,15,2,1,5,0.3333333333,85.1678234630,0.0000000000,0.0000000000,0.0000000000,1.0000000000,29.7083514751,0.8758516312,True,,False
S0022_R02,n15_p0.75_d1_uniform_Ehigh_V2.00_Hshort_PWstrict_B0.10,2202028,15,3,1,5,0.3333333333,85.1678234630,0.0000000000,0.0000000000,0.0000000000,1.0000000000,29.7083514751,0.9472157955,True,,False
S0022_R03,n15_p0.75_d1_uniform_Ehigh_V2.00_Hshort_PWstrict_B0.10,2202029,15,0,0,0,0.0000000000,16586.5159214862,16414.2649947222,82.0713249736,55.1267130682,0.5000000000,69.2329801265,0.0048229694,True,,False
S0022_R03,n15_p0.75_d1_uniform_Ehigh_V2.00_Hshort_PWstrict_B0.10,2202029,15,1,1,8,0.5333333333,118.3994334345,0.0000000000,0.0000000000,0.0000000000,1.0000000000,34.3834143318,1.0450382233,True,,True
S0022_R03,n15_p0.75_d1_uniform_Ehigh_V2.00_Hshort_PWstrict_B0.10,2202029,15,2,2,11,0.7333333333,124.1365587024,0.0000000000,0.0000000000,0.0000000000,1.0000000000,32.0933365398,0.3973231316,True,,False
S0022_R03,n15_p0.75_d1_uniform_Ehigh_V2.00_Hshort_PWstrict_B0.10,2202029,15,3,2,11,0.7333333333,124.1365587024,0.0000000000,0.0000000000,0.0000000000,1.0000000000,32.0933365398,0.4793498516,True,,False
S0022_R04,n15_p0.75_d1_uniform_Ehigh_V2.00_Hshort_PWstrict_B0.10,2202030,15,0,0,0,0.0000000000,17364.2335325100,17228.7120813976,86.1435604070,44.9254534286,0.6000000000,56.8892696024,0.0108540058,True,,False
S0022_R04,n15_p0.75_d1_uniform_Ehigh_V2.00_Hshort_PWstrict_B0.10,2202030,15,1,1,9,0.6000000000,85.8258859508,0.0000000000,0.0000000000,0.0000000000,1.0000000000,28.2521949780,2.4635105133,True,,True
S0022_R04,n15_p0.75_d1_uniform_Ehigh_V2.00_Hshort_PWstrict_B0.10,2202030,15,2,1,9,0.6000000000,85.8258859508,0.0000000000,0.0000000000,0.0000000000,1.0000000000,28.2521949780,0.9559166431,True,,False
S0022_R04,n15_p0.75_d1_uniform_Ehigh_V2.00_Hshort_PWstrict_B0.10,2202030,15,3,1,9,0.6000000000,85.8258859508,0.0000000000,0.0000000000,0.0000000000,1.0000000000,28.2521949780,1.2898399830,True,,False
S0022_R05,n15_p0.75_d1_uniform_Ehigh_V2.00_Hshort_PWstrict_B0.10,2202031,15,0,0,0,0.0000000000,4072.8780568502,3886.6995511222,19.4334977556,19.4334977556,0.0000000000,79.4856120451,0.0047831535,True,,False
S0022_R05,n15_p0.75_d1_uniform_Ehigh_V2.00_Hshort_PWstrict_B0.10,2202031,15,1,1,6,0.4000000000,137.0148375756,0.0000000000,0.0000000000,0.0000000000,1.0000000000,13.4849742644,2.5390145779,True,,True
S0022_R05,n15_p0.75_d1_uniform_Ehigh_V2.00_Hshort_PWstrict_B0.10,2202031,15,2,2,11,0.7333333333,131.7629295774,0.0000000000,0.0000000000,0.0000000000,1.0000000000,43.0090948422,0.5834894180,True,,False
S0022_R05,n15_p0.75_d1_uniform_Ehigh_V2.00_Hshort_PWstrict_B0.10,2202031,15,3,2,11,0.7333333333,131.7629295774,0.0000000000,0.0000000000,0.0000000000,1.0000000000,43.0090948422,0.6558864117,True,,False
S0022_R06,n15_p0.75_d1_uniform_Ehigh_V2.00_Hshort_PWstrict_B0.10,2202032,15,0,0,0,0.0000000000,11628.5686787831,11454.6750869941,54.9851475282,27.6888887125,0.0000000000,87.4299750785,0.0046527386,True,,False
S0022_R06,n15_p0.75_d1_uniform_Ehigh_V2.00_Hshort_PWstrict_B0.10,2202032,15,1,1,8,0.5333333333,111.0938799565,0.0000000000,0.0000000000,0.0000000000,1.0000000000,42.4522846139,1.4367823601,True,,True
S0022_R06,n15_p0.75_d1_uniform_Ehigh_V2.00_Hshort_PWstrict_B0.10,2202032,15,2,1,8,0.5333333333,111.0938799565,0.0000000000,0.0000000000,0.0000000000,1.0000000000,42.4522846139,1.0740835667,True,,False
S0022_R06,n15_p0.75_d1_uniform_Ehigh_V2.00_Hshort_PWstrict_B0.10,2202032,15,3,1,8,0.5333333333,111.0938799565,0.0000000000,0.0000000000,0.0000000000,1.0000000000,42.4522846139,1.1951563358,True,,False
S0022_R07,n15_p0.75_d1_uniform_Ehigh_V2.00_Hshort_PWstrict_B0.10,2202033,15,0,0,0,0.0000000000,18740.4307531904,18570.4451404969,88.4450731034,88.4450731034,0.0000000000,148.3769695590,0.0048594475,True,,False
S0022_R07,n15_p0.75_d1_uniform_Ehigh_V2.00_Hshort_PWstrict_B0.10,2202033,15,1,1,10,0.6666666667,82.3275578987,0.0000000000,0.0000000000,0.0000000000,1.0000000000,44.7645854834,1.7370917797,True,,True
S0022_R07,n15_p0.75_d1_uniform_Ehigh_V2.00_Hshort_PWstrict_B0.10,2202033,15,2,1,10,0.6666666667,82.3275578987,0.0000000000,0.0000000000,0.0000000000,1.0000000000,44.7645854834,0.6906120777,True,,False
S0022_R07,n15_p0.75_d1_uniform_Ehigh_V2.00_Hshort_PWstrict_B0.10,2202033,15,3,1,10,0.6666666667,82.3275578987,0.0000000000,0.0000000000,0.0000000000,1.0000000000,44.7645854834,0.6385040283,True,,False
S0022_R08,n15_p0.75_d1_uniform_Ehigh_V2.00_Hshort_PWstrict_B0.10,2202034,15,0,0,0,0.0000000000,1011.8897686147,838.0742356033,0.0000000000,0.0000000000,1.0000000000,32.4991539912,0.0106747150,True,,False
S0022_R08,n15_p0.75_d1_uniform_Ehigh_V2.00_Hshort_PWstrict_B0.10,2202034,15,1,1,9,0.6000000000,119.9550523736,0.0000000000,0.0000000000,0.0000000000,1.0000000000,37.4378628944,1.5238282681,True,,True
S0022_R08,n15_p0.75_d1_uniform_Ehigh_V2.00_Hshort_PWstrict_B0.10,2202034,15,2,2,10,0.6666666667,108.9120681624,0.0000000000,0.0000000000,0.0000000000,1.0000000000,40.9986627406,0.8487005234,True,,False
S0022_R08,n15_p0.75_d1_uniform_Ehigh_V2.00_Hshort_PWstrict_B0.10,2202034,15,3,2,10,0.6666666667,108.9120681624,0.0000000000,0.0000000000,0.0000000000,1.0000000000,40.9986627406,1.1639490128,True,,False
S0022_R09,n15_p0.75_d1_uniform_Ehigh_V2.00_Hshort_PWstrict_B0.10,2202035,15,0,0,0,0.0000000000,7736.0940939171,7593.9286249662,34.7706317481,34.7706317481,0.0000000000,94.9176328940,0.0212929249,True,,False
S0022_R09,n15_p0.75_d1_uniform_Ehigh_V2.00_Hshort_PWstrict_B0.10,2202035,15,1,1,5,0.3333333333,119.7620444477,0.0000000000,0.0000000000,0.0000000000,1.0000000000,27.5072052746,1.6081857681,True,,True
S0022_R09,n15_p0.75_d1_uniform_Ehigh_V2.00_Hshort_PWstrict_B0.10,2202035,15,2,1,5,0.3333333333,119.7620444477,0.0000000000,0.0000000000,0.0000000000,1.0000000000,27.5072052746,0.5158295631,True,,False
S0022_R09,n15_p0.75_d1_uniform_Ehigh_V2.00_Hshort_PWstrict_B0.10,2202035,15,3,1,5,0.3333333333,119.7620444477,0.0000000000,0.0000000000,0.0000000000,1.0000000000,27.5072052746,0.5817177296,True,,False
S0022_R10,n15_p0.75_d1_uniform_Ehigh_V2.00_Hshort_PWstrict_B0.10,2202036,15,0,0,0,0.0000000000,549.2446019314,405.4931494965,2.0274657475,1.6219725980,0.6666666667,49.4830395831,0.0172607899,True,,False
S0022_R10,n15_p0.75_d1_uniform_Ehigh_V2.00_Hshort_PWstrict_B0.10,2202036,15,1,1,9,0.6000000000,82.3248191999,0.0000000000,0.0000000000,0.0000000000,1.0000000000,31.0057065642,2.3853788376,True,,True
S0022_R10,n15_p0.75_d1_uniform_Ehigh_V2.00_Hshort_PWstrict_B0.10,2202036,15,2,1,8,0.5333333333,84.4848336196,0.0000000000,0.0000000000,0.0000000000,1.0000000000,27.7314815983,0.8453931808,True,,False
S0022_R10,n15_p0.75_d1_uniform_Ehigh_V2.00_Hshort_PWstrict_B0.10,2202036,15,3,1,8,0.5333333333,84.4848336196,0.0000000000,0.0000000000,0.0000000000,1.0000000000,27.7314815983,0.9983048439,True,,False
S0023_R01,n15_p0.75_d1_uniform_Ehigh_V2.00_Hlong_PWstrict_B0.10,2302027,15,0,0,0,0.0000000000,8601.5326346268,8469.6270607398,42.3481353037,18.3144636853,0.4000000000,60.8871498548,0.0043437481,True,,False
S0023_R01,n15_p0.75_d1_uniform_Ehigh_V2.00_Hlong_PWstrict_B0.10,2302027,15,1,1,11,0.7333333333,110.5713652084,0.0000000000,0.0000000000,0.0000000000,1.0000000000,38.6363002508,1.5500702858,True,,True
S0023_R01,n15_p0.75_d1_uniform_Ehigh_V2.00_Hlong_PWstrict_B0.10,2302027,15,2,1,11,0.7333333333,110.5713652084,0.0000000000,0.0000000000,0.0000000000,1.0000000000,38.6363002508,0.6047976017,True,,False
S0023_R01,n15_p0.75_d1_uniform_Ehigh_V2.00_Hlong_PWstrict_B0.10,2302027,15,3,1,11,0.7333333333,110.5713652084,0.0000000000,0.0000000000,0.0000000000,1.0000000000,38.6363002508,0.6701784134,True,,False
S0023_R02,n15_p0.75_d1_uniform_Ehigh_V2.00_Hlong_PWstrict_B0.10,2302028,15,0,0,0,0.0000000000,8382.9277683025,8226.3712707072,5.4904414730,4.9413973257,0.5000000000,52.4332878835,0.0177416801,True,,False
S0023_R02,n15_p0.75_d1_uniform_Ehigh_V2.00_Hlong_PWstrict_B0.10,2302028,15,1,1,7,0.4666666667,100.3542868971,0.0000000000,0.0000000000,0.0000000000,1.0000000000,38.4398336750,2.5876424313,True,,True
S0023_R02,n15_p0.75_d1_uniform_Ehigh_V2.00_Hlong_PWstrict_B0.10,2302028,15,2,1,7,0.4666666667,100.3542868971,0.0000000000,0.0000000000,0.0000000000,1.0000000000,38.4398336749,0.9233872890,True,,False
S0023_R02,n15_p0.75_d1_uniform_Ehigh_V2.00_Hlong_PWstrict_B0.10,2302028,15,3,1,7,0.4666666667,100.3542868971,0.0000000000,0.0000000000,0.0000000000,1.0000000000,38.4398336749,1.0515146255,True,,False
S0023_R03,n15_p0.75_d1_uniform_Ehigh_V2.00_Hlong_PWstrict_B0.10,2302029,15,0,0,0,0.0000000000,66633.5909588103,66461.6186365909,332.3080931830,95.0123256959,0.2857142857,102.2880384062,0.0182499886,True,,False
S0023_R03,n15_p0.75_d1_uniform_Ehigh_V2.00_Hlong_PWstrict_B0.10,2302029,15,1,1,11,0.7333333333,81.0344740984,0.0000000000,0.0000000000,0.0000000000,1.0000000000,31.5673564179,1.4012904167,True,,True
S0023_R03,n15_p0.75_d1_uniform_Ehigh_V2.00_Hlong_PWstrict_B0.10,2302029,15,2,2,11,0.7333333333,94.4895032052,0.0000000000,0.0000000000,0.0000000000,1.0000000000,32.1984926592,0.5194337368,True,,False
S0023_R03,n15_p0.75_d1_uniform_Ehigh_V2.00_Hlong_PWstrict_B0.10,2302029,15,3,2,11,0.7333333333,94.4895032052,0.0000000000,0.0000000000,0.0000000000,1.0000000000,32.1984926592,0.6461644173,True,,False
S0023_R04,n15_p0.75_d1_uniform_Ehigh_V2.00_Hlong_PWstrict_B0.10,2302030,15,0,0,0,0.0000000000,9484.2912252177,9314.9426503250,37.8842222148,37.8842222148,0.0000000000,97.8923539221,0.0045022964,True,,False
S0023_R04,n15_p0.75_d1_uniform_Ehigh_V2.00_Hlong_PWstrict_B0.10,2302030,15,1,1,7,0.4666666667,83.4583752602,0.0000000000,0.0000000000,0.0000000000,1.0000000000,31.3418704196,0.9154405594,True,,True
S0023_R04,n15_p0.75_d1_uniform_Ehigh_V2.00_Hlong_PWstrict_B0.10,2302030,15,2,1,7,0.4666666667,83.4583752602,0.0000000000,0.0000000000,0.0000000000,1.0000000000,31.3418704196,1.1735022068,True,,False
S0023_R04,n15_p0.75_d1_uniform_Ehigh_V2.00_Hlong_PWstrict_B0.10,2302030,15,3,1,7,0.4666666667,83.4583752602,0.0000000000,0.0000000000,0.0000000000,1.0000000000,31.3418704196,1.3067824841,True,,False
S0023_R05,n15_p0.75_d1_uniform_Ehigh_V2.00_Hlong_PWstrict_B0.10,2302031,15,0,0,0,0.0000000000,48937.4297145470,48780.4467645783,243.9022338229,90.5759417963,0.4000000000,100.4054274991,0.0085730553,True,,False
S0023_R05,n15_p0.75_d1_uniform_Ehigh_V2.00_Hlong_PWstrict_B0.10,2302031,15,1,1,10,0.6666666667,5899.7808540721,5801.5393569346,29.0076967847,15.6610782273,0.6000000000,50.8282569464,2.4543690681,True,,True
S0023_R05,n15_p0.75_d1_uniform_Ehigh_V2.00_Hlong_PWstrict_B0.10,2302031,15,2,1,10,0.6666666667,5899.7808540721,5801.5393569346,29.0076967847,15.6610782273,0.6000000000,50.8282569464,1.1565091610,True,,False
S0023_R05,n15_p0.75_d1_uniform_Ehigh_V2.00_Hlong_PWstrict_B0.10,2302031,15,3,1,10,0.6666666667,5899.7808540721,5801.5393569346,29.0076967847,15.6610782273,0.6000000000,50.8282569464,0.9685726166,True,,False
S0023_R06,n15_p0.75_d1_uniform_Ehigh_V2.00_Hlong_PWstrict_B0.10,2302032,15,0,0,0,0.0000000000,20105.8478411319,19958.5906269050,86.6005090076,77.9404581069,0.5000000000,76.9754260614,0.0077800751,True,,False
S0023_R06,n15_p0.75_d1_uniform_Ehigh_V2.00_Hlong_PWstrict_B0.10,2302032,15,1,1,11,0.7333333333,104.7341562850,0.0000000000,0.0000000000,0.0000000000,1.0000000000,23.8746716163,1.6563549042,True,,True
S0023_R06,n15_p0.75_d1_uniform_Ehigh_V2.00_Hlong_PWstrict_B0.10,2302032,15,2,1,11,0.7333333333,104.7341562850,0.0000000000,0.0000000000,0.0000000000,1.0000000000,23.8746716163,0.5975327492,True,,False
S0023_R06,n15_p0.75_d1_uniform_Ehigh_V2.00_Hlong_PWstrict_B0.10,2302032,15,3,1,11,0.7333333333,104.7341562850,0.0000000000,0.0000000000,0.0000000000,1.0000000000,23.8746716163,0.8291342258,True,,False
S0023_R07,n15_p0.75_d1_uniform_Ehigh_V2.00_Hlong_PWstrict_B0.10,2302033,15,0,0,0,0.0000000000,11582.6260333929,11408.7877215368,57.0439386077,37.8953283688,0.5000000000,69.7906102322,0.0052936077,True,,False
S0023_R07,n15_p0.75_d1_uniform_Ehigh_V2.00_Hlong_PWstrict_B0.10,2302033,15,1,1,11,0.7333333333,115.5973862317,0.0000000000,0.0000000000,0.0000000000,1.0000000000,45.3972174775,1.5892593861,True,,True
S0023_R07,n15_p0.75_d1_uniform_Ehigh_V2.00_Hlong_PWstrict_B0.10,2302033,15,2,1,11,0.7333333333,115.5973862317,0.0000000000,0.0000000000,0.0000000000,1.0000000000,45.3972174775,0.5959329605,True,,False
S0023_R07,n15_p0.75_d1_uniform_Ehigh_V2.00_Hlong_PWstrict_B0.10,2302033,15,3,1,11,0.7333333333,115.5973862317,0.0000000000,0.0000000000,0.0000000000,1.0000000000,45.3972174775,0.7058134079,True,,False
S0023_R08,n15_p0.75_d1_uniform_Ehigh_V2.00_Hlong_PWstrict_B0.10,2302034,15,0,0,0,0.0000000000,3723.8656559590,3545.6526219062,8.1215242783,8.1215242783,0.0000000000,68.2568161557,0.0046103001,True,,False
S0023_R08,n15_p0.75_d1_uniform_Ehigh_V2.00_Hlong_PWstrict_B0.10,2302034,15,1,1,8,0.5333333333,132.4899654383,0.0000000000,0.0000000000,0.0000000000,1.0000000000,37.1612784967,1.4978821278,True,,True
S0023_R08,n15_p0.75_d1_uniform_Ehigh_V2.00_Hlong_PWstrict_B0.10,2302034,15,2,1,8,0.5333333333,132.4899654383,0.0000000000,0.0000000000,0.0000000000,1.0000000000,37.1612784967,0.5628926754,True,,False
S0023_R08,n15_p0.75_d1_uniform_Ehigh_V2.00_Hlong_PWstrict_B0.10,2302034,15,3,1,8,0.5333333333,132.4899654383,0.0000000000,0.0000000000,0.0000000000,1.0000000000,37.1612784967,0.5821230412,True,,False
S0023_R09,n15_p0.75_d1_uniform_Ehigh_V2.00_Hlong_PWstrict_B0.10,2302035,15,0,0,0,0.0000000000,4276.1987936823,4119.9983689562,13.2534403421,11.9280963079,0.5000000000,62.0565637796,0.0165417194,True,,False
S0023_R09,n15_p0.75_d1_uniform_Ehigh_V2.00_Hlong_PWstrict_B0.10,2302035,15,1,1,11,0.7333333333,57.5798145293,0.0000000000,0.0000000000,0.0000000000,1.0000000000,39.5177684351,1.5575716496,True,,True
S0023_R09,n15_p0.75_d1_uniform_Ehigh_V2.00_Hlong_PWstrict_B0.10,2302035,15,2,1,11,0.7333333333,57.5798145293,0.0000000000,0.0000000000,0.0000000000,1.0000000000,39.5177684350,0.4920721054,True,,False
S0023_R09,n15_p0.75_d1_uniform_Ehigh_V2.00_Hlong_PWstrict_B0.10,2302035,15,3,1,11,0.7333333333,57.5798145293,0.0000000000,0.0000000000,0.0000000000,1.0000000000,39.5177684350,0.7928829193,True,,False
S0023_R10,n15_p0.75_d1_uniform_Ehigh_V2.00_Hlong_PWstrict_B0.10,2302036,15,0,0,0,0.0000000000,28238.0746589369,28073.9842051668,132.6009267556,69.7339231285,0.3333333333,85.6558280661,0.0114336014,True,,False
S0023_R10,n15_p0.75_d1_uniform_Ehigh_V2.00_Hlong_PWstrict_B0.10,2302036,15,1,1,7,0.4666666667,112.5513940195,0.0000000000,0.0000000000,0.0000000000,1.0000000000,42.7808192052,2.0209178925,True,,True
S0023_R10,n15_p0.75_d1_uniform_Ehigh_V2.00_Hlong_PWstrict_B0.10,2302036,15,2,2,11,0.7333333333,92.3022614106,0.0000000000,0.0000000000,0.0000000000,1.0000000000,23.6527841937,0.5009098053,True,,False
S0023_R10,n15_p0.75_d1_uniform_Ehigh_V2.00_Hlong_PWstrict_B0.10,2302036,15,3,2,11,0.7333333333,92.3022614106,0.0000000000,0.0000000000,0.0000000000,1.0000000000,23.6527841937,0.6076536179,True,,False
S0024_R01,n50_p0.25_d1_clustered_Elow_V1.25_Hshort_PWflat_B0.10,2402027,50,0,0,0,0.0000000000,3127.3222356545,2980.4930746035,1833.1532898976,217.0485566259,0.0714285714,189.7321295079,0.0389173031,True,,False
S0024_R01,n50_p0.25_d1_clustered_Elow_V1.25_Hshort_PWflat_B0.10,2402027,50,1,1,5,0.1000000000,270.4182400301,132.5923138675,126.5416639200,27.7829978728,0.6428571429,51.8477709790,18.1002602577,True,,True
S0024_R01,n50_p0.25_d1_clustered_Elow_V1.25_Hshort_PWflat_B0.10,2402027,50,2,2,6,0.1200000000,264.5431892698,116.4706999278,116.4706999278,35.8132594652,0.7857142857,51.3766835682,8.3544514179,True,,False
S0024_R01,n50_p0.25_d1_clustered_Elow_V1.25_Hshort_PWflat_B0.10,2402027,50,3,2,6,0.1200000000,264.5431892698,116.4706999278,116.4706999278,35.8132594652,0.7857142857,51.3766835682,6.3432743549,True,,False
S0024_R02,n50_p0.25_d1_clustered_Elow_V1.25_Hshort_PWflat_B0.10,2402028,50,0,0,0,0.0000000000,4393.0653498216,4219.5301766774,1917.6708148723,254.8846302883,0.0714285714,195.0998009507,0.0273454189,True,,False
S0024_R02,n50_p0.25_d1_clustered_Elow_V1.25_Hshort_PWflat_B0.10,2402028,50,1,1,1,0.0200000000,471.9647461068,405.7457993515,366.8390831982,58.0819506087,0.3571428571,77.9747672418,14.8131415844,True,,True
S0024_R02,n50_p0.25_d1_clustered_Elow_V1.25_Hshort_PWflat_B0.10,2402028,50,2,1,1,0.0200000000,471.9647461068,405.7457993515,366.8390831982,58.0819506087,0.3571428571,77.9747672418,4.1726179123,True,,False
S0024_R02,n50_p0.25_d1_clustered_Elow_V1.25_Hshort_PWflat_B0.10,2402028,50,3,1,1,0.0200000000,471.9647461068,405.7457993515,366.8390831982,58.0819506087,0.3571428571,77.9747672418,4.3318531513,True,,False
S0024_R03,n50_p0.25_d1_clustered_Elow_V1.25_Hshort_PWflat_B0.10,2402029,50,0,0,0,0.0000000000,4475.5522629059,4293.6367407139,1487.6593179735,285.2101051264,0.1666666667,181.0249415480,0.0351352692,True,,False
S0024_R03,n50_p0.25_d1_clustered_Elow_V1.25_Hshort_PWflat_B0.10,2402029,50,1,1,3,0.0600000000,419.4082107207,309.1377920658,216.4879239288,57.6219812044,0.5000000000,69.9426324582,24.9489047527,True,,True
S0024_R03,n50_p0.25_d1_clustered_Elow_V1.25_Hshort_PWflat_B0.10,2402029,50,2,1,3,0.0600000000,473.4559532809,399.0180465507,279.5484710755,61.1140892390,0.4166666667,77.5202206814,4.4164946079,True,,False
S0024_R03,n50_p0.25_d1_clustered_Elow_V1.25_Hshort_PWflat_B0.10,2402029,50,3,1,3,0.0600000000,473.4559532809,399.0180465507,279.5484710755,61.1140892390,0.4166666667,77.5202206814,4.5951323509,True,,False
S0024_R04,n50_p0.25_d1_clustered_Elow_V1.25_Hshort_PWflat_B0.10,2402030,50,0,0,0,0.0000000000,3178.0310394579,2987.3291654526,748.0043703398,278.6461334542,0.0000000000,209.4908598707,0.0263504982,True,,False
S0024_R04,n50_p0.25_d1_clustered_Elow_V1.25_Hshort_PWflat_B0.10,2402030,50,1,1,4,0.0800000000,367.1585857984,292.0145914825,169.6277504094,62.4293131809,0.2000000000,92.3247254699,7.8898284435,True,,True
S0024_R04,n50_p0.25_d1_clustered_Elow_V1.25_Hshort_PWflat_B0.10,2402030,50,2,1,4,0.0800000000,367.1585857984,292.0145914825,169.6277504094,62.4293131809,0.2000000000,92.3247254699,7.4052252769,True,,False
S0024_R04,n50_p0.25_d1_clustered_Elow_V1.25_Hshort_PWflat_B0.10,2402030,50,3,1,4,0.0800000000,367.1585857984,292.0145914825,169.6277504094,62.4293131809,0.2000000000,92.3247254699,7.4282491207,True,,False
S0024_R05,n50_p0.25_d1_clustered_Elow_V1.25_Hshort_PWflat_B0.10,2402031,50,0,0,0,0.0000000000,3594.8226620317,3426.0105769647,1203.6666567633,266.0156006829,0.1111111111,191.7369881126,0.0295014381,True,,False
S0024_R05,n50_p0.25_d1_clustered_Elow_V1.25_Hshort_PWflat_B0.10,2402031,50,1,1,3,0.0600000000,296.6024035325,142.5566531341,142.5566531341,50.0697052901,0.5555555556,63.6826430709,20.5936672688,True,,True
S0024_R05,n50_p0.25_d1_clustered_Elow_V1.25_Hshort_PWflat_B0.10,2402031,50,2,2,5,0.1000000000,365.1747521598,247.6349351350,238.5675520049,71.3980775979,0.5555555556,70.6641141062,6.9899559021,True,,False
S0024_R05,n50_p0.25_d1_clustered_Elow_V1.25_Hshort_PWflat_B0.10,2402031,50,3,3,8,0.1600000000,331.6298410051,206.2335003151,206.2335003151,61.0361444424,0.5555555556,68.1189463914,7.6100564003,True,,False
S0024_R06,n50_p0.25_d1_clustered_Elow_V1.25_Hshort_PWflat_B0.10,2402032,50,0,0,0,0.0000000000,4498.7009881499,4330.1261937168,1948.3313027922,281.3902875366,0.0000000000,237.2043646723,0.0242154598,True,,False
S0024_R06,n50_p0.25_d1_clustered_Elow_V1.25_Hshort_PWflat_B0.10,2402032,50,1,1,6,0.1200000000,110.0504276532,4.8223677144,0.0000000000,0.0000000000,1.0000000000,35.5416267304,10.7709097862,True,,True
S0024_R06,n50_p0.25_d1_clustered_Elow_V1.25_Hshort_PWflat_B0.10,2402032,50,2,1,6,0.1200000000,175.3899573109,72.5700107273,47.5220875677,0.0000000000,0.9090909091,41.9525950567,6.2934136391,True,,False
S0024_R06,n50_p0.25_d1_clustered_Elow_V1.25_Hshort_PWflat_B0.10,2402032,50,3,1,6,0.1200000000,175.3899573109,72.5700107273,47.5220875677,0.0000000000,0.9090909091,41.9525950567,6.5581994057,True,,False
S0024_R07,n50_p0.25_d1_clustered_Elow_V1.25_Hshort_PWflat_B0.10,2402033,50,0,0,0,0.0000000000,4747.0162638181,4556.4228576404,1400.0399324140,279.8372104787,0.1000000000,197.7845697943,0.0251348019,True,,False
S0024_R07,n50_p0.25_d1_clustered_Elow_V1.25_Hshort_PWflat_B0.10,2402033,50,1,1,3,0.0600000000,264.0187739156,110.6772684023,108.4058695159,35.9886831444,0.6000000000,57.0097131874,12.8762092590,True,,True
S0024_R07,n50_p0.25_d1_clustered_Elow_V1.25_Hshort_PWflat_B0.10,2402033,50,2,2,4,0.0800000000,260.9400746402,100.1871461597,94.5364794601,29.6194188488,0.7000000000,52.4584164991,5.7576913834,True,,False
S0024_R07,n50_p0.25_d1_clustered_Elow_V1.25_Hshort_PWflat_B0.10,2402033,50,3,2,4,0.0800000000,260.9400746402,100.1871461597,94.5364794601,29.6194188488,0.7000000000,52.4584164991,6.5664176941,True,,False
S0024_R08,n50_p0.25_d1_clustered_Elow_V1.25_Hshort_PWflat_B0.10,2402034,50,0,0,0,0.0000000000,3808.4472470612,3634.1769496109,1031.7435038153,304.8560577575,0.1666666667,228.0589310445,0.0329687595,True,,False
S0024_R08,n50_p0.25_d1_clustered_Elow_V1.25_Hshort_PWflat_B0.10,2402034,50,1,1,4,0.0800000000,260.1876845323,109.9761773737,109.9761773737,43.2366781678,0.5000000000,70.7543260693,26.8792643547,True,,True
S0024_R08,n50_p0.25_d1_clustered_Elow_V1.25_Hshort_PWflat_B0.10,2402034,50,2,2,5,0.1000000000,268.8095425787,105.2240694573,99.7152707231,49.1552689231,0.5000000000,66.3809461698,7.8462026119,True,,False
S0024_R08,n50_p0.25_d1_clustered_Elow_V1.25_Hshort_PWflat_B0.10,2402034,50,3,2,5,0.1000000000,268.8095425787,105.2240694573,99.7152707231,49.1552689231,0.5000000000,66.3809461698,8.1680998802,True,,False
S0024_R09,n50_p0.25_d1_clustered_Elow_V1.25_Hshort_PWflat_B0.10,2402035,50,0,0,0,0.0000000000,4875.1829289414,4679.4158159925,1887.7167252780,339.1833738047,0.0000000000,295.9582474366,0.0304305553,True,,False
S0024_R09,n50_p0.25_d1_clustered_Elow_V1.25_Hshort_PWflat_B0.10,2402035,50,1,1,3,0.0600000000,291.9360173223,140.7290323056,139.7851236012,59.1469106385,0.6250000000,64.2304043355,17.4631278515,True,,True
S0024_R09,n50_p0.25_d1_clustered_Elow_V1.25_Hshort_PWflat_B0.10,2402035,50,2,2,5,0.1000000000,357.0647399756,195.7353060941,192.4284870104,58.9667594285,0.3750000000,75.8196295772,6.7068524361,True,,False
S0024_R09,n50_p0.25_d1_clustered_Elow_V1.25_Hshort_PWflat_B0.10,2402035,50,3,2,5,0.1000000000,357.0647399756,195.7353060941,192.4284870104,58.9667594285,0.3750000000,75.8196295772,7.0216724873,True,,False
S0024_R10,n50_p0.25_d1_clustered_Elow_V1.25_Hshort_PWflat_B0.10,2402036,50,0,0,0,0.0000000000,4607.7382500921,4438.4410659235,2359.9338529600,269.1537422252,0.0666666667,216.8565372799,0.0270130634,True,,False
S0024_R10,n50_p0.25_d1_clustered_Elow_V1.25_Hshort_PWflat_B0.10,2402036,50,1,1,2,0.0400000000,376.2193679077,225.1958448487,225.1958448487,43.1505619943,0.5333333333,64.6641734427,28.5110933781,True,,True
S0024_R10,n50_p0.25_d1_clustered_Elow_V1.25_Hshort_PWflat_B0.10,2402036,50,2,1,2,0.0400000000,376.2193679077,225.1958448487,225.1958448487,43.1505619943,0.5333333333,64.6641734427,7.7200405598,True,,False
S0024_R10,n50_p0.25_d1_clustered_Elow_V1.25_Hshort_PWflat_B0.10,2402036,50,3,1,2,0.0400000000,376.2193679077,225.1958448487,225.1958448487,43.1505619943,0.5333333333,64.6641734427,7.6513195038,True,,False
S0025_R01,n50_p0.25_d2_clustered_Elow_V1.25_Hmedium_PWflat_B0.10,2502027,50,0,0,0,0.0000000000,4033.1997365581,3857.1010431976,1514.1786415762,245.2320630023,0.0000000000,249.1671415068,0.0391650200,True,,False
S0025_R01,n50_p0.25_d2_clustered_Elow_V1.25_Hmedium_PWflat_B0.10,2502027,50,1,1,5,0.1000000000,332.2846636564,182.6435643738,157.1206648646,39.4604446647,0.3750000000,72.0112502443,6.9541337490,True,,False
S0025_R01,n50_p0.25_d2_clustered_Elow_V1.25_Hmedium_PWflat_B0.10,2502027,50,2,1,5,0.1000000000,332.2846636564,182.6435643738,157.1206648646,39.4604446647,0.3750000000,72.0112502443,15.9379417896,True,,True
S0025_R01,n50_p0.25_d2_clustered_Elow_V1.25_Hmedium_PWflat_B0.10,2502027,50,3,1,5,0.1000000000,332.2846636564,182.6435643738,157.1206648646,39.4604446647,0.3750000000,72.0112502443,7.1542215347,True,,False
S0025_R02,n50_p0.25_d2_clustered_Elow_V1.25_Hmedium_PWflat_B0.10,2502028,50,0,0,0,0.0000000000,5077.9344413311,4886.7335473331,1099.7288186860,334.6345530546,0.0000000000,243.1814249247,0.0291662216,True,,False
S0025_R02,n50_p0.25_d2_clustered_Elow_V1.25_Hmedium_PWflat_B0.10,2502028,50,1,1,2,0.0400000000,245.7962407166,81.0652897034,56.9954467808,20.7066115725,0.3333333333,59.4275032894,6.2004191875,True,,False
S0025_R02,n50_p0.25_d2_clustered_Elow_V1.25_Hmedium_PWflat_B0.10,2502028,50,2,1,2,0.0400000000,245.7962407166,81.0652897034,56.9954467808,20.7066115725,0.3333333333,59.4275032895,24.1777164936,True,,True
S0025_R02,n50_p0.25_d2_clustered_Elow_V1.25_Hmedium_PWflat_B0.10,2502028,50,3,1,2,0.0400000000,245.7962407166,81.0652897034,56.9954467808,20.7066115725,0.3333333333,59.4275032894,6.0816044807,True,,False
S0025_R03,n50_p0.25_d2_clustered_Elow_V1.25_Hmedium_PWflat_B0.10,2502029,50,0,0,0,0.0000000000,3654.4140301313,3481.4716428684,1471.4637819096,245.4562675400,0.2307692308,168.9421789201,0.0280501842,True,,False
S0025_R03,n50_p0.25_d2_clustered_Elow_V1.25_Hmedium_PWflat_B0.10,2502029,50,1,1,2,0.0400000000,448.0580844173,293.3643077296,289.3909092957,54.0504765769,0.3846153846,76.5516084781,4.1252274513,True,,False
S0025_R03,n50_p0.25_d2_clustered_Elow_V1.25_Hmedium_PWflat_B0.10,2502029,50,2,1,2,0.0400000000,448.0580844173,293.3643077296,289.3909092957,54.0504765769,0.3846153846,76.5516084781,10.2717037201,True,,True
S0025_R03,n50_p0.25_d2_clustered_Elow_V1.25_Hmedium_PWflat_B0.10,2502029,50,3,1,2,0.0400000000,448.0580844173,293.3643077296,289.3909092957,54.0504765769,0.3846153846,76.5516084781,4.3454430103,True,,False
S0025_R04,n50_p0.25_d2_clustered_Elow_V1.25_Hmedium_PWflat_B0.10,2502030,50,0,0,0,0.0000000000,4509.1254537648,4328.4796604881,2347.3483293368,282.7063145813,0.0000000000,240.5602351701,0.0226855278,True,,False
S0025_R04,n50_p0.25_d2_clustered_Elow_V1.25_Hmedium_PWflat_B0.10,2502030,50,1,1,3,0.0600000000,370.8479658358,225.3456862269,225.3456862269,52.1294933568,0.5384615385,64.1821906669,7.2757198811,True,,False
S0025_R04,n50_p0.25_d2_clustered_Elow_V1.25_Hmedium_PWflat_B0.10,2502030,50,2,2,4,0.0800000000,293.8217684108,133.4106848861,133.4106848861,35.4987261487,0.6923076923,56.3347506883,27.2345232964,True,,True
S0025_R04,n50_p0.25_d2_clustered_Elow_V1.25_Hmedium_PWflat_B0.10,2502030,50,3,2,4,0.0800000000,293.8217684108,133.4106848861,133.4106848861,35.4987261487,0.6923076923,56.3347506883,8.1730985641,True,,False
S0025_R05,n50_p0.25_d2_clustered_Elow_V1.25_Hmedium_PWflat_B0.10,2502031,50,0,0,0,0.0000000000,3706.7474305232,3545.7615008134,1231.3014229040,243.7932672844,0.1818181818,168.8030993418,0.0236663818,True,,False
S0025_R05,n50_p0.25_d2_clustered_Elow_V1.25_Hmedium_PWflat_B0.10,2502031,50,1,1,3,0.0600000000,188.2768642288,36.6637902338,30.3459979050,11.6340716452,0.8181818182,43.1973311345,6.0809416771,True,,False
S0025_R05,n50_p0.25_d2_clustered_Elow_V1.25_Hmedium_PWflat_B0.10,2502031,50,2,2,5,0.1000000000,269.6817735732,110.6070148567,95.5628963627,20.8841346669,0.6363636364,53.5295351448,17.2249398232,True,,True
S0025_R05,n50_p0.25_d2_clustered_Elow_V1.25_Hmedium_PWflat_B0.10,2502031,50,3,2,5,0.1000000000,269.6817735732,110.6070148567,95.5628963627,20.8841346669,0.6363636364,53.5295351448,6.9616003036,True,,False
S0025_R06,n50_p0.25_d2_clustered_Elow_V1.25_Hmedium_PWflat_B0.10,2502032,50,0,0,0,0.0000000000,3280.8228701729,3122.5462671187,1234.4027899612,211.5973749979,0.0000000000,183.4904859624,0.0240232944,True,,False
S0025_R06,n50_p0.25_d2_clustered_Elow_V1.25_Hmedium_PWflat_B0.10,2502032,50,1,1,4,0.0800000000,260.2580857084,184.4898492723,162.2712686168,73.0230231760,0.7000000000,58.6639654071,6.2289018631,True,,False
S0025_R06,n50_p0.25_d2_clustered_Elow_V1.25_Hmedium_PWflat_B0.10,2502032,50,2,2,5,0.1000000000,260.9326692809,178.3153206810,159.1840043211,71.4793910282,0.7000000000,57.5888667046,15.8358910084,True,,True
S0025_R06,n50_p0.25_d2_clustered_Elow_V1.25_Hmedium_PWflat_B0.10,2502032,50,3,2,5,0.1000000000,260.9326692809,178.3153206810,159.1840043211,71.4793910282,0.7000000000,57.5888667046,7.0655267239,True,,False
S0025_R07,n50_p0.25_d2_clustered_Elow_V1.25_Hmedium_PWflat_B0.10,2502033,50,0,0,0,0.0000000000,4363.5207100342,4182.5189912032,1968.1237544987,294.4019703553,0.0555555556,168.8760005878,0.0248277187,True,,False
S0025_R07,n50_p0.25_d2_clustered_Elow_V1.25_Hmedium_PWflat_B0.10,2502033,50,1,1,3,0.0600000000,448.0562166053,293.2710997872,291.0434061412,42.8201102946,0.4444444444,68.7448289521,6.3144567013,True,,False
S0025_R07,n50_p0.25_d2_clustered_Elow_V1.25_Hmedium_PWflat_B0.10,2502033,50,2,2,5,0.1000000000,525.4487352198,361.8444905828,356.5261736153,59.9185449586,0.5000000000,70.6470170889,17.5800137520,True,,True
S0025_R07,n50_p0.25_d2_clustered_Elow_V1.25_Hmedium_PWflat_B0.10,2502033,50,3,2,5,0.1000000000,525.4487352198,361.8444905828,356.5261736153,59.9185449586,0.5000000000,70.6470170889,6.4634184837,True,,False
S0025_R08,n50_p0.25_d2_clustered_Elow_V1.25_Hmedium_PWflat_B0.10,2502034,50,0,0,0,0.0000000000,5538.5188167020,5350.2361116250,2233.1000094956,317.8130243829,0.0769230769,230.1053217561,0.0269668102,True,,False
S0025_R08,n50_p0.25_d2_clustered_Elow_V1.25_Hmedium_PWflat_B0.10,2502034,50,1,1,4,0.0800000000,237.0266663997,93.4764877545,88.2186221574,18.9287619590,0.6153846154,52.9681615533,6.1048536301,True,,False
S0025_R08,n50_p0.25_d2_clustered_Elow_V1.25_Hmedium_PWflat_B0.10,2502034,50,2,2,6,0.1200000000,238.6592294394,86.5590427900,79.4758831271,14.9645814974,0.7692307692,49.0918006013,8.3242757320,True,,True
S0025_R08,n50_p0.25_d2_clustered_Elow_V1.25_Hmedium_PWflat_B0.10,2502034,50,3,2,6,0.1200000000,238.6592294394,86.5590427900,79.4758831271,14.9645814974,0.7692307692,49.0918006013,6.8000383377,True,,False
S0025_R09,n50_p0.25_d2_clustered_Elow_V1.25_Hmedium_PWflat_B0.10,2502035,50,0,0,0,0.0000000000,3896.9908742843,3717.2191922735,1097.9977538145,243.6861861447,0.0000000000,216.7987241120,0.0229694843,True,,False
S0025_R09,n50_p0.25_d2_clustered_Elow_V1.25_Hmedium_PWflat_B0.10,2502035,50,1,1,4,0.0800000000,241.9996619231,88.3204817623,72.3575681087,26.3526109006,0.5714285714,58.1810822452,6.1012477875,True,,False
S0025_R09,n50_p0.25_d2_clustered_Elow_V1.25_Hmedium_PWflat_B0.10,2502035,50,2,1,4,0.0800000000,241.9996619231,88.3204817623,72.3575681087,26.3526109006,0.5714285714,58.1810822452,21.2817556858,True,,True
S0025_R09,n50_p0.25_d2_clustered_Elow_V1.25_Hmedium_PWflat_B0.10,2502035,50,3,1,4,0.0800000000,241.9996619231,88.3204817623,72.3575681087,26.3526109006,0.5714285714,58.1810822452,6.4928603172,True,,False
S0025_R10,n50_p0.25_d2_clustered_Elow_V1.25_Hmedium_PWflat_B0.10,2502036,50,0,0,0,0.0000000000,2922.3244716341,2761.2648148798,1353.1718819794,194.4329021421,0.0000000000,195.3378251909,0.0241739750,True,,False
S0025_R10,n50_p0.25_d2_clustered_Elow_V1.25_Hmedium_PWflat_B0.10,2502036,50,1,1,2,0.0400000000,274.2293379983,119.5443285375,119.5443285375,29.4392944369,0.4000000000,63.6593830892,5.4062616825,True,,False
S0025_R10,n50_p0.25_d2_clustered_Elow_V1.25_Hmedium_PWflat_B0.10,2502036,50,2,2,4,0.0800000000,325.3361673438,168.8353775432,168.8353775432,40.1984982710,0.4000000000,69.9309216901,18.5590853691,True,,True
S0025_R10,n50_p0.25_d2_clustered_Elow_V1.25_Hmedium_PWflat_B0.10,2502036,50,3,2,4,0.0800000000,325.3361673438,168.8353775432,168.8353775432,40.1984982710,0.4000000000,69.9309216901,6.9312405586,True,,False
S0026_R01,n50_p0.25_d1_uniform_Elow_V2.00_Hmedium_PWbase_B0.10,2602027,50,0,0,0,0.0000000000,80461.9100786966,80067.4520265510,600.2582817549,159.0660986004,0.4444444444,119.0856852887,0.0252902508,True,,False
S0026_R01,n50_p0.25_d1_uniform_Elow_V2.00_Hmedium_PWbase_B0.10,2602027,50,1,1,5,0.1000000000,6691.3039795398,6470.3292931909,64.4166648491,14.3078356345,0.7777777778,42.8406736070,6.0613121986,True,,True
S0026_R01,n50_p0.25_d1_uniform_Elow_V2.00_Hmedium_PWbase_B0.10,2602027,50,2,2,8,0.1600000000,5518.7050572107,5284.7539761290,52.8475397613,10.5695079523,0.8888888889,32.9950275581,2.2877287865,True,,False
S0026_R01,n50_p0.25_d1_uniform_Elow_V2.00_Hmedium_PWbase_B0.10,2602027,50,3,3,8,0.1600000000,5710.2938463789,5478.8448700663,52.8475397613,10.5695079523,0.8888888889,31.8229373881,2.8285841942,True,,False
S0026_R02,n50_p0.25_d1_uniform_Elow_V2.00_Hmedium_PWbase_B0.10,2602028,50,0,0,0,0.0000000000,108790.8159006955,108450.7538448648,996.0303097331,151.1115222224,0.0769230769,133.6406354249,0.0243337154,True,,False
S0026_R02,n50_p0.25_d1_uniform_Elow_V2.00_Hmedium_PWbase_B0.10,2602028,50,1,1,5,0.1000000000,17478.3798598805,17277.0524879045,144.0625530435,37.5956764162,0.6153846154,57.0133481737,4.6188197136,True,,True
S0026_R02,n50_p0.25_d1_uniform_Elow_V2.00_Hmedium_PWbase_B0.10,2602028,50,2,2,8,0.1600000000,16247.4638956261,16032.7190882280,137.5818971706,37.5956764162,0.6153846154,56.4790256202,2.4858148098,True,,False
S0026_R02,n50_p0.25_d1_uniform_Elow_V2.00_Hmedium_PWbase_B0.10,2602028,50,3,3,8,0.1600000000,16254.6114696819,16032.7190882280,137.5818971706,37.5956764162,0.6153846154,57.3080111916,3.1704070568,True,,False
S0026_R03,n50_p0.25_d1_uniform_Elow_V2.00_Hmedium_PWbase_B0.10,2602029,50,0,0,0,0.0000000000,127178.4094917047,126840.4514091440,1188.1634093042,206.9151263447,0.1428571429,141.6935638875,0.0262286663,True,,False
S0026_R03,n50_p0.25_d1_uniform_Elow_V2.00_Hmedium_PWbase_B0.10,2602029,50,1,1,5,0.1000000000,17746.1700806770,17542.6509983270,164.3579012533,37.0693046008,0.5714285714,60.8206797961,6.0885012150,True,,True
S0026_R03,n50_p0.25_d1_uniform_Elow_V2.00_Hmedium_PWbase_B0.10,2602029,50,2,2,7,0.1400000000,18071.2780754396,17855.4285715877,171.0341295175,38.6308937731,0.5714285714,58.0275593904,3.0183813572,True,,False
S0026_R03,n50_p0.25_d1_uniform_Elow_V2.00_Hmedium_PWbase_B0.10,2602029,50,3,3,10,0.2000000000,18080.7223598224,17857.8385274895,172.2730936139,39.2281019314,0.5714285714,58.1160568259,4.2937042713,True,,False
S0026_R04,n50_p0.25_d1_uniform_Elow_V2.00_Hmedium_PWbase_B0.10,2602030,50,0,0,0,0.0000000000,123770.5363416613,123411.6844136341,1040.2919879465,187.5838089670,0.1538461538,135.4793918977,0.0312805176,True,,False
S0026_R04,n50_p0.25_d1_uniform_Elow_V2.00_Hmedium_PWbase_B0.10,2602030,50,1,1,4,0.0800000000,46256.1908519220,46013.9551751886,442.3846115460,94.1853387990,0.3076923077,86.4725437153,5.5806720257,True,,True
S0026_R04,n50_p0.25_d1_uniform_Elow_V2.00_Hmedium_PWbase_B0.10,2602030,50,2,2,7,0.1400000000,42305.2309808881,42052.4628580156,405.2482412399,88.5402995525,0.3846153846,80.4085494624,2.2339792252,True,,False
S0026_R04,n50_p0.25_d1_uniform_Elow_V2.00_Hmedium_PWbase_B0.10,2602030,50,3,3,9,0.1800000000,41239.1180451516,40975.6468855447,395.1935400945,85.4397334561,0.3846153846,79.7553817784,2.7813789845,True,,False
S0026_R05,n50_p0.25_d1_uniform_Elow_V2.00_Hmedium_PWbase_B0.10,2602031,50,0,0,0,0.0000000000,132265.2210627288,131868.7914171220,1185.7326787141,210.6880101454,0.2727272727,161.8411498661,0.0307245255,True,,False
S0026_R05,n50_p0.25_d1_uniform_Elow_V2.00_Hmedium_PWbase_B0.10,2602031,50,1,1,4,0.0800000000,17770.0357170914,17547.7858030438,168.4031987398,39.5777931273,0.5454545455,63.3045606046,5.2863831520,True,,True
S0026_R05,n50_p0.25_d1_uniform_Elow_V2.00_Hmedium_PWbase_B0.10,2602031,50,2,2,7,0.1400000000,17384.5633293617,17153.9538219014,168.4031987398,39.5777931273,0.5454545455,63.3045606046,2.3958759308,True,,False
S0026_R05,n50_p0.25_d1_uniform_Elow_V2.00_Hmedium_PWbase_B0.10,2602031,50,3,2,9,0.1800000000,17381.9643280642,17153.9538219014,168.4031987398,39.5777931273,0.5454545455,63.3045606046,2.5778582096,True,,False
S0026_R06,n50_p0.25_d1_uniform_Elow_V2.00_Hmedium_PWbase_B0.10,2602032,50,0,0,0,0.0000000000,64480.3627627455,64125.4697841486,587.3580375950,115.4756428074,0.2727272727,106.5877993180,0.0242950916,True,,False
S0026_R06,n50_p0.25_d1_uniform_Elow_V2.00_Hmedium_PWbase_B0.10,2602032,50,1,1,3,0.0600000000,21448.7349159526,21196.8646903388,210.0079640553,66.0409796526,0.7272727273,58.4817870390,4.8394532204,True,,True
S0026_R06,n50_p0.25_d1_uniform_Elow_V2.00_Hmedium_PWbase_B0.10,2602032,50,2,2,4,0.0800000000,20713.3900844518,20452.4334545118,203.8043704234,66.0409796526,0.7272727273,54.2890709157,2.1293332577,True,,False
S0026_R06,n50_p0.25_d1_uniform_Elow_V2.00_Hmedium_PWbase_B0.10,2602032,50,3,2,4,0.0800000000,20713.3900844518,20452.4334545118,203.8043704234,66.0409796526,0.7272727273,54.2890709157,2.1038084030,True,,False
S0026_R07,n50_p0.25_d1_uniform_Elow_V2.00_Hmedium_PWbase_B0.10,2602033,50,0,0,0,0.0000000000,75706.9698247681,75390.3077891467,684.9474778653,169.4894435970,0.2500000000,140.5046508264,0.0224144459,True,,False
S0026_R07,n50_p0.25_d1_uniform_Elow_V2.00_Hmedium_PWbase_B0.10,2602033,50,1,1,5,0.1000000000,10617.1582613424,10396.9456155502,100.6286222808,48.9586878356,0.7500000000,44.7665271063,5.2915246487,True,,True
S0026_R07,n50_p0.25_d1_uniform_Elow_V2.00_Hmedium_PWbase_B0.10,2602033,50,2,2,7,0.1400000000,10557.6605505784,10324.9945522537,100.6286222808,48.9586878356,0.7500000000,44.7665271063,3.0860867500,True,,False
S0026_R07,n50_p0.25_d1_uniform_Elow_V2.00_Hmedium_PWbase_B0.10,2602033,50,3,3,10,0.2000000000,10535.1098232007,10297.0780987669,100.6286222808,48.9586878356,0.7500000000,40.6775736889,3.2158269882,True,,False
S0026_R08,n50_p0.25_d1_uniform_Elow_V2.00_Hmedium_PWbase_B0.10,2602034,50,0,0,0,0.0000000000,149393.2499754848,149041.1043648827,1317.9242197766,210.3096081357,0.0909090909,175.0635916370,0.0296299458,True,,False
S0026_R08,n50_p0.25_d1_uniform_Elow_V2.00_Hmedium_PWbase_B0.10,2602034,50,1,1,4,0.0800000000,31506.4613970710,31283.6448721815,297.0438624854,69.8107788762,0.4545454545,71.8058936166,4.3906953335,True,,True
S0026_R08,n50_p0.25_d1_uniform_Elow_V2.00_Hmedium_PWbase_B0.10,2602034,50,2,2,5,0.1000000000,47205.1419749233,46980.1289698313,467.5855059164,91.3154332968,0.4545454545,85.4667278525,2.0018823147,True,,False
S0026_R08,n50_p0.25_d1_uniform_Elow_V2.00_Hmedium_PWbase_B0.10,2602034,50,3,2,5,0.1000000000,47205.1419749233,46980.1289698313,467.5855059164,91.3154332968,0.4545454545,85.4667278525,2.6250758171,True,,False
S0026_R09,n50_p0.25_d1_uniform_Elow_V2.00_Hmedium_PWbase_B0.10,2602035,50,0,0,0,0.0000000000,75420.9727750628,75080.6298513473,608.6503403750,122.4476854273,0.1250000000,131.3480495833,0.0239312649,True,,False
S0026_R09,n50_p0.25_d1_uniform_Elow_V2.00_Hmedium_PWbase_B0.10,2602035,50,1,1,4,0.0800000000,11025.0505619840,10794.7016889569,82.7142253258,31.4059000708,0.6250000000,61.0960618626,4.8406822681,True,,True
S0026_R09,n50_p0.25_d1_uniform_Elow_V2.00_Hmedium_PWbase_B0.10,2602035,50,2,2,8,0.1600000000,10893.1579237179,10656.9221177608,77.6743873442,29.8939486763,0.6250000000,58.4802802601,2.7813546658,True,,False
S0026_R09,n50_p0.25_d1_uniform_Elow_V2.00_Hmedium_PWbase_B0.10,2602035,50,3,3,9,0.1800000000,10892.9140808590,10644.2092779102,77.6743873442,29.8939486763,0.6250000000,58.4802802601,3.4550180435,True,,False
S0026_R10,n50_p0.25_d1_uniform_Elow_V2.00_Hmedium_PWbase_B0.10,2602036,50,0,0,0,,,,,,,,0.0400028229,False,,False
S0026_R10,n50_p0.25_d1_uniform_Elow_V2.00_Hmedium_PWbase_B0.10,2602036,50,1,1,3,0.0600000000,105486.2603501731,105310.2772303096,794.7084178862,225.5239599368,0.4000000000,123.0464950355,12.0296032429,True,,True
S0026_R10,n50_p0.25_d1_uniform_Elow_V2.00_Hmedium_PWbase_B0.10,2602036,50,2,2,4,0.0800000000,97109.5551366210,96928.4515847150,749.6464130642,210.5032916628,0.4000000000,118.5402945534,5.9218091965,True,,False
S0026_R10,n50_p0.25_d1_uniform_Elow_V2.00_Hmedium_PWbase_B0.10,2602036,50,3,3,7,0.1400000000,81844.6429611444,81636.5374409282,617.0784053264,201.9268445083,0.6000000000,96.3684620388,6.6283664703,True,,False
S0027_R01,n50_p0.25_d1_uniform_Emedium_V1.25_Hmedium_PWmoderate_B0.10,2702027,50,0,0,0,0.0000000000,17858.1554667454,17473.7582517031,603.2690606878,120.3453028302,0.2727272727,111.1533672794,0.0265879631,True,,False
S0027_R01,n50_p0.25_d1_uniform_Emedium_V1.25_Hmedium_PWmoderate_B0.10,2702027,50,1,1,2,0.0400000000,8294.9487287689,8046.4348818020,378.1974972906,85.5916075131,0.2727272727,90.0920254145,1.1427812576,True,,True
S0027_R01,n50_p0.25_d1_uniform_Emedium_V1.25_Hmedium_PWmoderate_B0.10,2702027,50,2,2,5,0.1000000000,7027.8879322569,6778.4941880561,321.2001346279,70.8392490420,0.3636363636,82.3709478426,1.9002609253,True,,False
S0027_R01,n50_p0.25_d1_uniform_Emedium_V1.25_Hmedium_PWmoderate_B0.10,2702027,50,3,3,7,0.1400000000,5360.4603307734,5092.0622651411,238.3191505137,55.1928194108,0.3636363636,74.3975959726,2.9794902802,True,,False
S0027_R02,n50_p0.25_d1_uniform_Emedium_V1.25_Hmedium_PWmoderate_B0.10,2702028,50,0,0,0,0.0000000000,21697.3088890618,21342.0340650682,875.8302381236,166.0217197708,0.0000000000,169.4501772350,0.0304720402,True,,False
S0027_R02,n50_p0.25_d1_uniform_Emedium_V1.25_Hmedium_PWmoderate_B0.10,2702028,50,1,1,3,0.0600000000,2773.5951231412,2543.4303094771,101.9794580945,49.0713306362,0.7500000000,47.8650468856,4.3382084370,True,,True
S0027_R02,n50_p0.25_d1_uniform_Emedium_V1.25_Hmedium_PWmoderate_B0.10,2702028,50,2,2,5,0.1000000000,2753.1455523614,2515.6190245190,101.9794580945,49.0713306362,0.7500000000,47.8650468856,3.4789445400,True,,False
S0027_R02,n50_p0.25_d1_uniform_Emedium_V1.25_Hmedium_PWmoderate_B0.10,2702028,50,3,2,5,0.1000000000,2753.1455523614,2515.6190245190,101.9794580945,49.0713306362,0.7500000000,47.8650468856,3.2055370808,True,,False
S0027_R03,n50_p0.25_d1_uniform_Emedium_V1.25_Hmedium_PWmoderate_B0.10,2702029,50,0,0,0,0.0000000000,13015.5863248284,12646.6440283415,391.3886464047,145.1433743061,0.1428571429,111.6507444750,0.0249378681,True,,False
S0027_R03,n50_p0.25_d1_uniform_Emedium_V1.25_Hmedium_PWmoderate_B0.10,2702029,50,1,1,4,0.0800000000,2567.4785384523,2320.9189608006,101.2680542070,41.4922479757,0.5714285714,58.0119839738,5.2328333855,True,,True
S0027_R03,n50_p0.25_d1_uniform_Emedium_V1.25_Hmedium_PWmoderate_B0.10,2702029,50,2,2,5,0.1000000000,3202.0461351394,2959.2742173044,115.0469090773,47.0037899238,0.5714285714,59.9803918124,1.8128728867,True,,False
S0027_R03,n50_p0.25_d1_uniform_Emedium_V1.25_Hmedium_PWmoderate_B0.10,2702029,50,3,3,6,0.1200000000,3199.3189973135,2946.2300167074,114.5251410534,46.6907291095,0.5714285714,64.4449455209,2.3202817440,True,,False
S0027_R04,n50_p0.25_d1_uniform_Emedium_V1.25_Hmedium_PWmoderate_B0.10,2702030,50,0,0,0,0.0000000000,43389.2740748373,42984.1977181243,1581.0876078316,332.1595840762,0.0769230769,180.3201588055,0.0294342041,True,,False
S0027_R04,n50_p0.25_d1_uniform_Emedium_V1.25_Hmedium_PWmoderate_B0.10,2702030,50,1,1,4,0.0800000000,6291.6745339908,6063.9146312657,256.5844777349,68.7757152713,0.4615384615,63.8790223649,4.8905861378,True,,True
S0027_R04,n50_p0.25_d1_uniform_Emedium_V1.25_Hmedium_PWmoderate_B0.10,2702030,50,2,2,7,0.1400000000,5828.9097808250,5592.9666022851,239.7516570213,67.3758847435,0.4615384615,62.1409762614,2.5405139923,True,,False
S0027_R04,n50_p0.25_d1_uniform_Emedium_V1.25_Hmedium_PWmoderate_B0.10,2702030,50,3,3,8,0.1600000000,4813.3014254570,4587.4481169918,201.1332366089,51.6600831114,0.5384615385,58.7245519560,3.2143647671,True,,False
S0027_R05,n50_p0.25_d1_uniform_Emedium_V1.25_Hmedium_PWmoderate_B0.10,2702031,50,0,0,0,0.0000000000,18559.4037235544,18188.1127933155,682.4507168640,175.6102764312,0.3000000000,123.6260133499,0.0280044079,True,,False
S0027_R05,n50_p0.25_d1_uniform_Emedium_V1.25_Hmedium_PWmoderate_B0.10,2702031,50,1,1,6,0.1200000000,5568.7675562052,5331.3058346320,226.1967213474,55.5727997156,0.4000000000,65.9097388250,6.1933479309,True,,True
S0027_R05,n50_p0.25_d1_uniform_Emedium_V1.25_Hmedium_PWmoderate_B0.10,2702031,50,2,2,8,0.1600000000,5707.3042995687,5459.9246958768,230.7026889669,56.0233964776,0.4000000000,65.3289360340,2.3103878498,True,,False
S0027_R05,n50_p0.25_d1_uniform_Emedium_V1.25_Hmedium_PWmoderate_B0.10,2702031,50,3,3,9,0.1800000000,5711.8217229185,5459.9246958768,230.7026889669,56.0233964776,0.4000000000,65.3082906560,2.7423183918,True,,False
S0027_R06,n50_p0.25_d1_uniform_Emedium_V1.25_Hmedium_PWmoderate_B0.10,2702032,50,0,0,0,0.0000000000,13481.3027790245,13111.6370838513,488.9193490100,208.1186998106,0.3333333333,132.8274199443,0.0256733894,True,,False
S0027_R06,n50_p0.25_d1_uniform_Emedium_V1.25_Hmedium_PWmoderate_B0.10,2702032,50,1,1,1,0.0200000000,1781.2827066760,1576.2619095259,70.7506208080,35.3753104040,0.8333333333,47.1318718498,3.4690208435,True,,True
S0027_R06,n50_p0.25_d1_uniform_Emedium_V1.25_Hmedium_PWmoderate_B0.10,2702032,50,2,1,1,0.0200000000,1781.2827066760,1576.2619095259,70.7506208080,35.3753104040,0.8333333333,47.1318718498,1.4786739349,True,,False
S0027_R06,n50_p0.25_d1_uniform_Emedium_V1.25_Hmedium_PWmoderate_B0.10,2702032,50,3,1,1,0.0200000000,1781.2827066760,1576.2619095259,70.7506208080,35.3753104040,0.8333333333,47.1318718498,1.6110632420,True,,False
S0027_R07,n50_p0.25_d1_uniform_Emedium_V1.25_Hmedium_PWmoderate_B0.10,2702033,50,0,0,0,0.0000000000,21290.5246722658,20926.3646566394,849.0791210332,168.8210313801,0.2222222222,150.4904467575,0.0361425877,True,,False
S0027_R07,n50_p0.25_d1_uniform_Emedium_V1.25_Hmedium_PWmoderate_B0.10,2702033,50,1,1,2,0.0400000000,2896.8871535096,2662.4282213117,115.8339648107,42.3206812226,0.6666666667,58.7481289574,3.6642642021,True,,True
S0027_R07,n50_p0.25_d1_uniform_Emedium_V1.25_Hmedium_PWmoderate_B0.10,2702033,50,2,2,6,0.1200000000,3853.0050347961,3614.6462944733,171.7601237308,55.4025247469,0.4444444444,65.5940706922,2.3367228508,True,,False
S0027_R07,n50_p0.25_d1_uniform_Emedium_V1.25_Hmedium_PWmoderate_B0.10,2702033,50,3,2,5,0.1000000000,4900.1561989386,4663.3273506859,226.4524256961,67.1503074544,0.5555555556,70.1380219198,2.1770665646,True,,False
S0027_R08,n50_p0.25_d1_uniform_Emedium_V1.25_Hmedium_PWmoderate_B0.10,2702034,50,0,0,0,0.0000000000,17533.6783294786,17170.0767673529,492.6312930246,126.2167771947,0.0000000000,142.0480317042,0.0245695114,True,,False
S0027_R08,n50_p0.25_d1_uniform_Emedium_V1.25_Hmedium_PWmoderate_B0.10,2702034,50,1,1,5,0.1000000000,1285.6758283076,1054.7498900659,27.0773081270,13.5386540635,0.8333333333,50.5793992855,7.1112942696,True,,True
S0027_R08,n50_p0.25_d1_uniform_Emedium_V1.25_Hmedium_PWmoderate_B0.10,2702034,50,2,2,7,0.1400000000,1349.5926675435,1099.6154881797,26.3323519790,13.1661759895,0.8333333333,49.4775344778,2.5875186920,True,,False
S0027_R08,n50_p0.25_d1_uniform_Emedium_V1.25_Hmedium_PWmoderate_B0.10,2702034,50,3,2,7,0.1400000000,2354.3461178592,2123.6322156416,70.8254822070,35.4127411035,0.6666666667,57.8679219257,2.6023683548,True,,False
S0027_R09,n50_p0.25_d1_uniform_Emedium_V1.25_Hmedium_PWmoderate_B0.10,2702035,50,0,0,0,0.0000000000,16845.1480212449,16480.7140306286,412.9504781292,135.2307624045,0.1428571429,114.4384979997,0.0315618515,True,,False
S0027_R09,n50_p0.25_d1_uniform_Emedium_V1.25_Hmedium_PWmoderate_B0.10,2702035,50,1,1,3,0.0600000000,6389.7718403199,6133.8407088719,252.9013858259,83.9385763757,0.2857142857,84.3689530537,4.9447669983,True,,True
S0027_R09,n50_p0.25_d1_uniform_Emedium_V1.25_Hmedium_PWmoderate_B0.10,2702035,50,2,2,6,0.1200000000,6014.2938265514,5748.1006829834,238.5130053519,78.9918511281,0.4285714286,79.4264782437,2.5359029770,True,,False
S0027_R09,n50_p0.25_d1_uniform_Emedium_V1.25_Hmedium_PWmoderate_B0.10,2702035,50,3,3,8,0.1600000000,7464.3690649731,7189.8248762659,285.5146018171,96.4312699618,0.4285714286,84.4529590599,2.9432773590,True,,False
S0027_R10,n50_p0.25_d1_uniform_Emedium_V1.25_Hmedium_PWmoderate_B0.10,2702036,50,0,0,0,0.0000000000,20026.2074380620,19674.3365899303,814.9589764403,194.0105700384,0.1111111111,148.9216093100,0.0274391174,True,,False
S0027_R10,n50_p0.25_d1_uniform_Emedium_V1.25_Hmedium_PWmoderate_B0.10,2702036,50,1,1,5,0.1000000000,5530.0568761235,5307.2181358415,248.4632402984,73.7275758270,0.4444444444,72.4607227817,4.3430235386,True,,True
S0027_R10,n50_p0.25_d1_uniform_Emedium_V1.25_Hmedium_PWmoderate_B0.10,2702036,50,2,2,5,0.1000000000,7463.6076031369,7229.8144513986,346.1901508249,102.4360093246,0.4444444444,83.3192683958,1.9706954956,True,,False
S0027_R10,n50_p0.25_d1_uniform_Emedium_V1.25_Hmedium_PWmoderate_B0.10,2702036,50,3,2,7,0.1400000000,6952.3526053234,6716.0061546967,320.4997359898,102.4360093246,0.5555555556,78.3391664007,2.4810025692,True,,False
S0028_R01,n50_p0.25_d1_clustered_Emedium_V1.25_Hmedium_PWstrict_B0.10,2802027,50,0,0,0,0.0000000000,371464.6710020330,371306.7673106480,1584.6131669862,251.2060562562,0.0833333333,191.2933730476,0.0597915649,True,,False
S0028_R01,n50_p0.25_d1_clustered_Emedium_V1.25_Hmedium_PWstrict_B0.10,2802027,50,1,1,9,0.1800000000,38797.7300082917,38696.1173021762,192.5977105390,56.3655369937,0.5000000000,64.6198690400,10.2130799294,True,,True
S0028_R01,n50_p0.25_d1_clustered_Emedium_V1.25_Hmedium_PWstrict_B0.10,2802027,50,2,2,11,0.2200000000,31565.4989001789,31457.9055979237,157.2895279896,39.0337483139,0.5833333333,57.7074070196,8.4208672047,True,,False
S0028_R01,n50_p0.25_d1_clustered_Emedium_V1.25_Hmedium_PWstrict_B0.10,2802027,50,3,2,11,0.2200000000,31565.4989001789,31457.9055979237,157.2895279896,39.0337483139,0.5833333333,57.7074070196,8.2025201321,True,,False
S0028_R02,n50_p0.25_d1_clustered_Emedium_V1.25_Hmedium_PWstrict_B0.10,2802028,50,0,0,0,0.0000000000,339445.6426852711,339267.3974456310,1244.1392627458,315.6071481145,0.1111111111,195.9448474626,0.0462257862,True,,False
S0028_R02,n50_p0.25_d1_clustered_Emedium_V1.25_Hmedium_PWstrict_B0.10,2802028,50,1,1,12,0.2400000000,13203.0102655108,13053.1630752910,65.2658153765,21.9862495472,0.6666666667,46.0070424489,17.6512551308,True,,True
S0028_R02,n50_p0.25_d1_clustered_Emedium_V1.25_Hmedium_PWstrict_B0.10,2802028,50,2,2,12,0.2400000000,13211.6398339721,13053.1630752910,65.2658153765,21.9862495472,0.6666666667,50.0016081993,8.5192968845,True,,False
S0028_R02,n50_p0.25_d1_clustered_Emedium_V1.25_Hmedium_PWstrict_B0.10,2802028,50,3,2,12,0.2400000000,13211.6398339721,13053.1630752910,65.2658153765,21.9862495472,0.6666666667,50.0016081993,7.8189213276,True,,False
S0028_R03,n50_p0.25_d1_clustered_Emedium_V1.25_Hmedium_PWstrict_B0.10,2802029,50,0,0,0,0.0000000000,345780.5747596860,345601.2064062635,1483.1793730299,300.8147791859,0.0000000000,245.4149953333,0.0387477875,True,,False
S0028_R03,n50_p0.25_d1_clustered_Emedium_V1.25_Hmedium_PWstrict_B0.10,2802029,50,1,1,11,0.2200000000,43617.1159090656,43512.7049442365,213.3850317849,52.0255297649,0.3750000000,76.9608209179,14.4682414532,True,,True
S0028_R03,n50_p0.25_d1_clustered_Emedium_V1.25_Hmedium_PWstrict_B0.10,2802029,50,2,2,11,0.2200000000,44237.0011620995,44122.4997101562,216.3527363253,52.9158411270,0.3750000000,76.8222760454,8.1940655708,True,,False
S0028_R03,n50_p0.25_d1_clustered_Emedium_V1.25_Hmedium_PWstrict_B0.10,2802029,50,3,2,11,0.2200000000,44237.0011620995,44122.4997101562,216.3527363253,52.9158411270,0.3750000000,76.8222760454,11.7160954475,True,,False
S0028_R04,n50_p0.25_d1_clustered_Emedium_V1.25_Hmedium_PWstrict_B0.10,2802030,50,0,0,0,0.0000000000,318335.7034481797,318171.1645730462,1216.0754034554,245.8884652865,0.1111111111,192.9127454036,0.0402553082,True,,False
S0028_R04,n50_p0.25_d1_clustered_Emedium_V1.25_Hmedium_PWstrict_B0.10,2802030,50,1,1,10,0.2000000000,18770.3396155823,18625.0482703616,93.1252413518,28.8965327658,0.4444444444,58.6735746728,17.2291822433,True,,True
S0028_R04,n50_p0.25_d1_clustered_Emedium_V1.25_Hmedium_PWstrict_B0.10,2802030,50,2,2,12,0.2400000000,29736.9796764270,29577.4570500755,147.8872852504,35.8494828239,0.2222222222,70.1813035705,12.9979696274,True,,False
S0028_R04,n50_p0.25_d1_clustered_Emedium_V1.25_Hmedium_PWstrict_B0.10,2802030,50,3,2,12,0.2400000000,29736.9796764270,29577.4570500755,147.8872852504,35.8494828239,0.2222222222,70.1813035705,14.0536193848,True,,False
S0028_R05,n50_p0.25_d1_clustered_Emedium_V1.25_Hmedium_PWstrict_B0.10,2802031,50,0,0,0,0.0000000000,116929.1134510938,116776.7686142800,393.7141845384,122.4239904268,0.2857142857,109.5114254704,0.0304977894,True,,False
S0028_R05,n50_p0.25_d1_clustered_Emedium_V1.25_Hmedium_PWstrict_B0.10,2802031,50,1,1,11,0.2200000000,13538.1934142662,13431.4199425892,63.7096767568,22.9666232573,0.4285714286,58.7158952774,21.7421095371,True,,True
S0028_R05,n50_p0.25_d1_clustered_Emedium_V1.25_Hmedium_PWstrict_B0.10,2802031,50,2,2,11,0.2200000000,13547.3730282463,13431.4199425892,63.7096767568,22.9666232573,0.4285714286,57.8768277408,7.0004110336,True,,False
S0028_R05,n50_p0.25_d1_clustered_Emedium_V1.25_Hmedium_PWstrict_B0.10,2802031,50,3,2,11,0.2200000000,13547.3730282463,13431.4199425892,63.7096767568,22.9666232573,0.4285714286,57.8768277408,7.1173636913,True,,False
S0028_R06,n50_p0.25_d1_clustered_Emedium_V1.25_Hmedium_PWstrict_B0.10,2802032,50,0,0,0,0.0000000000,495041.6462331337,494878.4938314980,2243.1866842898,286.2718841233,0.0000000000,220.1043330884,0.0368223190,True,,False
S0028_R06,n50_p0.25_d1_clustered_Emedium_V1.25_Hmedium_PWstrict_B0.10,2802032,50,1,1,10,0.2000000000,17257.5481842332,17114.2110390940,85.5710551955,19.8446743644,0.6428571429,52.4552269778,9.4853818417,True,,True
S0028_R06,n50_p0.25_d1_clustered_Emedium_V1.25_Hmedium_PWstrict_B0.10,2802032,50,2,2,12,0.2400000000,23730.6407701500,23579.8108911825,117.8990544559,35.2300238487,0.7857142857,50.7662799480,8.9821059704,True,,False
S0028_R06,n50_p0.25_d1_clustered_Emedium_V1.25_Hmedium_PWstrict_B0.10,2802032,50,3,2,12,0.2400000000,23730.6407701500,23579.8108911825,117.8990544559,35.2300238487,0.7857142857,50.7662799480,8.8659210205,True,,False
S0028_R07,n50_p0.25_d1_clustered_Emedium_V1.25_Hmedium_PWstrict_B0.10,2802033,50,0,0,0,0.0000000000,283479.9877700151,283315.7684341987,1207.8781112070,279.3211314135,0.2222222222,188.5155453391,0.0316288471,True,,False
S0028_R07,n50_p0.25_d1_clustered_Emedium_V1.25_Hmedium_PWstrict_B0.10,2802033,50,1,1,7,0.1400000000,48293.7430467599,48189.3249482991,240.9466247415,59.2935346454,0.4444444444,76.0623636218,15.4146013260,True,,True
S0028_R07,n50_p0.25_d1_clustered_Emedium_V1.25_Hmedium_PWstrict_B0.10,2802033,50,2,2,10,0.2000000000,45162.0746752181,45048.4065322210,225.2420326611,55.6515089529,0.4444444444,74.0717980024,7.9351692200,True,,False
S0028_R07,n50_p0.25_d1_clustered_Emedium_V1.25_Hmedium_PWstrict_B0.10,2802033,50,3,2,10,0.2000000000,45162.0746752181,45048.4065322210,225.2420326611,55.6515089529,0.4444444444,74.0717980024,7.4774029255,True,,False
S0028_R08,n50_p0.25_d1_clustered_Emedium_V1.25_Hmedium_PWstrict_B0.10,2802034,50,0,0,0,0.0000000000,150817.4866702776,150641.8532457737,440.0333409288,244.5912420572,0.0000000000,206.7256298928,0.0306336880,True,,False
S0028_R08,n50_p0.25_d1_clustered_Emedium_V1.25_Hmedium_PWstrict_B0.10,2802034,50,1,1,4,0.0800000000,4902.4991160021,4750.9718304701,23.7548591524,19.0038873219,0.6666666667,53.3066288922,15.4591765404,True,,True
S0028_R08,n50_p0.25_d1_clustered_Emedium_V1.25_Hmedium_PWstrict_B0.10,2802034,50,2,2,11,0.2200000000,5973.0922516485,5853.7582126121,26.9684860187,21.5747888150,0.6666666667,53.8701630298,6.8891429901,True,,False
S0028_R08,n50_p0.25_d1_clustered_Emedium_V1.25_Hmedium_PWstrict_B0.10,2802034,50,3,2,11,0.2200000000,5973.0922516485,5853.7582126121,26.9684860187,21.5747888150,0.6666666667,53.8701630298,7.3619918823,True,,False
S0028_R09,n50_p0.25_d1_clustered_Emedium_V1.25_Hmedium_PWstrict_B0.10,2802035,50,0,0,0,,,,,,,,0.0273902416,False,,False
S0028_R09,n50_p0.25_d1_clustered_Emedium_V1.25_Hmedium_PWstrict_B0.10,2802035,50,1,1,10,0.2000000000,140.8257304043,0.0000000000,0.0000000000,0.0000000000,1.0000000000,35.5312323891,8.5822763443,True,,True
S0028_R09,n50_p0.25_d1_clustered_Emedium_V1.25_Hmedium_PWstrict_B0.10,2802035,50,2,2,11,0.2200000000,9698.1030981968,9555.3407576810,47.5035374150,0.0000000000,0.9090909091,40.7718930474,8.2804784775,True,,False
S0028_R09,n50_p0.25_d1_clustered_Emedium_V1.25_Hmedium_PWstrict_B0.10,2802035,50,3,2,11,0.2200000000,9698.1030981968,9555.3407576810,47.5035374150,0.0000000000,0.9090909091,40.7718930474,8.5018613338,True,,False
S0028_R10,n50_p0.25_d1_clustered_Emedium_V1.25_Hmedium_PWstrict_B0.10,2802036,50,0,0,0,0.0000000000,435359.3753228882,435161.9717584958,1840.4360433430,303.3242270626,0.0909090909,224.7475780868,0.0299179554,True,,False
S0028_R10,n50_p0.25_d1_clustered_Emedium_V1.25_Hmedium_PWstrict_B0.10,2802036,50,1,1,4,0.0800000000,42363.9601116741,42205.5156411777,203.6990831846,58.7909865184,0.6363636364,63.7361112151,19.1659433842,True,,True
S0028_R10,n50_p0.25_d1_clustered_Emedium_V1.25_Hmedium_PWstrict_B0.10,2802036,50,2,2,10,0.2000000000,48279.8630945275,48189.8081424516,234.4512847169,54.6301246680,0.5454545455,68.4267072929,7.8496062756,True,,False
S0028_R10,n50_p0.25_d1_clustered_Emedium_V1.25_Hmedium_PWstrict_B0.10,2802036,50,3,2,10,0.2000000000,48279.8630945275,48189.8081424516,234.4512847169,54.6301246680,0.5454545455,68.4267072929,7.6522073746,True,,False
S0029_R01,n50_p0.25_d2_clustered_Emedium_V2.00_Hshort_PWstrict_B0.10,2902027,50,0,0,0,0.0000000000,427329.7607205844,427159.1016194653,1764.3736029179,272.7534781580,0.0000000000,236.4352880922,0.0299456120,True,,False
S0029_R01,n50_p0.25_d2_clustered_Emedium_V2.00_Hshort_PWstrict_B0.10,2902027,50,1,1,12,0.2400000000,22868.5259179311,22724.4563487888,112.6432899384,42.8797054957,0.7000000000,55.0064744434,6.9754357338,True,,False
S0029_R01,n50_p0.25_d2_clustered_Emedium_V2.00_Hshort_PWstrict_B0.10,2902027,50,2,1,12,0.2400000000,22868.5259179311,22724.4563487888,112.6432899384,42.8797054957,0.7000000000,55.0064744434,11.5227329731,True,,True
S0029_R01,n50_p0.25_d2_clustered_Emedium_V2.00_Hshort_PWstrict_B0.10,2902027,50,3,1,12,0.2400000000,22868.5259179311,22724.4563487888,112.6432899384,42.8797054957,0.7000000000,55.0064744434,7.8892118931,True,,False
S0029_R02,n50_p0.25_d2_clustered_Emedium_V2.00_Hshort_PWstrict_B0.10,2902028,50,0,0,0,0.0000000000,253562.4188305903,253418.7864740177,1085.4471051000,222.6524549906,0.1111111111,178.7522873982,0.0430727005,True,,False
S0029_R02,n50_p0.25_d2_clustered_Emedium_V2.00_Hshort_PWstrict_B0.10,2902028,50,1,1,11,0.2200000000,24582.2279856406,24482.3094814769,122.4115474074,41.2518775243,0.6666666667,56.0875688859,7.1539015770,True,,False
S0029_R02,n50_p0.25_d2_clustered_Emedium_V2.00_Hshort_PWstrict_B0.10,2902028,50,2,1,11,0.2200000000,24582.2279856406,24482.3094814769,122.4115474074,41.2518775243,0.6666666667,56.0875688859,21.7405610085,True,,True
S0029_R02,n50_p0.25_d2_clustered_Emedium_V2.00_Hshort_PWstrict_B0.10,2902028,50,3,1,11,0.2200000000,24582.2279856406,24482.3094814769,122.4115474074,41.2518775243,0.6666666667,56.0875688859,7.5570449829,True,,False
S0029_R03,n50_p0.25_d2_clustered_Emedium_V2.00_Hshort_PWstrict_B0.10,2902029,50,0,0,0,0.0000000000,727207.9248955324,727033.0106843443,3481.2760691078,293.6815742113,0.0000000000,264.7717827382,0.0274832249,True,,False
S0029_R03,n50_p0.25_d2_clustered_Emedium_V2.00_Hshort_PWstrict_B0.10,2902029,50,1,1,11,0.2200000000,53380.0559020563,53266.2569397282,260.7068716233,41.6603641741,0.4117647059,61.7024285162,7.5740110874,True,,False
S0029_R03,n50_p0.25_d2_clustered_Emedium_V2.00_Hshort_PWstrict_B0.10,2902029,50,2,1,11,0.2200000000,53380.0559020563,53266.2569397282,260.7068716233,41.6603641741,0.4117647059,61.7024285162,19.1849987507,True,,True
S0029_R03,n50_p0.25_d2_clustered_Emedium_V2.00_Hshort_PWstrict_B0.10,2902029,50,3,1,11,0.2200000000,53380.0559020563,53266.2569397282,260.7068716233,41.6603641741,0.4117647059,61.7024285162,8.3742220402,True,,False
S0029_R04,n50_p0.25_d2_clustered_Emedium_V2.00_Hshort_PWstrict_B0.10,2902030,50,0,0,0,0.0000000000,341890.8390035550,341715.4573593633,1273.7466219253,297.0829079122,0.1250000000,218.5006914256,0.0258626938,True,,False
S0029_R04,n50_p0.25_d2_clustered_Emedium_V2.00_Hshort_PWstrict_B0.10,2902030,50,1,1,8,0.1600000000,26243.2272745816,26136.5013117234,122.3245017338,46.6102347817,0.6250000000,55.5046539707,8.0358304977,True,,False
S0029_R04,n50_p0.25_d2_clustered_Emedium_V2.00_Hshort_PWstrict_B0.10,2902030,50,2,1,8,0.1600000000,26243.2272745816,26136.5013117234,122.3245017338,46.6102347817,0.6250000000,55.5046539707,9.1054501534,True,,True
S0029_R04,n50_p0.25_d2_clustered_Emedium_V2.00_Hshort_PWstrict_B0.10,2902030,50,3,1,8,0.1600000000,26243.2272745816,26136.5013117234,122.3245017338,46.6102347817,0.6250000000,55.5046539707,8.1601617336,True,,False
S0029_R05,n50_p0.25_d2_clustered_Emedium_V2.00_Hshort_PWstrict_B0.10,2902031,50,0,0,0,0.0000000000,336719.9396929764,336539.1726272698,1334.8502100936,315.5730001050,0.3000000000,187.1092506873,0.0232501030,True,,False
S0029_R05,n50_p0.25_d2_clustered_Emedium_V2.00_Hshort_PWstrict_B0.10,2902031,50,1,1,11,0.2200000000,38323.6865190059,38220.8920207610,190.2988856886,46.0096258868,0.4000000000,64.9379008241,7.1093695164,True,,False
S0029_R05,n50_p0.25_d2_clustered_Emedium_V2.00_Hshort_PWstrict_B0.10,2902031,50,2,1,11,0.2200000000,38323.6865190059,38220.8920207610,190.2988856886,46.0096258868,0.4000000000,64.9379008241,9.2673840523,True,,True
S0029_R05,n50_p0.25_d2_clustered_Emedium_V2.00_Hshort_PWstrict_B0.10,2902031,50,3,1,11,0.2200000000,38323.6865190059,38220.8920207610,190.2988856886,46.0096258868,0.4000000000,64.9379008241,8.0621433258,True,,False
S0029_R06,n50_p0.25_d2_clustered_Emedium_V2.00_Hshort_PWstrict_B0.10,2902032,50,0,0,0,0.0000000000,318333.0765392067,318172.4925178837,1413.0994979125,244.8176599050,0.0000000000,201.3285108725,0.0304167271,True,,False
S0029_R06,n50_p0.25_d2_clustered_Emedium_V2.00_Hshort_PWstrict_B0.10,2902032,50,1,1,11,0.2200000000,20398.0663836475,20298.9780957015,100.9680792783,30.2277118992,0.6000000000,49.9729772395,8.3592441082,True,,False
S0029_R06,n50_p0.25_d2_clustered_Emedium_V2.00_Hshort_PWstrict_B0.10,2902032,50,2,1,11,0.2200000000,20398.0663836475,20298.9780957015,100.9680792783,30.2277118992,0.6000000000,49.9729772395,27.8267114162,True,,True
S0029_R06,n50_p0.25_d2_clustered_Emedium_V2.00_Hshort_PWstrict_B0.10,2902032,50,3,1,11,0.2200000000,20398.0663836475,20298.9780957015,100.9680792783,30.2277118992,0.6000000000,49.9729772395,8.9077093601,True,,False
S0029_R07,n50_p0.25_d2_clustered_Emedium_V2.00_Hshort_PWstrict_B0.10,2902033,50,0,0,0,0.0000000000,419328.6877417238,419145.6178996015,1678.6334967861,340.8538530883,0.0000000000,246.4951980098,0.0323581696,True,,False
S0029_R07,n50_p0.25_d2_clustered_Emedium_V2.00_Hshort_PWstrict_B0.10,2902033,50,1,1,11,0.2200000000,55910.0269873038,55801.9057651312,278.4185520913,72.9106516688,0.4444444444,79.2499023755,6.8292021751,True,,False
S0029_R07,n50_p0.25_d2_clustered_Emedium_V2.00_Hshort_PWstrict_B0.10,2902033,50,2,1,11,0.2200000000,55910.0269873038,55801.9057651312,278.4185520913,72.9106516688,0.4444444444,79.2499023755,20.9433562756,True,,True
S0029_R07,n50_p0.25_d2_clustered_Emedium_V2.00_Hshort_PWstrict_B0.10,2902033,50,3,1,11,0.2200000000,55910.0269873038,55801.9057651312,278.4185520913,72.9106516688,0.4444444444,79.2499023755,7.6082229614,True,,False
S0029_R08,n50_p0.25_d2_clustered_Emedium_V2.00_Hshort_PWstrict_B0.10,2902034,50,0,0,0,,,,,,,,0.0328247547,False,,False
S0029_R08,n50_p0.25_d2_clustered_Emedium_V2.00_Hshort_PWstrict_B0.10,2902034,50,1,1,11,0.2200000000,75039.6551623367,74902.7733947168,372.7767089217,64.1538885446,0.4285714286,72.6880890677,7.6697239876,True,,False
S0029_R08,n50_p0.25_d2_clustered_Emedium_V2.00_Hshort_PWstrict_B0.10,2902034,50,2,1,11,0.2200000000,75039.6551623367,74902.7733947168,372.7767089217,64.1538885446,0.4285714286,72.6880890677,11.8602113724,True,,True
S0029_R08,n50_p0.25_d2_clustered_Emedium_V2.00_Hshort_PWstrict_B0.10,2902034,50,3,1,11,0.2200000000,75039.6551623367,74902.7733947168,372.7767089217,64.1538885446,0.4285714286,72.6880890677,8.0219655037,True,,False
S0029_R09,n50_p0.25_d2_clustered_Emedium_V2.00_Hshort_PWstrict_B0.10,2902035,50,0,0,0,0.0000000000,410283.7136099616,410114.1074758001,1721.1854309319,285.5195637717,0.0909090909,214.9588192940,0.0241048336,True,,False
S0029_R09,n50_p0.25_d2_clustered_Emedium_V2.00_Hshort_PWstrict_B0.10,2902035,50,1,1,12,0.2400000000,18970.7368025055,18819.6697770694,94.0983488853,38.2978253431,0.7272727273,49.7679943155,8.5328128338,True,,False
S0029_R09,n50_p0.25_d2_clustered_Emedium_V2.00_Hshort_PWstrict_B0.10,2902035,50,2,1,12,0.2400000000,18970.7368025055,18819.6697770694,94.0983488853,38.2978253431,0.7272727273,49.7679943155,17.6239771843,True,,True
S0029_R09,n50_p0.25_d2_clustered_Emedium_V2.00_Hshort_PWstrict_B0.10,2902035,50,3,1,12,0.2400000000,18970.7368025055,18819.6697770694,94.0983488853,38.2978253431,0.7272727273,49.7679943155,10.0949869156,True,,False
S0029_R10,n50_p0.25_d2_clustered_Emedium_V2.00_Hshort_PWstrict_B0.10,2902036,50,0,0,0,0.0000000000,431331.4795767540,431183.3834872021,1892.1103134297,248.4090806076,0.2000000000,183.3386036504,0.0412142277,True,,False
S0029_R10,n50_p0.25_d2_clustered_Emedium_V2.00_Hshort_PWstrict_B0.10,2902036,50,1,1,11,0.2200000000,70659.1434891194,70557.7609538250,352.7888047691,56.0347742020,0.4000000000,75.2508770547,8.0563173294,True,,False
S0029_R10,n50_p0.25_d2_clustered_Emedium_V2.00_Hshort_PWstrict_B0.10,2902036,50,2,1,11,0.2200000000,70659.1434891194,70557.7609538250,352.7888047691,56.0347742020,0.4000000000,75.2508770547,28.7177271843,True,,True
S0029_R10,n50_p0.25_d2_clustered_Emedium_V2.00_Hshort_PWstrict_B0.10,2902036,50,3,1,11,0.2200000000,70659.1434891194,70557.7609538250,352.7888047691,56.0347742020,0.4000000000,75.2508770547,8.4741725922,True,,False
S0030_R01,n50_p0.25_d1_uniform_Emedium_V2.00_Hmedium_PWmoderate_B0.10,3002027,50,0,0,0,0.0000000000,17564.7410749086,17173.5525096077,646.5618533727,130.8718277479,0.0000000000,131.8275557243,0.0241091251,True,,False
S0030_R01,n50_p0.25_d1_uniform_Emedium_V2.00_Hmedium_PWmoderate_B0.10,3002027,50,1,1,7,0.1400000000,1463.9144600041,1212.8634864318,53.3283468748,13.1210210810,0.6666666667,47.5982849235,8.4025082588,True,,True
S0030_R01,n50_p0.25_d1_uniform_Emedium_V2.00_Hmedium_PWmoderate_B0.10,3002027,50,2,2,10,0.2000000000,2678.8922764135,2416.5399384958,111.5426554444,34.0782814837,0.4444444444,61.9815824651,2.9820356369,True,,False
S0030_R01,n50_p0.25_d1_uniform_Emedium_V2.00_Hmedium_PWmoderate_B0.10,3002027,50,3,2,10,0.2000000000,2678.8922764135,2416.5399384958,111.5426554444,34.0782814837,0.4444444444,61.9815824651,3.4850444794,True,,False
S0030_R02,n50_p0.25_d1_uniform_Emedium_V2.00_Hmedium_PWmoderate_B0.10,3002028,50,0,0,0,0.0000000000,22434.4065544510,22049.5808547914,712.7493260390,218.2418244697,0.4545454545,111.8001055997,0.0443904400,True,,False
S0030_R02,n50_p0.25_d1_uniform_Emedium_V2.00_Hmedium_PWmoderate_B0.10,3002028,50,1,1,8,0.1600000000,5270.4098920002,5036.4112082456,233.5363782363,55.0065576832,0.5454545455,61.0832500515,10.1658594608,True,,True
S0030_R02,n50_p0.25_d1_uniform_Emedium_V2.00_Hmedium_PWmoderate_B0.10,3002028,50,2,2,12,0.2400000000,4689.6865248944,4440.9225476266,208.6583876502,46.7051594444,0.5454545455,60.1544535426,3.8759071827,True,,False
S0030_R02,n50_p0.25_d1_uniform_Emedium_V2.00_Hmedium_PWmoderate_B0.10,3002028,50,3,2,12,0.2400000000,4891.6676822013,4648.4575035958,216.9597858890,55.0065576832,0.5454545455,59.5762871108,3.7637846470,True,,False
S0030_R03,n50_p0.25_d1_uniform_Emedium_V2.00_Hmedium_PWmoderate_B0.10,3002029,50,0,0,0,0.0000000000,19624.8253511443,19264.7287391088,769.6283877416,211.4884388175,0.2500000000,154.8114401147,0.0286412239,True,,False
S0030_R03,n50_p0.25_d1_uniform_Emedium_V2.00_Hmedium_PWmoderate_B0.10,3002029,50,1,1,4,0.0800000000,2330.5846580516,2106.2945661264,93.0314165886,38.1236818702,0.7500000000,51.2897203085,2.1973993778,True,,True
S0030_R03,n50_p0.25_d1_uniform_Emedium_V2.00_Hmedium_PWmoderate_B0.10,3002029,50,2,2,9,0.1800000000,2274.2400266513,2038.8019870100,90.3317134240,36.7738302879,0.7500000000,52.4411500860,3.2488543987,True,,False
S0030_R03,n50_p0.25_d1_uniform_Emedium_V2.00_Hmedium_PWmoderate_B0.10,3002029,50,3,2,9,0.1800000000,2274.2400266513,2038.8019870100,90.3317134240,36.7738302879,0.7500000000,52.4411500860,3.5460772514,True,,False
S0030_R04,n50_p0.25_d1_uniform_Emedium_V2.00_Hmedium_PWmoderate_B0.10,3002030,50,0,0,0,0.0000000000,21844.8178602005,21479.1211000024,736.1525355383,243.2869549986,0.2500000000,144.1826207952,0.0306615829,True,,False
S0030_R04,n50_p0.25_d1_uniform_Emedium_V2.00_Hmedium_PWmoderate_B0.10,3002030,50,1,1,9,0.1800000000,3851.7968724865,3617.3610262575,180.8680513129,73.4949584808,0.6250000000,63.2015002126,6.9946956635,True,,True
S0030_R04,n50_p0.25_d1_uniform_Emedium_V2.00_Hmedium_PWmoderate_B0.10,3002030,50,2,2,10,0.2000000000,3858.3394745475,3617.3610262575,180.8680513129,73.4949584808,0.6250000000,65.1508618821,3.4458813667,True,,False
S0030_R04,n50_p0.25_d1_uniform_Emedium_V2.00_Hmedium_PWmoderate_B0.10,3002030,50,3,3,10,0.2000000000,3871.3824954538,3617.3610262575,180.8680513129,73.4949584808,0.6250000000,65.1508618821,3.3467102051,True,,False
S0030_R05,n50_p0.25_d1_uniform_Emedium_V2.00_Hmedium_PWmoderate_B0.10,3002031,50,0,0,0,0.0000000000,26099.3407217222,25745.7552729404,955.6667391995,263.8722765812,0.2857142857,194.0433631693,0.0320322514,True,,False
S0030_R05,n50_p0.25_d1_uniform_Emedium_V2.00_Hmedium_PWmoderate_B0.10,3002031,50,1,1,9,0.1800000000,3311.0813485730,3074.8989845143,127.7975518946,47.2073882054,0.5714285714,60.1316164782,9.2601008415,True,,True
S0030_R05,n50_p0.25_d1_uniform_Emedium_V2.00_Hmedium_PWmoderate_B0.10,3002031,50,2,2,10,0.2000000000,3252.2992879277,3019.1270012201,127.7975518946,47.2073882054,0.5714285714,53.5515260887,3.4434189796,True,,False
S0030_R05,n50_p0.25_d1_uniform_Emedium_V2.00_Hmedium_PWmoderate_B0.10,3002031,50,3,3,12,0.2400000000,3246.1364887371,2997.0774201168,127.1675638631,47.2073882054,0.5714285714,51.8837743834,3.5105283260,True,,False
S0030_R06,n50_p0.25_d1_uniform_Emedium_V2.00_Hmedium_PWmoderate_B0.10,3002032,50,0,0,0,0.0000000000,28474.1975738457,28087.6152681255,1114.5569882992,242.7444231825,0.0909090909,156.9582818843,0.0285792351,True,,False
S0030_R06,n50_p0.25_d1_uniform_Emedium_V2.00_Hmedium_PWmoderate_B0.10,3002032,50,1,1,9,0.1800000000,4846.2284934467,4608.9574052498,223.1447764935,49.9182422652,0.5454545455,62.3955157767,10.9942238331,True,,True
S0030_R06,n50_p0.25_d1_uniform_Emedium_V2.00_Hmedium_PWmoderate_B0.10,3002032,50,2,2,11,0.2200000000,4838.8818137714,4608.9574052498,223.1447764935,49.9182422652,0.5454545455,62.2092771159,3.3780472279,True,,False
S0030_R06,n50_p0.25_d1_uniform_Emedium_V2.00_Hmedium_PWmoderate_B0.10,3002032,50,3,2,11,0.2200000000,4838.8818137714,4608.9574052498,223.1447764935,49.9182422652,0.5454545455,62.2092771159,3.6760115623,True,,False
S0030_R07,n50_p0.25_d1_uniform_Emedium_V2.00_Hmedium_PWmoderate_B0.10,3002033,50,0,0,0,0.0000000000,19281.5931738748,18911.8365352960,753.9986157345,189.9630355264,0.1111111111,140.9257538962,0.0278248787,True,,False
S0030_R07,n50_p0.25_d1_uniform_Emedium_V2.00_Hmedium_PWmoderate_B0.10,3002033,50,1,1,5,0.1000000000,4967.9428862613,4739.3242603123,220.0870084713,89.4701689916,0.5555555556,68.1009495046,5.7838852406,True,,True
S0030_R07,n50_p0.25_d1_uniform_Emedium_V2.00_Hmedium_PWmoderate_B0.10,3002033,50,2,2,10,0.2000000000,4442.0595043396,4205.4926774778,203.5184912159,85.9415639186,0.5555555556,63.4101073656,3.3169963360,True,,False
S0030_R07,n50_p0.25_d1_uniform_Emedium_V2.00_Hmedium_PWmoderate_B0.10,3002033,50,3,2,10,0.2000000000,4442.0595043396,4205.4926774778,203.5184912159,85.9415639186,0.5555555556,63.4101073656,3.2479374409,True,,False
S0030_R08,n50_p0.25_d1_uniform_Emedium_V2.00_Hmedium_PWmoderate_B0.10,3002034,50,0,0,0,0.0000000000,29007.1967691485,28658.1553232357,1226.6464703058,291.5338982479,0.2727272727,167.9742530096,0.0279991627,True,,False
S0030_R08,n50_p0.25_d1_uniform_Emedium_V2.00_Hmedium_PWmoderate_B0.10,3002034,50,1,1,2,0.0400000000,5115.0790936844,4894.7231340029,218.1340847366,41.9155895931,0.5454545455,69.7193852156,3.5875637531,True,,True
S0030_R08,n50_p0.25_d1_uniform_Emedium_V2.00_Hmedium_PWmoderate_B0.10,3002034,50,2,1,2,0.0400000000,5115.0790936844,4894.7231340029,218.1340847366,41.9155895931,0.5454545455,69.7193852156,1.7623798847,True,,False
S0030_R08,n50_p0.25_d1_uniform_Emedium_V2.00_Hmedium_PWmoderate_B0.10,3002034,50,3,3,12,0.2400000000,4692.5467328167,4453.9326883656,222.6966344183,55.1435033894,0.4545454545,62.3205234498,1.8242888451,True,,False
S0030_R09,n50_p0.25_d1_uniform_Emedium_V2.00_Hmedium_PWmoderate_B0.10,3002035,50,0,0,0,0.0000000000,16210.7440680887,15834.1658072883,590.7647561846,152.2356738953,0.1428571429,137.9038383526,0.0267114639,True,,False
S0030_R09,n50_p0.25_d1_uniform_Emedium_V2.00_Hmedium_PWmoderate_B0.10,3002035,50,1,1,6,0.1200000000,1296.6407824352,1053.7731067114,48.0341292596,20.2167088646,0.7142857143,46.4576382922,6.1638841629,True,,True
S0030_R09,n50_p0.25_d1_uniform_Emedium_V2.00_Hmedium_PWmoderate_B0.10,3002035,50,2,2,11,0.2200000000,1215.7881595571,963.1466662824,46.6387883738,19.6585725103,0.7142857143,46.7080750963,3.0063624382,True,,False
S0030_R09,n50_p0.25_d1_uniform_Emedium_V2.00_Hmedium_PWmoderate_B0.10,3002035,50,3,2,11,0.2200000000,1215.7881595571,963.1466662824,46.6387883738,19.6585725103,0.7142857143,46.7080750963,3.6328408718,True,,False
S0030_R10,n50_p0.25_d1_uniform_Emedium_V2.00_Hmedium_PWmoderate_B0.10,3002036,50,0,0,0,0.0000000000,31498.1837293076,31114.9058703070,1382.6531296974,253.9972596230,0.1538461538,165.7419061712,0.0238921642,True,,False
S0030_R10,n50_p0.25_d1_uniform_Emedium_V2.00_Hmedium_PWmoderate_B0.10,3002036,50,1,1,8,0.1600000000,7101.3447578875,6863.2285480489,336.0584292979,73.0168141403,0.4615384615,73.5994823815,6.8832857609,True,,True
S0030_R10,n50_p0.25_d1_uniform_Emedium_V2.00_Hmedium_PWmoderate_B0.10,3002036,50,2,2,11,0.2200000000,6954.8562590383,6709.3875799939,329.2436024502,71.9384440166,0.4615384615,73.6564972732,3.1703023911,True,,False
S0030_R10,n50_p0.25_d1_uniform_Emedium_V2.00_Hmedium_PWmoderate_B0.10,3002036,50,3,2,11,0.2200000000,6954.8562590383,6709.3875799939,329.2436024502,71.9384440166,0.4615384615,73.6564972732,3.4854335785,True,,False
S0031_R01,n50_p0.25_d1_uniform_Ehigh_V1.25_Hlong_PWstrict_B0.10,3102027,50,0,0,0,0.0000000000,349160.3434198158,348783.6433154224,1481.4953791469,292.9289674782,0.2142857143,162.0734638390,0.0277323723,True,,False
S0031_R01,n50_p0.25_d1_uniform_Ehigh_V1.25_Hlong_PWstrict_B0.10,3102027,50,1,1,5,0.1000000000,70862.3450184140,70650.0369802770,341.9729172821,80.4147916849,0.6428571429,65.3965758662,3.5860714912,True,,True
S0031_R01,n50_p0.25_d1_uniform_Ehigh_V1.25_Hlong_PWstrict_B0.10,3102027,50,2,2,7,0.1400000000,60796.1173081638,60578.8553344409,296.2579744838,70.3177599753,0.7142857143,62.5171178326,2.4925706387,True,,False
S0031_R01,n50_p0.25_d1_uniform_Ehigh_V1.25_Hlong_PWstrict_B0.10,3102027,50,3,2,7,0.1400000000,60796.1173081638,60578.8553344409,296.2579744838,70.3177599753,0.7142857143,62.5171178326,2.8578753471,True,,False
S0031_R02,n50_p0.25_d1_uniform_Ehigh_V1.25_Hlong_PWstrict_B0.10,3102028,50,0,0,0,0.0000000000,320454.6758024609,320076.5647079010,1480.2137771048,224.3624430350,0.2142857143,159.1283039687,0.0236732960,True,,False
S0031_R02,n50_p0.25_d1_uniform_Ehigh_V1.25_Hlong_PWstrict_B0.10,3102028,50,1,1,4,0.0800000000,92281.3054794689,92016.3128091455,444.2333973060,88.7277187721,0.4285714286,83.8747089362,2.1077773571,True,,True
S0031_R02,n50_p0.25_d1_uniform_Ehigh_V1.25_Hlong_PWstrict_B0.10,3102028,50,2,2,10,0.2000000000,72202.7985136383,71941.0486639324,359.4500189483,75.3194384259,0.4285714286,77.5263252910,2.7809479237,True,,False
S0031_R02,n50_p0.25_d1_uniform_Ehigh_V1.25_Hlong_PWstrict_B0.10,3102028,50,3,3,12,0.2400000000,80718.2431676321,80472.0169121904,402.3600845610,79.8348582450,0.4285714286,78.7954069445,3.5233669281,True,,False
S0031_R03,n50_p0.25_d1_uniform_Ehigh_V1.25_Hlong_PWstrict_B0.10,3102029,50,0,0,0,0.0000000000,210896.8655108872,210575.1046731255,959.2951128081,206.8073546133,0.3571428571,123.5521048511,0.0306284428,True,,False
S0031_R03,n50_p0.25_d1_uniform_Ehigh_V1.25_Hlong_PWstrict_B0.10,3102029,50,1,1,6,0.1200000000,76921.4413373599,76689.6655845183,378.9576393192,57.8849227445,0.2857142857,78.4663806717,6.1829996109,True,,True
S0031_R03,n50_p0.25_d1_uniform_Ehigh_V1.25_Hlong_PWstrict_B0.10,3102029,50,2,2,8,0.1600000000,57347.2797827279,57111.3816659377,283.0560928774,46.0783508268,0.2857142857,72.3452957108,2.7620711327,True,,False
S0031_R03,n50_p0.25_d1_uniform_Ehigh_V1.25_Hlong_PWstrict_B0.10,3102029,50,3,3,10,0.2000000000,57357.6258573864,57111.3816659377,283.0560928774,46.0783508268,0.2857142857,72.3452957108,4.7945775986,True,,False
S0031_R04,n50_p0.25_d1_uniform_Ehigh_V1.25_Hlong_PWstrict_B0.10,3102030,50,0,0,0,0.0000000000,263286.3049423670,262917.9760136897,1257.1828278859,259.3447883789,0.1111111111,198.1834639019,0.0364968777,True,,False
S0031_R04,n50_p0.25_d1_uniform_Ehigh_V1.25_Hlong_PWstrict_B0.10,3102030,50,1,1,5,0.1000000000,54707.1151180936,54466.6999632304,257.3898112019,68.4287445321,0.3333333333,78.3529204598,2.7110579014,True,,True
S0031_R04,n50_p0.25_d1_uniform_Ehigh_V1.25_Hlong_PWstrict_B0.10,3102030,50,2,2,9,0.1800000000,50750.0298906523,50507.9475049623,238.3937115707,74.1965133939,0.3333333333,76.9514477666,3.8113594055,True,,False
S0031_R04,n50_p0.25_d1_uniform_Ehigh_V1.25_Hlong_PWstrict_B0.10,3102030,50,3,3,10,0.2000000000,61099.8992659607,60856.3915589627,290.2168457556,75.5306315253,0.2222222222,86.1441810402,3.2886669636,True,,False
S0031_R05,n50_p0.25_d1_uniform_Ehigh_V1.25_Hlong_PWstrict_B0.10,3102031,50,0,0,0,0.0000000000,322639.5106505639,322265.9614041369,1530.4485945911,195.9511620132,0.0714285714,166.7106668652,0.0245525837,True,,False
S0031_R05,n50_p0.25_d1_uniform_Ehigh_V1.25_Hlong_PWstrict_B0.10,3102031,50,1,1,5,0.1000000000,49288.2755260280,49040.9954331451,227.5366807080,50.6124031205,0.5714285714,64.1724879505,2.7556970119,True,,True
S0031_R05,n50_p0.25_d1_uniform_Ehigh_V1.25_Hlong_PWstrict_B0.10,3102031,50,2,2,9,0.1800000000,66011.6814497434,65759.5661487168,316.0776026618,84.7913767544,0.5714285714,70.7268208328,2.4355475903,True,,False
S0031_R05,n50_p0.25_d1_uniform_Ehigh_V1.25_Hlong_PWstrict_B0.10,3102031,50,3,3,11,0.2200000000,62442.7675986111,62157.6533769309,296.7537163803,64.9922368024,0.5714285714,69.3465432413,3.8197216988,True,,False
S0031_R06,n50_p0.25_d1_uniform_Ehigh_V1.25_Hlong_PWstrict_B0.10,3102032,50,0,0,0,0.0000000000,134777.9616516523,134434.2466441743,553.8485353770,109.5179388277,0.3000000000,103.3549575140,0.0303289890,True,,False
S0031_R06,n50_p0.25_d1_uniform_Ehigh_V1.25_Hlong_PWstrict_B0.10,3102032,50,1,1,3,0.0600000000,48075.0597158260,47829.3503530214,232.5963904150,72.0973648993,0.5000000000,64.0993752586,4.0333511829,True,,True
S0031_R06,n50_p0.25_d1_uniform_Ehigh_V1.25_Hlong_PWstrict_B0.10,3102032,50,2,2,8,0.1600000000,43907.3472508256,43643.5174175814,212.5451442908,69.7022394273,0.6000000000,63.9988171581,2.4166967869,True,,False
S0031_R06,n50_p0.25_d1_uniform_Ehigh_V1.25_Hlong_PWstrict_B0.10,3102032,50,3,3,10,0.2000000000,43579.5022503456,43302.5070690043,210.8734724495,69.7022394273,0.6000000000,63.9488279151,3.0013322830,True,,False
S0031_R07,n50_p0.25_d1_uniform_Ehigh_V1.25_Hlong_PWstrict_B0.10,3102033,50,0,0,0,,,,,,,,0.0323386192,False,,False
S0031_R07,n50_p0.25_d1_uniform_Ehigh_V1.25_Hlong_PWstrict_B0.10,3102033,50,1,1,7,0.1400000000,101149.4745146963,100989.7929884743,376.9097212397,156.1418190621,0.5000000000,85.3684571947,6.8027045727,True,,True
S0031_R07,n50_p0.25_d1_uniform_Ehigh_V1.25_Hlong_PWstrict_B0.10,3102033,50,2,2,9,0.1800000000,95017.0574521936,94844.6136552599,355.3761900649,150.4490212927,0.5000000000,82.6767657978,7.3685650826,True,,False
S0031_R07,n50_p0.25_d1_uniform_Ehigh_V1.25_Hlong_PWstrict_B0.10,3102033,50,3,3,11,0.2200000000,91301.3168628343,91115.8839036908,349.4854047790,147.5036286497,0.5000000000,81.9404176371,8.2671608925,True,,False
S0031_R08,n50_p0.25_d1_uniform_Ehigh_V1.25_Hlong_PWstrict_B0.10,3102034,50,0,0,0,0.0000000000,134254.5591560222,133875.8251908445,412.9179061801,134.8265364357,0.1666666667,124.1634502442,0.0496957302,True,,False
S0031_R08,n50_p0.25_d1_uniform_Ehigh_V1.25_Hlong_PWstrict_B0.10,3102034,50,1,1,4,0.0800000000,5937.8773705362,5700.9224791808,13.1977885206,6.5988942603,0.8333333333,44.5709984750,5.7445101738,True,,True
S0031_R08,n50_p0.25_d1_uniform_Ehigh_V1.25_Hlong_PWstrict_B0.10,3102034,50,2,2,7,0.1400000000,4692.4029369981,4438.9769709838,12.4469272347,6.2234636173,0.8333333333,40.2838034877,2.7480440140,True,,False
S0031_R08,n50_p0.25_d1_uniform_Ehigh_V1.25_Hlong_PWstrict_B0.10,3102034,50,3,3,10,0.2000000000,4552.3802037879,4291.3381596118,12.4469272347,6.2234636173,0.8333333333,42.1032638492,3.1891562939,True,,False
S0031_R09,n50_p0.25_d1_uniform_Ehigh_V1.25_Hlong_PWstrict_B0.10,3102035,50,0,0,0,0.0000000000,204948.6592850560,204593.4023059092,761.8104540373,188.8254448735,0.3333333333,136.0631510526,0.0266909599,True,,False
S0031_R09,n50_p0.25_d1_uniform_Ehigh_V1.25_Hlong_PWstrict_B0.10,3102035,50,1,1,7,0.1400000000,37844.5027013633,37621.0845664810,175.8692120616,66.8784097012,0.7777777778,57.9289139015,7.7813787460,True,,True
S0031_R09,n50_p0.25_d1_uniform_Ehigh_V1.25_Hlong_PWstrict_B0.10,3102035,50,2,2,10,0.2000000000,37801.4357533965,37574.8720087740,175.8692120616,66.8784097012,0.7777777778,62.3842504675,2.9045064449,True,,False
S0031_R09,n50_p0.25_d1_uniform_Ehigh_V1.25_Hlong_PWstrict_B0.10,3102035,50,3,3,11,0.2200000000,37765.4624736849,37529.5704420933,175.8692120616,66.8784097012,0.7777777778,61.6865032603,3.7310948372,True,,False
S0031_R10,n50_p0.25_d1_uniform_Ehigh_V1.25_Hlong_PWstrict_B0.10,3102036,50,0,0,0,0.0000000000,73525.6593239381,73189.1151336758,319.4118427380,116.4365794523,0.3750000000,90.0556606047,0.0266127586,True,,False
S0031_R10,n50_p0.25_d1_uniform_Ehigh_V1.25_Hlong_PWstrict_B0.10,3102036,50,1,1,4,0.0800000000,837.9956199550,635.4752190562,2.5606877022,0.7682063107,0.8750000000,32.1685492880,5.1991283894,True,,True
S0031_R10,n50_p0.25_d1_uniform_Ehigh_V1.25_Hlong_PWstrict_B0.10,3102036,50,2,2,8,0.1600000000,1974.0269670623,1761.5693585686,8.8078467928,2.6423540379,0.8750000000,33.4153847866,2.9175987244,True,,False
S0031_R10,n50_p0.25_d1_uniform_Ehigh_V1.25_Hlong_PWstrict_B0.10,3102036,50,3,3,12,0.2400000000,731.7828988305,512.1375404467,2.5606877022,0.7682063107,0.8750000000,30.4548321861,2.2408840656,True,,False
S0032_R01,n50_p0.25_d1_clustered_Ehigh_V2.00_Hshort_PWflat_B0.10,3202027,50,0,0,0,0.0000000000,3215.0347763067,3044.9137340504,1240.8918955640,276.8548944186,0.0000000000,197.9208361200,0.0244698524,True,,False
S0032_R01,n50_p0.25_d1_clustered_Ehigh_V2.00_Hshort_PWflat_B0.10,3202027,50,1,1,11,0.2200000000,186.4694444848,113.7122975288,113.7122975288,45.3072549439,0.5555555556,58.9985001466,23.2076654434,True,,True
S0032_R01,n50_p0.25_d1_clustered_Ehigh_V2.00_Hshort_PWflat_B0.10,3202027,50,2,1,11,0.2200000000,186.4694444848,113.7122975288,113.7122975288,45.3072549439,0.5555555556,58.9985001466,7.4357311726,True,,False
S0032_R01,n50_p0.25_d1_clustered_Ehigh_V2.00_Hshort_PWflat_B0.10,3202027,50,3,1,11,0.2200000000,186.4694444848,113.7122975288,113.7122975288,45.3072549439,0.5555555556,58.9985001466,7.3319923878,True,,False
S0032_R02,n50_p0.25_d1_clustered_Ehigh_V2.00_Hshort_PWflat_B0.10,3202028,50,0,0,0,0.0000000000,3353.3785638642,3187.6515929573,1380.7044073795,240.5010661872,0.0909090909,183.3024194467,0.0262935162,True,,False
S0032_R02,n50_p0.25_d1_clustered_Ehigh_V2.00_Hshort_PWflat_B0.10,3202028,50,1,1,12,0.2400000000,279.5712779305,174.7520552020,174.7520552020,57.5871277770,0.7272727273,49.9909030715,11.2393612862,True,,True
S0032_R02,n50_p0.25_d1_clustered_Ehigh_V2.00_Hshort_PWflat_B0.10,3202028,50,2,1,12,0.2400000000,279.5712779305,174.7520552020,174.7520552020,57.5871277770,0.7272727273,49.9909030716,6.9787280560,True,,False
S0032_R02,n50_p0.25_d1_clustered_Ehigh_V2.00_Hshort_PWflat_B0.10,3202028,50,3,1,12,0.2400000000,279.5712779305,174.7520552020,174.7520552020,57.5871277770,0.7272727273,49.9909030716,7.2014820576,True,,False
S0032_R03,n50_p0.25_d1_clustered_Ehigh_V2.00_Hshort_PWflat_B0.10,3202029,50,0,0,0,0.0000000000,4760.2627759746,4579.0814251571,1944.9579210074,297.8482197043,0.1000000000,251.3760680973,0.0237364769,True,,False
S0032_R03,n50_p0.25_d1_clustered_Ehigh_V2.00_Hshort_PWflat_B0.10,3202029,50,1,1,11,0.2200000000,498.5025345021,386.8219155009,370.8030973701,61.9714597098,0.2000000000,89.7453357489,6.9780781269,True,,True
S0032_R03,n50_p0.25_d1_clustered_Ehigh_V2.00_Hshort_PWflat_B0.10,3202029,50,2,1,11,0.2200000000,498.5025345021,386.8219155009,370.8030973701,61.9714597098,0.2000000000,89.7453357489,6.3224155903,True,,False
S0032_R03,n50_p0.25_d1_clustered_Ehigh_V2.00_Hshort_PWflat_B0.10,3202029,50,3,1,11,0.2200000000,498.5025345021,386.8219155009,370.8030973701,61.9714597098,0.2000000000,89.7453357489,6.8872642517,True,,False
S0032_R04,n50_p0.25_d1_clustered_Ehigh_V2.00_Hshort_PWflat_B0.10,3202030,50,0,0,0,0.0000000000,3541.3202131684,3373.1095787876,1153.7833542494,191.6127064998,0.0833333333,155.2833935891,0.0243914127,True,,False
S0032_R04,n50_p0.25_d1_clustered_Ehigh_V2.00_Hshort_PWflat_B0.10,3202030,50,1,1,12,0.2400000000,172.3008023365,96.8502093970,94.4590241214,13.1595144538,0.5000000000,54.3829007922,17.0831394196,True,,True
S0032_R04,n50_p0.25_d1_clustered_Ehigh_V2.00_Hshort_PWflat_B0.10,3202030,50,2,1,12,0.2400000000,172.3008023365,96.8502093970,94.4590241214,13.1595144538,0.5000000000,54.3829007922,6.7674179077,True,,False
S0032_R04,n50_p0.25_d1_clustered_Ehigh_V2.00_Hshort_PWflat_B0.10,3202030,50,3,1,12,0.2400000000,172.3008023365,96.8502093970,94.4590241214,13.1595144538,0.5000000000,54.3829007922,6.4429855347,True,,False
S0032_R05,n50_p0.25_d1_clustered_Ehigh_V2.00_Hshort_PWflat_B0.10,3202031,50,0,0,0,,,,,,,,0.0278851986,False,,False
S0032_R05,n50_p0.25_d1_clustered_Ehigh_V2.00_Hshort_PWflat_B0.10,3202031,50,1,1,11,0.2200000000,334.3802948178,194.2897134428,170.2579824711,53.9238951149,0.5454545455,55.0778563112,8.4361093044,True,,True
S0032_R05,n50_p0.25_d1_clustered_Ehigh_V2.00_Hshort_PWflat_B0.10,3202031,50,2,1,11,0.2200000000,334.3802948178,194.2897134428,170.2579824711,53.9238951149,0.5454545455,55.0778563112,7.4884417057,True,,False
S0032_R05,n50_p0.25_d1_clustered_Ehigh_V2.00_Hshort_PWflat_B0.10,3202031,50,3,1,11,0.2200000000,334.3802948178,194.2897134428,170.2579824711,53.9238951149,0.5454545455,55.0778563112,7.3740069866,True,,False
S0032_R06,n50_p0.25_d1_clustered_Ehigh_V2.00_Hshort_PWflat_B0.10,3202032,50,0,0,0,0.0000000000,4668.2661293388,4503.3984689265,1338.4465902886,302.8539667499,0.0000000000,193.8526539011,0.0357623100,True,,False
S0032_R06,n50_p0.25_d1_clustered_Ehigh_V2.00_Hshort_PWflat_B0.10,3202032,50,1,1,12,0.2400000000,231.9563597123,91.2471038264,91.2471038264,30.7606676824,0.7000000000,52.9341224916,22.6293113232,True,,True
S0032_R06,n50_p0.25_d1_clustered_Ehigh_V2.00_Hshort_PWflat_B0.10,3202032,50,2,1,12,0.2400000000,231.9563597123,91.2471038264,91.2471038264,30.7606676824,0.7000000000,52.9341224917,8.1712410450,True,,False
S0032_R06,n50_p0.25_d1_clustered_Ehigh_V2.00_Hshort_PWflat_B0.10,3202032,50,3,1,12,0.2400000000,231.9563597123,91.2471038264,91.2471038264,30.7606676824,0.7000000000,52.9341224917,8.2862534523,True,,False
S0032_R07,n50_p0.25_d1_clustered_Ehigh_V2.00_Hshort_PWflat_B0.10,3202033,50,0,0,0,0.0000000000,3716.3477994031,3553.0053039309,1353.5676318263,276.9760810576,0.0000000000,195.3280426315,0.0303933620,True,,False
S0032_R07,n50_p0.25_d1_clustered_Ehigh_V2.00_Hshort_PWflat_B0.10,3202033,50,1,1,12,0.2400000000,257.4005521313,181.1945183676,160.1342601249,50.6376658487,0.6000000000,62.0575861452,24.0748038292,True,,True
S0032_R07,n50_p0.25_d1_clustered_Ehigh_V2.00_Hshort_PWflat_B0.10,3202033,50,2,1,12,0.2400000000,257.4005521313,181.1945183676,160.1342601249,50.6376658487,0.6000000000,62.0575861453,6.7155573368,True,,False
S0032_R07,n50_p0.25_d1_clustered_Ehigh_V2.00_Hshort_PWflat_B0.10,3202033,50,3,1,12,0.2400000000,257.4005521313,181.1945183676,160.1342601249,50.6376658487,0.6000000000,62.0575861453,7.3118028641,True,,False
S0032_R08,n50_p0.25_d1_clustered_Ehigh_V2.00_Hshort_PWflat_B0.10,3202034,50,0,0,0,0.0000000000,4119.2156386513,3951.2920475186,1600.9140652143,299.1158802327,0.0909090909,205.5072812984,0.0254263878,True,,False
S0032_R08,n50_p0.25_d1_clustered_Ehigh_V2.00_Hshort_PWflat_B0.10,3202034,50,1,1,12,0.2400000000,252.1356178689,173.8125933130,155.6815478429,56.9081920531,0.6363636364,57.6131469264,13.6221835613,True,,True
S0032_R08,n50_p0.25_d1_clustered_Ehigh_V2.00_Hshort_PWflat_B0.10,3202034,50,2,1,12,0.2400000000,252.1356178689,173.8125933130,155.6815478429,56.9081920531,0.6363636364,57.6131469264,6.8672733307,True,,False
S0032_R08,n50_p0.25_d1_clustered_Ehigh_V2.00_Hshort_PWflat_B0.10,3202034,50,3,1,12,0.2400000000,252.1356178689,173.8125933130,155.6815478429,56.9081920531,0.6363636364,57.6131469264,7.4071872234,True,,False
S0032_R09,n50_p0.25_d1_clustered_Ehigh_V2.00_Hshort_PWflat_B0.10,3202035,50,0,0,0,0.0000000000,3520.2066325784,3358.6338079612,1426.5355914446,200.3336758157,0.1000000000,199.9398550352,0.0227074623,True,,False
S0032_R09,n50_p0.25_d1_clustered_Ehigh_V2.00_Hshort_PWflat_B0.10,3202035,50,1,1,11,0.2200000000,322.1433453643,213.2965182790,213.2965182790,60.8224581212,0.5000000000,67.7035197219,25.8366816044,True,,True
S0032_R09,n50_p0.25_d1_clustered_Ehigh_V2.00_Hshort_PWflat_B0.10,3202035,50,2,1,11,0.2200000000,322.1433453643,213.2965182790,213.2965182790,60.8224581212,0.5000000000,67.7035197219,7.1331958771,True,,False
S0032_R09,n50_p0.25_d1_clustered_Ehigh_V2.00_Hshort_PWflat_B0.10,3202035,50,3,1,11,0.2200000000,322.1433453643,213.2965182790,213.2965182790,60.8224581212,0.5000000000,67.7035197219,7.1252593994,True,,False
S0032_R10,n50_p0.25_d1_clustered_Ehigh_V2.00_Hshort_PWflat_B0.10,3202036,50,0,0,0,0.0000000000,3317.7627739290,3160.6835782406,1594.3474174205,203.3829517494,0.0769230769,180.6859289064,0.0217919350,True,,False
S0032_R10,n50_p0.25_d1_clustered_Ehigh_V2.00_Hshort_PWflat_B0.10,3202036,50,1,1,11,0.2200000000,252.6340531994,152.5659488178,149.5069526793,33.1127009648,0.6923076923,54.7448623188,21.1896152496,True,,True
S0032_R10,n50_p0.25_d1_clustered_Ehigh_V2.00_Hshort_PWflat_B0.10,3202036,50,2,1,11,0.2200000000,252.6340531994,152.5659488178,149.5069526793,33.1127009648,0.6923076923,54.7448623188,7.0680224895,True,,False
S0032_R10,n50_p0.25_d1_clustered_Ehigh_V2.00_Hshort_PWflat_B0.10,3202036,50,3,1,11,0.2200000000,252.6340531994,152.5659488178,149.5069526793,33.1127009648,0.6923076923,54.7448623188,7.7316422462,True,,False
S0033_R01,n50_p0.25_d1_clustered_Ehigh_V2.00_Hshort_PWbase_B0.10,3302027,50,0,0,0,0.0000000000,129507.2937345624,129345.6721632092,974.8208372152,239.1060962094,0.1428571429,197.1963633785,0.0254578590,True,,False
S0033_R01,n50_p0.25_d1_clustered_Ehigh_V2.00_Hshort_PWbase_B0.10,3302027,50,1,1,9,0.1800000000,4300.6319532208,4201.7372554439,42.0173725544,17.5323271290,0.7142857143,49.7744710450,12.0544698238,True,,True
S0033_R01,n50_p0.25_d1_clustered_Ehigh_V2.00_Hshort_PWbase_B0.10,3302027,50,2,1,9,0.1800000000,4300.6319532208,4201.7372554439,42.0173725544,17.5323271290,0.7142857143,49.7744710450,7.4836480618,True,,False
S0033_R01,n50_p0.25_d1_clustered_Ehigh_V2.00_Hshort_PWbase_B0.10,3302027,50,3,1,9,0.1800000000,4300.6319532208,4201.7372554439,42.0173725544,17.5323271290,0.7142857143,49.7744710450,7.3853802681,True,,False
S0033_R02,n50_p0.25_d1_clustered_Ehigh_V2.00_Hshort_PWbase_B0.10,3302028,50,0,0,0,0.0000000000,229218.6649449979,229047.0541989050,2050.5195152533,314.9890965248,0.0000000000,230.8527703548,0.0231535435,True,,False
S0033_R02,n50_p0.25_d1_clustered_Ehigh_V2.00_Hshort_PWbase_B0.10,3302028,50,1,1,11,0.2200000000,48160.5822728073,48041.8560899000,479.0063701489,81.9724553709,0.2500000000,92.9998041206,11.4359860420,True,,True
S0033_R02,n50_p0.25_d1_clustered_Ehigh_V2.00_Hshort_PWbase_B0.10,3302028,50,2,1,11,0.2200000000,48160.5822728073,48041.8560899000,479.0063701489,81.9724553709,0.2500000000,92.9998041206,7.0110390186,True,,False
S0033_R02,n50_p0.25_d1_clustered_Ehigh_V2.00_Hshort_PWbase_B0.10,3302028,50,3,1,11,0.2200000000,48160.5822728073,48041.8560899000,479.0063701489,81.9724553709,0.2500000000,92.9998041206,6.8051168919,True,,False
S0033_R03,n50_p0.25_d1_clustered_Ehigh_V2.00_Hshort_PWbase_B0.10,3302029,50,0,0,0,0.0000000000,161227.5845211258,161068.8510644388,1456.4305007087,232.7551522519,0.0000000000,205.5902872187,0.0230062008,True,,False
S0033_R03,n50_p0.25_d1_clustered_Ehigh_V2.00_Hshort_PWbase_B0.10,3302029,50,1,1,11,0.2200000000,19186.7402140425,19084.2597853356,190.8425978534,47.5412088239,0.5000000000,68.0347329666,23.2695991993,True,,True
S0033_R03,n50_p0.25_d1_clustered_Ehigh_V2.00_Hshort_PWbase_B0.10,3302029,50,2,1,11,0.2200000000,19186.7402140425,19084.2597853356,190.8425978534,47.5412088239,0.5000000000,68.0347329666,6.9809262753,True,,False
S0033_R03,n50_p0.25_d1_clustered_Ehigh_V2.00_Hshort_PWbase_B0.10,3302029,50,3,1,11,0.2200000000,19186.7402140425,19084.2597853356,190.8425978534,47.5412088239,0.5000000000,68.0347329666,7.6356194019,True,,False
S0033_R04,n50_p0.25_d1_clustered_Ehigh_V2.00_Hshort_PWbase_B0.10,3302030,50,0,0,0,0.0000000000,126602.0281851147,126430.0133186410,988.6363688675,221.8154138002,0.3333333333,166.3417138396,0.0248832703,True,,False
S0033_R04,n50_p0.25_d1_clustered_Ehigh_V2.00_Hshort_PWbase_B0.10,3302030,50,1,1,10,0.2000000000,13003.0569354866,12900.9059592171,126.9724993387,34.9517125338,0.4444444444,61.5114057055,23.2569136620,True,,True
S0033_R04,n50_p0.25_d1_clustered_Ehigh_V2.00_Hshort_PWbase_B0.10,3302030,50,2,1,10,0.2000000000,13003.0569354866,12900.9059592171,126.9724993387,34.9517125338,0.4444444444,61.5114057055,7.3425991535,True,,False
S0033_R04,n50_p0.25_d1_clustered_Ehigh_V2.00_Hshort_PWbase_B0.10,3302030,50,3,1,10,0.2000000000,13003.0569354866,12900.9059592171,126.9724993387,34.9517125338,0.4444444444,61.5114057055,7.3658998013,True,,False
S0033_R05,n50_p0.25_d1_clustered_Ehigh_V2.00_Hshort_PWbase_B0.10,3302031,50,0,0,0,0.0000000000,110606.4639248283,110455.8167568428,933.8534357400,261.5561133613,0.1250000000,174.2676260713,0.0255053043,True,,False
S0033_R05,n50_p0.25_d1_clustered_Ehigh_V2.00_Hshort_PWbase_B0.10,3302031,50,1,1,8,0.1600000000,2523.0723284609,2421.5672981112,19.7108035945,5.9132410783,0.8750000000,39.3272722491,14.7944600582,True,,True
S0033_R05,n50_p0.25_d1_clustered_Ehigh_V2.00_Hshort_PWbase_B0.10,3302031,50,2,1,8,0.1600000000,2523.0723284609,2421.5672981112,19.7108035945,5.9132410783,0.8750000000,39.3272722491,6.8170118332,True,,False
S0033_R05,n50_p0.25_d1_clustered_Ehigh_V2.00_Hshort_PWbase_B0.10,3302031,50,3,1,8,0.1600000000,2523.0723284609,2421.5672981112,19.7108035945,5.9132410783,0.8750000000,39.3272722491,6.8325252533,True,,False
S0033_R06,n50_p0.25_d1_clustered_Ehigh_V2.00_Hshort_PWbase_B0.10,3302032,50,0,0,0,0.0000000000,138555.8452655941,138379.5159157676,904.7983175745,243.5925862447,0.2500000000,168.4769079377,0.0267286301,True,,False
S0033_R06,n50_p0.25_d1_clustered_Ehigh_V2.00_Hshort_PWbase_B0.10,3302032,50,1,1,11,0.2200000000,17449.9930357191,17344.3893204860,172.2599435877,55.6423280168,0.3750000000,75.0567617429,30.5728423595,True,,True
S0033_R06,n50_p0.25_d1_clustered_Ehigh_V2.00_Hshort_PWbase_B0.10,3302032,50,2,1,11,0.2200000000,17449.9930357191,17344.3893204860,172.2599435877,55.6423280168,0.3750000000,75.0567617429,6.2859151363,True,,False
S0033_R06,n50_p0.25_d1_clustered_Ehigh_V2.00_Hshort_PWbase_B0.10,3302032,50,3,1,11,0.2200000000,17449.9930357191,17344.3893204860,172.2599435877,55.6423280168,0.3750000000,75.0567617429,6.7299757004,True,,False
S0033_R07,n50_p0.25_d1_clustered_Ehigh_V2.00_Hshort_PWbase_B0.10,3302033,50,0,0,0,0.0000000000,99112.6243100161,98956.0540020807,759.2346992327,225.5543690701,0.1428571429,165.0030756800,0.0296893120,True,,False
S0033_R07,n50_p0.25_d1_clustered_Ehigh_V2.00_Hshort_PWbase_B0.10,3302033,50,1,1,9,0.1800000000,6402.6654694008,6302.3934292691,63.0239342927,29.4187202198,0.5714285714,53.1618560220,11.2658746243,True,,True
S0033_R07,n50_p0.25_d1_clustered_Ehigh_V2.00_Hshort_PWbase_B0.10,3302033,50,2,1,9,0.1800000000,6402.6654694008,6302.3934292691,63.0239342927,29.4187202198,0.5714285714,53.1618560220,6.4874243736,True,,False
S0033_R07,n50_p0.25_d1_clustered_Ehigh_V2.00_Hshort_PWbase_B0.10,3302033,50,3,1,9,0.1800000000,6402.6654694008,6302.3934292691,63.0239342927,29.4187202198,0.5714285714,53.1618560220,7.2766249180,True,,False
S0033_R08,n50_p0.25_d1_clustered_Ehigh_V2.00_Hshort_PWbase_B0.10,3302034,50,0,0,0,0.0000000000,174875.6703298849,174714.2269413063,1533.3176076701,218.9857369460,0.1428571429,168.0855436003,0.0231597424,True,,False
S0033_R08,n50_p0.25_d1_clustered_Ehigh_V2.00_Hshort_PWbase_B0.10,3302034,50,1,1,11,0.2200000000,19470.8911413699,19368.7984767629,193.6879847676,44.1644268286,0.5000000000,61.1680700137,32.4875781536,True,,True
S0033_R08,n50_p0.25_d1_clustered_Ehigh_V2.00_Hshort_PWbase_B0.10,3302034,50,2,1,11,0.2200000000,19470.8911413699,19368.7984767629,193.6879847676,44.1644268286,0.5000000000,61.1680700137,7.3171381950,True,,False
S0033_R08,n50_p0.25_d1_clustered_Ehigh_V2.00_Hshort_PWbase_B0.10,3302034,50,3,1,11,0.2200000000,19470.8911413699,19368.7984767629,193.6879847676,44.1644268286,0.5000000000,61.1680700137,7.5620713234,True,,False
S0033_R09,n50_p0.25_d1_clustered_Ehigh_V2.00_Hshort_PWbase_B0.10,3302035,50,0,0,0,0.0000000000,235369.7121847862,235192.8672400936,2039.5984184911,279.9891907323,0.0909090909,245.3736377103,0.0208375454,True,,False
S0033_R09,n50_p0.25_d1_clustered_Ehigh_V2.00_Hshort_PWbase_B0.10,3302035,50,1,1,11,0.2200000000,36866.0149297927,36756.5193783459,363.9608649661,67.8555548591,0.3636363636,78.6886286196,8.9770638943,True,,True
S0033_R09,n50_p0.25_d1_clustered_Ehigh_V2.00_Hshort_PWbase_B0.10,3302035,50,2,1,11,0.2200000000,36866.0149297927,36756.5193783459,363.9608649661,67.8555548591,0.3636363636,78.6886286196,6.1064796448,True,,False
S0033_R09,n50_p0.25_d1_clustered_Ehigh_V2.00_Hshort_PWbase_B0.10,3302035,50,3,1,11,0.2200000000,36866.0149297927,36756.5193783459,363.9608649661,67.8555548591,0.3636363636,78.6886286196,6.4653453827,True,,False
S0033_R10,n50_p0.25_d1_clustered_Ehigh_V2.00_Hshort_PWbase_B0.10,3302036,50,0,0,0,0.0000000000,112384.1472006733,112219.2261977564,835.2170505370,192.1081794178,0.1000000000,141.8327029273,0.0415859222,True,,False
S0033_R10,n50_p0.25_d1_clustered_Ehigh_V2.00_Hshort_PWbase_B0.10,3302036,50,1,1,11,0.2200000000,12459.5051439469,12350.5049835438,123.5050498354,37.0426006258,0.6000000000,58.0305011664,8.1787035465,True,,True
S0033_R10,n50_p0.25_d1_clustered_Ehigh_V2.00_Hshort_PWbase_B0.10,3302036,50,2,1,11,0.2200000000,12459.5051439469,12350.5049835438,123.5050498354,37.0426006258,0.6000000000,58.0305011664,6.5145671368,True,,False
S0033_R10,n50_p0.25_d1_clustered_Ehigh_V2.00_Hshort_PWbase_B0.10,3302036,50,3,1,11,0.2200000000,12459.5051439469,12350.5049835438,123.5050498354,37.0426006258,0.6000000000,58.0305011664,7.3045012951,True,,False
S0034_R01,n50_p0.75_d1_uniform_Elow_V1.25_Hshort_PWstrict_B0.10,3402027,50,0,0,0,0.0000000000,112587.1055451445,112231.2559035464,404.4416461958,139.5205827803,0.4285714286,107.2474598294,0.0234706402,True,,False
S0034_R01,n50_p0.75_d1_uniform_Elow_V1.25_Hshort_PWstrict_B0.10,3402027,50,1,1,5,0.1000000000,28614.6394033321,28395.0759256642,134.1231078832,49.5102233752,0.5714285714,62.0981994313,7.3260519505,True,,True
S0034_R01,n50_p0.75_d1_uniform_Elow_V1.25_Hshort_PWstrict_B0.10,3402027,50,2,2,10,0.2000000000,34894.8356153322,34671.0658715323,166.2424065617,61.5911235233,0.4285714286,64.6305520743,2.8606576920,True,,False
S0034_R01,n50_p0.75_d1_uniform_Elow_V1.25_Hshort_PWstrict_B0.10,3402027,50,3,3,11,0.2200000000,34871.6677085603,34642.5346569516,166.2424065617,61.5911235233,0.4285714286,64.4250610897,3.4017484188,True,,False
S0034_R02,n50_p0.75_d1_uniform_Elow_V1.25_Hshort_PWstrict_B0.10,3402028,50,0,0,0,0.0000000000,172003.7186828413,171613.4874345375,755.1569667311,178.0923494779,0.3846153846,109.4558718598,0.0361454487,True,,False
S0034_R02,n50_p0.75_d1_uniform_Elow_V1.25_Hshort_PWstrict_B0.10,3402028,50,1,1,3,0.0600000000,100057.5905628993,99825.9411133701,493.4100738805,69.2554755198,0.2307692308,91.5505135822,6.4844555855,True,,True
S0034_R02,n50_p0.75_d1_uniform_Elow_V1.25_Hshort_PWstrict_B0.10,3402028,50,2,2,7,0.1400000000,89904.8678845360,89674.4581263459,442.6526589454,67.3808658957,0.2307692308,86.1058361989,3.0159425735,True,,False
S0034_R02,n50_p0.75_d1_uniform_Elow_V1.25_Hshort_PWstrict_B0.10,3402028,50,3,3,12,0.2400000000,85076.3857423845,84840.5557689353,418.4831471584,67.2058781890,0.2307692308,83.6368542928,3.5127108097,True,,False
S0034_R03,n50_p0.75_d1_uniform_Elow_V1.25_Hshort_PWstrict_B0.10,3402029,50,0,0,0,0.0000000000,113668.3310320457,113323.2277729759,371.8430973534,99.7129610348,0.1666666667,118.8046447512,0.0263500214,True,,False
S0034_R03,n50_p0.75_d1_uniform_Elow_V1.25_Hshort_PWstrict_B0.10,3402029,50,1,1,4,0.0800000000,29977.1450075357,29752.6890489237,132.5784991531,51.0215724197,0.3333333333,69.8670565590,6.3075852394,True,,True
S0034_R03,n50_p0.75_d1_uniform_Elow_V1.25_Hshort_PWstrict_B0.10,3402029,50,2,2,8,0.1600000000,22464.9291773206,22235.6543337878,104.4492383936,37.3669091333,0.3333333333,65.1788464324,2.2636170387,True,,False
S0034_R03,n50_p0.75_d1_uniform_Elow_V1.25_Hshort_PWstrict_B0.10,3402029,50,3,2,3,0.0600000000,25973.1601126951,25753.8858789205,122.8481791066,46.6875167895,0.3333333333,71.1227259698,1.9471478462,True,,False
S0034_R04,n50_p0.75_d1_uniform_Elow_V1.25_Hshort_PWstrict_B0.10,3402030,50,0,0,0,0.0000000000,270807.3973010372,270439.6586152049,1218.5650237626,262.8667612781,0.0000000000,181.8121478086,0.0273478031,True,,False
S0034_R04,n50_p0.75_d1_uniform_Elow_V1.25_Hshort_PWstrict_B0.10,3402030,50,1,1,3,0.0600000000,64507.3009256811,64299.0266383030,303.0833838018,74.6930076388,0.4000000000,86.0617684792,8.7182826996,True,,True
S0034_R04,n50_p0.75_d1_uniform_Elow_V1.25_Hshort_PWstrict_B0.10,3402030,50,2,2,8,0.1600000000,54806.3303422919,54586.5916692019,257.7213119089,69.4480933620,0.4000000000,80.0078140530,2.3730022907,True,,False
S0034_R04,n50_p0.75_d1_uniform_Elow_V1.25_Hshort_PWstrict_B0.10,3402030,50,3,3,9,0.1800000000,49081.1527457246,48857.4031175289,228.8158323293,56.2547857331,0.3000000000,78.8288816446,2.5771880150,True,,False
S0034_R05,n50_p0.75_d1_uniform_Elow_V1.25_Hshort_PWstrict_B0.10,3402031,50,0,0,0,0.0000000000,170255.5796848117,169886.3089834794,683.3915159647,201.3044513436,0.1428571429,156.8303212796,0.0265336037,True,,False
S0034_R05,n50_p0.75_d1_uniform_Elow_V1.25_Hshort_PWstrict_B0.10,3402031,50,1,1,5,0.1000000000,32592.2616559415,32361.1457690486,161.6139357545,78.2192448043,0.5714285714,71.1523603847,6.7835166454,True,,True
S0034_R05,n50_p0.75_d1_uniform_Elow_V1.25_Hshort_PWstrict_B0.10,3402031,50,2,2,7,0.1400000000,24324.0586535031,24099.8509724716,119.3156264688,58.2463190825,0.7142857143,64.7921285187,2.8258941174,True,,False
S0034_R05,n50_p0.75_d1_uniform_Elow_V1.25_Hshort_PWstrict_B0.10,3402031,50,3,3,10,0.2000000000,22941.4078600516,22707.7097151494,113.3989382746,53.6892905890,0.7142857143,60.9742848407,2.7935032845,True,,False
S0034_R06,n50_p0.75_d1_uniform_Elow_V1.25_Hshort_PWstrict_B0.10,3402032,50,0,0,0,0.0000000000,242867.6751041659,242507.1803819100,1092.2517104040,174.5475603193,0.0000000000,181.4024670099,0.0249414444,True,,False
S0034_R06,n50_p0.75_d1_uniform_Elow_V1.25_Hshort_PWstrict_B0.10,3402032,50,1,1,3,0.0600000000,75898.5702278498,75645.1303955203,344.6512433446,82.7911949995,0.3333333333,90.1044061644,6.2457618713,True,,True
S0034_R06,n50_p0.75_d1_uniform_Elow_V1.25_Hshort_PWstrict_B0.10,3402032,50,2,2,9,0.1800000000,49696.6064894329,49433.0533591170,228.0932107812,48.0319643648,0.3333333333,76.2682378442,2.4203341007,True,,False
S0034_R06,n50_p0.75_d1_uniform_Elow_V1.25_Hshort_PWstrict_B0.10,3402032,50,3,3,12,0.2400000000,45595.6880004925,45342.8968002907,196.3558885970,43.6552836300,0.3333333333,72.3310938864,3.5701212883,True,,False
S0034_R07,n50_p0.75_d1_uniform_Elow_V1.25_Hshort_PWstrict_B0.10,3402033,50,0,0,0,0.0000000000,187170.5696475091,186808.2267227127,835.0654273293,186.0710627317,0.1428571429,172.6940410061,0.0255045891,True,,False
S0034_R07,n50_p0.75_d1_uniform_Elow_V1.25_Hshort_PWstrict_B0.10,3402033,50,1,1,3,0.0600000000,33378.0776961763,33158.7708915277,155.0659935401,62.9723036952,0.5714285714,58.5336453531,7.5914297104,True,,True
S0034_R07,n50_p0.75_d1_uniform_Elow_V1.25_Hshort_PWstrict_B0.10,3402033,50,2,2,9,0.1800000000,33377.8466193388,33158.7708915277,155.0659935401,62.9723036952,0.5714285714,60.4935395845,3.1406424046,True,,False
S0034_R07,n50_p0.75_d1_uniform_Elow_V1.25_Hshort_PWstrict_B0.10,3402033,50,3,2,9,0.1800000000,33377.8466193388,33158.7708915277,155.0659935401,62.9723036952,0.5714285714,60.4935395845,3.4194345474,True,,False
S0034_R08,n50_p0.75_d1_uniform_Elow_V1.25_Hshort_PWstrict_B0.10,3402034,50,0,0,0,0.0000000000,177671.3146432638,177339.3905012429,829.9669016973,178.6677277702,0.0000000000,152.2652178907,0.0252711773,True,,False
S0034_R08,n50_p0.75_d1_uniform_Elow_V1.25_Hshort_PWstrict_B0.10,3402034,50,1,1,2,0.0400000000,42083.3373147368,41858.3514322525,208.3174907496,66.3274165386,0.5555555556,72.6434332849,5.0975954533,True,,True
S0034_R08,n50_p0.75_d1_uniform_Elow_V1.25_Hshort_PWstrict_B0.10,3402034,50,2,2,5,0.1000000000,42045.7313337831,41821.2556353501,208.3174907496,66.3274165386,0.5555555556,70.7076482629,1.7143423557,True,,False
S0034_R08,n50_p0.75_d1_uniform_Elow_V1.25_Hshort_PWstrict_B0.10,3402034,50,3,3,9,0.1800000000,29329.2001530826,29107.2192379781,144.7473087628,48.0982819891,0.6666666667,60.5801179254,2.9305579662,True,,False
S0034_R09,n50_p0.75_d1_uniform_Elow_V1.25_Hshort_PWstrict_B0.10,3402035,50,0,0,0,0.0000000000,408070.3566735776,407700.0595577427,1776.0292708335,311.4766104844,0.1818181818,215.6768387063,0.0252730846,True,,False
S0034_R09,n50_p0.75_d1_uniform_Elow_V1.25_Hshort_PWstrict_B0.10,3402035,50,1,1,5,0.1000000000,25438.7616626324,25213.8668007816,109.6992252147,29.6349798231,0.7272727273,44.4156165929,11.4127318859,True,,True
S0034_R09,n50_p0.75_d1_uniform_Elow_V1.25_Hshort_PWstrict_B0.10,3402035,50,2,2,10,0.2000000000,25006.6506827659,24788.7461563440,122.1922195071,48.5458133065,0.7272727273,46.4470391689,3.0339972973,True,,False
S0034_R09,n50_p0.75_d1_uniform_Elow_V1.25_Hshort_PWstrict_B0.10,3402035,50,3,3,13,0.2600000000,24527.8214812834,24301.6391508693,120.8049144380,47.1585082374,0.7272727273,46.2870205493,3.8857026100,True,,False
S0034_R10,n50_p0.75_d1_uniform_Elow_V1.25_Hshort_PWstrict_B0.10,3402036,50,0,0,0,0.0000000000,313934.1551859183,313522.6034944820,1386.5251490949,195.3872552073,0.1538461538,162.8562887913,0.0265078545,True,,False
S0034_R10,n50_p0.75_d1_uniform_Elow_V1.25_Hshort_PWstrict_B0.10,3402036,50,1,1,3,0.0600000000,30632.6815617337,30365.2024125926,129.4160444172,43.7022428554,0.6153846154,51.8826677476,6.3474934101,True,,True
S0034_R10,n50_p0.75_d1_uniform_Elow_V1.25_Hshort_PWstrict_B0.10,3402036,50,2,2,9,0.1800000000,20175.2509366984,19913.4733980104,96.9756864884,38.0271758110,0.7692307692,46.1410454246,2.1473774910,True,,False
S0034_R10,n50_p0.75_d1_uniform_Elow_V1.25_Hshort_PWstrict_B0.10,3402036,50,3,3,9,0.1800000000,21464.9315091241,21195.2309802038,94.3834546966,37.0714689773,0.8461538462,47.7650381945,2.9807620049,True,,False
S0035_R01,n50_p0.75_d1_clustered_Elow_V1.25_Hmedium_PWflat_B0.10,3502027,50,0,0,0,0.0000000000,4899.1803338753,4713.2173779893,2389.9314187085,341.8452891711,0.0833333333,257.4272300814,0.0277783871,True,,False
S0035_R01,n50_p0.75_d1_clustered_Elow_V1.25_Hmedium_PWflat_B0.10,3502027,50,1,1,3,0.0600000000,422.4176691594,263.3253805794,260.6490466604,51.3919586403,0.3333333333,73.9058505178,28.7161567211,True,,True
S0035_R01,n50_p0.75_d1_clustered_Elow_V1.25_Hmedium_PWflat_B0.10,3502027,50,2,2,8,0.1600000000,395.3386548721,280.3234804241,278.4044795257,58.8206769716,0.3333333333,73.9941142084,6.5997786522,True,,False
S0035_R01,n50_p0.75_d1_clustered_Elow_V1.25_Hmedium_PWflat_B0.10,3502027,50,3,3,11,0.2200000000,305.4701949722,180.0140479012,180.0140479012,49.9238998727,0.4166666667,65.9801514428,7.2733392715,True,,False
S0035_R02,n50_p0.75_d1_clustered_Elow_V1.25_Hmedium_PWflat_B0.10,3502028,50,0,0,0,0.0000000000,3379.8430106589,3211.3476823428,1338.1338178722,279.2966750868,0.1111111111,206.5860917076,0.0220139027,True,,False
S0035_R02,n50_p0.75_d1_clustered_Elow_V1.25_Hmedium_PWflat_B0.10,3502028,50,1,1,4,0.0800000000,205.4604994467,61.9052014979,48.7632972994,10.0092280734,0.7777777778,43.4602819841,33.2801532745,True,,True
S0035_R02,n50_p0.75_d1_clustered_Elow_V1.25_Hmedium_PWflat_B0.10,3502028,50,2,2,7,0.1400000000,263.6127624040,181.8464917824,164.9557750139,55.2216132468,0.6666666667,61.2898142201,5.7631423473,True,,False
S0035_R02,n50_p0.75_d1_clustered_Elow_V1.25_Hmedium_PWflat_B0.10,3502028,50,3,3,14,0.2800000000,199.8314928612,77.4157794564,77.4157794564,30.3431253500,0.7777777778,44.4538177305,8.1097576618,True,,False
S0035_R03,n50_p0.75_d1_clustered_Elow_V1.25_Hmedium_PWflat_B0.10,3502029,50,0,0,0,0.0000000000,3520.1317089888,3351.2405278819,777.8949804237,204.3549453464,0.0000000000,189.6394760486,0.0223748684,True,,False
S0035_R03,n50_p0.75_d1_clustered_Elow_V1.25_Hmedium_PWflat_B0.10,3502029,50,1,1,5,0.1000000000,231.9456732497,164.4405105062,164.4405105062,56.0813597928,0.1666666667,85.7036196750,20.8938508034,True,,True
S0035_R03,n50_p0.75_d1_clustered_Elow_V1.25_Hmedium_PWflat_B0.10,3502029,50,2,2,11,0.2200000000,186.8763047540,113.3250325247,113.3250325247,45.1868798612,0.3333333333,74.8091397435,6.4522502422,True,,False
S0035_R03,n50_p0.75_d1_clustered_Elow_V1.25_Hmedium_PWflat_B0.10,3502029,50,3,3,16,0.3200000000,154.9838081630,37.5966412117,37.5966412117,18.7983206059,0.6666666667,50.9307431765,8.3734042645,True,,False
S0035_R04,n50_p0.75_d1_clustered_Elow_V1.25_Hmedium_PWflat_B0.10,3502030,50,0,0,0,0.0000000000,2803.8222290544,2645.1276527122,674.7723762053,176.0322458170,0.1428571429,154.1483364230,0.0237553120,True,,False
S0035_R04,n50_p0.75_d1_clustered_Elow_V1.25_Hmedium_PWflat_B0.10,3502030,50,1,1,9,0.1800000000,195.6389942976,134.4414328795,134.4414328795,46.9375861478,0.4285714286,71.6742063775,9.5241463184,True,,True
S0035_R04,n50_p0.75_d1_clustered_Elow_V1.25_Hmedium_PWflat_B0.10,3502030,50,2,1,9,0.1800000000,195.6389942976,134.4414328795,134.4414328795,46.9375861478,0.4285714286,71.6742063775,6.2370669842,True,,False
S0035_R04,n50_p0.75_d1_clustered_Elow_V1.25_Hmedium_PWflat_B0.10,3502030,50,3,1,9,0.1800000000,195.6389942976,134.4414328795,134.4414328795,46.9375861478,0.4285714286,71.6742063775,6.5782544613,True,,False
S0035_R05,n50_p0.75_d1_clustered_Elow_V1.25_Hmedium_PWflat_B0.10,3502031,50,0,0,0,0.0000000000,3682.7026216230,3523.1882772846,998.4041036996,204.4106930810,0.2000000000,157.6015824366,0.0240669250,True,,False
S0035_R05,n50_p0.75_d1_clustered_Elow_V1.25_Hmedium_PWflat_B0.10,3502031,50,1,1,3,0.0600000000,234.3514436105,168.3835484848,150.4527606959,40.9293383763,0.5000000000,59.0056413507,15.3839876652,True,,True
S0035_R05,n50_p0.75_d1_clustered_Elow_V1.25_Hmedium_PWflat_B0.10,3502031,50,2,2,9,0.1800000000,182.6829858064,110.3634047353,109.3146521164,31.3419705280,0.6000000000,53.1772360918,7.6320760250,True,,False
S0035_R05,n50_p0.75_d1_clustered_Elow_V1.25_Hmedium_PWflat_B0.10,3502031,50,3,2,9,0.1800000000,182.6829858064,110.3634047353,109.3146521164,31.3419705280,0.6000000000,53.1772360918,6.5363893509,True,,False
S0035_R06,n50_p0.75_d1_clustered_Elow_V1.25_Hmedium_PWflat_B0.10,3502032,50,0,0,0,0.0000000000,2985.4347397442,2831.1935296892,937.9622148585,212.7827485755,0.0000000000,216.3741056786,0.0199546814,True,,False
S0035_R06,n50_p0.75_d1_clustered_Elow_V1.25_Hmedium_PWflat_B0.10,3502032,50,1,1,9,0.1800000000,192.3667257342,41.2705703814,40.0989473568,20.0494736784,0.6666666667,52.9723623977,30.9779112339,True,,True
S0035_R06,n50_p0.75_d1_clustered_Elow_V1.25_Hmedium_PWflat_B0.10,3502032,50,2,2,10,0.2000000000,227.2561183332,76.9967455416,46.5763635344,23.2881817672,0.6666666667,53.4975907564,6.8671243191,True,,False
S0035_R06,n50_p0.75_d1_clustered_Elow_V1.25_Hmedium_PWflat_B0.10,3502032,50,3,3,11,0.2200000000,303.6838297850,214.4875792667,191.8941492163,68.7824656742,0.3333333333,85.6741891624,7.2330830097,True,,False
S0035_R07,n50_p0.75_d1_clustered_Elow_V1.25_Hmedium_PWflat_B0.10,3502033,50,0,0,0,0.0000000000,4136.0671035685,3960.5928571405,1873.8773237415,249.8557588555,0.0000000000,216.1420411391,0.0174083710,True,,False
S0035_R07,n50_p0.75_d1_clustered_Elow_V1.25_Hmedium_PWflat_B0.10,3502033,50,1,1,5,0.1000000000,277.0890687390,173.3076124962,173.3076124962,55.8712286267,0.5833333333,63.0888690381,26.2150154114,True,,True
S0035_R07,n50_p0.75_d1_clustered_Elow_V1.25_Hmedium_PWflat_B0.10,3502033,50,2,2,9,0.1800000000,269.3656151910,155.2237657226,155.2237657226,44.5678829841,0.5833333333,61.1532185882,6.9608645439,True,,False
S0035_R07,n50_p0.75_d1_clustered_Elow_V1.25_Hmedium_PWflat_B0.10,3502033,50,3,3,11,0.2200000000,244.0204673527,161.7070675895,161.7070675895,41.4720505323,0.5000000000,63.0904076520,7.3405373096,True,,False
S0035_R08,n50_p0.75_d1_clustered_Elow_V1.25_Hmedium_PWflat_B0.10,3502034,50,0,0,0,0.0000000000,3637.5062965772,3478.9903423958,1426.8721062212,270.7863331228,0.0000000000,202.6607658880,0.0241384506,True,,False
S0035_R08,n50_p0.75_d1_clustered_Elow_V1.25_Hmedium_PWflat_B0.10,3502034,50,1,1,6,0.1200000000,217.9799776704,150.7591022428,148.3280911106,50.4133168444,0.5000000000,63.2923055056,30.6042897701,True,,True
S0035_R08,n50_p0.75_d1_clustered_Elow_V1.25_Hmedium_PWflat_B0.10,3502034,50,2,2,10,0.2000000000,180.6039984314,106.2120117470,106.2120117470,41.9000325725,0.6000000000,55.3915393182,6.5389297009,True,,False
S0035_R08,n50_p0.75_d1_clustered_Elow_V1.25_Hmedium_PWflat_B0.10,3502034,50,3,2,10,0.2000000000,180.6039984314,106.2120117470,106.2120117470,41.9000325725,0.6000000000,55.3915393182,7.1640112400,True,,False
S0035_R09,n50_p0.75_d1_clustered_Elow_V1.25_Hmedium_PWflat_B0.10,3502035,50,0,0,0,0.0000000000,4231.8901289916,4050.0823562455,1900.6221739780,311.1887990344,0.1000000000,247.9821269227,0.0255517960,True,,False
S0035_R09,n50_p0.75_d1_clustered_Elow_V1.25_Hmedium_PWflat_B0.10,3502035,50,1,1,6,0.1200000000,250.2312309594,94.5835903401,94.1388817234,28.5985030447,0.7000000000,51.3947400440,10.8838527203,True,,True
S0035_R09,n50_p0.75_d1_clustered_Elow_V1.25_Hmedium_PWflat_B0.10,3502035,50,2,2,8,0.1600000000,391.9110546717,236.5087324502,218.5751566957,65.4377972613,0.6000000000,61.7256629759,6.7876956463,True,,False
S0035_R09,n50_p0.75_d1_clustered_Elow_V1.25_Hmedium_PWflat_B0.10,3502035,50,3,2,8,0.1600000000,418.6457098579,333.0826917450,299.3472290719,75.6851722478,0.5000000000,71.9137643020,6.4811394215,True,,False
S0035_R10,n50_p0.75_d1_clustered_Elow_V1.25_Hmedium_PWflat_B0.10,3502036,50,0,0,0,0.0000000000,4867.4802871077,4681.4075254618,2408.3122429994,339.1428058000,0.1666666667,260.2816967397,0.0243899822,True,,False
S0035_R10,n50_p0.75_d1_clustered_Elow_V1.25_Hmedium_PWflat_B0.10,3502036,50,1,1,5,0.1000000000,268.5406236308,117.5153534646,102.8050395945,30.5582195996,0.5000000000,57.5385353848,32.0189678669,True,,True
S0035_R10,n50_p0.75_d1_clustered_Elow_V1.25_Hmedium_PWflat_B0.10,3502036,50,2,2,11,0.2200000000,153.5828910185,34.8176321526,33.8278775929,13.0754102693,0.7500000000,45.4851008951,7.3473837376,True,,False
S0035_R10,n50_p0.75_d1_clustered_Elow_V1.25_Hmedium_PWflat_B0.10,3502036,50,3,3,17,0.3400000000,157.9005412870,69.0735453617,60.2581923736,13.3962972156,0.7500000000,44.8959399309,8.1353461742,True,,False
S0036_R01,n50_p0.75_d1_uniform_Elow_V1.25_Hlong_PWstrict_B0.10,3602027,50,0,0,0,0.0000000000,216384.4395048650,216047.2356786081,896.8440956987,170.5556180124,0.1818181818,140.2636715431,0.0256054401,True,,False
S0036_R01,n50_p0.75_d1_uniform_Elow_V1.25_Hlong_PWstrict_B0.10,3602027,50,1,1,7,0.1400000000,40831.1932632442,40598.6483835954,166.6610830444,42.1193375233,0.5454545455,55.2551311171,9.9124548435,True,,True
S0036_R01,n50_p0.75_d1_uniform_Elow_V1.25_Hlong_PWstrict_B0.10,3602027,50,2,2,12,0.2400000000,49635.0885756393,49402.4905993016,239.7762005689,67.5854437006,0.4545454545,61.8992300481,3.2557947636,True,,False
S0036_R01,n50_p0.75_d1_uniform_Elow_V1.25_Hlong_PWstrict_B0.10,3602027,50,3,3,15,0.3000000000,44087.0470926527,43852.6306158362,219.2631530792,57.4700335038,0.4545454545,61.4154897883,4.4910643101,True,,False
S0036_R02,n50_p0.75_d1_uniform_Elow_V1.25_Hlong_PWstrict_B0.10,3602028,50,0,0,0,0.0000000000,104940.4374716036,104603.2794768803,449.5108660986,121.7992777007,0.0000000000,134.8590421617,0.0239112377,True,,False
S0036_R02,n50_p0.75_d1_uniform_Elow_V1.25_Hlong_PWstrict_B0.10,3602028,50,1,1,4,0.0800000000,16767.5672436927,16552.9317435691,70.6283941638,23.7497874892,0.3333333333,64.1322828263,2.6307117939,True,,True
S0036_R02,n50_p0.75_d1_uniform_Elow_V1.25_Hlong_PWstrict_B0.10,3602028,50,2,2,6,0.1200000000,15225.0466902466,15006.1409182519,64.6905199707,21.4584093724,0.3333333333,61.9166479789,2.0345900059,True,,False
S0036_R02,n50_p0.75_d1_uniform_Elow_V1.25_Hlong_PWstrict_B0.10,3602028,50,3,3,9,0.1800000000,7258.7140791733,7038.0690168934,30.8357613442,15.4178806721,0.6666666667,54.4392713261,3.5349113941,True,,False
S0036_R03,n50_p0.75_d1_uniform_Elow_V1.25_Hlong_PWstrict_B0.10,3602029,50,0,0,0,,,,,,,,0.0295982361,False,,False
S0036_R03,n50_p0.75_d1_uniform_Elow_V1.25_Hlong_PWstrict_B0.10,3602029,50,1,1,5,0.1000000000,56985.9196451161,56747.9618689349,241.9473837360,73.7294326282,0.6000000000,67.0078759647,10.9127631187,True,,True
S0036_R03,n50_p0.75_d1_uniform_Elow_V1.25_Hlong_PWstrict_B0.10,3602029,50,2,2,9,0.1800000000,60770.5993049531,60544.1053404345,264.4565961934,56.9169460574,0.5000000000,74.4955881975,6.8511106968,True,,False
S0036_R03,n50_p0.75_d1_uniform_Elow_V1.25_Hlong_PWstrict_B0.10,3602029,50,3,3,11,0.2200000000,68005.4083403895,67780.6921127212,297.0325689598,60.6648448344,0.3000000000,78.6326990881,7.8175165653,True,,False
S0036_R04,n50_p0.75_d1_uniform_Elow_V1.25_Hlong_PWstrict_B0.10,3602030,50,0,0,0,0.0000000000,253049.4346214854,252635.6081881928,1194.9256358452,196.5214084787,0.3076923077,144.6619997666,0.0721464157,True,,False
S0036_R04,n50_p0.75_d1_uniform_Elow_V1.25_Hlong_PWstrict_B0.10,3602030,50,1,1,4,0.0800000000,53813.7047767081,53571.5705029989,266.5617054575,55.7011834162,0.4615384615,69.8584994255,9.0546395779,True,,True
S0036_R04,n50_p0.75_d1_uniform_Elow_V1.25_Hlong_PWstrict_B0.10,3602030,50,2,2,8,0.1600000000,55958.5391513934,55727.0774809067,278.6353874045,73.8885324353,0.4615384615,67.1440227912,2.4546082020,True,,False
S0036_R04,n50_p0.75_d1_uniform_Elow_V1.25_Hlong_PWstrict_B0.10,3602030,50,3,3,11,0.2200000000,43189.7204322731,42951.1113012718,214.7555565064,45.0867868796,0.3846153846,63.3296479240,2.9360160828,True,,False
S0036_R05,n50_p0.75_d1_uniform_Elow_V1.25_Hlong_PWstrict_B0.10,3602031,50,0,0,0,0.0000000000,345770.5149635074,345406.6888716636,1525.3277967447,258.2883948675,0.1000000000,210.0972393539,0.0268516541,True,,False
S0036_R05,n50_p0.75_d1_uniform_Elow_V1.25_Hlong_PWstrict_B0.10,3602031,50,1,1,4,0.0800000000,126817.9977306252,126608.0067932954,611.9072635942,100.7367264209,0.2000000000,118.2866292945,6.6672372818,True,,True
S0036_R05,n50_p0.75_d1_uniform_Elow_V1.25_Hlong_PWstrict_B0.10,3602031,50,2,2,6,0.1200000000,122993.2436525804,122775.8274889576,599.3072659352,99.7706935826,0.2000000000,117.0266295286,1.9243907928,True,,False
S0036_R05,n50_p0.75_d1_uniform_Elow_V1.25_Hlong_PWstrict_B0.10,3602031,50,3,3,7,0.1400000000,122996.8124170838,122775.8274889576,599.3072659352,99.7706935826,0.2000000000,117.0266295286,2.5597136021,True,,False
S0036_R06,n50_p0.75_d1_uniform_Elow_V1.25_Hlong_PWstrict_B0.10,3602032,50,0,0,0,0.0000000000,448289.6853632279,447921.4270902943,2054.6296475080,250.8267859534,0.1764705882,175.4411556340,0.0244550705,True,,False
S0036_R06,n50_p0.75_d1_uniform_Elow_V1.25_Hlong_PWstrict_B0.10,3602032,50,1,1,5,0.1000000000,48535.3018320698,48305.4447106644,212.9443417372,40.6781657672,0.7058823529,52.0984144423,9.5126941204,True,,True
S0036_R06,n50_p0.75_d1_uniform_Elow_V1.25_Hlong_PWstrict_B0.10,3602032,50,2,2,7,0.1400000000,45143.6646063298,44921.0651568893,207.0740080431,41.3688298186,0.6470588235,51.8679359520,2.0421469212,True,,False
S0036_R06,n50_p0.75_d1_uniform_Elow_V1.25_Hlong_PWstrict_B0.10,3602032,50,3,3,9,0.1800000000,28441.2164800223,28205.4606272852,128.7097218179,35.5710928232,0.7058823529,47.2880500817,2.8043856621,True,,False
S0036_R07,n50_p0.75_d1_uniform_Elow_V1.25_Hlong_PWstrict_B0.10,3602033,50,0,0,0,,,,,,,,0.0273475647,False,,False
S0036_R07,n50_p0.75_d1_uniform_Elow_V1.25_Hlong_PWstrict_B0.10,3602033,50,1,1,3,0.0600000000,83079.6863936575,82799.4155105362,260.1151002033,61.9155365639,0.6153846154,60.3975711723,16.5318958759,True,,True
S0036_R07,n50_p0.75_d1_uniform_Elow_V1.25_Hlong_PWstrict_B0.10,3602033,50,2,2,7,0.1400000000,86540.1221912987,86306.6731940247,345.6517964012,71.5055695812,0.6153846154,67.0147931072,7.2525320053,True,,False
S0036_R07,n50_p0.75_d1_uniform_Elow_V1.25_Hlong_PWstrict_B0.10,3602033,50,3,3,10,0.2000000000,87325.9472055984,87077.9014972721,373.0149523297,79.2944342625,0.5384615385,69.0512785710,7.8606641293,True,,False
S0036_R08,n50_p0.75_d1_uniform_Elow_V1.25_Hlong_PWstrict_B0.10,3602034,50,0,0,0,0.0000000000,143426.6465112602,143027.2573368821,480.7282578888,159.7375031965,0.3333333333,105.3944158803,0.0252466202,True,,False
S0036_R08,n50_p0.75_d1_uniform_Elow_V1.25_Hlong_PWstrict_B0.10,3602034,50,1,1,3,0.0600000000,39133.7139400235,38901.2479987832,161.3680794861,50.3171818005,0.4444444444,65.2260125403,5.5209262371,True,,True
S0036_R08,n50_p0.75_d1_uniform_Elow_V1.25_Hlong_PWstrict_B0.10,3602034,50,2,2,8,0.1600000000,6481.1912036351,6279.3669539405,14.0568547194,2.8113709439,0.8888888889,31.8358683636,3.9130134583,True,,False
S0036_R08,n50_p0.75_d1_uniform_Elow_V1.25_Hlong_PWstrict_B0.10,3602034,50,3,3,13,0.2600000000,11943.2040049826,11742.2505218357,45.1104382535,14.1269180655,0.7777777778,36.0489191361,3.8303430080,True,,False
S0036_R09,n50_p0.75_d1_uniform_Elow_V1.25_Hlong_PWstrict_B0.10,3602035,50,0,0,0,0.0000000000,321168.7477350206,320848.8660090278,1486.9323796056,306.2872375911,0.1666666667,177.1235812719,0.0269489288,True,,False
S0036_R09,n50_p0.75_d1_uniform_Elow_V1.25_Hlong_PWstrict_B0.10,3602035,50,1,1,5,0.1000000000,35679.9013750437,35468.0817219410,165.9530216115,39.4796981170,0.5000000000,61.9372972519,8.6177685261,True,,True
S0036_R09,n50_p0.75_d1_uniform_Elow_V1.25_Hlong_PWstrict_B0.10,3602035,50,2,2,10,0.2000000000,38643.1849625879,38421.5119390580,180.9335220410,49.6866018082,0.5000000000,60.2892632743,2.8013854027,True,,False
S0036_R09,n50_p0.75_d1_uniform_Elow_V1.25_Hlong_PWstrict_B0.10,3602035,50,3,3,13,0.2600000000,44359.7532330156,44147.1602816004,203.1358491917,67.3117511969,0.5000000000,61.5655546557,3.6600315571,True,,False
S0036_R10,n50_p0.75_d1_uniform_Elow_V1.25_Hlong_PWstrict_B0.10,3602036,50,0,0,0,0.0000000000,160951.9693191854,160565.3168308742,669.1957829121,221.6392343219,0.2857142857,150.8290520151,0.0265500546,True,,False
S0036_R10,n50_p0.75_d1_uniform_Elow_V1.25_Hlong_PWstrict_B0.10,3602036,50,1,1,7,0.1400000000,58447.4133733468,58194.0188263951,278.1267055025,79.8148978802,0.4285714286,83.1064439088,7.0976524353,True,,True
S0036_R10,n50_p0.75_d1_uniform_Elow_V1.25_Hlong_PWstrict_B0.10,3602036,50,2,2,8,0.1600000000,56054.9773984889,55809.2557449374,269.4530392996,80.7477822587,0.4285714286,80.9266660909,2.4549305439,True,,False
S0036_R10,n50_p0.75_d1_uniform_Elow_V1.25_Hlong_PWstrict_B0.10,3602036,50,3,3,9,0.1800000000,54571.5091412371,54319.0902232279,263.2440162924,78.8850753565,0.4285714286,80.0396628042,2.9510142803,True,,False
S0037_R01,n50_p0.75_d2_uniform_Elow_V2.00_Hmedium_PWbase_B0.10,3702027,50,0,0,0,0.0000000000,35155.2474306462,34800.7581499953,240.6281983622,128.1789872125,0.6000000000,94.8872323669,0.0219321251,True,,False
S0037_R01,n50_p0.75_d2_uniform_Elow_V2.00_Hmedium_PWbase_B0.10,3702027,50,1,1,7,0.1400000000,5598.8791290318,5369.7549922523,51.1541007225,30.6924604335,0.8000000000,43.4098796646,1.9375040531,True,,False
S0037_R01,n50_p0.75_d2_uniform_Elow_V2.00_Hmedium_PWbase_B0.10,3702027,50,2,2,12,0.2400000000,1573.7337110026,1345.8651184503,11.4783338261,6.8870002956,0.8000000000,38.2166287828,15.0596363544,True,,True
S0037_R01,n50_p0.75_d2_uniform_Elow_V2.00_Hmedium_PWbase_B0.10,3702027,50,3,3,16,0.3200000000,3474.7797262185,3253.2733800007,32.5327338000,19.5196402800,0.8000000000,37.8255543812,4.5414016247,True,,False
S0037_R02,n50_p0.75_d2_uniform_Elow_V2.00_Hmedium_PWbase_B0.10,3702028,50,0,0,0,0.0000000000,123576.9240128618,123234.9699453230,912.8451618859,252.7679828363,0.1250000000,166.9385741302,0.0578405857,True,,False
S0037_R02,n50_p0.75_d2_uniform_Elow_V2.00_Hmedium_PWbase_B0.10,3702028,50,1,1,3,0.0600000000,3119.0277458875,2889.2691972941,0.0000000000,0.0000000000,1.0000000000,31.2617204729,2.6741752625,True,,False
S0037_R02,n50_p0.75_d2_uniform_Elow_V2.00_Hmedium_PWbase_B0.10,3702028,50,2,2,9,0.1800000000,1014.6280667723,775.4975470478,0.0000000000,0.0000000000,1.0000000000,31.6654796777,15.7389783859,True,,True
S0037_R02,n50_p0.75_d2_uniform_Elow_V2.00_Hmedium_PWbase_B0.10,3702028,50,3,3,12,0.2400000000,288.7179767988,44.5337943526,0.0000000000,0.0000000000,1.0000000000,29.2196261759,2.3799507618,True,,False
S0037_R03,n50_p0.75_d2_uniform_Elow_V2.00_Hmedium_PWbase_B0.10,3702029,50,0,0,0,0.0000000000,146579.8643949106,146195.1432153741,1378.0581031908,212.1515534932,0.1875000000,141.2903415388,0.0476424694,True,,False
S0037_R03,n50_p0.75_d2_uniform_Elow_V2.00_Hmedium_PWbase_B0.10,3702029,50,1,1,5,0.1000000000,27369.6250407670,27095.3384257519,257.1119706506,48.9079727894,0.5625000000,56.6466200033,3.6053216457,True,,False
S0037_R03,n50_p0.75_d2_uniform_Elow_V2.00_Hmedium_PWbase_B0.10,3702029,50,2,2,9,0.1800000000,20772.6870133877,20516.0134374061,192.7488235693,40.0572054958,0.6875000000,46.7911403329,3.4928734303,True,,True
S0037_R03,n50_p0.75_d2_uniform_Elow_V2.00_Hmedium_PWbase_B0.10,3702029,50,3,3,15,0.3000000000,9917.8419936429,9649.6328708166,95.2854036259,20.7940668554,0.8125000000,35.3510984510,6.9810295105,True,,False
S0037_R04,n50_p0.75_d2_uniform_Elow_V2.00_Hmedium_PWbase_B0.10,3702030,50,0,0,0,0.0000000000,129880.7330010228,129519.6593515730,1212.6738304776,179.3859648659,0.2222222222,122.9000202568,0.0336010456,True,,False
S0037_R04,n50_p0.75_d2_uniform_Elow_V2.00_Hmedium_PWbase_B0.10,3702030,50,1,1,4,0.0800000000,43378.6296892985,43112.8170508704,424.8442718906,75.4477357398,0.5000000000,67.1369643033,2.3446440697,True,,False
S0037_R04,n50_p0.75_d2_uniform_Elow_V2.00_Hmedium_PWbase_B0.10,3702030,50,2,2,11,0.2200000000,20426.0600354563,20171.2221509214,201.7122215092,39.0686526354,0.6666666667,45.6134473359,7.1117680073,True,,True
S0037_R04,n50_p0.75_d2_uniform_Elow_V2.00_Hmedium_PWbase_B0.10,3702030,50,3,3,16,0.3200000000,7772.7231967449,7543.9197566278,66.1035331132,14.7707961267,0.8333333333,34.6567091156,5.8360908031,True,,False
S0037_R05,n50_p0.75_d2_uniform_Elow_V2.00_Hmedium_PWbase_B0.10,3702031,50,0,0,0,0.0000000000,116456.5745466028,116045.3387332143,930.6910095284,285.7676997434,0.1250000000,171.3145532783,0.0419209003,True,,False
S0037_R05,n50_p0.75_d2_uniform_Elow_V2.00_Hmedium_PWbase_B0.10,3702031,50,1,1,6,0.1200000000,16854.3737066313,16623.3259993260,112.6655724536,34.4821783373,0.3750000000,60.5085297920,3.2028939724,True,,False
S0037_R05,n50_p0.75_d2_uniform_Elow_V2.00_Hmedium_PWbase_B0.10,3702031,50,2,2,9,0.1800000000,12456.1780828088,12224.1276742749,91.2627440713,30.6836132713,0.6250000000,56.5610517001,7.0511922836,True,,True
S0037_R05,n50_p0.75_d2_uniform_Elow_V2.00_Hmedium_PWbase_B0.10,3702031,50,3,3,15,0.3000000000,4160.0681406010,3933.9511762531,31.7581460175,11.6372573943,0.6250000000,46.8224154664,6.7739768028,True,,False
S0037_R06,n50_p0.75_d2_uniform_Elow_V2.00_Hmedium_PWbase_B0.10,3702032,50,0,0,0,0.0000000000,78798.7557400296,78441.2382175894,670.1651925170,145.5627787648,0.1111111111,130.7106912257,0.0411691666,True,,False
S0037_R06,n50_p0.75_d2_uniform_Elow_V2.00_Hmedium_PWbase_B0.10,3702032,50,1,1,7,0.1400000000,9565.3858186382,9349.2067480242,85.8096900445,32.4106260572,0.7777777778,42.3510481173,2.8436021805,True,,False
S0037_R06,n50_p0.75_d2_uniform_Elow_V2.00_Hmedium_PWbase_B0.10,3702032,50,2,2,11,0.2200000000,3764.1019309874,3535.2657913988,32.6170304473,6.5234060895,0.8888888889,27.9770385380,10.0319476128,True,,True
S0037_R06,n50_p0.75_d2_uniform_Elow_V2.00_Hmedium_PWbase_B0.10,3702032,50,3,3,15,0.3000000000,3475.1380792950,3261.7030447299,32.6170304473,6.5234060895,0.8888888889,31.7593798105,4.7211623192,True,,False
S0037_R07,n50_p0.75_d2_uniform_Elow_V2.00_Hmedium_PWbase_B0.10,3702033,50,0,0,0,0.0000000000,65349.7917726516,64981.0481323424,488.3960844450,172.0839449004,0.1666666667,137.0341659095,0.0475571156,True,,False
S0037_R07,n50_p0.75_d2_uniform_Elow_V2.00_Hmedium_PWbase_B0.10,3702033,50,1,1,5,0.1000000000,9800.5500337325,9561.6598783409,79.8640365596,39.9320182798,0.6666666667,54.0321493943,1.9317982197,True,,False
S0037_R07,n50_p0.75_d2_uniform_Elow_V2.00_Hmedium_PWbase_B0.10,3702033,50,2,2,12,0.2400000000,8447.5547565439,8219.5804226757,78.3141898700,39.1570949350,0.6666666667,56.0563981082,6.8373868465,True,,True
S0037_R07,n50_p0.75_d2_uniform_Elow_V2.00_Hmedium_PWbase_B0.10,3702033,50,3,3,17,0.3400000000,7058.1465642719,6840.0183018625,68.4001830186,34.2000915093,0.6666666667,44.4448812330,5.3583736420,True,,False
S0037_R08,n50_p0.75_d2_uniform_Elow_V2.00_Hmedium_PWbase_B0.10,3702034,50,0,0,0,0.0000000000,67258.0405765313,66856.2451683970,404.1598126145,123.1369897346,0.3333333333,118.6821456475,0.0741949081,True,,False
S0037_R08,n50_p0.75_d2_uniform_Elow_V2.00_Hmedium_PWbase_B0.10,3702034,50,1,1,3,0.0600000000,9525.9579412068,9291.7959949368,85.6703756337,42.8351878168,0.6666666667,57.2534571335,1.5130822659,True,,False
S0037_R08,n50_p0.75_d2_uniform_Elow_V2.00_Hmedium_PWbase_B0.10,3702034,50,2,2,10,0.2000000000,6396.8131150127,6171.6594695521,59.4547021037,29.7273510518,0.6666666667,41.5019867652,4.9895339012,True,,True
S0037_R08,n50_p0.75_d2_uniform_Elow_V2.00_Hmedium_PWbase_B0.10,3702034,50,3,3,14,0.2800000000,5205.0660365386,4974.3855651091,49.7438556511,24.8719278255,0.6666666667,39.8835123564,4.6405172348,True,,False
S0037_R09,n50_p0.75_d2_uniform_Elow_V2.00_Hmedium_PWbase_B0.10,3702035,50,0,0,0,0.0000000000,100035.2489606667,99706.3948142139,928.4054721162,129.4032313900,0.3076923077,122.3424049947,0.0303356647,True,,False
S0037_R09,n50_p0.75_d2_uniform_Elow_V2.00_Hmedium_PWbase_B0.10,3702035,50,1,1,4,0.0800000000,22213.8628862364,21983.2424758458,211.2747895277,63.9422861490,0.6923076923,54.4709245597,2.8437197208,True,,False
S0037_R09,n50_p0.75_d2_uniform_Elow_V2.00_Hmedium_PWbase_B0.10,3702035,50,2,2,7,0.1400000000,11726.5240289837,11478.5063678705,111.4184464859,32.9069062268,0.7692307692,43.6019134570,14.1071290970,True,,True
S0037_R09,n50_p0.75_d2_uniform_Elow_V2.00_Hmedium_PWbase_B0.10,3702035,50,3,3,10,0.2000000000,16111.3571395911,15864.2662615583,154.9284113318,47.4102278421,0.7692307692,46.9488338297,6.3178079128,True,,False
S0037_R10,n50_p0.75_d2_uniform_Elow_V2.00_Hmedium_PWbase_B0.10,3702036,50,0,0,0,0.0000000000,82327.3966301473,82016.4327804760,739.3447982624,131.7712539232,0.0000000000,142.1744621839,0.0685443878,True,,False
S0037_R10,n50_p0.75_d2_uniform_Elow_V2.00_Hmedium_PWbase_B0.10,3702036,50,1,1,4,0.0800000000,5765.2020199135,5579.7695629612,55.7976956296,21.3930557918,0.5555555556,45.8734010173,2.1173996925,True,,False
S0037_R10,n50_p0.75_d2_uniform_Elow_V2.00_Hmedium_PWbase_B0.10,3702036,50,2,2,10,0.2000000000,292.9951192481,105.8582950264,1.0585829503,0.2117165901,0.8888888889,25.2459111146,12.7420036793,True,,True
S0037_R10,n50_p0.75_d2_uniform_Elow_V2.00_Hmedium_PWbase_B0.10,3702036,50,3,3,15,0.3000000000,296.7996482642,105.8582950264,1.0585829503,0.2117165901,0.8888888889,25.0569497393,5.5382144451,True,,False
S0038_R01,n50_p0.75_d1_uniform_Elow_V2.00_Hlong_PWbase_B0.10,3802027,50,0,0,0,0.0000000000,98244.3844795430,97895.1761674604,823.6499578654,203.3326096559,0.1250000000,159.3698796649,0.0257067680,True,,False
S0038_R01,n50_p0.75_d1_uniform_Elow_V2.00_Hlong_PWbase_B0.10,3802027,50,1,1,6,0.1200000000,9151.1121642350,8929.8277529524,75.8555405853,24.9431297980,0.6250000000,47.6910234411,8.4143640995,True,,True
S0038_R01,n50_p0.75_d1_uniform_Elow_V2.00_Hlong_PWbase_B0.10,3802027,50,2,2,12,0.2400000000,3198.7698576078,2973.8240038101,21.8364775584,10.1962887553,0.7500000000,40.3368123717,6.3889002800,True,,False
S0038_R01,n50_p0.75_d1_uniform_Elow_V2.00_Hlong_PWbase_B0.10,3802027,50,3,3,15,0.3000000000,1619.5997304029,1390.8741548788,13.0498793680,5.8589530804,0.7500000000,39.1377523393,6.9901666641,True,,False
S0038_R02,n50_p0.75_d1_uniform_Elow_V2.00_Hlong_PWbase_B0.10,3802028,50,0,0,0,0.0000000000,110809.3673250094,110472.1934242462,933.8717836508,165.5915958992,0.0000000000,153.3478432909,0.0669238567,True,,False
S0038_R02,n50_p0.75_d1_uniform_Elow_V2.00_Hlong_PWbase_B0.10,3802028,50,1,1,5,0.1000000000,26866.4710003121,26631.9426641547,247.5342310334,54.0036027349,0.3000000000,74.7622276441,9.4916393757,True,,True
S0038_R02,n50_p0.75_d1_uniform_Elow_V2.00_Hlong_PWbase_B0.10,3802028,50,2,2,9,0.1800000000,15478.2829016727,15243.4311281769,141.4130016238,45.2158294923,0.7000000000,52.6012649993,3.8570470810,True,,False
S0038_R02,n50_p0.75_d1_uniform_Elow_V2.00_Hlong_PWbase_B0.10,3802028,50,3,3,12,0.2400000000,13384.9376008112,13152.2699661218,129.6380353378,44.5571145092,0.7000000000,51.4237683707,4.2079243660,True,,False
S0038_R03,n50_p0.75_d1_uniform_Elow_V2.00_Hlong_PWbase_B0.10,3802029,50,0,0,0,0.0000000000,34993.6492240461,34652.5375816946,247.4415992838,78.0686076564,0.2857142857,90.1095959937,0.0265178680,True,,False
S0038_R03,n50_p0.75_d1_uniform_Elow_V2.00_Hlong_PWbase_B0.10,3802029,50,1,1,6,0.1200000000,4080.9719383131,3876.8638667530,36.5971030346,15.3197934203,0.7142857143,42.9946451610,3.2274024487,True,,True
S0038_R03,n50_p0.75_d1_uniform_Elow_V2.00_Hlong_PWbase_B0.10,3802029,50,2,2,11,0.2200000000,3777.1221288243,3564.8963281649,33.7602978720,13.9005805460,0.7142857143,44.2896650438,4.5118515491,True,,False
S0038_R03,n50_p0.75_d1_uniform_Elow_V2.00_Hlong_PWbase_B0.10,3802029,50,3,3,14,0.2800000000,3587.4279109162,3376.0297872022,33.7602978720,13.9005805460,0.7142857143,39.9559426621,5.8952739239,True,,False
S0038_R04,n50_p0.75_d1_uniform_Elow_V2.00_Hlong_PWbase_B0.10,3802030,50,0,0,0,0.0000000000,102468.1394418037,102127.5354280808,881.9959705887,219.2984592148,0.2222222222,151.3252752134,0.0429036617,True,,False
S0038_R04,n50_p0.75_d1_uniform_Elow_V2.00_Hlong_PWbase_B0.10,3802030,50,1,1,6,0.1200000000,8478.2547908230,8253.4279155632,71.9372611997,27.2327066935,0.6666666667,48.7757425205,9.2686560154,True,,True
S0038_R04,n50_p0.75_d1_uniform_Elow_V2.00_Hlong_PWbase_B0.10,3802030,50,2,2,8,0.1600000000,4896.6703306875,4661.8601814241,43.8979757550,18.5152945182,0.7777777778,39.1361119223,3.6232571602,True,,False
S0038_R04,n50_p0.75_d1_uniform_Elow_V2.00_Hlong_PWbase_B0.10,3802030,50,3,3,11,0.2200000000,3939.8096497672,3696.4428962175,36.6164756847,13.7181224622,0.7777777778,31.2073499291,4.8081254959,True,,False
S0038_R05,n50_p0.75_d1_uniform_Elow_V2.00_Hlong_PWbase_B0.10,3802031,50,0,0,0,0.0000000000,127956.7962517395,127526.0092272602,1065.0282146624,189.0481278805,0.2727272727,152.6606864357,0.0338757038,True,,False
S0038_R05,n50_p0.75_d1_uniform_Elow_V2.00_Hlong_PWbase_B0.10,3802031,50,1,1,7,0.1400000000,7522.2814760378,7278.5308682238,65.3794652008,0.0000000000,0.9090909091,45.6114995248,8.6803994179,True,,True
S0038_R05,n50_p0.75_d1_uniform_Elow_V2.00_Hlong_PWbase_B0.10,3802031,50,2,2,16,0.3200000000,220.2763369335,0.0000000000,0.0000000000,0.0000000000,1.0000000000,34.6216199470,5.1973652840,True,,False
S0038_R05,n50_p0.75_d1_uniform_Elow_V2.00_Hlong_PWbase_B0.10,3802031,50,3,3,16,0.3200000000,225.0371816088,0.0000000000,0.0000000000,0.0000000000,1.0000000000,29.7031057273,5.0466587543,True,,False
S0038_R06,n50_p0.75_d1_uniform_Elow_V2.00_Hlong_PWbase_B0.10,3802032,50,0,0,0,0.0000000000,62803.0521976463,62474.7794998149,544.3457162469,135.2133452495,0.1250000000,127.8964305719,0.0347735882,True,,False
S0038_R06,n50_p0.75_d1_uniform_Elow_V2.00_Hlong_PWbase_B0.10,3802032,50,1,1,4,0.0800000000,7361.3812255671,7173.6668136492,71.7366681365,28.0493040365,0.6250000000,46.6066089336,7.6806473732,True,,True
S0038_R06,n50_p0.75_d1_uniform_Elow_V2.00_Hlong_PWbase_B0.10,3802032,50,2,2,8,0.1600000000,2878.6626660922,2671.4026785404,26.7140267854,9.5158340976,0.7500000000,39.3529688878,3.4719114304,True,,False
S0038_R06,n50_p0.75_d1_uniform_Elow_V2.00_Hlong_PWbase_B0.10,3802032,50,3,3,11,0.2200000000,2520.5838920107,2287.1437885149,22.8714378851,7.5945396475,0.7500000000,40.9359991033,3.7828948498,True,,False
S0038_R07,n50_p0.75_d1_uniform_Elow_V2.00_Hlong_PWbase_B0.10,3802033,50,0,0,0,0.0000000000,152801.5412778210,152397.5348433700,1212.1679316020,288.4119159579,0.2000000000,175.2837354986,0.0268318653,True,,False
S0038_R07,n50_p0.75_d1_uniform_Elow_V2.00_Hlong_PWbase_B0.10,3802033,50,1,1,5,0.1000000000,14649.8151696908,14414.0414398197,80.3750666701,32.8877464835,0.7000000000,44.5331667828,10.0823564529,True,,True
S0038_R07,n50_p0.75_d1_uniform_Elow_V2.00_Hlong_PWbase_B0.10,3802033,50,2,2,11,0.2200000000,9455.0308291876,9215.0937373714,28.8152624706,11.3036811369,0.8000000000,38.1918976260,4.4374573231,True,,False
S0038_R07,n50_p0.75_d1_uniform_Elow_V2.00_Hlong_PWbase_B0.10,3802033,50,3,3,15,0.3000000000,3767.2406199701,3516.7406560068,17.4349712981,1.7434971298,0.9000000000,29.3258216903,5.1436548233,True,,False
S0038_R08,n50_p0.75_d1_uniform_Elow_V2.00_Hlong_PWbase_B0.10,3802034,50,0,0,0,0.0000000000,148526.1986300009,148163.5627523074,1226.9468745525,211.5302508425,0.3846153846,142.2582973118,0.0259072781,True,,False
S0038_R08,n50_p0.75_d1_uniform_Elow_V2.00_Hlong_PWbase_B0.10,3802034,50,1,1,2,0.0400000000,19486.7261154056,19244.9336926316,178.5133088448,44.8412899934,0.6153846154,54.9938937681,5.7849769592,True,,True
S0038_R08,n50_p0.75_d1_uniform_Elow_V2.00_Hlong_PWbase_B0.10,3802034,50,2,2,10,0.2000000000,2982.4203604810,2759.0946698952,19.7595502138,0.0000000000,0.9230769231,33.4511990518,3.5271625519,True,,False
S0038_R08,n50_p0.75_d1_uniform_Elow_V2.00_Hlong_PWbase_B0.10,3802034,50,3,3,18,0.3600000000,1281.8994772418,1036.0040857998,10.3600408580,0.0000000000,0.9230769231,27.3366907345,5.2350995541,True,,False
S0038_R09,n50_p0.75_d1_uniform_Elow_V2.00_Hlong_PWbase_B0.10,3802035,50,0,0,0,0.0000000000,78380.1732450465,78025.0676846474,573.0473374346,153.8075410788,0.2500000000,118.5548825025,0.0298504829,True,,False
S0038_R09,n50_p0.75_d1_uniform_Elow_V2.00_Hlong_PWbase_B0.10,3802035,50,1,1,3,0.0600000000,16193.0512239570,15953.5523231943,147.6951033491,60.5368801548,0.6250000000,54.8166123825,6.2711539268,True,,True
S0038_R09,n50_p0.75_d1_uniform_Elow_V2.00_Hlong_PWbase_B0.10,3802035,50,2,2,16,0.3200000000,9580.4816464857,9352.5402978136,90.3956671075,37.2108021978,0.7500000000,46.2362390398,3.8548922539,True,,False
S0038_R09,n50_p0.75_d1_uniform_Elow_V2.00_Hlong_PWbase_B0.10,3802035,50,3,3,18,0.3600000000,2763.3665783538,2523.0255163812,25.2302551638,7.5690765491,0.8750000000,36.3466250727,5.3940503597,True,,False
S0038_R10,n50_p0.75_d1_uniform_Elow_V2.00_Hlong_PWbase_B0.10,3802036,50,0,0,0,0.0000000000,199271.9853557438,198906.5312354600,1900.1218455679,236.8226466651,0.1428571429,192.6393000046,0.0262408257,True,,False
S0038_R10,n50_p0.75_d1_uniform_Elow_V2.00_Hlong_PWbase_B0.10,3802036,50,1,1,6,0.1200000000,20861.4716318904,20661.4524807018,200.9759971237,45.3943405445,0.5000000000,60.5084693806,10.7180905342,True,,True
S0038_R10,n50_p0.75_d1_uniform_Elow_V2.00_Hlong_PWbase_B0.10,3802036,50,2,2,10,0.2000000000,15471.8711870896,15248.4440475437,149.9918061509,37.5296071476,0.6428571429,49.2627825361,3.6963188648,True,,False
S0038_R10,n50_p0.75_d1_uniform_Elow_V2.00_Hlong_PWbase_B0.10,3802036,50,3,3,14,0.2800000000,10931.9590928915,10702.4908533513,106.5470200659,31.9295768169,0.7142857143,41.8403722372,4.4332075119,True,,False
S0039_R01,n50_p0.75_d1_uniform_Emedium_V1.25_Hshort_PWmoderate_B0.10,3902027,50,0,0,0,0.0000000000,16740.3078165415,16366.8380075067,687.4360309926,202.1156697526,0.2222222222,133.5532555571,0.0316548347,True,,False
S0039_R01,n50_p0.75_d1_uniform_Emedium_V1.25_Hshort_PWmoderate_B0.10,3902027,50,1,1,2,0.0400000000,3079.1901929680,2833.7291734036,122.7940846549,35.1995955881,0.4444444444,58.2429353738,4.7072672844,True,,True
S0039_R01,n50_p0.75_d1_uniform_Emedium_V1.25_Hshort_PWmoderate_B0.10,3902027,50,2,2,13,0.2600000000,837.5915630842,608.2788890438,30.4139444522,9.5096971352,0.7777777778,43.0631647756,4.5169594288,True,,False
S0039_R01,n50_p0.75_d1_uniform_Emedium_V1.25_Hshort_PWmoderate_B0.10,3902027,50,3,3,15,0.3000000000,608.0932733088,370.6094203067,18.5304710153,7.1330024479,0.7777777778,41.7427788382,4.8847396374,True,,False
S0039_R02,n50_p0.75_d1_uniform_Emedium_V1.25_Hshort_PWmoderate_B0.10,3902028,50,0,0,0,0.0000000000,20436.7494271930,20008.6053618894,909.0672611105,232.9413840643,0.2857142857,184.7444883482,0.0281746387,True,,False
S0039_R02,n50_p0.75_d1_uniform_Emedium_V1.25_Hshort_PWmoderate_B0.10,3902028,50,1,1,6,0.1200000000,2044.7858442495,1822.0995644046,91.1049782202,33.3511074038,0.4285714286,57.4391035281,9.3082799911,True,,True
S0039_R02,n50_p0.75_d1_uniform_Emedium_V1.25_Hshort_PWmoderate_B0.10,3902028,50,2,2,11,0.2200000000,1178.8816834064,941.9707186501,47.0985359325,17.1983118262,0.5714285714,45.3895321430,3.9613318443,True,,False
S0039_R02,n50_p0.75_d1_uniform_Emedium_V1.25_Hshort_PWmoderate_B0.10,3902028,50,3,3,11,0.2200000000,1037.6987128327,805.3064603505,40.2653230175,17.8882734516,0.7142857143,46.8935767259,4.9295535088,True,,False
S0039_R03,n50_p0.75_d1_uniform_Emedium_V1.25_Hshort_PWmoderate_B0.10,3902029,50,0,0,0,0.0000000000,29399.9899551765,29040.4109671659,1102.3036822668,265.1897955525,0.3333333333,143.8977704748,0.0294327736,True,,False
S0039_R03,n50_p0.75_d1_uniform_Emedium_V1.25_Hshort_PWmoderate_B0.10,3902029,50,1,1,5,0.1000000000,3901.5127411743,3684.4097083798,175.7051785646,32.1143656754,0.5833333333,56.3053896915,3.0864124298,True,,True
S0039_R03,n50_p0.75_d1_uniform_Emedium_V1.25_Hshort_PWmoderate_B0.10,3902029,50,2,2,11,0.2200000000,2712.6959051190,2505.6515922465,121.4679653025,33.5092120276,0.6666666667,48.7360047388,3.4176278114,True,,False
S0039_R03,n50_p0.75_d1_uniform_Emedium_V1.25_Hshort_PWmoderate_B0.10,3902029,50,3,3,15,0.3000000000,941.4844196998,743.4196604512,37.1709830226,8.5502202606,0.7500000000,38.9238047778,4.6333682537,True,,False
S0039_R04,n50_p0.75_d1_uniform_Emedium_V1.25_Hshort_PWmoderate_B0.10,3902030,50,0,0,0,0.0000000000,34579.0675539667,34208.0874773024,1432.7092528215,195.4884304984,0.0833333333,178.7341458920,0.0282924175,True,,False
S0039_R04,n50_p0.75_d1_uniform_Emedium_V1.25_Hshort_PWmoderate_B0.10,3902030,50,1,1,5,0.1000000000,3478.8834804926,3265.2371623828,153.2052585868,22.7396898579,0.4166666667,61.8240773850,5.5189969540,True,,True
S0039_R04,n50_p0.75_d1_uniform_Emedium_V1.25_Hshort_PWmoderate_B0.10,3902030,50,2,2,9,0.1800000000,3147.5834470803,2927.9145342629,143.3723911287,24.9409586901,0.4166666667,58.9742209444,2.9066534042,True,,False
S0039_R04,n50_p0.75_d1_uniform_Emedium_V1.25_Hshort_PWmoderate_B0.10,3902030,50,3,3,11,0.2200000000,2720.1151641584,2502.6482776643,124.4979162031,23.6332624565,0.4166666667,58.6089335171,4.5922091007,True,,False
S0039_R05,n50_p0.75_d1_uniform_Emedium_V1.25_Hshort_PWmoderate_B0.10,3902031,50,0,0,0,0.0000000000,32482.9936762974,32125.2613068574,1506.1438770471,209.9304478957,0.2307692308,169.9433221485,0.0241854191,True,,False
S0039_R05,n50_p0.75_d1_uniform_Emedium_V1.25_Hshort_PWmoderate_B0.10,3902031,50,1,1,4,0.0800000000,8453.9979496907,8215.0286661063,410.7514333053,76.8131567678,0.3846153846,82.3380279760,6.7817184925,True,,True
S0039_R05,n50_p0.75_d1_uniform_Emedium_V1.25_Hshort_PWmoderate_B0.10,3902031,50,2,2,6,0.1200000000,6612.6128124302,6366.6065841602,318.3303292080,66.9812341276,0.4615384615,72.1895012895,2.5205245018,True,,False
S0039_R05,n50_p0.75_d1_uniform_Emedium_V1.25_Hshort_PWmoderate_B0.10,3902031,50,3,3,11,0.2200000000,4373.0540717413,4126.8641899532,206.3432094977,38.9432287458,0.5384615385,61.5099118445,4.4069397449,True,,False
S0039_R06,n50_p0.75_d1_uniform_Emedium_V1.25_Hshort_PWmoderate_B0.10,3902032,50,0,0,0,0.0000000000,24813.9159500207,24444.6661107363,799.9945977565,295.3316387837,0.1250000000,159.2811047186,0.0260550976,True,,False
S0039_R06,n50_p0.75_d1_uniform_Emedium_V1.25_Hshort_PWmoderate_B0.10,3902032,50,1,1,8,0.1600000000,1564.0409109429,1321.1235582508,22.6305796236,6.7891738871,0.8750000000,36.6657957911,11.5200104713,True,,True
S0039_R06,n50_p0.75_d1_uniform_Emedium_V1.25_Hshort_PWmoderate_B0.10,3902032,50,2,2,16,0.3200000000,1909.1871476822,1695.8983738461,83.0051178847,24.9015353654,0.8750000000,48.1604925158,5.1663825512,True,,False
S0039_R06,n50_p0.75_d1_uniform_Emedium_V1.25_Hshort_PWmoderate_B0.10,3902032,50,3,3,16,0.3200000000,2145.3841591527,1899.1631255395,82.7875668941,33.7565543037,0.7500000000,48.6660629040,5.6648273468,True,,False
S0039_R07,n50_p0.75_d1_uniform_Emedium_V1.25_Hshort_PWmoderate_B0.10,3902033,50,0,0,0,0.0000000000,15123.1850227934,14752.5095812684,577.6970966400,188.9852563909,0.4285714286,136.6403545256,0.0293564796,True,,False
S0039_R07,n50_p0.75_d1_uniform_Emedium_V1.25_Hshort_PWmoderate_B0.10,3902033,50,1,1,3,0.0600000000,1645.8100154027,1389.3035202936,48.9021473603,24.2546479567,0.7142857143,43.9732263272,5.0325436592,True,,True
S0039_R07,n50_p0.75_d1_uniform_Emedium_V1.25_Hshort_PWmoderate_B0.10,3902033,50,2,2,11,0.2200000000,482.2047562168,232.2119460143,1.6186904171,0.7376874817,0.7142857143,37.0202203481,3.1517210007,True,,False
S0039_R07,n50_p0.75_d1_uniform_Emedium_V1.25_Hshort_PWmoderate_B0.10,3902033,50,3,3,15,0.3000000000,247.9264098274,0.0000000000,0.0000000000,0.0000000000,1.0000000000,36.5164829195,3.9739086628,True,,False
S0039_R08,n50_p0.75_d1_uniform_Emedium_V1.25_Hshort_PWmoderate_B0.10,3902034,50,0,0,0,0.0000000000,17729.1721647025,17393.3364747487,672.1664234136,158.4651519942,0.0909090909,120.1496879919,0.0241570473,True,,False
S0039_R08,n50_p0.75_d1_uniform_Emedium_V1.25_Hshort_PWmoderate_B0.10,3902034,50,1,1,8,0.1600000000,1581.0507296090,1348.1091169559,56.9770958366,16.6563193985,0.7272727273,48.6957131166,8.3314576149,True,,True
S0039_R08,n50_p0.75_d1_uniform_Emedium_V1.25_Hshort_PWmoderate_B0.10,3902034,50,2,2,9,0.1800000000,1709.2119770095,1470.8446380246,69.8458026786,17.0217631247,0.6363636364,49.2515491394,2.7445862293,True,,False
S0039_R08,n50_p0.75_d1_uniform_Emedium_V1.25_Hshort_PWmoderate_B0.10,3902034,50,3,3,14,0.2800000000,1206.7676423350,967.1050896683,46.0670456631,11.3888815156,0.6363636364,44.0326263318,4.3581647873,True,,False
S0039_R09,n50_p0.75_d1_uniform_Emedium_V1.25_Hshort_PWmoderate_B0.10,3902035,50,0,0,0,,,,,,,,0.0292103291,False,,False
S0039_R09,n50_p0.75_d1_uniform_Emedium_V1.25_Hshort_PWmoderate_B0.10,3902035,50,1,1,6,0.1200000000,5432.7634655865,5183.2218465099,226.7775841075,62.5850561074,0.5000000000,72.3440050741,15.7928087711,True,,True
S0039_R09,n50_p0.75_d1_uniform_Emedium_V1.25_Hshort_PWmoderate_B0.10,3902035,50,2,2,9,0.1800000000,2606.7147966196,2376.4726367972,97.4181382405,29.2254414722,0.8750000000,46.5239285795,8.2170698643,True,,False
S0039_R09,n50_p0.75_d1_uniform_Emedium_V1.25_Hshort_PWmoderate_B0.10,3902035,50,3,3,12,0.2400000000,4709.1095178750,4484.9647252517,204.3870911601,97.8780634813,0.7500000000,61.0500935428,8.4657082558,True,,False
S0039_R10,n50_p0.75_d1_uniform_Emedium_V1.25_Hshort_PWmoderate_B0.10,3902036,50,0,0,0,0.0000000000,31254.2258375281,30927.3341294384,1487.4615456574,274.7879307339,0.0000000000,195.2442624129,0.0273497105,True,,False
S0039_R10,n50_p0.75_d1_uniform_Emedium_V1.25_Hshort_PWmoderate_B0.10,3902036,50,1,1,8,0.1600000000,3583.8246101729,3339.3770881168,164.0955851421,37.5376449227,0.6363636364,58.7280079803,7.1455800533,True,,True
S0039_R10,n50_p0.75_d1_uniform_Emedium_V1.25_Hshort_PWmoderate_B0.10,3902036,50,2,2,14,0.2800000000,4110.7341534744,3871.0654183430,193.5532709172,57.8325210956,0.6363636364,60.8866121432,3.9464590549,True,,False
S0039_R10,n50_p0.75_d1_uniform_Emedium_V1.25_Hshort_PWmoderate_B0.10,3902036,50,3,3,15,0.3000000000,2396.2551418791,2148.7984491544,107.4399224577,34.7979029684,0.7272727273,47.5147364056,4.7729401588,True,,False
S0040_R01,n50_p0.75_d1_uniform_Emedium_V2.00_Hmedium_PWbase_B0.10,4002027,50,0,0,0,0.0000000000,99267.4557609946,98919.2868669620,919.6243783620,155.1097757225,0.1111111111,161.0045941049,0.0311777592,True,,False
S0040_R01,n50_p0.75_d1_uniform_Emedium_V2.00_Hmedium_PWbase_B0.10,4002027,50,1,1,12,0.2400000000,4858.7307146451,4624.3460600357,42.4904670198,16.3575867544,0.7777777778,30.6395789183,3.4365222454,True,,True
S0040_R01,n50_p0.75_d1_uniform_Emedium_V2.00_Hmedium_PWbase_B0.10,4002027,50,2,2,16,0.3200000000,2436.4118086866,2197.6758924285,19.9632895595,6.5110410899,0.7777777778,35.6339122030,4.4256904125,True,,False
S0040_R01,n50_p0.75_d1_uniform_Emedium_V2.00_Hmedium_PWbase_B0.10,4002027,50,3,3,23,0.4600000000,2333.2392845810,2087.2749332950,20.4967961884,6.6177424156,0.7777777778,34.0380252345,2.3466467857,True,,False
S0040_R02,n50_p0.75_d1_uniform_Emedium_V2.00_Hmedium_PWbase_B0.10,4002028,50,0,0,0,0.0000000000,124910.7625198593,124505.0214203135,957.1951836528,259.2533691561,0.1250000000,177.5119999263,0.0269148350,True,,False
S0040_R02,n50_p0.75_d1_uniform_Emedium_V2.00_Hmedium_PWbase_B0.10,4002028,50,1,1,10,0.2000000000,9856.4384540806,9618.5137480275,82.9318459208,33.8420642847,0.6250000000,50.6203817373,10.6189582348,True,,True
S0040_R02,n50_p0.75_d1_uniform_Emedium_V2.00_Hmedium_PWbase_B0.10,4002028,50,2,2,14,0.2800000000,4545.5577787192,4312.6674349666,30.1523671923,9.0457101577,0.8750000000,33.3161054140,3.7486610413,True,,False
S0040_R02,n50_p0.75_d1_uniform_Emedium_V2.00_Hmedium_PWbase_B0.10,4002028,50,3,3,19,0.3800000000,2389.1775976694,2124.4534661194,12.9318160634,3.8795448190,0.8750000000,32.6614455383,5.0447015762,True,,False
S0040_R03,n50_p0.75_d1_uniform_Emedium_V2.00_Hmedium_PWbase_B0.10,4002029,50,0,0,0,0.0000000000,103051.9404151944,102707.5072286053,921.7587963794,175.8020847288,0.0909090909,142.8912165654,0.0248153210,True,,False
S0040_R03,n50_p0.75_d1_uniform_Emedium_V2.00_Hmedium_PWbase_B0.10,4002029,50,1,1,13,0.2600000000,3961.5117853429,3751.6175832579,26.7821145199,0.0000000000,0.9090909091,38.4173596177,15.2954974174,True,,True
S0040_R03,n50_p0.75_d1_uniform_Emedium_V2.00_Hmedium_PWbase_B0.10,4002029,50,2,2,19,0.3800000000,5076.1579293209,4854.4323895558,48.5443238956,20.9843991342,0.8181818182,41.4169684917,5.3206608295,True,,False
S0040_R03,n50_p0.75_d1_uniform_Emedium_V2.00_Hmedium_PWbase_B0.10,4002029,50,3,3,23,0.4600000000,4692.7476616784,4451.9546224302,44.5195462243,18.2130773313,0.8181818182,36.9341155322,3.1969385147,True,,False
S0040_R04,n50_p0.75_d1_uniform_Emedium_V2.00_Hmedium_PWbase_B0.10,4002030,50,0,0,0,,,,,,,,0.0296921730,False,,False
S0040_R04,n50_p0.75_d1_uniform_Emedium_V2.00_Hmedium_PWbase_B0.10,4002030,50,1,1,7,0.1400000000,10747.5412916503,10589.6931119948,0.0000000000,0.0000000000,1.0000000000,28.5438678707,9.5175304413,True,,True
S0040_R04,n50_p0.75_d1_uniform_Emedium_V2.00_Hmedium_PWbase_B0.10,4002030,50,2,2,15,0.3000000000,2212.8098707514,1991.1366633902,0.0000000000,0.0000000000,1.0000000000,22.6495673549,6.9815204144,True,,False
S0040_R04,n50_p0.75_d1_uniform_Emedium_V2.00_Hmedium_PWbase_B0.10,4002030,50,3,3,21,0.4200000000,2927.1284390317,2711.0656643188,0.0000000000,0.0000000000,1.0000000000,20.7463937708,7.4920821190,True,,False
S0040_R05,n50_p0.75_d1_uniform_Emedium_V2.00_Hmedium_PWbase_B0.10,4002031,50,0,0,0,0.0000000000,97360.6104709752,96974.0643333926,929.1033773064,192.8107922435,0.3076923077,127.1298000887,0.0247693062,True,,False
S0040_R05,n50_p0.75_d1_uniform_Emedium_V2.00_Hmedium_PWbase_B0.10,4002031,50,1,1,6,0.1200000000,3041.9842334624,2787.4824901064,17.9544571315,4.8744940218,0.8461538462,33.4540650824,8.1639466286,True,,True
S0040_R05,n50_p0.75_d1_uniform_Emedium_V2.00_Hmedium_PWbase_B0.10,4002031,50,2,2,20,0.4000000000,1391.5250649773,1174.0004646176,11.7400046462,0.8478618016,0.8461538462,37.8262086760,6.2087054253,True,,False
S0040_R05,n50_p0.75_d1_uniform_Emedium_V2.00_Hmedium_PWbase_B0.10,4002031,50,3,3,21,0.4200000000,1164.0630468022,920.0111786292,9.2001117863,0.8478618016,0.8461538462,30.8764856242,3.9798994064,True,,False
S0040_R06,n50_p0.75_d1_uniform_Emedium_V2.00_Hmedium_PWbase_B0.10,4002032,50,0,0,0,0.0000000000,114029.7498943345,113668.5924433835,1038.8797643204,208.3091601317,0.0909090909,153.1130089222,0.0247404575,True,,False
S0040_R06,n50_p0.75_d1_uniform_Emedium_V2.00_Hmedium_PWbase_B0.10,4002032,50,1,1,12,0.2400000000,17270.4009453016,17011.7758170351,165.7019880819,55.6980475810,0.7272727273,53.8796121415,8.2973885536,True,,True
S0040_R06,n50_p0.75_d1_uniform_Emedium_V2.00_Hmedium_PWbase_B0.10,4002032,50,2,2,24,0.4800000000,8312.1413908857,8064.8874564665,80.6488745647,19.7369699084,0.7272727273,41.7014606239,2.8409266472,True,,False
S0040_R06,n50_p0.75_d1_uniform_Emedium_V2.00_Hmedium_PWbase_B0.10,4002032,50,3,3,24,0.4800000000,8442.2426210482,8189.0949403540,81.8909494035,19.7369699084,0.7272727273,43.2315697327,3.0713765621,True,,False
S0040_R07,n50_p0.75_d1_uniform_Emedium_V2.00_Hmedium_PWbase_B0.10,4002033,50,0,0,0,0.0000000000,91421.7462413383,91103.3853166289,872.5378735799,150.4102159854,0.1818181818,133.9850563309,0.0259010792,True,,False
S0040_R07,n50_p0.75_d1_uniform_Emedium_V2.00_Hmedium_PWbase_B0.10,4002033,50,1,1,7,0.1400000000,23189.9142425492,22972.8818111231,229.0637565761,52.8654734933,0.4545454545,73.8274068676,10.5472741127,True,,True
S0040_R07,n50_p0.75_d1_uniform_Emedium_V2.00_Hmedium_PWbase_B0.10,4002033,50,2,2,12,0.2400000000,665.3343209481,458.7328931151,4.0759747265,0.0000000000,0.9090909091,30.8827093269,4.2289781570,True,,False
S0040_R07,n50_p0.75_d1_uniform_Emedium_V2.00_Hmedium_PWbase_B0.10,4002033,50,3,3,18,0.3600000000,218.8937918925,0.0000000000,0.0000000000,0.0000000000,1.0000000000,32.5046205968,2.5021758080,True,,False
S0040_R08,n50_p0.75_d1_uniform_Emedium_V2.00_Hmedium_PWbase_B0.10,4002034,50,0,0,0,0.0000000000,99378.5888340560,99050.6089431783,898.1521171229,177.6070806855,0.1000000000,149.0836920706,0.0315785408,True,,False
S0040_R08,n50_p0.75_d1_uniform_Emedium_V2.00_Hmedium_PWbase_B0.10,4002034,50,1,1,10,0.2000000000,2232.6161474840,2023.4900680458,18.7271526101,9.0735361785,0.8000000000,39.4173545862,4.8032877445,True,,True
S0040_R08,n50_p0.75_d1_uniform_Emedium_V2.00_Hmedium_PWbase_B0.10,4002034,50,2,2,7,0.1400000000,870.6037740037,646.3189602272,5.5813580523,0.5581358052,0.9000000000,31.0530962352,3.9795999527,True,,False
S0040_R08,n50_p0.75_d1_uniform_Emedium_V2.00_Hmedium_PWbase_B0.10,4002034,50,3,2,8,0.1600000000,870.6520089627,646.3189602272,5.5813580523,0.5581358052,0.9000000000,31.3754095670,2.3227002621,True,,False
S0040_R09,n50_p0.75_d1_uniform_Emedium_V2.00_Hmedium_PWbase_B0.10,4002035,50,0,0,0,0.0000000000,139768.9703292348,139429.3892717858,1273.9751923781,150.7248306398,0.0714285714,150.0700386971,0.0292696953,True,,False
S0040_R09,n50_p0.75_d1_uniform_Emedium_V2.00_Hmedium_PWbase_B0.10,4002035,50,1,1,10,0.2000000000,24689.9438309350,24479.2601388396,244.3266184259,38.4319581121,0.5000000000,59.6247509269,14.6170866489,True,,True
S0040_R09,n50_p0.75_d1_uniform_Emedium_V2.00_Hmedium_PWbase_B0.10,4002035,50,2,2,14,0.2800000000,20336.0620905577,20110.2346618022,198.4841130934,35.6973853004,0.5714285714,58.3751783442,4.1558442116,True,,False
S0040_R09,n50_p0.75_d1_uniform_Emedium_V2.00_Hmedium_PWbase_B0.10,4002035,50,3,3,19,0.3800000000,9547.7217220986,9326.5766914153,93.2657669142,15.9012715173,0.7857142857,47.1114143679,5.8287811279,True,,False
S0040_R10,n50_p0.75_d1_uniform_Emedium_V2.00_Hmedium_PWbase_B0.10,4002036,50,0,0,0,0.0000000000,191116.5565479687,190745.0058815799,1713.4065106066,233.4285501562,0.0625000000,164.5770545743,0.0230743885,True,,False
S0040_R10,n50_p0.75_d1_uniform_Emedium_V2.00_Hmedium_PWbase_B0.10,4002036,50,1,1,8,0.1600000000,31266.5588344806,31000.3026926409,270.3459288104,50.1040417884,0.5625000000,61.5230951780,9.2504096031,True,,True
S0040_R10,n50_p0.75_d1_uniform_Emedium_V2.00_Hmedium_PWbase_B0.10,4002036,50,2,2,15,0.3000000000,17078.6220284029,16829.3060144467,134.3488828555,22.8050672908,0.5625000000,51.1825433737,4.5968315601,True,,False
S0040_R10,n50_p0.75_d1_uniform_Emedium_V2.00_Hmedium_PWbase_B0.10,4002036,50,3,3,19,0.3800000000,24405.1670235582,24148.2832992850,232.5382708694,56.1646693194,0.6250000000,56.2951996554,5.4066414833,True,,False
S0041_R01,n50_p0.75_d2_clustered_Ehigh_V1.25_Hshort_PWbase_B0.10,4102027,50,0,0,0,0.0000000000,293937.0046800658,293754.9157993581,2710.9028157586,298.9193648821,0.0000000000,253.6389773480,0.0259962082,True,,False
S0041_R01,n50_p0.75_d2_clustered_Ehigh_V1.25_Hshort_PWbase_B0.10,4102027,50,1,1,24,0.4800000000,827.3774126499,730.6502753396,7.3065027534,0.0000000000,0.9285714286,49.5065701446,7.5029680729,True,,False
S0041_R01,n50_p0.75_d2_clustered_Ehigh_V1.25_Hshort_PWbase_B0.10,4102027,50,2,1,24,0.4800000000,827.3774126499,730.6502753396,7.3065027534,0.0000000000,0.9285714286,49.5065701445,15.5080797672,True,,True
S0041_R01,n50_p0.75_d2_clustered_Ehigh_V1.25_Hshort_PWbase_B0.10,4102027,50,3,1,24,0.4800000000,827.3774126499,730.6502753396,7.3065027534,0.0000000000,0.9285714286,49.5065701446,8.6351475716,True,,False
S0041_R02,n50_p0.75_d2_clustered_Ehigh_V1.25_Hshort_PWbase_B0.10,4102028,50,0,0,0,0.0000000000,220327.9091074889,220142.6172627572,1975.6919349175,263.5798306492,0.0000000000,239.6047466694,0.0267953873,True,,False
S0041_R02,n50_p0.75_d2_clustered_Ehigh_V1.25_Hshort_PWbase_B0.10,4102028,50,1,1,23,0.4600000000,2540.3303123419,2441.6775137412,24.4167751374,4.4681182752,0.8181818182,40.1660406141,7.6780152321,True,,False
S0041_R02,n50_p0.75_d2_clustered_Ehigh_V1.25_Hshort_PWbase_B0.10,4102028,50,2,1,23,0.4600000000,2540.3303123419,2441.6775137412,24.4167751374,4.4681182752,0.8181818182,40.1660406141,18.1120405197,True,,True
S0041_R02,n50_p0.75_d2_clustered_Ehigh_V1.25_Hshort_PWbase_B0.10,4102028,50,3,1,23,0.4600000000,2540.3303123419,2441.6775137412,24.4167751374,4.4681182752,0.8181818182,40.1660406141,8.8658225536,True,,False
S0041_R03,n50_p0.75_d2_clustered_Ehigh_V1.25_Hshort_PWbase_B0.10,4102029,50,0,0,0,0.0000000000,213999.4238990433,213842.4850718186,1963.6252436199,232.2340172703,0.1875000000,179.8038674104,0.0345041752,True,,False
S0041_R03,n50_p0.75_d2_clustered_Ehigh_V1.25_Hshort_PWbase_B0.10,4102029,50,1,1,13,0.2600000000,66.7954925032,0.0000000000,0.0000000000,0.0000000000,1.0000000000,37.0525251022,6.6150934696,True,,False
S0041_R03,n50_p0.75_d2_clustered_Ehigh_V1.25_Hshort_PWbase_B0.10,4102029,50,2,1,13,0.2600000000,66.7954925032,0.0000000000,0.0000000000,0.0000000000,1.0000000000,37.0525251022,17.6533286572,True,,True
S0041_R03,n50_p0.75_d2_clustered_Ehigh_V1.25_Hshort_PWbase_B0.10,4102029,50,3,1,13,0.2600000000,66.7954925032,0.0000000000,0.0000000000,0.0000000000,1.0000000000,37.0525251022,8.1160891056,True,,False
S0041_R04,n50_p0.75_d2_clustered_Ehigh_V1.25_Hshort_PWbase_B0.10,4102030,50,0,0,0,0.0000000000,127294.0999190081,127132.4205304021,1128.6381051202,268.8930868032,0.0000000000,248.0911949583,0.0278060436,True,,False
S0041_R04,n50_p0.75_d2_clustered_Ehigh_V1.25_Hshort_PWbase_B0.10,4102030,50,1,1,12,0.2400000000,62.1233288752,0.0000000000,0.0000000000,0.0000000000,1.0000000000,32.6966830518,8.2969276905,True,,False
S0041_R04,n50_p0.75_d2_clustered_Ehigh_V1.25_Hshort_PWbase_B0.10,4102030,50,2,1,12,0.2400000000,62.1233288752,0.0000000000,0.0000000000,0.0000000000,1.0000000000,32.6966830518,26.0869271755,True,,True
S0041_R04,n50_p0.75_d2_clustered_Ehigh_V1.25_Hshort_PWbase_B0.10,4102030,50,3,1,12,0.2400000000,62.1233288752,0.0000000000,0.0000000000,0.0000000000,1.0000000000,32.6966830518,8.9261128902,True,,False
S0041_R05,n50_p0.75_d2_clustered_Ehigh_V1.25_Hshort_PWbase_B0.10,4102031,50,0,0,0,0.0000000000,156421.8449701284,156276.8967035087,1390.7712577363,194.3174142703,0.0833333333,173.6544433812,0.0249345303,True,,False
S0041_R05,n50_p0.75_d2_clustered_Ehigh_V1.25_Hshort_PWbase_B0.10,4102031,50,1,1,21,0.4200000000,91.4088359137,0.0000000000,0.0000000000,0.0000000000,1.0000000000,35.6138853559,9.4449403286,True,,False
S0041_R05,n50_p0.75_d2_clustered_Ehigh_V1.25_Hshort_PWbase_B0.10,4102031,50,2,1,21,0.4200000000,91.4088359137,0.0000000000,0.0000000000,0.0000000000,1.0000000000,35.6138853559,31.1782255173,True,,True
S0041_R05,n50_p0.75_d2_clustered_Ehigh_V1.25_Hshort_PWbase_B0.10,4102031,50,3,1,21,0.4200000000,91.4088359137,0.0000000000,0.0000000000,0.0000000000,1.0000000000,35.6138853559,9.9981632233,True,,False
S0041_R06,n50_p0.75_d2_clustered_Ehigh_V1.25_Hshort_PWbase_B0.10,4102032,50,0,0,0,0.0000000000,133957.0325903938,133788.8690452585,1083.7082500089,295.3704565180,0.2500000000,192.6162153676,0.0261623859,True,,False
S0041_R06,n50_p0.75_d2_clustered_Ehigh_V1.25_Hshort_PWbase_B0.10,4102032,50,1,1,19,0.3800000000,60.6789717703,0.0000000000,0.0000000000,0.0000000000,1.0000000000,41.0523738786,7.3747112751,True,,False
S0041_R06,n50_p0.75_d2_clustered_Ehigh_V1.25_Hshort_PWbase_B0.10,4102032,50,2,1,19,0.3800000000,60.6789717703,0.0000000000,0.0000000000,0.0000000000,1.0000000000,41.0523738786,10.8415660858,True,,True
S0041_R06,n50_p0.75_d2_clustered_Ehigh_V1.25_Hshort_PWbase_B0.10,4102032,50,3,1,19,0.3800000000,60.6789717703,0.0000000000,0.0000000000,0.0000000000,1.0000000000,41.0523738786,9.0746853352,True,,False
S0041_R07,n50_p0.75_d2_clustered_Ehigh_V1.25_Hshort_PWbase_B0.10,4102033,50,0,0,0,0.0000000000,119767.4960417412,119614.9124003832,918.5302779189,182.1992004444,0.2222222222,158.5106341420,0.0313329697,True,,False
S0041_R07,n50_p0.75_d2_clustered_Ehigh_V1.25_Hshort_PWbase_B0.10,4102033,50,1,1,17,0.3400000000,67.4327837188,0.0000000000,0.0000000000,0.0000000000,1.0000000000,42.9605079096,7.1224691868,True,,False
S0041_R07,n50_p0.75_d2_clustered_Ehigh_V1.25_Hshort_PWbase_B0.10,4102033,50,2,1,17,0.3400000000,67.4327837188,0.0000000000,0.0000000000,0.0000000000,1.0000000000,42.9605079096,24.4281167984,True,,True
S0041_R07,n50_p0.75_d2_clustered_Ehigh_V1.25_Hshort_PWbase_B0.10,4102033,50,3,1,17,0.3400000000,67.4327837188,0.0000000000,0.0000000000,0.0000000000,1.0000000000,42.9605079096,7.8549530506,True,,False
S0041_R08,n50_p0.75_d2_clustered_Ehigh_V1.25_Hshort_PWbase_B0.10,4102034,50,0,0,0,0.0000000000,184983.6012339013,184782.6455335341,1463.9821702199,198.5375170497,0.0000000000,181.9883722080,0.0362403393,True,,False
S0041_R08,n50_p0.75_d2_clustered_Ehigh_V1.25_Hshort_PWbase_B0.10,4102034,50,1,1,23,0.4600000000,107.1626348418,0.0000000000,0.0000000000,0.0000000000,1.0000000000,37.8713085763,7.0391280651,True,,False
S0041_R08,n50_p0.75_d2_clustered_Ehigh_V1.25_Hshort_PWbase_B0.10,4102034,50,2,1,23,0.4600000000,107.1626348418,0.0000000000,0.0000000000,0.0000000000,1.0000000000,37.8713085763,25.3293442726,True,,True
S0041_R08,n50_p0.75_d2_clustered_Ehigh_V1.25_Hshort_PWbase_B0.10,4102034,50,3,1,23,0.4600000000,107.1626348418,0.0000000000,0.0000000000,0.0000000000,1.0000000000,37.8713085763,8.5932836533,True,,False
S0041_R09,n50_p0.75_d2_clustered_Ehigh_V1.25_Hshort_PWbase_B0.10,4102035,50,0,0,0,0.0000000000,183980.4103531512,183810.9895870370,1707.8960291024,285.2122168169,0.0769230769,191.2912188169,0.0218732357,True,,False
S0041_R09,n50_p0.75_d2_clustered_Ehigh_V1.25_Hshort_PWbase_B0.10,4102035,50,1,1,24,0.4800000000,497.5622563198,364.6894359048,3.6468943590,0.0000000000,0.9230769231,43.2651466407,6.6115789413,True,,False
S0041_R09,n50_p0.75_d2_clustered_Ehigh_V1.25_Hshort_PWbase_B0.10,4102035,50,2,2,24,0.4800000000,1581.0444632182,1439.7235736278,14.3972357363,3.1603099139,0.6923076923,46.0112223484,14.9802629948,True,,True
S0041_R09,n50_p0.75_d2_clustered_Ehigh_V1.25_Hshort_PWbase_B0.10,4102035,50,3,2,24,0.4800000000,1581.0444632182,1439.7235736278,14.3972357363,3.1603099139,0.6923076923,46.0112223484,7.4779264927,True,,False
S0041_R10,n50_p0.75_d2_clustered_Ehigh_V1.25_Hshort_PWbase_B0.10,4102036,50,0,0,0,0.0000000000,204986.3184682294,204800.6140779398,1628.3700881996,291.5752477827,0.2000000000,221.9517009252,0.0232062340,True,,False
S0041_R10,n50_p0.75_d2_clustered_Ehigh_V1.25_Hshort_PWbase_B0.10,4102036,50,1,1,23,0.4600000000,105.1828060700,0.0000000000,0.0000000000,0.0000000000,1.0000000000,38.9943837533,6.3787119389,True,,False
S0041_R10,n50_p0.75_d2_clustered_Ehigh_V1.25_Hshort_PWbase_B0.10,4102036,50,2,1,23,0.4600000000,105.1828060700,0.0000000000,0.0000000000,0.0000000000,1.0000000000,38.9943837532,23.4810886383,True,,True
S0041_R10,n50_p0.75_d2_clustered_Ehigh_V1.25_Hshort_PWbase_B0.10,4102036,50,3,1,23,0.4600000000,105.1828060700,0.0000000000,0.0000000000,0.0000000000,1.0000000000,38.9943837533,7.6709384918,True,,False
S0042_R01,n50_p0.75_d2_clustered_Ehigh_V1.25_Hshort_PWstrict_B0.10,4202027,50,0,0,0,0.0000000000,364788.1905593089,364614.0219963406,1533.1279606562,322.1603562088,0.1250000000,249.6916001068,0.0236389637,True,,False
S0042_R01,n50_p0.75_d2_clustered_Ehigh_V1.25_Hshort_PWstrict_B0.10,4202027,50,1,1,21,0.4200000000,6931.8543811262,6787.2552064762,33.9362760324,13.1937861907,0.7500000000,45.2391814831,7.8073134422,True,,False
S0042_R01,n50_p0.75_d2_clustered_Ehigh_V1.25_Hshort_PWstrict_B0.10,4202027,50,2,2,23,0.4600000000,5352.1180816121,5198.7800764590,25.9939003823,8.8503160193,0.6250000000,53.6750397357,10.3777034283,True,,True
S0042_R01,n50_p0.75_d2_clustered_Ehigh_V1.25_Hshort_PWstrict_B0.10,4202027,50,3,2,23,0.4600000000,5352.1180816121,5198.7800764590,25.9939003823,8.8503160193,0.6250000000,53.6750397357,8.0545065403,True,,False
S0042_R02,n50_p0.75_d2_clustered_Ehigh_V1.25_Hshort_PWstrict_B0.10,4202028,50,0,0,0,0.0000000000,186921.4859906439,186737.2524967374,540.6017350119,305.4993684947,0.0000000000,240.2675998479,0.0231738091,True,,False
S0042_R02,n50_p0.75_d2_clustered_Ehigh_V1.25_Hshort_PWstrict_B0.10,4202028,50,1,1,23,0.4600000000,64.4074673278,0.0000000000,0.0000000000,0.0000000000,1.0000000000,39.0578860381,6.2080283165,True,,False
S0042_R02,n50_p0.75_d2_clustered_Ehigh_V1.25_Hshort_PWstrict_B0.10,4202028,50,2,1,23,0.4600000000,64.4074673278,0.0000000000,0.0000000000,0.0000000000,1.0000000000,39.0578860381,10.5605754852,True,,True
S0042_R02,n50_p0.75_d2_clustered_Ehigh_V1.25_Hshort_PWstrict_B0.10,4202028,50,3,1,23,0.4600000000,64.4074673278,0.0000000000,0.0000000000,0.0000000000,1.0000000000,39.0578860381,8.0990149975,True,,False
S0042_R03,n50_p0.75_d2_clustered_Ehigh_V1.25_Hshort_PWstrict_B0.10,4202029,50,0,0,0,0.0000000000,370797.5508967735,370619.1236779761,1547.8040416042,233.2503198906,0.1818181818,197.9750729329,0.0250761509,True,,False
S0042_R03,n50_p0.75_d2_clustered_Ehigh_V1.25_Hshort_PWstrict_B0.10,4202029,50,1,1,21,0.4200000000,66.9850769929,0.0000000000,0.0000000000,0.0000000000,1.0000000000,47.5052239820,6.5101587772,True,,False
S0042_R03,n50_p0.75_d2_clustered_Ehigh_V1.25_Hshort_PWstrict_B0.10,4202029,50,2,1,21,0.4200000000,66.9850769929,0.0000000000,0.0000000000,0.0000000000,1.0000000000,47.5052239820,21.1991057396,True,,True
S0042_R03,n50_p0.75_d2_clustered_Ehigh_V1.25_Hshort_PWstrict_B0.10,4202029,50,3,1,21,0.4200000000,66.9850769929,0.0000000000,0.0000000000,0.0000000000,1.0000000000,47.5052239820,8.3925492764,True,,False
S0042_R04,n50_p0.75_d2_clustered_Ehigh_V1.25_Hshort_PWstrict_B0.10,4202030,50,0,0,0,0.0000000000,348729.0329200006,348545.1654701020,1549.3605011042,283.1677847329,0.0000000000,281.2604593569,0.0325381756,True,,False
S0042_R04,n50_p0.75_d2_clustered_Ehigh_V1.25_Hshort_PWstrict_B0.10,4202030,50,1,1,24,0.4800000000,10119.6745512533,10014.5020201207,50.0725101006,24.3216486469,0.7142857143,46.3056798175,8.2896881104,True,,False
S0042_R04,n50_p0.75_d2_clustered_Ehigh_V1.25_Hshort_PWstrict_B0.10,4202030,50,2,2,24,0.4800000000,9923.8715826386,9811.5910674293,49.0579553371,23.8143712652,0.7142857143,45.6558935773,11.4174528122,True,,True
S0042_R04,n50_p0.75_d2_clustered_Ehigh_V1.25_Hshort_PWstrict_B0.10,4202030,50,3,2,24,0.4800000000,9923.8715826386,9811.5910674293,49.0579553371,23.8143712652,0.7142857143,45.6558935773,8.7715125084,True,,False
S0042_R05,n50_p0.75_d2_clustered_Ehigh_V1.25_Hshort_PWstrict_B0.10,4202031,50,0,0,0,0.0000000000,493397.4477015930,493226.9986564905,2101.7728986293,306.9667224157,0.0000000000,251.0482896233,0.0389401913,True,,False
S0042_R05,n50_p0.75_d2_clustered_Ehigh_V1.25_Hshort_PWstrict_B0.10,4202031,50,1,1,21,0.4200000000,76.6970485774,0.0000000000,0.0000000000,0.0000000000,1.0000000000,37.6835615812,6.7050156593,True,,False
S0042_R05,n50_p0.75_d2_clustered_Ehigh_V1.25_Hshort_PWstrict_B0.10,4202031,50,2,1,21,0.4200000000,76.6970485774,0.0000000000,0.0000000000,0.0000000000,1.0000000000,37.6835615812,8.7440452576,True,,True
S0042_R05,n50_p0.75_d2_clustered_Ehigh_V1.25_Hshort_PWstrict_B0.10,4202031,50,3,1,21,0.4200000000,76.6970485774,0.0000000000,0.0000000000,0.0000000000,1.0000000000,37.6835615812,8.2056787014,True,,False
S0042_R06,n50_p0.75_d2_clustered_Ehigh_V1.25_Hshort_PWstrict_B0.10,4202032,50,0,0,0,0.0000000000,316773.8768248822,316590.3139026045,1330.1443242250,311.3709132693,0.1111111111,206.2537976679,0.0263457298,True,,False
S0042_R06,n50_p0.75_d2_clustered_Ehigh_V1.25_Hshort_PWstrict_B0.10,4202032,50,1,1,23,0.4600000000,1100.2451744877,1000.2762440079,5.0013812200,2.0680471732,0.7777777778,46.5583310752,6.8437099457,True,,False
S0042_R06,n50_p0.75_d2_clustered_Ehigh_V1.25_Hshort_PWstrict_B0.10,4202032,50,2,2,24,0.4800000000,110.0867979288,0.0000000000,0.0000000000,0.0000000000,1.0000000000,39.1344911854,12.1323437691,True,,True
S0042_R06,n50_p0.75_d2_clustered_Ehigh_V1.25_Hshort_PWstrict_B0.10,4202032,50,3,2,24,0.4800000000,110.0867979288,0.0000000000,0.0000000000,0.0000000000,1.0000000000,39.1344911854,7.5562615395,True,,False
S0042_R07,n50_p0.75_d2_clustered_Ehigh_V1.25_Hshort_PWstrict_B0.10,4202033,50,0,0,0,0.0000000000,331764.2411154762,331565.8828082074,1287.6095190504,240.0415916410,0.0000000000,220.9504635925,0.0234003067,True,,False
S0042_R07,n50_p0.75_d2_clustered_Ehigh_V1.25_Hshort_PWstrict_B0.10,4202033,50,1,1,18,0.3600000000,69.3123563444,0.0000000000,0.0000000000,0.0000000000,1.0000000000,38.6892888222,6.3786427975,True,,False
S0042_R07,n50_p0.75_d2_clustered_Ehigh_V1.25_Hshort_PWstrict_B0.10,4202033,50,2,1,18,0.3600000000,69.3123563444,0.0000000000,0.0000000000,0.0000000000,1.0000000000,38.6892888222,13.2812230587,True,,True
S0042_R07,n50_p0.75_d2_clustered_Ehigh_V1.25_Hshort_PWstrict_B0.10,4202033,50,3,1,18,0.3600000000,69.3123563444,0.0000000000,0.0000000000,0.0000000000,1.0000000000,38.6892888222,7.8656435013,True,,False
S0042_R08,n50_p0.75_d2_clustered_Ehigh_V1.25_Hshort_PWstrict_B0.10,4202034,50,0,0,0,0.0000000000,397042.7990701124,396875.9200669715,1676.8675652299,220.5206766265,0.0833333333,198.5544272143,0.0291352272,True,,False
S0042_R08,n50_p0.75_d2_clustered_Ehigh_V1.25_Hshort_PWstrict_B0.10,4202034,50,1,1,15,0.3000000000,105.1578330720,0.0000000000,0.0000000000,0.0000000000,1.0000000000,43.1487263061,7.4604916573,True,,False
S0042_R08,n50_p0.75_d2_clustered_Ehigh_V1.25_Hshort_PWstrict_B0.10,4202034,50,2,1,15,0.3000000000,105.1578330720,0.0000000000,0.0000000000,0.0000000000,1.0000000000,43.1487263061,26.1892485619,True,,True
S0042_R08,n50_p0.75_d2_clustered_Ehigh_V1.25_Hshort_PWstrict_B0.10,4202034,50,3,1,15,0.3000000000,105.1578330720,0.0000000000,0.0000000000,0.0000000000,1.0000000000,43.1487263061,7.8782548904,True,,False
S0042_R09,n50_p0.75_d2_clustered_Ehigh_V1.25_Hshort_PWstrict_B0.10,4202035,50,0,0,0,0.0000000000,378737.5645110525,378582.1239753676,1706.3898936153,277.7045536382,0.0000000000,230.7066736731,0.0235390663,True,,False
S0042_R09,n50_p0.75_d2_clustered_Ehigh_V1.25_Hshort_PWstrict_B0.10,4202035,50,1,1,21,0.4200000000,2539.5740225062,2445.9902560317,12.2299512802,1.2229951280,0.9000000000,36.9979730119,8.0179812908,True,,False
S0042_R09,n50_p0.75_d2_clustered_Ehigh_V1.25_Hshort_PWstrict_B0.10,4202035,50,2,1,21,0.4200000000,2539.5740225062,2445.9902560317,12.2299512802,1.2229951280,0.9000000000,36.9979730119,32.7216327190,True,,True
S0042_R09,n50_p0.75_d2_clustered_Ehigh_V1.25_Hshort_PWstrict_B0.10,4202035,50,3,1,21,0.4200000000,2539.5740225062,2445.9902560317,12.2299512802,1.2229951280,0.9000000000,36.9979730119,8.6510543823,True,,False
S0042_R10,n50_p0.75_d2_clustered_Ehigh_V1.25_Hshort_PWstrict_B0.10,4202036,50,0,0,0,0.0000000000,142673.5749097000,142501.8353343379,499.9887819494,115.7364674901,0.0000000000,122.5420921056,0.0234494209,True,,False
S0042_R10,n50_p0.75_d2_clustered_Ehigh_V1.25_Hshort_PWstrict_B0.10,4202036,50,1,1,23,0.4600000000,71.3054786825,0.0000000000,0.0000000000,0.0000000000,1.0000000000,38.2705311221,6.1994171143,True,,False
S0042_R10,n50_p0.75_d2_clustered_Ehigh_V1.25_Hshort_PWstrict_B0.10,4202036,50,2,1,23,0.4600000000,71.3054786825,0.0000000000,0.0000000000,0.0000000000,1.0000000000,38.2705311221,25.1954562664,True,,True
S0042_R10,n50_p0.75_d2_clustered_Ehigh_V1.25_Hshort_PWstrict_B0.10,4202036,50,3,1,23,0.4600000000,71.3054786825,0.0000000000,0.0000000000,0.0000000000,1.0000000000,38.2705311221,7.9413366318,True,,False
S0043_R01,n50_p0.75_d1_clustered_Ehigh_V2.00_Hshort_PWmoderate_B0.10,4302027,50,0,0,0,0.0000000000,36028.5747304456,35835.6859411515,1205.9461335701,265.2749222872,0.0000000000,210.7031829623,0.0276808739,True,,False
S0043_R01,n50_p0.75_d1_clustered_Ehigh_V2.00_Hshort_PWmoderate_B0.10,4302027,50,1,1,24,0.4800000000,1149.8577570182,1038.2273441437,51.9113672072,17.9813394766,0.7500000000,52.9704614974,22.4494311810,True,,True
S0043_R01,n50_p0.75_d1_clustered_Ehigh_V2.00_Hshort_PWmoderate_B0.10,4302027,50,2,1,24,0.4800000000,1149.8577570182,1038.2273441437,51.9113672072,17.9813394766,0.7500000000,52.9704614973,8.1897873878,True,,False
S0043_R01,n50_p0.75_d1_clustered_Ehigh_V2.00_Hshort_PWmoderate_B0.10,4302027,50,3,1,24,0.4800000000,1149.8577570182,1038.2273441437,51.9113672072,17.9813394766,0.7500000000,52.9704614973,8.8156685829,True,,False
S0043_R02,n50_p0.75_d1_clustered_Ehigh_V2.00_Hshort_PWmoderate_B0.10,4302028,50,0,0,0,0.0000000000,45161.8079809172,44967.1055377471,1711.6200102047,268.8456485324,0.2000000000,228.2572906286,0.0248506069,True,,False
S0043_R02,n50_p0.75_d1_clustered_Ehigh_V2.00_Hshort_PWmoderate_B0.10,4302028,50,1,1,23,0.4600000000,242.8243464639,138.7871304921,6.9393565246,0.6939356525,0.9000000000,37.6894019681,19.8600206375,True,,True
S0043_R02,n50_p0.75_d1_clustered_Ehigh_V2.00_Hshort_PWmoderate_B0.10,4302028,50,2,1,23,0.4600000000,242.8243464639,138.7871304921,6.9393565246,0.6939356525,0.9000000000,37.6894019681,7.1270353794,True,,False
S0043_R02,n50_p0.75_d1_clustered_Ehigh_V2.00_Hshort_PWmoderate_B0.10,4302028,50,3,1,23,0.4600000000,242.8243464639,138.7871304921,6.9393565246,0.6939356525,0.9000000000,37.6894019681,8.0560965538,True,,False
S0043_R03,n50_p0.75_d1_clustered_Ehigh_V2.00_Hshort_PWmoderate_B0.10,4302029,50,0,0,0,0.0000000000,26348.1040836288,26203.7762160004,981.9998268192,212.6531689119,0.1000000000,155.4873024018,0.0271301270,True,,False
S0043_R03,n50_p0.75_d1_clustered_Ehigh_V2.00_Hshort_PWmoderate_B0.10,4302029,50,1,1,23,0.4600000000,63.3629350750,0.0000000000,0.0000000000,0.0000000000,1.0000000000,36.8972499115,8.2345087528,True,,True
S0043_R03,n50_p0.75_d1_clustered_Ehigh_V2.00_Hshort_PWmoderate_B0.10,4302029,50,2,1,23,0.4600000000,63.3629350750,0.0000000000,0.0000000000,0.0000000000,1.0000000000,36.8972499115,7.7754459381,True,,False
S0043_R03,n50_p0.75_d1_clustered_Ehigh_V2.00_Hshort_PWmoderate_B0.10,4302029,50,3,1,23,0.4600000000,63.3629350750,0.0000000000,0.0000000000,0.0000000000,1.0000000000,36.8972499115,8.0912783146,True,,False
S0043_R04,n50_p0.75_d1_clustered_Ehigh_V2.00_Hshort_PWmoderate_B0.10,4302030,50,0,0,0,0.0000000000,67553.0716620162,67361.1910837755,3073.6589996241,321.2299056791,0.1111111111,227.7478605419,0.0238554478,True,,False
S0043_R04,n50_p0.75_d1_clustered_Ehigh_V2.00_Hshort_PWmoderate_B0.10,4302030,50,1,1,24,0.4800000000,779.4833613149,670.1983480886,33.5099174044,6.3539122229,0.7777777778,40.5528850483,34.6901109219,True,,True
S0043_R04,n50_p0.75_d1_clustered_Ehigh_V2.00_Hshort_PWmoderate_B0.10,4302030,50,2,1,24,0.4800000000,779.4833613149,670.1983480886,33.5099174044,6.3539122229,0.7777777778,40.5528850483,8.2297751904,True,,False
S0043_R04,n50_p0.75_d1_clustered_Ehigh_V2.00_Hshort_PWmoderate_B0.10,4302030,50,3,1,24,0.4800000000,779.4833613149,670.1983480886,33.5099174044,6.3539122229,0.7777777778,40.5528850483,9.2490267754,True,,False
S0043_R05,n50_p0.75_d1_clustered_Ehigh_V2.00_Hshort_PWmoderate_B0.10,4302031,50,0,0,0,0.0000000000,30795.5925896319,30624.6603069865,1102.0586565741,237.4792061896,0.0000000000,182.4824886537,0.0268759727,True,,False
S0043_R05,n50_p0.75_d1_clustered_Ehigh_V2.00_Hshort_PWmoderate_B0.10,4302031,50,1,1,23,0.4600000000,65.3492191138,0.0000000000,0.0000000000,0.0000000000,1.0000000000,35.5376757319,23.6259014606,True,,True
S0043_R05,n50_p0.75_d1_clustered_Ehigh_V2.00_Hshort_PWmoderate_B0.10,4302031,50,2,1,23,0.4600000000,65.3492191138,0.0000000000,0.0000000000,0.0000000000,1.0000000000,35.5376757319,7.3511168957,True,,False
S0043_R05,n50_p0.75_d1_clustered_Ehigh_V2.00_Hshort_PWmoderate_B0.10,4302031,50,3,1,23,0.4600000000,65.3492191138,0.0000000000,0.0000000000,0.0000000000,1.0000000000,35.5376757319,8.0635738373,True,,False
S0043_R06,n50_p0.75_d1_clustered_Ehigh_V2.00_Hshort_PWmoderate_B0.10,4302032,50,0,0,0,0.0000000000,29471.8143808198,29305.2541394239,1067.2687937362,273.4660332835,0.0000000000,193.4439676727,0.0258700848,True,,False
S0043_R06,n50_p0.75_d1_clustered_Ehigh_V2.00_Hshort_PWmoderate_B0.10,4302032,50,1,1,24,0.4800000000,94.6834642665,0.0000000000,0.0000000000,0.0000000000,1.0000000000,36.7204127405,32.5277471542,True,,True
S0043_R06,n50_p0.75_d1_clustered_Ehigh_V2.00_Hshort_PWmoderate_B0.10,4302032,50,2,1,24,0.4800000000,94.6834642665,0.0000000000,0.0000000000,0.0000000000,1.0000000000,36.7204127405,8.9873955250,True,,False
S0043_R06,n50_p0.75_d1_clustered_Ehigh_V2.00_Hshort_PWmoderate_B0.10,4302032,50,3,1,24,0.4800000000,94.6834642665,0.0000000000,0.0000000000,0.0000000000,1.0000000000,36.7204127405,10.1036856174,True,,False
S0043_R07,n50_p0.75_d1_clustered_Ehigh_V2.00_Hshort_PWmoderate_B0.10,4302033,50,0,0,0,0.0000000000,32882.7443518074,32708.0465624344,1177.4027084883,288.2136970560,0.0000000000,256.2030895816,0.0240211487,True,,False
S0043_R07,n50_p0.75_d1_clustered_Ehigh_V2.00_Hshort_PWmoderate_B0.10,4302033,50,1,1,24,0.4800000000,72.6246481602,0.0000000000,0.0000000000,0.0000000000,1.0000000000,23.8961211285,35.1072807312,True,,True
S0043_R07,n50_p0.75_d1_clustered_Ehigh_V2.00_Hshort_PWmoderate_B0.10,4302033,50,2,1,24,0.4800000000,72.6246481602,0.0000000000,0.0000000000,0.0000000000,1.0000000000,23.8961211285,7.7491271496,True,,False
S0043_R07,n50_p0.75_d1_clustered_Ehigh_V2.00_Hshort_PWmoderate_B0.10,4302033,50,3,1,24,0.4800000000,72.6246481602,0.0000000000,0.0000000000,0.0000000000,1.0000000000,23.8961211285,8.1405286789,True,,False
S0043_R08,n50_p0.75_d1_clustered_Ehigh_V2.00_Hshort_PWmoderate_B0.10,4302034,50,0,0,0,0.0000000000,47654.8003911918,47470.9676138415,1943.8310055001,299.2635454221,0.0833333333,221.4838840607,0.0250163078,True,,False
S0043_R08,n50_p0.75_d1_clustered_Ehigh_V2.00_Hshort_PWmoderate_B0.10,4302034,50,1,1,23,0.4600000000,65.2214377191,0.0000000000,0.0000000000,0.0000000000,1.0000000000,32.4500116766,28.6295874119,True,,True
S0043_R08,n50_p0.75_d1_clustered_Ehigh_V2.00_Hshort_PWmoderate_B0.10,4302034,50,2,1,23,0.4600000000,65.2214377191,0.0000000000,0.0000000000,0.0000000000,1.0000000000,32.4500116766,7.6933586597,True,,False
S0043_R08,n50_p0.75_d1_clustered_Ehigh_V2.00_Hshort_PWmoderate_B0.10,4302034,50,3,1,23,0.4600000000,65.2214377191,0.0000000000,0.0000000000,0.0000000000,1.0000000000,32.4500116766,8.5922214985,True,,False
S0043_R09,n50_p0.75_d1_clustered_Ehigh_V2.00_Hshort_PWmoderate_B0.10,4302035,50,0,0,0,0.0000000000,22421.2421124288,22252.0766714935,735.2214221627,303.2793186724,0.2500000000,237.4440170681,0.0269873142,True,,False
S0043_R09,n50_p0.75_d1_clustered_Ehigh_V2.00_Hshort_PWmoderate_B0.10,4302035,50,1,1,21,0.4200000000,66.0956789931,0.0000000000,0.0000000000,0.0000000000,1.0000000000,19.6151860287,12.6354837418,True,,True
S0043_R09,n50_p0.75_d1_clustered_Ehigh_V2.00_Hshort_PWmoderate_B0.10,4302035,50,2,1,21,0.4200000000,66.0956789931,0.0000000000,0.0000000000,0.0000000000,1.0000000000,19.6151860287,7.2042505741,True,,False
S0043_R09,n50_p0.75_d1_clustered_Ehigh_V2.00_Hshort_PWmoderate_B0.10,4302035,50,3,1,21,0.4200000000,66.0956789931,0.0000000000,0.0000000000,0.0000000000,1.0000000000,19.6151860287,7.8884415627,True,,False
S0043_R10,n50_p0.75_d1_clustered_Ehigh_V2.00_Hshort_PWmoderate_B0.10,4302036,50,0,0,0,0.0000000000,45553.2718825767,45380.6871810984,2052.1905705076,297.1533027771,0.0000000000,217.9402637024,0.0231208801,True,,False
S0043_R10,n50_p0.75_d1_clustered_Ehigh_V2.00_Hshort_PWmoderate_B0.10,4302036,50,1,1,24,0.4800000000,551.2762347431,454.5238086977,22.7261904349,0.0000000000,0.9230769231,41.4728062192,17.1399784088,True,,True
S0043_R10,n50_p0.75_d1_clustered_Ehigh_V2.00_Hshort_PWmoderate_B0.10,4302036,50,2,1,24,0.4800000000,551.2762347431,454.5238086977,22.7261904349,0.0000000000,0.9230769231,41.4728062192,7.7448158264,True,,False
S0043_R10,n50_p0.75_d1_clustered_Ehigh_V2.00_Hshort_PWmoderate_B0.10,4302036,50,3,1,24,0.4800000000,551.2762347431,454.5238086977,22.7261904349,0.0000000000,0.9230769231,41.4728062192,8.4285919666,True,,False
S0044_R01,n50_p0.75_d1_uniform_Ehigh_V2.00_Hlong_PWflat_B0.10,4402027,50,0,0,0,0.0000000000,2356.2659406492,1966.7648775628,1096.2223926859,188.2701415567,0.3000000000,160.7541600097,0.0262067318,True,,False
S0044_R01,n50_p0.75_d1_uniform_Ehigh_V2.00_Hlong_PWflat_B0.10,4402027,50,1,1,16,0.3200000000,233.1424123026,36.2950941497,36.2950941497,3.6295094150,0.9000000000,41.9470258310,14.1948966980,True,,True
S0044_R01,n50_p0.75_d1_uniform_Ehigh_V2.00_Hlong_PWflat_B0.10,4402027,50,2,1,17,0.3400000000,241.0232744335,42.1970228730,42.1970228730,8.9412452659,0.8000000000,42.6492872271,2.5285959244,True,,False
S0044_R01,n50_p0.75_d1_uniform_Ehigh_V2.00_Hlong_PWflat_B0.10,4402027,50,3,1,17,0.3400000000,241.0232744335,42.1970228730,42.1970228730,8.9412452659,0.8000000000,42.6492872271,3.1840295792,True,,False
S0044_R02,n50_p0.75_d1_uniform_Ehigh_V2.00_Hlong_PWflat_B0.10,4402028,50,0,0,0,0.0000000000,2330.8056892272,1958.0097198006,1084.3977882823,201.0324264404,0.1000000000,166.2701862067,0.0277070999,True,,False
S0044_R02,n50_p0.75_d1_uniform_Ehigh_V2.00_Hlong_PWflat_B0.10,4402028,50,1,1,16,0.3200000000,263.1733620816,31.3954867378,30.8184008107,10.0912875785,0.7000000000,43.3862147400,4.7441270351,True,,True
S0044_R02,n50_p0.75_d1_uniform_Ehigh_V2.00_Hlong_PWflat_B0.10,4402028,50,2,2,22,0.4400000000,224.1779117468,7.6236982105,7.6236982105,0.7623698210,0.9000000000,35.9346541255,2.0999076366,True,,False
S0044_R02,n50_p0.75_d1_uniform_Ehigh_V2.00_Hlong_PWflat_B0.10,4402028,50,3,2,22,0.4400000000,224.1779117468,7.6236982105,7.6236982105,0.7623698210,0.9000000000,35.9346541255,2.6596710682,True,,False
S0044_R03,n50_p0.75_d1_uniform_Ehigh_V2.00_Hlong_PWflat_B0.10,4402029,50,0,0,0,0.0000000000,2027.3777939304,1657.3201649198,974.2949064607,179.6581242051,0.1111111111,166.1974977011,0.0248939991,True,,False
S0044_R03,n50_p0.75_d1_uniform_Ehigh_V2.00_Hlong_PWflat_B0.10,4402029,50,1,1,20,0.4000000000,227.6475397592,17.3252104011,17.3252104011,3.4650420802,0.8888888889,42.1782951190,9.0475547314,True,,True
S0044_R03,n50_p0.75_d1_uniform_Ehigh_V2.00_Hlong_PWflat_B0.10,4402029,50,2,1,20,0.4000000000,227.6475397592,17.3252104011,17.3252104011,3.4650420802,0.8888888889,42.1782951190,2.3081696033,True,,False
S0044_R03,n50_p0.75_d1_uniform_Ehigh_V2.00_Hlong_PWflat_B0.10,4402029,50,3,1,20,0.4000000000,227.6475397592,17.3252104011,17.3252104011,3.4650420802,0.8888888889,42.1782951190,3.0847651958,True,,False
S0044_R04,n50_p0.75_d1_uniform_Ehigh_V2.00_Hlong_PWflat_B0.10,4402030,50,0,0,0,0.0000000000,1767.5037802723,1384.5669503418,862.1177898796,194.5051153493,0.1250000000,164.7380515221,0.0292091370,True,,False
S0044_R04,n50_p0.75_d1_uniform_Ehigh_V2.00_Hlong_PWflat_B0.10,4402030,50,1,1,15,0.3000000000,289.2342684245,67.6812660944,54.6929697018,25.5484397898,0.7500000000,48.4453539885,17.7987370491,True,,True
S0044_R04,n50_p0.75_d1_uniform_Ehigh_V2.00_Hlong_PWflat_B0.10,4402030,50,2,2,18,0.3600000000,276.1942499049,35.4136657027,35.4136657027,12.0529269904,0.7500000000,36.4023267310,1.8166837692,True,,False
S0044_R04,n50_p0.75_d1_uniform_Ehigh_V2.00_Hlong_PWflat_B0.10,4402030,50,3,2,18,0.3600000000,276.1942499049,35.4136657027,35.4136657027,12.0529269904,0.7500000000,36.4023267310,2.3568372726,True,,False
S0044_R05,n50_p0.75_d1_uniform_Ehigh_V2.00_Hlong_PWflat_B0.10,4402031,50,0,0,0,,,,,,,,0.0229740143,False,,False
S0044_R05,n50_p0.75_d1_uniform_Ehigh_V2.00_Hlong_PWflat_B0.10,4402031,50,1,1,19,0.3800000000,447.2453840908,300.9416424781,177.4730059872,58.6876485707,0.5833333333,58.7165083102,30.7570996284,True,,True
S0044_R05,n50_p0.75_d1_uniform_Ehigh_V2.00_Hlong_PWflat_B0.10,4402031,50,2,2,25,0.5000000000,247.8303185016,70.7611938274,64.3760611708,8.6558533766,0.7500000000,44.1310060382,6.9330008030,True,,False
S0044_R05,n50_p0.75_d1_uniform_Ehigh_V2.00_Hlong_PWflat_B0.10,4402031,50,3,3,24,0.4800000000,262.0557028842,72.2372410109,72.2372410109,11.9509047923,0.8333333333,41.1561286554,7.6952149868,True,,False
S0044_R06,n50_p0.75_d1_uniform_Ehigh_V2.00_Hlong_PWflat_B0.10,4402032,50,0,0,0,0.0000000000,2675.4415463552,2256.7179390423,441.4912052796,217.6577661275,0.5000000000,126.2166710283,0.0251855850,True,,False
S0044_R06,n50_p0.75_d1_uniform_Ehigh_V2.00_Hlong_PWflat_B0.10,4402032,50,1,1,14,0.2800000000,202.8344514046,7.5250599751,7.5250599751,3.7625299875,0.8333333333,39.6936565591,20.3720796108,True,,True
S0044_R06,n50_p0.75_d1_uniform_Ehigh_V2.00_Hlong_PWflat_B0.10,4402032,50,2,1,15,0.3000000000,205.9183553561,7.5250599751,7.5250599751,3.7625299875,0.8333333333,39.6936565591,2.4251308441,True,,False
S0044_R06,n50_p0.75_d1_uniform_Ehigh_V2.00_Hlong_PWflat_B0.10,4402032,50,3,1,15,0.3000000000,205.9183553561,7.5250599751,7.5250599751,3.7625299875,0.8333333333,39.6936565591,2.9443752766,True,,False
S0044_R07,n50_p0.75_d1_uniform_Ehigh_V2.00_Hlong_PWflat_B0.10,4402033,50,0,0,0,0.0000000000,1449.8500294962,1123.2758106671,398.0067517028,112.3053016593,0.3333333333,95.9027056647,0.0250995159,True,,False
S0044_R07,n50_p0.75_d1_uniform_Ehigh_V2.00_Hlong_PWflat_B0.10,4402033,50,1,1,14,0.2800000000,211.3351412155,0.0000000000,0.0000000000,0.0000000000,1.0000000000,32.5764912976,8.1537134647,True,,True
S0044_R07,n50_p0.75_d1_uniform_Ehigh_V2.00_Hlong_PWflat_B0.10,4402033,50,2,1,14,0.2800000000,211.3351412155,0.0000000000,0.0000000000,0.0000000000,1.0000000000,32.5764912976,2.2850911617,True,,False
S0044_R07,n50_p0.75_d1_uniform_Ehigh_V2.00_Hlong_PWflat_B0.10,4402033,50,3,1,14,0.2800000000,211.3351412155,0.0000000000,0.0000000000,0.0000000000,1.0000000000,32.5764912976,2.7747049332,True,,False
S0044_R08,n50_p0.75_d1_uniform_Ehigh_V2.00_Hlong_PWflat_B0.10,4402034,50,0,0,0,0.0000000000,2192.5520177459,1833.8965698108,1136.3591431315,194.8058472398,0.3846153846,139.5189023006,0.0448877811,True,,False
S0044_R08,n50_p0.75_d1_uniform_Ehigh_V2.00_Hlong_PWflat_B0.10,4402034,50,1,1,17,0.3400000000,228.5426530080,18.9287502519,18.8896562720,1.6317260409,0.8461538462,35.4622500401,8.4631128311,True,,True
S0044_R08,n50_p0.75_d1_uniform_Ehigh_V2.00_Hlong_PWflat_B0.10,4402034,50,2,1,17,0.3400000000,228.5426530080,18.9287502519,18.8896562720,1.6317260409,0.8461538462,35.4622500401,3.1264610291,True,,False
S0044_R08,n50_p0.75_d1_uniform_Ehigh_V2.00_Hlong_PWflat_B0.10,4402034,50,3,1,17,0.3400000000,228.5426530080,18.9287502519,18.8896562720,1.6317260409,0.8461538462,35.4622500401,3.2680666447,True,,False
S0044_R09,n50_p0.75_d1_uniform_Ehigh_V2.00_Hlong_PWflat_B0.10,4402035,50,0,0,0,0.0000000000,1964.9752587177,1597.1098142855,377.7957621282,165.9162888430,0.3333333333,120.0381362925,0.0253551006,True,,False
S0044_R09,n50_p0.75_d1_uniform_Ehigh_V2.00_Hlong_PWflat_B0.10,4402035,50,1,1,18,0.3600000000,182.0849221916,0.0000000000,0.0000000000,0.0000000000,1.0000000000,33.8551346099,8.5062515736,True,,True
S0044_R09,n50_p0.75_d1_uniform_Ehigh_V2.00_Hlong_PWflat_B0.10,4402035,50,2,1,13,0.2600000000,182.4569124369,0.0000000000,0.0000000000,0.0000000000,1.0000000000,28.3461780951,2.3099706173,True,,False
S0044_R09,n50_p0.75_d1_uniform_Ehigh_V2.00_Hlong_PWflat_B0.10,4402035,50,3,1,13,0.2600000000,182.4569124369,0.0000000000,0.0000000000,0.0000000000,1.0000000000,28.3461780951,2.8264923096,True,,False
S0044_R10,n50_p0.75_d1_uniform_Ehigh_V2.00_Hlong_PWflat_B0.10,4402036,50,0,0,0,0.0000000000,1264.0857423972,923.5437047989,378.2339338465,98.5912824074,0.1000000000,94.5989837566,0.0270147324,True,,False
S0044_R10,n50_p0.75_d1_uniform_Ehigh_V2.00_Hlong_PWflat_B0.10,4402036,50,1,1,16,0.3200000000,193.8742900960,0.0000000000,0.0000000000,0.0000000000,1.0000000000,30.4407167500,7.5046677589,True,,True
S0044_R10,n50_p0.75_d1_uniform_Ehigh_V2.00_Hlong_PWflat_B0.10,4402036,50,2,1,16,0.3200000000,193.8742900960,0.0000000000,0.0000000000,0.0000000000,1.0000000000,30.4407167500,1.9964556694,True,,False
S0044_R10,n50_p0.75_d1_uniform_Ehigh_V2.00_Hlong_PWflat_B0.10,4402036,50,3,1,16,0.3200000000,193.8742900960,0.0000000000,0.0000000000,0.0000000000,1.0000000000,30.4407167500,2.7360498905,True,,False
S0045_R01,n75_p0.25_d3_uniform_Elow_V1.25_Hshort_PWbase_B0.10,4502027,75,0,0,0,,,,,,,,0.0514345169,False,,False
S0045_R01,n75_p0.25_d3_uniform_Elow_V1.25_Hshort_PWbase_B0.10,4502027,75,1,1,2,0.0266666667,157416.5717172110,157153.7179852772,1422.3770501055,225.9103267295,0.1333333333,149.7870894234,13.5383913517,True,,False
S0045_R01,n75_p0.25_d3_uniform_Elow_V1.25_Hshort_PWbase_B0.10,4502027,75,2,2,4,0.0533333333,158219.3077012668,157956.7303657246,1278.1546766851,205.9173418474,0.3333333333,135.4573471811,15.0017938614,True,,False
S0045_R01,n75_p0.25_d3_uniform_Elow_V1.25_Hshort_PWbase_B0.10,4502027,75,3,2,3,0.0400000000,229992.7686924600,229789.4867567710,2061.6681950707,278.0813589558,0.0666666667,194.4443171544,38.3228113651,True,,True
S0045_R02,n75_p0.25_d3_uniform_Elow_V1.25_Hshort_PWbase_B0.10,4502028,75,0,0,0,,,,,,,,0.0574786663,False,,False
S0045_R02,n75_p0.25_d3_uniform_Elow_V1.25_Hshort_PWbase_B0.10,4502028,75,1,1,5,0.0666666667,143301.9146796676,143073.4656135700,1303.7861987943,176.0655445944,0.2941176471,128.1698208666,12.4995198250,True,,False
S0045_R02,n75_p0.25_d3_uniform_Elow_V1.25_Hshort_PWbase_B0.10,4502028,75,2,2,8,0.1066666667,154525.8639372215,154298.7019113711,1383.3630061481,179.3920477233,0.2352941176,132.6865564084,15.3103976250,True,,False
S0045_R02,n75_p0.25_d3_uniform_Elow_V1.25_Hshort_PWbase_B0.10,4502028,75,3,3,9,0.1200000000,154400.4947135248,154166.9400897109,1362.6502673348,229.0101535596,0.2352941176,133.9765319194,35.0980608463,True,,True
S0045_R03,n75_p0.25_d3_uniform_Elow_V1.25_Hshort_PWbase_B0.10,4502029,75,0,0,0,,,,,,,,0.0559289455,False,,False
S0045_R03,n75_p0.25_d3_uniform_Elow_V1.25_Hshort_PWbase_B0.10,4502029,75,1,1,4,0.0533333333,127744.8440272480,127570.3876914531,864.6781574336,165.5280798537,0.3076923077,112.9908401897,8.6763768196,True,,False
S0045_R03,n75_p0.25_d3_uniform_Elow_V1.25_Hshort_PWbase_B0.10,4502029,75,2,2,6,0.0800000000,123433.8932457261,123252.5899022642,864.6781574336,165.5280798537,0.3076923077,112.9908401897,10.4170591831,True,,False
S0045_R03,n75_p0.25_d3_uniform_Elow_V1.25_Hshort_PWbase_B0.10,4502029,75,3,2,6,0.0800000000,247552.7738336838,247371.6781474588,2044.1769151386,250.2118957134,0.1538461538,212.5032490434,30.2268443108,True,,True
S0045_R04,n75_p0.25_d3_uniform_Elow_V1.25_Hshort_PWbase_B0.10,4502030,75,0,0,0,,,,,,,,0.0631909370,False,,False
S0045_R04,n75_p0.25_d3_uniform_Elow_V1.25_Hshort_PWbase_B0.10,4502030,75,1,1,5,0.0666666667,195836.5719876473,195656.3836963107,1385.9936062117,221.9335963077,0.0833333333,171.7664282877,12.1654999256,True,,False
S0045_R04,n75_p0.25_d3_uniform_Elow_V1.25_Hshort_PWbase_B0.10,4502030,75,2,1,6,0.0800000000,168345.2638897154,168161.5223167764,1112.4488108192,189.8016996399,0.1666666667,146.7391095150,13.1494312286,True,,False
S0045_R04,n75_p0.25_d3_uniform_Elow_V1.25_Hshort_PWbase_B0.10,4502030,75,3,2,7,0.0933333333,168079.2350842991,167785.0160096788,1436.3228403792,220.8316812346,0.0833333333,175.9605311350,46.5614936352,True,,True
S0045_R05,n75_p0.25_d3_uniform_Elow_V1.25_Hshort_PWbase_B0.10,4502031,75,0,0,0,,,,,,,,0.0545947552,False,,False
S0045_R05,n75_p0.25_d3_uniform_Elow_V1.25_Hshort_PWbase_B0.10,4502031,75,1,1,2,0.0266666667,121399.2540229772,121131.6974675509,949.1841998634,235.5011934813,0.4375000000,107.9608327165,10.1609630585,True,,False
S0045_R05,n75_p0.25_d3_uniform_Elow_V1.25_Hshort_PWbase_B0.10,4502031,75,2,2,4,0.0533333333,187187.2747731857,187014.3061020227,1521.3780400324,251.0383725670,0.3125000000,145.4344450973,8.9016547203,True,,False
S0045_R05,n75_p0.25_d3_uniform_Elow_V1.25_Hshort_PWbase_B0.10,4502031,75,3,2,5,0.0666666667,102728.4359806472,102458.9512173391,763.6060759785,199.8039667782,0.6250000000,89.7136440374,17.5649890900,True,,True
S0045_R06,n75_p0.25_d3_uniform_Elow_V1.25_Hshort_PWbase_B0.10,4502032,75,0,0,0,0.0000000000,152680.6248998163,152222.6504210732,1228.6031411852,178.1398399352,0.2307692308,150.9311544492,0.0521178246,True,,False
S0045_R06,n75_p0.25_d3_uniform_Elow_V1.25_Hshort_PWbase_B0.10,4502032,75,1,1,3,0.0400000000,54199.7465295624,53935.7977284623,493.6798353902,92.8109654435,0.2307692308,92.7188169161,2.9113550186,True,,False
S0045_R06,n75_p0.25_d3_uniform_Elow_V1.25_Hshort_PWbase_B0.10,4502032,75,2,2,6,0.0800000000,54078.8686650363,53815.5760994272,493.8891104376,90.7241398010,0.2307692308,92.2060407758,4.4340128899,True,,False
S0045_R06,n75_p0.25_d3_uniform_Elow_V1.25_Hshort_PWbase_B0.10,4502032,75,3,3,7,0.0933333333,52865.6850694074,52598.7192087914,484.2540748846,90.2174331303,0.2307692308,90.1594268670,24.1250629425,True,,True
S0045_R07,n75_p0.25_d3_uniform_Elow_V1.25_Hshort_PWbase_B0.10,4502033,75,0,0,0,,,,,,,,0.0990235806,False,,False
S0045_R07,n75_p0.25_d3_uniform_Elow_V1.25_Hshort_PWbase_B0.10,4502033,75,1,1,3,0.0400000000,194348.8768667491,194076.3677890202,1521.8388204776,217.1826662742,0.2222222222,136.8985793110,10.9221847057,True,,False
S0045_R07,n75_p0.25_d3_uniform_Elow_V1.25_Hshort_PWbase_B0.10,4502033,75,2,1,3,0.0400000000,270319.5466831313,270108.3817844745,2165.5829036596,244.5705265715,0.2222222222,173.0363931009,7.8548581600,True,,False
S0045_R07,n75_p0.25_d3_uniform_Elow_V1.25_Hshort_PWbase_B0.10,4502033,75,3,1,3,0.0400000000,284888.9142786030,284674.7966787883,2321.3284121301,275.6346548728,0.2222222222,181.6889213493,20.4813268185,True,,True
S0045_R08,n75_p0.25_d3_uniform_Elow_V1.25_Hshort_PWbase_B0.10,4502034,75,0,0,0,,,,,,,,0.0515470505,False,,False
S0045_R08,n75_p0.25_d3_uniform_Elow_V1.25_Hshort_PWbase_B0.10,4502034,75,1,1,2,0.0266666667,150315.1974013108,150043.9550467621,1045.8103785482,221.3448756002,0.3846153846,130.0872838886,10.1748251915,True,,False
S0045_R08,n75_p0.25_d3_uniform_Elow_V1.25_Hshort_PWbase_B0.10,4502034,75,2,2,6,0.0800000000,122074.7691406712,121786.4594844677,881.1177643037,193.3280362385,0.4615384615,115.0926730740,14.2809095383,True,,False
S0045_R08,n75_p0.25_d3_uniform_Elow_V1.25_Hshort_PWbase_B0.10,4502034,75,3,3,7,0.0933333333,203802.6547543933,203602.6677517657,1504.3501017400,266.4073634669,0.2307692308,166.3631329209,30.3847172260,True,,True
S0045_R09,n75_p0.25_d3_uniform_Elow_V1.25_Hshort_PWbase_B0.10,4502035,75,0,0,0,0.0000000000,352108.5921368087,351588.8708875512,3252.0928344497,300.4847961383,0.1666666667,238.0786095683,0.0497257710,True,,False
S0045_R09,n75_p0.25_d3_uniform_Elow_V1.25_Hshort_PWbase_B0.10,4502035,75,1,1,3,0.0400000000,90414.6210507038,90144.7986895837,833.2552037318,120.0406791953,0.2777777778,95.7725521802,2.7721734047,True,,False
S0045_R09,n75_p0.25_d3_uniform_Elow_V1.25_Hshort_PWbase_B0.10,4502035,75,2,2,5,0.0666666667,95369.6629875634,95095.4788101518,878.4740799518,124.7255610443,0.2777777778,97.5506725228,3.2593142986,True,,False
S0045_R09,n75_p0.25_d3_uniform_Elow_V1.25_Hshort_PWbase_B0.10,4502035,75,3,3,6,0.0800000000,74496.6338455810,74226.0164284448,693.7407672507,90.0472518702,0.4444444444,83.6118919605,15.1945862770,True,,True
S0045_R10,n75_p0.25_d3_uniform_Elow_V1.25_Hshort_PWbase_B0.10,4502036,75,0,0,0,,,,,,,,0.0487749577,False,,False
S0045_R10,n75_p0.25_d3_uniform_Elow_V1.25_Hshort_PWbase_B0.10,4502036,75,1,1,3,0.0400000000,112770.8462661652,112520.9200328917,851.3912097049,215.4470598680,0.1538461538,121.5439097100,10.0906081200,True,,False
S0045_R10,n75_p0.25_d3_uniform_Elow_V1.25_Hshort_PWbase_B0.10,4502036,75,2,2,5,0.0666666667,130697.8178171009,130424.4445825811,1052.9478789355,223.9834088325,0.1538461538,137.0690460237,12.0374021530,True,,False
S0045_R10,n75_p0.25_d3_uniform_Elow_V1.25_Hshort_PWbase_B0.10,4502036,75,3,3,6,0.0800000000,164312.8659053635,164122.8184386863,1310.8086264558,245.5814131510,0.0769230769,158.0866165884,20.9140183926,True,,True
S0046_R01,n75_p0.25_d3_uniform_Elow_V1.25_Hlong_PWmoderate_B0.10,4602027,75,0,0,0,0.0000000000,63641.6217968263,63166.7091401259,2764.5112879257,324.5135066102,0.0000000000,257.5084617883,0.0477116108,True,,False
S0046_R01,n75_p0.25_d3_uniform_Elow_V1.25_Hlong_PWmoderate_B0.10,4602027,75,1,1,4,0.0533333333,18224.1491996216,17967.3151862791,856.4672895190,143.3590171249,0.2857142857,113.5742338392,3.0187208652,True,,False
S0046_R01,n75_p0.25_d3_uniform_Elow_V1.25_Hlong_PWmoderate_B0.10,4602027,75,2,2,6,0.0800000000,17804.2043174350,17542.2518191339,835.2141211617,143.3590171249,0.2857142857,112.0561503851,4.3655929565,True,,False
S0046_R01,n75_p0.25_d3_uniform_Elow_V1.25_Hlong_PWmoderate_B0.10,4602027,75,3,3,8,0.1066666667,11920.6832293850,11663.2760282515,520.3761659158,101.8213243638,0.2857142857,89.4780832056,11.1021759510,True,,True
S0046_R02,n75_p0.25_d3_uniform_Elow_V1.25_Hlong_PWmoderate_B0.10,4602028,75,0,0,0,0.0000000000,51770.0627958968,51292.5115474293,2036.5282802354,257.8659710816,0.1764705882,175.0954145015,0.1204767227,True,,False
S0046_R02,n75_p0.25_d3_uniform_Elow_V1.25_Hlong_PWmoderate_B0.10,4602028,75,1,1,3,0.0400000000,16826.2504300683,16516.4919082304,757.2177366516,93.8237221292,0.1764705882,99.3511170110,6.8806533813,True,,False
S0046_R02,n75_p0.25_d3_uniform_Elow_V1.25_Hlong_PWmoderate_B0.10,4602028,75,2,2,5,0.0666666667,15951.3215980212,15635.7321563991,714.8806654544,102.3830932528,0.3529411765,93.0328306931,4.4123544693,True,,False
S0046_R02,n75_p0.25_d3_uniform_Elow_V1.25_Hlong_PWmoderate_B0.10,4602028,75,3,3,7,0.0933333333,15918.3065764949,15603.6246189264,714.6100903924,111.9700349011,0.4117647059,91.9030584153,10.9878048897,True,,True
S0046_R03,n75_p0.25_d3_uniform_Elow_V1.25_Hlong_PWmoderate_B0.10,4602029,75,0,0,0,0.0000000000,44011.1701276820,43524.2022767979,1621.5767775891,244.7031360582,0.2500000000,154.0396090963,0.0837602615,True,,False
S0046_R03,n75_p0.25_d3_uniform_Elow_V1.25_Hlong_PWmoderate_B0.10,4602029,75,1,1,4,0.0533333333,13178.9925199652,12914.6360442317,613.0212702852,116.4851765943,0.5000000000,85.5589060567,5.0687088966,True,,False
S0046_R03,n75_p0.25_d3_uniform_Elow_V1.25_Hlong_PWmoderate_B0.10,4602029,75,2,2,7,0.0933333333,11511.6111156774,11244.9059128225,533.4923343051,111.2084158071,0.5000000000,78.4546355530,6.0246546268,True,,False
S0046_R03,n75_p0.25_d3_uniform_Elow_V1.25_Hlong_PWmoderate_B0.10,4602029,75,3,3,8,0.1066666667,9692.6449442784,9427.2152758535,447.0959971245,78.4882970259,0.5000000000,70.7537839084,13.4767329693,True,,True
S0046_R04,n75_p0.25_d3_uniform_Elow_V1.25_Hlong_PWmoderate_B0.10,4602030,75,0,0,0,0.0000000000,70130.5772130325,69608.2582974585,2713.3838404063,292.4132280406,0.1428571429,186.3464266232,0.0920403004,True,,False
S0046_R04,n75_p0.25_d3_uniform_Elow_V1.25_Hlong_PWmoderate_B0.10,4602030,75,1,1,2,0.0266666667,20515.5410067783,20229.4660157760,859.9393986757,126.7458638350,0.3333333333,92.6920526385,3.6405816078,True,,False
S0046_R04,n75_p0.25_d3_uniform_Elow_V1.25_Hlong_PWmoderate_B0.10,4602030,75,2,2,5,0.0666666667,16760.7691218700,16455.5053395950,665.9420923484,96.6972855247,0.3809523810,79.1843310373,7.3173639774,True,,False
S0046_R04,n75_p0.25_d3_uniform_Elow_V1.25_Hlong_PWmoderate_B0.10,4602030,75,3,3,6,0.0800000000,17712.5520928929,17417.1024113113,715.1753425360,98.2293789028,0.4285714286,81.4393661272,18.9517896175,True,,True
S0046_R05,n75_p0.25_d3_uniform_Elow_V1.25_Hlong_PWmoderate_B0.10,4602031,75,0,0,0,,,,,,,,0.0979328156,False,,False
S0046_R05,n75_p0.25_d3_uniform_Elow_V1.25_Hlong_PWmoderate_B0.10,4602031,75,1,1,2,0.0266666667,32315.7693745462,32045.0828859013,1293.4188212602,226.2160537847,0.3076923077,152.0018275394,11.0990343094,True,,False
S0046_R05,n75_p0.25_d3_uniform_Elow_V1.25_Hlong_PWmoderate_B0.10,4602031,75,2,2,4,0.0533333333,35004.3864908593,34731.1476669023,1542.7126928437,224.8233876165,0.2307692308,172.1015002278,17.6247429848,True,,False
S0046_R05,n75_p0.25_d3_uniform_Elow_V1.25_Hlong_PWmoderate_B0.10,4602031,75,3,2,7,0.0933333333,48861.1270452387,48641.4528020400,2058.8264189709,265.7439230970,0.1538461538,214.1924558284,14.5028116703,True,,True
S0046_R06,n75_p0.25_d3_uniform_Elow_V1.25_Hlong_PWmoderate_B0.10,4602032,75,0,0,0,,,,,,,,0.0597755909,False,,False
S0046_R06,n75_p0.25_d3_uniform_Elow_V1.25_Hlong_PWmoderate_B0.10,4602032,75,1,1,2,0.0266666667,26013.6131564980,25743.9974468160,983.7757533512,232.8144566206,0.1818181818,141.9412601059,11.6707384586,True,,False
S0046_R06,n75_p0.25_d3_uniform_Elow_V1.25_Hlong_PWmoderate_B0.10,4602032,75,2,2,5,0.0666666667,23554.3931536214,23290.0907668362,805.1160387665,238.4113358826,0.2727272727,127.9808712485,14.1831324100,True,,False
S0046_R06,n75_p0.25_d3_uniform_Elow_V1.25_Hlong_PWmoderate_B0.10,4602032,75,3,3,7,0.0933333333,19556.5298175134,19265.7271200409,743.3033538435,205.6132005969,0.2727272727,119.1150916488,29.0028877258,True,,True
S0046_R07,n75_p0.25_d3_uniform_Elow_V1.25_Hlong_PWmoderate_B0.10,4602033,75,0,0,0,,,,,,,,0.0904333591,False,,False
S0046_R07,n75_p0.25_d3_uniform_Elow_V1.25_Hlong_PWmoderate_B0.10,4602033,75,1,1,5,0.0666666667,28587.2831112833,28362.8948413436,1140.6476507877,206.4970351235,0.5000000000,118.1490299699,14.5276746750,True,,False
S0046_R07,n75_p0.25_d3_uniform_Elow_V1.25_Hlong_PWmoderate_B0.10,4602033,75,2,2,7,0.0933333333,29526.5020903841,29272.9871937352,1235.5143013736,206.1650106389,0.3750000000,126.2300360986,13.6067998409,True,,False
S0046_R07,n75_p0.25_d3_uniform_Elow_V1.25_Hlong_PWmoderate_B0.10,4602033,75,3,3,8,0.1066666667,24045.6886734708,23801.7862189407,969.6220239619,187.0387138607,0.5000000000,106.0554121741,43.3374562263,True,,True
S0046_R08,n75_p0.25_d3_uniform_Elow_V1.25_Hlong_PWmoderate_B0.10,4602034,75,0,0,0,,,,,,,,0.0778353214,False,,False
S0046_R08,n75_p0.25_d3_uniform_Elow_V1.25_Hlong_PWmoderate_B0.10,4602034,75,1,1,2,0.0266666667,44833.0311769163,44554.9888342193,1831.7739061464,205.8243270939,0.1111111111,157.7916442689,12.9306600094,True,,False
S0046_R08,n75_p0.25_d3_uniform_Elow_V1.25_Hlong_PWmoderate_B0.10,4602034,75,2,2,5,0.0666666667,37456.6079552126,37153.3526533939,1387.4211389353,225.0773940204,0.2777777778,132.1437005285,15.0156180859,True,,False
S0046_R08,n75_p0.25_d3_uniform_Elow_V1.25_Hlong_PWmoderate_B0.10,4602034,75,3,3,5,0.0666666667,46624.5001089246,46423.2497604511,1865.8295529226,226.5928392307,0.2222222222,159.7673794414,31.3239412308,True,,True
S0046_R09,n75_p0.25_d3_uniform_Elow_V1.25_Hlong_PWmoderate_B0.10,4602035,75,0,0,0,,,,,,,,0.0541269779,False,,False
S0046_R09,n75_p0.25_d3_uniform_Elow_V1.25_Hlong_PWmoderate_B0.10,4602035,75,1,1,3,0.0400000000,41820.0532101971,41586.3865964589,1699.7244332955,266.3065921047,0.3750000000,158.1272066021,13.6641542912,True,,False
S0046_R09,n75_p0.25_d3_uniform_Elow_V1.25_Hlong_PWmoderate_B0.10,4602035,75,2,2,4,0.0533333333,37233.7836667762,36958.6610763828,1494.5891189077,249.5321927999,0.2500000000,145.9556270798,14.3898227215,True,,False
S0046_R09,n75_p0.25_d3_uniform_Elow_V1.25_Hlong_PWmoderate_B0.10,4602035,75,3,3,5,0.0666666667,37173.5823055292,36886.9614653726,1456.0934324332,243.3214164366,0.3125000000,143.3092943459,25.4561116695,True,,True
S0046_R10,n75_p0.25_d3_uniform_Elow_V1.25_Hlong_PWmoderate_B0.10,4602036,75,0,0,0,,,,,,,,0.0539133549,False,,False
S0046_R10,n75_p0.25_d3_uniform_Elow_V1.25_Hlong_PWmoderate_B0.10,4602036,75,1,1,6,0.0800000000,30752.7814060407,30481.2829262499,1210.1177602976,232.4673143107,0.4117647059,121.8615273418,17.4591250420,True,,False
S0046_R10,n75_p0.25_d3_uniform_Elow_V1.25_Hlong_PWmoderate_B0.10,4602036,75,2,2,6,0.0800000000,44554.0627496435,44362.8642939165,1791.2344494584,253.8471529938,0.2941176471,157.6639071647,12.6440215111,True,,False
S0046_R10,n75_p0.25_d3_uniform_Elow_V1.25_Hlong_PWmoderate_B0.10,4602036,75,3,3,10,0.1333333333,38567.0902777484,38275.8481935225,1640.7767058030,222.8571802326,0.2941176471,148.3231350616,30.9124579430,True,,True
S0047_R01,n75_p0.25_d3_uniform_Emedium_V1.25_Hlong_PWmoderate_B0.10,4702027,75,0,0,0,0.0000000000,29067.2904733142,28572.1727000509,1168.0458742811,236.3879787500,0.1111111111,188.0352712862,0.0685284138,True,,False
S0047_R01,n75_p0.25_d3_uniform_Emedium_V1.25_Hlong_PWmoderate_B0.10,4702027,75,1,1,8,0.1066666667,8374.5153495449,8097.1340448488,381.5479755937,114.6712991666,0.4444444444,91.1220474362,5.3948926926,True,,False
S0047_R01,n75_p0.25_d3_uniform_Emedium_V1.25_Hlong_PWmoderate_B0.10,4702027,75,2,2,10,0.1333333333,8003.6778636990,7734.9401807110,378.3903078022,114.6712991666,0.4444444444,89.5144289750,6.6630055904,True,,False
S0047_R01,n75_p0.25_d3_uniform_Emedium_V1.25_Hlong_PWmoderate_B0.10,4702027,75,3,3,13,0.1733333333,7468.7142275650,7195.0061926115,345.5748823739,98.2635864524,0.4444444444,85.8682705941,17.8334646225,True,,True
S0047_R02,n75_p0.25_d3_uniform_Emedium_V1.25_Hlong_PWmoderate_B0.10,4702028,75,0,0,0,0.0000000000,36269.7706105870,35778.6276483525,1092.6923146253,232.3787124774,0.2000000000,165.2461943601,0.0737946033,True,,False
S0047_R02,n75_p0.25_d3_uniform_Emedium_V1.25_Hlong_PWmoderate_B0.10,4702028,75,1,1,7,0.0933333333,4898.2750603479,4633.1623246682,176.5724651758,48.9056195956,0.5000000000,62.2984117511,4.6053264141,True,,False
S0047_R02,n75_p0.25_d3_uniform_Emedium_V1.25_Hlong_PWmoderate_B0.10,4702028,75,2,2,11,0.1466666667,4719.3655889693,4447.2158871964,174.9888677353,47.4803818991,0.5000000000,62.1400520071,6.7920444012,True,,False
S0047_R02,n75_p0.25_d3_uniform_Emedium_V1.25_Hlong_PWmoderate_B0.10,4702028,75,3,2,11,0.1466666667,4577.1790230986,4306.9015309495,170.3117225270,43.2709512117,0.5000000000,61.6723374863,15.0716812611,True,,True
S0047_R03,n75_p0.25_d3_uniform_Emedium_V1.25_Hlong_PWmoderate_B0.10,4702029,75,0,0,0,,,,,,,,0.0696933270,False,,False
S0047_R03,n75_p0.25_d3_uniform_Emedium_V1.25_Hlong_PWmoderate_B0.10,4702029,75,1,1,4,0.0533333333,15958.5599782258,15708.4108966244,433.9472671006,64.6933782628,0.3333333333,82.2596771033,13.3240659237,True,,False
S0047_R03,n75_p0.25_d3_uniform_Emedium_V1.25_Hlong_PWmoderate_B0.10,4702029,75,2,2,11,0.1466666667,25103.6539898367,24823.4349382429,1062.1938271151,226.2263706420,0.2500000000,142.9041076875,19.1682326794,True,,False
S0047_R03,n75_p0.25_d3_uniform_Emedium_V1.25_Hlong_PWmoderate_B0.10,4702029,75,3,3,12,0.1600000000,19593.9496583808,19315.9851209811,720.4652780451,175.5333577752,0.4166666667,101.2415063032,24.5905494690,True,,True
S0047_R04,n75_p0.25_d3_uniform_Emedium_V1.25_Hlong_PWmoderate_B0.10,4702030,75,0,0,0,0.0000000000,51410.6403273172,50953.9368423051,2045.0391983340,276.5964171430,0.1538461538,212.7197598415,0.0533514023,True,,False
S0047_R04,n75_p0.25_d3_uniform_Emedium_V1.25_Hlong_PWmoderate_B0.10,4702030,75,1,1,4,0.0533333333,14546.1498100420,14276.5916922269,603.9194797677,114.5002184296,0.3846153846,97.0971543039,3.5481331348,True,,False
S0047_R04,n75_p0.25_d3_uniform_Emedium_V1.25_Hlong_PWmoderate_B0.10,4702030,75,2,2,5,0.0666666667,13389.2819822198,13120.1034591274,565.1683495057,109.9077305789,0.3846153846,93.9614674415,4.7070641518,True,,False
S0047_R04,n75_p0.25_d3_uniform_Emedium_V1.25_Hlong_PWmoderate_B0.10,4702030,75,3,3,10,0.1333333333,13066.3910017414,12787.3110840621,552.8623216189,108.3641062843,0.3846153846,93.4726210130,9.7891833782,True,,True
S0047_R05,n75_p0.25_d3_uniform_Emedium_V1.25_Hlong_PWmoderate_B0.10,4702031,75,0,0,0,,,,,,,,0.0609807968,False,,False
S0047_R05,n75_p0.25_d3_uniform_Emedium_V1.25_Hlong_PWmoderate_B0.10,4702031,75,1,1,2,0.0266666667,28599.2993152070,28299.8713012421,1152.3346242958,174.6139062541,0.3333333333,116.2720230047,11.3539471626,True,,False
S0047_R05,n75_p0.25_d3_uniform_Emedium_V1.25_Hlong_PWmoderate_B0.10,4702031,75,2,2,5,0.0666666667,27441.8414534822,27141.2989700755,1033.6111570598,150.0488131389,0.5000000000,103.9013975615,12.4157624245,True,,False
S0047_R05,n75_p0.25_d3_uniform_Emedium_V1.25_Hlong_PWmoderate_B0.10,4702031,75,3,3,9,0.1200000000,22564.6712482336,22287.6705812334,906.2897994135,134.7066095556,0.4444444444,96.2543867378,18.6933083534,True,,True
S0047_R06,n75_p0.25_d3_uniform_Emedium_V1.25_Hlong_PWmoderate_B0.10,4702032,75,0,0,0,,,,,,,,0.0702862740,False,,False
S0047_R06,n75_p0.25_d3_uniform_Emedium_V1.25_Hlong_PWmoderate_B0.10,4702032,75,1,1,5,0.0666666667,38477.8949700649,38196.2285905135,1698.2308110851,211.2186327695,0.3636363636,129.6632641663,15.3491346836,True,,False
S0047_R06,n75_p0.25_d3_uniform_Emedium_V1.25_Hlong_PWmoderate_B0.10,4702032,75,2,2,8,0.1066666667,39599.6649884724,39308.3838819387,1834.8029205010,205.2284735881,0.3636363636,134.7382597019,16.8958454132,True,,False
S0047_R06,n75_p0.25_d3_uniform_Emedium_V1.25_Hlong_PWmoderate_B0.10,4702032,75,3,3,10,0.1333333333,28140.0796396579,27854.4990294365,1186.8788116247,192.4828994102,0.4545454545,103.5383010293,31.7478148937,True,,True
S0047_R07,n75_p0.25_d3_uniform_Emedium_V1.25_Hlong_PWmoderate_B0.10,4702033,75,0,0,0,,,,,,,,0.0760216713,False,,False
S0047_R07,n75_p0.25_d3_uniform_Emedium_V1.25_Hlong_PWmoderate_B0.10,4702033,75,1,1,2,0.0266666667,21921.2864127040,21641.1476090444,750.9207002347,182.2823653754,0.5384615385,105.2651819913,10.6522455215,True,,False
S0047_R07,n75_p0.25_d3_uniform_Emedium_V1.25_Hlong_PWmoderate_B0.10,4702033,75,2,2,8,0.1066666667,23654.5560342287,23394.9299179256,1015.3572360832,205.2311235528,0.3846153846,127.1139888443,17.1033859253,True,,False
S0047_R07,n75_p0.25_d3_uniform_Emedium_V1.25_Hlong_PWmoderate_B0.10,4702033,75,3,3,9,0.1200000000,27954.2538114721,27763.6428477779,1143.7123817052,236.6863782111,0.4615384615,133.8236168518,51.3333313465,True,,True
S0047_R08,n75_p0.25_d3_uniform_Emedium_V1.25_Hlong_PWmoderate_B0.10,4702034,75,0,0,0,0.0000000000,56842.2696934683,56378.5881642786,2307.0565550688,283.1423693589,0.1250000000,202.1138958242,0.0505352020,True,,False
S0047_R08,n75_p0.25_d3_uniform_Emedium_V1.25_Hlong_PWmoderate_B0.10,4702034,75,1,1,2,0.0266666667,17699.6917517777,17397.3528495589,765.4337980629,116.3274779610,0.3125000000,101.6206040528,1.7184953690,True,,False
S0047_R08,n75_p0.25_d3_uniform_Emedium_V1.25_Hlong_PWmoderate_B0.10,4702034,75,2,2,6,0.0800000000,13993.8748099986,13688.2189126604,602.7324449859,94.7397677810,0.3125000000,91.4517694855,5.3054149151,True,,False
S0047_R08,n75_p0.25_d3_uniform_Emedium_V1.25_Hlong_PWmoderate_B0.10,4702034,75,3,3,8,0.1066666667,15388.5598352545,15083.6407076010,681.1471397594,90.4384446760,0.3750000000,93.4666288245,11.6504631042,True,,True
S0047_R09,n75_p0.25_d3_uniform_Emedium_V1.25_Hlong_PWmoderate_B0.10,4702035,75,0,0,0,0.0000000000,60973.2658567197,60476.7373685234,2536.5010625961,293.8617595454,0.0000000000,241.1548259989,0.0675804615,True,,False
S0047_R09,n75_p0.25_d3_uniform_Emedium_V1.25_Hlong_PWmoderate_B0.10,4702035,75,1,1,3,0.0400000000,13873.9361947667,13598.2174579799,564.8253833327,87.2227111831,0.2857142857,87.9069588352,3.2687509060,True,,False
S0047_R09,n75_p0.25_d3_uniform_Emedium_V1.25_Hlong_PWmoderate_B0.10,4702035,75,2,2,9,0.1200000000,12408.9696080874,12129.9819307315,515.1667674160,80.3775826974,0.3571428571,84.2877184398,6.3025119305,True,,False
S0047_R09,n75_p0.25_d3_uniform_Emedium_V1.25_Hlong_PWmoderate_B0.10,4702035,75,3,3,15,0.2000000000,11580.2129927467,11292.7824880791,484.7510541686,80.3775826974,0.3571428571,81.7319649318,24.2537729740,True,,True
S0047_R10,n75_p0.25_d3_uniform_Emedium_V1.25_Hlong_PWmoderate_B0.10,4702036,75,0,0,0,0.0000000000,73097.6775613482,72622.2020892337,3112.8374401077,381.6009923438,0.0000000000,254.5164139724,0.0628168583,True,,False
S0047_R10,n75_p0.25_d3_uniform_Emedium_V1.25_Hlong_PWmoderate_B0.10,4702036,75,1,1,4,0.0533333333,14234.3537024794,13976.0298872090,666.7924104658,118.2071244298,0.4375000000,85.6892820080,3.6710820198,True,,False
S0047_R10,n75_p0.25_d3_uniform_Emedium_V1.25_Hlong_PWmoderate_B0.10,4702036,75,2,2,8,0.1066666667,12984.9313378541,12720.1844185828,619.6530878573,112.1441800078,0.4375000000,82.8269930912,6.1542508602,True,,False
S0047_R10,n75_p0.25_d3_uniform_Emedium_V1.25_Hlong_PWmoderate_B0.10,4702036,75,3,3,8,0.1066666667,12429.6621108586,12158.5650332751,586.9847130429,106.2733416859,0.5000000000,80.9202831104,20.7568941116,True,,True
S0048_R01,n75_p0.25_d3_uniform_Ehigh_V2.00_Hmedium_PWflat_B0.10,4802027,75,0,0,0,,,,,,,,0.0665771961,False,,False
S0048_R01,n75_p0.25_d3_uniform_Ehigh_V2.00_Hmedium_PWflat_B0.10,4802027,75,1,1,11,0.1466666667,2936.3923840452,2716.3435781813,1571.3902297739,224.9443558593,0.2777777778,139.5260711283,16.9674165249,True,,False
S0048_R01,n75_p0.25_d3_uniform_Ehigh_V2.00_Hmedium_PWflat_B0.10,4802027,75,2,2,18,0.2400000000,2489.2868927340,2249.8625733002,1415.6443652281,207.4981057809,0.3333333333,129.0563275131,22.2047309875,True,,False
S0048_R01,n75_p0.25_d3_uniform_Ehigh_V2.00_Hmedium_PWflat_B0.10,4802027,75,3,2,18,0.2400000000,2756.6431011539,2532.8573059280,1653.2955271701,201.9867496942,0.3888888889,141.5295325880,39.8004980087,True,,True
S0048_R02,n75_p0.25_d3_uniform_Ehigh_V2.00_Hmedium_PWflat_B0.10,4802028,75,0,0,0,0.0000000000,6440.3374580318,5964.0358804909,4012.5163201914,319.3369518656,0.1250000000,223.5716587227,0.0486607552,True,,False
S0048_R02,n75_p0.25_d3_uniform_Ehigh_V2.00_Hmedium_PWflat_B0.10,4802028,75,1,1,12,0.1600000000,825.0186644911,585.1591110308,484.2444216976,66.7260427196,0.5416666667,62.3676475248,7.0005273819,True,,False
S0048_R02,n75_p0.25_d3_uniform_Ehigh_V2.00_Hmedium_PWflat_B0.10,4802028,75,2,2,18,0.2400000000,756.4340744521,504.5586068069,428.9425676953,59.7881744097,0.5833333333,59.9592141470,9.4299261570,True,,False
S0048_R02,n75_p0.25_d3_uniform_Ehigh_V2.00_Hmedium_PWflat_B0.10,4802028,75,3,2,18,0.2400000000,756.4340744521,504.5586068069,428.9425676953,59.7881744097,0.5833333333,59.9592141470,12.4762651920,True,,True
S0048_R03,n75_p0.25_d3_uniform_Ehigh_V2.00_Hmedium_PWflat_B0.10,4802029,75,0,0,0,0.0000000000,4393.4230623913,3895.3515483980,1834.2012828654,208.8777283958,0.2500000000,146.0783941859,0.0475044250,True,,False
S0048_R03,n75_p0.25_d3_uniform_Ehigh_V2.00_Hmedium_PWflat_B0.10,4802029,75,1,1,16,0.2133333333,897.6319250069,646.7528843848,553.3009712910,70.2627680299,0.3500000000,77.7681438002,8.2083203793,True,,False
S0048_R03,n75_p0.25_d3_uniform_Ehigh_V2.00_Hmedium_PWflat_B0.10,4802029,75,2,1,15,0.2000000000,1080.3795442548,807.1853765079,732.4227551396,87.6478248780,0.3000000000,89.3666093219,2.9921202660,True,,False
S0048_R03,n75_p0.25_d3_uniform_Ehigh_V2.00_Hmedium_PWflat_B0.10,4802029,75,3,1,15,0.2000000000,1080.3795442548,807.1853765079,732.4227551396,87.6478248780,0.3000000000,89.3666093219,4.8674387932,True,,True
S0048_R04,n75_p0.25_d3_uniform_Ehigh_V2.00_Hmedium_PWflat_B0.10,4802030,75,0,0,0,0.0000000000,5563.4375152017,5065.6386472454,1901.7763669150,213.1383653078,0.1250000000,174.5838260831,0.0497615337,True,,False
S0048_R04,n75_p0.25_d3_uniform_Ehigh_V2.00_Hmedium_PWflat_B0.10,4802030,75,1,1,16,0.2133333333,413.3294946420,167.3078297647,99.2342211783,22.0899996652,0.6875000000,50.3466240947,8.1479237080,True,,False
S0048_R04,n75_p0.25_d3_uniform_Ehigh_V2.00_Hmedium_PWflat_B0.10,4802030,75,2,1,16,0.2133333333,432.5177525865,184.3376433646,99.2342211783,22.0899996652,0.6875000000,50.3466240947,8.6208121777,True,,False
S0048_R04,n75_p0.25_d3_uniform_Ehigh_V2.00_Hmedium_PWflat_B0.10,4802030,75,3,1,16,0.2133333333,432.5177525865,184.3376433646,99.2342211783,22.0899996652,0.6875000000,50.3466240947,14.7567694187,True,,True
S0048_R05,n75_p0.25_d3_uniform_Ehigh_V2.00_Hmedium_PWflat_B0.10,4802031,75,0,0,0,,,,,,,,0.0744190216,False,,False
S0048_R05,n75_p0.25_d3_uniform_Ehigh_V2.00_Hmedium_PWflat_B0.10,4802031,75,1,1,11,0.1466666667,2369.9968559268,2156.0158180487,941.8186780767,149.4488630196,0.3846153846,120.7225934848,14.8976595402,True,,False
S0048_R05,n75_p0.25_d3_uniform_Ehigh_V2.00_Hmedium_PWflat_B0.10,4802031,75,2,2,18,0.2400000000,2178.8909264986,1913.7514803022,905.7527473311,143.8586756946,0.3846153846,117.3487065326,19.0772333145,True,,False
S0048_R05,n75_p0.25_d3_uniform_Ehigh_V2.00_Hmedium_PWflat_B0.10,4802031,75,3,2,18,0.2400000000,2224.1363104147,1994.0136615176,916.0449485067,145.5992255765,0.3846153846,118.1404143153,42.1034746170,True,,True
S0048_R06,n75_p0.25_d3_uniform_Ehigh_V2.00_Hmedium_PWflat_B0.10,4802032,75,0,0,0,0.0000000000,6005.2911143626,5501.6901492391,3034.3672671982,243.6812661761,0.0500000000,211.4902632590,0.0542027950,True,,False
S0048_R06,n75_p0.25_d3_uniform_Ehigh_V2.00_Hmedium_PWflat_B0.10,4802032,75,1,1,15,0.2000000000,996.2153641388,719.9462473804,489.3538231079,89.8042279397,0.6500000000,66.1068097707,7.0307400227,True,,False
S0048_R06,n75_p0.25_d3_uniform_Ehigh_V2.00_Hmedium_PWflat_B0.10,4802032,75,2,2,18,0.2400000000,1120.5290110163,828.1824392754,593.5115431876,92.5415633532,0.6000000000,69.4881726017,2.7005217075,True,,False
S0048_R06,n75_p0.25_d3_uniform_Ehigh_V2.00_Hmedium_PWflat_B0.10,4802032,75,3,2,18,0.2400000000,1120.5290110163,828.1824392754,593.5115431876,92.5415633532,0.6000000000,69.4881726017,3.8155651093,True,,True
S0048_R07,n75_p0.25_d3_uniform_Ehigh_V2.00_Hmedium_PWflat_B0.10,4802033,75,0,0,0,0.0000000000,6170.1412130757,5632.1632818664,2808.8630983269,255.1909755627,0.1052631579,205.7630799228,0.0584371090,True,,False
S0048_R07,n75_p0.25_d3_uniform_Ehigh_V2.00_Hmedium_PWflat_B0.10,4802033,75,1,1,15,0.2000000000,1562.8667914731,1238.0229462977,803.0341840756,89.5711264345,0.3684210526,93.3357389843,7.6703443527,True,,False
S0048_R07,n75_p0.25_d3_uniform_Ehigh_V2.00_Hmedium_PWflat_B0.10,4802033,75,2,2,16,0.2133333333,1584.3142126171,1249.3245938730,863.8282507932,105.9263393396,0.3684210526,95.1942797447,8.0177729130,True,,False
S0048_R07,n75_p0.25_d3_uniform_Ehigh_V2.00_Hmedium_PWflat_B0.10,4802033,75,3,2,16,0.2133333333,1584.3142126171,1249.3245938730,863.8282507932,105.9263393396,0.3684210526,95.1942797447,17.8699741364,True,,True
S0048_R08,n75_p0.25_d3_uniform_Ehigh_V2.00_Hmedium_PWflat_B0.10,4802034,75,0,0,0,,,,,,,,0.0532839298,False,,False
S0048_R08,n75_p0.25_d3_uniform_Ehigh_V2.00_Hmedium_PWflat_B0.10,4802034,75,1,1,17,0.2266666667,2506.1625970745,2278.4861773577,1298.1150704300,215.3038966274,0.5000000000,130.4752778904,18.7474238873,True,,False
S0048_R08,n75_p0.25_d3_uniform_Ehigh_V2.00_Hmedium_PWflat_B0.10,4802034,75,2,2,18,0.2400000000,2495.4416662832,2254.4221514421,1290.0937284581,214.3012288809,0.5000000000,127.3723947736,20.2659564018,True,,False
S0048_R08,n75_p0.25_d3_uniform_Ehigh_V2.00_Hmedium_PWflat_B0.10,4802034,75,3,2,18,0.2400000000,2579.5788949047,2338.0932320722,1070.5898146342,222.5937037270,0.4375000000,114.2195224382,40.2767012119,True,,True
S0048_R09,n75_p0.25_d3_uniform_Ehigh_V2.00_Hmedium_PWflat_B0.10,4802035,75,0,0,0,0.0000000000,5027.5832980493,4525.7730692251,1810.6256664785,262.2778472270,0.1428571429,185.0355513639,0.0476031303,True,,False
S0048_R09,n75_p0.25_d3_uniform_Ehigh_V2.00_Hmedium_PWflat_B0.10,4802035,75,1,1,14,0.1866666667,833.8515653045,548.7929724832,382.8529796979,84.1643671152,0.5714285714,69.6190754242,7.1670641899,True,,False
S0048_R09,n75_p0.25_d3_uniform_Ehigh_V2.00_Hmedium_PWflat_B0.10,4802035,75,2,1,15,0.2000000000,851.7832676091,559.2500157292,393.3100229439,86.1613643997,0.5714285714,70.7863031001,2.5506074429,True,,False
S0048_R09,n75_p0.25_d3_uniform_Ehigh_V2.00_Hmedium_PWflat_B0.10,4802035,75,3,1,15,0.2000000000,851.7832676091,559.2500157292,393.3100229439,86.1613643997,0.5714285714,70.7863031001,4.4018898010,True,,True
S0048_R10,n75_p0.25_d3_uniform_Ehigh_V2.00_Hmedium_PWflat_B0.10,4802036,75,0,0,0,,,,,,,,0.0558831692,False,,False
S0048_R10,n75_p0.25_d3_uniform_Ehigh_V2.00_Hmedium_PWflat_B0.10,4802036,75,1,1,7,0.0933333333,2064.6487968583,1801.7685265152,797.6633001349,122.6834079918,0.4761904762,81.2704580678,16.7978324890,True,,False
S0048_R10,n75_p0.25_d3_uniform_Ehigh_V2.00_Hmedium_PWflat_B0.10,4802036,75,2,2,18,0.2400000000,2274.6360825693,2064.4303725995,927.3141271002,145.1002284103,0.5238095238,87.1019137233,19.6071274281,True,,False
S0048_R10,n75_p0.25_d3_uniform_Ehigh_V2.00_Hmedium_PWflat_B0.10,4802036,75,3,2,18,0.2400000000,2274.6360825693,2064.4303725995,927.3141271002,145.1002284103,0.5238095238,87.1019137233,26.1776945591,True,,True
S0049_R01,n75_p0.25_d3_uniform_Ehigh_V2.00_Hmedium_PWstrict_B0.10,4902027,75,0,0,0,,,,,,,,0.0659906864,False,,False
S0049_R01,n75_p0.25_d3_uniform_Ehigh_V2.00_Hmedium_PWstrict_B0.10,4902027,75,1,1,10,0.1333333333,428561.3115854647,428389.2370200763,1787.8805662468,230.0015312772,0.3888888889,149.2265864668,16.0621502399,True,,False
S0049_R01,n75_p0.25_d3_uniform_Ehigh_V2.00_Hmedium_PWstrict_B0.10,4902027,75,2,2,17,0.2266666667,313724.8724904799,313503.4945376393,1332.6140275395,221.9940929374,0.3888888889,123.9091823285,21.7623538971,True,,False
S0049_R01,n75_p0.25_d3_uniform_Ehigh_V2.00_Hmedium_PWstrict_B0.10,4902027,75,3,2,17,0.2266666667,329125.7384618147,328901.4986765715,1339.4363404661,186.2622614783,0.3888888889,119.9467966131,22.9159245491,True,,True
S0049_R02,n75_p0.25_d3_uniform_Ehigh_V2.00_Hmedium_PWstrict_B0.10,4902028,75,0,0,0,0.0000000000,605252.1233730068,604765.0418173738,2809.2237524587,325.7983154040,0.2173913043,174.5239030320,0.0669016838,True,,False
S0049_R02,n75_p0.25_d3_uniform_Ehigh_V2.00_Hmedium_PWstrict_B0.10,4902028,75,1,1,15,0.2000000000,59328.7191778404,59083.9544044856,276.4453206940,36.5361415800,0.7826086957,49.7011123243,8.6465828419,True,,False
S0049_R02,n75_p0.25_d3_uniform_Ehigh_V2.00_Hmedium_PWstrict_B0.10,4902028,75,2,2,17,0.2266666667,55822.6173332408,55569.6970373665,263.6458093368,36.5361415800,0.7826086957,49.1446118305,3.8384010792,True,,False
S0049_R02,n75_p0.25_d3_uniform_Ehigh_V2.00_Hmedium_PWstrict_B0.10,4902028,75,3,2,17,0.2266666667,55822.6173332408,55569.6970373665,263.6458093368,36.5361415800,0.7826086957,49.1446118305,7.1370217800,True,,True
S0049_R03,n75_p0.25_d3_uniform_Ehigh_V2.00_Hmedium_PWstrict_B0.10,4902029,75,0,0,0,,,,,,,,0.0552601814,False,,False
S0049_R03,n75_p0.25_d3_uniform_Ehigh_V2.00_Hmedium_PWstrict_B0.10,4902029,75,1,1,16,0.2133333333,251969.3554794554,251777.1252880250,1039.5094128280,202.4807405304,0.6315789474,96.2789050520,17.9026322365,True,,False
S0049_R03,n75_p0.25_d3_uniform_Ehigh_V2.00_Hmedium_PWstrict_B0.10,4902029,75,2,2,18,0.2400000000,251378.7769097585,251183.8556845549,1037.2972440474,201.2927037172,0.6315789474,97.0983742021,18.9729161263,True,,False
S0049_R03,n75_p0.25_d3_uniform_Ehigh_V2.00_Hmedium_PWstrict_B0.10,4902029,75,3,2,18,0.2400000000,271548.3752091392,271348.2858707514,1117.0302523379,211.9033423941,0.5789473684,101.7190893132,66.1111543179,True,,True
S0049_R04,n75_p0.25_d3_uniform_Ehigh_V2.00_Hmedium_PWstrict_B0.10,4902030,75,0,0,0,0.0000000000,399235.5358310225,398746.2204527459,1574.0791965701,267.8430815413,0.1250000000,254.3381915021,0.0499281883,True,,False
S0049_R04,n75_p0.25_d3_uniform_Ehigh_V2.00_Hmedium_PWstrict_B0.10,4902030,75,1,1,10,0.1333333333,74064.2271849087,73781.5109072497,269.6951094503,54.9416938549,0.2500000000,92.6505604657,5.1047062874,True,,False
S0049_R04,n75_p0.25_d3_uniform_Ehigh_V2.00_Hmedium_PWstrict_B0.10,4902030,75,2,2,19,0.2533333333,65024.0968365807,64742.4163075246,261.7260111568,53.6024432762,0.2500000000,89.3039624859,8.8650145531,True,,False
S0049_R04,n75_p0.25_d3_uniform_Ehigh_V2.00_Hmedium_PWstrict_B0.10,4902030,75,3,3,18,0.2400000000,67038.5424562794,66734.0491620165,261.7260111568,53.6024432762,0.2500000000,91.3959728414,46.4701387882,True,,True
S0049_R05,n75_p0.25_d3_uniform_Ehigh_V2.00_Hmedium_PWstrict_B0.10,4902031,75,0,0,0,0.0000000000,383221.7971009350,382696.0164841257,1518.1738682413,212.1216662333,0.0000000000,186.5392816136,0.0493619442,True,,False
S0049_R05,n75_p0.25_d3_uniform_Ehigh_V2.00_Hmedium_PWstrict_B0.10,4902031,75,1,1,16,0.2133333333,96007.3101862726,95728.8108891404,459.2925719011,103.5075123897,0.4166666667,93.6022000867,6.6504809856,True,,False
S0049_R05,n75_p0.25_d3_uniform_Ehigh_V2.00_Hmedium_PWstrict_B0.10,4902031,75,2,2,18,0.2400000000,93887.1616168203,93601.8976427278,435.3087132914,95.9449596296,0.4166666667,90.3959393843,8.7258777618,True,,False
S0049_R05,n75_p0.25_d3_uniform_Ehigh_V2.00_Hmedium_PWstrict_B0.10,4902031,75,3,3,18,0.2400000000,93899.2077239410,93601.8976427278,435.3087132914,95.9449596296,0.4166666667,90.3959393843,43.4696266651,True,,True
S0049_R06,n75_p0.25_d3_uniform_Ehigh_V2.00_Hmedium_PWstrict_B0.10,4902032,75,0,0,0,,,,,,,,0.0589103699,False,,False
S0049_R06,n75_p0.25_d3_uniform_Ehigh_V2.00_Hmedium_PWstrict_B0.10,4902032,75,1,1,12,0.1600000000,287084.0457300530,286825.0902414037,1310.9268020270,216.0185700394,0.4000000000,111.9361094584,17.4749166965,True,,False
S0049_R06,n75_p0.25_d3_uniform_Ehigh_V2.00_Hmedium_PWstrict_B0.10,4902032,75,2,2,18,0.2400000000,331016.5589053232,330771.8080066309,1530.4174576253,219.0874602848,0.5000000000,120.4724372815,20.9654242992,True,,False
S0049_R06,n75_p0.25_d3_uniform_Ehigh_V2.00_Hmedium_PWstrict_B0.10,4902032,75,3,3,18,0.2400000000,245446.8420763985,245188.1644552907,1038.5400793165,188.0637839367,0.5500000000,97.3455219109,25.7564466000,True,,True
S0049_R07,n75_p0.25_d3_uniform_Ehigh_V2.00_Hmedium_PWstrict_B0.10,4902033,75,0,0,0,,,,,,,,0.0533206463,False,,False
S0049_R07,n75_p0.25_d3_uniform_Ehigh_V2.00_Hmedium_PWstrict_B0.10,4902033,75,1,1,12,0.1600000000,250654.5666791758,250454.8680068559,1020.3789668725,176.6150513606,0.4166666667,128.7401089843,13.8846147060,True,,False
S0049_R07,n75_p0.25_d3_uniform_Ehigh_V2.00_Hmedium_PWstrict_B0.10,4902033,75,2,2,18,0.2400000000,231985.9241699839,231763.6699489682,923.7024575066,176.0327079554,0.4166666667,119.2808669386,18.1112465858,True,,False
S0049_R07,n75_p0.25_d3_uniform_Ehigh_V2.00_Hmedium_PWstrict_B0.10,4902033,75,3,2,16,0.2133333333,236238.0681384454,235999.4233050149,1027.4920065607,188.7928557395,0.3333333333,136.6862031139,30.8120281696,True,,True
S0049_R08,n75_p0.25_d3_uniform_Ehigh_V2.00_Hmedium_PWstrict_B0.10,4902034,75,0,0,0,0.0000000000,693875.1158287054,693363.6177761446,3120.8050015762,279.9710921731,0.0526315789,221.8304782096,0.0387814045,True,,False
S0049_R08,n75_p0.25_d3_uniform_Ehigh_V2.00_Hmedium_PWstrict_B0.10,4902034,75,1,1,12,0.1600000000,84833.3012833923,84558.0076926255,404.0650419182,74.4029955915,0.6842105263,64.6084376172,6.0517511368,True,,False
S0049_R08,n75_p0.25_d3_uniform_Ehigh_V2.00_Hmedium_PWstrict_B0.10,4902034,75,2,2,13,0.1733333333,83167.5537684544,82880.2147497535,396.2044812837,72.8868508365,0.6842105263,64.3358715800,6.9607152939,True,,False
S0049_R08,n75_p0.25_d3_uniform_Ehigh_V2.00_Hmedium_PWstrict_B0.10,4902034,75,3,2,13,0.1733333333,83167.5537684544,82880.2147497535,396.2044812837,72.8868508365,0.6842105263,64.3358715800,11.0791430473,True,,True
S0049_R09,n75_p0.25_d3_uniform_Ehigh_V2.00_Hmedium_PWstrict_B0.10,4902035,75,0,0,0,0.0000000000,492750.8118779429,492255.0974991558,2064.4563816171,253.6085221233,0.1333333333,195.5335976213,0.0579812527,True,,False
S0049_R09,n75_p0.25_d3_uniform_Ehigh_V2.00_Hmedium_PWstrict_B0.10,4902035,75,1,1,8,0.1066666667,48945.3962822296,48673.7795874364,202.3383800471,36.1435669282,0.4666666667,59.9314039101,5.6372416019,True,,False
S0049_R09,n75_p0.25_d3_uniform_Ehigh_V2.00_Hmedium_PWstrict_B0.10,4902035,75,2,2,18,0.2400000000,43880.9948262879,43598.4172825724,186.3178199868,32.3275564506,0.5333333333,58.7293643568,2.6920998096,True,,False
S0049_R09,n75_p0.25_d3_uniform_Ehigh_V2.00_Hmedium_PWstrict_B0.10,4902035,75,3,2,18,0.2400000000,43880.9948262879,43598.4172825724,186.3178199868,32.3275564506,0.5333333333,58.7293643568,14.3530011177,True,,True
S0049_R10,n75_p0.25_d3_uniform_Ehigh_V2.00_Hmedium_PWstrict_B0.10,4902036,75,0,0,0,0.0000000000,570030.2855328427,569491.3055233508,2372.2397828057,277.8949721226,0.1176470588,196.8156637364,0.0488960743,True,,False
S0049_R10,n75_p0.25_d3_uniform_Ehigh_V2.00_Hmedium_PWstrict_B0.10,4902036,75,1,1,13,0.1733333333,148748.6308846898,148457.4831943294,700.3985480122,94.3771143783,0.3529411765,97.3969644701,6.7968802452,True,,False
S0049_R10,n75_p0.25_d3_uniform_Ehigh_V2.00_Hmedium_PWstrict_B0.10,4902036,75,2,2,19,0.2533333333,142536.3410443260,142241.6828001376,689.5576700011,91.6703645067,0.3529411765,92.4051456328,8.7050361633,True,,False
S0049_R10,n75_p0.25_d3_uniform_Ehigh_V2.00_Hmedium_PWstrict_B0.10,4902036,75,3,2,19,0.2533333333,142536.3410443260,142241.6828001376,689.5576700011,91.6703645067,0.3529411765,92.4051456328,23.6970376968,True,,True
S0050_R01,n75_p0.75_d3_uniform_Elow_V1.25_Hlong_PWbase_B0.10,5002027,75,0,0,0,0.0000000000,180609.7655804181,180143.7419736830,1520.9699572957,231.2359102849,0.2000000000,157.3996767019,0.0446376801,True,,False
S0050_R01,n75_p0.75_d3_uniform_Elow_V1.25_Hlong_PWbase_B0.10,5002027,75,1,1,7,0.0933333333,34529.4567595337,34267.4169742953,306.1870261285,56.4112341108,0.5333333333,69.1719619835,5.0255305767,True,,False
S0050_R01,n75_p0.75_d3_uniform_Elow_V1.25_Hlong_PWbase_B0.10,5002027,75,2,2,11,0.1466666667,20678.4814122758,20434.3343087960,191.0730781655,34.4840886957,0.6000000000,55.3235025887,6.6210126877,True,,False
S0050_R01,n75_p0.75_d3_uniform_Elow_V1.25_Hlong_PWbase_B0.10,5002027,75,3,3,15,0.2000000000,18354.8206675588,18105.3186844226,168.9470594941,30.7450341228,0.6000000000,53.7198487056,51.0379881859,True,,True
S0050_R02,n75_p0.75_d3_uniform_Elow_V1.25_Hlong_PWbase_B0.10,5002028,75,0,0,0,,,,,,,,0.0699963570,False,,False
S0050_R02,n75_p0.75_d3_uniform_Elow_V1.25_Hlong_PWbase_B0.10,5002028,75,1,1,8,0.1066666667,124208.8553702763,123954.3825657053,942.4974515450,187.9415500013,0.3750000000,105.8397814494,16.7157127857,True,,False
S0050_R02,n75_p0.75_d3_uniform_Elow_V1.25_Hlong_PWbase_B0.10,5002028,75,2,2,12,0.1600000000,106058.0736956670,105843.2837985091,747.0771296387,168.1161894998,0.5000000000,92.6823536595,17.9954679012,True,,False
S0050_R02,n75_p0.75_d3_uniform_Elow_V1.25_Hlong_PWbase_B0.10,5002028,75,3,3,8,0.1066666667,106616.9933964893,106425.6308465797,912.7266272457,178.3341030392,0.5000000000,95.7522359225,66.1364409924,True,,True
S0050_R03,n75_p0.75_d3_uniform_Elow_V1.25_Hlong_PWbase_B0.10,5002029,75,0,0,0,0.0000000000,193109.4032619338,192638.4444643531,1654.5609981035,224.8702994773,0.0000000000,210.4315111168,0.0562052727,True,,False
S0050_R03,n75_p0.75_d3_uniform_Elow_V1.25_Hlong_PWbase_B0.10,5002029,75,1,1,4,0.0533333333,13450.1642120430,13227.2499106755,99.6740512159,20.4245830747,0.7272727273,48.0995122810,2.5375292301,True,,False
S0050_R03,n75_p0.75_d3_uniform_Elow_V1.25_Hlong_PWbase_B0.10,5002029,75,2,2,8,0.1066666667,11010.7862714817,10783.1039692295,79.2494681412,9.1016277392,0.8181818182,42.4867696328,4.8867566586,True,,False
S0050_R03,n75_p0.75_d3_uniform_Elow_V1.25_Hlong_PWbase_B0.10,5002029,75,3,3,13,0.1733333333,10794.0587043300,10573.9885886889,79.2494681412,9.1016277392,0.8181818182,44.0824492882,13.9630706310,True,,True
S0050_R04,n75_p0.75_d3_uniform_Elow_V1.25_Hlong_PWbase_B0.10,5002030,75,0,0,0,0.0000000000,222350.3923520175,221865.3885053374,2002.0247338231,258.1955746464,0.1428571429,201.5910529224,0.0492935181,True,,False
S0050_R04,n75_p0.75_d3_uniform_Elow_V1.25_Hlong_PWbase_B0.10,5002030,75,1,1,6,0.0800000000,58592.3880615734,58330.5403846764,523.0270664264,110.9882969080,0.5000000000,77.1371602997,3.4890141487,True,,False
S0050_R04,n75_p0.75_d3_uniform_Elow_V1.25_Hlong_PWbase_B0.10,5002030,75,2,2,12,0.1600000000,54748.2128930137,54478.4404292886,492.2224260861,102.3511027649,0.5000000000,74.0478523801,6.7911794186,True,,False
S0050_R04,n75_p0.75_d3_uniform_Elow_V1.25_Hlong_PWbase_B0.10,5002030,75,3,3,16,0.2133333333,50422.6832902408,50147.3503893160,453.9635340704,99.6797457362,0.5000000000,70.7805942726,44.0030326843,True,,True
S0050_R05,n75_p0.75_d3_uniform_Elow_V1.25_Hlong_PWbase_B0.10,5002031,75,0,0,0,,,,,,,,0.0612995625,False,,False
S0050_R05,n75_p0.75_d3_uniform_Elow_V1.25_Hlong_PWbase_B0.10,5002031,75,1,1,6,0.0800000000,88183.8786376634,87939.3825025053,569.1035603885,135.6259505589,0.5454545455,90.3355253319,13.4332337379,True,,False
S0050_R05,n75_p0.75_d3_uniform_Elow_V1.25_Hlong_PWbase_B0.10,5002031,75,2,2,7,0.0933333333,89750.4583333979,89481.6001063112,660.8358149383,129.1583022261,0.4545454545,100.3256957551,13.5250158310,True,,False
S0050_R05,n75_p0.75_d3_uniform_Elow_V1.25_Hlong_PWbase_B0.10,5002031,75,3,3,12,0.1600000000,65015.7971288606,64769.9955141337,418.5783362753,160.7079184879,0.6363636364,77.9682812368,67.4717195034,True,,True
S0050_R06,n75_p0.75_d3_uniform_Elow_V1.25_Hlong_PWbase_B0.10,5002032,75,0,0,0,0.0000000000,169467.3573340700,168958.9805789073,1360.8659663157,272.8612726377,0.1111111111,207.5768968490,0.0579409599,True,,False
S0050_R06,n75_p0.75_d3_uniform_Elow_V1.25_Hlong_PWbase_B0.10,5002032,75,1,1,3,0.0400000000,12349.0901782007,12096.6926612225,94.0785947840,35.3390156040,0.7777777778,48.2239813223,2.6036119461,True,,False
S0050_R06,n75_p0.75_d3_uniform_Elow_V1.25_Hlong_PWbase_B0.10,5002032,75,2,2,8,0.1066666667,1914.0221288807,1638.3599580436,0.0000000000,0.0000000000,1.0000000000,27.2488418864,3.9464654922,True,,False
S0050_R06,n75_p0.75_d3_uniform_Elow_V1.25_Hlong_PWbase_B0.10,5002032,75,3,3,7,0.0933333333,2062.4377864964,1790.3551038125,0.0000000000,0.0000000000,1.0000000000,27.5683774202,14.5502998829,True,,True
S0050_R07,n75_p0.75_d3_uniform_Elow_V1.25_Hlong_PWbase_B0.10,5002033,75,0,0,0,0.0000000000,338898.2853638879,338416.7692829437,3040.3098841928,252.7028868998,0.0909090909,195.9156407171,0.0493097305,True,,False
S0050_R07,n75_p0.75_d3_uniform_Elow_V1.25_Hlong_PWbase_B0.10,5002033,75,1,1,4,0.0533333333,95522.4868310006,95251.5831572446,917.1093450402,102.2952330935,0.4090909091,89.9248407668,2.4346585274,True,,False
S0050_R07,n75_p0.75_d3_uniform_Elow_V1.25_Hlong_PWbase_B0.10,5002033,75,2,2,5,0.0666666667,82887.2341968885,82598.9558504640,790.6054635911,98.8785489639,0.5000000000,80.3466970545,3.5221598148,True,,False
S0050_R07,n75_p0.75_d3_uniform_Elow_V1.25_Hlong_PWbase_B0.10,5002033,75,3,3,10,0.1333333333,61494.7498817492,61203.8718777605,579.2664501325,77.5851373025,0.5909090909,67.6147790703,39.4002604485,True,,True
S0050_R08,n75_p0.75_d3_uniform_Elow_V1.25_Hlong_PWbase_B0.10,5002034,75,0,0,0,0.0000000000,183135.5499091380,182641.5819478697,1509.9746369668,233.3274520449,0.1538461538,173.4243492848,0.0506477356,True,,False
S0050_R08,n75_p0.75_d3_uniform_Elow_V1.25_Hlong_PWbase_B0.10,5002034,75,1,1,4,0.0533333333,56423.1983124763,56136.5709409076,513.2873349026,115.8599214140,0.4615384615,84.0830404222,2.7522814274,True,,False
S0050_R08,n75_p0.75_d3_uniform_Elow_V1.25_Hlong_PWbase_B0.10,5002034,75,2,2,7,0.0933333333,47385.3851455287,47100.1385198314,432.4838965646,96.0412260442,0.5384615385,74.6705179511,4.5881845951,True,,False
S0050_R08,n75_p0.75_d3_uniform_Elow_V1.25_Hlong_PWbase_B0.10,5002034,75,3,3,13,0.1733333333,53208.2237335638,52916.1586531473,509.6843318616,94.8430948185,0.4615384615,81.9671046447,38.1703286171,True,,True
S0050_R09,n75_p0.75_d3_uniform_Elow_V1.25_Hlong_PWbase_B0.10,5002035,75,0,0,0,0.0000000000,160418.0664687072,159944.9730563269,1309.9887519252,188.9479025807,0.1538461538,154.4670942411,0.0475378036,True,,False
S0050_R09,n75_p0.75_d3_uniform_Elow_V1.25_Hlong_PWbase_B0.10,5002035,75,1,1,6,0.0800000000,33264.6907896646,32979.6701322247,269.9171544662,72.4798907784,0.5384615385,60.9152376821,3.8618199825,True,,False
S0050_R09,n75_p0.75_d3_uniform_Elow_V1.25_Hlong_PWbase_B0.10,5002035,75,2,2,12,0.1600000000,28007.8807163148,27723.0377708359,259.0858033125,68.8694403938,0.5384615385,59.6323216833,7.5875456333,True,,False
S0050_R09,n75_p0.75_d3_uniform_Elow_V1.25_Hlong_PWbase_B0.10,5002035,75,3,3,17,0.2266666667,26639.9450968991,26356.0416976772,242.9580462915,58.2991117258,0.5384615385,59.5516258720,25.8578882217,True,,True
S0050_R10,n75_p0.75_d3_uniform_Elow_V1.25_Hlong_PWbase_B0.10,5002036,75,0,0,0,,,,,,,,0.0583178997,False,,False
S0050_R10,n75_p0.75_d3_uniform_Elow_V1.25_Hlong_PWbase_B0.10,5002036,75,1,1,5,0.0666666667,137069.7654990887,136901.9293488857,1022.2939083252,143.1733005060,0.2307692308,131.8560746196,9.2191717625,True,,False
S0050_R10,n75_p0.75_d3_uniform_Elow_V1.25_Hlong_PWbase_B0.10,5002036,75,2,2,6,0.0800000000,132311.2219252732,132136.8177324602,985.9467564074,139.5385853142,0.2307692308,129.0357913070,11.0341019630,True,,False
S0050_R10,n75_p0.75_d3_uniform_Elow_V1.25_Hlong_PWbase_B0.10,5002036,75,3,3,13,0.1733333333,103745.9208604154,103489.3781229721,871.2703251744,128.5815975601,0.2307692308,118.7733265879,32.4975941181,True,,True
S0051_R01,n75_p0.75_d3_uniform_Emedium_V1.25_Hlong_PWflat_B0.10,5102027,75,0,0,0,0.0000000000,6213.6929788286,5706.0979913724,2380.5800262509,290.0359583318,0.0769230769,242.5078258787,0.0467145443,True,,False
S0051_R01,n75_p0.75_d3_uniform_Emedium_V1.25_Hlong_PWflat_B0.10,5102027,75,1,1,3,0.0400000000,1379.2081290917,1102.3420654500,633.5304467828,105.3757598933,0.3076923077,101.6860561104,2.7529580593,True,,False
S0051_R01,n75_p0.75_d3_uniform_Emedium_V1.25_Hlong_PWflat_B0.10,5102027,75,2,2,9,0.1200000000,882.0120169946,596.0875843317,329.8300855960,65.9194415195,0.5384615385,69.4487377670,6.5328948498,True,,False
S0051_R01,n75_p0.75_d3_uniform_Emedium_V1.25_Hlong_PWflat_B0.10,5102027,75,3,3,13,0.1733333333,760.8854482854,467.9291431903,329.8300855960,65.9194415195,0.5384615385,72.4086587661,22.7789826393,True,,True
S0051_R02,n75_p0.75_d3_uniform_Emedium_V1.25_Hlong_PWflat_B0.10,5102028,75,0,0,0,0.0000000000,5294.3944744284,4787.6730188967,2899.7213729331,270.1857943964,0.1000000000,202.5963338402,0.0490014553,True,,False
S0051_R02,n75_p0.75_d3_uniform_Emedium_V1.25_Hlong_PWflat_B0.10,5102028,75,1,1,2,0.0266666667,1214.1548341499,951.9825621707,809.0400662667,94.8947574864,0.4500000000,87.6615319024,2.2335472107,True,,False
S0051_R02,n75_p0.75_d3_uniform_Emedium_V1.25_Hlong_PWflat_B0.10,5102028,75,2,2,8,0.1066666667,787.9415376414,525.6922114011,414.7930787517,69.0639848800,0.5500000000,62.2454862836,5.6232163906,True,,False
S0051_R02,n75_p0.75_d3_uniform_Emedium_V1.25_Hlong_PWflat_B0.10,5102028,75,3,3,18,0.2400000000,615.9585003486,351.0272586246,272.5314797392,48.8157586205,0.6500000000,52.6346403527,45.8776929379,True,,True
S0051_R03,n75_p0.75_d3_uniform_Emedium_V1.25_Hlong_PWflat_B0.10,5102029,75,0,0,0,0.0000000000,4819.3858513980,4313.8833687896,1056.3999870736,243.7736702128,0.0909090909,155.6039553396,0.0484185219,True,,False
S0051_R03,n75_p0.75_d3_uniform_Emedium_V1.25_Hlong_PWflat_B0.10,5102029,75,1,1,2,0.0266666667,719.9104383643,459.6619332251,332.1452440668,68.1163500278,0.3636363636,82.2424387249,2.9671401978,True,,False
S0051_R03,n75_p0.75_d3_uniform_Emedium_V1.25_Hlong_PWflat_B0.10,5102029,75,2,2,7,0.0933333333,596.0540996841,317.4944389828,287.5478210389,65.2567219992,0.4545454545,75.6537382552,5.1593241692,True,,False
S0051_R03,n75_p0.75_d3_uniform_Emedium_V1.25_Hlong_PWflat_B0.10,5102029,75,3,3,10,0.1333333333,487.8754326656,206.3715103948,196.0673351749,50.4435396624,0.5454545455,64.2053786268,16.0778698921,True,,True
S0051_R04,n75_p0.75_d3_uniform_Emedium_V1.25_Hlong_PWflat_B0.10,5102030,75,0,0,0,0.0000000000,5699.8408567631,5189.2212422286,2475.6720002614,283.9199120479,0.0666666667,223.0210868774,0.0537235737,True,,False
S0051_R04,n75_p0.75_d3_uniform_Emedium_V1.25_Hlong_PWflat_B0.10,5102030,75,1,1,6,0.0800000000,776.0410424871,515.2839436496,430.5910459777,78.3640367699,0.5333333333,73.8168601807,4.0167391300,True,,False
S0051_R04,n75_p0.75_d3_uniform_Emedium_V1.25_Hlong_PWflat_B0.10,5102030,75,2,2,15,0.2000000000,525.7855050667,269.1446619300,201.3400887992,50.4189740923,0.7333333333,52.0909015533,7.6529998779,True,,False
S0051_R04,n75_p0.75_d3_uniform_Emedium_V1.25_Hlong_PWflat_B0.10,5102030,75,3,3,19,0.2533333333,370.5046637952,114.2372214391,93.7026399617,22.4918880977,0.8666666667,43.9832857357,50.0714349747,True,,True
S0051_R05,n75_p0.75_d3_uniform_Emedium_V1.25_Hlong_PWflat_B0.10,5102031,75,0,0,0,0.0000000000,3140.9184831407,2696.3129311443,895.2621015153,190.5590065456,0.0909090909,138.2753313455,0.0869479179,True,,False
S0051_R05,n75_p0.75_d3_uniform_Emedium_V1.25_Hlong_PWflat_B0.10,5102031,75,1,1,5,0.0666666667,640.3688183632,376.8964190415,195.3643582885,47.6710231430,0.4545454545,65.0151164679,4.6756997108,True,,False
S0051_R05,n75_p0.75_d3_uniform_Emedium_V1.25_Hlong_PWflat_B0.10,5102031,75,2,2,14,0.1866666667,458.3211417739,180.6096503413,108.9245879029,42.1353836879,0.7272727273,52.3711951176,7.1892983913,True,,False
S0051_R05,n75_p0.75_d3_uniform_Emedium_V1.25_Hlong_PWflat_B0.10,5102031,75,3,3,19,0.2533333333,364.4682474409,87.2997169095,19.1181810719,0.0000000000,0.9090909091,34.8230709999,26.5136270523,True,,True
S0051_R06,n75_p0.75_d3_uniform_Emedium_V1.25_Hlong_PWflat_B0.10,5102032,75,0,0,0,0.0000000000,4796.4838930268,4271.5856287494,1321.6824165710,251.9834946005,0.1666666667,166.1036640404,0.0487895012,True,,False
S0051_R06,n75_p0.75_d3_uniform_Emedium_V1.25_Hlong_PWflat_B0.10,5102032,75,1,1,5,0.0666666667,730.2984727017,441.0542910473,254.6993827113,78.7733707172,0.6666666667,61.5052086146,3.6561203003,True,,False
S0051_R06,n75_p0.75_d3_uniform_Emedium_V1.25_Hlong_PWflat_B0.10,5102032,75,2,2,9,0.1200000000,654.5779792033,353.0863732163,169.3084603540,57.5084881557,0.8333333333,51.3796585247,5.7496817112,True,,False
S0051_R06,n75_p0.75_d3_uniform_Emedium_V1.25_Hlong_PWflat_B0.10,5102032,75,3,3,15,0.2000000000,470.9052209120,182.2954973074,117.3344921634,34.1202024700,0.8333333333,48.5045542653,31.6605756283,True,,True
S0051_R07,n75_p0.75_d3_uniform_Emedium_V1.25_Hlong_PWflat_B0.10,5102033,75,0,0,0,0.0000000000,5203.4883828157,4724.0524284053,2860.2892678457,295.9256711322,0.1818181818,185.6060595985,0.0403761864,True,,False
S0051_R07,n75_p0.75_d3_uniform_Emedium_V1.25_Hlong_PWflat_B0.10,5102033,75,1,1,3,0.0400000000,1417.8781375405,1149.9820166952,812.4953044240,78.8173610977,0.3181818182,88.3344822672,2.9779393673,True,,False
S0051_R07,n75_p0.75_d3_uniform_Emedium_V1.25_Hlong_PWflat_B0.10,5102033,75,2,2,10,0.1333333333,894.5444344001,647.4998570563,501.0911035349,57.5289870343,0.3636363636,72.8945059660,7.7552683353,True,,False
S0051_R07,n75_p0.75_d3_uniform_Emedium_V1.25_Hlong_PWflat_B0.10,5102033,75,3,3,13,0.1733333333,706.3537150899,450.7279578805,347.7660867618,49.6861609599,0.5000000000,61.7609259386,39.2593927383,True,,True
S0051_R08,n75_p0.75_d3_uniform_Emedium_V1.25_Hlong_PWflat_B0.10,5102034,75,0,0,0,,,,,,,,0.0526463985,False,,False
S0051_R08,n75_p0.75_d3_uniform_Emedium_V1.25_Hlong_PWflat_B0.10,5102034,75,1,1,9,0.1200000000,3016.5983274948,2784.5707264809,848.0286125881,145.7484091655,0.3333333333,120.0706364609,12.3176720142,True,,False
S0051_R08,n75_p0.75_d3_uniform_Emedium_V1.25_Hlong_PWflat_B0.10,5102034,75,2,2,15,0.2000000000,1942.0898689278,1701.2532633848,729.3906620535,131.9792449772,0.4166666667,108.8711592733,16.8026642799,True,,False
S0051_R08,n75_p0.75_d3_uniform_Emedium_V1.25_Hlong_PWflat_B0.10,5102034,75,3,3,17,0.2266666667,923.9648992993,692.4705977845,500.3600540510,91.8011355591,0.3333333333,89.8099782399,56.6443796158,True,,True
S0051_R09,n75_p0.75_d3_uniform_Emedium_V1.25_Hlong_PWflat_B0.10,5102035,75,0,0,0,0.0000000000,4892.0556705325,4394.5066850752,2121.4759918304,281.4370056858,0.2777777778,167.6269382113,0.0468776226,True,,False
S0051_R09,n75_p0.75_d3_uniform_Emedium_V1.25_Hlong_PWflat_B0.10,5102035,75,1,1,2,0.0266666667,1075.4120091113,786.7300862802,535.9232080897,95.5521520448,0.5000000000,76.1063101099,2.0097846985,True,,False
S0051_R09,n75_p0.75_d3_uniform_Emedium_V1.25_Hlong_PWflat_B0.10,5102035,75,2,2,7,0.0933333333,889.0137022224,599.0930425279,425.8054962005,86.9709817739,0.5555555556,68.1314216125,4.2236347198,True,,False
S0051_R09,n75_p0.75_d3_uniform_Emedium_V1.25_Hlong_PWflat_B0.10,5102035,75,3,3,13,0.1733333333,576.9982358748,298.6522290711,202.9684985124,29.8369878227,0.7222222222,50.0208693648,40.7280671597,True,,True
S0051_R10,n75_p0.75_d3_uniform_Emedium_V1.25_Hlong_PWflat_B0.10,5102036,75,0,0,0,0.0000000000,5594.1468222888,5095.3222226514,2530.2628215757,254.4419361928,0.0588235294,207.9430641200,0.0498859882,True,,False
S0051_R10,n75_p0.75_d3_uniform_Emedium_V1.25_Hlong_PWflat_B0.10,5102036,75,1,1,5,0.0666666667,1665.0107754091,1347.6421156198,871.4663717618,129.0727895613,0.2352941176,101.5384572284,3.6018755436,True,,False
S0051_R10,n75_p0.75_d3_uniform_Emedium_V1.25_Hlong_PWflat_B0.10,5102036,75,2,2,7,0.0933333333,1413.4352563423,1094.2701631966,678.9297574182,100.0339464254,0.3529411765,87.1762193176,4.9981966019,True,,False
S0051_R10,n75_p0.75_d3_uniform_Emedium_V1.25_Hlong_PWflat_B0.10,5102036,75,3,3,15,0.2000000000,976.3322458029,659.6570312887,331.8262920591,79.4783778539,0.5294117647,60.7140505868,14.3880867958,True,,True
S0052_R01,n75_p0.75_d3_uniform_Emedium_V2.00_Hmedium_PWflat_B0.10,5202027,75,0,0,0,,,,,,,,0.0489325523,False,,False
S0052_R01,n75_p0.75_d3_uniform_Emedium_V2.00_Hmedium_PWflat_B0.10,5202027,75,1,1,8,0.1066666667,1823.3450327112,1582.2510517135,255.1670451508,100.1293611227,0.6000000000,74.6001494472,13.5133206844,True,,False
S0052_R01,n75_p0.75_d3_uniform_Emedium_V2.00_Hmedium_PWflat_B0.10,5202027,75,2,2,19,0.2533333333,689.4331410051,484.5763247160,3.3936430679,0.3393643068,0.9000000000,43.6313272865,17.9165561199,True,,False
S0052_R01,n75_p0.75_d3_uniform_Emedium_V2.00_Hmedium_PWflat_B0.10,5202027,75,3,3,24,0.3200000000,476.6548561113,261.2617965373,0.0000000000,0.0000000000,1.0000000000,35.3097664228,37.5217571259,True,,True
S0052_R02,n75_p0.75_d3_uniform_Emedium_V2.00_Hmedium_PWflat_B0.10,5202028,75,0,0,0,,,,,,,,0.0473268032,False,,False
S0052_R02,n75_p0.75_d3_uniform_Emedium_V2.00_Hmedium_PWflat_B0.10,5202028,75,1,1,15,0.2000000000,1581.1345691050,1310.8537263197,569.8097952443,126.2899802444,0.3846153846,90.7860700777,15.0633223057,True,,False
S0052_R02,n75_p0.75_d3_uniform_Emedium_V2.00_Hmedium_PWflat_B0.10,5202028,75,2,2,18,0.2400000000,1500.1713336065,1232.5328940275,561.8442407679,134.4111491651,0.4615384615,90.3457366006,17.6560342312,True,,False
S0052_R02,n75_p0.75_d3_uniform_Emedium_V2.00_Hmedium_PWflat_B0.10,5202028,75,3,3,25,0.3333333333,1125.6230970000,858.2466174424,524.9970612353,120.0858773388,0.5384615385,86.3899006834,46.0283181667,True,,True
S0052_R03,n75_p0.75_d3_uniform_Emedium_V2.00_Hmedium_PWflat_B0.10,5202029,75,0,0,0,0.0000000000,3864.1542285067,3407.0904532872,1450.9130110681,223.9208565796,0.0000000000,205.1096902773,0.0381531715,True,,False
S0052_R03,n75_p0.75_d3_uniform_Emedium_V2.00_Hmedium_PWflat_B0.10,5202029,75,1,1,15,0.2000000000,509.9547584489,257.6729883562,199.6086638011,54.2531156882,0.5000000000,63.6571592610,6.2034225464,True,,False
S0052_R03,n75_p0.75_d3_uniform_Emedium_V2.00_Hmedium_PWflat_B0.10,5202029,75,2,2,23,0.3066666667,307.7071482921,76.4645560897,75.8313275532,7.5831327553,0.9000000000,43.5399133559,3.5887796879,True,,False
S0052_R03,n75_p0.75_d3_uniform_Emedium_V2.00_Hmedium_PWflat_B0.10,5202029,75,3,3,23,0.3066666667,301.8266356234,73.5532046249,73.5532046249,7.3553204625,0.9000000000,37.4783687580,16.2234177589,True,,True
S0052_R04,n75_p0.75_d3_uniform_Emedium_V2.00_Hmedium_PWflat_B0.10,5202030,75,0,0,0,0.0000000000,3754.8248472923,3275.8050408352,2077.1157822093,216.4255644806,0.1111111111,169.8446614555,0.0436248779,True,,False
S0052_R04,n75_p0.75_d3_uniform_Emedium_V2.00_Hmedium_PWflat_B0.10,5202030,75,1,1,15,0.2000000000,429.6895435277,163.2567452591,144.2589074033,11.0653583313,0.7777777778,41.1132313130,6.2309052944,True,,False
S0052_R04,n75_p0.75_d3_uniform_Emedium_V2.00_Hmedium_PWflat_B0.10,5202030,75,2,2,23,0.3066666667,316.5572563298,58.4468806561,58.4468806561,0.0000000000,0.9444444444,31.6447975606,3.4748041630,True,,False
S0052_R04,n75_p0.75_d3_uniform_Emedium_V2.00_Hmedium_PWflat_B0.10,5202030,75,3,3,23,0.3066666667,312.2548840789,45.0964721065,45.0964721065,0.0000000000,0.9444444444,30.5384056329,17.5599446297,True,,True
S0052_R05,n75_p0.75_d3_uniform_Emedium_V2.00_Hmedium_PWflat_B0.10,5202031,75,0,0,0,0.0000000000,5148.9179013108,4617.6390983356,1009.9627167904,243.0263619876,0.3000000000,152.6374884325,0.0390298367,True,,False
S0052_R05,n75_p0.75_d3_uniform_Emedium_V2.00_Hmedium_PWflat_B0.10,5202031,75,1,1,16,0.2133333333,482.7043875942,221.6557774569,212.1548603882,66.5045963233,0.6000000000,59.6430502496,5.4008228779,True,,False
S0052_R05,n75_p0.75_d3_uniform_Emedium_V2.00_Hmedium_PWflat_B0.10,5202031,75,2,2,21,0.2800000000,451.2778069048,184.9023612908,184.9023612908,62.6612317633,0.6000000000,56.0558384907,8.2548575401,True,,False
S0052_R05,n75_p0.75_d3_uniform_Emedium_V2.00_Hmedium_PWflat_B0.10,5202031,75,3,3,23,0.3066666667,466.3330740017,183.6602424678,183.6602424678,62.1326429751,0.6000000000,53.7602226918,12.8552689552,True,,True
S0052_R06,n75_p0.75_d3_uniform_Emedium_V2.00_Hmedium_PWflat_B0.10,5202032,75,0,0,0,0.0000000000,4159.5874742458,3683.3583583699,1519.8963388734,228.3518663817,0.0000000000,198.2429838701,0.0456418991,True,,False
S0052_R06,n75_p0.75_d3_uniform_Emedium_V2.00_Hmedium_PWflat_B0.10,5202032,75,1,1,13,0.1733333333,598.2950438384,330.9010032488,236.7743006827,75.7554923041,0.5454545455,71.5919802206,5.4489412308,True,,False
S0052_R06,n75_p0.75_d3_uniform_Emedium_V2.00_Hmedium_PWflat_B0.10,5202032,75,2,2,13,0.1733333333,439.7969667826,162.1051979757,92.9726954290,27.7647788521,0.8181818182,42.4767704648,6.6521522999,True,,False
S0052_R06,n75_p0.75_d3_uniform_Emedium_V2.00_Hmedium_PWflat_B0.10,5202032,75,3,3,23,0.3066666667,298.5818928642,53.6265240790,15.3784524560,0.0000000000,0.9090909091,32.3618072780,7.0008268356,True,,True
S0052_R07,n75_p0.75_d3_uniform_Emedium_V2.00_Hmedium_PWflat_B0.10,5202033,75,0,0,0,0.0000000000,4930.4938894128,4450.3721373052,1571.0561976046,248.4887493764,0.0666666667,163.7921302380,0.0483257771,True,,False
S0052_R07,n75_p0.75_d3_uniform_Emedium_V2.00_Hmedium_PWflat_B0.10,5202033,75,1,1,15,0.2000000000,661.2395935631,409.5349848619,348.3357892023,72.5436652035,0.6666666667,66.7290148932,6.4146821499,True,,False
S0052_R07,n75_p0.75_d3_uniform_Emedium_V2.00_Hmedium_PWflat_B0.10,5202033,75,2,2,23,0.3066666667,473.5308327766,225.3781943911,222.3987027984,46.1299017838,0.7333333333,57.1223380298,3.3382480145,True,,False
S0052_R07,n75_p0.75_d3_uniform_Emedium_V2.00_Hmedium_PWflat_B0.10,5202033,75,3,3,23,0.3066666667,529.6601403796,279.7213710873,256.5147520476,57.6448005716,0.6666666667,57.4336255571,9.2945880890,True,,True
S0052_R08,n75_p0.75_d3_uniform_Emedium_V2.00_Hmedium_PWflat_B0.10,5202034,75,0,0,0,,,,,,,,0.0370585918,False,,False
S0052_R08,n75_p0.75_d3_uniform_Emedium_V2.00_Hmedium_PWflat_B0.10,5202034,75,1,1,14,0.1866666667,1594.8175609231,1389.0264194457,244.4881416869,79.9938855402,0.6666666667,60.2991539769,14.1213614941,True,,False
S0052_R08,n75_p0.75_d3_uniform_Emedium_V2.00_Hmedium_PWflat_B0.10,5202034,75,2,2,19,0.2533333333,949.8868186239,731.6736686694,12.1879154151,0.0000000000,0.9166666667,34.2978245475,18.9628028870,True,,False
S0052_R08,n75_p0.75_d3_uniform_Emedium_V2.00_Hmedium_PWflat_B0.10,5202034,75,3,3,24,0.3200000000,799.3194932053,557.6156523745,0.0000000000,0.0000000000,1.0000000000,33.7315181284,53.6406130791,True,,True
S0052_R09,n75_p0.75_d3_uniform_Emedium_V2.00_Hmedium_PWflat_B0.10,5202035,75,0,0,0,0.0000000000,4435.1242222277,3969.0729467577,801.1699992633,208.3117077486,0.1818181818,128.7000628129,0.0329585075,True,,False
S0052_R09,n75_p0.75_d3_uniform_Emedium_V2.00_Hmedium_PWflat_B0.10,5202035,75,1,1,11,0.1466666667,439.8007870568,195.4523090595,157.4265645832,40.5714730203,0.7272727273,58.2291512131,5.4443986416,True,,False
S0052_R09,n75_p0.75_d3_uniform_Emedium_V2.00_Hmedium_PWflat_B0.10,5202035,75,2,2,16,0.2133333333,427.9604751462,171.9639618065,123.5483877213,14.5208331359,0.8181818182,52.4134713254,7.4416418076,True,,False
S0052_R09,n75_p0.75_d3_uniform_Emedium_V2.00_Hmedium_PWflat_B0.10,5202035,75,3,3,22,0.2933333333,288.7433490044,24.3175866512,23.9129311364,0.0000000000,0.9090909091,42.4057241272,6.6045529842,True,,True
S0052_R10,n75_p0.75_d3_uniform_Emedium_V2.00_Hmedium_PWflat_B0.10,5202036,75,0,0,0,0.0000000000,6191.6685641864,5645.5688891969,1716.9083970992,297.1396047928,0.2500000000,192.8135034999,0.0437705517,True,,False
S0052_R10,n75_p0.75_d3_uniform_Emedium_V2.00_Hmedium_PWflat_B0.10,5202036,75,1,1,10,0.1333333333,793.9404811789,500.7232849283,266.2104148971,78.7761716224,0.6666666667,55.8954944998,5.4947187901,True,,False
S0052_R10,n75_p0.75_d3_uniform_Emedium_V2.00_Hmedium_PWflat_B0.10,5202036,75,2,2,13,0.1733333333,360.6394992513,78.0808932768,30.0943025443,0.0000000000,0.9166666667,34.8305642510,7.6977603436,True,,False
S0052_R10,n75_p0.75_d3_uniform_Emedium_V2.00_Hmedium_PWflat_B0.10,5202036,75,3,3,23,0.3066666667,268.2897265809,0.0000000000,0.0000000000,0.0000000000,1.0000000000,32.4730738518,28.4768500328,True,,True
S0053_R01,n75_p0.75_d3_uniform_Ehigh_V2.00_Hshort_PWmoderate_B0.10,5302027,75,0,0,0,0.0000000000,51499.3197572179,51021.1775420428,1992.1010583291,318.4160231919,0.1538461538,211.9095209168,0.0501642227,True,,False
S0053_R01,n75_p0.75_d3_uniform_Ehigh_V2.00_Hshort_PWmoderate_B0.10,5302027,75,1,1,18,0.2400000000,3038.5860282551,2790.2918537896,127.5723592631,30.2126792197,0.6153846154,55.8471393791,6.5903203487,True,,False
S0053_R01,n75_p0.75_d3_uniform_Ehigh_V2.00_Hshort_PWmoderate_B0.10,5302027,75,2,2,24,0.3200000000,1547.5169314723,1294.8773773477,49.9124604467,7.6062227843,0.6923076923,43.2110220819,4.1064600945,True,,False
S0053_R01,n75_p0.75_d3_uniform_Ehigh_V2.00_Hshort_PWmoderate_B0.10,5302027,75,3,2,24,0.3200000000,1547.5169314723,1294.8773773477,49.9124604467,7.6062227843,0.6923076923,43.2110220819,17.4960362911,True,,True
S0053_R02,n75_p0.75_d3_uniform_Ehigh_V2.00_Hshort_PWmoderate_B0.10,5302028,75,0,0,0,,,,,,,,0.0406906605,False,,False
S0053_R02,n75_p0.75_d3_uniform_Ehigh_V2.00_Hshort_PWmoderate_B0.10,5302028,75,1,1,19,0.2533333333,11696.0963513545,11460.0877078619,320.5620818976,49.8954312260,0.7058823529,59.0139707962,16.4434807301,True,,False
S0053_R02,n75_p0.75_d3_uniform_Ehigh_V2.00_Hshort_PWmoderate_B0.10,5302028,75,2,2,24,0.3200000000,10978.0870153537,10739.8481893917,326.1486271246,52.9520905553,0.7058823529,58.7625598530,13.2360165119,True,,False
S0053_R02,n75_p0.75_d3_uniform_Ehigh_V2.00_Hshort_PWmoderate_B0.10,5302028,75,3,2,24,0.3200000000,9843.2577795905,9597.7311678496,262.9855437100,28.8079707252,0.8235294118,47.7507104472,35.7353837490,True,,True
S0053_R03,n75_p0.75_d3_uniform_Ehigh_V2.00_Hshort_PWmoderate_B0.10,5302029,75,0,0,0,0.0000000000,48255.8943309250,47728.9554784723,1515.8323127648,222.2587726675,0.2500000000,180.0069053650,0.0357081890,True,,False
S0053_R03,n75_p0.75_d3_uniform_Ehigh_V2.00_Hshort_PWmoderate_B0.10,5302029,75,1,1,19,0.2533333333,1369.1796866511,1120.7683101527,26.2641595045,0.0000000000,0.9166666667,40.8853065396,7.7434017658,True,,False
S0053_R03,n75_p0.75_d3_uniform_Ehigh_V2.00_Hshort_PWmoderate_B0.10,5302029,75,2,2,23,0.3066666667,395.1160158395,153.4600609978,0.5207457607,0.0000000000,0.9166666667,33.9198578659,4.1011295319,True,,False
S0053_R03,n75_p0.75_d3_uniform_Ehigh_V2.00_Hshort_PWmoderate_B0.10,5302029,75,3,2,23,0.3066666667,395.1160158395,153.4600609978,0.5207457607,0.0000000000,0.9166666667,33.9198578659,13.1169018745,True,,True
S0053_R04,n75_p0.75_d3_uniform_Ehigh_V2.00_Hshort_PWmoderate_B0.10,5302030,75,0,0,0,0.0000000000,44270.0730809353,43761.7668478490,1570.8105119200,224.2372035644,0.0769230769,179.7176456891,0.0352447033,True,,False
S0053_R04,n75_p0.75_d3_uniform_Ehigh_V2.00_Hshort_PWmoderate_B0.10,5302030,75,1,1,13,0.1733333333,4085.9804434636,3836.3475888299,157.5513862947,51.6693339064,0.7692307692,55.4071446905,5.1603550911,True,,False
S0053_R04,n75_p0.75_d3_uniform_Ehigh_V2.00_Hshort_PWmoderate_B0.10,5302030,75,2,2,23,0.3066666667,819.6667495256,575.4234752748,21.3415584767,7.8535544170,0.7692307692,42.6268183340,3.8563125134,True,,False
S0053_R04,n75_p0.75_d3_uniform_Ehigh_V2.00_Hshort_PWmoderate_B0.10,5302030,75,3,3,23,0.3066666667,464.3722907094,209.3124038611,0.0000000000,0.0000000000,1.0000000000,33.1998985759,17.5118157864,True,,True
S0053_R05,n75_p0.75_d3_uniform_Ehigh_V2.00_Hshort_PWmoderate_B0.10,5302031,75,0,0,0,,,,,,,,0.0471189022,False,,False
S0053_R05,n75_p0.75_d3_uniform_Ehigh_V2.00_Hshort_PWmoderate_B0.10,5302031,75,1,1,15,0.2000000000,12533.5689559412,12317.1760084319,231.1153322446,47.5342726958,0.5833333333,60.2737513120,15.1590871811,True,,False
S0053_R05,n75_p0.75_d3_uniform_Ehigh_V2.00_Hshort_PWmoderate_B0.10,5302031,75,2,2,24,0.3200000000,5503.0819009529,5277.3019862527,134.0066970278,22.4847741256,0.6666666667,50.4369942230,14.6988885403,True,,False
S0053_R05,n75_p0.75_d3_uniform_Ehigh_V2.00_Hshort_PWmoderate_B0.10,5302031,75,3,3,24,0.3200000000,6035.0214033364,5799.3350569595,173.0622303378,39.7868162979,0.7500000000,50.7444946876,52.4075975418,True,,True
S0053_R06,n75_p0.75_d3_uniform_Ehigh_V2.00_Hshort_PWmoderate_B0.10,5302032,75,0,0,0,,,,,,,,0.0506911278,False,,False
S0053_R06,n75_p0.75_d3_uniform_Ehigh_V2.00_Hshort_PWmoderate_B0.10,5302032,75,1,1,19,0.2533333333,6316.7928615890,6132.7519633689,222.7153385971,94.4624864090,0.8181818182,57.2094468260,18.5027475357,True,,False
S0053_R06,n75_p0.75_d3_uniform_Ehigh_V2.00_Hshort_PWmoderate_B0.10,5302032,75,2,2,24,0.3200000000,4937.2230061151,4736.3398012357,209.2504801622,89.9550684349,0.8181818182,55.0203203340,14.5747730732,True,,False
S0053_R06,n75_p0.75_d3_uniform_Ehigh_V2.00_Hshort_PWmoderate_B0.10,5302032,75,3,2,24,0.3200000000,2805.9123360097,2580.9768190332,3.5984409101,0.0000000000,0.9090909091,38.7309226938,60.7908024788,True,,True
S0053_R07,n75_p0.75_d3_uniform_Ehigh_V2.00_Hshort_PWmoderate_B0.10,5302033,75,0,0,0,0.0000000000,45236.7365466733,44749.6849372456,1628.7221027766,249.2437810799,0.1764705882,150.8651813008,0.0452158451,True,,False
S0053_R07,n75_p0.75_d3_uniform_Ehigh_V2.00_Hshort_PWmoderate_B0.10,5302033,75,1,1,16,0.2133333333,758.0531800160,505.7693419971,21.0865915897,0.0000000000,0.9411764706,34.5380065370,6.5189118385,True,,False
S0053_R07,n75_p0.75_d3_uniform_Ehigh_V2.00_Hshort_PWmoderate_B0.10,5302033,75,2,2,23,0.3066666667,580.2111076678,325.3403087458,16.2670154373,0.0000000000,0.9411764706,32.3746366387,3.7301902771,True,,False
S0053_R07,n75_p0.75_d3_uniform_Ehigh_V2.00_Hshort_PWmoderate_B0.10,5302033,75,3,2,20,0.2666666667,597.8254303014,335.2408662446,16.2670154373,0.0000000000,0.9411764706,31.2741499403,11.4891500473,True,,True
S0053_R08,n75_p0.75_d3_uniform_Ehigh_V2.00_Hshort_PWmoderate_B0.10,5302034,75,0,0,0,,,,,,,,0.0467169285,False,,False
S0053_R08,n75_p0.75_d3_uniform_Ehigh_V2.00_Hshort_PWmoderate_B0.10,5302034,75,1,1,12,0.1600000000,15711.7905610064,15515.4253758108,538.2851779975,104.5749027291,0.5333333333,81.9993732627,19.4706232548,True,,False
S0053_R08,n75_p0.75_d3_uniform_Ehigh_V2.00_Hshort_PWmoderate_B0.10,5302034,75,2,2,24,0.3200000000,10653.1654080669,10417.7383453301,446.7670005546,90.8321900829,0.6000000000,67.0382774399,15.5271999836,True,,False
S0053_R08,n75_p0.75_d3_uniform_Ehigh_V2.00_Hshort_PWmoderate_B0.10,5302034,75,3,3,24,0.3200000000,7128.7405589420,6885.1992736283,301.8884352758,59.2441627984,0.7333333333,56.3935533393,59.5877511501,True,,True
S0053_R09,n75_p0.75_d3_uniform_Ehigh_V2.00_Hshort_PWmoderate_B0.10,5302035,75,0,0,0,,,,,,,,0.0527687073,False,,False
S0053_R09,n75_p0.75_d3_uniform_Ehigh_V2.00_Hshort_PWmoderate_B0.10,5302035,75,1,1,24,0.3200000000,15588.3786388980,15376.6078921344,518.8609927809,100.3199727293,0.6818181818,66.8602205859,12.5433821678,True,,False
S0053_R09,n75_p0.75_d3_uniform_Ehigh_V2.00_Hshort_PWmoderate_B0.10,5302035,75,2,2,24,0.3200000000,12579.1729986856,12356.3084041131,429.8063166789,79.9433551162,0.7272727273,57.6857851786,13.4542305470,True,,False
S0053_R09,n75_p0.75_d3_uniform_Ehigh_V2.00_Hshort_PWmoderate_B0.10,5302035,75,3,3,24,0.3200000000,3278.4859781415,3046.6176018704,64.1315643161,2.2515558736,0.8636363636,37.4670737488,71.9580693245,True,,True
S0053_R10,n75_p0.75_d3_uniform_Ehigh_V2.00_Hshort_PWmoderate_B0.10,5302036,75,0,0,0,0.0000000000,60664.3012537029,60177.4714399263,2575.6031999608,284.5538399920,0.1176470588,209.0723754206,0.0584506989,True,,False
S0053_R10,n75_p0.75_d3_uniform_Ehigh_V2.00_Hshort_PWmoderate_B0.10,5302036,75,1,1,20,0.2666666667,1327.8176885333,1090.4154212980,45.3659785057,8.0588660473,0.8235294118,38.9790640370,3.4668507576,True,,False
S0053_R10,n75_p0.75_d3_uniform_Ehigh_V2.00_Hshort_PWmoderate_B0.10,5302036,75,2,2,23,0.3066666667,811.3554937674,567.5210665845,21.5955486862,0.6309334170,0.8235294118,37.7617992360,4.3391127586,True,,False
S0053_R10,n75_p0.75_d3_uniform_Ehigh_V2.00_Hshort_PWmoderate_B0.10,5302036,75,3,2,23,0.3066666667,811.3554937674,567.5210665845,21.5955486862,0.6309334170,0.8235294118,37.7617992360,28.1372132301,True,,True
S0054_R01,n100_p0.25_d3_uniform_Elow_V2.00_Hmedium_PWbase_B0.10,5402027,100,0,0,0,,,,,,,,0.0920782089,False,,False
S0054_R01,n100_p0.25_d3_uniform_Elow_V2.00_Hmedium_PWbase_B0.10,5402027,100,1,1,4,0.0400000000,262911.7780138421,262602.7192511073,2126.1968442171,311.8013319942,0.4117647059,171.2602657857,24.7524816990,True,,False
S0054_R01,n100_p0.25_d3_uniform_Elow_V2.00_Hmedium_PWbase_B0.10,5402027,100,2,2,7,0.0700000000,284597.6633122613,284382.0782604943,2277.9828210308,314.1129713364,0.2941176471,182.8747472845,19.3996427059,True,,False
S0054_R01,n100_p0.25_d3_uniform_Elow_V2.00_Hmedium_PWbase_B0.10,5402027,100,3,3,9,0.0900000000,101080.4805399419,100765.2150635127,792.9548240472,133.6576771272,0.4117647059,91.5059397736,37.3561749458,True,,True
S0054_R02,n100_p0.25_d3_uniform_Elow_V2.00_Hmedium_PWbase_B0.10,5402028,100,0,0,0,,,,,,,,0.0469157696,False,,False
S0054_R02,n100_p0.25_d3_uniform_Elow_V2.00_Hmedium_PWbase_B0.10,5402028,100,1,1,4,0.0400000000,366702.1310269847,366506.4600635679,2913.5397398247,319.4716084214,0.2083333333,174.5378100527,13.5678927898,True,,False
S0054_R02,n100_p0.25_d3_uniform_Elow_V2.00_Hmedium_PWbase_B0.10,5402028,100,2,2,7,0.0700000000,300090.1466478272,299862.3002488316,2325.8951401254,289.2793642569,0.2916666667,146.6308474543,17.9640433788,True,,False
S0054_R02,n100_p0.25_d3_uniform_Elow_V2.00_Hmedium_PWbase_B0.10,5402028,100,3,3,11,0.1100000000,216519.8907515802,216272.6728661694,1816.8243962770,239.0413201630,0.4583333333,119.5872223314,205.1097478867,True,,True
S0054_R03,n100_p0.25_d3_uniform_Elow_V2.00_Hmedium_PWbase_B0.10,5402029,100,0,0,0,,,,,,,,0.0987224579,False,,False
S0054_R03,n100_p0.25_d3_uniform_Elow_V2.00_Hmedium_PWbase_B0.10,5402029,100,1,1,7,0.0700000000,182644.3050224561,182368.2605450555,1446.5545922728,205.3326002815,0.3529411765,134.7681182788,30.0677208900,True,,False
S0054_R03,n100_p0.25_d3_uniform_Elow_V2.00_Hmedium_PWbase_B0.10,5402029,100,2,2,9,0.0900000000,198821.3815837906,198556.0229029919,1634.9853768285,229.6003159375,0.3529411765,148.9027684687,30.5920281410,True,,False
S0054_R03,n100_p0.25_d3_uniform_Elow_V2.00_Hmedium_PWbase_B0.10,5402029,100,3,3,11,0.1100000000,100828.4427853145,100530.0694665877,719.4369050344,120.3668250878,0.3529411765,93.2744888677,51.0883045197,True,,True
S0054_R04,n100_p0.25_d3_uniform_Elow_V2.00_Hmedium_PWbase_B0.10,5402030,100,0,0,0,,,,,,,,0.0879693031,False,,False
S0054_R04,n100_p0.25_d3_uniform_Elow_V2.00_Hmedium_PWbase_B0.10,5402030,100,1,1,6,0.0600000000,177716.7084173552,177437.8332322384,1381.0970442845,186.2362492570,0.3529411765,131.1585269684,17.4462473392,True,,False
S0054_R04,n100_p0.25_d3_uniform_Elow_V2.00_Hmedium_PWbase_B0.10,5402030,100,2,2,13,0.1300000000,216052.6693757985,215756.4390073019,1826.1982533020,271.7803534715,0.2941176471,156.7522142185,31.8741302490,True,,False
S0054_R04,n100_p0.25_d3_uniform_Elow_V2.00_Hmedium_PWbase_B0.10,5402030,100,3,3,15,0.1500000000,152179.3561620864,151927.4677138492,1172.8844107007,203.4571426112,0.4117647059,117.4978666186,92.4220569134,True,,True
S0054_R05,n100_p0.25_d3_uniform_Elow_V2.00_Hmedium_PWbase_B0.10,5402031,100,0,0,0,,,,,,,,0.0866043568,False,,False
S0054_R05,n100_p0.25_d3_uniform_Elow_V2.00_Hmedium_PWbase_B0.10,5402031,100,1,1,7,0.0700000000,354508.4285992038,354297.4457579819,2939.7960546603,312.6241966643,0.3703703704,157.0139328095,23.5792779922,True,,False
S0054_R05,n100_p0.25_d3_uniform_Elow_V2.00_Hmedium_PWbase_B0.10,5402031,100,2,2,9,0.0900000000,325260.4644913024,325018.6954013999,2676.1170625277,306.2136648758,0.4444444444,143.9086000990,22.0392746925,True,,False
S0054_R05,n100_p0.25_d3_uniform_Elow_V2.00_Hmedium_PWbase_B0.10,5402031,100,3,3,14,0.1400000000,171856.0157988890,171550.1134688313,1518.5167617628,194.3853449956,0.4444444444,101.1919478397,40.4730885029,True,,True
S0054_R06,n100_p0.25_d3_uniform_Elow_V2.00_Hmedium_PWbase_B0.10,5402032,100,0,0,0,,,,,,,,0.0546834469,False,,False
S0054_R06,n100_p0.25_d3_uniform_Elow_V2.00_Hmedium_PWbase_B0.10,5402032,100,1,1,9,0.0900000000,275068.0492078810,274794.2105277757,2401.6919160237,247.6692160914,0.3500000000,170.0028399385,26.3305442333,True,,False
S0054_R06,n100_p0.25_d3_uniform_Elow_V2.00_Hmedium_PWbase_B0.10,5402032,100,2,2,13,0.1300000000,284081.8826438001,283795.2747958553,2541.0027355727,300.3737485212,0.3500000000,176.3225118196,27.1363539696,True,,False
S0054_R06,n100_p0.25_d3_uniform_Elow_V2.00_Hmedium_PWbase_B0.10,5402032,100,3,3,14,0.1400000000,120509.5752140314,120197.8790274257,1091.2399797530,177.2203288151,0.5000000000,100.5917548384,65.9897017479,True,,True
S0054_R07,n100_p0.25_d3_uniform_Elow_V2.00_Hmedium_PWbase_B0.10,5402033,100,0,0,0,,,,,,,,0.0853672028,False,,False
S0054_R07,n100_p0.25_d3_uniform_Elow_V2.00_Hmedium_PWbase_B0.10,5402033,100,1,1,9,0.0900000000,270765.2498166097,270480.8128469629,2342.6940804981,282.4871445811,0.4347826087,145.6762824080,24.2928385735,True,,False
S0054_R07,n100_p0.25_d3_uniform_Elow_V2.00_Hmedium_PWbase_B0.10,5402033,100,2,2,10,0.1000000000,314818.4903715575,314586.5368326058,2765.5672840542,308.6430063643,0.3913043478,162.6765662212,23.8390042782,True,,False
S0054_R07,n100_p0.25_d3_uniform_Elow_V2.00_Hmedium_PWbase_B0.10,5402033,100,3,3,17,0.1700000000,148486.8593845489,148176.1697032061,1264.8137100006,187.7836082769,0.4782608696,100.0916424578,62.2044546604,True,,True
S0054_R08,n100_p0.25_d3_uniform_Elow_V2.00_Hmedium_PWbase_B0.10,5402034,100,0,0,0,,,,,,,,0.0474693775,False,,False
S0054_R08,n100_p0.25_d3_uniform_Elow_V2.00_Hmedium_PWbase_B0.10,5402034,100,1,1,4,0.0400000000,289254.4405137619,288969.6361106751,2476.3810094405,264.0697200181,0.3636363636,159.1621108017,24.5313434601,True,,False
S0054_R08,n100_p0.25_d3_uniform_Elow_V2.00_Hmedium_PWbase_B0.10,5402034,100,2,2,7,0.0700000000,274457.9123453430,274151.5734857647,2196.0270936633,290.8081333567,0.3181818182,148.8513201892,31.6565473080,True,,False
S0054_R08,n100_p0.25_d3_uniform_Elow_V2.00_Hmedium_PWbase_B0.10,5402034,100,3,3,10,0.1000000000,150616.7024446632,150334.1333021886,1190.0922009390,209.4635241027,0.4545454545,100.4665854237,99.3206470013,True,,True
S0054_R09,n100_p0.25_d3_uniform_Elow_V2.00_Hmedium_PWbase_B0.10,5402035,100,0,0,0,,,,,,,,0.0830304623,False,,False
S0054_R09,n100_p0.25_d3_uniform_Elow_V2.00_Hmedium_PWbase_B0.10,5402035,100,1,1,4,0.0400000000,278534.5432323799,278256.2114030807,2400.0736582067,297.7068673428,0.3809523810,165.0680560227,26.3392715454,True,,False
S0054_R09,n100_p0.25_d3_uniform_Elow_V2.00_Hmedium_PWbase_B0.10,5402035,100,2,2,7,0.0700000000,230173.3486820746,229872.0258582801,2040.3470925909,271.3331432210,0.4761904762,142.5490317606,30.0321116447,True,,False
S0054_R09,n100_p0.25_d3_uniform_Elow_V2.00_Hmedium_PWbase_B0.10,5402035,100,3,3,11,0.1100000000,205809.9131267945,205553.7535300196,1884.6356268158,232.2149084407,0.3809523810,135.8638794569,34.7118270397,True,,True
S0054_R10,n100_p0.25_d3_uniform_Elow_V2.00_Hmedium_PWbase_B0.10,5402036,100,0,0,0,,,,,,,,0.0557916164,False,,False
S0054_R10,n100_p0.25_d3_uniform_Elow_V2.00_Hmedium_PWbase_B0.10,5402036,100,1,1,2,0.0200000000,211534.6239251807,211206.7213565305,1320.1253168879,226.9827356430,0.2666666667,143.0240712240,22.1984937191,True,,False
S0054_R10,n100_p0.25_d3_uniform_Elow_V2.00_Hmedium_PWbase_B0.10,5402036,100,2,2,5,0.0500000000,216555.3142444589,216239.1630144868,1384.9799772045,238.5346595815,0.2000000000,148.9235843527,24.5778408051,True,,False
S0054_R10,n100_p0.25_d3_uniform_Elow_V2.00_Hmedium_PWbase_B0.10,5402036,100,3,3,11,0.1100000000,205264.7015171633,204947.8931224677,1829.2853032356,201.8122284321,0.2000000000,177.2344722641,50.0308868885,True,,True
S0055_R01,n100_p0.25_d3_uniform_Elow_V2.00_Hlong_PWmoderate_B0.10,5502027,100,0,0,0,,,,,,,,0.0904211998,False,,False
S0055_R01,n100_p0.25_d3_uniform_Elow_V2.00_Hlong_PWmoderate_B0.10,5502027,100,1,1,5,0.0500000000,35793.8960701386,35530.9450334603,1461.7408294889,223.5905199928,0.2222222222,132.7909374099,30.0687687397,True,,False
S0055_R01,n100_p0.25_d3_uniform_Elow_V2.00_Hlong_PWmoderate_B0.10,5502027,100,2,2,8,0.0800000000,49991.7995099321,49770.4613487806,1456.4673799280,271.5313795055,0.5000000000,119.2341794183,23.9593205452,True,,False
S0055_R01,n100_p0.25_d3_uniform_Elow_V2.00_Hlong_PWmoderate_B0.10,5502027,100,3,3,15,0.1500000000,31736.5224092062,31469.7029703274,1230.7862549529,226.7542718200,0.3888888889,112.8253418256,74.9663898945,True,,True
S0055_R02,n100_p0.25_d3_uniform_Elow_V2.00_Hlong_PWmoderate_B0.10,5502028,100,0,0,0,,,,,,,,0.1431691647,False,,False
S0055_R02,n100_p0.25_d3_uniform_Elow_V2.00_Hlong_PWmoderate_B0.10,5502028,100,1,1,6,0.0600000000,49196.0305341060,48916.4840826182,1865.5920286678,250.3930903723,0.3000000000,141.0604840026,19.7347514629,True,,False
S0055_R02,n100_p0.25_d3_uniform_Elow_V2.00_Hlong_PWmoderate_B0.10,5502028,100,2,2,12,0.1200000000,57376.2883923054,57083.8870765356,2359.7039482880,300.9754911230,0.3000000000,162.7381929072,37.3618578911,True,,False
S0055_R02,n100_p0.25_d3_uniform_Elow_V2.00_Hlong_PWmoderate_B0.10,5502028,100,3,3,14,0.1400000000,29153.6805589645,28830.3159120401,1160.6688014528,223.8338906129,0.6000000000,94.1686510451,40.7395992279,True,,True
S0055_R03,n100_p0.25_d3_uniform_Elow_V2.00_Hlong_PWmoderate_B0.10,5502029,100,0,0,0,,,,,,,,0.1594145298,False,,False
S0055_R03,n100_p0.25_d3_uniform_Elow_V2.00_Hlong_PWmoderate_B0.10,5502029,100,1,1,4,0.0400000000,55957.4503992140,55645.2958231491,2060.9720717547,268.9164131613,0.3333333333,166.3749954089,29.8078429699,True,,False
S0055_R03,n100_p0.25_d3_uniform_Elow_V2.00_Hlong_PWmoderate_B0.10,5502029,100,2,2,7,0.0700000000,39815.3636624507,39493.0668718087,1419.9937614137,247.5116414650,0.3888888889,128.0400689387,34.2256631851,True,,False
S0055_R03,n100_p0.25_d3_uniform_Elow_V2.00_Hlong_PWmoderate_B0.10,5502029,100,3,3,13,0.1300000000,51273.8527673941,50992.5726925390,1990.1825820309,241.2058650985,0.3333333333,158.7679422373,73.2241907120,True,,True
S0055_R04,n100_p0.25_d3_uniform_Elow_V2.00_Hlong_PWmoderate_B0.10,5502030,100,0,0,0,,,,,,,,0.1338062286,False,,False
S0055_R04,n100_p0.25_d3_uniform_Elow_V2.00_Hlong_PWmoderate_B0.10,5502030,100,1,1,9,0.0900000000,41903.9749555856,41628.7616622803,1487.1380836155,185.4360039259,0.4210526316,124.0486893681,33.4793398380,True,,False
S0055_R04,n100_p0.25_d3_uniform_Elow_V2.00_Hlong_PWmoderate_B0.10,5502030,100,2,2,15,0.1500000000,55186.6045666091,54917.2283436952,2099.2059351083,295.6768777171,0.4210526316,156.0048015591,32.7171769142,True,,False
S0055_R04,n100_p0.25_d3_uniform_Elow_V2.00_Hlong_PWmoderate_B0.10,5502030,100,3,3,19,0.1900000000,34840.6372240175,34561.2264024747,1097.8472240834,178.9094475269,0.5789473684,99.0144611796,115.1315321922,True,,True
S0055_R05,n100_p0.25_d3_uniform_Elow_V2.00_Hlong_PWmoderate_B0.10,5502031,100,0,0,0,,,,,,,,0.0906798840,False,,False
S0055_R05,n100_p0.25_d3_uniform_Elow_V2.00_Hlong_PWmoderate_B0.10,5502031,100,1,1,3,0.0300000000,75563.0047806555,75245.4224992843,3022.3451000142,307.0878650037,0.2857142857,157.4208770198,29.2735109329,True,,False
S0055_R05,n100_p0.25_d3_uniform_Elow_V2.00_Hlong_PWmoderate_B0.10,5502031,100,2,2,9,0.0900000000,60237.7502838565,59949.4159130236,2357.6665124173,300.8975800469,0.5000000000,125.3485652752,35.3981244564,True,,False
S0055_R05,n100_p0.25_d3_uniform_Elow_V2.00_Hlong_PWmoderate_B0.10,5502031,100,3,3,15,0.1500000000,40676.4633497548,40376.7017105016,1538.7984623239,196.1413424093,0.5714285714,94.2428137037,81.1461260319,True,,True
S0055_R06,n100_p0.25_d3_uniform_Elow_V2.00_Hlong_PWmoderate_B0.10,5502032,100,0,0,0,,,,,,,,0.1083245277,False,,False
S0055_R06,n100_p0.25_d3_uniform_Elow_V2.00_Hlong_PWmoderate_B0.10,5502032,100,1,1,4,0.0400000000,40918.2077608965,40598.6801786215,1440.6319416671,204.8032075186,0.3888888889,125.8108563476,33.8642392159,True,,False
S0055_R06,n100_p0.25_d3_uniform_Elow_V2.00_Hlong_PWmoderate_B0.10,5502032,100,2,2,9,0.0900000000,35906.7413107814,35596.2913454791,1287.8109413832,181.1335772488,0.3333333333,118.4357871688,35.6192581654,True,,False
S0055_R06,n100_p0.25_d3_uniform_Elow_V2.00_Hlong_PWmoderate_B0.10,5502032,100,3,3,12,0.1200000000,23663.1248789648,23387.4643653049,881.9934127138,156.6632875745,0.3888888889,93.6139418560,49.2676706314,True,,True
S0055_R07,n100_p0.25_d3_uniform_Elow_V2.00_Hlong_PWmoderate_B0.10,5502033,100,0,0,0,,,,,,,,0.1127052307,False,,False
S0055_R07,n100_p0.25_d3_uniform_Elow_V2.00_Hlong_PWmoderate_B0.10,5502033,100,1,1,2,0.0200000000,42405.1672592364,42149.0132909982,1419.0456115620,216.7742822810,0.4500000000,119.2855187283,15.1940782070,True,,False
S0055_R07,n100_p0.25_d3_uniform_Elow_V2.00_Hlong_PWmoderate_B0.10,5502033,100,2,2,7,0.0700000000,60241.7172908480,59911.1620704229,2171.8311564910,250.7257284946,0.3000000000,159.7907931199,32.8687005043,True,,False
S0055_R07,n100_p0.25_d3_uniform_Elow_V2.00_Hlong_PWmoderate_B0.10,5502033,100,3,3,14,0.1400000000,33742.6903201634,33436.3439446764,1440.2287865544,211.1029535038,0.3500000000,123.5229314500,32.7469513416,True,,True
S0055_R08,n100_p0.25_d3_uniform_Elow_V2.00_Hlong_PWmoderate_B0.10,5502034,100,0,0,0,,,,,,,,0.1572587490,False,,False
S0055_R08,n100_p0.25_d3_uniform_Elow_V2.00_Hlong_PWmoderate_B0.10,5502034,100,1,1,7,0.0700000000,55593.6659473512,55314.0777365162,2213.7158119079,278.5530537298,0.4583333333,139.6089839652,39.0928483009,True,,False
S0055_R08,n100_p0.25_d3_uniform_Elow_V2.00_Hlong_PWmoderate_B0.10,5502034,100,2,2,11,0.1100000000,44419.9323886750,44147.7363540366,1592.8946976943,253.9867129879,0.5833333333,108.0557412670,38.1654708385,True,,False
S0055_R08,n100_p0.25_d3_uniform_Elow_V2.00_Hlong_PWmoderate_B0.10,5502034,100,3,3,9,0.0900000000,46188.0875443528,45877.7902626761,1811.8126906652,234.2239523252,0.3750000000,121.0245721118,70.0698719025,True,,True
S0055_R09,n100_p0.25_d3_uniform_Elow_V2.00_Hlong_PWmoderate_B0.10,5502035,100,0,0,0,,,,,,,,0.0729136467,False,,False
S0055_R09,n100_p0.25_d3_uniform_Elow_V2.00_Hlong_PWmoderate_B0.10,5502035,100,1,1,3,0.0300000000,87142.7252393405,86845.2842952327,3721.7303996988,237.5599095492,0.1724137931,182.1190754136,25.2084085941,True,,False
S0055_R09,n100_p0.25_d3_uniform_Elow_V2.00_Hlong_PWmoderate_B0.10,5502035,100,2,2,8,0.0800000000,80877.7692472739,80586.7840071861,3449.6284214296,236.5153565540,0.2068965517,170.9523183028,32.7804765701,True,,False
S0055_R09,n100_p0.25_d3_uniform_Elow_V2.00_Hlong_PWmoderate_B0.10,5502035,100,3,3,15,0.1500000000,63006.3035488758,62719.0448591948,2457.0665934537,228.2273415856,0.3103448276,133.5217489456,80.6975035667,True,,True
S0055_R10,n100_p0.25_d3_uniform_Elow_V2.00_Hlong_PWmoderate_B0.10,5502036,100,0,0,0,,,,,,,,0.0965089798,False,,False
S0055_R10,n100_p0.25_d3_uniform_Elow_V2.00_Hlong_PWmoderate_B0.10,5502036,100,1,1,6,0.0600000000,29560.8536113399,29301.7602302719,698.3806894428,126.0113218453,0.5555555556,82.7507738071,23.3675723076,True,,False
S0055_R10,n100_p0.25_d3_uniform_Elow_V2.00_Hlong_PWmoderate_B0.10,5502036,100,2,2,9,0.0900000000,29751.3572783877,29494.7885472504,804.0890999393,200.4603830754,0.6666666667,85.3182247254,29.2264096737,True,,False
S0055_R10,n100_p0.25_d3_uniform_Elow_V2.00_Hlong_PWmoderate_B0.10,5502036,100,3,3,20,0.2000000000,26063.1828761459,25770.1598246944,753.8846783280,120.3642453191,0.4444444444,86.6299853983,60.8469276428,True,,True
S0056_R01,n100_p0.25_d3_uniform_Elow_V2.00_Hlong_PWstrict_B0.10,5602027,100,0,0,0,,,,,,,,0.0961713791,False,,False
S0056_R01,n100_p0.25_d3_uniform_Elow_V2.00_Hlong_PWstrict_B0.10,5602027,100,1,1,9,0.0900000000,224173.6425137499,223873.0100206601,783.6565971861,122.9184350551,0.5000000000,81.5787717298,34.5823881626,True,,False
S0056_R01,n100_p0.25_d3_uniform_Elow_V2.00_Hlong_PWstrict_B0.10,5602027,100,2,2,10,0.1000000000,227997.9732503401,227714.6219468525,802.4688765968,125.5019692250,0.5000000000,82.3810793536,34.5441620350,True,,False
S0056_R01,n100_p0.25_d3_uniform_Elow_V2.00_Hlong_PWstrict_B0.10,5602027,100,3,3,12,0.1200000000,241995.0682960405,241700.3288887366,897.8694546448,127.4991182194,0.5000000000,86.2254157955,79.2884757519,True,,True
S0056_R02,n100_p0.25_d3_uniform_Elow_V2.00_Hlong_PWstrict_B0.10,5602028,100,0,0,0,,,,,,,,0.0962448120,False,,False
S0056_R02,n100_p0.25_d3_uniform_Elow_V2.00_Hlong_PWstrict_B0.10,5602028,100,1,1,6,0.0600000000,375798.9176420452,375532.2573229715,1556.5275965392,252.8045191118,0.4210526316,127.9675535052,37.8333730698,True,,False
S0056_R02,n100_p0.25_d3_uniform_Elow_V2.00_Hlong_PWstrict_B0.10,5602028,100,2,2,10,0.1000000000,388072.2745061307,387795.1574966208,1630.5457580613,251.6677532247,0.4736842105,127.3940726068,43.8621764183,True,,False
S0056_R02,n100_p0.25_d3_uniform_Elow_V2.00_Hlong_PWstrict_B0.10,5602028,100,3,3,17,0.1700000000,329281.9978283633,329021.5958364199,1463.6431769437,201.1118231673,0.4210526316,123.7410461539,101.5115303993,True,,True
S0056_R03,n100_p0.25_d3_uniform_Elow_V2.00_Hlong_PWstrict_B0.10,5602029,100,0,0,0,,,,,,,,0.1079280376,False,,False
S0056_R03,n100_p0.25_d3_uniform_Elow_V2.00_Hlong_PWstrict_B0.10,5602029,100,1,1,6,0.0600000000,840268.9745025252,840088.0879331077,3546.0612080467,285.9469892390,0.1666666667,201.1323396667,21.9044551849,True,,False
S0056_R03,n100_p0.25_d3_uniform_Elow_V2.00_Hlong_PWstrict_B0.10,5602029,100,2,2,12,0.1200000000,613593.1201407022,613305.1896716872,2601.7087713084,247.1937854991,0.2916666667,158.7322122592,34.9698369503,True,,False
S0056_R03,n100_p0.25_d3_uniform_Elow_V2.00_Hlong_PWstrict_B0.10,5602029,100,3,3,14,0.1400000000,658583.6234493093,658338.0675662766,2623.8714134082,288.0674626428,0.2083333333,161.3279677236,54.8683795929,True,,True
S0056_R04,n100_p0.25_d3_uniform_Elow_V2.00_Hlong_PWstrict_B0.10,5602030,100,0,0,0,,,,,,,,0.1058635712,False,,False
S0056_R04,n100_p0.25_d3_uniform_Elow_V2.00_Hlong_PWstrict_B0.10,5602030,100,1,1,3,0.0300000000,459149.9842199953,458891.7404655882,1821.0243673964,242.9448002962,0.4000000000,137.1405819322,21.6342787743,True,,False
S0056_R04,n100_p0.25_d3_uniform_Elow_V2.00_Hlong_PWstrict_B0.10,5602030,100,2,2,10,0.1000000000,504155.1057615068,503870.2252261505,2180.5291110636,262.9396432750,0.4000000000,155.2662094729,30.8003237247,True,,False
S0056_R04,n100_p0.25_d3_uniform_Elow_V2.00_Hlong_PWstrict_B0.10,5602030,100,3,3,11,0.1100000000,250772.8232449363,250482.9594831145,952.0803884734,164.3158761897,0.5500000000,92.0154936190,63.6382546425,True,,True
S0056_R05,n100_p0.25_d3_uniform_Elow_V2.00_Hlong_PWstrict_B0.10,5602031,100,0,0,0,,,,,,,,0.1120436192,False,,False
S0056_R05,n100_p0.25_d3_uniform_Elow_V2.00_Hlong_PWstrict_B0.10,5602031,100,1,1,3,0.0300000000,390461.8458264252,390156.0746464228,1386.6443751029,168.6748149573,0.2857142857,117.0181994384,22.5805613995,True,,False
S0056_R05,n100_p0.25_d3_uniform_Elow_V2.00_Hlong_PWstrict_B0.10,5602031,100,2,2,14,0.1400000000,333457.0569344962,333189.4438056364,1227.8926480408,160.1161931552,0.5238095238,101.3691406005,33.0598008633,True,,False
S0056_R05,n100_p0.25_d3_uniform_Elow_V2.00_Hlong_PWstrict_B0.10,5602031,100,3,3,17,0.1700000000,236325.7783360177,236029.0586709860,1056.7698815230,182.4478286086,0.4761904762,93.4735554445,87.4081096649,True,,True
S0056_R06,n100_p0.25_d3_uniform_Elow_V2.00_Hlong_PWstrict_B0.10,5602032,100,0,0,0,,,,,,,,0.0733242035,False,,False
S0056_R06,n100_p0.25_d3_uniform_Elow_V2.00_Hlong_PWstrict_B0.10,5602032,100,1,1,4,0.0400000000,564749.2338450283,564462.8559022620,2334.4258843428,299.8627458059,0.2857142857,159.9180315343,27.3911719322,True,,False
S0056_R06,n100_p0.25_d3_uniform_Elow_V2.00_Hlong_PWstrict_B0.10,5602032,100,2,2,9,0.0900000000,517465.5418918539,517171.2508950280,2085.4235590112,309.6516163570,0.3333333333,147.6383042196,30.9391148090,True,,False
S0056_R06,n100_p0.25_d3_uniform_Elow_V2.00_Hlong_PWstrict_B0.10,5602032,100,3,3,12,0.1200000000,500979.5073112278,500725.5709636974,2041.7885657688,268.5528623923,0.3809523810,143.3603814085,42.5395381451,True,,True
S0056_R07,n100_p0.25_d3_uniform_Elow_V2.00_Hlong_PWstrict_B0.10,5602033,100,0,0,0,,,,,,,,0.0819163322,False,,False
S0056_R07,n100_p0.25_d3_uniform_Elow_V2.00_Hlong_PWstrict_B0.10,5602033,100,1,1,6,0.0600000000,527171.1947068673,526986.5006197334,1951.6918678224,188.5682877341,0.5000000000,111.2134881660,35.4029264450,True,,False
S0056_R07,n100_p0.25_d3_uniform_Elow_V2.00_Hlong_PWstrict_B0.10,5602033,100,2,2,15,0.1500000000,355041.7714465481,354764.5309296484,1305.4654916402,159.4520790707,0.5714285714,85.9705197841,36.4153730869,True,,False
S0056_R07,n100_p0.25_d3_uniform_Elow_V2.00_Hlong_PWstrict_B0.10,5602033,100,3,3,18,0.1800000000,213478.5677626969,213198.6398714348,721.0141780026,64.3572148417,0.6071428571,62.3715588963,39.4033012390,True,,True
S0056_R08,n100_p0.25_d3_uniform_Elow_V2.00_Hlong_PWstrict_B0.10,5602034,100,0,0,0,,,,,,,,0.0628995895,False,,False
S0056_R08,n100_p0.25_d3_uniform_Elow_V2.00_Hlong_PWstrict_B0.10,5602034,100,1,1,5,0.0500000000,615216.8471906976,614937.1171743905,2558.5888518759,269.9419618282,0.3076923077,147.4958208900,25.4373362064,True,,False
S0056_R08,n100_p0.25_d3_uniform_Elow_V2.00_Hlong_PWstrict_B0.10,5602034,100,2,2,8,0.0800000000,621461.4838900713,621168.7315533679,2562.3231467217,294.6716339075,0.3461538462,145.6642834785,27.6600933075,True,,False
S0056_R08,n100_p0.25_d3_uniform_Elow_V2.00_Hlong_PWstrict_B0.10,5602034,100,3,3,15,0.1500000000,606587.4821994025,606327.4080778721,2635.6586035790,253.5517836658,0.3461538462,151.3030184939,131.6552662849,True,,True
S0056_R09,n100_p0.25_d3_uniform_Elow_V2.00_Hlong_PWstrict_B0.10,5602035,100,0,0,0,,,,,,,,0.0630352497,False,,False
S0056_R09,n100_p0.25_d3_uniform_Elow_V2.00_Hlong_PWstrict_B0.10,5602035,100,1,1,7,0.0700000000,815168.4843184097,814866.7323818576,3368.8251447147,293.0328075476,0.1818181818,206.4962744580,23.7070543766,True,,False
S0056_R09,n100_p0.25_d3_uniform_Elow_V2.00_Hlong_PWstrict_B0.10,5602035,100,2,2,13,0.1300000000,495526.3093908838,495251.8393481242,2152.2310196139,203.4688424066,0.2727272727,149.6566470519,31.3258907795,True,,False
S0056_R09,n100_p0.25_d3_uniform_Elow_V2.00_Hlong_PWstrict_B0.10,5602035,100,3,3,18,0.1800000000,395412.4787593296,395134.2697070075,1661.1831931508,170.8488109441,0.3181818182,124.1950689435,101.1654853821,True,,True
S0056_R10,n100_p0.25_d3_uniform_Elow_V2.00_Hlong_PWstrict_B0.10,5602036,100,0,0,0,,,,,,,,0.0771808624,False,,False
S0056_R10,n100_p0.25_d3_uniform_Elow_V2.00_Hlong_PWstrict_B0.10,5602036,100,1,1,3,0.0300000000,709552.9740844318,709252.8730089886,3193.5148136270,280.5890117093,0.2727272727,195.9072972911,19.3357264996,True,,False
S0056_R10,n100_p0.25_d3_uniform_Elow_V2.00_Hlong_PWstrict_B0.10,5602036,100,2,2,7,0.0700000000,586866.2757646014,586541.1178276377,2616.1381513324,250.9459287855,0.3181818182,169.0507807799,24.9851391315,True,,False
S0056_R10,n100_p0.25_d3_uniform_Elow_V2.00_Hlong_PWstrict_B0.10,5602036,100,3,3,12,0.1200000000,456153.9923016884,455833.5811936967,2109.4567733134,215.7929067635,0.3181818182,144.6469106574,54.3432073593,True,,True
S0057_R01,n100_p0.25_d3_uniform_Emedium_V1.25_Hshort_PWbase_B0.10,5702027,100,0,0,0,,,,,,,,0.0789575577,False,,False
S0057_R01,n100_p0.25_d3_uniform_Emedium_V1.25_Hshort_PWbase_B0.10,5702027,100,1,1,5,0.0500000000,221816.2046333847,221543.6454645610,1699.4338607149,279.9929608472,0.3333333333,143.6881384418,28.7490882874,True,,False
S0057_R01,n100_p0.25_d3_uniform_Emedium_V1.25_Hshort_PWbase_B0.10,5702027,100,2,2,9,0.0900000000,265031.1095315415,264820.3234058528,2070.2676986344,298.4972094782,0.2777777778,165.3521391516,26.3320176601,True,,False
S0057_R01,n100_p0.25_d3_uniform_Emedium_V1.25_Hshort_PWbase_B0.10,5702027,100,3,3,9,0.0900000000,150815.1931604530,150529.6620791571,1240.5085749941,212.1896892369,0.3333333333,121.0964341741,97.0537598133,True,,True
S0057_R02,n100_p0.25_d3_uniform_Emedium_V1.25_Hshort_PWbase_B0.10,5702028,100,0,0,0,,,,,,,,0.1024866104,False,,False
S0057_R02,n100_p0.25_d3_uniform_Emedium_V1.25_Hshort_PWbase_B0.10,5702028,100,1,1,6,0.0600000000,165881.6051991858,165576.0615994433,1368.9481746048,243.7065563197,0.4166666667,161.4506914324,27.9190957546,True,,False
S0057_R02,n100_p0.25_d3_uniform_Emedium_V1.25_Hshort_PWbase_B0.10,5702028,100,2,2,8,0.0800000000,179704.6437985924,179390.9399617254,1492.8926757690,239.4593850082,0.2500000000,175.4642388864,29.2298736572,True,,False
S0057_R02,n100_p0.25_d3_uniform_Emedium_V1.25_Hshort_PWbase_B0.10,5702028,100,3,3,11,0.1100000000,78866.8090876512,78575.4763355396,617.5708278533,89.5817725844,0.3333333333,103.5108255207,87.1266007423,True,,True
S0057_R03,n100_p0.25_d3_uniform_Emedium_V1.25_Hshort_PWbase_B0.10,5702029,100,0,0,0,,,,,,,,0.0648047924,False,,False
S0057_R03,n100_p0.25_d3_uniform_Emedium_V1.25_Hshort_PWbase_B0.10,5702029,100,1,1,2,0.0200000000,239101.3421707027,238780.8492987358,1971.3265644663,238.0031611903,0.2857142857,145.8977195924,20.2096879482,True,,False
S0057_R03,n100_p0.25_d3_uniform_Emedium_V1.25_Hshort_PWbase_B0.10,5702029,100,2,2,10,0.1000000000,264498.8841999389,264242.5567468247,2267.4970083568,246.9396310380,0.3333333333,159.7430513890,18.8098812103,True,,False
S0057_R03,n100_p0.25_d3_uniform_Emedium_V1.25_Hshort_PWbase_B0.10,5702029,100,3,3,15,0.1500000000,227140.0798649111,226882.1311321074,1940.1519755048,231.9064137962,0.2857142857,142.9621537689,57.9703044891,True,,True
S0057_R04,n100_p0.25_d3_uniform_Emedium_V1.25_Hshort_PWbase_B0.10,5702030,100,0,0,0,,,,,,,,0.0533750057,False,,False
S0057_R04,n100_p0.25_d3_uniform_Emedium_V1.25_Hshort_PWbase_B0.10,5702030,100,1,1,8,0.0800000000,240800.5803021451,240537.3077947150,1987.2710136103,239.7128666764,0.3000000000,149.6892588737,27.2879872322,True,,False
S0057_R04,n100_p0.25_d3_uniform_Emedium_V1.25_Hshort_PWbase_B0.10,5702030,100,2,2,9,0.0900000000,270133.4079999864,269925.0842877492,2225.1000405339,257.3809375348,0.3000000000,162.6725958501,25.8364875317,True,,False
S0057_R04,n100_p0.25_d3_uniform_Emedium_V1.25_Hshort_PWbase_B0.10,5702030,100,3,3,14,0.1400000000,220299.9028114386,219987.5659002435,1852.8943147313,213.6483019910,0.3500000000,143.4728517157,107.2677829266,True,,True
S0057_R05,n100_p0.25_d3_uniform_Emedium_V1.25_Hshort_PWbase_B0.10,5702031,100,0,0,0,,,,,,,,0.1035764217,False,,False
S0057_R05,n100_p0.25_d3_uniform_Emedium_V1.25_Hshort_PWbase_B0.10,5702031,100,1,1,5,0.0500000000,203396.8632191233,203114.2883011814,1824.9904324619,285.5499809477,0.3636363636,133.2083720507,15.3199670315,True,,False
S0057_R05,n100_p0.25_d3_uniform_Emedium_V1.25_Hshort_PWbase_B0.10,5702031,100,2,2,10,0.1000000000,196452.1434620665,196204.7705828017,1741.7382275261,277.8625971118,0.4090909091,127.7355622148,19.4387423992,True,,False
S0057_R05,n100_p0.25_d3_uniform_Emedium_V1.25_Hshort_PWbase_B0.10,5702031,100,3,3,13,0.1300000000,182180.2251483616,181853.5572432219,1660.7727548882,212.8341509410,0.4545454545,122.0631906926,80.1172070503,True,,True
S0057_R06,n100_p0.25_d3_uniform_Emedium_V1.25_Hshort_PWbase_B0.10,5702032,100,0,0,0,,,,,,,,0.0556526184,False,,False
S0057_R06,n100_p0.25_d3_uniform_Emedium_V1.25_Hshort_PWbase_B0.10,5702032,100,1,1,3,0.0300000000,244924.5779464374,244640.6394701682,1946.5976385909,224.1037249968,0.2777777778,162.1335332748,17.6456704140,True,,False
S0057_R06,n100_p0.25_d3_uniform_Emedium_V1.25_Hshort_PWbase_B0.10,5702032,100,2,2,8,0.0800000000,242236.2743043192,241944.5457666272,1949.9968714360,217.0397134230,0.2777777778,159.0776538749,21.8846802711,True,,False
S0057_R06,n100_p0.25_d3_uniform_Emedium_V1.25_Hshort_PWbase_B0.10,5702032,100,3,3,13,0.1300000000,89257.3916717692,89000.7221571812,784.9105356894,120.4069915469,0.3333333333,93.2966225831,36.8646905422,True,,True
S0057_R07,n100_p0.25_d3_uniform_Emedium_V1.25_Hshort_PWbase_B0.10,5702033,100,0,0,0,,,,,,,,0.0565412045,False,,False
S0057_R07,n100_p0.25_d3_uniform_Emedium_V1.25_Hshort_PWbase_B0.10,5702033,100,1,1,2,0.0200000000,307206.1740325641,306905.9529715552,2453.9147153800,320.3188188212,0.2000000000,174.8617054674,17.7411994934,True,,False
S0057_R07,n100_p0.25_d3_uniform_Emedium_V1.25_Hshort_PWbase_B0.10,5702033,100,2,2,3,0.0300000000,328307.7689909912,328109.3181350864,2613.9214078974,352.0245826880,0.2500000000,180.9423379921,31.7496151924,True,,False
S0057_R07,n100_p0.25_d3_uniform_Emedium_V1.25_Hshort_PWbase_B0.10,5702033,100,3,3,12,0.1200000000,171205.6978962605,170932.8992539076,1242.8122332173,188.5490285397,0.5000000000,106.6849883768,70.0490736961,True,,True
S0057_R08,n100_p0.25_d3_uniform_Emedium_V1.25_Hshort_PWbase_B0.10,5702034,100,0,0,0,,,,,,,,0.0913469791,False,,False
S0057_R08,n100_p0.25_d3_uniform_Emedium_V1.25_Hshort_PWbase_B0.10,5702034,100,1,1,6,0.0600000000,211203.7743078838,210941.8445730353,1635.6461925613,209.6412820575,0.3478260870,122.5238729738,25.5221383572,True,,False
S0057_R08,n100_p0.25_d3_uniform_Emedium_V1.25_Hshort_PWbase_B0.10,5702034,100,2,2,9,0.0900000000,404551.6107291628,404335.4501627142,3384.2176004590,292.0681658353,0.2608695652,199.0571719004,22.0470724106,True,,False
S0057_R08,n100_p0.25_d3_uniform_Emedium_V1.25_Hshort_PWbase_B0.10,5702034,100,3,3,16,0.1600000000,302980.8565663108,302714.5952997920,2611.3297401059,239.7115739262,0.3043478261,162.9751637478,75.8674826622,True,,True
S0057_R09,n100_p0.25_d3_uniform_Emedium_V1.25_Hshort_PWbase_B0.10,5702035,100,0,0,0,,,,,,,,0.0782713890,False,,False
S0057_R09,n100_p0.25_d3_uniform_Emedium_V1.25_Hshort_PWbase_B0.10,5702035,100,1,1,4,0.0400000000,194697.4966645591,194391.4427480473,1396.5482579911,231.1557251658,0.2307692308,159.2738837404,21.0342845917,True,,False
S0057_R09,n100_p0.25_d3_uniform_Emedium_V1.25_Hshort_PWbase_B0.10,5702035,100,2,2,9,0.0900000000,176973.9434464370,176684.5890735660,1353.3795247066,231.7389085063,0.3076923077,152.6172488463,26.7264139652,True,,False
S0057_R09,n100_p0.25_d3_uniform_Emedium_V1.25_Hshort_PWbase_B0.10,5702035,100,3,3,12,0.1200000000,78014.0991151264,77728.6612627552,508.1224133208,156.9341992170,0.6923076923,85.0464212364,48.9875528812,True,,True
S0057_R10,n100_p0.25_d3_uniform_Emedium_V1.25_Hshort_PWbase_B0.10,5702036,100,0,0,0,,,,,,,,0.0840339661,False,,False
S0057_R10,n100_p0.25_d3_uniform_Emedium_V1.25_Hshort_PWbase_B0.10,5702036,100,1,1,3,0.0300000000,301266.3674295617,300962.7168921096,2440.8385950657,295.3640676603,0.2941176471,194.1227951163,22.3139421940,True,,False
S0057_R10,n100_p0.25_d3_uniform_Emedium_V1.25_Hshort_PWbase_B0.10,5702036,100,2,2,6,0.0600000000,336816.9525592546,336601.4891631622,2584.7172060258,312.2753417754,0.2941176471,202.5862428199,17.4798891544,True,,False
S0057_R10,n100_p0.25_d3_uniform_Emedium_V1.25_Hshort_PWbase_B0.10,5702036,100,3,3,12,0.1200000000,232748.2148486196,232472.9116118980,1951.5337752530,270.3293501433,0.3529411765,162.7951580320,59.0119497776,True,,True
S0058_R01,n100_p0.25_d3_uniform_Emedium_V1.25_Hlong_PWmoderate_B0.10,5802027,100,0,0,0,,,,,,,,0.0807645321,False,,False
S0058_R01,n100_p0.25_d3_uniform_Emedium_V1.25_Hlong_PWmoderate_B0.10,5802027,100,1,1,3,0.0300000000,69292.1733523308,68994.5264639799,2827.2968617027,278.8041889876,0.2500000000,153.7099270960,19.5088570118,True,,False
S0058_R01,n100_p0.25_d3_uniform_Emedium_V1.25_Hlong_PWmoderate_B0.10,5802027,100,2,2,10,0.1000000000,77221.8635145685,76911.5251926251,3378.1955524448,281.7979602156,0.2142857143,174.6971491191,28.0238933563,True,,False
S0058_R01,n100_p0.25_d3_uniform_Emedium_V1.25_Hlong_PWmoderate_B0.10,5802027,100,3,3,14,0.1400000000,50691.9562543745,50434.0904278523,2139.2448859397,216.9622931780,0.3571428571,125.4319740826,27.3208572865,True,,True
S0058_R02,n100_p0.25_d3_uniform_Emedium_V1.25_Hlong_PWmoderate_B0.10,5802028,100,0,0,0,,,,,,,,0.0772631168,False,,False
S0058_R02,n100_p0.25_d3_uniform_Emedium_V1.25_Hlong_PWmoderate_B0.10,5802028,100,1,1,5,0.0500000000,95372.3602884039,95176.9038913938,3776.9667065830,330.0377072093,0.1666666667,212.7976389933,13.9294188023,True,,False
S0058_R02,n100_p0.25_d3_uniform_Emedium_V1.25_Hlong_PWmoderate_B0.10,5802028,100,2,2,9,0.0900000000,85814.3692160942,85596.3450655557,3403.2248019178,314.2386730553,0.2083333333,196.1232183367,20.8938612938,True,,False
S0058_R02,n100_p0.25_d3_uniform_Emedium_V1.25_Hlong_PWmoderate_B0.10,5802028,100,3,3,15,0.1500000000,43866.3727146965,43554.6877351974,1746.5308680903,234.6776125973,0.4166666667,122.6072698788,55.2808487415,True,,True
S0058_R03,n100_p0.25_d3_uniform_Emedium_V1.25_Hlong_PWmoderate_B0.10,5802029,100,0,0,0,,,,,,,,0.0873005390,False,,False
S0058_R03,n100_p0.25_d3_uniform_Emedium_V1.25_Hlong_PWmoderate_B0.10,5802029,100,1,1,3,0.0300000000,45725.5700360669,45423.4770894765,1617.7773118105,279.6966789225,0.2307692308,174.9780354379,20.1814327240,True,,False
S0058_R03,n100_p0.25_d3_uniform_Emedium_V1.25_Hlong_PWmoderate_B0.10,5802029,100,2,2,8,0.0800000000,41261.7510809078,40987.6575901998,1565.7937821881,219.3608267668,0.1538461538,174.7465467854,31.5552337170,True,,False
S0058_R03,n100_p0.25_d3_uniform_Emedium_V1.25_Hlong_PWmoderate_B0.10,5802029,100,3,3,7,0.0700000000,25925.6421910904,25643.8760266355,1030.8403791318,191.3389726446,0.0769230769,136.5912303460,107.0309431553,True,,True
S0058_R04,n100_p0.25_d3_uniform_Emedium_V1.25_Hlong_PWmoderate_B0.10,5802030,100,0,0,0,,,,,,,,0.0745275021,False,,False
S0058_R04,n100_p0.25_d3_uniform_Emedium_V1.25_Hlong_PWmoderate_B0.10,5802030,100,1,1,4,0.0400000000,44347.5896314149,44063.4512417744,1220.6422600234,135.9579749160,0.3684210526,110.7779407728,23.3267679214,True,,False
S0058_R04,n100_p0.25_d3_uniform_Emedium_V1.25_Hlong_PWmoderate_B0.10,5802030,100,2,2,8,0.0800000000,50823.9211237967,50528.5956001831,1629.4642273023,220.2855665883,0.3684210526,133.5290501237,27.0069441795,True,,False
S0058_R04,n100_p0.25_d3_uniform_Emedium_V1.25_Hlong_PWmoderate_B0.10,5802030,100,3,3,10,0.1000000000,38557.7825493102,38278.5359067835,1369.3150641338,197.8525370020,0.3157894737,119.3799827808,59.9688224792,True,,True
S0058_R05,n100_p0.25_d3_uniform_Emedium_V1.25_Hlong_PWmoderate_B0.10,5802031,100,0,0,0,,,,,,,,0.0843176842,False,,False
S0058_R05,n100_p0.25_d3_uniform_Emedium_V1.25_Hlong_PWmoderate_B0.10,5802031,100,1,1,10,0.1000000000,82649.0131471206,82437.2783112473,3412.8316538472,295.0614515117,0.1818181818,208.3628209354,22.6968476772,True,,False
S0058_R05,n100_p0.25_d3_uniform_Emedium_V1.25_Hlong_PWmoderate_B0.10,5802031,100,2,2,12,0.1200000000,79814.9453797713,79592.8573566094,3310.4034395181,287.6609740791,0.1818181818,203.7069930114,26.1937472820,True,,False
S0058_R05,n100_p0.25_d3_uniform_Emedium_V1.25_Hlong_PWmoderate_B0.10,5802031,100,3,3,16,0.1600000000,50226.1859111779,49908.6306346058,1945.3333992902,244.0421535836,0.4090909091,137.8452864830,93.6233370304,True,,True
S0058_R06,n100_p0.25_d3_uniform_Emedium_V1.25_Hlong_PWmoderate_B0.10,5802032,100,0,0,0,,,,,,,,0.0750582218,False,,False
S0058_R06,n100_p0.25_d3_uniform_Emedium_V1.25_Hlong_PWmoderate_B0.10,5802032,100,1,1,4,0.0400000000,72564.7027339408,72265.7569949694,2835.6376335903,323.7839593191,0.3500000000,190.7990265319,19.0768082142,True,,False
S0058_R06,n100_p0.25_d3_uniform_Emedium_V1.25_Hlong_PWmoderate_B0.10,5802032,100,2,2,9,0.0900000000,80687.5160310149,80399.6461055302,3364.2108793484,326.9265161776,0.3000000000,217.6023902302,24.3463096619,True,,False
S0058_R06,n100_p0.25_d3_uniform_Emedium_V1.25_Hlong_PWmoderate_B0.10,5802032,100,3,3,10,0.1000000000,34259.3253572795,34003.0462664602,1248.7542281606,205.6551834979,0.4500000000,105.0586371183,135.4627809525,True,,True
S0058_R07,n100_p0.25_d3_uniform_Emedium_V1.25_Hlong_PWmoderate_B0.10,5802033,100,0,0,0,,,,,,,,0.0685443878,False,,False
S0058_R07,n100_p0.25_d3_uniform_Emedium_V1.25_Hlong_PWmoderate_B0.10,5802033,100,1,1,7,0.0700000000,44170.8851491636,43896.2607214861,1613.7499934636,170.2652542502,0.2727272727,125.2804389096,23.0300936699,True,,False
S0058_R07,n100_p0.25_d3_uniform_Emedium_V1.25_Hlong_PWmoderate_B0.10,5802033,100,2,2,13,0.1300000000,38936.9719524613,38678.1750846542,1275.8180415263,151.8559183784,0.4545454545,105.9222553677,23.8108236790,True,,False
S0058_R07,n100_p0.25_d3_uniform_Emedium_V1.25_Hlong_PWmoderate_B0.10,5802033,100,3,3,16,0.1600000000,48785.0741302648,48499.8330866090,1927.7626043068,234.3701675388,0.4545454545,134.9377245482,111.3807771206,True,,True
S0058_R08,n100_p0.25_d3_uniform_Emedium_V1.25_Hlong_PWmoderate_B0.10,5802034,100,0,0,0,,,,,,,,0.0694882870,False,,False
S0058_R08,n100_p0.25_d3_uniform_Emedium_V1.25_Hlong_PWmoderate_B0.10,5802034,100,1,1,6,0.0600000000,82967.9414730396,82764.4440303504,3471.4651292329,307.2359295484,0.2692307692,185.3134158633,11.6982028484,True,,False
S0058_R08,n100_p0.25_d3_uniform_Emedium_V1.25_Hlong_PWmoderate_B0.10,5802034,100,2,2,10,0.1000000000,82080.1401118885,81842.2501561860,3379.8782859697,301.7369520091,0.2692307692,181.0130265115,15.2471585274,True,,False
S0058_R08,n100_p0.25_d3_uniform_Emedium_V1.25_Hlong_PWmoderate_B0.10,5802034,100,3,3,12,0.1200000000,78786.1912011494,78501.4800528828,3416.2669721059,287.3816031569,0.2692307692,183.1406441794,43.9868505001,True,,True
S0058_R09,n100_p0.25_d3_uniform_Emedium_V1.25_Hlong_PWmoderate_B0.10,5802035,100,0,0,0,,,,,,,,0.0824532509,False,,False
S0058_R09,n100_p0.25_d3_uniform_Emedium_V1.25_Hlong_PWmoderate_B0.10,5802035,100,1,1,4,0.0400000000,60856.1682370080,60557.3744090700,2620.2215623005,278.7515421996,0.2608695652,165.1659410448,23.2118022442,True,,False
S0058_R09,n100_p0.25_d3_uniform_Emedium_V1.25_Hlong_PWmoderate_B0.10,5802035,100,2,2,9,0.0900000000,60107.9330600211,59827.3780571944,2502.6611692310,278.9886080909,0.3043478261,158.1774299240,28.2785079479,True,,False
S0058_R09,n100_p0.25_d3_uniform_Emedium_V1.25_Hlong_PWmoderate_B0.10,5802035,100,3,3,11,0.1100000000,49470.1694191853,49220.2598237027,2044.1185234157,229.8961199777,0.4347826087,134.0245996228,51.1894061565,True,,True
S0058_R10,n100_p0.25_d3_uniform_Emedium_V1.25_Hlong_PWmoderate_B0.10,5802036,100,0,0,0,0.0000000000,107038.5589163784,106427.5986518369,4304.4078187886,352.4742374104,0.1250000000,236.0036084258,0.0755388737,True,,False
S0058_R10,n100_p0.25_d3_uniform_Emedium_V1.25_Hlong_PWmoderate_B0.10,5802036,100,1,1,3,0.0300000000,19859.7082205606,19568.1155836699,828.7048367985,112.5923146233,0.4166666667,84.2984597426,3.6211161613,True,,False
S0058_R10,n100_p0.25_d3_uniform_Emedium_V1.25_Hlong_PWmoderate_B0.10,5802036,100,2,2,4,0.0400000000,17387.4291423928,17089.4935583734,704.7737355336,108.5483600526,0.4583333333,77.5993708436,4.8367238045,True,,False
S0058_R10,n100_p0.25_d3_uniform_Emedium_V1.25_Hlong_PWmoderate_B0.10,5802036,100,3,2,4,0.0400000000,17387.4291423928,17089.4935583734,704.7737355336,108.5483600526,0.4583333333,77.5993708436,53.3743224144,True,,True
S0059_R01,n100_p0.25_d3_uniform_Emedium_V2.00_Hshort_PWflat_B0.10,5902027,100,0,0,0,,,,,,,,0.0841996670,False,,False
S0059_R01,n100_p0.25_d3_uniform_Emedium_V2.00_Hshort_PWflat_B0.10,5902027,100,1,1,6,0.0600000000,7145.0846768580,6943.2275860093,2144.1070224266,257.1997146612,0.3478260870,143.5609656988,13.3839852810,True,,False
S0059_R01,n100_p0.25_d3_uniform_Emedium_V2.00_Hshort_PWflat_B0.10,5902027,100,2,2,17,0.1700000000,4901.2381486261,4628.2104100327,1816.5753284682,230.1430635631,0.3913043478,129.5115430417,27.0628178120,True,,False
S0059_R01,n100_p0.25_d3_uniform_Emedium_V2.00_Hshort_PWflat_B0.10,5902027,100,3,3,22,0.2200000000,4090.5061491571,3811.5483755668,1997.2323989179,249.3162802789,0.3478260870,134.5204379655,144.9492380619,True,,True
S0059_R02,n100_p0.25_d3_uniform_Emedium_V2.00_Hshort_PWflat_B0.10,5902028,100,0,0,0,,,,,,,,0.0574624538,False,,False
S0059_R02,n100_p0.25_d3_uniform_Emedium_V2.00_Hshort_PWflat_B0.10,5902028,100,1,1,13,0.1300000000,5810.7485339777,5533.1211837671,1983.8536785972,249.5591383146,0.2222222222,166.6102206575,23.4640569687,True,,False
S0059_R02,n100_p0.25_d3_uniform_Emedium_V2.00_Hshort_PWflat_B0.10,5902028,100,2,2,17,0.1700000000,5657.3844813058,5370.5747076511,1829.6054290077,228.7430208613,0.2777777778,152.0982942703,30.6253738403,True,,False
S0059_R02,n100_p0.25_d3_uniform_Emedium_V2.00_Hshort_PWflat_B0.10,5902028,100,3,3,22,0.2200000000,2652.7070851861,2366.9241774675,1292.8148405782,185.6569367248,0.4444444444,119.8282552646,101.1092689037,True,,True
S0059_R03,n100_p0.25_d3_uniform_Emedium_V2.00_Hshort_PWflat_B0.10,5902029,100,0,0,0,,,,,,,,0.0751602650,False,,False
S0059_R03,n100_p0.25_d3_uniform_Emedium_V2.00_Hshort_PWflat_B0.10,5902029,100,1,1,3,0.0300000000,9319.5775262577,9110.8157123542,4168.7232442436,339.1712794996,0.1111111111,211.0322541863,11.0521469116,True,,False
S0059_R03,n100_p0.25_d3_uniform_Emedium_V2.00_Hshort_PWflat_B0.10,5902029,100,2,2,10,0.1000000000,7740.3329642977,7506.9503733341,3261.3820778914,324.9345192669,0.2962962963,172.3538275632,19.1529052258,True,,False
S0059_R03,n100_p0.25_d3_uniform_Emedium_V2.00_Hshort_PWflat_B0.10,5902029,100,3,3,17,0.1700000000,5467.7370190846,5173.1339327613,2534.8385410901,278.7888409668,0.3333333333,144.3741870051,55.4441175461,True,,True
S0059_R04,n100_p0.25_d3_uniform_Emedium_V2.00_Hshort_PWflat_B0.10,5902030,100,0,0,0,,,,,,,,0.0593883991,False,,False
S0059_R04,n100_p0.25_d3_uniform_Emedium_V2.00_Hshort_PWflat_B0.10,5902030,100,1,1,9,0.0900000000,5746.0882480043,5541.8978748210,1690.5844083295,294.9836890310,0.5000000000,133.1629849244,22.9992859364,True,,False
S0059_R04,n100_p0.25_d3_uniform_Emedium_V2.00_Hshort_PWflat_B0.10,5902030,100,2,2,17,0.1700000000,4531.0696487994,4295.4370929817,1546.8726614119,273.7017804029,0.5000000000,121.1532777416,30.1638443470,True,,False
S0059_R04,n100_p0.25_d3_uniform_Emedium_V2.00_Hshort_PWflat_B0.10,5902030,100,3,3,20,0.2000000000,3679.5146717234,3424.7347376102,1174.8170690176,222.4013445501,0.6500000000,100.4750537227,51.7047059536,True,,True
S0059_R05,n100_p0.25_d3_uniform_Emedium_V2.00_Hshort_PWflat_B0.10,5902031,100,0,0,0,,,,,,,,0.0838470459,False,,False
S0059_R05,n100_p0.25_d3_uniform_Emedium_V2.00_Hshort_PWflat_B0.10,5902031,100,1,1,12,0.1200000000,5872.5814197692,5557.8598308641,2530.2352076490,307.3119949591,0.2000000000,180.7789656724,27.9258031845,True,,False
S0059_R05,n100_p0.25_d3_uniform_Emedium_V2.00_Hshort_PWflat_B0.10,5902031,100,2,2,21,0.2100000000,4970.4131613136,4695.9362316476,2086.8886928742,292.2562311045,0.5000000000,147.1515404867,35.6732289791,True,,False
S0059_R05,n100_p0.25_d3_uniform_Emedium_V2.00_Hshort_PWflat_B0.10,5902031,100,3,3,20,0.2000000000,1873.0045932790,1595.1344878326,837.5888890812,158.4133280319,0.5000000000,86.0799657583,47.4204659462,True,,True
S0059_R06,n100_p0.25_d3_uniform_Emedium_V2.00_Hshort_PWflat_B0.10,5902032,100,0,0,0,,,,,,,,0.0653340816,False,,False
S0059_R06,n100_p0.25_d3_uniform_Emedium_V2.00_Hshort_PWflat_B0.10,5902032,100,1,1,8,0.0800000000,4983.4433954405,4702.8198904522,1881.4084406455,241.6971754641,0.3913043478,130.5582786237,24.2996172905,True,,False
S0059_R06,n100_p0.25_d3_uniform_Emedium_V2.00_Hshort_PWflat_B0.10,5902032,100,2,2,18,0.1800000000,4868.4519125720,4611.8399167233,2031.1404556730,241.4867028070,0.4782608696,133.6990710672,27.9941596985,True,,False
S0059_R06,n100_p0.25_d3_uniform_Emedium_V2.00_Hshort_PWflat_B0.10,5902032,100,3,3,24,0.2400000000,4716.2905506005,4433.6421688871,1855.5201986018,236.7887202105,0.4347826087,127.0490593372,44.0588154793,True,,True
S0059_R07,n100_p0.25_d3_uniform_Emedium_V2.00_Hshort_PWflat_B0.10,5902033,100,0,0,0,,,,,,,,0.0573816299,False,,False
S0059_R07,n100_p0.25_d3_uniform_Emedium_V2.00_Hshort_PWflat_B0.10,5902033,100,1,1,11,0.1100000000,5716.1205546789,5440.4051532572,1626.8698531039,265.4588626959,0.4444444444,137.9517305932,21.1887831688,True,,False
S0059_R07,n100_p0.25_d3_uniform_Emedium_V2.00_Hshort_PWflat_B0.10,5902033,100,2,2,19,0.1900000000,5263.4730577395,5006.6261038918,1405.7912408900,263.3577399338,0.5555555556,121.4399558162,26.8953716755,True,,False
S0059_R07,n100_p0.25_d3_uniform_Emedium_V2.00_Hshort_PWflat_B0.10,5902033,100,3,3,20,0.2000000000,5024.7270029647,4754.7478341486,1390.7377618634,257.6662573635,0.5555555556,122.3396710050,54.9073460102,True,,True
S0059_R08,n100_p0.25_d3_uniform_Emedium_V2.00_Hshort_PWflat_B0.10,5902034,100,0,0,0,,,,,,,,0.0855128765,False,,False
S0059_R08,n100_p0.25_d3_uniform_Emedium_V2.00_Hshort_PWflat_B0.10,5902034,100,1,1,11,0.1100000000,4569.2606067136,4283.7278081111,1542.8728067975,218.8730655069,0.3333333333,136.0715779716,29.1578564644,True,,False
S0059_R08,n100_p0.25_d3_uniform_Emedium_V2.00_Hshort_PWflat_B0.10,5902034,100,2,2,22,0.2200000000,4675.0322444378,4424.9752612238,1753.6347716994,258.5248152590,0.3888888889,145.8037343029,35.0638737679,True,,False
S0059_R08,n100_p0.25_d3_uniform_Emedium_V2.00_Hshort_PWflat_B0.10,5902034,100,3,3,21,0.2100000000,5006.1855180151,4752.7647616361,1454.9735568721,227.3454469639,0.3888888889,127.5295141203,63.3247263432,True,,True
S0059_R09,n100_p0.25_d3_uniform_Emedium_V2.00_Hshort_PWflat_B0.10,5902035,100,0,0,0,,,,,,,,0.0769338608,False,,False
S0059_R09,n100_p0.25_d3_uniform_Emedium_V2.00_Hshort_PWflat_B0.10,5902035,100,1,1,12,0.1200000000,4679.3942805587,4378.6828397871,1355.5073306114,205.6338164793,0.4000000000,114.0975411592,26.1034364700,True,,False
S0059_R09,n100_p0.25_d3_uniform_Emedium_V2.00_Hshort_PWflat_B0.10,5902035,100,2,2,16,0.1600000000,4622.9478720580,4320.3877221761,1510.2101333394,238.0099508121,0.4000000000,121.8440219786,31.2686986923,True,,False
S0059_R09,n100_p0.25_d3_uniform_Emedium_V2.00_Hshort_PWflat_B0.10,5902035,100,3,3,24,0.2400000000,2261.7191313210,1995.5415726620,1032.9136338507,142.8751359983,0.5000000000,96.8365185317,19.0362033844,True,,True
S0059_R10,n100_p0.25_d3_uniform_Emedium_V2.00_Hshort_PWflat_B0.10,5902036,100,0,0,0,,,,,,,,0.0622036457,False,,False
S0059_R10,n100_p0.25_d3_uniform_Emedium_V2.00_Hshort_PWflat_B0.10,5902036,100,1,1,12,0.1200000000,5518.6395178004,5281.0052146748,1799.3431222627,232.1209355507,0.3181818182,132.1646457017,27.3772351742,True,,False
S0059_R10,n100_p0.25_d3_uniform_Emedium_V2.00_Hshort_PWflat_B0.10,5902036,100,2,2,10,0.1000000000,5789.8285552271,5576.8395920633,1882.6335932452,238.9016204799,0.3181818182,134.6156407504,33.9134237766,True,,False
S0059_R10,n100_p0.25_d3_uniform_Emedium_V2.00_Hshort_PWflat_B0.10,5902036,100,3,3,23,0.2300000000,3748.6616109451,3489.7251182312,1485.5227477303,219.5455002890,0.4090909091,119.6271872241,58.9908609390,True,,True
S0060_R01,n100_p0.25_d3_uniform_Ehigh_V1.25_Hshort_PWflat_B0.10,6002027,100,0,0,0,,,,,,,,0.0630619526,False,,False
S0060_R01,n100_p0.25_d3_uniform_Ehigh_V1.25_Hshort_PWflat_B0.10,6002027,100,1,1,3,0.0300000000,5238.8861651141,4949.6647182959,1787.5210208749,259.5216785835,0.3333333333,153.2665496017,18.5109992027,True,,False
S0060_R01,n100_p0.25_d3_uniform_Ehigh_V1.25_Hshort_PWflat_B0.10,6002027,100,2,2,6,0.0600000000,6934.4234133543,6739.6005302237,1965.9168320170,295.9222413287,0.2777777778,162.1458557046,15.1766231060,True,,False
S0060_R01,n100_p0.25_d3_uniform_Ehigh_V1.25_Hshort_PWflat_B0.10,6002027,100,3,3,16,0.1600000000,5668.9305248403,5427.5668551993,2017.9346105535,284.3378929617,0.3888888889,162.7847742231,51.0809442997,True,,True
S0060_R02,n100_p0.25_d3_uniform_Ehigh_V1.25_Hshort_PWflat_B0.10,6002028,100,0,0,0,,,,,,,,0.0798535347,False,,False
S0060_R02,n100_p0.25_d3_uniform_Ehigh_V1.25_Hshort_PWflat_B0.10,6002028,100,1,1,11,0.1100000000,5298.5549698996,5001.2681055559,3034.1370839780,234.1769450432,0.3214285714,159.0513951403,27.0514388084,True,,False
S0060_R02,n100_p0.25_d3_uniform_Ehigh_V1.25_Hshort_PWflat_B0.10,6002028,100,2,2,14,0.1400000000,4926.5887260028,4626.6561019720,2554.0602080716,222.0759202698,0.3214285714,140.8498649069,31.9995257854,True,,False
S0060_R02,n100_p0.25_d3_uniform_Ehigh_V1.25_Hshort_PWflat_B0.10,6002028,100,3,3,21,0.2100000000,2776.3146494015,2487.3765673066,1637.8678746859,175.3216527971,0.3571428571,107.0534482980,49.7493238449,True,,True
S0060_R03,n100_p0.25_d3_uniform_Ehigh_V1.25_Hshort_PWflat_B0.10,6002029,100,0,0,0,,,,,,,,0.0969686508,False,,False
S0060_R03,n100_p0.25_d3_uniform_Ehigh_V1.25_Hshort_PWflat_B0.10,6002029,100,1,1,9,0.0900000000,5823.0279316371,5540.9167844415,1490.0811793281,253.9365838444,0.3125000000,145.3158529955,26.1529142857,True,,False
S0060_R03,n100_p0.25_d3_uniform_Ehigh_V1.25_Hshort_PWflat_B0.10,6002029,100,2,2,15,0.1500000000,6124.1572976718,5867.4792061876,2000.1142342284,276.8149318268,0.3125000000,174.9854023678,30.7608354092,True,,False
S0060_R03,n100_p0.25_d3_uniform_Ehigh_V1.25_Hshort_PWflat_B0.10,6002029,100,3,3,15,0.1500000000,3441.3381695841,3156.4796745084,657.9866589143,123.3180639780,0.3750000000,92.2072948620,73.9923274517,True,,True
S0060_R04,n100_p0.25_d3_uniform_Ehigh_V1.25_Hshort_PWflat_B0.10,6002030,100,0,0,0,,,,,,,,0.0845544338,False,,False
S0060_R04,n100_p0.25_d3_uniform_Ehigh_V1.25_Hshort_PWflat_B0.10,6002030,100,1,1,8,0.0800000000,4926.3285203750,4657.5188874292,1971.7194866204,233.8064739621,0.3181818182,139.6039107507,23.8914113045,True,,False
S0060_R04,n100_p0.25_d3_uniform_Ehigh_V1.25_Hshort_PWflat_B0.10,6002030,100,2,2,15,0.1500000000,4585.7212277712,4278.0003835566,1634.1490430470,236.5230335512,0.4090909091,121.2848401171,29.3750069141,True,,False
S0060_R04,n100_p0.25_d3_uniform_Ehigh_V1.25_Hshort_PWflat_B0.10,6002030,100,3,3,16,0.1600000000,1669.8985810228,1399.3718815747,1038.1074892734,150.2903949401,0.3636363636,96.8972253613,43.0772747993,True,,True
S0060_R05,n100_p0.25_d3_uniform_Ehigh_V1.25_Hshort_PWflat_B0.10,6002031,100,0,0,0,,,,,,,,0.0760118961,False,,False
S0060_R05,n100_p0.25_d3_uniform_Ehigh_V1.25_Hshort_PWflat_B0.10,6002031,100,1,1,9,0.0900000000,6281.6370949971,5993.2125062029,1899.8685317891,306.6043857236,0.2307692308,201.2309285576,26.4579999447,True,,False
S0060_R05,n100_p0.25_d3_uniform_Ehigh_V1.25_Hshort_PWflat_B0.10,6002031,100,2,2,13,0.1300000000,6196.5393318823,5950.6651207090,1897.4637697826,306.9677625993,0.2307692308,200.6096043383,27.2725787163,True,,False
S0060_R05,n100_p0.25_d3_uniform_Ehigh_V1.25_Hshort_PWflat_B0.10,6002031,100,3,3,21,0.2100000000,4510.1853134210,4218.1856915793,1294.0256251425,253.7635414050,0.3076923077,149.1241367913,79.1779992580,True,,True
S0060_R06,n100_p0.25_d3_uniform_Ehigh_V1.25_Hshort_PWflat_B0.10,6002032,100,0,0,0,,,,,,,,0.0917952061,False,,False
S0060_R06,n100_p0.25_d3_uniform_Ehigh_V1.25_Hshort_PWflat_B0.10,6002032,100,1,1,12,0.1200000000,5672.2964348721,5458.4775045021,1327.0650716767,240.6193257891,0.4666666667,134.1365326242,25.2679080963,True,,False
S0060_R06,n100_p0.25_d3_uniform_Ehigh_V1.25_Hshort_PWflat_B0.10,6002032,100,2,2,18,0.1800000000,5038.6618780902,4769.1253288128,1254.1593223164,227.9401727094,0.4000000000,129.9253143653,29.4616246223,True,,False
S0060_R06,n100_p0.25_d3_uniform_Ehigh_V1.25_Hshort_PWflat_B0.10,6002032,100,3,3,21,0.2100000000,4250.8839814309,3990.2863009991,1130.4823191155,208.1983984383,0.3333333333,121.6153174244,56.0035531521,True,,True
S0060_R07,n100_p0.25_d3_uniform_Ehigh_V1.25_Hshort_PWflat_B0.10,6002033,100,0,0,0,,,,,,,,0.0749113560,False,,False
S0060_R07,n100_p0.25_d3_uniform_Ehigh_V1.25_Hshort_PWflat_B0.10,6002033,100,1,1,11,0.1100000000,5908.5348308244,5591.0960678990,1923.1785086131,267.4239941512,0.1875000000,177.5314071448,27.8861269951,True,,False
S0060_R07,n100_p0.25_d3_uniform_Ehigh_V1.25_Hshort_PWflat_B0.10,6002033,100,2,2,16,0.1600000000,5684.3996448648,5362.6503757771,1922.9517970501,270.7214995220,0.3125000000,173.5856842461,28.9709129333,True,,False
S0060_R07,n100_p0.25_d3_uniform_Ehigh_V1.25_Hshort_PWflat_B0.10,6002033,100,3,3,17,0.1700000000,2284.7439417925,2014.3204130973,775.3363629574,151.2577019882,0.4375000000,97.2983898668,36.1555645466,True,,True
S0060_R08,n100_p0.25_d3_uniform_Ehigh_V1.25_Hshort_PWflat_B0.10,6002034,100,0,0,0,,,,,,,,0.0800244808,False,,False
S0060_R08,n100_p0.25_d3_uniform_Ehigh_V1.25_Hshort_PWflat_B0.10,6002034,100,1,1,7,0.0700000000,6374.2938637099,6166.1899633079,2244.1239382932,293.0069177300,0.2352941176,186.7202853912,14.2972443104,True,,False
S0060_R08,n100_p0.25_d3_uniform_Ehigh_V1.25_Hshort_PWflat_B0.10,6002034,100,2,2,10,0.1000000000,5724.1514506231,5513.4782116695,1918.3886484283,280.0905947156,0.3529411765,165.0075799703,19.9446558952,True,,False
S0060_R08,n100_p0.25_d3_uniform_Ehigh_V1.25_Hshort_PWflat_B0.10,6002034,100,3,3,11,0.1100000000,4917.6339877988,4611.7040711365,1506.6876726433,228.2489482100,0.4117647059,141.3766201151,61.3800718784,True,,True
S0060_R09,n100_p0.25_d3_uniform_Ehigh_V1.25_Hshort_PWflat_B0.10,6002035,100,0,0,0,,,,,,,,0.0838000774,False,,False
S0060_R09,n100_p0.25_d3_uniform_Ehigh_V1.25_Hshort_PWflat_B0.10,6002035,100,1,1,6,0.0600000000,6176.6790377574,5881.3942565230,1838.9057253009,242.2430059438,0.3888888889,149.5542612338,19.5847249031,True,,False
S0060_R09,n100_p0.25_d3_uniform_Ehigh_V1.25_Hshort_PWflat_B0.10,6002035,100,2,2,10,0.1000000000,4796.5872405417,4489.4801783942,1148.3315433713,172.8973646454,0.5000000000,109.6723310164,23.9041819572,True,,False
S0060_R09,n100_p0.25_d3_uniform_Ehigh_V1.25_Hshort_PWflat_B0.10,6002035,100,3,3,15,0.1500000000,4330.4284962858,4001.3500002718,1368.5861854780,207.7218437116,0.5000000000,122.2774508426,52.4681603909,True,,True
S0060_R10,n100_p0.25_d3_uniform_Ehigh_V1.25_Hshort_PWflat_B0.10,6002036,100,0,0,0,,,,,,,,0.0465943813,False,,False
S0060_R10,n100_p0.25_d3_uniform_Ehigh_V1.25_Hshort_PWflat_B0.10,6002036,100,1,1,10,0.1000000000,6954.1369303076,6709.2816793907,3962.6306249906,300.5251896294,0.2580645161,182.2011847127,27.0463860035,True,,False
S0060_R10,n100_p0.25_d3_uniform_Ehigh_V1.25_Hshort_PWflat_B0.10,6002036,100,2,2,17,0.1700000000,6703.2257180222,6414.8632032942,3696.3886948805,297.0430966572,0.3548387097,169.3551657545,28.6846017838,True,,False
S0060_R10,n100_p0.25_d3_uniform_Ehigh_V1.25_Hshort_PWflat_B0.10,6002036,100,3,3,17,0.1700000000,3065.4217777947,2817.5325862607,1806.6763673025,171.0664504563,0.4838709677,105.2237995539,50.8070969582,True,,True
S0061_R01,n100_p0.25_d3_uniform_Ehigh_V1.25_Hmedium_PWstrict_B0.10,6102027,100,0,0,0,,,,,,,,0.0585906506,False,,False
S0061_R01,n100_p0.25_d3_uniform_Ehigh_V1.25_Hmedium_PWstrict_B0.10,6102027,100,1,1,11,0.1100000000,451197.9437600139,450979.6379254312,1703.5190311450,206.1565377029,0.4000000000,132.5646139235,22.8716430664,True,,False
S0061_R01,n100_p0.25_d3_uniform_Ehigh_V1.25_Hmedium_PWstrict_B0.10,6102027,100,2,2,15,0.1500000000,410317.2380158240,410022.8731467817,1610.2389629802,194.0565920027,0.4000000000,127.1689501397,30.2843115330,True,,False
S0061_R01,n100_p0.25_d3_uniform_Ehigh_V1.25_Hmedium_PWstrict_B0.10,6102027,100,3,3,13,0.1300000000,420783.7470700038,420510.3330097389,1877.4332781796,254.6855875583,0.3500000000,142.2338827823,43.7919447422,True,,True
S0061_R02,n100_p0.25_d3_uniform_Ehigh_V1.25_Hmedium_PWstrict_B0.10,6102028,100,0,0,0,,,,,,,,0.0754747391,False,,False
S0061_R02,n100_p0.25_d3_uniform_Ehigh_V1.25_Hmedium_PWstrict_B0.10,6102028,100,1,1,8,0.0800000000,334026.5997486590,333817.4169577134,1004.4261657421,221.2902483783,0.5000000000,128.3946646695,15.3153152466,True,,False
S0061_R02,n100_p0.25_d3_uniform_Ehigh_V1.25_Hmedium_PWstrict_B0.10,6102028,100,2,2,11,0.1100000000,216894.0482707846,216610.8643394507,611.2348720554,187.3806888607,0.5000000000,94.6963590993,25.4615092278,True,,False
S0061_R02,n100_p0.25_d3_uniform_Ehigh_V1.25_Hmedium_PWstrict_B0.10,6102028,100,3,3,17,0.1700000000,218656.6522431013,218364.1394148183,718.8531990635,175.0652963137,0.5000000000,102.5660853739,69.4060487747,True,,True
S0061_R03,n100_p0.25_d3_uniform_Ehigh_V1.25_Hmedium_PWstrict_B0.10,6102029,100,0,0,0,,,,,,,,0.0897006989,False,,False
S0061_R03,n100_p0.25_d3_uniform_Ehigh_V1.25_Hmedium_PWstrict_B0.10,6102029,100,1,1,5,0.0500000000,621247.2238705908,620924.4082602713,2411.8829728112,223.0289205236,0.2727272727,163.5666477360,23.8521256447,True,,False
S0061_R03,n100_p0.25_d3_uniform_Ehigh_V1.25_Hmedium_PWstrict_B0.10,6102029,100,2,2,12,0.1200000000,537985.1941246048,537690.4972715524,1966.8837259787,201.0335898609,0.3636363636,141.5268404972,28.9410085678,True,,False
S0061_R03,n100_p0.25_d3_uniform_Ehigh_V1.25_Hmedium_PWstrict_B0.10,6102029,100,3,3,16,0.1600000000,246048.5416283575,245753.7877891190,994.6973894126,118.0792102136,0.5000000000,90.9181128925,66.5716822147,True,,True
S0061_R04,n100_p0.25_d3_uniform_Ehigh_V1.25_Hmedium_PWstrict_B0.10,6102030,100,0,0,0,,,,,,,,0.0745339394,False,,False
S0061_R04,n100_p0.25_d3_uniform_Ehigh_V1.25_Hmedium_PWstrict_B0.10,6102030,100,1,1,5,0.0500000000,564899.0525589449,564631.7782387397,2224.8422437872,276.8135176790,0.3000000000,163.6335084170,17.9046773911,True,,False
S0061_R04,n100_p0.25_d3_uniform_Ehigh_V1.25_Hmedium_PWstrict_B0.10,6102030,100,2,2,11,0.1100000000,492946.8740752021,492663.5456280877,2003.1725385432,260.0261077228,0.4500000000,146.8021947117,23.5634119511,True,,False
S0061_R04,n100_p0.25_d3_uniform_Ehigh_V1.25_Hmedium_PWstrict_B0.10,6102030,100,3,3,16,0.1600000000,379200.2817828170,378936.8468350210,1548.2250734656,223.7152859048,0.4500000000,124.7319296957,69.7407736778,True,,True
S0061_R05,n100_p0.25_d3_uniform_Ehigh_V1.25_Hmedium_PWstrict_B0.10,6102031,100,0,0,0,,,,,,,,0.0635974407,False,,False
S0061_R05,n100_p0.25_d3_uniform_Ehigh_V1.25_Hmedium_PWstrict_B0.10,6102031,100,1,1,6,0.0600000000,533578.2584501181,533288.7418726456,2180.9705885600,293.1653920860,0.2222222222,173.7319729472,18.4159152508,True,,False
S0061_R05,n100_p0.25_d3_uniform_Ehigh_V1.25_Hmedium_PWstrict_B0.10,6102031,100,2,2,14,0.1400000000,620811.2782657337,620531.2586732839,2633.8912409121,305.1441495469,0.2222222222,198.5616860339,24.4473376274,True,,False
S0061_R05,n100_p0.25_d3_uniform_Ehigh_V1.25_Hmedium_PWstrict_B0.10,6102031,100,3,3,18,0.1800000000,401884.7700988704,401592.8835493347,1659.0766664880,220.0184933417,0.3888888889,140.2029308810,72.3956670761,True,,True
S0061_R06,n100_p0.25_d3_uniform_Ehigh_V1.25_Hmedium_PWstrict_B0.10,6102032,100,0,0,0,,,,,,,,0.0609340668,False,,False
S0061_R06,n100_p0.25_d3_uniform_Ehigh_V1.25_Hmedium_PWstrict_B0.10,6102032,100,1,1,9,0.0900000000,516187.3743051178,515984.1840252537,2326.9720268473,267.0382978962,0.2631578947,174.6746532700,17.3309597969,True,,False
S0061_R06,n100_p0.25_d3_uniform_Ehigh_V1.25_Hmedium_PWstrict_B0.10,6102032,100,2,2,14,0.1400000000,474493.8358027170,474242.1110113948,2180.5730960240,253.8300056134,0.2631578947,165.8475265251,26.4432942867,True,,False
S0061_R06,n100_p0.25_d3_uniform_Ehigh_V1.25_Hmedium_PWstrict_B0.10,6102032,100,3,3,20,0.2000000000,191175.7951457591,190914.0492003076,838.7308128140,136.5381389976,0.4736842105,90.8576271654,55.9667694569,True,,True
S0061_R07,n100_p0.25_d3_uniform_Ehigh_V1.25_Hmedium_PWstrict_B0.10,6102033,100,0,0,0,,,,,,,,0.0526211262,False,,False
S0061_R07,n100_p0.25_d3_uniform_Ehigh_V1.25_Hmedium_PWstrict_B0.10,6102033,100,1,1,4,0.0400000000,347727.9322554031,347424.2473878089,1309.7811474671,238.5412548378,0.3750000000,133.4050800296,20.8342156410,True,,False
S0061_R07,n100_p0.25_d3_uniform_Ehigh_V1.25_Hmedium_PWstrict_B0.10,6102033,100,2,2,17,0.1700000000,287420.2068312967,287146.5909093677,1027.3121797432,191.8225172267,0.4375000000,115.5730741618,29.5154387951,True,,False
S0061_R07,n100_p0.25_d3_uniform_Ehigh_V1.25_Hmedium_PWstrict_B0.10,6102033,100,3,3,19,0.1900000000,488492.4108050288,488201.3144154299,1869.7834206804,253.9735888045,0.3750000000,168.8313690068,72.6483848095,True,,True
S0061_R08,n100_p0.25_d3_uniform_Ehigh_V1.25_Hmedium_PWstrict_B0.10,6102034,100,0,0,0,,,,,,,,0.0656204224,False,,False
S0061_R08,n100_p0.25_d3_uniform_Ehigh_V1.25_Hmedium_PWstrict_B0.10,6102034,100,1,1,5,0.0500000000,583376.4638793628,583110.8502518310,2562.0385428273,232.6378407165,0.2916666667,158.0831751201,11.0236377716,True,,False
S0061_R08,n100_p0.25_d3_uniform_Ehigh_V1.25_Hmedium_PWstrict_B0.10,6102034,100,2,2,9,0.0900000000,549102.7801070961,548823.6083317782,2486.5682601552,229.0507065981,0.2500000000,156.9116960458,15.6604740620,True,,False
S0061_R08,n100_p0.25_d3_uniform_Ehigh_V1.25_Hmedium_PWstrict_B0.10,6102034,100,3,3,16,0.1600000000,464365.1813084983,464045.5472922598,2180.3591208771,186.8724409276,0.1666666667,145.4616074322,42.4421427250,True,,True
S0061_R09,n100_p0.25_d3_uniform_Ehigh_V1.25_Hmedium_PWstrict_B0.10,6102035,100,0,0,0,,,,,,,,0.0474557877,False,,False
S0061_R09,n100_p0.25_d3_uniform_Ehigh_V1.25_Hmedium_PWstrict_B0.10,6102035,100,1,1,6,0.0600000000,370168.6979425707,369857.6525491906,1405.6300997972,231.0412330358,0.2666666667,146.8118930359,25.7422642708,True,,False
S0061_R09,n100_p0.25_d3_uniform_Ehigh_V1.25_Hmedium_PWstrict_B0.10,6102035,100,2,2,13,0.1300000000,386793.4012247387,386512.1483201767,1647.4796361138,238.9552318349,0.2666666667,163.1905370696,30.5995428562,True,,False
S0061_R09,n100_p0.25_d3_uniform_Ehigh_V1.25_Hmedium_PWstrict_B0.10,6102035,100,3,3,18,0.1800000000,295250.1368594675,294938.4957325664,1233.4438573833,182.9936478857,0.3333333333,130.4478829853,61.5594902039,True,,True
S0061_R10,n100_p0.25_d3_uniform_Ehigh_V1.25_Hmedium_PWstrict_B0.10,6102036,100,0,0,0,,,,,,,,0.0736258030,False,,False
S0061_R10,n100_p0.25_d3_uniform_Ehigh_V1.25_Hmedium_PWstrict_B0.10,6102036,100,1,1,2,0.0200000000,359528.6839615366,359242.9552425633,1291.7010366757,159.3792506632,0.3888888889,121.2336036702,21.9867615700,True,,False
S0061_R10,n100_p0.25_d3_uniform_Ehigh_V1.25_Hmedium_PWstrict_B0.10,6102036,100,2,2,10,0.1000000000,336780.4021999452,336479.1115613267,1287.1062864774,163.4963197409,0.3888888889,119.6993412649,28.8381483555,True,,False
S0061_R10,n100_p0.25_d3_uniform_Ehigh_V1.25_Hmedium_PWstrict_B0.10,6102036,100,3,3,19,0.1900000000,424609.5704043579,424297.9266932191,1837.4477352469,248.6169874249,0.3888888889,149.9864025109,76.7295317650,True,,True
S0062_R01,n100_p0.25_d3_uniform_Ehigh_V2.00_Hlong_PWbase_B0.10,6202027,100,0,0,0,,,,,,,,0.0601272583,False,,False
S0062_R01,n100_p0.25_d3_uniform_Ehigh_V2.00_Hlong_PWbase_B0.10,6202027,100,1,1,18,0.1800000000,239805.7306770843,239532.4793256154,2026.2018683536,299.4445233126,0.2941176471,173.5462534348,32.0098052025,True,,False
S0062_R01,n100_p0.25_d3_uniform_Ehigh_V2.00_Hlong_PWbase_B0.10,6202027,100,2,2,24,0.2400000000,239777.5500237755,239522.5165858798,2024.4004183964,297.3470364807,0.2941176471,171.0115924525,25.5286581516,True,,False
S0062_R01,n100_p0.25_d3_uniform_Ehigh_V2.00_Hlong_PWbase_B0.10,6202027,100,3,3,24,0.2400000000,216411.2777363628,216123.2712527425,1827.9022846678,297.7654376150,0.3529411765,159.7546873479,49.1243646145,True,,True
S0062_R02,n100_p0.25_d3_uniform_Ehigh_V2.00_Hlong_PWbase_B0.10,6202028,100,0,0,0,,,,,,,,0.0731241703,False,,False
S0062_R02,n100_p0.25_d3_uniform_Ehigh_V2.00_Hlong_PWbase_B0.10,6202028,100,1,1,19,0.1900000000,208336.6549133644,208081.5713765709,1376.3862499436,271.3031540506,0.2857142857,149.3695349788,33.0801875591,True,,False
S0062_R02,n100_p0.25_d3_uniform_Ehigh_V2.00_Hlong_PWbase_B0.10,6202028,100,2,2,24,0.2400000000,241287.2673967477,241012.9781369646,1865.3072183317,279.9561324334,0.2142857143,188.0938196802,25.6227836609,True,,False
S0062_R02,n100_p0.25_d3_uniform_Ehigh_V2.00_Hlong_PWbase_B0.10,6202028,100,3,2,24,0.2400000000,147650.5222117761,147393.8082271293,1094.3524284391,236.5055518522,0.2857142857,131.8568159349,26.6516976357,True,,True
S0062_R03,n100_p0.25_d3_uniform_Ehigh_V2.00_Hlong_PWbase_B0.10,6202029,100,0,0,0,,,,,,,,0.0773391724,False,,False
S0062_R03,n100_p0.25_d3_uniform_Ehigh_V2.00_Hlong_PWbase_B0.10,6202029,100,1,1,16,0.1600000000,422789.0479150160,422546.5184642564,3874.2715161857,264.5504515626,0.1724137931,187.2825049981,24.0968444347,True,,False
S0062_R03,n100_p0.25_d3_uniform_Ehigh_V2.00_Hlong_PWbase_B0.10,6202029,100,2,2,25,0.2500000000,391141.7195956648,390881.5160440435,3623.8185642851,251.8380368216,0.1724137931,178.9950029429,22.3585853577,True,,False
S0062_R03,n100_p0.25_d3_uniform_Ehigh_V2.00_Hlong_PWbase_B0.10,6202029,100,3,2,24,0.2400000000,213082.3092925958,212812.8312587032,2011.1125086657,162.0345763572,0.2413793103,122.8440798238,30.2929229736,True,,True
S0062_R04,n100_p0.25_d3_uniform_Ehigh_V2.00_Hlong_PWbase_B0.10,6202030,100,0,0,0,,,,,,,,0.0690095425,False,,False
S0062_R04,n100_p0.25_d3_uniform_Ehigh_V2.00_Hlong_PWbase_B0.10,6202030,100,1,1,17,0.1700000000,333033.2084336693,332812.1557257111,2945.3384027619,325.4380189535,0.3684210526,202.2730876777,26.2299058437,True,,False
S0062_R04,n100_p0.25_d3_uniform_Ehigh_V2.00_Hlong_PWbase_B0.10,6202030,100,2,2,24,0.2400000000,323037.1830103300,322819.5177784899,2866.5205602589,314.8867979042,0.3684210526,196.8526043997,22.5923485756,True,,False
S0062_R04,n100_p0.25_d3_uniform_Ehigh_V2.00_Hlong_PWbase_B0.10,6202030,100,3,2,24,0.2400000000,174104.8836360145,173835.8391298866,1482.2142827204,235.8706065652,0.4736842105,118.1904073292,35.5166623592,True,,True
S0062_R05,n100_p0.25_d3_uniform_Ehigh_V2.00_Hlong_PWbase_B0.10,6202031,100,0,0,0,,,,,,,,0.0696101189,False,,False
S0062_R05,n100_p0.25_d3_uniform_Ehigh_V2.00_Hlong_PWbase_B0.10,6202031,100,1,1,13,0.1300000000,256755.7374957593,256486.5000456399,2260.5798597720,272.9447689327,0.1250000000,198.6093990804,22.1516108513,True,,False
S0062_R05,n100_p0.25_d3_uniform_Ehigh_V2.00_Hlong_PWbase_B0.10,6202031,100,2,2,24,0.2400000000,254815.0765215713,254559.2389718389,2196.1777893770,273.1465939184,0.2500000000,192.7688613996,21.1381797791,True,,False
S0062_R05,n100_p0.25_d3_uniform_Ehigh_V2.00_Hlong_PWbase_B0.10,6202031,100,3,3,24,0.2400000000,254827.9645598941,254559.2389718389,2196.1777893770,273.1465939184,0.2500000000,191.0014924618,37.0145134926,True,,True
S0062_R06,n100_p0.25_d3_uniform_Ehigh_V2.00_Hlong_PWbase_B0.10,6202032,100,0,0,0,,,,,,,,0.0474579334,False,,False
S0062_R06,n100_p0.25_d3_uniform_Ehigh_V2.00_Hlong_PWbase_B0.10,6202032,100,1,1,15,0.1500000000,260197.9547206969,259933.3501621175,2310.3233029759,270.7316063677,0.3846153846,138.2635661038,27.2780873775,True,,False
S0062_R06,n100_p0.25_d3_uniform_Ehigh_V2.00_Hlong_PWbase_B0.10,6202032,100,2,2,24,0.2400000000,234765.2812793538,234496.0871112413,2074.8019929178,246.8183520238,0.5000000000,121.8006282768,20.5997323990,True,,False
S0062_R06,n100_p0.25_d3_uniform_Ehigh_V2.00_Hlong_PWbase_B0.10,6202032,100,3,3,24,0.2400000000,153264.6377372672,152998.2770189799,1321.2241798575,181.2602704019,0.5769230769,93.9442973241,25.0891733170,True,,True
S0062_R07,n100_p0.25_d3_uniform_Ehigh_V2.00_Hlong_PWbase_B0.10,6202033,100,0,0,0,,,,,,,,0.0754990578,False,,False
S0062_R07,n100_p0.25_d3_uniform_Ehigh_V2.00_Hlong_PWbase_B0.10,6202033,100,1,1,19,0.1900000000,163042.5390537988,162758.2879802549,1220.7272364591,205.9713113839,0.3750000000,127.1256088769,30.6805086136,True,,False
S0062_R07,n100_p0.25_d3_uniform_Ehigh_V2.00_Hlong_PWbase_B0.10,6202033,100,2,2,24,0.2400000000,221297.2133819053,221001.8340999321,1780.0825856194,271.4150652309,0.1875000000,167.0867160610,23.3849911690,True,,False
S0062_R07,n100_p0.25_d3_uniform_Ehigh_V2.00_Hlong_PWbase_B0.10,6202033,100,3,3,24,0.2400000000,112346.3084854894,112069.5178703906,838.0568479349,176.3710373478,0.3125000000,107.3230559486,26.4756588936,True,,True
S0062_R08,n100_p0.25_d3_uniform_Ehigh_V2.00_Hlong_PWbase_B0.10,6202034,100,0,0,0,,,,,,,,0.0814335346,False,,False
S0062_R08,n100_p0.25_d3_uniform_Ehigh_V2.00_Hlong_PWbase_B0.10,6202034,100,1,1,15,0.1500000000,167138.5411964103,166867.1983253758,1233.5906507001,143.4837632472,0.4166666667,100.1444032780,29.6525709629,True,,False
S0062_R08,n100_p0.25_d3_uniform_Ehigh_V2.00_Hlong_PWbase_B0.10,6202034,100,2,2,24,0.2400000000,229023.4994389909,228753.4726557852,1921.5847346208,278.5765711392,0.4583333333,125.6056327369,23.9682996273,True,,False
S0062_R08,n100_p0.25_d3_uniform_Ehigh_V2.00_Hlong_PWbase_B0.10,6202034,100,3,2,24,0.2400000000,203523.2729019428,203243.8251409101,1766.3190609778,247.7917320059,0.4166666667,121.9285076143,36.8030092716,True,,True
S0062_R09,n100_p0.25_d3_uniform_Ehigh_V2.00_Hlong_PWbase_B0.10,6202035,100,0,0,0,,,,,,,,0.0886642933,False,,False
S0062_R09,n100_p0.25_d3_uniform_Ehigh_V2.00_Hlong_PWbase_B0.10,6202035,100,1,1,18,0.1800000000,238621.7441667514,238358.4786707273,2015.4238736665,233.9964902898,0.3809523810,144.6426051334,36.6946027279,True,,False
S0062_R09,n100_p0.25_d3_uniform_Ehigh_V2.00_Hlong_PWbase_B0.10,6202035,100,2,2,24,0.2400000000,304926.9193696915,304674.9473618498,2636.4166109510,293.7410585180,0.2380952381,179.8369041628,29.6579091549,True,,False
S0062_R09,n100_p0.25_d3_uniform_Ehigh_V2.00_Hlong_PWbase_B0.10,6202035,100,3,2,12,0.1200000000,147696.3751362725,147453.7400937591,1340.0200964786,145.0978843102,0.2857142857,114.8000383423,19.0149350166,True,,True
S0062_R10,n100_p0.25_d3_uniform_Ehigh_V2.00_Hlong_PWbase_B0.10,6202036,100,0,0,0,,,,,,,,0.0709812641,False,,False
S0062_R10,n100_p0.25_d3_uniform_Ehigh_V2.00_Hlong_PWbase_B0.10,6202036,100,1,1,15,0.1500000000,280544.0941539745,280322.4855701243,2324.3165543067,277.2325189425,0.5000000000,129.7631047817,26.1251087189,True,,False
S0062_R10,n100_p0.25_d3_uniform_Ehigh_V2.00_Hlong_PWbase_B0.10,6202036,100,2,2,21,0.2100000000,243365.9901759281,243120.8270053743,2015.7693759053,252.6683900076,0.5000000000,117.4099911900,32.9633278847,True,,False
S0062_R10,n100_p0.25_d3_uniform_Ehigh_V2.00_Hlong_PWbase_B0.10,6202036,100,3,3,24,0.2400000000,185687.3628588196,185426.9377981055,1653.6407145712,208.1014104395,0.5714285714,102.5212751191,31.4554231167,True,,True
S0063_R01,n100_p0.75_d3_uniform_Elow_V1.25_Hshort_PWflat_B0.10,6302027,100,0,0,0,,,,,,,,0.0613780022,False,,False
S0063_R01,n100_p0.75_d3_uniform_Elow_V1.25_Hshort_PWflat_B0.10,6302027,100,1,1,6,0.0600000000,7150.2104680046,6839.8977018398,2811.8145058994,320.1742577309,0.3333333333,167.0469276857,25.0689382553,True,,False
S0063_R01,n100_p0.75_d3_uniform_Elow_V1.25_Hshort_PWflat_B0.10,6302027,100,2,2,9,0.0900000000,7581.0480766009,7299.6117441250,3456.0301701791,329.2155498381,0.2916666667,194.0339993270,25.5850484371,True,,False
S0063_R01,n100_p0.75_d3_uniform_Elow_V1.25_Hshort_PWflat_B0.10,6302027,100,3,3,15,0.1500000000,5111.6179838723,4840.9407056587,2134.1089705992,262.7497907515,0.3750000000,137.2190977037,47.4766094685,True,,True
S0063_R02,n100_p0.75_d3_uniform_Elow_V1.25_Hshort_PWflat_B0.10,6302028,100,0,0,0,,,,,,,,0.0780715942,False,,False
S0063_R02,n100_p0.75_d3_uniform_Elow_V1.25_Hshort_PWflat_B0.10,6302028,100,1,1,10,0.1000000000,5180.3405066700,4892.1686825315,1402.3568542865,214.2132790934,0.3333333333,115.3084898089,26.9090313911,True,,False
S0063_R02,n100_p0.75_d3_uniform_Elow_V1.25_Hshort_PWflat_B0.10,6302028,100,2,2,15,0.1500000000,4654.5119238651,4372.7376715598,693.2089204996,90.9128379811,0.4761904762,74.5781313880,32.1605384350,True,,False
S0063_R02,n100_p0.75_d3_uniform_Elow_V1.25_Hshort_PWflat_B0.10,6302028,100,3,3,20,0.2000000000,1575.5414296289,1334.8565992118,624.1985659622,87.7157473553,0.4761904762,73.5249116691,36.9286708832,True,,True
S0063_R03,n100_p0.75_d3_uniform_Elow_V1.25_Hshort_PWflat_B0.10,6302029,100,0,0,0,,,,,,,,0.0615048409,False,,False
S0063_R03,n100_p0.75_d3_uniform_Elow_V1.25_Hshort_PWflat_B0.10,6302029,100,1,1,11,0.1100000000,3123.1156410748,2850.6525127994,589.9765225418,164.1124315432,0.6363636364,96.3269221470,28.3832616806,True,,False
S0063_R03,n100_p0.75_d3_uniform_Elow_V1.25_Hshort_PWflat_B0.10,6302029,100,2,2,20,0.2000000000,3569.0690589008,3346.5030346792,778.3979812434,207.2251729602,0.5454545455,114.3990529495,33.3808834553,True,,False
S0063_R03,n100_p0.75_d3_uniform_Elow_V1.25_Hshort_PWflat_B0.10,6302029,100,3,3,18,0.1800000000,3955.4249579824,3698.7671766104,1077.4017423904,223.5718351995,0.4545454545,140.0713648930,51.0447616577,True,,True
S0063_R04,n100_p0.75_d3_uniform_Elow_V1.25_Hshort_PWflat_B0.10,6302030,100,0,0,0,,,,,,,,0.0753891468,False,,False
S0063_R04,n100_p0.75_d3_uniform_Elow_V1.25_Hshort_PWflat_B0.10,6302030,100,1,1,10,0.1000000000,3999.0132344012,3736.7857918748,1090.7925496798,214.3982097256,0.4705882353,107.2812708314,35.5579218864,True,,False
S0063_R04,n100_p0.75_d3_uniform_Elow_V1.25_Hshort_PWflat_B0.10,6302030,100,2,2,18,0.1800000000,3967.9944280137,3714.2699123096,1221.6895023761,237.3054290069,0.4705882353,114.9412522468,42.5789546967,True,,False
S0063_R04,n100_p0.75_d3_uniform_Elow_V1.25_Hshort_PWflat_B0.10,6302030,100,3,3,20,0.2000000000,3814.4177367841,3572.1954609217,1174.2766013477,237.4000265479,0.5294117647,108.8709726008,57.1689796448,True,,True
S0063_R05,n100_p0.75_d3_uniform_Elow_V1.25_Hshort_PWflat_B0.10,6302031,100,0,0,0,,,,,,,,0.1044147015,False,,False
S0063_R05,n100_p0.75_d3_uniform_Elow_V1.25_Hshort_PWflat_B0.10,6302031,100,1,1,9,0.0900000000,5085.5821479980,4813.7000150686,2775.8381174681,268.1585987845,0.2380952381,184.2337197914,29.0560212135,True,,False
S0063_R05,n100_p0.75_d3_uniform_Elow_V1.25_Hshort_PWflat_B0.10,6302031,100,2,2,12,0.1200000000,4517.1874454391,4232.8568297140,2259.3676738963,264.2620855377,0.3809523810,154.8189752686,27.7076551914,True,,False
S0063_R05,n100_p0.75_d3_uniform_Elow_V1.25_Hshort_PWflat_B0.10,6302031,100,3,3,15,0.1500000000,4345.1540929816,4062.4019058601,2192.4524850870,261.0250845845,0.3809523810,151.8402106877,36.9141452312,True,,True
S0063_R06,n100_p0.75_d3_uniform_Elow_V1.25_Hshort_PWflat_B0.10,6302032,100,0,0,0,,,,,,,,0.0819368362,False,,False
S0063_R06,n100_p0.75_d3_uniform_Elow_V1.25_Hshort_PWflat_B0.10,6302032,100,1,1,9,0.0900000000,6194.6426196575,5926.7287948818,2385.5462031752,302.1362257456,0.2105263158,179.8816341258,28.0143415928,True,,False
S0063_R06,n100_p0.75_d3_uniform_Elow_V1.25_Hshort_PWflat_B0.10,6302032,100,2,2,10,0.1000000000,5703.3668742005,5416.6392020525,2134.5602694578,292.9261578667,0.2631578947,163.7418192438,33.9626507759,True,,False
S0063_R06,n100_p0.75_d3_uniform_Elow_V1.25_Hshort_PWflat_B0.10,6302032,100,3,3,17,0.1700000000,6370.6132091451,6124.4397702909,2386.5659751324,298.5999250971,0.2631578947,175.2538844014,49.4696114063,True,,True
S0063_R07,n100_p0.75_d3_uniform_Elow_V1.25_Hshort_PWflat_B0.10,6302033,100,0,0,0,,,,,,,,0.0975918770,False,,False
S0063_R07,n100_p0.75_d3_uniform_Elow_V1.25_Hshort_PWflat_B0.10,6302033,100,1,1,9,0.0900000000,4953.1746778631,4680.6340338055,1379.1701374516,194.1906448670,0.2941176471,127.4999679911,33.7903759480,True,,False
S0063_R07,n100_p0.75_d3_uniform_Elow_V1.25_Hshort_PWflat_B0.10,6302033,100,2,2,12,0.1200000000,5322.4847703845,5028.3523262029,1551.5519815408,191.1726972225,0.2941176471,137.6452995418,36.3902645111,True,,False
S0063_R07,n100_p0.75_d3_uniform_Elow_V1.25_Hshort_PWflat_B0.10,6302033,100,3,3,16,0.1600000000,4964.5713715760,4674.1264787240,1394.3293721140,185.7818411403,0.3529411765,126.5263772297,45.8702824116,True,,True
S0063_R08,n100_p0.75_d3_uniform_Elow_V1.25_Hshort_PWflat_B0.10,6302034,100,0,0,0,,,,,,,,0.0986301899,False,,False
S0063_R08,n100_p0.75_d3_uniform_Elow_V1.25_Hshort_PWflat_B0.10,6302034,100,1,1,2,0.0200000000,6254.7469800730,5951.2911410754,1807.2945452554,227.4488194086,0.2941176471,156.8887297732,29.0726377964,True,,False
S0063_R08,n100_p0.75_d3_uniform_Elow_V1.25_Hshort_PWflat_B0.10,6302034,100,2,2,11,0.1100000000,5417.6015573314,5120.9115263485,1640.9309300328,225.6072007595,0.3529411765,143.7330542184,32.1354537010,True,,False
S0063_R08,n100_p0.75_d3_uniform_Elow_V1.25_Hshort_PWflat_B0.10,6302034,100,3,3,12,0.1200000000,5614.2537620094,5375.8759695407,1821.3958428662,251.3673020967,0.3529411765,155.7434660213,37.0530800819,True,,True
S0063_R09,n100_p0.75_d3_uniform_Elow_V1.25_Hshort_PWflat_B0.10,6302035,100,0,0,0,,,,,,,,0.0831449032,False,,False
S0063_R09,n100_p0.75_d3_uniform_Elow_V1.25_Hshort_PWflat_B0.10,6302035,100,1,1,5,0.0500000000,7385.1178396542,7191.7154712885,1464.9167874427,184.3155782214,0.3500000000,119.7035732966,17.2662179470,True,,False
S0063_R09,n100_p0.75_d3_uniform_Elow_V1.25_Hshort_PWflat_B0.10,6302035,100,2,2,9,0.0900000000,4950.6439367972,4672.4795836489,1081.3438028319,150.6995119060,0.4000000000,100.4820864195,26.8938090801,True,,False
S0063_R09,n100_p0.75_d3_uniform_Elow_V1.25_Hshort_PWflat_B0.10,6302035,100,3,3,17,0.1700000000,2026.3814254687,1777.4983137790,1101.2873118371,150.6364316827,0.3500000000,102.4907182505,34.1805274487,True,,True
S0063_R10,n100_p0.75_d3_uniform_Elow_V1.25_Hshort_PWflat_B0.10,6302036,100,0,0,0,,,,,,,,0.1036589146,False,,False
S0063_R10,n100_p0.75_d3_uniform_Elow_V1.25_Hshort_PWflat_B0.10,6302036,100,1,1,3,0.0300000000,5671.1216011723,5368.2136195053,1088.4040193366,220.6727662224,0.3333333333,138.1789887027,19.9169607162,True,,False
S0063_R10,n100_p0.75_d3_uniform_Elow_V1.25_Hshort_PWflat_B0.10,6302036,100,2,2,9,0.0900000000,5679.2164435151,5386.1223216987,1180.7098285687,205.3104044813,0.4166666667,142.8325121198,31.4899959564,True,,False
S0063_R10,n100_p0.75_d3_uniform_Elow_V1.25_Hshort_PWflat_B0.10,6302036,100,3,3,17,0.1700000000,4989.5081699217,4748.1174827093,1277.9139512106,220.7915474532,0.4166666667,151.6997004770,43.9836058617,True,,True
S0064_R01,n100_p0.75_d3_uniform_Elow_V1.25_Hmedium_PWbase_B0.10,6402027,100,0,0,0,,,,,,,,0.1653389931,False,,False
S0064_R01,n100_p0.75_d3_uniform_Elow_V1.25_Hmedium_PWbase_B0.10,6402027,100,1,1,5,0.0500000000,250526.6857034715,250231.1100807224,2057.5717672331,251.3332151447,0.3181818182,146.6223827289,26.9238657951,True,,False
S0064_R01,n100_p0.75_d3_uniform_Elow_V1.25_Hmedium_PWbase_B0.10,6402027,100,2,2,11,0.1100000000,239300.7103675752,239033.5696484189,1960.3247372759,244.0971530093,0.4090909091,139.1905899643,35.7410092354,True,,False
S0064_R01,n100_p0.75_d3_uniform_Elow_V1.25_Hmedium_PWbase_B0.10,6402027,100,3,3,17,0.1700000000,254891.9480151357,254610.9232711271,2154.4542295491,235.9970088337,0.3181818182,148.0905949773,85.9271059036,True,,True
S0064_R02,n100_p0.75_d3_uniform_Elow_V1.25_Hmedium_PWbase_B0.10,6402028,100,0,0,0,,,,,,,,0.1605083942,False,,False
S0064_R02,n100_p0.75_d3_uniform_Elow_V1.25_Hmedium_PWbase_B0.10,6402028,100,1,1,7,0.0700000000,373800.4297846540,373525.9439716134,3088.1748256560,236.7680718981,0.2142857143,162.6608615665,35.0039908886,True,,False
S0064_R02,n100_p0.75_d3_uniform_Elow_V1.25_Hmedium_PWbase_B0.10,6402028,100,2,2,11,0.1100000000,334147.4829862198,333941.5988444209,2551.4001753809,204.6541762208,0.3928571429,139.4006906891,30.0098743439,True,,False
S0064_R02,n100_p0.75_d3_uniform_Elow_V1.25_Hmedium_PWbase_B0.10,6402028,100,3,3,13,0.1300000000,265832.0059038221,265535.9556294908,2319.9426657246,184.2806453660,0.3214285714,131.3168994745,53.4066247940,True,,True
S0064_R03,n100_p0.75_d3_uniform_Elow_V1.25_Hmedium_PWbase_B0.10,6402029,100,0,0,0,,,,,,,,0.1215198040,False,,False
S0064_R03,n100_p0.75_d3_uniform_Elow_V1.25_Hmedium_PWbase_B0.10,6402029,100,1,1,3,0.0300000000,268013.5838742139,267734.5544800396,2322.5247748026,283.7558412313,0.2500000000,166.8229332699,23.4768280983,True,,False
S0064_R03,n100_p0.75_d3_uniform_Elow_V1.25_Hmedium_PWbase_B0.10,6402029,100,2,2,10,0.1000000000,284464.5724694128,284167.6134082401,2537.4297360435,293.2010024962,0.2500000000,177.1917868048,31.0352559090,True,,False
S0064_R03,n100_p0.75_d3_uniform_Elow_V1.25_Hmedium_PWbase_B0.10,6402029,100,3,3,16,0.1600000000,205583.4476655374,205336.4253211795,1803.9748814039,223.1551476689,0.3500000000,139.0965509591,90.6867725849,True,,True
S0064_R04,n100_p0.75_d3_uniform_Elow_V1.25_Hmedium_PWbase_B0.10,6402030,100,0,0,0,,,,,,,,0.0960741043,False,,False
S0064_R04,n100_p0.75_d3_uniform_Elow_V1.25_Hmedium_PWbase_B0.10,6402030,100,1,1,9,0.0900000000,205445.1668837183,205159.8756502589,1649.5711757446,230.6133715266,0.3888888889,139.8878502736,37.5166466236,True,,False
S0064_R04,n100_p0.75_d3_uniform_Elow_V1.25_Hmedium_PWbase_B0.10,6402030,100,2,2,15,0.1500000000,248394.1781781274,248097.8539815363,2130.2223003981,287.2724679234,0.2777777778,166.3746327438,38.9812369347,True,,False
S0064_R04,n100_p0.75_d3_uniform_Elow_V1.25_Hmedium_PWbase_B0.10,6402030,100,3,3,16,0.1600000000,164563.8859115212,164287.2044421898,1452.6637960897,180.6286451530,0.3888888889,126.8982753999,69.4508640766,True,,True
S0064_R05,n100_p0.75_d3_uniform_Elow_V1.25_Hmedium_PWbase_B0.10,6402031,100,0,0,0,,,,,,,,0.0994126797,False,,False
S0064_R05,n100_p0.75_d3_uniform_Elow_V1.25_Hmedium_PWbase_B0.10,6402031,100,1,1,4,0.0400000000,323411.6542001452,323139.8100802835,2830.8605729312,245.7627041079,0.2400000000,166.9635501201,18.2375442982,True,,False
S0064_R05,n100_p0.75_d3_uniform_Elow_V1.25_Hmedium_PWbase_B0.10,6402031,100,2,2,8,0.0800000000,244681.8348469127,244386.7516764778,2021.7623248044,191.6578685368,0.2800000000,133.9803945248,27.4670033455,True,,False
S0064_R05,n100_p0.75_d3_uniform_Elow_V1.25_Hmedium_PWbase_B0.10,6402031,100,3,3,17,0.1700000000,145804.8641385480,145552.9895690329,1224.3258415135,146.9034596248,0.3600000000,99.7117794753,48.9347593784,True,,True
S0064_R06,n100_p0.75_d3_uniform_Elow_V1.25_Hmedium_PWbase_B0.10,6402032,100,0,0,0,,,,,,,,0.0954957008,False,,False
S0064_R06,n100_p0.75_d3_uniform_Elow_V1.25_Hmedium_PWbase_B0.10,6402032,100,1,1,9,0.0900000000,251003.8630002997,250738.7392957837,2040.8823971601,261.2831035901,0.2380952381,148.7450457126,30.0422818661,True,,False
S0064_R06,n100_p0.75_d3_uniform_Elow_V1.25_Hmedium_PWbase_B0.10,6402032,100,2,2,13,0.1300000000,235012.4012242096,234740.7806167840,1815.0706587816,207.7908769272,0.3809523810,132.8016737012,39.5988886356,True,,False
S0064_R06,n100_p0.75_d3_uniform_Elow_V1.25_Hmedium_PWbase_B0.10,6402032,100,3,3,15,0.1500000000,135559.0794501068,135267.3211658923,1153.6347458524,191.2334180258,0.4285714286,101.1821052647,51.4498438835,True,,True
S0064_R07,n100_p0.75_d3_uniform_Elow_V1.25_Hmedium_PWbase_B0.10,6402033,100,0,0,0,,,,,,,,0.1116268635,False,,False
S0064_R07,n100_p0.75_d3_uniform_Elow_V1.25_Hmedium_PWbase_B0.10,6402033,100,1,1,11,0.1100000000,201684.6676052543,201400.2118448764,1571.8805026887,231.4143200278,0.4117647059,140.2157502823,38.6711199284,True,,False
S0064_R07,n100_p0.75_d3_uniform_Elow_V1.25_Hmedium_PWbase_B0.10,6402033,100,2,2,15,0.1500000000,136518.4906232226,136252.5197321166,901.5557276544,159.3742650933,0.5294117647,95.9096731668,43.9090952873,True,,False
S0064_R07,n100_p0.75_d3_uniform_Elow_V1.25_Hmedium_PWbase_B0.10,6402033,100,3,3,19,0.1900000000,87577.6288800159,87300.8344179753,667.0833879143,136.4868735568,0.5882352941,80.6884539230,63.8277943134,True,,True
S0064_R08,n100_p0.75_d3_uniform_Elow_V1.25_Hmedium_PWbase_B0.10,6402034,100,0,0,0,,,,,,,,0.0978782177,False,,False
S0064_R08,n100_p0.75_d3_uniform_Elow_V1.25_Hmedium_PWbase_B0.10,6402034,100,1,1,9,0.0900000000,283993.1953553284,283732.0810845680,2473.5678180124,253.3436098838,0.2608695652,158.2161694759,32.0685548782,True,,False
S0064_R08,n100_p0.75_d3_uniform_Elow_V1.25_Hmedium_PWbase_B0.10,6402034,100,2,2,13,0.1300000000,265102.7903596623,264816.6032760488,2274.4456878174,242.8764126933,0.2173913043,151.5289863372,34.0947356224,True,,False
S0064_R08,n100_p0.75_d3_uniform_Elow_V1.25_Hmedium_PWbase_B0.10,6402034,100,3,3,13,0.1300000000,144096.5505306802,143831.7192662310,1161.6838809809,146.6986351283,0.4782608696,97.4475773762,53.0306041241,True,,True
S0064_R09,n100_p0.75_d3_uniform_Elow_V1.25_Hmedium_PWbase_B0.10,6402035,100,0,0,0,,,,,,,,0.1106936932,False,,False
S0064_R09,n100_p0.75_d3_uniform_Elow_V1.25_Hmedium_PWbase_B0.10,6402035,100,1,1,4,0.0400000000,353422.8332959856,353233.5126051259,3159.7084823720,338.8429178315,0.2727272727,193.6153037583,14.4204668999,True,,False
S0064_R09,n100_p0.75_d3_uniform_Elow_V1.25_Hmedium_PWbase_B0.10,6402035,100,2,2,10,0.1000000000,264983.7873026677,264776.7074128764,2401.9532313384,253.1726069018,0.4090909091,153.7293059044,27.9582622051,True,,False
S0064_R09,n100_p0.75_d3_uniform_Elow_V1.25_Hmedium_PWbase_B0.10,6402035,100,3,3,17,0.1700000000,155508.3846107395,155229.5692103048,1318.1171053382,212.9245445790,0.4545454545,104.1545583272,87.1646423340,True,,True
S0064_R10,n100_p0.75_d3_uniform_Elow_V1.25_Hmedium_PWbase_B0.10,6402036,100,0,0,0,,,,,,,,0.0909421444,False,,False
S0064_R10,n100_p0.75_d3_uniform_Elow_V1.25_Hmedium_PWbase_B0.10,6402036,100,1,1,5,0.0500000000,181504.8491973421,181220.2661777203,1478.0988313495,205.7534954014,0.4545454545,110.4519330483,17.2084302902,True,,False
S0064_R10,n100_p0.75_d3_uniform_Elow_V1.25_Hmedium_PWbase_B0.10,6402036,100,2,2,8,0.0800000000,218121.7117078004,217846.8231149818,1778.0402172381,204.8479063630,0.3181818182,129.0694619392,19.0748593807,True,,False
S0064_R10,n100_p0.75_d3_uniform_Elow_V1.25_Hmedium_PWbase_B0.10,6402036,100,3,3,14,0.1400000000,155183.0126199208,154915.0007966110,1267.0389706481,146.1950104661,0.4545454545,97.4797509866,44.1865324974,True,,True
S0065_R01,n100_p0.75_d3_uniform_Elow_V2.00_Hshort_PWstrict_B0.10,6502027,100,0,0,0,,,,,,,,0.0873668194,False,,False
S0065_R01,n100_p0.75_d3_uniform_Elow_V2.00_Hshort_PWstrict_B0.10,6502027,100,1,1,4,0.0400000000,417207.5146787643,416904.9544819598,1543.8987637129,223.9281485188,0.2352941176,141.1657766007,27.5914292336,True,,False
S0065_R01,n100_p0.75_d3_uniform_Elow_V2.00_Hshort_PWstrict_B0.10,6502027,100,2,2,15,0.1500000000,341574.5795419642,341310.5838260956,1208.6804510362,210.2463445905,0.5294117647,113.0291537894,46.5421237946,True,,False
S0065_R01,n100_p0.75_d3_uniform_Elow_V2.00_Hshort_PWstrict_B0.10,6502027,100,3,3,24,0.2400000000,115255.6494116388,114966.3692069967,418.3000237936,75.4199236699,0.6470588235,62.9433664511,49.8995730877,True,,True
S0065_R02,n100_p0.75_d3_uniform_Elow_V2.00_Hshort_PWstrict_B0.10,6502028,100,0,0,0,,,,,,,,0.1118330956,False,,False
S0065_R02,n100_p0.75_d3_uniform_Elow_V2.00_Hshort_PWstrict_B0.10,6502028,100,1,1,7,0.0700000000,317537.7009765363,317239.7383903055,899.0137989111,200.5059509897,0.4705882353,93.9794363267,28.1028740406,True,,False
S0065_R02,n100_p0.75_d3_uniform_Elow_V2.00_Hshort_PWstrict_B0.10,6502028,100,2,2,16,0.1600000000,171452.6544863190,171178.9734142324,239.7945668645,6.9612309667,0.8823529412,44.5563050988,39.7325627804,True,,False
S0065_R02,n100_p0.75_d3_uniform_Elow_V2.00_Hshort_PWstrict_B0.10,6502028,100,3,3,19,0.1900000000,42063.2575839084,41800.1041034148,82.0890226415,20.9179064666,0.8235294118,37.3996520393,87.6303727627,True,,True
S0065_R03,n100_p0.75_d3_uniform_Elow_V2.00_Hshort_PWstrict_B0.10,6502029,100,0,0,0,,,,,,,,0.0893182755,False,,False
S0065_R03,n100_p0.75_d3_uniform_Elow_V2.00_Hshort_PWstrict_B0.10,6502029,100,1,1,9,0.0900000000,406756.2108581753,406460.1240300657,1701.9253357378,235.0407672900,0.3333333333,132.8041862209,29.2009649277,True,,False
S0065_R03,n100_p0.75_d3_uniform_Elow_V2.00_Hshort_PWstrict_B0.10,6502029,100,2,2,11,0.1100000000,394381.1508511974,394153.2393159791,1611.7155758125,238.2885761027,0.4761904762,121.5074541241,43.7898876667,True,,False
S0065_R03,n100_p0.75_d3_uniform_Elow_V2.00_Hshort_PWstrict_B0.10,6502029,100,3,3,16,0.1600000000,257119.3692774596,256829.3251166148,969.1267490685,151.3616807495,0.5714285714,86.7042088876,36.6581952572,True,,True
S0065_R04,n100_p0.75_d3_uniform_Elow_V2.00_Hshort_PWstrict_B0.10,6502030,100,0,0,0,,,,,,,,0.1165609360,False,,False
S0065_R04,n100_p0.75_d3_uniform_Elow_V2.00_Hshort_PWstrict_B0.10,6502030,100,1,1,9,0.0900000000,465809.6311122953,465547.2848675924,1830.8829953555,218.6601350948,0.3478260870,127.2519234652,32.3348629475,True,,False
S0065_R04,n100_p0.75_d3_uniform_Elow_V2.00_Hshort_PWstrict_B0.10,6502030,100,2,2,17,0.1700000000,300702.1482652898,300434.9357646664,1040.8397422108,136.9396468482,0.5652173913,86.5747334568,39.6532094479,True,,False
S0065_R04,n100_p0.75_d3_uniform_Elow_V2.00_Hshort_PWstrict_B0.10,6502030,100,3,3,22,0.2200000000,244075.6324103497,243793.8504358892,755.1518130386,113.2383590859,0.6521739130,69.1502638851,129.4958450794,True,,True
S0065_R05,n100_p0.75_d3_uniform_Elow_V2.00_Hshort_PWstrict_B0.10,6502031,100,0,0,0,,,,,,,,0.0901045799,False,,False
S0065_R05,n100_p0.75_d3_uniform_Elow_V2.00_Hshort_PWstrict_B0.10,6502031,100,1,1,8,0.0800000000,289020.1597075376,288746.0001818323,1160.2479148448,162.2382276151,0.4583333333,91.2901615640,27.8960490227,True,,False
S0065_R05,n100_p0.75_d3_uniform_Elow_V2.00_Hshort_PWstrict_B0.10,6502031,100,2,2,13,0.1300000000,275368.4201499235,275092.3469229933,1034.7723470126,158.7030166868,0.6250000000,79.7241240452,32.2594857216,True,,False
S0065_R05,n100_p0.75_d3_uniform_Elow_V2.00_Hshort_PWstrict_B0.10,6502031,100,3,3,22,0.2200000000,133825.3667267459,133572.6841802430,526.4756042681,94.3596945212,0.7916666667,55.1850511564,88.0880305767,True,,True
S0065_R06,n100_p0.75_d3_uniform_Elow_V2.00_Hshort_PWstrict_B0.10,6502032,100,0,0,0,,,,,,,,0.0941705704,False,,False
S0065_R06,n100_p0.75_d3_uniform_Elow_V2.00_Hshort_PWstrict_B0.10,6502032,100,1,1,7,0.0700000000,389227.3845915917,388918.3204539327,1379.3791747601,191.8966663814,0.4500000000,114.9683861592,27.4330537319,True,,False
S0065_R06,n100_p0.75_d3_uniform_Elow_V2.00_Hshort_PWstrict_B0.10,6502032,100,2,2,10,0.1000000000,313672.7871577182,313372.5473335863,996.7806550853,197.9198127178,0.5500000000,88.5048047876,30.8777542114,True,,False
S0065_R06,n100_p0.75_d3_uniform_Elow_V2.00_Hshort_PWstrict_B0.10,6502032,100,3,3,22,0.2200000000,112766.9400111861,112480.8583137616,423.4141499298,100.4876064028,0.7000000000,58.0673971992,122.1282539368,True,,True
S0065_R07,n100_p0.75_d3_uniform_Elow_V2.00_Hshort_PWstrict_B0.10,6502033,100,0,0,0,,,,,,,,0.0953886509,False,,False
S0065_R07,n100_p0.75_d3_uniform_Elow_V2.00_Hshort_PWstrict_B0.10,6502033,100,1,1,5,0.0500000000,407569.4986055363,407285.2827263840,1512.6472269365,184.6365764483,0.3333333333,110.5617376488,26.8292691708,True,,False
S0065_R07,n100_p0.75_d3_uniform_Elow_V2.00_Hshort_PWstrict_B0.10,6502033,100,2,2,16,0.1600000000,309397.5966964104,309121.5188534513,1099.7634391389,172.8408682789,0.5833333333,84.9336132332,36.7745850086,True,,False
S0065_R07,n100_p0.75_d3_uniform_Elow_V2.00_Hshort_PWstrict_B0.10,6502033,100,3,3,15,0.1500000000,221590.8099977631,221316.0088016907,746.9407297878,150.4700399038,0.7500000000,67.5735739790,51.4895081520,True,,True
S0065_R08,n100_p0.75_d3_uniform_Elow_V2.00_Hshort_PWstrict_B0.10,6502034,100,0,0,0,,,,,,,,0.0737752914,False,,False
S0065_R08,n100_p0.75_d3_uniform_Elow_V2.00_Hshort_PWstrict_B0.10,6502034,100,1,1,5,0.0500000000,309753.8232335913,309541.6652994425,794.9028609043,119.9472205691,0.3750000000,96.6455243481,26.7948434353,True,,False
S0065_R08,n100_p0.75_d3_uniform_Elow_V2.00_Hshort_PWstrict_B0.10,6502034,100,2,2,22,0.2200000000,147292.3763127091,147031.4948104432,368.9027894666,71.6074039477,0.5000000000,67.1616432115,34.9571282864,True,,False
S0065_R08,n100_p0.75_d3_uniform_Elow_V2.00_Hshort_PWstrict_B0.10,6502034,100,3,3,21,0.2100000000,125966.0514026081,125700.7679333155,455.7129607260,142.5475424469,0.8125000000,59.6953245702,57.2225763798,True,,True
S0065_R09,n100_p0.75_d3_uniform_Elow_V2.00_Hshort_PWstrict_B0.10,6502035,100,0,0,0,,,,,,,,0.0798125267,False,,False
S0065_R09,n100_p0.75_d3_uniform_Elow_V2.00_Hshort_PWstrict_B0.10,6502035,100,1,1,7,0.0700000000,273933.4588707522,273671.3540484598,1246.5461529349,88.7889362867,0.4193548387,85.4190690731,13.1615655422,True,,False
S0065_R09,n100_p0.75_d3_uniform_Elow_V2.00_Hshort_PWstrict_B0.10,6502035,100,2,2,18,0.1800000000,186408.5406462268,186151.8687045167,867.9126971305,94.1990458897,0.5483870968,67.8836069335,19.6281602383,True,,False
S0065_R09,n100_p0.75_d3_uniform_Elow_V2.00_Hshort_PWstrict_B0.10,6502035,100,3,3,15,0.1500000000,349780.0717022057,349499.4194525150,1494.0819527834,154.8407377632,0.6129032258,85.0093855912,98.9377925396,True,,True
S0065_R10,n100_p0.75_d3_uniform_Elow_V2.00_Hshort_PWstrict_B0.10,6502036,100,0,0,0,,,,,,,,0.0812437534,False,,False
S0065_R10,n100_p0.75_d3_uniform_Elow_V2.00_Hshort_PWstrict_B0.10,6502036,100,1,1,6,0.0600000000,428291.3194703992,427997.3970541745,1721.6139346585,250.4753271839,0.3888888889,140.1862867721,31.3045573235,True,,False
S0065_R10,n100_p0.75_d3_uniform_Elow_V2.00_Hshort_PWstrict_B0.10,6502036,100,2,2,13,0.1300000000,264414.1254310709,264145.2068551707,919.6261902661,185.9335075052,0.6111111111,86.4255013948,36.4539291859,True,,False
S0065_R10,n100_p0.75_d3_uniform_Elow_V2.00_Hshort_PWstrict_B0.10,6502036,100,3,3,20,0.2000000000,144102.1124799860,143826.3520429954,568.1773752996,124.9131805237,0.7222222222,66.9448930511,77.8694667816,True,,True
S0066_R01,n100_p0.75_d3_uniform_Elow_V2.00_Hlong_PWmoderate_B0.10,6602027,100,0,0,0,,,,,,,,0.0786590576,False,,False
S0066_R01,n100_p0.75_d3_uniform_Elow_V2.00_Hlong_PWmoderate_B0.10,6602027,100,1,1,10,0.1000000000,27762.4951533617,27500.1918291305,882.9402775560,138.0512339202,0.4285714286,86.6341192664,16.9841361046,True,,False
S0066_R01,n100_p0.75_d3_uniform_Elow_V2.00_Hlong_PWmoderate_B0.10,6602027,100,2,2,13,0.1300000000,19035.2997122834,18780.1028048915,387.0237184754,21.6754135215,0.6190476190,57.3257535526,20.0542774200,True,,False
S0066_R01,n100_p0.75_d3_uniform_Elow_V2.00_Hlong_PWmoderate_B0.10,6602027,100,3,3,20,0.2000000000,16069.4510620851,15803.9970182906,352.3477782233,4.4525287982,0.8095238095,49.5914676766,47.7830395699,True,,True
S0066_R02,n100_p0.75_d3_uniform_Elow_V2.00_Hlong_PWmoderate_B0.10,6602028,100,0,0,0,,,,,,,,0.0792534351,False,,False
S0066_R02,n100_p0.75_d3_uniform_Elow_V2.00_Hlong_PWmoderate_B0.10,6602028,100,1,1,9,0.0900000000,34407.2013044641,34115.8665067429,1031.8788456291,196.9532109668,0.5263157895,95.1337303587,26.3986632824,True,,False
S0066_R02,n100_p0.75_d3_uniform_Elow_V2.00_Hlong_PWmoderate_B0.10,6602028,100,2,2,16,0.1600000000,37253.9343018331,36989.2516507625,1449.6816400376,239.7669115829,0.5789473684,114.1964537233,26.8156988621,True,,False
S0066_R02,n100_p0.75_d3_uniform_Elow_V2.00_Hlong_PWmoderate_B0.10,6602028,100,3,3,21,0.2100000000,27644.6295450795,27359.2782914441,1171.0673192457,221.1540169544,0.6315789474,98.1495914410,80.2615876198,True,,True
S0066_R03,n100_p0.75_d3_uniform_Elow_V2.00_Hlong_PWmoderate_B0.10,6602029,100,0,0,0,,,,,,,,0.0722672939,False,,False
S0066_R03,n100_p0.75_d3_uniform_Elow_V2.00_Hlong_PWmoderate_B0.10,6602029,100,1,1,9,0.0900000000,38705.6709095202,38402.6813721684,1344.6595781405,275.9012933785,0.5789473684,111.6734627143,27.9494075775,True,,False
S0066_R03,n100_p0.75_d3_uniform_Elow_V2.00_Hlong_PWmoderate_B0.10,6602029,100,2,2,13,0.1300000000,41786.8085424868,41501.6500065207,1606.9048267718,253.3397669455,0.4736842105,125.6157666625,30.2595505714,True,,False
S0066_R03,n100_p0.75_d3_uniform_Elow_V2.00_Hlong_PWmoderate_B0.10,6602029,100,3,3,23,0.2300000000,24274.2538168859,24014.9515225080,986.0107200049,215.3870466398,0.6315789474,90.3980182812,52.6196234226,True,,True
S0066_R04,n100_p0.75_d3_uniform_Elow_V2.00_Hlong_PWmoderate_B0.10,6602030,100,0,0,0,,,,,,,,0.0930056572,False,,False
S0066_R04,n100_p0.75_d3_uniform_Elow_V2.00_Hlong_PWmoderate_B0.10,6602030,100,1,1,4,0.0400000000,56225.3891009851,55932.5504180153,2104.6227723241,196.9429959171,0.2916666667,138.5253551824,18.6569006443,True,,False
S0066_R04,n100_p0.75_d3_uniform_Elow_V2.00_Hlong_PWmoderate_B0.10,6602030,100,2,2,8,0.0800000000,39482.8462668042,39171.6419120490,1512.3908360216,171.2741213910,0.4166666667,108.1687324120,29.4115684032,True,,False
S0066_R04,n100_p0.75_d3_uniform_Elow_V2.00_Hlong_PWmoderate_B0.10,6602030,100,3,3,17,0.1700000000,24147.4425800359,23872.2594947025,908.3210492952,123.1546863232,0.5416666667,80.8234042570,98.8519599438,True,,True
S0066_R05,n100_p0.75_d3_uniform_Elow_V2.00_Hlong_PWmoderate_B0.10,6602031,100,0,0,0,,,,,,,,0.0704345703,False,,False
S0066_R05,n100_p0.75_d3_uniform_Elow_V2.00_Hlong_PWmoderate_B0.10,6602031,100,1,1,10,0.1000000000,43455.7957615635,43191.4264660154,1526.8470552161,202.2421221732,0.4782608696,105.5695066674,31.7934796810,True,,False
S0066_R05,n100_p0.75_d3_uniform_Elow_V2.00_Hlong_PWmoderate_B0.10,6602031,100,2,2,16,0.1600000000,32685.7609588626,32410.2279412187,1087.2452277744,147.7338681302,0.5652173913,82.3629038384,42.7236726284,True,,False
S0066_R05,n100_p0.75_d3_uniform_Elow_V2.00_Hlong_PWmoderate_B0.10,6602031,100,3,3,20,0.2000000000,9693.4066312918,9405.7580941986,333.0313544604,37.1259701020,0.6956521739,47.8688613866,83.7322325706,True,,True
S0066_R06,n100_p0.75_d3_uniform_Elow_V2.00_Hlong_PWmoderate_B0.10,6602032,100,0,0,0,,,,,,,,0.0606427193,False,,False
S0066_R06,n100_p0.75_d3_uniform_Elow_V2.00_Hlong_PWmoderate_B0.10,6602032,100,1,1,9,0.0900000000,37960.4643635660,37759.2528832202,913.1672054910,190.5514297936,0.5714285714,104.5868204995,33.4160232544,True,,False
S0066_R06,n100_p0.75_d3_uniform_Elow_V2.00_Hlong_PWmoderate_B0.10,6602032,100,2,2,15,0.1500000000,28979.7060670553,28713.3508894061,689.2657187087,158.8255929411,0.6428571429,85.4963755439,37.9375426769,True,,False
S0066_R06,n100_p0.75_d3_uniform_Elow_V2.00_Hlong_PWmoderate_B0.10,6602032,100,3,3,21,0.2100000000,5373.7186093448,5102.7398745964,136.5429646156,28.8927580725,0.7142857143,40.0193355273,68.6303865910,True,,True
S0066_R07,n100_p0.75_d3_uniform_Elow_V2.00_Hlong_PWmoderate_B0.10,6602033,100,0,0,0,,,,,,,,0.0797970295,False,,False
S0066_R07,n100_p0.75_d3_uniform_Elow_V2.00_Hlong_PWmoderate_B0.10,6602033,100,1,1,7,0.0700000000,44388.4221187132,44102.4148402582,1467.7873503476,229.7814196481,0.3809523810,116.4729028656,23.2146015167,True,,False
S0066_R07,n100_p0.75_d3_uniform_Elow_V2.00_Hlong_PWmoderate_B0.10,6602033,100,2,2,13,0.1300000000,33003.0947404176,32712.9596252508,1060.6055981718,214.6906606571,0.5238095238,92.8759448871,36.2950723171,True,,False
S0066_R07,n100_p0.75_d3_uniform_Elow_V2.00_Hlong_PWmoderate_B0.10,6602033,100,3,3,16,0.1600000000,16526.7513919630,16254.1484890308,647.8797091246,123.2116306037,0.6666666667,69.5376433725,118.8304979801,True,,True
S0066_R08,n100_p0.75_d3_uniform_Elow_V2.00_Hlong_PWmoderate_B0.10,6602034,100,0,0,0,,,,,,,,0.0660581589,False,,False
S0066_R08,n100_p0.75_d3_uniform_Elow_V2.00_Hlong_PWmoderate_B0.10,6602034,100,1,1,7,0.0700000000,43507.2193709303,43232.7694281808,1600.5083432601,229.0647941521,0.4545454545,117.0780150104,23.9790425301,True,,False
S0066_R08,n100_p0.75_d3_uniform_Elow_V2.00_Hlong_PWmoderate_B0.10,6602034,100,2,2,16,0.1600000000,35851.5647419383,35578.4212430240,1429.0828764455,233.4332474997,0.5454545455,106.0069621362,30.4205813408,True,,False
S0066_R08,n100_p0.75_d3_uniform_Elow_V2.00_Hlong_PWmoderate_B0.10,6602034,100,3,3,24,0.2400000000,23359.9631856776,23106.2786812939,946.0126015493,177.7622014935,0.5454545455,84.2593453431,67.5853981972,True,,True
S0066_R09,n100_p0.75_d3_uniform_Elow_V2.00_Hlong_PWmoderate_B0.10,6602035,100,0,0,0,,,,,,,,0.0797896385,False,,False
S0066_R09,n100_p0.75_d3_uniform_Elow_V2.00_Hlong_PWmoderate_B0.10,6602035,100,1,1,8,0.0800000000,50053.3926696778,49779.0695217925,1508.1653959480,222.8668876231,0.5200000000,102.7622407385,23.8843505383,True,,False
S0066_R09,n100_p0.75_d3_uniform_Elow_V2.00_Hlong_PWmoderate_B0.10,6602035,100,2,2,15,0.1500000000,36660.0958958229,36411.3937955929,933.3273085543,125.9555196718,0.6000000000,75.9345886404,33.5918703079,True,,False
S0066_R09,n100_p0.75_d3_uniform_Elow_V2.00_Hlong_PWmoderate_B0.10,6602035,100,3,3,21,0.2100000000,17894.1587437223,17621.4180782163,806.3116083032,128.6018166543,0.5600000000,71.6276608752,86.1340720654,True,,True
S0066_R10,n100_p0.75_d3_uniform_Elow_V2.00_Hlong_PWmoderate_B0.10,6602036,100,0,0,0,,,,,,,,0.0875735283,False,,False
S0066_R10,n100_p0.75_d3_uniform_Elow_V2.00_Hlong_PWmoderate_B0.10,6602036,100,1,1,11,0.1100000000,47306.2562825751,47022.3353802373,1714.0929651525,190.4402665883,0.5185185185,103.7263666979,25.4043583870,True,,False
S0066_R10,n100_p0.75_d3_uniform_Elow_V2.00_Hlong_PWmoderate_B0.10,6602036,100,2,2,21,0.2100000000,32269.9103360861,32009.4200728743,1183.6323465438,159.7607686805,0.6666666667,80.3883906458,36.8441917896,True,,False
S0066_R10,n100_p0.75_d3_uniform_Elow_V2.00_Hlong_PWmoderate_B0.10,6602036,100,3,3,14,0.1400000000,20199.3597906032,19916.8799119248,703.3561770083,80.1350844426,0.6666666667,63.3857440381,89.3119387627,True,,True
S0067_R01,n100_p0.75_d3_uniform_Emedium_V1.25_Hmedium_PWstrict_B0.10,6702027,100,0,0,0,,,,,,,,0.0735502243,False,,False
S0067_R01,n100_p0.75_d3_uniform_Emedium_V1.25_Hmedium_PWstrict_B0.10,6702027,100,1,1,9,0.0900000000,207843.9096765070,207573.3846090769,614.6284238192,138.7012822636,0.5714285714,83.1249840342,26.9544503689,True,,False
S0067_R01,n100_p0.75_d3_uniform_Emedium_V1.25_Hmedium_PWstrict_B0.10,6702027,100,2,2,19,0.1900000000,159056.8458284307,158792.2819486486,448.2886601448,112.7821461867,0.7857142857,66.2391319866,33.3284604549,True,,False
S0067_R01,n100_p0.75_d3_uniform_Emedium_V1.25_Hmedium_PWstrict_B0.10,6702027,100,3,3,20,0.2000000000,137382.5114532742,137125.2012223174,454.6951200372,103.9700826029,0.7857142857,67.2022032779,186.4007728100,True,,True
S0067_R02,n100_p0.75_d3_uniform_Emedium_V1.25_Hmedium_PWstrict_B0.10,6702028,100,0,0,0,,,,,,,,0.0847795010,False,,False
S0067_R02,n100_p0.75_d3_uniform_Emedium_V1.25_Hmedium_PWstrict_B0.10,6702028,100,1,1,9,0.0900000000,208572.2607596674,208309.9978498030,742.7038480575,145.8847772711,0.5882352941,86.6828886336,30.7956175804,True,,False
S0067_R02,n100_p0.75_d3_uniform_Emedium_V1.25_Hmedium_PWstrict_B0.10,6702028,100,2,2,21,0.2100000000,226101.5580379658,225868.5620085240,863.9206920193,162.4510208183,0.5882352941,91.4452811866,34.6124398708,True,,False
S0067_R02,n100_p0.75_d3_uniform_Emedium_V1.25_Hmedium_PWstrict_B0.10,6702028,100,3,3,20,0.2000000000,254737.9211093700,254500.7704085809,954.9822231128,180.0524651175,0.5882352941,95.2722985900,197.4479863644,True,,True
S0067_R03,n100_p0.75_d3_uniform_Emedium_V1.25_Hmedium_PWstrict_B0.10,6702029,100,0,0,0,,,,,,,,0.0906164646,False,,False
S0067_R03,n100_p0.75_d3_uniform_Emedium_V1.25_Hmedium_PWstrict_B0.10,6702029,100,1,1,5,0.0500000000,465424.7286330643,465129.6871086636,2047.3010213616,246.5010838467,0.4500000000,149.7719582484,21.9624142647,True,,False
S0067_R03,n100_p0.75_d3_uniform_Emedium_V1.25_Hmedium_PWstrict_B0.10,6702029,100,2,2,13,0.1300000000,367755.4542137164,367479.2248769000,1535.6935652448,237.0546031702,0.5000000000,121.9141954996,29.1059517860,True,,False
S0067_R03,n100_p0.75_d3_uniform_Emedium_V1.25_Hmedium_PWstrict_B0.10,6702029,100,3,3,19,0.1900000000,107243.9566378027,106967.1224301607,501.6838209802,62.5236700033,0.4500000000,74.3634575394,90.2563514709,True,,True
S0067_R04,n100_p0.75_d3_uniform_Emedium_V1.25_Hmedium_PWstrict_B0.10,6702030,100,0,0,0,,,,,,,,0.0837745667,False,,False
S0067_R04,n100_p0.75_d3_uniform_Emedium_V1.25_Hmedium_PWstrict_B0.10,6702030,100,1,1,3,0.0300000000,534114.9751301707,533841.4425968300,1948.3988663881,232.8650995070,0.3636363636,137.2525332579,18.6820886135,True,,False
S0067_R04,n100_p0.75_d3_uniform_Emedium_V1.25_Hmedium_PWstrict_B0.10,6702030,100,2,2,15,0.1500000000,437830.8035534934,437535.8689311965,1707.2867500720,204.6038759559,0.4545454545,121.9345321759,23.4248957634,True,,False
S0067_R04,n100_p0.75_d3_uniform_Emedium_V1.25_Hmedium_PWstrict_B0.10,6702030,100,3,3,22,0.2200000000,290386.3850996254,290092.9871302502,1198.9996127732,165.0546935415,0.5909090909,96.8703814640,144.5148546696,True,,True
S0067_R05,n100_p0.75_d3_uniform_Emedium_V1.25_Hmedium_PWstrict_B0.10,6702031,100,0,0,0,,,,,,,,0.0636405945,False,,False
S0067_R05,n100_p0.75_d3_uniform_Emedium_V1.25_Hmedium_PWstrict_B0.10,6702031,100,1,1,4,0.0400000000,437944.0245737693,437652.1790951503,1737.6982062702,215.3868071245,0.3333333333,132.2391479708,25.4858198166,True,,False
S0067_R05,n100_p0.75_d3_uniform_Emedium_V1.25_Hmedium_PWstrict_B0.10,6702031,100,2,2,9,0.0900000000,413471.4557814164,413182.5936376738,1547.5570429052,243.9797512903,0.5714285714,117.4231468679,23.9631853104,True,,False
S0067_R05,n100_p0.75_d3_uniform_Emedium_V1.25_Hmedium_PWstrict_B0.10,6702031,100,3,3,13,0.1300000000,164795.9904946116,164502.6791232916,567.1327214716,120.7603920839,0.7619047619,63.2902655486,56.1593573093,True,,True
S0067_R06,n100_p0.75_d3_uniform_Emedium_V1.25_Hmedium_PWstrict_B0.10,6702032,100,0,0,0,,,,,,,,0.0696394444,False,,False
S0067_R06,n100_p0.75_d3_uniform_Emedium_V1.25_Hmedium_PWstrict_B0.10,6702032,100,1,1,10,0.1000000000,341676.4692971593,341395.8160518158,1235.9014051453,165.4137176353,0.4285714286,104.2202609847,23.9017434120,True,,False
S0067_R06,n100_p0.75_d3_uniform_Emedium_V1.25_Hmedium_PWstrict_B0.10,6702032,100,2,2,16,0.1600000000,212331.3056290488,212047.7264644363,585.5806503947,109.4854734581,0.7619047619,64.8342937574,30.5190579891,True,,False
S0067_R06,n100_p0.75_d3_uniform_Emedium_V1.25_Hmedium_PWstrict_B0.10,6702032,100,3,3,16,0.1600000000,98460.1312568819,98173.0820787097,111.9329180788,0.0000000000,0.9523809524,38.5489048804,71.1987740993,True,,True
S0067_R07,n100_p0.75_d3_uniform_Emedium_V1.25_Hmedium_PWstrict_B0.10,6702033,100,0,0,0,,,,,,,,0.0706245899,False,,False
S0067_R07,n100_p0.75_d3_uniform_Emedium_V1.25_Hmedium_PWstrict_B0.10,6702033,100,1,1,9,0.0900000000,409056.3381176475,408777.3625470743,1640.7522074714,235.4797648184,0.3333333333,141.1286359561,21.4240407944,True,,False
S0067_R07,n100_p0.75_d3_uniform_Emedium_V1.25_Hmedium_PWstrict_B0.10,6702033,100,2,2,12,0.1200000000,230361.7697606540,230092.7079000824,737.4843134939,157.0575322589,0.6111111111,82.5397240460,24.9386970997,True,,False
S0067_R07,n100_p0.75_d3_uniform_Emedium_V1.25_Hmedium_PWstrict_B0.10,6702033,100,3,3,16,0.1600000000,235864.6121521684,235579.8780309225,900.0041745184,194.9710281891,0.6666666667,91.8700025960,69.1481463909,True,,True
S0067_R08,n100_p0.75_d3_uniform_Emedium_V1.25_Hmedium_PWstrict_B0.10,6702034,100,0,0,0,,,,,,,,0.0776739120,False,,False
S0067_R08,n100_p0.75_d3_uniform_Emedium_V1.25_Hmedium_PWstrict_B0.10,6702034,100,1,1,7,0.0700000000,419892.8960386171,419592.4350913892,1542.2455369602,209.1400563847,0.3913043478,115.4209598923,24.5805988312,True,,False
S0067_R08,n100_p0.75_d3_uniform_Emedium_V1.25_Hmedium_PWstrict_B0.10,6702034,100,2,2,17,0.1700000000,327438.3977167201,327181.3388793402,1019.8767137367,145.0263752189,0.5217391304,89.2188260423,31.6517455578,True,,False
S0067_R08,n100_p0.75_d3_uniform_Emedium_V1.25_Hmedium_PWstrict_B0.10,6702034,100,3,3,15,0.1500000000,108917.7960926605,108653.6897165263,305.9938605421,52.4806275529,0.7391304348,53.0131816778,51.6081655025,True,,True
S0067_R09,n100_p0.75_d3_uniform_Emedium_V1.25_Hmedium_PWstrict_B0.10,6702035,100,0,0,0,,,,,,,,0.0845947266,False,,False
S0067_R09,n100_p0.75_d3_uniform_Emedium_V1.25_Hmedium_PWstrict_B0.10,6702035,100,1,1,4,0.0400000000,480769.8887049989,480479.4298373886,1990.7724362300,216.5286892961,0.2727272727,142.9160411285,18.9720110893,True,,False
S0067_R09,n100_p0.75_d3_uniform_Emedium_V1.25_Hmedium_PWstrict_B0.10,6702035,100,2,2,15,0.1500000000,275432.4829282777,275154.4782066281,980.7198894413,191.9309407808,0.6818181818,86.2800207472,27.2394418716,True,,False
S0067_R09,n100_p0.75_d3_uniform_Emedium_V1.25_Hmedium_PWstrict_B0.10,6702035,100,3,3,15,0.1500000000,108624.7507933388,108344.7402803254,343.4202817926,50.9710563053,0.6818181818,56.5915323509,79.9520449638,True,,True
S0067_R10,n100_p0.75_d3_uniform_Emedium_V1.25_Hmedium_PWstrict_B0.10,6702036,100,0,0,0,,,,,,,,0.0633192062,False,,False
S0067_R10,n100_p0.75_d3_uniform_Emedium_V1.25_Hmedium_PWstrict_B0.10,6702036,100,1,1,6,0.0600000000,451090.4668960219,450807.0808320164,1923.5505359868,225.6323638154,0.2857142857,142.6594838754,23.1730139256,True,,False
S0067_R10,n100_p0.75_d3_uniform_Emedium_V1.25_Hmedium_PWstrict_B0.10,6702036,100,2,2,13,0.1300000000,427863.8317115573,427608.2841483263,1458.1285174030,198.2114597464,0.4285714286,116.3714416976,24.1277234554,True,,False
S0067_R10,n100_p0.75_d3_uniform_Emedium_V1.25_Hmedium_PWstrict_B0.10,6702036,100,3,3,17,0.1700000000,229457.4826275128,229182.8333743213,874.7825995248,134.1915244818,0.4761904762,88.0713843567,51.5609095097,True,,True
S0068_R01,n100_p0.75_d3_uniform_Emedium_V2.00_Hmedium_PWstrict_B0.10,6802027,100,0,0,0,,,,,,,,0.0479962826,False,,False
S0068_R01,n100_p0.75_d3_uniform_Emedium_V2.00_Hmedium_PWstrict_B0.10,6802027,100,1,1,15,0.1500000000,443234.8141652999,442975.0739987330,1873.8420628004,206.1217864003,0.3500000000,140.4897289696,29.2286610603,True,,False
S0068_R01,n100_p0.75_d3_uniform_Emedium_V2.00_Hmedium_PWstrict_B0.10,6802027,100,2,2,24,0.2400000000,129840.5960019245,129595.6966254843,300.3066564927,13.1866421557,0.8500000000,48.9389384880,23.4087157249,True,,False
S0068_R01,n100_p0.75_d3_uniform_Emedium_V2.00_Hmedium_PWstrict_B0.10,6802027,100,3,3,24,0.2400000000,74276.3414537629,74007.0517666451,251.4326845349,9.6473559948,0.8500000000,47.7373916207,70.0168125629,True,,True
S0068_R02,n100_p0.75_d3_uniform_Emedium_V2.00_Hmedium_PWstrict_B0.10,6802028,100,0,0,0,,,,,,,,0.0642960072,False,,False
S0068_R02,n100_p0.75_d3_uniform_Emedium_V2.00_Hmedium_PWstrict_B0.10,6802028,100,1,1,11,0.1100000000,289932.8217536240,289649.8745800942,1015.7749951141,169.5750972346,0.6315789474,94.1710657876,25.1748569012,True,,False
S0068_R02,n100_p0.75_d3_uniform_Emedium_V2.00_Hmedium_PWstrict_B0.10,6802028,100,2,2,20,0.2000000000,229677.2485133966,229405.1141685499,552.2926014653,114.2853883273,0.7894736842,61.5914069930,34.5210719109,True,,False
S0068_R02,n100_p0.75_d3_uniform_Emedium_V2.00_Hmedium_PWstrict_B0.10,6802028,100,3,3,19,0.1900000000,114276.4339971924,114006.9698821385,370.2145735893,53.4900846668,0.7368421053,54.5232322968,64.1277565956,True,,True
S0068_R03,n100_p0.75_d3_uniform_Emedium_V2.00_Hmedium_PWstrict_B0.10,6802029,100,0,0,0,,,,,,,,0.0801105499,False,,False
S0068_R03,n100_p0.75_d3_uniform_Emedium_V2.00_Hmedium_PWstrict_B0.10,6802029,100,1,1,8,0.0800000000,440002.4380649054,439703.5787132672,1712.0895193791,209.4560243117,0.3600000000,116.0292463806,24.7765254974,True,,False
S0068_R03,n100_p0.75_d3_uniform_Emedium_V2.00_Hmedium_PWstrict_B0.10,6802029,100,2,2,24,0.2400000000,192137.7129182442,191877.5381779392,781.9875791138,144.1996434421,0.7200000000,66.1417187806,23.3902423382,True,,False
S0068_R03,n100_p0.75_d3_uniform_Emedium_V2.00_Hmedium_PWstrict_B0.10,6802029,100,3,3,24,0.2400000000,240506.7467190524,240227.0889157538,1079.2264345435,189.5652475321,0.6800000000,82.9677069728,47.9476673603,True,,True
S0068_R04,n100_p0.75_d3_uniform_Emedium_V2.00_Hmedium_PWstrict_B0.10,6802030,100,0,0,0,,,,,,,,0.0772461891,False,,False
S0068_R04,n100_p0.75_d3_uniform_Emedium_V2.00_Hmedium_PWstrict_B0.10,6802030,100,1,1,21,0.2100000000,164797.5609994326,164585.4445952683,469.5711623783,21.9038445246,0.8571428571,54.4851867602,30.7835245132,True,,False
S0068_R04,n100_p0.75_d3_uniform_Emedium_V2.00_Hmedium_PWstrict_B0.10,6802030,100,2,2,24,0.2400000000,150610.3096624306,150383.4484798920,457.9042052302,27.8319819229,0.8571428571,58.4651725857,25.6873140335,True,,False
S0068_R04,n100_p0.75_d3_uniform_Emedium_V2.00_Hmedium_PWstrict_B0.10,6802030,100,3,3,24,0.2400000000,131729.1933797255,131461.4366642062,376.3528333576,0.0000000000,0.9047619048,45.0332158659,49.0954489708,True,,True
S0068_R05,n100_p0.75_d3_uniform_Emedium_V2.00_Hmedium_PWstrict_B0.10,6802031,100,0,0,0,,,,,,,,0.0753855705,False,,False
S0068_R05,n100_p0.75_d3_uniform_Emedium_V2.00_Hmedium_PWstrict_B0.10,6802031,100,1,1,15,0.1500000000,348052.5513901823,347813.8243609694,1312.9443644761,253.3752399180,0.5789473684,111.9575201190,27.4857809544,True,,False
S0068_R05,n100_p0.75_d3_uniform_Emedium_V2.00_Hmedium_PWstrict_B0.10,6802031,100,2,2,24,0.2400000000,256860.3170504562,256613.4128957702,1196.8693248610,230.9140970789,0.5789473684,104.2579257395,26.6759624481,True,,False
S0068_R05,n100_p0.75_d3_uniform_Emedium_V2.00_Hmedium_PWstrict_B0.10,6802031,100,3,3,25,0.2500000000,259427.0805476647,259154.2855387867,1218.1305135030,226.6440836403,0.5789473684,102.8108215859,67.0133268833,True,,True
S0068_R06,n100_p0.75_d3_uniform_Emedium_V2.00_Hmedium_PWstrict_B0.10,6802032,100,0,0,0,,,,,,,,0.0903179646,False,,False
S0068_R06,n100_p0.75_d3_uniform_Emedium_V2.00_Hmedium_PWstrict_B0.10,6802032,100,1,1,16,0.1600000000,163221.5689689509,162959.3943269789,304.8140130011,10.5809971489,0.8333333333,51.5852317695,26.8864769936,True,,False
S0068_R06,n100_p0.75_d3_uniform_Emedium_V2.00_Hmedium_PWstrict_B0.10,6802032,100,2,2,24,0.2400000000,88849.1173341603,88580.8821167034,283.3039546463,10.5809971489,0.8333333333,48.3753759797,24.7676739693,True,,False
S0068_R06,n100_p0.75_d3_uniform_Emedium_V2.00_Hmedium_PWstrict_B0.10,6802032,100,3,3,24,0.2400000000,30945.6127979865,30669.4521221735,139.7978616645,2.4552463422,0.8888888889,42.9065010645,26.3464846611,True,,True
S0068_R07,n100_p0.75_d3_uniform_Emedium_V2.00_Hmedium_PWstrict_B0.10,6802033,100,0,0,0,,,,,,,,0.0870003700,False,,False
S0068_R07,n100_p0.75_d3_uniform_Emedium_V2.00_Hmedium_PWstrict_B0.10,6802033,100,1,1,13,0.1300000000,321492.0356450872,321202.9778560733,1111.3382232084,173.8782837502,0.6190476190,98.0353496865,27.8678474426,True,,False
S0068_R07,n100_p0.75_d3_uniform_Emedium_V2.00_Hmedium_PWstrict_B0.10,6802033,100,2,2,24,0.2400000000,173042.8967905781,172796.9484094567,503.5174191912,27.5455213756,0.7619047619,56.4992802547,27.6715219021,True,,False
S0068_R07,n100_p0.75_d3_uniform_Emedium_V2.00_Hmedium_PWstrict_B0.10,6802033,100,3,3,24,0.2400000000,162129.4877151171,161869.7956472424,495.5191891029,27.5455213756,0.7619047619,55.1349119924,70.2817735672,True,,True
S0068_R08,n100_p0.75_d3_uniform_Emedium_V2.00_Hmedium_PWstrict_B0.10,6802034,100,0,0,0,,,,,,,,0.0875418186,False,,False
S0068_R08,n100_p0.75_d3_uniform_Emedium_V2.00_Hmedium_PWstrict_B0.10,6802034,100,1,1,9,0.0900000000,241857.1057051538,241655.6012223836,715.4299216722,151.3066212336,0.5000000000,88.6216116566,19.9846162796,True,,False
S0068_R08,n100_p0.75_d3_uniform_Emedium_V2.00_Hmedium_PWstrict_B0.10,6802034,100,2,2,24,0.2400000000,127788.9587440754,127517.8347419409,465.6724374424,109.4049132913,0.6250000000,74.8401548292,28.1241436005,True,,False
S0068_R08,n100_p0.75_d3_uniform_Emedium_V2.00_Hmedium_PWstrict_B0.10,6802034,100,3,3,24,0.2400000000,111544.5895110573,111259.9606103528,458.0265385408,104.9058820809,0.6250000000,72.0096031950,52.8085525036,True,,True
S0068_R09,n100_p0.75_d3_uniform_Emedium_V2.00_Hmedium_PWstrict_B0.10,6802035,100,0,0,0,,,,,,,,0.0849206448,False,,False
S0068_R09,n100_p0.75_d3_uniform_Emedium_V2.00_Hmedium_PWstrict_B0.10,6802035,100,1,1,11,0.1100000000,276147.3849229611,275848.1522923736,916.9085472604,249.3233943374,0.6470588235,91.1144323038,34.0235517025,True,,False
S0068_R09,n100_p0.75_d3_uniform_Emedium_V2.00_Hmedium_PWstrict_B0.10,6802035,100,2,2,24,0.2400000000,205182.0015360355,204939.4315907464,792.0714312292,230.9658990926,0.7058823529,82.9466161979,31.4090979099,True,,False
S0068_R09,n100_p0.75_d3_uniform_Emedium_V2.00_Hmedium_PWstrict_B0.10,6802035,100,3,3,24,0.2400000000,77082.8139144598,76805.0728503234,209.5326876263,3.8933924586,0.8823529412,43.8725786020,55.5274126530,True,,True
S0068_R10,n100_p0.75_d3_uniform_Emedium_V2.00_Hmedium_PWstrict_B0.10,6802036,100,0,0,0,,,,,,,,0.0768413544,False,,False
S0068_R10,n100_p0.75_d3_uniform_Emedium_V2.00_Hmedium_PWstrict_B0.10,6802036,100,1,1,9,0.0900000000,225601.2747362327,225342.2015627112,668.4861921284,85.0521859774,0.6500000000,76.2306752880,29.1887023449,True,,False
S0068_R10,n100_p0.75_d3_uniform_Emedium_V2.00_Hmedium_PWstrict_B0.10,6802036,100,2,2,21,0.2100000000,206693.7419931685,206431.7879428724,816.9770915461,156.2177378547,0.6500000000,83.7012653315,41.0419547558,True,,False
S0068_R10,n100_p0.75_d3_uniform_Emedium_V2.00_Hmedium_PWstrict_B0.10,6802036,100,3,3,24,0.2400000000,88559.5616901279,88279.3682119386,357.5041341010,42.2830711323,0.8500000000,52.6336457063,26.2729239464,True,,True
S0069_R01,n100_p0.75_d3_uniform_Emedium_V2.00_Hlong_PWflat_B0.10,6902027,100,0,0,0,,,,,,,,0.0998487473,False,,False
S0069_R01,n100_p0.75_d3_uniform_Emedium_V2.00_Hlong_PWflat_B0.10,6902027,100,1,1,7,0.0700000000,6679.1078662631,6394.8370506634,1398.8436932678,217.0429260042,0.4000000000,118.0976891802,22.0180082321,True,,False
S0069_R01,n100_p0.75_d3_uniform_Emedium_V2.00_Hlong_PWflat_B0.10,6902027,100,2,2,16,0.1600000000,5042.9993331673,4818.6936809394,1133.5718124770,155.2214943382,0.4000000000,103.1383433306,27.4162042141,True,,False
S0069_R01,n100_p0.75_d3_uniform_Emedium_V2.00_Hlong_PWflat_B0.10,6902027,100,3,3,21,0.2100000000,1881.7081020279,1595.5043184294,491.5747587834,55.3167883205,0.7000000000,62.5804431677,94.0137965679,True,,True
S0069_R02,n100_p0.75_d3_uniform_Emedium_V2.00_Hlong_PWflat_B0.10,6902028,100,0,0,0,,,,,,,,0.0573375225,False,,False
S0069_R02,n100_p0.75_d3_uniform_Emedium_V2.00_Hlong_PWflat_B0.10,6902028,100,1,1,6,0.0600000000,6802.6162905146,6589.4607391692,2075.0807510559,257.3226872747,0.3043478261,140.9995851680,16.6156029701,True,,False
S0069_R02,n100_p0.75_d3_uniform_Emedium_V2.00_Hlong_PWflat_B0.10,6902028,100,2,2,19,0.1900000000,3055.5122517268,2813.3499977374,1046.7843523863,112.2438279473,0.5652173913,91.3548509050,37.2502992153,True,,False
S0069_R02,n100_p0.75_d3_uniform_Emedium_V2.00_Hlong_PWflat_B0.10,6902028,100,3,3,24,0.2400000000,2696.9477050904,2440.4296554598,639.1402589008,81.4243960589,0.6521739130,68.7690866752,49.0083017349,True,,True
S0069_R03,n100_p0.75_d3_uniform_Emedium_V2.00_Hlong_PWflat_B0.10,6902029,100,0,0,0,,,,,,,,0.0748193264,False,,False
S0069_R03,n100_p0.75_d3_uniform_Emedium_V2.00_Hlong_PWflat_B0.10,6902029,100,1,1,20,0.2000000000,4243.6189683286,3995.1411890929,941.3598933173,173.1234594193,0.5789473684,91.6614194282,34.4502801895,True,,False
S0069_R03,n100_p0.75_d3_uniform_Emedium_V2.00_Hlong_PWflat_B0.10,6902029,100,2,2,21,0.2100000000,3369.4468184216,3109.6944531602,1191.1355759814,268.1348340910,0.6315789474,101.4131115427,38.6500158310,True,,False
S0069_R03,n100_p0.75_d3_uniform_Emedium_V2.00_Hlong_PWflat_B0.10,6902029,100,3,3,24,0.2400000000,2640.0649423955,2336.9189041852,923.1502047895,178.9128972539,0.6315789474,90.2597076817,79.9674561024,True,,True
S0069_R04,n100_p0.75_d3_uniform_Emedium_V2.00_Hlong_PWflat_B0.10,6902030,100,0,0,0,,,,,,,,0.0758092403,False,,False
S0069_R04,n100_p0.75_d3_uniform_Emedium_V2.00_Hlong_PWflat_B0.10,6902030,100,1,1,14,0.1400000000,5413.5255734695,5133.9107246670,1749.5255000090,225.8301297864,0.3888888889,146.9768600178,27.0377364159,True,,False
S0069_R04,n100_p0.75_d3_uniform_Emedium_V2.00_Hlong_PWflat_B0.10,6902030,100,2,2,21,0.2100000000,4459.5227894516,4173.0216644413,842.5864382436,110.6258505815,0.5555555556,89.2841065845,33.7927596569,True,,False
S0069_R04,n100_p0.75_d3_uniform_Emedium_V2.00_Hlong_PWflat_B0.10,6902030,100,3,3,24,0.2400000000,1611.0402881229,1291.1475829162,578.6082322721,115.5127113027,0.6111111111,72.3345699270,56.5798585415,True,,True
S0069_R05,n100_p0.75_d3_uniform_Emedium_V2.00_Hlong_PWflat_B0.10,6902031,100,0,0,0,,,,,,,,0.0846433640,False,,False
S0069_R05,n100_p0.75_d3_uniform_Emedium_V2.00_Hlong_PWflat_B0.10,6902031,100,1,1,12,0.1200000000,5648.1055158966,5424.3849900501,1678.4299362063,181.9687966273,0.4782608696,118.8012517519,22.3231275082,True,,False
S0069_R05,n100_p0.75_d3_uniform_Emedium_V2.00_Hlong_PWflat_B0.10,6902031,100,2,2,20,0.2000000000,3697.8816950166,3439.1442113682,1157.7440966466,166.6196977510,0.5217391304,92.3721814197,31.2227835655,True,,False
S0069_R05,n100_p0.75_d3_uniform_Emedium_V2.00_Hlong_PWflat_B0.10,6902031,100,3,3,24,0.2400000000,2697.0507166016,2424.5486251293,655.5177849743,119.6552694542,0.7826086957,60.2996533818,78.5617673397,True,,True
S0069_R06,n100_p0.75_d3_uniform_Emedium_V2.00_Hlong_PWflat_B0.10,6902032,100,0,0,0,,,,,,,,0.0827195644,False,,False
S0069_R06,n100_p0.75_d3_uniform_Emedium_V2.00_Hlong_PWflat_B0.10,6902032,100,1,1,17,0.1700000000,4997.3211352210,4728.8360868819,1852.2800419506,228.3155831185,0.3636363636,133.3655148568,27.9187531471,True,,False
S0069_R06,n100_p0.75_d3_uniform_Emedium_V2.00_Hlong_PWflat_B0.10,6902032,100,2,2,24,0.2400000000,3177.1346177562,2922.0959226543,922.4449711802,102.6044800062,0.5909090909,85.3272033824,24.8211140633,True,,False
S0069_R06,n100_p0.75_d3_uniform_Emedium_V2.00_Hlong_PWflat_B0.10,6902032,100,3,3,24,0.2400000000,809.3566788724,546.9827574468,112.9323269474,20.8087997254,0.7727272727,41.9748355212,25.6709344387,True,,True
S0069_R07,n100_p0.75_d3_uniform_Emedium_V2.00_Hlong_PWflat_B0.10,6902033,100,0,0,0,,,,,,,,0.0653409958,False,,False
S0069_R07,n100_p0.75_d3_uniform_Emedium_V2.00_Hlong_PWflat_B0.10,6902033,100,1,1,19,0.1900000000,3938.7284044436,3668.0523141403,1230.2531516630,187.4162424723,0.2777777778,120.6719665289,29.2205018997,True,,False
S0069_R07,n100_p0.75_d3_uniform_Emedium_V2.00_Hlong_PWflat_B0.10,6902033,100,2,2,22,0.2200000000,3097.3832360636,2838.3910907388,1131.0055475616,173.4464101649,0.3888888889,108.2641933555,34.8953745365,True,,False
S0069_R07,n100_p0.75_d3_uniform_Emedium_V2.00_Hlong_PWflat_B0.10,6902033,100,3,3,24,0.2400000000,2623.9181737105,2347.1780578434,390.1327078365,77.0066332009,0.7222222222,56.8081564198,95.2460625172,True,,True
S0069_R08,n100_p0.75_d3_uniform_Emedium_V2.00_Hlong_PWflat_B0.10,6902034,100,0,0,0,,,,,,,,0.0950250626,False,,False
S0069_R08,n100_p0.75_d3_uniform_Emedium_V2.00_Hlong_PWflat_B0.10,6902034,100,1,1,12,0.1200000000,3285.1910090858,3018.4899672864,1238.0027795536,189.1359448861,0.4761904762,100.4449580144,32.6221487522,True,,False
S0069_R08,n100_p0.75_d3_uniform_Emedium_V2.00_Hlong_PWflat_B0.10,6902034,100,2,2,24,0.2400000000,2003.7439159348,1787.7372159002,702.9506195774,110.1552220809,0.6666666667,70.7049671604,26.2127890587,True,,False
S0069_R08,n100_p0.75_d3_uniform_Emedium_V2.00_Hlong_PWflat_B0.10,6902034,100,3,3,25,0.2500000000,662.2077658722,382.0846250756,311.9229455321,38.6581638722,0.7142857143,53.9896833354,37.7800657749,True,,True
S0069_R09,n100_p0.75_d3_uniform_Emedium_V2.00_Hlong_PWflat_B0.10,6902035,100,0,0,0,,,,,,,,0.0721180439,False,,False
S0069_R09,n100_p0.75_d3_uniform_Emedium_V2.00_Hlong_PWflat_B0.10,6902035,100,1,1,16,0.1600000000,3069.0946693969,2804.1768469226,1376.6572029626,216.0021893106,0.4117647059,127.8353338913,30.0922231674,True,,False
S0069_R09,n100_p0.75_d3_uniform_Emedium_V2.00_Hlong_PWflat_B0.10,6902035,100,2,2,21,0.2100000000,2168.4996572452,1928.3222644671,759.4336338837,194.5385147594,0.6470588235,83.6352156313,36.5983948708,True,,False
S0069_R09,n100_p0.75_d3_uniform_Emedium_V2.00_Hlong_PWflat_B0.10,6902035,100,3,3,24,0.2400000000,1909.8545216444,1640.7695097449,795.7908851721,183.3403951116,0.5882352941,89.6081425467,66.5168302059,True,,True
S0069_R10,n100_p0.75_d3_uniform_Emedium_V2.00_Hlong_PWflat_B0.10,6902036,100,0,0,0,,,,,,,,0.0512130260,False,,False
S0069_R10,n100_p0.75_d3_uniform_Emedium_V2.00_Hlong_PWflat_B0.10,6902036,100,1,1,8,0.0800000000,1010.9311608936,765.5225066878,310.2298640370,63.2354199907,0.4666666667,63.5647939717,11.5745580196,True,,False
S0069_R10,n100_p0.75_d3_uniform_Emedium_V2.00_Hlong_PWflat_B0.10,6902036,100,2,2,14,0.1400000000,635.3112834743,386.5829171843,259.3980888740,47.3818900274,0.5333333333,57.3123166172,16.4497578144,True,,False
S0069_R10,n100_p0.75_d3_uniform_Emedium_V2.00_Hlong_PWflat_B0.10,6902036,100,3,3,20,0.2000000000,449.9708333162,190.6724493665,147.4494945533,28.0663402270,0.8000000000,46.9289546779,47.7899596691,True,,True
S0070_R01,n100_p0.75_d3_uniform_Ehigh_V1.25_Hmedium_PWmoderate_B0.10,7002027,100,0,0,0,,,,,,,,0.0936572552,False,,False
S0070_R01,n100_p0.75_d3_uniform_Ehigh_V1.25_Hmedium_PWmoderate_B0.10,7002027,100,1,1,10,0.1000000000,39405.1415932093,39104.7044716980,1271.4773001519,200.1570289198,0.3000000000,117.1004956344,21.9954764843,True,,False
S0070_R01,n100_p0.75_d3_uniform_Ehigh_V1.25_Hmedium_PWmoderate_B0.10,7002027,100,2,2,10,0.1000000000,39942.6086845592,39625.1626172739,1265.5559411244,199.0509066958,0.4000000000,114.3145591270,24.1235935688,True,,False
S0070_R01,n100_p0.75_d3_uniform_Ehigh_V1.25_Hmedium_PWmoderate_B0.10,7002027,100,3,3,20,0.2000000000,15351.0257390143,15069.6812546700,409.0896436346,75.8363495782,0.7000000000,64.9715524385,82.3942573071,True,,True
S0070_R02,n100_p0.75_d3_uniform_Ehigh_V1.25_Hmedium_PWmoderate_B0.10,7002028,100,0,0,0,,,,,,,,0.0614449978,False,,False
S0070_R02,n100_p0.75_d3_uniform_Ehigh_V1.25_Hmedium_PWmoderate_B0.10,7002028,100,1,1,2,0.0200000000,13538.6804069239,13260.2514651275,494.3253193667,71.2119591534,0.4210526316,72.8964857451,7.4238266945,True,,False
S0070_R02,n100_p0.75_d3_uniform_Ehigh_V1.25_Hmedium_PWmoderate_B0.10,7002028,100,2,2,8,0.0800000000,6545.6225951881,6278.0586704371,159.2020590316,33.7317738591,0.6842105263,48.9210908195,10.8247327805,True,,False
S0070_R02,n100_p0.75_d3_uniform_Ehigh_V1.25_Hmedium_PWmoderate_B0.10,7002028,100,3,3,15,0.1500000000,6966.3145123069,6684.9529224669,197.1571517743,45.1811252557,0.7894736842,50.3421421604,51.8991363049,True,,True
S0070_R03,n100_p0.75_d3_uniform_Ehigh_V1.25_Hmedium_PWmoderate_B0.10,7002029,100,0,0,0,,,,,,,,0.0459728241,False,,False
S0070_R03,n100_p0.75_d3_uniform_Ehigh_V1.25_Hmedium_PWmoderate_B0.10,7002029,100,1,1,9,0.0900000000,36109.2212594903,35830.9347856923,1001.6866390294,154.0231851044,0.5454545455,92.3942001359,24.8208878040,True,,False
S0070_R03,n100_p0.75_d3_uniform_Ehigh_V1.25_Hmedium_PWmoderate_B0.10,7002029,100,2,2,19,0.1900000000,21223.1792333143,20946.0718391269,493.1854513363,43.3205683016,0.7272727273,61.8535105509,33.5235888958,True,,False
S0070_R03,n100_p0.75_d3_uniform_Ehigh_V1.25_Hmedium_PWmoderate_B0.10,7002029,100,3,3,24,0.2400000000,9943.9447964815,9649.4029966540,367.2025304105,42.9559987238,0.7272727273,58.4879050646,34.5522701740,True,,True
S0070_R04,n100_p0.75_d3_uniform_Ehigh_V1.25_Hmedium_PWmoderate_B0.10,7002030,100,0,0,0,,,,,,,,0.0624055862,False,,False
S0070_R04,n100_p0.75_d3_uniform_Ehigh_V1.25_Hmedium_PWmoderate_B0.10,7002030,100,1,1,7,0.0700000000,26007.9186182421,25720.7167640911,605.2460828098,142.4893730729,0.6666666667,75.0039765027,22.3836200237,True,,False
S0070_R04,n100_p0.75_d3_uniform_Ehigh_V1.25_Hmedium_PWmoderate_B0.10,7002030,100,2,2,16,0.1600000000,14399.6026328276,14148.0986277533,151.2469911844,23.8837761653,0.8333333333,46.1376866071,30.0792052746,True,,False
S0070_R04,n100_p0.75_d3_uniform_Ehigh_V1.25_Hmedium_PWmoderate_B0.10,7002030,100,3,3,21,0.2100000000,10155.2583809578,9880.4350689579,204.4426921072,0.0000000000,0.9444444444,41.0194545713,81.6693289280,True,,True
S0070_R05,n100_p0.75_d3_uniform_Ehigh_V1.25_Hmedium_PWmoderate_B0.10,7002031,100,0,0,0,,,,,,,,0.0754694939,False,,False
S0070_R05,n100_p0.75_d3_uniform_Ehigh_V1.25_Hmedium_PWmoderate_B0.10,7002031,100,1,1,10,0.1000000000,51904.4117978000,51600.7328798991,1861.0728621338,218.0478992629,0.3846153846,121.6289975883,24.0054364204,True,,False
S0070_R05,n100_p0.75_d3_uniform_Ehigh_V1.25_Hmedium_PWmoderate_B0.10,7002031,100,2,2,18,0.1800000000,36961.8262585231,36666.9492517862,1163.2188546721,182.9155959960,0.6538461538,91.0422638328,31.3624012470,True,,False
S0070_R05,n100_p0.75_d3_uniform_Ehigh_V1.25_Hmedium_PWmoderate_B0.10,7002031,100,3,3,21,0.2100000000,26001.1391319966,25701.0116216336,855.3788451578,141.3535957620,0.7307692308,72.5656101597,76.6236517429,True,,True
S0070_R06,n100_p0.75_d3_uniform_Ehigh_V1.25_Hmedium_PWmoderate_B0.10,7002032,100,0,0,0,,,,,,,,0.0455980301,False,,False
S0070_R06,n100_p0.75_d3_uniform_Ehigh_V1.25_Hmedium_PWmoderate_B0.10,7002032,100,1,1,7,0.0700000000,37367.5598353688,37063.7202259730,1241.0891399978,193.0765149579,0.5263157895,113.4794710958,29.0338075161,True,,False
S0070_R06,n100_p0.75_d3_uniform_Ehigh_V1.25_Hmedium_PWmoderate_B0.10,7002032,100,2,2,12,0.1200000000,28368.9552756924,28089.8942895583,833.6023156980,191.3538952771,0.6315789474,88.0615942690,32.8991773129,True,,False
S0070_R06,n100_p0.75_d3_uniform_Ehigh_V1.25_Hmedium_PWmoderate_B0.10,7002032,100,3,3,19,0.1900000000,23347.5112981868,23014.7814808376,790.5473933220,199.3007792676,0.7368421053,84.4386897133,73.2539112568,True,,True
S0070_R07,n100_p0.75_d3_uniform_Ehigh_V1.25_Hmedium_PWmoderate_B0.10,7002033,100,0,0,0,,,,,,,,0.0716614723,False,,False
S0070_R07,n100_p0.75_d3_uniform_Ehigh_V1.25_Hmedium_PWmoderate_B0.10,7002033,100,1,1,13,0.1300000000,50144.3910174636,49926.6430929511,1813.8824138384,233.1343133801,0.5200000000,118.8891541792,23.7218525410,True,,False
S0070_R07,n100_p0.75_d3_uniform_Ehigh_V1.25_Hmedium_PWmoderate_B0.10,7002033,100,2,2,17,0.1700000000,37771.4643063922,37543.0376834939,1274.4885147231,215.9916662448,0.7200000000,92.7666793795,28.5377316475,True,,False
S0070_R07,n100_p0.75_d3_uniform_Ehigh_V1.25_Hmedium_PWmoderate_B0.10,7002033,100,3,3,21,0.2100000000,24218.2047400213,23965.9547594314,920.2768795684,176.5393647486,0.7600000000,77.5399195151,84.2113628387,True,,True
S0070_R08,n100_p0.75_d3_uniform_Ehigh_V1.25_Hmedium_PWmoderate_B0.10,7002034,100,0,0,0,,,,,,,,0.0796275139,False,,False
S0070_R08,n100_p0.75_d3_uniform_Ehigh_V1.25_Hmedium_PWmoderate_B0.10,7002034,100,1,1,8,0.0800000000,34686.0929242093,34394.0833302553,1063.3603341590,177.5150363498,0.4375000000,113.3427912213,24.2207317352,True,,False
S0070_R08,n100_p0.75_d3_uniform_Ehigh_V1.25_Hmedium_PWmoderate_B0.10,7002034,100,2,2,16,0.1600000000,27712.9552793084,27454.2609007089,855.2603321351,168.9328687148,0.5000000000,104.1653825745,29.1402819157,True,,False
S0070_R08,n100_p0.75_d3_uniform_Ehigh_V1.25_Hmedium_PWmoderate_B0.10,7002034,100,3,3,23,0.2300000000,14423.7977737745,14145.9757027333,449.6944811972,106.3990528871,0.7500000000,67.5312137483,40.5696489811,True,,True
S0070_R09,n100_p0.75_d3_uniform_Ehigh_V1.25_Hmedium_PWmoderate_B0.10,7002035,100,0,0,0,,,,,,,,0.0740735531,False,,False
S0070_R09,n100_p0.75_d3_uniform_Ehigh_V1.25_Hmedium_PWmoderate_B0.10,7002035,100,1,1,9,0.0900000000,37812.0408041441,37618.7757715394,1293.7480140659,197.4893367216,0.5714285714,111.0115102191,24.7622406483,True,,False
S0070_R09,n100_p0.75_d3_uniform_Ehigh_V1.25_Hmedium_PWmoderate_B0.10,7002035,100,2,2,16,0.1600000000,18777.4483713907,18505.0454289149,521.0648311222,82.7029392108,0.8095238095,67.5358063820,37.7486729622,True,,False
S0070_R09,n100_p0.75_d3_uniform_Ehigh_V1.25_Hmedium_PWmoderate_B0.10,7002035,100,3,3,19,0.1900000000,17108.3815028256,16862.7454521503,483.8858980634,69.9702075078,0.8571428571,65.6411005948,73.6848680973,True,,True
S0070_R10,n100_p0.75_d3_uniform_Ehigh_V1.25_Hmedium_PWmoderate_B0.10,7002036,100,0,0,0,,,,,,,,0.0851888657,False,,False
S0070_R10,n100_p0.75_d3_uniform_Ehigh_V1.25_Hmedium_PWmoderate_B0.10,7002036,100,1,1,4,0.0400000000,38413.1798902222,38104.6137256041,1387.7189418232,170.9055075128,0.2857142857,119.4876311357,23.0131504536,True,,False
S0070_R10,n100_p0.75_d3_uniform_Ehigh_V1.25_Hmedium_PWmoderate_B0.10,7002036,100,2,2,8,0.0800000000,37977.7119102297,37742.0888401205,1224.8164527926,231.5636670884,0.5714285714,103.8295186589,28.5053508282,True,,False
S0070_R10,n100_p0.75_d3_uniform_Ehigh_V1.25_Hmedium_PWmoderate_B0.10,7002036,100,3,3,24,0.2400000000,18171.7217562053,17890.0299927914,579.8695785755,134.2483413015,0.7619047619,64.2514165065,42.2160744667,True,,True
S0071_R01,n100_p0.75_d3_uniform_Ehigh_V1.25_Hlong_PWbase_B0.10,7102027,100,0,0,0,,,,,,,,0.0761852264,False,,False
S0071_R01,n100_p0.75_d3_uniform_Ehigh_V1.25_Hlong_PWbase_B0.10,7102027,100,1,1,9,0.0900000000,194063.6562094674,193790.4435171612,1424.9281025048,180.1867330133,0.5000000000,118.3915112882,25.8412988186,True,,False
S0071_R01,n100_p0.75_d3_uniform_Ehigh_V1.25_Hlong_PWbase_B0.10,7102027,100,2,2,15,0.1500000000,123911.5751058659,123638.9736389007,771.9621786458,141.5459376711,0.7000000000,80.6526536833,30.4526343346,True,,False
S0071_R01,n100_p0.75_d3_uniform_Ehigh_V1.25_Hlong_PWbase_B0.10,7102027,100,3,3,24,0.2400000000,74171.1592630220,73854.3476196759,544.7494797144,101.6889344720,0.6500000000,69.4472654364,48.2602958679,True,,True
S0071_R02,n100_p0.75_d3_uniform_Ehigh_V1.25_Hlong_PWbase_B0.10,7102028,100,0,0,0,,,,,,,,0.0781733990,False,,False
S0071_R02,n100_p0.75_d3_uniform_Ehigh_V1.25_Hlong_PWbase_B0.10,7102028,100,1,1,8,0.0800000000,229011.6533817486,228804.4048043435,1471.0789893774,194.5206666554,0.4090909091,118.2159770356,17.3671195507,True,,False
S0071_R02,n100_p0.75_d3_uniform_Ehigh_V1.25_Hlong_PWbase_B0.10,7102028,100,2,2,15,0.1500000000,162048.4621065025,161807.8855743506,1016.2793202793,174.8436981773,0.5000000000,95.6109033980,32.3672316074,True,,False
S0071_R02,n100_p0.75_d3_uniform_Ehigh_V1.25_Hlong_PWbase_B0.10,7102028,100,3,3,23,0.2300000000,83125.6426648275,82870.3306272099,578.3774982596,87.7456837737,0.7272727273,70.2982577570,63.3813722134,True,,True
S0071_R03,n100_p0.75_d3_uniform_Ehigh_V1.25_Hlong_PWbase_B0.10,7102029,100,0,0,0,,,,,,,,0.0806872845,False,,False
S0071_R03,n100_p0.75_d3_uniform_Ehigh_V1.25_Hlong_PWbase_B0.10,7102029,100,1,1,13,0.1300000000,120025.3856353266,119756.4997322092,894.5550157359,118.4649411967,0.4000000000,97.0459245824,15.4912109375,True,,False
S0071_R03,n100_p0.75_d3_uniform_Ehigh_V1.25_Hlong_PWbase_B0.10,7102029,100,2,2,19,0.1900000000,66809.4908229074,66566.6205002790,422.9337528752,89.4348667551,0.7000000000,68.1559776945,21.1769089699,True,,False
S0071_R03,n100_p0.75_d3_uniform_Ehigh_V1.25_Hlong_PWbase_B0.10,7102029,100,3,3,22,0.2200000000,53972.6962829215,53722.4429939380,254.0089760347,69.2092737795,0.8000000000,52.3607099447,22.0074305534,True,,True
S0071_R04,n100_p0.75_d3_uniform_Ehigh_V1.25_Hlong_PWbase_B0.10,7102030,100,0,0,0,,,,,,,,0.0847620964,False,,False
S0071_R04,n100_p0.75_d3_uniform_Ehigh_V1.25_Hlong_PWbase_B0.10,7102030,100,1,1,10,0.1000000000,180820.3382905825,180537.6475648184,1396.0121594485,195.2710938927,0.4347826087,113.0780561447,24.4631648064,True,,False
S0071_R04,n100_p0.75_d3_uniform_Ehigh_V1.25_Hlong_PWbase_B0.10,7102030,100,2,2,16,0.1600000000,172789.5825978746,172538.7491394672,1305.6640323102,174.0185875053,0.4347826087,105.4954760314,28.6045401096,True,,False
S0071_R04,n100_p0.75_d3_uniform_Ehigh_V1.25_Hlong_PWbase_B0.10,7102030,100,3,3,24,0.2400000000,115614.7477468292,115344.8110160457,960.4919810556,127.4642610903,0.5652173913,86.8048058308,44.2508878708,True,,True
S0071_R05,n100_p0.75_d3_uniform_Ehigh_V1.25_Hlong_PWbase_B0.10,7102031,100,0,0,0,,,,,,,,0.0894007683,False,,False
S0071_R05,n100_p0.75_d3_uniform_Ehigh_V1.25_Hlong_PWbase_B0.10,7102031,100,1,1,13,0.1300000000,262788.9115300886,262570.2928355866,1913.2788895727,253.4865038933,0.5000000000,133.9090383726,24.4903237820,True,,False
S0071_R05,n100_p0.75_d3_uniform_Ehigh_V1.25_Hlong_PWbase_B0.10,7102031,100,2,2,18,0.1800000000,123772.4120135462,123506.9484473763,629.2008600260,97.7298875156,0.7272727273,66.8515500361,33.6283392906,True,,False
S0071_R05,n100_p0.75_d3_uniform_Ehigh_V1.25_Hlong_PWbase_B0.10,7102031,100,3,3,24,0.2400000000,56979.6820608083,56702.7007759782,467.8798663923,67.0443577725,0.7272727273,61.7136749298,19.8305513859,True,,True
S0071_R06,n100_p0.75_d3_uniform_Ehigh_V1.25_Hlong_PWbase_B0.10,7102032,100,0,0,0,,,,,,,,0.0892894268,False,,False
S0071_R06,n100_p0.75_d3_uniform_Ehigh_V1.25_Hlong_PWbase_B0.10,7102032,100,1,1,9,0.0900000000,173750.6393240402,173508.9647569928,1260.3743113494,188.0155441760,0.4375000000,123.6160445259,23.6864516735,True,,False
S0071_R06,n100_p0.75_d3_uniform_Ehigh_V1.25_Hlong_PWbase_B0.10,7102032,100,2,2,14,0.1400000000,113268.8262306611,113017.3107637408,678.6513657648,170.2880822084,0.7500000000,78.2858053873,27.8894870281,True,,False
S0071_R06,n100_p0.75_d3_uniform_Ehigh_V1.25_Hlong_PWbase_B0.10,7102032,100,3,3,19,0.1900000000,98901.8885471059,98619.4306073393,670.8850836802,171.1338660632,0.7500000000,77.8004127571,65.8311009407,True,,True
S0071_R07,n100_p0.75_d3_uniform_Ehigh_V1.25_Hlong_PWbase_B0.10,7102033,100,0,0,0,,,,,,,,0.0727171898,False,,False
S0071_R07,n100_p0.75_d3_uniform_Ehigh_V1.25_Hlong_PWbase_B0.10,7102033,100,1,1,9,0.0900000000,157016.0338691039,156741.5047489218,1140.0962460087,149.8542656292,0.5500000000,101.1851213785,37.6630926132,True,,False
S0071_R07,n100_p0.75_d3_uniform_Ehigh_V1.25_Hlong_PWbase_B0.10,7102033,100,2,2,13,0.1300000000,138349.9568647300,138076.6954293511,853.4917789517,125.7889728998,0.7500000000,80.6066928822,45.4979624748,True,,False
S0071_R07,n100_p0.75_d3_uniform_Ehigh_V1.25_Hlong_PWbase_B0.10,7102033,100,3,3,17,0.1700000000,101734.6797393673,101446.6926705363,616.1252037435,98.5834378189,0.7500000000,73.0909528754,52.9010272026,True,,True
S0071_R08,n100_p0.75_d3_uniform_Ehigh_V1.25_Hlong_PWbase_B0.10,7102034,100,0,0,0,,,,,,,,0.1044549942,False,,False
S0071_R08,n100_p0.75_d3_uniform_Ehigh_V1.25_Hlong_PWbase_B0.10,7102034,100,1,1,7,0.0700000000,217543.0140010753,217236.2286363453,1515.4086656328,194.1830018404,0.3333333333,121.7658646606,35.3398916721,True,,False
S0071_R08,n100_p0.75_d3_uniform_Ehigh_V1.25_Hlong_PWbase_B0.10,7102034,100,2,2,16,0.1600000000,145582.0301269814,145318.9386359621,892.5402126759,167.5850376804,0.6666666667,84.6698160819,41.3937971592,True,,False
S0071_R08,n100_p0.75_d3_uniform_Ehigh_V1.25_Hlong_PWbase_B0.10,7102034,100,3,3,24,0.2400000000,130009.9460486117,129778.2181950823,887.6362933451,170.8886915315,0.7142857143,84.7819463623,57.4127149582,True,,True
S0071_R09,n100_p0.75_d3_uniform_Ehigh_V1.25_Hlong_PWbase_B0.10,7102035,100,0,0,0,,,,,,,,0.0997695923,False,,False
S0071_R09,n100_p0.75_d3_uniform_Ehigh_V1.25_Hlong_PWbase_B0.10,7102035,100,1,1,5,0.0500000000,205264.5725925605,204952.4083907428,1736.4035947485,216.8858813830,0.3000000000,139.7174081087,33.3399763107,True,,False
S0071_R09,n100_p0.75_d3_uniform_Ehigh_V1.25_Hlong_PWbase_B0.10,7102035,100,2,2,10,0.1000000000,166203.4580623373,165905.3197913581,1178.0773023968,243.2877294431,0.5500000000,110.4624795329,33.4493486881,True,,False
S0071_R09,n100_p0.75_d3_uniform_Ehigh_V1.25_Hlong_PWbase_B0.10,7102035,100,3,3,24,0.2400000000,82135.2113987188,81828.4903224872,552.5870827372,86.6814498011,0.7500000000,70.7939335951,29.9409518242,True,,True
S0071_R10,n100_p0.75_d3_uniform_Ehigh_V1.25_Hlong_PWbase_B0.10,7102036,100,0,0,0,,,,,,,,0.0586819649,False,,False
S0071_R10,n100_p0.75_d3_uniform_Ehigh_V1.25_Hlong_PWbase_B0.10,7102036,100,1,1,10,0.1000000000,159298.7371009903,159070.9408534794,789.7485188535,148.0109828936,0.5714285714,98.2963138293,23.4850237370,True,,False
S0071_R10,n100_p0.75_d3_uniform_Ehigh_V1.25_Hlong_PWbase_B0.10,7102036,100,2,2,12,0.1200000000,145260.5993059175,145057.1396587279,676.5487119381,142.7343764234,0.6428571429,88.2451913295,33.2663669586,True,,False
S0071_R10,n100_p0.75_d3_uniform_Ehigh_V1.25_Hlong_PWbase_B0.10,7102036,100,3,3,24,0.2400000000,54781.0825505158,54497.0950915564,397.2664801856,119.9046602770,0.7857142857,62.9696522660,43.4203920364,True,,True
S0072_R01,n100_p0.75_d3_uniform_Ehigh_V2.00_Hshort_PWmoderate_B0.10,7202027,100,0,0,0,,,,,,,,0.1161363125,False,,False
S0072_R01,n100_p0.75_d3_uniform_Ehigh_V2.00_Hshort_PWmoderate_B0.10,7202027,100,1,1,19,0.1900000000,22880.6269625893,22650.9662253203,441.2438751730,49.5143574663,0.6250000000,59.1393297619,42.1875491142,True,,False
S0072_R01,n100_p0.75_d3_uniform_Ehigh_V2.00_Hshort_PWmoderate_B0.10,7202027,100,2,2,24,0.2400000000,16118.7280429322,15884.1831016815,390.9145723322,40.1137273170,0.7500000000,50.0655635577,38.6746170521,True,,False
S0072_R01,n100_p0.75_d3_uniform_Ehigh_V2.00_Hshort_PWmoderate_B0.10,7202027,100,3,2,24,0.2400000000,15187.3308257971,14938.4197406296,343.6448681859,20.9345007014,0.7916666667,48.9093525682,57.4848697186,True,,True
S0072_R02,n100_p0.75_d3_uniform_Ehigh_V2.00_Hshort_PWmoderate_B0.10,7202028,100,0,0,0,,,,,,,,0.0913732052,False,,False
S0072_R02,n100_p0.75_d3_uniform_Ehigh_V2.00_Hshort_PWmoderate_B0.10,7202028,100,1,1,16,0.1600000000,41643.7863048640,41391.3534043879,1632.2462842120,258.5710453709,0.4583333333,113.7827315853,30.6012303829,True,,False
S0072_R02,n100_p0.75_d3_uniform_Ehigh_V2.00_Hshort_PWmoderate_B0.10,7202028,100,2,2,24,0.2400000000,32847.1375638140,32598.8390105087,1389.2388811023,235.1827702366,0.6250000000,98.0446034758,30.6684083939,True,,False
S0072_R02,n100_p0.75_d3_uniform_Ehigh_V2.00_Hshort_PWmoderate_B0.10,7202028,100,3,3,24,0.2400000000,32218.0594828088,31962.1844869625,1228.4667162751,218.8118494454,0.7083333333,92.3288704737,48.6101789474,True,,True
S0072_R03,n100_p0.75_d3_uniform_Ehigh_V2.00_Hshort_PWmoderate_B0.10,7202029,100,0,0,0,,,,,,,,0.0784006119,False,,False
S0072_R03,n100_p0.75_d3_uniform_Ehigh_V2.00_Hshort_PWmoderate_B0.10,7202029,100,1,1,18,0.1800000000,22748.7411559276,22455.8477349514,689.1778108308,78.1635180576,0.6315789474,79.4550115765,40.0229175091,True,,False
S0072_R03,n100_p0.75_d3_uniform_Ehigh_V2.00_Hshort_PWmoderate_B0.10,7202029,100,2,2,24,0.2400000000,17142.0535119853,16838.6420152094,627.4911686928,73.8908613890,0.7368421053,72.3060751159,33.6015210152,True,,False
S0072_R03,n100_p0.75_d3_uniform_Ehigh_V2.00_Hshort_PWmoderate_B0.10,7202029,100,3,2,24,0.2400000000,17142.0535119853,16838.6420152094,627.4911686928,73.8908613890,0.7368421053,72.3060751159,50.4047727585,True,,True
S0072_R04,n100_p0.75_d3_uniform_Ehigh_V2.00_Hshort_PWmoderate_B0.10,7202030,100,0,0,0,,,,,,,,0.0732412338,False,,False
S0072_R04,n100_p0.75_d3_uniform_Ehigh_V2.00_Hshort_PWmoderate_B0.10,7202030,100,1,1,24,0.2400000000,41837.3229565077,41582.7924940541,1640.4539399622,203.3119519520,0.5416666667,115.2657421491,26.7484121323,True,,False
S0072_R04,n100_p0.75_d3_uniform_Ehigh_V2.00_Hshort_PWmoderate_B0.10,7202030,100,2,2,24,0.2400000000,34506.4115356396,34240.3544551753,1407.4894212032,176.1574928195,0.6250000000,101.3197772394,26.2320435047,True,,False
S0072_R04,n100_p0.75_d3_uniform_Ehigh_V2.00_Hshort_PWmoderate_B0.10,7202030,100,3,3,24,0.2400000000,33819.6049077584,33539.5288173154,1412.8629682603,180.3663276897,0.6666666667,98.7561955957,36.1872670650,True,,True
S0072_R05,n100_p0.75_d3_uniform_Ehigh_V2.00_Hshort_PWmoderate_B0.10,7202031,100,0,0,0,,,,,,,,0.0917220116,False,,False
S0072_R05,n100_p0.75_d3_uniform_Ehigh_V2.00_Hshort_PWmoderate_B0.10,7202031,100,1,1,21,0.2100000000,17075.9721211667,16826.9013173012,553.7875002514,73.8259753928,0.6500000000,65.1889996846,39.2201247215,True,,False
S0072_R05,n100_p0.75_d3_uniform_Ehigh_V2.00_Hshort_PWmoderate_B0.10,7202031,100,2,2,24,0.2400000000,14324.1261182690,14070.2641329561,461.4396183932,64.4949679688,0.8000000000,55.1551609428,28.9563920498,True,,False
S0072_R05,n100_p0.75_d3_uniform_Ehigh_V2.00_Hshort_PWmoderate_B0.10,7202031,100,3,3,24,0.2400000000,23534.8670439540,23266.2169213890,829.4060821888,205.8655453377,0.6500000000,86.2083073506,48.3284261227,True,,True
S0072_R06,n100_p0.75_d3_uniform_Ehigh_V2.00_Hshort_PWmoderate_B0.10,7202032,100,0,0,0,,,,,,,,0.0677490234,False,,False
S0072_R06,n100_p0.75_d3_uniform_Ehigh_V2.00_Hshort_PWmoderate_B0.10,7202032,100,1,1,20,0.2000000000,29180.7586058260,28919.6361954911,798.8766285775,111.2932162569,0.6400000000,72.2929421998,34.3185462952,True,,False
S0072_R06,n100_p0.75_d3_uniform_Ehigh_V2.00_Hshort_PWmoderate_B0.10,7202032,100,2,2,24,0.2400000000,20499.9108236691,20219.5907806617,655.6684659795,92.0201869587,0.6800000000,66.1559083227,26.9246597290,True,,False
S0072_R06,n100_p0.75_d3_uniform_Ehigh_V2.00_Hshort_PWmoderate_B0.10,7202032,100,3,3,24,0.2400000000,20481.9749893555,20197.2453771101,654.9618919542,91.9318652055,0.6800000000,65.3327384576,39.5546941757,True,,True
S0072_R07,n100_p0.75_d3_uniform_Ehigh_V2.00_Hshort_PWmoderate_B0.10,7202033,100,0,0,0,,,,,,,,0.0707795620,False,,False
S0072_R07,n100_p0.75_d3_uniform_Ehigh_V2.00_Hshort_PWmoderate_B0.10,7202033,100,1,1,20,0.2000000000,33354.4309854476,33105.1706943913,1034.7172270936,176.4781677864,0.5652173913,90.9947680784,31.5998132229,True,,False
S0072_R07,n100_p0.75_d3_uniform_Ehigh_V2.00_Hshort_PWmoderate_B0.10,7202033,100,2,2,25,0.2500000000,26594.4912826510,26346.1063604588,903.9807000210,154.7315986179,0.6521739130,79.6281891138,30.8048796654,True,,False
S0072_R07,n100_p0.75_d3_uniform_Ehigh_V2.00_Hshort_PWmoderate_B0.10,7202033,100,3,2,25,0.2500000000,26594.4912826510,26346.1063604588,903.9807000210,154.7315986179,0.6521739130,79.6281891138,39.5045368671,True,,True
S0072_R08,n100_p0.75_d3_uniform_Ehigh_V2.00_Hshort_PWmoderate_B0.10,7202034,100,0,0,0,,,,,,,,0.0923082829,False,,False
S0072_R08,n100_p0.75_d3_uniform_Ehigh_V2.00_Hshort_PWmoderate_B0.10,7202034,100,1,1,15,0.1500000000,19861.5180893658,19616.1725819295,443.4759591469,119.6938835437,0.6428571429,69.0766286972,38.3476362228,True,,False
S0072_R08,n100_p0.75_d3_uniform_Ehigh_V2.00_Hshort_PWmoderate_B0.10,7202034,100,2,2,24,0.2400000000,12526.7545862789,12285.7334610819,380.9492948043,99.6667055891,0.6428571429,64.3106764865,31.4484574795,True,,False
S0072_R08,n100_p0.75_d3_uniform_Ehigh_V2.00_Hshort_PWmoderate_B0.10,7202034,100,3,3,24,0.2400000000,12059.3603690785,11794.8118723592,375.9981537783,105.4877999216,0.7142857143,61.2774852448,35.9895114899,True,,True
S0072_R09,n100_p0.75_d3_uniform_Ehigh_V2.00_Hshort_PWmoderate_B0.10,7202035,100,0,0,0,,,,,,,,0.0950226784,False,,False
S0072_R09,n100_p0.75_d3_uniform_Ehigh_V2.00_Hshort_PWmoderate_B0.10,7202035,100,1,1,24,0.2400000000,14047.9073408054,13812.7702609268,329.3668294305,44.6901071526,0.8421052632,60.4732039430,26.2765238285,True,,False
S0072_R09,n100_p0.75_d3_uniform_Ehigh_V2.00_Hshort_PWmoderate_B0.10,7202035,100,2,2,24,0.2400000000,12204.0178321377,11954.6297309103,313.8575357432,31.2969273418,0.8421052632,60.2114435085,25.3327035904,True,,False
S0072_R09,n100_p0.75_d3_uniform_Ehigh_V2.00_Hshort_PWmoderate_B0.10,7202035,100,3,3,24,0.2400000000,13484.6449275197,13211.0646292757,332.2131047867,24.1443449987,0.8421052632,54.8723789645,44.9232513905,True,,True
S0072_R10,n100_p0.75_d3_uniform_Ehigh_V2.00_Hshort_PWmoderate_B0.10,7202036,100,0,0,0,,,,,,,,0.0682888031,False,,False
S0072_R10,n100_p0.75_d3_uniform_Ehigh_V2.00_Hshort_PWmoderate_B0.10,7202036,100,1,1,21,0.2100000000,22788.5075781490,22543.3558400568,708.9016967705,107.2658116118,0.7142857143,76.1951542485,38.1970217228,True,,False
S0072_R10,n100_p0.75_d3_uniform_Ehigh_V2.00_Hshort_PWmoderate_B0.10,7202036,100,2,2,24,0.2400000000,19276.3887015169,18995.5328906711,657.9092419034,101.8714588414,0.7142857143,70.2073585875,29.6350991726,True,,False
S0072_R10,n100_p0.75_d3_uniform_Ehigh_V2.00_Hshort_PWmoderate_B0.10,7202036,100,3,3,24,0.2400000000,17925.6273643260,17634.2732789078,666.6919233334,131.5751917891,0.6666666667,70.1594354721,31.6213948727,True,,True
