instance_id,scenario_id,n,feasible_nilsr,objective_nilsr,cpu_time_nilsr,feasible_other,objective_other,cpu_time_other,usable_nilsr,usable_other,pair_feasible,objective_diff_nilsr_minus_other,improvement_nilsr_vs_other_pct,winner
S0001_R01,S0001,15,True,53.0377964654,1.1573281288,True,46.7022129914,7.0049097538,True,True,True,6.3355834740,-13.5659170480,feasibility_aware_alns
S0001_R02,S0001,15,True,56.1441439138,1.4930007458,True,54.8605950805,10.0361282825,True,True,True,1.2835488333,-2.3396553235,feasibility_aware_alns
S0001_R03,S0001,15,True,303.9816844475,0.6874208450,True,138.5118998741,10.0536165237,True,True,True,165.4697845734,-119.4625044663,feasibility_aware_alns
S0001_R04,S0001,15,True,57.6177680989,0.8551290035,True,47.9338962210,8.5476777554,True,True,True,9.6838718779,-20.2025552716,feasibility_aware_alns
S0001_R05,S0001,15,True,120.6826623060,1.0185589790,True,768.0699736451,4.1126585007,True,True,True,-647.3873113391,84.2875432647,nils_r
S0001_R06,S0001,15,True,51.9446888923,1.5260109901,True,52.5812866233,7.6428353786,True,True,True,-0.6365977310,1.2106925712,nils_r
S0001_R07,S0001,15,True,84.8081832400,1.5000779629,True,58.2399305283,7.6030340195,True,True,True,26.5682527117,-45.6186201987,feasibility_aware_alns
S0001_R08,S0001,15,True,127.1246283841,1.5912742615,True,364.6330978494,10.0820741653,True,True,True,-237.5084694653,65.1362892908,nils_r
S0001_R09,S0001,15,True,64.9874093858,1.5602736473,True,527.0432090561,4.2353448868,True,True,True,-462.0557996703,87.6694342572,nils_r
S0001_R10,S0001,15,True,117.4632441245,2.1258428097,True,263.0967978631,10.0088109970,True,True,True,-145.6335537386,55.3536017623,nils_r
S0002_R01,S0002,15,True,79.5340332504,1.3795113564,True,55.1972261192,8.0939357281,True,True,True,24.3368071312,-44.0906343349,feasibility_aware_alns
S0002_R02,S0002,15,True,126.0112444808,1.3597724438,True,4174.2148607470,10.0209980011,True,True,True,-4048.2036162662,96.9811988917,nils_r
S0002_R03,S0002,15,True,1569.8844143070,0.9728870392,True,5150.6753786083,10.0227692127,True,True,True,-3580.7909643013,69.5208045759,nils_r
S0002_R04,S0002,15,True,1422.8879513994,0.8300476074,True,2735.4182046691,10.0353257656,True,True,True,-1312.5302532697,47.9828002544,nils_r
S0002_R05,S0002,15,True,50.3773446243,1.6006138325,True,50.4053151258,10.0050480366,True,True,True,-0.0279705015,0.0554911748,nils_r
S0002_R06,S0002,15,True,109.9629880183,1.3317329884,True,1325.8126784144,5.2445225716,True,True,True,-1215.8496903961,91.7059936288,nils_r
S0002_R07,S0002,15,True,51.4860936008,1.1477472782,True,52.1119851225,6.2274520397,True,True,True,-0.6258915217,1.2010510063,nils_r
S0002_R08,S0002,15,True,120.3040632275,0.4761207104,True,1437.4898802394,10.0280344486,True,True,True,-1317.1858170119,91.6309627719,nils_r
S0002_R09,S0002,15,True,53.9577274283,1.6228191853,True,53.2978353182,5.5634751320,True,True,True,0.6598921101,-1.2381217852,feasibility_aware_alns
S0002_R10,S0002,15,True,114.3629445150,0.8400011063,True,3011.1019196369,10.0290706158,True,True,True,-2896.7389751219,96.2019570387,nils_r
S0003_R01,S0003,15,True,179.8327191443,0.9108161926,True,249.0298265805,5.6375617981,True,True,True,-69.1971074362,27.7866745467,nils_r
S0003_R02,S0003,15,True,163.4442414448,0.7957363129,True,160.6974190662,10.0485379696,True,True,True,2.7468223786,-1.7093133135,feasibility_aware_alns
S0003_R03,S0003,15,True,154.1309294852,1.3269665241,True,249.6965236283,4.8125510216,True,True,True,-95.5655941431,38.2726970942,nils_r
S0003_R04,S0003,15,True,175.8400682827,1.0120074749,True,166.9372356950,10.0105485916,True,True,True,8.9028325877,-5.3330418170,feasibility_aware_alns
S0003_R05,S0003,15,True,191.6425728705,0.8038449287,True,210.9944908304,10.0180430412,True,True,True,-19.3519179599,9.1717645725,nils_r
S0003_R06,S0003,15,True,110.1069717205,0.2618932724,True,110.1069717205,10.0191676617,True,True,True,0.0000000000,0.0000000000,tie
S0003_R07,S0003,15,True,141.7384765012,0.7874140739,True,149.3004779508,5.2416219711,True,True,True,-7.5620014496,5.0649546159,nils_r
S0003_R08,S0003,15,True,114.3995011711,0.7825727463,True,176.3789803813,4.0295341015,True,True,True,-61.9794792102,35.1399464246,nils_r
S0003_R09,S0003,15,True,133.1840099243,0.9311518669,True,129.4164171792,10.0206887722,True,True,True,3.7675927451,-2.9112170057,feasibility_aware_alns
S0003_R10,S0003,15,True,88.4756490147,1.5568063259,True,106.9941565897,8.1230676174,True,True,True,-18.5185075750,17.3079616357,nils_r
S0004_R01,S0004,15,True,1590.0764218969,0.9868326187,True,178.9098349160,10.0361568928,True,True,True,1411.1665869809,-788.7585317171,feasibility_aware_alns
S0004_R02,S0004,15,True,144.1412322972,0.2779190540,True,154.4709098519,10.0048296452,True,True,True,-10.3296775547,6.6871345321,nils_r
S0004_R03,S0004,15,True,123.5720145173,1.5573008060,True,128.9810400127,7.9448428154,True,True,True,-5.4090254954,4.1936593897,nils_r
S0004_R04,S0004,15,True,642.8031293969,0.7882006168,True,651.3876022688,10.0256838799,True,True,True,-8.5844728719,1.3178747710,nils_r
S0004_R05,S0004,15,True,280.9473673069,0.3275780678,True,846.1265709710,10.0234322548,True,True,True,-565.1792036641,66.7960590122,nils_r
S0004_R06,S0004,15,True,377.5412546265,0.9265556335,True,399.9310251179,10.0196051598,True,True,True,-22.3897704914,5.5984079967,nils_r
S0004_R07,S0004,15,True,200.0389704946,0.9211690426,True,201.4506456329,10.0294892788,True,True,True,-1.4116751383,0.7007548344,nils_r
S0004_R08,S0004,15,True,144.4222187610,0.8039727211,True,144.4222187610,10.0268442631,True,True,True,0.0000000000,0.0000000000,tie
S0004_R09,S0004,15,True,577.7046422328,0.9415810108,True,584.0802820626,10.0191807747,True,True,True,-6.3756398298,1.0915690917,nils_r
S0004_R10,S0004,15,True,105.4184221934,1.4134867191,True,800.9406168513,10.0260412693,True,True,True,-695.5221946579,86.8381725217,nils_r
S0005_R01,S0005,15,True,163.6755226277,1.0732719898,True,4232.5118624786,10.0082788467,True,True,True,-4068.8363398509,96.1328986676,nils_r
S0005_R02,S0005,15,True,2338.5033848534,1.0235531330,True,2340.8763636666,6.0422670841,True,True,True,-2.3729788132,0.1013713859,nils_r
S0005_R03,S0005,15,True,160.7767586545,1.4829025269,True,3707.7922878073,10.0185031891,True,True,True,-3547.0155291528,95.6638143085,nils_r
S0005_R04,S0005,15,True,4263.6394876567,1.2196247578,True,4267.3216078794,10.0383911133,True,True,True,-3.6821202227,0.0862864476,nils_r
S0005_R05,S0005,15,True,1984.5697489274,0.9001200199,True,2138.1572386431,10.0224087238,True,True,True,-153.5874897157,7.1831709539,nils_r
S0005_R06,S0005,15,True,270.5836961751,1.1267633438,True,11837.0406445841,10.0653455257,True,True,True,-11566.4569484090,97.7140933760,nils_r
S0005_R07,S0005,15,True,2651.3906225486,0.9308619499,True,119.2875886367,10.0398752689,True,True,True,2532.1030339119,-2122.6877522218,feasibility_aware_alns
S0005_R08,S0005,15,True,142.7761522399,1.0836882591,True,141.3570799694,8.1127605438,True,True,True,1.4190722705,-1.0038918962,feasibility_aware_alns
S0005_R09,S0005,15,True,114.8823569984,0.7966823578,True,109.4873603352,9.5549514294,True,True,True,5.3949966632,-4.9275063776,feasibility_aware_alns
S0005_R10,S0005,15,True,3327.6537935020,1.2736399174,True,6073.1780593515,9.9033257961,True,True,True,-2745.5242658495,45.2073731252,nils_r
S0006_R01,S0006,15,True,158.2834019742,1.0115532875,True,160.1972515734,6.6481492519,True,True,True,-1.9138495992,1.1946831674,nils_r
S0006_R02,S0006,15,True,150.0090227771,0.2476177216,True,150.0002091356,10.0244796276,True,True,True,0.0088136415,-0.0058757528,feasibility_aware_alns
S0006_R03,S0006,15,True,112.6736909356,1.1103820801,True,112.6736909356,10.0352432728,True,True,True,0.0000000000,0.0000000000,tie
S0006_R04,S0006,15,True,142.3370598331,1.6325578690,True,154.7150351602,10.0144596100,True,True,True,-12.3779753271,8.0004993143,nils_r
S0006_R05,S0006,15,True,178.3952758321,2.0042326450,True,273.1861154026,10.0508921146,True,True,True,-94.7908395705,34.6982640135,nils_r
S0006_R06,S0006,15,True,131.5277426109,0.7921569347,True,132.3100575957,8.4336259365,True,True,True,-0.7823149848,0.5912740112,nils_r
S0006_R07,S0006,15,True,124.6536866396,0.7838351727,True,118.2868151552,10.0243580341,True,True,True,6.3668714844,-5.3825707253,feasibility_aware_alns
S0006_R08,S0006,15,True,146.4404001135,0.4446108341,True,150.9438224371,8.9301249981,True,True,True,-4.5034223236,2.9835088650,nils_r
S0006_R09,S0006,15,True,145.0079138678,1.2462015152,True,147.8556684074,10.3281264305,True,True,True,-2.8477545396,1.9260367697,nils_r
S0006_R10,S0006,15,True,131.8894440925,0.8497457504,True,131.8894440925,3.7479078770,True,True,True,0.0000000000,0.0000000000,tie
S0007_R01,S0007,15,True,133.6646353088,1.3524219990,True,10957.1770738731,10.0190627575,True,True,True,-10823.5124385643,98.7801179591,nils_r
S0007_R02,S0007,15,True,5746.6835756395,1.1579015255,True,5747.1092921448,9.4549894333,True,True,True,-0.4257165053,0.0074074893,nils_r
S0007_R03,S0007,15,True,130.6351642335,1.0824241638,True,130.6351642335,10.0197291374,True,True,True,0.0000000000,0.0000000000,tie
S0007_R04,S0007,15,True,161.8873433694,0.9956946373,True,596.7286486136,6.0699837208,True,True,True,-434.8413052442,72.8708611954,nils_r
S0007_R05,S0007,15,True,159.1994887636,0.4330048561,True,167.3897958185,10.0126945972,True,True,True,-8.1903070549,4.8929548034,nils_r
S0007_R06,S0007,15,True,154.7197307166,1.3716332912,True,8329.7606243727,3.4036729336,True,True,True,-8175.0408936561,98.1425669033,nils_r
S0007_R07,S0007,15,True,104.6428982091,0.9329597950,True,104.8659929896,8.1022937298,True,True,True,-0.2230947805,0.2127427340,nils_r
S0007_R08,S0007,15,True,1599.9229155565,1.2693190575,True,2384.9785495486,10.0183551311,True,True,True,-785.0556339921,32.9166748330,nils_r
S0007_R09,S0007,15,True,6547.5871271027,1.0726742744,True,6552.8728207832,10.0047838688,True,True,True,-5.2856936805,0.0806622351,nils_r
S0007_R10,S0007,15,True,96.7463076943,0.8924133778,True,99.9249194321,7.2353937626,True,True,True,-3.1786117378,3.1810000507,nils_r
S0008_R01,S0008,15,True,111.2819180258,0.9945852757,True,119.9559123517,5.3103482723,True,True,True,-8.6739943259,7.2309852477,nils_r
S0008_R02,S0008,15,True,156.9608705130,0.5725064278,True,151.9848333093,9.2474334240,True,True,True,4.9760372037,-3.2740353727,feasibility_aware_alns
S0008_R03,S0008,15,True,123.1138138757,0.9932847023,True,135.7041706917,3.6449248791,True,True,True,-12.5903568160,9.2777965127,nils_r
S0008_R04,S0008,15,True,113.3885337254,1.6837408543,True,187.4136304369,10.0271039009,True,True,True,-74.0250967115,39.4982459594,nils_r
S0008_R05,S0008,15,True,159.3163613885,0.4093339443,True,162.2363067383,10.0030725002,True,True,True,-2.9199453498,1.7998100478,nils_r
S0008_R06,S0008,15,True,145.5424682246,0.7104868889,True,172.5585230896,5.7450866699,True,True,True,-27.0160548650,15.6561695020,nils_r
S0008_R07,S0008,15,True,155.2916172503,1.8037331104,True,152.1965929896,10.0076107979,True,True,True,3.0950242607,-2.0335700030,feasibility_aware_alns
S0008_R08,S0008,15,True,135.2645299397,1.5835840702,True,133.1710209385,8.8016631603,True,True,True,2.0935090012,-1.5720454694,feasibility_aware_alns
S0008_R09,S0008,15,True,116.0600456008,0.5480909348,True,115.0361069491,10.0257418156,True,True,True,1.0239386517,-0.8901019679,feasibility_aware_alns
S0008_R10,S0008,15,True,203.9761690284,0.9084370136,True,201.8213577833,5.8635480404,True,True,True,2.1548112451,-1.0676824637,feasibility_aware_alns
S0009_R01,S0009,15,True,1126.6268636865,0.9592032433,True,54.4542228058,10.0096671581,True,True,True,1072.1726408807,-1968.9430601266,feasibility_aware_alns
S0009_R02,S0009,15,True,53.5838089981,0.5812101364,True,53.5838089981,6.7776622772,True,True,True,0.0000000000,0.0000000000,tie
S0009_R03,S0009,15,True,55.9844170158,1.1020703316,True,56.0141959831,5.3016314507,True,True,True,-0.0297789673,0.0531632505,nils_r
S0009_R04,S0009,15,True,84.4911325539,1.8592951298,True,495.7105388898,6.7136187553,True,True,True,-411.2194063359,82.9555504825,nils_r
S0009_R05,S0009,15,True,50.1467614882,1.0844087601,True,50.1624618478,4.3855490685,True,True,True,-0.0157003596,0.0312990213,nils_r
S0009_R06,S0009,15,True,50.3798216651,1.0313310623,True,51.2478717726,9.6143364906,True,True,True,-0.8680501075,1.6938266458,nils_r
S0009_R07,S0009,15,True,49.8623640547,1.1831984520,True,52.3653471898,3.9188828468,True,True,True,-2.5029831351,4.7798463477,nils_r
S0009_R08,S0009,15,True,52.5905863547,1.0231268406,True,52.5905863547,4.1594710350,True,True,True,0.0000000000,0.0000000000,tie
S0009_R09,S0009,15,True,51.3031293588,1.2782235146,True,47.6788031390,10.0244181156,True,True,True,3.6243262198,-7.6015461404,feasibility_aware_alns
S0009_R10,S0009,15,True,51.2288463622,0.5696036816,True,51.6877758131,4.4603459835,True,True,True,-0.4589294509,0.8878877910,nils_r
S0010_R01,S0010,15,True,145.8066976880,1.3143813610,True,1922.4215609488,4.1534268856,True,True,True,-1776.6148632608,92.4154670001,nils_r
S0010_R02,S0010,15,True,149.1654687876,1.7594556808,True,2151.4493254602,10.0133879185,True,True,True,-2002.2838566726,93.0667449601,nils_r
S0010_R03,S0010,15,True,139.5294834907,1.2614607811,True,137.9741594177,10.0233244896,True,True,True,1.5553240730,-1.1272575094,feasibility_aware_alns
S0010_R04,S0010,15,True,130.7828767452,1.1447954178,True,133.6623418054,10.0223443508,True,True,True,-2.8794650602,2.1542829650,nils_r
S0010_R05,S0010,15,True,3219.3326704632,1.1171927452,True,3314.4022574400,10.0365548134,True,True,True,-95.0695869768,2.8683780541,nils_r
S0010_R06,S0010,15,True,116.7493635190,2.0809667110,True,1805.9463584081,10.0033483505,True,True,True,-1689.1969948891,93.5352806591,nils_r
S0010_R07,S0010,15,True,138.0576769979,0.7654008865,True,139.1990309171,6.5728468895,True,True,True,-1.1413539192,0.8199438686,nils_r
S0010_R08,S0010,15,True,1344.1412494815,1.2596602440,True,1874.6946221276,3.8960251808,True,True,True,-530.5533726461,28.3007891730,nils_r
S0010_R09,S0010,15,True,125.3385508170,1.0428509712,True,127.3141143196,10.0111892223,True,True,True,-1.9755635026,1.5517238706,nils_r
S0010_R10,S0010,15,True,133.0363434457,1.0045800209,True,146.0251199337,8.3209347725,True,True,True,-12.9887764880,8.8948918473,nils_r
S0011_R01,S0011,15,True,89.6736231316,2.0672063828,True,472.3662315872,7.5484876633,True,True,True,-382.6926084556,81.0160809272,nils_r
S0011_R02,S0011,15,True,49.7361751927,1.6037697792,True,50.7299437545,9.6650989056,True,True,True,-0.9937685618,1.9589388205,nils_r
S0011_R03,S0011,15,True,52.2248760446,2.3947129250,True,51.8315656189,8.1959884167,True,True,True,0.3933104257,-0.7588241277,feasibility_aware_alns
S0011_R04,S0011,15,True,84.6587453105,0.4846756458,True,77.8265684313,10.0098643303,True,True,True,6.8321768792,-8.7787204510,feasibility_aware_alns
S0011_R05,S0011,15,True,56.5381355988,1.9254631996,True,58.2694807560,10.0516963005,True,True,True,-1.7313451572,2.9712726709,nils_r
S0011_R06,S0011,15,True,1208.3378070788,1.5449507236,True,1274.9119184466,9.6035544872,True,True,True,-66.5741113678,5.2218596755,nils_r
S0011_R07,S0011,15,True,50.3930840275,1.1018106937,True,50.3930840275,10.0617084503,True,True,True,0.0000000000,0.0000000000,tie
S0011_R08,S0011,15,True,116.6036312461,2.7777771950,True,203.7884483499,8.8078625202,True,True,True,-87.1848171038,42.7820211645,nils_r
S0011_R09,S0011,15,True,79.0955100336,2.1972918510,True,114.2367498153,9.2435789108,True,True,True,-35.1412397817,30.7617643521,nils_r
S0011_R10,S0011,15,True,58.8471392042,1.1206486225,True,58.9986344842,9.2671210766,True,True,True,-0.1514952800,0.2567776040,nils_r
S0012_R01,S0012,15,True,2454.6710195821,1.1451761723,True,2470.6694709955,10.0307707787,True,True,True,-15.9984514134,0.6475350751,nils_r
S0012_R02,S0012,15,True,8751.6677939252,1.2581090927,True,14668.6045457655,10.0211927891,True,True,True,-5916.9367518403,40.3374208731,nils_r
S0012_R03,S0012,15,True,6320.9083622561,0.6553685665,True,6104.4098207514,10.0120005608,True,True,True,216.4985415047,-3.5465925104,feasibility_aware_alns
S0012_R04,S0012,15,True,15585.8411526309,0.6526038647,True,15585.8411526309,7.1146178246,True,True,True,0.0000000000,0.0000000000,tie
S0012_R05,S0012,15,True,8271.1191071308,1.1258230209,True,8272.6894585573,10.0195066929,True,True,True,-1.5703514265,0.0189823568,nils_r
S0012_R06,S0012,15,True,132.5766940341,1.5033848286,True,138.9974096963,10.0057296753,True,True,True,-6.4207156622,4.6193059829,nils_r
S0012_R07,S0012,15,True,103.5741083337,0.9922783375,True,115.9944398898,10.0425682068,True,True,True,-12.4203315561,10.7076956170,nils_r
S0012_R08,S0012,15,True,6055.3188324995,0.8846654892,True,6059.5139667571,4.7378528118,True,True,True,-4.1951342576,0.0692321906,nils_r
S0012_R09,S0012,15,True,92.6458542943,0.6496222019,True,94.2638812573,10.0167627335,True,True,True,-1.6180269630,1.7164866770,nils_r
S0012_R10,S0012,15,True,129.5559366617,1.0138590336,True,131.0770220730,10.0358469486,True,True,True,-1.5210854113,1.1604516087,nils_r
S0013_R01,S0013,15,True,46.6817056390,0.9115059376,True,46.4282428603,10.0672013760,True,True,True,0.2534627787,-0.5459236945,feasibility_aware_alns
S0013_R02,S0013,15,True,50.7784262653,2.4623072147,True,51.7516273047,5.4060342312,True,True,True,-0.9732010394,1.8805225847,nils_r
S0013_R03,S0013,15,True,46.0807232363,1.6721732616,True,46.1036074851,10.0101327896,True,True,True,-0.0228842488,0.0496365687,nils_r
S0013_R04,S0013,15,True,48.3914150541,2.0454404354,True,50.3700739551,9.5546238422,True,True,True,-1.9786589010,3.9282429936,nils_r
S0013_R05,S0013,15,True,45.7644942180,2.5532927513,True,45.5056277627,10.0065090656,True,True,True,0.2588664553,-0.5688669029,feasibility_aware_alns
S0013_R06,S0013,15,True,52.3039390576,1.9731717110,True,52.9676382728,7.4310386181,True,True,True,-0.6636992152,1.2530277672,nils_r
S0013_R07,S0013,15,True,52.6938038490,2.2080390453,True,53.5455200379,10.0365896225,True,True,True,-0.8517161889,1.5906394938,nils_r
S0013_R08,S0013,15,True,45.1507818735,2.6015293598,True,46.7073128695,4.7416875362,True,True,True,-1.5565309960,3.3325209702,nils_r
S0013_R09,S0013,15,True,47.5833030146,2.4008042812,True,44.0240306265,5.1226038933,True,True,True,3.5592723881,-8.0848398873,feasibility_aware_alns
S0013_R10,S0013,15,True,48.7930162515,2.5674500465,True,52.0590181561,9.0143358707,True,True,True,-3.2660019046,6.2736525203,nils_r
S0014_R01,S0014,15,True,48.6466693541,3.0630712509,True,49.3746934242,10.0280919075,True,True,True,-0.7280240701,1.4744882846,nils_r
S0014_R02,S0014,15,True,50.6725959894,2.7538650036,True,50.1830343366,9.2363493443,True,True,True,0.4895616528,-0.9755521149,feasibility_aware_alns
S0014_R03,S0014,15,True,48.0347654796,2.4122488499,True,48.7222668613,7.4922895432,True,True,True,-0.6875013817,1.4110619764,nils_r
S0014_R04,S0014,15,True,49.7366052151,2.2755587101,True,49.9405335836,5.3350822926,True,True,True,-0.2039283685,0.4083423902,nils_r
S0014_R05,S0014,15,True,50.5545362574,2.8967227936,True,156.3086214370,8.4594829082,True,True,True,-105.7540851796,67.6572310646,nils_r
S0014_R06,S0014,15,True,46.1737671765,2.2631011009,True,49.8045469385,10.0486927032,True,True,True,-3.6307797620,7.2900568024,nils_r
S0014_R07,S0014,15,True,50.0297389158,2.5849235058,True,49.1506204037,8.6139760017,True,True,True,0.8791185121,-1.7886213946,feasibility_aware_alns
S0014_R08,S0014,15,True,47.3210614550,2.6383037567,True,47.2402025176,10.0198340416,True,True,True,0.0808589374,-0.1711655181,feasibility_aware_alns
S0014_R09,S0014,15,True,50.4981936658,2.4508309364,True,51.4103558939,10.0050292015,True,True,True,-0.9121622281,1.7742772098,nils_r
S0014_R10,S0014,15,True,49.5752916615,1.9251010418,True,50.2848932518,9.7194533348,True,True,True,-0.7096015903,1.4111625668,nils_r
S0015_R01,S0015,15,True,51.3355769809,1.5787904263,True,48.3387024378,10.0451645851,True,True,True,2.9968745431,-6.1997413914,feasibility_aware_alns
S0015_R02,S0015,15,True,44.7307591946,2.1960875988,True,44.2003175983,7.1887774467,True,True,True,0.5304415963,-1.2000854861,feasibility_aware_alns
S0015_R03,S0015,15,True,45.8482370035,2.2132236958,True,46.4535195648,10.0210812092,True,True,True,-0.6052825613,1.3029853647,nils_r
S0015_R04,S0015,15,True,54.1256195061,1.6559576988,True,98.7443742765,10.0141525269,True,True,True,-44.6187547704,45.1861233587,nils_r
S0015_R05,S0015,15,True,53.2339027876,1.1014962196,True,51.5539848039,8.5202741623,True,True,True,1.6799179837,-3.2585608854,feasibility_aware_alns
S0015_R06,S0015,15,True,54.6302250972,1.4112007618,True,57.6743753559,8.8454017639,True,True,True,-3.0441502587,5.2781677130,nils_r
S0015_R07,S0015,15,True,49.6785578605,2.0489776134,True,56.3456912294,7.4124157429,True,True,True,-6.6671333689,11.8325522741,nils_r
S0015_R08,S0015,15,True,47.3432081521,3.2342627048,True,49.2782195494,10.0122559071,True,True,True,-1.9350113973,3.9267072045,nils_r
S0015_R09,S0015,15,True,55.1944820446,1.7284007072,True,54.3293452679,10.0334458351,True,True,True,0.8651367767,-1.5923931578,feasibility_aware_alns
S0015_R10,S0015,15,True,51.1223769460,2.2516248226,True,52.1611637150,6.7651879787,True,True,True,-1.0387867690,1.9914946198,nils_r
S0016_R01,S0016,15,True,50.3820285177,3.0140843391,True,52.7446274665,10.0063292980,True,True,True,-2.3625989488,4.4793167803,nils_r
S0016_R02,S0016,15,True,50.3097547747,1.1135492325,True,236.0434959372,4.3958277702,True,True,True,-185.7337411625,78.6862355284,nils_r
S0016_R03,S0016,15,True,49.6700792747,2.1497504711,True,49.9508922793,7.4333047867,True,True,True,-0.2808130046,0.5621781550,nils_r
S0016_R04,S0016,15,True,53.3516940934,1.6644413471,True,59.9314995343,10.0035798550,True,True,True,-6.5798054409,10.9788767043,nils_r
S0016_R05,S0016,15,True,48.0294177611,2.3575143814,True,48.8228164916,5.0594081879,True,True,True,-0.7933987305,1.6250572735,nils_r
S0016_R06,S0016,15,True,49.3259394038,2.2273602486,True,49.1021855397,5.6748015881,True,True,True,0.2237538641,-0.4556902338,feasibility_aware_alns
S0016_R07,S0016,15,True,51.5589077017,2.6511082649,True,52.1913484343,7.3933167458,True,True,True,-0.6324407326,1.2117731225,nils_r
S0016_R08,S0016,15,True,49.2662043847,0.8314783573,True,49.0964774210,10.0342156887,True,True,True,0.1697269637,-0.3457008988,feasibility_aware_alns
S0016_R09,S0016,15,True,47.0785193930,2.1053419113,True,47.1433855263,10.0090000629,True,True,True,-0.0648661333,0.1375932860,nils_r
S0016_R10,S0016,15,True,47.6204815110,2.5847835541,True,49.2243298317,5.3772423267,True,True,True,-1.6038483207,3.2582430806,nils_r
S0017_R01,S0017,15,True,107.6285358568,1.0503711700,True,104.7465071956,10.0050795078,True,True,True,2.8820286612,-2.7514317550,feasibility_aware_alns
S0017_R02,S0017,15,True,128.2080587515,1.4988296032,True,130.6337981399,8.4046745300,True,True,True,-2.4257393884,1.8569002991,nils_r
S0017_R03,S0017,15,True,181.7699237788,1.4566123486,True,203.3116445344,10.0271906853,True,True,True,-21.5417207556,10.5954190695,nils_r
S0017_R04,S0017,15,True,160.2727466063,1.4391317368,True,180.0420436251,10.0094358921,True,True,True,-19.7692970188,10.9803780388,nils_r
S0017_R05,S0017,15,True,119.6149235274,0.8923199177,True,127.4440010172,10.0039961338,True,True,True,-7.8290774898,6.1431510525,nils_r
S0017_R06,S0017,15,True,143.0841179759,1.5493683815,True,155.2040325093,10.0106155872,True,True,True,-12.1199145334,7.8090203827,nils_r
S0017_R07,S0017,15,True,199.3520801730,1.5424351692,True,306.7240297974,8.3621141911,True,True,True,-107.3719496244,35.0060442592,nils_r
S0017_R08,S0017,15,True,139.7821806314,1.2357661724,True,145.0363724938,8.7763762474,True,True,True,-5.2541918624,3.6226718664,nils_r
S0017_R09,S0017,15,True,139.1495616877,1.0744428635,True,164.5176290305,5.4794888496,True,True,True,-25.3680673428,15.4196650488,nils_r
S0017_R10,S0017,15,True,132.0455391363,0.9157934189,True,149.1700727305,5.2079346180,True,True,True,-17.1245335942,11.4798721223,nils_r
S0018_R01,S0018,15,True,50.2631104062,4.3774025440,True,50.7399780076,9.5025599003,True,True,True,-0.4768676014,0.9398261886,nils_r
S0018_R02,S0018,15,True,51.7368197623,4.9882118702,True,57.5866202006,10.0190210342,True,True,True,-5.8498004383,10.1582631832,nils_r
S0018_R03,S0018,15,True,52.8765791480,2.2839412689,True,51.0608725254,10.0218071938,True,True,True,1.8157066226,-3.5559647393,feasibility_aware_alns
S0018_R04,S0018,15,True,50.7945638960,2.2114138603,True,46.7584341149,3.5101416111,True,True,True,4.0361297811,-8.6318754199,feasibility_aware_alns
S0018_R05,S0018,15,True,53.5343920904,2.2419042587,True,54.6810283203,10.0065307617,True,True,True,-1.1466362299,2.0969544010,nils_r
S0018_R06,S0018,15,True,45.7149953446,2.2363307476,True,46.3922985918,4.4769937992,True,True,True,-0.6773032472,1.4599475942,nils_r
S0018_R07,S0018,15,True,52.6507895179,2.5032067299,True,52.3228140194,8.5981740952,True,True,True,0.3279754985,-0.6268307709,feasibility_aware_alns
S0018_R08,S0018,15,True,50.1496198159,2.5160653591,True,52.8437209721,10.0241596699,True,True,True,-2.6941011562,5.0982427177,nils_r
S0018_R09,S0018,15,True,47.4745036411,2.2866735458,True,48.4610209583,6.6717510223,True,True,True,-0.9865173172,2.0356923930,nils_r
S0018_R10,S0018,15,True,49.7225112909,2.3440673351,True,49.6531009484,9.3108305931,True,True,True,0.0694103425,-0.1397905492,feasibility_aware_alns
S0019_R01,S0019,15,True,45.1861631329,1.1985979080,True,45.0438202671,6.9572010040,True,True,True,0.1423428658,-0.3160097544,feasibility_aware_alns
S0019_R02,S0019,15,True,48.6138266072,1.1780996323,True,50.1159010048,10.0050115585,True,True,True,-1.5020743976,2.9972012225,nils_r
S0019_R03,S0019,15,True,49.7751557802,2.0629596710,True,49.1554476351,10.0260698795,True,True,True,0.6197081451,-1.2607110197,feasibility_aware_alns
S0019_R04,S0019,15,True,49.3817736452,3.4649910927,True,53.3307339873,6.8157293797,True,True,True,-3.9489603421,7.4046615279,nils_r
S0019_R05,S0019,15,True,47.4323296811,3.0892796516,True,45.0182220075,7.7839646339,True,True,True,2.4141076736,-5.3625122583,feasibility_aware_alns
S0019_R06,S0019,15,True,45.8080205302,0.7179162502,True,48.7097524899,8.4813930988,True,True,True,-2.9017319597,5.9571888818,nils_r
S0019_R07,S0019,15,True,47.1247100036,1.9187686443,True,42.7134697600,6.8891966343,True,True,True,4.4112402436,-10.3275155785,feasibility_aware_alns
S0019_R08,S0019,15,True,54.8039837959,3.6324555874,True,56.2923761556,10.0212881565,True,True,True,-1.4883923597,2.6440389647,nils_r
S0019_R09,S0019,15,True,47.5171213975,2.4712824821,True,47.6437751205,10.0077886581,True,True,True,-0.1266537230,0.2658347763,nils_r
S0019_R10,S0019,15,True,49.5381393790,2.8326966763,True,48.9096079885,10.0221154690,True,True,True,0.6285313905,-1.2850877698,feasibility_aware_alns
S0020_R01,S0020,15,True,149.5825381813,1.5749588013,True,165.0066930616,8.5201530457,True,True,True,-15.4241548803,9.3475934789,nils_r
S0020_R02,S0020,15,True,78.4840171737,3.2132246494,True,99.0352659276,7.9614365101,True,True,True,-20.5512487539,20.7514450145,nils_r
S0020_R03,S0020,15,True,79.7041030032,1.8706734180,True,95.2496593599,10.0055053234,True,True,True,-15.5455563567,16.3208524431,nils_r
S0020_R04,S0020,15,True,125.0793348825,1.8457863331,True,126.7811309939,10.0220141411,True,True,True,-1.7017961114,1.3423102461,nils_r
S0020_R05,S0020,15,True,142.8104473283,1.2896311283,True,158.4527755113,10.0194456577,True,True,True,-15.6423281830,9.8719180731,nils_r
S0020_R06,S0020,15,True,112.1085522988,0.9392347336,True,112.7750840236,7.7549409866,True,True,True,-0.6665317248,0.5910274690,nils_r
S0020_R07,S0020,15,True,130.2136686018,1.8807404041,True,129.6487775799,10.0062811375,True,True,True,0.5648910219,-0.4357087143,feasibility_aware_alns
S0020_R08,S0020,15,True,118.6756892480,0.9202721119,True,143.6437480619,10.0062129498,True,True,True,-24.9680588139,17.3819321417,nils_r
S0020_R09,S0020,15,True,83.2156049580,1.6884129047,True,121.0128407287,10.0034251213,True,True,True,-37.7972357707,31.2340703210,nils_r
S0020_R10,S0020,15,True,116.7832854180,2.0697135925,True,125.5129091373,10.0626635551,True,True,True,-8.7296237193,6.9551600543,nils_r
S0021_R01,S0021,15,True,313.8413470213,1.6320922375,True,315.3112290087,10.0101149082,True,True,True,-1.4698819874,0.4661686144,nils_r
S0021_R02,S0021,15,True,130.9071865379,1.1100730896,True,137.8252798633,10.0159273148,True,True,True,-6.9180933254,5.0194661910,nils_r
S0021_R03,S0021,15,True,142.3498568107,1.4551901817,True,141.0570318999,9.4641420841,True,True,True,1.2928249108,-0.9165263818,feasibility_aware_alns
S0021_R04,S0021,15,True,149.6770352511,0.8290693760,True,151.7871022681,10.0147459507,True,True,True,-2.1100670170,1.3901490874,nils_r
S0021_R05,S0021,15,True,117.4653162372,1.6507973671,True,403.1179593671,10.0131866932,True,True,True,-285.6526431299,70.8608079825,nils_r
S0021_R06,S0021,15,True,113.7291200668,1.0140087605,True,114.4583693589,10.0419554710,True,True,True,-0.7292492921,0.6371305971,nils_r
S0021_R07,S0021,15,True,115.3324209081,1.0240206718,True,101.8906881978,10.0298843384,True,True,True,13.4417327103,-13.1923073129,feasibility_aware_alns
S0021_R08,S0021,15,True,767.8534512177,1.5924966335,True,125.5425800245,9.5340280533,True,True,True,642.3108711932,-511.6279043077,feasibility_aware_alns
S0021_R09,S0021,15,True,95.7753231659,1.2947390079,True,245.1704451882,10.0050444603,True,True,True,-149.3951220223,60.9352085271,nils_r
S0021_R10,S0021,15,True,107.6111209844,1.0915606022,True,129.8783522436,10.0181205273,True,True,True,-22.2672312592,17.1446826007,nils_r
S0022_R01,S0022,15,True,80.7899461375,2.3066980839,True,105.4786865136,10.0085859299,True,True,True,-24.6887403761,23.4063782856,nils_r
S0022_R02,S0022,15,True,85.1678234630,2.7096290588,True,100.2381448382,10.0167570114,True,True,True,-15.0703213752,15.0345174479,nils_r
S0022_R03,S0022,15,True,118.3994334345,1.1355459690,True,140.4931385877,10.2377901077,True,True,True,-22.0937051532,15.7258250298,nils_r
S0022_R04,S0022,15,True,85.8258859508,2.8066701889,True,110.4285900452,10.0199599266,True,True,True,-24.6027040944,22.2792884382,nils_r
S0022_R05,S0022,15,True,137.0148375756,2.0860185623,True,135.9544274905,8.9686148167,True,True,True,1.0604100851,-0.7799746611,feasibility_aware_alns
S0022_R06,S0022,15,True,111.0938799565,1.1918702126,True,124.4837063042,10.0182743073,True,True,True,-13.3898263477,10.7562883089,nils_r
S0022_R07,S0022,15,True,82.3275578987,1.7803766727,True,111.3674381558,10.0651183128,True,True,True,-29.0398802571,26.0757369820,nils_r
S0022_R08,S0022,15,True,119.9550523736,1.2204463482,True,145.9540817814,10.0050923824,True,True,True,-25.9990294078,17.8131567754,nils_r
S0022_R09,S0022,15,True,119.7620444477,1.4287700653,True,135.4955264896,6.8573164940,True,True,True,-15.7334820419,11.6118092232,nils_r
S0022_R10,S0022,15,True,82.3248191999,2.6238195896,True,120.3645080030,10.0260510445,True,True,True,-38.0396888031,31.6037421946,nils_r
S0023_R01,S0023,15,True,110.5713652084,1.6102182865,True,115.8878513455,10.0220704079,True,True,True,-5.3164861371,4.5876130029,nils_r
S0023_R02,S0023,15,True,100.3542868971,2.4576892853,True,102.3582677860,7.3577573299,True,True,True,-2.0039808889,1.9578104752,nils_r
S0023_R03,S0023,15,True,81.0344740984,0.8075630665,True,85.4176216096,9.5436234474,True,True,True,-4.3831475112,5.1314324007,nils_r
S0023_R04,S0023,15,True,83.4583752602,2.4979655743,True,84.4690225833,10.0352585316,True,True,True,-1.0106473231,1.1964709573,nils_r
S0023_R05,S0023,15,True,5899.7808540721,1.7150373459,True,20169.4778888016,10.0195567608,True,True,True,-14269.6970347295,70.7489659048,nils_r
S0023_R06,S0023,15,True,104.7341562850,1.7234802246,True,103.4301878492,5.2193753719,True,True,True,1.3039684358,-1.2607232597,feasibility_aware_alns
S0023_R07,S0023,15,True,115.5973862317,1.4155309200,True,141.0578130379,9.3898177147,True,True,True,-25.4604268062,18.0496395470,nils_r
S0023_R08,S0023,15,True,132.4899654383,1.2800750732,True,1370.9775212914,10.0241687298,True,True,True,-1238.4875558531,90.3360949847,nils_r
S0023_R09,S0023,15,True,57.5798145293,1.5955817699,True,116.1260200425,10.0324976444,True,True,True,-58.5462055132,50.4160957999,nils_r
S0023_R10,S0023,15,True,112.5513940195,1.9512248039,True,578.6620553388,10.0315091610,True,True,True,-466.1106613193,80.5497193083,nils_r
S0024_R01,S0024,50,True,270.4182400301,14.1984038353,True,404.5799197540,10.0065310001,True,True,True,-134.1616797239,33.1607361545,nils_r
S0024_R02,S0024,50,True,471.9647461068,6.7760028839,True,509.0530245595,12.4330277443,True,True,True,-37.0882784527,7.2857397291,nils_r
S0024_R03,S0024,50,True,419.4082107207,10.1267220974,True,462.2591137348,18.3807728291,True,True,True,-42.8509030141,9.2698881949,nils_r
S0024_R04,S0024,50,True,367.1585857984,6.2254977226,True,323.6590560829,10.0253109932,True,True,True,43.4995297155,-13.4399235547,feasibility_aware_alns
S0024_R05,S0024,50,True,296.6024035325,12.2000257969,True,515.6747774495,10.0097119808,True,True,True,-219.0723739170,42.4826622315,nils_r
S0024_R06,S0024,50,True,110.0504276532,7.3329734802,True,293.8034433370,10.0946855545,True,True,True,-183.7530156838,62.5428393884,nils_r
S0024_R07,S0024,50,True,264.0187739156,14.1167523861,True,497.2319287336,10.0299701691,True,True,True,-233.2131548180,46.9022887191,nils_r
S0024_R08,S0024,50,True,260.1876845323,17.9599597454,True,351.1377991005,12.0824966431,True,True,True,-90.9501145682,25.9015448639,nils_r
S0024_R09,S0024,50,True,291.9360173223,7.0556769371,True,542.3677677658,12.8957037926,True,True,True,-250.4317504435,46.1737893229,nils_r
S0024_R10,S0024,50,True,376.2193679077,22.9340977669,True,443.3312512724,12.4771811962,True,True,True,-67.1118833647,15.1380898983,nils_r
S0025_R01,S0025,50,True,332.2846636564,24.2387912273,True,471.8287858299,18.9969959259,True,True,True,-139.5441221735,29.5751608135,nils_r
S0025_R02,S0025,50,True,245.7962407166,15.2823789120,True,402.9748336718,10.0374338627,True,True,True,-157.1785929552,39.0045679833,nils_r
S0025_R03,S0025,50,True,448.0580844173,16.5256178379,True,659.8046210935,14.2977728844,True,True,True,-211.7465366762,32.0923088300,nils_r
S0025_R04,S0025,50,True,293.8217684108,26.4918656349,True,670.2761938798,21.1541473866,True,True,True,-376.4544254690,56.1640751837,nils_r
S0025_R05,S0025,50,True,269.6817735732,24.6367943287,True,396.6810585347,11.7195000648,True,True,True,-126.9992849615,32.0154648751,nils_r
S0025_R06,S0025,50,True,260.9326692809,14.5105590820,True,376.7910546081,13.4768347740,True,True,True,-115.8583853272,30.7487091082,nils_r
S0025_R07,S0025,50,True,525.4487352198,11.0010719299,True,1137.4704627824,13.1277277470,True,True,True,-612.0217275626,53.8055050736,nils_r
S0025_R08,S0025,50,True,238.6592294394,27.6259841919,True,416.2617762263,10.0119092464,True,True,True,-177.6025467869,42.6660714315,nils_r
S0025_R09,S0025,50,True,241.9996619231,19.7206835747,True,446.6886934538,16.8518018723,True,True,True,-204.6890315307,45.8236428480,nils_r
S0025_R10,S0025,50,True,325.3361673438,12.3971467018,True,544.7712853179,16.2040629387,True,True,True,-219.4351179741,40.2802283982,nils_r
S0026_R01,S0026,50,True,6691.3039795398,4.0703153610,True,10404.8528864189,10.0648562908,True,True,True,-3713.5489068791,35.6905469728,nils_r
S0026_R02,S0026,50,True,17478.3798598805,1.8088073730,True,17795.2300818906,10.0432820320,True,True,True,-316.8502220101,1.7805345621,nils_r
S0026_R03,S0026,50,True,17746.1700806770,6.8653013706,True,52540.9435525367,10.0102713108,True,True,True,-34794.7734718597,66.2241123193,nils_r
S0026_R04,S0026,50,True,46256.1908519220,6.4361259937,True,47650.6772394756,10.0318646431,True,True,True,-1394.4863875536,2.9264775830,nils_r
S0026_R05,S0026,50,True,17770.0357170914,4.3358337879,True,22601.4380418778,10.0219988823,True,True,True,-4831.4023247864,21.3765262008,nils_r
S0026_R06,S0026,50,True,21448.7349159526,6.0476500988,True,23560.1244800077,10.0306298733,True,True,True,-2111.3895640551,8.9617080158,nils_r
S0026_R07,S0026,50,True,10617.1582613424,2.0308909416,True,15627.8996880235,10.0151491165,True,True,True,-5010.7414266811,32.0627949162,nils_r
S0026_R08,S0026,50,True,31506.4613970710,4.4038271904,True,50389.1744741182,10.0180549622,True,True,True,-18882.7130770472,37.4737496181,nils_r
S0026_R09,S0026,50,True,11025.0505619840,6.9631614685,True,15010.2748281069,10.0103130341,True,True,True,-3985.2242661229,26.5499753453,nils_r
S0026_R10,S0026,50,True,105486.2603501731,7.5894427299,True,31667.6056014622,10.0439968109,True,True,True,73818.6547487109,-233.1046296260,feasibility_aware_alns
S0027_R01,S0027,50,True,8294.9487287689,6.9861357212,True,7668.9534956953,10.0069715977,True,True,True,625.9952330736,-8.1627204210,feasibility_aware_alns
S0027_R02,S0027,50,True,2773.5951231412,4.2327258587,True,4810.3688155380,10.0094044209,True,True,True,-2036.7736923968,42.3413208114,nils_r
S0027_R03,S0027,50,True,2567.4785384523,6.9521994591,True,3849.8657572677,10.0075006485,True,True,True,-1282.3872188154,33.3099203886,nils_r
S0027_R04,S0027,50,True,6291.6745339908,6.8555674553,True,7768.2042819742,10.0335879326,True,True,True,-1476.5297479834,19.0073496317,nils_r
S0027_R05,S0027,50,True,5568.7675562052,5.8640992641,True,6181.0902182342,10.2195575237,True,True,True,-612.3226620290,9.9063860971,nils_r
S0027_R06,S0027,50,True,1781.2827066760,3.6451015472,True,1813.1928505249,10.0101881027,True,True,True,-31.9101438489,1.7598869221,nils_r
S0027_R07,S0027,50,True,2896.8871535096,4.3795745373,True,5249.1355788305,10.0161881447,True,True,True,-2352.2484253209,44.8121102988,nils_r
S0027_R08,S0027,50,True,1285.6758283076,8.6666243076,True,4203.0849863332,10.0160703659,True,True,True,-2917.4091580256,69.4111389018,nils_r
S0027_R09,S0027,50,True,6389.7718403199,6.7399172783,True,6763.8825995423,10.0970714092,True,True,True,-374.1107592224,5.5310061007,nils_r
S0027_R10,S0027,50,True,5530.0568761235,4.9095869064,True,8166.7801541908,10.0058052540,True,True,True,-2636.7232780673,32.2859588269,nils_r
S0028_R01,S0028,50,True,38797.7300082917,15.6148664951,True,70405.5811681333,12.8534219265,True,True,True,-31607.8511598416,44.8939567509,nils_r
S0028_R02,S0028,50,True,13203.0102655108,11.5050261021,True,42807.0923683696,10.0498447418,True,True,True,-29604.0821028588,69.1569561607,nils_r
S0028_R03,S0028,50,True,43617.1159090656,22.5863623619,True,34235.2927029155,16.9118974209,True,True,True,9381.8232061501,-27.4039520782,feasibility_aware_alns
S0028_R04,S0028,50,True,18770.3396155823,20.9608030319,True,38850.6137574808,10.0353021622,True,True,True,-20080.2741418985,51.6858607878,nils_r
S0028_R05,S0028,50,True,13538.1934142662,11.5962646008,True,46229.7869138515,10.0134139061,True,True,True,-32691.5934995853,70.7154319368,nils_r
S0028_R06,S0028,50,True,17257.5481842332,22.1687600613,True,70122.6676801565,12.9555811882,True,True,True,-52865.1194959233,75.3894870872,nils_r
S0028_R07,S0028,50,True,48293.7430467599,17.5210304260,True,54933.9933367845,10.7592625618,True,True,True,-6640.2502900246,12.0876890368,nils_r
S0028_R08,S0028,50,True,4902.4991160021,9.5356335640,True,23771.6796024500,13.7562177181,True,True,True,-18869.1804864479,79.3767239085,nils_r
S0028_R09,S0028,50,True,10516.6195440773,15.6778120995,True,11349.5585593721,10.0089182854,True,True,True,-832.9390152948,7.3389551755,nils_r
S0028_R10,S0028,50,True,42363.9601116741,15.7814111710,True,30208.2680274861,17.1177194118,True,True,True,12155.6920841880,-40.2396194086,feasibility_aware_alns
S0029_R01,S0029,50,True,22868.5259179311,19.1165728569,True,27372.8503091240,10.0100109577,True,True,True,-4504.3243911929,16.4554452325,nils_r
S0029_R02,S0029,50,True,24582.2279856406,20.1457207203,True,41700.7888344542,10.6922531128,True,True,True,-17118.5608488136,41.0509281174,nils_r
S0029_R03,S0029,50,True,53380.0559020563,29.0320641994,True,88423.5946484674,14.7393701077,True,True,True,-35043.5387464111,39.6314342181,nils_r
S0029_R04,S0029,50,True,26243.2272745816,21.0007047653,True,26130.2655984718,11.0786206722,True,True,True,112.9616761098,-0.4323020586,feasibility_aware_alns
S0029_R05,S0029,50,True,38323.6865190059,16.0414285660,True,98539.8331735066,21.7805862427,True,True,True,-60216.1466545007,61.1084317024,nils_r
S0029_R06,S0029,50,True,20398.0663836475,34.2997961044,True,56178.4478508330,17.8544230461,True,True,True,-35780.3814671855,63.6905839090,nils_r
S0029_R07,S0029,50,True,55910.0269873038,11.5799329281,True,60925.7850861125,10.0677866936,True,True,True,-5015.7580988087,8.2325703177,nils_r
S0029_R08,S0029,50,True,75039.6551623367,14.8318116665,True,102278.8259520113,18.0139775276,True,True,True,-27239.1707896746,26.6322677603,nils_r
S0029_R09,S0029,50,True,18970.7368025055,19.7946891785,True,70909.2606556283,10.0394642353,True,True,True,-51938.5238531228,73.2464608612,nils_r
S0029_R10,S0029,50,True,70659.1434891194,20.6231038570,True,119279.5422797309,15.4513828754,True,True,True,-48620.3987906115,40.7617248200,nils_r
S0030_R01,S0030,50,True,1463.9144600041,6.8834626675,True,3874.8660149001,10.0446650982,True,True,True,-2410.9515548960,62.2202560198,nils_r
S0030_R02,S0030,50,True,5270.4098920002,6.1123113632,True,5473.6301816741,10.0255634785,True,True,True,-203.2202896739,3.7127150160,nils_r
S0030_R03,S0030,50,True,2330.5846580516,9.0567986965,True,2433.8625405660,10.0204946995,True,True,True,-103.2778825144,4.2433736825,nils_r
S0030_R04,S0030,50,True,3851.7968724865,10.9507448673,True,4572.8219132564,11.0675272942,True,True,True,-721.0250407699,15.7676168993,nils_r
S0030_R05,S0030,50,True,3311.0813485730,7.2332780361,True,3863.7911099637,10.0663206577,True,True,True,-552.7097613907,14.3048561804,nils_r
S0030_R06,S0030,50,True,4846.2284934467,11.7205345631,True,3673.2597947374,10.0106036663,True,True,True,1172.9686987093,-31.9326365206,feasibility_aware_alns
S0030_R07,S0030,50,True,4967.9428862613,6.1696355343,True,4929.5456866625,10.0137758255,True,True,True,38.3971995988,-0.7789196417,feasibility_aware_alns
S0030_R08,S0030,50,True,5115.0790936844,4.8412501812,True,7313.8533878613,10.0357332230,True,True,True,-2198.7742941769,30.0631442493,nils_r
S0030_R09,S0030,50,True,1296.6407824352,7.9703676701,True,2805.4703986394,10.0107386112,True,True,True,-1508.8296162042,53.7816979618,nils_r
S0030_R10,S0030,50,True,7101.3447578875,4.0540583134,True,7118.6604450662,10.0286130905,True,True,True,-17.3156871787,0.2432436174,nils_r
S0031_R01,S0031,50,True,70862.3450184140,1.9419853687,True,72474.6748326372,11.6474957466,True,True,True,-1612.3298142232,2.2246803010,nils_r
S0031_R02,S0031,50,True,92281.3054794689,5.1514914036,True,131036.1383899540,10.0271925926,True,True,True,-38754.8329104851,29.5756830037,nils_r
S0031_R03,S0031,50,True,76921.4413373599,8.3592319489,True,105982.8794997179,10.0430243015,True,True,True,-29061.4381623580,27.4208799568,nils_r
S0031_R04,S0031,50,True,54707.1151180936,5.2910261154,True,90557.1073685824,10.0748221874,True,True,True,-35849.9922504888,39.5882700897,nils_r
S0031_R05,S0031,50,True,49288.2755260280,10.7670507431,True,97466.5431258854,10.0465233326,True,True,True,-48178.2675998574,49.4305697675,nils_r
S0031_R06,S0031,50,True,48075.0597158260,5.2182388306,True,57148.5335399433,10.0188915730,True,True,True,-9073.4738241173,15.8770020193,nils_r
S0031_R07,S0031,50,True,101149.4745146963,14.3708157539,True,47199.6910116985,10.0422825813,True,True,True,53949.7835029978,-114.3011370342,feasibility_aware_alns
S0031_R08,S0031,50,True,5937.8773705362,2.6459190845,True,23043.1234960502,10.0067620277,True,True,True,-17105.2461255140,74.2314562019,nils_r
S0031_R09,S0031,50,True,37844.5027013633,7.4412045479,True,58270.3674180670,11.7960197926,True,True,True,-20425.8647167037,35.0536054976,nils_r
S0031_R10,S0031,50,True,837.9956199550,6.8044874668,True,18662.1859866245,10.0616953373,True,True,True,-17824.1903666695,95.5096599050,nils_r
S0032_R01,S0032,50,True,186.4694444848,10.2920382023,True,186.0374876740,10.0500066280,True,True,True,0.4319568108,-0.2321880478,feasibility_aware_alns
S0032_R02,S0032,50,True,279.5712779305,12.5096323490,True,489.0146598763,20.6784911156,True,True,True,-209.4433819458,42.8296734496,nils_r
S0032_R03,S0032,50,True,498.5025345021,18.7964496613,True,385.0853538923,10.0112743378,True,True,True,113.4171806098,-29.4524783826,feasibility_aware_alns
S0032_R04,S0032,50,True,172.3008023365,19.4998052120,True,144.2478659962,10.0226356983,True,True,True,28.0529363403,-19.4477305758,feasibility_aware_alns
S0032_R05,S0032,50,True,334.3802948178,8.0482881069,True,742.1364882367,10.0067162514,True,True,True,-407.7561934189,54.9435582109,nils_r
S0032_R06,S0032,50,True,231.9563597123,15.9252426624,True,275.1485550370,10.4103789330,True,True,True,-43.1921953247,15.6977729063,nils_r
S0032_R07,S0032,50,True,257.4005521313,18.1067872047,True,246.5529887830,12.0297944546,True,True,True,10.8475633483,-4.3996884409,feasibility_aware_alns
S0032_R08,S0032,50,True,252.1356178689,18.5258131027,True,215.4068276489,10.0159208775,True,True,True,36.7287902200,-17.0508941712,feasibility_aware_alns
S0032_R09,S0032,50,True,322.1433453643,13.8719549179,True,340.3892783443,10.0532629490,True,True,True,-18.2459329800,5.3603136587,nils_r
S0032_R10,S0032,50,True,252.6340531994,17.2950878143,True,182.1940698575,10.0515050888,True,True,True,70.4399833419,-38.6620615023,feasibility_aware_alns
S0033_R01,S0033,50,True,4300.6319532208,26.0897316933,True,14171.2743022397,10.0541112423,True,True,True,-9870.6423490189,69.6524683561,nils_r
S0033_R02,S0033,50,True,48160.5822728073,13.5900871754,True,59343.2218499652,15.4423568249,True,True,True,-11182.6395771579,18.8440048055,nils_r
S0033_R03,S0033,50,True,19186.7402140425,21.9344558716,True,17338.9966005946,10.1060566902,True,True,True,1847.7436134479,-10.6565775172,feasibility_aware_alns
S0033_R04,S0033,50,True,13003.0569354866,14.2798080444,True,24627.0955015780,10.0079569817,True,True,True,-11624.0385660914,47.2002009549,nils_r
S0033_R05,S0033,50,True,2523.0723284609,28.2492911816,True,10056.5844136376,10.0152165890,True,True,True,-7533.5120851767,74.9112399928,nils_r
S0033_R06,S0033,50,True,17449.9930357191,11.2159907818,True,23863.2385848875,10.6410176754,True,True,True,-6413.2455491684,26.8750007521,nils_r
S0033_R07,S0033,50,True,6402.6654694008,14.4521782398,True,4850.9934329729,10.0421402454,True,True,True,1551.6720364279,-31.9866859823,feasibility_aware_alns
S0033_R08,S0033,50,True,19470.8911413699,22.7353053093,True,21140.3004367862,10.0930891037,True,True,True,-1669.4092954163,7.8968096996,nils_r
S0033_R09,S0033,50,True,36866.0149297927,13.7669057846,True,25667.3960512855,10.0300693512,True,True,True,11198.6188785072,-43.6297427917,feasibility_aware_alns
S0033_R10,S0033,50,True,12459.5051439469,14.6989750862,True,16554.1548377883,15.9412872791,True,True,True,-4094.6496938414,24.7348761321,nils_r
S0034_R01,S0034,50,True,28614.6394033321,2.3903441429,True,38165.9441173179,10.0103805065,True,True,True,-9551.3047139858,25.0257262984,nils_r
S0034_R02,S0034,50,True,100057.5905628993,3.0391316414,True,87871.0553395992,10.0155534744,True,True,True,12186.5352233001,-13.8686569499,feasibility_aware_alns
S0034_R03,S0034,50,True,29977.1450075357,6.6642749310,True,27861.0239052205,10.0213038921,True,True,True,2116.1211023152,-7.5952739911,feasibility_aware_alns
S0034_R04,S0034,50,True,64507.3009256811,9.6590433121,True,75568.4600891774,10.0188982487,True,True,True,-11061.1591634963,14.6372695043,nils_r
S0034_R05,S0034,50,True,32592.2616559415,2.2532949448,True,42549.2588072679,10.0219750404,True,True,True,-9956.9971513264,23.4011059897,nils_r
S0034_R06,S0034,50,True,75898.5702278498,4.4362728596,True,79606.6938733578,10.0099139214,True,True,True,-3708.1236455080,4.6580550769,nils_r
S0034_R07,S0034,50,True,33378.0776961763,1.7277534008,True,33378.4204442850,10.0173687935,True,True,True,-0.3427481087,0.0010268554,nils_r
S0034_R08,S0034,50,True,42083.3373147368,5.7094335556,True,55789.9068619132,10.0157446861,True,True,True,-13706.5695471764,24.5681886172,nils_r
S0034_R09,S0034,50,True,25438.7616626324,4.0585784912,True,43383.8856769767,10.0194635391,True,True,True,-17945.1240143443,41.3635702158,nils_r
S0034_R10,S0034,50,True,30632.6815617337,5.5851378441,True,36826.2486962204,10.0067603588,True,True,True,-6193.5671344867,16.8183492855,nils_r
S0035_R01,S0035,50,True,422.4176691594,13.7088127136,True,454.8331059008,10.0099699497,True,True,True,-32.4154367414,7.1268859546,nils_r
S0035_R02,S0035,50,True,205.4604994467,23.3205311298,True,363.7025642499,10.0425255299,True,True,True,-158.2420648032,43.5086469983,nils_r
S0035_R03,S0035,50,True,231.9456732497,10.3372757435,True,300.0686891122,10.0218939781,True,True,True,-68.1230158625,22.7024739116,nils_r
S0035_R04,S0035,50,True,195.6389942976,11.9171507359,True,161.5718448578,10.0104296207,True,True,True,34.0671494398,-21.0848303860,feasibility_aware_alns
S0035_R05,S0035,50,True,234.3514436105,7.0432665348,True,239.2345283057,10.0142481327,True,True,True,-4.8830846952,2.0411287325,nils_r
S0035_R06,S0035,50,True,192.3667257342,15.9932811260,True,276.4922264268,10.7009482384,True,True,True,-84.1255006926,30.4259912764,nils_r
S0035_R07,S0035,50,True,277.0890687390,10.0815923214,True,366.2808503496,10.0058445930,True,True,True,-89.1917816106,24.3506537471,nils_r
S0035_R08,S0035,50,True,217.9799776704,23.3513035774,True,210.5778323614,10.5497639179,True,True,True,7.4021453090,-3.5151588493,feasibility_aware_alns
S0035_R09,S0035,50,True,250.2312309594,21.0502376556,True,321.5604205319,10.0264532566,True,True,True,-71.3291895725,22.1822043442,nils_r
S0035_R10,S0035,50,True,268.5406236308,16.9998612404,True,327.8716600849,12.3525810242,True,True,True,-59.3310364541,18.0958111594,nils_r
S0036_R01,S0036,50,True,40831.1932632442,8.4988675117,True,85307.7652121622,10.0074887276,True,True,True,-44476.5719489180,52.1366042567,nils_r
S0036_R02,S0036,50,True,16767.5672436927,7.0999500751,True,32108.8830945245,10.0500876904,True,True,True,-15341.3158508318,47.7790392324,nils_r
S0036_R03,S0036,50,True,56985.9196451161,14.6911540031,True,188844.4054651922,10.0181126595,True,True,True,-131858.4858200761,69.8238772259,nils_r
S0036_R04,S0036,50,True,53813.7047767081,3.5668668747,True,30280.6040978147,10.0492768288,True,True,True,23533.1006788934,-77.7167476675,feasibility_aware_alns
S0036_R05,S0036,50,True,126817.9977306252,6.1087334156,True,133087.9183851003,10.0143232346,True,True,True,-6269.9206544751,4.7111118203,nils_r
S0036_R06,S0036,50,True,48535.3018320698,4.6945762634,True,90983.4209050450,10.0061037540,True,True,True,-42448.1190729752,46.6547846308,nils_r
S0036_R07,S0036,50,True,83079.6863936575,8.4524633884,True,128051.2044008256,10.0333366394,True,True,True,-44971.5180071681,35.1199492559,nils_r
S0036_R08,S0036,50,True,39133.7139400235,2.1065022945,True,53369.3988954481,10.0156030655,True,True,True,-14235.6849554246,26.6738716382,nils_r
S0036_R09,S0036,50,True,35679.9013750437,8.8667647839,True,106581.9683543860,10.0124104023,True,True,True,-70902.0669793423,66.5235105657,nils_r
S0036_R10,S0036,50,True,58447.4133733468,11.8346829414,True,64834.9677244167,10.0137555599,True,True,True,-6387.5543510699,9.8520205612,nils_r
S0037_R01,S0037,50,True,1573.7337110026,11.9233477116,True,6309.3482352254,10.0810556412,True,True,True,-4735.6145242228,75.0571112525,nils_r
S0037_R02,S0037,50,True,1014.6280667723,14.0757205486,True,14239.6257830873,10.8003473282,True,True,True,-13224.9977163150,92.8746156519,nils_r
S0037_R03,S0037,50,True,20772.6870133877,14.2774708271,True,29376.4583826358,10.0353732109,True,True,True,-8603.7713692481,29.2879803861,nils_r
S0037_R04,S0037,50,True,20426.0600354563,11.6646687984,True,76314.2331845306,11.0841014385,True,True,True,-55888.1731490743,73.2342720577,nils_r
S0037_R05,S0037,50,True,12456.1780828088,8.9645130634,True,29764.5923143288,10.8293235302,True,True,True,-17308.4142315200,58.1510206783,nils_r
S0037_R06,S0037,50,True,3764.1019309874,14.7450330257,True,20450.8120380061,10.7997639179,True,True,True,-16686.7101070187,81.5943644487,nils_r
S0037_R07,S0037,50,True,8447.5547565439,16.0282373428,True,18274.4982438658,11.2220222950,True,True,True,-9826.9434873219,53.7740809963,nils_r
S0037_R08,S0037,50,True,6396.8131150127,9.7997941971,True,18445.5983725240,10.0132639408,True,True,True,-12048.7852575113,65.3206527334,nils_r
S0037_R09,S0037,50,True,11726.5240289837,8.1196789742,True,39466.4272463864,10.2610895634,True,True,True,-27739.9032174027,70.2873433266,nils_r
S0037_R10,S0037,50,True,292.9951192481,8.3157856464,True,4326.0342471079,10.0883934498,True,True,True,-4033.0391278598,93.2271659790,nils_r
S0038_R01,S0038,50,True,9151.1121642350,5.8846344948,True,21587.9512496148,10.0071411133,True,True,True,-12436.8390853798,57.6100943604,nils_r
S0038_R02,S0038,50,True,26866.4710003121,8.3895204067,True,31701.7076980847,10.1181967258,True,True,True,-4835.2366977726,15.2522909612,nils_r
S0038_R03,S0038,50,True,4080.9719383131,3.0807337761,True,22469.0784081313,10.0087718964,True,True,True,-18388.1064698182,81.8373861883,nils_r
S0038_R04,S0038,50,True,8478.2547908230,6.7899711132,True,24549.4123702126,10.7711882591,True,True,True,-16071.1575793896,65.4645306251,nils_r
S0038_R05,S0038,50,True,7522.2814760378,4.0216166973,True,4227.7050077047,10.1435620785,True,True,True,3294.5764683331,-77.9282485966,feasibility_aware_alns
S0038_R06,S0038,50,True,7361.3812255671,2.2573423386,True,12284.8487363624,10.0304112434,True,True,True,-4923.4675107953,40.0775590848,nils_r
S0038_R07,S0038,50,True,14649.8151696908,4.4464499950,True,36750.5464384752,11.0583677292,True,True,True,-22100.7312687844,60.1371500851,nils_r
S0038_R08,S0038,50,True,19486.7261154056,2.4528486729,True,26513.9214763691,10.6840245724,True,True,True,-7027.1953609635,26.5037948733,nils_r
S0038_R09,S0038,50,True,16193.0512239570,5.7466821671,True,19714.2720523241,10.0103704929,True,True,True,-3521.2208283671,17.8612774493,nils_r
S0038_R10,S0038,50,True,20861.4716318904,8.9084622860,True,24742.4499073414,10.5759003162,True,True,True,-3880.9782754510,15.6855052349,nils_r
S0039_R01,S0039,50,True,3079.1901929680,5.0050911903,True,3029.9356735474,10.1102416515,True,True,True,49.2545194206,-1.6255962082,feasibility_aware_alns
S0039_R02,S0039,50,True,2044.7858442495,8.8136615753,True,4297.9513666267,10.4727113247,True,True,True,-2253.1655223772,52.4241744537,nils_r
S0039_R03,S0039,50,True,3901.5127411743,10.2088055611,True,3280.3666136810,10.0085179806,True,True,True,621.1461274933,-18.9352654945,feasibility_aware_alns
S0039_R04,S0039,50,True,3478.8834804926,9.3539464474,True,7600.1024836233,10.2332563400,True,True,True,-4121.2190031307,54.2258346122,nils_r
S0039_R05,S0039,50,True,8453.9979496907,6.6831359863,True,10118.4791695333,10.0424845219,True,True,True,-1664.4812198426,16.4499149719,nils_r
S0039_R06,S0039,50,True,1564.0409109429,11.6950511932,True,5346.8527564218,10.0318577290,True,True,True,-3782.8118454789,70.7483826057,nils_r
S0039_R07,S0039,50,True,1645.8100154027,5.8059077263,True,2352.9066466586,10.2744948864,True,True,True,-707.0966312559,30.0520478473,nils_r
S0039_R08,S0039,50,True,1581.0507296090,8.5917789936,True,5131.9056189827,10.0113079548,True,True,True,-3550.8548893737,69.1917418793,nils_r
S0039_R09,S0039,50,True,5432.7634655865,27.1017911434,True,8821.6964489733,10.0068175793,True,True,True,-3388.9329833868,38.4158874995,nils_r
S0039_R10,S0039,50,True,3583.8246101729,11.8798024654,True,9401.9004803475,10.5681862831,True,True,True,-5818.0758701746,61.8819129423,nils_r
S0040_R01,S0040,50,True,4858.7307146451,15.7760119438,True,20135.4596814177,10.0476455688,True,True,True,-15276.7289667726,75.8697800223,nils_r
S0040_R02,S0040,50,True,9856.4384540806,9.7226059437,True,20494.7370271013,10.1435024738,True,True,True,-10638.2985730207,51.9074656042,nils_r
S0040_R03,S0040,50,True,3961.5117853429,19.0313630104,True,17174.9392984610,10.6342079639,True,True,True,-13213.4275131181,76.9343476766,nils_r
S0040_R04,S0040,50,True,4431.9831884126,14.8364734650,True,25230.0028235371,10.0113389492,True,True,True,-20798.0196351245,82.4336793800,nils_r
S0040_R05,S0040,50,True,3041.9842334624,12.6602571011,True,32561.0545315567,10.9398379326,True,True,True,-29519.0702980943,90.6575991557,nils_r
S0040_R06,S0040,50,True,17270.4009453016,7.8196539879,True,34957.9600283664,10.0105681419,True,True,True,-17687.5590830648,50.5966568665,nils_r
S0040_R07,S0040,50,True,23189.9142425492,6.7520403862,True,38594.8142742466,10.8458070755,True,True,True,-15404.9000316974,39.9144297527,nils_r
S0040_R08,S0040,50,True,2232.6161474840,10.8323304653,True,20927.1236910132,10.0107209682,True,True,True,-18694.5075435292,89.3314715369,nils_r
S0040_R09,S0040,50,True,24689.9438309350,10.6446261406,True,34893.6291965844,10.0091390610,True,True,True,-10203.6853656494,29.2422588323,nils_r
S0040_R10,S0040,50,True,31266.5588344806,10.2880742550,True,67341.1485661304,10.5860121250,True,True,True,-36074.5897316498,53.5699056220,nils_r
S0041_R01,S0041,50,True,827.3774126499,16.6747007370,True,52289.1365676281,15.3078362942,True,True,True,-51461.7591549782,98.4176877513,nils_r
S0041_R02,S0041,50,True,2540.3303123419,9.7357218266,True,49364.0336012170,16.3489081860,True,True,True,-46823.7032888751,94.8538842412,nils_r
S0041_R03,S0041,50,True,66.7954925032,14.4920210838,True,56774.9836090448,16.7546172142,True,True,True,-56708.1881165416,99.8823504856,nils_r
S0041_R04,S0041,50,True,62.1233288752,23.0208883286,True,60.2892499552,11.3674921989,True,True,True,1.8340789200,-3.0421325881,feasibility_aware_alns
S0041_R05,S0041,50,True,91.4088359137,10.4981002808,True,22582.1025571529,22.9373829365,True,True,True,-22490.6937212392,99.5952155665,nils_r
S0041_R06,S0041,50,True,60.6789717703,23.2609531879,True,24801.2883048699,16.6652307510,True,True,True,-24740.6093330996,99.7553394363,nils_r
S0041_R07,S0041,50,True,67.4327837188,25.4117426872,True,16824.7386123874,11.9183919430,True,True,True,-16757.3058286686,99.5992045685,nils_r
S0041_R08,S0041,50,True,107.1626348418,14.9099926949,True,2626.8855308688,12.0911800861,True,True,True,-2519.7228960270,95.9205441736,nils_r
S0041_R09,S0041,50,True,1581.0444632182,10.9004464149,True,40744.6826651635,22.6928565502,True,True,True,-39163.6382019453,96.1196299497,nils_r
S0041_R10,S0041,50,True,105.1828060700,24.1198573112,True,2618.9946767230,13.6599271297,True,True,True,-2513.8118706530,95.9838480389,nils_r
S0042_R01,S0042,50,True,5352.1180816121,20.5894269943,True,80.2345457829,10.7100737095,True,True,True,5271.8835358292,-6570.5906157853,feasibility_aware_alns
S0042_R02,S0042,50,True,64.4074673278,22.7061409950,True,23679.1159596139,18.7707712650,True,True,True,-23614.7084922861,99.7279988517,nils_r
S0042_R03,S0042,50,True,66.9850769929,18.2988185883,True,83134.5583113176,19.1990566254,True,True,True,-83067.5732343247,99.9194257137,nils_r
S0042_R04,S0042,50,True,9923.8715826386,18.5461351871,True,6841.9018515576,10.7967982292,True,True,True,3081.9697310810,-45.0455121682,feasibility_aware_alns
S0042_R05,S0042,50,True,76.6970485774,12.4146778584,True,106549.4453098260,20.3110694885,True,True,True,-106472.7482612486,99.9280174117,nils_r
S0042_R06,S0042,50,True,110.0867979288,19.2981421947,True,78184.3614294072,13.1963727474,True,True,True,-78074.2746314784,99.8591958853,nils_r
S0042_R07,S0042,50,True,69.3123563444,17.1286876202,True,50291.7301938037,20.9078087807,True,True,True,-50222.4178374593,99.8621794158,nils_r
S0042_R08,S0042,50,True,105.1578330720,13.2969434261,True,106857.6545949959,20.8076715469,True,True,True,-106752.4967619239,99.9015907344,nils_r
S0042_R09,S0042,50,True,2539.5740225062,13.7167477608,True,56355.5145351780,19.2556743622,True,True,True,-53815.9405126718,95.4936548030,nils_r
S0042_R10,S0042,50,True,71.3054786825,19.6256630421,True,79.5160344035,11.5527296066,True,True,True,-8.2105557210,10.3256604565,nils_r
S0043_R01,S0043,50,True,1149.8577570182,19.6694271564,True,1025.7903423312,11.8307735920,True,True,True,124.0674146870,-12.0948121236,feasibility_aware_alns
S0043_R02,S0043,50,True,242.8243464639,24.7412400246,True,77.0362717184,14.3602359295,True,True,True,165.7880747455,-215.2078119143,feasibility_aware_alns
S0043_R03,S0043,50,True,63.3629350750,19.2823085785,True,64.9050553083,10.0109138489,True,True,True,-1.5421202333,2.3759632065,nils_r
S0043_R04,S0043,50,True,779.4833613149,18.7313549519,True,834.6710489328,11.9637286663,True,True,True,-55.1876876179,6.6119086901,nils_r
S0043_R05,S0043,50,True,65.3492191138,18.6319611073,True,529.9674308687,12.3699209690,True,True,True,-464.6182117549,87.6692009155,nils_r
S0043_R06,S0043,50,True,94.6834642665,10.3694429398,True,238.2643800034,11.6280031204,True,True,True,-143.5809157369,60.2611753107,nils_r
S0043_R07,S0043,50,True,72.6246481602,22.7525281906,True,105.2953108289,11.2493929863,True,True,True,-32.6706626687,31.0276520498,nils_r
S0043_R08,S0043,50,True,65.2214377191,24.2562000751,True,389.1619861029,10.0143289566,True,True,True,-323.9405483838,83.2405424866,nils_r
S0043_R09,S0043,50,True,66.0956789931,13.6446952820,True,59.7868325747,10.1589696407,True,True,True,6.3088464184,-10.5522339062,feasibility_aware_alns
S0043_R10,S0043,50,True,551.2762347431,10.1551487446,True,206.6230319065,12.5206062794,True,True,True,344.6532028366,-166.8028968777,feasibility_aware_alns
S0044_R01,S0044,50,True,233.1424123026,6.0747368336,True,401.8233868075,10.0073356628,True,True,True,-168.6809745049,41.9788842668,nils_r
S0044_R02,S0044,50,True,263.1733620816,6.1442565918,True,402.3686962247,10.0077440739,True,True,True,-139.1953341431,34.5939769791,nils_r
S0044_R03,S0044,50,True,227.6475397592,7.6123299599,True,258.3069746237,10.0110473633,True,True,True,-30.6594348645,11.8693794115,nils_r
S0044_R04,S0044,50,True,289.2342684245,8.6509160995,True,421.3969811009,10.0120768547,True,True,True,-132.1627126764,31.3629946591,nils_r
S0044_R05,S0044,50,True,447.2453840908,10.1094405651,True,323.7314091826,10.0106892586,True,True,True,123.5139749082,-38.1532256076,feasibility_aware_alns
S0044_R06,S0044,50,True,202.8344514046,8.2728414536,True,371.4550629245,10.0132455826,True,True,True,-168.6206115199,45.3946192555,nils_r
S0044_R07,S0044,50,True,211.3351412155,6.4142925739,True,269.0838588000,10.0131075382,True,True,True,-57.7487175845,21.4612343684,nils_r
S0044_R08,S0044,50,True,228.5426530080,4.9571135044,True,300.6459453752,10.0136942863,True,True,True,-72.1032923672,23.9827922100,nils_r
S0044_R09,S0044,50,True,182.0849221916,4.7013795376,True,216.1655795094,10.0074820518,True,True,True,-34.0806573178,15.7659963233,nils_r
S0044_R10,S0044,50,True,193.8742900960,5.8110661507,True,329.6362954556,10.0149888992,True,True,True,-135.7620053596,41.1853934871,nils_r
S0045_R01,S0045,75,True,158219.3077012668,22.9542696476,True,55706.4361842729,10.9497168064,True,True,True,102512.8715169939,-184.0233885684,feasibility_aware_alns
S0045_R02,S0045,75,True,152471.6657981359,22.7253246307,True,52379.4733706190,10.8121781349,True,True,True,100092.1924275169,-191.0904901989,feasibility_aware_alns
S0045_R03,S0045,75,True,132355.9004137416,27.6908037663,True,87387.0037166543,11.7557182312,True,True,True,44968.8966970873,-51.4594788521,feasibility_aware_alns
S0045_R04,S0045,75,True,201590.6419488622,34.0088775158,True,87540.2945359841,11.3427200317,True,True,True,114050.3474128781,-130.2832575757,feasibility_aware_alns
S0045_R05,S0045,75,True,187187.2747731857,25.2969198227,True,78819.2583238485,10.0139305592,True,True,True,108368.0164493372,-137.4892618300,feasibility_aware_alns
S0045_R06,S0045,75,True,52865.6850694074,10.8385684490,True,61117.4253353926,11.5449314117,True,True,True,-8251.7402659852,13.5014526883,nils_r
S0045_R07,S0045,75,True,270319.5466831313,17.0336940289,True,118855.1981845945,10.2420241833,True,True,True,151464.3484985368,-127.4360320895,feasibility_aware_alns
S0045_R08,S0045,75,True,186840.1651528531,14.6067590714,True,66478.7350136168,11.9402356148,True,True,True,120361.4301392363,-181.0525277212,feasibility_aware_alns
S0045_R09,S0045,75,True,74496.6338455810,11.4638669491,True,119939.6777995291,10.9102523327,True,True,True,-45443.0439539481,37.8882491496,nils_r
S0045_R10,S0045,75,True,164312.8659053635,33.1069467068,True,92770.3343820007,11.8847212791,True,True,True,71542.5315233628,-77.1178976555,feasibility_aware_alns
S0046_R01,S0046,75,True,11920.6832293850,9.8762314320,True,19476.2220280427,14.2565062046,True,True,True,-7555.5387986577,38.7936571465,nils_r
S0046_R02,S0046,75,True,15918.3065764949,14.7820208073,True,18973.9927838559,12.2489902973,True,True,True,-3055.6862073610,16.1046029804,nils_r
S0046_R03,S0046,75,True,9692.6449442784,10.4902482033,True,16161.2071059919,10.8713841438,True,True,True,-6468.5621617135,40.0252414271,nils_r
S0046_R04,S0046,75,True,17712.5520928929,14.0903332233,True,20504.0398992979,11.1465048790,True,True,True,-2791.4878064050,13.6143307373,nils_r
S0046_R05,S0046,75,True,48861.1270452387,23.4596028328,True,21129.4583530134,12.0544612408,True,True,True,27731.6686922253,-131.2464722422,feasibility_aware_alns
S0046_R06,S0046,75,True,25994.4467789148,28.8220996857,True,19625.5830134534,17.3482792377,True,True,True,6368.8637654614,-32.4518449266,feasibility_aware_alns
S0046_R07,S0046,75,True,24045.6886734708,39.9567918777,True,9812.2529637545,12.0750329494,True,True,True,14233.4357097163,-145.0577738089,feasibility_aware_alns
S0046_R08,S0046,75,True,46624.5001089246,21.5325024128,True,26707.2715998948,11.4548926353,True,True,True,19917.2285090298,-74.5760510748,feasibility_aware_alns
S0046_R09,S0046,75,True,34760.7888572124,38.3112440109,True,25319.4901584906,14.2586698532,True,True,True,9441.2986987218,-37.2886603941,feasibility_aware_alns
S0046_R10,S0046,75,True,38907.4415818135,44.8788182735,True,21793.6306295964,13.2835853100,True,True,True,17113.8109522171,-78.5266633315,feasibility_aware_alns
S0047_R01,S0047,75,True,7468.7142275650,18.1018598080,True,9726.7018032269,12.4727330208,True,True,True,-2257.9875756619,23.2143189063,nils_r
S0047_R02,S0047,75,True,4577.1790230986,13.3744993210,True,9439.5073831012,13.7790212631,True,True,True,-4862.3283600026,51.5104036966,nils_r
S0047_R03,S0047,75,True,19593.9496583808,45.6777803898,True,11633.9736921082,10.8572986126,True,True,True,7959.9759662726,-68.4200959787,feasibility_aware_alns
S0047_R04,S0047,75,True,13066.3910017414,9.1247229576,True,21744.6099234246,12.4682617188,True,True,True,-8678.2189216832,39.9097475294,nils_r
S0047_R05,S0047,75,True,24440.6724396013,34.0910954475,True,28517.1483097535,10.9016497135,True,True,True,-4076.4758701522,14.2948229812,nils_r
S0047_R06,S0047,75,True,23890.0051635446,59.6004786491,True,27183.5093717646,12.4271719456,True,True,True,-3293.5042082200,12.1158168476,nils_r
S0047_R07,S0047,75,True,20482.5925260835,52.1899733543,True,8081.9354370610,10.8565983772,True,True,True,12400.6570890225,-153.4367254675,feasibility_aware_alns
S0047_R08,S0047,75,True,15388.5598352545,12.2605221272,True,24421.7042072929,12.6086075306,True,True,True,-9033.1443720384,36.9881818868,nils_r
S0047_R09,S0047,75,True,11580.2129927467,11.4582190514,True,22323.9853267552,12.6895689964,True,True,True,-10743.7723340085,48.1265875100,nils_r
S0047_R10,S0047,75,True,12429.6621108586,14.0426414013,True,22931.3804042431,14.0531401634,True,True,True,-10501.7182933845,45.7962761432,nils_r
S0048_R01,S0048,75,True,2947.4476744233,44.0244109631,True,1452.5740347160,14.5488290787,True,True,True,1494.8736397073,-102.9120446862,feasibility_aware_alns
S0048_R02,S0048,75,True,756.4340744521,18.3866729736,True,1447.1651061713,12.4021768570,True,True,True,-690.7310317192,47.7299396436,nils_r
S0048_R03,S0048,75,True,1080.3795442548,4.1839628220,True,1591.7630239113,12.3736431599,True,True,True,-511.3834796565,32.1268600900,nils_r
S0048_R04,S0048,75,True,432.5177525865,25.7822101116,True,840.1793533921,12.3117644787,True,True,True,-407.6616008056,48.5207829923,nils_r
S0048_R05,S0048,75,True,2224.1363104147,47.5155107975,True,1387.1354468635,11.6963698864,True,True,True,837.0008635512,-60.3402404173,feasibility_aware_alns
S0048_R06,S0048,75,True,1120.5290110163,10.2477052212,True,1930.5275149008,12.7370710373,True,True,True,-809.9985038845,41.9573664520,nils_r
S0048_R07,S0048,75,True,1584.3142126171,24.5946428776,True,2570.5951320097,13.6703293324,True,True,True,-986.2809193926,38.3678046811,nils_r
S0048_R08,S0048,75,True,2911.4693252159,51.2892973423,True,1629.8846334669,11.0844166279,True,True,True,1281.5846917490,-78.6303929391,feasibility_aware_alns
S0048_R09,S0048,75,True,851.7832676091,3.5358064175,True,1470.3944844261,10.6969401836,True,True,True,-618.6112168170,42.0711056366,nils_r
S0048_R10,S0048,75,True,2794.6990326166,57.0570089817,True,1644.9674929330,13.2534213066,True,True,True,1149.7315396836,-69.8938759959,feasibility_aware_alns
S0049_R01,S0049,75,True,268115.5085137515,44.9575119019,True,166503.5169869844,12.6206626892,True,True,True,101611.9915267671,-61.0269340645,feasibility_aware_alns
S0049_R02,S0049,75,True,55822.6173332408,8.2910151482,True,171676.9403084164,12.9751474857,True,True,True,-115854.3229751756,67.4839164579,nils_r
S0049_R03,S0049,75,True,271548.3752091392,54.2420487404,True,276058.9939402509,12.5456681252,True,True,True,-4510.6187311117,1.6339329021,nils_r
S0049_R04,S0049,75,True,67038.5424562794,19.7992818356,True,114374.5329107848,12.2508053780,True,True,True,-47335.9904545054,41.3868273381,nils_r
S0049_R05,S0049,75,True,93899.2077239410,24.5732302666,True,125649.5688060540,11.9571580887,True,True,True,-31750.3610821130,25.2689773501,nils_r
S0049_R06,S0049,75,True,331016.5589053232,38.4708759785,True,245141.6765780580,11.7086701393,True,True,True,85874.8823272652,-35.0307151056,feasibility_aware_alns
S0049_R07,S0049,75,True,224744.6283926551,48.2059240341,True,152082.9933134817,10.8861978054,True,True,True,72661.6350791734,-47.7776202954,feasibility_aware_alns
S0049_R08,S0049,75,True,83167.5537684544,18.4697463512,True,165370.4226154168,11.5596222878,True,True,True,-82202.8688469624,49.7083260397,nils_r
S0049_R09,S0049,75,True,43880.9948262879,12.5693080425,True,123003.6919746177,10.5938622952,True,True,True,-79122.6971483298,64.3254652589,nils_r
S0049_R10,S0049,75,True,142536.3410443260,21.8648724556,True,263682.6077494817,10.8953948021,True,True,True,-121146.2667051557,45.9439732257,nils_r
S0050_R01,S0050,75,True,18354.8206675588,20.2756357193,True,51115.3610944140,12.3537714481,True,True,True,-32760.5404268552,64.0913802141,nils_r
S0050_R02,S0050,75,True,121024.3238268598,55.3090958595,True,56353.5022452976,11.7884924412,True,True,True,64670.8215815622,-114.7591879917,feasibility_aware_alns
S0050_R03,S0050,75,True,10794.0587043300,16.5968244076,True,20794.6772130513,11.6093993187,True,True,True,-10000.6185087213,48.0922036262,nils_r
S0050_R04,S0050,75,True,50422.6832902408,21.9484395981,True,90329.4304649658,10.8220801353,True,True,True,-39906.7471747250,44.1791196616,nils_r
S0050_R05,S0050,75,True,83072.8827864872,31.4485237598,True,53548.5472115981,12.6271858215,True,True,True,29524.3355748891,-55.1356425380,feasibility_aware_alns
S0050_R06,S0050,75,True,2062.4377864964,4.7651042938,True,41715.4572635903,10.8429055214,True,True,True,-39653.0194770939,95.0559386813,nils_r
S0050_R07,S0050,75,True,61494.7498817492,23.1710944176,True,118989.8085904892,12.1971509457,True,True,True,-57495.0587087400,48.3193135528,nils_r
S0050_R08,S0050,75,True,53208.2237335638,16.7092320919,True,68818.7952171705,10.8138613701,True,True,True,-15610.5714836067,22.6835872880,nils_r
S0050_R09,S0050,75,True,26639.9450968991,28.1746149063,True,56957.2453412971,12.4422032833,True,True,True,-30317.3002443980,53.2281715219,nils_r
S0050_R10,S0050,75,True,116085.1583698152,23.5197312832,True,100706.0320971163,10.9500484467,True,True,True,15379.1262726989,-15.2713059510,feasibility_aware_alns
S0051_R01,S0051,75,True,760.8854482854,33.3212258816,True,1725.4710731264,12.0295953751,True,True,True,-964.5856248410,55.9027409885,nils_r
S0051_R02,S0051,75,True,615.9585003486,21.6598591805,True,1647.9778880576,10.6827015877,True,True,True,-1032.0193877090,62.6233759074,nils_r
S0051_R03,S0051,75,True,487.8754326656,15.2234303951,True,1096.6672490771,11.4972832203,True,True,True,-608.7918164115,55.5129021063,nils_r
S0051_R04,S0051,75,True,370.5046637952,23.8382530212,True,1349.1055677900,11.3563630581,True,True,True,-978.6009039948,72.5370146977,nils_r
S0051_R05,S0051,75,True,364.4682474409,19.5111422539,True,1029.4101636205,10.7893412113,True,True,True,-664.9419161796,64.5944580381,nils_r
S0051_R06,S0051,75,True,470.9052209120,12.1984021664,True,1075.2426187032,10.7153015137,True,True,True,-604.3373977912,56.2047474011,nils_r
S0051_R07,S0051,75,True,706.3537150899,13.1472127438,True,1740.4395639122,11.8476433754,True,True,True,-1034.0858488223,59.4152115514,nils_r
S0051_R08,S0051,75,True,1553.0558485655,26.7820515633,True,1163.2477215268,11.1607623100,True,True,True,389.8081270387,-33.5103280088,feasibility_aware_alns
S0051_R09,S0051,75,True,576.9982358748,18.2953372002,True,1193.8831660529,10.9305882454,True,True,True,-616.8849301781,51.6704605374,nils_r
S0051_R10,S0051,75,True,976.3322458029,16.3387634754,True,2048.5658118875,10.7213101387,True,True,True,-1072.2335660846,52.3406941511,nils_r
S0052_R01,S0052,75,True,476.6548561113,19.2955040932,True,1293.2090444218,11.8224859238,True,True,True,-816.5541883105,63.1417010137,nils_r
S0052_R02,S0052,75,True,911.6177429316,31.0668954849,True,1500.3356271011,11.0626084805,True,True,True,-588.7178841695,39.2390791457,nils_r
S0052_R03,S0052,75,True,301.8266356234,7.7098317146,True,1283.1694773769,10.7152295113,True,True,True,-981.3428417535,76.4780380967,nils_r
S0052_R04,S0052,75,True,312.2548840789,9.6777644157,True,973.9942979597,11.4242749214,True,True,True,-661.7394138808,67.9407893113,nils_r
S0052_R05,S0052,75,True,466.3330740017,11.7350168228,True,1420.9170557935,10.7645766735,True,True,True,-954.5839817918,67.1808377484,nils_r
S0052_R06,S0052,75,True,298.5818928642,9.7419383526,True,1007.6354586675,10.6710951328,True,True,True,-709.0535658033,70.3680641351,nils_r
S0052_R07,S0052,75,True,529.6601403796,8.1618821621,True,1301.0827723526,10.8444259167,True,True,True,-771.4226319730,59.2908190290,nils_r
S0052_R08,S0052,75,True,721.4019808034,22.0559132099,True,1350.8896435993,11.6243262291,True,True,True,-629.4876627959,46.5980078964,nils_r
S0052_R09,S0052,75,True,288.7433490044,9.5900292397,True,835.7204272084,10.9682507515,True,True,True,-546.9770782040,65.4497676970,nils_r
S0052_R10,S0052,75,True,268.2897265809,10.1519036293,True,1544.0542984542,10.8668501377,True,True,True,-1275.7645718733,82.6243334286,nils_r
S0053_R01,S0053,75,True,1547.5169314723,12.6294529438,True,16640.2623818723,11.3973925114,True,True,True,-15092.7454504000,90.7001650818,nils_r
S0053_R02,S0053,75,True,9843.2577795905,30.3890109062,True,22531.4271786803,10.8791260719,True,True,True,-12688.1693990898,56.3132077630,nils_r
S0053_R03,S0053,75,True,395.1160158395,12.1380000114,True,16896.0339861560,11.0560178757,True,True,True,-16500.9179703165,97.6614866177,nils_r
S0053_R04,S0053,75,True,464.3722907094,8.5324327946,True,17023.9898600459,10.6738736629,True,True,True,-16559.6175693365,97.2722476075,nils_r
S0053_R05,S0053,75,True,6016.8344157260,27.2676665783,True,13348.2322518618,11.1515140533,True,True,True,-7331.3978361358,54.9241105324,nils_r
S0053_R06,S0053,75,True,4937.2230061151,23.6020240784,True,20380.7854515690,10.8391306400,True,True,True,-15443.5624454539,75.7751092673,nils_r
S0053_R07,S0053,75,True,597.8254303014,9.5847232342,True,12610.1972283685,10.7058963776,True,True,True,-12012.3717980671,95.2591904831,nils_r
S0053_R08,S0053,75,True,10656.7321381113,23.7186577320,True,22481.3128018412,11.0665864944,True,True,True,-11824.5806637299,52.5973761762,nils_r
S0053_R09,S0053,75,True,12579.1729986856,25.4142546654,True,21521.7146919860,10.7516810894,True,True,True,-8942.5416933004,41.5512510099,nils_r
S0053_R10,S0053,75,True,811.3554937674,10.0569930077,True,11997.7058016525,10.6803524494,True,True,True,-11186.3503078851,93.2374113253,nils_r
S0054_R01,S0054,100,True,236077.9931689122,63.3642013073,True,66844.7086393209,13.2807483673,True,True,True,169233.2845295913,-253.1737933704,feasibility_aware_alns
S0054_R02,S0054,100,True,221847.9786966735,46.0380835533,True,100644.3102629358,12.6220560074,True,True,True,121203.6684337377,-120.4277401446,feasibility_aware_alns
S0054_R03,S0054,100,True,226203.3329331785,63.0231235027,True,135573.9679754475,13.1667182446,True,True,True,90629.3649577310,-66.8486482406,feasibility_aware_alns
S0054_R04,S0054,100,True,174656.9013257936,34.5757157803,True,116737.4395047090,12.4671289921,True,True,True,57919.4618210846,-49.6151552294,feasibility_aware_alns
S0054_R05,S0054,100,True,83606.8395742471,23.8295645714,True,247579.4342465621,11.8374633789,True,True,True,-163972.5946723150,66.2302970242,nils_r
S0054_R06,S0054,100,True,278643.9371134834,44.6203396320,True,160160.2720818428,12.1321494579,True,True,True,118483.6650316406,-73.9781866574,feasibility_aware_alns
S0054_R07,S0054,100,True,143786.4055192665,33.2944192886,True,179619.6805834910,12.6110355854,True,True,True,-35833.2750642245,19.9495261031,nils_r
S0054_R08,S0054,100,True,279294.0480845832,39.0764753819,True,141812.9455689714,12.5304903984,True,True,True,137481.1025156118,-96.9453824995,feasibility_aware_alns
S0054_R09,S0054,100,True,169160.6181826429,43.2550437450,True,177663.5191176564,11.7265205383,True,True,True,-8502.9009350135,4.7859577347,nils_r
S0054_R10,S0054,100,True,205837.3860820253,36.0923447609,True,133597.3758614938,12.6539571285,True,True,True,72240.0102205315,-54.0729260247,feasibility_aware_alns
S0055_R01,S0055,100,True,34226.0883381136,89.0200815201,True,19369.3766282978,14.8410642147,True,True,True,14856.7117098158,-76.7020642684,feasibility_aware_alns
S0055_R02,S0055,100,True,29153.6805589645,58.0931847095,True,20596.5078439415,12.9648795128,True,True,True,8557.1727150230,-41.5467164621,feasibility_aware_alns
S0055_R03,S0055,100,True,51273.8527673941,82.1960470676,True,25659.0484446516,13.5188949108,True,True,True,25614.8043227425,-99.8275691244,feasibility_aware_alns
S0055_R04,S0055,100,True,32036.4987216095,61.2567431927,True,33523.4637542664,14.4539775848,True,True,True,-1486.9650326569,4.4355948525,nils_r
S0055_R05,S0055,100,True,72251.9433374531,118.5554306507,True,41261.5085593949,19.2471833229,True,True,True,30990.4347780582,-75.1073721249,feasibility_aware_alns
S0055_R06,S0055,100,True,22124.0583470557,82.2694902420,True,28225.3515387183,16.0863404274,True,True,True,-6101.2931916626,21.6163585537,nils_r
S0055_R07,S0055,100,True,32496.0857688280,58.8654086590,True,30874.7450425764,15.9066934586,True,True,True,1621.3407262516,-5.2513493602,feasibility_aware_alns
S0055_R08,S0055,100,True,46188.0875443528,46.1683640480,True,34907.2067754888,12.2804567814,True,True,True,11280.8807688640,-32.3167672550,feasibility_aware_alns
S0055_R09,S0055,100,True,63006.3035488758,96.9242234230,True,37329.8092314313,16.3327393532,True,True,True,25676.4943174445,-68.7828168589,feasibility_aware_alns
S0055_R10,S0055,100,True,21632.0050332308,92.8819196224,True,33040.5241146416,13.4008162022,True,True,True,-11408.5190814108,34.5288683734,nils_r
S0056_R01,S0056,100,True,460172.4938439582,94.1753218174,True,171731.4726563884,12.0877864361,True,True,True,288441.0211875698,-167.9604889691,feasibility_aware_alns
S0056_R02,S0056,100,True,331004.4044958476,81.2006742954,True,255290.2084344106,14.9671232700,True,True,True,75714.1960614370,-29.6580885439,feasibility_aware_alns
S0056_R03,S0056,100,True,741008.3886922490,83.7039985657,True,411682.3920909148,15.6492688656,True,True,True,329325.9966013342,-79.9951620298,feasibility_aware_alns
S0056_R04,S0056,100,True,284128.0773115064,34.9024651051,True,364973.2560884344,12.0881884098,True,True,True,-80845.1787769280,22.1509870732,nils_r
S0056_R05,S0056,100,True,279958.4004741422,43.8926675320,True,307938.3872537563,16.0997574329,True,True,True,-27979.9867796141,9.0862289139,nils_r
S0056_R06,S0056,100,True,343224.3037800281,29.9849429131,True,229055.9528442044,20.5409169197,True,True,True,114168.3509358237,-49.8429966644,feasibility_aware_alns
S0056_R07,S0056,100,True,267464.7749589308,83.4033265114,True,461334.0671937764,16.9807746410,True,True,True,-193869.2922348456,42.0236236648,nils_r
S0056_R08,S0056,100,True,606587.4821994025,63.4202368259,True,345959.5815393717,14.4764153957,True,True,True,260627.9006600308,-75.3347831849,feasibility_aware_alns
S0056_R09,S0056,100,True,374762.5404128749,72.5065739155,True,326231.3137033488,12.6986949444,True,True,True,48531.2267095261,-14.8763238448,feasibility_aware_alns
S0056_R10,S0056,100,True,353542.6883038471,56.1304624081,True,290948.8714989237,12.5122463703,True,True,True,62593.8168049234,-21.5136826214,feasibility_aware_alns
S0057_R01,S0057,100,True,150815.1931604530,53.0921163559,True,117162.6332951364,13.3921978474,True,True,True,33652.5598653166,-28.7229459759,feasibility_aware_alns
S0057_R02,S0057,100,True,140259.4591955456,43.9404313564,True,138522.4667570119,15.2820258141,True,True,True,1736.9924385337,-1.2539427569,feasibility_aware_alns
S0057_R03,S0057,100,True,317303.5860662905,72.1881763935,True,149383.8927814476,11.6219196320,True,True,True,167919.6932848429,-112.4081654041,feasibility_aware_alns
S0057_R04,S0057,100,True,346299.0431357998,55.2473216057,True,116226.8330046508,12.3595082760,True,True,True,230072.2101311490,-197.9510274722,feasibility_aware_alns
S0057_R05,S0057,100,True,211519.0807994145,45.1423964500,True,135041.1302790004,12.0873570442,True,True,True,76477.9505204141,-56.6330793903,feasibility_aware_alns
S0057_R06,S0057,100,True,246662.6117382686,33.6472139359,True,152987.9008109898,12.5581533909,True,True,True,93674.7109272788,-61.2301433190,feasibility_aware_alns
S0057_R07,S0057,100,True,191532.6383222684,45.2126343250,True,93591.0007934479,12.0952212811,True,True,True,97941.6375288205,-104.6485631081,feasibility_aware_alns
S0057_R08,S0057,100,True,207867.5577448802,67.0676608086,True,212661.5424864900,17.6933937073,True,True,True,-4793.9847416098,2.2542791167,nils_r
S0057_R09,S0057,100,True,156762.1269269588,49.2851352692,True,97413.7279069263,13.2790904045,True,True,True,59348.3990200325,-60.9240610078,feasibility_aware_alns
S0057_R10,S0057,100,True,263754.5570078575,53.2853922844,True,173205.6160889086,13.0846240520,True,True,True,90548.9409189489,-52.2782938357,feasibility_aware_alns
S0058_R01,S0058,100,True,51235.5543379259,36.5372271538,True,47539.6053865552,13.2943739891,True,True,True,3695.9489513707,-7.7744628322,feasibility_aware_alns
S0058_R02,S0058,100,True,43866.3727146965,39.4557979107,True,39091.9800982683,12.8184010983,True,True,True,4774.3926164282,-12.2132278908,feasibility_aware_alns
S0058_R03,S0058,100,True,36390.3821003287,57.0999200344,True,19318.7289385637,12.6487388611,True,True,True,17071.6531617650,-88.3684077563,feasibility_aware_alns
S0058_R04,S0058,100,True,28268.1411987764,33.3539202213,True,41548.7447875071,12.2708060741,True,True,True,-13280.6035887307,31.9639104783,nils_r
S0058_R05,S0058,100,True,75588.4116099937,49.6816732883,True,38117.0079861580,12.1885721684,True,True,True,37471.4036238357,-98.3062564550,feasibility_aware_alns
S0058_R06,S0058,100,True,39948.8529134700,27.8460290432,True,38118.3810617370,13.4146630764,True,True,True,1830.4718517330,-4.8020713387,feasibility_aware_alns
S0058_R07,S0058,100,True,42428.1069840112,42.6925787926,True,34334.5225104098,13.7713780403,True,True,True,8093.5844736014,-23.5727305401,feasibility_aware_alns
S0058_R08,S0058,100,True,66575.8691220807,30.6134939194,True,60915.0627302659,12.0621163845,True,True,True,5660.8063918148,-9.2929501146,feasibility_aware_alns
S0058_R09,S0058,100,True,51719.9215559935,41.5688560009,True,28319.9795109010,13.1390607357,True,True,True,23399.9420450925,-82.6269737804,feasibility_aware_alns
S0058_R10,S0058,100,True,17387.4291423928,15.4605481625,True,28211.6969553330,11.7357597351,True,True,True,-10824.2678129402,38.3680139131,nils_r
S0059_R01,S0059,100,True,5494.1767419708,62.3609850407,True,2860.5687460645,12.4514157772,True,True,True,2633.6079959063,-92.0658872306,feasibility_aware_alns
S0059_R02,S0059,100,True,4528.0312004209,25.5152735710,True,2315.5245753464,12.3532569408,True,True,True,2212.5066250745,-95.5509886888,feasibility_aware_alns
S0059_R03,S0059,100,True,5467.7370190846,43.7361638546,True,4341.7240030894,11.8698904514,True,True,True,1126.0130159952,-25.9346981797,feasibility_aware_alns
S0059_R04,S0059,100,True,4263.7919844228,51.8914716244,True,2424.2165640271,11.9427101612,True,True,True,1839.5754203957,-75.8832955641,feasibility_aware_alns
S0059_R05,S0059,100,True,4747.4665815339,39.0849573612,True,1921.6649353291,12.0668430328,True,True,True,2825.8016462048,-147.0496544040,feasibility_aware_alns
S0059_R06,S0059,100,True,4634.0165738048,32.1712229252,True,3128.3145363130,13.4812262058,True,True,True,1505.7020374918,-48.1314145369,feasibility_aware_alns
S0059_R07,S0059,100,True,5024.7270029647,43.4924731255,True,3135.3555430069,12.7761797905,True,True,True,1889.3714599578,-60.2601980554,feasibility_aware_alns
S0059_R08,S0059,100,True,5006.1855180151,50.1496210098,True,2580.5373008835,12.8422980309,True,True,True,2425.6482171316,-93.9977971371,feasibility_aware_alns
S0059_R09,S0059,100,True,5696.7587411520,53.6949286461,True,2109.6496495662,12.5300929546,True,True,True,3587.1090915858,-170.0334030498,feasibility_aware_alns
S0059_R10,S0059,100,True,5663.4355754224,53.6060771942,True,2197.4333916970,12.1267960072,True,True,True,3466.0021837254,-157.7295674500,feasibility_aware_alns
S0060_R01,S0060,100,True,5172.3982603621,45.4462347031,True,2710.0379540169,12.2310173512,True,True,True,2462.3603063452,-90.8607314040,feasibility_aware_alns
S0060_R02,S0060,100,True,3611.7810565152,41.1839411259,True,2579.1933293999,12.3072721958,True,True,True,1032.5877271153,-40.0352976780,feasibility_aware_alns
S0060_R03,S0060,100,True,5073.5184828590,42.8292388916,True,1698.3725966582,12.0445890427,True,True,True,3375.1458862008,-198.7282350670,feasibility_aware_alns
S0060_R04,S0060,100,True,4031.6317676370,39.1541585922,True,1696.8108125054,12.0480692387,True,True,True,2334.8209551316,-137.6005467389,feasibility_aware_alns
S0060_R05,S0060,100,True,5188.9917990526,46.2821879387,True,2333.1484990847,12.6322214603,True,True,True,2855.8432999679,-122.4029803970,feasibility_aware_alns
S0060_R06,S0060,100,True,4399.6102051752,46.9395158291,True,2565.4109138988,12.0757207870,True,True,True,1834.1992912764,-71.4972904083,feasibility_aware_alns
S0060_R07,S0060,100,True,5531.5003422760,56.0894935131,True,2578.2890641678,12.3539242744,True,True,True,2953.2112781082,-114.5415120109,feasibility_aware_alns
S0060_R08,S0060,100,True,5417.3693850320,40.8294003010,True,1871.0045304487,11.7448310852,True,True,True,3546.3648545833,-189.5433600972,feasibility_aware_alns
S0060_R09,S0060,100,True,5235.3566618383,48.7316834927,True,2408.3084205254,11.9334464073,True,True,True,2827.0482413129,-117.3873004478,feasibility_aware_alns
S0060_R10,S0060,100,True,6226.8706960634,37.3102080822,True,2776.5200167671,11.8891496658,True,True,True,3450.3506792963,-124.2688926592,feasibility_aware_alns
S0061_R01,S0061,100,True,415024.7354316018,45.2513754368,True,246663.5786369896,12.3549015522,True,True,True,168361.1567946122,-68.2553775166,feasibility_aware_alns
S0061_R02,S0061,100,True,255563.2305325681,47.8903355598,True,325743.6355854007,11.9321904182,True,True,True,-70180.4050528326,21.5446742119,nils_r
S0061_R03,S0061,100,True,424685.7387922999,46.9157946110,True,429627.3464400937,11.7223877907,True,True,True,-4941.6076477938,1.1502078927,nils_r
S0061_R04,S0061,100,True,478244.2704662993,37.2489187717,True,413369.7185930203,11.5955438614,True,True,True,64874.5518732790,-15.6940745670,feasibility_aware_alns
S0061_R05,S0061,100,True,501689.9369564243,44.6350059509,True,275381.2915825909,11.9231586456,True,True,True,226308.6453738334,-82.1801089222,feasibility_aware_alns
S0061_R06,S0061,100,True,445822.0342765706,40.9651637077,True,243744.6180556885,11.9622159004,True,True,True,202077.4162208821,-82.9053859046,feasibility_aware_alns
S0061_R07,S0061,100,True,488941.9023627607,48.3912241459,True,300654.8270900265,12.3924293518,True,True,True,188287.0752727342,-62.6256618246,feasibility_aware_alns
S0061_R08,S0061,100,True,579843.4706979273,29.9448316097,True,364847.0734879621,11.8747994900,True,True,True,214996.3972099652,-58.9278119061,feasibility_aware_alns
S0061_R09,S0061,100,True,392904.0317397427,46.7950141430,True,270098.6765864413,12.3703777790,True,True,True,122805.3551533014,-45.4668481554,feasibility_aware_alns
S0061_R10,S0061,100,True,431879.0969827881,41.2763023376,True,265627.6442846852,12.5778734684,True,True,True,166251.4526981029,-62.5881591300,feasibility_aware_alns
S0062_R01,S0062,100,True,239677.0152026003,33.7952456474,True,123321.3290596742,12.6457276344,True,True,True,116355.6861429261,-94.3516316522,feasibility_aware_alns
S0062_R02,S0062,100,True,147650.5222117761,22.0857973099,True,110966.3875755450,11.7292411327,True,True,True,36684.1346362311,-33.0587806251,feasibility_aware_alns
S0062_R03,S0062,100,True,270927.4477178903,22.1794512272,True,242602.8851229259,11.8126890659,True,True,True,28324.5625949644,-11.6752785444,feasibility_aware_alns
S0062_R04,S0062,100,True,290903.7347425726,38.6663413048,True,96521.7937282951,11.6988914013,True,True,True,194381.9410142775,-201.3865817304,feasibility_aware_alns
S0062_R05,S0062,100,True,254827.9645598941,31.1795122623,True,86823.7131205962,11.9559388161,True,True,True,168004.2514392979,-193.5004221784,feasibility_aware_alns
S0062_R06,S0062,100,True,135481.0335729872,16.1548316479,True,171036.1049115734,11.8396091461,True,True,True,-35555.0713385862,20.7880501938,nils_r
S0062_R07,S0062,100,True,112050.2977364102,30.1974127293,True,149024.5900023321,12.3376784325,True,True,True,-36974.2922659219,24.8108666263,nils_r
S0062_R08,S0062,100,True,190211.5456750728,33.4607214928,True,114258.0013115455,11.9947137833,True,True,True,75953.5443635273,-66.4754708569,feasibility_aware_alns
S0062_R09,S0062,100,True,123397.8289501782,16.9937746525,True,135328.2965415904,12.2779355049,True,True,True,-11930.4675914122,8.8159445558,nils_r
S0062_R10,S0062,100,True,184948.5345071947,22.9836606979,True,236600.9760010756,12.3895993233,True,True,True,-51652.4414938809,21.8310348363,nils_r
S0063_R01,S0063,100,True,6770.5593043745,38.3804495335,True,3211.7882595109,11.8347089291,True,True,True,3558.7710448636,-110.8034140895,feasibility_aware_alns
S0063_R02,S0063,100,True,4683.3782750951,47.6976010799,True,2426.3163324810,11.8502960205,True,True,True,2257.0619426141,-93.0242241046,feasibility_aware_alns
S0063_R03,S0063,100,True,3495.7110598392,32.3554167747,True,1629.5210672310,11.6982748508,True,True,True,1866.1899926082,-114.5238334218,feasibility_aware_alns
S0063_R04,S0063,100,True,3814.4177367841,48.0947816372,True,1479.2557931300,11.2224049568,True,True,True,2335.1619436541,-157.8605914203,feasibility_aware_alns
S0063_R05,S0063,100,True,4345.1540929816,38.5496912003,True,2585.3303490172,11.7579011917,True,True,True,1759.8237439644,-68.0695890424,feasibility_aware_alns
S0063_R06,S0063,100,True,6370.6132091451,39.1250312328,True,2874.4238995776,12.3051371574,True,True,True,3496.1893095675,-121.6309574270,feasibility_aware_alns
S0063_R07,S0063,100,True,4964.5713715760,40.9815740585,True,2313.6494629699,11.3508405685,True,True,True,2650.9219086061,-114.5775084357,feasibility_aware_alns
S0063_R08,S0063,100,True,4768.5266174527,46.5489008427,True,2481.4487507973,11.7741532326,True,True,True,2287.0778666554,-92.1670401583,feasibility_aware_alns
S0063_R09,S0063,100,True,4647.7187400039,38.5010960102,True,3372.4296020515,11.7759985924,True,True,True,1275.2891379524,-37.8151448195,feasibility_aware_alns
S0063_R10,S0063,100,True,4989.5081699217,41.1354007721,True,1272.3587164321,11.5085310936,True,True,True,3717.1494534896,-292.1463424963,feasibility_aware_alns
S0064_R01,S0064,100,True,206875.3548736710,83.6849918365,True,163944.2628540181,13.5389840603,True,True,True,42931.0920196529,-26.1863948590,feasibility_aware_alns
S0064_R02,S0064,100,True,265832.0059038221,66.5696878433,True,242116.8838626572,16.5242063999,True,True,True,23715.1220411649,-9.7949063538,feasibility_aware_alns
S0064_R03,S0064,100,True,205583.4476655374,121.7166471481,True,154299.9578616411,16.9437291622,True,True,True,51283.4898038963,-33.2362305957,feasibility_aware_alns
S0064_R04,S0064,100,True,168022.7428338538,80.4608504772,True,165916.9014161689,15.2578482628,True,True,True,2105.8414176849,-1.2692145283,feasibility_aware_alns
S0064_R05,S0064,100,True,162256.0532573017,40.2521111965,True,159513.1207677685,17.6906576157,True,True,True,2742.9324895332,-1.7195654353,feasibility_aware_alns
S0064_R06,S0064,100,True,157656.1770227965,61.0801906586,True,185942.2801575303,18.7816016674,True,True,True,-28286.1031347338,15.2123030388,nils_r
S0064_R07,S0064,100,True,130758.6825344385,83.8476960659,True,162918.7216988827,17.3434004784,True,True,True,-32160.0391644442,19.7399284926,nils_r
S0064_R08,S0064,100,True,144096.5505306802,50.8208630085,True,194189.1060421031,11.9994533062,True,True,True,-50092.5555114229,25.7957598819,nils_r
S0064_R09,S0064,100,True,127409.2338380939,61.2624342442,True,189221.3597400018,16.4268677235,True,True,True,-61812.1259019079,32.6665689259,nils_r
S0064_R10,S0064,100,True,149553.6228965418,62.6150095463,True,143874.3757963825,14.0446815491,True,True,True,5679.2471001593,-3.9473652405,feasibility_aware_alns
S0065_R01,S0065,100,True,135428.1846202906,50.1265561581,True,283204.0996768076,19.9345207214,True,True,True,-147775.9150565170,52.1800055950,nils_r
S0065_R02,S0065,100,True,31761.8843892925,36.8662362099,True,275386.8518612406,19.0066778660,True,True,True,-243624.9674719481,88.4664484979,nils_r
S0065_R03,S0065,100,True,257119.3692774596,75.2850654125,True,474106.0912876172,19.8214392662,True,True,True,-216986.7220101576,45.7675457029,nils_r
S0065_R04,S0065,100,True,243738.2259918466,71.3588380814,True,363981.1859886523,17.2234218121,True,True,True,-120242.9599968057,33.0354877190,nils_r
S0065_R05,S0065,100,True,133825.3667267459,103.2691755295,True,354623.0315286079,14.8448357582,True,True,True,-220797.6648018620,62.2626409374,nils_r
S0065_R06,S0065,100,True,112766.9400111861,76.6441650391,True,308814.5019640150,14.5425848961,True,True,True,-196047.5619528289,63.4839234252,nils_r
S0065_R07,S0065,100,True,270236.7096909196,91.3141057491,True,375741.1877829615,13.6671929359,True,True,True,-105504.4780920419,28.0790292687,nils_r
S0065_R08,S0065,100,True,125966.2620442831,66.6262280941,True,268171.2451254370,16.1909554005,True,True,True,-142204.9830811539,53.0276775255,nils_r
S0065_R09,S0065,100,True,288363.6141309463,72.0942361355,True,590240.3490391970,13.3561837673,True,True,True,-301876.7349082507,51.1447134036,nils_r
S0065_R10,S0065,100,True,144102.1124799860,74.5361478329,True,243393.9500327853,12.9039866924,True,True,True,-99291.8375527993,40.7947023907,nils_r
S0066_R01,S0066,100,True,15341.1735799022,46.7745633125,True,31387.1858023909,13.6637158394,True,True,True,-16046.0122224887,51.1228127412,nils_r
S0066_R02,S0066,100,True,27644.6295450795,67.8140144348,True,28797.3665181176,13.8989601135,True,True,True,-1152.7369730381,4.0029249630,nils_r
S0066_R03,S0066,100,True,33060.9960915575,72.9671835899,True,44896.4460804293,12.4436562061,True,True,True,-11835.4499888718,26.3616633879,nils_r
S0066_R04,S0066,100,True,13000.1885577857,47.0544230938,True,51903.4268854040,14.6837184429,True,True,True,-38903.2383276183,74.9531209442,nils_r
S0066_R05,S0066,100,True,22144.1477730624,68.5479874611,True,40729.2152991901,15.9846961498,True,True,True,-18585.0675261277,45.6308018448,nils_r
S0066_R06,S0066,100,True,16089.3553428076,47.8162305355,True,29084.7778023793,13.8586866856,True,True,True,-12995.4224595717,44.6811818466,nils_r
S0066_R07,S0066,100,True,32041.8166777001,90.7016296387,True,40337.8721096062,13.2441222668,True,True,True,-8296.0554319061,20.5664181030,nils_r
S0066_R08,S0066,100,True,26276.2532136596,79.8902332783,True,41267.2446335217,13.2869513035,True,True,True,-14990.9914198621,36.3266109792,nils_r
S0066_R09,S0066,100,True,28609.6981088426,37.1120750904,True,34795.4104286041,12.9240520000,True,True,True,-6185.7123197615,17.7773799578,nils_r
S0066_R10,S0066,100,True,25492.6596217526,46.5711297989,True,35116.6688872639,12.5362362862,True,True,True,-9624.0092655113,27.4058148750,nils_r
S0067_R01,S0067,100,True,166118.5945931615,45.8367559910,True,159845.0991393687,12.0986769199,True,True,True,6273.4954537928,-3.9247343131,feasibility_aware_alns
S0067_R02,S0067,100,True,226708.9638775289,59.0431225300,True,296478.3909298872,12.3649680614,True,True,True,-69769.4270523583,23.5327191414,nils_r
S0067_R03,S0067,100,True,321572.1959762435,39.9206674099,True,307270.7771902067,12.9035291672,True,True,True,14301.4187860368,-4.6543374273,feasibility_aware_alns
S0067_R04,S0067,100,True,173420.3678077677,38.6813702583,True,384295.9177921590,11.9622387886,True,True,True,-210875.5499843913,54.8732214477,nils_r
S0067_R05,S0067,100,True,342587.3664013972,49.3468742371,True,234702.2105790803,13.4268612862,True,True,True,107885.1558223169,-45.9668256026,feasibility_aware_alns
S0067_R06,S0067,100,True,171977.2759195867,54.6528191566,True,335932.5058394378,11.9715247154,True,True,True,-163955.2299198511,48.8060033101,nils_r
S0067_R07,S0067,100,True,253996.3108415770,54.9103636742,True,299980.8622539907,12.1504874229,True,True,True,-45984.5514124137,15.3291616895,nils_r
S0067_R08,S0067,100,True,289770.6586387611,42.7239687443,True,231563.0086846504,11.8780944347,True,True,True,58207.6499541107,-25.1368516434,feasibility_aware_alns
S0067_R09,S0067,100,True,258667.1815366940,54.3441557884,True,410306.3652342852,11.8371868134,True,True,True,-151639.1836975912,36.9575508805,nils_r
S0067_R10,S0067,100,True,351663.3317180088,45.4913961887,True,224364.6186248632,11.9964723587,True,True,True,127298.7130931456,-56.7374276182,feasibility_aware_alns
S0068_R01,S0068,100,True,107771.4024038259,40.3280565739,True,299979.1125699892,12.1878640652,True,True,True,-192207.7101661633,64.0736978383,nils_r
S0068_R02,S0068,100,True,212783.1272113695,41.3930311203,True,311962.7012836200,11.9371776581,True,True,True,-99179.5740722505,31.7921256817,nils_r
S0068_R03,S0068,100,True,231110.2623330723,34.0477898121,True,388822.6036148477,11.5736763477,True,True,True,-157712.3412817754,40.5615156669,nils_r
S0068_R04,S0068,100,True,137708.2411038590,43.1034996510,True,399146.0659183582,12.0288085938,True,True,True,-261437.8248144992,65.4992863860,nils_r
S0068_R05,S0068,100,True,259427.0805476647,47.0111913681,True,230681.9732719003,12.6301112175,True,True,True,28745.1072757644,-12.4609248257,feasibility_aware_alns
S0068_R06,S0068,100,True,92128.6667120126,43.3428175449,True,217624.2677726705,12.4143674374,True,True,True,-125495.6010606579,57.6661795787,nils_r
S0068_R07,S0068,100,True,162129.4877151171,41.6608390808,True,282058.9085664563,11.8594751358,True,True,True,-119929.4208513392,42.5192813306,nils_r
S0068_R08,S0068,100,True,111544.5895110573,41.8355138302,True,234127.9005753819,11.7717287540,True,True,True,-122583.3110643246,52.3574126634,nils_r
S0068_R09,S0068,100,True,202658.8501911728,42.8228116035,True,342546.6169519104,11.7102527618,True,True,True,-139887.7667607376,40.8375852623,nils_r
S0068_R10,S0068,100,True,159962.5610280081,34.3785691261,True,291978.4919239466,13.2370936871,True,True,True,-132015.9308959385,45.2142656214,nils_r
S0069_R01,S0069,100,True,4142.4476358552,51.7247104645,True,2763.4881817525,11.8854322433,True,True,True,1378.9594541027,-49.8992347139,feasibility_aware_alns
S0069_R02,S0069,100,True,2696.9477050904,39.6456582546,True,2641.3034006219,15.8453474045,True,True,True,55.6443044685,-2.1066987024,feasibility_aware_alns
S0069_R03,S0069,100,True,3799.3726470085,41.0567724705,True,2011.9670320660,11.8382978439,True,True,True,1787.4056149425,-88.8387128842,feasibility_aware_alns
S0069_R04,S0069,100,True,3157.5224118283,53.1724195480,True,1955.3333645123,12.2511513233,True,True,True,1202.1890473160,-61.4825619577,feasibility_aware_alns
S0069_R05,S0069,100,True,3136.5308725556,44.7608842850,True,2640.6417713294,12.6333141327,True,True,True,495.8891012262,-18.7791129645,feasibility_aware_alns
S0069_R06,S0069,100,True,2946.3811957947,51.5244314671,True,2469.6170596276,12.0465216637,True,True,True,476.7641361671,-19.3051847576,feasibility_aware_alns
S0069_R07,S0069,100,True,2623.9181737105,39.8453407288,True,1733.8478826424,12.4104955196,True,True,True,890.0702910681,-51.3349700385,feasibility_aware_alns
S0069_R08,S0069,100,True,1735.1573398185,39.7859771252,True,2045.5787966819,12.0065991879,True,True,True,-310.4214568634,15.1752382928,nils_r
S0069_R09,S0069,100,True,1811.8281590786,43.5247955322,True,2620.8688164939,12.1186940670,True,True,True,-809.0406574153,30.8691778972,nils_r
S0069_R10,S0069,100,True,473.8698067909,29.4457564354,True,2189.0746776882,12.6287386417,True,True,True,-1715.2048708973,78.3529629381,nils_r
S0070_R01,S0070,100,True,29586.6906226006,44.1651237011,True,27978.2183375427,12.2856066227,True,True,True,1608.4722850579,-5.7490161298,feasibility_aware_alns
S0070_R02,S0070,100,True,5235.0181916306,21.8058404922,True,34775.4801163249,13.0514411926,True,True,True,-29540.4619246943,84.9462374808,nils_r
S0070_R03,S0070,100,True,21015.8494984691,53.4512689114,True,40185.7282189613,11.6658346653,True,True,True,-19169.8787204922,47.7032010370,nils_r
S0070_R04,S0070,100,True,9383.8056591725,51.7639045715,True,15514.0472069969,11.8697035313,True,True,True,-6130.2415478244,39.5141349387,nils_r
S0070_R05,S0070,100,True,30034.9772916124,54.8570132256,True,40817.4314644864,11.9793236256,True,True,True,-10782.4541728740,26.4162976111,nils_r
S0070_R06,S0070,100,True,22374.3913015009,57.3896610737,True,28740.0620270963,12.4515366554,True,True,True,-6365.6707255954,22.1491196491,nils_r
S0070_R07,S0070,100,True,29969.7881756587,45.2656550407,True,30862.4785713313,12.3875622749,True,True,True,-892.6903956726,2.8924779765,nils_r
S0070_R08,S0070,100,True,25023.9848166205,50.5680875778,True,21120.1788657215,12.0922794342,True,True,True,3903.8059508990,-18.4837731523,feasibility_aware_alns
S0070_R09,S0070,100,True,17108.3815028256,67.3646879196,True,33052.8516076563,12.0099236965,True,True,True,-15944.4701048307,48.2393177269,nils_r
S0070_R10,S0070,100,True,18171.7217562053,36.0241777897,True,19487.3050963788,12.4632983208,True,True,True,-1315.5833401735,6.7509762569,nils_r
S0071_R01,S0071,100,True,74162.6726076312,37.5219759941,True,181424.5403752560,11.7986207008,True,True,True,-107261.8677676248,59.1220281147,nils_r
S0071_R02,S0071,100,True,132872.2545264355,42.1953928471,True,128587.6548487633,11.8572084904,True,True,True,4284.5996776722,-3.3320458972,feasibility_aware_alns
S0071_R03,S0071,100,True,44981.9623671338,19.9246766567,True,202155.0828193610,12.4921741486,True,True,True,-157173.1204522272,77.7487848736,nils_r
S0071_R04,S0071,100,True,131233.8656023435,33.6535286903,True,155965.8185615542,12.5319442749,True,True,True,-24731.9529592107,15.8572905187,nils_r
S0071_R05,S0071,100,True,58983.6924829245,35.0662529469,True,161542.3397639863,12.4985883236,True,True,True,-102558.6472810618,63.4871622083,nils_r
S0071_R06,S0071,100,True,98901.8885471059,48.2431216240,True,115244.5244940947,11.4023413658,True,True,True,-16342.6359469888,14.1808350711,nils_r
S0071_R07,S0071,100,True,112467.6761823455,49.0748324394,True,145241.2596964673,11.5014743805,True,True,True,-32773.5835141218,22.5649265110,nils_r
S0071_R08,S0071,100,True,125908.0708033670,39.8023746014,True,133684.2955032656,11.6220388412,True,True,True,-7776.2246998986,5.8168572985,nils_r
S0071_R09,S0071,100,True,119062.3559865553,32.2951250076,True,181416.9515753913,11.7050893307,True,True,True,-62354.5955888360,34.3708760661,nils_r
S0071_R10,S0071,100,True,109587.1917000932,41.2986168861,True,134233.0902583867,12.0918927193,True,True,True,-24645.8985582935,18.3605238551,nils_r
S0072_R01,S0072,100,True,14747.7576238691,46.5234692097,True,30049.5051419264,11.0321757793,True,True,True,-15301.7475180573,50.9217953700,nils_r
S0072_R02,S0072,100,True,32710.1748523629,37.2228028774,True,36809.7672955264,11.1215047836,True,True,True,-4099.5924431635,11.1372408585,nils_r
S0072_R03,S0072,100,True,17142.0535119853,44.2395567894,True,27796.7016875126,11.0337178707,True,True,True,-10654.6481755273,38.3306202848,nils_r
S0072_R04,S0072,100,True,33819.6049077584,30.6647906303,True,39817.7309822704,10.9328613281,True,True,True,-5998.1260745120,15.0639575047,nils_r
S0072_R05,S0072,100,True,14324.1261182690,30.9895706177,True,27137.2531930208,11.0267279148,True,True,True,-12813.1270747518,47.2160059222,nils_r
S0072_R06,S0072,100,True,20481.9749893555,31.5010566711,True,39848.9302058270,11.1660342216,True,True,True,-19366.9552164715,48.6009413965,nils_r
S0072_R07,S0072,100,True,26594.4912826510,32.0922880173,True,51429.7681755678,11.6014995575,True,True,True,-24835.2768929168,48.2896924756,nils_r
S0072_R08,S0072,100,True,12639.5431627227,32.5718481541,True,12506.4107956852,11.2040300369,True,True,True,133.1323670375,-1.0645129863,feasibility_aware_alns
S0072_R09,S0072,100,True,12250.0129960802,35.2929556370,True,24500.9261295020,11.2894034386,True,True,True,-12250.9131334218,50.0018369455,nils_r
S0072_R10,S0072,100,True,19918.6128808089,39.5924730301,True,34804.5951866840,11.4220638275,True,True,True,-14885.9823058751,42.7701636121,nils_r
