instance_id,random_seed,method_name,scenario_id,scenario_class,n,eligible_share,eligible_share_target,number_of_drones,number_of_trucks,endurance_level,speed_ratio,spatial_pattern,launch_retrieval_time_class,priority_weight_profile,battery_slack_ratio,priority_weight_high,priority_weight_medium,priority_weight_low,depot_position,objective_total,truck_travel_cost,drone_travel_cost,waiting_sync_cost,penalty_cost,priority_tardiness_cost,high_priority_tardiness_minutes,medium_priority_tardiness_minutes,low_priority_tardiness_minutes,total_priority_tardiness_minutes,high_priority_tardiness_weighted_cost,medium_priority_tardiness_weighted_cost,low_priority_tardiness_weighted_cost,fixed_deployment_cost,makespan_minutes,truck_route_distance_km,drone_flight_distance_km,customers_served_by_truck,customers_served_by_drone,drone_service_share,number_of_drone_launches,number_of_drone_retrievals,average_customers_per_drone_sortie,average_customers_per_drone_route,total_truck_waiting_time,total_drone_waiting_time,average_synchronization_delay,maximum_synchronization_delay,delayed_rendezvous_events,average_battery_usage_ratio,maximum_battery_usage_ratio,sorties_near_endurance_limit,infeasible_battery_attempts_rejected,eligible_not_assigned_due_battery,cpu_time_seconds,iterations,improving_moves_accepted,candidate_reassignments_evaluated,final_solution_feasibility_flag,status,run_label
S0001_R01,102027,feasibility_aware_alns,S0001,n15_p0.25_d1_clustered_Elow_V1.25_Hshort_PWmoderate_B0.10,15,0.2666666666666666,0.25,1,3,low,1.25,clustered,short,moderate,0.1,20.0,5.0,1.0,peripheral,46.70221299137072,46.70221299137072,0.0,0.0,0.0,0.0,0.0,0.0,0.0,0.0,0.0,0.0,0.0,0.0,113.81099735902328,58.377766239213386,0.0,15,0,0.0,0,0,0.0,0.0,0.0,0.0,0.0,0.0,0,0.0,0.0,0,0,0,6.008115768432617,40.0,0.0,40.0,True,feasible,benchmark_feasibility_aware_alns
S0001_R02,102028,feasibility_aware_alns,S0001,n15_p0.25_d1_clustered_Elow_V1.25_Hshort_PWmoderate_B0.10,15,0.2666666666666666,0.25,1,3,low,1.25,clustered,short,moderate,0.1,20.0,5.0,1.0,peripheral,54.8605950804564,45.55841005586407,9.302185024592337,0.0,0.0,0.0,0.0,0.0,0.0,0.0,0.0,0.0,0.0,0.0,109.45958432414582,56.94801256983009,31.007283415307786,13,2,0.1333333333333333,1,1,2.0,2.0,0.0,0.0,0.0,0.0,0,0.8942434422434745,0.8942434422434745,0,0,0,8.128567218780518,40.0,0.0,40.0,True,feasible,benchmark_feasibility_aware_alns
S0001_R03,102029,feasibility_aware_alns,S0001,n15_p0.25_d1_clustered_Elow_V1.25_Hshort_PWmoderate_B0.10,15,0.2666666666666666,0.25,1,3,low,1.25,clustered,short,moderate,0.1,20.0,5.0,1.0,peripheral,138.51189987410237,41.092905492951466,8.794263687663957,0.0,88.62473069348695,88.62473069348695,4.431236534674348,0.0,0.0,4.431236534674348,88.62473069348695,0.0,0.0,0.0,95.75291946807856,51.366131866189335,29.314212292213192,11,4,0.2666666666666666,1,1,4.0,4.0,0.0,0.0,0.0,0.0,0,0.855698225726182,0.855698225726182,0,0,0,7.666522979736328,40.0,0.0,40.0,True,feasible,benchmark_feasibility_aware_alns
S0001_R04,102030,feasibility_aware_alns,S0001,n15_p0.25_d1_clustered_Elow_V1.25_Hshort_PWmoderate_B0.10,15,0.2666666666666666,0.25,1,3,low,1.25,clustered,short,moderate,0.1,20.0,5.0,1.0,peripheral,47.93389622101652,47.93389622101652,0.0,0.0,0.0,0.0,0.0,0.0,0.0,0.0,0.0,0.0,0.0,0.0,115.73324165320886,59.91737027627065,0.0,15,0,0.0,0,0,0.0,0.0,0.0,0.0,0.0,0.0,0,0.0,0.0,0,0,0,7.172651529312134,40.0,1.0,40.0,True,feasible,benchmark_feasibility_aware_alns
S0001_R05,102031,feasibility_aware_alns,S0001,n15_p0.25_d1_clustered_Elow_V1.25_Hshort_PWmoderate_B0.10,15,0.2666666666666666,0.25,1,3,low,1.25,clustered,short,moderate,0.1,20.0,5.0,1.0,peripheral,768.0699736451174,49.38268988545681,8.930995822371592,0.0,709.756287937289,709.756287937289,35.48781439686445,0.0,0.0,35.48781439686445,709.756287937289,0.0,0.0,0.0,119.2477061979434,61.72836235682102,29.76998607457198,13,2,0.1333333333333333,1,1,2.0,2.0,0.0,0.0,0.0,0.0,0,0.8613318085770622,0.8613318085770622,0,0,0,6.959628820419312,40.0,0.0,40.0,True,feasible,benchmark_feasibility_aware_alns
S0001_R06,102032,feasibility_aware_alns,S0001,n15_p0.25_d1_clustered_Elow_V1.25_Hshort_PWmoderate_B0.10,15,0.2666666666666666,0.25,1,3,low,1.25,clustered,short,moderate,0.1,20.0,5.0,1.0,peripheral,52.58128662325035,43.3738977224213,9.207388900829043,0.0,0.0,0.0,0.0,0.0,0.0,0.0,0.0,0.0,0.0,0.0,101.98154441122358,54.21737215302664,30.69129633609681,12,3,0.2,1,1,3.0,3.0,0.0,0.0,0.0,0.0,0,0.896332040286006,0.896332040286006,0,0,0,6.141798257827759,40.0,0.0,40.0,True,feasible,benchmark_feasibility_aware_alns
S0001_R07,102033,feasibility_aware_alns,S0001,n15_p0.25_d1_clustered_Elow_V1.25_Hshort_PWmoderate_B0.10,15,0.2666666666666666,0.25,1,3,low,1.25,clustered,short,moderate,0.1,20.0,5.0,1.0,peripheral,58.239930528297066,49.10465660510902,9.135273923188045,0.0,0.0,0.0,0.0,0.0,0.0,0.0,0.0,0.0,0.0,0.0,116.37658822939014,61.38082075638628,30.45091307729349,12,3,0.2,1,1,3.0,3.0,0.0,0.0,0.0,0.0,0,0.879809366657788,0.879809366657788,0,0,0,6.508563041687012,40.0,0.0,40.0,True,feasible,benchmark_feasibility_aware_alns
S0001_R08,102034,feasibility_aware_alns,S0001,n15_p0.25_d1_clustered_Elow_V1.25_Hshort_PWmoderate_B0.10,15,0.2666666666666666,0.25,1,3,low,1.25,clustered,short,moderate,0.1,20.0,5.0,1.0,peripheral,364.6330978494311,49.60096015039467,8.020546019596463,0.0,307.01159167944,307.01159167944,15.350579583972,0.0,0.0,15.350579583972,307.01159167944,0.0,0.0,0.0,118.5273564184215,62.00120018799334,26.73515339865488,14,1,0.0666666666666666,1,1,1.0,1.0,0.0,0.0,0.0,0.0,0,0.7638615256758536,0.7638615256758536,0,0,0,6.105522871017456,40.0,0.0,40.0,True,feasible,benchmark_feasibility_aware_alns
S0001_R09,102035,feasibility_aware_alns,S0001,n15_p0.25_d1_clustered_Elow_V1.25_Hshort_PWmoderate_B0.10,15,0.2666666666666666,0.25,1,3,low,1.25,clustered,short,moderate,0.1,20.0,5.0,1.0,peripheral,527.0432090560558,49.51564068292242,0.0,0.0,477.5275683731334,477.5275683731334,23.87637841865667,0.0,0.0,23.87637841865667,477.5275683731334,0.0,0.0,0.0,119.90684376451836,61.894550853653016,0.0,15,0,0.0,0,0,0.0,0.0,0.0,0.0,0.0,0.0,0,0.0,0.0,0,0,0,7.476306915283203,40.0,0.0,40.0,True,feasible,benchmark_feasibility_aware_alns
S0001_R10,102036,feasibility_aware_alns,S0001,n15_p0.25_d1_clustered_Elow_V1.25_Hshort_PWmoderate_B0.10,15,0.2666666666666666,0.25,1,3,low,1.25,clustered,short,moderate,0.1,20.0,5.0,1.0,peripheral,263.09679786311284,47.42063796148293,9.143855993795972,0.0,206.53230390783392,206.53230390783392,10.326615195391696,0.0,0.0,10.326615195391696,206.53230390783392,0.0,0.0,0.0,113.38912405299388,59.27579745185366,30.47951997931991,13,2,0.1333333333333333,1,1,2.0,2.0,0.0,0.0,0.0,0.0,0,0.8933632004800406,0.8933632004800406,0,0,0,5.213138580322266,40.0,0.0,40.0,True,feasible,benchmark_feasibility_aware_alns
S0002_R01,202027,feasibility_aware_alns,S0002,n15_p0.25_d1_clustered_Elow_V1.25_Hmedium_PWstrict_B0.10,15,0.2666666666666666,0.25,1,3,low,1.25,clustered,medium,strict,0.1,200.0,40.0,1.0,peripheral,55.19722611918883,46.11351251820069,9.08371360098813,0.0,0.0,0.0,0.0,0.0,0.0,0.0,0.0,0.0,0.0,0.0,109.4049952932296,57.64189064775087,30.2790453366271,13,2,0.1333333333333333,1,1,2.0,2.0,0.0,0.0,0.0,0.0,0,0.8695401390223743,0.8695401390223743,0,0,0,6.196138858795166,40.0,0.0,40.0,True,feasible,benchmark_feasibility_aware_alns
S0002_R02,202028,feasibility_aware_alns,S0002,n15_p0.25_d1_clustered_Elow_V1.25_Hmedium_PWstrict_B0.10,15,0.2666666666666666,0.25,1,3,low,1.25,clustered,medium,strict,0.1,200.0,40.0,1.0,peripheral,4174.214860747001,51.00868457266631,9.143791632248035,0.0,4114.062384542087,4114.062384542087,20.57031192271043,0.0,0.0,20.57031192271043,4114.062384542086,0.0,0.0,0.0,121.72751399944453,63.76085571583287,30.479305440826785,13,2,0.1333333333333333,1,1,2.0,2.0,0.0,0.0,0.0,0.0,0,0.8930976341475181,0.8930976341475181,0,0,0,4.956932544708252,40.0,0.0,40.0,True,feasible,benchmark_feasibility_aware_alns
S0002_R03,202029,feasibility_aware_alns,S0002,n15_p0.25_d1_clustered_Elow_V1.25_Hmedium_PWstrict_B0.10,15,0.2666666666666666,0.25,1,3,low,1.25,clustered,medium,strict,0.1,200.0,40.0,1.0,peripheral,5150.675378608322,48.87576155929804,9.03931263958244,0.0,5092.760304409441,5092.760304409441,25.46380152204721,0.0,0.0,25.46380152204721,5092.760304409441,0.0,0.0,0.0,116.1673869238012,61.09470194912254,30.131042131941463,12,3,0.2,1,1,3.0,3.0,0.0,0.0,0.0,0.0,0,0.895262150051808,0.895262150051808,0,0,0,5.060342073440552,40.0,0.0,40.0,True,feasible,benchmark_feasibility_aware_alns
S0002_R04,202030,feasibility_aware_alns,S0002,n15_p0.25_d1_clustered_Elow_V1.25_Hmedium_PWstrict_B0.10,15,0.2666666666666666,0.25,1,3,low,1.25,clustered,medium,strict,0.1,200.0,40.0,1.0,peripheral,2735.41820466914,49.89882447995677,9.18589911696198,0.0,2676.3334810722213,2676.3334810722213,13.381667405361108,0.0,0.0,13.381667405361108,2676.3334810722213,0.0,0.0,0.0,118.01039603955584,62.37353059994596,30.6196637232066,13,2,0.1333333333333333,1,1,2.0,2.0,0.0,0.0,0.0,0.0,0,0.8973939704044098,0.8973939704044098,0,0,0,4.83027982711792,40.0,0.0,40.0,True,feasible,benchmark_feasibility_aware_alns
S0002_R05,202031,feasibility_aware_alns,S0002,n15_p0.25_d1_clustered_Elow_V1.25_Hmedium_PWstrict_B0.10,15,0.2666666666666666,0.25,1,3,low,1.25,clustered,medium,strict,0.1,200.0,40.0,1.0,peripheral,50.40531512581556,41.56492942068539,8.840385705130174,0.0,0.0,0.0,0.0,0.0,0.0,0.0,0.0,0.0,0.0,0.0,100.42737218686544,51.956161775856735,29.46795235043392,12,3,0.2,1,1,3.0,3.0,0.0,0.0,0.0,0.0,0,0.8598410985573857,0.8598410985573857,0,0,0,6.590772867202759,40.0,0.0,40.0,True,feasible,benchmark_feasibility_aware_alns
S0002_R06,202032,feasibility_aware_alns,S0002,n15_p0.25_d1_clustered_Elow_V1.25_Hmedium_PWstrict_B0.10,15,0.2666666666666666,0.25,1,3,low,1.25,clustered,medium,strict,0.1,200.0,40.0,1.0,peripheral,1325.812678414423,44.94685553883974,9.229911181108864,0.0,1271.6359116944743,1271.6359116944743,6.358179558472372,0.0,0.0,6.358179558472372,1271.6359116944743,0.0,0.0,0.0,105.92348088763232,56.18356942354969,30.766370603696217,12,3,0.2,1,1,3.0,3.0,0.0,0.0,0.0,0.0,0,0.8832772833779851,0.8832772833779851,0,0,0,5.0033228397369385,40.0,0.0,40.0,True,feasible,benchmark_feasibility_aware_alns
S0002_R07,202033,feasibility_aware_alns,S0002,n15_p0.25_d1_clustered_Elow_V1.25_Hmedium_PWstrict_B0.10,15,0.2666666666666666,0.25,1,3,low,1.25,clustered,medium,strict,0.1,200.0,40.0,1.0,peripheral,52.11198512249175,43.19321274105201,8.91877238143974,0.0,0.0,0.0,0.0,0.0,0.0,0.0,0.0,0.0,0.0,0.0,103.9012805377941,53.991515926315,29.729241271465803,12,3,0.2,1,1,3.0,3.0,0.0,0.0,0.0,0.0,0,0.869319254829543,0.869319254829543,0,0,0,4.860843181610107,40.0,0.0,40.0,True,feasible,benchmark_feasibility_aware_alns
S0002_R08,202034,feasibility_aware_alns,S0002,n15_p0.25_d1_clustered_Elow_V1.25_Hmedium_PWstrict_B0.10,15,0.2666666666666666,0.25,1,3,low,1.25,clustered,medium,strict,0.1,200.0,40.0,1.0,peripheral,1437.489880239382,46.18037232292296,0.0,0.0,1391.309507916459,1391.309507916459,6.956547539582296,0.0,0.0,6.956547539582296,1391.309507916459,0.0,0.0,0.0,110.61583293586132,57.7254654036537,0.0,15,0,0.0,0,0,0.0,0.0,0.0,0.0,0.0,0.0,0,0.0,0.0,0,0,0,4.80338978767395,40.0,1.0,40.0,True,feasible,benchmark_feasibility_aware_alns
S0002_R09,202035,feasibility_aware_alns,S0002,n15_p0.25_d1_clustered_Elow_V1.25_Hmedium_PWstrict_B0.10,15,0.2666666666666666,0.25,1,3,low,1.25,clustered,medium,strict,0.1,200.0,40.0,1.0,peripheral,53.29783531822356,44.13421075509011,9.163624563133446,0.0,0.0,0.0,0.0,0.0,0.0,0.0,0.0,0.0,0.0,0.0,105.900977313218,55.16776344386263,30.545415210444823,13,2,0.1333333333333333,1,1,2.0,2.0,0.0,0.0,0.0,0.0,0,0.889681788358338,0.889681788358338,0,0,0,4.952904939651489,40.0,0.0,40.0,True,feasible,benchmark_feasibility_aware_alns
S0002_R10,202036,feasibility_aware_alns,S0002,n15_p0.25_d1_clustered_Elow_V1.25_Hmedium_PWstrict_B0.10,15,0.2666666666666666,0.25,1,3,low,1.25,clustered,medium,strict,0.1,200.0,40.0,1.0,peripheral,3011.101919636883,46.74352026380015,8.973725828998278,0.0,2955.3846735440843,2955.3846735440843,14.77692336772042,0.0,0.0,14.77692336772042,2955.3846735440843,0.0,0.0,0.0,113.26114911905084,58.42940032975018,29.91241942999426,14,1,0.0666666666666666,1,1,1.0,1.0,0.0,0.0,0.0,0.0,0,0.8546405551426931,0.8546405551426931,0,0,0,4.696626901626587,40.0,0.0,40.0,True,feasible,benchmark_feasibility_aware_alns
S0003_R01,302027,feasibility_aware_alns,S0003,n15_p0.25_d1_uniform_Elow_V2.00_Hshort_PWflat_B0.10,15,0.2666666666666666,0.25,1,3,low,2.0,uniform,short,flat,0.1,1.0,1.0,1.0,peripheral,249.02982658047404,137.0283735553321,11.179459942602728,0.0,100.8219930825392,100.8219930825392,100.8219930825392,0.0,0.0,100.8219930825392,100.8219930825392,0.0,0.0,0.0,156.94312946998494,171.28546694416514,37.26486647534243,12,3,0.2,1,1,3.0,3.0,0.0,0.0,0.0,0.0,0,0.7329733210584165,0.7329733210584165,0,0,0,6.272380113601685,40.0,0.0,40.0,True,feasible,benchmark_feasibility_aware_alns
S0003_R02,302028,feasibility_aware_alns,S0003,n15_p0.25_d1_uniform_Elow_V2.00_Hshort_PWflat_B0.10,15,0.2666666666666666,0.25,1,3,low,2.0,uniform,short,flat,0.1,1.0,1.0,1.0,peripheral,160.6974190661904,134.92737281996702,0.0,0.0,25.77004624622338,25.77004624622338,25.77004624622338,0.0,0.0,25.77004624622338,25.77004624622338,0.0,0.0,0.0,136.22281102271864,168.65921602495874,0.0,15,0,0.0,0,0,0.0,0.0,0.0,0.0,0.0,0.0,0,0.0,0.0,0,0,0,9.017079830169678,40.0,0.0,40.0,True,feasible,benchmark_feasibility_aware_alns
S0003_R03,302029,feasibility_aware_alns,S0003,n15_p0.25_d1_uniform_Elow_V2.00_Hshort_PWflat_B0.10,15,0.2666666666666666,0.25,1,3,low,2.0,uniform,short,flat,0.1,1.0,1.0,1.0,peripheral,249.69652362826216,147.59137502317773,14.086951091834496,0.0,88.01819751324996,88.01819751324996,88.01819751324997,0.0,0.0,88.01819751324997,88.01819751324997,0.0,0.0,0.0,165.33476187402243,184.48921877897212,46.95650363944833,12,3,0.2,1,1,3.0,3.0,0.0,0.0,0.0,0.0,0,0.8864802336317359,0.8864802336317359,0,0,0,7.268167734146118,40.0,0.0,40.0,True,feasible,benchmark_feasibility_aware_alns
S0003_R04,302030,feasibility_aware_alns,S0003,n15_p0.25_d1_uniform_Elow_V2.00_Hshort_PWflat_B0.10,15,0.2666666666666666,0.25,1,3,low,2.0,uniform,short,flat,0.1,1.0,1.0,1.0,peripheral,166.93723569500895,108.76975173911116,11.138420492836632,0.0,47.02906346306114,47.02906346306114,47.02906346306114,0.0,0.0,47.02906346306114,47.02906346306114,0.0,0.0,0.0,170.2635372282595,135.96218967388893,37.12806830945544,12,3,0.2,1,1,3.0,3.0,0.0,0.0,0.0,0.0,0,0.6709730730273334,0.6709730730273334,0,0,0,6.291417360305786,40.0,0.0,40.0,True,feasible,benchmark_feasibility_aware_alns
S0003_R05,302031,feasibility_aware_alns,S0003,n15_p0.25_d1_uniform_Elow_V2.00_Hshort_PWflat_B0.10,15,0.2666666666666666,0.25,1,3,low,2.0,uniform,short,flat,0.1,1.0,1.0,1.0,peripheral,210.99449083036788,125.3680675601196,12.687905684784129,0.0,72.93851758546415,72.93851758546415,72.93851758546415,0.0,0.0,72.93851758546415,72.93851758546415,0.0,0.0,0.0,141.70764829369574,156.71008445014945,42.29301894928044,13,2,0.1333333333333333,1,1,2.0,2.0,0.0,0.0,0.0,0.0,0,0.8468839761511388,0.8468839761511388,0,0,0,6.149415731430054,40.0,0.0,40.0,True,feasible,benchmark_feasibility_aware_alns
S0003_R06,302032,feasibility_aware_alns,S0003,n15_p0.25_d1_uniform_Elow_V2.00_Hshort_PWflat_B0.10,15,0.2666666666666666,0.25,1,3,low,2.0,uniform,short,flat,0.1,1.0,1.0,1.0,peripheral,110.10697172047657,96.4565517699346,13.650419950541965,0.0,0.0,0.0,0.0,0.0,0.0,0.0,0.0,0.0,0.0,0.0,122.37560166961084,120.57068971241824,45.50139983513988,13,2,0.1333333333333333,1,1,2.0,2.0,0.0,0.0,0.0,0.0,0,0.8794304661412982,0.8794304661412982,0,0,0,6.438338041305542,40.0,0.0,40.0,True,feasible,benchmark_feasibility_aware_alns
S0003_R07,302033,feasibility_aware_alns,S0003,n15_p0.25_d1_uniform_Elow_V2.00_Hshort_PWflat_B0.10,15,0.2666666666666666,0.25,1,3,low,2.0,uniform,short,flat,0.1,1.0,1.0,1.0,peripheral,149.30047795079275,149.30047795079275,0.0,0.0,0.0,0.0,0.0,0.0,0.0,0.0,0.0,0.0,0.0,0.0,145.71404553646917,186.62559743849093,0.0,15,0,0.0,0,0,0.0,0.0,0.0,0.0,0.0,0.0,0,0.0,0.0,0,0,0,6.689680337905884,40.0,1.0,40.0,True,feasible,benchmark_feasibility_aware_alns
S0003_R08,302034,feasibility_aware_alns,S0003,n15_p0.25_d1_uniform_Elow_V2.00_Hshort_PWflat_B0.10,15,0.2666666666666666,0.25,1,3,low,2.0,uniform,short,flat,0.1,1.0,1.0,1.0,peripheral,176.3789803812805,90.575097712022,13.038822442620496,0.0,72.765060226638,72.765060226638,44.84217836334902,27.92288186328898,0.0,72.765060226638,44.84217836334902,27.92288186328898,0.0,0.0,204.65812283733368,113.21887214002751,43.46274147540166,12,3,0.2,1,1,3.0,3.0,0.0,0.0,0.0,0.0,0,0.821170506641466,0.821170506641466,0,0,0,4.40389609336853,40.0,0.0,40.0,True,feasible,benchmark_feasibility_aware_alns
S0003_R09,302035,feasibility_aware_alns,S0003,n15_p0.25_d1_uniform_Elow_V2.00_Hshort_PWflat_B0.10,15,0.2666666666666666,0.25,1,3,low,2.0,uniform,short,flat,0.1,1.0,1.0,1.0,peripheral,129.41641717915866,129.41641717915866,0.0,0.0,0.0,0.0,0.0,0.0,0.0,0.0,0.0,0.0,0.0,0.0,116.52385241549612,161.7705214739483,0.0,15,0,0.0,0,0,0.0,0.0,0.0,0.0,0.0,0.0,0,0.0,0.0,0,0,0,6.0813069343566895,40.0,0.0,40.0,True,feasible,benchmark_feasibility_aware_alns
S0003_R10,302036,feasibility_aware_alns,S0003,n15_p0.25_d1_uniform_Elow_V2.00_Hshort_PWflat_B0.10,15,0.2666666666666666,0.25,1,3,low,2.0,uniform,short,flat,0.1,1.0,1.0,1.0,peripheral,106.9941565896716,94.43238516268288,12.561771426988695,0.0,0.0,0.0,0.0,0.0,0.0,0.0,0.0,0.0,0.0,0.0,151.09523823111465,118.0404814533536,41.87257142329565,11,4,0.2666666666666666,1,1,4.0,4.0,0.0,0.0,0.0,0.0,0,0.8382077905031833,0.8382077905031833,0,0,0,6.541982650756836,40.0,0.0,40.0,True,feasible,benchmark_feasibility_aware_alns
S0004_R01,402027,feasibility_aware_alns,S0004,n15_p0.25_d1_uniform_Elow_V2.00_Hshort_PWmoderate_B0.10,15,0.2666666666666666,0.25,1,3,low,2.0,uniform,short,moderate,0.1,20.0,5.0,1.0,peripheral,178.90983491596916,117.3344163572384,12.140952792377792,0.0,49.43446576635296,49.43446576635296,2.471723288317648,0.0,0.0,2.471723288317648,49.43446576635296,0.0,0.0,0.0,136.60164316246494,146.66802044654798,40.469842641259305,11,4,0.2666666666666666,1,1,4.0,4.0,0.0,0.0,0.0,0.0,0,0.8086690076738505,0.8086690076738505,0,0,0,6.811702013015747,40.0,0.0,40.0,True,feasible,benchmark_feasibility_aware_alns
S0004_R02,402028,feasibility_aware_alns,S0004,n15_p0.25_d1_uniform_Elow_V2.00_Hshort_PWmoderate_B0.10,15,0.2666666666666666,0.25,1,3,low,2.0,uniform,short,moderate,0.1,20.0,5.0,1.0,peripheral,154.47090985194325,146.75554041780816,7.71536943413508,0.0,0.0,0.0,0.0,0.0,0.0,0.0,0.0,0.0,0.0,0.0,135.23111999604475,183.4444255222602,25.7178981137836,13,2,0.1333333333333333,1,1,2.0,2.0,0.0,0.0,0.0,0.0,0,0.4995003898904407,0.4995003898904407,0,0,0,10.00633955001831,35.0,0.0,34.0,True,feasible,benchmark_feasibility_aware_alns
S0004_R03,402029,feasibility_aware_alns,S0004,n15_p0.25_d1_uniform_Elow_V2.00_Hshort_PWmoderate_B0.10,15,0.2666666666666666,0.25,1,3,low,2.0,uniform,short,moderate,0.1,20.0,5.0,1.0,peripheral,128.98104001270178,116.49601101870682,12.485028993994966,0.0,0.0,0.0,0.0,0.0,0.0,0.0,0.0,0.0,0.0,0.0,144.90820556716156,145.6200137733835,41.61676331331656,11,4,0.2666666666666666,1,1,4.0,4.0,0.0,0.0,0.0,0.0,0,0.8142137317654512,0.8142137317654512,0,0,0,6.434334993362427,40.0,0.0,40.0,True,feasible,benchmark_feasibility_aware_alns
S0004_R04,402030,feasibility_aware_alns,S0004,n15_p0.25_d1_uniform_Elow_V2.00_Hshort_PWmoderate_B0.10,15,0.2666666666666666,0.25,1,3,low,2.0,uniform,short,moderate,0.1,20.0,5.0,1.0,peripheral,651.3876022687884,92.17091948304416,10.710891257226445,0.0,548.5057915285179,548.5057915285179,27.425289576425897,0.0,0.0,27.425289576425897,548.5057915285179,0.0,0.0,0.0,172.70059412547312,115.2136493538052,35.70297085742148,13,2,0.1333333333333333,1,1,2.0,2.0,0.0,0.0,0.0,0.0,0,0.6800726470667501,0.6800726470667501,0,0,0,4.968854188919067,40.0,0.0,40.0,True,feasible,benchmark_feasibility_aware_alns
S0004_R05,402031,feasibility_aware_alns,S0004,n15_p0.25_d1_uniform_Elow_V2.00_Hshort_PWmoderate_B0.10,15,0.2666666666666666,0.25,1,3,low,2.0,uniform,short,moderate,0.1,20.0,5.0,1.0,peripheral,846.1265709709583,136.13526467371943,14.690105677501773,0.0,695.3012006197371,695.3012006197371,34.76506003098685,0.0,0.0,34.76506003098685,695.3012006197371,0.0,0.0,0.0,159.28684056723012,170.16908084214924,48.96701892500592,13,2,0.1333333333333333,1,1,2.0,2.0,0.0,0.0,0.0,0.0,0,0.8958504106988956,0.8958504106988956,0,0,0,6.047274589538574,40.0,0.0,40.0,True,feasible,benchmark_feasibility_aware_alns
S0004_R06,402032,feasibility_aware_alns,S0004,n15_p0.25_d1_uniform_Elow_V2.00_Hshort_PWmoderate_B0.10,15,0.2666666666666666,0.25,1,3,low,2.0,uniform,short,moderate,0.1,20.0,5.0,1.0,peripheral,399.9310251178938,105.59959906671524,13.257073825800132,0.0,281.07435222537845,281.07435222537845,14.053717611268922,0.0,0.0,14.053717611268922,281.07435222537845,0.0,0.0,0.0,134.8998504696723,131.99949883339406,44.19024608600045,12,3,0.2,1,1,3.0,3.0,0.0,0.0,0.0,0.0,0,0.8725785423948296,0.8725785423948296,0,0,0,6.031199216842651,40.0,0.0,40.0,True,feasible,benchmark_feasibility_aware_alns
S0004_R07,402033,feasibility_aware_alns,S0004,n15_p0.25_d1_uniform_Elow_V2.00_Hshort_PWmoderate_B0.10,15,0.2666666666666666,0.25,1,3,low,2.0,uniform,short,moderate,0.1,20.0,5.0,1.0,peripheral,201.45064563288463,121.94385067567684,11.863227647724436,0.0,67.64356730948336,67.64356730948336,3.382178365474168,0.0,0.0,3.382178365474168,67.64356730948336,0.0,0.0,0.0,146.19211099378165,152.429813344596,39.54409215908146,12,3,0.2,1,1,3.0,3.0,0.0,0.0,0.0,0.0,0,0.7606080195975509,0.7606080195975509,0,0,0,6.745355606079102,40.0,0.0,40.0,True,feasible,benchmark_feasibility_aware_alns
S0004_R08,402034,feasibility_aware_alns,S0004,n15_p0.25_d1_uniform_Elow_V2.00_Hshort_PWmoderate_B0.10,15,0.2666666666666666,0.25,1,3,low,2.0,uniform,short,moderate,0.1,20.0,5.0,1.0,peripheral,144.42221876104006,137.73617835043507,6.686040410604996,0.0,0.0,0.0,0.0,0.0,0.0,0.0,0.0,0.0,0.0,0.0,148.24869346849843,172.1702229380438,22.28680136868332,13,2,0.1333333333333333,1,1,2.0,2.0,0.0,0.0,0.0,0.0,0,0.41984629998119,0.41984629998119,0,0,0,6.311334848403931,40.0,0.0,40.0,True,feasible,benchmark_feasibility_aware_alns
S0004_R09,402035,feasibility_aware_alns,S0004,n15_p0.25_d1_uniform_Elow_V2.00_Hshort_PWmoderate_B0.10,15,0.2666666666666666,0.25,1,3,low,2.0,uniform,short,moderate,0.1,20.0,5.0,1.0,peripheral,584.0802820626009,126.47764895042428,9.210294850359684,0.0,448.392338261817,448.392338261817,22.41961691309085,0.0,0.0,22.41961691309085,448.392338261817,0.0,0.0,0.0,153.04659592282866,158.09706118803035,30.70098283453228,13,2,0.1333333333333333,1,1,2.0,2.0,0.0,0.0,0.0,0.0,0,0.5740828488246009,0.5740828488246009,0,0,0,6.857192993164063,40.0,0.0,40.0,True,feasible,benchmark_feasibility_aware_alns
S0004_R10,402036,feasibility_aware_alns,S0004,n15_p0.25_d1_uniform_Elow_V2.00_Hshort_PWmoderate_B0.10,15,0.2666666666666666,0.25,1,3,low,2.0,uniform,short,moderate,0.1,20.0,5.0,1.0,peripheral,800.9406168513124,101.0721936358845,10.51101477077384,0.0,689.357408444654,689.357408444654,34.4678704222327,0.0,0.0,34.4678704222327,689.357408444654,0.0,0.0,0.0,140.75372401584423,126.3402420448556,35.03671590257946,12,3,0.2,1,1,3.0,3.0,0.0,0.0,0.0,0.0,0,0.6619421919855549,0.6619421919855549,0,0,0,5.643328666687012,40.0,0.0,40.0,True,feasible,benchmark_feasibility_aware_alns
S0005_R01,502027,feasibility_aware_alns,S0005,n15_p0.25_d1_uniform_Emedium_V1.25_Hshort_PWbase_B0.10,15,0.2666666666666666,0.25,1,3,medium,1.25,uniform,short,base,0.1,100.0,20.0,1.0,peripheral,4232.511862478565,130.54278716031982,12.024537442143254,0.0,4089.9445378761015,4089.9445378761015,40.899445378761015,0.0,0.0,40.899445378761015,4089.9445378761015,0.0,0.0,0.0,138.0537105268229,163.17848395039974,40.08179147381085,13,2,0.1333333333333333,1,1,2.0,2.0,0.0,0.0,0.0,0.0,0,0.8674234932706041,0.8674234932706041,0,0,0,8.109488487243652,40.0,0.0,40.0,True,feasible,benchmark_feasibility_aware_alns
S0005_R02,502028,feasibility_aware_alns,S0005,n15_p0.25_d1_uniform_Emedium_V1.25_Hshort_PWbase_B0.10,15,0.2666666666666666,0.25,1,3,medium,1.25,uniform,short,base,0.1,100.0,20.0,1.0,peripheral,2340.8763636666117,129.9141329798904,8.113084817148321,0.0,2202.849145869573,2202.849145869573,22.02849145869573,0.0,0.0,22.02849145869573,2202.849145869573,0.0,0.0,0.0,132.73719338258422,162.39266622486304,27.043616057161078,13,2,0.1333333333333333,1,1,2.0,2.0,0.0,0.0,0.0,0.0,0,0.5935114704224926,0.5935114704224926,0,0,0,7.14903450012207,40.0,0.0,40.0,True,feasible,benchmark_feasibility_aware_alns
S0005_R03,502029,feasibility_aware_alns,S0005,n15_p0.25_d1_uniform_Emedium_V1.25_Hshort_PWbase_B0.10,15,0.2666666666666666,0.25,1,3,medium,1.25,uniform,short,base,0.1,100.0,20.0,1.0,peripheral,3707.792287807313,110.1477901940962,9.519499252877692,0.0,3588.1249983603398,3588.1249983603398,35.88124998360339,0.0,0.0,35.88124998360339,3588.124998360339,0.0,0.0,0.0,154.23622346144734,137.68473774262023,31.731664176258967,12,3,0.2,1,1,3.0,3.0,0.0,0.0,0.0,0.0,0,0.6751808992294016,0.6751808992294016,0,0,0,6.29032301902771,40.0,0.0,40.0,True,feasible,benchmark_feasibility_aware_alns
S0005_R04,502030,feasibility_aware_alns,S0005,n15_p0.25_d1_uniform_Emedium_V1.25_Hshort_PWbase_B0.10,15,0.2666666666666666,0.25,1,3,medium,1.25,uniform,short,base,0.1,100.0,20.0,1.0,peripheral,4267.321607879352,137.9647416092227,8.895598076486225,0.0,4120.461268193643,4120.461268193643,41.20461268193644,0.0,0.0,41.20461268193644,4120.461268193644,0.0,0.0,0.0,139.34257846824693,172.45592701152833,29.65199358828742,12,3,0.2,1,1,3.0,3.0,0.0,0.0,0.0,0.0,0,0.6568150383435604,0.6568150383435604,0,0,0,6.012902021408081,40.0,0.0,40.0,True,feasible,benchmark_feasibility_aware_alns
S0005_R05,502031,feasibility_aware_alns,S0005,n15_p0.25_d1_uniform_Emedium_V1.25_Hshort_PWbase_B0.10,15,0.2666666666666666,0.25,1,3,medium,1.25,uniform,short,base,0.1,100.0,20.0,1.0,peripheral,2138.157238643127,122.66211102651629,10.727898316233937,0.0,2004.767229300377,2004.767229300377,20.04767229300377,0.0,0.0,20.04767229300377,2004.767229300377,0.0,0.0,0.0,165.9171141299082,153.32763878314532,35.75966105411312,14,1,0.0666666666666666,1,1,1.0,1.0,0.0,0.0,0.0,0.0,0,0.7151932210822622,0.7151932210822622,0,0,0,5.327642440795898,40.0,0.0,40.0,True,feasible,benchmark_feasibility_aware_alns
S0005_R06,502032,feasibility_aware_alns,S0005,n15_p0.25_d1_uniform_Emedium_V1.25_Hshort_PWbase_B0.10,15,0.2666666666666666,0.25,1,3,medium,1.25,uniform,short,base,0.1,100.0,20.0,1.0,peripheral,11837.040644584058,103.25832465182592,11.882829836815748,0.0,11721.899490095417,11721.899490095417,117.21899490095416,0.0,0.0,117.21899490095416,11721.899490095417,0.0,0.0,0.0,172.61724665030317,129.07290581478242,39.60943278938584,13,2,0.1333333333333333,1,1,2.0,2.0,0.0,0.0,0.0,0.0,0,0.8174838009221115,0.8174838009221115,0,0,0,6.519538640975952,40.0,0.0,40.0,True,feasible,benchmark_feasibility_aware_alns
S0005_R07,502033,feasibility_aware_alns,S0005,n15_p0.25_d1_uniform_Emedium_V1.25_Hshort_PWbase_B0.10,15,0.2666666666666666,0.25,1,3,medium,1.25,uniform,short,base,0.1,100.0,20.0,1.0,peripheral,119.28758863667775,119.28758863667775,0.0,0.0,0.0,0.0,0.0,0.0,0.0,0.0,0.0,0.0,0.0,0.0,137.38828990051834,149.1094857958472,0.0,15,0,0.0,0,0,0.0,0.0,0.0,0.0,0.0,0.0,0,0.0,0.0,0,0,0,7.323081970214844,40.0,1.0,40.0,True,feasible,benchmark_feasibility_aware_alns
S0005_R08,502034,feasibility_aware_alns,S0005,n15_p0.25_d1_uniform_Emedium_V1.25_Hshort_PWbase_B0.10,15,0.2666666666666666,0.25,1,3,medium,1.25,uniform,short,base,0.1,100.0,20.0,1.0,peripheral,141.35707996937782,129.38415837213492,11.972921597242904,0.0,0.0,0.0,0.0,0.0,0.0,0.0,0.0,0.0,0.0,0.0,143.28894072610092,161.73019796516866,39.90973865747635,13,2,0.1333333333333333,1,1,2.0,2.0,0.0,0.0,0.0,0.0,0,0.8066062092125937,0.8066062092125937,0,0,0,6.6916680335998535,40.0,0.0,40.0,True,feasible,benchmark_feasibility_aware_alns
S0005_R09,502035,feasibility_aware_alns,S0005,n15_p0.25_d1_uniform_Emedium_V1.25_Hshort_PWbase_B0.10,15,0.2666666666666666,0.25,1,3,medium,1.25,uniform,short,base,0.1,100.0,20.0,1.0,peripheral,109.48736033520538,109.48736033520538,0.0,0.0,0.0,0.0,0.0,0.0,0.0,0.0,0.0,0.0,0.0,0.0,156.72778013785066,136.85920041900675,0.0,15,0,0.0,0,0,0.0,0.0,0.0,0.0,0.0,0.0,0,0.0,0.0,0,0,0,5.687269687652588,40.0,1.0,40.0,True,feasible,benchmark_feasibility_aware_alns
S0005_R10,502036,feasibility_aware_alns,S0005,n15_p0.25_d1_uniform_Emedium_V1.25_Hshort_PWbase_B0.10,15,0.2666666666666666,0.25,1,3,medium,1.25,uniform,short,base,0.1,100.0,20.0,1.0,peripheral,6073.178059351549,149.93038716296837,13.337531724958453,0.0,5909.910140463622,5909.910140463622,59.09910140463622,0.0,0.0,59.09910140463622,5909.910140463622,0.0,0.0,0.0,136.56183781399238,187.41298395371047,44.45843908319484,13,2,0.1333333333333333,1,1,2.0,2.0,0.0,0.0,0.0,0.0,0,0.8993986136272074,0.8993986136272074,0,0,0,8.40413761138916,40.0,0.0,40.0,True,feasible,benchmark_feasibility_aware_alns
S0006_R01,602027,feasibility_aware_alns,S0006,n15_p0.25_d1_uniform_Emedium_V2.00_Hlong_PWflat_B0.10,15,0.2666666666666666,0.25,1,3,medium,2.0,uniform,long,flat,0.1,1.0,1.0,1.0,peripheral,160.19725157341696,111.49740446290316,16.512941618839438,0.0,32.18690549167436,32.18690549167436,32.18690549167436,0.0,0.0,32.18690549167436,32.18690549167436,0.0,0.0,0.0,131.95971392636056,139.37175557862895,55.0431387294648,12,3,0.2,1,1,3.0,3.0,0.0,0.0,0.0,0.0,0,0.7488787737679334,0.7488787737679334,0,0,0,6.395524024963379,40.0,0.0,40.0,True,feasible,benchmark_feasibility_aware_alns
S0006_R02,602028,feasibility_aware_alns,S0006,n15_p0.25_d1_uniform_Emedium_V2.00_Hlong_PWflat_B0.10,15,0.2666666666666666,0.25,1,3,medium,2.0,uniform,long,flat,0.1,1.0,1.0,1.0,peripheral,150.00020913557682,136.46982781341734,13.530381322159492,0.0,0.0,0.0,0.0,0.0,0.0,0.0,0.0,0.0,0.0,0.0,133.63840787330707,170.5872847667717,45.10127107386497,12,3,0.2,1,1,3.0,3.0,0.0,0.0,0.0,0.0,0,0.6190321648205361,0.6190321648205361,0,0,0,6.58148193359375,40.0,0.0,40.0,True,feasible,benchmark_feasibility_aware_alns
S0006_R03,602029,feasibility_aware_alns,S0006,n15_p0.25_d1_uniform_Emedium_V2.00_Hlong_PWflat_B0.10,15,0.2666666666666666,0.25,1,3,medium,2.0,uniform,long,flat,0.1,1.0,1.0,1.0,peripheral,112.67369093555646,112.67369093555646,0.0,0.0,0.0,0.0,0.0,0.0,0.0,0.0,0.0,0.0,0.0,0.0,131.41616959049645,140.84211366944558,0.0,15,0,0.0,0,0,0.0,0.0,0.0,0.0,0.0,0.0,0,0.0,0.0,0,0,0,6.341639041900635,40.0,1.0,40.0,True,feasible,benchmark_feasibility_aware_alns
S0006_R04,602030,feasibility_aware_alns,S0006,n15_p0.25_d1_uniform_Emedium_V2.00_Hlong_PWflat_B0.10,15,0.2666666666666666,0.25,1,3,medium,2.0,uniform,long,flat,0.1,1.0,1.0,1.0,peripheral,154.71503516016116,95.71105315586033,13.629007383132514,0.0,45.37497462116831,45.37497462116831,45.37497462116831,0.0,0.0,45.37497462116831,45.37497462116831,0.0,0.0,0.0,168.6121683160558,119.63881644482542,45.43002461044171,12,3,0.2,1,1,3.0,3.0,0.0,0.0,0.0,0.0,0,0.5881609260247488,0.5881609260247488,0,0,0,5.888103246688843,40.0,0.0,40.0,True,feasible,benchmark_feasibility_aware_alns
S0006_R05,602031,feasibility_aware_alns,S0006,n15_p0.25_d1_uniform_Emedium_V2.00_Hlong_PWflat_B0.10,15,0.2666666666666666,0.25,1,3,medium,2.0,uniform,long,flat,0.1,1.0,1.0,1.0,peripheral,273.1861154025674,99.68370912954336,16.3971555030685,0.0,157.10525076995555,157.10525076995555,139.3457813735103,17.75946939644524,0.0,157.10525076995555,139.3457813735103,17.75946939644524,0.0,0.0,178.99719264568503,124.6046364119292,54.65718501022834,13,2,0.1333333333333333,1,1,2.0,2.0,0.0,0.0,0.0,0.0,0,0.7195681153419718,0.7195681153419718,0,0,0,5.094797134399414,40.0,0.0,40.0,True,feasible,benchmark_feasibility_aware_alns
S0006_R06,602032,feasibility_aware_alns,S0006,n15_p0.25_d1_uniform_Emedium_V2.00_Hlong_PWflat_B0.10,15,0.2666666666666666,0.25,1,3,medium,2.0,uniform,long,flat,0.1,1.0,1.0,1.0,peripheral,132.31005759565454,122.69454707206626,9.61551052358829,0.0,0.0,0.0,0.0,0.0,0.0,0.0,0.0,0.0,0.0,0.0,144.06718763210876,153.36818384008285,32.0517017452943,13,2,0.1333333333333333,1,1,2.0,2.0,0.0,0.0,0.0,0.0,0,0.4058966621391417,0.4058966621391417,0,0,0,6.551941156387329,40.0,0.0,40.0,True,feasible,benchmark_feasibility_aware_alns
S0006_R07,602033,feasibility_aware_alns,S0006,n15_p0.25_d1_uniform_Emedium_V2.00_Hlong_PWflat_B0.10,15,0.2666666666666666,0.25,1,3,medium,2.0,uniform,long,flat,0.1,1.0,1.0,1.0,peripheral,118.28681515516,118.28681515516,0.0,0.0,0.0,0.0,0.0,0.0,0.0,0.0,0.0,0.0,0.0,0.0,140.5416619668051,147.85851894395,0.0,15,0,0.0,0,0,0.0,0.0,0.0,0.0,0.0,0.0,0,0.0,0.0,0,0,0,6.654270887374878,40.0,1.0,40.0,True,feasible,benchmark_feasibility_aware_alns
S0006_R08,602034,feasibility_aware_alns,S0006,n15_p0.25_d1_uniform_Emedium_V2.00_Hlong_PWflat_B0.10,15,0.2666666666666666,0.25,1,3,medium,2.0,uniform,long,flat,0.1,1.0,1.0,1.0,peripheral,150.94382243709546,119.30629610469772,16.765478602425482,0.0,14.872047729972252,14.872047729972252,14.872047729972252,0.0,0.0,14.872047729972252,14.872047729972252,0.0,0.0,0.0,145.9044317335143,149.1328701308721,55.884928674751606,12,3,0.2,1,1,3.0,3.0,0.0,0.0,0.0,0.0,0,0.7421787197562215,0.7421787197562215,0,0,0,6.697469711303711,40.0,0.0,40.0,True,feasible,benchmark_feasibility_aware_alns
S0006_R09,602035,feasibility_aware_alns,S0006,n15_p0.25_d1_uniform_Emedium_V2.00_Hlong_PWflat_B0.10,15,0.2666666666666666,0.25,1,3,medium,2.0,uniform,long,flat,0.1,1.0,1.0,1.0,peripheral,147.8556684074262,79.95260270845921,15.443074667287464,0.0,52.459991031679536,52.459991031679536,52.459991031679536,0.0,0.0,52.459991031679536,52.459991031679536,0.0,0.0,0.0,147.6495758039352,99.940753385574,51.47691555762488,13,2,0.1333333333333333,1,1,2.0,2.0,0.0,0.0,0.0,0.0,0,0.6871599949958315,0.6871599949958315,0,0,0,5.3340559005737305,40.0,0.0,40.0,True,feasible,benchmark_feasibility_aware_alns
S0006_R10,602036,feasibility_aware_alns,S0006,n15_p0.25_d1_uniform_Emedium_V2.00_Hlong_PWflat_B0.10,15,0.2666666666666666,0.25,1,3,medium,2.0,uniform,long,flat,0.1,1.0,1.0,1.0,peripheral,131.8894440925127,123.8723354764752,8.0171086160375,0.0,0.0,0.0,0.0,0.0,0.0,0.0,0.0,0.0,0.0,0.0,143.5111762213852,154.840419345594,26.72369538679167,13,2,0.1333333333333333,1,1,2.0,2.0,0.0,0.0,0.0,0.0,0,0.3410170805658406,0.3410170805658406,0,0,0,8.654749870300293,40.0,0.0,40.0,True,feasible,benchmark_feasibility_aware_alns
S0007_R01,702027,feasibility_aware_alns,S0007,n15_p0.25_d1_uniform_Emedium_V2.00_Hlong_PWstrict_B0.10,15,0.2666666666666666,0.25,1,3,medium,2.0,uniform,long,strict,0.1,200.0,40.0,1.0,peripheral,10957.177073873076,110.97830525801756,15.977400617499091,0.0,10830.22136799756,10830.22136799756,51.33199747597572,14.095546820060406,0.0,65.42754429603613,10266.399495195144,563.8218728024162,0.0,0.0,174.0097579838254,138.72288157252194,53.25800205833031,13,2,0.1333333333333333,1,1,2.0,2.0,0.0,0.0,0.0,0.0,0,0.6887208668919677,0.6887208668919677,0,0,0,6.173966407775879,40.0,0.0,40.0,True,feasible,benchmark_feasibility_aware_alns
S0007_R02,702028,feasibility_aware_alns,S0007,n15_p0.25_d1_uniform_Emedium_V2.00_Hlong_PWstrict_B0.10,15,0.2666666666666666,0.25,1,3,medium,2.0,uniform,long,strict,0.1,200.0,40.0,1.0,peripheral,5747.109292144813,108.3553936764654,16.35573413968803,0.0,5622.398164328659,5622.398164328659,28.111990821643296,0.0,0.0,28.111990821643296,5622.398164328659,0.0,0.0,0.0,142.3090689412495,135.44424209558173,54.5191137989601,11,4,0.2666666666666666,1,1,4.0,4.0,0.0,0.0,0.0,0.0,0,0.7571216277468813,0.7571216277468813,0,0,0,6.450715780258179,40.0,0.0,40.0,True,feasible,benchmark_feasibility_aware_alns
S0007_R03,702029,feasibility_aware_alns,S0007,n15_p0.25_d1_uniform_Emedium_V2.00_Hlong_PWstrict_B0.10,15,0.2666666666666666,0.25,1,3,medium,2.0,uniform,long,strict,0.1,200.0,40.0,1.0,peripheral,130.63516423345345,130.63516423345345,0.0,0.0,0.0,0.0,0.0,0.0,0.0,0.0,0.0,0.0,0.0,0.0,135.24249988011346,163.29395529181684,0.0,15,0,0.0,0,0,0.0,0.0,0.0,0.0,0.0,0.0,0,0.0,0.0,0,0,0,6.636033296585083,40.0,1.0,40.0,True,feasible,benchmark_feasibility_aware_alns
S0007_R04,702030,feasibility_aware_alns,S0007,n15_p0.25_d1_uniform_Emedium_V2.00_Hlong_PWstrict_B0.10,15,0.2666666666666666,0.25,1,3,medium,2.0,uniform,long,strict,0.1,200.0,40.0,1.0,peripheral,596.7286486135741,110.25759947378788,12.02516429729361,0.0,474.4458848424927,474.4458848424927,0.0,11.861147121062317,0.0,11.861147121062317,0.0,474.4458848424927,0.0,0.0,192.0197150926982,137.82199934223488,40.08388099097871,11,4,0.2666666666666666,1,1,4.0,4.0,0.0,0.0,0.0,0.0,0,0.5389680219198305,0.5389680219198305,0,0,0,5.240938663482666,40.0,0.0,40.0,True,feasible,benchmark_feasibility_aware_alns
S0007_R05,702031,feasibility_aware_alns,S0007,n15_p0.25_d1_uniform_Emedium_V2.00_Hlong_PWstrict_B0.10,15,0.2666666666666666,0.25,1,3,medium,2.0,uniform,long,strict,0.1,200.0,40.0,1.0,peripheral,167.3897958184583,150.27069987456335,17.119095943894955,0.0,0.0,0.0,0.0,0.0,0.0,0.0,0.0,0.0,0.0,0.0,125.96928231374297,187.8383748432042,57.063653146316526,12,3,0.2,1,1,3.0,3.0,0.0,0.0,0.0,0.0,0,0.771120295506648,0.771120295506648,0,0,0,7.082008123397827,40.0,0.0,40.0,True,feasible,benchmark_feasibility_aware_alns
S0007_R06,702032,feasibility_aware_alns,S0007,n15_p0.25_d1_uniform_Emedium_V2.00_Hlong_PWstrict_B0.10,15,0.2666666666666666,0.25,1,3,medium,2.0,uniform,long,strict,0.1,200.0,40.0,1.0,peripheral,8329.760624372731,96.07625789975988,15.854924658847002,0.0,8217.829441814125,8217.829441814125,41.089147209070624,0.0,0.0,41.089147209070624,8217.829441814125,0.0,0.0,0.0,128.0277550508738,120.09532237469982,52.84974886282334,12,3,0.2,1,1,3.0,3.0,0.0,0.0,0.0,0.0,0,0.7055403842750406,0.7055403842750406,0,0,0,5.670328855514526,40.0,0.0,40.0,True,feasible,benchmark_feasibility_aware_alns
S0007_R07,702033,feasibility_aware_alns,S0007,n15_p0.25_d1_uniform_Emedium_V2.00_Hlong_PWstrict_B0.10,15,0.2666666666666666,0.25,1,3,medium,2.0,uniform,long,strict,0.1,200.0,40.0,1.0,peripheral,104.8659929896266,90.42590187452892,14.44009111509769,0.0,0.0,0.0,0.0,0.0,0.0,0.0,0.0,0.0,0.0,0.0,114.57415213392224,113.03237734316112,48.13363705032564,11,4,0.2666666666666666,1,1,4.0,4.0,0.0,0.0,0.0,0.0,0,0.6392623028572394,0.6392623028572394,0,0,0,6.08017897605896,40.0,0.0,40.0,True,feasible,benchmark_feasibility_aware_alns
S0007_R08,702034,feasibility_aware_alns,S0007,n15_p0.25_d1_uniform_Emedium_V2.00_Hlong_PWstrict_B0.10,15,0.2666666666666666,0.25,1,3,medium,2.0,uniform,long,strict,0.1,200.0,40.0,1.0,peripheral,2384.978549548642,88.70187053763853,17.0919669642344,0.0,2279.184712046769,2279.184712046769,11.395923560233848,0.0,0.0,11.395923560233848,2279.184712046769,0.0,0.0,0.0,112.2318197693724,110.87733817204816,56.97322321411467,11,4,0.2666666666666666,1,1,4.0,4.0,0.0,0.0,0.0,0.0,0,0.7788552097618268,0.7788552097618268,0,0,0,6.9119274616241455,40.0,0.0,40.0,True,feasible,benchmark_feasibility_aware_alns
S0007_R09,702035,feasibility_aware_alns,S0007,n15_p0.25_d1_uniform_Emedium_V2.00_Hlong_PWstrict_B0.10,15,0.2666666666666666,0.25,1,3,medium,2.0,uniform,long,strict,0.1,200.0,40.0,1.0,peripheral,6552.87282078321,98.38435579847614,14.088414690435387,0.0,6440.400050294298,6440.400050294298,32.20200025147149,0.0,0.0,32.20200025147149,6440.400050294298,0.0,0.0,0.0,132.9080403191386,122.98044474809517,46.96138230145129,11,4,0.2666666666666666,1,1,4.0,4.0,0.0,0.0,0.0,0.0,0,0.665034752870121,0.665034752870121,0,0,0,8.852959394454956,40.0,0.0,40.0,True,feasible,benchmark_feasibility_aware_alns
S0007_R10,702036,feasibility_aware_alns,S0007,n15_p0.25_d1_uniform_Emedium_V2.00_Hlong_PWstrict_B0.10,15,0.2666666666666666,0.25,1,3,medium,2.0,uniform,long,strict,0.1,200.0,40.0,1.0,peripheral,99.92491943209409,85.69755173079156,14.227367701302512,0.0,0.0,0.0,0.0,0.0,0.0,0.0,0.0,0.0,0.0,0.0,73.84890117847632,107.12193966348944,47.4245590043417,12,3,0.2,1,1,3.0,3.0,0.0,0.0,0.0,0.0,0,0.6255707568425097,0.6255707568425097,0,0,0,9.457401752471924,40.0,0.0,40.0,True,feasible,benchmark_feasibility_aware_alns
S0008_R01,802027,feasibility_aware_alns,S0008,n15_p0.25_d1_uniform_Ehigh_V1.25_Hshort_PWflat_B0.10,15,0.2666666666666666,0.25,1,3,high,1.25,uniform,short,flat,0.1,1.0,1.0,1.0,peripheral,119.95591235174014,109.32105462291234,10.634857728827791,0.0,0.0,0.0,0.0,0.0,0.0,0.0,0.0,0.0,0.0,0.0,126.05591677585876,136.6513182786404,35.44952576275931,12,3,0.2,1,1,3.0,3.0,0.0,0.0,0.0,0.0,0,0.5847997673018317,0.5847997673018317,0,0,0,6.645100831985474,40.0,0.0,40.0,True,feasible,benchmark_feasibility_aware_alns
S0008_R02,802028,feasibility_aware_alns,S0008,n15_p0.25_d1_uniform_Ehigh_V1.25_Hshort_PWflat_B0.10,15,0.2666666666666666,0.25,1,3,high,1.25,uniform,short,flat,0.1,1.0,1.0,1.0,peripheral,151.98483330925288,120.26180801319694,15.72971816126571,0.0,15.99330713479022,15.99330713479022,13.553655501674278,2.4396516331159432,0.0,15.99330713479022,13.553655501674278,2.4396516331159432,0.0,0.0,161.48352083821092,150.32726001649615,52.4323938708857,12,3,0.2,1,1,3.0,3.0,0.0,0.0,0.0,0.0,0,0.831868910913301,0.831868910913301,0,0,0,6.820018529891968,40.0,0.0,40.0,True,feasible,benchmark_feasibility_aware_alns
S0008_R03,802029,feasibility_aware_alns,S0008,n15_p0.25_d1_uniform_Ehigh_V1.25_Hshort_PWflat_B0.10,15,0.2666666666666666,0.25,1,3,high,1.25,uniform,short,flat,0.1,1.0,1.0,1.0,peripheral,135.70417069168315,119.99199507014654,15.712175621536597,0.0,0.0,0.0,0.0,0.0,0.0,0.0,0.0,0.0,0.0,0.0,199.6089907688376,149.9899938376832,52.37391873845532,12,3,0.2,1,1,3.0,3.0,0.0,0.0,0.0,0.0,0,0.8348304577951959,0.8348304577951959,0,0,0,5.779131174087524,40.0,0.0,40.0,True,feasible,benchmark_feasibility_aware_alns
S0008_R04,802030,feasibility_aware_alns,S0008,n15_p0.25_d1_uniform_Ehigh_V1.25_Hshort_PWflat_B0.10,15,0.2666666666666666,0.25,1,3,high,1.25,uniform,short,flat,0.1,1.0,1.0,1.0,peripheral,187.41363043685877,109.62391007233036,13.281292637969663,0.0,64.50842772655874,64.50842772655874,64.50842772655874,0.0,0.0,64.50842772655874,64.50842772655874,0.0,0.0,0.0,171.57296550455783,137.02988759041293,44.27097545989888,12,3,0.2,1,1,3.0,3.0,0.0,0.0,0.0,0.0,0,0.7211790381536902,0.7211790381536902,0,0,0,6.371030807495117,40.0,0.0,40.0,True,feasible,benchmark_feasibility_aware_alns
S0008_R05,802031,feasibility_aware_alns,S0008,n15_p0.25_d1_uniform_Ehigh_V1.25_Hshort_PWflat_B0.10,15,0.2666666666666666,0.25,1,3,high,1.25,uniform,short,flat,0.1,1.0,1.0,1.0,peripheral,162.23630673833395,134.1715758758497,12.06956142343344,0.0,15.995169439050812,15.995169439050812,15.995169439050812,0.0,0.0,15.995169439050812,15.995169439050812,0.0,0.0,0.0,140.68542281215355,167.71446984481213,40.2318714114448,13,2,0.1333333333333333,1,1,2.0,2.0,0.0,0.0,0.0,0.0,0,0.6553804707787855,0.6553804707787855,0,0,0,6.445875644683838,40.0,0.0,40.0,True,feasible,benchmark_feasibility_aware_alns
S0008_R06,802032,feasibility_aware_alns,S0008,n15_p0.25_d1_uniform_Ehigh_V1.25_Hshort_PWflat_B0.10,15,0.2666666666666666,0.25,1,3,high,1.25,uniform,short,flat,0.1,1.0,1.0,1.0,peripheral,172.5585230895689,141.15802228082353,10.961097598606854,0.0,20.439403210138515,20.439403210138515,20.439403210138515,0.0,0.0,20.439403210138515,20.439403210138515,0.0,0.0,0.0,150.46810517544716,176.44752785102946,36.536991995356175,13,2,0.1333333333333333,1,1,2.0,2.0,0.0,0.0,0.0,0.0,0,0.5786550695018001,0.5786550695018001,0,0,0,6.109664440155029,40.0,0.0,40.0,True,feasible,benchmark_feasibility_aware_alns
S0008_R07,802033,feasibility_aware_alns,S0008,n15_p0.25_d1_uniform_Ehigh_V1.25_Hshort_PWflat_B0.10,15,0.2666666666666666,0.25,1,3,high,1.25,uniform,short,flat,0.1,1.0,1.0,1.0,peripheral,152.19659298963384,128.2792983782556,0.0,0.0,23.917294611378253,23.917294611378253,23.917294611378253,0.0,0.0,23.917294611378253,23.917294611378253,0.0,0.0,0.0,133.03900617517408,160.34912297281952,0.0,15,0,0.0,0,0,0.0,0.0,0.0,0.0,0.0,0.0,0,0.0,0.0,0,0,0,7.206935167312622,40.0,1.0,40.0,True,feasible,benchmark_feasibility_aware_alns
S0008_R08,802034,feasibility_aware_alns,S0008,n15_p0.25_d1_uniform_Ehigh_V1.25_Hshort_PWflat_B0.10,15,0.2666666666666666,0.25,1,3,high,1.25,uniform,short,flat,0.1,1.0,1.0,1.0,peripheral,133.17102093853612,132.9299103772811,0.0,0.0,0.241110561255013,0.241110561255013,0.241110561255013,0.0,0.0,0.241110561255013,0.241110561255013,0.0,0.0,0.0,127.19778026720778,166.16238797160136,0.0,15,0,0.0,0,0,0.0,0.0,0.0,0.0,0.0,0.0,0,0.0,0.0,0,0,0,8.463826417922974,40.0,1.0,40.0,True,feasible,benchmark_feasibility_aware_alns
S0008_R09,802035,feasibility_aware_alns,S0008,n15_p0.25_d1_uniform_Ehigh_V1.25_Hshort_PWflat_B0.10,15,0.2666666666666666,0.25,1,3,high,1.25,uniform,short,flat,0.1,1.0,1.0,1.0,peripheral,115.03610694913,102.073804741173,12.962302207957013,0.0,0.0,0.0,0.0,0.0,0.0,0.0,0.0,0.0,0.0,0.0,153.39546477163614,127.59225592646624,43.20767402652338,13,2,0.1333333333333333,1,1,2.0,2.0,0.0,0.0,0.0,0.0,0,0.6782043803327952,0.6782043803327952,0,0,0,5.590473413467407,40.0,0.0,40.0,True,feasible,benchmark_feasibility_aware_alns
S0008_R10,802036,feasibility_aware_alns,S0008,n15_p0.25_d1_uniform_Ehigh_V1.25_Hshort_PWflat_B0.10,15,0.2666666666666666,0.25,1,3,high,1.25,uniform,short,flat,0.1,1.0,1.0,1.0,peripheral,201.82135778332253,177.26178224214334,0.0,0.0,24.559575541179186,24.559575541179186,24.559575541179186,0.0,0.0,24.559575541179186,24.559575541179186,0.0,0.0,0.0,158.66499672992273,221.5772278026792,0.0,15,0,0.0,0,0,0.0,0.0,0.0,0.0,0.0,0.0,0,0.0,0.0,0,0,0,7.490752220153809,40.0,0.0,40.0,True,feasible,benchmark_feasibility_aware_alns
S0009_R01,902027,feasibility_aware_alns,S0009,n15_p0.25_d1_clustered_Ehigh_V1.25_Hmedium_PWbase_B0.10,15,0.2666666666666666,0.25,1,3,high,1.25,clustered,medium,base,0.1,100.0,20.0,1.0,peripheral,54.45422280581951,44.33528947158054,10.118933334238967,0.0,0.0,0.0,0.0,0.0,0.0,0.0,0.0,0.0,0.0,0.0,104.73356587979552,55.41911183947568,33.72977778079656,11,4,0.2666666666666666,1,1,4.0,4.0,0.0,0.0,0.0,0.0,0,0.5493316544203409,0.5493316544203409,0,0,0,5.762856721878052,40.0,0.0,40.0,True,feasible,benchmark_feasibility_aware_alns
S0009_R02,902028,feasibility_aware_alns,S0009,n15_p0.25_d1_clustered_Ehigh_V1.25_Hmedium_PWbase_B0.10,15,0.2666666666666666,0.25,1,3,high,1.25,clustered,medium,base,0.1,100.0,20.0,1.0,peripheral,53.58380899813989,42.369215137603845,11.214593860536038,0.0,0.0,0.0,0.0,0.0,0.0,0.0,0.0,0.0,0.0,0.0,100.97432871487078,52.96151892200481,37.38197953512013,11,4,0.2666666666666666,1,1,4.0,4.0,0.0,0.0,0.0,0.0,0,0.6046129723789996,0.6046129723789996,0,0,0,5.778296947479248,40.0,0.0,40.0,True,feasible,benchmark_feasibility_aware_alns
S0009_R03,902029,feasibility_aware_alns,S0009,n15_p0.25_d1_clustered_Ehigh_V1.25_Hmedium_PWbase_B0.10,15,0.2666666666666666,0.25,1,3,high,1.25,clustered,medium,base,0.1,100.0,20.0,1.0,peripheral,56.0141959831247,45.09278467430143,10.921411308823272,0.0,0.0,0.0,0.0,0.0,0.0,0.0,0.0,0.0,0.0,0.0,108.05626730695424,56.36598084287679,36.40470436274424,11,4,0.2666666666666666,1,1,4.0,4.0,0.0,0.0,0.0,0.0,0,0.5838578683842098,0.5838578683842098,0,0,0,5.727873802185059,40.0,0.0,40.0,True,feasible,benchmark_feasibility_aware_alns
S0009_R04,902030,feasibility_aware_alns,S0009,n15_p0.25_d1_clustered_Ehigh_V1.25_Hmedium_PWbase_B0.10,15,0.2666666666666666,0.25,1,3,high,1.25,clustered,medium,base,0.1,100.0,20.0,1.0,peripheral,495.71053888983846,48.70733101170356,8.907721404772479,0.0,438.0954864733624,438.0954864733624,4.380954864733624,0.0,0.0,4.380954864733624,438.0954864733624,0.0,0.0,0.0,113.8795969130454,60.88416376462945,29.69240468257493,11,4,0.2666666666666666,1,1,4.0,4.0,0.0,0.0,0.0,0.0,0,0.4669789983441396,0.4669789983441396,0,0,0,5.639732122421265,40.0,0.0,40.0,True,feasible,benchmark_feasibility_aware_alns
S0009_R05,902031,feasibility_aware_alns,S0009,n15_p0.25_d1_clustered_Ehigh_V1.25_Hmedium_PWbase_B0.10,15,0.2666666666666666,0.25,1,3,high,1.25,clustered,medium,base,0.1,100.0,20.0,1.0,peripheral,50.16246184776347,39.06065917047685,11.10180267728661,0.0,0.0,0.0,0.0,0.0,0.0,0.0,0.0,0.0,0.0,0.0,92.12918929845284,48.82582396309606,37.0060089242887,11,4,0.2666666666666666,1,1,4.0,4.0,0.0,0.0,0.0,0.0,0,0.5925224600411969,0.5925224600411969,0,0,0,5.590473651885986,40.0,0.0,40.0,True,feasible,benchmark_feasibility_aware_alns
S0009_R06,902032,feasibility_aware_alns,S0009,n15_p0.25_d1_clustered_Ehigh_V1.25_Hmedium_PWbase_B0.10,15,0.2666666666666666,0.25,1,3,high,1.25,clustered,medium,base,0.1,100.0,20.0,1.0,peripheral,51.24787177260786,41.13459085684141,10.113280915766444,0.0,0.0,0.0,0.0,0.0,0.0,0.0,0.0,0.0,0.0,0.0,97.95404078365668,51.41823857105177,33.71093638588816,11,4,0.2666666666666666,1,1,4.0,4.0,0.0,0.0,0.0,0.0,0,0.5364976249529302,0.5364976249529302,0,0,0,5.120078086853027,40.0,0.0,40.0,True,feasible,benchmark_feasibility_aware_alns
S0009_R07,902033,feasibility_aware_alns,S0009,n15_p0.25_d1_clustered_Ehigh_V1.25_Hmedium_PWbase_B0.10,15,0.2666666666666666,0.25,1,3,high,1.25,clustered,medium,base,0.1,100.0,20.0,1.0,peripheral,52.36534718983952,43.440593141032544,8.924754048806975,0.0,0.0,0.0,0.0,0.0,0.0,0.0,0.0,0.0,0.0,0.0,105.18708274501034,54.300741426290685,29.74918016268992,12,3,0.2,1,1,3.0,3.0,0.0,0.0,0.0,0.0,0,0.4750981775669904,0.4750981775669904,0,0,0,5.269870758056641,40.0,0.0,40.0,True,feasible,benchmark_feasibility_aware_alns
S0009_R08,902034,feasibility_aware_alns,S0009,n15_p0.25_d1_clustered_Ehigh_V1.25_Hmedium_PWbase_B0.10,15,0.2666666666666666,0.25,1,3,high,1.25,clustered,medium,base,0.1,100.0,20.0,1.0,peripheral,52.59058635468662,42.09176900975968,10.498817344926945,0.0,0.0,0.0,0.0,0.0,0.0,0.0,0.0,0.0,0.0,0.0,101.86771284040404,52.614711262199606,34.99605781642315,11,4,0.2666666666666666,1,1,4.0,4.0,0.0,0.0,0.0,0.0,0,0.5610361064450674,0.5610361064450674,0,0,0,6.563498258590698,40.0,0.0,40.0,True,feasible,benchmark_feasibility_aware_alns
S0009_R09,902035,feasibility_aware_alns,S0009,n15_p0.25_d1_clustered_Ehigh_V1.25_Hmedium_PWbase_B0.10,15,0.2666666666666666,0.25,1,3,high,1.25,clustered,medium,base,0.1,100.0,20.0,1.0,peripheral,47.678803139044255,47.678803139044255,0.0,0.0,0.0,0.0,0.0,0.0,0.0,0.0,0.0,0.0,0.0,0.0,116.510925080661,59.59850392380531,0.0,15,0,0.0,0,0,0.0,0.0,0.0,0.0,0.0,0.0,0,0.0,0.0,0,0,0,5.08295750617981,40.0,0.0,40.0,True,feasible,benchmark_feasibility_aware_alns
S0009_R10,902036,feasibility_aware_alns,S0009,n15_p0.25_d1_clustered_Ehigh_V1.25_Hmedium_PWbase_B0.10,15,0.2666666666666666,0.25,1,3,high,1.25,clustered,medium,base,0.1,100.0,20.0,1.0,peripheral,51.68777581314471,42.53219973499767,9.155576078147046,0.0,0.0,0.0,0.0,0.0,0.0,0.0,0.0,0.0,0.0,0.0,100.77170021922416,53.16524966874708,30.518586927156814,12,3,0.2,1,1,3.0,3.0,0.0,0.0,0.0,0.0,0,0.4810512272863513,0.4810512272863513,0,0,0,5.11863374710083,40.0,0.0,40.0,True,feasible,benchmark_feasibility_aware_alns
S0010_R01,1002027,feasibility_aware_alns,S0010,n15_p0.25_d1_uniform_Ehigh_V1.25_Hlong_PWbase_B0.10,15,0.2666666666666666,0.25,1,3,high,1.25,uniform,long,base,0.1,100.0,20.0,1.0,peripheral,1922.4215609487744,151.81184583090084,0.0,0.0,1770.6097151178735,1770.6097151178735,17.70609715117874,0.0,0.0,17.70609715117874,1770.6097151178735,0.0,0.0,0.0,136.0798447323201,189.76480728862603,0.0,15,0,0.0,0,0,0.0,0.0,0.0,0.0,0.0,0.0,0,0.0,0.0,0,0,0,6.537502288818359,40.0,0.0,40.0,True,feasible,benchmark_feasibility_aware_alns
S0010_R02,1002028,feasibility_aware_alns,S0010,n15_p0.25_d1_uniform_Ehigh_V1.25_Hlong_PWbase_B0.10,15,0.2666666666666666,0.25,1,3,high,1.25,uniform,long,base,0.1,100.0,20.0,1.0,peripheral,2151.4493254601903,122.84179291126384,11.590562106690072,0.0,2017.0169704422365,2017.0169704422365,20.170169704422364,0.0,0.0,20.170169704422364,2017.0169704422365,0.0,0.0,0.0,154.16119081138598,153.5522411390798,38.63520702230024,13,2,0.1333333333333333,1,1,2.0,2.0,0.0,0.0,0.0,0.0,0,0.6083258227529692,0.6083258227529692,0,0,0,5.503673076629639,40.0,0.0,40.0,True,feasible,benchmark_feasibility_aware_alns
S0010_R03,1002029,feasibility_aware_alns,S0010,n15_p0.25_d1_uniform_Ehigh_V1.25_Hlong_PWbase_B0.10,15,0.2666666666666666,0.25,1,3,high,1.25,uniform,long,base,0.1,100.0,20.0,1.0,peripheral,137.97415941768833,126.14678644872392,11.827372968964424,0.0,0.0,0.0,0.0,0.0,0.0,0.0,0.0,0.0,0.0,0.0,154.49816554819506,157.6834830609049,39.42457656321475,12,3,0.2,1,1,3.0,3.0,0.0,0.0,0.0,0.0,0,0.6387509908769466,0.6387509908769466,0,0,0,6.312723398208618,40.0,0.0,40.0,True,feasible,benchmark_feasibility_aware_alns
S0010_R04,1002030,feasibility_aware_alns,S0010,n15_p0.25_d1_uniform_Ehigh_V1.25_Hlong_PWbase_B0.10,15,0.2666666666666666,0.25,1,3,high,1.25,uniform,long,base,0.1,100.0,20.0,1.0,peripheral,133.66234180540985,122.10585343856802,11.556488366841824,0.0,0.0,0.0,0.0,0.0,0.0,0.0,0.0,0.0,0.0,0.0,163.24245817619743,152.63231679821004,38.52162788947275,11,4,0.2666666666666666,1,1,4.0,4.0,0.0,0.0,0.0,0.0,0,0.6254753570547134,0.6254753570547134,0,0,0,6.169816970825195,40.0,0.0,40.0,True,feasible,benchmark_feasibility_aware_alns
S0010_R05,1002031,feasibility_aware_alns,S0010,n15_p0.25_d1_uniform_Ehigh_V1.25_Hlong_PWbase_B0.10,15,0.2666666666666666,0.25,1,3,high,1.25,uniform,long,base,0.1,100.0,20.0,1.0,peripheral,3314.40225743998,118.50449333768124,13.098163341686378,0.0,3182.7996007606125,3182.7996007606125,31.827996007606124,0.0,0.0,31.827996007606124,3182.7996007606125,0.0,0.0,0.0,137.44178640336784,148.13061667210155,43.66054447228792,13,2,0.1333333333333333,1,1,2.0,2.0,0.0,0.0,0.0,0.0,0,0.7168073201316572,0.7168073201316572,0,0,0,5.8203864097595215,40.0,0.0,40.0,True,feasible,benchmark_feasibility_aware_alns
S0010_R06,1002032,feasibility_aware_alns,S0010,n15_p0.25_d1_uniform_Ehigh_V1.25_Hlong_PWbase_B0.10,15,0.2666666666666666,0.25,1,3,high,1.25,uniform,long,base,0.1,100.0,20.0,1.0,peripheral,1805.9463584080931,100.84145506383624,14.343371780185986,0.0,1690.7615315640712,1690.7615315640712,16.90761531564071,0.0,0.0,16.90761531564071,1690.7615315640712,0.0,0.0,0.0,122.25831456053454,126.0518188297953,47.81123926728662,12,3,0.2,1,1,3.0,3.0,0.0,0.0,0.0,0.0,0,0.7983243280355576,0.7983243280355576,0,0,0,8.237478256225586,40.0,0.0,40.0,True,feasible,benchmark_feasibility_aware_alns
S0010_R07,1002033,feasibility_aware_alns,S0010,n15_p0.25_d1_uniform_Ehigh_V1.25_Hlong_PWbase_B0.10,15,0.2666666666666666,0.25,1,3,high,1.25,uniform,long,base,0.1,100.0,20.0,1.0,peripheral,139.19903091712243,139.19903091712243,0.0,0.0,0.0,0.0,0.0,0.0,0.0,0.0,0.0,0.0,0.0,0.0,151.12130882394374,173.99878864640303,0.0,15,0,0.0,0,0,0.0,0.0,0.0,0.0,0.0,0.0,0,0.0,0.0,0,0,0,10.018662691116331,36.0,0.0,35.0,True,feasible,benchmark_feasibility_aware_alns
S0010_R08,1002034,feasibility_aware_alns,S0010,n15_p0.25_d1_uniform_Ehigh_V1.25_Hlong_PWbase_B0.10,15,0.2666666666666666,0.25,1,3,high,1.25,uniform,long,base,0.1,100.0,20.0,1.0,peripheral,1874.694622127616,134.2361723942636,15.01426690087393,0.0,1725.4441828324786,1725.4441828324786,17.254441828324786,0.0,0.0,17.254441828324786,1725.4441828324786,0.0,0.0,0.0,154.08435449234858,167.7952154928295,50.04755633624644,13,2,0.1333333333333333,1,1,2.0,2.0,0.0,0.0,0.0,0.0,0,0.8168230573129273,0.8168230573129273,0,0,0,5.929090738296509,40.0,0.0,40.0,True,feasible,benchmark_feasibility_aware_alns
S0010_R09,1002035,feasibility_aware_alns,S0010,n15_p0.25_d1_uniform_Ehigh_V1.25_Hlong_PWbase_B0.10,15,0.2666666666666666,0.25,1,3,high,1.25,uniform,long,base,0.1,100.0,20.0,1.0,peripheral,127.31411431957414,116.69254654233065,10.62156777724352,0.0,0.0,0.0,0.0,0.0,0.0,0.0,0.0,0.0,0.0,0.0,145.8496272026131,145.8656831779133,35.40522592414507,12,3,0.2,1,1,3.0,3.0,0.0,0.0,0.0,0.0,0,0.6037722206228504,0.6037722206228504,0,0,0,6.497394800186157,40.0,0.0,40.0,True,feasible,benchmark_feasibility_aware_alns
S0010_R10,1002036,feasibility_aware_alns,S0010,n15_p0.25_d1_uniform_Ehigh_V1.25_Hlong_PWbase_B0.10,15,0.2666666666666666,0.25,1,3,high,1.25,uniform,long,base,0.1,100.0,20.0,1.0,peripheral,146.02511993367307,131.49425764954918,14.530862284123886,0.0,0.0,0.0,0.0,0.0,0.0,0.0,0.0,0.0,0.0,0.0,161.55689380856023,164.36782206193644,48.43620761374629,13,2,0.1333333333333333,1,1,2.0,2.0,0.0,0.0,0.0,0.0,0,0.779695823621037,0.779695823621037,0,0,0,6.164072751998901,40.0,0.0,40.0,True,feasible,benchmark_feasibility_aware_alns
S0011_R01,1102027,feasibility_aware_alns,S0011,n15_p0.25_d1_clustered_Ehigh_V2.00_Hmedium_PWmoderate_B0.10,15,0.2666666666666666,0.25,1,3,high,2.0,clustered,medium,moderate,0.1,20.0,5.0,1.0,peripheral,472.3662315871936,47.9368367598505,10.953180508216573,0.0,413.4762143191265,413.4762143191265,20.67381071595632,0.0,0.0,20.67381071595632,413.4762143191264,0.0,0.0,0.0,112.768672974256,59.92104594981312,36.51060169405525,11,4,0.2666666666666666,1,1,4.0,4.0,0.0,0.0,0.0,0.0,0,0.3640910948406273,0.3640910948406273,0,0,0,4.792848825454712,40.0,0.0,40.0,True,feasible,benchmark_feasibility_aware_alns
S0011_R02,1102028,feasibility_aware_alns,S0011,n15_p0.25_d1_clustered_Ehigh_V2.00_Hmedium_PWmoderate_B0.10,15,0.2666666666666666,0.25,1,3,high,2.0,clustered,medium,moderate,0.1,20.0,5.0,1.0,peripheral,50.72994375450983,39.800447201603184,10.929496552906652,0.0,0.0,0.0,0.0,0.0,0.0,0.0,0.0,0.0,0.0,0.0,94.7350976254487,49.75055900200398,36.43165517635551,11,4,0.2666666666666666,1,1,4.0,4.0,0.0,0.0,0.0,0.0,0,0.3639940564381888,0.3639940564381888,0,0,0,7.230738401412964,40.0,0.0,40.0,True,feasible,benchmark_feasibility_aware_alns
S0011_R03,1102029,feasibility_aware_alns,S0011,n15_p0.25_d1_clustered_Ehigh_V2.00_Hmedium_PWmoderate_B0.10,15,0.2666666666666666,0.25,1,3,high,2.0,clustered,medium,moderate,0.1,20.0,5.0,1.0,peripheral,51.8315656188913,40.62385397244256,11.20771164644875,0.0,0.0,0.0,0.0,0.0,0.0,0.0,0.0,0.0,0.0,0.0,96.86275703581629,50.7798174655532,37.35903882149584,11,4,0.2666666666666666,1,1,4.0,4.0,0.0,0.0,0.0,0.0,0,0.3727776995278165,0.3727776995278165,0,0,0,6.1431615352630615,40.0,0.0,40.0,True,feasible,benchmark_feasibility_aware_alns
S0011_R04,1102030,feasibility_aware_alns,S0011,n15_p0.25_d1_clustered_Ehigh_V2.00_Hmedium_PWmoderate_B0.10,15,0.2666666666666666,0.25,1,3,high,2.0,clustered,medium,moderate,0.1,20.0,5.0,1.0,peripheral,77.8265684312998,45.154258840277976,9.607698108495033,0.0,23.0646114825268,23.0646114825268,1.15323057412634,0.0,0.0,1.15323057412634,23.0646114825268,0.0,0.0,0.0,106.50118557958346,56.44282355034746,32.02566036165011,11,4,0.2666666666666666,1,1,4.0,4.0,0.0,0.0,0.0,0.0,0,0.3172964568297426,0.3172964568297426,0,0,0,6.120544910430908,40.0,0.0,40.0,True,feasible,benchmark_feasibility_aware_alns
S0011_R05,1102031,feasibility_aware_alns,S0011,n15_p0.25_d1_clustered_Ehigh_V2.00_Hmedium_PWmoderate_B0.10,15,0.2666666666666666,0.25,1,3,high,2.0,clustered,medium,moderate,0.1,20.0,5.0,1.0,peripheral,58.26948075598055,46.98650883879361,11.282971917186938,0.0,0.0,0.0,0.0,0.0,0.0,0.0,0.0,0.0,0.0,0.0,111.10474169960877,58.73313604849202,37.60990639062312,11,4,0.2666666666666666,1,1,4.0,4.0,0.0,0.0,0.0,0.0,0,0.378112257480046,0.378112257480046,0,0,0,5.689203500747681,40.0,0.0,40.0,True,feasible,benchmark_feasibility_aware_alns
S0011_R06,1102032,feasibility_aware_alns,S0011,n15_p0.25_d1_clustered_Ehigh_V2.00_Hmedium_PWmoderate_B0.10,15,0.2666666666666666,0.25,1,3,high,2.0,clustered,medium,moderate,0.1,20.0,5.0,1.0,peripheral,1274.9119184465812,55.1394548662149,9.583806473752745,0.0,1210.1886571066136,1210.1886571066136,60.50943285533068,0.0,0.0,60.50943285533068,1210.1886571066136,0.0,0.0,0.0,129.14590151555336,68.92431858276862,31.94602157917582,11,4,0.2666666666666666,1,1,4.0,4.0,0.0,0.0,0.0,0.0,0,0.3155684597591853,0.3155684597591853,0,0,0,5.061380386352539,40.0,0.0,40.0,True,feasible,benchmark_feasibility_aware_alns
S0011_R07,1102033,feasibility_aware_alns,S0011,n15_p0.25_d1_clustered_Ehigh_V2.00_Hmedium_PWmoderate_B0.10,15,0.2666666666666666,0.25,1,3,high,2.0,clustered,medium,moderate,0.1,20.0,5.0,1.0,peripheral,50.393084027483,41.04783286086808,9.345251166614926,0.0,0.0,0.0,0.0,0.0,0.0,0.0,0.0,0.0,0.0,0.0,100.55892372143764,51.30979107608509,31.15083722204976,14,1,0.0666666666666666,1,1,1.0,1.0,0.0,0.0,0.0,0.0,0,0.2995272809812476,0.2995272809812476,0,0,0,5.229464054107666,40.0,0.0,40.0,True,feasible,benchmark_feasibility_aware_alns
S0011_R08,1102034,feasibility_aware_alns,S0011,n15_p0.25_d1_clustered_Ehigh_V2.00_Hmedium_PWmoderate_B0.10,15,0.2666666666666666,0.25,1,3,high,2.0,clustered,medium,moderate,0.1,20.0,5.0,1.0,peripheral,203.78844834987729,43.01983763655237,9.934443970531008,0.0,150.8341667427939,150.8341667427939,7.541708337139696,0.0,0.0,7.541708337139696,150.8341667427939,0.0,0.0,0.0,102.41145920315743,53.77479704569046,33.114813235103355,11,4,0.2666666666666666,1,1,4.0,4.0,0.0,0.0,0.0,0.0,0,0.3263872114978482,0.3263872114978482,0,0,0,5.828874349594116,40.0,0.0,40.0,True,feasible,benchmark_feasibility_aware_alns
S0011_R09,1102035,feasibility_aware_alns,S0011,n15_p0.25_d1_clustered_Ehigh_V2.00_Hmedium_PWmoderate_B0.10,15,0.2666666666666666,0.25,1,3,high,2.0,clustered,medium,moderate,0.1,20.0,5.0,1.0,peripheral,114.236749815303,42.616791540852624,8.971598204368371,0.0,62.64836007008199,62.64836007008199,3.1324180035041,0.0,0.0,3.1324180035041,62.64836007008199,0.0,0.0,0.0,100.25075735296016,53.270989426065775,29.905327347894577,11,4,0.2666666666666666,1,1,4.0,4.0,0.0,0.0,0.0,0.0,0,0.2962001482647657,0.2962001482647657,0,0,0,4.873876571655273,40.0,0.0,40.0,True,feasible,benchmark_feasibility_aware_alns
S0011_R10,1102036,feasibility_aware_alns,S0011,n15_p0.25_d1_clustered_Ehigh_V2.00_Hmedium_PWmoderate_B0.10,15,0.2666666666666666,0.25,1,3,high,2.0,clustered,medium,moderate,0.1,20.0,5.0,1.0,peripheral,58.99863448421021,48.486838376896486,10.511796107313726,0.0,0.0,0.0,0.0,0.0,0.0,0.0,0.0,0.0,0.0,0.0,115.88149003774944,60.6085479711206,35.03932035771243,11,4,0.2666666666666666,1,1,4.0,4.0,0.0,0.0,0.0,0.0,0,0.3514686760557904,0.3514686760557904,0,0,0,4.806223392486572,40.0,0.0,40.0,True,feasible,benchmark_feasibility_aware_alns
S0012_R01,1202027,feasibility_aware_alns,S0012,n15_p0.75_d1_uniform_Elow_V1.25_Hshort_PWstrict_B0.10,15,0.7333333333333333,0.75,1,3,low,1.25,uniform,short,strict,0.1,200.0,40.0,1.0,peripheral,2470.669470995493,116.62940360834487,4.133591557818076,0.0,2349.9064758293302,2349.9064758293302,11.74953237914665,0.0,0.0,11.74953237914665,2349.9064758293302,0.0,0.0,0.0,132.49729059782453,145.7867545104311,13.778638526060252,13,2,0.1333333333333333,1,1,2.0,2.0,0.0,0.0,0.0,0.0,0,0.4214072517029391,0.4214072517029391,0,0,0,5.471930980682373,40.0,0.0,40.0,True,feasible,benchmark_feasibility_aware_alns
S0012_R02,1202028,feasibility_aware_alns,S0012,n15_p0.75_d1_uniform_Elow_V1.25_Hshort_PWstrict_B0.10,15,0.7333333333333333,0.75,1,3,low,1.25,uniform,short,strict,0.1,200.0,40.0,1.0,peripheral,14668.604545765458,128.29418249958084,7.18132029537888,0.0,14533.1290429705,14533.1290429705,72.6656452148525,0.0,0.0,72.6656452148525,14533.1290429705,0.0,0.0,0.0,168.2146968578585,160.367728124476,23.9377343179296,14,1,0.0666666666666666,1,1,1.0,1.0,0.0,0.0,0.0,0.0,0,0.68393526622656,0.68393526622656,0,0,0,7.050275564193726,40.0,0.0,40.0,True,feasible,benchmark_feasibility_aware_alns
S0012_R03,1202029,feasibility_aware_alns,S0012,n15_p0.75_d1_uniform_Elow_V1.25_Hshort_PWstrict_B0.10,15,0.7333333333333333,0.75,1,3,low,1.25,uniform,short,strict,0.1,200.0,40.0,1.0,peripheral,6104.40982075138,137.8331314983446,8.799495876729175,0.0,5957.777193376306,5957.777193376306,29.78888596688153,0.0,0.0,29.78888596688153,5957.777193376306,0.0,0.0,0.0,175.88494805412392,172.29141437293077,29.331652922430585,13,2,0.1333333333333333,1,1,2.0,2.0,0.0,0.0,0.0,0.0,0,0.8380482711976587,0.8380482711976587,0,0,0,6.4248576164245605,40.0,0.0,40.0,True,feasible,benchmark_feasibility_aware_alns
S0012_R04,1202030,feasibility_aware_alns,S0012,n15_p0.75_d1_uniform_Elow_V1.25_Hshort_PWstrict_B0.10,15,0.7333333333333333,0.75,1,3,low,1.25,uniform,short,strict,0.1,200.0,40.0,1.0,peripheral,15585.841152630908,137.6167270241565,0.0,0.0,15448.224425606752,15448.224425606752,77.24112212803377,0.0,0.0,77.24112212803377,15448.224425606752,0.0,0.0,0.0,159.45675326832253,172.02090878019558,0.0,15,0,0.0,0,0,0.0,0.0,0.0,0.0,0.0,0.0,0,0.0,0.0,0,0,0,7.245675086975098,40.0,1.0,40.0,True,feasible,benchmark_feasibility_aware_alns
S0012_R05,1202031,feasibility_aware_alns,S0012,n15_p0.75_d1_uniform_Elow_V1.25_Hshort_PWstrict_B0.10,15,0.7333333333333333,0.75,1,3,low,1.25,uniform,short,strict,0.1,200.0,40.0,1.0,peripheral,8272.689458557295,115.99011895393323,8.53218397155084,0.0,8148.1671556318115,8148.1671556318115,40.74083577815906,0.0,0.0,40.74083577815906,8148.1671556318115,0.0,0.0,0.0,177.9900959973202,144.98764869241654,28.4406132385028,12,3,0.2,1,1,3.0,3.0,0.0,0.0,0.0,0.0,0,0.8553528762612154,0.8553528762612154,0,0,0,5.7693071365356445,40.0,0.0,40.0,True,feasible,benchmark_feasibility_aware_alns
S0012_R06,1202032,feasibility_aware_alns,S0012,n15_p0.75_d1_uniform_Elow_V1.25_Hshort_PWstrict_B0.10,15,0.7333333333333333,0.75,1,3,low,1.25,uniform,short,strict,0.1,200.0,40.0,1.0,peripheral,138.99740969629912,138.99740969629912,0.0,0.0,0.0,0.0,0.0,0.0,0.0,0.0,0.0,0.0,0.0,0.0,139.5242457033312,173.7467621203739,0.0,15,0,0.0,0,0,0.0,0.0,0.0,0.0,0.0,0.0,0,0.0,0.0,0,0,0,6.822516679763794,40.0,1.0,40.0,True,feasible,benchmark_feasibility_aware_alns
S0012_R07,1202033,feasibility_aware_alns,S0012,n15_p0.75_d1_uniform_Elow_V1.25_Hshort_PWstrict_B0.10,15,0.7333333333333333,0.75,1,3,low,1.25,uniform,short,strict,0.1,200.0,40.0,1.0,peripheral,115.99443988975084,108.9355510894992,7.058888800251649,0.0,0.0,0.0,0.0,0.0,0.0,0.0,0.0,0.0,0.0,0.0,156.03472708534093,136.1694388618739,23.529629334172167,13,2,0.1333333333333333,1,1,2.0,2.0,0.0,0.0,0.0,0.0,0,0.7224336473344278,0.7224336473344278,0,0,0,7.42127537727356,40.0,0.0,40.0,True,feasible,benchmark_feasibility_aware_alns
S0012_R08,1202034,feasibility_aware_alns,S0012,n15_p0.75_d1_uniform_Elow_V1.25_Hshort_PWstrict_B0.10,15,0.7333333333333333,0.75,1,3,low,1.25,uniform,short,strict,0.1,200.0,40.0,1.0,peripheral,6059.513966757057,99.18263458142444,8.813737974116671,0.0,5951.517594201516,5951.517594201516,29.75758797100757,0.0,0.0,29.75758797100757,5951.517594201515,0.0,0.0,0.0,120.18709097855964,123.97829322678056,29.379126580388903,12,3,0.2,1,1,3.0,3.0,0.0,0.0,0.0,0.0,0,0.8679358936373402,0.8679358936373402,0,0,0,6.521429300308228,40.0,0.0,40.0,True,feasible,benchmark_feasibility_aware_alns
S0012_R09,1202035,feasibility_aware_alns,S0012,n15_p0.75_d1_uniform_Elow_V1.25_Hshort_PWstrict_B0.10,15,0.7333333333333333,0.75,1,3,low,1.25,uniform,short,strict,0.1,200.0,40.0,1.0,peripheral,94.2638812573277,91.06311717359584,3.2007640837318485,0.0,0.0,0.0,0.0,0.0,0.0,0.0,0.0,0.0,0.0,0.0,109.81444738168264,113.82889646699482,10.669213612439496,13,2,0.1333333333333333,1,1,2.0,2.0,0.0,0.0,0.0,0.0,0,0.326848646927318,0.326848646927318,0,0,0,5.28073263168335,40.0,0.0,40.0,True,feasible,benchmark_feasibility_aware_alns
S0012_R10,1202036,feasibility_aware_alns,S0012,n15_p0.75_d1_uniform_Elow_V1.25_Hshort_PWstrict_B0.10,15,0.7333333333333333,0.75,1,3,low,1.25,uniform,short,strict,0.1,200.0,40.0,1.0,peripheral,131.0770220729946,123.21796922218556,7.859052850809024,0.0,0.0,0.0,0.0,0.0,0.0,0.0,0.0,0.0,0.0,0.0,148.20925230276532,154.0224615277319,26.196842836030083,13,2,0.1333333333333333,1,1,2.0,2.0,0.0,0.0,0.0,0.0,0,0.778291817826437,0.778291817826437,0,0,0,7.708855628967285,40.0,0.0,40.0,True,feasible,benchmark_feasibility_aware_alns
S0013_R01,1302027,feasibility_aware_alns,S0013,n15_p0.75_d1_clustered_Elow_V2.00_Hmedium_PWflat_B0.10,15,0.7333333333333333,0.75,1,3,low,2.0,clustered,medium,flat,0.1,1.0,1.0,1.0,peripheral,46.42824286029753,35.488299218165366,10.939943642132167,0.0,0.0,0.0,0.0,0.0,0.0,0.0,0.0,0.0,0.0,0.0,79.00056357069022,44.36037402270671,36.46647880710724,4,11,0.7333333333333333,1,1,11.0,11.0,0.0,0.0,0.0,0.0,0,0.6891010631959645,0.6891010631959645,0,0,0,6.599869728088379,40.0,0.0,40.0,True,feasible,benchmark_feasibility_aware_alns
S0013_R02,1302028,feasibility_aware_alns,S0013,n15_p0.75_d1_clustered_Elow_V2.00_Hmedium_PWflat_B0.10,15,0.7333333333333333,0.75,1,3,low,2.0,clustered,medium,flat,0.1,1.0,1.0,1.0,peripheral,51.7516273047134,38.45282664573452,13.29880065897888,0.0,0.0,0.0,0.0,0.0,0.0,0.0,0.0,0.0,0.0,0.0,85.84726565406945,48.06603330716814,44.32933552992961,4,11,0.7333333333333333,1,1,11.0,11.0,0.0,0.0,0.0,0.0,0,0.8504515093829441,0.8504515093829441,0,0,0,5.825635671615601,40.0,0.0,40.0,True,feasible,benchmark_feasibility_aware_alns
S0013_R03,1302029,feasibility_aware_alns,S0013,n15_p0.75_d1_clustered_Elow_V2.00_Hmedium_PWflat_B0.10,15,0.7333333333333333,0.75,1,3,low,2.0,clustered,medium,flat,0.1,1.0,1.0,1.0,peripheral,46.10360748508302,34.68931386024595,11.414293624837068,0.0,0.0,0.0,0.0,0.0,0.0,0.0,0.0,0.0,0.0,0.0,77.99739731723945,43.36164232530744,38.047645416123565,4,11,0.7333333333333333,1,1,11.0,11.0,0.0,0.0,0.0,0.0,0,0.7200933517320589,0.7200933517320589,0,0,0,6.694457054138184,40.0,0.0,40.0,True,feasible,benchmark_feasibility_aware_alns
S0013_R04,1302030,feasibility_aware_alns,S0013,n15_p0.75_d1_clustered_Elow_V2.00_Hmedium_PWflat_B0.10,15,0.7333333333333333,0.75,1,3,low,2.0,clustered,medium,flat,0.1,1.0,1.0,1.0,peripheral,50.3700739551112,40.07357074587903,10.29650320923216,0.0,0.0,0.0,0.0,0.0,0.0,0.0,0.0,0.0,0.0,0.0,93.40268502658483,50.09196343234879,34.3216773641072,8,7,0.4666666666666667,1,1,7.0,7.0,0.0,0.0,0.0,0.0,0,0.6355571131335205,0.6355571131335205,0,0,0,7.184020042419434,40.0,0.0,40.0,True,feasible,benchmark_feasibility_aware_alns
S0013_R05,1302031,feasibility_aware_alns,S0013,n15_p0.75_d1_clustered_Elow_V2.00_Hmedium_PWflat_B0.10,15,0.7333333333333333,0.75,1,3,low,2.0,clustered,medium,flat,0.1,1.0,1.0,1.0,peripheral,45.50562776272011,34.07781063386519,11.42781712885492,0.0,0.0,0.0,0.0,0.0,0.0,0.0,0.0,0.0,0.0,0.0,76.36138061383467,42.59726329233149,38.09272376284973,4,11,0.7333333333333333,1,1,11.0,11.0,0.0,0.0,0.0,0.0,0,0.717974723173734,0.717974723173734,0,0,0,7.69002628326416,40.0,0.0,40.0,True,feasible,benchmark_feasibility_aware_alns
S0013_R06,1302032,feasibility_aware_alns,S0013,n15_p0.75_d1_clustered_Elow_V2.00_Hmedium_PWflat_B0.10,15,0.7333333333333333,0.75,1,3,low,2.0,clustered,medium,flat,0.1,1.0,1.0,1.0,peripheral,52.96763827281261,40.12379576834739,12.843842504465211,0.0,0.0,0.0,0.0,0.0,0.0,0.0,0.0,0.0,0.0,0.0,92.226788374845,50.15474471043424,42.81280834821738,7,8,0.5333333333333333,1,1,8.0,8.0,0.0,0.0,0.0,0.0,0,0.809261149178015,0.809261149178015,0,0,0,6.004563093185425,40.0,0.0,40.0,True,feasible,benchmark_feasibility_aware_alns
S0013_R07,1302033,feasibility_aware_alns,S0013,n15_p0.75_d1_clustered_Elow_V2.00_Hmedium_PWflat_B0.10,15,0.7333333333333333,0.75,1,3,low,2.0,clustered,medium,flat,0.1,1.0,1.0,1.0,peripheral,53.54552003786834,40.824712309397455,12.720807728470884,0.0,0.0,0.0,0.0,0.0,0.0,0.0,0.0,0.0,0.0,0.0,92.38751784360436,51.030890386746805,42.402692428236286,6,9,0.6,1,1,9.0,9.0,0.0,0.0,0.0,0.0,0,0.800947078847859,0.800947078847859,0,0,0,6.542898654937744,40.0,0.0,40.0,True,feasible,benchmark_feasibility_aware_alns
S0013_R08,1302034,feasibility_aware_alns,S0013,n15_p0.75_d1_clustered_Elow_V2.00_Hmedium_PWflat_B0.10,15,0.7333333333333333,0.75,1,3,low,2.0,clustered,medium,flat,0.1,1.0,1.0,1.0,peripheral,46.7073128695338,35.471556916788764,11.23575595274504,0.0,0.0,0.0,0.0,0.0,0.0,0.0,0.0,0.0,0.0,0.0,80.23235688946097,44.33944614598595,37.45251984248346,5,10,0.6666666666666666,1,1,10.0,10.0,0.0,0.0,0.0,0.0,0,0.6971889658396787,0.6971889658396787,0,0,0,7.925170421600342,40.0,0.0,40.0,True,feasible,benchmark_feasibility_aware_alns
S0013_R09,1302035,feasibility_aware_alns,S0013,n15_p0.75_d1_clustered_Elow_V2.00_Hmedium_PWflat_B0.10,15,0.7333333333333333,0.75,1,3,low,2.0,clustered,medium,flat,0.1,1.0,1.0,1.0,peripheral,44.024030626507695,44.024030626507695,0.0,0.0,0.0,0.0,0.0,0.0,0.0,0.0,0.0,0.0,0.0,0.0,109.3214703967651,55.030038283134616,0.0,15,0,0.0,0,0,0.0,0.0,0.0,0.0,0.0,0.0,0,0.0,0.0,0,0,0,5.070911884307861,40.0,0.0,40.0,True,feasible,benchmark_feasibility_aware_alns
S0013_R10,1302036,feasibility_aware_alns,S0013,n15_p0.75_d1_clustered_Elow_V2.00_Hmedium_PWflat_B0.10,15,0.7333333333333333,0.75,1,3,low,2.0,clustered,medium,flat,0.1,1.0,1.0,1.0,peripheral,52.0590181561016,39.49130075467893,12.56771740142267,0.0,0.0,0.0,0.0,0.0,0.0,0.0,0.0,0.0,0.0,0.0,90.0191676021681,49.36412594334867,41.89239133807557,6,9,0.6,1,1,9.0,9.0,0.0,0.0,0.0,0.0,0,0.7958512014540218,0.7958512014540218,0,0,0,6.463681936264038,40.0,0.0,40.0,True,feasible,benchmark_feasibility_aware_alns
S0014_R01,1402027,feasibility_aware_alns,S0014,n15_p0.75_d1_clustered_Elow_V2.00_Hmedium_PWmoderate_B0.10,15,0.7333333333333333,0.75,1,3,low,2.0,clustered,medium,moderate,0.1,20.0,5.0,1.0,peripheral,49.3746934242092,38.79893326233612,10.575760161873074,0.0,0.0,0.0,0.0,0.0,0.0,0.0,0.0,0.0,0.0,0.0,86.27577646691174,48.49866657792015,35.25253387291025,5,10,0.6666666666666666,1,1,10.0,10.0,0.0,0.0,0.0,0.0,0,0.6633869416421871,0.6633869416421871,0,0,0,6.332036733627319,40.0,0.0,40.0,True,feasible,benchmark_feasibility_aware_alns
S0014_R02,1402028,feasibility_aware_alns,S0014,n15_p0.75_d1_clustered_Elow_V2.00_Hmedium_PWmoderate_B0.10,15,0.7333333333333333,0.75,1,3,low,2.0,clustered,medium,moderate,0.1,20.0,5.0,1.0,peripheral,50.1830343366121,39.35114603848208,10.831888298130025,0.0,0.0,0.0,0.0,0.0,0.0,0.0,0.0,0.0,0.0,0.0,86.56382497826591,49.1889325481026,36.10629432710009,4,11,0.7333333333333333,1,1,11.0,11.0,0.0,0.0,0.0,0.0,0,0.6762969318064721,0.6762969318064721,0,0,0,6.098851919174194,40.0,0.0,40.0,True,feasible,benchmark_feasibility_aware_alns
S0014_R03,1402029,feasibility_aware_alns,S0014,n15_p0.75_d1_clustered_Elow_V2.00_Hmedium_PWmoderate_B0.10,15,0.7333333333333333,0.75,1,3,low,2.0,clustered,medium,moderate,0.1,20.0,5.0,1.0,peripheral,48.72226686127702,37.01792932471263,11.704337536564385,0.0,0.0,0.0,0.0,0.0,0.0,0.0,0.0,0.0,0.0,0.0,83.1900606844275,46.27241165589079,39.014458455214616,5,10,0.6666666666666666,1,1,10.0,10.0,0.0,0.0,0.0,0.0,0,0.7447339013298504,0.7447339013298504,0,0,0,6.3243443965911865,40.0,0.0,40.0,True,feasible,benchmark_feasibility_aware_alns
S0014_R04,1402030,feasibility_aware_alns,S0014,n15_p0.75_d1_clustered_Elow_V2.00_Hmedium_PWmoderate_B0.10,15,0.7333333333333333,0.75,1,3,low,2.0,clustered,medium,moderate,0.1,20.0,5.0,1.0,peripheral,49.9405335836137,39.02820080103418,10.91233278257952,0.0,0.0,0.0,0.0,0.0,0.0,0.0,0.0,0.0,0.0,0.0,87.04450569193934,48.78525100129272,36.3744426085984,5,10,0.6666666666666666,1,1,10.0,10.0,0.0,0.0,0.0,0.0,0,0.6904996652042134,0.6904996652042134,0,0,0,7.852594614028931,40.0,0.0,40.0,True,feasible,benchmark_feasibility_aware_alns
S0014_R05,1402031,feasibility_aware_alns,S0014,n15_p0.75_d1_clustered_Elow_V2.00_Hmedium_PWmoderate_B0.10,15,0.7333333333333333,0.75,1,3,low,2.0,clustered,medium,moderate,0.1,20.0,5.0,1.0,peripheral,156.30862143699744,48.25661861565778,0.0,0.0,108.05200282133968,108.05200282133968,5.402600141066984,0.0,0.0,5.402600141066984,108.05200282133968,0.0,0.0,0.0,116.48939535221464,60.32077326957221,0.0,15,0,0.0,0,0,0.0,0.0,0.0,0.0,0.0,0.0,0,0.0,0.0,0,0,0,5.914866209030151,40.0,0.0,40.0,True,feasible,benchmark_feasibility_aware_alns
S0014_R06,1402032,feasibility_aware_alns,S0014,n15_p0.75_d1_clustered_Elow_V2.00_Hmedium_PWmoderate_B0.10,15,0.7333333333333333,0.75,1,3,low,2.0,clustered,medium,moderate,0.1,20.0,5.0,1.0,peripheral,49.804546938518726,38.05329125543452,11.75125568308421,0.0,0.0,0.0,0.0,0.0,0.0,0.0,0.0,0.0,0.0,0.0,87.62122565335778,47.56661406929315,39.17085227694737,7,8,0.5333333333333333,1,1,8.0,8.0,0.0,0.0,0.0,0.0,0,0.7405019721983592,0.7405019721983592,0,0,0,10.003995656967165,40.0,0.0,40.0,True,feasible,benchmark_feasibility_aware_alns
S0014_R07,1402033,feasibility_aware_alns,S0014,n15_p0.75_d1_clustered_Elow_V2.00_Hmedium_PWmoderate_B0.10,15,0.7333333333333333,0.75,1,3,low,2.0,clustered,medium,moderate,0.1,20.0,5.0,1.0,peripheral,49.15062040370151,36.83091528995665,12.319705113744858,0.0,0.0,0.0,0.0,0.0,0.0,0.0,0.0,0.0,0.0,0.0,81.56878347661643,46.03864411244581,41.06568371248287,4,11,0.7333333333333333,1,1,11.0,11.0,0.0,0.0,0.0,0.0,0,0.7771988839557047,0.7771988839557047,0,0,0,6.701232671737671,40.0,0.0,40.0,True,feasible,benchmark_feasibility_aware_alns
S0014_R08,1402034,feasibility_aware_alns,S0014,n15_p0.75_d1_clustered_Elow_V2.00_Hmedium_PWmoderate_B0.10,15,0.7333333333333333,0.75,1,3,low,2.0,clustered,medium,moderate,0.1,20.0,5.0,1.0,peripheral,47.24020251756302,35.289640438287975,11.950562079275045,0.0,0.0,0.0,0.0,0.0,0.0,0.0,0.0,0.0,0.0,0.0,78.68104042986357,44.112050547859965,39.835206930916826,4,11,0.7333333333333333,1,1,11.0,11.0,0.0,0.0,0.0,0.0,0,0.7576634872108059,0.7576634872108059,0,0,0,6.099777698516846,40.0,0.0,40.0,True,feasible,benchmark_feasibility_aware_alns
S0014_R09,1402035,feasibility_aware_alns,S0014,n15_p0.75_d1_clustered_Elow_V2.00_Hmedium_PWmoderate_B0.10,15,0.7333333333333333,0.75,1,3,low,2.0,clustered,medium,moderate,0.1,20.0,5.0,1.0,peripheral,51.41035589385108,39.79358286289999,11.616773030951096,0.0,0.0,0.0,0.0,0.0,0.0,0.0,0.0,0.0,0.0,0.0,91.27872180596124,49.74197857862498,38.72257676983698,6,9,0.6,1,1,9.0,9.0,0.0,0.0,0.0,0.0,0,0.7287951667258687,0.7287951667258687,0,0,0,6.639758586883545,40.0,0.0,40.0,True,feasible,benchmark_feasibility_aware_alns
S0014_R10,1402036,feasibility_aware_alns,S0014,n15_p0.75_d1_clustered_Elow_V2.00_Hmedium_PWmoderate_B0.10,15,0.7333333333333333,0.75,1,3,low,2.0,clustered,medium,moderate,0.1,20.0,5.0,1.0,peripheral,50.284893251796746,37.2390997067407,13.045793545056044,0.0,0.0,0.0,0.0,0.0,0.0,0.0,0.0,0.0,0.0,0.0,83.33127770225438,46.54887463342588,43.48597848352014,4,11,0.7333333333333333,1,1,11.0,11.0,0.0,0.0,0.0,0.0,0,0.8301493592825454,0.8301493592825454,0,0,0,5.844248533248901,40.0,0.0,40.0,True,feasible,benchmark_feasibility_aware_alns
S0015_R01,1502027,feasibility_aware_alns,S0015,n15_p0.75_d1_clustered_Emedium_V1.25_Hshort_PWmoderate_B0.10,15,0.7333333333333333,0.75,1,3,medium,1.25,clustered,short,moderate,0.1,20.0,5.0,1.0,peripheral,48.33870243776602,36.1966899706502,12.142012467115828,0.0,0.0,0.0,0.0,0.0,0.0,0.0,0.0,0.0,0.0,0.0,83.30131766233248,45.24586246331275,40.47337489038609,7,8,0.5333333333333333,1,1,8.0,8.0,0.0,0.0,0.0,0.0,0,0.8510500393612085,0.8510500393612085,0,0,0,6.748034238815308,40.0,0.0,40.0,True,feasible,benchmark_feasibility_aware_alns
S0015_R02,1502028,feasibility_aware_alns,S0015,n15_p0.75_d1_clustered_Emedium_V1.25_Hshort_PWmoderate_B0.10,15,0.7333333333333333,0.75,1,3,medium,1.25,clustered,short,moderate,0.1,20.0,5.0,1.0,peripheral,44.20031759828704,34.12896299615089,10.07135460213615,0.0,0.0,0.0,0.0,0.0,0.0,0.0,0.0,0.0,0.0,0.0,76.3748208240498,42.661203745188615,33.5711820071205,5,10,0.6666666666666666,1,1,10.0,10.0,0.0,0.0,0.0,0.0,0,0.7045597895087476,0.7045597895087476,0,0,0,7.58518123626709,40.0,0.0,40.0,True,feasible,benchmark_feasibility_aware_alns
S0015_R03,1502029,feasibility_aware_alns,S0015,n15_p0.75_d1_clustered_Emedium_V1.25_Hshort_PWmoderate_B0.10,15,0.7333333333333333,0.75,1,3,medium,1.25,clustered,short,moderate,0.1,20.0,5.0,1.0,peripheral,46.45351956481612,35.15324776685023,11.300271797965896,0.0,0.0,0.0,0.0,0.0,0.0,0.0,0.0,0.0,0.0,0.0,78.78081614948238,43.94155970856279,37.66757265988632,5,10,0.6666666666666666,1,1,10.0,10.0,0.0,0.0,0.0,0.0,0,0.7935127726572184,0.7935127726572184,0,0,0,9.99818730354309,40.0,0.0,40.0,True,feasible,benchmark_feasibility_aware_alns
S0015_R04,1502030,feasibility_aware_alns,S0015,n15_p0.75_d1_clustered_Emedium_V1.25_Hshort_PWmoderate_B0.10,15,0.7333333333333333,0.75,1,3,medium,1.25,clustered,short,moderate,0.1,20.0,5.0,1.0,peripheral,98.74437427653334,45.29813579902728,11.963616781501193,0.0,41.482621696004855,41.482621696004855,2.0741310848002428,0.0,0.0,2.0741310848002428,41.482621696004855,0.0,0.0,0.0,104.47856450157418,56.622669748784105,39.87872260500397,8,7,0.4666666666666667,1,1,7.0,7.0,0.0,0.0,0.0,0.0,0,0.8430163623189335,0.8430163623189335,0,0,0,7.245382785797119,40.0,0.0,40.0,True,feasible,benchmark_feasibility_aware_alns
S0015_R05,1502031,feasibility_aware_alns,S0015,n15_p0.75_d1_clustered_Emedium_V1.25_Hshort_PWmoderate_B0.10,15,0.7333333333333333,0.75,1,3,medium,1.25,clustered,short,moderate,0.1,20.0,5.0,1.0,peripheral,51.55398480387407,39.15133851865116,12.402646285222906,0.0,0.0,0.0,0.0,0.0,0.0,0.0,0.0,0.0,0.0,0.0,88.11275415700301,48.93917314831394,41.34215428407635,5,10,0.6666666666666666,1,1,10.0,10.0,0.0,0.0,0.0,0.0,0,0.8881025387853799,0.8881025387853799,0,0,0,5.20764946937561,40.0,0.0,40.0,True,feasible,benchmark_feasibility_aware_alns
S0015_R06,1502032,feasibility_aware_alns,S0015,n15_p0.75_d1_clustered_Emedium_V1.25_Hshort_PWmoderate_B0.10,15,0.7333333333333333,0.75,1,3,medium,1.25,clustered,short,moderate,0.1,20.0,5.0,1.0,peripheral,57.67437535591471,46.83653837318916,10.837836982725554,0.0,0.0,0.0,0.0,0.0,0.0,0.0,0.0,0.0,0.0,0.0,106.01981466150004,58.54567296648644,36.12612327575185,7,8,0.5333333333333333,1,1,8.0,8.0,0.0,0.0,0.0,0.0,0,0.7516586503524033,0.7516586503524033,0,0,0,6.214722633361816,40.0,0.0,40.0,True,feasible,benchmark_feasibility_aware_alns
S0015_R07,1502033,feasibility_aware_alns,S0015,n15_p0.75_d1_clustered_Emedium_V1.25_Hshort_PWmoderate_B0.10,15,0.7333333333333333,0.75,1,3,medium,1.25,clustered,short,moderate,0.1,20.0,5.0,1.0,peripheral,56.345691229406334,44.679216416230325,11.66647481317601,0.0,0.0,0.0,0.0,0.0,0.0,0.0,0.0,0.0,0.0,0.0,99.8579689456168,55.84902052028791,38.88824937725337,6,9,0.6,1,1,9.0,9.0,0.0,0.0,0.0,0.0,0,0.8321575963886625,0.8321575963886625,0,0,0,5.726624011993408,40.0,0.0,40.0,True,feasible,benchmark_feasibility_aware_alns
S0015_R08,1502034,feasibility_aware_alns,S0015,n15_p0.75_d1_clustered_Emedium_V1.25_Hshort_PWmoderate_B0.10,15,0.7333333333333333,0.75,1,3,medium,1.25,clustered,short,moderate,0.1,20.0,5.0,1.0,peripheral,49.278219549412434,38.439129966638006,10.83908958277443,0.0,0.0,0.0,0.0,0.0,0.0,0.0,0.0,0.0,0.0,0.0,90.01423038874748,48.0489124582975,36.1302986092481,8,7,0.4666666666666667,1,1,7.0,7.0,0.0,0.0,0.0,0.0,0,0.7709295720757844,0.7709295720757844,0,0,0,5.572818994522095,40.0,0.0,40.0,True,feasible,benchmark_feasibility_aware_alns
S0015_R09,1502035,feasibility_aware_alns,S0015,n15_p0.75_d1_clustered_Emedium_V1.25_Hshort_PWmoderate_B0.10,15,0.7333333333333333,0.75,1,3,medium,1.25,clustered,short,moderate,0.1,20.0,5.0,1.0,peripheral,54.32934526792143,42.89685020382203,11.4324950640994,0.0,0.0,0.0,0.0,0.0,0.0,0.0,0.0,0.0,0.0,0.0,97.57679259256012,53.62106275477752,38.10831688033134,7,8,0.5333333333333333,1,1,8.0,8.0,0.0,0.0,0.0,0.0,0,0.8018358149475666,0.8018358149475666,0,0,0,6.5495381355285645,40.0,0.0,40.0,True,feasible,benchmark_feasibility_aware_alns
S0015_R10,1502036,feasibility_aware_alns,S0015,n15_p0.75_d1_clustered_Emedium_V1.25_Hshort_PWmoderate_B0.10,15,0.7333333333333333,0.75,1,3,medium,1.25,clustered,short,moderate,0.1,20.0,5.0,1.0,peripheral,52.16116371497213,40.52301276891097,11.638150946061169,0.0,0.0,0.0,0.0,0.0,0.0,0.0,0.0,0.0,0.0,0.0,92.6100631809192,50.6537659611387,38.79383648687057,6,9,0.6,1,1,9.0,9.0,0.0,0.0,0.0,0.0,0,0.8145450272639299,0.8145450272639299,0,0,0,6.504441499710083,40.0,0.0,40.0,True,feasible,benchmark_feasibility_aware_alns
S0016_R01,1602027,feasibility_aware_alns,S0016,n15_p0.75_d1_clustered_Emedium_V1.25_Hmedium_PWbase_B0.10,15,0.7333333333333333,0.75,1,3,medium,1.25,clustered,medium,base,0.1,100.0,20.0,1.0,peripheral,52.74462746649755,42.10944603831946,10.635181428178084,0.0,0.0,0.0,0.0,0.0,0.0,0.0,0.0,0.0,0.0,0.0,94.52061938020178,52.63680754789932,35.45060476059361,5,10,0.6666666666666666,1,1,10.0,10.0,0.0,0.0,0.0,0.0,0,0.7470709923079304,0.7470709923079304,0,0,0,6.139538764953613,40.0,0.0,40.0,True,feasible,benchmark_feasibility_aware_alns
S0016_R02,1602028,feasibility_aware_alns,S0016,n15_p0.75_d1_clustered_Emedium_V1.25_Hmedium_PWbase_B0.10,15,0.7333333333333333,0.75,1,3,medium,1.25,clustered,medium,base,0.1,100.0,20.0,1.0,peripheral,236.04349593722145,43.62010442937295,11.194816691181911,0.0,181.22857481666657,181.22857481666657,1.8122857481666657,0.0,0.0,1.8122857481666657,181.22857481666657,0.0,0.0,0.0,97.81778951606776,54.52513053671619,37.31605563727304,6,9,0.6,1,1,9.0,9.0,0.0,0.0,0.0,0.0,0,0.786116091410327,0.786116091410327,0,0,0,8.931102752685547,40.0,0.0,40.0,True,feasible,benchmark_feasibility_aware_alns
S0016_R03,1602029,feasibility_aware_alns,S0016,n15_p0.75_d1_clustered_Emedium_V1.25_Hmedium_PWbase_B0.10,15,0.7333333333333333,0.75,1,3,medium,1.25,clustered,medium,base,0.1,100.0,20.0,1.0,peripheral,49.95089227934749,38.40809441219845,11.54279786714904,0.0,0.0,0.0,0.0,0.0,0.0,0.0,0.0,0.0,0.0,0.0,86.24671478324758,48.01011801524806,38.475992890496805,5,10,0.6666666666666666,1,1,10.0,10.0,0.0,0.0,0.0,0.0,0,0.8227433676068983,0.8227433676068983,0,0,0,6.61930251121521,40.0,0.0,40.0,True,feasible,benchmark_feasibility_aware_alns
S0016_R04,1602030,feasibility_aware_alns,S0016,n15_p0.75_d1_clustered_Emedium_V1.25_Hmedium_PWbase_B0.10,15,0.7333333333333333,0.75,1,3,medium,1.25,clustered,medium,base,0.1,100.0,20.0,1.0,peripheral,59.93149953430489,49.24507892929313,10.686420605011763,0.0,0.0,0.0,0.0,0.0,0.0,0.0,0.0,0.0,0.0,0.0,108.94011615537396,61.5563486616164,35.621402016705886,6,9,0.6,1,1,9.0,9.0,0.0,0.0,0.0,0.0,0,0.7664888046596824,0.7664888046596824,0,0,0,5.646604776382446,40.0,0.0,40.0,True,feasible,benchmark_feasibility_aware_alns
S0016_R05,1602031,feasibility_aware_alns,S0016,n15_p0.75_d1_clustered_Emedium_V1.25_Hmedium_PWbase_B0.10,15,0.7333333333333333,0.75,1,3,medium,1.25,clustered,medium,base,0.1,100.0,20.0,1.0,peripheral,48.82281649159185,48.82281649159185,0.0,0.0,0.0,0.0,0.0,0.0,0.0,0.0,0.0,0.0,0.0,0.0,119.30496198164244,61.02852061448981,0.0,15,0,0.0,0,0,0.0,0.0,0.0,0.0,0.0,0.0,0,0.0,0.0,0,0,0,4.506972074508667,40.0,0.0,40.0,True,feasible,benchmark_feasibility_aware_alns
S0016_R06,1602032,feasibility_aware_alns,S0016,n15_p0.75_d1_clustered_Emedium_V1.25_Hmedium_PWbase_B0.10,15,0.7333333333333333,0.75,1,3,medium,1.25,clustered,medium,base,0.1,100.0,20.0,1.0,peripheral,49.10218553969023,37.86772464477011,11.23446089492012,0.0,0.0,0.0,0.0,0.0,0.0,0.0,0.0,0.0,0.0,0.0,84.24939610227642,47.33465580596263,37.44820298306707,4,11,0.7333333333333333,1,1,11.0,11.0,0.0,0.0,0.0,0.0,0,0.7924972223080021,0.7924972223080021,0,0,0,6.507615089416504,40.0,0.0,40.0,True,feasible,benchmark_feasibility_aware_alns
S0016_R07,1602033,feasibility_aware_alns,S0016,n15_p0.75_d1_clustered_Emedium_V1.25_Hmedium_PWbase_B0.10,15,0.7333333333333333,0.75,1,3,medium,1.25,clustered,medium,base,0.1,100.0,20.0,1.0,peripheral,52.19134843429516,41.08534825723162,11.106000177063535,0.0,0.0,0.0,0.0,0.0,0.0,0.0,0.0,0.0,0.0,0.0,94.42515418746814,51.35668532153954,37.020000590211794,6,9,0.6,1,1,9.0,9.0,0.0,0.0,0.0,0.0,0,0.7791456208560824,0.7791456208560824,0,0,0,6.195598840713501,40.0,0.0,40.0,True,feasible,benchmark_feasibility_aware_alns
S0016_R08,1602034,feasibility_aware_alns,S0016,n15_p0.75_d1_clustered_Emedium_V1.25_Hmedium_PWbase_B0.10,15,0.7333333333333333,0.75,1,3,medium,1.25,clustered,medium,base,0.1,100.0,20.0,1.0,peripheral,49.0964774210194,37.94413828295418,11.15233913806522,0.0,0.0,0.0,0.0,0.0,0.0,0.0,0.0,0.0,0.0,0.0,85.80065032199161,47.43017285369272,37.174463793550736,6,9,0.6,1,1,9.0,9.0,0.0,0.0,0.0,0.0,0,0.7848254976221667,0.7848254976221667,0,0,0,6.292966604232788,40.0,0.0,40.0,True,feasible,benchmark_feasibility_aware_alns
S0016_R09,1602035,feasibility_aware_alns,S0016,n15_p0.75_d1_clustered_Emedium_V1.25_Hmedium_PWbase_B0.10,15,0.7333333333333333,0.75,1,3,medium,1.25,clustered,medium,base,0.1,100.0,20.0,1.0,peripheral,47.1433855263444,35.70457224490571,11.43881328143869,0.0,0.0,0.0,0.0,0.0,0.0,0.0,0.0,0.0,0.0,0.0,81.02910301826178,44.63071530613214,38.12937760479564,5,10,0.6666666666666666,1,1,10.0,10.0,0.0,0.0,0.0,0.0,0,0.8069712362815857,0.8069712362815857,0,0,0,6.418145179748535,40.0,0.0,40.0,True,feasible,benchmark_feasibility_aware_alns
S0016_R10,1602036,feasibility_aware_alns,S0016,n15_p0.75_d1_clustered_Emedium_V1.25_Hmedium_PWbase_B0.10,15,0.7333333333333333,0.75,1,3,medium,1.25,clustered,medium,base,0.1,100.0,20.0,1.0,peripheral,49.22432983172235,49.22432983172235,0.0,0.0,0.0,0.0,0.0,0.0,0.0,0.0,0.0,0.0,0.0,0.0,120.37603914540396,61.53041228965293,0.0,15,0,0.0,0,0,0.0,0.0,0.0,0.0,0.0,0.0,0,0.0,0.0,0,0,0,4.9433207511901855,40.0,0.0,40.0,True,feasible,benchmark_feasibility_aware_alns
S0017_R01,1702027,feasibility_aware_alns,S0017,n15_p0.75_d1_uniform_Emedium_V1.25_Hlong_PWflat_B0.10,15,0.7333333333333333,0.75,1,3,medium,1.25,uniform,long,flat,0.1,1.0,1.0,1.0,peripheral,104.74650719557928,92.41970664631484,12.326800549264457,0.0,0.0,0.0,0.0,0.0,0.0,0.0,0.0,0.0,0.0,0.0,149.64823591050123,115.52463330789354,41.08933516421486,11,4,0.2666666666666666,1,1,4.0,4.0,0.0,0.0,0.0,0.0,0,0.8791587711859938,0.8791587711859938,0,0,0,6.926461458206177,40.0,0.0,40.0,True,feasible,benchmark_feasibility_aware_alns
S0017_R02,1702028,feasibility_aware_alns,S0017,n15_p0.75_d1_uniform_Emedium_V1.25_Hlong_PWflat_B0.10,15,0.7333333333333333,0.75,1,3,medium,1.25,uniform,long,flat,0.1,1.0,1.0,1.0,peripheral,130.63379813993302,107.9706181464157,11.142767048035171,0.0,11.520412945482157,11.520412945482157,11.520412945482157,0.0,0.0,11.520412945482157,11.520412945482157,0.0,0.0,0.0,135.74364487294218,134.96327268301962,37.14255682678391,10,5,0.3333333333333333,1,1,5.0,5.0,0.0,0.0,0.0,0.0,0,0.830392692741615,0.830392692741615,0,0,0,6.337745904922485,40.0,0.0,40.0,True,feasible,benchmark_feasibility_aware_alns
S0017_R03,1702029,feasibility_aware_alns,S0017,n15_p0.75_d1_uniform_Emedium_V1.25_Hlong_PWflat_B0.10,15,0.7333333333333333,0.75,1,3,medium,1.25,uniform,long,flat,0.1,1.0,1.0,1.0,peripheral,203.31164453441093,138.69653514409683,12.271652640219363,0.0,52.34345675009472,52.34345675009472,52.34345675009472,0.0,0.0,52.34345675009472,52.34345675009472,0.0,0.0,0.0,140.17779116488344,173.37066893012098,40.90550880073121,11,4,0.2666666666666666,1,1,4.0,4.0,0.0,0.0,0.0,0.0,0,0.889274233560266,0.889274233560266,0,0,0,8.304428577423096,40.0,0.0,40.0,True,feasible,benchmark_feasibility_aware_alns
S0017_R04,1702030,feasibility_aware_alns,S0017,n15_p0.75_d1_uniform_Emedium_V1.25_Hlong_PWflat_B0.10,15,0.7333333333333333,0.75,1,3,medium,1.25,uniform,long,flat,0.1,1.0,1.0,1.0,peripheral,180.0420436251023,116.4706353111972,11.772044110297596,0.0,51.79936420360753,51.79936420360753,51.79936420360753,0.0,0.0,51.79936420360753,51.79936420360753,0.0,0.0,0.0,147.03850071522294,145.58829413899645,39.24014703432532,12,3,0.2,1,1,3.0,3.0,0.0,0.0,0.0,0.0,0,0.8056297127120949,0.8056297127120949,0,0,0,6.485377550125122,40.0,0.0,40.0,True,feasible,benchmark_feasibility_aware_alns
S0017_R05,1702031,feasibility_aware_alns,S0017,n15_p0.75_d1_uniform_Emedium_V1.25_Hlong_PWflat_B0.10,15,0.7333333333333333,0.75,1,3,medium,1.25,uniform,long,flat,0.1,1.0,1.0,1.0,peripheral,127.44400101724894,118.63391397173324,8.8100870455157,0.0,0.0,0.0,0.0,0.0,0.0,0.0,0.0,0.0,0.0,0.0,109.98969612012743,148.29239246466653,29.36695681838567,13,2,0.1333333333333333,1,1,2.0,2.0,0.0,0.0,0.0,0.0,0,0.6155722476017533,0.6155722476017533,0,0,0,6.242980480194092,40.0,0.0,40.0,True,feasible,benchmark_feasibility_aware_alns
S0017_R06,1702032,feasibility_aware_alns,S0017,n15_p0.75_d1_uniform_Emedium_V1.25_Hlong_PWflat_B0.10,15,0.7333333333333333,0.75,1,3,medium,1.25,uniform,long,flat,0.1,1.0,1.0,1.0,peripheral,155.20403250928908,143.579331468549,11.624701040740057,0.0,0.0,0.0,0.0,0.0,0.0,0.0,0.0,0.0,0.0,0.0,143.73180220024574,179.47416433568625,38.74900346913352,13,2,0.1333333333333333,1,1,2.0,2.0,0.0,0.0,0.0,0.0,0,0.7983523091948498,0.7983523091948498,0,0,0,7.466909170150757,40.0,0.0,40.0,True,feasible,benchmark_feasibility_aware_alns
S0017_R07,1702033,feasibility_aware_alns,S0017,n15_p0.75_d1_uniform_Emedium_V1.25_Hlong_PWflat_B0.10,15,0.7333333333333333,0.75,1,3,medium,1.25,uniform,long,flat,0.1,1.0,1.0,1.0,peripheral,306.7240297973555,85.28627719199582,12.217945458252313,0.0,209.21980714710736,209.21980714710736,182.51588305639257,26.703924090714796,0.0,209.21980714710736,182.51588305639257,26.703924090714796,0.0,0.0,194.232987527952,106.60784648999478,40.72648486084104,11,4,0.2666666666666666,1,1,4.0,4.0,0.0,0.0,0.0,0.0,0,0.8952948701617205,0.8952948701617205,0,0,0,5.102393388748169,40.0,0.0,40.0,True,feasible,benchmark_feasibility_aware_alns
S0017_R08,1702034,feasibility_aware_alns,S0017,n15_p0.75_d1_uniform_Emedium_V1.25_Hlong_PWflat_B0.10,15,0.7333333333333333,0.75,1,3,medium,1.25,uniform,long,flat,0.1,1.0,1.0,1.0,peripheral,145.03637249377928,105.21596391477708,11.722377538148834,0.0,28.098031040853364,28.098031040853364,28.098031040853364,0.0,0.0,28.098031040853364,28.098031040853364,0.0,0.0,0.0,149.26582960734504,131.51995489347132,39.07459179382944,11,4,0.2666666666666666,1,1,4.0,4.0,0.0,0.0,0.0,0.0,0,0.8197276117626079,0.8197276117626079,0,0,0,6.634215354919434,40.0,0.0,40.0,True,feasible,benchmark_feasibility_aware_alns
S0017_R09,1702035,feasibility_aware_alns,S0017,n15_p0.75_d1_uniform_Emedium_V1.25_Hlong_PWflat_B0.10,15,0.7333333333333333,0.75,1,3,medium,1.25,uniform,long,flat,0.1,1.0,1.0,1.0,peripheral,164.5176290305073,112.06689450990554,12.666388783784589,0.0,39.78434573681719,39.78434573681719,39.78434573681719,0.0,0.0,39.78434573681719,39.78434573681719,0.0,0.0,0.0,124.85849444797412,140.0836181373819,42.22129594594862,11,4,0.2666666666666666,1,1,4.0,4.0,0.0,0.0,0.0,0.0,0,0.8829950395415119,0.8829950395415119,0,0,0,6.194445610046387,40.0,0.0,40.0,True,feasible,benchmark_feasibility_aware_alns
S0017_R10,1702036,feasibility_aware_alns,S0017,n15_p0.75_d1_uniform_Emedium_V1.25_Hlong_PWflat_B0.10,15,0.7333333333333333,0.75,1,3,medium,1.25,uniform,long,flat,0.1,1.0,1.0,1.0,peripheral,149.17007273045593,121.65718092188854,11.974940873382993,0.0,15.537950935184398,15.537950935184398,15.537950935184398,0.0,0.0,15.537950935184398,15.537950935184398,0.0,0.0,0.0,159.61529489906303,152.07147615236062,39.9164695779433,11,4,0.2666666666666666,1,1,4.0,4.0,0.0,0.0,0.0,0.0,0,0.8309671419481439,0.8309671419481439,0,0,0,6.412858724594116,40.0,0.0,40.0,True,feasible,benchmark_feasibility_aware_alns
S0018_R01,1802027,feasibility_aware_alns,S0018,n15_p0.75_d1_clustered_Emedium_V2.00_Hshort_PWbase_B0.10,15,0.7333333333333333,0.75,1,3,medium,2.0,clustered,short,base,0.1,100.0,20.0,1.0,peripheral,50.73997800762636,39.24200499882885,11.497973008797503,0.0,0.0,0.0,0.0,0.0,0.0,0.0,0.0,0.0,0.0,0.0,87.45835718541265,49.05250624853606,38.32657669599168,4,11,0.7333333333333333,1,1,11.0,11.0,0.0,0.0,0.0,0.0,0,0.5075085014819974,0.5075085014819974,0,0,0,9.341536045074465,40.0,0.0,40.0,True,feasible,benchmark_feasibility_aware_alns
S0018_R02,1802028,feasibility_aware_alns,S0018,n15_p0.75_d1_clustered_Emedium_V2.00_Hshort_PWbase_B0.10,15,0.7333333333333333,0.75,1,3,medium,2.0,clustered,short,base,0.1,100.0,20.0,1.0,peripheral,57.58662020063257,46.08714689085248,11.499473309780084,0.0,0.0,0.0,0.0,0.0,0.0,0.0,0.0,0.0,0.0,0.0,103.90317173770585,57.6089336135656,38.331577699266944,6,9,0.6,1,1,9.0,9.0,0.0,0.0,0.0,0.0,0,0.5052025138756612,0.5052025138756612,0,0,0,8.400594472885132,40.0,0.0,40.0,True,feasible,benchmark_feasibility_aware_alns
S0018_R03,1802029,feasibility_aware_alns,S0018,n15_p0.75_d1_clustered_Emedium_V2.00_Hshort_PWbase_B0.10,15,0.7333333333333333,0.75,1,3,medium,2.0,clustered,short,base,0.1,100.0,20.0,1.0,peripheral,51.0608725253818,38.73370661978901,12.327165905592794,0.0,0.0,0.0,0.0,0.0,0.0,0.0,0.0,0.0,0.0,0.0,86.75301656901135,48.41713327473625,41.09055301864265,4,11,0.7333333333333333,1,1,11.0,11.0,0.0,0.0,0.0,0.0,0,0.537176100297015,0.537176100297015,0,0,0,6.530076265335083,40.0,0.0,40.0,True,feasible,benchmark_feasibility_aware_alns
S0018_R04,1802030,feasibility_aware_alns,S0018,n15_p0.75_d1_clustered_Emedium_V2.00_Hshort_PWbase_B0.10,15,0.7333333333333333,0.75,1,3,medium,2.0,clustered,short,base,0.1,100.0,20.0,1.0,peripheral,46.75843411486012,46.75843411486012,0.0,0.0,0.0,0.0,0.0,0.0,0.0,0.0,0.0,0.0,0.0,0.0,114.20596367905428,58.44804264357515,0.0,15,0,0.0,0,0,0.0,0.0,0.0,0.0,0.0,0.0,0,0.0,0.0,0,0,0,4.653655052185059,40.0,0.0,40.0,True,feasible,benchmark_feasibility_aware_alns
S0018_R05,1802031,feasibility_aware_alns,S0018,n15_p0.75_d1_clustered_Emedium_V2.00_Hshort_PWbase_B0.10,15,0.7333333333333333,0.75,1,3,medium,2.0,clustered,short,base,0.1,100.0,20.0,1.0,peripheral,54.6810283203194,42.07826392683892,12.602764393480484,0.0,0.0,0.0,0.0,0.0,0.0,0.0,0.0,0.0,0.0,0.0,93.5196295242279,52.59782990854864,42.00921464493494,4,11,0.7333333333333333,1,1,11.0,11.0,0.0,0.0,0.0,0.0,0,0.5514357399741127,0.5514357399741127,0,0,0,5.6081249713897705,40.0,0.0,40.0,True,feasible,benchmark_feasibility_aware_alns
S0018_R06,1802032,feasibility_aware_alns,S0018,n15_p0.75_d1_clustered_Emedium_V2.00_Hshort_PWbase_B0.10,15,0.7333333333333333,0.75,1,3,medium,2.0,clustered,short,base,0.1,100.0,20.0,1.0,peripheral,46.39229859179571,36.542332305827735,9.849966285967977,0.0,0.0,0.0,0.0,0.0,0.0,0.0,0.0,0.0,0.0,0.0,82.50178865532885,45.67791538228467,32.833220953226586,7,8,0.5333333333333333,1,1,8.0,8.0,0.0,0.0,0.0,0.0,0,0.4242831982274653,0.4242831982274653,0,0,0,6.341158866882324,40.0,0.0,40.0,True,feasible,benchmark_feasibility_aware_alns
S0018_R07,1802033,feasibility_aware_alns,S0018,n15_p0.75_d1_clustered_Emedium_V2.00_Hshort_PWbase_B0.10,15,0.7333333333333333,0.75,1,3,medium,2.0,clustered,short,base,0.1,100.0,20.0,1.0,peripheral,52.32281401938925,39.65938096566764,12.663433053721612,0.0,0.0,0.0,0.0,0.0,0.0,0.0,0.0,0.0,0.0,0.0,88.42873912754263,49.57422620708454,42.211443512405374,5,10,0.6666666666666666,1,1,10.0,10.0,0.0,0.0,0.0,0.0,0,0.5559350080927864,0.5559350080927864,0,0,0,5.878509759902954,40.0,0.0,40.0,True,feasible,benchmark_feasibility_aware_alns
S0018_R08,1802034,feasibility_aware_alns,S0018,n15_p0.75_d1_clustered_Emedium_V2.00_Hshort_PWbase_B0.10,15,0.7333333333333333,0.75,1,3,medium,2.0,clustered,short,base,0.1,100.0,20.0,1.0,peripheral,52.84372097209146,41.21387580064976,11.629845171441705,0.0,0.0,0.0,0.0,0.0,0.0,0.0,0.0,0.0,0.0,0.0,92.60453871914116,51.51734475081219,38.76615057147235,5,10,0.6666666666666666,1,1,10.0,10.0,0.0,0.0,0.0,0.0,0,0.50900422556147,0.50900422556147,0,0,0,6.030481576919556,40.0,0.0,40.0,True,feasible,benchmark_feasibility_aware_alns
S0018_R09,1802035,feasibility_aware_alns,S0018,n15_p0.75_d1_clustered_Emedium_V2.00_Hshort_PWbase_B0.10,15,0.7333333333333333,0.75,1,3,medium,2.0,clustered,short,base,0.1,100.0,20.0,1.0,peripheral,48.46102095834172,37.1741190494417,11.28690190890002,0.0,0.0,0.0,0.0,0.0,0.0,0.0,0.0,0.0,0.0,0.0,85.564978444687,46.46764881180212,37.62300636300007,7,8,0.5333333333333333,1,1,8.0,8.0,0.0,0.0,0.0,0.0,0,0.4934083668097885,0.4934083668097885,0,0,0,6.056876659393311,40.0,0.0,40.0,True,feasible,benchmark_feasibility_aware_alns
S0018_R10,1802036,feasibility_aware_alns,S0018,n15_p0.75_d1_clustered_Emedium_V2.00_Hshort_PWbase_B0.10,15,0.7333333333333333,0.75,1,3,medium,2.0,clustered,short,base,0.1,100.0,20.0,1.0,peripheral,49.65310094838948,38.02141703737319,11.63168391101629,0.0,0.0,0.0,0.0,0.0,0.0,0.0,0.0,0.0,0.0,0.0,84.53196740854202,47.52677129671648,38.77227970338763,5,10,0.6666666666666666,1,1,10.0,10.0,0.0,0.0,0.0,0.0,0,0.5117510317171896,0.5117510317171896,0,0,0,8.043205499649048,40.0,0.0,40.0,True,feasible,benchmark_feasibility_aware_alns
S0019_R01,1902027,feasibility_aware_alns,S0019,n15_p0.75_d1_clustered_Emedium_V2.00_Hshort_PWstrict_B0.10,15,0.7333333333333333,0.75,1,3,medium,2.0,clustered,short,strict,0.1,200.0,40.0,1.0,peripheral,45.04382026708846,33.273291697081326,11.770528570007135,0.0,0.0,0.0,0.0,0.0,0.0,0.0,0.0,0.0,0.0,0.0,73.97325177153047,41.59161462135165,39.23509523335713,4,11,0.7333333333333333,1,1,11.0,11.0,0.0,0.0,0.0,0.0,0,0.5207014606249549,0.5207014606249549,0,0,0,7.930414199829102,40.0,0.0,40.0,True,feasible,benchmark_feasibility_aware_alns
S0019_R02,1902028,feasibility_aware_alns,S0019,n15_p0.75_d1_clustered_Emedium_V2.00_Hshort_PWstrict_B0.10,15,0.7333333333333333,0.75,1,3,medium,2.0,clustered,short,strict,0.1,200.0,40.0,1.0,peripheral,50.11590100482507,39.57139860253221,10.544502402292856,0.0,0.0,0.0,0.0,0.0,0.0,0.0,0.0,0.0,0.0,0.0,90.86738310748456,49.46424825316526,35.14834134097618,7,8,0.5333333333333333,1,1,8.0,8.0,0.0,0.0,0.0,0.0,0,0.4592432504916888,0.4592432504916888,0,0,0,6.041557788848877,40.0,0.0,40.0,True,feasible,benchmark_feasibility_aware_alns
S0019_R03,1902029,feasibility_aware_alns,S0019,n15_p0.75_d1_clustered_Emedium_V2.00_Hshort_PWstrict_B0.10,15,0.7333333333333333,0.75,1,3,medium,2.0,clustered,short,strict,0.1,200.0,40.0,1.0,peripheral,49.15544763509087,38.07605823943679,11.079389395654072,0.0,0.0,0.0,0.0,0.0,0.0,0.0,0.0,0.0,0.0,0.0,85.2060268770063,47.59507279929599,36.93129798551358,4,11,0.7333333333333333,1,1,11.0,11.0,0.0,0.0,0.0,0.0,0,0.4932982577449581,0.4932982577449581,0,0,0,6.297833681106567,40.0,0.0,40.0,True,feasible,benchmark_feasibility_aware_alns
S0019_R04,1902030,feasibility_aware_alns,S0019,n15_p0.75_d1_clustered_Emedium_V2.00_Hshort_PWstrict_B0.10,15,0.7333333333333333,0.75,1,3,medium,2.0,clustered,short,strict,0.1,200.0,40.0,1.0,peripheral,53.33073398732711,41.56100016820623,11.769733819120884,0.0,0.0,0.0,0.0,0.0,0.0,0.0,0.0,0.0,0.0,0.0,99.08458269802672,51.95125021025778,39.23244606373628,11,4,0.2666666666666666,1,1,4.0,4.0,0.0,0.0,0.0,0.0,0,0.514315765628635,0.514315765628635,0,0,0,5.667709589004517,40.0,0.0,40.0,True,feasible,benchmark_feasibility_aware_alns
S0019_R05,1902031,feasibility_aware_alns,S0019,n15_p0.75_d1_clustered_Emedium_V2.00_Hshort_PWstrict_B0.10,15,0.7333333333333333,0.75,1,3,medium,2.0,clustered,short,strict,0.1,200.0,40.0,1.0,peripheral,45.01822200748936,45.01822200748936,0.0,0.0,0.0,0.0,0.0,0.0,0.0,0.0,0.0,0.0,0.0,0.0,109.4868273064406,56.272777509361696,0.0,15,0,0.0,0,0,0.0,0.0,0.0,0.0,0.0,0.0,0,0.0,0.0,0,0,0,4.891058683395386,40.0,0.0,40.0,True,feasible,benchmark_feasibility_aware_alns
S0019_R06,1902032,feasibility_aware_alns,S0019,n15_p0.75_d1_clustered_Emedium_V2.00_Hshort_PWstrict_B0.10,15,0.7333333333333333,0.75,1,3,medium,2.0,clustered,short,strict,0.1,200.0,40.0,1.0,peripheral,48.709752489888736,37.57196069757695,11.137791792311786,0.0,0.0,0.0,0.0,0.0,0.0,0.0,0.0,0.0,0.0,0.0,86.97871729944633,46.96495087197118,37.12597264103928,7,8,0.5333333333333333,1,1,8.0,8.0,0.0,0.0,0.0,0.0,0,0.489448928302424,0.489448928302424,0,0,0,6.3487091064453125,40.0,0.0,40.0,True,feasible,benchmark_feasibility_aware_alns
S0019_R07,1902033,feasibility_aware_alns,S0019,n15_p0.75_d1_clustered_Emedium_V2.00_Hshort_PWstrict_B0.10,15,0.7333333333333333,0.75,1,3,medium,2.0,clustered,short,strict,0.1,200.0,40.0,1.0,peripheral,42.71346976002626,42.71346976002626,0.0,0.0,0.0,0.0,0.0,0.0,0.0,0.0,0.0,0.0,0.0,0.0,105.839906748419,53.39183720003282,0.0,15,0,0.0,0,0,0.0,0.0,0.0,0.0,0.0,0.0,0,0.0,0.0,0,0,0,4.482226610183716,40.0,0.0,40.0,True,feasible,benchmark_feasibility_aware_alns
S0019_R08,1902034,feasibility_aware_alns,S0019,n15_p0.75_d1_clustered_Emedium_V2.00_Hshort_PWstrict_B0.10,15,0.7333333333333333,0.75,1,3,medium,2.0,clustered,short,strict,0.1,200.0,40.0,1.0,peripheral,56.29237615559331,43.2403119532397,13.052064202353614,0.0,0.0,0.0,0.0,0.0,0.0,0.0,0.0,0.0,0.0,0.0,95.14710891999708,54.05038994154961,43.50688067451204,4,11,0.7333333333333333,1,1,11.0,11.0,0.0,0.0,0.0,0.0,0,0.5856941001542059,0.5856941001542059,0,0,0,6.329756498336792,40.0,0.0,40.0,True,feasible,benchmark_feasibility_aware_alns
S0019_R09,1902035,feasibility_aware_alns,S0019,n15_p0.75_d1_clustered_Emedium_V2.00_Hshort_PWstrict_B0.10,15,0.7333333333333333,0.75,1,3,medium,2.0,clustered,short,strict,0.1,200.0,40.0,1.0,peripheral,47.643775120518974,35.21410927544177,12.429665845077205,0.0,0.0,0.0,0.0,0.0,0.0,0.0,0.0,0.0,0.0,0.0,79.06418478629078,44.01763659430222,41.43221948359067,4,11,0.7333333333333333,1,1,11.0,11.0,0.0,0.0,0.0,0.0,0,0.5473847411974065,0.5473847411974065,0,0,0,6.317872285842896,40.0,0.0,40.0,True,feasible,benchmark_feasibility_aware_alns
S0019_R10,1902036,feasibility_aware_alns,S0019,n15_p0.75_d1_clustered_Emedium_V2.00_Hshort_PWstrict_B0.10,15,0.7333333333333333,0.75,1,3,medium,2.0,clustered,short,strict,0.1,200.0,40.0,1.0,peripheral,48.90960798847984,37.26018974261,11.649418245869834,0.0,0.0,0.0,0.0,0.0,0.0,0.0,0.0,0.0,0.0,0.0,82.58637485764538,46.5752371782625,38.83139415289945,4,11,0.7333333333333333,1,1,11.0,11.0,0.0,0.0,0.0,0.0,0,0.5118272475963882,0.5118272475963882,0,0,0,8.468957901000977,40.0,0.0,40.0,True,feasible,benchmark_feasibility_aware_alns
S0020_R01,2002027,feasibility_aware_alns,S0020,n15_p0.75_d1_uniform_Ehigh_V1.25_Hmedium_PWflat_B0.10,15,0.7333333333333333,0.75,1,3,high,1.25,uniform,medium,flat,0.1,1.0,1.0,1.0,peripheral,165.00669306157266,149.21787639850115,15.7888166630715,0.0,0.0,0.0,0.0,0.0,0.0,0.0,0.0,0.0,0.0,0.0,131.0478074891514,186.5223454981264,52.629388876905,11,4,0.2666666666666666,1,1,4.0,4.0,0.0,0.0,0.0,0.0,0,0.8353760587384896,0.8353760587384896,0,0,0,7.646106958389282,40.0,0.0,40.0,True,feasible,benchmark_feasibility_aware_alns
S0020_R02,2002028,feasibility_aware_alns,S0020,n15_p0.75_d1_uniform_Ehigh_V1.25_Hmedium_PWflat_B0.10,15,0.7333333333333333,0.75,1,3,high,1.25,uniform,medium,flat,0.1,1.0,1.0,1.0,peripheral,99.03526592763411,87.73473173559,11.300534192044111,0.0,0.0,0.0,0.0,0.0,0.0,0.0,0.0,0.0,0.0,0.0,111.83051259526908,109.66841466948752,37.6684473068137,12,3,0.2,1,1,3.0,3.0,0.0,0.0,0.0,0.0,0,0.6430367804421387,0.6430367804421387,0,0,0,6.768624782562256,40.0,0.0,40.0,True,feasible,benchmark_feasibility_aware_alns
S0020_R03,2002029,feasibility_aware_alns,S0020,n15_p0.75_d1_uniform_Ehigh_V1.25_Hmedium_PWflat_B0.10,15,0.7333333333333333,0.75,1,3,high,1.25,uniform,medium,flat,0.1,1.0,1.0,1.0,peripheral,95.24965935992296,80.4340674597654,14.815591900157552,0.0,0.0,0.0,0.0,0.0,0.0,0.0,0.0,0.0,0.0,0.0,145.95120931426527,100.54258432470677,49.38530633385853,8,7,0.4666666666666667,1,1,7.0,7.0,0.0,0.0,0.0,0.0,0,0.8617622502944494,0.8617622502944494,0,0,0,5.598412275314331,40.0,0.0,40.0,True,feasible,benchmark_feasibility_aware_alns
S0020_R04,2002030,feasibility_aware_alns,S0020,n15_p0.75_d1_uniform_Ehigh_V1.25_Hmedium_PWflat_B0.10,15,0.7333333333333333,0.75,1,3,high,1.25,uniform,medium,flat,0.1,1.0,1.0,1.0,peripheral,126.78113099390356,114.0507635639798,12.730367429923774,0.0,0.0,0.0,0.0,0.0,0.0,0.0,0.0,0.0,0.0,0.0,136.55997329270164,142.56345445497476,42.43455809974591,8,7,0.4666666666666667,1,1,7.0,7.0,0.0,0.0,0.0,0.0,0,0.7362994407375223,0.7362994407375223,0,0,0,6.555275201797485,40.0,0.0,40.0,True,feasible,benchmark_feasibility_aware_alns
S0020_R05,2002031,feasibility_aware_alns,S0020,n15_p0.75_d1_uniform_Ehigh_V1.25_Hmedium_PWflat_B0.10,15,0.7333333333333333,0.75,1,3,high,1.25,uniform,medium,flat,0.1,1.0,1.0,1.0,peripheral,158.45277551127853,124.65517051500588,11.416372327111535,0.0,22.3812326691611,22.3812326691611,22.3812326691611,0.0,0.0,22.3812326691611,22.3812326691611,0.0,0.0,0.0,149.46680640810328,155.81896314375732,38.05457442370512,10,5,0.3333333333333333,1,1,5.0,5.0,0.0,0.0,0.0,0.0,0,0.6326590487057417,0.6326590487057417,0,0,0,7.670382022857666,40.0,0.0,40.0,True,feasible,benchmark_feasibility_aware_alns
S0020_R06,2002032,feasibility_aware_alns,S0020,n15_p0.75_d1_uniform_Ehigh_V1.25_Hmedium_PWflat_B0.10,15,0.7333333333333333,0.75,1,3,high,1.25,uniform,medium,flat,0.1,1.0,1.0,1.0,peripheral,112.7750840236062,97.30950919429982,15.465574829306382,0.0,0.0,0.0,0.0,0.0,0.0,0.0,0.0,0.0,0.0,0.0,136.11031412494748,121.63688649287477,51.55191609768794,9,6,0.4,1,1,6.0,6.0,0.0,0.0,0.0,0.0,0,0.8966970195285604,0.8966970195285604,0,0,0,6.880197763442993,40.0,0.0,40.0,True,feasible,benchmark_feasibility_aware_alns
S0020_R07,2002033,feasibility_aware_alns,S0020,n15_p0.75_d1_uniform_Ehigh_V1.25_Hmedium_PWflat_B0.10,15,0.7333333333333333,0.75,1,3,high,1.25,uniform,medium,flat,0.1,1.0,1.0,1.0,peripheral,129.64877757992355,114.71833380324516,14.930443776678366,0.0,0.0,0.0,0.0,0.0,0.0,0.0,0.0,0.0,0.0,0.0,127.70984326309672,143.39791725405647,49.768145922261226,11,4,0.2666666666666666,1,1,4.0,4.0,0.0,0.0,0.0,0.0,0,0.8063419349285152,0.8063419349285152,0,0,0,7.758943557739258,40.0,0.0,40.0,True,feasible,benchmark_feasibility_aware_alns
S0020_R08,2002034,feasibility_aware_alns,S0020,n15_p0.75_d1_uniform_Ehigh_V1.25_Hmedium_PWflat_B0.10,15,0.7333333333333333,0.75,1,3,high,1.25,uniform,medium,flat,0.1,1.0,1.0,1.0,peripheral,143.64374806187772,104.57855513678864,15.520652928778766,0.0,23.54453999631029,23.54453999631029,23.54453999631029,0.0,0.0,23.54453999631029,23.54453999631029,0.0,0.0,0.0,142.52852283606316,130.7231939209858,51.73550976259589,11,4,0.2666666666666666,1,1,4.0,4.0,0.0,0.0,0.0,0.0,0,0.8371812889107836,0.8371812889107836,0,0,0,7.793066024780273,40.0,0.0,40.0,True,feasible,benchmark_feasibility_aware_alns
S0020_R09,2002035,feasibility_aware_alns,S0020,n15_p0.75_d1_uniform_Ehigh_V1.25_Hmedium_PWflat_B0.10,15,0.7333333333333333,0.75,1,3,high,1.25,uniform,medium,flat,0.1,1.0,1.0,1.0,peripheral,121.01284072871728,106.99409815333564,14.018742575381657,0.0,0.0,0.0,0.0,0.0,0.0,0.0,0.0,0.0,0.0,0.0,152.03985922300845,133.7426226916695,46.72914191793885,10,5,0.3333333333333333,1,1,5.0,5.0,0.0,0.0,0.0,0.0,0,0.8105830092449571,0.8105830092449571,0,0,0,6.555218696594238,40.0,0.0,40.0,True,feasible,benchmark_feasibility_aware_alns
S0020_R10,2002036,feasibility_aware_alns,S0020,n15_p0.75_d1_uniform_Ehigh_V1.25_Hmedium_PWflat_B0.10,15,0.7333333333333333,0.75,1,3,high,1.25,uniform,medium,flat,0.1,1.0,1.0,1.0,peripheral,125.51290913729687,102.54696132500273,14.762595221619424,0.0,8.203352590674733,8.203352590674733,8.203352590674733,0.0,0.0,8.203352590674733,8.203352590674733,0.0,0.0,0.0,129.28525817214444,128.1837016562534,49.20865073873141,9,6,0.4,1,1,6.0,6.0,0.0,0.0,0.0,0.0,0,0.857140057088071,0.857140057088071,0,0,0,6.655989408493042,40.0,0.0,40.0,True,feasible,benchmark_feasibility_aware_alns
S0021_R01,2102027,feasibility_aware_alns,S0021,n15_p0.75_d1_uniform_Ehigh_V1.25_Hmedium_PWmoderate_B0.10,15,0.7333333333333333,0.75,1,3,high,1.25,uniform,medium,moderate,0.1,20.0,5.0,1.0,peripheral,315.3112290087381,127.51927370071716,12.851472418664368,0.0,174.9404828893566,174.9404828893566,8.74702414446783,0.0,0.0,8.74702414446783,174.9404828893566,0.0,0.0,0.0,138.90109381096988,159.39909212589646,42.83824139554789,9,6,0.4,1,1,6.0,6.0,0.0,0.0,0.0,0.0,0,0.7493106969360571,0.7493106969360571,0,0,0,6.888300657272339,40.0,0.0,40.0,True,feasible,benchmark_feasibility_aware_alns
S0021_R02,2102028,feasibility_aware_alns,S0021,n15_p0.75_d1_uniform_Ehigh_V1.25_Hmedium_PWmoderate_B0.10,15,0.7333333333333333,0.75,1,3,high,1.25,uniform,medium,moderate,0.1,20.0,5.0,1.0,peripheral,137.8252798632727,122.63380758184798,15.191472281424724,0.0,0.0,0.0,0.0,0.0,0.0,0.0,0.0,0.0,0.0,0.0,108.49942481863732,153.29225947730995,50.63824093808242,10,5,0.3333333333333333,1,1,5.0,5.0,0.0,0.0,0.0,0.0,0,0.8370692156068565,0.8370692156068565,0,0,0,6.659538745880127,40.0,0.0,40.0,True,feasible,benchmark_feasibility_aware_alns
S0021_R03,2102029,feasibility_aware_alns,S0021,n15_p0.75_d1_uniform_Ehigh_V1.25_Hmedium_PWmoderate_B0.10,15,0.7333333333333333,0.75,1,3,high,1.25,uniform,medium,moderate,0.1,20.0,5.0,1.0,peripheral,141.05703189989342,125.66108826888993,15.395943631003504,0.0,0.0,0.0,0.0,0.0,0.0,0.0,0.0,0.0,0.0,0.0,154.21478709985956,157.07636033611237,51.31981210334502,10,5,0.3333333333333333,1,1,5.0,5.0,0.0,0.0,0.0,0.0,0,0.8623266953499746,0.8623266953499746,0,0,0,7.009994029998779,40.0,0.0,40.0,True,feasible,benchmark_feasibility_aware_alns
S0021_R04,2102030,feasibility_aware_alns,S0021,n15_p0.75_d1_uniform_Ehigh_V1.25_Hmedium_PWmoderate_B0.10,15,0.7333333333333333,0.75,1,3,high,1.25,uniform,medium,moderate,0.1,20.0,5.0,1.0,peripheral,151.78710226809417,137.71243339729736,14.074668870796785,0.0,0.0,0.0,0.0,0.0,0.0,0.0,0.0,0.0,0.0,0.0,134.5489430375638,172.14054174662166,46.91556290265595,9,6,0.4,1,1,6.0,6.0,0.0,0.0,0.0,0.0,0,0.7829516889537352,0.7829516889537352,0,0,0,6.744521617889404,40.0,0.0,40.0,True,feasible,benchmark_feasibility_aware_alns
S0021_R05,2102031,feasibility_aware_alns,S0021,n15_p0.75_d1_uniform_Ehigh_V1.25_Hmedium_PWmoderate_B0.10,15,0.7333333333333333,0.75,1,3,high,1.25,uniform,medium,moderate,0.1,20.0,5.0,1.0,peripheral,403.1179593671078,109.61840504231556,13.98217757574932,0.0,279.5173767490429,279.5173767490429,13.975868837452149,0.0,0.0,13.975868837452149,279.5173767490429,0.0,0.0,0.0,144.98397173768893,137.02300630289446,46.60725858583106,9,6,0.4,1,1,6.0,6.0,0.0,0.0,0.0,0.0,0,0.7791801985135001,0.7791801985135001,0,0,0,6.427476406097412,40.0,0.0,40.0,True,feasible,benchmark_feasibility_aware_alns
S0021_R06,2102032,feasibility_aware_alns,S0021,n15_p0.75_d1_uniform_Ehigh_V1.25_Hmedium_PWmoderate_B0.10,15,0.7333333333333333,0.75,1,3,high,1.25,uniform,medium,moderate,0.1,20.0,5.0,1.0,peripheral,114.45836935888252,100.6010368721922,13.85733248669032,0.0,0.0,0.0,0.0,0.0,0.0,0.0,0.0,0.0,0.0,0.0,100.78281108389712,125.75129609024027,46.19110828896774,9,6,0.4,1,1,6.0,6.0,0.0,0.0,0.0,0.0,0,0.7961593460441921,0.7961593460441921,0,0,0,7.887969732284546,40.0,0.0,40.0,True,feasible,benchmark_feasibility_aware_alns
S0021_R07,2102033,feasibility_aware_alns,S0021,n15_p0.75_d1_uniform_Ehigh_V1.25_Hmedium_PWmoderate_B0.10,15,0.7333333333333333,0.75,1,3,high,1.25,uniform,medium,moderate,0.1,20.0,5.0,1.0,peripheral,101.89068819779531,86.39539061339009,15.495297584405227,0.0,0.0,0.0,0.0,0.0,0.0,0.0,0.0,0.0,0.0,0.0,130.6646770714905,107.9942382667376,51.65099194801742,6,9,0.6,1,1,9.0,9.0,0.0,0.0,0.0,0.0,0,0.8939542782726564,0.8939542782726564,0,0,0,7.400633096694946,40.0,0.0,40.0,True,feasible,benchmark_feasibility_aware_alns
S0021_R08,2102034,feasibility_aware_alns,S0021,n15_p0.75_d1_uniform_Ehigh_V1.25_Hmedium_PWmoderate_B0.10,15,0.7333333333333333,0.75,1,3,high,1.25,uniform,medium,moderate,0.1,20.0,5.0,1.0,peripheral,125.54258002447772,110.03174675467844,15.510833269799273,0.0,0.0,0.0,0.0,0.0,0.0,0.0,0.0,0.0,0.0,0.0,155.3986195697526,137.539683443348,51.70277756599757,9,6,0.4,1,1,6.0,6.0,0.0,0.0,0.0,0.0,0,0.8741675722925851,0.8741675722925851,0,0,0,6.233606815338135,40.0,0.0,40.0,True,feasible,benchmark_feasibility_aware_alns
S0021_R09,2102035,feasibility_aware_alns,S0021,n15_p0.75_d1_uniform_Ehigh_V1.25_Hmedium_PWmoderate_B0.10,15,0.7333333333333333,0.75,1,3,high,1.25,uniform,medium,moderate,0.1,20.0,5.0,1.0,peripheral,245.17044518819603,102.14631439308287,15.940522633901985,0.0,127.08360816121116,127.08360816121116,6.354180408060557,0.0,0.0,6.354180408060557,127.08360816121116,0.0,0.0,0.0,115.09924375852412,127.6828929913536,53.13507544633994,9,6,0.4,1,1,6.0,6.0,0.0,0.0,0.0,0.0,0,0.8884462867485263,0.8884462867485263,0,0,0,6.864006280899048,40.0,0.0,40.0,True,feasible,benchmark_feasibility_aware_alns
S0021_R10,2102036,feasibility_aware_alns,S0021,n15_p0.75_d1_uniform_Ehigh_V1.25_Hmedium_PWmoderate_B0.10,15,0.7333333333333333,0.75,1,3,high,1.25,uniform,medium,moderate,0.1,20.0,5.0,1.0,peripheral,129.87835224358005,114.17437757068843,15.703974672891562,0.0,0.0,0.0,0.0,0.0,0.0,0.0,0.0,0.0,0.0,0.0,156.5666156993959,142.71797196336058,52.34658224297189,8,7,0.4666666666666667,1,1,7.0,7.0,0.0,0.0,0.0,0.0,0,0.8920389165778112,0.8920389165778112,0,0,0,6.005091905593872,40.0,0.0,40.0,True,feasible,benchmark_feasibility_aware_alns
S0022_R01,2202027,feasibility_aware_alns,S0022,n15_p0.75_d1_uniform_Ehigh_V2.00_Hshort_PWstrict_B0.10,15,0.7333333333333333,0.75,1,3,high,2.0,uniform,short,strict,0.1,200.0,40.0,1.0,peripheral,105.47868651356052,88.229948218285,17.24873829527552,0.0,0.0,0.0,0.0,0.0,0.0,0.0,0.0,0.0,0.0,0.0,99.18097268134296,110.28743527285624,57.495794317585066,7,8,0.5333333333333333,1,1,8.0,8.0,0.0,0.0,0.0,0.0,0,0.6120757613927882,0.6120757613927882,0,0,0,7.309559345245361,40.0,0.0,40.0,True,feasible,benchmark_feasibility_aware_alns
S0022_R02,2202028,feasibility_aware_alns,S0022,n15_p0.75_d1_uniform_Ehigh_V2.00_Hshort_PWstrict_B0.10,15,0.7333333333333333,0.75,1,3,high,2.0,uniform,short,strict,0.1,200.0,40.0,1.0,peripheral,100.23814483817478,78.58006022958669,21.65808460858809,0.0,0.0,0.0,0.0,0.0,0.0,0.0,0.0,0.0,0.0,0.0,111.14968494821564,98.22507528698335,72.19361536196031,5,10,0.6666666666666666,1,1,10.0,10.0,0.0,0.0,0.0,0.0,0,0.7740203264077805,0.7740203264077805,0,0,0,8.608166694641113,40.0,0.0,40.0,True,feasible,benchmark_feasibility_aware_alns
S0022_R03,2202029,feasibility_aware_alns,S0022,n15_p0.75_d1_uniform_Ehigh_V2.00_Hshort_PWstrict_B0.10,15,0.7333333333333333,0.75,1,3,high,2.0,uniform,short,strict,0.1,200.0,40.0,1.0,peripheral,140.49313858769807,121.52052035653732,18.972618231160737,0.0,0.0,0.0,0.0,0.0,0.0,0.0,0.0,0.0,0.0,0.0,102.55494851236892,151.90065044567166,63.24206077053579,8,7,0.4666666666666667,1,1,7.0,7.0,0.0,0.0,0.0,0.0,0,0.6606032449968872,0.6606032449968872,0,0,0,8.188157081604004,40.0,0.0,40.0,True,feasible,benchmark_feasibility_aware_alns
S0022_R04,2202030,feasibility_aware_alns,S0022,n15_p0.75_d1_uniform_Ehigh_V2.00_Hshort_PWstrict_B0.10,15,0.7333333333333333,0.75,1,3,high,2.0,uniform,short,strict,0.1,200.0,40.0,1.0,peripheral,110.42859004517032,96.06559915158785,14.362990893582491,0.0,0.0,0.0,0.0,0.0,0.0,0.0,0.0,0.0,0.0,0.0,101.178436787688,120.0819989394848,47.87663631194165,9,6,0.4,1,1,6.0,6.0,0.0,0.0,0.0,0.0,0,0.521554520400097,0.521554520400097,0,0,0,7.4576735496521,40.0,0.0,40.0,True,feasible,benchmark_feasibility_aware_alns
S0022_R05,2202031,feasibility_aware_alns,S0022,n15_p0.75_d1_uniform_Ehigh_V2.00_Hshort_PWstrict_B0.10,15,0.7333333333333333,0.75,1,3,high,2.0,uniform,short,strict,0.1,200.0,40.0,1.0,peripheral,135.9544274904879,116.4179504603596,19.53647703012828,0.0,0.0,0.0,0.0,0.0,0.0,0.0,0.0,0.0,0.0,0.0,108.03941440622393,145.5224380754495,65.12159010042762,7,8,0.5333333333333333,1,1,8.0,8.0,0.0,0.0,0.0,0.0,0,0.7077454721663173,0.7077454721663173,0,0,0,9.358036994934082,40.0,0.0,40.0,True,feasible,benchmark_feasibility_aware_alns
S0022_R06,2202032,feasibility_aware_alns,S0022,n15_p0.75_d1_uniform_Ehigh_V2.00_Hshort_PWstrict_B0.10,15,0.7333333333333333,0.75,1,3,high,2.0,uniform,short,strict,0.1,200.0,40.0,1.0,peripheral,124.48370630421456,105.06580267410668,19.41790363010788,0.0,0.0,0.0,0.0,0.0,0.0,0.0,0.0,0.0,0.0,0.0,120.82492378147388,131.33225334263335,64.72634543369293,5,10,0.6666666666666666,1,1,10.0,10.0,0.0,0.0,0.0,0.0,0,0.6676010540642257,0.6676010540642257,0,0,0,7.193312406539917,40.0,0.0,40.0,True,feasible,benchmark_feasibility_aware_alns
S0022_R07,2202033,feasibility_aware_alns,S0022,n15_p0.75_d1_uniform_Ehigh_V2.00_Hshort_PWstrict_B0.10,15,0.7333333333333333,0.75,1,3,high,2.0,uniform,short,strict,0.1,200.0,40.0,1.0,peripheral,111.36743815575348,91.18160108333902,20.18583707241447,0.0,0.0,0.0,0.0,0.0,0.0,0.0,0.0,0.0,0.0,0.0,115.62759703343548,113.97700135417377,67.28612357471489,6,9,0.6,1,1,9.0,9.0,0.0,0.0,0.0,0.0,0,0.7244177905404643,0.7244177905404643,0,0,0,6.646752595901489,40.0,0.0,40.0,True,feasible,benchmark_feasibility_aware_alns
S0022_R08,2202034,feasibility_aware_alns,S0022,n15_p0.75_d1_uniform_Ehigh_V2.00_Hshort_PWstrict_B0.10,15,0.7333333333333333,0.75,1,3,high,2.0,uniform,short,strict,0.1,200.0,40.0,1.0,peripheral,145.9540817813726,130.7645292122156,15.189552569156994,0.0,0.0,0.0,0.0,0.0,0.0,0.0,0.0,0.0,0.0,0.0,152.88599847316104,163.45566151526947,50.63184189718999,12,3,0.2,1,1,3.0,3.0,0.0,0.0,0.0,0.0,0,0.5220254204377431,0.5220254204377431,0,0,0,7.470441579818726,40.0,0.0,40.0,True,feasible,benchmark_feasibility_aware_alns
S0022_R09,2202035,feasibility_aware_alns,S0022,n15_p0.75_d1_uniform_Ehigh_V2.00_Hshort_PWstrict_B0.10,15,0.7333333333333333,0.75,1,3,high,2.0,uniform,short,strict,0.1,200.0,40.0,1.0,peripheral,135.49552648964226,115.11660970353196,20.3789167861103,0.0,0.0,0.0,0.0,0.0,0.0,0.0,0.0,0.0,0.0,0.0,118.0942845790786,143.89576212941495,67.92972262036767,8,7,0.4666666666666667,1,1,7.0,7.0,0.0,0.0,0.0,0.0,0,0.6988911194517798,0.6988911194517798,0,0,0,7.08129620552063,40.0,0.0,40.0,True,feasible,benchmark_feasibility_aware_alns
S0022_R10,2202036,feasibility_aware_alns,S0022,n15_p0.75_d1_uniform_Ehigh_V2.00_Hshort_PWstrict_B0.10,15,0.7333333333333333,0.75,1,3,high,2.0,uniform,short,strict,0.1,200.0,40.0,1.0,peripheral,120.36450800302777,105.70625016820478,14.65825783482299,0.0,0.0,0.0,0.0,0.0,0.0,0.0,0.0,0.0,0.0,0.0,109.62266546630872,132.13281271025596,48.860859449409965,10,5,0.3333333333333333,1,1,5.0,5.0,0.0,0.0,0.0,0.0,0,0.5157503284176077,0.5157503284176077,0,0,0,7.619235277175903,40.0,0.0,40.0,True,feasible,benchmark_feasibility_aware_alns
S0023_R01,2302027,feasibility_aware_alns,S0023,n15_p0.75_d1_uniform_Ehigh_V2.00_Hlong_PWstrict_B0.10,15,0.7333333333333333,0.75,1,3,high,2.0,uniform,long,strict,0.1,200.0,40.0,1.0,peripheral,115.88785134548974,98.56089355525263,17.326957790237095,0.0,0.0,0.0,0.0,0.0,0.0,0.0,0.0,0.0,0.0,0.0,133.0181316606615,123.2011169440658,57.75652596745698,5,10,0.6666666666666666,1,1,10.0,10.0,0.0,0.0,0.0,0.0,0,0.6265852694022175,0.6265852694022175,0,0,0,5.83653450012207,40.0,0.0,40.0,True,feasible,benchmark_feasibility_aware_alns
S0023_R02,2302028,feasibility_aware_alns,S0023,n15_p0.75_d1_uniform_Ehigh_V2.00_Hlong_PWstrict_B0.10,15,0.7333333333333333,0.75,1,3,high,2.0,uniform,long,strict,0.1,200.0,40.0,1.0,peripheral,102.35826778603068,82.20319265883853,20.15507512719213,0.0,0.0,0.0,0.0,0.0,0.0,0.0,0.0,0.0,0.0,0.0,99.00932983290534,102.75399082354816,67.1835837573071,4,11,0.7333333333333333,1,1,11.0,11.0,0.0,0.0,0.0,0.0,0,0.72835990952784,0.72835990952784,0,0,0,6.325288534164429,40.0,0.0,40.0,True,feasible,benchmark_feasibility_aware_alns
S0023_R03,2302029,feasibility_aware_alns,S0023,n15_p0.75_d1_uniform_Ehigh_V2.00_Hlong_PWstrict_B0.10,15,0.7333333333333333,0.75,1,3,high,2.0,uniform,long,strict,0.1,200.0,40.0,1.0,peripheral,85.41762160955933,66.09271144828794,19.32491016127139,0.0,0.0,0.0,0.0,0.0,0.0,0.0,0.0,0.0,0.0,0.0,78.17371506644497,82.61588931035992,64.41636720423797,5,10,0.6666666666666666,1,1,10.0,10.0,0.0,0.0,0.0,0.0,0,0.6903060040826823,0.6903060040826823,0,0,0,9.237801551818848,40.0,0.0,40.0,True,feasible,benchmark_feasibility_aware_alns
S0023_R04,2302030,feasibility_aware_alns,S0023,n15_p0.75_d1_uniform_Ehigh_V2.00_Hlong_PWstrict_B0.10,15,0.7333333333333333,0.75,1,3,high,2.0,uniform,long,strict,0.1,200.0,40.0,1.0,peripheral,84.46902258333765,63.931594318817815,20.53742826451983,0.0,0.0,0.0,0.0,0.0,0.0,0.0,0.0,0.0,0.0,0.0,129.24738284623862,79.91449289852227,68.4580942150661,6,9,0.6,1,1,9.0,9.0,0.0,0.0,0.0,0.0,0,0.7188973011008679,0.7188973011008679,0,0,0,7.153712749481201,40.0,0.0,40.0,True,feasible,benchmark_feasibility_aware_alns
S0023_R05,2302031,feasibility_aware_alns,S0023,n15_p0.75_d1_uniform_Ehigh_V2.00_Hlong_PWstrict_B0.10,15,0.7333333333333333,0.75,1,3,high,2.0,uniform,long,strict,0.1,200.0,40.0,1.0,peripheral,20169.477888801583,89.44375962668865,16.490355004175104,0.0,20063.54377417072,20063.54377417072,100.31771887085358,0.0,0.0,100.31771887085358,20063.54377417072,0.0,0.0,0.0,185.3543824258184,111.8046995333608,54.967850013917015,7,8,0.5333333333333333,1,1,8.0,8.0,0.0,0.0,0.0,0.0,0,0.579509329240607,0.579509329240607,0,0,0,5.942070960998535,40.0,0.0,40.0,True,feasible,benchmark_feasibility_aware_alns
S0023_R06,2302032,feasibility_aware_alns,S0023,n15_p0.75_d1_uniform_Ehigh_V2.00_Hlong_PWstrict_B0.10,15,0.7333333333333333,0.75,1,3,high,2.0,uniform,long,strict,0.1,200.0,40.0,1.0,peripheral,103.4301878491602,86.48814696415516,16.942040885005024,0.0,0.0,0.0,0.0,0.0,0.0,0.0,0.0,0.0,0.0,0.0,136.3279439823383,108.11018370519396,56.47346961668342,7,8,0.5333333333333333,1,1,8.0,8.0,0.0,0.0,0.0,0.0,0,0.6119602725806808,0.6119602725806808,0,0,0,7.0278801918029785,40.0,0.0,40.0,True,feasible,benchmark_feasibility_aware_alns
S0023_R07,2302033,feasibility_aware_alns,S0023,n15_p0.75_d1_uniform_Ehigh_V2.00_Hlong_PWstrict_B0.10,15,0.7333333333333333,0.75,1,3,high,2.0,uniform,long,strict,0.1,200.0,40.0,1.0,peripheral,141.0578130379247,121.52414234633687,19.533670691587805,0.0,0.0,0.0,0.0,0.0,0.0,0.0,0.0,0.0,0.0,0.0,129.08035246991992,151.9051779329211,65.11223563862602,6,9,0.6,1,1,9.0,9.0,0.0,0.0,0.0,0.0,0,0.691396235903162,0.691396235903162,0,0,0,7.172979116439819,40.0,0.0,40.0,True,feasible,benchmark_feasibility_aware_alns
S0023_R08,2302034,feasibility_aware_alns,S0023,n15_p0.75_d1_uniform_Ehigh_V2.00_Hlong_PWstrict_B0.10,15,0.7333333333333333,0.75,1,3,high,2.0,uniform,long,strict,0.1,200.0,40.0,1.0,peripheral,1370.9775212913958,137.6213705766423,19.055326991337864,0.0,1214.3008237234155,1214.3008237234155,6.071504118617078,0.0,0.0,6.071504118617078,1214.3008237234155,0.0,0.0,0.0,119.81325459923846,172.0267132208029,63.51775663779288,8,7,0.4666666666666667,1,1,7.0,7.0,0.0,0.0,0.0,0.0,0,0.6731692910949393,0.6731692910949393,0,0,0,7.281783819198608,40.0,0.0,40.0,True,feasible,benchmark_feasibility_aware_alns
S0023_R09,2302035,feasibility_aware_alns,S0023,n15_p0.75_d1_uniform_Ehigh_V2.00_Hlong_PWstrict_B0.10,15,0.7333333333333333,0.75,1,3,high,2.0,uniform,long,strict,0.1,200.0,40.0,1.0,peripheral,116.12602004250031,97.22271575675862,18.903304285741715,0.0,0.0,0.0,0.0,0.0,0.0,0.0,0.0,0.0,0.0,0.0,113.18420467363364,121.52839469594826,63.01101428580572,7,8,0.5333333333333333,1,1,8.0,8.0,0.0,0.0,0.0,0.0,0,0.6599469106600573,0.6599469106600573,0,0,0,7.305136680603027,40.0,0.0,40.0,True,feasible,benchmark_feasibility_aware_alns
S0023_R10,2302036,feasibility_aware_alns,S0023,n15_p0.75_d1_uniform_Ehigh_V2.00_Hlong_PWstrict_B0.10,15,0.7333333333333333,0.75,1,3,high,2.0,uniform,long,strict,0.1,200.0,40.0,1.0,peripheral,578.6620553387928,105.27304560292544,20.125026842801866,0.0,453.26398289306553,453.26398289306553,2.266319914465328,0.0,0.0,2.266319914465328,453.26398289306553,0.0,0.0,0.0,121.44629420567706,131.5913070036568,67.08342280933955,7,8,0.5333333333333333,1,1,8.0,8.0,0.0,0.0,0.0,0.0,0,0.7322680906512629,0.7322680906512629,0,0,0,7.633070230484009,40.0,0.0,40.0,True,feasible,benchmark_feasibility_aware_alns
S0024_R01,2402027,feasibility_aware_alns,S0024,n50_p0.25_d1_clustered_Elow_V1.25_Hshort_PWflat_B0.10,50,0.24,0.25,1,3,low,1.25,clustered,short,flat,0.1,1.0,1.0,1.0,peripheral,679.574120206356,62.4103760304729,0.0,0.0,617.1637441758832,617.1637441758832,564.4933523715756,52.670391804307485,0.0,617.163744175883,564.4933523715756,52.670391804307485,0.0,0.0,184.0403347086998,78.01297003809111,0.0,50,0,0.0,0,0,0.0,0.0,0.0,0.0,0.0,0.0,0,0.0,0.0,0,0,0,12.80047869682312,1.0,0.0,0.0,True,feasible,benchmark_feasibility_aware_alns
S0024_R02,2402028,feasibility_aware_alns,S0024,n50_p0.25_d1_clustered_Elow_V1.25_Hshort_PWflat_B0.10,50,0.24,0.25,1,3,low,1.25,clustered,short,flat,0.1,1.0,1.0,1.0,peripheral,448.8659572934085,59.93757700020591,0.0,0.0,388.92838029320257,388.92838029320257,378.7785467344641,10.14983355873848,0.0,388.92838029320257,378.7785467344641,10.14983355873848,0.0,0.0,175.5785742156488,74.9219712502574,0.0,50,0,0.0,0,0,0.0,0.0,0.0,0.0,0.0,0.0,0,0.0,0.0,0,0,0,11.977015018463137,1.0,0.0,0.0,True,feasible,benchmark_feasibility_aware_alns
S0024_R03,2402029,feasibility_aware_alns,S0024,n50_p0.25_d1_clustered_Elow_V1.25_Hshort_PWflat_B0.10,50,0.24,0.25,1,3,low,1.25,clustered,short,flat,0.1,1.0,1.0,1.0,peripheral,686.9819783080688,69.9747784024364,0.0,0.0,617.0071999056324,617.0071999056324,477.2849254130256,139.72227449260674,0.0,617.0071999056324,477.2849254130256,139.72227449260674,0.0,0.0,194.427159170181,87.46847300304552,0.0,50,0,0.0,0,0,0.0,0.0,0.0,0.0,0.0,0.0,0,0.0,0.0,0,0,0,11.94718861579895,1.0,0.0,0.0,True,feasible,benchmark_feasibility_aware_alns
S0024_R04,2402030,feasibility_aware_alns,S0024,n50_p0.25_d1_clustered_Elow_V1.25_Hshort_PWflat_B0.10,50,0.24,0.25,1,3,low,1.25,clustered,short,flat,0.1,1.0,1.0,1.0,peripheral,450.14847866220754,73.39617658682043,0.0,0.0,376.7523020753871,376.7523020753871,221.2401945403557,155.51210753503142,0.0,376.7523020753871,221.2401945403557,155.51210753503142,0.0,0.0,205.85337572467927,91.74522073352556,0.0,50,0,0.0,0,0,0.0,0.0,0.0,0.0,0.0,0.0,0,0.0,0.0,0,0,0,11.766531944274902,1.0,0.0,0.0,True,feasible,benchmark_feasibility_aware_alns
S0024_R05,2402031,feasibility_aware_alns,S0024,n50_p0.25_d1_clustered_Elow_V1.25_Hshort_PWflat_B0.10,50,0.24,0.25,1,3,low,1.25,clustered,short,flat,0.1,1.0,1.0,1.0,peripheral,600.4551861498368,71.03874147835916,0.0,0.0,529.4164446714776,529.4164446714776,397.5020778259481,131.9143668455294,0.0,529.4164446714775,397.5020778259481,131.9143668455294,0.0,0.0,199.55247360022685,88.79842684794889,0.0,50,0,0.0,0,0,0.0,0.0,0.0,0.0,0.0,0.0,0,0.0,0.0,0,0,0,11.945054769515991,1.0,0.0,0.0,True,feasible,benchmark_feasibility_aware_alns
S0024_R06,2402032,feasibility_aware_alns,S0024,n50_p0.25_d1_clustered_Elow_V1.25_Hshort_PWflat_B0.10,50,0.24,0.25,1,3,low,1.25,clustered,short,flat,0.1,1.0,1.0,1.0,peripheral,510.07408414981865,61.12534825765832,0.0,0.0,448.9487358921604,448.9487358921604,375.4367063126384,73.51202957952185,0.0,448.9487358921602,375.4367063126384,73.51202957952185,0.0,0.0,182.18143440733635,76.40668532207289,0.0,50,0,0.0,0,0,0.0,0.0,0.0,0.0,0.0,0.0,0,0.0,0.0,0,0,0,14.67309546470642,1.0,0.0,0.0,True,feasible,benchmark_feasibility_aware_alns
S0024_R07,2402033,feasibility_aware_alns,S0024,n50_p0.25_d1_clustered_Elow_V1.25_Hshort_PWflat_B0.10,50,0.24,0.25,1,3,low,1.25,clustered,short,flat,0.1,1.0,1.0,1.0,peripheral,667.1276063762849,69.97041586536989,0.0,0.0,597.157190510915,597.157190510915,542.8465966241354,54.31059388677963,0.0,597.157190510915,542.8465966241354,54.31059388677963,0.0,0.0,198.5147460933242,87.46301983171236,0.0,50,0,0.0,0,0,0.0,0.0,0.0,0.0,0.0,0.0,0,0.0,0.0,0,0,0,12.195705890655518,1.0,0.0,0.0,True,feasible,benchmark_feasibility_aware_alns
S0024_R08,2402034,feasibility_aware_alns,S0024,n50_p0.25_d1_clustered_Elow_V1.25_Hshort_PWflat_B0.10,50,0.24,0.25,1,3,low,1.25,clustered,short,flat,0.1,1.0,1.0,1.0,peripheral,422.02892608550815,67.77682546134791,0.0,0.0,354.2521006241602,354.2521006241602,269.9047992434922,84.34730138066803,0.0,354.2521006241602,269.9047992434922,84.34730138066803,0.0,0.0,194.07327431507844,84.72103182668491,0.0,50,0,0.0,0,0,0.0,0.0,0.0,0.0,0.0,0.0,0,0.0,0.0,0,0,0,11.886815071105955,1.0,0.0,0.0,True,feasible,benchmark_feasibility_aware_alns
S0024_R09,2402035,feasibility_aware_alns,S0024,n50_p0.25_d1_clustered_Elow_V1.25_Hshort_PWflat_B0.10,50,0.24,0.25,1,3,low,1.25,clustered,short,flat,0.1,1.0,1.0,1.0,peripheral,542.367767765816,70.28311030077414,0.0,0.0,472.0846574650418,472.0846574650418,356.0970483155218,115.98760914951995,0.0,472.0846574650418,356.0970483155218,115.98760914951995,0.0,0.0,201.7644139545692,87.85388787596767,0.0,50,0,0.0,0,0,0.0,0.0,0.0,0.0,0.0,0.0,0,0.0,0.0,0,0,0,11.942491292953491,1.0,0.0,0.0,True,feasible,benchmark_feasibility_aware_alns
S0024_R10,2402036,feasibility_aware_alns,S0024,n50_p0.25_d1_clustered_Elow_V1.25_Hshort_PWflat_B0.10,50,0.24,0.25,1,3,low,1.25,clustered,short,flat,0.1,1.0,1.0,1.0,peripheral,687.8448952812198,70.33346477829048,0.0,0.0,617.5114305029293,617.5114305029293,568.067672403762,49.44375809916727,0.0,617.5114305029292,568.067672403762,49.44375809916727,0.0,0.0,201.0675639948344,87.9168309728631,0.0,50,0,0.0,0,0,0.0,0.0,0.0,0.0,0.0,0.0,0,0.0,0.0,0,0,0,12.019194841384888,1.0,0.0,0.0,True,feasible,benchmark_feasibility_aware_alns
S0025_R01,2502027,feasibility_aware_alns,S0025,n50_p0.25_d2_clustered_Elow_V1.25_Hmedium_PWflat_B0.10,50,0.24,0.25,2,3,low,1.25,clustered,medium,flat,0.1,1.0,1.0,1.0,peripheral,471.8287858299426,68.13960439600038,0.0,0.0,403.6891814339422,403.6891814339422,290.7193498868283,112.96983154711394,0.0,403.6891814339422,290.7193498868283,112.96983154711394,0.0,0.0,197.43648798494917,85.1745054950005,0.0,50,0,0.0,0,0,0.0,0.0,0.0,0.0,0.0,0.0,0,0.0,0.0,0,0,0,12.564588785171509,1.0,0.0,0.0,True,feasible,benchmark_feasibility_aware_alns
S0025_R02,2502028,feasibility_aware_alns,S0025,n50_p0.25_d2_clustered_Elow_V1.25_Hmedium_PWflat_B0.10,50,0.24,0.25,2,3,low,1.25,clustered,medium,flat,0.1,1.0,1.0,1.0,peripheral,299.0795727742189,68.87159593308608,0.0,0.0,230.2079768411328,230.2079768411328,145.26156546136133,84.94641137977149,0.0,230.2079768411328,145.26156546136133,84.94641137977149,0.0,0.0,196.3331431522783,86.08949491635762,0.0,50,0,0.0,0,0,0.0,0.0,0.0,0.0,0.0,0.0,0,0.0,0.0,0,0,0,12.322262048721312,1.0,0.0,0.0,True,feasible,benchmark_feasibility_aware_alns
S0025_R03,2502029,feasibility_aware_alns,S0025,n50_p0.25_d2_clustered_Elow_V1.25_Hmedium_PWflat_B0.10,50,0.24,0.25,2,3,low,1.25,clustered,medium,flat,0.1,1.0,1.0,1.0,peripheral,659.804621093492,67.09983502100451,0.0,0.0,592.7047860724874,592.7047860724874,544.9198560818962,47.78492999059122,0.0,592.7047860724874,544.9198560818962,47.78492999059122,0.0,0.0,195.43972023324264,83.87479377625561,0.0,50,0,0.0,0,0,0.0,0.0,0.0,0.0,0.0,0.0,0,0.0,0.0,0,0,0,12.182034492492676,1.0,0.0,0.0,True,feasible,benchmark_feasibility_aware_alns
S0025_R04,2502030,feasibility_aware_alns,S0025,n50_p0.25_d2_clustered_Elow_V1.25_Hmedium_PWflat_B0.10,50,0.24,0.25,2,3,low,1.25,clustered,medium,flat,0.1,1.0,1.0,1.0,peripheral,670.276193879761,68.07392756992843,0.0,0.0,602.2022663098326,602.2022663098326,412.48287233775966,189.7193939720728,0.0,602.2022663098325,412.48287233775966,189.7193939720728,0.0,0.0,195.0662460166887,85.09240946241053,0.0,50,0,0.0,0,0,0.0,0.0,0.0,0.0,0.0,0.0,0,0.0,0.0,0,0,0,11.933445930480955,1.0,0.0,0.0,True,feasible,benchmark_feasibility_aware_alns
S0025_R05,2502031,feasibility_aware_alns,S0025,n50_p0.25_d2_clustered_Elow_V1.25_Hmedium_PWflat_B0.10,50,0.24,0.25,2,3,low,1.25,clustered,medium,flat,0.1,1.0,1.0,1.0,peripheral,544.4493203337223,68.70890691212885,0.0,0.0,475.7404134215934,475.7404134215934,335.7329321867162,140.0074812348772,0.0,475.7404134215934,335.7329321867162,140.0074812348772,0.0,0.0,198.2525858082596,85.88613364016105,0.0,50,0,0.0,0,0,0.0,0.0,0.0,0.0,0.0,0.0,0,0.0,0.0,0,0,0,12.275790452957152,1.0,0.0,0.0,True,feasible,benchmark_feasibility_aware_alns
S0025_R06,2502032,feasibility_aware_alns,S0025,n50_p0.25_d2_clustered_Elow_V1.25_Hmedium_PWflat_B0.10,50,0.24,0.25,2,3,low,1.25,clustered,medium,flat,0.1,1.0,1.0,1.0,peripheral,376.7910546081145,69.34657554652753,0.0,0.0,307.44447906158695,307.44447906158695,236.10750194421135,71.33697711737554,0.0,307.4444790615869,236.10750194421135,71.33697711737554,0.0,0.0,195.00086882669936,86.6832194331594,0.0,50,0,0.0,0,0,0.0,0.0,0.0,0.0,0.0,0.0,0,0.0,0.0,0,0,0,12.779226779937744,1.0,0.0,0.0,True,feasible,benchmark_feasibility_aware_alns
S0025_R07,2502033,feasibility_aware_alns,S0025,n50_p0.25_d2_clustered_Elow_V1.25_Hmedium_PWflat_B0.10,50,0.24,0.25,2,3,low,1.25,clustered,medium,flat,0.1,1.0,1.0,1.0,peripheral,1137.47046278237,72.72042220883517,0.0,0.0,1064.750040573535,1064.750040573535,917.7148835061872,147.03515706734763,0.0,1064.750040573535,917.7148835061872,147.03515706734763,0.0,0.0,204.04921355333664,90.90052776104396,0.0,50,0,0.0,0,0,0.0,0.0,0.0,0.0,0.0,0.0,0,0.0,0.0,0,0,0,11.894956350326538,1.0,0.0,0.0,True,feasible,benchmark_feasibility_aware_alns
S0025_R08,2502034,feasibility_aware_alns,S0025,n50_p0.25_d2_clustered_Elow_V1.25_Hmedium_PWflat_B0.10,50,0.24,0.25,2,3,low,1.25,clustered,medium,flat,0.1,1.0,1.0,1.0,peripheral,680.2264668475198,65.35258784570753,0.0,0.0,614.8738790018123,614.8738790018123,563.575793349021,51.29808565279133,0.0,614.8738790018123,563.575793349021,51.29808565279133,0.0,0.0,189.8288018366565,81.69073480713443,0.0,50,0,0.0,0,0,0.0,0.0,0.0,0.0,0.0,0.0,0,0.0,0.0,0,0,0,12.241059303283691,1.0,0.0,0.0,True,feasible,benchmark_feasibility_aware_alns
S0025_R09,2502035,feasibility_aware_alns,S0025,n50_p0.25_d2_clustered_Elow_V1.25_Hmedium_PWflat_B0.10,50,0.24,0.25,2,3,low,1.25,clustered,medium,flat,0.1,1.0,1.0,1.0,peripheral,446.6886934537948,70.72894464175242,0.0,0.0,375.95974881204233,375.95974881204233,185.023939134495,190.93580967754733,0.0,375.95974881204233,185.023939134495,190.93580967754733,0.0,0.0,198.7537643827931,88.41118080219053,0.0,50,0,0.0,0,0,0.0,0.0,0.0,0.0,0.0,0.0,0,0.0,0.0,0,0,0,11.944694519042969,1.0,0.0,0.0,True,feasible,benchmark_feasibility_aware_alns
S0025_R10,2502036,feasibility_aware_alns,S0025,n50_p0.25_d2_clustered_Elow_V1.25_Hmedium_PWflat_B0.10,50,0.24,0.25,2,3,low,1.25,clustered,medium,flat,0.1,1.0,1.0,1.0,peripheral,544.7712853179127,64.96351397099917,0.0,0.0,479.8077713469135,479.8077713469135,459.47694350198594,20.330827844927555,0.0,479.8077713469135,459.47694350198594,20.330827844927555,0.0,0.0,186.17854412689525,81.20439246374895,0.0,50,0,0.0,0,0,0.0,0.0,0.0,0.0,0.0,0.0,0,0.0,0.0,0,0,0,12.728493213653564,1.0,0.0,0.0,True,feasible,benchmark_feasibility_aware_alns
S0026_R01,2602027,feasibility_aware_alns,S0026,n50_p0.25_d1_uniform_Elow_V2.00_Hmedium_PWbase_B0.10,50,0.24,0.25,1,3,low,2.0,uniform,medium,base,0.1,100.0,20.0,1.0,peripheral,16523.19879830893,218.51854716839165,0.0,0.0,16304.68025114054,16304.68025114054,154.23718019356613,44.04811158919632,0.0,198.28529178276244,15423.718019356613,880.9622317839264,0.0,0.0,194.78324652321203,273.1481839604896,0.0,50,0,0.0,0,0,0.0,0.0,0.0,0.0,0.0,0.0,0,0.0,0.0,0,0,0,10.303252935409546,1.0,0.0,0.0,True,feasible,benchmark_feasibility_aware_alns
S0026_R02,2602028,feasibility_aware_alns,S0026,n50_p0.25_d1_uniform_Elow_V2.00_Hmedium_PWbase_B0.10,50,0.24,0.25,1,3,low,2.0,uniform,medium,base,0.1,100.0,20.0,1.0,peripheral,26128.04644294239,206.464082401977,0.0,0.0,25921.58236054041,25921.58236054041,226.52989019808763,163.42966703658243,0.0,389.95955723467006,22652.989019808763,3268.593340731649,0.0,0.0,236.16045660285843,258.0801030024712,0.0,50,0,0.0,0,0,0.0,0.0,0.0,0.0,0.0,0.0,0,0.0,0.0,0,0,0,10.15799355506897,1.0,0.0,0.0,True,feasible,benchmark_feasibility_aware_alns
S0026_R03,2602029,feasibility_aware_alns,S0026,n50_p0.25_d1_uniform_Elow_V2.00_Hmedium_PWbase_B0.10,50,0.24,0.25,1,3,low,2.0,uniform,medium,base,0.1,100.0,20.0,1.0,peripheral,47057.918556790064,215.21932823220675,0.0,0.0,46842.69922855786,46842.69922855786,454.1064446010586,71.60273842259984,0.0,525.7091830236585,45410.64446010586,1432.0547684519968,0.0,0.0,245.8545017021512,269.02416029025835,0.0,50,0,0.0,0,0,0.0,0.0,0.0,0.0,0.0,0.0,0,0.0,0.0,0,0,0,10.250412464141846,1.0,0.0,0.0,True,feasible,benchmark_feasibility_aware_alns
S0026_R04,2602030,feasibility_aware_alns,S0026,n50_p0.25_d1_uniform_Elow_V2.00_Hmedium_PWbase_B0.10,50,0.24,0.25,1,3,low,2.0,uniform,medium,base,0.1,100.0,20.0,1.0,peripheral,49633.94247878208,248.64878300225212,0.0,0.0,49385.29369577982,49385.29369577982,468.11625484272497,128.6834105753668,0.0,596.7996654180918,46811.625484272496,2573.668211507336,0.0,0.0,210.44146872181773,310.8109787528152,0.0,50,0,0.0,0,0,0.0,0.0,0.0,0.0,0.0,0.0,0,0.0,0.0,0,0,0,10.191840410232544,1.0,0.0,0.0,True,feasible,benchmark_feasibility_aware_alns
S0026_R05,2602031,feasibility_aware_alns,S0026,n50_p0.25_d1_uniform_Elow_V2.00_Hmedium_PWbase_B0.10,50,0.24,0.25,1,3,low,2.0,uniform,medium,base,0.1,100.0,20.0,1.0,peripheral,28693.06450742072,244.8953829605496,0.0,0.0,28448.169124460168,28448.169124460168,272.78903543362304,58.46327905489352,0.0,331.25231448851656,27278.903543362303,1169.2655810978704,0.0,0.0,234.3201215147918,306.1192287006871,0.0,50,0,0.0,0,0,0.0,0.0,0.0,0.0,0.0,0.0,0,0.0,0.0,0,0,0,10.148004293441772,1.0,0.0,0.0,True,feasible,benchmark_feasibility_aware_alns
S0026_R06,2602032,feasibility_aware_alns,S0026,n50_p0.25_d1_uniform_Elow_V2.00_Hmedium_PWbase_B0.10,50,0.24,0.25,1,3,low,2.0,uniform,medium,base,0.1,100.0,20.0,1.0,peripheral,29872.58746415693,248.19952006822632,0.0,0.0,29624.38794408871,29624.38794408871,294.01005292270804,11.169132590895288,0.0,305.17918551360333,29401.00529227081,223.38265181790572,0.0,0.0,220.39641525086932,310.24940008528296,0.0,50,0,0.0,0,0,0.0,0.0,0.0,0.0,0.0,0.0,0,0.0,0.0,0,0,0,10.23379635810852,1.0,0.0,0.0,True,feasible,benchmark_feasibility_aware_alns
S0026_R07,2602033,feasibility_aware_alns,S0026,n50_p0.25_d1_uniform_Elow_V2.00_Hmedium_PWbase_B0.10,50,0.24,0.25,1,3,low,2.0,uniform,medium,base,0.1,100.0,20.0,1.0,peripheral,17078.3480683146,202.92283623440764,0.0,0.0,16875.425232080193,16875.425232080193,167.86381781586942,4.452172524662544,0.0,172.31599034053198,16786.38178158694,89.04345049325087,0.0,0.0,181.32612676132453,253.65354529300956,0.0,50,0,0.0,0,0,0.0,0.0,0.0,0.0,0.0,0.0,0,0.0,0.0,0,0,0,10.321542739868164,1.0,0.0,0.0,True,feasible,benchmark_feasibility_aware_alns
S0026_R08,2602034,feasibility_aware_alns,S0026,n50_p0.25_d1_uniform_Elow_V2.00_Hmedium_PWbase_B0.10,50,0.24,0.25,1,3,low,2.0,uniform,medium,base,0.1,100.0,20.0,1.0,peripheral,41265.25611152152,198.77918210058692,0.0,0.0,41066.476929420925,41066.476929420925,395.2566954499961,77.04036922106582,0.0,472.2970646710619,39525.6695449996,1540.8073844213163,0.0,0.0,212.92752000901655,248.47397762573365,0.0,50,0,0.0,0,0,0.0,0.0,0.0,0.0,0.0,0.0,0,0.0,0.0,0,0,0,10.177910566329956,1.0,0.0,0.0,True,feasible,benchmark_feasibility_aware_alns
S0026_R09,2602035,feasibility_aware_alns,S0026,n50_p0.25_d1_uniform_Elow_V2.00_Hmedium_PWbase_B0.10,50,0.24,0.25,1,3,low,2.0,uniform,medium,base,0.1,100.0,20.0,1.0,peripheral,13283.448043796623,224.99899415726333,0.0,0.0,13058.44904963936,13058.44904963936,93.09682632418696,187.43832086103333,0.0,280.5351471852203,9309.682632418697,3748.766417220667,0.0,0.0,239.29639653195755,281.2487426965792,0.0,50,0,0.0,0,0,0.0,0.0,0.0,0.0,0.0,0.0,0,0.0,0.0,0,0,0,10.203306198120115,1.0,0.0,0.0,True,feasible,benchmark_feasibility_aware_alns
S0026_R10,2602036,feasibility_aware_alns,S0026,n50_p0.25_d1_uniform_Elow_V2.00_Hmedium_PWbase_B0.10,50,0.24,0.25,1,3,low,2.0,uniform,medium,base,0.1,100.0,20.0,1.0,peripheral,31667.60560146216,262.7045888771924,0.0,0.0,31404.901012584964,31404.901012584964,263.9392457360578,250.54882194895904,0.0,514.4880676850169,26393.92457360578,5010.97643897918,0.0,0.0,276.8096412496356,328.3807360964905,0.0,50,0,0.0,0,0,0.0,0.0,0.0,0.0,0.0,0.0,0,0.0,0.0,0,0,0,10.277276992797852,1.0,0.0,0.0,True,feasible,benchmark_feasibility_aware_alns
S0027_R01,2702027,feasibility_aware_alns,S0027,n50_p0.25_d1_uniform_Emedium_V1.25_Hmedium_PWmoderate_B0.10,50,0.24,0.25,1,3,medium,1.25,uniform,medium,moderate,0.1,20.0,5.0,1.0,peripheral,9678.437294215184,240.26567011920747,0.0,0.0,9438.171624095976,9438.171624095976,442.8041299857027,116.41780487638472,0.0,559.2219348620874,8856.082599714053,582.0890243819237,0.0,0.0,238.1513222679744,300.3320876490094,0.0,50,0,0.0,0,0,0.0,0.0,0.0,0.0,0.0,0.0,0,0.0,0.0,0,0,0,10.166794300079346,1.0,0.0,0.0,True,feasible,benchmark_feasibility_aware_alns
S0027_R02,2702028,feasibility_aware_alns,S0027,n50_p0.25_d1_uniform_Emedium_V1.25_Hmedium_PWmoderate_B0.10,50,0.24,0.25,1,3,medium,1.25,uniform,medium,moderate,0.1,20.0,5.0,1.0,peripheral,5149.41347279581,223.27773669869373,0.0,0.0,4926.135736097116,4926.135736097116,212.4350660953145,135.48688283816506,0.0,347.9219489334796,4248.701321906291,677.4344141908252,0.0,0.0,222.43299410785528,279.09717087336713,0.0,50,0,0.0,0,0,0.0,0.0,0.0,0.0,0.0,0.0,0,0.0,0.0,0,0,0,10.158424139022827,1.0,0.0,0.0,True,feasible,benchmark_feasibility_aware_alns
S0027_R03,2702029,feasibility_aware_alns,S0027,n50_p0.25_d1_uniform_Emedium_V1.25_Hmedium_PWmoderate_B0.10,50,0.24,0.25,1,3,medium,1.25,uniform,medium,moderate,0.1,20.0,5.0,1.0,peripheral,4523.439205698521,251.73098094846287,0.0,0.0,4271.7082247500575,4271.7082247500575,153.78163843113944,239.21509122545373,0.0,392.9967296565932,3075.6327686227887,1196.0754561272686,0.0,0.0,236.46737672813745,314.66372618557864,0.0,50,0,0.0,0,0,0.0,0.0,0.0,0.0,0.0,0.0,0,0.0,0.0,0,0,0,10.206830501556396,1.0,0.0,0.0,True,feasible,benchmark_feasibility_aware_alns
S0027_R04,2702030,feasibility_aware_alns,S0027,n50_p0.25_d1_uniform_Emedium_V1.25_Hmedium_PWmoderate_B0.10,50,0.24,0.25,1,3,medium,1.25,uniform,medium,moderate,0.1,20.0,5.0,1.0,peripheral,12940.496876990455,220.69620782744667,0.0,0.0,12719.800669163007,12719.800669163007,582.811921193254,212.71244905958605,0.0,795.5243702528401,11656.23842386508,1063.5622452979303,0.0,0.0,206.88632498504307,275.8702597843084,0.0,50,0,0.0,0,0,0.0,0.0,0.0,0.0,0.0,0.0,0,0.0,0.0,0,0,0,10.301900625228882,1.0,0.0,0.0,True,feasible,benchmark_feasibility_aware_alns
S0027_R05,2702031,feasibility_aware_alns,S0027,n50_p0.25_d1_uniform_Emedium_V1.25_Hmedium_PWmoderate_B0.10,50,0.24,0.25,1,3,medium,1.25,uniform,medium,moderate,0.1,20.0,5.0,1.0,peripheral,6159.524781420936,225.13651505379195,0.0,0.0,5934.388266367144,5934.388266367144,260.9029245425796,143.26595510311034,0.0,404.1688796456899,5218.058490851591,716.3297755155518,0.0,0.0,259.5385953579921,281.4206438172399,0.0,50,0,0.0,0,0,0.0,0.0,0.0,0.0,0.0,0.0,0,0.0,0.0,0,0,0,10.25800895690918,1.0,0.0,0.0,True,feasible,benchmark_feasibility_aware_alns
S0027_R06,2702032,feasibility_aware_alns,S0027,n50_p0.25_d1_uniform_Emedium_V1.25_Hmedium_PWmoderate_B0.10,50,0.24,0.25,1,3,medium,1.25,uniform,medium,moderate,0.1,20.0,5.0,1.0,peripheral,1822.1897093210516,212.56690239555124,0.0,0.0,1609.6228069255,1609.6228069255,70.75062080798315,38.92207815316735,0.0,109.6726989611505,1415.0124161596632,194.61039076583677,0.0,0.0,199.162643829639,265.70862799443904,0.0,50,0,0.0,0,0,0.0,0.0,0.0,0.0,0.0,0.0,0,0.0,0.0,0,0,0,10.21104621887207,1.0,0.0,0.0,True,feasible,benchmark_feasibility_aware_alns
S0027_R07,2702033,feasibility_aware_alns,S0027,n50_p0.25_d1_uniform_Emedium_V1.25_Hmedium_PWmoderate_B0.10,50,0.24,0.25,1,3,medium,1.25,uniform,medium,moderate,0.1,20.0,5.0,1.0,peripheral,7367.677188485425,224.6997760601839,0.0,0.0,7142.977412425242,7142.977412425242,337.34631525919417,79.21022144827161,0.0,416.5565367074658,6746.926305183883,396.05110724135807,0.0,0.0,189.74251385402303,280.8747200752299,0.0,50,0,0.0,0,0,0.0,0.0,0.0,0.0,0.0,0.0,0,0.0,0.0,0,0,0,10.322131395339966,1.0,0.0,0.0,True,feasible,benchmark_feasibility_aware_alns
S0027_R08,2702034,feasibility_aware_alns,S0027,n50_p0.25_d1_uniform_Emedium_V1.25_Hmedium_PWmoderate_B0.10,50,0.24,0.25,1,3,medium,1.25,uniform,medium,moderate,0.1,20.0,5.0,1.0,peripheral,4557.592461895878,228.98142628157623,0.0,0.0,4328.611035614302,4328.611035614302,156.01787581568928,241.6507038601032,0.0,397.6685796757925,3120.3575163137857,1208.253519300516,0.0,0.0,219.9380433388068,286.22678285197026,0.0,50,0,0.0,0,0,0.0,0.0,0.0,0.0,0.0,0.0,0,0.0,0.0,0,0,0,10.305070638656616,1.0,0.0,0.0,True,feasible,benchmark_feasibility_aware_alns
S0027_R09,2702035,feasibility_aware_alns,S0027,n50_p0.25_d1_uniform_Emedium_V1.25_Hmedium_PWmoderate_B0.10,50,0.24,0.25,1,3,medium,1.25,uniform,medium,moderate,0.1,20.0,5.0,1.0,peripheral,8416.126943795314,246.6918880316888,0.0,0.0,8169.435055763626,8169.435055763626,313.5317882901453,379.759857992144,0.0,693.2916462822893,6270.6357658029065,1898.79928996072,0.0,0.0,265.1925037232958,308.364860039611,0.0,50,0,0.0,0,0,0.0,0.0,0.0,0.0,0.0,0.0,0,0.0,0.0,0,0,0,10.437148809432983,1.0,0.0,0.0,True,feasible,benchmark_feasibility_aware_alns
S0027_R10,2702036,feasibility_aware_alns,S0027,n50_p0.25_d1_uniform_Emedium_V1.25_Hmedium_PWmoderate_B0.10,50,0.24,0.25,1,3,medium,1.25,uniform,medium,moderate,0.1,20.0,5.0,1.0,peripheral,9432.866069204734,220.07429569314183,0.0,0.0,9212.791773511592,9212.791773511592,436.42924914349067,96.84135812835538,0.0,533.2706072718461,8728.584982869814,484.2067906417769,0.0,0.0,227.06814626354628,275.0928696164274,0.0,50,0,0.0,0,0,0.0,0.0,0.0,0.0,0.0,0.0,0,0.0,0.0,0,0,0,10.198825597763062,1.0,0.0,0.0,True,feasible,benchmark_feasibility_aware_alns
S0028_R01,2802027,feasibility_aware_alns,S0028,n50_p0.25_d1_clustered_Emedium_V1.25_Hmedium_PWstrict_B0.10,50,0.24,0.25,1,3,medium,1.25,clustered,medium,strict,0.1,200.0,40.0,1.0,peripheral,70405.58116813331,63.14459921257792,0.0,0.0,70342.43656892073,70342.43656892073,340.9523133359324,53.79934754335629,0.0,394.7516608792887,68190.46266718648,2151.973901734252,0.0,0.0,184.29952880124944,78.93074901572237,0.0,50,0,0.0,0,0,0.0,0.0,0.0,0.0,0.0,0.0,0,0.0,0.0,0,0,0,11.724578619003296,1.0,0.0,0.0,True,feasible,benchmark_feasibility_aware_alns
S0028_R02,2802028,feasibility_aware_alns,S0028,n50_p0.25_d1_clustered_Emedium_V1.25_Hmedium_PWstrict_B0.10,50,0.24,0.25,1,3,medium,1.25,clustered,medium,strict,0.1,200.0,40.0,1.0,peripheral,76682.04632363078,66.49673091351366,0.0,0.0,76615.54959271727,76615.54959271727,359.02418234721296,120.26782808186734,0.0,479.2920104290803,71804.8364694426,4810.713123274693,0.0,0.0,192.69537596590823,83.12091364189206,0.0,50,0,0.0,0,0,0.0,0.0,0.0,0.0,0.0,0.0,0,0.0,0.0,0,0,0,12.164486408233644,1.0,0.0,0.0,True,feasible,benchmark_feasibility_aware_alns
S0028_R03,2802029,feasibility_aware_alns,S0028,n50_p0.25_d1_clustered_Emedium_V1.25_Hmedium_PWstrict_B0.10,50,0.24,0.25,1,3,medium,1.25,clustered,medium,strict,0.1,200.0,40.0,1.0,peripheral,84368.31051599314,68.82317977503595,0.0,0.0,84299.48733621811,84299.48733621811,412.5707615753364,44.633375528770245,0.0,457.2041371041066,82514.15231506729,1785.3350211508098,0.0,0.0,193.39455892805876,86.0289747187949,0.0,50,0,0.0,0,0,0.0,0.0,0.0,0.0,0.0,0.0,0,0.0,0.0,0,0,0,13.650582790374756,1.0,0.0,0.0,True,feasible,benchmark_feasibility_aware_alns
S0028_R04,2802030,feasibility_aware_alns,S0028,n50_p0.25_d1_clustered_Emedium_V1.25_Hmedium_PWstrict_B0.10,50,0.24,0.25,1,3,medium,1.25,clustered,medium,strict,0.1,200.0,40.0,1.0,peripheral,38734.068227625205,63.99767732573438,0.0,0.0,38670.07055029947,38670.07055029947,187.1631843342656,30.935842086158743,0.0,218.09902642042437,37432.63686685312,1237.4336834463495,0.0,0.0,185.4848495328416,79.99709665716797,0.0,50,0,0.0,0,0,0.0,0.0,0.0,0.0,0.0,0.0,0,0.0,0.0,0,0,0,12.250454902648926,1.0,0.0,0.0,True,feasible,benchmark_feasibility_aware_alns
S0028_R05,2802031,feasibility_aware_alns,S0028,n50_p0.25_d1_clustered_Emedium_V1.25_Hmedium_PWstrict_B0.10,50,0.24,0.25,1,3,medium,1.25,clustered,medium,strict,0.1,200.0,40.0,1.0,peripheral,94207.29640002044,69.47768023227835,0.0,0.0,94137.81871978818,94137.81871978818,442.9022026019071,138.93445498516866,0.0,581.8366575870757,88580.44052038142,5557.378199406747,0.0,0.0,194.8610051477569,86.84710029034791,0.0,50,0,0.0,0,0,0.0,0.0,0.0,0.0,0.0,0.0,0,0.0,0.0,0,0,0,12.07908582687378,1.0,0.0,0.0,True,feasible,benchmark_feasibility_aware_alns
S0028_R06,2802032,feasibility_aware_alns,S0028,n50_p0.25_d1_clustered_Emedium_V1.25_Hmedium_PWstrict_B0.10,50,0.24,0.25,1,3,medium,1.25,clustered,medium,strict,0.1,200.0,40.0,1.0,peripheral,113951.31905451072,69.16901147440066,0.0,0.0,113882.15004303632,113882.15004303632,567.471950649134,9.693997830238132,0.0,577.1659484793721,113494.3901298268,387.7599132095253,0.0,0.0,195.64499636627409,86.46126434300083,0.0,50,0,0.0,0,0,0.0,0.0,0.0,0.0,0.0,0.0,0,0.0,0.0,0,0,0,13.107580423355104,1.0,0.0,0.0,True,feasible,benchmark_feasibility_aware_alns
S0028_R07,2802033,feasibility_aware_alns,S0028,n50_p0.25_d1_clustered_Emedium_V1.25_Hmedium_PWstrict_B0.10,50,0.24,0.25,1,3,medium,1.25,clustered,medium,strict,0.1,200.0,40.0,1.0,peripheral,82702.85127351804,65.56920992331314,0.0,0.0,82637.28206359473,82637.28206359473,412.8438168034872,1.7129675724319355,0.0,414.5567843759192,82568.76336069746,68.51870289727742,0.0,0.0,189.6062933537293,81.96151240414139,0.0,50,0,0.0,0,0,0.0,0.0,0.0,0.0,0.0,0.0,0,0.0,0.0,0,0,0,13.192946672439575,1.0,0.0,0.0,True,feasible,benchmark_feasibility_aware_alns
S0028_R08,2802034,feasibility_aware_alns,S0028,n50_p0.25_d1_clustered_Emedium_V1.25_Hmedium_PWstrict_B0.10,50,0.24,0.25,1,3,medium,1.25,clustered,medium,strict,0.1,200.0,40.0,1.0,peripheral,24855.26590084841,69.63907576008027,0.0,0.0,24785.62682508833,24785.62682508833,91.48236519283252,162.22884466304558,0.0,253.7112098558781,18296.473038566503,6489.153786521823,0.0,0.0,197.9484314092055,87.04884470010035,0.0,50,0,0.0,0,0,0.0,0.0,0.0,0.0,0.0,0.0,0,0.0,0.0,0,0,0,13.09087347984314,1.0,0.0,0.0,True,feasible,benchmark_feasibility_aware_alns
S0028_R09,2802035,feasibility_aware_alns,S0028,n50_p0.25_d1_clustered_Emedium_V1.25_Hmedium_PWstrict_B0.10,50,0.24,0.25,1,3,medium,1.25,clustered,medium,strict,0.1,200.0,40.0,1.0,peripheral,67481.88019234284,68.68892485468027,0.0,0.0,67413.19126748816,67413.19126748816,336.1591564404644,4.533999484882315,0.0,340.6931559253467,67231.83128809287,181.3599793952926,0.0,0.0,193.9226673930124,85.8611560683503,0.0,50,0,0.0,0,0,0.0,0.0,0.0,0.0,0.0,0.0,0,0.0,0.0,0,0,0,13.759196043014526,1.0,0.0,0.0,True,feasible,benchmark_feasibility_aware_alns
S0028_R10,2802036,feasibility_aware_alns,S0028,n50_p0.25_d1_clustered_Emedium_V1.25_Hmedium_PWstrict_B0.10,50,0.24,0.25,1,3,medium,1.25,clustered,medium,strict,0.1,200.0,40.0,1.0,peripheral,113581.89465313492,74.76993170969212,0.0,0.0,113507.12472142524,113507.12472142524,527.1423778586258,201.96622874250227,0.0,729.108606601128,105428.47557172515,8078.649149700091,0.0,0.0,206.20077373662457,93.4624146371151,0.0,50,0,0.0,0,0,0.0,0.0,0.0,0.0,0.0,0.0,0,0.0,0.0,0,0,0,12.864943981170654,1.0,0.0,0.0,True,feasible,benchmark_feasibility_aware_alns
S0029_R01,2902027,feasibility_aware_alns,S0029,n50_p0.25_d2_clustered_Emedium_V2.00_Hshort_PWstrict_B0.10,50,0.24,0.25,2,3,medium,2.0,clustered,short,strict,0.1,200.0,40.0,1.0,peripheral,62946.94487956008,70.54465508061399,0.0,0.0,62876.40022447947,62876.40022447947,288.3851304341741,129.98435344111627,0.0,418.3694838752904,57677.02608683481,5199.374137644651,0.0,0.0,202.4940499999996,88.18081885076748,0.0,50,0,0.0,0,0,0.0,0.0,0.0,0.0,0.0,0.0,0,0.0,0.0,0,0,0,15.432143688201904,1.0,0.0,0.0,True,feasible,benchmark_feasibility_aware_alns
S0029_R02,2902028,feasibility_aware_alns,S0029,n50_p0.25_d2_clustered_Emedium_V2.00_Hshort_PWstrict_B0.10,50,0.24,0.25,2,3,medium,2.0,clustered,short,strict,0.1,200.0,40.0,1.0,peripheral,41220.05498788364,60.75194051556612,0.0,0.0,41159.30304736807,41159.30304736807,192.20179309505545,67.97361070892443,0.0,260.17540380397986,38440.35861901109,2718.944428356977,0.0,0.0,177.3781402413183,75.93992564445767,0.0,50,0,0.0,0,0,0.0,0.0,0.0,0.0,0.0,0.0,0,0.0,0.0,0,0,0,12.607592821121216,1.0,0.0,0.0,True,feasible,benchmark_feasibility_aware_alns
S0029_R03,2902029,feasibility_aware_alns,S0029,n50_p0.25_d2_clustered_Emedium_V2.00_Hshort_PWstrict_B0.10,50,0.24,0.25,2,3,medium,2.0,clustered,short,strict,0.1,200.0,40.0,1.0,peripheral,120088.4988905604,68.886111242031,0.0,0.0,120019.61277931838,120019.61277931838,579.6246270102667,102.36718443162658,0.0,681.9918114418933,115924.92540205336,4094.6873772650633,0.0,0.0,195.28488210712672,86.10763905253874,0.0,50,0,0.0,0,0,0.0,0.0,0.0,0.0,0.0,0.0,0,0.0,0.0,0,0,0,12.222317934036257,1.0,0.0,0.0,True,feasible,benchmark_feasibility_aware_alns
S0029_R04,2902030,feasibility_aware_alns,S0029,n50_p0.25_d2_clustered_Emedium_V2.00_Hshort_PWstrict_B0.10,50,0.24,0.25,2,3,medium,2.0,clustered,short,strict,0.1,200.0,40.0,1.0,peripheral,49987.884677735085,68.01348533198583,0.0,0.0,49919.8711924031,49919.8711924031,206.21549514912323,216.91930406446176,0.0,423.134799213585,41243.09902982465,8676.77216257847,0.0,0.0,194.34358427346945,85.0168566649823,0.0,50,0,0.0,0,0,0.0,0.0,0.0,0.0,0.0,0.0,0,0.0,0.0,0,0,0,13.0809588432312,1.0,0.0,0.0,True,feasible,benchmark_feasibility_aware_alns
S0029_R05,2902031,feasibility_aware_alns,S0029,n50_p0.25_d2_clustered_Emedium_V2.00_Hshort_PWstrict_B0.10,50,0.24,0.25,2,3,medium,2.0,clustered,short,strict,0.1,200.0,40.0,1.0,peripheral,98539.83317350656,62.6493925082878,0.0,0.0,98477.18378099828,98477.18378099828,482.6527161324135,48.666013862889045,0.0,531.3187299953025,96530.5432264827,1946.6405545155617,0.0,0.0,181.6774407591984,78.31174063535974,0.0,50,0,0.0,0,0,0.0,0.0,0.0,0.0,0.0,0.0,0,0.0,0.0,0,0,0,12.471044063568115,1.0,0.0,0.0,True,feasible,benchmark_feasibility_aware_alns
S0029_R06,2902032,feasibility_aware_alns,S0029,n50_p0.25_d2_clustered_Emedium_V2.00_Hshort_PWstrict_B0.10,50,0.24,0.25,2,3,medium,2.0,clustered,short,strict,0.1,200.0,40.0,1.0,peripheral,56178.44785083304,66.82446322403744,0.0,0.0,56111.623387609005,56111.623387609005,259.4453354144905,105.56390761777256,0.0,365.00924303226304,51889.0670828981,4222.556304710903,0.0,0.0,194.6869421371774,83.53057903004681,0.0,50,0,0.0,0,0,0.0,0.0,0.0,0.0,0.0,0.0,0,0.0,0.0,0,0,0,12.85827112197876,1.0,0.0,0.0,True,feasible,benchmark_feasibility_aware_alns
S0029_R07,2902033,feasibility_aware_alns,S0029,n50_p0.25_d2_clustered_Emedium_V2.00_Hshort_PWstrict_B0.10,50,0.24,0.25,2,3,medium,2.0,clustered,short,strict,0.1,200.0,40.0,1.0,peripheral,58840.85998251102,66.53241164424603,0.0,0.0,58774.32757086678,58774.32757086678,251.26184835777048,213.04894748281717,0.0,464.3107958405876,50252.369671554094,8521.957899312685,0.0,0.0,193.53107048847687,83.16551455530752,0.0,50,0,0.0,0,0,0.0,0.0,0.0,0.0,0.0,0.0,0,0.0,0.0,0,0,0,12.559706687927246,1.0,0.0,0.0,True,feasible,benchmark_feasibility_aware_alns
S0029_R08,2902034,feasibility_aware_alns,S0029,n50_p0.25_d2_clustered_Emedium_V2.00_Hshort_PWstrict_B0.10,50,0.24,0.25,2,3,medium,2.0,clustered,short,strict,0.1,200.0,40.0,1.0,peripheral,102278.82595201132,68.46116356609653,0.0,0.0,102210.36478844522,102210.36478844522,493.3948030747363,88.2851043374489,0.0,581.6799074121852,98678.96061494724,3531.404173497956,0.0,0.0,198.8669202901732,85.57645445762066,0.0,50,0,0.0,0,0,0.0,0.0,0.0,0.0,0.0,0.0,0,0.0,0.0,0,0,0,11.928870916366575,1.0,0.0,0.0,True,feasible,benchmark_feasibility_aware_alns
S0029_R09,2902035,feasibility_aware_alns,S0029,n50_p0.25_d2_clustered_Emedium_V2.00_Hshort_PWstrict_B0.10,50,0.24,0.25,2,3,medium,2.0,clustered,short,strict,0.1,200.0,40.0,1.0,peripheral,94646.91341838,71.82180365395227,0.0,0.0,94575.09161472606,94575.09161472606,450.2627847424293,113.06336665600467,0.0,563.3261513984339,90052.55694848586,4522.534666240187,0.0,0.0,203.52329620826555,89.77725456744034,0.0,50,0,0.0,0,0,0.0,0.0,0.0,0.0,0.0,0.0,0,0.0,0.0,0,0,0,12.15638017654419,1.0,0.0,0.0,True,feasible,benchmark_feasibility_aware_alns
S0029_R10,2902036,feasibility_aware_alns,S0029,n50_p0.25_d2_clustered_Emedium_V2.00_Hshort_PWstrict_B0.10,50,0.24,0.25,2,3,medium,2.0,clustered,short,strict,0.1,200.0,40.0,1.0,peripheral,119279.54227973089,60.09643647123188,0.0,0.0,119219.44584325966,119219.44584325966,590.7768968471579,26.601661845702157,0.0,617.37855869286,118155.37936943158,1064.066473828086,0.0,0.0,177.6210950054588,75.12054558903984,0.0,50,0,0.0,0,0,0.0,0.0,0.0,0.0,0.0,0.0,0,0.0,0.0,0,0,0,13.222110748291016,1.0,0.0,0.0,True,feasible,benchmark_feasibility_aware_alns
S0030_R01,3002027,feasibility_aware_alns,S0030,n50_p0.25_d1_uniform_Emedium_V2.00_Hmedium_PWmoderate_B0.10,50,0.24,0.25,1,3,medium,2.0,uniform,medium,moderate,0.1,20.0,5.0,1.0,peripheral,5637.941958307659,256.826515512122,0.0,0.0,5381.115442795537,5381.115442795537,245.0199622239303,96.1432396633864,0.0,341.1632018873167,4900.399244478605,480.716198316932,0.0,0.0,237.6636018644076,321.0331443901524,0.0,50,0,0.0,0,0,0.0,0.0,0.0,0.0,0.0,0.0,0,0.0,0.0,0,0,0,10.17801308631897,1.0,0.0,0.0,True,feasible,benchmark_feasibility_aware_alns
S0030_R02,3002028,feasibility_aware_alns,S0030,n50_p0.25_d1_uniform_Emedium_V2.00_Hmedium_PWmoderate_B0.10,50,0.24,0.25,1,3,medium,2.0,uniform,medium,moderate,0.1,20.0,5.0,1.0,peripheral,11043.025172322132,248.51550979451423,0.0,0.0,10794.509662527618,10794.509662527618,491.7291441676039,191.9853558351085,0.0,683.7145000027124,9834.582883352075,959.9267791755426,0.0,0.0,206.76143409640815,310.6443872431427,0.0,50,0,0.0,0,0,0.0,0.0,0.0,0.0,0.0,0.0,0,0.0,0.0,0,0,0,10.21973967552185,1.0,0.0,0.0,True,feasible,benchmark_feasibility_aware_alns
S0030_R03,3002029,feasibility_aware_alns,S0030,n50_p0.25_d1_uniform_Emedium_V2.00_Hmedium_PWmoderate_B0.10,50,0.24,0.25,1,3,medium,2.0,uniform,medium,moderate,0.1,20.0,5.0,1.0,peripheral,3576.559817320157,218.94408749302863,0.0,0.0,3357.615729827128,3357.615729827128,149.97947294852176,71.60525417133871,0.0,221.58472711986047,2999.5894589704358,358.0262708566936,0.0,0.0,208.09809440378547,273.68010936628576,0.0,50,0,0.0,0,0,0.0,0.0,0.0,0.0,0.0,0.0,0,0.0,0.0,0,0,0,10.190622568130491,1.0,0.0,0.0,True,feasible,benchmark_feasibility_aware_alns
S0030_R04,3002030,feasibility_aware_alns,S0030,n50_p0.25_d1_uniform_Emedium_V2.00_Hmedium_PWmoderate_B0.10,50,0.24,0.25,1,3,medium,2.0,uniform,medium,moderate,0.1,20.0,5.0,1.0,peripheral,4835.7489112651365,234.43888259530888,0.0,0.0,4601.310028669827,4601.310028669827,212.3672775308163,70.79289561070014,0.0,283.16017314151645,4247.345550616326,353.9644780535007,0.0,0.0,210.20689633564444,293.04860324413613,0.0,50,0,0.0,0,0,0.0,0.0,0.0,0.0,0.0,0.0,0,0.0,0.0,0,0,0,10.42044448852539,1.0,0.0,0.0,True,feasible,benchmark_feasibility_aware_alns
S0030_R05,3002031,feasibility_aware_alns,S0030,n50_p0.25_d1_uniform_Emedium_V2.00_Hmedium_PWmoderate_B0.10,50,0.24,0.25,1,3,medium,2.0,uniform,medium,moderate,0.1,20.0,5.0,1.0,peripheral,6389.088744119396,209.7643056205726,0.0,0.0,6179.324438498824,6179.324438498824,297.3639620916931,46.40903933299252,0.0,343.7730014246856,5947.279241833862,232.0451966649626,0.0,0.0,218.3052969220714,262.2053820257157,0.0,50,0,0.0,0,0,0.0,0.0,0.0,0.0,0.0,0.0,0,0.0,0.0,0,0,0,10.447308778762816,1.0,0.0,0.0,True,feasible,benchmark_feasibility_aware_alns
S0030_R06,3002032,feasibility_aware_alns,S0030,n50_p0.25_d1_uniform_Emedium_V2.00_Hmedium_PWmoderate_B0.10,50,0.24,0.25,1,3,medium,2.0,uniform,medium,moderate,0.1,20.0,5.0,1.0,peripheral,9288.896051694222,238.6035146450382,0.0,0.0,9050.292537049185,9050.292537049185,437.11566123600346,61.59586246582299,0.0,498.7115237018264,8742.31322472007,307.9793123291149,0.0,0.0,230.49503590343227,298.25439330629774,0.0,50,0,0.0,0,0,0.0,0.0,0.0,0.0,0.0,0.0,0,0.0,0.0,0,0,0,10.253321647644045,1.0,0.0,0.0,True,feasible,benchmark_feasibility_aware_alns
S0030_R07,3002033,feasibility_aware_alns,S0030,n50_p0.25_d1_uniform_Emedium_V2.00_Hmedium_PWmoderate_B0.10,50,0.24,0.25,1,3,medium,2.0,uniform,medium,moderate,0.1,20.0,5.0,1.0,peripheral,8569.564420907154,231.6490720464248,0.0,0.0,8337.91534886073,8337.91534886073,376.05847770500975,163.34915895210688,0.0,539.4076366571167,7521.1695541001955,816.7457947605344,0.0,0.0,234.78601787520304,289.561340058031,0.0,50,0,0.0,0,0,0.0,0.0,0.0,0.0,0.0,0.0,0,0.0,0.0,0,0,0,10.178879261016846,1.0,0.0,0.0,True,feasible,benchmark_feasibility_aware_alns
S0030_R08,3002034,feasibility_aware_alns,S0030,n50_p0.25_d1_uniform_Emedium_V2.00_Hmedium_PWmoderate_B0.10,50,0.24,0.25,1,3,medium,2.0,uniform,medium,moderate,0.1,20.0,5.0,1.0,peripheral,7109.725682725375,206.7791928534756,0.0,0.0,6902.9464898719,6902.9464898719,316.0540860898843,116.37295361484264,0.0,432.42703970472695,6321.081721797686,581.8647680742132,0.0,0.0,237.67994507813108,258.4739910668446,0.0,50,0,0.0,0,0,0.0,0.0,0.0,0.0,0.0,0.0,0,0.0,0.0,0,0,0,10.31328821182251,1.0,0.0,0.0,True,feasible,benchmark_feasibility_aware_alns
S0030_R09,3002035,feasibility_aware_alns,S0030,n50_p0.25_d1_uniform_Emedium_V2.00_Hmedium_PWmoderate_B0.10,50,0.24,0.25,1,3,medium,2.0,uniform,medium,moderate,0.1,20.0,5.0,1.0,peripheral,4936.666626147506,252.8178800330265,0.0,0.0,4683.84874611448,4683.84874611448,198.5053559616549,142.74832537627603,0.0,341.25368133793097,3970.1071192330983,713.7416268813802,0.0,0.0,231.05617266724693,316.0223500412831,0.0,50,0,0.0,0,0,0.0,0.0,0.0,0.0,0.0,0.0,0,0.0,0.0,0,0,0,10.217118978500366,1.0,0.0,0.0,True,feasible,benchmark_feasibility_aware_alns
S0030_R10,3002036,feasibility_aware_alns,S0030,n50_p0.25_d1_uniform_Emedium_V2.00_Hmedium_PWmoderate_B0.10,50,0.24,0.25,1,3,medium,2.0,uniform,medium,moderate,0.1,20.0,5.0,1.0,peripheral,8291.24823947513,224.036185259581,0.0,0.0,8067.212054215548,8067.212054215548,392.5704159049215,43.16074722342364,0.0,435.73116312834514,7851.40831809843,215.8037361171182,0.0,0.0,219.2240918564445,280.04523157447625,0.0,50,0,0.0,0,0,0.0,0.0,0.0,0.0,0.0,0.0,0,0.0,0.0,0,0,0,10.217536926269531,1.0,0.0,0.0,True,feasible,benchmark_feasibility_aware_alns
S0031_R01,3102027,feasibility_aware_alns,S0031,n50_p0.25_d1_uniform_Ehigh_V1.25_Hlong_PWstrict_B0.10,50,0.24,0.25,1,3,high,1.25,uniform,long,strict,0.1,200.0,40.0,1.0,peripheral,72474.67483263725,227.24088855131956,0.0,0.0,72247.43394408593,72247.43394408593,334.9394697872929,131.48849966568378,0.0,466.4279694529767,66987.89395745858,5259.539986627351,0.0,0.0,272.7839084546721,284.05111068914937,0.0,50,0,0.0,0,0,0.0,0.0,0.0,0.0,0.0,0.0,0,0.0,0.0,0,0,0,10.388627529144289,1.0,0.0,0.0,True,feasible,benchmark_feasibility_aware_alns
S0031_R02,3102028,feasibility_aware_alns,S0031,n50_p0.25_d1_uniform_Ehigh_V1.25_Hlong_PWstrict_B0.10,50,0.24,0.25,1,3,high,1.25,uniform,long,strict,0.1,200.0,40.0,1.0,peripheral,129109.66658818314,227.7479433854436,0.0,0.0,128881.9186447977,128881.9186447977,625.3752166455466,95.17188289220933,0.0,720.5470995377559,125075.04332910932,3806.875315688372,0.0,0.0,231.6551186387429,284.68492923180446,0.0,50,0,0.0,0,0,0.0,0.0,0.0,0.0,0.0,0.0,0,0.0,0.0,0,0,0,10.259252071380615,1.0,0.0,0.0,True,feasible,benchmark_feasibility_aware_alns
S0031_R03,3102029,feasibility_aware_alns,S0031,n50_p0.25_d1_uniform_Ehigh_V1.25_Hlong_PWstrict_B0.10,50,0.24,0.25,1,3,high,1.25,uniform,long,strict,0.1,200.0,40.0,1.0,peripheral,136536.82285230685,232.23933090229707,0.0,0.0,136304.58352140457,136304.58352140457,666.2545775040478,76.34170051487489,0.0,742.5962780189227,133250.91550080955,3053.668020594996,0.0,0.0,231.69791242927067,290.29916362787134,0.0,50,0,0.0,0,0,0.0,0.0,0.0,0.0,0.0,0.0,0,0.0,0.0,0,0,0,10.179245710372925,1.0,0.0,0.0,True,feasible,benchmark_feasibility_aware_alns
S0031_R04,3102030,feasibility_aware_alns,S0031,n50_p0.25_d1_uniform_Ehigh_V1.25_Hlong_PWstrict_B0.10,50,0.24,0.25,1,3,high,1.25,uniform,long,strict,0.1,200.0,40.0,1.0,peripheral,100824.98318319856,245.7256040577767,0.0,0.0,100579.2575791408,100579.2575791408,474.8833110756851,140.06488410009433,0.0,614.9481951757795,94976.66221513702,5602.595364003773,0.0,0.0,236.67673865135112,307.1570050722209,0.0,50,0,0.0,0,0,0.0,0.0,0.0,0.0,0.0,0.0,0,0.0,0.0,0,0,0,10.24268674850464,1.0,0.0,0.0,True,feasible,benchmark_feasibility_aware_alns
S0031_R05,3102031,feasibility_aware_alns,S0031,n50_p0.25_d1_uniform_Ehigh_V1.25_Hlong_PWstrict_B0.10,50,0.24,0.25,1,3,high,1.25,uniform,long,strict,0.1,200.0,40.0,1.0,peripheral,104745.39362352504,240.86445388263087,0.0,0.0,104504.5291696424,104504.5291696424,479.9511251990506,212.8576032458065,0.0,692.8087284448571,95990.22503981012,8514.30412983226,0.0,0.0,227.6246224531856,301.0805673532886,0.0,50,0,0.0,0,0,0.0,0.0,0.0,0.0,0.0,0.0,0,0.0,0.0,0,0,0,10.200661897659302,1.0,0.0,0.0,True,feasible,benchmark_feasibility_aware_alns
S0031_R06,3102032,feasibility_aware_alns,S0031,n50_p0.25_d1_uniform_Ehigh_V1.25_Hlong_PWstrict_B0.10,50,0.24,0.25,1,3,high,1.25,uniform,long,strict,0.1,200.0,40.0,1.0,peripheral,68146.1428204248,221.68777072178003,0.0,0.0,67924.45504970301,67924.45504970301,332.16418537558525,37.29044936464906,0.0,369.4546347402343,66432.83707511704,1491.6179745859629,0.0,0.0,201.51473238416256,277.1097134022251,0.0,50,0,0.0,0,0,0.0,0.0,0.0,0.0,0.0,0.0,0,0.0,0.0,0,0,0,10.187952041625977,1.0,0.0,0.0,True,feasible,benchmark_feasibility_aware_alns
S0031_R07,3102033,feasibility_aware_alns,S0031,n50_p0.25_d1_uniform_Ehigh_V1.25_Hlong_PWstrict_B0.10,50,0.24,0.25,1,3,high,1.25,uniform,long,strict,0.1,200.0,40.0,1.0,peripheral,57936.20531600271,239.5779781403597,0.0,0.0,57696.62733786235,57696.62733786235,211.4130879314733,385.3502437891922,0.0,596.7633317206655,42282.61758629467,15414.009751567686,0.0,0.0,252.62440104074176,299.4724726754497,0.0,50,0,0.0,0,0,0.0,0.0,0.0,0.0,0.0,0.0,0,0.0,0.0,0,0,0,10.376010179519652,1.0,0.0,0.0,True,feasible,benchmark_feasibility_aware_alns
S0031_R08,3102034,feasibility_aware_alns,S0031,n50_p0.25_d1_uniform_Ehigh_V1.25_Hlong_PWstrict_B0.10,50,0.24,0.25,1,3,high,1.25,uniform,long,strict,0.1,200.0,40.0,1.0,peripheral,29942.46797776361,223.1883367149724,0.0,0.0,29719.27964104864,29719.27964104864,119.02001787769775,147.8819016377272,0.0,266.90191951542494,23804.00357553955,5915.276065509088,0.0,0.0,224.04958141828808,278.9854208937154,0.0,50,0,0.0,0,0,0.0,0.0,0.0,0.0,0.0,0.0,0,0.0,0.0,0,0,0,10.282952070236206,1.0,0.0,0.0,True,feasible,benchmark_feasibility_aware_alns
S0031_R09,3102035,feasibility_aware_alns,S0031,n50_p0.25_d1_uniform_Ehigh_V1.25_Hlong_PWstrict_B0.10,50,0.24,0.25,1,3,high,1.25,uniform,long,strict,0.1,200.0,40.0,1.0,peripheral,58270.36741806697,221.7050691369324,0.0,0.0,58048.66234893004,58048.66234893004,272.11129284686893,90.66009448890615,0.0,362.7713873357751,54422.258569373786,3626.403779556247,0.0,0.0,229.42962132874152,277.1313364211655,0.0,50,0,0.0,0,0,0.0,0.0,0.0,0.0,0.0,0.0,0,0.0,0.0,0,0,0,10.294502019882202,1.0,0.0,0.0,True,feasible,benchmark_feasibility_aware_alns
S0031_R10,3102036,feasibility_aware_alns,S0031,n50_p0.25_d1_uniform_Ehigh_V1.25_Hlong_PWstrict_B0.10,50,0.24,0.25,1,3,high,1.25,uniform,long,strict,0.1,200.0,40.0,1.0,peripheral,22454.16368554392,189.256267869979,0.0,0.0,22264.907417673938,22264.907417673938,111.32453708836968,0.0,0.0,111.32453708836968,22264.907417673938,0.0,0.0,0.0,175.52702820802298,236.57033483747375,0.0,50,0,0.0,0,0,0.0,0.0,0.0,0.0,0.0,0.0,0,0.0,0.0,0,0,0,10.175004959106444,1.0,0.0,0.0,True,feasible,benchmark_feasibility_aware_alns
S0032_R01,3202027,feasibility_aware_alns,S0032,n50_p0.25_d1_clustered_Ehigh_V2.00_Hshort_PWflat_B0.10,50,0.24,0.25,1,3,high,2.0,clustered,short,flat,0.1,1.0,1.0,1.0,peripheral,774.1765896657815,67.79160067276314,0.0,0.0,706.3849889930184,706.3849889930184,500.3720939143054,206.01289507871292,0.0,706.3849889930184,500.3720939143054,206.01289507871292,0.0,0.0,195.11429877989752,84.73950084095392,0.0,50,0,0.0,0,0,0.0,0.0,0.0,0.0,0.0,0.0,0,0.0,0.0,0,0,0,12.220536708831789,1.0,0.0,0.0,True,feasible,benchmark_feasibility_aware_alns
S0032_R02,3202028,feasibility_aware_alns,S0032,n50_p0.25_d1_clustered_Ehigh_V2.00_Hshort_PWflat_B0.10,50,0.24,0.25,1,3,high,2.0,clustered,short,flat,0.1,1.0,1.0,1.0,peripheral,489.0146598763319,65.58603620467224,0.0,0.0,423.4286236716596,423.4286236716596,410.967523054324,12.461100617335518,0.0,423.4286236716596,410.967523054324,12.461100617335518,0.0,0.0,186.69805218854515,81.98254525584028,0.0,50,0,0.0,0,0,0.0,0.0,0.0,0.0,0.0,0.0,0,0.0,0.0,0,0,0,12.248760461807253,1.0,0.0,0.0,True,feasible,benchmark_feasibility_aware_alns
S0032_R03,3202029,feasibility_aware_alns,S0032,n50_p0.25_d1_clustered_Ehigh_V2.00_Hshort_PWflat_B0.10,50,0.24,0.25,1,3,high,2.0,clustered,short,flat,0.1,1.0,1.0,1.0,peripheral,672.2395607323474,71.88033323323195,0.0,0.0,600.3592274991155,600.3592274991155,516.7357098338628,83.62351766525263,0.0,600.3592274991154,516.7357098338628,83.62351766525263,0.0,0.0,201.6533739555855,89.8504165415399,0.0,50,0,0.0,0,0,0.0,0.0,0.0,0.0,0.0,0.0,0,0.0,0.0,0,0,0,12.066661834716797,1.0,0.0,0.0,True,feasible,benchmark_feasibility_aware_alns
S0032_R04,3202030,feasibility_aware_alns,S0032,n50_p0.25_d1_clustered_Ehigh_V2.00_Hshort_PWflat_B0.10,50,0.24,0.25,1,3,high,2.0,clustered,short,flat,0.1,1.0,1.0,1.0,peripheral,282.5539770616199,65.51951826421893,0.0,0.0,217.034458797401,217.034458797401,171.82517035862082,45.209288438780135,0.0,217.03445879740096,171.82517035862082,45.209288438780135,0.0,0.0,188.56509119702972,81.89939783027364,0.0,50,0,0.0,0,0,0.0,0.0,0.0,0.0,0.0,0.0,0,0.0,0.0,0,0,0,11.992780447006226,1.0,0.0,0.0,True,feasible,benchmark_feasibility_aware_alns
S0032_R05,3202031,feasibility_aware_alns,S0032,n50_p0.25_d1_clustered_Ehigh_V2.00_Hshort_PWflat_B0.10,50,0.24,0.25,1,3,high,2.0,clustered,short,flat,0.1,1.0,1.0,1.0,peripheral,742.1364882366686,65.51000444613356,0.0,0.0,676.6264837905351,676.6264837905351,552.9772763738031,123.64920741673194,0.0,676.6264837905351,552.9772763738031,123.64920741673194,0.0,0.0,190.6150630430792,81.88750555766691,0.0,50,0,0.0,0,0,0.0,0.0,0.0,0.0,0.0,0.0,0,0.0,0.0,0,0,0,12.112901449203491,1.0,0.0,0.0,True,feasible,benchmark_feasibility_aware_alns
S0032_R06,3202032,feasibility_aware_alns,S0032,n50_p0.25_d1_clustered_Ehigh_V2.00_Hshort_PWflat_B0.10,50,0.24,0.25,1,3,high,2.0,clustered,short,flat,0.1,1.0,1.0,1.0,peripheral,406.5965108994153,62.111352429799496,0.0,0.0,344.48515846961584,344.48515846961584,189.6865274769989,154.798630992617,0.0,344.48515846961584,189.6865274769989,154.798630992617,0.0,0.0,183.80094023388733,77.63919053724936,0.0,50,0,0.0,0,0,0.0,0.0,0.0,0.0,0.0,0.0,0,0.0,0.0,0,0,0,12.321857929229736,1.0,0.0,0.0,True,feasible,benchmark_feasibility_aware_alns
S0032_R07,3202033,feasibility_aware_alns,S0032,n50_p0.25_d1_clustered_Ehigh_V2.00_Hshort_PWflat_B0.10,50,0.24,0.25,1,3,high,2.0,clustered,short,flat,0.1,1.0,1.0,1.0,peripheral,383.4277133115329,68.98906664166137,0.0,0.0,314.4386466698715,314.4386466698715,219.0365724941435,95.40207417572796,0.0,314.43864666987145,219.0365724941435,95.40207417572796,0.0,0.0,193.3504524984828,86.2363333020767,0.0,50,0,0.0,0,0,0.0,0.0,0.0,0.0,0.0,0.0,0,0.0,0.0,0,0,0,13.834843635559082,1.0,0.0,0.0,True,feasible,benchmark_feasibility_aware_alns
S0032_R08,3202034,feasibility_aware_alns,S0032,n50_p0.25_d1_clustered_Ehigh_V2.00_Hshort_PWflat_B0.10,50,0.24,0.25,1,3,high,2.0,clustered,short,flat,0.1,1.0,1.0,1.0,peripheral,692.5678854692997,65.93671240469101,0.0,0.0,626.6311730646087,626.6311730646087,539.9190187567173,86.7121543078914,0.0,626.6311730646087,539.9190187567173,86.7121543078914,0.0,0.0,191.04208838717653,82.42089050586378,0.0,50,0,0.0,0,0,0.0,0.0,0.0,0.0,0.0,0.0,0,0.0,0.0,0,0,0,12.63412094116211,1.0,0.0,0.0,True,feasible,benchmark_feasibility_aware_alns
S0032_R09,3202035,feasibility_aware_alns,S0032,n50_p0.25_d1_clustered_Ehigh_V2.00_Hshort_PWflat_B0.10,50,0.24,0.25,1,3,high,2.0,clustered,short,flat,0.1,1.0,1.0,1.0,peripheral,673.6047138617237,69.65176654612115,0.0,0.0,603.9529473156025,603.9529473156025,473.5087235939154,130.44422372168708,0.0,603.9529473156025,473.5087235939154,130.44422372168708,0.0,0.0,200.4184659091703,87.06470818265144,0.0,50,0,0.0,0,0,0.0,0.0,0.0,0.0,0.0,0.0,0,0.0,0.0,0,0,0,11.798407316207886,1.0,0.0,0.0,True,feasible,benchmark_feasibility_aware_alns
S0032_R10,3202036,feasibility_aware_alns,S0032,n50_p0.25_d1_clustered_Ehigh_V2.00_Hshort_PWflat_B0.10,50,0.24,0.25,1,3,high,2.0,clustered,short,flat,0.1,1.0,1.0,1.0,peripheral,375.8505657531965,62.67619692435811,0.0,0.0,313.1743688288384,313.1743688288384,286.54559530330187,26.628773525536587,0.0,313.17436882883845,286.54559530330187,26.628773525536587,0.0,0.0,183.07686502973596,78.34524615544763,0.0,50,0,0.0,0,0,0.0,0.0,0.0,0.0,0.0,0.0,0,0.0,0.0,0,0,0,12.453954219818115,1.0,0.0,0.0,True,feasible,benchmark_feasibility_aware_alns
S0033_R01,3302027,feasibility_aware_alns,S0033,n50_p0.25_d1_clustered_Ehigh_V2.00_Hshort_PWbase_B0.10,50,0.24,0.25,1,3,high,2.0,clustered,short,base,0.1,100.0,20.0,1.0,peripheral,16379.945842015137,58.88617720466782,0.0,0.0,16321.05966481047,16321.05966481047,152.7916872808308,52.09454683636956,0.0,204.88623411720036,15279.16872808308,1041.8909367273911,0.0,0.0,176.5052680441716,73.60772150583477,0.0,50,0,0.0,0,0,0.0,0.0,0.0,0.0,0.0,0.0,0,0.0,0.0,0,0,0,13.218328714370728,1.0,0.0,0.0,True,feasible,benchmark_feasibility_aware_alns
S0033_R02,3302028,feasibility_aware_alns,S0033,n50_p0.25_d1_clustered_Ehigh_V2.00_Hshort_PWbase_B0.10,50,0.24,0.25,1,3,high,2.0,clustered,short,base,0.1,100.0,20.0,1.0,peripheral,72215.47845047257,73.63078454519294,0.0,0.0,72141.84766592737,72141.84766592737,701.2000079381245,101.09234360574582,0.0,802.2923515438703,70120.00079381245,2021.8468721149168,0.0,0.0,207.39015511955293,92.03848068149122,0.0,50,0,0.0,0,0,0.0,0.0,0.0,0.0,0.0,0.0,0,0.0,0.0,0,0,0,11.683262825012209,1.0,0.0,0.0,True,feasible,benchmark_feasibility_aware_alns
S0033_R03,3302029,feasibility_aware_alns,S0033,n50_p0.25_d1_clustered_Ehigh_V2.00_Hshort_PWbase_B0.10,50,0.24,0.25,1,3,high,2.0,clustered,short,base,0.1,100.0,20.0,1.0,peripheral,37917.83942406846,62.06503016280252,0.0,0.0,37855.77439390565,37855.77439390565,368.2644956272304,51.46624155913081,0.0,419.7307371863613,36826.44956272304,1029.3248311826162,0.0,0.0,184.2484604088827,77.58128770350316,0.0,50,0,0.0,0,0,0.0,0.0,0.0,0.0,0.0,0.0,0,0.0,0.0,0,0,0,12.165457725524902,1.0,0.0,0.0,True,feasible,benchmark_feasibility_aware_alns
S0033_R04,3302030,feasibility_aware_alns,S0033,n50_p0.25_d1_clustered_Ehigh_V2.00_Hshort_PWbase_B0.10,50,0.24,0.25,1,3,high,2.0,clustered,short,base,0.1,100.0,20.0,1.0,peripheral,25444.64998085397,68.11134078863755,0.0,0.0,25376.538640065337,25376.538640065337,236.7563460184726,85.04520191090363,0.0,321.8015479293762,23675.63460184726,1700.9040382180726,0.0,0.0,199.1588973877649,85.13917598579695,0.0,50,0,0.0,0,0,0.0,0.0,0.0,0.0,0.0,0.0,0,0.0,0.0,0,0,0,12.872281312942505,1.0,0.0,0.0,True,feasible,benchmark_feasibility_aware_alns
S0033_R05,3302031,feasibility_aware_alns,S0033,n50_p0.25_d1_clustered_Ehigh_V2.00_Hshort_PWbase_B0.10,50,0.24,0.25,1,3,high,2.0,clustered,short,base,0.1,100.0,20.0,1.0,peripheral,27020.541707040476,59.747123694722255,0.0,0.0,26960.79458334575,26960.79458334575,256.1408951364606,67.33525348498435,0.0,323.47614862144496,25614.08951364606,1346.705069699687,0.0,0.0,177.24824030802702,74.6839046184028,0.0,50,0,0.0,0,0,0.0,0.0,0.0,0.0,0.0,0.0,0,0.0,0.0,0,0,0,12.177680492401125,1.0,0.0,0.0,True,feasible,benchmark_feasibility_aware_alns
S0033_R06,3302032,feasibility_aware_alns,S0033,n50_p0.25_d1_clustered_Ehigh_V2.00_Hshort_PWbase_B0.10,50,0.24,0.25,1,3,high,2.0,clustered,short,base,0.1,100.0,20.0,1.0,peripheral,34205.41473954058,67.99031170659211,0.0,0.0,34137.42442783399,34137.42442783399,309.35925058617124,160.07496846084334,0.0,469.4342190470146,30935.92505861713,3201.499369216867,0.0,0.0,191.87441482257844,84.98788963324013,0.0,50,0,0.0,0,0,0.0,0.0,0.0,0.0,0.0,0.0,0,0.0,0.0,0,0,0,12.084487915039062,1.0,0.0,0.0,True,feasible,benchmark_feasibility_aware_alns
S0033_R07,3302033,feasibility_aware_alns,S0033,n50_p0.25_d1_clustered_Ehigh_V2.00_Hshort_PWbase_B0.10,50,0.24,0.25,1,3,high,2.0,clustered,short,base,0.1,100.0,20.0,1.0,peripheral,19140.943571592776,60.76724129082007,0.0,0.0,19080.176330301954,19080.176330301954,181.36835328219905,47.16705010410257,0.0,228.5354033863016,18136.835328219902,943.3410020820514,0.0,0.0,179.2494583394844,75.95905161352509,0.0,50,0,0.0,0,0,0.0,0.0,0.0,0.0,0.0,0.0,0,0.0,0.0,0,0,0,12.075142860412598,1.0,0.0,0.0,True,feasible,benchmark_feasibility_aware_alns
S0033_R08,3302034,feasibility_aware_alns,S0033,n50_p0.25_d1_clustered_Ehigh_V2.00_Hshort_PWbase_B0.10,50,0.24,0.25,1,3,high,2.0,clustered,short,base,0.1,100.0,20.0,1.0,peripheral,42479.1125937888,60.95009040548973,0.0,0.0,42418.16250338331,42418.16250338331,422.5125311384216,8.345469477057406,0.0,430.858000615479,42251.25311384216,166.90938954114813,0.0,0.0,178.44006238617635,76.18761300686215,0.0,50,0,0.0,0,0,0.0,0.0,0.0,0.0,0.0,0.0,0,0.0,0.0,0,0,0,12.109817028045654,1.0,0.0,0.0,True,feasible,benchmark_feasibility_aware_alns
S0033_R09,3302035,feasibility_aware_alns,S0033,n50_p0.25_d1_clustered_Ehigh_V2.00_Hshort_PWbase_B0.10,50,0.24,0.25,1,3,high,2.0,clustered,short,base,0.1,100.0,20.0,1.0,peripheral,57751.09749754159,67.48050675804944,0.0,0.0,57683.616990783536,57683.616990783536,554.145631296409,113.45269305713192,0.0,667.5983243535409,55414.5631296409,2269.0538611426387,0.0,0.0,192.1785103634492,84.3506334475618,0.0,50,0,0.0,0,0,0.0,0.0,0.0,0.0,0.0,0.0,0,0.0,0.0,0,0,0,11.819526433944702,1.0,0.0,0.0,True,feasible,benchmark_feasibility_aware_alns
S0033_R10,3302036,feasibility_aware_alns,S0033,n50_p0.25_d1_clustered_Ehigh_V2.00_Hshort_PWbase_B0.10,50,0.24,0.25,1,3,high,2.0,clustered,short,base,0.1,100.0,20.0,1.0,peripheral,30132.660482295996,67.01174981833701,0.0,0.0,30065.648732477657,30065.648732477657,286.6656401392272,69.9542359277466,0.0,356.6198760669738,28666.56401392272,1399.084718554932,0.0,0.0,190.66905524130905,83.76468727292124,0.0,50,0,0.0,0,0,0.0,0.0,0.0,0.0,0.0,0.0,0,0.0,0.0,0,0,0,11.7798330783844,1.0,0.0,0.0,True,feasible,benchmark_feasibility_aware_alns
S0034_R01,3402027,feasibility_aware_alns,S0034,n50_p0.75_d1_uniform_Elow_V1.25_Hshort_PWstrict_B0.10,50,0.76,0.75,1,3,low,1.25,uniform,short,strict,0.1,200.0,40.0,1.0,peripheral,45166.29442253375,225.0592226726128,0.0,0.0,44941.235199861134,44941.235199861134,208.68698985366717,80.0959307281926,0.0,288.78292058185974,41737.39797073343,3203.837229127704,0.0,0.0,186.05760993866687,281.324028340766,0.0,50,0,0.0,0,0,0.0,0.0,0.0,0.0,0.0,0.0,0,0.0,0.0,0,0,0,10.292840719223022,1.0,0.0,0.0,True,feasible,benchmark_feasibility_aware_alns
S0034_R02,3402028,feasibility_aware_alns,S0034,n50_p0.75_d1_uniform_Elow_V1.25_Hshort_PWstrict_B0.10,50,0.76,0.75,1,3,low,1.25,uniform,short,strict,0.1,200.0,40.0,1.0,peripheral,110807.63138748796,232.53074773946807,0.0,0.0,110575.10063974847,110575.10063974847,542.711674240198,50.819144792721815,0.0,593.5308190329198,108542.3348480396,2032.7657917088727,0.0,0.0,212.91791807618097,290.66343467433524,0.0,50,0,0.0,0,0,0.0,0.0,0.0,0.0,0.0,0.0,0,0.0,0.0,0,0,0,10.169912099838257,1.0,0.0,0.0,True,feasible,benchmark_feasibility_aware_alns
S0034_R03,3402029,feasibility_aware_alns,S0034,n50_p0.75_d1_uniform_Elow_V1.25_Hshort_PWstrict_B0.10,50,0.76,0.75,1,3,low,1.25,uniform,short,strict,0.1,200.0,40.0,1.0,peripheral,26147.54796251946,224.79828135406572,0.0,0.0,25922.749681165395,25922.749681165395,119.28757004986198,51.63089177982492,0.0,170.91846182968692,23857.5140099724,2065.235671192997,0.0,0.0,202.3429812848451,280.9978516925823,0.0,50,0,0.0,0,0,0.0,0.0,0.0,0.0,0.0,0.0,0,0.0,0.0,0,0,0,10.253400087356567,1.0,0.0,0.0,True,feasible,benchmark_feasibility_aware_alns
S0034_R04,3402030,feasibility_aware_alns,S0034,n50_p0.75_d1_uniform_Elow_V1.25_Hshort_PWstrict_B0.10,50,0.76,0.75,1,3,low,1.25,uniform,short,strict,0.1,200.0,40.0,1.0,peripheral,75008.23756933898,209.38821094485456,0.0,0.0,74798.84935839412,74798.84935839412,348.9133094473424,125.40468672314104,0.0,474.31799617048335,69782.66188946847,5016.187468925641,0.0,0.0,250.4800895217213,261.7352636810682,0.0,50,0,0.0,0,0,0.0,0.0,0.0,0.0,0.0,0.0,0,0.0,0.0,0,0,0,10.297606229782104,1.0,0.0,0.0,True,feasible,benchmark_feasibility_aware_alns
S0034_R05,3402031,feasibility_aware_alns,S0034,n50_p0.75_d1_uniform_Elow_V1.25_Hshort_PWstrict_B0.10,50,0.76,0.75,1,3,low,1.25,uniform,short,strict,0.1,200.0,40.0,1.0,peripheral,59543.07848248102,234.0777802547353,0.0,0.0,59309.00070222628,59309.00070222628,284.2972555777905,61.23873966670442,0.0,345.5359952444949,56859.4511155581,2449.5495866681767,0.0,0.0,194.6876046109015,292.597225318419,0.0,50,0,0.0,0,0,0.0,0.0,0.0,0.0,0.0,0.0,0,0.0,0.0,0,0,0,10.17524766921997,1.0,0.0,0.0,True,feasible,benchmark_feasibility_aware_alns
S0034_R06,3402032,feasibility_aware_alns,S0034,n50_p0.75_d1_uniform_Elow_V1.25_Hshort_PWstrict_B0.10,50,0.76,0.75,1,3,low,1.25,uniform,short,strict,0.1,200.0,40.0,1.0,peripheral,88615.99673729506,220.2323918334829,0.0,0.0,88395.76434546158,88395.76434546158,402.7812541407424,195.9878379328275,0.0,598.7690920735698,80556.25082814848,7839.513517313099,0.0,0.0,242.25923245176853,275.29048979185364,0.0,50,0,0.0,0,0,0.0,0.0,0.0,0.0,0.0,0.0,0,0.0,0.0,0,0,0,10.24207353591919,1.0,0.0,0.0,True,feasible,benchmark_feasibility_aware_alns
S0034_R07,3402033,feasibility_aware_alns,S0034,n50_p0.75_d1_uniform_Elow_V1.25_Hshort_PWstrict_B0.10,50,0.76,0.75,1,3,low,1.25,uniform,short,strict,0.1,200.0,40.0,1.0,peripheral,33390.683391916835,227.8400330626744,0.0,0.0,33162.84335885416,33162.84335885416,155.0659935400851,53.741116270928686,0.0,208.8071098110138,31013.19870801702,2149.6446508371478,0.0,0.0,217.1551750102415,284.80004132834296,0.0,50,0,0.0,0,0,0.0,0.0,0.0,0.0,0.0,0.0,0,0.0,0.0,0,0,0,10.199830055236816,1.0,0.0,0.0,True,feasible,benchmark_feasibility_aware_alns
S0034_R08,3402034,feasibility_aware_alns,S0034,n50_p0.75_d1_uniform_Elow_V1.25_Hshort_PWstrict_B0.10,50,0.76,0.75,1,3,low,1.25,uniform,short,strict,0.1,200.0,40.0,1.0,peripheral,63114.38553404605,237.83147758998044,0.0,0.0,62876.55405645607,62876.55405645607,302.22679535886414,60.77987461708118,0.0,363.0066699759453,60445.35907177283,2431.194984683247,0.0,0.0,203.8424122360731,297.28934698747554,0.0,50,0,0.0,0,0,0.0,0.0,0.0,0.0,0.0,0.0,0,0.0,0.0,0,0,0,10.159403324127195,1.0,0.0,0.0,True,feasible,benchmark_feasibility_aware_alns
S0034_R09,3402035,feasibility_aware_alns,S0034,n50_p0.75_d1_uniform_Elow_V1.25_Hshort_PWstrict_B0.10,50,0.76,0.75,1,3,low,1.25,uniform,short,strict,0.1,200.0,40.0,1.0,peripheral,111481.2762576282,232.7627216522417,0.0,0.0,111248.51353597596,111248.51353597596,502.723072918844,267.5974738051792,0.0,770.3205467240232,100544.6145837688,10703.898952207168,0.0,0.0,239.7158760864704,290.95340206530216,0.0,50,0,0.0,0,0,0.0,0.0,0.0,0.0,0.0,0.0,0,0.0,0.0,0,0,0,10.358121633529665,1.0,0.0,0.0,True,feasible,benchmark_feasibility_aware_alns
S0034_R10,3402036,feasibility_aware_alns,S0034,n50_p0.75_d1_uniform_Elow_V1.25_Hshort_PWstrict_B0.10,50,0.76,0.75,1,3,low,1.25,uniform,short,strict,0.1,200.0,40.0,1.0,peripheral,66454.27300722494,272.88979182070165,0.0,0.0,66181.38321540423,66181.38321540423,306.2482015207407,123.2935727814026,0.0,429.54177430214327,61249.64030414814,4931.742911256104,0.0,0.0,259.7492572584314,341.1122397758772,0.0,50,0,0.0,0,0,0.0,0.0,0.0,0.0,0.0,0.0,0,0.0,0.0,0,0,0,10.265847206115724,1.0,0.0,0.0,True,feasible,benchmark_feasibility_aware_alns
S0035_R01,3502027,feasibility_aware_alns,S0035,n50_p0.75_d1_clustered_Elow_V1.25_Hmedium_PWflat_B0.10,50,0.76,0.75,1,3,low,1.25,clustered,medium,flat,0.1,1.0,1.0,1.0,peripheral,981.252181737974,71.17671457706965,0.0,0.0,910.0754671609044,910.0754671609044,757.1391682516135,152.93629890929105,0.0,910.0754671609044,757.1391682516135,152.93629890929105,0.0,0.0,205.3301988102056,88.97089322133704,0.0,50,0,0.0,0,0,0.0,0.0,0.0,0.0,0.0,0.0,0,0.0,0.0,0,0,0,12.642916917800903,1.0,0.0,0.0,True,feasible,benchmark_feasibility_aware_alns
S0035_R02,3502028,feasibility_aware_alns,S0035,n50_p0.75_d1_clustered_Elow_V1.25_Hmedium_PWflat_B0.10,50,0.76,0.75,1,3,low,1.25,clustered,medium,flat,0.1,1.0,1.0,1.0,peripheral,501.461643261787,70.26276069519392,0.0,0.0,431.1988825665931,431.1988825665931,314.79478182580704,116.40410074078608,0.0,431.1988825665931,314.79478182580704,116.40410074078608,0.0,0.0,197.7508307084817,87.82845086899243,0.0,50,0,0.0,0,0,0.0,0.0,0.0,0.0,0.0,0.0,0,0.0,0.0,0,0,0,12.52687168121338,1.0,0.0,0.0,True,feasible,benchmark_feasibility_aware_alns
S0035_R03,3502029,feasibility_aware_alns,S0035,n50_p0.75_d1_clustered_Elow_V1.25_Hmedium_PWflat_B0.10,50,0.76,0.75,1,3,low,1.25,clustered,medium,flat,0.1,1.0,1.0,1.0,peripheral,365.72633766708486,63.62137361351606,0.0,0.0,302.1049640535688,302.1049640535688,246.29171022939744,55.81325382417136,0.0,302.1049640535688,246.29171022939744,55.81325382417136,0.0,0.0,184.3821650494451,79.5267170168951,0.0,50,0,0.0,0,0,0.0,0.0,0.0,0.0,0.0,0.0,0,0.0,0.0,0,0,0,12.80813455581665,1.0,0.0,0.0,True,feasible,benchmark_feasibility_aware_alns
S0035_R04,3502030,feasibility_aware_alns,S0035,n50_p0.75_d1_clustered_Elow_V1.25_Hmedium_PWflat_B0.10,50,0.76,0.75,1,3,low,1.25,clustered,medium,flat,0.1,1.0,1.0,1.0,peripheral,196.3230875590044,52.257716727588864,0.0,0.0,144.0653708314155,144.0653708314155,142.46599606673442,1.5993747646810732,0.0,144.0653708314155,142.46599606673442,1.5993747646810732,0.0,0.0,163.8148815936753,65.32214590948607,0.0,50,0,0.0,0,0,0.0,0.0,0.0,0.0,0.0,0.0,0,0.0,0.0,0,0,0,13.37993836402893,1.0,0.0,0.0,True,feasible,benchmark_feasibility_aware_alns
S0035_R05,3502031,feasibility_aware_alns,S0035,n50_p0.75_d1_clustered_Elow_V1.25_Hmedium_PWflat_B0.10,50,0.76,0.75,1,3,low,1.25,clustered,medium,flat,0.1,1.0,1.0,1.0,peripheral,548.8286649039507,67.17218987632103,0.0,0.0,481.65647502762965,481.65647502762965,382.612089429606,99.0443855980237,0.0,481.65647502762965,382.612089429606,99.0443855980237,0.0,0.0,192.9143149172575,83.96523734540128,0.0,50,0,0.0,0,0,0.0,0.0,0.0,0.0,0.0,0.0,0,0.0,0.0,0,0,0,13.09902024269104,1.0,0.0,0.0,True,feasible,benchmark_feasibility_aware_alns
S0035_R06,3502032,feasibility_aware_alns,S0035,n50_p0.75_d1_clustered_Elow_V1.25_Hmedium_PWflat_B0.10,50,0.76,0.75,1,3,low,1.25,clustered,medium,flat,0.1,1.0,1.0,1.0,peripheral,413.6294511894368,67.42233178152364,0.0,0.0,346.2071194079131,346.2071194079131,180.4350251271424,165.77209428077072,0.0,346.2071194079131,180.4350251271424,165.77209428077072,0.0,0.0,192.20725468650616,84.27791472690456,0.0,50,0,0.0,0,0,0.0,0.0,0.0,0.0,0.0,0.0,0,0.0,0.0,0,0,0,13.460598707199097,1.0,0.0,0.0,True,feasible,benchmark_feasibility_aware_alns
S0035_R07,3502033,feasibility_aware_alns,S0035,n50_p0.75_d1_clustered_Elow_V1.25_Hmedium_PWflat_B0.10,50,0.76,0.75,1,3,low,1.25,clustered,medium,flat,0.1,1.0,1.0,1.0,peripheral,618.2326246643474,66.04095149797897,0.0,0.0,552.1916731663684,552.1916731663684,538.0289999493228,14.162673217045665,0.0,552.1916731663684,538.0289999493228,14.162673217045665,0.0,0.0,186.90800060227676,82.5511893724737,0.0,50,0,0.0,0,0,0.0,0.0,0.0,0.0,0.0,0.0,0,0.0,0.0,0,0,0,13.666768074035645,1.0,0.0,0.0,True,feasible,benchmark_feasibility_aware_alns
S0035_R08,3502034,feasibility_aware_alns,S0035,n50_p0.75_d1_clustered_Elow_V1.25_Hmedium_PWflat_B0.10,50,0.76,0.75,1,3,low,1.25,clustered,medium,flat,0.1,1.0,1.0,1.0,peripheral,417.4287510688619,60.75706398713537,0.0,0.0,356.67168708172653,356.67168708172653,328.619272113759,28.052414967967465,0.0,356.6716870817265,328.619272113759,28.052414967967465,0.0,0.0,177.12086084471605,75.94632998391924,0.0,50,0,0.0,0,0,0.0,0.0,0.0,0.0,0.0,0.0,0,0.0,0.0,0,0,0,14.618436813354492,1.0,0.0,0.0,True,feasible,benchmark_feasibility_aware_alns
S0035_R09,3502035,feasibility_aware_alns,S0035,n50_p0.75_d1_clustered_Elow_V1.25_Hmedium_PWflat_B0.10,50,0.76,0.75,1,3,low,1.25,clustered,medium,flat,0.1,1.0,1.0,1.0,peripheral,453.8890290127346,73.83496488513295,0.0,0.0,380.0540641276017,380.0540641276017,276.332057575766,103.7220065518358,0.0,380.05406412760175,276.332057575766,103.7220065518358,0.0,0.0,205.18678119050597,92.29370610641618,0.0,50,0,0.0,0,0,0.0,0.0,0.0,0.0,0.0,0.0,0,0.0,0.0,0,0,0,12.975672483444214,1.0,0.0,0.0,True,feasible,benchmark_feasibility_aware_alns
S0035_R10,3502036,feasibility_aware_alns,S0035,n50_p0.75_d1_clustered_Elow_V1.25_Hmedium_PWflat_B0.10,50,0.76,0.75,1,3,low,1.25,clustered,medium,flat,0.1,1.0,1.0,1.0,peripheral,562.3184417540377,70.91130903348514,0.0,0.0,491.40713272055257,491.40713272055257,319.9784248839014,171.4287078366511,0.0,491.40713272055257,319.9784248839014,171.4287078366511,0.0,0.0,200.67104802800992,88.63913629185643,0.0,50,0,0.0,0,0,0.0,0.0,0.0,0.0,0.0,0.0,0,0.0,0.0,0,0,0,11.734511613845823,1.0,0.0,0.0,True,feasible,benchmark_feasibility_aware_alns
S0036_R01,3602027,feasibility_aware_alns,S0036,n50_p0.75_d1_uniform_Elow_V1.25_Hlong_PWstrict_B0.10,50,0.76,0.75,1,3,low,1.25,uniform,long,strict,0.1,200.0,40.0,1.0,peripheral,113245.02960999958,244.08269606697056,0.0,0.0,113000.9469139326,113000.9469139326,508.2118856263008,283.964244716811,0.0,792.1761303431117,101642.37712526016,11358.56978867244,0.0,0.0,209.3493860946209,305.1033700837132,0.0,50,0,0.0,0,0,0.0,0.0,0.0,0.0,0.0,0.0,0,0.0,0.0,0,0,0,10.25183892250061,1.0,0.0,0.0,True,feasible,benchmark_feasibility_aware_alns
S0036_R02,3602028,feasibility_aware_alns,S0036,n50_p0.75_d1_uniform_Elow_V1.25_Hlong_PWstrict_B0.10,50,0.76,0.75,1,3,low,1.25,uniform,long,strict,0.1,200.0,40.0,1.0,peripheral,27062.20399874891,213.76667116536555,0.0,0.0,26848.437327583542,26848.437327583542,120.99531569773237,66.23435470092694,0.0,187.22967039865927,24199.063139546477,2649.3741880370776,0.0,0.0,203.03394269909955,267.208338956707,0.0,50,0,0.0,0,0,0.0,0.0,0.0,0.0,0.0,0.0,0,0.0,0.0,0,0,0,10.22843599319458,1.0,0.0,0.0,True,feasible,benchmark_feasibility_aware_alns
S0036_R03,3602029,feasibility_aware_alns,S0036,n50_p0.75_d1_uniform_Elow_V1.25_Hlong_PWstrict_B0.10,50,0.76,0.75,1,3,low,1.25,uniform,long,strict,0.1,200.0,40.0,1.0,peripheral,188844.40546519225,233.8630844144513,0.0,0.0,188610.54238077777,188610.54238077777,905.5527334097056,187.49989247091733,0.0,1093.052625880623,181110.54668194117,7499.995698836693,0.0,0.0,259.30488062667547,292.3288555180642,0.0,50,0,0.0,0,0,0.0,0.0,0.0,0.0,0.0,0.0,0,0.0,0.0,0,0,0,10.361948490142822,1.0,0.0,0.0,True,feasible,benchmark_feasibility_aware_alns
S0036_R04,3602030,feasibility_aware_alns,S0036,n50_p0.75_d1_uniform_Elow_V1.25_Hlong_PWstrict_B0.10,50,0.76,0.75,1,3,low,1.25,uniform,long,strict,0.1,200.0,40.0,1.0,peripheral,65099.40108086807,240.31437801459663,0.0,0.0,64859.08670285347,64859.08670285347,324.2954335142673,0.0,0.0,324.2954335142673,64859.08670285346,0.0,0.0,0.0,227.4302378249575,300.3929725182458,0.0,50,0,0.0,0,0,0.0,0.0,0.0,0.0,0.0,0.0,0,0.0,0.0,0,0,0,10.268986463546751,1.0,0.0,0.0,True,feasible,benchmark_feasibility_aware_alns
S0036_R05,3602031,feasibility_aware_alns,S0036,n50_p0.75_d1_uniform_Elow_V1.25_Hlong_PWstrict_B0.10,50,0.76,0.75,1,3,low,1.25,uniform,long,strict,0.1,200.0,40.0,1.0,peripheral,143654.53401590162,216.7125157426807,0.0,0.0,143437.82150015893,143437.82150015893,674.7218935129297,212.33606993932548,0.0,887.0579634522552,134944.3787025859,8493.44279757302,0.0,0.0,216.26924487485888,270.8906446783508,0.0,50,0,0.0,0,0,0.0,0.0,0.0,0.0,0.0,0.0,0,0.0,0.0,0,0,0,10.257484912872314,1.0,0.0,0.0,True,feasible,benchmark_feasibility_aware_alns
S0036_R06,3602032,feasibility_aware_alns,S0036,n50_p0.75_d1_uniform_Elow_V1.25_Hlong_PWstrict_B0.10,50,0.76,0.75,1,3,low,1.25,uniform,long,strict,0.1,200.0,40.0,1.0,peripheral,87672.20281239421,233.72976516969752,0.0,0.0,87438.47304722451,87438.47304722451,399.9091577663236,186.41603734899465,0.0,586.3251951153183,79981.83155326472,7456.641493959785,0.0,0.0,225.04093999593047,292.162206462122,0.0,50,0,0.0,0,0,0.0,0.0,0.0,0.0,0.0,0.0,0,0.0,0.0,0,0,0,10.594629049301147,1.0,0.0,0.0,True,feasible,benchmark_feasibility_aware_alns
S0036_R07,3602033,feasibility_aware_alns,S0036,n50_p0.75_d1_uniform_Elow_V1.25_Hlong_PWstrict_B0.10,50,0.76,0.75,1,3,low,1.25,uniform,long,strict,0.1,200.0,40.0,1.0,peripheral,128051.20440082563,217.33406731104463,0.0,0.0,127833.87033351458,127833.87033351458,600.2915983555854,194.38876655993755,0.0,794.6803649155229,120058.31967111707,7775.550662397502,0.0,0.0,280.49913546144967,271.6675841388057,0.0,50,0,0.0,0,0,0.0,0.0,0.0,0.0,0.0,0.0,0,0.0,0.0,0,0,0,10.430513143539429,1.0,0.0,0.0,True,feasible,benchmark_feasibility_aware_alns
S0036_R08,3602034,feasibility_aware_alns,S0036,n50_p0.75_d1_uniform_Elow_V1.25_Hlong_PWstrict_B0.10,50,0.76,0.75,1,3,low,1.25,uniform,long,strict,0.1,200.0,40.0,1.0,peripheral,60740.39258653332,236.4888333464021,0.0,0.0,60503.90375318691,60503.90375318691,267.91088490863666,173.04316928648967,0.0,440.95405419512633,53582.17698172733,6921.726771459587,0.0,0.0,215.74707411744487,295.6110416830025,0.0,50,0,0.0,0,0,0.0,0.0,0.0,0.0,0.0,0.0,0,0.0,0.0,0,0,0,10.240487575531006,1.0,0.0,0.0,True,feasible,benchmark_feasibility_aware_alns
S0036_R09,3602035,feasibility_aware_alns,S0036,n50_p0.75_d1_uniform_Elow_V1.25_Hlong_PWstrict_B0.10,50,0.76,0.75,1,3,low,1.25,uniform,long,strict,0.1,200.0,40.0,1.0,peripheral,108309.622383205,207.0379685310195,0.0,0.0,108102.58441467398,108102.58441467398,521.559397027812,94.76762522778928,0.0,616.3270222556013,104311.8794055624,3790.705009111571,0.0,0.0,224.3570191218147,258.7974606637743,0.0,50,0,0.0,0,0,0.0,0.0,0.0,0.0,0.0,0.0,0,0.0,0.0,0,0,0,10.292036056518556,1.0,0.0,0.0,True,feasible,benchmark_feasibility_aware_alns
S0036_R10,3602036,feasibility_aware_alns,S0036,n50_p0.75_d1_uniform_Elow_V1.25_Hlong_PWstrict_B0.10,50,0.76,0.75,1,3,low,1.25,uniform,long,strict,0.1,200.0,40.0,1.0,peripheral,101418.09116256706,264.6977956475543,0.0,0.0,101153.3933669195,101153.3933669195,478.7058030042237,135.30581915186883,0.0,614.0116221560925,95741.16060084473,5412.232766074753,0.0,0.0,227.75431106515376,330.8722445594428,0.0,50,0,0.0,0,0,0.0,0.0,0.0,0.0,0.0,0.0,0,0.0,0.0,0,0,0,10.233757495880129,1.0,0.0,0.0,True,feasible,benchmark_feasibility_aware_alns
S0037_R01,3702027,feasibility_aware_alns,S0037,n50_p0.75_d2_uniform_Elow_V2.00_Hmedium_PWbase_B0.10,50,0.76,0.75,2,3,low,2.0,uniform,medium,base,0.1,100.0,20.0,1.0,peripheral,11440.187208283833,227.7367132474616,0.0,0.0,11212.450495036372,11212.450495036372,107.97794203290036,20.73281458731674,0.0,128.7107566202171,10797.794203290036,414.6562917463348,0.0,0.0,194.04689583946785,284.67089155932706,0.0,50,0,0.0,0,0,0.0,0.0,0.0,0.0,0.0,0.0,0,0.0,0.0,0,0,0,10.46032452583313,1.0,0.0,0.0,True,feasible,benchmark_feasibility_aware_alns
S0037_R02,3702028,feasibility_aware_alns,S0037,n50_p0.75_d2_uniform_Elow_V2.00_Hmedium_PWbase_B0.10,50,0.76,0.75,2,3,low,2.0,uniform,medium,base,0.1,100.0,20.0,1.0,peripheral,25045.110105076263,231.97062988754013,0.0,0.0,24813.139475188727,24813.139475188727,192.8584724110789,276.3646117040419,0.0,469.22308411512086,19285.84724110789,5527.292234080838,0.0,0.0,241.60652092889364,289.9632873594252,0.0,50,0,0.0,0,0,0.0,0.0,0.0,0.0,0.0,0.0,0,0.0,0.0,0,0,0,10.265712976455688,1.0,0.0,0.0,True,feasible,benchmark_feasibility_aware_alns
S0037_R03,3702029,feasibility_aware_alns,S0037,n50_p0.75_d2_uniform_Elow_V2.00_Hmedium_PWbase_B0.10,50,0.76,0.75,2,3,low,2.0,uniform,medium,base,0.1,100.0,20.0,1.0,peripheral,69741.57460846807,260.0821590181231,0.0,0.0,69481.49244944994,69481.49244944994,661.3036022825862,167.55661105956585,0.0,828.8602133421521,66130.36022825862,3351.132221191317,0.0,0.0,261.16296752511005,325.1026987726539,0.0,50,0,0.0,0,0,0.0,0.0,0.0,0.0,0.0,0.0,0,0.0,0.0,0,0,0,10.222790956497192,1.0,0.0,0.0,True,feasible,benchmark_feasibility_aware_alns
S0037_R04,3702030,feasibility_aware_alns,S0037,n50_p0.75_d2_uniform_Elow_V2.00_Hmedium_PWbase_B0.10,50,0.76,0.75,2,3,low,2.0,uniform,medium,base,0.1,100.0,20.0,1.0,peripheral,76314.23318453056,235.07916715407143,0.0,0.0,76079.1540173765,76079.1540173765,722.4785246265094,191.56507773627783,0.0,914.0436023627872,72247.85246265095,3831.301554725556,0.0,0.0,257.2036435734302,293.8489589425893,0.0,50,0,0.0,0,0,0.0,0.0,0.0,0.0,0.0,0.0,0,0.0,0.0,0,0,0,10.210928678512571,1.0,0.0,0.0,True,feasible,benchmark_feasibility_aware_alns
S0037_R05,3702031,feasibility_aware_alns,S0037,n50_p0.75_d2_uniform_Elow_V2.00_Hmedium_PWbase_B0.10,50,0.76,0.75,2,3,low,2.0,uniform,medium,base,0.1,100.0,20.0,1.0,peripheral,35929.178732316235,235.89737133236656,0.0,0.0,35693.28136098387,35693.28136098387,270.95425660612847,429.8927850185512,0.0,700.8470416246796,27095.425660612847,8597.855700371023,0.0,0.0,247.2806155749872,294.8717141654581,0.0,50,0,0.0,0,0,0.0,0.0,0.0,0.0,0.0,0.0,0,0.0,0.0,0,0,0,10.380527257919312,1.0,0.0,0.0,True,feasible,benchmark_feasibility_aware_alns
S0037_R06,3702032,feasibility_aware_alns,S0037,n50_p0.75_d2_uniform_Elow_V2.00_Hmedium_PWbase_B0.10,50,0.76,0.75,2,3,low,2.0,uniform,medium,base,0.1,100.0,20.0,1.0,peripheral,20218.57505662187,208.39625103246988,0.0,0.0,20010.1788055894,20010.1788055894,189.34222076542295,53.797836452355,0.0,243.140057217778,18934.222076542297,1075.9567290471,0.0,0.0,210.8575561699106,260.49531379058726,0.0,50,0,0.0,0,0,0.0,0.0,0.0,0.0,0.0,0.0,0,0.0,0.0,0,0,0,10.265779733657835,1.0,0.0,0.0,True,feasible,benchmark_feasibility_aware_alns
S0037_R07,3702033,feasibility_aware_alns,S0037,n50_p0.75_d2_uniform_Elow_V2.00_Hmedium_PWbase_B0.10,50,0.76,0.75,2,3,low,2.0,uniform,medium,base,0.1,100.0,20.0,1.0,peripheral,18274.49824386584,237.18851827455708,0.0,0.0,18037.30972559128,18037.30972559128,168.43320034482792,59.69948455542428,0.0,228.1326849002522,16843.320034482793,1193.9896911084857,0.0,0.0,216.64138916744565,296.4856478431964,0.0,50,0,0.0,0,0,0.0,0.0,0.0,0.0,0.0,0.0,0,0.0,0.0,0,0,0,10.32313847541809,1.0,0.0,0.0,True,feasible,benchmark_feasibility_aware_alns
S0037_R08,3702034,feasibility_aware_alns,S0037,n50_p0.75_d2_uniform_Elow_V2.00_Hmedium_PWbase_B0.10,50,0.76,0.75,2,3,low,2.0,uniform,medium,base,0.1,100.0,20.0,1.0,peripheral,25895.17253465934,240.87642119240692,0.0,0.0,25654.29611346693,25654.29611346693,243.23582597163528,66.53567581517035,0.0,309.77150178680563,24323.582597163528,1330.713516303407,0.0,0.0,231.7371231568611,301.0955264905087,0.0,50,0,0.0,0,0,0.0,0.0,0.0,0.0,0.0,0.0,0,0.0,0.0,0,0,0,10.21389102935791,1.0,0.0,0.0,True,feasible,benchmark_feasibility_aware_alns
S0037_R09,3702035,feasibility_aware_alns,S0037,n50_p0.75_d2_uniform_Elow_V2.00_Hmedium_PWbase_B0.10,50,0.76,0.75,2,3,low,2.0,uniform,medium,base,0.1,100.0,20.0,1.0,peripheral,39466.42724638635,223.93104980173,0.0,0.0,39242.49619658462,39242.49619658462,377.8558275634964,72.845672011749,0.0,450.7014995752454,37785.58275634964,1456.91344023498,0.0,0.0,211.6943570732949,279.91381225216253,0.0,50,0,0.0,0,0,0.0,0.0,0.0,0.0,0.0,0.0,0,0.0,0.0,0,0,0,10.289828538894652,1.0,0.0,0.0,True,feasible,benchmark_feasibility_aware_alns
S0037_R10,3702036,feasibility_aware_alns,S0037,n50_p0.75_d2_uniform_Elow_V2.00_Hmedium_PWbase_B0.10,50,0.76,0.75,2,3,low,2.0,uniform,medium,base,0.1,100.0,20.0,1.0,peripheral,21155.50604269261,196.16417264956343,0.0,0.0,20959.34187004305,20959.34187004305,208.26725735357425,6.630806734281592,0.0,214.8980640878558,20826.725735357424,132.61613468563183,0.0,0.0,167.67387087448475,245.2052158119543,0.0,50,0,0.0,0,0,0.0,0.0,0.0,0.0,0.0,0.0,0,0.0,0.0,0,0,0,10.210325241088867,1.0,0.0,0.0,True,feasible,benchmark_feasibility_aware_alns
S0038_R01,3802027,feasibility_aware_alns,S0038,n50_p0.75_d1_uniform_Elow_V2.00_Hlong_PWbase_B0.10,50,0.76,0.75,1,3,low,2.0,uniform,long,base,0.1,100.0,20.0,1.0,peripheral,30656.90817471308,237.12667853055268,0.0,0.0,30419.781496182528,30419.781496182528,261.83986299828666,211.78975981769295,0.0,473.6296228159797,26183.986299828663,4235.79519635386,0.0,0.0,206.24745126064465,296.4083481631909,0.0,50,0,0.0,0,0,0.0,0.0,0.0,0.0,0.0,0.0,0,0.0,0.0,0,0,0,10.7708899974823,1.0,0.0,0.0,True,feasible,benchmark_feasibility_aware_alns
S0038_R02,3802028,feasibility_aware_alns,S0038,n50_p0.75_d1_uniform_Elow_V2.00_Hlong_PWbase_B0.10,50,0.76,0.75,1,3,low,2.0,uniform,long,base,0.1,100.0,20.0,1.0,peripheral,44823.80821228721,231.38352453451088,0.0,0.0,44592.4246877527,44592.4246877527,425.3122286294106,103.0600912405818,0.0,528.3723198699923,42531.22286294106,2061.201824811636,0.0,0.0,224.42554282843736,289.2294056681386,0.0,50,0,0.0,0,0,0.0,0.0,0.0,0.0,0.0,0.0,0,0.0,0.0,0,0,0,10.20501470565796,1.0,0.0,0.0,True,feasible,benchmark_feasibility_aware_alns
S0038_R03,3802029,feasibility_aware_alns,S0038,n50_p0.75_d1_uniform_Elow_V2.00_Hlong_PWbase_B0.10,50,0.76,0.75,1,3,low,2.0,uniform,long,base,0.1,100.0,20.0,1.0,peripheral,12277.495636974303,200.52324745084968,0.0,0.0,12076.972389523453,12076.972389523453,109.46903168049428,56.50346107370128,0.0,165.97249275419554,10946.903168049426,1130.0692214740254,0.0,0.0,188.9589951091261,250.65405931356207,0.0,50,0,0.0,0,0,0.0,0.0,0.0,0.0,0.0,0.0,0,0.0,0.0,0,0,0,10.305320978164673,1.0,0.0,0.0,True,feasible,benchmark_feasibility_aware_alns
S0038_R04,3802030,feasibility_aware_alns,S0038,n50_p0.75_d1_uniform_Elow_V2.00_Hlong_PWbase_B0.10,50,0.76,0.75,1,3,low,2.0,uniform,long,base,0.1,100.0,20.0,1.0,peripheral,30053.237755837188,209.9625517915609,0.0,0.0,29843.27520404563,29843.27520404563,289.3926739785479,45.20039030954197,0.0,334.59306428808986,28939.26739785479,904.0078061908396,0.0,0.0,192.1655639369183,262.45318973945115,0.0,50,0,0.0,0,0,0.0,0.0,0.0,0.0,0.0,0.0,0,0.0,0.0,0,0,0,10.64665174484253,1.0,0.0,0.0,True,feasible,benchmark_feasibility_aware_alns
S0038_R05,3802031,feasibility_aware_alns,S0038,n50_p0.75_d1_uniform_Elow_V2.00_Hlong_PWbase_B0.10,50,0.76,0.75,1,3,low,2.0,uniform,long,base,0.1,100.0,20.0,1.0,peripheral,21052.919640550364,252.0593698153909,0.0,0.0,20800.86027073497,20800.86027073497,192.2427857530276,78.82908477161077,0.0,271.0718705246384,19224.27857530276,1576.5816954322154,0.0,0.0,202.34005006150187,315.07421226923867,0.0,50,0,0.0,0,0,0.0,0.0,0.0,0.0,0.0,0.0,0,0.0,0.0,0,0,0,10.238246440887451,1.0,0.0,0.0,True,feasible,benchmark_feasibility_aware_alns
S0038_R06,3802032,feasibility_aware_alns,S0038,n50_p0.75_d1_uniform_Elow_V2.00_Hlong_PWbase_B0.10,50,0.76,0.75,1,3,low,2.0,uniform,long,base,0.1,100.0,20.0,1.0,peripheral,13353.768792497212,176.64796244067196,0.0,0.0,13177.12083005654,13177.12083005654,128.41230013261043,16.794540839774996,0.0,145.2068409723854,12841.230013261043,335.8908167954999,0.0,0.0,184.9926233901382,220.80995305083997,0.0,50,0,0.0,0,0,0.0,0.0,0.0,0.0,0.0,0.0,0,0.0,0.0,0,0,0,10.270732879638672,1.0,0.0,0.0,True,feasible,benchmark_feasibility_aware_alns
S0038_R07,3802033,feasibility_aware_alns,S0038,n50_p0.75_d1_uniform_Elow_V2.00_Hlong_PWbase_B0.10,50,0.76,0.75,1,3,low,2.0,uniform,long,base,0.1,100.0,20.0,1.0,peripheral,44693.19234205232,250.2498382874892,0.0,0.0,44442.942503764825,44442.942503764825,328.4334268112346,579.9799911320681,0.0,908.4134179433026,32843.34268112346,11599.59982264136,0.0,0.0,272.3246201265231,312.8122978593615,0.0,50,0,0.0,0,0,0.0,0.0,0.0,0.0,0.0,0.0,0,0.0,0.0,0,0,0,10.34978199005127,1.0,0.0,0.0,True,feasible,benchmark_feasibility_aware_alns
S0038_R08,3802034,feasibility_aware_alns,S0038,n50_p0.75_d1_uniform_Elow_V2.00_Hlong_PWbase_B0.10,50,0.76,0.75,1,3,low,2.0,uniform,long,base,0.1,100.0,20.0,1.0,peripheral,36243.08478800241,209.35333637077733,0.0,0.0,36033.73145163163,36033.73145163163,348.545824384032,58.95745066142169,0.0,407.5032750454536,34854.582438403195,1179.149013228434,0.0,0.0,211.0920909013159,261.6916704634716,0.0,50,0,0.0,0,0,0.0,0.0,0.0,0.0,0.0,0.0,0,0.0,0.0,0,0,0,10.343322992324827,1.0,0.0,0.0,True,feasible,benchmark_feasibility_aware_alns
S0038_R09,3802035,feasibility_aware_alns,S0038,n50_p0.75_d1_uniform_Elow_V2.00_Hlong_PWbase_B0.10,50,0.76,0.75,1,3,low,2.0,uniform,long,base,0.1,100.0,20.0,1.0,peripheral,29857.5211197438,222.78222867333895,0.0,0.0,29634.738891070458,29634.738891070458,259.1621374173699,185.9262574666734,0.0,445.0883948840433,25916.21374173699,3718.525149333468,0.0,0.0,219.50346060841295,278.4777858416737,0.0,50,0,0.0,0,0,0.0,0.0,0.0,0.0,0.0,0.0,0,0.0,0.0,0,0,0,10.508917808532717,1.0,0.0,0.0,True,feasible,benchmark_feasibility_aware_alns
S0038_R10,3802036,feasibility_aware_alns,S0038,n50_p0.75_d1_uniform_Elow_V2.00_Hlong_PWbase_B0.10,50,0.76,0.75,1,3,low,2.0,uniform,long,base,0.1,100.0,20.0,1.0,peripheral,46274.85005371792,205.2208630332546,0.0,0.0,46069.62919068467,46069.62919068467,457.1980366168678,17.49127644989477,0.0,474.68931306676257,45719.80366168678,349.8255289978954,0.0,0.0,227.6231378001644,256.52607879156824,0.0,50,0,0.0,0,0,0.0,0.0,0.0,0.0,0.0,0.0,0,0.0,0.0,0,0,0,10.23701524734497,1.0,0.0,0.0,True,feasible,benchmark_feasibility_aware_alns
S0039_R01,3902027,feasibility_aware_alns,S0039,n50_p0.75_d1_uniform_Emedium_V1.25_Hshort_PWmoderate_B0.10,50,0.76,0.75,1,3,medium,1.25,uniform,short,moderate,0.1,20.0,5.0,1.0,peripheral,4159.472605363239,233.4358019950629,0.0,0.0,3926.036803368176,3926.036803368176,176.75487664215134,78.18785410502987,0.0,254.9427307471812,3535.097532843027,390.93927052514937,0.0,0.0,208.95925871224583,291.7947524938286,0.0,50,0,0.0,0,0,0.0,0.0,0.0,0.0,0.0,0.0,0,0.0,0.0,0,0,0,10.39407730102539,1.0,0.0,0.0,True,feasible,benchmark_feasibility_aware_alns
S0039_R02,3902028,feasibility_aware_alns,S0039,n50_p0.75_d1_uniform_Emedium_V1.25_Hshort_PWmoderate_B0.10,50,0.76,0.75,1,3,medium,1.25,uniform,short,moderate,0.1,20.0,5.0,1.0,peripheral,5601.933117616046,249.1580390584504,0.0,0.0,5352.775078557595,5352.775078557595,263.6855246697454,15.81291703253764,0.0,279.49844170228306,5273.710493394909,79.0645851626882,0.0,0.0,214.08572137722933,311.447548823063,0.0,50,0,0.0,0,0,0.0,0.0,0.0,0.0,0.0,0.0,0,0.0,0.0,0,0,0,10.397961378097534,1.0,0.0,0.0,True,feasible,benchmark_feasibility_aware_alns
S0039_R03,3902029,feasibility_aware_alns,S0039,n50_p0.75_d1_uniform_Emedium_V1.25_Hshort_PWmoderate_B0.10,50,0.76,0.75,1,3,medium,1.25,uniform,short,moderate,0.1,20.0,5.0,1.0,peripheral,8178.4851758579825,203.53614606509308,0.0,0.0,7974.94902979289,7974.94902979289,378.4902728589772,81.02871452266928,0.0,459.5189873816464,7569.805457179544,405.1435726133464,0.0,0.0,228.1809670136447,254.4201825813663,0.0,50,0,0.0,0,0,0.0,0.0,0.0,0.0,0.0,0.0,0,0.0,0.0,0,0,0,10.30119776725769,1.0,0.0,0.0,True,feasible,benchmark_feasibility_aware_alns
S0039_R04,3902030,feasibility_aware_alns,S0039,n50_p0.75_d1_uniform_Emedium_V1.25_Hshort_PWmoderate_B0.10,50,0.76,0.75,1,3,medium,1.25,uniform,short,moderate,0.1,20.0,5.0,1.0,peripheral,10124.362795949372,220.5919072463952,0.0,0.0,9903.770888702977,9903.770888702977,476.5646358448863,74.49563436105049,0.0,551.0602702059367,9531.292716897726,372.4781718052525,0.0,0.0,214.0391502378608,275.73988405799395,0.0,50,0,0.0,0,0,0.0,0.0,0.0,0.0,0.0,0.0,0,0.0,0.0,0,0,0,10.268758296966553,1.0,0.0,0.0,True,feasible,benchmark_feasibility_aware_alns
S0039_R05,3902031,feasibility_aware_alns,S0039,n50_p0.75_d1_uniform_Emedium_V1.25_Hshort_PWmoderate_B0.10,50,0.76,0.75,1,3,medium,1.25,uniform,short,moderate,0.1,20.0,5.0,1.0,peripheral,13273.69902612096,236.14694130629445,0.0,0.0,13037.552084814666,13037.552084814666,651.5832538347627,1.1774016238826874,0.0,652.7606554586454,13031.665076695252,5.887008119413437,0.0,0.0,218.46336495318644,295.1836766328681,0.0,50,0,0.0,0,0,0.0,0.0,0.0,0.0,0.0,0.0,0,0.0,0.0,0,0,0,10.176178693771362,1.0,0.0,0.0,True,feasible,benchmark_feasibility_aware_alns
S0039_R06,3902032,feasibility_aware_alns,S0039,n50_p0.75_d1_uniform_Emedium_V1.25_Hshort_PWmoderate_B0.10,50,0.76,0.75,1,3,medium,1.25,uniform,short,moderate,0.1,20.0,5.0,1.0,peripheral,10105.457210893652,238.57909215037864,0.0,0.0,9866.878118743272,9866.878118743272,392.8443111111776,401.99837930394415,0.0,794.8426904151218,7856.886222223552,2009.9918965197207,0.0,0.0,235.17413561165105,298.2238651879733,0.0,50,0,0.0,0,0,0.0,0.0,0.0,0.0,0.0,0.0,0,0.0,0.0,0,0,0,10.212993144989014,1.0,0.0,0.0,True,feasible,benchmark_feasibility_aware_alns
S0039_R07,3902033,feasibility_aware_alns,S0039,n50_p0.75_d1_uniform_Emedium_V1.25_Hshort_PWmoderate_B0.10,50,0.76,0.75,1,3,medium,1.25,uniform,short,moderate,0.1,20.0,5.0,1.0,peripheral,5498.606146424549,246.1525109209838,0.0,0.0,5252.453635503565,5252.453635503565,230.97420671214732,126.5939002521236,0.0,357.5681069642709,4619.484134242947,632.969501260618,0.0,0.0,215.2758284719201,307.69063865122973,0.0,50,0,0.0,0,0,0.0,0.0,0.0,0.0,0.0,0.0,0,0.0,0.0,0,0,0,10.19158101081848,1.0,0.0,0.0,True,feasible,benchmark_feasibility_aware_alns
S0039_R08,3902034,feasibility_aware_alns,S0039,n50_p0.75_d1_uniform_Emedium_V1.25_Hshort_PWmoderate_B0.10,50,0.76,0.75,1,3,medium,1.25,uniform,short,moderate,0.1,20.0,5.0,1.0,peripheral,4924.628442901611,247.0508728843087,0.0,0.0,4677.577570017303,4677.577570017303,193.8306761375276,160.19280945335032,0.0,354.02348559087795,3876.613522750552,800.9640472667515,0.0,0.0,223.12597043451885,308.81359110538585,0.0,50,0,0.0,0,0,0.0,0.0,0.0,0.0,0.0,0.0,0,0.0,0.0,0,0,0,10.23971390724182,1.0,0.0,0.0,True,feasible,benchmark_feasibility_aware_alns
S0039_R09,3902035,feasibility_aware_alns,S0039,n50_p0.75_d1_uniform_Emedium_V1.25_Hshort_PWmoderate_B0.10,50,0.76,0.75,1,3,medium,1.25,uniform,short,moderate,0.1,20.0,5.0,1.0,peripheral,8821.69644897332,210.810467060274,0.0,0.0,8610.885981913047,8610.885981913047,339.3401841476867,364.4230577394509,1.9670102620561352,705.7302521491938,6786.803682953734,1822.1152886972548,1.9670102620561352,0.0,282.3206522726448,263.5130838253425,0.0,50,0,0.0,0,0,0.0,0.0,0.0,0.0,0.0,0.0,0,0.0,0.0,0,0,0,10.63988184928894,1.0,0.0,0.0,True,feasible,benchmark_feasibility_aware_alns
S0039_R10,3902036,feasibility_aware_alns,S0039,n50_p0.75_d1_uniform_Emedium_V1.25_Hshort_PWmoderate_B0.10,50,0.76,0.75,1,3,medium,1.25,uniform,short,moderate,0.1,20.0,5.0,1.0,peripheral,13709.14234601217,237.5922026714112,0.0,0.0,13471.55014334076,13471.55014334076,673.5775071670379,0.0,0.0,673.5775071670379,13471.550143340755,0.0,0.0,0.0,239.2366511213628,296.990253339264,0.0,50,0,0.0,0,0,0.0,0.0,0.0,0.0,0.0,0.0,0,0.0,0.0,0,0,0,10.544819593429564,1.0,0.0,0.0,True,feasible,benchmark_feasibility_aware_alns
S0040_R01,4002027,feasibility_aware_alns,S0040,n50_p0.75_d1_uniform_Emedium_V2.00_Hmedium_PWbase_B0.10,50,0.76,0.75,1,3,medium,2.0,uniform,medium,base,0.1,100.0,20.0,1.0,peripheral,35807.48463977054,252.24313674084505,0.0,0.0,35555.2415030297,35555.2415030297,349.45849153120383,30.46961749546591,0.0,379.92810902666974,34945.84915312038,609.3923499093182,0.0,0.0,222.76275589777617,315.3039209260563,0.0,50,0,0.0,0,0,0.0,0.0,0.0,0.0,0.0,0.0,0,0.0,0.0,0,0,0,10.233823776245115,1.0,0.0,0.0,True,feasible,benchmark_feasibility_aware_alns
S0040_R02,4002028,feasibility_aware_alns,S0040,n50_p0.75_d1_uniform_Emedium_V2.00_Hmedium_PWbase_B0.10,50,0.76,0.75,1,3,medium,2.0,uniform,medium,base,0.1,100.0,20.0,1.0,peripheral,29140.260003841096,240.174585632755,0.0,0.0,28900.085418208346,28900.085418208346,247.6746010965896,206.631265427469,0.0,454.3058665240586,24767.46010965896,4132.62530854938,0.0,0.0,222.4471415516608,300.2182320409438,0.0,50,0,0.0,0,0,0.0,0.0,0.0,0.0,0.0,0.0,0,0.0,0.0,0,0,0,10.353280067443848,1.0,0.0,0.0,True,feasible,benchmark_feasibility_aware_alns
S0040_R03,4002029,feasibility_aware_alns,S0040,n50_p0.75_d1_uniform_Emedium_V2.00_Hmedium_PWbase_B0.10,50,0.76,0.75,1,3,medium,2.0,uniform,medium,base,0.1,100.0,20.0,1.0,peripheral,30956.582681211017,222.02748541405964,0.0,0.0,30734.55519579696,30734.55519579696,293.9982613910696,66.73645283449989,0.0,360.7347142255695,29399.82613910696,1334.7290566899978,0.0,0.0,216.5191145966287,277.53435676757454,0.0,50,0,0.0,0,0,0.0,0.0,0.0,0.0,0.0,0.0,0,0.0,0.0,0,0,0,10.45894479751587,1.0,0.0,0.0,True,feasible,benchmark_feasibility_aware_alns
S0040_R04,4002030,feasibility_aware_alns,S0040,n50_p0.75_d1_uniform_Emedium_V2.00_Hmedium_PWbase_B0.10,50,0.76,0.75,1,3,medium,2.0,uniform,medium,base,0.1,100.0,20.0,1.0,peripheral,45777.88728179129,258.19973383106026,0.0,0.0,45519.68754796023,45519.68754796023,414.2775321325401,204.596716735311,0.0,618.8742488678511,41427.75321325401,4091.93433470622,0.0,0.0,265.45777207358475,322.7496672888252,0.0,50,0,0.0,0,0,0.0,0.0,0.0,0.0,0.0,0.0,0,0.0,0.0,0,0,0,10.35882043838501,1.0,0.0,0.0,True,feasible,benchmark_feasibility_aware_alns
S0040_R05,4002031,feasibility_aware_alns,S0040,n50_p0.75_d1_uniform_Emedium_V2.00_Hmedium_PWbase_B0.10,50,0.76,0.75,1,3,medium,2.0,uniform,medium,base,0.1,100.0,20.0,1.0,peripheral,32561.05453155667,260.5866016622646,0.0,0.0,32300.467929894407,32300.467929894407,297.05660425987776,129.74037519533124,0.0,426.796979455209,29705.66042598777,2594.807503906625,0.0,0.0,215.42766237755177,325.73325207783074,0.0,50,0,0.0,0,0,0.0,0.0,0.0,0.0,0.0,0.0,0,0.0,0.0,0,0,0,10.222804307937622,1.0,0.0,0.0,True,feasible,benchmark_feasibility_aware_alns
S0040_R06,4002032,feasibility_aware_alns,S0040,n50_p0.75_d1_uniform_Emedium_V2.00_Hmedium_PWbase_B0.10,50,0.76,0.75,1,3,medium,2.0,uniform,medium,base,0.1,100.0,20.0,1.0,peripheral,51559.564518321495,247.6283378436979,0.0,0.0,51311.9361804778,51311.9361804778,496.9318479882085,80.93756908284666,0.0,577.8694170710552,49693.18479882085,1618.7513816569333,0.0,0.0,238.088892737404,309.5354223046224,0.0,50,0,0.0,0,0,0.0,0.0,0.0,0.0,0.0,0.0,0,0.0,0.0,0,0,0,10.357336282730104,1.0,0.0,0.0,True,feasible,benchmark_feasibility_aware_alns
S0040_R07,4002033,feasibility_aware_alns,S0040,n50_p0.75_d1_uniform_Emedium_V2.00_Hmedium_PWbase_B0.10,50,0.76,0.75,1,3,medium,2.0,uniform,medium,base,0.1,100.0,20.0,1.0,peripheral,38594.81427424657,204.74537856569876,0.0,0.0,38390.06889568087,38390.06889568087,376.7018355966373,35.99426680085689,0.0,412.6961023974942,37670.18355966373,719.8853360171379,0.0,0.0,177.1348643247758,255.9317232071234,0.0,50,0,0.0,0,0,0.0,0.0,0.0,0.0,0.0,0.0,0,0.0,0.0,0,0,0,10.193175792694092,1.0,0.0,0.0,True,feasible,benchmark_feasibility_aware_alns
S0040_R08,4002034,feasibility_aware_alns,S0040,n50_p0.75_d1_uniform_Emedium_V2.00_Hmedium_PWbase_B0.10,50,0.76,0.75,1,3,medium,2.0,uniform,medium,base,0.1,100.0,20.0,1.0,peripheral,33481.10628068233,202.3079176177778,0.0,0.0,33278.798363064554,33278.798363064554,322.35622033975204,52.15881645446758,0.0,374.5150367942196,32235.622033975204,1043.1763290893516,0.0,0.0,192.1673897022253,252.88489702222216,0.0,50,0,0.0,0,0,0.0,0.0,0.0,0.0,0.0,0.0,0,0.0,0.0,0,0,0,10.215697765350342,1.0,0.0,0.0,True,feasible,benchmark_feasibility_aware_alns
S0040_R09,4002035,feasibility_aware_alns,S0040,n50_p0.75_d1_uniform_Emedium_V2.00_Hmedium_PWbase_B0.10,50,0.76,0.75,1,3,medium,2.0,uniform,medium,base,0.1,100.0,20.0,1.0,peripheral,71167.90047241404,213.72872738754103,0.0,0.0,70954.1717450265,70954.1717450265,695.7566153772233,68.92551036520824,0.0,764.6821257424315,69575.66153772234,1378.5102073041649,0.0,0.0,194.48461575242243,267.1609092344263,0.0,50,0,0.0,0,0,0.0,0.0,0.0,0.0,0.0,0.0,0,0.0,0.0,0,0,0,10.206149816513062,1.0,0.0,0.0,True,feasible,benchmark_feasibility_aware_alns
S0040_R10,4002036,feasibility_aware_alns,S0040,n50_p0.75_d1_uniform_Emedium_V2.00_Hmedium_PWbase_B0.10,50,0.76,0.75,1,3,medium,2.0,uniform,medium,base,0.1,100.0,20.0,1.0,peripheral,102371.29360413102,254.99068370654012,0.0,0.0,102116.30292042448,102116.30292042448,950.2399522390874,354.6153848257861,0.0,1304.8553370648735,95023.99522390874,7092.3076965157225,0.0,0.0,256.6762714466142,318.7383546331752,0.0,50,0,0.0,0,0,0.0,0.0,0.0,0.0,0.0,0.0,0,0.0,0.0,0,0,0,10.24100399017334,1.0,0.0,0.0,True,feasible,benchmark_feasibility_aware_alns
S0041_R01,4102027,feasibility_aware_alns,S0041,n50_p0.75_d2_clustered_Ehigh_V1.25_Hshort_PWbase_B0.10,50,0.76,0.75,2,3,high,1.25,clustered,short,base,0.1,100.0,20.0,1.0,peripheral,52289.13656762812,60.22610859063157,0.0,0.0,52228.91045903749,52228.91045903749,519.6157270736121,13.366887583813709,0.0,532.9826146574258,51961.57270736121,267.33775167627414,0.0,0.0,175.58748236246177,75.28263573828946,0.0,50,0,0.0,0,0,0.0,0.0,0.0,0.0,0.0,0.0,0,0.0,0.0,0,0,0,13.237121343612673,1.0,0.0,0.0,True,feasible,benchmark_feasibility_aware_alns
S0041_R02,4102028,feasibility_aware_alns,S0041,n50_p0.75_d2_clustered_Ehigh_V1.25_Hshort_PWbase_B0.10,50,0.76,0.75,2,3,high,1.25,clustered,short,base,0.1,100.0,20.0,1.0,peripheral,49364.03360121704,65.85840632285665,0.0,0.0,49298.17519489418,49298.17519489418,482.2028610607833,53.89445444079301,0.0,536.0973155015763,48220.28610607833,1077.8890888158603,0.0,0.0,190.1028681172679,82.32300790357081,0.0,50,0,0.0,0,0,0.0,0.0,0.0,0.0,0.0,0.0,0,0.0,0.0,0,0,0,12.2350914478302,1.0,0.0,0.0,True,feasible,benchmark_feasibility_aware_alns
S0041_R03,4102029,feasibility_aware_alns,S0041,n50_p0.75_d2_clustered_Ehigh_V1.25_Hshort_PWbase_B0.10,50,0.76,0.75,2,3,high,1.25,clustered,short,base,0.1,100.0,20.0,1.0,peripheral,56774.98360904476,65.7839320586389,0.0,0.0,56709.19967698612,56709.19967698612,558.4809816417569,43.05507564052175,0.0,601.5360572822786,55848.09816417569,861.101512810435,0.0,0.0,191.1548982611376,82.22991507329861,0.0,50,0,0.0,0,0,0.0,0.0,0.0,0.0,0.0,0.0,0,0.0,0.0,0,0,0,12.118570566177368,1.0,0.0,0.0,True,feasible,benchmark_feasibility_aware_alns
S0041_R04,4102030,feasibility_aware_alns,S0041,n50_p0.75_d2_clustered_Ehigh_V1.25_Hshort_PWbase_B0.10,50,0.76,0.75,2,3,high,1.25,clustered,short,base,0.1,100.0,20.0,1.0,peripheral,16192.736706459433,61.89046718732577,0.0,0.0,16130.846239272105,16130.846239272105,159.07128599701653,11.185881978522715,0.0,170.25716797553923,15907.128599701651,223.7176395704543,0.0,0.0,179.73098099440938,77.3630839841572,0.0,50,0,0.0,0,0,0.0,0.0,0.0,0.0,0.0,0.0,0,0.0,0.0,0,0,0,13.49984574317932,1.0,0.0,0.0,True,feasible,benchmark_feasibility_aware_alns
S0041_R05,4102031,feasibility_aware_alns,S0041,n50_p0.75_d2_clustered_Ehigh_V1.25_Hshort_PWbase_B0.10,50,0.76,0.75,2,3,high,1.25,clustered,short,base,0.1,100.0,20.0,1.0,peripheral,22582.102557152928,58.29558568889972,0.0,0.0,22523.80697146403,22523.80697146403,211.6634864815009,67.87291616569682,0.0,279.53640264719775,21166.34864815009,1357.4583233139365,0.0,0.0,175.32281217275633,72.86948211112465,0.0,50,0,0.0,0,0,0.0,0.0,0.0,0.0,0.0,0.0,0,0.0,0.0,0,0,0,12.748502492904665,1.0,0.0,0.0,True,feasible,benchmark_feasibility_aware_alns
S0041_R06,4102032,feasibility_aware_alns,S0041,n50_p0.75_d2_clustered_Ehigh_V1.25_Hshort_PWbase_B0.10,50,0.76,0.75,2,3,high,1.25,clustered,short,base,0.1,100.0,20.0,1.0,peripheral,24801.28830486989,64.67262525688169,0.0,0.0,24736.615679613005,24736.615679613005,221.92519441926163,127.20481188434194,0.0,349.1300063036036,22192.519441926164,2544.096237686839,0.0,0.0,188.41211234451723,80.84078157110208,0.0,50,0,0.0,0,0,0.0,0.0,0.0,0.0,0.0,0.0,0,0.0,0.0,0,0,0,13.411189079284668,1.0,0.0,0.0,True,feasible,benchmark_feasibility_aware_alns
S0041_R07,4102033,feasibility_aware_alns,S0041,n50_p0.75_d2_clustered_Ehigh_V1.25_Hshort_PWbase_B0.10,50,0.76,0.75,2,3,high,1.25,clustered,short,base,0.1,100.0,20.0,1.0,peripheral,18478.57808352193,68.00392311126389,0.0,0.0,18410.57416041067,18410.57416041067,152.88737005108703,156.0918577650985,0.0,308.9792278161855,15288.737005108704,3121.8371553019697,0.0,0.0,193.58310426591544,85.00490388907987,0.0,50,0,0.0,0,0,0.0,0.0,0.0,0.0,0.0,0.0,0,0.0,0.0,0,0,0,12.543024778366089,1.0,0.0,0.0,True,feasible,benchmark_feasibility_aware_alns
S0041_R08,4102034,feasibility_aware_alns,S0041,n50_p0.75_d2_clustered_Ehigh_V1.25_Hshort_PWbase_B0.10,50,0.76,0.75,2,3,high,1.25,clustered,short,base,0.1,100.0,20.0,1.0,peripheral,53534.8081277922,67.62944391411497,0.0,0.0,53467.17868387809,53467.17868387809,526.8334140346958,39.1918640204258,0.0,566.0252780551216,52683.34140346958,783.8372804085159,0.0,0.0,192.3270075316564,84.53680489264369,0.0,50,0,0.0,0,0,0.0,0.0,0.0,0.0,0.0,0.0,0,0.0,0.0,0,0,0,12.58957862854004,1.0,0.0,0.0,True,feasible,benchmark_feasibility_aware_alns
S0041_R09,4102035,feasibility_aware_alns,S0041,n50_p0.75_d2_clustered_Ehigh_V1.25_Hshort_PWbase_B0.10,50,0.76,0.75,2,3,high,1.25,clustered,short,base,0.1,100.0,20.0,1.0,peripheral,40744.6826651635,65.37414798393674,0.0,0.0,40679.30851717956,40679.30851717956,396.69588398491777,50.48600593438934,0.0,447.1818899193071,39669.588398491775,1009.7201186877868,0.0,0.0,192.84027329479136,81.71768497992089,0.0,50,0,0.0,0,0,0.0,0.0,0.0,0.0,0.0,0.0,0,0.0,0.0,0,0,0,12.431910753250122,1.0,0.0,0.0,True,feasible,benchmark_feasibility_aware_alns
S0041_R10,4102036,feasibility_aware_alns,S0041,n50_p0.75_d2_clustered_Ehigh_V1.25_Hshort_PWbase_B0.10,50,0.76,0.75,2,3,high,1.25,clustered,short,base,0.1,100.0,20.0,1.0,peripheral,22889.793239526607,63.75982872187933,0.0,0.0,22826.03341080473,22826.03341080473,211.8864881448031,81.86922981622072,0.0,293.75571796102383,21188.64881448031,1637.3845963244144,0.0,0.0,185.00904187921589,79.69978590234916,0.0,50,0,0.0,0,0,0.0,0.0,0.0,0.0,0.0,0.0,0,0.0,0.0,0,0,0,12.743893146514893,1.0,0.0,0.0,True,feasible,benchmark_feasibility_aware_alns
S0042_R01,4202027,feasibility_aware_alns,S0042,n50_p0.75_d2_clustered_Ehigh_V1.25_Hshort_PWstrict_B0.10,50,0.76,0.75,2,3,high,1.25,clustered,short,strict,0.1,200.0,40.0,1.0,peripheral,64742.77094793888,65.74155320163644,0.0,0.0,64677.02939473724,64677.02939473724,301.5110002385618,109.37073367562203,0.0,410.8817339141838,60302.20004771236,4374.829347024881,0.0,0.0,187.8951078256241,82.17694150204557,0.0,50,0,0.0,0,0,0.0,0.0,0.0,0.0,0.0,0.0,0,0.0,0.0,0,0,0,12.78941822052002,1.0,0.0,0.0,True,feasible,benchmark_feasibility_aware_alns
S0042_R02,4202028,feasibility_aware_alns,S0042,n50_p0.75_d2_clustered_Ehigh_V1.25_Hshort_PWstrict_B0.10,50,0.76,0.75,2,3,high,1.25,clustered,short,strict,0.1,200.0,40.0,1.0,peripheral,23679.11595961388,58.98144360149523,0.0,0.0,23620.134516012386,23620.134516012386,115.61027739716,12.451975914509518,0.0,128.0622533116695,23122.055479432,498.0790365803807,0.0,0.0,175.35100668071206,73.72680450186905,0.0,50,0,0.0,0,0,0.0,0.0,0.0,0.0,0.0,0.0,0,0.0,0.0,0,0,0,12.435982704162598,1.0,0.0,0.0,True,feasible,benchmark_feasibility_aware_alns
S0042_R03,4202029,feasibility_aware_alns,S0042,n50_p0.75_d2_clustered_Ehigh_V1.25_Hshort_PWstrict_B0.10,50,0.76,0.75,2,3,high,1.25,clustered,short,strict,0.1,200.0,40.0,1.0,peripheral,83134.55831131758,68.28425609648568,0.0,0.0,83066.27405522109,83066.27405522109,393.85757244528565,107.36898915409895,0.0,501.22656159938464,78771.51448905712,4294.759566163959,0.0,0.0,195.47027441355985,85.35532012060703,0.0,50,0,0.0,0,0,0.0,0.0,0.0,0.0,0.0,0.0,0,0.0,0.0,0,0,0,12.168524742126465,1.0,0.0,0.0,True,feasible,benchmark_feasibility_aware_alns
S0042_R04,4202030,feasibility_aware_alns,S0042,n50_p0.75_d2_clustered_Ehigh_V1.25_Hshort_PWstrict_B0.10,50,0.76,0.75,2,3,high,1.25,clustered,short,strict,0.1,200.0,40.0,1.0,peripheral,69938.72295511529,68.07181467638199,0.0,0.0,69870.6511404389,69870.6511404389,319.803665992362,147.74794854916232,0.0,467.5516145415244,63960.73319847241,5909.917941966492,0.0,0.0,194.3946738326761,85.08976834547747,0.0,50,0,0.0,0,0,0.0,0.0,0.0,0.0,0.0,0.0,0,0.0,0.0,0,0,0,12.94439148902893,1.0,0.0,0.0,True,feasible,benchmark_feasibility_aware_alns
S0042_R05,4202031,feasibility_aware_alns,S0042,n50_p0.75_d2_clustered_Ehigh_V1.25_Hshort_PWstrict_B0.10,50,0.76,0.75,2,3,high,1.25,clustered,short,strict,0.1,200.0,40.0,1.0,peripheral,106549.445309826,71.3843372806673,0.0,0.0,106478.06097254533,106478.06097254533,486.7643428195536,228.12981021586532,0.0,714.894153035419,97352.86856391071,9125.192408634612,0.0,0.0,203.814751781817,89.23042160083409,0.0,50,0,0.0,0,0,0.0,0.0,0.0,0.0,0.0,0.0,0,0.0,0.0,0,0,0,12.314124584197998,1.0,0.0,0.0,True,feasible,benchmark_feasibility_aware_alns
S0042_R06,4202032,feasibility_aware_alns,S0042,n50_p0.75_d2_clustered_Ehigh_V1.25_Hshort_PWstrict_B0.10,50,0.76,0.75,2,3,high,1.25,clustered,short,strict,0.1,200.0,40.0,1.0,peripheral,78184.36142940722,68.40968686321514,0.0,0.0,78115.951742544,78115.951742544,360.4268951809162,150.76431765901884,0.0,511.1912128399351,72085.37903618325,6030.572706360754,0.0,0.0,194.2294142977991,85.51210857901893,0.0,50,0,0.0,0,0,0.0,0.0,0.0,0.0,0.0,0.0,0,0.0,0.0,0,0,0,11.662320613861084,1.0,0.0,0.0,True,feasible,benchmark_feasibility_aware_alns
S0042_R07,4202033,feasibility_aware_alns,S0042,n50_p0.75_d2_clustered_Ehigh_V1.25_Hshort_PWstrict_B0.10,50,0.76,0.75,2,3,high,1.25,clustered,short,strict,0.1,200.0,40.0,1.0,peripheral,50291.73019380367,69.84821569946055,0.0,0.0,50221.88197810421,50221.88197810421,246.42160148067103,23.439042049249903,0.0,269.86064352992094,49284.32029613421,937.5616819699962,0.0,0.0,198.28661803492207,87.31026962432566,0.0,50,0,0.0,0,0,0.0,0.0,0.0,0.0,0.0,0.0,0,0.0,0.0,0,0,0,11.913073301315308,1.0,0.0,0.0,True,feasible,benchmark_feasibility_aware_alns
S0042_R08,4202034,feasibility_aware_alns,S0042,n50_p0.75_d2_clustered_Ehigh_V1.25_Hshort_PWstrict_B0.10,50,0.76,0.75,2,3,high,1.25,clustered,short,strict,0.1,200.0,40.0,1.0,peripheral,106857.65459499594,70.60620523927976,0.0,0.0,106787.04838975666,106787.04838975666,505.9879284771622,139.73656735810562,0.0,645.7244958352678,101197.58569543244,5589.462694324225,0.0,0.0,203.4313039204925,88.25775654909974,0.0,50,0,0.0,0,0,0.0,0.0,0.0,0.0,0.0,0.0,0,0.0,0.0,0,0,0,12.635807275772097,1.0,0.0,0.0,True,feasible,benchmark_feasibility_aware_alns
S0042_R09,4202035,feasibility_aware_alns,S0042,n50_p0.75_d2_clustered_Ehigh_V1.25_Hshort_PWstrict_B0.10,50,0.76,0.75,2,3,high,1.25,clustered,short,strict,0.1,200.0,40.0,1.0,peripheral,56355.51453517798,59.88656569553105,0.0,0.0,56295.62796948245,56295.62796948245,275.59014676249774,29.439965424572407,0.0,305.03011218707013,55118.02935249955,1177.598616982896,0.0,0.0,174.37406767295644,74.85820711941376,0.0,50,0,0.0,0,0,0.0,0.0,0.0,0.0,0.0,0.0,0,0.0,0.0,0,0,0,13.417647361755373,1.0,0.0,0.0,True,feasible,benchmark_feasibility_aware_alns
S0042_R10,4202036,feasibility_aware_alns,S0042,n50_p0.75_d2_clustered_Ehigh_V1.25_Hshort_PWstrict_B0.10,50,0.76,0.75,2,3,high,1.25,clustered,short,strict,0.1,200.0,40.0,1.0,peripheral,62392.58252287215,69.99012641142001,0.0,0.0,62322.59239646073,62322.59239646073,299.41820066064963,60.973806608269925,0.0,360.39200726891954,59883.64013212993,2438.952264330797,0.0,0.0,201.50829625210224,87.48765801427503,0.0,50,0,0.0,0,0,0.0,0.0,0.0,0.0,0.0,0.0,0,0.0,0.0,0,0,0,12.357372999191284,1.0,0.0,0.0,True,feasible,benchmark_feasibility_aware_alns
S0043_R01,4302027,feasibility_aware_alns,S0043,n50_p0.75_d1_clustered_Ehigh_V2.00_Hshort_PWmoderate_B0.10,50,0.76,0.75,1,3,high,2.0,clustered,short,moderate,0.1,20.0,5.0,1.0,peripheral,8995.158475610151,70.03557513592044,0.0,0.0,8925.12290047423,8925.12290047423,397.62180719929535,194.537351297665,0.0,592.1591584969603,7952.436143985907,972.686756488325,0.0,0.0,199.7420864755772,87.54446891990057,0.0,50,0,0.0,0,0,0.0,0.0,0.0,0.0,0.0,0.0,0,0.0,0.0,0,0,0,12.29495334625244,1.0,0.0,0.0,True,feasible,benchmark_feasibility_aware_alns
S0043_R02,4302028,feasibility_aware_alns,S0043,n50_p0.75_d1_clustered_Ehigh_V2.00_Hshort_PWmoderate_B0.10,50,0.76,0.75,1,3,high,2.0,clustered,short,moderate,0.1,20.0,5.0,1.0,peripheral,9389.012170132452,76.87444953050925,0.0,0.0,9312.137720601944,9312.137720601944,420.1629805904519,181.77562175858156,0.0,601.9386023490334,8403.259611809037,908.8781087929076,0.0,0.0,215.188118300028,96.0930619131366,0.0,50,0,0.0,0,0,0.0,0.0,0.0,0.0,0.0,0.0,0,0.0,0.0,0,0,0,12.3934645652771,1.0,0.0,0.0,True,feasible,benchmark_feasibility_aware_alns
S0043_R03,4302029,feasibility_aware_alns,S0043,n50_p0.75_d1_clustered_Ehigh_V2.00_Hshort_PWmoderate_B0.10,50,0.76,0.75,1,3,high,2.0,clustered,short,moderate,0.1,20.0,5.0,1.0,peripheral,7760.766203434174,63.24002295990918,0.0,0.0,7697.526180474265,7697.526180474265,372.2764140227856,50.39958000371031,0.0,422.6759940264959,7445.528280455712,251.99790001855155,0.0,0.0,182.6736081142977,79.05002869988651,0.0,50,0,0.0,0,0,0.0,0.0,0.0,0.0,0.0,0.0,0,0.0,0.0,0,0,0,12.551060914993286,1.0,0.0,0.0,True,feasible,benchmark_feasibility_aware_alns
S0043_R04,4302030,feasibility_aware_alns,S0043,n50_p0.75_d1_clustered_Ehigh_V2.00_Hshort_PWmoderate_B0.10,50,0.76,0.75,1,3,high,2.0,clustered,short,moderate,0.1,20.0,5.0,1.0,peripheral,16489.666478012085,72.37234821801141,0.0,0.0,16417.294129794074,16417.294129794074,777.0598212544045,175.21954094119667,0.0,952.2793621956012,15541.19642508809,876.0977047059833,0.0,0.0,208.03129626714775,90.4654352725142,0.0,50,0,0.0,0,0,0.0,0.0,0.0,0.0,0.0,0.0,0,0.0,0.0,0,0,0,12.487687826156616,1.0,0.0,0.0,True,feasible,benchmark_feasibility_aware_alns
S0043_R05,4302031,feasibility_aware_alns,S0043,n50_p0.75_d1_clustered_Ehigh_V2.00_Hshort_PWmoderate_B0.10,50,0.76,0.75,1,3,high,2.0,clustered,short,moderate,0.1,20.0,5.0,1.0,peripheral,10602.610220208317,69.84624993458365,0.0,0.0,10532.763970273732,10532.763970273732,512.9858810474195,54.60926986506836,0.0,567.5951509124878,10259.717620948391,273.0463493253418,0.0,0.0,199.3690413355766,87.30781241822956,0.0,50,0,0.0,0,0,0.0,0.0,0.0,0.0,0.0,0.0,0,0.0,0.0,0,0,0,13.766658782958984,1.0,0.0,0.0,True,feasible,benchmark_feasibility_aware_alns
S0043_R06,4302032,feasibility_aware_alns,S0043,n50_p0.75_d1_clustered_Ehigh_V2.00_Hshort_PWmoderate_B0.10,50,0.76,0.75,1,3,high,2.0,clustered,short,moderate,0.1,20.0,5.0,1.0,peripheral,3910.7473995737137,67.21341071208262,0.0,0.0,3843.533988861631,3843.533988861631,155.32145740727037,147.4209681432447,0.0,302.74242555051507,3106.4291481454075,737.1048407162234,0.0,0.0,193.87059234146756,84.01676339010325,0.0,50,0,0.0,0,0,0.0,0.0,0.0,0.0,0.0,0.0,0,0.0,0.0,0,0,0,12.142066717147827,1.0,0.0,0.0,True,feasible,benchmark_feasibility_aware_alns
S0043_R07,4302033,feasibility_aware_alns,S0043,n50_p0.75_d1_clustered_Ehigh_V2.00_Hshort_PWmoderate_B0.10,50,0.76,0.75,1,3,high,2.0,clustered,short,moderate,0.1,20.0,5.0,1.0,peripheral,5002.225548253892,68.79073762242439,0.0,0.0,4933.434810631467,4933.434810631467,240.17766679991044,25.97629492665159,0.0,266.15396172656204,4803.553335998209,129.88147463325794,0.0,0.0,195.6887073666804,85.98842202803048,0.0,50,0,0.0,0,0,0.0,0.0,0.0,0.0,0.0,0.0,0,0.0,0.0,0,0,0,12.402945756912231,1.0,0.0,0.0,True,feasible,benchmark_feasibility_aware_alns
S0043_R08,4302034,feasibility_aware_alns,S0043,n50_p0.75_d1_clustered_Ehigh_V2.00_Hshort_PWmoderate_B0.10,50,0.76,0.75,1,3,high,2.0,clustered,short,moderate,0.1,20.0,5.0,1.0,peripheral,13037.018737094812,68.91897843807324,0.0,0.0,12968.09975865674,12968.09975865674,614.124647561683,137.12136148461548,0.0,751.2460090462985,12282.49295123366,685.6068074230774,0.0,0.0,198.4038246466544,86.14872304759159,0.0,50,0,0.0,0,0,0.0,0.0,0.0,0.0,0.0,0.0,0,0.0,0.0,0,0,0,13.670847177505491,1.0,0.0,0.0,True,feasible,benchmark_feasibility_aware_alns
S0043_R09,4302035,feasibility_aware_alns,S0043,n50_p0.75_d1_clustered_Ehigh_V2.00_Hshort_PWmoderate_B0.10,50,0.76,0.75,1,3,high,2.0,clustered,short,moderate,0.1,20.0,5.0,1.0,peripheral,4685.07479234639,72.7728210008924,0.0,0.0,4612.301971345497,4612.301971345497,175.42465232885587,220.7617849536759,0.0,396.18643728253176,3508.4930465771176,1103.8089247683797,0.0,0.0,203.14373247442524,90.96602625111552,0.0,50,0,0.0,0,0,0.0,0.0,0.0,0.0,0.0,0.0,0,0.0,0.0,0,0,0,12.227474451065063,1.0,0.0,0.0,True,feasible,benchmark_feasibility_aware_alns
S0043_R10,4302036,feasibility_aware_alns,S0043,n50_p0.75_d1_clustered_Ehigh_V2.00_Hshort_PWmoderate_B0.10,50,0.76,0.75,1,3,high,2.0,clustered,short,moderate,0.1,20.0,5.0,1.0,peripheral,10536.586767310348,68.77102594368472,0.0,0.0,10467.815741366663,10467.815741366663,515.6004208829227,31.16146474164198,0.0,546.7618856245647,10312.008417658451,155.80732370820988,0.0,0.0,196.3091023179916,85.96378242960589,0.0,50,0,0.0,0,0,0.0,0.0,0.0,0.0,0.0,0.0,0,0.0,0.0,0,0,0,12.775118827819824,1.0,0.0,0.0,True,feasible,benchmark_feasibility_aware_alns
S0044_R01,4402027,feasibility_aware_alns,S0044,n50_p0.75_d1_uniform_Ehigh_V2.00_Hlong_PWflat_B0.10,50,0.76,0.75,1,3,high,2.0,uniform,long,flat,0.1,1.0,1.0,1.0,peripheral,637.4873372396444,242.10631826337837,0.0,0.0,395.381018976266,395.381018976266,335.56293880193084,59.81808017433509,0.0,395.3810189762659,335.56293880193084,59.81808017433509,0.0,0.0,201.544768680768,302.63289782922294,0.0,50,0,0.0,0,0,0.0,0.0,0.0,0.0,0.0,0.0,0,0.0,0.0,0,0,0,10.200939893722534,1.0,0.0,0.0,True,feasible,benchmark_feasibility_aware_alns
S0044_R02,4402028,feasibility_aware_alns,S0044,n50_p0.75_d1_uniform_Ehigh_V2.00_Hlong_PWflat_B0.10,50,0.76,0.75,1,3,high,2.0,uniform,long,flat,0.1,1.0,1.0,1.0,peripheral,955.5386300402374,253.86870805731684,0.0,0.0,701.6699219829206,701.6699219829206,595.9861247582386,105.68379722468204,0.0,701.6699219829206,595.9861247582386,105.68379722468204,0.0,0.0,218.45396508418284,317.335885071646,0.0,50,0,0.0,0,0,0.0,0.0,0.0,0.0,0.0,0.0,0,0.0,0.0,0,0,0,10.632827520370483,1.0,0.0,0.0,True,feasible,benchmark_feasibility_aware_alns
S0044_R03,4402029,feasibility_aware_alns,S0044,n50_p0.75_d1_uniform_Ehigh_V2.00_Hlong_PWflat_B0.10,50,0.76,0.75,1,3,high,2.0,uniform,long,flat,0.1,1.0,1.0,1.0,peripheral,581.1166441104398,225.6652168149565,0.0,0.0,355.4514272954833,355.4514272954833,269.79594879375253,85.65547850173083,0.0,355.45142729548337,269.79594879375253,85.65547850173083,0.0,0.0,198.6342938950012,282.08152101869564,0.0,50,0,0.0,0,0,0.0,0.0,0.0,0.0,0.0,0.0,0,0.0,0.0,0,0,0,10.232259750366213,1.0,0.0,0.0,True,feasible,benchmark_feasibility_aware_alns
S0044_R04,4402030,feasibility_aware_alns,S0044,n50_p0.75_d1_uniform_Ehigh_V2.00_Hlong_PWflat_B0.10,50,0.76,0.75,1,3,high,2.0,uniform,long,flat,0.1,1.0,1.0,1.0,peripheral,666.4412480261833,263.14546607014023,0.0,0.0,403.29578195604313,403.29578195604313,261.8563078898508,141.43947406619236,0.0,403.2957819560432,261.8563078898508,141.43947406619236,0.0,0.0,239.7973750391992,328.93183258767533,0.0,50,0,0.0,0,0,0.0,0.0,0.0,0.0,0.0,0.0,0,0.0,0.0,0,0,0,10.537902355194092,1.0,0.0,0.0,True,feasible,benchmark_feasibility_aware_alns
S0044_R05,4402031,feasibility_aware_alns,S0044,n50_p0.75_d1_uniform_Ehigh_V2.00_Hlong_PWflat_B0.10,50,0.76,0.75,1,3,high,2.0,uniform,long,flat,0.1,1.0,1.0,1.0,peripheral,664.4501811224844,210.89543019403547,0.0,0.0,453.554750928449,453.554750928449,425.50996197295854,28.044788955490414,0.0,453.5547509284489,425.50996197295854,28.044788955490414,0.0,0.0,226.11979868256265,263.6192877425444,0.0,50,0,0.0,0,0,0.0,0.0,0.0,0.0,0.0,0.0,0,0.0,0.0,0,0,0,10.39760947227478,1.0,0.0,0.0,True,feasible,benchmark_feasibility_aware_alns
S0044_R06,4402032,feasibility_aware_alns,S0044,n50_p0.75_d1_uniform_Ehigh_V2.00_Hlong_PWflat_B0.10,50,0.76,0.75,1,3,high,2.0,uniform,long,flat,0.1,1.0,1.0,1.0,peripheral,569.277614736442,239.62513225357375,0.0,0.0,329.6524824828682,329.6524824828682,196.9843200983341,132.66816238453404,0.0,329.6524824828682,196.9843200983341,132.66816238453404,0.0,0.0,257.82570677361747,299.53141531696724,0.0,50,0,0.0,0,0,0.0,0.0,0.0,0.0,0.0,0.0,0,0.0,0.0,0,0,0,10.425280809402466,1.0,0.0,0.0,True,feasible,benchmark_feasibility_aware_alns
S0044_R07,4402033,feasibility_aware_alns,S0044,n50_p0.75_d1_uniform_Ehigh_V2.00_Hlong_PWflat_B0.10,50,0.76,0.75,1,3,high,2.0,uniform,long,flat,0.1,1.0,1.0,1.0,peripheral,596.2185044032242,222.09454709267965,0.0,0.0,374.1239573105445,374.1239573105445,278.4933461752052,95.6306111353393,0.0,374.1239573105445,278.4933461752052,95.6306111353393,0.0,0.0,193.4973735061729,277.61818386584946,0.0,50,0,0.0,0,0,0.0,0.0,0.0,0.0,0.0,0.0,0,0.0,0.0,0,0,0,10.4255108833313,1.0,0.0,0.0,True,feasible,benchmark_feasibility_aware_alns
S0044_R08,4402034,feasibility_aware_alns,S0044,n50_p0.75_d1_uniform_Ehigh_V2.00_Hlong_PWflat_B0.10,50,0.76,0.75,1,3,high,2.0,uniform,long,flat,0.1,1.0,1.0,1.0,peripheral,545.5639508857555,220.5960259471108,0.0,0.0,324.96792493864467,324.96792493864467,267.61680562445645,57.351119314188296,0.0,324.9679249386447,267.61680562445645,57.351119314188296,0.0,0.0,189.5361562412529,275.74503243388835,0.0,50,0,0.0,0,0,0.0,0.0,0.0,0.0,0.0,0.0,0,0.0,0.0,0,0,0,10.534755945205688,1.0,0.0,0.0,True,feasible,benchmark_feasibility_aware_alns
S0044_R09,4402035,feasibility_aware_alns,S0044,n50_p0.75_d1_uniform_Ehigh_V2.00_Hlong_PWflat_B0.10,50,0.76,0.75,1,3,high,2.0,uniform,long,flat,0.1,1.0,1.0,1.0,peripheral,330.2836325524297,205.52882251775145,0.0,0.0,124.75481003467824,124.75481003467824,104.57081366477983,20.18399636989838,0.0,124.75481003467824,104.57081366477983,20.18399636989838,0.0,0.0,210.87679984415692,256.9110281471892,0.0,50,0,0.0,0,0,0.0,0.0,0.0,0.0,0.0,0.0,0,0.0,0.0,0,0,0,10.24305510520935,1.0,0.0,0.0,True,feasible,benchmark_feasibility_aware_alns
S0044_R10,4402036,feasibility_aware_alns,S0044,n50_p0.75_d1_uniform_Ehigh_V2.00_Hlong_PWflat_B0.10,50,0.76,0.75,1,3,high,2.0,uniform,long,flat,0.1,1.0,1.0,1.0,peripheral,702.7177021881632,231.98614519629035,0.0,0.0,470.73155699187294,470.73155699187294,342.7454367334348,127.98612025843816,0.0,470.73155699187294,342.7454367334348,127.98612025843816,0.0,0.0,236.9310296686224,289.9826814953629,0.0,50,0,0.0,0,0,0.0,0.0,0.0,0.0,0.0,0.0,0,0.0,0.0,0,0,0,10.238903760910034,1.0,0.0,0.0,True,feasible,benchmark_feasibility_aware_alns
S0045_R01,4502027,feasibility_aware_alns,S0045,n75_p0.25_d3_uniform_Elow_V1.25_Hshort_PWbase_B0.10,75,0.2533333333333333,0.25,3,3,low,1.25,uniform,short,base,0.1,100.0,20.0,1.0,peripheral,55706.43618427287,262.4818564347017,0.0,0.0,55443.95432783817,55443.95432783817,517.2973219494787,185.71110664451527,0.0,703.008428593994,51729.73219494787,3714.222132890305,0.0,0.0,245.6903005742092,328.10232054337706,0.0,75,0,0.0,0,0,0.0,0.0,0.0,0.0,0.0,0.0,0,0.0,0.0,0,0,0,10.869488000869753,1.0,0.0,0.0,True,feasible,benchmark_feasibility_aware_alns
S0045_R02,4502028,feasibility_aware_alns,S0045,n75_p0.25_d3_uniform_Elow_V1.25_Hshort_PWbase_B0.10,75,0.2533333333333333,0.25,3,3,low,1.25,uniform,short,base,0.1,100.0,20.0,1.0,peripheral,52379.47337061899,231.89938388079815,0.0,0.0,52147.57398673819,52147.57398673819,519.2689052709726,11.034172982046854,0.0,530.3030782530194,51926.89052709726,220.6834596409371,0.0,0.0,205.7293612266741,289.87422985099766,0.0,75,0,0.0,0,0,0.0,0.0,0.0,0.0,0.0,0.0,0,0.0,0.0,0,0,0,11.4814031124115,1.0,0.0,0.0,True,feasible,benchmark_feasibility_aware_alns
S0045_R03,4502029,feasibility_aware_alns,S0045,n75_p0.25_d3_uniform_Elow_V1.25_Hshort_PWbase_B0.10,75,0.2533333333333333,0.25,3,3,low,1.25,uniform,short,base,0.1,100.0,20.0,1.0,peripheral,87387.00371665432,271.0947815617274,0.0,0.0,87115.9089350926,87115.9089350926,791.5668835301318,397.96102910397104,0.0,1189.527912634103,79156.68835301317,7959.220582079421,0.0,0.0,259.35064501892987,338.8684769521591,0.0,75,0,0.0,0,0,0.0,0.0,0.0,0.0,0.0,0.0,0,0.0,0.0,0,0,0,11.028970003128052,1.0,0.0,0.0,True,feasible,benchmark_feasibility_aware_alns
S0045_R04,4502030,feasibility_aware_alns,S0045,n75_p0.25_d3_uniform_Elow_V1.25_Hshort_PWbase_B0.10,75,0.2533333333333333,0.25,3,3,low,1.25,uniform,short,base,0.1,100.0,20.0,1.0,peripheral,87540.29453598411,278.92550916691044,0.0,0.0,87261.3690268172,87261.3690268172,819.1608009741452,267.2644464701343,0.0,1086.4252474442796,81916.08009741452,5345.288929402686,0.0,0.0,263.2695965436725,348.6568864586379,0.0,75,0,0.0,0,0,0.0,0.0,0.0,0.0,0.0,0.0,0,0.0,0.0,0,0,0,10.899754285812378,1.0,0.0,0.0,True,feasible,benchmark_feasibility_aware_alns
S0045_R05,4502031,feasibility_aware_alns,S0045,n75_p0.25_d3_uniform_Elow_V1.25_Hshort_PWbase_B0.10,75,0.2533333333333333,0.25,3,3,low,1.25,uniform,short,base,0.1,100.0,20.0,1.0,peripheral,113446.9057438084,289.9299922468651,0.0,0.0,113156.97575156156,113156.97575156156,1054.2788263520704,386.45465581772646,0.0,1440.7334821697968,105427.88263520705,7729.093116354529,0.0,0.0,252.7925864029093,362.4124903085815,0.0,75,0,0.0,0,0,0.0,0.0,0.0,0.0,0.0,0.0,0,0.0,0.0,0,0,0,11.093989372253418,1.0,0.0,0.0,True,feasible,benchmark_feasibility_aware_alns
S0045_R06,4502032,feasibility_aware_alns,S0045,n75_p0.25_d3_uniform_Elow_V1.25_Hshort_PWbase_B0.10,75,0.2533333333333333,0.25,3,3,low,1.25,uniform,short,base,0.1,100.0,20.0,1.0,peripheral,61117.425335392574,256.0581149895252,0.0,0.0,60861.36722040305,60861.36722040305,541.9675798716787,333.2304616617587,0.0,875.1980415334374,54196.75798716787,6664.609233235174,0.0,0.0,245.876410433792,320.07264373690646,0.0,75,0,0.0,0,0,0.0,0.0,0.0,0.0,0.0,0.0,0,0.0,0.0,0,0,0,10.923917293548584,1.0,0.0,0.0,True,feasible,benchmark_feasibility_aware_alns
S0045_R07,4502033,feasibility_aware_alns,S0045,n75_p0.25_d3_uniform_Elow_V1.25_Hshort_PWbase_B0.10,75,0.2533333333333333,0.25,3,3,low,1.25,uniform,short,base,0.1,100.0,20.0,1.0,peripheral,118855.19818459444,301.7482819554328,0.0,0.0,118553.44990263904,118553.44990263904,1021.3517334256308,820.9138280037967,0.0,1842.2655614294276,102135.17334256308,16418.276560075934,0.0,0.0,266.24919772501147,377.1853524442909,0.0,75,0,0.0,0,0,0.0,0.0,0.0,0.0,0.0,0.0,0,0.0,0.0,0,0,0,10.821122646331789,1.0,0.0,0.0,True,feasible,benchmark_feasibility_aware_alns
S0045_R08,4502034,feasibility_aware_alns,S0045,n75_p0.25_d3_uniform_Elow_V1.25_Hshort_PWbase_B0.10,75,0.2533333333333333,0.25,3,3,low,1.25,uniform,short,base,0.1,100.0,20.0,1.0,peripheral,66478.73501361678,265.47670729112275,0.0,0.0,66213.25830632566,66213.25830632566,589.927329883402,361.02626589927246,0.0,950.9535957826744,58992.7329883402,7220.525317985449,0.0,0.0,279.41160664052546,331.8458841139035,0.0,75,0,0.0,0,0,0.0,0.0,0.0,0.0,0.0,0.0,0,0.0,0.0,0,0,0,11.276172161102297,1.0,0.0,0.0,True,feasible,benchmark_feasibility_aware_alns
S0045_R09,4502035,feasibility_aware_alns,S0045,n75_p0.25_d3_uniform_Elow_V1.25_Hshort_PWbase_B0.10,75,0.2533333333333333,0.25,3,3,low,1.25,uniform,short,base,0.1,100.0,20.0,1.0,peripheral,119939.67779952908,271.16836984419484,0.0,0.0,119668.50942968488,119668.50942968488,1117.8784983367957,394.03297980026616,0.0,1511.9114781370615,111787.84983367956,7880.659596005324,0.0,0.0,249.96486146938216,338.96046230524354,0.0,75,0,0.0,0,0,0.0,0.0,0.0,0.0,0.0,0.0,0,0.0,0.0,0,0,0,10.648743152618408,1.0,0.0,0.0,True,feasible,benchmark_feasibility_aware_alns
S0045_R10,4502036,feasibility_aware_alns,S0045,n75_p0.25_d3_uniform_Elow_V1.25_Hshort_PWbase_B0.10,75,0.2533333333333333,0.25,3,3,low,1.25,uniform,short,base,0.1,100.0,20.0,1.0,peripheral,92770.33438200071,262.7254098805856,0.0,0.0,92507.60897212014,92507.60897212014,784.1893361258897,704.433767976559,0.0,1488.623104102449,78418.93361258897,14088.67535953118,0.0,0.0,269.7508439530886,328.406762350732,0.0,75,0,0.0,0,0,0.0,0.0,0.0,0.0,0.0,0.0,0,0.0,0.0,0,0,0,12.036950826644896,1.0,0.0,0.0,True,feasible,benchmark_feasibility_aware_alns
S0046_R01,4602027,feasibility_aware_alns,S0046,n75_p0.25_d3_uniform_Elow_V1.25_Hlong_PWmoderate_B0.10,75,0.2533333333333333,0.25,3,3,low,1.25,uniform,long,moderate,0.1,20.0,5.0,1.0,peripheral,19476.22202804265,254.5918496852584,0.0,0.0,19221.6301783574,19221.6301783574,907.986030500178,212.3819136707681,0.0,1120.367944170946,18159.72061000356,1061.9095683538403,0.0,0.0,274.1265813410778,318.2398121065729,0.0,75,0,0.0,0,0,0.0,0.0,0.0,0.0,0.0,0.0,0,0.0,0.0,0,0,0,10.974780321121216,1.0,0.0,0.0,True,feasible,benchmark_feasibility_aware_alns
S0046_R02,4602028,feasibility_aware_alns,S0046,n75_p0.25_d3_uniform_Elow_V1.25_Hlong_PWmoderate_B0.10,75,0.2533333333333333,0.25,3,3,low,1.25,uniform,long,moderate,0.1,20.0,5.0,1.0,peripheral,18973.992783855894,300.00606372679863,0.0,0.0,18673.986720129094,18673.986720129094,828.918959559815,419.1215057865599,0.0,1248.0404653463747,16578.379191196298,2095.607528932799,0.0,0.0,277.96936530888485,375.00757965849846,0.0,75,0,0.0,0,0,0.0,0.0,0.0,0.0,0.0,0.0,0,0.0,0.0,0,0,0,10.88311529159546,1.0,0.0,0.0,True,feasible,benchmark_feasibility_aware_alns
S0046_R03,4602029,feasibility_aware_alns,S0046,n75_p0.25_d3_uniform_Elow_V1.25_Hlong_PWmoderate_B0.10,75,0.2533333333333333,0.25,3,3,low,1.25,uniform,long,moderate,0.1,20.0,5.0,1.0,peripheral,16161.207105991944,264.58430815497303,0.0,0.0,15896.62279783697,15896.62279783697,744.2382340699373,202.37162328764484,0.0,946.6098573575822,14884.764681398749,1011.8581164382242,0.0,0.0,243.54364176429544,330.7303851937164,0.0,75,0,0.0,0,0,0.0,0.0,0.0,0.0,0.0,0.0,0,0.0,0.0,0,0,0,10.911019325256348,1.0,0.0,0.0,True,feasible,benchmark_feasibility_aware_alns
S0046_R04,4602030,feasibility_aware_alns,S0046,n75_p0.25_d3_uniform_Elow_V1.25_Hlong_PWmoderate_B0.10,75,0.2533333333333333,0.25,3,3,low,1.25,uniform,long,moderate,0.1,20.0,5.0,1.0,peripheral,20504.03989929794,291.67316461584045,0.0,0.0,20212.3667346821,20212.3667346821,853.2068943740338,629.6457694402859,0.0,1482.8526638143198,17064.137887480676,3148.2288472014297,0.0,0.0,264.670567306179,364.5914557698006,0.0,75,0,0.0,0,0,0.0,0.0,0.0,0.0,0.0,0.0,0,0.0,0.0,0,0,0,10.848105430603027,1.0,0.0,0.0,True,feasible,benchmark_feasibility_aware_alns
S0046_R05,4602031,feasibility_aware_alns,S0046,n75_p0.25_d3_uniform_Elow_V1.25_Hlong_PWmoderate_B0.10,75,0.2533333333333333,0.25,3,3,low,1.25,uniform,long,moderate,0.1,20.0,5.0,1.0,peripheral,21129.458353013382,287.1469429064164,0.0,0.0,20842.31141010697,20842.31141010697,883.2857501877583,635.3192812703594,0.0,1518.6050314581175,17665.715003755166,3176.5964063517968,0.0,0.0,236.48224370479076,358.93367863302063,0.0,75,0,0.0,0,0,0.0,0.0,0.0,0.0,0.0,0.0,0,0.0,0.0,0,0,0,11.00364589691162,1.0,0.0,0.0,True,feasible,benchmark_feasibility_aware_alns
S0046_R06,4602032,feasibility_aware_alns,S0046,n75_p0.25_d3_uniform_Elow_V1.25_Hlong_PWmoderate_B0.10,75,0.2533333333333333,0.25,3,3,low,1.25,uniform,long,moderate,0.1,20.0,5.0,1.0,peripheral,19625.58301345337,285.42551833007894,0.0,0.0,19340.157495123294,19340.157495123294,702.7983495437186,1043.7412911668089,65.48404841488181,1812.023689125409,14055.96699087437,5218.706455834044,65.48404841488181,0.0,325.9134004055691,356.7818979125987,0.0,75,0,0.0,0,0,0.0,0.0,0.0,0.0,0.0,0.0,0,0.0,0.0,0,0,0,11.620141506195068,1.0,0.0,0.0,True,feasible,benchmark_feasibility_aware_alns
S0046_R07,4602033,feasibility_aware_alns,S0046,n75_p0.25_d3_uniform_Elow_V1.25_Hlong_PWmoderate_B0.10,75,0.2533333333333333,0.25,3,3,low,1.25,uniform,long,moderate,0.1,20.0,5.0,1.0,peripheral,9812.252963754456,251.13371302348415,0.0,0.0,9561.119250730972,9561.119250730972,435.6237977709721,169.72865906230595,0.0,605.352456833278,8712.475955419442,848.6432953115298,0.0,0.0,246.64228343275437,313.91714127935523,0.0,75,0,0.0,0,0,0.0,0.0,0.0,0.0,0.0,0.0,0,0.0,0.0,0,0,0,10.868953943252563,1.0,0.0,0.0,True,feasible,benchmark_feasibility_aware_alns
S0046_R08,4602034,feasibility_aware_alns,S0046,n75_p0.25_d3_uniform_Elow_V1.25_Hlong_PWmoderate_B0.10,75,0.2533333333333333,0.25,3,3,low,1.25,uniform,long,moderate,0.1,20.0,5.0,1.0,peripheral,26707.27159989481,312.6482745561269,0.0,0.0,26394.623325338685,26394.623325338685,1096.9047327478631,889.0329428625718,11.363956068564164,1997.301631678999,21938.09465495726,4445.164714312858,11.363956068564164,0.0,285.4586305428225,390.81034319515845,0.0,75,0,0.0,0,0,0.0,0.0,0.0,0.0,0.0,0.0,0,0.0,0.0,0,0,0,11.394314289093018,1.0,0.0,0.0,True,feasible,benchmark_feasibility_aware_alns
S0046_R09,4602035,feasibility_aware_alns,S0046,n75_p0.25_d3_uniform_Elow_V1.25_Hlong_PWmoderate_B0.10,75,0.2533333333333333,0.25,3,3,low,1.25,uniform,long,moderate,0.1,20.0,5.0,1.0,peripheral,25319.49015849057,301.1787046637873,0.0,0.0,25018.311453826784,25018.311453826784,1139.108267995493,437.8263627074851,47.0142803794987,1623.9489110824766,22782.165359909857,2189.1318135374254,47.0142803794987,0.0,279.11982461710187,376.4733808297341,0.0,75,0,0.0,0,0,0.0,0.0,0.0,0.0,0.0,0.0,0,0.0,0.0,0,0,0,11.193471670150757,1.0,0.0,0.0,True,feasible,benchmark_feasibility_aware_alns
S0046_R10,4602036,feasibility_aware_alns,S0046,n75_p0.25_d3_uniform_Elow_V1.25_Hlong_PWmoderate_B0.10,75,0.2533333333333333,0.25,3,3,low,1.25,uniform,long,moderate,0.1,20.0,5.0,1.0,peripheral,21793.630629596384,283.90424004870056,0.0,0.0,21509.726389547683,21509.726389547683,976.4304256743252,396.2235752122351,0.0,1372.6540008865604,19528.608513486502,1981.117876061176,0.0,0.0,249.03576147868424,354.8803000608757,0.0,75,0,0.0,0,0,0.0,0.0,0.0,0.0,0.0,0.0,0,0.0,0.0,0,0,0,10.7617449760437,1.0,0.0,0.0,True,feasible,benchmark_feasibility_aware_alns
S0047_R01,4702027,feasibility_aware_alns,S0047,n75_p0.25_d3_uniform_Emedium_V1.25_Hlong_PWmoderate_B0.10,75,0.2533333333333333,0.25,3,3,medium,1.25,uniform,long,moderate,0.1,20.0,5.0,1.0,peripheral,9726.701803226935,282.8081018307796,0.0,0.0,9443.893701396157,9443.893701396157,436.6535361517989,142.16459567203503,0.0,578.8181318238339,8733.070723035979,710.8229783601752,0.0,0.0,271.5579374874315,353.5101272884746,0.0,75,0,0.0,0,0,0.0,0.0,0.0,0.0,0.0,0.0,0,0.0,0.0,0,0,0,10.755004405975342,1.0,0.0,0.0,True,feasible,benchmark_feasibility_aware_alns
S0047_R02,4702028,feasibility_aware_alns,S0047,n75_p0.25_d3_uniform_Emedium_V1.25_Hlong_PWmoderate_B0.10,75,0.2533333333333333,0.25,3,3,medium,1.25,uniform,long,moderate,0.1,20.0,5.0,1.0,peripheral,9439.507383101212,265.6272742456273,0.0,0.0,9173.880108855585,9173.880108855585,400.8257142701157,231.47316469065413,0.0,632.2988789607698,8016.514285402314,1157.3658234532709,0.0,0.0,227.3987021356702,332.0340928070342,0.0,75,0,0.0,0,0,0.0,0.0,0.0,0.0,0.0,0.0,0,0.0,0.0,0,0,0,10.812726736068726,1.0,0.0,0.0,True,feasible,benchmark_feasibility_aware_alns
S0047_R03,4702029,feasibility_aware_alns,S0047,n75_p0.25_d3_uniform_Emedium_V1.25_Hlong_PWmoderate_B0.10,75,0.2533333333333333,0.25,3,3,medium,1.25,uniform,long,moderate,0.1,20.0,5.0,1.0,peripheral,11633.973692108171,261.0332943713258,0.0,0.0,11372.940397736846,11372.940397736846,463.38576572727527,421.0450166382678,0.0,884.4307823655431,9267.715314545503,2105.225083191339,0.0,0.0,266.5061755771386,326.2916179641571,0.0,75,0,0.0,0,0,0.0,0.0,0.0,0.0,0.0,0.0,0,0.0,0.0,0,0,0,10.813735008239746,1.0,0.0,0.0,True,feasible,benchmark_feasibility_aware_alns
S0047_R04,4702030,feasibility_aware_alns,S0047,n75_p0.25_d3_uniform_Emedium_V1.25_Hlong_PWmoderate_B0.10,75,0.2533333333333333,0.25,3,3,medium,1.25,uniform,long,moderate,0.1,20.0,5.0,1.0,peripheral,21744.609923424632,264.4794232713741,0.0,0.0,21480.130500153256,21480.130500153256,943.0041143483646,524.0096426371922,0.0,1467.013756985557,18860.08228696729,2620.048213185961,0.0,0.0,237.52016425783583,330.59927908921765,0.0,75,0,0.0,0,0,0.0,0.0,0.0,0.0,0.0,0.0,0,0.0,0.0,0,0,0,10.713555335998535,1.0,0.0,0.0,True,feasible,benchmark_feasibility_aware_alns
S0047_R05,4702031,feasibility_aware_alns,S0047,n75_p0.25_d3_uniform_Emedium_V1.25_Hlong_PWmoderate_B0.10,75,0.2533333333333333,0.25,3,3,medium,1.25,uniform,long,moderate,0.1,20.0,5.0,1.0,peripheral,28517.14830975349,328.958773729956,0.0,0.0,28188.18953602354,28188.18953602354,1274.5499835757903,539.4379729015459,0.0,1813.9879564773364,25490.99967151581,2697.189864507729,0.0,0.0,288.8838161844594,411.1984671624453,0.0,75,0,0.0,0,0,0.0,0.0,0.0,0.0,0.0,0.0,0,0.0,0.0,0,0,0,10.813415288925173,1.0,0.0,0.0,True,feasible,benchmark_feasibility_aware_alns
S0047_R06,4702032,feasibility_aware_alns,S0047,n75_p0.25_d3_uniform_Emedium_V1.25_Hlong_PWmoderate_B0.10,75,0.2533333333333333,0.25,3,3,medium,1.25,uniform,long,moderate,0.1,20.0,5.0,1.0,peripheral,27183.509371764623,293.44957638709354,0.0,0.0,26890.05979537753,26890.05979537753,1258.9465326078505,338.64446125496835,17.906836945684375,1615.4978308085028,25178.930652157003,1693.2223062748417,17.906836945684375,0.0,323.5382912365821,366.8119704838668,0.0,75,0,0.0,0,0,0.0,0.0,0.0,0.0,0.0,0.0,0,0.0,0.0,0,0,0,11.53252410888672,1.0,0.0,0.0,True,feasible,benchmark_feasibility_aware_alns
S0047_R07,4702033,feasibility_aware_alns,S0047,n75_p0.25_d3_uniform_Emedium_V1.25_Hlong_PWmoderate_B0.10,75,0.2533333333333333,0.25,3,3,medium,1.25,uniform,long,moderate,0.1,20.0,5.0,1.0,peripheral,8081.935437060969,268.9784559534779,0.0,0.0,7812.956981107491,7812.956981107491,319.18666712409095,285.8447277251344,0.0,605.0313948492253,6383.733342481819,1429.223638625672,0.0,0.0,227.71650277548343,336.2230699418473,0.0,75,0,0.0,0,0,0.0,0.0,0.0,0.0,0.0,0.0,0,0.0,0.0,0,0,0,11.006396532058716,1.0,0.0,0.0,True,feasible,benchmark_feasibility_aware_alns
S0047_R08,4702034,feasibility_aware_alns,S0047,n75_p0.25_d3_uniform_Emedium_V1.25_Hlong_PWmoderate_B0.10,75,0.2533333333333333,0.25,3,3,medium,1.25,uniform,long,moderate,0.1,20.0,5.0,1.0,peripheral,24421.70420729286,293.14226879486944,0.0,0.0,24128.56193849799,24128.56193849799,1091.775630534859,458.609865560162,0.0,1550.385496095021,21835.51261069718,2293.04932780081,0.0,0.0,265.81767731643845,366.4278359935867,0.0,75,0,0.0,0,0,0.0,0.0,0.0,0.0,0.0,0.0,0,0.0,0.0,0,0,0,10.890246629714966,1.0,0.0,0.0,True,feasible,benchmark_feasibility_aware_alns
S0047_R09,4702035,feasibility_aware_alns,S0047,n75_p0.25_d3_uniform_Emedium_V1.25_Hlong_PWmoderate_B0.10,75,0.2533333333333333,0.25,3,3,medium,1.25,uniform,long,moderate,0.1,20.0,5.0,1.0,peripheral,22323.985326755206,272.67686607272265,0.0,0.0,22051.308460682485,22051.308460682485,949.079920191559,613.9420113702606,0.0,1563.0219315618197,18981.59840383118,3069.7100568513038,0.0,0.0,249.22895707227795,340.84608259090345,0.0,75,0,0.0,0,0,0.0,0.0,0.0,0.0,0.0,0.0,0,0.0,0.0,0,0,0,10.76316785812378,1.0,0.0,0.0,True,feasible,benchmark_feasibility_aware_alns
S0047_R10,4702036,feasibility_aware_alns,S0047,n75_p0.25_d3_uniform_Emedium_V1.25_Hlong_PWmoderate_B0.10,75,0.2533333333333333,0.25,3,3,medium,1.25,uniform,long,moderate,0.1,20.0,5.0,1.0,peripheral,22931.380404243144,253.5213983426508,0.0,0.0,22677.859005900493,22677.859005900493,1087.2768437627988,186.46442612890303,0.0,1273.741269891702,21745.536875255973,932.3221306445153,0.0,0.0,244.3358528560493,316.9017479283135,0.0,75,0,0.0,0,0,0.0,0.0,0.0,0.0,0.0,0.0,0,0.0,0.0,0,0,0,11.139089345932009,1.0,0.0,0.0,True,feasible,benchmark_feasibility_aware_alns
S0048_R01,4802027,feasibility_aware_alns,S0048,n75_p0.25_d3_uniform_Ehigh_V2.00_Hmedium_PWflat_B0.10,75,0.2533333333333333,0.25,3,3,high,2.0,uniform,medium,flat,0.1,1.0,1.0,1.0,peripheral,1452.5740347159506,283.9681749286192,0.0,0.0,1168.6058597873314,1168.6058597873314,933.240263491076,235.3655962962552,0.0,1168.6058597873314,933.240263491076,235.3655962962552,0.0,0.0,267.8397152453532,354.96021866077405,0.0,75,0,0.0,0,0,0.0,0.0,0.0,0.0,0.0,0.0,0,0.0,0.0,0,0,0,11.396710395812988,1.0,0.0,0.0,True,feasible,benchmark_feasibility_aware_alns
S0048_R02,4802028,feasibility_aware_alns,S0048,n75_p0.25_d3_uniform_Ehigh_V2.00_Hmedium_PWflat_B0.10,75,0.2533333333333333,0.25,3,3,high,2.0,uniform,medium,flat,0.1,1.0,1.0,1.0,peripheral,1447.1651061713278,236.34154295360105,0.0,0.0,1210.8235632177268,1210.8235632177268,964.5537079106858,246.2698553070408,0.0,1210.8235632177266,964.5537079106858,246.2698553070408,0.0,0.0,227.32132141512852,295.4269286920013,0.0,75,0,0.0,0,0,0.0,0.0,0.0,0.0,0.0,0.0,0,0.0,0.0,0,0,0,10.97699809074402,1.0,0.0,0.0,True,feasible,benchmark_feasibility_aware_alns
S0048_R03,4802029,feasibility_aware_alns,S0048,n75_p0.25_d3_uniform_Ehigh_V2.00_Hmedium_PWflat_B0.10,75,0.2533333333333333,0.25,3,3,high,2.0,uniform,medium,flat,0.1,1.0,1.0,1.0,peripheral,1591.7630239113253,267.8472060914803,0.0,0.0,1323.915817819845,1323.915817819845,1014.0135680463814,309.9022497734634,0.0,1323.9158178198447,1014.0135680463814,309.9022497734634,0.0,0.0,236.46443834062688,334.8090076143503,0.0,75,0,0.0,0,0,0.0,0.0,0.0,0.0,0.0,0.0,0,0.0,0.0,0,0,0,10.71929383277893,1.0,0.0,0.0,True,feasible,benchmark_feasibility_aware_alns
S0048_R04,4802030,feasibility_aware_alns,S0048,n75_p0.25_d3_uniform_Ehigh_V2.00_Hmedium_PWflat_B0.10,75,0.2533333333333333,0.25,3,3,high,2.0,uniform,medium,flat,0.1,1.0,1.0,1.0,peripheral,840.1793533921037,255.24292888745265,0.0,0.0,584.9364245046511,584.9364245046511,271.6286168287007,313.3078076759504,0.0,584.9364245046511,271.6286168287007,313.3078076759504,0.0,0.0,230.01459437552728,319.05366110931584,0.0,75,0,0.0,0,0,0.0,0.0,0.0,0.0,0.0,0.0,0,0.0,0.0,0,0,0,10.70862865447998,1.0,0.0,0.0,True,feasible,benchmark_feasibility_aware_alns
S0048_R05,4802031,feasibility_aware_alns,S0048,n75_p0.25_d3_uniform_Ehigh_V2.00_Hmedium_PWflat_B0.10,75,0.2533333333333333,0.25,3,3,high,2.0,uniform,medium,flat,0.1,1.0,1.0,1.0,peripheral,1387.1354468634966,278.6434437641121,0.0,0.0,1108.4920030993844,1108.4920030993844,672.8120522807794,435.679950818605,0.0,1108.4920030993844,672.8120522807794,435.679950818605,0.0,0.0,269.009806208618,348.3043047051403,0.0,75,0,0.0,0,0,0.0,0.0,0.0,0.0,0.0,0.0,0,0.0,0.0,0,0,0,11.027124404907228,1.0,0.0,0.0,True,feasible,benchmark_feasibility_aware_alns
S0048_R06,4802032,feasibility_aware_alns,S0048,n75_p0.25_d3_uniform_Ehigh_V2.00_Hmedium_PWflat_B0.10,75,0.2533333333333333,0.25,3,3,high,2.0,uniform,medium,flat,0.1,1.0,1.0,1.0,peripheral,1930.527514900763,285.9015090980048,0.0,0.0,1644.626005802758,1644.626005802758,1033.278770088883,611.3472357138746,0.0,1644.6260058027576,1033.278770088883,611.3472357138746,0.0,0.0,247.8192536056057,357.376886372506,0.0,75,0,0.0,0,0,0.0,0.0,0.0,0.0,0.0,0.0,0,0.0,0.0,0,0,0,10.75066876411438,1.0,0.0,0.0,True,feasible,benchmark_feasibility_aware_alns
S0048_R07,4802033,feasibility_aware_alns,S0048,n75_p0.25_d3_uniform_Ehigh_V2.00_Hmedium_PWflat_B0.10,75,0.2533333333333333,0.25,3,3,high,2.0,uniform,medium,flat,0.1,1.0,1.0,1.0,peripheral,2570.5951320096888,328.8951071108037,0.0,0.0,2241.700024898885,2241.700024898885,1650.1925004670409,591.5075244318448,0.0,2241.7000248988857,1650.1925004670409,591.5075244318448,0.0,0.0,287.2285568831906,411.11888388850457,0.0,75,0,0.0,0,0,0.0,0.0,0.0,0.0,0.0,0.0,0,0.0,0.0,0,0,0,11.089491128921509,1.0,0.0,0.0,True,feasible,benchmark_feasibility_aware_alns
S0048_R08,4802034,feasibility_aware_alns,S0048,n75_p0.25_d3_uniform_Ehigh_V2.00_Hmedium_PWflat_B0.10,75,0.2533333333333333,0.25,3,3,high,2.0,uniform,medium,flat,0.1,1.0,1.0,1.0,peripheral,1629.88463346685,260.5186841742686,0.0,0.0,1369.3659492925815,1369.3659492925815,978.4252799336984,390.9406693588829,0.0,1369.3659492925813,978.4252799336984,390.9406693588829,0.0,0.0,247.3332250084058,325.64835521783573,0.0,75,0,0.0,0,0,0.0,0.0,0.0,0.0,0.0,0.0,0,0.0,0.0,0,0,0,11.113227367401125,1.0,0.0,0.0,True,feasible,benchmark_feasibility_aware_alns
S0048_R09,4802035,feasibility_aware_alns,S0048,n75_p0.25_d3_uniform_Ehigh_V2.00_Hmedium_PWflat_B0.10,75,0.2533333333333333,0.25,3,3,high,2.0,uniform,medium,flat,0.1,1.0,1.0,1.0,peripheral,1470.3944844260898,301.031060677107,0.0,0.0,1169.3634237489828,1169.3634237489828,709.9277926921662,459.4356310568167,0.0,1169.363423748983,709.9277926921662,459.4356310568167,0.0,0.0,269.9884422457902,376.2888258463837,0.0,75,0,0.0,0,0,0.0,0.0,0.0,0.0,0.0,0.0,0,0.0,0.0,0,0,0,10.796789169311523,1.0,0.0,0.0,True,feasible,benchmark_feasibility_aware_alns
S0048_R10,4802036,feasibility_aware_alns,S0048,n75_p0.25_d3_uniform_Ehigh_V2.00_Hmedium_PWflat_B0.10,75,0.2533333333333333,0.25,3,3,high,2.0,uniform,medium,flat,0.1,1.0,1.0,1.0,peripheral,1644.9674929329722,253.7434210696408,0.0,0.0,1391.2240718633311,1391.2240718633311,1123.9066137460754,265.1604169984593,2.1570411187965703,1391.2240718633311,1123.9066137460754,265.1604169984593,2.1570411187965703,0.0,276.2579997633412,317.17927633705096,0.0,75,0,0.0,0,0,0.0,0.0,0.0,0.0,0.0,0.0,0,0.0,0.0,0,0,0,11.022199392318726,1.0,0.0,0.0,True,feasible,benchmark_feasibility_aware_alns
S0049_R01,4902027,feasibility_aware_alns,S0049,n75_p0.25_d3_uniform_Ehigh_V2.00_Hmedium_PWstrict_B0.10,75,0.2533333333333333,0.25,3,3,high,2.0,uniform,medium,strict,0.1,200.0,40.0,1.0,peripheral,166503.51698698444,271.6654974233249,0.0,0.0,166231.85148956112,166231.85148956112,796.2614327835256,174.4891233214006,0.0,970.7505561049262,159252.28655670513,6979.564932856024,0.0,0.0,259.01627408824174,339.58187177915613,0.0,75,0,0.0,0,0,0.0,0.0,0.0,0.0,0.0,0.0,0,0.0,0.0,0,0,0,10.686657667160034,1.0,0.0,0.0,True,feasible,benchmark_feasibility_aware_alns
S0049_R02,4902028,feasibility_aware_alns,S0049,n75_p0.25_d3_uniform_Ehigh_V2.00_Hmedium_PWstrict_B0.10,75,0.2533333333333333,0.25,3,3,high,2.0,uniform,medium,strict,0.1,200.0,40.0,1.0,peripheral,171676.94030841644,258.2842216452468,0.0,0.0,171418.6560867712,171418.6560867712,821.9079181565893,175.92681138633205,0.0,997.8347295429212,164381.58363131786,7037.072455453282,0.0,0.0,253.1186965967869,322.8552770565585,0.0,75,0,0.0,0,0,0.0,0.0,0.0,0.0,0.0,0.0,0,0.0,0.0,0,0,0,10.91439700126648,1.0,0.0,0.0,True,feasible,benchmark_feasibility_aware_alns
S0049_R03,4902029,feasibility_aware_alns,S0049,n75_p0.25_d3_uniform_Ehigh_V2.00_Hmedium_PWstrict_B0.10,75,0.2533333333333333,0.25,3,3,high,2.0,uniform,medium,strict,0.1,200.0,40.0,1.0,peripheral,276058.99394025095,302.84311593966936,0.0,0.0,275756.1508243113,275756.1508243113,1260.8268256684262,589.7696422656524,0.0,1850.5964679340784,252165.36513368523,23590.785690626093,0.0,0.0,280.0453335441684,378.5538949245866,0.0,75,0,0.0,0,0,0.0,0.0,0.0,0.0,0.0,0.0,0,0.0,0.0,0,0,0,10.896763801574709,1.0,0.0,0.0,True,feasible,benchmark_feasibility_aware_alns
S0049_R04,4902030,feasibility_aware_alns,S0049,n75_p0.25_d3_uniform_Ehigh_V2.00_Hmedium_PWstrict_B0.10,75,0.2533333333333333,0.25,3,3,high,2.0,uniform,medium,strict,0.1,200.0,40.0,1.0,peripheral,114374.5329107848,281.42722890714947,0.0,0.0,114093.10568187764,114093.10568187764,470.2818308498021,500.9184877979304,0.0,971.2003186477324,94056.3661699604,20036.739511917214,0.0,0.0,267.3202347148611,351.78403613393664,0.0,75,0,0.0,0,0,0.0,0.0,0.0,0.0,0.0,0.0,0,0.0,0.0,0,0,0,10.581329345703123,1.0,0.0,0.0,True,feasible,benchmark_feasibility_aware_alns
S0049_R05,4902031,feasibility_aware_alns,S0049,n75_p0.25_d3_uniform_Ehigh_V2.00_Hmedium_PWstrict_B0.10,75,0.2533333333333333,0.25,3,3,high,2.0,uniform,medium,strict,0.1,200.0,40.0,1.0,peripheral,125649.56880605395,271.0131984474439,0.0,0.0,125378.55560760653,125378.55560760653,579.4289435832095,237.3191722741153,0.0,816.7481158573248,115885.7887166419,9492.76689096461,0.0,0.0,232.2774999518313,338.76649805930487,0.0,75,0,0.0,0,0,0.0,0.0,0.0,0.0,0.0,0.0,0,0.0,0.0,0,0,0,10.610446214675903,1.0,0.0,0.0,True,feasible,benchmark_feasibility_aware_alns
S0049_R06,4902032,feasibility_aware_alns,S0049,n75_p0.25_d3_uniform_Ehigh_V2.00_Hmedium_PWstrict_B0.10,75,0.2533333333333333,0.25,3,3,high,2.0,uniform,medium,strict,0.1,200.0,40.0,1.0,peripheral,245141.676578058,314.5394821717508,0.0,0.0,244827.13709588625,244827.13709588625,1189.539559616242,172.98062931594515,0.0,1362.5201889321872,237907.9119232484,6919.225172637806,0.0,0.0,254.29229505802235,393.1743527146884,0.0,75,0,0.0,0,0,0.0,0.0,0.0,0.0,0.0,0.0,0,0.0,0.0,0,0,0,10.60214352607727,1.0,0.0,0.0,True,feasible,benchmark_feasibility_aware_alns
S0049_R07,4902033,feasibility_aware_alns,S0049,n75_p0.25_d3_uniform_Ehigh_V2.00_Hmedium_PWstrict_B0.10,75,0.2533333333333333,0.25,3,3,high,2.0,uniform,medium,strict,0.1,200.0,40.0,1.0,peripheral,152082.99331348168,301.4422698364417,0.0,0.0,151781.55104364525,151781.55104364525,597.825763835424,805.4099569140109,0.0,1403.235720749435,119565.1527670848,32216.398276560438,0.0,0.0,277.46035461365165,376.8028372955524,0.0,75,0,0.0,0,0,0.0,0.0,0.0,0.0,0.0,0.0,0,0.0,0.0,0,0,0,10.715194702148438,1.0,0.0,0.0,True,feasible,benchmark_feasibility_aware_alns
S0049_R08,4902034,feasibility_aware_alns,S0049,n75_p0.25_d3_uniform_Ehigh_V2.00_Hmedium_PWstrict_B0.10,75,0.2533333333333333,0.25,3,3,high,2.0,uniform,medium,strict,0.1,200.0,40.0,1.0,peripheral,165370.42261541684,280.31306420549987,0.0,0.0,165090.10955121135,165090.10955121135,772.3309619395388,265.59792908259044,0.0,1037.9288910221294,154466.19238790777,10623.917163303617,0.0,0.0,276.8874624388626,350.3913302568749,0.0,75,0,0.0,0,0,0.0,0.0,0.0,0.0,0.0,0.0,0,0.0,0.0,0,0,0,10.879902839660645,1.0,0.0,0.0,True,feasible,benchmark_feasibility_aware_alns
S0049_R09,4902035,feasibility_aware_alns,S0049,n75_p0.25_d3_uniform_Ehigh_V2.00_Hmedium_PWstrict_B0.10,75,0.2533333333333333,0.25,3,3,high,2.0,uniform,medium,strict,0.1,200.0,40.0,1.0,peripheral,123003.69197461766,275.8077784762046,0.0,0.0,122727.88419614146,122727.88419614146,523.949862642919,448.44779168894127,0.0,972.3976543318604,104789.9725285838,17937.91166755765,0.0,0.0,235.42714381542032,344.7597230952559,0.0,75,0,0.0,0,0,0.0,0.0,0.0,0.0,0.0,0.0,0,0.0,0.0,0,0,0,10.605571031570436,1.0,0.0,0.0,True,feasible,benchmark_feasibility_aware_alns
S0049_R10,4902036,feasibility_aware_alns,S0049,n75_p0.25_d3_uniform_Ehigh_V2.00_Hmedium_PWstrict_B0.10,75,0.2533333333333333,0.25,3,3,high,2.0,uniform,medium,strict,0.1,200.0,40.0,1.0,peripheral,263682.6077494817,322.52215860436894,0.0,0.0,263360.08559087734,263360.08559087734,1171.3480171327876,727.2620541079968,0.0,1898.6100712407845,234269.60342655756,29090.482164319877,0.0,0.0,292.5099666133024,403.1526982554612,0.0,75,0,0.0,0,0,0.0,0.0,0.0,0.0,0.0,0.0,0,0.0,0.0,0,0,0,10.598335027694702,1.0,0.0,0.0,True,feasible,benchmark_feasibility_aware_alns
S0050_R01,5002027,feasibility_aware_alns,S0050,n75_p0.75_d3_uniform_Elow_V1.25_Hlong_PWbase_B0.10,75,0.7466666666666667,0.75,3,3,low,1.25,uniform,long,base,0.1,100.0,20.0,1.0,peripheral,51115.36109441395,263.50775235324045,0.0,0.0,50851.85334206071,50851.85334206071,461.5937501323024,234.62391644152405,0.0,696.2176665738265,46159.375013230245,4692.478328830481,0.0,0.0,245.5794933964772,329.3846904415506,0.0,75,0,0.0,0,0,0.0,0.0,0.0,0.0,0.0,0.0,0,0.0,0.0,0,0,0,10.49351716041565,1.0,0.0,0.0,True,feasible,benchmark_feasibility_aware_alns
S0050_R02,5002028,feasibility_aware_alns,S0050,n75_p0.75_d3_uniform_Elow_V1.25_Hlong_PWbase_B0.10,75,0.7466666666666667,0.75,3,3,low,1.25,uniform,long,base,0.1,100.0,20.0,1.0,peripheral,56353.50224529763,247.8078901633427,0.0,0.0,56105.69435513429,56105.69435513429,525.4903830059578,177.83280272692565,0.0,703.3231857328835,52549.038300595785,3556.6560545385128,0.0,0.0,213.56349803931937,309.75986270417843,0.0,75,0,0.0,0,0,0.0,0.0,0.0,0.0,0.0,0.0,0,0.0,0.0,0,0,0,10.698514938354492,1.0,0.0,0.0,True,feasible,benchmark_feasibility_aware_alns
S0050_R03,5002029,feasibility_aware_alns,S0050,n75_p0.75_d3_uniform_Elow_V1.25_Hlong_PWbase_B0.10,75,0.7466666666666667,0.75,3,3,low,1.25,uniform,long,base,0.1,100.0,20.0,1.0,peripheral,20794.67721305133,218.4783551681343,0.0,0.0,20576.198857883195,20576.198857883195,164.7861368812517,204.8792584879012,0.0,369.6653953691529,16478.61368812517,4097.585169758024,0.0,0.0,200.12247574215343,273.09794396016804,0.0,75,0,0.0,0,0,0.0,0.0,0.0,0.0,0.0,0.0,0,0.0,0.0,0,0,0,10.641647338867188,1.0,0.0,0.0,True,feasible,benchmark_feasibility_aware_alns
S0050_R04,5002030,feasibility_aware_alns,S0050,n75_p0.75_d3_uniform_Elow_V1.25_Hlong_PWbase_B0.10,75,0.7466666666666667,0.75,3,3,low,1.25,uniform,long,base,0.1,100.0,20.0,1.0,peripheral,90329.43046496584,271.3392395557929,0.0,0.0,90058.09122541005,90058.09122541005,828.2738291088631,361.5354157261877,0.0,1189.8092448350508,82827.38291088631,7230.708314523754,0.0,0.0,247.37004275521832,339.1740494447412,0.0,75,0,0.0,0,0,0.0,0.0,0.0,0.0,0.0,0.0,0,0.0,0.0,0,0,0,11.271600484848022,1.0,0.0,0.0,True,feasible,benchmark_feasibility_aware_alns
S0050_R05,5002031,feasibility_aware_alns,S0050,n75_p0.75_d3_uniform_Elow_V1.25_Hlong_PWbase_B0.10,75,0.7466666666666667,0.75,3,3,low,1.25,uniform,long,base,0.1,100.0,20.0,1.0,peripheral,53548.54721159808,284.94510028172715,0.0,0.0,53263.60211131634,53263.60211131634,429.4402381371981,515.1737591345934,16.103114904677,960.7171121764684,42944.02381371981,10303.47518269187,16.103114904677,0.0,265.9245684849093,356.18137535215897,0.0,75,0,0.0,0,0,0.0,0.0,0.0,0.0,0.0,0.0,0,0.0,0.0,0,0,0,10.759550094604492,1.0,0.0,0.0,True,feasible,benchmark_feasibility_aware_alns
S0050_R06,5002032,feasibility_aware_alns,S0050,n75_p0.75_d3_uniform_Elow_V1.25_Hlong_PWbase_B0.10,75,0.7466666666666667,0.75,3,3,low,1.25,uniform,long,base,0.1,100.0,20.0,1.0,peripheral,41715.45726359027,252.43969836525275,0.0,0.0,41463.01756522502,41463.01756522502,385.9146182004951,143.5777872587758,0.0,529.4924054592709,38591.4618200495,2871.555745175516,0.0,0.0,232.71590566416387,315.54962295656594,0.0,75,0,0.0,0,0,0.0,0.0,0.0,0.0,0.0,0.0,0,0.0,0.0,0,0,0,10.913570880889893,1.0,0.0,0.0,True,feasible,benchmark_feasibility_aware_alns
S0050_R07,5002033,feasibility_aware_alns,S0050,n75_p0.75_d3_uniform_Elow_V1.25_Hlong_PWbase_B0.10,75,0.7466666666666667,0.75,3,3,low,1.25,uniform,long,base,0.1,100.0,20.0,1.0,peripheral,118989.8085904892,268.5795488826107,0.0,0.0,118721.22904160658,118721.22904160658,1147.4961032414674,198.58093587299192,0.0,1346.0770391144592,114749.61032414674,3971.618717459838,0.0,0.0,273.6523807538465,335.72443610326314,0.0,75,0,0.0,0,0,0.0,0.0,0.0,0.0,0.0,0.0,0,0.0,0.0,0,0,0,10.6919105052948,1.0,0.0,0.0,True,feasible,benchmark_feasibility_aware_alns
S0050_R08,5002034,feasibility_aware_alns,S0050,n75_p0.75_d3_uniform_Elow_V1.25_Hlong_PWbase_B0.10,75,0.7466666666666667,0.75,3,3,low,1.25,uniform,long,base,0.1,100.0,20.0,1.0,peripheral,68818.79521717048,293.140080888579,0.0,0.0,68525.6551362819,68525.6551362819,655.3010364471056,149.77757457856725,0.0,805.0786110256729,65530.10364471056,2995.551491571345,0.0,0.0,272.47406235563545,366.4251011107237,0.0,75,0,0.0,0,0,0.0,0.0,0.0,0.0,0.0,0.0,0,0.0,0.0,0,0,0,10.508243322372437,1.0,0.0,0.0,True,feasible,benchmark_feasibility_aware_alns
S0050_R09,5002035,feasibility_aware_alns,S0050,n75_p0.75_d3_uniform_Elow_V1.25_Hlong_PWbase_B0.10,75,0.7466666666666667,0.75,3,3,low,1.25,uniform,long,base,0.1,100.0,20.0,1.0,peripheral,56957.24534129714,292.36029099563063,0.0,0.0,56664.88505030151,56664.88505030151,424.0835708723398,712.8263981533768,0.0,1136.9099690257167,42408.35708723398,14256.527963067536,0.0,0.0,262.01301239253434,365.4503637445384,0.0,75,0,0.0,0,0,0.0,0.0,0.0,0.0,0.0,0.0,0,0.0,0.0,0,0,0,10.691932916641235,1.0,0.0,0.0,True,feasible,benchmark_feasibility_aware_alns
S0050_R10,5002036,feasibility_aware_alns,S0050,n75_p0.75_d3_uniform_Elow_V1.25_Hlong_PWbase_B0.10,75,0.7466666666666667,0.75,3,3,low,1.25,uniform,long,base,0.1,100.0,20.0,1.0,peripheral,100706.03209711626,268.54561697087144,0.0,0.0,100437.48648014538,100437.48648014538,953.4929713318332,254.40946734810368,0.0,1207.9024386799367,95349.29713318333,5088.189346962074,0.0,0.0,260.7362150750042,335.6820212135893,0.0,75,0,0.0,0,0,0.0,0.0,0.0,0.0,0.0,0.0,0,0.0,0.0,0,0,0,10.814071655273438,1.0,0.0,0.0,True,feasible,benchmark_feasibility_aware_alns
S0051_R01,5102027,feasibility_aware_alns,S0051,n75_p0.75_d3_uniform_Emedium_V1.25_Hlong_PWflat_B0.10,75,0.7466666666666667,0.75,3,3,medium,1.25,uniform,long,flat,0.1,1.0,1.0,1.0,peripheral,1725.4710731264165,284.04943934792044,0.0,0.0,1441.421633778496,1441.421633778496,755.2754274335025,686.1462063449936,0.0,1441.421633778496,755.2754274335025,686.1462063449936,0.0,0.0,263.7605169700007,355.06179918490056,0.0,75,0,0.0,0,0,0.0,0.0,0.0,0.0,0.0,0.0,0,0.0,0.0,0,0,0,10.65544319152832,1.0,0.0,0.0,True,feasible,benchmark_feasibility_aware_alns
S0051_R02,5102028,feasibility_aware_alns,S0051,n75_p0.75_d3_uniform_Emedium_V1.25_Hlong_PWflat_B0.10,75,0.7466666666666667,0.75,3,3,medium,1.25,uniform,long,flat,0.1,1.0,1.0,1.0,peripheral,1647.977888057567,274.88027770954545,0.0,0.0,1373.0976103480216,1373.0976103480216,1215.8274572308792,157.27015311714274,0.0,1373.097610348022,1215.8274572308792,157.27015311714274,0.0,0.0,251.3467751625108,343.60034713693165,0.0,75,0,0.0,0,0,0.0,0.0,0.0,0.0,0.0,0.0,0,0.0,0.0,0,0,0,10.553537130355837,1.0,0.0,0.0,True,feasible,benchmark_feasibility_aware_alns
S0051_R03,5102029,feasibility_aware_alns,S0051,n75_p0.75_d3_uniform_Emedium_V1.25_Hlong_PWflat_B0.10,75,0.7466666666666667,0.75,3,3,medium,1.25,uniform,long,flat,0.1,1.0,1.0,1.0,peripheral,1096.6672490770502,275.5034608349636,0.0,0.0,821.1637882420865,821.1637882420865,643.7255877849343,177.43820045715222,0.0,821.1637882420865,643.7255877849343,177.43820045715222,0.0,0.0,240.8121578143212,344.3793260437045,0.0,75,0,0.0,0,0,0.0,0.0,0.0,0.0,0.0,0.0,0,0.0,0.0,0,0,0,10.777665615081789,1.0,0.0,0.0,True,feasible,benchmark_feasibility_aware_alns
S0051_R04,5102030,feasibility_aware_alns,S0051,n75_p0.75_d3_uniform_Emedium_V1.25_Hlong_PWflat_B0.10,75,0.7466666666666667,0.75,3,3,medium,1.25,uniform,long,flat,0.1,1.0,1.0,1.0,peripheral,1349.1055677899585,263.6623495769721,0.0,0.0,1085.4432182129865,1085.4432182129865,867.2959975949219,218.1472206180647,0.0,1085.4432182129867,867.2959975949219,218.1472206180647,0.0,0.0,227.65873574704565,329.5779369712152,0.0,75,0,0.0,0,0,0.0,0.0,0.0,0.0,0.0,0.0,0,0.0,0.0,0,0,0,10.593486547470093,1.0,0.0,0.0,True,feasible,benchmark_feasibility_aware_alns
S0051_R05,5102031,feasibility_aware_alns,S0051,n75_p0.75_d3_uniform_Emedium_V1.25_Hlong_PWflat_B0.10,75,0.7466666666666667,0.75,3,3,medium,1.25,uniform,long,flat,0.1,1.0,1.0,1.0,peripheral,1029.4101636205496,272.7864096288332,0.0,0.0,756.6237539917163,756.6237539917163,420.8190910293429,335.8046629623732,0.0,756.6237539917161,420.8190910293429,335.8046629623732,0.0,0.0,255.09338603970215,340.9830120360415,0.0,75,0,0.0,0,0,0.0,0.0,0.0,0.0,0.0,0.0,0,0.0,0.0,0,0,0,10.551484823226929,1.0,0.0,0.0,True,feasible,benchmark_feasibility_aware_alns
S0051_R06,5102032,feasibility_aware_alns,S0051,n75_p0.75_d3_uniform_Emedium_V1.25_Hlong_PWflat_B0.10,75,0.7466666666666667,0.75,3,3,medium,1.25,uniform,long,flat,0.1,1.0,1.0,1.0,peripheral,1075.24261870315,300.15182407125656,0.0,0.0,775.0907946318936,775.0907946318936,445.9878146869123,329.10297994498137,0.0,775.0907946318937,445.9878146869123,329.10297994498137,0.0,0.0,248.4982345317329,375.1897800890709,0.0,75,0,0.0,0,0,0.0,0.0,0.0,0.0,0.0,0.0,0,0.0,0.0,0,0,0,10.670425176620483,1.0,0.0,0.0,True,feasible,benchmark_feasibility_aware_alns
S0051_R07,5102033,feasibility_aware_alns,S0051,n75_p0.75_d3_uniform_Emedium_V1.25_Hlong_PWflat_B0.10,75,0.7466666666666667,0.75,3,3,medium,1.25,uniform,long,flat,0.1,1.0,1.0,1.0,peripheral,1740.4395639122015,269.5421900869642,0.0,0.0,1470.8973738252375,1470.8973738252375,1014.4325473847944,456.4648264404427,0.0,1470.897373825237,1014.4325473847944,456.4648264404427,0.0,0.0,244.68004385404623,336.92773760870523,0.0,75,0,0.0,0,0,0.0,0.0,0.0,0.0,0.0,0.0,0,0.0,0.0,0,0,0,10.69108271598816,1.0,0.0,0.0,True,feasible,benchmark_feasibility_aware_alns
S0051_R08,5102034,feasibility_aware_alns,S0051,n75_p0.75_d3_uniform_Emedium_V1.25_Hlong_PWflat_B0.10,75,0.7466666666666667,0.75,3,3,medium,1.25,uniform,long,flat,0.1,1.0,1.0,1.0,peripheral,1163.2477215267966,259.7866256852241,0.0,0.0,903.4610958415724,903.4610958415724,740.1362320354834,163.32486380608896,0.0,903.4610958415724,740.1362320354834,163.32486380608896,0.0,0.0,261.0808245714993,324.73328210653017,0.0,75,0,0.0,0,0,0.0,0.0,0.0,0.0,0.0,0.0,0,0.0,0.0,0,0,0,10.724449396133425,1.0,0.0,0.0,True,feasible,benchmark_feasibility_aware_alns
S0051_R09,5102035,feasibility_aware_alns,S0051,n75_p0.75_d3_uniform_Emedium_V1.25_Hlong_PWflat_B0.10,75,0.7466666666666667,0.75,3,3,medium,1.25,uniform,long,flat,0.1,1.0,1.0,1.0,peripheral,1193.8831660529463,284.2887877254369,0.0,0.0,909.5943783275092,909.5943783275092,616.246820527788,293.34755779972124,0.0,909.5943783275092,616.246820527788,293.34755779972124,0.0,0.0,261.46004272588823,355.3609846567961,0.0,75,0,0.0,0,0,0.0,0.0,0.0,0.0,0.0,0.0,0,0.0,0.0,0,0,0,10.597611904144289,1.0,0.0,0.0,True,feasible,benchmark_feasibility_aware_alns
S0051_R10,5102036,feasibility_aware_alns,S0051,n75_p0.75_d3_uniform_Emedium_V1.25_Hlong_PWflat_B0.10,75,0.7466666666666667,0.75,3,3,medium,1.25,uniform,long,flat,0.1,1.0,1.0,1.0,peripheral,2048.5658118875203,326.5036574369774,0.0,0.0,1722.062154450543,1722.062154450543,1082.1381740752424,639.9239803753007,0.0,1722.0621544505432,1082.1381740752424,639.9239803753007,0.0,0.0,279.33733804304114,408.1295717962215,0.0,75,0,0.0,0,0,0.0,0.0,0.0,0.0,0.0,0.0,0,0.0,0.0,0,0,0,10.872803688049316,1.0,0.0,0.0,True,feasible,benchmark_feasibility_aware_alns
S0052_R01,5202027,feasibility_aware_alns,S0052,n75_p0.75_d3_uniform_Emedium_V2.00_Hmedium_PWflat_B0.10,75,0.7466666666666667,0.75,3,3,medium,2.0,uniform,medium,flat,0.1,1.0,1.0,1.0,peripheral,1293.209044421821,275.8260349343191,0.0,0.0,1017.383009487502,1017.383009487502,513.2645481764052,504.1184613110967,0.0,1017.383009487502,513.2645481764052,504.1184613110967,0.0,0.0,284.058763482304,344.7825436678989,0.0,75,0,0.0,0,0,0.0,0.0,0.0,0.0,0.0,0.0,0,0.0,0.0,0,0,0,10.92934536933899,1.0,0.0,0.0,True,feasible,benchmark_feasibility_aware_alns
S0052_R02,5202028,feasibility_aware_alns,S0052,n75_p0.75_d3_uniform_Emedium_V2.00_Hmedium_PWflat_B0.10,75,0.7466666666666667,0.75,3,3,medium,2.0,uniform,medium,flat,0.1,1.0,1.0,1.0,peripheral,1500.3356271010591,299.58655436824466,0.0,0.0,1200.7490727328147,1200.7490727328147,837.9416436334573,362.80742909935753,0.0,1200.7490727328147,837.9416436334573,362.80742909935753,0.0,0.0,273.9533336866768,374.4831929603059,0.0,75,0,0.0,0,0,0.0,0.0,0.0,0.0,0.0,0.0,0,0.0,0.0,0,0,0,10.58698344230652,1.0,0.0,0.0,True,feasible,benchmark_feasibility_aware_alns
S0052_R03,5202029,feasibility_aware_alns,S0052,n75_p0.75_d3_uniform_Emedium_V2.00_Hmedium_PWflat_B0.10,75,0.7466666666666667,0.75,3,3,medium,2.0,uniform,medium,flat,0.1,1.0,1.0,1.0,peripheral,1283.1694773769468,277.7898627616182,0.0,0.0,1005.3796146153284,1005.3796146153284,684.7269540608801,320.6526605544485,0.0,1005.3796146153286,684.7269540608801,320.6526605544485,0.0,0.0,227.0722326381931,347.2373284520227,0.0,75,0,0.0,0,0,0.0,0.0,0.0,0.0,0.0,0.0,0,0.0,0.0,0,0,0,10.61703395843506,1.0,0.0,0.0,True,feasible,benchmark_feasibility_aware_alns
S0052_R04,5202030,feasibility_aware_alns,S0052,n75_p0.75_d3_uniform_Emedium_V2.00_Hmedium_PWflat_B0.10,75,0.7466666666666667,0.75,3,3,medium,2.0,uniform,medium,flat,0.1,1.0,1.0,1.0,peripheral,973.9942979597452,276.0276484332384,0.0,0.0,697.9666495265068,697.9666495265068,596.8097454820964,101.1569040444104,0.0,697.9666495265069,596.8097454820964,101.1569040444104,0.0,0.0,272.8613601179993,345.0345605415481,0.0,75,0,0.0,0,0,0.0,0.0,0.0,0.0,0.0,0.0,0,0.0,0.0,0,0,0,10.577102899551392,1.0,0.0,0.0,True,feasible,benchmark_feasibility_aware_alns
S0052_R05,5202031,feasibility_aware_alns,S0052,n75_p0.75_d3_uniform_Emedium_V2.00_Hmedium_PWflat_B0.10,75,0.7466666666666667,0.75,3,3,medium,2.0,uniform,medium,flat,0.1,1.0,1.0,1.0,peripheral,1420.917055793491,285.85365937965065,0.0,0.0,1135.0633964138403,1135.0633964138403,830.9479958319644,304.1154005818761,0.0,1135.0633964138406,830.9479958319644,304.1154005818761,0.0,0.0,281.5245828560034,357.3170742245633,0.0,75,0,0.0,0,0,0.0,0.0,0.0,0.0,0.0,0.0,0,0.0,0.0,0,0,0,10.598057985305786,1.0,0.0,0.0,True,feasible,benchmark_feasibility_aware_alns
S0052_R06,5202032,feasibility_aware_alns,S0052,n75_p0.75_d3_uniform_Emedium_V2.00_Hmedium_PWflat_B0.10,75,0.7466666666666667,0.75,3,3,medium,2.0,uniform,medium,flat,0.1,1.0,1.0,1.0,peripheral,1007.6354586674918,264.4177873677777,0.0,0.0,743.2176712997141,743.2176712997141,538.9192813380434,204.29838996167075,0.0,743.2176712997142,538.9192813380434,204.29838996167075,0.0,0.0,230.5365736268976,330.5222342097221,0.0,75,0,0.0,0,0,0.0,0.0,0.0,0.0,0.0,0.0,0,0.0,0.0,0,0,0,11.245978355407717,1.0,0.0,0.0,True,feasible,benchmark_feasibility_aware_alns
S0052_R07,5202033,feasibility_aware_alns,S0052,n75_p0.75_d3_uniform_Emedium_V2.00_Hmedium_PWflat_B0.10,75,0.7466666666666667,0.75,3,3,medium,2.0,uniform,medium,flat,0.1,1.0,1.0,1.0,peripheral,1301.0827723525997,265.6214100636436,0.0,0.0,1035.461362288956,1035.461362288956,806.2029674780346,229.25839481092137,0.0,1035.461362288956,806.2029674780346,229.25839481092137,0.0,0.0,259.42234327720394,332.02676257955443,0.0,75,0,0.0,0,0,0.0,0.0,0.0,0.0,0.0,0.0,0,0.0,0.0,0,0,0,10.60994791984558,1.0,0.0,0.0,True,feasible,benchmark_feasibility_aware_alns
S0052_R08,5202034,feasibility_aware_alns,S0052,n75_p0.75_d3_uniform_Emedium_V2.00_Hmedium_PWflat_B0.10,75,0.7466666666666667,0.75,3,3,medium,2.0,uniform,medium,flat,0.1,1.0,1.0,1.0,peripheral,1350.889643599294,270.5282754598821,0.0,0.0,1080.361368139412,1080.361368139412,511.0137052035613,569.3476629358508,0.0,1080.3613681394122,511.0137052035613,569.3476629358508,0.0,0.0,274.4634689627369,338.16034432485264,0.0,75,0,0.0,0,0,0.0,0.0,0.0,0.0,0.0,0.0,0,0.0,0.0,0,0,0,11.048782348632812,1.0,0.0,0.0,True,feasible,benchmark_feasibility_aware_alns
S0052_R09,5202035,feasibility_aware_alns,S0052,n75_p0.75_d3_uniform_Emedium_V2.00_Hmedium_PWflat_B0.10,75,0.7466666666666667,0.75,3,3,medium,2.0,uniform,medium,flat,0.1,1.0,1.0,1.0,peripheral,835.7204272084077,266.77958713667726,0.0,0.0,568.9408400717305,568.9408400717305,299.8011681362207,269.1396719355098,0.0,568.9408400717305,299.8011681362207,269.1396719355098,0.0,0.0,244.3685229852365,333.4744839208465,0.0,75,0,0.0,0,0,0.0,0.0,0.0,0.0,0.0,0.0,0,0.0,0.0,0,0,0,10.733200311660768,1.0,0.0,0.0,True,feasible,benchmark_feasibility_aware_alns
S0052_R10,5202036,feasibility_aware_alns,S0052,n75_p0.75_d3_uniform_Emedium_V2.00_Hmedium_PWflat_B0.10,75,0.7466666666666667,0.75,3,3,medium,2.0,uniform,medium,flat,0.1,1.0,1.0,1.0,peripheral,1544.0542984542135,303.5036806940452,0.0,0.0,1240.5506177601685,1240.5506177601685,731.3960451677943,509.15457259237417,0.0,1240.5506177601685,731.3960451677943,509.15457259237417,0.0,0.0,260.1058585168488,379.3796008675566,0.0,75,0,0.0,0,0,0.0,0.0,0.0,0.0,0.0,0.0,0,0.0,0.0,0,0,0,10.608457326889038,1.0,0.0,0.0,True,feasible,benchmark_feasibility_aware_alns
S0053_R01,5302027,feasibility_aware_alns,S0053,n75_p0.75_d3_uniform_Ehigh_V2.00_Hshort_PWmoderate_B0.10,75,0.7466666666666667,0.75,3,3,high,2.0,uniform,short,moderate,0.1,20.0,5.0,1.0,peripheral,16640.262381872264,250.3210027930872,0.0,0.0,16389.941379079177,16389.941379079177,732.8997327475751,346.38934482553475,0.0,1079.2890775731098,14657.9946549515,1731.946724127674,0.0,0.0,241.1270761496361,312.901253491359,0.0,75,0,0.0,0,0,0.0,0.0,0.0,0.0,0.0,0.0,0,0.0,0.0,0,0,0,10.75342845916748,1.0,0.0,0.0,True,feasible,benchmark_feasibility_aware_alns
S0053_R02,5302028,feasibility_aware_alns,S0053,n75_p0.75_d3_uniform_Ehigh_V2.00_Hshort_PWmoderate_B0.10,75,0.7466666666666667,0.75,3,3,high,2.0,uniform,short,moderate,0.1,20.0,5.0,1.0,peripheral,22531.42717868027,285.97809265289857,0.0,0.0,22245.449086027373,22245.449086027373,975.3157427896492,547.8268460468776,0.0,1523.1425888365266,19506.31485579298,2739.134230234388,0.0,0.0,246.1170319694677,357.47261581612315,0.0,75,0,0.0,0,0,0.0,0.0,0.0,0.0,0.0,0.0,0,0.0,0.0,0,0,0,10.699418783187866,1.0,0.0,0.0,True,feasible,benchmark_feasibility_aware_alns
S0053_R03,5302029,feasibility_aware_alns,S0053,n75_p0.75_d3_uniform_Ehigh_V2.00_Hshort_PWmoderate_B0.10,75,0.7466666666666667,0.75,3,3,high,2.0,uniform,short,moderate,0.1,20.0,5.0,1.0,peripheral,16896.033986156035,269.5757329355263,0.0,0.0,16626.45825322051,16626.45825322051,677.6982746834858,614.4985519101591,0.0,1292.1968265936448,13553.965493669715,3072.492759550796,0.0,0.0,241.69023345046816,336.9696661694078,0.0,75,0,0.0,0,0,0.0,0.0,0.0,0.0,0.0,0.0,0,0.0,0.0,0,0,0,10.796634912490845,1.0,0.0,0.0,True,feasible,benchmark_feasibility_aware_alns
S0053_R04,5302030,feasibility_aware_alns,S0053,n75_p0.75_d3_uniform_Ehigh_V2.00_Hshort_PWmoderate_B0.10,75,0.7466666666666667,0.75,3,3,high,2.0,uniform,short,moderate,0.1,20.0,5.0,1.0,peripheral,17023.9898600459,250.8495362429956,0.0,0.0,16773.1403238029,16773.1403238029,733.34909702802,421.2316766485012,0.0,1154.5807736765212,14666.9819405604,2106.158383242506,0.0,0.0,216.5716264599835,313.5619203037445,0.0,75,0,0.0,0,0,0.0,0.0,0.0,0.0,0.0,0.0,0,0.0,0.0,0,0,0,10.626531839370728,1.0,0.0,0.0,True,feasible,benchmark_feasibility_aware_alns
S0053_R05,5302031,feasibility_aware_alns,S0053,n75_p0.75_d3_uniform_Ehigh_V2.00_Hshort_PWmoderate_B0.10,75,0.7466666666666667,0.75,3,3,high,2.0,uniform,short,moderate,0.1,20.0,5.0,1.0,peripheral,13348.23225186176,272.7463024998496,0.0,0.0,13075.485949361911,13075.485949361911,577.708047336322,304.26500052709395,0.0,881.973047863416,11554.16094672644,1521.3250026354697,0.0,0.0,258.2362432116993,340.9328781248121,0.0,75,0,0.0,0,0,0.0,0.0,0.0,0.0,0.0,0.0,0,0.0,0.0,0,0,0,10.534263849258425,1.0,0.0,0.0,True,feasible,benchmark_feasibility_aware_alns
S0053_R06,5302032,feasibility_aware_alns,S0053,n75_p0.75_d3_uniform_Ehigh_V2.00_Hshort_PWmoderate_B0.10,75,0.7466666666666667,0.75,3,3,high,2.0,uniform,short,moderate,0.1,20.0,5.0,1.0,peripheral,20380.785451569027,270.6940580117416,0.0,0.0,20110.091393557286,20110.091393557286,941.1658716947248,257.3547919325582,0.0,1198.5206636272828,18823.317433894492,1286.7739596627912,0.0,0.0,265.76317836862773,338.36757251467685,0.0,75,0,0.0,0,0,0.0,0.0,0.0,0.0,0.0,0.0,0,0.0,0.0,0,0,0,10.581758260726929,1.0,0.0,0.0,True,feasible,benchmark_feasibility_aware_alns
S0053_R07,5302033,feasibility_aware_alns,S0053,n75_p0.75_d3_uniform_Ehigh_V2.00_Hshort_PWmoderate_B0.10,75,0.7466666666666667,0.75,3,3,high,2.0,uniform,short,moderate,0.1,20.0,5.0,1.0,peripheral,12610.197228368485,259.6569550469002,0.0,0.0,12350.540273321583,12350.540273321583,587.6709395196207,119.4242965858342,0.0,707.0952361054549,11753.418790392414,597.121482929171,0.0,0.0,220.21165734722365,324.57119380862525,0.0,75,0,0.0,0,0,0.0,0.0,0.0,0.0,0.0,0.0,0,0.0,0.0,0,0,0,10.500582933425903,1.0,0.0,0.0,True,feasible,benchmark_feasibility_aware_alns
S0053_R08,5302034,feasibility_aware_alns,S0053,n75_p0.75_d3_uniform_Ehigh_V2.00_Hshort_PWmoderate_B0.10,75,0.7466666666666667,0.75,3,3,high,2.0,uniform,short,moderate,0.1,20.0,5.0,1.0,peripheral,22481.312801841206,278.0822243381373,0.0,0.0,22203.23057750307,22203.23057750307,1006.4857672535636,412.81844797377823,9.422992562907638,1428.7272077902494,20129.71534507127,2064.0922398688917,9.422992562907638,0.0,279.08505260737496,347.6027804226717,0.0,75,0,0.0,0,0,0.0,0.0,0.0,0.0,0.0,0.0,0,0.0,0.0,0,0,0,10.86318302154541,1.0,0.0,0.0,True,feasible,benchmark_feasibility_aware_alns
S0053_R09,5302035,feasibility_aware_alns,S0053,n75_p0.75_d3_uniform_Ehigh_V2.00_Hshort_PWmoderate_B0.10,75,0.7466666666666667,0.75,3,3,high,2.0,uniform,short,moderate,0.1,20.0,5.0,1.0,peripheral,21521.714691985995,278.03741173577737,0.0,0.0,21243.677280250216,21243.677280250216,983.0218761119992,316.64795160204585,0.0,1299.669827714045,19660.437522239983,1583.2397580102293,0.0,0.0,258.4445972670772,347.5467646697216,0.0,75,0,0.0,0,0,0.0,0.0,0.0,0.0,0.0,0.0,0,0.0,0.0,0,0,0,10.68844723701477,1.0,0.0,0.0,True,feasible,benchmark_feasibility_aware_alns
S0053_R10,5302036,feasibility_aware_alns,S0053,n75_p0.75_d3_uniform_Ehigh_V2.00_Hshort_PWmoderate_B0.10,75,0.7466666666666667,0.75,3,3,high,2.0,uniform,short,moderate,0.1,20.0,5.0,1.0,peripheral,11997.705801652492,241.88354327155716,0.0,0.0,11755.822258380937,11755.822258380937,528.7598192331153,236.1251747437252,0.0,764.8849939768405,10575.196384662306,1180.625873718626,0.0,0.0,199.80911566842911,302.3544290894464,0.0,75,0,0.0,0,0,0.0,0.0,0.0,0.0,0.0,0.0,0,0.0,0.0,0,0,0,10.627294778823853,1.0,0.0,0.0,True,feasible,benchmark_feasibility_aware_alns
S0054_R01,5402027,feasibility_aware_alns,S0054,n100_p0.25_d3_uniform_Elow_V2.00_Hmedium_PWbase_B0.10,100,0.25,0.25,3,3,low,2.0,uniform,medium,base,0.1,100.0,20.0,1.0,peripheral,66844.70863932089,283.25465746422304,0.0,0.0,66561.45398185667,66561.45398185667,480.4313491009266,922.8621241364584,61.07658903483357,1464.3700622722188,48043.13491009267,18457.24248272917,61.07658903483357,0.0,284.82801488164813,354.06832183027893,0.0,100,0,0.0,0,0,0.0,0.0,0.0,0.0,0.0,0.0,0,0.0,0.0,0,0,0,12.406538963317873,1.0,0.0,0.0,True,feasible,benchmark_feasibility_aware_alns
S0054_R02,5402028,feasibility_aware_alns,S0054,n100_p0.25_d3_uniform_Elow_V2.00_Hmedium_PWbase_B0.10,100,0.25,0.25,3,3,low,2.0,uniform,medium,base,0.1,100.0,20.0,1.0,peripheral,100644.31026293582,315.78109025751644,0.0,0.0,100328.5291726783,100328.5291726783,857.781587244404,726.4084735153956,22.20097793002219,1606.3910386898217,85778.1587244404,14528.169470307912,22.20097793002219,0.0,279.18966192663567,394.72636282189535,0.0,100,0,0.0,0,0,0.0,0.0,0.0,0.0,0.0,0.0,0,0.0,0.0,0,0,0,13.243623495101929,1.0,0.0,0.0,True,feasible,benchmark_feasibility_aware_alns
S0054_R03,5402029,feasibility_aware_alns,S0054,n100_p0.25_d3_uniform_Elow_V2.00_Hmedium_PWbase_B0.10,100,0.25,0.25,3,3,low,2.0,uniform,medium,base,0.1,100.0,20.0,1.0,peripheral,135573.96797544748,314.91755578690487,0.0,0.0,135259.05041966058,135259.05041966058,1106.2813615317425,1230.172355698029,27.4671525258068,2363.920869755578,110628.13615317424,24603.447113960578,27.4671525258068,0.0,288.02427390437657,393.6469447336312,0.0,100,0,0.0,0,0,0.0,0.0,0.0,0.0,0.0,0.0,0,0.0,0.0,0,0,0,12.05126166343689,1.0,0.0,0.0,True,feasible,benchmark_feasibility_aware_alns
S0054_R04,5402030,feasibility_aware_alns,S0054,n100_p0.25_d3_uniform_Elow_V2.00_Hmedium_PWbase_B0.10,100,0.25,0.25,3,3,low,2.0,uniform,medium,base,0.1,100.0,20.0,1.0,peripheral,116737.43950470896,342.51203138998613,0.0,0.0,116394.92747331898,116394.92747331898,917.6371482577632,1220.649163042539,218.2293866918964,2356.5156979921985,91763.71482577632,24412.98326085078,218.2293866918964,0.0,363.020748216362,428.1400392374828,0.0,100,0,0.0,0,0,0.0,0.0,0.0,0.0,0.0,0.0,0,0.0,0.0,0,0,0,12.032015085220335,1.0,0.0,0.0,True,feasible,benchmark_feasibility_aware_alns
S0054_R05,5402031,feasibility_aware_alns,S0054,n100_p0.25_d3_uniform_Elow_V2.00_Hmedium_PWbase_B0.10,100,0.25,0.25,3,3,low,2.0,uniform,medium,base,0.1,100.0,20.0,1.0,peripheral,247579.43424656207,325.2542384696021,0.0,0.0,247254.1800080925,247254.1800080925,2279.494876910909,964.6387633129376,11.91705074270726,3256.0506909665537,227949.4876910909,19292.775266258755,11.91705074270726,0.0,293.3796077079759,406.5677980870026,0.0,100,0,0.0,0,0,0.0,0.0,0.0,0.0,0.0,0.0,0,0.0,0.0,0,0,0,11.501959800720217,1.0,0.0,0.0,True,feasible,benchmark_feasibility_aware_alns
S0054_R06,5402032,feasibility_aware_alns,S0054,n100_p0.25_d3_uniform_Elow_V2.00_Hmedium_PWbase_B0.10,100,0.25,0.25,3,3,low,2.0,uniform,medium,base,0.1,100.0,20.0,1.0,peripheral,160160.27208184285,318.24368346235906,0.0,0.0,159842.0283983805,159842.0283983805,1444.5876209449718,768.1301373744802,20.66355639373117,2233.381314713183,144458.7620944972,15362.602747489604,20.66355639373117,0.0,294.1311554825272,397.804604327949,0.0,100,0,0.0,0,0,0.0,0.0,0.0,0.0,0.0,0.0,0,0.0,0.0,0,0,0,11.801175594329834,1.0,0.0,0.0,True,feasible,benchmark_feasibility_aware_alns
S0054_R07,5402033,feasibility_aware_alns,S0054,n100_p0.25_d3_uniform_Elow_V2.00_Hmedium_PWbase_B0.10,100,0.25,0.25,3,3,low,2.0,uniform,medium,base,0.1,100.0,20.0,1.0,peripheral,179619.68058349102,338.1527035415617,0.0,0.0,179281.52787994946,179281.52787994946,1684.9986569192931,536.8613314718754,44.43555858263733,2266.295546973806,168499.8656919293,10737.226629437508,44.43555858263733,0.0,301.5094665612952,422.69087942695216,0.0,100,0,0.0,0,0,0.0,0.0,0.0,0.0,0.0,0.0,0,0.0,0.0,0,0,0,14.13783860206604,1.0,0.0,0.0,True,feasible,benchmark_feasibility_aware_alns
S0054_R08,5402034,feasibility_aware_alns,S0054,n100_p0.25_d3_uniform_Elow_V2.00_Hmedium_PWbase_B0.10,100,0.25,0.25,3,3,low,2.0,uniform,medium,base,0.1,100.0,20.0,1.0,peripheral,141812.94556897142,324.6536255783012,0.0,0.0,141488.29194339312,141488.29194339312,1174.3593948548153,1201.9416727819848,13.51900227190697,2389.8200699087074,117435.93948548152,24038.83345563969,13.51900227190697,0.0,318.22733021835217,405.81703197287646,0.0,100,0,0.0,0,0,0.0,0.0,0.0,0.0,0.0,0.0,0,0.0,0.0,0,0,0,11.722269535064695,1.0,0.0,0.0,True,feasible,benchmark_feasibility_aware_alns
S0054_R09,5402035,feasibility_aware_alns,S0054,n100_p0.25_d3_uniform_Elow_V2.00_Hmedium_PWbase_B0.10,100,0.25,0.25,3,3,low,2.0,uniform,medium,base,0.1,100.0,20.0,1.0,peripheral,177663.5191176564,342.2547007501619,0.0,0.0,177321.26441690623,177321.26441690623,1699.8752168225783,364.9480605179487,34.78152428941743,2099.6048016299446,169987.52168225785,7298.961210358973,34.78152428941743,0.0,296.8198900997519,427.81837593770206,0.0,100,0,0.0,0,0,0.0,0.0,0.0,0.0,0.0,0.0,0,0.0,0.0,0,0,0,11.441341161727903,1.0,0.0,0.0,True,feasible,benchmark_feasibility_aware_alns
S0054_R10,5402036,feasibility_aware_alns,S0054,n100_p0.25_d3_uniform_Elow_V2.00_Hmedium_PWbase_B0.10,100,0.25,0.25,3,3,low,2.0,uniform,medium,base,0.1,100.0,20.0,1.0,peripheral,133597.37586149384,313.3225623067976,0.0,0.0,133284.05329918704,133284.05329918704,1108.847238479547,1119.886756425792,1.5943227165288647,2230.3283176218683,110884.72384795472,22397.735128515844,1.5943227165288647,0.0,263.35963556222373,391.6532028834969,0.0,100,0,0.0,0,0,0.0,0.0,0.0,0.0,0.0,0.0,0,0.0,0.0,0,0,0,12.18673825263977,1.0,0.0,0.0,True,feasible,benchmark_feasibility_aware_alns
S0055_R01,5502027,feasibility_aware_alns,S0055,n100_p0.25_d3_uniform_Elow_V2.00_Hlong_PWmoderate_B0.10,100,0.25,0.25,3,3,low,2.0,uniform,long,moderate,0.1,20.0,5.0,1.0,peripheral,19369.376628297807,315.1630162186553,0.0,0.0,19054.21361207915,19054.21361207915,698.8609686332911,1015.3988478826658,0.0,1714.259816515957,13977.219372665822,5076.994239413329,0.0,0.0,284.2435998701075,393.9537702733191,0.0,100,0,0.0,0,0,0.0,0.0,0.0,0.0,0.0,0.0,0,0.0,0.0,0,0,0,11.492660760879517,1.0,0.0,0.0,True,feasible,benchmark_feasibility_aware_alns
S0055_R02,5502028,feasibility_aware_alns,S0055,n100_p0.25_d3_uniform_Elow_V2.00_Hlong_PWmoderate_B0.10,100,0.25,0.25,3,3,low,2.0,uniform,long,moderate,0.1,20.0,5.0,1.0,peripheral,20596.507843941527,292.1957083201907,0.0,0.0,20304.31213562133,20304.31213562133,901.959950129544,453.02262660609074,0.0,1354.982576735635,18039.19900259088,2265.113133030454,0.0,0.0,271.4725504633835,365.2446354002385,0.0,100,0,0.0,0,0,0.0,0.0,0.0,0.0,0.0,0.0,0,0.0,0.0,0,0,0,12.866811990737917,1.0,0.0,0.0,True,feasible,benchmark_feasibility_aware_alns
S0055_R03,5502029,feasibility_aware_alns,S0055,n100_p0.25_d3_uniform_Elow_V2.00_Hlong_PWmoderate_B0.10,100,0.25,0.25,3,3,low,2.0,uniform,long,moderate,0.1,20.0,5.0,1.0,peripheral,25659.048444651573,309.0837304433848,0.0,0.0,25349.96471420819,25349.96471420819,1084.7471631493686,715.3762074426162,78.14041400773209,1878.263784599717,21694.94326298737,3576.881037213081,78.14041400773209,0.0,291.99696531199146,386.35466305423085,0.0,100,0,0.0,0,0,0.0,0.0,0.0,0.0,0.0,0.0,0,0.0,0.0,0,0,0,12.002389430999756,1.0,0.0,0.0,True,feasible,benchmark_feasibility_aware_alns
S0055_R04,5502030,feasibility_aware_alns,S0055,n100_p0.25_d3_uniform_Elow_V2.00_Hlong_PWmoderate_B0.10,100,0.25,0.25,3,3,low,2.0,uniform,long,moderate,0.1,20.0,5.0,1.0,peripheral,33523.46375426637,337.29738904546,0.0,0.0,33186.16636522091,33186.16636522091,1445.664014063385,850.3490639641619,21.140764132404,2317.1538421599507,28913.280281267696,4251.7453198208095,21.140764132404,0.0,293.0418265609464,421.6217363068249,0.0,100,0,0.0,0,0,0.0,0.0,0.0,0.0,0.0,0.0,0,0.0,0.0,0,0,0,11.687694549560549,1.0,0.0,0.0,True,feasible,benchmark_feasibility_aware_alns
S0055_R05,5502031,feasibility_aware_alns,S0055,n100_p0.25_d3_uniform_Elow_V2.00_Hlong_PWmoderate_B0.10,100,0.25,0.25,3,3,low,2.0,uniform,long,moderate,0.1,20.0,5.0,1.0,peripheral,41261.508559394926,336.7573410623018,0.0,0.0,40924.75121833263,40924.75121833263,1789.3537626186094,1015.507015440618,60.14088875735493,2865.001666816582,35787.07525237219,5077.535077203091,60.14088875735493,0.0,309.04866041899686,420.94667632787736,0.0,100,0,0.0,0,0,0.0,0.0,0.0,0.0,0.0,0.0,0,0.0,0.0,0,0,0,12.1890606880188,1.0,0.0,0.0,True,feasible,benchmark_feasibility_aware_alns
S0055_R06,5502032,feasibility_aware_alns,S0055,n100_p0.25_d3_uniform_Elow_V2.00_Hlong_PWmoderate_B0.10,100,0.25,0.25,3,3,low,2.0,uniform,long,moderate,0.1,20.0,5.0,1.0,peripheral,28225.35153871828,320.7586609042626,0.0,0.0,27904.59287781401,27904.59287781401,1185.7150256595744,836.6589701107994,6.997514068528744,2029.3715098389025,23714.300513191487,4183.294850553997,6.997514068528744,0.0,294.727894192617,400.9483261303282,0.0,100,0,0.0,0,0,0.0,0.0,0.0,0.0,0.0,0.0,0,0.0,0.0,0,0,0,11.550507307052612,1.0,0.0,0.0,True,feasible,benchmark_feasibility_aware_alns
S0055_R07,5502033,feasibility_aware_alns,S0055,n100_p0.25_d3_uniform_Elow_V2.00_Hlong_PWmoderate_B0.10,100,0.25,0.25,3,3,low,2.0,uniform,long,moderate,0.1,20.0,5.0,1.0,peripheral,30874.745042576425,319.9610445480143,0.0,0.0,30554.78399802841,30554.78399802841,1429.664856353727,392.2973741907753,0.0,1821.9622305445023,28593.29712707454,1961.4868709538769,0.0,0.0,280.75645945833264,399.9513056850178,0.0,100,0,0.0,0,0,0.0,0.0,0.0,0.0,0.0,0.0,0,0.0,0.0,0,0,0,12.268354892730711,1.0,0.0,0.0,True,feasible,benchmark_feasibility_aware_alns
S0055_R08,5502034,feasibility_aware_alns,S0055,n100_p0.25_d3_uniform_Elow_V2.00_Hlong_PWmoderate_B0.10,100,0.25,0.25,3,3,low,2.0,uniform,long,moderate,0.1,20.0,5.0,1.0,peripheral,34907.20677548876,315.83930425442486,0.0,0.0,34591.367471234335,34591.367471234335,1593.240544531105,540.4898831686896,24.107164768792305,2157.8375924685865,31864.81089062209,2702.449415843448,24.107164768792305,0.0,294.7015873054268,394.7991303180311,0.0,100,0,0.0,0,0,0.0,0.0,0.0,0.0,0.0,0.0,0,0.0,0.0,0,0,0,11.953179359436035,1.0,0.0,0.0,True,feasible,benchmark_feasibility_aware_alns
S0055_R09,5502035,feasibility_aware_alns,S0055,n100_p0.25_d3_uniform_Elow_V2.00_Hlong_PWmoderate_B0.10,100,0.25,0.25,3,3,low,2.0,uniform,long,moderate,0.1,20.0,5.0,1.0,peripheral,37329.80923143128,304.3761640525642,0.0,0.0,37025.43306737871,37025.43306737871,1682.4137734415158,675.431519709679,0.0,2357.8452931511947,33648.27546883032,3377.157598548395,0.0,0.0,279.9836576439505,380.4702050657053,0.0,100,0,0.0,0,0,0.0,0.0,0.0,0.0,0.0,0.0,0,0.0,0.0,0,0,0,11.938112497329712,1.0,0.0,0.0,True,feasible,benchmark_feasibility_aware_alns
S0055_R10,5502036,feasibility_aware_alns,S0055,n100_p0.25_d3_uniform_Elow_V2.00_Hlong_PWmoderate_B0.10,100,0.25,0.25,3,3,low,2.0,uniform,long,moderate,0.1,20.0,5.0,1.0,peripheral,33040.52411464157,319.1955943826003,0.0,0.0,32721.32852025897,32721.32852025897,1278.25441333493,1417.51196378012,68.68043465976814,2764.4468117748183,25565.0882666986,7087.5598189006,68.68043465976814,0.0,320.3968096730434,398.9944929782503,0.0,100,0,0.0,0,0,0.0,0.0,0.0,0.0,0.0,0.0,0,0.0,0.0,0,0,0,12.253581523895264,1.0,0.0,0.0,True,feasible,benchmark_feasibility_aware_alns
S0056_R01,5602027,feasibility_aware_alns,S0056,n100_p0.25_d3_uniform_Elow_V2.00_Hlong_PWstrict_B0.10,100,0.25,0.25,3,3,low,2.0,uniform,long,strict,0.1,200.0,40.0,1.0,peripheral,171731.47265638836,326.60930116278945,0.0,0.0,171404.86335522556,171404.86335522556,650.0731552064848,1034.5927874967222,6.520814059720209,1691.186756762927,130014.63104129696,41383.711499868885,6.520814059720209,0.0,305.30272309409804,408.2616264534869,0.0,100,0,0.0,0,0,0.0,0.0,0.0,0.0,0.0,0.0,0,0.0,0.0,0,0,0,11.650122165679932,1.0,0.0,0.0,True,feasible,benchmark_feasibility_aware_alns
S0056_R02,5602028,feasibility_aware_alns,S0056,n100_p0.25_d3_uniform_Elow_V2.00_Hlong_PWstrict_B0.10,100,0.25,0.25,3,3,low,2.0,uniform,long,strict,0.1,200.0,40.0,1.0,peripheral,255290.20843441057,314.59885442231945,0.0,0.0,254975.60957998823,254975.60957998823,1130.7665640701398,719.0935954179238,58.55294924331525,1908.4131087313788,226153.31281402797,28763.743816716957,58.55294924331525,0.0,313.6530140049077,393.2485680278991,0.0,100,0,0.0,0,0,0.0,0.0,0.0,0.0,0.0,0.0,0,0.0,0.0,0,0,0,13.074947118759155,1.0,0.0,0.0,True,feasible,benchmark_feasibility_aware_alns
S0056_R03,5602029,feasibility_aware_alns,S0056,n100_p0.25_d3_uniform_Elow_V2.00_Hlong_PWstrict_B0.10,100,0.25,0.25,3,3,low,2.0,uniform,long,strict,0.1,200.0,40.0,1.0,peripheral,411682.3920909148,339.7082421022492,0.0,0.0,411342.6838488126,411342.6838488126,1728.4257024542696,1640.4378291643927,40.030191382908725,3408.8937230015717,345685.1404908539,65617.5131665757,40.030191382908725,0.0,312.03221508947803,424.63530262781154,0.0,100,0,0.0,0,0,0.0,0.0,0.0,0.0,0.0,0.0,0,0.0,0.0,0,0,0,11.786588191986084,1.0,0.0,0.0,True,feasible,benchmark_feasibility_aware_alns
S0056_R04,5602030,feasibility_aware_alns,S0056,n100_p0.25_d3_uniform_Elow_V2.00_Hlong_PWstrict_B0.10,100,0.25,0.25,3,3,low,2.0,uniform,long,strict,0.1,200.0,40.0,1.0,peripheral,364973.2560884344,323.58477517655007,0.0,0.0,364649.6713132578,364649.6713132578,1651.5004709633556,857.8443604815916,35.80270132300208,2545.147532767949,330300.0941926711,34313.77441926366,35.80270132300208,0.0,326.78335461528536,404.4809689706876,0.0,100,0,0.0,0,0,0.0,0.0,0.0,0.0,0.0,0.0,0,0.0,0.0,0,0,0,11.778950452804564,1.0,0.0,0.0,True,feasible,benchmark_feasibility_aware_alns
S0056_R05,5602031,feasibility_aware_alns,S0056,n100_p0.25_d3_uniform_Elow_V2.00_Hlong_PWstrict_B0.10,100,0.25,0.25,3,3,low,2.0,uniform,long,strict,0.1,200.0,40.0,1.0,peripheral,307938.3872537563,317.0852202916407,0.0,0.0,307621.30203346466,307621.30203346466,1385.339487774774,763.7041137937373,5.2399267603543365,2154.283528328865,277067.8975549548,30548.16455174949,5.2399267603543365,0.0,320.5706023204929,396.356525364551,0.0,100,0,0.0,0,0,0.0,0.0,0.0,0.0,0.0,0.0,0,0.0,0.0,0,0,0,11.697009801864624,1.0,0.0,0.0,True,feasible,benchmark_feasibility_aware_alns
S0056_R06,5602032,feasibility_aware_alns,S0056,n100_p0.25_d3_uniform_Elow_V2.00_Hlong_PWstrict_B0.10,100,0.25,0.25,3,3,low,2.0,uniform,long,strict,0.1,200.0,40.0,1.0,peripheral,229055.9528442044,312.16936597180893,0.0,0.0,228743.7834782326,228743.7834782326,1036.0317855506655,536.082943193205,94.10864037128748,1666.223369115158,207206.3571101331,21443.3177277282,94.10864037128748,0.0,324.3471856406661,390.2117074647612,0.0,100,0,0.0,0,0,0.0,0.0,0.0,0.0,0.0,0.0,0,0.0,0.0,0,0,0,12.221400737762451,1.0,0.0,0.0,True,feasible,benchmark_feasibility_aware_alns
S0056_R07,5602033,feasibility_aware_alns,S0056,n100_p0.25_d3_uniform_Elow_V2.00_Hlong_PWstrict_B0.10,100,0.25,0.25,3,3,low,2.0,uniform,long,strict,0.1,200.0,40.0,1.0,peripheral,461334.0671937764,314.1748395262278,0.0,0.0,461019.8923542501,461019.8923542501,2145.4466847768863,797.0158312738198,49.92214791998552,2992.384663970692,429089.3369553773,31880.633250952797,49.92214791998552,0.0,279.6254648628561,392.7185494077849,0.0,100,0,0.0,0,0,0.0,0.0,0.0,0.0,0.0,0.0,0,0.0,0.0,0,0,0,11.749322652816772,1.0,0.0,0.0,True,feasible,benchmark_feasibility_aware_alns
S0056_R08,5602034,feasibility_aware_alns,S0056,n100_p0.25_d3_uniform_Elow_V2.00_Hlong_PWstrict_B0.10,100,0.25,0.25,3,3,low,2.0,uniform,long,strict,0.1,200.0,40.0,1.0,peripheral,345959.5815393717,303.4373776534395,0.0,0.0,345656.1441617183,345656.1441617183,1603.4786999759613,624.0101041631502,0.0,2227.4888041391114,320695.73999519227,24960.40416652601,0.0,0.0,256.702173648319,379.2967220667993,0.0,100,0,0.0,0,0,0.0,0.0,0.0,0.0,0.0,0.0,0,0.0,0.0,0,0,0,11.54620099067688,1.0,0.0,0.0,True,feasible,benchmark_feasibility_aware_alns
S0056_R09,5602035,feasibility_aware_alns,S0056,n100_p0.25_d3_uniform_Elow_V2.00_Hlong_PWstrict_B0.10,100,0.25,0.25,3,3,low,2.0,uniform,long,strict,0.1,200.0,40.0,1.0,peripheral,326231.3137033488,327.56562720266083,0.0,0.0,325903.7480761461,325903.7480761461,1349.6301720596318,1398.1273799303094,52.618467007325535,2800.3760189972663,269926.03441192635,55925.09519721237,52.618467007325535,0.0,292.62629870628143,409.4570340033262,0.0,100,0,0.0,0,0,0.0,0.0,0.0,0.0,0.0,0.0,0,0.0,0.0,0,0,0,11.976487159729004,1.0,0.0,0.0,True,feasible,benchmark_feasibility_aware_alns
S0056_R10,5602036,feasibility_aware_alns,S0056,n100_p0.25_d3_uniform_Elow_V2.00_Hlong_PWstrict_B0.10,100,0.25,0.25,3,3,low,2.0,uniform,long,strict,0.1,200.0,40.0,1.0,peripheral,290948.87149892375,290.1961052140221,0.0,0.0,290658.67539370974,290658.67539370974,1346.491684837408,532.5909880692237,56.69890345914772,1935.7815763657795,269298.3369674816,21303.63952276895,56.69890345914772,0.0,293.6704861008187,362.7451315175276,0.0,100,0,0.0,0,0,0.0,0.0,0.0,0.0,0.0,0.0,0,0.0,0.0,0,0,0,12.049453020095823,1.0,0.0,0.0,True,feasible,benchmark_feasibility_aware_alns
S0057_R01,5702027,feasibility_aware_alns,S0057,n100_p0.25_d3_uniform_Emedium_V1.25_Hshort_PWbase_B0.10,100,0.25,0.25,3,3,medium,1.25,uniform,short,base,0.1,100.0,20.0,1.0,peripheral,117162.63329513645,299.6517511804008,0.0,0.0,116862.98154395603,116862.98154395603,1042.102594468414,632.636104855731,0.0,1674.738699324145,104210.2594468414,12652.72209711462,0.0,0.0,271.3279160205876,374.564688975501,0.0,100,0,0.0,0,0,0.0,0.0,0.0,0.0,0.0,0.0,0,0.0,0.0,0,0,0,11.93983769416809,1.0,0.0,0.0,True,feasible,benchmark_feasibility_aware_alns
S0057_R02,5702028,feasibility_aware_alns,S0057,n100_p0.25_d3_uniform_Emedium_V1.25_Hshort_PWbase_B0.10,100,0.25,0.25,3,3,medium,1.25,uniform,short,base,0.1,100.0,20.0,1.0,peripheral,138522.4667570119,323.8667520729737,0.0,0.0,138198.60000493893,138198.60000493893,1253.4243315882886,637.4886521408736,106.39380329259856,1997.3067870217608,125342.43315882886,12749.773042817473,106.39380329259856,0.0,330.41387130412835,404.8334400912172,0.0,100,0,0.0,0,0,0.0,0.0,0.0,0.0,0.0,0.0,0,0.0,0.0,0,0,0,12.918012142181396,1.0,0.0,0.0,True,feasible,benchmark_feasibility_aware_alns
S0057_R03,5702029,feasibility_aware_alns,S0057,n100_p0.25_d3_uniform_Emedium_V1.25_Hshort_PWbase_B0.10,100,0.25,0.25,3,3,medium,1.25,uniform,short,base,0.1,100.0,20.0,1.0,peripheral,149383.89278144765,330.04780945875854,0.0,0.0,149053.8449719889,149053.8449719889,1414.4661103944288,379.3319101422901,20.59572970020173,1814.3937502369208,141446.61103944288,7586.638202845801,20.59572970020173,0.0,288.01629245574634,412.5597618234482,0.0,100,0,0.0,0,0,0.0,0.0,0.0,0.0,0.0,0.0,0,0.0,0.0,0,0,0,11.500940084457396,1.0,0.0,0.0,True,feasible,benchmark_feasibility_aware_alns
S0057_R04,5702030,feasibility_aware_alns,S0057,n100_p0.25_d3_uniform_Emedium_V1.25_Hshort_PWbase_B0.10,100,0.25,0.25,3,3,medium,1.25,uniform,short,base,0.1,100.0,20.0,1.0,peripheral,116226.83300465082,289.3911216004039,0.0,0.0,115937.4418830504,115937.4418830504,1034.820649948115,620.8282677533697,38.81153317154366,1694.4604508730283,103482.0649948115,12416.565355067394,38.81153317154366,0.0,301.8422131963072,361.73890200050505,0.0,100,0,0.0,0,0,0.0,0.0,0.0,0.0,0.0,0.0,0,0.0,0.0,0,0,0,11.7698712348938,1.0,0.0,0.0,True,feasible,benchmark_feasibility_aware_alns
S0057_R05,5702031,feasibility_aware_alns,S0057,n100_p0.25_d3_uniform_Emedium_V1.25_Hshort_PWbase_B0.10,100,0.25,0.25,3,3,medium,1.25,uniform,short,base,0.1,100.0,20.0,1.0,peripheral,135041.13027900038,294.0163562857865,0.0,0.0,134747.1139227146,134747.1139227146,1190.8235168679405,783.238111796028,0.0,1974.0616286639683,119082.35168679403,15664.76223592056,0.0,0.0,292.6219959288783,367.520445357233,0.0,100,0,0.0,0,0,0.0,0.0,0.0,0.0,0.0,0.0,0,0.0,0.0,0,0,0,11.444868087768556,1.0,0.0,0.0,True,feasible,benchmark_feasibility_aware_alns
S0057_R06,5702032,feasibility_aware_alns,S0057,n100_p0.25_d3_uniform_Emedium_V1.25_Hshort_PWbase_B0.10,100,0.25,0.25,3,3,medium,1.25,uniform,short,base,0.1,100.0,20.0,1.0,peripheral,152987.90081098978,322.4059502195012,0.0,0.0,152665.4948607703,152665.4948607703,1407.5584040519052,595.4827227789916,0.0,2003.0411268308967,140755.8404051905,11909.654455579832,0.0,0.0,268.42201407706506,403.0074377743764,0.0,100,0,0.0,0,0,0.0,0.0,0.0,0.0,0.0,0.0,0,0.0,0.0,0,0,0,11.807084560394289,1.0,0.0,0.0,True,feasible,benchmark_feasibility_aware_alns
S0057_R07,5702033,feasibility_aware_alns,S0057,n100_p0.25_d3_uniform_Emedium_V1.25_Hshort_PWbase_B0.10,100,0.25,0.25,3,3,medium,1.25,uniform,short,base,0.1,100.0,20.0,1.0,peripheral,93591.00079344788,271.12838427874993,0.0,0.0,93319.87240916914,93319.87240916914,866.4465687248862,333.7607768340258,0.0,1200.207345558912,86644.65687248862,6675.215536680516,0.0,0.0,288.56034187647515,338.9104803484374,0.0,100,0,0.0,0,0,0.0,0.0,0.0,0.0,0.0,0.0,0,0.0,0.0,0,0,0,13.110992908477783,1.0,0.0,0.0,True,feasible,benchmark_feasibility_aware_alns
S0057_R08,5702034,feasibility_aware_alns,S0057,n100_p0.25_d3_uniform_Emedium_V1.25_Hshort_PWbase_B0.10,100,0.25,0.25,3,3,medium,1.25,uniform,short,base,0.1,100.0,20.0,1.0,peripheral,212661.54248649,311.9195408360265,0.0,0.0,212349.622945654,212349.622945654,1811.938722665464,1549.953104149551,156.68859611656364,3518.580422931579,181193.8722665464,30999.062082991026,156.68859611656364,0.0,329.81595614769,389.8994260450331,0.0,100,0,0.0,0,0,0.0,0.0,0.0,0.0,0.0,0.0,0,0.0,0.0,0,0,0,12.518353462219238,1.0,0.0,0.0,True,feasible,benchmark_feasibility_aware_alns
S0057_R09,5702035,feasibility_aware_alns,S0057,n100_p0.25_d3_uniform_Emedium_V1.25_Hshort_PWbase_B0.10,100,0.25,0.25,3,3,medium,1.25,uniform,short,base,0.1,100.0,20.0,1.0,peripheral,97413.72790692636,324.0781526032642,0.0,0.0,97089.64975432308,97089.64975432308,753.3447914555393,1086.456622872291,26.03815132334853,1865.8395656511789,75334.47914555392,21729.13245744582,26.03815132334853,0.0,291.00616926261534,405.0976907540804,0.0,100,0,0.0,0,0,0.0,0.0,0.0,0.0,0.0,0.0,0,0.0,0.0,0,0,0,11.616568088531494,1.0,0.0,0.0,True,feasible,benchmark_feasibility_aware_alns
S0057_R10,5702036,feasibility_aware_alns,S0057,n100_p0.25_d3_uniform_Emedium_V1.25_Hshort_PWbase_B0.10,100,0.25,0.25,3,3,medium,1.25,uniform,short,base,0.1,100.0,20.0,1.0,peripheral,173205.6160889086,348.9214065984893,0.0,0.0,172856.6946823101,172856.6946823101,1489.1025439245025,1190.4825396091462,136.78949767691756,2816.3745812105662,148910.25439245024,23809.650792182925,136.78949767691756,0.0,323.9567460084578,436.1517582481116,0.0,100,0,0.0,0,0,0.0,0.0,0.0,0.0,0.0,0.0,0,0.0,0.0,0,0,0,11.86724042892456,1.0,0.0,0.0,True,feasible,benchmark_feasibility_aware_alns
S0058_R01,5802027,feasibility_aware_alns,S0058,n100_p0.25_d3_uniform_Emedium_V1.25_Hlong_PWmoderate_B0.10,100,0.25,0.25,3,3,medium,1.25,uniform,long,moderate,0.1,20.0,5.0,1.0,peripheral,47539.6053865552,320.37094630796287,0.0,0.0,47219.23444024723,47219.23444024723,2078.285473872759,1116.7926493905272,69.5617158394067,3264.639839102693,41565.70947745518,5583.963246952636,69.5617158394067,0.0,308.4114294579138,400.4636828849533,0.0,100,0,0.0,0,0,0.0,0.0,0.0,0.0,0.0,0.0,0,0.0,0.0,0,0,0,11.89217495918274,1.0,0.0,0.0,True,feasible,benchmark_feasibility_aware_alns
S0058_R02,5802028,feasibility_aware_alns,S0058,n100_p0.25_d3_uniform_Emedium_V1.25_Hlong_PWmoderate_B0.10,100,0.25,0.25,3,3,medium,1.25,uniform,long,moderate,0.1,20.0,5.0,1.0,peripheral,39091.98009826829,322.48018309899703,0.0,0.0,38769.49991516929,38769.49991516929,1651.6625128509208,1110.8463553716258,182.0178812927431,2944.52674951529,33033.250257018415,5554.231776858129,182.0178812927431,0.0,287.826045134548,403.10022887374623,0.0,100,0,0.0,0,0,0.0,0.0,0.0,0.0,0.0,0.0,0,0.0,0.0,0,0,0,12.410455465316772,1.0,0.0,0.0,True,feasible,benchmark_feasibility_aware_alns
S0058_R03,5802029,feasibility_aware_alns,S0058,n100_p0.25_d3_uniform_Emedium_V1.25_Hlong_PWmoderate_B0.10,100,0.25,0.25,3,3,medium,1.25,uniform,long,moderate,0.1,20.0,5.0,1.0,peripheral,19318.728938563665,313.0693786031594,0.0,0.0,19005.659559960503,19005.659559960503,661.1004965873489,1156.21438995357,2.5776784456802204,1819.8925649865992,13222.009931746978,5781.071949767849,2.5776784456802204,0.0,265.4194979867817,391.3367232539491,0.0,100,0,0.0,0,0,0.0,0.0,0.0,0.0,0.0,0.0,0,0.0,0.0,0,0,0,11.645040035247805,1.0,0.0,0.0,True,feasible,benchmark_feasibility_aware_alns
S0058_R04,5802030,feasibility_aware_alns,S0058,n100_p0.25_d3_uniform_Emedium_V1.25_Hlong_PWmoderate_B0.10,100,0.25,0.25,3,3,medium,1.25,uniform,long,moderate,0.1,20.0,5.0,1.0,peripheral,41548.74478750705,332.74588368901254,0.0,0.0,41215.99890381804,41215.99890381804,1751.5559952902545,1235.7786599126607,5.985698449643508,2993.320353652559,35031.119905805084,6178.893299563304,5.985698449643508,0.0,297.1826276404089,415.9323546112656,0.0,100,0,0.0,0,0,0.0,0.0,0.0,0.0,0.0,0.0,0,0.0,0.0,0,0,0,11.452102422714232,1.0,0.0,0.0,True,feasible,benchmark_feasibility_aware_alns
S0058_R05,5802031,feasibility_aware_alns,S0058,n100_p0.25_d3_uniform_Emedium_V1.25_Hlong_PWmoderate_B0.10,100,0.25,0.25,3,3,medium,1.25,uniform,long,moderate,0.1,20.0,5.0,1.0,peripheral,38117.00798615798,307.0232351305041,0.0,0.0,37809.98475102748,37809.98475102748,1728.5525841612257,647.7866135605926,0.0,2376.3391977218184,34571.05168322451,3238.9330678029637,0.0,0.0,272.1992756452592,383.77904391313,0.0,100,0,0.0,0,0,0.0,0.0,0.0,0.0,0.0,0.0,0,0.0,0.0,0,0,0,11.640058040618896,1.0,0.0,0.0,True,feasible,benchmark_feasibility_aware_alns
S0058_R06,5802032,feasibility_aware_alns,S0058,n100_p0.25_d3_uniform_Emedium_V1.25_Hlong_PWmoderate_B0.10,100,0.25,0.25,3,3,medium,1.25,uniform,long,moderate,0.1,20.0,5.0,1.0,peripheral,38118.38106173698,317.378514755353,0.0,0.0,37801.00254698163,37801.00254698163,1700.2999523756655,750.2021928884153,43.99253502624245,2494.4946802903232,34005.99904751331,3751.010964442076,43.99253502624245,0.0,314.50977539472063,396.7231434441914,0.0,100,0,0.0,0,0,0.0,0.0,0.0,0.0,0.0,0.0,0,0.0,0.0,0,0,0,12.335849523544312,1.0,0.0,0.0,True,feasible,benchmark_feasibility_aware_alns
S0058_R07,5802033,feasibility_aware_alns,S0058,n100_p0.25_d3_uniform_Emedium_V1.25_Hlong_PWmoderate_B0.10,100,0.25,0.25,3,3,medium,1.25,uniform,long,moderate,0.1,20.0,5.0,1.0,peripheral,34334.52251040983,295.37496983157683,0.0,0.0,34039.147540578255,34039.147540578255,1373.77006648403,1307.9332913667029,24.07975406414485,2705.7831119148773,27475.4013296806,6539.6664568335145,24.07975406414485,0.0,326.13049221355215,369.2187122894712,0.0,100,0,0.0,0,0,0.0,0.0,0.0,0.0,0.0,0.0,0,0.0,0.0,0,0,0,12.333858013153076,1.0,0.0,0.0,True,feasible,benchmark_feasibility_aware_alns
S0058_R08,5802034,feasibility_aware_alns,S0058,n100_p0.25_d3_uniform_Emedium_V1.25_Hlong_PWmoderate_B0.10,100,0.25,0.25,3,3,medium,1.25,uniform,long,moderate,0.1,20.0,5.0,1.0,peripheral,60915.06273026588,366.3667883591668,0.0,0.0,60548.69594190671,60548.69594190671,2609.481005060128,1632.66499378384,195.75087178495005,4437.896870628918,52189.62010120256,8163.3249689192,195.75087178495005,0.0,353.6429705925826,457.95848544895847,0.0,100,0,0.0,0,0,0.0,0.0,0.0,0.0,0.0,0.0,0,0.0,0.0,0,0,0,12.286562204360962,1.0,0.0,0.0,True,feasible,benchmark_feasibility_aware_alns
S0058_R09,5802035,feasibility_aware_alns,S0058,n100_p0.25_d3_uniform_Emedium_V1.25_Hlong_PWmoderate_B0.10,100,0.25,0.25,3,3,medium,1.25,uniform,long,moderate,0.1,20.0,5.0,1.0,peripheral,28319.979510900976,296.4741122569846,0.0,0.0,28023.505398643996,28023.505398643996,1227.339786157418,683.0370845775849,61.52425260770485,1971.901123342708,24546.79572314836,3415.1854228879247,61.52425260770485,0.0,310.10653531296543,370.5926403212306,0.0,100,0,0.0,0,0,0.0,0.0,0.0,0.0,0.0,0.0,0,0.0,0.0,0,0,0,12.185280323028564,1.0,0.0,0.0,True,feasible,benchmark_feasibility_aware_alns
S0058_R10,5802036,feasibility_aware_alns,S0058,n100_p0.25_d3_uniform_Emedium_V1.25_Hlong_PWmoderate_B0.10,100,0.25,0.25,3,3,medium,1.25,uniform,long,moderate,0.1,20.0,5.0,1.0,peripheral,28211.69695533305,294.228823565189,0.0,0.0,27917.46813176786,27917.46813176786,1258.9341550255915,547.4831836026333,1.3691132428596404,1807.7864518710849,25178.68310051184,2737.4159180131664,1.3691132428596404,0.0,252.1326025436763,367.7860294564864,0.0,100,0,0.0,0,0,0.0,0.0,0.0,0.0,0.0,0.0,0,0.0,0.0,0,0,0,11.23136830329895,1.0,0.0,0.0,True,feasible,benchmark_feasibility_aware_alns
S0059_R01,5902027,feasibility_aware_alns,S0059,n100_p0.25_d3_uniform_Emedium_V2.00_Hshort_PWflat_B0.10,100,0.25,0.25,3,3,medium,2.0,uniform,short,flat,0.1,1.0,1.0,1.0,peripheral,2860.568746064496,295.8123506194584,0.0,0.0,2564.756395445037,2564.756395445037,1624.646497087319,910.1645635225104,29.945334835208,2564.756395445037,1624.646497087319,910.1645635225104,29.945334835208,0.0,286.62845374696354,369.76543827432295,0.0,100,0,0.0,0,0,0.0,0.0,0.0,0.0,0.0,0.0,0,0.0,0.0,0,0,0,11.707256078720093,1.0,0.0,0.0,True,feasible,benchmark_feasibility_aware_alns
S0059_R02,5902028,feasibility_aware_alns,S0059,n100_p0.25_d3_uniform_Emedium_V2.00_Hshort_PWflat_B0.10,100,0.25,0.25,3,3,medium,2.0,uniform,short,flat,0.1,1.0,1.0,1.0,peripheral,2315.5245753463964,301.1415963589532,0.0,0.0,2014.3829789874435,2014.3829789874435,1132.5496157872458,881.8333632001975,0.0,2014.3829789874435,1132.5496157872458,881.8333632001975,0.0,0.0,279.03062890971466,376.4269954486917,0.0,100,0,0.0,0,0,0.0,0.0,0.0,0.0,0.0,0.0,0,0.0,0.0,0,0,0,11.806596517562866,1.0,0.0,0.0,True,feasible,benchmark_feasibility_aware_alns
S0059_R03,5902029,feasibility_aware_alns,S0059,n100_p0.25_d3_uniform_Emedium_V2.00_Hshort_PWflat_B0.10,100,0.25,0.25,3,3,medium,2.0,uniform,short,flat,0.1,1.0,1.0,1.0,peripheral,4341.7240030894245,359.0183722135004,0.0,0.0,3982.705630875924,3982.705630875924,2464.200145655331,1497.3451477402575,21.160337480334107,3982.705630875923,2464.200145655331,1497.3451477402575,21.160337480334107,0.0,308.2966884104279,448.7729652668756,0.0,100,0,0.0,0,0,0.0,0.0,0.0,0.0,0.0,0.0,0,0.0,0.0,0,0,0,12.451122760772703,1.0,0.0,0.0,True,feasible,benchmark_feasibility_aware_alns
S0059_R04,5902030,feasibility_aware_alns,S0059,n100_p0.25_d3_uniform_Emedium_V2.00_Hshort_PWflat_B0.10,100,0.25,0.25,3,3,medium,2.0,uniform,short,flat,0.1,1.0,1.0,1.0,peripheral,2424.216564027104,358.0450122536884,0.0,0.0,2066.171551773416,2066.171551773416,1267.714211046946,773.9623842249665,24.49495650150311,2066.171551773416,1267.714211046946,773.9623842249665,24.49495650150311,0.0,300.8012594938517,447.5562653171104,0.0,100,0,0.0,0,0,0.0,0.0,0.0,0.0,0.0,0.0,0,0.0,0.0,0,0,0,11.5567626953125,1.0,0.0,0.0,True,feasible,benchmark_feasibility_aware_alns
S0059_R05,5902031,feasibility_aware_alns,S0059,n100_p0.25_d3_uniform_Emedium_V2.00_Hshort_PWflat_B0.10,100,0.25,0.25,3,3,medium,2.0,uniform,short,flat,0.1,1.0,1.0,1.0,peripheral,1921.6649353290863,297.36688910630204,0.0,0.0,1624.2980462227845,1624.2980462227845,1025.122046224408,599.175999998376,0.0,1624.298046222784,1025.122046224408,599.175999998376,0.0,0.0,258.7414638088777,371.7086113828777,0.0,100,0,0.0,0,0,0.0,0.0,0.0,0.0,0.0,0.0,0,0.0,0.0,0,0,0,11.739600419998167,1.0,0.0,0.0,True,feasible,benchmark_feasibility_aware_alns
S0059_R06,5902032,feasibility_aware_alns,S0059,n100_p0.25_d3_uniform_Emedium_V2.00_Hshort_PWflat_B0.10,100,0.25,0.25,3,3,medium,2.0,uniform,short,flat,0.1,1.0,1.0,1.0,peripheral,3128.314536313016,332.61709261803384,0.0,0.0,2795.697443694982,2795.697443694982,1629.6884905260845,1092.4345189098626,73.57443425903489,2795.697443694982,1629.6884905260845,1092.4345189098626,73.57443425903489,0.0,325.7876891468733,415.7713657725421,0.0,100,0,0.0,0,0,0.0,0.0,0.0,0.0,0.0,0.0,0,0.0,0.0,0,0,0,12.121628761291504,1.0,0.0,0.0,True,feasible,benchmark_feasibility_aware_alns
S0059_R07,5902033,feasibility_aware_alns,S0059,n100_p0.25_d3_uniform_Emedium_V2.00_Hshort_PWflat_B0.10,100,0.25,0.25,3,3,medium,2.0,uniform,short,flat,0.1,1.0,1.0,1.0,peripheral,3135.3555430068623,322.38014427426,0.0,0.0,2812.975398732602,2812.975398732602,1446.7677783226657,1224.3872633819008,141.8203570280358,2812.975398732602,1446.7677783226657,1224.3872633819008,141.8203570280358,0.0,344.11016435313195,402.97518034282496,0.0,100,0,0.0,0,0,0.0,0.0,0.0,0.0,0.0,0.0,0,0.0,0.0,0,0,0,11.897988319396973,1.0,0.0,0.0,True,feasible,benchmark_feasibility_aware_alns
S0059_R08,5902034,feasibility_aware_alns,S0059,n100_p0.25_d3_uniform_Emedium_V2.00_Hshort_PWflat_B0.10,100,0.25,0.25,3,3,medium,2.0,uniform,short,flat,0.1,1.0,1.0,1.0,peripheral,2580.5373008835045,327.42202079109137,0.0,0.0,2253.1152800924133,2253.1152800924133,1014.108436965302,1183.8779156019943,55.12892752511687,2253.1152800924133,1014.108436965302,1183.8779156019943,55.12892752511687,0.0,297.2786901603259,409.27752598886417,0.0,100,0,0.0,0,0,0.0,0.0,0.0,0.0,0.0,0.0,0,0.0,0.0,0,0,0,12.290001153945925,1.0,0.0,0.0,True,feasible,benchmark_feasibility_aware_alns
S0059_R09,5902035,feasibility_aware_alns,S0059,n100_p0.25_d3_uniform_Emedium_V2.00_Hshort_PWflat_B0.10,100,0.25,0.25,3,3,medium,2.0,uniform,short,flat,0.1,1.0,1.0,1.0,peripheral,2109.649649566248,321.5796517463292,0.0,0.0,1788.0699978199184,1788.0699978199184,1134.586913163307,653.4830846566116,0.0,1788.0699978199186,1134.586913163307,653.4830846566116,0.0,0.0,282.5711865299596,401.9745646829114,0.0,100,0,0.0,0,0,0.0,0.0,0.0,0.0,0.0,0.0,0,0.0,0.0,0,0,0,11.43339490890503,1.0,0.0,0.0,True,feasible,benchmark_feasibility_aware_alns
S0059_R10,5902036,feasibility_aware_alns,S0059,n100_p0.25_d3_uniform_Emedium_V2.00_Hshort_PWflat_B0.10,100,0.25,0.25,3,3,medium,2.0,uniform,short,flat,0.1,1.0,1.0,1.0,peripheral,2197.4333916969526,327.1576518976802,0.0,0.0,1870.2757397992723,1870.2757397992723,1170.9234720558975,699.352267743375,0.0,1870.2757397992723,1170.9234720558975,699.352267743375,0.0,0.0,292.5925710598032,408.9470648721005,0.0,100,0,0.0,0,0,0.0,0.0,0.0,0.0,0.0,0.0,0,0.0,0.0,0,0,0,11.434669494628906,1.0,0.0,0.0,True,feasible,benchmark_feasibility_aware_alns
S0060_R01,6002027,feasibility_aware_alns,S0060,n100_p0.25_d3_uniform_Ehigh_V1.25_Hshort_PWflat_B0.10,100,0.25,0.25,3,3,high,1.25,uniform,short,flat,0.1,1.0,1.0,1.0,peripheral,2710.037954016892,307.3005012607877,0.0,0.0,2402.737452756104,2402.737452756104,1387.0047448049256,983.7977433934236,31.93496455775508,2402.737452756104,1387.0047448049256,983.7977433934236,31.93496455775508,0.0,272.7872466676702,384.1256265759845,0.0,100,0,0.0,0,0,0.0,0.0,0.0,0.0,0.0,0.0,0,0.0,0.0,0,0,0,11.644683361053469,1.0,0.0,0.0,True,feasible,benchmark_feasibility_aware_alns
S0060_R02,6002028,feasibility_aware_alns,S0060,n100_p0.25_d3_uniform_Ehigh_V1.25_Hshort_PWflat_B0.10,100,0.25,0.25,3,3,high,1.25,uniform,short,flat,0.1,1.0,1.0,1.0,peripheral,2579.193329399937,283.4033655920497,0.0,0.0,2295.789963807887,2295.789963807887,1625.382071859588,670.4078919482993,0.0,2295.789963807887,1625.382071859588,670.4078919482993,0.0,0.0,263.6138855298797,354.2542069900621,0.0,100,0,0.0,0,0,0.0,0.0,0.0,0.0,0.0,0.0,0,0.0,0.0,0,0,0,11.78470778465271,1.0,0.0,0.0,True,feasible,benchmark_feasibility_aware_alns
S0060_R03,6002029,feasibility_aware_alns,S0060,n100_p0.25_d3_uniform_Ehigh_V1.25_Hshort_PWflat_B0.10,100,0.25,0.25,3,3,high,1.25,uniform,short,flat,0.1,1.0,1.0,1.0,peripheral,1698.3725966582203,289.9230223247393,0.0,0.0,1408.449574333481,1408.449574333481,1043.387083720468,365.06249061301287,0.0,1408.449574333481,1043.387083720468,365.06249061301287,0.0,0.0,271.2620732720498,362.4037779059241,0.0,100,0,0.0,0,0,0.0,0.0,0.0,0.0,0.0,0.0,0,0.0,0.0,0,0,0,11.55107879638672,1.0,0.0,0.0,True,feasible,benchmark_feasibility_aware_alns
S0060_R04,6002030,feasibility_aware_alns,S0060,n100_p0.25_d3_uniform_Ehigh_V1.25_Hshort_PWflat_B0.10,100,0.25,0.25,3,3,high,1.25,uniform,short,flat,0.1,1.0,1.0,1.0,peripheral,1696.8108125054316,289.6620668405874,0.0,0.0,1407.1487456648442,1407.1487456648442,1196.1054541206431,209.67320753798185,1.3700840062189172,1407.1487456648442,1196.1054541206431,209.67320753798185,1.3700840062189172,0.0,256.6349878402207,362.0775835507342,0.0,100,0,0.0,0,0,0.0,0.0,0.0,0.0,0.0,0.0,0,0.0,0.0,0,0,0,11.671233654022217,1.0,0.0,0.0,True,feasible,benchmark_feasibility_aware_alns
S0060_R05,6002031,feasibility_aware_alns,S0060,n100_p0.25_d3_uniform_Ehigh_V1.25_Hshort_PWflat_B0.10,100,0.25,0.25,3,3,high,1.25,uniform,short,flat,0.1,1.0,1.0,1.0,peripheral,2333.148499084743,315.2319504138192,0.0,0.0,2017.916548670924,2017.916548670924,961.3578127267032,1009.5496963878855,47.00903955633487,2017.9165486709237,961.3578127267032,1009.5496963878855,47.00903955633487,0.0,281.14774612883497,394.0399380172738,0.0,100,0,0.0,0,0,0.0,0.0,0.0,0.0,0.0,0.0,0,0.0,0.0,0,0,0,12.041680335998535,1.0,0.0,0.0,True,feasible,benchmark_feasibility_aware_alns
S0060_R06,6002032,feasibility_aware_alns,S0060,n100_p0.25_d3_uniform_Ehigh_V1.25_Hshort_PWflat_B0.10,100,0.25,0.25,3,3,high,1.25,uniform,short,flat,0.1,1.0,1.0,1.0,peripheral,2565.4109138988088,366.019174807965,0.0,0.0,2199.391739090844,2199.391739090844,908.5644721337076,1290.8272669571356,0.0,2199.391739090843,908.5644721337076,1290.8272669571356,0.0,0.0,305.5681094735645,457.5239685099563,0.0,100,0,0.0,0,0,0.0,0.0,0.0,0.0,0.0,0.0,0,0.0,0.0,0,0,0,11.541308641433716,1.0,0.0,0.0,True,feasible,benchmark_feasibility_aware_alns
S0060_R07,6002033,feasibility_aware_alns,S0060,n100_p0.25_d3_uniform_Ehigh_V1.25_Hshort_PWflat_B0.10,100,0.25,0.25,3,3,high,1.25,uniform,short,flat,0.1,1.0,1.0,1.0,peripheral,2578.2890641678323,297.6561265395001,0.0,0.0,2280.632937628332,2280.632937628332,1172.3130191950402,1079.139006268825,29.180912164467344,2280.6329376283325,1172.3130191950402,1079.139006268825,29.180912164467344,0.0,279.2927507137646,372.07015817437536,0.0,100,0,0.0,0,0,0.0,0.0,0.0,0.0,0.0,0.0,0,0.0,0.0,0,0,0,11.965760469436646,1.0,0.0,0.0,True,feasible,benchmark_feasibility_aware_alns
S0060_R08,6002034,feasibility_aware_alns,S0060,n100_p0.25_d3_uniform_Ehigh_V1.25_Hshort_PWflat_B0.10,100,0.25,0.25,3,3,high,1.25,uniform,short,flat,0.1,1.0,1.0,1.0,peripheral,1871.004530448716,317.8630117307315,0.0,0.0,1553.141518717984,1553.141518717984,613.9430866060849,939.1984321118996,0.0,1553.1415187179844,613.9430866060849,939.1984321118996,0.0,0.0,271.88232724016564,397.3287646634144,0.0,100,0,0.0,0,0,0.0,0.0,0.0,0.0,0.0,0.0,0,0.0,0.0,0,0,0,12.018718481063845,1.0,0.0,0.0,True,feasible,benchmark_feasibility_aware_alns
S0060_R09,6002035,feasibility_aware_alns,S0060,n100_p0.25_d3_uniform_Ehigh_V1.25_Hshort_PWflat_B0.10,100,0.25,0.25,3,3,high,1.25,uniform,short,flat,0.1,1.0,1.0,1.0,peripheral,2408.3084205254186,337.9054647805506,0.0,0.0,2070.402955744868,2070.402955744868,1135.065068085628,931.8416361115598,3.4962515476795204,2070.4029557448675,1135.065068085628,931.8416361115598,3.4962515476795204,0.0,289.09707558140383,422.38183097568816,0.0,100,0,0.0,0,0,0.0,0.0,0.0,0.0,0.0,0.0,0,0.0,0.0,0,0,0,11.514818906784058,1.0,0.0,0.0,True,feasible,benchmark_feasibility_aware_alns
S0060_R10,6002036,feasibility_aware_alns,S0060,n100_p0.25_d3_uniform_Ehigh_V1.25_Hshort_PWflat_B0.10,100,0.25,0.25,3,3,high,1.25,uniform,short,flat,0.1,1.0,1.0,1.0,peripheral,2776.520016767089,309.4005108126357,0.0,0.0,2467.1195059544534,2467.1195059544534,1547.3830799386149,901.0068738319216,18.729552183916127,2467.1195059544525,1547.3830799386149,901.0068738319216,18.729552183916127,0.0,285.354094835416,386.75063851579455,0.0,100,0,0.0,0,0,0.0,0.0,0.0,0.0,0.0,0.0,0,0.0,0.0,0,0,0,11.633958101272585,1.0,0.0,0.0,True,feasible,benchmark_feasibility_aware_alns
S0061_R01,6102027,feasibility_aware_alns,S0061,n100_p0.25_d3_uniform_Ehigh_V1.25_Hmedium_PWstrict_B0.10,100,0.25,0.25,3,3,high,1.25,uniform,medium,strict,0.1,200.0,40.0,1.0,peripheral,246663.5786369896,304.0165872062914,0.0,0.0,246359.5620497833,246359.5620497833,1142.5159338758851,440.99113050106894,216.7300545635106,1800.2371189404646,228503.18677517705,17639.64522004276,216.7300545635106,0.0,314.7682687392454,380.0207340078641,0.0,100,0,0.0,0,0,0.0,0.0,0.0,0.0,0.0,0.0,0,0.0,0.0,0,0,0,11.977559566497805,1.0,0.0,0.0,True,feasible,benchmark_feasibility_aware_alns
S0061_R02,6102028,feasibility_aware_alns,S0061,n100_p0.25_d3_uniform_Ehigh_V1.25_Hmedium_PWstrict_B0.10,100,0.25,0.25,3,3,high,1.25,uniform,medium,strict,0.1,200.0,40.0,1.0,peripheral,325743.63558540074,327.5710012284515,0.0,0.0,325416.0645841723,325416.0645841723,1406.9696714002016,1099.7881894864113,30.60272467551661,2537.360585562129,281393.9342800403,43991.52757945645,30.60272467551661,0.0,287.7719459781827,409.4637515355644,0.0,100,0,0.0,0,0,0.0,0.0,0.0,0.0,0.0,0.0,0,0.0,0.0,0,0,0,11.700241088867188,1.0,0.0,0.0,True,feasible,benchmark_feasibility_aware_alns
S0061_R03,6102029,feasibility_aware_alns,S0061,n100_p0.25_d3_uniform_Ehigh_V1.25_Hmedium_PWstrict_B0.10,100,0.25,0.25,3,3,high,1.25,uniform,medium,strict,0.1,200.0,40.0,1.0,peripheral,429627.3464400937,317.7014897045908,0.0,0.0,429309.64495038905,429309.64495038905,1929.804780220995,1080.6924776974583,120.9897982916502,3131.487056210103,385960.956044199,43227.699107898334,120.9897982916502,0.0,303.8065272361909,397.1268621307387,0.0,100,0,0.0,0,0,0.0,0.0,0.0,0.0,0.0,0.0,0,0.0,0.0,0,0,0,11.680853605270386,1.0,0.0,0.0,True,feasible,benchmark_feasibility_aware_alns
S0061_R04,6102030,feasibility_aware_alns,S0061,n100_p0.25_d3_uniform_Ehigh_V1.25_Hmedium_PWstrict_B0.10,100,0.25,0.25,3,3,high,1.25,uniform,medium,strict,0.1,200.0,40.0,1.0,peripheral,413369.71859302034,346.08783310139324,0.0,0.0,413023.63075991895,413023.63075991895,1910.95201091683,770.8307144138241,0.0,2681.782725330654,382190.402183366,30833.228576552967,0.0,0.0,321.5269182154996,432.60979137674167,0.0,100,0,0.0,0,0,0.0,0.0,0.0,0.0,0.0,0.0,0,0.0,0.0,0,0,0,11.463892698287964,1.0,0.0,0.0,True,feasible,benchmark_feasibility_aware_alns
S0061_R05,6102031,feasibility_aware_alns,S0061,n100_p0.25_d3_uniform_Ehigh_V1.25_Hmedium_PWstrict_B0.10,100,0.25,0.25,3,3,high,1.25,uniform,medium,strict,0.1,200.0,40.0,1.0,peripheral,275381.2915825909,306.08607324534034,0.0,0.0,275075.2055093456,275075.2055093456,1231.4181831620397,718.9734655847872,32.63025354611358,1983.0219022929405,246283.63663240796,28758.938623391485,32.63025354611358,0.0,292.920333192788,382.6075915566755,0.0,100,0,0.0,0,0,0.0,0.0,0.0,0.0,0.0,0.0,0,0.0,0.0,0,0,0,11.731003284454346,1.0,0.0,0.0,True,feasible,benchmark_feasibility_aware_alns
S0061_R06,6102032,feasibility_aware_alns,S0061,n100_p0.25_d3_uniform_Ehigh_V1.25_Hmedium_PWstrict_B0.10,100,0.25,0.25,3,3,high,1.25,uniform,medium,strict,0.1,200.0,40.0,1.0,peripheral,243744.61805568845,327.0824746672945,0.0,0.0,243417.5355810212,243417.5355810212,1099.8016140234504,586.2663187306102,6.56002710662284,1692.6279598606834,219960.32280469008,23450.65274922441,6.56002710662284,0.0,292.90869829496177,408.85309333411817,0.0,100,0,0.0,0,0,0.0,0.0,0.0,0.0,0.0,0.0,0,0.0,0.0,0,0,0,11.484756469726562,1.0,0.0,0.0,True,feasible,benchmark_feasibility_aware_alns
S0061_R07,6102033,feasibility_aware_alns,S0061,n100_p0.25_d3_uniform_Ehigh_V1.25_Hmedium_PWstrict_B0.10,100,0.25,0.25,3,3,high,1.25,uniform,medium,strict,0.1,200.0,40.0,1.0,peripheral,300654.82709002646,292.4709279274365,0.0,0.0,300362.35616209905,300362.35616209905,1326.4558377377823,874.2289608770466,102.03017946077406,2302.714978075602,265291.16754755646,34969.15843508186,102.03017946077406,0.0,299.54211441901106,365.58865990929553,0.0,100,0,0.0,0,0,0.0,0.0,0.0,0.0,0.0,0.0,0,0.0,0.0,0,0,0,11.84105658531189,1.0,0.0,0.0,True,feasible,benchmark_feasibility_aware_alns
S0061_R08,6102034,feasibility_aware_alns,S0061,n100_p0.25_d3_uniform_Ehigh_V1.25_Hmedium_PWstrict_B0.10,100,0.25,0.25,3,3,high,1.25,uniform,medium,strict,0.1,200.0,40.0,1.0,peripheral,364847.0734879621,328.81190354343863,0.0,0.0,364518.26158441865,364518.26158441865,1679.641525237126,712.8311482375199,76.71060749267903,2469.183280967325,335928.3050474252,28513.245929500798,76.71060749267903,0.0,312.6269553474485,411.01487942929816,0.0,100,0,0.0,0,0,0.0,0.0,0.0,0.0,0.0,0.0,0,0.0,0.0,0,0,0,11.964804649353027,1.0,0.0,0.0,True,feasible,benchmark_feasibility_aware_alns
S0061_R09,6102035,feasibility_aware_alns,S0061,n100_p0.25_d3_uniform_Ehigh_V1.25_Hmedium_PWstrict_B0.10,100,0.25,0.25,3,3,high,1.25,uniform,medium,strict,0.1,200.0,40.0,1.0,peripheral,270098.67658644135,334.1089718291381,0.0,0.0,269764.5676146122,269764.5676146122,1156.917318255065,958.5292753186588,39.93295085287528,2155.3795444265998,231383.463651013,38341.17101274635,39.93295085287528,0.0,308.6723853370256,417.6362147864225,0.0,100,0,0.0,0,0,0.0,0.0,0.0,0.0,0.0,0.0,0,0.0,0.0,0,0,0,11.866435766220093,1.0,0.0,0.0,True,feasible,benchmark_feasibility_aware_alns
S0061_R10,6102036,feasibility_aware_alns,S0061,n100_p0.25_d3_uniform_Ehigh_V1.25_Hmedium_PWstrict_B0.10,100,0.25,0.25,3,3,high,1.25,uniform,medium,strict,0.1,200.0,40.0,1.0,peripheral,265627.6442846852,324.5520591326352,0.0,0.0,265303.09222555254,265303.09222555254,1125.6893306986242,1003.8733622000497,10.291597825735463,2139.8542907244096,225137.86613972485,40154.93448800198,10.291597825735463,0.0,313.64481293226703,405.69007391579385,0.0,100,0,0.0,0,0,0.0,0.0,0.0,0.0,0.0,0.0,0,0.0,0.0,0,0,0,11.945664405822754,1.0,0.0,0.0,True,feasible,benchmark_feasibility_aware_alns
S0062_R01,6202027,feasibility_aware_alns,S0062,n100_p0.25_d3_uniform_Ehigh_V2.00_Hlong_PWbase_B0.10,100,0.25,0.25,3,3,high,2.0,uniform,long,base,0.1,100.0,20.0,1.0,peripheral,123321.32905967424,306.83165587593453,0.0,0.0,123014.49740379828,123014.49740379828,1033.9611691772377,978.1380216085043,55.62005390443053,2067.7192446901727,103396.11691772378,19562.76043217009,55.62005390443053,0.0,300.93730828757697,383.5395698449179,0.0,100,0,0.0,0,0,0.0,0.0,0.0,0.0,0.0,0.0,0,0.0,0.0,0,0,0,11.995976448059082,1.0,0.0,0.0,True,feasible,benchmark_feasibility_aware_alns
S0062_R02,6202028,feasibility_aware_alns,S0062,n100_p0.25_d3_uniform_Ehigh_V2.00_Hlong_PWbase_B0.10,100,0.25,0.25,3,3,high,2.0,uniform,long,base,0.1,100.0,20.0,1.0,peripheral,110966.38757554496,280.10083291082293,0.0,0.0,110686.28674263414,110686.28674263414,963.0899290510482,718.8646918764659,0.0,1681.954620927514,96308.99290510482,14377.29383752932,0.0,0.0,260.5630692667861,350.1260411385288,0.0,100,0,0.0,0,0,0.0,0.0,0.0,0.0,0.0,0.0,0,0.0,0.0,0,0,0,11.492718696594238,1.0,0.0,0.0,True,feasible,benchmark_feasibility_aware_alns
S0062_R03,6202029,feasibility_aware_alns,S0062,n100_p0.25_d3_uniform_Ehigh_V2.00_Hlong_PWbase_B0.10,100,0.25,0.25,3,3,high,2.0,uniform,long,base,0.1,100.0,20.0,1.0,peripheral,242602.88512292583,342.1709873745663,0.0,0.0,242260.7141355513,242260.7141355513,2212.108230852569,1048.835229781839,73.18645465765414,3334.129915292061,221210.82308525688,20976.70459563678,73.18645465765414,0.0,316.097554239958,427.7137342182079,0.0,100,0,0.0,0,0,0.0,0.0,0.0,0.0,0.0,0.0,0,0.0,0.0,0,0,0,12.004121541976929,1.0,0.0,0.0,True,feasible,benchmark_feasibility_aware_alns
S0062_R04,6202030,feasibility_aware_alns,S0062,n100_p0.25_d3_uniform_Ehigh_V2.00_Hlong_PWbase_B0.10,100,0.25,0.25,3,3,high,2.0,uniform,long,base,0.1,100.0,20.0,1.0,peripheral,96521.79372829516,323.8760350037893,0.0,0.0,96197.91769329135,96197.91769329135,799.0440982897788,814.6750861235387,0.0061418427114858,1613.7253262560291,79904.40982897788,16293.501722470774,0.0061418427114858,0.0,295.0883141633932,404.8450437547368,0.0,100,0,0.0,0,0,0.0,0.0,0.0,0.0,0.0,0.0,0,0.0,0.0,0,0,0,11.441211700439451,1.0,0.0,0.0,True,feasible,benchmark_feasibility_aware_alns
S0062_R05,6202031,feasibility_aware_alns,S0062,n100_p0.25_d3_uniform_Ehigh_V2.00_Hlong_PWbase_B0.10,100,0.25,0.25,3,3,high,2.0,uniform,long,base,0.1,100.0,20.0,1.0,peripheral,86823.7131205962,303.8575613641977,0.0,0.0,86519.855559232,86519.855559232,748.4092590724481,583.9464825993612,0.0,1332.3557416718093,74840.9259072448,11678.929651987222,0.0,0.0,294.54656563773966,379.8219517052471,0.0,100,0,0.0,0,0,0.0,0.0,0.0,0.0,0.0,0.0,0,0.0,0.0,0,0,0,11.716930150985718,1.0,0.0,0.0,True,feasible,benchmark_feasibility_aware_alns
S0062_R06,6202032,feasibility_aware_alns,S0062,n100_p0.25_d3_uniform_Ehigh_V2.00_Hlong_PWbase_B0.10,100,0.25,0.25,3,3,high,2.0,uniform,long,base,0.1,100.0,20.0,1.0,peripheral,171036.1049115734,319.67506611475204,0.0,0.0,170716.42984545865,170716.42984545865,1479.814582335376,1135.9397393199542,16.176825521944977,2631.9311471772758,147981.4582335376,22718.794786399085,16.176825521944977,0.0,276.3685657601844,399.59383264344007,0.0,100,0,0.0,0,0,0.0,0.0,0.0,0.0,0.0,0.0,0,0.0,0.0,0,0,0,11.55374789237976,1.0,0.0,0.0,True,feasible,benchmark_feasibility_aware_alns
S0062_R07,6202033,feasibility_aware_alns,S0062,n100_p0.25_d3_uniform_Ehigh_V2.00_Hlong_PWbase_B0.10,100,0.25,0.25,3,3,high,2.0,uniform,long,base,0.1,100.0,20.0,1.0,peripheral,149024.59000233206,356.26650806654914,0.0,0.0,148668.3234942655,148668.3234942655,1283.4613919460971,1014.348395662966,35.216386396476395,2333.02617400554,128346.13919460971,20286.967913259323,35.216386396476395,0.0,360.896384499208,445.3331350831862,0.0,100,0,0.0,0,0,0.0,0.0,0.0,0.0,0.0,0.0,0,0.0,0.0,0,0,0,11.597057580947876,1.0,0.0,0.0,True,feasible,benchmark_feasibility_aware_alns
S0062_R08,6202034,feasibility_aware_alns,S0062,n100_p0.25_d3_uniform_Ehigh_V2.00_Hlong_PWbase_B0.10,100,0.25,0.25,3,3,high,2.0,uniform,long,base,0.1,100.0,20.0,1.0,peripheral,114258.00131154552,301.8300724663692,0.0,0.0,113956.17123907914,113956.17123907914,1014.5698739661495,624.9591921232075,0.0,1639.529066089357,101456.98739661496,12499.18384246415,0.0,0.0,254.9580978246889,377.2875905829616,0.0,100,0,0.0,0,0,0.0,0.0,0.0,0.0,0.0,0.0,0,0.0,0.0,0,0,0,12.133875608444214,1.0,0.0,0.0,True,feasible,benchmark_feasibility_aware_alns
S0062_R09,6202035,feasibility_aware_alns,S0062,n100_p0.25_d3_uniform_Ehigh_V2.00_Hlong_PWbase_B0.10,100,0.25,0.25,3,3,high,2.0,uniform,long,base,0.1,100.0,20.0,1.0,peripheral,135328.29654159036,290.28841667267375,0.0,0.0,135038.0081249177,135038.0081249177,1178.038832090353,861.1828725569691,10.467464742993798,2049.689169390316,117803.8832090353,17223.65745113938,10.467464742993798,0.0,297.8711922880422,362.8605208408422,0.0,100,0,0.0,0,0,0.0,0.0,0.0,0.0,0.0,0.0,0,0.0,0.0,0,0,0,11.865175247192385,1.0,0.0,0.0,True,feasible,benchmark_feasibility_aware_alns
S0062_R10,6202036,feasibility_aware_alns,S0062,n100_p0.25_d3_uniform_Ehigh_V2.00_Hlong_PWbase_B0.10,100,0.25,0.25,3,3,high,2.0,uniform,long,base,0.1,100.0,20.0,1.0,peripheral,236600.9760010756,348.3066977351994,0.0,0.0,236252.6693033404,236252.6693033404,2089.8891683102875,1359.1029398666929,81.69367497779282,3530.685783154773,208988.91683102876,27182.05879733385,81.69367497779282,0.0,326.83965313613953,435.38337216899913,0.0,100,0,0.0,0,0,0.0,0.0,0.0,0.0,0.0,0.0,0,0.0,0.0,0,0,0,11.950110912322998,1.0,0.0,0.0,True,feasible,benchmark_feasibility_aware_alns
S0063_R01,6302027,feasibility_aware_alns,S0063,n100_p0.75_d3_uniform_Elow_V1.25_Hshort_PWflat_B0.10,100,0.75,0.75,3,3,low,1.25,uniform,short,flat,0.1,1.0,1.0,1.0,peripheral,3211.788259510866,331.478801425672,0.0,0.0,2880.309458085194,2880.309458085194,1550.758717483997,1247.3857473514972,82.16499324969928,2880.309458085194,1550.758717483997,1247.3857473514972,82.16499324969928,0.0,312.5258369751219,414.3485017820901,0.0,100,0,0.0,0,0,0.0,0.0,0.0,0.0,0.0,0.0,0,0.0,0.0,0,0,0,11.801210641860962,1.0,0.0,0.0,True,feasible,benchmark_feasibility_aware_alns
S0063_R02,6302028,feasibility_aware_alns,S0063,n100_p0.75_d3_uniform_Elow_V1.25_Hshort_PWflat_B0.10,100,0.75,0.75,3,3,low,1.25,uniform,short,flat,0.1,1.0,1.0,1.0,peripheral,2426.3163324810084,316.3896968721285,0.0,0.0,2109.92663560888,2109.92663560888,1456.2674235751638,653.6592120337164,0.0,2109.92663560888,1456.2674235751638,653.6592120337164,0.0,0.0,271.1017978774028,395.4871210901606,0.0,100,0,0.0,0,0,0.0,0.0,0.0,0.0,0.0,0.0,0,0.0,0.0,0,0,0,11.702773809432983,1.0,0.0,0.0,True,feasible,benchmark_feasibility_aware_alns
S0063_R03,6302029,feasibility_aware_alns,S0063,n100_p0.75_d3_uniform_Elow_V1.25_Hshort_PWflat_B0.10,100,0.75,0.75,3,3,low,1.25,uniform,short,flat,0.1,1.0,1.0,1.0,peripheral,1629.5210672310036,293.9007965326168,0.0,0.0,1335.6202706983868,1335.6202706983868,595.3127561058068,739.83375143839,0.4737631541899247,1335.6202706983868,595.3127561058068,739.83375143839,0.4737631541899247,0.0,290.259480351686,367.3759956657708,0.0,100,0,0.0,0,0,0.0,0.0,0.0,0.0,0.0,0.0,0,0.0,0.0,0,0,0,11.116141319274902,1.0,0.0,0.0,True,feasible,benchmark_feasibility_aware_alns
S0063_R04,6302030,feasibility_aware_alns,S0063,n100_p0.75_d3_uniform_Elow_V1.25_Hshort_PWflat_B0.10,100,0.75,0.75,3,3,low,1.25,uniform,short,flat,0.1,1.0,1.0,1.0,peripheral,1479.255793129989,275.2649114118801,0.0,0.0,1203.9908817181083,1203.9908817181083,590.5197580986305,613.4711236194778,0.0,1203.9908817181083,590.5197580986305,613.4711236194778,0.0,0.0,263.0767811021901,344.0811392648501,0.0,100,0,0.0,0,0,0.0,0.0,0.0,0.0,0.0,0.0,0,0.0,0.0,0,0,0,11.294317960739136,1.0,0.0,0.0,True,feasible,benchmark_feasibility_aware_alns
S0063_R05,6302031,feasibility_aware_alns,S0063,n100_p0.75_d3_uniform_Elow_V1.25_Hshort_PWflat_B0.10,100,0.75,0.75,3,3,low,1.25,uniform,short,flat,0.1,1.0,1.0,1.0,peripheral,2585.3303490171675,306.523431307794,0.0,0.0,2278.806917709373,2278.806917709373,1826.6348594841363,425.3131449608861,26.85891326435092,2278.806917709373,1826.6348594841363,425.3131449608861,26.85891326435092,0.0,281.0608895635001,383.1542891347424,0.0,100,0,0.0,0,0,0.0,0.0,0.0,0.0,0.0,0.0,0,0.0,0.0,0,0,0,11.62773609161377,1.0,0.0,0.0,True,feasible,benchmark_feasibility_aware_alns
S0063_R06,6302032,feasibility_aware_alns,S0063,n100_p0.75_d3_uniform_Elow_V1.25_Hshort_PWflat_B0.10,100,0.75,0.75,3,3,low,1.25,uniform,short,flat,0.1,1.0,1.0,1.0,peripheral,2874.423899577646,328.6051421828098,0.0,0.0,2545.818757394836,2545.818757394836,1250.7743307654937,1253.761553940469,41.28287268887482,2545.818757394837,1250.7743307654937,1253.761553940469,41.28287268887482,0.0,308.8440162385979,410.7564277285123,0.0,100,0,0.0,0,0,0.0,0.0,0.0,0.0,0.0,0.0,0,0.0,0.0,0,0,0,11.960435390472412,1.0,0.0,0.0,True,feasible,benchmark_feasibility_aware_alns
S0063_R07,6302033,feasibility_aware_alns,S0063,n100_p0.75_d3_uniform_Elow_V1.25_Hshort_PWflat_B0.10,100,0.75,0.75,3,3,low,1.25,uniform,short,flat,0.1,1.0,1.0,1.0,peripheral,2313.649462969908,339.9050528874308,0.0,0.0,1973.744410082477,1973.744410082477,1029.6104687008158,923.7596389676644,20.37430241399707,1973.744410082477,1029.6104687008158,923.7596389676644,20.37430241399707,0.0,290.4149115525792,424.88131610928815,0.0,100,0,0.0,0,0,0.0,0.0,0.0,0.0,0.0,0.0,0,0.0,0.0,0,0,0,11.505934476852415,1.0,0.0,0.0,True,feasible,benchmark_feasibility_aware_alns
S0063_R08,6302034,feasibility_aware_alns,S0063,n100_p0.75_d3_uniform_Elow_V1.25_Hshort_PWflat_B0.10,100,0.75,0.75,3,3,low,1.25,uniform,short,flat,0.1,1.0,1.0,1.0,peripheral,2481.448750797321,332.6389498589105,0.0,0.0,2148.8098009384103,2148.8098009384103,1137.5334143313537,1011.2763866070568,0.0,2148.8098009384103,1137.5334143313537,1011.2763866070568,0.0,0.0,282.24035707159334,415.7986873236383,0.0,100,0,0.0,0,0,0.0,0.0,0.0,0.0,0.0,0.0,0,0.0,0.0,0,0,0,11.50986647605896,1.0,0.0,0.0,True,feasible,benchmark_feasibility_aware_alns
S0063_R09,6302035,feasibility_aware_alns,S0063,n100_p0.75_d3_uniform_Elow_V1.25_Hshort_PWflat_B0.10,100,0.75,0.75,3,3,low,1.25,uniform,short,flat,0.1,1.0,1.0,1.0,peripheral,3372.4296020514566,336.39237879399803,0.0,0.0,3036.0372232574587,3036.0372232574587,1845.0740608858475,1135.407290733628,55.55587163798293,3036.037223257458,1845.0740608858475,1135.407290733628,55.55587163798293,0.0,297.5554723802193,420.49047349249753,0.0,100,0,0.0,0,0,0.0,0.0,0.0,0.0,0.0,0.0,0,0.0,0.0,0,0,0,11.433642148971558,1.0,0.0,0.0,True,feasible,benchmark_feasibility_aware_alns
S0063_R10,6302036,feasibility_aware_alns,S0063,n100_p0.75_d3_uniform_Elow_V1.25_Hshort_PWflat_B0.10,100,0.75,0.75,3,3,low,1.25,uniform,short,flat,0.1,1.0,1.0,1.0,peripheral,1272.3587164321498,267.9962689202701,0.0,0.0,1004.3624475118796,1004.3624475118796,417.4765119092048,586.8859356026749,0.0,1004.3624475118796,417.4765119092048,586.8859356026749,0.0,0.0,265.78194949089755,334.9953361503377,0.0,100,0,0.0,0,0,0.0,0.0,0.0,0.0,0.0,0.0,0,0.0,0.0,0,0,0,11.76974105834961,1.0,0.0,0.0,True,feasible,benchmark_feasibility_aware_alns
S0064_R01,6402027,feasibility_aware_alns,S0064,n100_p0.75_d3_uniform_Elow_V1.25_Hmedium_PWbase_B0.10,100,0.75,0.75,3,3,low,1.25,uniform,medium,base,0.1,100.0,20.0,1.0,peripheral,163944.2628540181,322.42388235302866,0.0,0.0,163621.83897166507,163621.83897166507,1422.361392076994,1069.284988198285,0.0,2491.6463802752787,142236.1392076994,21385.6997639657,0.0,0.0,280.7844112149805,403.0298529412857,0.0,100,0,0.0,0,0,0.0,0.0,0.0,0.0,0.0,0.0,0,0.0,0.0,0,0,0,11.761312007904053,1.0,0.0,0.0,True,feasible,benchmark_feasibility_aware_alns
S0064_R02,6402028,feasibility_aware_alns,S0064,n100_p0.75_d3_uniform_Elow_V1.25_Hmedium_PWbase_B0.10,100,0.75,0.75,3,3,low,1.25,uniform,medium,base,0.1,100.0,20.0,1.0,peripheral,242116.8838626572,361.1438898081916,0.0,0.0,241755.73997284903,241755.73997284903,2109.0832619931552,1538.932768979536,68.75839394274374,3716.774424915435,210908.32619931552,30778.65537959072,68.75839394274374,0.0,312.8117193721921,451.42986226023936,0.0,100,0,0.0,0,0,0.0,0.0,0.0,0.0,0.0,0.0,0,0.0,0.0,0,0,0,11.547831296920776,1.0,0.0,0.0,True,feasible,benchmark_feasibility_aware_alns
S0064_R03,6402029,feasibility_aware_alns,S0064,n100_p0.75_d3_uniform_Elow_V1.25_Hmedium_PWbase_B0.10,100,0.75,0.75,3,3,low,1.25,uniform,medium,base,0.1,100.0,20.0,1.0,peripheral,154299.95786164113,316.4690134731314,0.0,0.0,153983.488848168,153983.488848168,1404.3725994150652,672.0259837006115,105.709232649214,2182.107815764891,140437.25994150652,13440.51967401223,105.709232649214,0.0,316.2060144283936,395.58626684141416,0.0,100,0,0.0,0,0,0.0,0.0,0.0,0.0,0.0,0.0,0,0.0,0.0,0,0,0,11.70785427093506,1.0,0.0,0.0,True,feasible,benchmark_feasibility_aware_alns
S0064_R04,6402030,feasibility_aware_alns,S0064,n100_p0.75_d3_uniform_Elow_V1.25_Hmedium_PWbase_B0.10,100,0.75,0.75,3,3,low,1.25,uniform,medium,base,0.1,100.0,20.0,1.0,peripheral,165916.9014161689,313.3335530905288,0.0,0.0,165603.56786307838,165603.56786307838,1506.7431039158157,746.0691075090285,7.8753213162241025,2260.6875327410685,150674.31039158156,14921.38215018057,7.8753213162241025,0.0,292.08559928632815,391.666941363161,0.0,100,0,0.0,0,0,0.0,0.0,0.0,0.0,0.0,0.0,0,0.0,0.0,0,0,0,12.08042287826538,1.0,0.0,0.0,True,feasible,benchmark_feasibility_aware_alns
S0064_R05,6402031,feasibility_aware_alns,S0064,n100_p0.75_d3_uniform_Elow_V1.25_Hmedium_PWbase_B0.10,100,0.75,0.75,3,3,low,1.25,uniform,medium,base,0.1,100.0,20.0,1.0,peripheral,159513.12076776847,315.7373335950588,0.0,0.0,159197.38343417342,159197.38343417342,1383.48315452257,1040.582704950546,37.4138829054985,2461.4797423786144,138348.315452257,20811.65409901092,37.4138829054985,0.0,307.41728625713665,394.67166699382346,0.0,100,0,0.0,0,0,0.0,0.0,0.0,0.0,0.0,0.0,0,0.0,0.0,0,0,0,11.57229232788086,1.0,0.0,0.0,True,feasible,benchmark_feasibility_aware_alns
S0064_R06,6402032,feasibility_aware_alns,S0064,n100_p0.75_d3_uniform_Elow_V1.25_Hmedium_PWbase_B0.10,100,0.75,0.75,3,3,low,1.25,uniform,medium,base,0.1,100.0,20.0,1.0,peripheral,185942.2801575303,323.0809508323299,0.0,0.0,185619.199206698,185619.199206698,1617.0433871161763,1190.2972305387716,108.9158843048436,2916.2565019597914,161704.33871161763,23805.944610775437,108.9158843048436,0.0,326.2785245369277,403.8511885404123,0.0,100,0,0.0,0,0,0.0,0.0,0.0,0.0,0.0,0.0,0,0.0,0.0,0,0,0,11.951606035232544,1.0,0.0,0.0,True,feasible,benchmark_feasibility_aware_alns
S0064_R07,6402033,feasibility_aware_alns,S0064,n100_p0.75_d3_uniform_Elow_V1.25_Hmedium_PWbase_B0.10,100,0.75,0.75,3,3,low,1.25,uniform,medium,base,0.1,100.0,20.0,1.0,peripheral,162918.72169888273,320.4096646814633,0.0,0.0,162598.31203420126,162598.31203420126,1432.652246825534,966.5556504688462,1.9743422709602496,2401.1822395653403,143265.22468255338,19331.113009376924,1.9743422709602496,0.0,284.78791833148074,400.5120808518293,0.0,100,0,0.0,0,0,0.0,0.0,0.0,0.0,0.0,0.0,0,0.0,0.0,0,0,0,11.554880380630491,1.0,0.0,0.0,True,feasible,benchmark_feasibility_aware_alns
S0064_R08,6402034,feasibility_aware_alns,S0064,n100_p0.75_d3_uniform_Elow_V1.25_Hmedium_PWbase_B0.10,100,0.75,0.75,3,3,low,1.25,uniform,medium,base,0.1,100.0,20.0,1.0,peripheral,194189.10604210303,349.4876690800142,0.0,0.0,193839.61837302303,193839.61837302303,1762.372562911754,877.3516465754959,55.32915033777312,2695.053359825023,176237.25629117538,17547.03293150992,55.32915033777312,0.0,326.6759533013174,436.8595863500177,0.0,100,0,0.0,0,0,0.0,0.0,0.0,0.0,0.0,0.0,0,0.0,0.0,0,0,0,11.468622207641602,1.0,0.0,0.0,True,feasible,benchmark_feasibility_aware_alns
S0064_R09,6402035,feasibility_aware_alns,S0064,n100_p0.75_d3_uniform_Elow_V1.25_Hmedium_PWbase_B0.10,100,0.75,0.75,3,3,low,1.25,uniform,medium,base,0.1,100.0,20.0,1.0,peripheral,189221.35974000176,296.238104118827,0.0,0.0,188925.1216358829,188925.1216358829,1705.4898015696556,918.80707394587,0.0,2624.296875515525,170548.98015696555,18376.1414789174,0.0,0.0,258.4457291674576,370.29763014853376,0.0,100,0,0.0,0,0,0.0,0.0,0.0,0.0,0.0,0.0,0,0.0,0.0,0,0,0,11.70414686203003,1.0,0.0,0.0,True,feasible,benchmark_feasibility_aware_alns
S0064_R10,6402036,feasibility_aware_alns,S0064,n100_p0.75_d3_uniform_Elow_V1.25_Hmedium_PWbase_B0.10,100,0.75,0.75,3,3,low,1.25,uniform,medium,base,0.1,100.0,20.0,1.0,peripheral,143874.37579638255,306.24273694976813,0.0,0.0,143568.1330594328,143568.1330594328,1206.745059973163,1144.6813531058233,0.0,2351.426413078986,120674.5059973163,22893.627062116462,0.0,0.0,273.8996000333617,382.80342118721006,0.0,100,0,0.0,0,0,0.0,0.0,0.0,0.0,0.0,0.0,0,0.0,0.0,0,0,0,11.410487174987791,1.0,0.0,0.0,True,feasible,benchmark_feasibility_aware_alns
S0065_R01,6502027,feasibility_aware_alns,S0065,n100_p0.75_d3_uniform_Elow_V2.00_Hshort_PWstrict_B0.10,100,0.75,0.75,3,3,low,2.0,uniform,short,strict,0.1,200.0,40.0,1.0,peripheral,283204.0996768076,304.88227751981856,0.0,0.0,282899.2173992878,282899.2173992878,1229.7259581689389,923.832166320006,0.7391126997520416,2154.2972371886967,245945.19163378776,36953.28665280024,0.7391126997520416,0.0,265.9395539487644,381.1028468997731,0.0,100,0,0.0,0,0,0.0,0.0,0.0,0.0,0.0,0.0,0,0.0,0.0,0,0,0,11.705495595932009,1.0,0.0,0.0,True,feasible,benchmark_feasibility_aware_alns
S0065_R02,6502028,feasibility_aware_alns,S0065,n100_p0.75_d3_uniform_Elow_V2.00_Hshort_PWstrict_B0.10,100,0.75,0.75,3,3,low,2.0,uniform,short,strict,0.1,200.0,40.0,1.0,peripheral,275386.8518612406,285.7346536351207,0.0,0.0,275101.11720760545,275101.11720760545,1245.1726348434154,651.6647559730593,0.0,1896.837390816475,249034.5269686831,26066.59023892237,0.0,0.0,276.131920102384,357.1683170439009,0.0,100,0,0.0,0,0,0.0,0.0,0.0,0.0,0.0,0.0,0,0.0,0.0,0,0,0,11.806523084640505,1.0,0.0,0.0,True,feasible,benchmark_feasibility_aware_alns
S0065_R03,6502029,feasibility_aware_alns,S0065,n100_p0.75_d3_uniform_Elow_V2.00_Hshort_PWstrict_B0.10,100,0.75,0.75,3,3,low,2.0,uniform,short,strict,0.1,200.0,40.0,1.0,peripheral,474106.0912876172,335.12677128591173,0.0,0.0,473770.96451633127,473770.96451633127,2107.8672334889634,1298.670407954498,250.70150035880653,3657.239141802268,421573.4466977927,51946.81631817992,250.70150035880653,0.0,328.98596212757013,418.9084641073894,0.0,100,0,0.0,0,0,0.0,0.0,0.0,0.0,0.0,0.0,0,0.0,0.0,0,0,0,11.849107503890991,1.0,0.0,0.0,True,feasible,benchmark_feasibility_aware_alns
S0065_R04,6502030,feasibility_aware_alns,S0065,n100_p0.75_d3_uniform_Elow_V2.00_Hshort_PWstrict_B0.10,100,0.75,0.75,3,3,low,2.0,uniform,short,strict,0.1,200.0,40.0,1.0,peripheral,363981.1859886523,347.8067600626809,0.0,0.0,363633.3792285896,363633.3792285896,1496.174589001109,1609.7234615691482,9.522965601876225,3115.421016172134,299234.9178002218,64388.93846276593,9.522965601876225,0.0,297.84563283626267,434.7584500783511,0.0,100,0,0.0,0,0,0.0,0.0,0.0,0.0,0.0,0.0,0,0.0,0.0,0,0,0,11.298835277557371,1.0,0.0,0.0,True,feasible,benchmark_feasibility_aware_alns
S0065_R05,6502031,feasibility_aware_alns,S0065,n100_p0.75_d3_uniform_Elow_V2.00_Hshort_PWstrict_B0.10,100,0.75,0.75,3,3,low,2.0,uniform,short,strict,0.1,200.0,40.0,1.0,peripheral,354623.03152860794,307.0856560515551,0.0,0.0,354315.9458725564,354315.9458725564,1717.160324742432,272.0970231017462,0.0,1989.2573478441784,343432.0649484864,10883.880924069848,0.0,0.0,277.2631782605717,383.8570700644439,0.0,100,0,0.0,0,0,0.0,0.0,0.0,0.0,0.0,0.0,0,0.0,0.0,0,0,0,11.541316747665403,1.0,0.0,0.0,True,feasible,benchmark_feasibility_aware_alns
S0065_R06,6502032,feasibility_aware_alns,S0065,n100_p0.75_d3_uniform_Elow_V2.00_Hshort_PWstrict_B0.10,100,0.75,0.75,3,3,low,2.0,uniform,short,strict,0.1,200.0,40.0,1.0,peripheral,308814.5019640149,318.2099490300767,0.0,0.0,308496.2920149849,308496.2920149849,1347.1638115344338,975.4228553417692,46.61549442740613,2369.202161303609,269432.7623068867,39016.91421367077,46.61549442740613,0.0,287.3197308595491,397.7624362875961,0.0,100,0,0.0,0,0,0.0,0.0,0.0,0.0,0.0,0.0,0,0.0,0.0,0,0,0,12.04548192024231,1.0,0.0,0.0,True,feasible,benchmark_feasibility_aware_alns
S0065_R07,6502033,feasibility_aware_alns,S0065,n100_p0.75_d3_uniform_Elow_V2.00_Hshort_PWstrict_B0.10,100,0.75,0.75,3,3,low,2.0,uniform,short,strict,0.1,200.0,40.0,1.0,peripheral,375741.1877829615,328.53329263615734,0.0,0.0,375412.6544903253,375412.6544903253,1691.9069614371554,925.3970165917664,15.381539223466833,2632.6855172523888,338381.39228743105,37015.88066367066,15.381539223466833,0.0,285.2708815743703,410.6666157951967,0.0,100,0,0.0,0,0,0.0,0.0,0.0,0.0,0.0,0.0,0,0.0,0.0,0,0,0,11.504770517349243,1.0,0.0,0.0,True,feasible,benchmark_feasibility_aware_alns
S0065_R08,6502034,feasibility_aware_alns,S0065,n100_p0.75_d3_uniform_Elow_V2.00_Hshort_PWstrict_B0.10,100,0.75,0.75,3,3,low,2.0,uniform,short,strict,0.1,200.0,40.0,1.0,peripheral,268171.245125437,312.00905449965387,0.0,0.0,267859.2360709373,267859.2360709373,1189.8388522473444,747.28664053671,0.0,1937.1254927840544,237967.7704494689,29891.4656214684,0.0,0.0,266.6452086753117,390.0113181245672,0.0,100,0,0.0,0,0,0.0,0.0,0.0,0.0,0.0,0.0,0,0.0,0.0,0,0,0,11.266072034835815,1.0,0.0,0.0,True,feasible,benchmark_feasibility_aware_alns
S0065_R09,6502035,feasibility_aware_alns,S0065,n100_p0.75_d3_uniform_Elow_V2.00_Hshort_PWstrict_B0.10,100,0.75,0.75,3,3,low,2.0,uniform,short,strict,0.1,200.0,40.0,1.0,peripheral,590240.349039197,321.22180975186853,0.0,0.0,589919.1272294451,589919.1272294451,2686.743184304496,1311.9217877244046,93.6188595697551,4092.283831598656,537348.6368608992,52476.87150897618,93.6188595697551,0.0,312.98169927966933,401.5272621898355,0.0,100,0,0.0,0,0,0.0,0.0,0.0,0.0,0.0,0.0,0,0.0,0.0,0,0,0,11.867923021316528,1.0,0.0,0.0,True,feasible,benchmark_feasibility_aware_alns
S0065_R10,6502036,feasibility_aware_alns,S0065,n100_p0.75_d3_uniform_Elow_V2.00_Hshort_PWstrict_B0.10,100,0.75,0.75,3,3,low,2.0,uniform,short,strict,0.1,200.0,40.0,1.0,peripheral,243393.95003278533,325.2747092688879,0.0,0.0,243068.67532351645,243068.67532351645,1041.7785341991116,865.8729054264566,78.05226663585523,1985.7037062614236,208355.70683982232,34634.916217058264,78.05226663585523,0.0,317.41123436276126,406.5933865861096,0.0,100,0,0.0,0,0,0.0,0.0,0.0,0.0,0.0,0.0,0,0.0,0.0,0,0,0,11.74769139289856,1.0,0.0,0.0,True,feasible,benchmark_feasibility_aware_alns
S0066_R01,6602027,feasibility_aware_alns,S0066,n100_p0.75_d3_uniform_Elow_V2.00_Hlong_PWmoderate_B0.10,100,0.75,0.75,3,3,low,2.0,uniform,long,moderate,0.1,20.0,5.0,1.0,peripheral,31387.185802390926,312.97916241680707,0.0,0.0,31074.20663997412,31074.20663997412,1230.0452781726776,1273.1619898492568,107.49112727428712,2610.6983952962214,24600.905563453554,6365.809949246284,107.49112727428712,0.0,288.154567845838,391.2239530210089,0.0,100,0,0.0,0,0,0.0,0.0,0.0,0.0,0.0,0.0,0,0.0,0.0,0,0,0,11.556711196899414,1.0,0.0,0.0,True,feasible,benchmark_feasibility_aware_alns
S0066_R02,6602028,feasibility_aware_alns,S0066,n100_p0.75_d3_uniform_Elow_V2.00_Hlong_PWmoderate_B0.10,100,0.75,0.75,3,3,low,2.0,uniform,long,moderate,0.1,20.0,5.0,1.0,peripheral,28797.366518117597,332.4536787066544,0.0,0.0,28464.91283941094,28464.91283941094,1170.8683057593971,1003.5525654236552,29.78389710470884,2204.204768287761,23417.366115187942,5017.762827118277,29.78389710470884,0.0,331.3528454896434,415.5670983833181,0.0,100,0,0.0,0,0,0.0,0.0,0.0,0.0,0.0,0.0,0,0.0,0.0,0,0,0,11.469491481781006,1.0,0.0,0.0,True,feasible,benchmark_feasibility_aware_alns
S0066_R03,6602029,feasibility_aware_alns,S0066,n100_p0.75_d3_uniform_Elow_V2.00_Hlong_PWmoderate_B0.10,100,0.75,0.75,3,3,low,2.0,uniform,long,moderate,0.1,20.0,5.0,1.0,peripheral,44896.44608042933,327.2241167931268,0.0,0.0,44569.221963636206,44569.221963636206,2016.5127139481524,847.7935369346309,0.0,2864.3062508827834,40330.254278963046,4238.9676846731545,0.0,0.0,300.86519820820786,409.0301459914084,0.0,100,0,0.0,0,0,0.0,0.0,0.0,0.0,0.0,0.0,0,0.0,0.0,0,0,0,11.355324983596802,1.0,0.0,0.0,True,feasible,benchmark_feasibility_aware_alns
S0066_R04,6602030,feasibility_aware_alns,S0066,n100_p0.75_d3_uniform_Elow_V2.00_Hlong_PWmoderate_B0.10,100,0.75,0.75,3,3,low,2.0,uniform,long,moderate,0.1,20.0,5.0,1.0,peripheral,51903.42688540399,289.6742558871436,0.0,0.0,51613.75262951685,51613.75262951685,2318.9185952448047,1043.1021722385185,19.869863428174146,3381.8906309114973,46378.37190489609,5215.5108611925925,19.869863428174146,0.0,303.91183751573976,362.0928198589296,0.0,100,0,0.0,0,0,0.0,0.0,0.0,0.0,0.0,0.0,0,0.0,0.0,0,0,0,13.545817136764526,1.0,0.0,0.0,True,feasible,benchmark_feasibility_aware_alns
S0066_R05,6602031,feasibility_aware_alns,S0066,n100_p0.75_d3_uniform_Elow_V2.00_Hlong_PWmoderate_B0.10,100,0.75,0.75,3,3,low,2.0,uniform,long,moderate,0.1,20.0,5.0,1.0,peripheral,40729.21529919007,344.93692318770064,0.0,0.0,40384.27837600237,40384.27837600237,1735.1950501991305,1121.1833485612171,74.46062921367496,2930.8390279740224,34703.9010039826,5605.9167428060855,74.46062921367496,0.0,296.20539691058787,431.1711539846256,0.0,100,0,0.0,0,0,0.0,0.0,0.0,0.0,0.0,0.0,0,0.0,0.0,0,0,0,11.578613996505736,1.0,0.0,0.0,True,feasible,benchmark_feasibility_aware_alns
S0066_R06,6602032,feasibility_aware_alns,S0066,n100_p0.75_d3_uniform_Elow_V2.00_Hlong_PWmoderate_B0.10,100,0.75,0.75,3,3,low,2.0,uniform,long,moderate,0.1,20.0,5.0,1.0,peripheral,29084.77780237927,340.6652612196488,0.0,0.0,28744.112541159622,28744.112541159622,1016.3211786303366,1683.1572303392018,1.90281685688592,2701.3812258264243,20326.42357260673,8415.78615169601,1.90281685688592,0.0,321.48927335592896,425.831576524561,0.0,100,0,0.0,0,0,0.0,0.0,0.0,0.0,0.0,0.0,0,0.0,0.0,0,0,0,11.610796451568604,1.0,0.0,0.0,True,feasible,benchmark_feasibility_aware_alns
S0066_R07,6602033,feasibility_aware_alns,S0066,n100_p0.75_d3_uniform_Elow_V2.00_Hlong_PWmoderate_B0.10,100,0.75,0.75,3,3,low,2.0,uniform,long,moderate,0.1,20.0,5.0,1.0,peripheral,40337.87210960622,313.410663938551,0.0,0.0,40024.46144566767,40024.46144566767,1724.0020398556276,1107.483820333916,7.001546885536158,2838.48740707508,34480.04079711255,5537.41910166958,7.001546885536158,0.0,264.29423458980887,391.7633299231889,0.0,100,0,0.0,0,0,0.0,0.0,0.0,0.0,0.0,0.0,0,0.0,0.0,0,0,0,12.980982303619385,1.0,0.0,0.0,True,feasible,benchmark_feasibility_aware_alns
S0066_R08,6602034,feasibility_aware_alns,S0066,n100_p0.75_d3_uniform_Elow_V2.00_Hlong_PWmoderate_B0.10,100,0.75,0.75,3,3,low,2.0,uniform,long,moderate,0.1,20.0,5.0,1.0,peripheral,41267.24463352166,326.9901619343267,0.0,0.0,40940.25447158733,40940.25447158733,1865.2840319775817,717.0724070778191,49.21179664658968,2631.5682357019905,37305.68063955163,3585.362035389096,49.21179664658968,0.0,306.60077351398485,408.7377024179085,0.0,100,0,0.0,0,0,0.0,0.0,0.0,0.0,0.0,0.0,0,0.0,0.0,0,0,0,12.265870094299316,1.0,0.0,0.0,True,feasible,benchmark_feasibility_aware_alns
S0066_R09,6602035,feasibility_aware_alns,S0066,n100_p0.75_d3_uniform_Elow_V2.00_Hlong_PWmoderate_B0.10,100,0.75,0.75,3,3,low,2.0,uniform,long,moderate,0.1,20.0,5.0,1.0,peripheral,34795.41042860406,325.0135706993447,0.0,0.0,34470.396857904714,34470.396857904714,1558.3428414817945,660.7080056537657,0.0,2219.05084713556,31166.856829635886,3303.5400282688283,0.0,0.0,284.8286629780388,406.2669633741808,0.0,100,0,0.0,0,0,0.0,0.0,0.0,0.0,0.0,0.0,0,0.0,0.0,0,0,0,13.108285665512083,1.0,0.0,0.0,True,feasible,benchmark_feasibility_aware_alns
S0066_R10,6602036,feasibility_aware_alns,S0066,n100_p0.75_d3_uniform_Elow_V2.00_Hlong_PWmoderate_B0.10,100,0.75,0.75,3,3,low,2.0,uniform,long,moderate,0.1,20.0,5.0,1.0,peripheral,35116.668887263906,322.76519302986384,0.0,0.0,34793.90369423404,34793.90369423404,1527.474575475723,848.5289623160895,1.7673731391310523,2377.7709109309435,30549.49150951446,4242.644811580448,1.7673731391310523,0.0,274.9341418669153,403.4564912873296,0.0,100,0,0.0,0,0,0.0,0.0,0.0,0.0,0.0,0.0,0,0.0,0.0,0,0,0,11.682981014251707,1.0,0.0,0.0,True,feasible,benchmark_feasibility_aware_alns
S0067_R01,6702027,feasibility_aware_alns,S0067,n100_p0.75_d3_uniform_Emedium_V1.25_Hmedium_PWstrict_B0.10,100,0.75,0.75,3,3,medium,1.25,uniform,medium,strict,0.1,200.0,40.0,1.0,peripheral,159845.09913936869,299.2507122548451,0.0,0.0,159545.84842711384,159545.84842711384,639.7735149089796,789.7786361329488,0.0,1429.5521510419285,127954.70298179593,31591.145445317958,0.0,0.0,264.7163002572051,374.0633903185562,0.0,100,0,0.0,0,0,0.0,0.0,0.0,0.0,0.0,0.0,0,0.0,0.0,0,0,0,11.572569370269775,1.0,0.0,0.0,True,feasible,benchmark_feasibility_aware_alns
S0067_R02,6702028,feasibility_aware_alns,S0067,n100_p0.75_d3_uniform_Emedium_V1.25_Hmedium_PWstrict_B0.10,100,0.75,0.75,3,3,medium,1.25,uniform,medium,strict,0.1,200.0,40.0,1.0,peripheral,296478.3909298872,339.55810525074656,0.0,0.0,296138.8328246364,296138.8328246364,1347.2681807651934,666.7920835146707,13.513331010913134,2027.573595290777,269453.6361530387,26671.683340586827,13.513331010913134,0.0,281.0299682940796,424.4476315634332,0.0,100,0,0.0,0,0,0.0,0.0,0.0,0.0,0.0,0.0,0,0.0,0.0,0,0,0,11.86454176902771,1.0,0.0,0.0,True,feasible,benchmark_feasibility_aware_alns
S0067_R03,6702029,feasibility_aware_alns,S0067,n100_p0.75_d3_uniform_Emedium_V1.25_Hmedium_PWstrict_B0.10,100,0.75,0.75,3,3,medium,1.25,uniform,medium,strict,0.1,200.0,40.0,1.0,peripheral,307270.77719020675,325.89673439590314,0.0,0.0,306944.88045581087,306944.88045581087,1401.5851486646222,665.6962680721585,0.0,2067.281416736781,280317.0297329244,26627.850722886345,0.0,0.0,286.6003786259042,407.3709179948788,0.0,100,0,0.0,0,0,0.0,0.0,0.0,0.0,0.0,0.0,0,0.0,0.0,0,0,0,11.724215269088743,1.0,0.0,0.0,True,feasible,benchmark_feasibility_aware_alns
S0067_R04,6702030,feasibility_aware_alns,S0067,n100_p0.75_d3_uniform_Emedium_V1.25_Hmedium_PWstrict_B0.10,100,0.75,0.75,3,3,medium,1.25,uniform,medium,strict,0.1,200.0,40.0,1.0,peripheral,384295.917792159,340.9103696341829,0.0,0.0,383955.00742252485,383955.00742252485,1722.7193391352212,983.2683851307615,80.40419025025582,2786.3919145162386,344543.8678270442,39330.73540523047,80.40419025025582,0.0,320.4850208571037,426.1379620427288,0.0,100,0,0.0,0,0,0.0,0.0,0.0,0.0,0.0,0.0,0,0.0,0.0,0,0,0,11.894196271896362,1.0,0.0,0.0,True,feasible,benchmark_feasibility_aware_alns
S0067_R05,6702031,feasibility_aware_alns,S0067,n100_p0.75_d3_uniform_Emedium_V1.25_Hmedium_PWstrict_B0.10,100,0.75,0.75,3,3,medium,1.25,uniform,medium,strict,0.1,200.0,40.0,1.0,peripheral,234702.21057908036,321.8049522729132,0.0,0.0,234380.40562680745,234380.40562680745,1001.4607895728018,851.8246093216566,15.26333938079523,1868.5487382752535,200292.15791456035,34072.98437286626,15.26333938079523,0.0,274.8751187356257,402.2561903411414,0.0,100,0,0.0,0,0,0.0,0.0,0.0,0.0,0.0,0.0,0,0.0,0.0,0,0,0,12.287258386611938,1.0,0.0,0.0,True,feasible,benchmark_feasibility_aware_alns
S0067_R06,6702032,feasibility_aware_alns,S0067,n100_p0.75_d3_uniform_Emedium_V1.25_Hmedium_PWstrict_B0.10,100,0.75,0.75,3,3,medium,1.25,uniform,medium,strict,0.1,200.0,40.0,1.0,peripheral,335932.5058394378,311.6418451329513,0.0,0.0,335620.8639943049,335620.8639943049,1548.5875625010513,645.1561080406337,97.10717246936532,2290.85084301105,309717.51250021026,25806.24432162535,97.10717246936532,0.0,317.42987482090035,389.55230641618897,0.0,100,0,0.0,0,0,0.0,0.0,0.0,0.0,0.0,0.0,0,0.0,0.0,0,0,0,11.74181866645813,1.0,0.0,0.0,True,feasible,benchmark_feasibility_aware_alns
S0067_R07,6702033,feasibility_aware_alns,S0067,n100_p0.75_d3_uniform_Emedium_V1.25_Hmedium_PWstrict_B0.10,100,0.75,0.75,3,3,medium,1.25,uniform,medium,strict,0.1,200.0,40.0,1.0,peripheral,299980.86225399066,285.1998930355138,0.0,0.0,299695.66236095515,299695.66236095515,1343.7685001114987,773.3611095437836,7.51795690399868,2124.647566559281,268753.7000222998,30934.444381751346,7.51795690399868,0.0,271.31158118953266,356.4998662943923,0.0,100,0,0.0,0,0,0.0,0.0,0.0,0.0,0.0,0.0,0,0.0,0.0,0,0,0,14.266924142837524,1.0,0.0,0.0,True,feasible,benchmark_feasibility_aware_alns
S0067_R08,6702034,feasibility_aware_alns,S0067,n100_p0.75_d3_uniform_Emedium_V1.25_Hmedium_PWstrict_B0.10,100,0.75,0.75,3,3,medium,1.25,uniform,medium,strict,0.1,200.0,40.0,1.0,peripheral,231563.00868465044,309.35486438732664,0.0,0.0,231253.6538202631,231253.6538202631,976.7107648104499,897.7875214543282,0.0,1874.498286264778,195342.15296208998,35911.50085817312,0.0,0.0,287.27025054129234,386.69358048415825,0.0,100,0,0.0,0,0,0.0,0.0,0.0,0.0,0.0,0.0,0,0.0,0.0,0,0,0,12.927932977676392,1.0,0.0,0.0,True,feasible,benchmark_feasibility_aware_alns
S0067_R09,6702035,feasibility_aware_alns,S0067,n100_p0.75_d3_uniform_Emedium_V1.25_Hmedium_PWstrict_B0.10,100,0.75,0.75,3,3,medium,1.25,uniform,medium,strict,0.1,200.0,40.0,1.0,peripheral,410306.36523428524,335.3372926508296,0.0,0.0,409971.0279416344,409971.0279416344,1892.0782881179907,788.8292217699069,2.201447239933458,2683.1089571278308,378415.6576235981,31553.168870796275,2.201447239933458,0.0,297.41039822141664,419.1716158135372,0.0,100,0,0.0,0,0,0.0,0.0,0.0,0.0,0.0,0.0,0,0.0,0.0,0,0,0,11.961963176727295,1.0,0.0,0.0,True,feasible,benchmark_feasibility_aware_alns
S0067_R10,6702036,feasibility_aware_alns,S0067,n100_p0.75_d3_uniform_Emedium_V1.25_Hmedium_PWstrict_B0.10,100,0.75,0.75,3,3,medium,1.25,uniform,medium,strict,0.1,200.0,40.0,1.0,peripheral,224364.6186248632,305.1558171673523,0.0,0.0,224059.46280769585,224059.46280769585,977.4664288579953,713.9051964227921,9.969179185053378,1701.3408044658408,195493.28577159907,28556.207856911682,9.969179185053378,0.0,296.4370919808695,381.4447714591905,0.0,100,0,0.0,0,0,0.0,0.0,0.0,0.0,0.0,0.0,0,0.0,0.0,0,0,0,11.856472969055176,1.0,0.0,0.0,True,feasible,benchmark_feasibility_aware_alns
S0068_R01,6802027,feasibility_aware_alns,S0068,n100_p0.75_d3_uniform_Emedium_V2.00_Hmedium_PWstrict_B0.10,100,0.75,0.75,3,3,medium,2.0,uniform,medium,strict,0.1,200.0,40.0,1.0,peripheral,299979.1125699892,301.8343437588222,0.0,0.0,299677.2782262304,299677.2782262304,1350.4122697881958,739.7632845463381,4.29288673771228,2094.468441072246,270082.45395763917,29590.531381853525,4.29288673771228,0.0,284.9810361259334,377.2929296985278,0.0,100,0,0.0,0,0,0.0,0.0,0.0,0.0,0.0,0.0,0,0.0,0.0,0,0,0,11.784517526626587,1.0,0.0,0.0,True,feasible,benchmark_feasibility_aware_alns
S0068_R02,6802028,feasibility_aware_alns,S0068,n100_p0.75_d3_uniform_Emedium_V2.00_Hmedium_PWstrict_B0.10,100,0.75,0.75,3,3,medium,2.0,uniform,medium,strict,0.1,200.0,40.0,1.0,peripheral,311962.70128362003,346.7431140757402,0.0,0.0,311615.9581695443,311615.9581695443,1313.4228045481784,1222.5788844479716,28.24188198975108,2564.243570985901,262684.5609096357,48903.15537791887,28.24188198975108,0.0,304.2463716869424,433.4288925946753,0.0,100,0,0.0,0,0,0.0,0.0,0.0,0.0,0.0,0.0,0,0.0,0.0,0,0,0,11.533874273300171,1.0,0.0,0.0,True,feasible,benchmark_feasibility_aware_alns
S0068_R03,6802029,feasibility_aware_alns,S0068,n100_p0.75_d3_uniform_Emedium_V2.00_Hmedium_PWstrict_B0.10,100,0.75,0.75,3,3,medium,2.0,uniform,medium,strict,0.1,200.0,40.0,1.0,peripheral,388822.6036148477,311.64452669670567,0.0,0.0,388510.959088151,388510.959088151,1800.3894060301413,710.8269470530659,0.0,2511.216353083207,360077.8812060283,28433.077882122634,0.0,0.0,283.28028639055634,389.55565837088216,0.0,100,0,0.0,0,0,0.0,0.0,0.0,0.0,0.0,0.0,0,0.0,0.0,0,0,0,12.615039825439453,1.0,0.0,0.0,True,feasible,benchmark_feasibility_aware_alns
S0068_R04,6802030,feasibility_aware_alns,S0068,n100_p0.75_d3_uniform_Emedium_V2.00_Hmedium_PWstrict_B0.10,100,0.75,0.75,3,3,medium,2.0,uniform,medium,strict,0.1,200.0,40.0,1.0,peripheral,399146.0659183582,306.78758210461064,0.0,0.0,398839.2783362536,398839.2783362536,1794.6393716920968,996.949413901616,33.427441769527434,2825.01622736324,358927.87433841935,39877.97655606464,33.427441769527434,0.0,286.22910014749317,383.4844776307631,0.0,100,0,0.0,0,0,0.0,0.0,0.0,0.0,0.0,0.0,0,0.0,0.0,0,0,0,12.389434337615967,1.0,0.0,0.0,True,feasible,benchmark_feasibility_aware_alns
S0068_R05,6802031,feasibility_aware_alns,S0068,n100_p0.75_d3_uniform_Emedium_V2.00_Hmedium_PWstrict_B0.10,100,0.75,0.75,3,3,medium,2.0,uniform,medium,strict,0.1,200.0,40.0,1.0,peripheral,230681.97327190032,303.7480833898821,0.0,0.0,230378.22518851043,230378.22518851043,988.7887088908119,814.6993062980468,32.51115842617054,1835.9991736150293,197757.74177816237,32587.972251921874,32.51115842617054,0.0,282.409569673102,379.68510423735256,0.0,100,0,0.0,0,0,0.0,0.0,0.0,0.0,0.0,0.0,0,0.0,0.0,0,0,0,12.30823040008545,1.0,0.0,0.0,True,feasible,benchmark_feasibility_aware_alns
S0068_R06,6802032,feasibility_aware_alns,S0068,n100_p0.75_d3_uniform_Emedium_V2.00_Hmedium_PWstrict_B0.10,100,0.75,0.75,3,3,medium,2.0,uniform,medium,strict,0.1,200.0,40.0,1.0,peripheral,217624.26777267052,302.9080269311068,0.0,0.0,217321.3597457394,217321.3597457394,945.9095064171337,703.4864615578172,0.0,1649.395967974951,189181.90128342673,28139.458462312687,0.0,0.0,279.3399766820388,378.63503366388375,0.0,100,0,0.0,0,0,0.0,0.0,0.0,0.0,0.0,0.0,0,0.0,0.0,0,0,0,12.223158359527588,1.0,0.0,0.0,True,feasible,benchmark_feasibility_aware_alns
S0068_R07,6802033,feasibility_aware_alns,S0068,n100_p0.75_d3_uniform_Emedium_V2.00_Hmedium_PWstrict_B0.10,100,0.75,0.75,3,3,medium,2.0,uniform,medium,strict,0.1,200.0,40.0,1.0,peripheral,282058.90856645635,309.78130323211224,0.0,0.0,281749.1272632242,281749.1272632242,1309.599840674652,495.3297421326455,15.969442988026174,1820.8990257953235,261919.9681349304,19813.18968530582,15.969442988026174,0.0,278.42181388138755,387.2266290401403,0.0,100,0,0.0,0,0,0.0,0.0,0.0,0.0,0.0,0.0,0,0.0,0.0,0,0,0,12.518946409225464,1.0,0.0,0.0,True,feasible,benchmark_feasibility_aware_alns
S0068_R08,6802034,feasibility_aware_alns,S0068,n100_p0.75_d3_uniform_Emedium_V2.00_Hmedium_PWstrict_B0.10,100,0.75,0.75,3,3,medium,2.0,uniform,medium,strict,0.1,200.0,40.0,1.0,peripheral,234127.90057538188,326.84912085302193,0.0,0.0,233801.05145452885,233801.05145452885,1017.2581670495492,758.550964063204,7.379482090847915,1783.188613203601,203451.63340990985,30342.03856252816,7.379482090847915,0.0,277.3313632309177,408.5614010662773,0.0,100,0,0.0,0,0,0.0,0.0,0.0,0.0,0.0,0.0,0,0.0,0.0,0,0,0,12.516187191009521,1.0,0.0,0.0,True,feasible,benchmark_feasibility_aware_alns
S0068_R09,6802035,feasibility_aware_alns,S0068,n100_p0.75_d3_uniform_Emedium_V2.00_Hmedium_PWstrict_B0.10,100,0.75,0.75,3,3,medium,2.0,uniform,medium,strict,0.1,200.0,40.0,1.0,peripheral,342546.6169519104,324.3889337182642,0.0,0.0,342222.2280181921,342222.2280181921,1478.615087680938,1162.4802620501152,0.0,2641.095349731053,295723.0175361876,46499.21048200461,0.0,0.0,329.7009469387712,405.4861671478304,0.0,100,0,0.0,0,0,0.0,0.0,0.0,0.0,0.0,0.0,0,0.0,0.0,0,0,0,11.643370628356934,1.0,0.0,0.0,True,feasible,benchmark_feasibility_aware_alns
S0068_R10,6802036,feasibility_aware_alns,S0068,n100_p0.75_d3_uniform_Emedium_V2.00_Hmedium_PWstrict_B0.10,100,0.75,0.75,3,3,medium,2.0,uniform,medium,strict,0.1,200.0,40.0,1.0,peripheral,291978.4919239466,290.0382365004324,0.0,0.0,291688.4536874462,291688.4536874462,1365.2499015843873,465.96183426421925,0.0,1831.2117358486066,273049.9803168775,18638.47337056877,0.0,0.0,269.3189386719964,362.5477956255406,0.0,100,0,0.0,0,0,0.0,0.0,0.0,0.0,0.0,0.0,0,0.0,0.0,0,0,0,12.096832036972046,1.0,0.0,0.0,True,feasible,benchmark_feasibility_aware_alns
S0069_R01,6902027,feasibility_aware_alns,S0069,n100_p0.75_d3_uniform_Emedium_V2.00_Hlong_PWflat_B0.10,100,0.75,0.75,3,3,medium,2.0,uniform,long,flat,0.1,1.0,1.0,1.0,peripheral,2763.4881817524515,316.5394230860591,0.0,0.0,2446.948758666392,2446.948758666392,1507.4478816268959,939.5008770394969,0.0,2446.9487586663927,1507.4478816268959,939.5008770394969,0.0,0.0,262.84906068812586,395.674278857574,0.0,100,0,0.0,0,0,0.0,0.0,0.0,0.0,0.0,0.0,0,0.0,0.0,0,0,0,11.87284541130066,1.0,0.0,0.0,True,feasible,benchmark_feasibility_aware_alns
S0069_R02,6902028,feasibility_aware_alns,S0069,n100_p0.75_d3_uniform_Emedium_V2.00_Hlong_PWflat_B0.10,100,0.75,0.75,3,3,medium,2.0,uniform,long,flat,0.1,1.0,1.0,1.0,peripheral,2641.3034006218895,289.89767061555136,0.0,0.0,2351.405730006338,2351.405730006338,1344.6322452244642,911.7159871868943,95.05749759497999,2351.405730006338,1344.6322452244642,911.7159871868943,95.05749759497999,0.0,303.0976519053985,362.3720882694391,0.0,100,0,0.0,0,0,0.0,0.0,0.0,0.0,0.0,0.0,0,0.0,0.0,0,0,0,15.44016408920288,1.0,0.0,0.0,True,feasible,benchmark_feasibility_aware_alns
S0069_R03,6902029,feasibility_aware_alns,S0069,n100_p0.75_d3_uniform_Emedium_V2.00_Hlong_PWflat_B0.10,100,0.75,0.75,3,3,medium,2.0,uniform,long,flat,0.1,1.0,1.0,1.0,peripheral,2011.9670320659689,282.31491274337566,0.0,0.0,1729.6521193225933,1729.6521193225933,1013.6975325953645,715.9545867272287,0.0,1729.652119322593,1013.6975325953645,715.9545867272287,0.0,0.0,281.1769154319636,352.89364092921954,0.0,100,0,0.0,0,0,0.0,0.0,0.0,0.0,0.0,0.0,0,0.0,0.0,0,0,0,11.98530888557434,1.0,0.0,0.0,True,feasible,benchmark_feasibility_aware_alns
S0069_R04,6902030,feasibility_aware_alns,S0069,n100_p0.75_d3_uniform_Emedium_V2.00_Hlong_PWflat_B0.10,100,0.75,0.75,3,3,medium,2.0,uniform,long,flat,0.1,1.0,1.0,1.0,peripheral,1955.333364512288,314.4373891587767,0.0,0.0,1640.8959753535112,1640.8959753535112,850.919231621049,789.9767437324622,0.0,1640.8959753535112,850.919231621049,789.9767437324622,0.0,0.0,301.14916183130174,393.0467364484708,0.0,100,0,0.0,0,0,0.0,0.0,0.0,0.0,0.0,0.0,0,0.0,0.0,0,0,0,12.248590230941772,1.0,0.0,0.0,True,feasible,benchmark_feasibility_aware_alns
S0069_R05,6902031,feasibility_aware_alns,S0069,n100_p0.75_d3_uniform_Emedium_V2.00_Hlong_PWflat_B0.10,100,0.75,0.75,3,3,medium,2.0,uniform,long,flat,0.1,1.0,1.0,1.0,peripheral,2640.6417713293986,301.44800101428615,0.0,0.0,2339.1937703151125,2339.1937703151125,1245.719747361951,905.9873423789868,187.48668057417424,2339.193770315112,1245.719747361951,905.9873423789868,187.48668057417424,0.0,316.25823670517667,376.8100012678578,0.0,100,0,0.0,0,0,0.0,0.0,0.0,0.0,0.0,0.0,0,0.0,0.0,0,0,0,12.35478162765503,1.0,0.0,0.0,True,feasible,benchmark_feasibility_aware_alns
S0069_R06,6902032,feasibility_aware_alns,S0069,n100_p0.75_d3_uniform_Emedium_V2.00_Hlong_PWflat_B0.10,100,0.75,0.75,3,3,medium,2.0,uniform,long,flat,0.1,1.0,1.0,1.0,peripheral,2469.617059627556,310.50806028044076,0.0,0.0,2159.1089993471155,2159.1089993471155,1454.664187290015,684.7578004233613,19.687011633739047,2159.1089993471155,1454.664187290015,684.7578004233613,19.687011633739047,0.0,280.0299667104944,388.13507535055084,0.0,100,0,0.0,0,0,0.0,0.0,0.0,0.0,0.0,0.0,0,0.0,0.0,0,0,0,12.274240016937256,1.0,0.0,0.0,True,feasible,benchmark_feasibility_aware_alns
S0069_R07,6902033,feasibility_aware_alns,S0069,n100_p0.75_d3_uniform_Emedium_V2.00_Hlong_PWflat_B0.10,100,0.75,0.75,3,3,medium,2.0,uniform,long,flat,0.1,1.0,1.0,1.0,peripheral,1733.8478826423861,288.3094040346225,0.0,0.0,1445.5384786077636,1445.5384786077636,852.7120722239439,592.8264063838197,0.0,1445.5384786077636,852.7120722239439,592.8264063838197,0.0,0.0,259.1063117881842,360.38675504327813,0.0,100,0,0.0,0,0,0.0,0.0,0.0,0.0,0.0,0.0,0,0.0,0.0,0,0,0,12.168227672576904,1.0,0.0,0.0,True,feasible,benchmark_feasibility_aware_alns
S0069_R08,6902034,feasibility_aware_alns,S0069,n100_p0.75_d3_uniform_Emedium_V2.00_Hlong_PWflat_B0.10,100,0.75,0.75,3,3,medium,2.0,uniform,long,flat,0.1,1.0,1.0,1.0,peripheral,2045.5787966818957,314.13686657803623,0.0,0.0,1731.4419301038595,1731.4419301038595,1405.573710538992,323.69153496202233,2.176684602845114,1731.4419301038595,1405.573710538992,323.69153496202233,2.176684602845114,0.0,292.224968922376,392.6710832225451,0.0,100,0,0.0,0,0,0.0,0.0,0.0,0.0,0.0,0.0,0,0.0,0.0,0,0,0,12.063442707061768,1.0,0.0,0.0,True,feasible,benchmark_feasibility_aware_alns
S0069_R09,6902035,feasibility_aware_alns,S0069,n100_p0.75_d3_uniform_Emedium_V2.00_Hlong_PWflat_B0.10,100,0.75,0.75,3,3,medium,2.0,uniform,long,flat,0.1,1.0,1.0,1.0,peripheral,2620.8688164939067,354.10595907513107,0.0,0.0,2266.7628574187756,2266.7628574187756,1363.8986641572196,829.928146448707,72.93604681284961,2266.7628574187765,1363.8986641572196,829.928146448707,72.93604681284961,0.0,312.39654390856396,442.6324488439136,0.0,100,0,0.0,0,0,0.0,0.0,0.0,0.0,0.0,0.0,0,0.0,0.0,0,0,0,12.070162773132324,1.0,0.0,0.0,True,feasible,benchmark_feasibility_aware_alns
S0069_R10,6902036,feasibility_aware_alns,S0069,n100_p0.75_d3_uniform_Emedium_V2.00_Hlong_PWflat_B0.10,100,0.75,0.75,3,3,medium,2.0,uniform,long,flat,0.1,1.0,1.0,1.0,peripheral,2189.07467768823,327.4228378871123,0.0,0.0,1861.6518398011178,1861.6518398011178,1270.7219439413188,519.4510646517286,71.47883120806961,1861.6518398011171,1270.7219439413188,519.4510646517286,71.47883120806961,0.0,311.7613553419108,409.27854735889053,0.0,100,0,0.0,0,0,0.0,0.0,0.0,0.0,0.0,0.0,0,0.0,0.0,0,0,0,12.924659252166748,1.0,0.0,0.0,True,feasible,benchmark_feasibility_aware_alns
S0070_R01,7002027,feasibility_aware_alns,S0070,n100_p0.75_d3_uniform_Ehigh_V1.25_Hmedium_PWmoderate_B0.10,100,0.75,0.75,3,3,high,1.25,uniform,medium,moderate,0.1,20.0,5.0,1.0,peripheral,27978.218337542676,313.55029442550773,0.0,0.0,27664.668043117166,27664.668043117166,1257.9845169674552,500.9955407536129,0.0,1758.980057721068,25159.690339349105,2504.977703768064,0.0,0.0,311.66440295186436,391.93786803188465,0.0,100,0,0.0,0,0,0.0,0.0,0.0,0.0,0.0,0.0,0,0.0,0.0,0,0,0,12.117313385009766,1.0,0.0,0.0,True,feasible,benchmark_feasibility_aware_alns
S0070_R02,7002028,feasibility_aware_alns,S0070,n100_p0.75_d3_uniform_Ehigh_V1.25_Hmedium_PWmoderate_B0.10,100,0.75,0.75,3,3,high,1.25,uniform,medium,moderate,0.1,20.0,5.0,1.0,peripheral,34775.4801163249,298.42740343094147,0.0,0.0,34477.05271289396,34477.05271289396,1442.4591847553386,1094.7825635649945,153.95619996220842,2691.1979482825413,28849.18369510677,5473.912817824972,153.95619996220842,0.0,330.3391655568878,373.0342542886767,0.0,100,0,0.0,0,0,0.0,0.0,0.0,0.0,0.0,0.0,0,0.0,0.0,0,0,0,13.115700244903564,1.0,0.0,0.0,True,feasible,benchmark_feasibility_aware_alns
S0070_R03,7002029,feasibility_aware_alns,S0070,n100_p0.75_d3_uniform_Ehigh_V1.25_Hmedium_PWmoderate_B0.10,100,0.75,0.75,3,3,high,1.25,uniform,medium,moderate,0.1,20.0,5.0,1.0,peripheral,40185.72821896131,333.7864407259775,0.0,0.0,39851.941778235334,39851.941778235334,1688.5201864401329,1202.0781842994058,71.14712793564553,2961.7454986751845,33770.40372880266,6010.390921497029,71.14712793564553,0.0,306.3282955874939,417.2330509074719,0.0,100,0,0.0,0,0,0.0,0.0,0.0,0.0,0.0,0.0,0,0.0,0.0,0,0,0,11.824885129928589,1.0,0.0,0.0,True,feasible,benchmark_feasibility_aware_alns
S0070_R04,7002030,feasibility_aware_alns,S0070,n100_p0.75_d3_uniform_Ehigh_V1.25_Hmedium_PWmoderate_B0.10,100,0.75,0.75,3,3,high,1.25,uniform,medium,moderate,0.1,20.0,5.0,1.0,peripheral,15514.047206996906,301.9743590491535,0.0,0.0,15212.072847947751,15212.072847947751,706.8711124347723,214.9301198504616,0.0,921.8012322852339,14137.422248695446,1074.650599252308,0.0,0.0,263.70376859445287,377.46794881144194,0.0,100,0,0.0,0,0,0.0,0.0,0.0,0.0,0.0,0.0,0,0.0,0.0,0,0,0,11.79581904411316,1.0,0.0,0.0,True,feasible,benchmark_feasibility_aware_alns
S0070_R05,7002031,feasibility_aware_alns,S0070,n100_p0.75_d3_uniform_Ehigh_V1.25_Hmedium_PWmoderate_B0.10,100,0.75,0.75,3,3,high,1.25,uniform,medium,moderate,0.1,20.0,5.0,1.0,peripheral,40817.431464486435,328.91561249824434,0.0,0.0,40488.51585198819,40488.51585198819,1828.6130418290297,778.1894869638252,25.307580588487724,2632.1101093813427,36572.26083658059,3890.947434819126,25.307580588487724,0.0,309.0718935190448,411.14451562280533,0.0,100,0,0.0,0,0,0.0,0.0,0.0,0.0,0.0,0.0,0,0.0,0.0,0,0,0,11.922524213790894,1.0,0.0,0.0,True,feasible,benchmark_feasibility_aware_alns
S0070_R06,7002032,feasibility_aware_alns,S0070,n100_p0.75_d3_uniform_Ehigh_V1.25_Hmedium_PWmoderate_B0.10,100,0.75,0.75,3,3,high,1.25,uniform,medium,moderate,0.1,20.0,5.0,1.0,peripheral,28740.06202709631,297.7906592472532,0.0,0.0,28442.271367849058,28442.271367849058,1172.7919517710445,994.2950025134364,14.95731986099014,2182.0442741454713,23455.83903542089,4971.475012567182,14.95731986099014,0.0,310.4706803917488,372.2383240590666,0.0,100,0,0.0,0,0,0.0,0.0,0.0,0.0,0.0,0.0,0,0.0,0.0,0,0,0,12.333774328231812,1.0,0.0,0.0,True,feasible,benchmark_feasibility_aware_alns
S0070_R07,7002033,feasibility_aware_alns,S0070,n100_p0.75_d3_uniform_Ehigh_V1.25_Hmedium_PWmoderate_B0.10,100,0.75,0.75,3,3,high,1.25,uniform,medium,moderate,0.1,20.0,5.0,1.0,peripheral,30862.478571331285,297.87599454711443,0.0,0.0,30564.60257678417,30564.60257678417,1238.1155418704611,1154.5294131953126,29.644673398384725,2422.2896284641583,24762.310837409223,5772.647065976563,29.644673398384725,0.0,335.0171251832948,372.34499318389294,0.0,100,0,0.0,0,0,0.0,0.0,0.0,0.0,0.0,0.0,0,0.0,0.0,0,0,0,13.545853614807129,1.0,0.0,0.0,True,feasible,benchmark_feasibility_aware_alns
S0070_R08,7002034,feasibility_aware_alns,S0070,n100_p0.75_d3_uniform_Ehigh_V1.25_Hmedium_PWmoderate_B0.10,100,0.75,0.75,3,3,high,1.25,uniform,medium,moderate,0.1,20.0,5.0,1.0,peripheral,21120.178865721475,317.4048023852268,0.0,0.0,20802.77406333625,20802.77406333625,862.8666124498734,696.2858892999349,64.01236783911301,1623.1648695889214,17257.332248997467,3481.429446499674,64.01236783911301,0.0,319.6160270822881,396.7560029815335,0.0,100,0,0.0,0,0,0.0,0.0,0.0,0.0,0.0,0.0,0,0.0,0.0,0,0,0,12.549911260604858,1.0,0.0,0.0,True,feasible,benchmark_feasibility_aware_alns
S0070_R09,7002035,feasibility_aware_alns,S0070,n100_p0.75_d3_uniform_Ehigh_V1.25_Hmedium_PWmoderate_B0.10,100,0.75,0.75,3,3,high,1.25,uniform,medium,moderate,0.1,20.0,5.0,1.0,peripheral,33052.851607656274,284.0258208720062,0.0,0.0,32768.82578678427,32768.82578678427,1530.96913537865,429.8886158422546,0.0,1960.8577512209044,30619.382707573,2149.443079211273,0.0,0.0,249.62873798632245,355.03227609000777,0.0,100,0,0.0,0,0,0.0,0.0,0.0,0.0,0.0,0.0,0,0.0,0.0,0,0,0,12.826225996017456,1.0,0.0,0.0,True,feasible,benchmark_feasibility_aware_alns
S0070_R10,7002036,feasibility_aware_alns,S0070,n100_p0.75_d3_uniform_Ehigh_V1.25_Hmedium_PWmoderate_B0.10,100,0.75,0.75,3,3,high,1.25,uniform,medium,moderate,0.1,20.0,5.0,1.0,peripheral,19487.305096378794,317.1526167125613,0.0,0.0,19170.15247966623,19170.15247966623,801.7494962204169,627.0325110515795,0.0,1428.7820072719965,16034.989924408337,3135.1625552578976,0.0,0.0,271.00354993093606,396.44077089070163,0.0,100,0,0.0,0,0,0.0,0.0,0.0,0.0,0.0,0.0,0,0.0,0.0,0,0,0,12.01502776145935,1.0,0.0,0.0,True,feasible,benchmark_feasibility_aware_alns
S0071_R01,7102027,feasibility_aware_alns,S0071,n100_p0.75_d3_uniform_Ehigh_V1.25_Hlong_PWbase_B0.10,100,0.75,0.75,3,3,high,1.25,uniform,long,base,0.1,100.0,20.0,1.0,peripheral,181424.54037525604,326.1272296560696,0.0,0.0,181098.41314559997,181098.41314559997,1620.7220172379455,951.3105710902719,0.0,2572.0325883282176,162072.20172379454,19026.211421805438,0.0,0.0,286.66095816088574,407.659037070087,0.0,100,0,0.0,0,0,0.0,0.0,0.0,0.0,0.0,0.0,0,0.0,0.0,0,0,0,12.658915281295776,1.0,0.0,0.0,True,feasible,benchmark_feasibility_aware_alns
S0071_R02,7102028,feasibility_aware_alns,S0071,n100_p0.75_d3_uniform_Ehigh_V1.25_Hlong_PWbase_B0.10,100,0.75,0.75,3,3,high,1.25,uniform,long,base,0.1,100.0,20.0,1.0,peripheral,128587.65484876325,307.1439251090319,0.0,0.0,128280.51092365422,128280.51092365422,1137.3840106692573,726.4202946819034,13.703963090417489,1877.5082684415784,113738.40106692574,14528.405893638068,13.703963090417489,0.0,276.99343349566783,383.9299063862897,0.0,100,0,0.0,0,0,0.0,0.0,0.0,0.0,0.0,0.0,0,0.0,0.0,0,0,0,11.825496912002563,1.0,0.0,0.0,True,feasible,benchmark_feasibility_aware_alns
S0071_R03,7102029,feasibility_aware_alns,S0071,n100_p0.75_d3_uniform_Ehigh_V1.25_Hlong_PWbase_B0.10,100,0.75,0.75,3,3,high,1.25,uniform,long,base,0.1,100.0,20.0,1.0,peripheral,202155.082819361,309.03330280616547,0.0,0.0,201846.04951655483,201846.04951655483,1851.589741250155,834.3537695769671,0.0,2685.943510827122,185158.9741250155,16687.075391539343,0.0,0.0,284.42850904023993,386.2916285077068,0.0,100,0,0.0,0,0,0.0,0.0,0.0,0.0,0.0,0.0,0,0.0,0.0,0,0,0,12.5629301071167,1.0,0.0,0.0,True,feasible,benchmark_feasibility_aware_alns
S0071_R04,7102030,feasibility_aware_alns,S0071,n100_p0.75_d3_uniform_Ehigh_V1.25_Hlong_PWbase_B0.10,100,0.75,0.75,3,3,high,1.25,uniform,long,base,0.1,100.0,20.0,1.0,peripheral,155965.81856155425,297.93370184107886,0.0,0.0,155667.88485971317,155667.88485971317,1448.2669932611327,538.2075058302155,77.03541699564641,2063.5099160869945,144826.69932611327,10764.150116604309,77.03541699564641,0.0,327.21240470771954,372.41712730134856,0.0,100,0,0.0,0,0,0.0,0.0,0.0,0.0,0.0,0.0,0,0.0,0.0,0,0,0,12.75050687789917,1.0,0.0,0.0,True,feasible,benchmark_feasibility_aware_alns
S0071_R05,7102031,feasibility_aware_alns,S0071,n100_p0.75_d3_uniform_Ehigh_V1.25_Hlong_PWbase_B0.10,100,0.75,0.75,3,3,high,1.25,uniform,long,base,0.1,100.0,20.0,1.0,peripheral,161542.33976398627,330.41821583787544,0.0,0.0,161211.92154814838,161211.92154814838,1470.7407460740558,702.8246344800647,81.3542511415404,2254.919631695661,147074.07460740558,14056.492689601293,81.3542511415404,0.0,309.96186927550104,413.02276979734427,0.0,100,0,0.0,0,0,0.0,0.0,0.0,0.0,0.0,0.0,0,0.0,0.0,0,0,0,12.992509841918945,1.0,0.0,0.0,True,feasible,benchmark_feasibility_aware_alns
S0071_R06,7102032,feasibility_aware_alns,S0071,n100_p0.75_d3_uniform_Ehigh_V1.25_Hlong_PWbase_B0.10,100,0.75,0.75,3,3,high,1.25,uniform,long,base,0.1,100.0,20.0,1.0,peripheral,115244.52449409475,309.6781531279821,0.0,0.0,114934.84634096676,114934.84634096676,960.6674565835284,943.4050341306962,0.0,1904.0724907142246,96066.74565835284,18868.100682613924,0.0,0.0,263.57618102081614,387.09769140997764,0.0,100,0,0.0,0,0,0.0,0.0,0.0,0.0,0.0,0.0,0,0.0,0.0,0,0,0,12.297993183135986,1.0,0.0,0.0,True,feasible,benchmark_feasibility_aware_alns
S0071_R07,7102033,feasibility_aware_alns,S0071,n100_p0.75_d3_uniform_Ehigh_V1.25_Hlong_PWbase_B0.10,100,0.75,0.75,3,3,high,1.25,uniform,long,base,0.1,100.0,20.0,1.0,peripheral,145241.25969646734,321.7332668066817,0.0,0.0,144919.52642966065,144919.52642966065,1211.43582819932,1188.7971804864342,0.0,2400.233008685754,121143.582819932,23775.94360972868,0.0,0.0,264.1701107401059,402.16658350835206,0.0,100,0,0.0,0,0,0.0,0.0,0.0,0.0,0.0,0.0,0,0.0,0.0,0,0,0,11.99659514427185,1.0,0.0,0.0,True,feasible,benchmark_feasibility_aware_alns
S0071_R08,7102034,feasibility_aware_alns,S0071,n100_p0.75_d3_uniform_Ehigh_V1.25_Hlong_PWbase_B0.10,100,0.75,0.75,3,3,high,1.25,uniform,long,base,0.1,100.0,20.0,1.0,peripheral,133684.29550326563,320.0836306914079,0.0,0.0,133364.21187257423,133364.21187257423,1141.1969216593327,959.1614559091192,61.29058845855161,2161.6489660270036,114119.69216593327,19183.229118182386,61.29058845855161,0.0,332.0399100936018,400.1045383642597,0.0,100,0,0.0,0,0,0.0,0.0,0.0,0.0,0.0,0.0,0,0.0,0.0,0,0,0,11.753940343856812,1.0,0.0,0.0,True,feasible,benchmark_feasibility_aware_alns
S0071_R09,7102035,feasibility_aware_alns,S0071,n100_p0.75_d3_uniform_Ehigh_V1.25_Hlong_PWbase_B0.10,100,0.75,0.75,3,3,high,1.25,uniform,long,base,0.1,100.0,20.0,1.0,peripheral,181416.95157539126,345.4648250985341,0.0,0.0,181071.4867502927,181071.4867502927,1652.1839817339053,788.061382950188,91.86091789840609,2532.1062825824993,165218.39817339054,15761.22765900376,91.86091789840609,0.0,304.80272271379636,431.83103137316755,0.0,100,0,0.0,0,0,0.0,0.0,0.0,0.0,0.0,0.0,0,0.0,0.0,0,0,0,12.380258798599243,1.0,0.0,0.0,True,feasible,benchmark_feasibility_aware_alns
S0071_R10,7102036,feasibility_aware_alns,S0071,n100_p0.75_d3_uniform_Ehigh_V1.25_Hlong_PWbase_B0.10,100,0.75,0.75,3,3,high,1.25,uniform,long,base,0.1,100.0,20.0,1.0,peripheral,134233.09025838668,313.4335336482134,0.0,0.0,133919.65672473848,133919.65672473848,1117.856120965057,1104.1182352621981,51.67992298882845,2273.6542792160835,111785.6120965057,22082.364705243963,51.67992298882845,0.0,309.23628474686586,391.7919170602667,0.0,100,0,0.0,0,0,0.0,0.0,0.0,0.0,0.0,0.0,0,0.0,0.0,0,0,0,13.507184267044067,1.0,0.0,0.0,True,feasible,benchmark_feasibility_aware_alns
S0072_R01,7202027,feasibility_aware_alns,S0072,n100_p0.75_d3_uniform_Ehigh_V2.00_Hshort_PWmoderate_B0.10,100,0.75,0.75,3,3,high,2.0,uniform,short,moderate,0.1,20.0,5.0,1.0,peripheral,30049.505141926442,326.7429768625025,0.0,0.0,29722.76216506394,29722.76216506394,1218.6898383775244,1069.7930795026894,0.0,2288.482917880214,24373.796767550488,5348.965397513447,0.0,0.0,277.10730180808906,408.428721078128,0.0,100,0,0.0,0,0,0.0,0.0,0.0,0.0,0.0,0.0,0,0.0,0.0,0,0,0,11.810662746429443,1.0,0.0,0.0,True,feasible,benchmark_feasibility_aware_alns
S0072_R02,7202028,feasibility_aware_alns,S0072,n100_p0.75_d3_uniform_Ehigh_V2.00_Hshort_PWmoderate_B0.10,100,0.75,0.75,3,3,high,2.0,uniform,short,moderate,0.1,20.0,5.0,1.0,peripheral,36809.76729552642,315.59147485186514,0.0,0.0,36494.17582067456,36494.17582067456,1560.0075788509291,1055.7502699983597,15.272893664188587,2631.030742513478,31200.151577018583,5278.751349991799,15.272893664188587,0.0,300.9433103251265,394.4893435648315,0.0,100,0,0.0,0,0,0.0,0.0,0.0,0.0,0.0,0.0,0,0.0,0.0,0,0,0,11.756713390350342,1.0,0.0,0.0,True,feasible,benchmark_feasibility_aware_alns
S0072_R03,7202029,feasibility_aware_alns,S0072,n100_p0.75_d3_uniform_Ehigh_V2.00_Hshort_PWmoderate_B0.10,100,0.75,0.75,3,3,high,2.0,uniform,short,moderate,0.1,20.0,5.0,1.0,peripheral,27796.701687512646,319.0723904092911,0.0,0.0,27477.629297103354,27477.629297103354,1335.7135712828197,149.84907565242625,14.112493184822767,1499.6751401200688,26714.271425656392,749.2453782621312,14.112493184822767,0.0,289.90283164290815,398.8404880116138,0.0,100,0,0.0,0,0,0.0,0.0,0.0,0.0,0.0,0.0,0,0.0,0.0,0,0,0,11.874095916748047,1.0,0.0,0.0,True,feasible,benchmark_feasibility_aware_alns
S0072_R04,7202030,feasibility_aware_alns,S0072,n100_p0.75_d3_uniform_Ehigh_V2.00_Hshort_PWmoderate_B0.10,100,0.75,0.75,3,3,high,2.0,uniform,short,moderate,0.1,20.0,5.0,1.0,peripheral,39817.730982270354,329.18145323666965,0.0,0.0,39488.549529033684,39488.549529033684,1729.7888240123468,978.5279907326375,0.13309512354777553,2708.449909868532,34595.77648024694,4892.639953663187,0.13309512354777553,0.0,291.81573675545644,411.47681654583715,0.0,100,0,0.0,0,0,0.0,0.0,0.0,0.0,0.0,0.0,0,0.0,0.0,0,0,0,11.520223379135132,1.0,0.0,0.0,True,feasible,benchmark_feasibility_aware_alns
S0072_R05,7202031,feasibility_aware_alns,S0072,n100_p0.75_d3_uniform_Ehigh_V2.00_Hshort_PWmoderate_B0.10,100,0.75,0.75,3,3,high,2.0,uniform,short,moderate,0.1,20.0,5.0,1.0,peripheral,27137.253193020802,296.91855132992663,0.0,0.0,26840.334641690875,26840.334641690875,1202.831034506788,556.3329610594441,2.0491462578890207,1761.2131418241213,24056.62069013576,2781.6648052972205,2.0491462578890207,0.0,267.3371742258219,371.14818916240813,0.0,100,0,0.0,0,0,0.0,0.0,0.0,0.0,0.0,0.0,0,0.0,0.0,0,0,0,12.46383786201477,1.0,0.0,0.0,True,feasible,benchmark_feasibility_aware_alns
S0072_R06,7202032,feasibility_aware_alns,S0072,n100_p0.75_d3_uniform_Ehigh_V2.00_Hshort_PWmoderate_B0.10,100,0.75,0.75,3,3,high,2.0,uniform,short,moderate,0.1,20.0,5.0,1.0,peripheral,39848.93020582704,329.5099223719481,0.0,0.0,39519.42028345509,39519.42028345509,1697.7624021472516,1097.8891446679452,74.72651717033213,2870.3780639855286,33955.24804294503,5489.445723339726,74.72651717033213,0.0,304.6666486017469,411.8874029649351,0.0,100,0,0.0,0,0,0.0,0.0,0.0,0.0,0.0,0.0,0,0.0,0.0,0,0,0,12.231409549713135,1.0,0.0,0.0,True,feasible,benchmark_feasibility_aware_alns
S0072_R07,7202033,feasibility_aware_alns,S0072,n100_p0.75_d3_uniform_Ehigh_V2.00_Hshort_PWmoderate_B0.10,100,0.75,0.75,3,3,high,2.0,uniform,short,moderate,0.1,20.0,5.0,1.0,peripheral,51429.768175567755,335.54828138189856,0.0,0.0,51094.21989418586,51094.21989418586,2199.635422016225,1410.4596199711366,49.21335400568421,3659.308395993046,43992.7084403245,7052.298099855683,49.21335400568421,0.0,317.00876140308446,419.43535172737336,0.0,100,0,0.0,0,0,0.0,0.0,0.0,0.0,0.0,0.0,0,0.0,0.0,0,0,0,12.411940813064575,1.0,0.0,0.0,True,feasible,benchmark_feasibility_aware_alns
S0072_R08,7202034,feasibility_aware_alns,S0072,n100_p0.75_d3_uniform_Ehigh_V2.00_Hshort_PWmoderate_B0.10,100,0.75,0.75,3,3,high,2.0,uniform,short,moderate,0.1,20.0,5.0,1.0,peripheral,12506.41079568518,316.2844511246672,0.0,0.0,12190.126344560513,12190.126344560513,376.3931850883357,928.7332643178154,18.596321204722926,1323.722770610874,7527.863701766714,4643.666321589077,18.596321204722926,0.0,286.88595358088526,395.355563905834,0.0,100,0,0.0,0,0,0.0,0.0,0.0,0.0,0.0,0.0,0,0.0,0.0,0,0,0,12.226291179656982,1.0,0.0,0.0,True,feasible,benchmark_feasibility_aware_alns
S0072_R09,7202035,feasibility_aware_alns,S0072,n100_p0.75_d3_uniform_Ehigh_V2.00_Hshort_PWmoderate_B0.10,100,0.75,0.75,3,3,high,2.0,uniform,short,moderate,0.1,20.0,5.0,1.0,peripheral,24500.926129501953,310.50247236841824,0.0,0.0,24190.423657133535,24190.423657133535,1080.4113045906809,513.4807850368495,14.793640135664134,1608.6857297631946,21608.226091813616,2567.403925184248,14.793640135664134,0.0,270.0929307990206,388.1280904605228,0.0,100,0,0.0,0,0,0.0,0.0,0.0,0.0,0.0,0.0,0,0.0,0.0,0,0,0,11.839763641357422,1.0,0.0,0.0,True,feasible,benchmark_feasibility_aware_alns
S0072_R10,7202036,feasibility_aware_alns,S0072,n100_p0.75_d3_uniform_Ehigh_V2.00_Hshort_PWmoderate_B0.10,100,0.75,0.75,3,3,high,2.0,uniform,short,moderate,0.1,20.0,5.0,1.0,peripheral,34804.59518668398,338.01565269348043,0.0,0.0,34466.5795339905,34466.5795339905,1448.7655152487582,1093.759022337105,22.474117329813822,2564.998654915677,28975.310304975166,5468.795111685526,22.474117329813822,0.0,295.6558960102782,422.51956586685077,0.0,100,0,0.0,0,0,0.0,0.0,0.0,0.0,0.0,0.0,0,0.0,0.0,0,0,0,12.325535535812378,1.0,0.0,0.0,True,feasible,benchmark_feasibility_aware_alns
