instance_id,scenario_id,n,pair_feasible,objective_for_reporting_nils,objective_for_reporting_feasibility_aware_alns,objective_diff_nils_minus_alns,nils_improvement_vs_alns_pct,cpu_time_seconds_nils,cpu_time_seconds_feasibility_aware_alns,winner
S0001_R01,S0001,15,True,53.03779646544466,46.70221299137072,6.335583474073935,-13.565917048180513,0.3790974617004394,6.008115768432617,alns
S0001_R02,S0001,15,True,56.1441439138403,54.8605950804564,1.2835488333839038,-2.339655323646237,0.3269202709197998,8.128567218780518,alns
S0001_R03,S0001,15,True,110.63492575460452,138.51189987410237,-27.876974119497845,20.12604992411198,0.4337894916534424,7.666522979736328,nils
S0001_R04,S0001,15,True,57.61776809891522,47.93389622101652,9.683871877898703,-20.20255527163433,0.4482090473175049,7.172651529312134,alns
S0001_R05,S0001,15,True,120.68266230599144,768.0699736451174,-647.387311339126,84.28754326467757,0.9061577320098876,6.959628820419312,nils
S0001_R06,S0001,15,True,51.94468889233459,52.58128662325035,-0.63659773091576,1.2106925710605754,0.4188220500946045,6.141798257827759,nils
S0001_R07,S0001,15,True,84.80818324004568,58.239930528297066,26.568252711748613,-45.61862019879966,0.4054708480834961,6.508563041687012,alns
S0001_R08,S0001,15,True,127.12462838406373,364.6330978494311,-237.5084694653674,65.13628929084281,0.7317497730255127,6.105522871017456,nils
S0001_R09,S0001,15,True,64.9874093857662,527.0432090560558,-462.0557996702896,87.66943425717223,0.3638031482696533,7.476306915283203,nils
S0001_R10,S0001,15,True,117.46324412447456,263.09679786311284,-145.63355373863828,55.35360176234842,0.3716058731079101,5.213138580322266,nils
S0002_R01,S0002,15,True,79.5340332503585,55.19722611918883,24.336807131169678,-44.09063433480981,0.3675611019134521,6.196138858795166,alns
S0002_R02,S0002,15,True,126.0112444808305,4174.214860747001,-4048.2036162661702,96.98119889165744,0.4452462196350097,4.956932544708252,nils
S0002_R03,S0002,15,True,129.5818202799879,5150.675378608322,-5021.0935583283335,97.48417807850666,0.6579334735870361,5.060342073440552,nils
S0002_R04,S0002,15,True,127.34704817617217,2735.41820466914,-2608.071156492968,95.34451266139851,0.3588345050811767,4.83027982711792,nils
S0002_R05,S0002,15,True,50.37734462428956,50.40531512581556,-0.027970501525999225,0.05549117480206738,0.4443845748901367,6.590772867202759,nils
S0002_R06,S0002,15,True,109.9629880183224,1325.812678414423,-1215.8496903961006,91.70599362876584,0.65860915184021,5.0033228397369385,nils
S0002_R07,S0002,15,True,51.48609360079755,52.11198512249175,-0.6258915216942,1.2010510062570283,0.3554728031158447,4.860843181610107,nils
S0002_R08,S0002,15,True,120.3040632275464,1437.489880239382,-1317.1858170118358,91.6309627718901,0.3136153221130371,4.80338978767395,nils
S0002_R09,S0002,15,True,53.95772742828159,53.29783531822356,0.6598921100580313,-1.2381217850932145,0.602820634841919,4.952904939651489,alns
S0002_R10,S0002,15,True,114.36294451497264,3011.101919636883,-2896.7389751219102,96.20195703874533,0.3369660377502441,4.696626901626587,nils
S0003_R01,S0003,15,True,149.68504909511205,249.02982658047404,-99.34477748536199,39.892722429880784,0.3245761394500732,6.272380113601685,nils
S0003_R02,S0003,15,True,163.7301870117479,160.6974190661904,3.032767945557481,-1.8872536741292032,0.312230110168457,9.017079830169678,alns
S0003_R03,S0003,15,True,184.735133865604,249.69652362826216,-64.96138976265814,26.01613703656122,0.4273631572723388,7.268167734146118,nils
S0003_R04,S0003,15,True,176.321153490268,166.93723569500895,9.383917795259038,-5.621225100673927,0.241999864578247,6.291417360305786,alns
S0003_R05,S0003,15,True,206.8633452659518,210.99449083036788,-4.131145564416073,1.9579400145273784,0.5054526329040527,6.149415731430054,nils
S0003_R06,S0003,15,True,110.10697172047657,110.10697172047657,0.0,0.0,0.332526683807373,6.438338041305542,tie
S0003_R07,S0003,15,True,141.73847650124225,149.30047795079275,-7.5620014495505075,5.064954615914111,0.5099010467529297,6.689680337905884,nils
S0003_R08,S0003,15,True,117.66212562607572,176.3789803812805,-58.71685475520479,33.29016565821839,0.3685152530670166,4.40389609336853,nils
S0003_R09,S0003,15,True,133.1840099242935,129.41641717915866,3.7675927451348343,-2.911217005736712,0.2667927742004394,6.0813069343566895,alns
S0003_R10,S0003,15,True,94.4517297227878,106.9941565896716,-12.542426866883801,11.722534451095951,0.2342164516448974,6.541982650756836,nils
S0004_R01,S0004,15,True,145.09472126792184,178.90983491596916,-33.815113648047316,18.900645492143955,0.3372516632080078,6.811702013015747,nils
S0004_R02,S0004,15,True,144.14123229716597,154.47090985194325,-10.329677554777277,6.687134532112248,0.3437743186950683,10.00633955001831,nils
S0004_R03,S0004,15,True,129.51866792428902,128.98104001270178,0.5376279115872364,-0.41682708678290387,0.2181084156036377,6.434334993362427,alns
S0004_R04,S0004,15,True,164.05260167805503,651.3876022687884,-487.33500059073344,74.81490266215408,0.3022692203521728,4.968854188919067,nils
S0004_R05,S0004,15,True,280.94736730688896,846.1265709709583,-565.1792036640693,66.79605901224771,0.2574260234832763,6.047274589538574,nils
S0004_R06,S0004,15,True,151.53376382031902,399.9310251178938,-248.39726129757477,62.110025403593255,0.3489613533020019,6.031199216842651,nils
S0004_R07,S0004,15,True,190.4617199405321,201.45064563288463,-10.988925692352524,5.4548972319395235,0.281412124633789,6.745355606079102,nils
S0004_R08,S0004,15,True,144.42221876104006,144.42221876104006,0.0,0.0,0.2106585502624511,6.311334848403931,tie
S0004_R09,S0004,15,True,138.3385652556197,584.0802820626009,-445.7417168069812,76.31514545105073,0.3375608921051025,6.857192993164063,nils
S0004_R10,S0004,15,True,105.75975832881564,800.9406168513124,-695.1808585224967,86.79555561252688,0.2818305492401123,5.643328666687012,nils
S0005_R01,S0005,15,True,163.67552262768675,4232.511862478565,-4068.8363398508777,96.13289866760496,0.2222537994384765,8.109488487243652,nils
S0005_R02,S0005,15,True,153.91188224849066,2340.8763636666117,-2186.964481418121,93.42503155495953,0.3503296375274658,7.14903450012207,nils
S0005_R03,S0005,15,True,160.77675865454702,3707.792287807313,-3547.0155291527662,95.66381430849715,0.2870645523071289,6.29032301902771,nils
S0005_R04,S0005,15,True,2497.107441353296,4267.321607879352,-1770.214166526056,41.48302680673194,0.1863784790039062,6.012902021408081,nils
S0005_R05,S0005,15,True,1984.569748927423,2138.157238643127,-153.58748971570412,7.183170953936513,0.2311861515045166,5.327642440795898,nils
S0005_R06,S0005,15,True,270.58369617509845,11837.040644584058,-11566.456948408959,97.71409337604241,0.2696132659912109,6.519538640975952,nils
S0005_R07,S0005,15,True,118.66495236114092,119.28758863667775,-0.6226362755368342,0.5219623287324883,0.1990637779235839,7.323081970214844,nils
S0005_R08,S0005,15,True,142.77615223986956,141.35707996937782,1.4190722704917391,-1.0038918961817496,0.3514144420623779,6.6916680335998535,alns
S0005_R09,S0005,15,True,114.88235699844014,109.48736033520538,5.394996663234764,-4.927506377647153,0.3662347793579101,5.687269687652588,alns
S0005_R10,S0005,15,True,3330.7348241267773,6073.178059351549,-2742.4432352247713,45.15664135685806,0.2870769500732422,8.40413761138916,nils
S0006_R01,S0006,15,True,150.7339340833405,160.19725157341696,-9.463317490076463,5.90729079127772,0.2642552852630615,6.395524024963379,nils
S0006_R02,S0006,15,True,154.21602104946405,150.00020913557682,4.215811913887222,-2.810537357369139,0.2495872974395752,6.58148193359375,alns
S0006_R03,S0006,15,True,117.80304351518096,112.67369093555646,5.129352579624495,-4.552395982624035,0.3385629653930664,6.341639041900635,alns
S0006_R04,S0006,15,True,144.72815534525495,154.71503516016116,-9.986879814906217,6.45501570326878,0.2670159339904785,5.888103246688843,nils
S0006_R05,S0006,15,True,155.49125018570393,273.1861154025674,-117.69486521686346,43.082301252180464,0.3681080341339111,5.094797134399414,nils
S0006_R06,S0006,15,True,131.52774261089803,132.31005759565454,-0.7823149847565105,0.5912740111921803,0.3709151744842529,6.551941156387329,nils
S0006_R07,S0006,15,True,124.65368663962718,118.28681515516,6.3668714844671825,-5.38257072533028,0.2788119316101074,6.654270887374878,alns
S0006_R08,S0006,15,True,153.7495726159017,150.94382243709546,2.8057501788062496,-1.8588042448544204,0.8932182788848877,6.697469711303711,alns
S0006_R09,S0006,15,True,144.25660376969,147.8556684074262,-3.5990646377362054,2.4341742704234655,0.3791029453277588,5.3340559005737305,nils
S0006_R10,S0006,15,True,131.8894440925127,131.8894440925127,0.0,0.0,0.261094331741333,8.654749870300293,tie
S0007_R01,S0007,15,True,136.56630469198728,10957.177073873076,-10820.610769181088,98.75363605268711,0.4524474143981933,6.173966407775879,nils
S0007_R02,S0007,15,True,173.11822971416262,5747.109292144813,-5573.99106243065,96.9877338168811,0.2662017345428467,6.450715780258179,nils
S0007_R03,S0007,15,True,133.11213855755642,130.63516423345345,2.4769743241029687,-1.8961007464088735,0.2663455009460449,6.636033296585083,alns
S0007_R04,S0007,15,True,161.88734336940064,596.7286486135741,-434.8413052441735,72.87086119536475,0.3320240974426269,5.240938663482666,nils
S0007_R05,S0007,15,True,159.19948876355738,167.3897958184583,-8.190307054900927,4.892954803400131,0.2357373237609863,7.082008123397827,nils
S0007_R06,S0007,15,True,971.1415675461238,8329.760624372731,-7358.619056826607,88.3413028136177,0.2708394527435303,5.670328855514526,nils
S0007_R07,S0007,15,True,105.26531090278613,104.8659929896266,0.39931791315952125,-0.3807887588486593,0.2818949222564697,6.08017897605896,alns
S0007_R08,S0007,15,True,133.8023827390843,2384.978549548642,-2251.176166809558,94.38978674401888,0.4875345230102539,6.9119274616241455,nils
S0007_R09,S0007,15,True,139.42091098453105,6552.87282078321,-6413.451909798679,97.87236964919659,0.2651400566101074,8.852959394454956,nils
S0007_R10,S0007,15,True,98.74760343977916,99.92491943209409,-1.1773159923149308,1.178200592010483,0.2242927551269531,9.457401752471924,nils
S0008_R01,S0008,15,True,111.2819180257678,119.95591235174014,-8.673994325972345,7.230985247761749,0.2183320522308349,6.645100831985474,nils
S0008_R02,S0008,15,True,156.96087051298204,151.98483330925288,4.976037203729163,-3.2740353727296685,0.2353951930999755,6.820018529891968,alns
S0008_R03,S0008,15,True,123.1138138757087,135.70417069168315,-12.590356815974445,9.277796512665375,0.2005689144134521,5.779131174087524,nils
S0008_R04,S0008,15,True,118.20683449184484,187.41363043685877,-69.20679594501392,36.927301276696774,0.180011510848999,6.371030807495117,nils
S0008_R05,S0008,15,True,160.0871327180554,162.23630673833395,-2.149174020278565,1.3247182850044183,0.1848030090332031,6.445875644683838,nils
S0008_R06,S0008,15,True,168.10453222814309,172.5585230895689,-4.453990861425808,2.5811479964475024,0.2230846881866455,6.109664440155029,nils
S0008_R07,S0008,15,True,155.29161725033555,152.19659298963384,3.095024260701706,-2.0335700030502712,0.2419817447662353,7.206935167312622,alns
S0008_R08,S0008,15,True,135.26452993974243,133.17102093853612,2.0935090012063142,-1.5720454693912382,0.2331593036651611,8.463826417922974,alns
S0008_R09,S0008,15,True,116.0600456007874,115.03610694913,1.023938651657403,-0.8901019678197193,0.2790501117706299,5.590473413467407,alns
S0008_R10,S0008,15,True,203.9761690284268,201.82135778332253,2.15481124510427,-1.0676824637250222,0.2630703449249267,7.490752220153809,alns
S0009_R01,S0009,15,True,122.2165105464328,54.45422280581951,67.76228774061329,-124.43899526809801,0.2543461322784424,5.762856721878052,alns
S0009_R02,S0009,15,True,54.04078724906575,53.58380899813989,0.4569782509258644,-0.8528289785105199,0.2687375545501709,5.778296947479248,alns
S0009_R03,S0009,15,True,55.98441701584884,56.0141959831247,-0.029778967275859713,0.05316325041036235,0.2664215564727783,5.727873802185059,nils
S0009_R04,S0009,15,True,84.79199057013597,495.71053888983846,-410.9185483197025,82.89485820494545,0.3401665687561035,5.639732122421265,nils
S0009_R05,S0009,15,True,50.146761488164536,50.16246184776347,-0.015700359598930902,0.03129902126131578,0.2334370613098144,5.590473651885986,nils
S0009_R06,S0009,15,True,50.37982166507402,51.24787177260786,-0.8680501075338398,1.69382664588584,0.1871716976165771,5.120078086853027,nils
S0009_R07,S0009,15,True,49.86236405473265,52.36534718983952,-2.5029831351068665,4.779846347686437,0.1797564029693603,5.269870758056641,nils
S0009_R08,S0009,15,True,52.882890001603634,52.59058635468662,0.2923036469170128,-0.5558098267732361,0.2636523246765136,6.563498258590698,alns
S0009_R09,S0009,15,True,51.4501919554812,47.678803139044255,3.7713888164369465,-7.909990536965785,0.1603820323944091,5.08295750617981,alns
S0009_R10,S0009,15,True,51.22884636216674,51.68777581314471,-0.4589294509779691,0.8878877911810994,0.2925562858581543,5.11863374710083,nils
S0010_R01,S0010,15,True,145.80669768803904,1922.4215609487744,-1776.6148632607353,92.41546700006428,0.1648283004760742,6.537502288818359,nils
S0010_R02,S0010,15,True,144.1177379301795,2151.4493254601903,-2007.331587530011,93.30136498105281,0.1723208427429199,5.503673076629639,nils
S0010_R03,S0010,15,True,140.44050427186997,137.97415941768833,2.466344854181642,-1.7875411342172352,0.2316396236419677,6.312723398208618,alns
S0010_R04,S0010,15,True,130.78287674517105,133.66234180540985,-2.8794650602388003,2.1542829650783935,0.1628994941711425,6.169816970825195,nils
S0010_R05,S0010,15,True,174.84286961147097,3314.40225743998,-3139.559387828509,94.72475408743783,0.169318675994873,5.8203864097595215,nils
S0010_R06,S0010,15,True,126.82619028953752,1805.9463584080931,-1679.1201681185557,92.97730025595376,0.212162971496582,8.237478256225586,nils
S0010_R07,S0010,15,True,138.05767699792506,139.19903091712243,-1.1413539191973712,0.8199438686300343,0.1643953323364257,10.018662691116331,nils
S0010_R08,S0010,15,True,977.6736722600627,1874.694622127616,-897.0209498675532,47.84891039211028,0.3340282440185547,5.929090738296509,nils
S0010_R09,S0010,15,True,125.33855081699184,127.31411431957414,-1.975563502582304,1.5517238706333814,0.2202053070068359,6.497394800186157,nils
S0010_R10,S0010,15,True,133.03634344567607,146.02511993367307,-12.988776487997,8.894891847304567,0.2587418556213379,6.164072751998901,nils
S0011_R01,S0011,15,True,91.53332648981906,472.3662315871936,-380.8329050973746,80.62238145553744,0.2060155868530273,4.792848825454712,nils
S0011_R02,S0011,15,True,49.73617519271594,50.72994375450983,-0.9937685617938925,1.958938820438861,0.2705662250518799,7.230738401412964,nils
S0011_R03,S0011,15,True,53.13772275951679,51.8315656188913,1.3061571406254942,-2.5200032548301663,0.287454605102539,6.1431615352630615,alns
S0011_R04,S0011,15,True,86.39606889989915,77.8265684312998,8.569500468599344,-11.01102186737674,0.2665927410125732,6.120544910430908,alns
S0011_R05,S0011,15,True,56.53813559880233,58.26948075598055,-1.7313451571782252,2.9712726709007558,0.2711889743804931,5.689203500747681,nils
S0011_R06,S0011,15,True,123.40147305695729,1274.9119184465812,-1151.510445389624,90.32078441879217,0.2167387008666992,5.061380386352539,nils
S0011_R07,S0011,15,True,50.393084027483,50.393084027483,0.0,0.0,0.2188253402709961,5.229464054107666,tie
S0011_R08,S0011,15,True,117.65082662984656,203.78844834987729,-86.13762172003072,42.26815720788258,0.3168497085571289,5.828874349594116,nils
S0011_R09,S0011,15,True,79.09551003359215,114.236749815303,-35.14123978171085,30.761764352125656,0.2757115364074707,4.873876571655273,nils
S0011_R10,S0011,15,True,58.84713920422532,58.99863448421021,-0.15149527998488566,0.25677760393832555,0.1914288997650146,4.806223392486572,nils
S0012_R01,S0012,15,True,158.66981679769603,2470.669470995493,-2311.999654197797,93.57786143956504,0.1919629573822021,5.471930980682373,nils
S0012_R02,S0012,15,True,8751.667793925168,14668.604545765458,-5916.9367518402905,40.33742087312863,0.1712026596069336,7.050275564193726,nils
S0012_R03,S0012,15,True,2414.0652959853114,6104.40982075138,-3690.3445247660684,60.45374791550006,0.1640582084655761,6.4248576164245605,nils
S0012_R04,S0012,15,True,3763.6431966569626,15585.841152630908,-11822.197955973945,75.85216505288419,0.2181413173675537,7.245675086975098,nils
S0012_R05,S0012,15,True,157.37670922154732,8272.689458557295,-8115.312749335748,98.09763547864405,0.2020158767700195,5.7693071365356445,nils
S0012_R06,S0012,15,True,134.64399165013552,138.99740969629912,-4.353418046163597,3.132013794843768,0.3360188007354736,6.822516679763794,nils
S0012_R07,S0012,15,True,103.57410833371618,115.99443988975084,-12.420331556034654,10.70769561699664,0.2942290306091308,7.42127537727356,nils
S0012_R08,S0012,15,True,1129.0137163016452,6059.513966757057,-4930.500250455411,81.36791626365583,0.161609411239624,6.521429300308228,nils
S0012_R09,S0012,15,True,94.2638812573277,94.2638812573277,0.0,0.0,0.11271333694458,5.28073263168335,tie
S0012_R10,S0012,15,True,129.55593666167312,131.0770220729946,-1.5210854113214793,1.1604516087300278,0.2513751983642578,7.708855628967285,nils
S0013_R01,S0013,15,True,48.78437413549245,46.42824286029753,2.356131275194919,-5.074780198519492,0.3546721935272217,6.599869728088379,alns
S0013_R02,S0013,15,True,54.59678390394686,51.7516273047134,2.845156599233455,-5.497714269893743,0.2368388175964355,5.825635671615601,alns
S0013_R03,S0013,15,True,56.09446563693288,46.10360748508302,9.990858151849864,-21.67044770863634,0.2541320323944092,6.694457054138184,alns
S0013_R04,S0013,15,True,48.703981529123126,50.3700739551112,-1.6660924259880758,3.3077029576586763,0.2531123161315918,7.184020042419434,nils
S0013_R05,S0013,15,True,48.814210335898416,45.50562776272011,3.308582573178306,-7.270710757865468,0.2024033069610595,7.69002628326416,alns
S0013_R06,S0013,15,True,52.9809222814936,52.96763827281261,0.013284008680990667,-0.025079480819157316,0.2304036617279052,6.004563093185425,alns
S0013_R07,S0013,15,True,55.18927519657836,53.54552003786834,1.6437551587100145,-3.0698276112502443,0.2156622409820556,6.542898654937744,alns
S0013_R08,S0013,15,True,47.46723038314938,46.7073128695338,0.7599175136155765,-1.6269775907216761,0.2157518863677978,7.925170421600342,alns
S0013_R09,S0013,15,True,47.71705817900123,44.024030626507695,3.6930275524935325,-8.3886629641537,0.20070481300354,5.070911884307861,alns
S0013_R10,S0013,15,True,50.70301185881845,52.0590181561016,-1.3560062972831517,2.604748121098055,0.2517545223236084,6.463681936264038,nils
S0014_R01,S0014,15,True,51.03714024992516,49.3746934242092,1.6624468257159606,-3.367001818994255,0.2215075492858886,6.332036733627319,alns
S0014_R02,S0014,15,True,53.17606058566907,50.1830343366121,2.9930262490569675,-5.9642193594366635,0.2044510841369629,6.098851919174194,alns
S0014_R03,S0014,15,True,54.4451289342213,48.72226686127702,5.722862072944281,-11.745886309515368,0.242431640625,6.3243443965911865,alns
S0014_R04,S0014,15,True,51.44772445287269,49.9405335836137,1.5071908692589915,-3.017971097035946,0.2353529930114746,7.852594614028931,alns
S0014_R05,S0014,15,True,53.91474842786867,156.30862143699744,-102.39387300912877,65.50750180494693,0.2233755588531494,5.914866209030151,nils
S0014_R06,S0014,15,True,47.55179272565546,49.804546938518726,-2.252754212863266,4.52318985181048,0.2000229358673095,10.003995656967165,nils
S0014_R07,S0014,15,True,55.54393597124644,49.15062040370151,6.393315567544931,-13.007598917435951,0.2394468784332275,6.701232671737671,alns
S0014_R08,S0014,15,True,51.03912991679499,47.24020251756302,3.798927399231971,-8.041725472746652,0.2888035774230957,6.099777698516846,alns
S0014_R09,S0014,15,True,52.74323615613278,51.41035589385108,1.332880262281698,-2.5926299071606245,0.2121059894561767,6.639758586883545,alns
S0014_R10,S0014,15,True,52.63678219311501,50.284893251796746,2.351888941318265,-4.677128237185288,0.2208533287048339,5.844248533248901,alns
S0015_R01,S0015,15,True,51.62118282753261,48.33870243776602,3.28248038976659,-6.790584405927406,0.2692666053771972,6.748034238815308,alns
S0015_R02,S0015,15,True,45.77336147946226,44.20031759828704,1.5730438811752165,-3.5588972356980957,0.3469109535217285,7.58518123626709,alns
S0015_R03,S0015,15,True,46.35223276589971,46.45351956481612,-0.10128679891641212,0.21803902021909813,0.2467167377471923,9.99818730354309,nils
S0015_R04,S0015,15,True,55.73065313528807,98.74437427653334,-43.01372114124526,43.56068024775311,0.309812068939209,7.245382785797119,nils
S0015_R05,S0015,15,True,53.23390278761614,51.55398480387407,1.6799179837420652,-3.258560885512435,0.2736353874206543,5.20764946937561,alns
S0015_R06,S0015,15,True,54.63022509717516,57.67437535591471,-3.044150258739549,5.2781677130506806,0.3170630931854248,6.214722633361816,nils
S0015_R07,S0015,15,True,50.21678114766199,56.345691229406334,-6.128910081744344,10.87733586724679,0.2619709968566894,5.726624011993408,nils
S0015_R08,S0015,15,True,47.97176079945514,49.278219549412434,-1.3064587499572937,2.651189028141077,0.2206661701202392,5.572818994522095,nils
S0015_R09,S0015,15,True,55.36588194608737,54.32934526792143,1.0365366781659375,-1.9078762555564182,0.2090592384338379,6.5495381355285645,alns
S0015_R10,S0015,15,True,51.34299117028323,52.16116371497213,-0.8181725446889061,1.5685473375550114,0.2250659465789795,6.504441499710083,nils
S0016_R01,S0016,15,True,51.460462052231634,52.74462746649755,-1.2841654142659138,2.4346847744475832,0.4415385723114013,6.139538764953613,nils
S0016_R02,S0016,15,True,51.68472070716422,236.04349593722145,-184.35877523005723,78.10373020364416,0.3506567478179931,8.931102752685547,nils
S0016_R03,S0016,15,True,50.25773107348379,49.95089227934749,0.3068387941362971,-0.6142809069762334,0.4325451850891113,6.61930251121521,alns
S0016_R04,S0016,15,True,54.94413465588615,59.93149953430489,-4.987364878418738,8.321775555714172,0.3029136657714844,5.646604776382446,nils
S0016_R05,S0016,15,True,48.83367225467151,48.82281649159185,0.010855763079661074,-0.022235020139673073,0.2555491924285888,4.506972074508667,alns
S0016_R06,S0016,15,True,50.45208489945343,49.10218553969023,1.3498993597631994,-2.7491634943052587,0.2136070728302002,6.507615089416504,alns
S0016_R07,S0016,15,True,51.9327710324099,52.19134843429516,-0.2585774018852547,0.49544112126319845,0.2876639366149902,6.195598840713501,nils
S0016_R08,S0016,15,True,49.61693523402374,49.0964774210194,0.5204578130043416,-1.0600715985003049,0.2315936088562011,6.292966604232788,alns
S0016_R09,S0016,15,True,48.03184596436424,47.1433855263444,0.888460438019834,-1.884591927585153,0.307481050491333,6.418145179748535,alns
S0016_R10,S0016,15,True,51.13048877858116,49.22432983172235,1.9061589468588096,-3.8723918707988094,0.2950906753540039,4.9433207511901855,alns
S0017_R01,S0017,15,True,107.62853585675204,104.74650719557928,2.882028661172754,-2.751431754942934,0.3056869506835937,6.926461458206177,alns
S0017_R02,S0017,15,True,132.31843151984714,130.63379813993302,1.6846333799141178,-1.2895846280987429,0.1763463020324707,6.337745904922485,alns
S0017_R03,S0017,15,True,186.9013776085297,203.31164453441093,-16.410266925881217,8.0714840330278,0.3192992210388183,8.304428577423096,nils
S0017_R04,S0017,15,True,158.41547344126658,180.0420436251023,-21.626570183835724,12.0119555123848,0.2730648517608642,6.485377550125122,nils
S0017_R05,S0017,15,True,120.45569050645943,127.44400101724894,-6.988310510789503,5.483436219052531,0.2606840133666992,6.242980480194092,nils
S0017_R06,S0017,15,True,150.33000119548103,155.20403250928908,-4.874031313808047,3.1404024979288683,0.6493134498596191,7.466909170150757,nils
S0017_R07,S0017,15,True,199.35208017300107,306.7240297973555,-107.37194962435444,35.006044259164256,0.313403844833374,5.102393388748169,nils
S0017_R08,S0017,15,True,145.54934840029594,145.03637249377928,0.5129759065166581,-0.3536877665212291,0.3628544807434082,6.634215354919434,alns
S0017_R09,S0017,15,True,139.7989390308344,164.5176290305073,-24.718689999672904,15.0249490862096,0.3589165210723877,6.194445610046387,nils
S0017_R10,S0017,15,True,132.04553913625264,149.17007273045593,-17.124533594203285,11.479872122303378,0.3409740924835205,6.412858724594116,nils
S0018_R01,S0018,15,True,51.48950867957896,50.73997800762636,0.7495306719525985,-1.4771994419074086,0.4452309608459472,9.341536045074465,alns
S0018_R02,S0018,15,True,53.31293461083861,57.58662020063257,-4.273685589793956,7.421316922063454,0.4242293834686279,8.400594472885132,nils
S0018_R03,S0018,15,True,55.47270451381496,51.0608725253818,4.411831988433164,-8.640338032296826,0.3957955837249756,6.530076265335083,alns
S0018_R04,S0018,15,True,52.432948608634575,46.75843411486012,5.674514493774453,-12.135809509435767,0.2368710041046142,4.653655052185059,alns
S0018_R05,S0018,15,True,54.538742186355606,54.6810283203194,-0.1422861339637933,0.2602111524499622,0.2521150112152099,5.6081249713897705,nils
S0018_R06,S0018,15,True,49.60586255823951,46.39229859179571,3.2135639664438003,-6.9269341334428,0.2368073463439941,6.341158866882324,alns
S0018_R07,S0018,15,True,55.6891169778696,52.32281401938925,3.366302958480354,-6.4337192514777675,0.2646360397338867,5.878509759902954,alns
S0018_R08,S0018,15,True,52.38499987284765,52.84372097209146,-0.4587210992438102,0.8680711554852018,0.3307063579559326,6.030481576919556,nils
S0018_R09,S0018,15,True,49.20545278854719,48.46102095834172,0.7444318302054711,-1.5361455773814647,0.4361188411712646,6.056876659393311,alns
S0018_R10,S0018,15,True,51.92191039276109,49.65310094838948,2.2688094443716125,-4.569320749432876,0.2323517799377441,8.043205499649048,alns
S0019_R01,S0019,15,True,46.13177873540693,45.04382026708846,1.0879584683184689,-2.415333472754735,0.4555020332336426,7.930414199829102,alns
S0019_R02,S0019,15,True,49.85517585418938,50.11590100482507,-0.260725150635686,0.5202443643796484,0.2394568920135498,6.041557788848877,nils
S0019_R03,S0019,15,True,50.19830780863589,49.15544763509087,1.0428601735450158,-2.1215556438154444,0.3833050727844238,6.297833681106567,alns
S0019_R04,S0019,15,True,52.62541522447199,53.33073398732711,-0.7053187628551143,1.3225371378213508,0.4044063091278076,5.667709589004517,nils
S0019_R05,S0019,15,True,48.90717327747696,45.01822200748936,3.8889512699875937,-8.63861586834908,0.2131614685058593,4.891058683395386,alns
S0019_R06,S0019,15,True,48.42442031830218,48.709752489888736,-0.28533217158655333,0.585780376621259,0.2649071216583252,6.3487091064453125,nils
S0019_R07,S0019,15,True,48.00551061675391,42.71346976002626,5.2920408567276525,-12.389629984310597,0.6731252670288086,4.482226610183716,alns
S0019_R08,S0019,15,True,57.89340826565403,56.29237615559331,1.6010321100607214,-2.8441366653904163,0.3034870624542236,6.329756498336792,alns
S0019_R09,S0019,15,True,50.04653353774652,47.643775120518974,2.4027584172275454,-5.043173869303102,0.3456258773803711,6.317872285842896,alns
S0019_R10,S0019,15,True,51.47686776738307,48.90960798847984,2.567259778903228,-5.248988663961323,0.2879517078399658,8.468957901000977,alns
S0020_R01,S0020,15,True,149.52496708413838,165.00669306157266,-15.48172597743428,9.382483637592346,0.2488312721252441,7.646106958389282,nils
S0020_R02,S0020,15,True,110.716383233212,99.03526592763411,11.681117305577885,-11.794906790186614,0.29555344581604,6.768624782562256,alns
S0020_R03,S0020,15,True,80.02503920052875,95.24965935992296,-15.224620159394206,15.983910348555098,0.264411449432373,5.598412275314331,nils
S0020_R04,S0020,15,True,131.7588844024568,126.78113099390356,4.977753408553241,-3.9262572983298303,0.193228006362915,6.555275201797485,alns
S0020_R05,S0020,15,True,146.82289867976658,158.45277551127853,-11.62987683151195,7.339648544486459,0.1804502010345459,7.670382022857666,nils
S0020_R06,S0020,15,True,112.10855229884696,112.7750840236062,-0.6665317247592384,0.5910274689928134,0.2023115158081054,6.880197763442993,nils
S0020_R07,S0020,15,True,131.55807687574827,129.64877757992355,1.9092992958247237,-1.4726704959849801,0.267399787902832,7.758943557739258,alns
S0020_R08,S0020,15,True,118.67568924802116,143.64374806187772,-24.96805881385656,17.38193214166273,0.2687273025512695,7.793066024780273,nils
S0020_R09,S0020,15,True,116.55111293390748,121.01284072871728,-4.4617277948098035,3.686987073389974,0.3502717018127441,6.555218696594238,nils
S0020_R10,S0020,15,True,120.09615438239962,125.51290913729687,-5.416754754897255,4.315695327380182,0.1689555644989013,6.655989408493042,nils
S0021_R01,S0021,15,True,307.67287197453345,315.3112290087381,-7.63835703420466,2.4224817676864214,0.2312564849853515,6.888300657272339,nils
S0021_R02,S0021,15,True,135.31893584770896,137.8252798632727,-2.506344015563741,1.818493688567234,0.2374110221862793,6.659538745880127,nils
S0021_R03,S0021,15,True,142.34985681067343,141.05703189989342,1.2928249107800127,-0.9165263818237123,0.2990212440490722,7.009994029998779,alns
S0021_R04,S0021,15,True,149.6770352510894,151.78710226809417,-2.1100670170047806,1.3901490874223765,0.8895139694213867,6.744521617889404,nils
S0021_R05,S0021,15,True,125.09880503215729,403.1179593671078,-278.0191543349505,68.9671962944639,0.2039465904235839,6.427476406097412,nils
S0021_R06,S0021,15,True,114.85330574931324,114.45836935888252,0.3949363904307148,-0.34504806650914066,0.2477161884307861,7.887969732284546,alns
S0021_R07,S0021,15,True,116.38546753810284,101.89068819779531,14.494779340307531,-14.225813562245786,0.2292006015777588,7.400633096694946,alns
S0021_R08,S0021,15,True,177.18910167153732,125.54258002447772,51.6465216470596,-41.13864924314109,0.3101372718811035,6.233606815338135,alns
S0021_R09,S0021,15,True,95.77532316587931,245.17044518819603,-149.3951220223167,60.93520852712858,0.2360560894012451,6.864006280899048,nils
S0021_R10,S0021,15,True,110.0316064640736,129.87835224358005,-19.84674577950645,15.281026773641937,0.3131098747253418,6.005091905593872,nils
S0022_R01,S0022,15,True,81.57043243149796,105.47868651356052,-23.908254082062555,22.666431363827108,0.2681777477264404,7.309559345245361,nils
S0022_R02,S0022,15,True,89.87661100161172,100.23814483817478,-10.361533836563055,10.336917002295678,0.2229499816894531,8.608166694641113,nils
S0022_R03,S0022,15,True,138.8184201562814,140.49313858769807,-1.6747184314166645,1.1920286273420237,0.2877862453460693,8.188157081604004,nils
S0022_R04,S0022,15,True,109.4094130725864,110.42859004517032,-1.0191769725839208,0.9229285388566775,0.2059524059295654,7.4576735496521,nils
S0022_R05,S0022,15,True,143.16245841204383,135.9544274904879,7.208030921555945,-5.301799326881251,0.3221423625946045,9.358036994934082,alns
S0022_R06,S0022,15,True,158.55048998219624,124.48370630421456,34.066783677981675,-27.366459988529677,0.1713042259216308,7.193312406539917,alns
S0022_R07,S0022,15,True,123.9483082369524,111.36743815575348,12.580870081198924,-11.296722174397049,0.2451627254486084,6.646752595901489,alns
S0022_R08,S0022,15,True,120.29337496103383,145.9540817813726,-25.66070682033876,17.58135607250534,0.3407361507415771,7.470441579818726,nils
S0022_R09,S0022,15,True,123.00358504388792,135.49552648964226,-12.491941445754335,9.219449357030442,0.248223066329956,7.08129620552063,nils
S0022_R10,S0022,15,True,89.67198810566029,120.36450800302777,-30.692519897367475,25.499643048094715,0.2719945907592773,7.619235277175903,nils
S0023_R01,S0023,15,True,115.7297177880526,115.88785134548974,-0.15813355743713942,0.1364539557867071,0.1535768508911132,5.83653450012207,nils
S0023_R02,S0023,15,True,114.9142347069623,102.35826778603068,12.555966920931624,-12.266685625413833,0.1408967971801757,6.325288534164429,alns
S0023_R03,S0023,15,True,126.13477599124256,85.41762160955933,40.71715438168323,-47.668330743040094,0.3077650070190429,9.237801551818848,alns
S0023_R04,S0023,15,True,86.85168104681034,84.46902258333765,2.382658463472694,-2.8207482348004547,0.2753934860229492,7.153712749481201,alns
S0023_R05,S0023,15,True,143.74192834854765,20169.477888801583,-20025.735960453036,99.28732945324106,0.3521842956542969,5.942070960998535,nils
S0023_R06,S0023,15,True,121.20952024375823,103.4301878491602,17.77933239459803,-17.1896936129778,0.24444580078125,7.0278801918029785,alns
S0023_R07,S0023,15,True,133.43852873421318,141.0578130379247,-7.61928430371151,5.401532988224477,0.1940505504608154,7.172979116439819,nils
S0023_R08,S0023,15,True,154.3564265212775,1370.9775212913958,-1216.6210947701184,88.74114096517928,0.3046751022338867,7.281783819198608,nils
S0023_R09,S0023,15,True,88.24681064404795,116.12602004250031,-27.87920939845236,24.007719706788368,0.3622694015502929,7.305136680603027,nils
S0023_R10,S0023,15,True,120.40181659144012,578.6620553387928,-458.2602387473527,79.19306865197032,0.2096586227416992,7.633070230484009,nils
S0024_R01,S0024,50,True,270.4182400301421,679.574120206356,-409.15588017621394,60.207690082720006,5.689758539199829,12.80047869682312,nils
S0024_R02,S0024,50,True,343.8066831852733,448.8659572934085,-105.05927410813518,23.405489411945197,3.992027521133423,11.977015018463137,nils
S0024_R03,S0024,50,True,290.9944377589702,686.9819783080688,-395.98754054909864,57.641619875437655,3.854276418685913,11.94718861579895,nils
S0024_R04,S0024,50,True,362.9558231575679,450.14847866220754,-87.19265550463962,19.36975456715232,3.4465484619140625,11.766531944274902,nils
S0024_R05,S0024,50,True,296.60240353245047,600.4551861498368,-303.8527826173863,50.60374023342407,4.593006134033203,11.945054769515991,nils
S0024_R06,S0024,50,True,164.55553047716,510.07408414981865,-345.51855367265864,67.73889605635662,3.38295578956604,14.67309546470642,nils
S0024_R07,S0024,50,True,264.01877391562294,667.1276063762849,-403.108832460662,60.42454675954355,4.535978555679321,12.195705890655518,nils
S0024_R08,S0024,50,True,260.37392686895726,422.02892608550815,-161.6549992165509,38.30424627903293,4.635021686553955,11.886815071105955,nils
S0024_R09,S0024,50,True,291.9360173223285,542.367767765816,-250.4317504434875,46.173789322897065,3.307699918746948,11.942491292953491,nils
S0024_R10,S0024,50,True,376.21936790769706,687.8448952812198,-311.62552737352274,45.30462165400198,4.676912307739258,12.019194841384888,nils
S0025_R01,S0025,50,True,333.9274208405992,471.8287858299426,-137.9013649893434,29.22699274203377,3.572674512863159,12.564588785171509,nils
S0025_R02,S0025,50,True,245.79624071657284,299.0795727742189,-53.28333205764605,17.81577108840887,4.100910663604736,12.322262048721312,nils
S0025_R03,S0025,50,True,448.0580844172911,659.804621093492,-211.74653667620083,32.09230883004033,2.6746058464050293,12.182034492492676,nils
S0025_R04,S0025,50,True,293.8217684108266,670.276193879761,-376.45442546893435,56.16407518367951,8.005868434906006,11.933445930480955,nils
S0025_R05,S0025,50,True,269.681773573176,544.4493203337223,-274.76754676054634,50.46705662009579,6.923396110534668,12.275790452957152,nils
S0025_R06,S0025,50,True,261.30442159621657,376.7910546081145,-115.48663301189794,30.650046384994734,5.362152814865112,12.779226779937744,nils
S0025_R07,S0025,50,True,525.4487352198234,1137.47046278237,-612.0217275625466,53.80550507355403,3.264221668243408,11.894956350326538,nils
S0025_R08,S0025,50,True,238.6592294394388,680.2264668475198,-441.5672374080809,64.91473927124672,3.590962648391724,12.241059303283691,nils
S0025_R09,S0025,50,True,242.8394920321329,446.6886934537948,-203.84920142166192,45.63563045339269,5.304875135421753,11.944694519042969,nils
S0025_R10,S0025,50,True,325.3361673437904,544.7712853179127,-219.43511797412225,40.280228398247225,4.022754430770874,12.728493213653564,nils
S0026_R01,S0026,50,True,7348.255708509908,16523.19879830893,-9174.943089799024,55.527644506329096,3.427694320678711,10.303252935409546,nils
S0026_R02,S0026,50,True,17557.99239785312,26128.04644294239,-8570.05404508927,32.80020978148629,1.2001750469207764,10.15799355506897,nils
S0026_R03,S0026,50,True,26393.78199997596,47057.918556790064,-20664.136556814105,43.91213464292173,1.2851698398590088,10.250412464141846,nils
S0026_R04,S0026,50,True,49431.9894443996,49633.94247878208,-201.95303438248084,0.4068849345764007,4.415143728256226,10.191840410232544,nils
S0026_R05,S0026,50,True,22999.738326853127,28693.06450742072,-5693.326180567594,19.842168406567943,1.951796293258667,10.148004293441772,nils
S0026_R06,S0026,50,True,21451.20516142478,29872.58746415693,-8421.382302732152,28.191003919016634,2.7875120639801025,10.23379635810852,nils
S0026_R07,S0026,50,True,10617.228910869371,17078.3480683146,-6461.11915744523,37.832225526733005,1.296144962310791,10.321542739868164,nils
S0026_R08,S0026,50,True,31507.45259251273,41265.25611152152,-9757.80351900879,23.646535702184458,1.2208590507507324,10.177910566329956,nils
S0026_R09,S0026,50,True,11631.145996973204,13283.448043796623,-1652.302046823419,12.438803851045623,3.991448879241944,10.203306198120115,nils
S0026_R10,S0026,50,True,50280.660051038496,31667.60560146216,18613.054449576335,-58.77632393121926,8.563752889633179,10.277276992797852,alns
S0027_R01,S0027,50,True,7832.5740675309025,9678.437294215184,-1845.8632266842815,19.071913890350427,3.550444364547729,10.166794300079346,nils
S0027_R02,S0027,50,True,2774.114450654364,5149.41347279581,-2375.2990221414457,46.12756452147562,1.0918474197387695,10.158424139022827,nils
S0027_R03,S0027,50,True,2634.915659070831,4523.439205698521,-1888.5235466276895,41.74972760214336,3.725215196609497,10.206830501556396,nils
S0027_R04,S0027,50,True,6291.711646331891,12940.496876990455,-6648.785230658565,51.37967493721816,1.4251980781555176,10.301900625228882,nils
S0027_R05,S0027,50,True,6363.565453938808,6159.524781420936,204.04067251787183,-3.312604133574114,1.4547090530395508,10.25800895690918,alns
S0027_R06,S0027,50,True,1712.715161721094,1822.1897093210516,-109.47454759995753,6.007856758270673,1.0910658836364746,10.21104621887207,nils
S0027_R07,S0027,50,True,2896.8871535095664,7367.677188485425,-4470.790034975858,60.68113355947561,2.337209463119507,10.322131395339966,nils
S0027_R08,S0027,50,True,2345.3649165458783,4557.592461895878,-2212.2275453499997,48.53938924652671,1.7712984085083008,10.305070638656616,nils
S0027_R09,S0027,50,True,5178.02813616637,8416.126943795314,-3238.098807628944,38.4749283043573,1.8838660717010496,10.437148809432983,nils
S0027_R10,S0027,50,True,6256.935096220518,9432.866069204734,-3175.930972984216,33.66878051361936,1.6679790019989014,10.198825597763062,nils
S0028_R01,S0028,50,True,22761.54178201756,70405.58116813331,-47644.03938611575,67.67082750490837,5.828698635101318,11.724578619003296,nils
S0028_R02,S0028,50,True,21192.111809902475,76682.04632363078,-55489.93451372831,72.36365899722763,4.944123983383179,12.164486408233644,nils
S0028_R03,S0028,50,True,21808.24668086428,84368.31051599314,-62560.063835128865,74.15113974964541,3.835911989212036,13.650582790374756,nils
S0028_R04,S0028,50,True,31121.61754204992,38734.068227625205,-7612.450685575284,19.65311425807339,5.320958137512207,12.250454902648926,nils
S0028_R05,S0028,50,True,4061.344465732425,94207.29640002044,-90145.95193428801,95.68892790587338,3.769148349761963,12.07908582687378,nils
S0028_R06,S0028,50,True,47460.793974622015,113951.31905451072,-66490.5250798887,58.349938931449955,4.899787187576294,13.107580423355104,nils
S0028_R07,S0028,50,True,31931.68387603352,82702.85127351804,-50771.16739748452,61.389863367070824,3.3723034858703613,13.192946672439575,nils
S0028_R08,S0028,50,True,4902.866597920174,24855.26590084841,-19952.399302928236,80.2743345515655,6.160450458526611,13.09087347984314,nils
S0028_R09,S0028,50,True,21923.695367898472,67481.88019234284,-45558.18482444437,67.51173010382993,5.953927278518677,13.759196043014526,nils
S0028_R10,S0028,50,True,42364.13561110218,113581.89465313492,-71217.75904203273,62.701682569676244,3.2085235118865967,12.864943981170654,nils
S0029_R01,S0029,50,True,22871.15282290922,62946.94487956008,-40075.792056650855,63.66598431954103,4.06925892829895,15.432143688201904,nils
S0029_R02,S0029,50,True,15984.77196016178,41220.05498788364,-25235.28302772186,61.220886374701834,5.42898964881897,12.607592821121216,nils
S0029_R03,S0029,50,True,12477.207674236375,120088.4988905604,-107611.29121632403,89.6099894748396,4.426921844482422,12.222317934036257,nils
S0029_R04,S0029,50,True,14266.068512270149,49987.884677735085,-35721.81616546494,71.4609477791639,5.162302255630493,13.0809588432312,nils
S0029_R05,S0029,50,True,21893.69931143868,98539.83317350656,-76646.13386206789,77.78187905708266,6.023190975189209,12.471044063568115,nils
S0029_R06,S0029,50,True,16581.129742473873,56178.44785083304,-39597.31810835917,70.4848916678854,4.516937732696533,12.85827112197876,nils
S0029_R07,S0029,50,True,29240.354025658347,58840.85998251102,-29600.505956852674,50.30603897640294,5.617222547531128,12.559706687927246,nils
S0029_R08,S0029,50,True,46210.17252289219,102278.82595201132,-56068.65342911913,54.81941438732025,8.313214540481567,11.928870916366575,nils
S0029_R09,S0029,50,True,18972.33755728129,94646.91341838,-75674.57586109871,79.95461566357118,5.074427604675293,12.15638017654419,nils
S0029_R10,S0029,50,True,36947.1288223319,119279.54227973089,-82332.41345739899,69.02475636963413,5.949569940567017,13.222110748291016,nils
S0030_R01,S0030,50,True,2775.4465088673533,5637.941958307659,-2862.4954494403055,50.77199216679308,1.2119755744934082,10.17801308631897,nils
S0030_R02,S0030,50,True,5200.133126356664,11043.025172322132,-5842.892045965467,52.91024836753878,1.453359603881836,10.21973967552185,nils
S0030_R03,S0030,50,True,1578.660131799423,3576.559817320157,-1997.899685520734,55.860933063261875,1.4662258625030518,10.190622568130491,nils
S0030_R04,S0030,50,True,3990.0138801096505,4835.7489112651365,-845.735031155486,17.489225488637363,1.6279685497283936,10.42044448852539,nils
S0030_R05,S0030,50,True,3385.25909002366,6389.088744119396,-3003.8296540957363,47.01499344269559,0.9247913360595704,10.447308778762816,nils
S0030_R06,S0030,50,True,5003.462250223119,9288.896051694222,-4285.433801471104,46.135017311228,3.648525476455689,10.253321647644045,nils
S0030_R07,S0030,50,True,1191.018371414092,8569.564420907154,-7378.546049493062,86.1017630195023,4.767865180969238,10.178879261016846,nils
S0030_R08,S0030,50,True,5115.079093684363,7109.725682725375,-1994.6465890410118,28.055183533837873,1.373518466949463,10.31328821182251,nils
S0030_R09,S0030,50,True,2054.103457115917,4936.666626147506,-2882.5631690315886,58.390881688543224,1.236551284790039,10.217118978500366,nils
S0030_R10,S0030,50,True,7081.636770295449,8291.24823947513,-1209.6114691796802,14.58901523923319,1.4651424884796145,10.217536926269531,nils
S0031_R01,S0031,50,True,71970.05146113464,72474.67483263725,-504.6233715026028,0.6962754543816976,1.3414430618286133,10.388627529144289,nils
S0031_R02,S0031,50,True,92527.37131460413,129109.66658818314,-36582.29527357902,28.334280647059803,6.652881622314453,10.259252071380615,nils
S0031_R03,S0031,50,True,85299.52464073016,136536.82285230685,-51237.29821157669,37.52635892736464,2.2634165287017822,10.179245710372925,nils
S0031_R04,S0031,50,True,67526.22377575876,100824.98318319856,-33298.75940743981,33.02629800288298,2.4146406650543213,10.24268674850464,nils
S0031_R05,S0031,50,True,59452.301816483945,104745.39362352504,-45293.0918070411,43.24112998212898,2.4097795486450195,10.200661897659302,nils
S0031_R06,S0031,50,True,46580.65445353315,68146.1428204248,-21565.488366891645,31.645941317206915,1.128751277923584,10.187952041625977,nils
S0031_R07,S0031,50,True,46914.87279977516,57936.20531600271,-11021.33251622755,19.023221241559842,6.634060144424439,10.376010179519652,nils
S0031_R08,S0031,50,True,6799.138579707931,29942.46797776361,-23143.329398055677,77.29265809098561,1.2502233982086182,10.282952070236206,nils
S0031_R09,S0031,50,True,32252.248862240216,58270.36741806697,-26018.118555826753,44.650685603468034,1.5835139751434326,10.294502019882202,nils
S0031_R10,S0031,50,True,839.0736803456781,22454.16368554392,-21615.090005198243,96.26317108890643,1.4617457389831543,10.175004959106444,nils
S0032_R01,S0032,50,True,251.7978629854781,774.1765896657815,-522.3787266803034,67.4753969124562,4.412005662918091,12.220536708831789,nils
S0032_R02,S0032,50,True,282.4955898226988,489.0146598763319,-206.51907005363313,42.23167258541088,5.708942651748657,12.248760461807253,nils
S0032_R03,S0032,50,True,360.85989907008,672.2395607323474,-311.3796616622674,46.31974668718484,4.907508850097656,12.066661834716797,nils
S0032_R04,S0032,50,True,177.2254192826666,282.5539770616199,-105.3285577789533,37.27732268159971,3.8296191692352295,11.992780447006226,nils
S0032_R05,S0032,50,True,199.14260111800183,742.1364882366686,-542.9938871186667,73.1663104732704,6.044730186462402,12.112901449203491,nils
S0032_R06,S0032,50,True,236.34580925800876,406.5965108994153,-170.25070164140655,41.872150172858596,5.468053579330444,12.321857929229736,nils
S0032_R07,S0032,50,True,261.5725925534963,383.4277133115329,-121.8551207580366,31.780467745958152,4.488316535949707,13.834843635559082,nils
S0032_R08,S0032,50,True,256.5398860365064,692.5678854692997,-436.02799943279325,62.958160287396346,4.664812326431274,12.63412094116211,nils
S0032_R09,S0032,50,True,243.19223958470567,673.6047138617237,-430.41247427701796,63.89689166655271,5.305206537246704,11.798407316207886,nils
S0032_R10,S0032,50,True,175.10316607892577,375.8505657531965,-200.74739967427075,53.41149328110688,4.224268198013306,12.453954219818115,nils
S0033_R01,S0033,50,True,3575.870171891592,16379.945842015137,-12804.075670123544,78.16921858972599,4.87839412689209,13.218328714370728,nils
S0033_R02,S0033,50,True,18724.52270558728,72215.47845047257,-53490.95574488529,74.07131669365164,6.33533787727356,11.683262825012209,nils
S0033_R03,S0033,50,True,7811.905988131563,37917.83942406846,-30105.933435936895,79.39780824333326,6.066201210021973,12.165457725524902,nils
S0033_R04,S0033,50,True,4151.458037320559,25444.64998085397,-21293.191943533413,83.68435784951117,10.895832061767578,12.872281312942505,nils
S0033_R05,S0033,50,True,2217.740217983344,27020.541707040476,-24802.801489057132,91.7923917217193,14.02582025527954,12.177680492401125,nils
S0033_R06,S0033,50,True,8945.66598370567,34205.41473954058,-25259.74875583491,73.84722257624108,4.623452425003052,12.084487915039062,nils
S0033_R07,S0033,50,True,2690.2155311569813,19140.943571592776,-16450.728040435795,85.94523033258638,4.967594623565674,12.075142860412598,nils
S0033_R08,S0033,50,True,15422.008274911685,42479.1125937888,-27057.104318877115,63.69507898532076,4.919604539871216,12.109817028045654,nils
S0033_R09,S0033,50,True,13512.749651523802,57751.09749754159,-44238.34784601779,76.60174397188031,3.822779655456543,11.819526433944702,nils
S0033_R10,S0033,50,True,5133.444312898404,30132.660482295996,-24999.216169397594,82.96385307260047,4.826871633529663,11.7798330783844,nils
S0034_R01,S0034,50,True,42038.95745998898,45166.29442253375,-3127.3369625447667,6.924050340035242,1.1316025257110596,10.292840719223022,nils
S0034_R02,S0034,50,True,100057.94742427162,110807.63138748796,-10749.683963216332,9.701212658923554,2.619778871536255,10.169912099838257,nils
S0034_R03,S0034,50,True,29557.46814867203,26147.54796251946,3409.920186152569,-13.04107058543475,1.8996920585632324,10.253400087356567,alns
S0034_R04,S0034,50,True,64507.36628345618,75008.23756933898,-10500.8712858828,13.99962407618977,3.4708943367004395,10.297606229782104,nils
S0034_R05,S0034,50,True,30598.91253150635,59543.07848248102,-28944.165950974668,48.61046269129455,1.1837217807769775,10.17524766921997,nils
S0034_R06,S0034,50,True,75898.75927333588,88615.99673729506,-12717.237463959187,14.350950090489691,3.0365147590637207,10.24207353591919,nils
S0034_R07,S0034,50,True,17300.40740393443,33390.683391916835,-16090.275987982404,48.1879205619299,1.704324722290039,10.199830055236816,nils
S0034_R08,S0034,50,True,44488.21623942815,63114.38553404605,-18626.169294617903,29.511765244977806,2.458205461502075,10.159403324127195,nils
S0034_R09,S0034,50,True,47399.16442411394,111481.2762576282,-64082.11183351426,57.482398824914235,4.42743182182312,10.358121633529665,nils
S0034_R10,S0034,50,True,30632.69143762736,66454.27300722494,-35821.581569597576,53.90410570845164,4.970641374588013,10.265847206115724,nils
S0035_R01,S0035,50,True,422.41766915943526,981.252181737974,-558.8345125785387,56.95116127933009,5.409722328186035,12.642916917800903,nils
S0035_R02,S0035,50,True,205.4604994467296,501.461643261787,-296.0011438150574,59.027673959208606,7.412144660949707,12.52687168121338,nils
S0035_R03,S0035,50,True,231.94567324972465,365.72633766708486,-133.7806644173602,36.57944496716524,3.4695475101470947,12.80813455581665,nils
S0035_R04,S0035,50,True,195.2028180622808,196.3230875590044,-1.12026949672358,0.57062544739517,4.300502300262451,13.37993836402893,nils
S0035_R05,S0035,50,True,246.2825919094205,548.8286649039507,-302.54607299453016,55.1257782877427,3.206918954849243,13.09902024269104,nils
S0035_R06,S0035,50,True,288.30510472619244,413.6294511894368,-125.32434646324435,30.298699984457215,3.299208164215088,13.460598707199097,nils
S0035_R07,S0035,50,True,257.3343113667589,618.2326246643474,-360.8983132975885,58.37581177368769,3.307356119155884,13.666768074035645,nils
S0035_R08,S0035,50,True,208.99087985310155,417.4287510688619,-208.43787121576037,49.93376011643602,4.22795844078064,14.618436813354492,nils
S0035_R09,S0035,50,True,250.2312309593976,453.8890290127346,-203.65779805333702,44.86951325885056,3.412996530532837,12.975672483444214,nils
S0035_R10,S0035,50,True,239.9681681459494,562.3184417540377,-322.35027360808834,57.325218181104354,3.98965048789978,11.734511613845823,nils
S0036_R01,S0036,50,True,55520.01222605375,113245.02960999958,-57725.01738394583,50.97355493900519,1.0635006427764893,10.25183892250061,nils
S0036_R02,S0036,50,True,17512.64604168009,27062.20399874891,-9549.55795706882,35.28743615084085,1.262641668319702,10.22843599319458,nils
S0036_R03,S0036,50,True,91491.2511304997,188844.40546519225,-97353.15433469255,51.552045767454125,6.5487565994262695,10.361948490142822,nils
S0036_R04,S0036,50,True,56419.988242701096,65099.40108086807,-8679.412838166973,13.332554054353272,1.6023733615875244,10.268986463546751,nils
S0036_R05,S0036,50,True,97821.6719128738,143654.53401590162,-45832.862103027815,31.90491857218681,1.0656406879425049,10.257484912872314,nils
S0036_R06,S0036,50,True,38807.70530803228,87672.20281239421,-48864.497504361934,55.73545084629031,2.687773466110229,10.594629049301147,nils
S0036_R07,S0036,50,True,83079.6863936575,128051.20440082563,-44971.51800716814,35.11994925592295,5.879524230957031,10.430513143539429,nils
S0036_R08,S0036,50,True,39133.71394002355,60740.39258653332,-21606.678646509776,35.57217483526797,3.4501965045928955,10.240487575531006,nils
S0036_R09,S0036,50,True,35679.9013750437,108309.622383205,-72629.7210081613,67.05749628707375,1.1904025077819824,10.292036056518556,nils
S0036_R10,S0036,50,True,46434.87389681681,101418.09116256706,-54983.217265750245,54.214407543537256,1.6448938846588137,10.233757495880129,nils
S0037_R01,S0037,50,True,4964.947461622079,11440.187208283833,-6475.239746661754,56.600819801034696,2.255417823791504,10.46032452583313,nils
S0037_R02,S0037,50,True,1015.281215284086,25045.110105076263,-24029.828889792178,95.94618985093501,2.353387355804444,10.265712976455688,nils
S0037_R03,S0037,50,True,19851.771073609383,69741.57460846807,-49889.803534858685,71.5352410881773,2.219891309738159,10.222790956497192,nils
S0037_R04,S0037,50,True,27777.47658635288,76314.23318453056,-48536.75659817768,63.60118495957898,6.057485580444336,10.210928678512571,nils
S0037_R05,S0037,50,True,12576.858537158989,35929.178732316235,-23352.32019515725,64.99541881861379,2.4808590412139893,10.380527257919312,nils
S0037_R06,S0037,50,True,4782.526124407838,20218.57505662187,-15436.048932214031,76.34587941526821,2.023234605789185,10.265779733657835,nils
S0037_R07,S0037,50,True,9548.37311635642,18274.49824386584,-8726.12512750942,47.7502857318586,1.8545098304748533,10.32313847541809,nils
S0037_R08,S0037,50,True,6925.070771440058,25895.17253465934,-18970.10176321928,73.25729047693653,1.9183495044708248,10.21389102935791,nils
S0037_R09,S0037,50,True,11726.524028983657,39466.42724638635,-27739.903217402694,70.28734332658053,1.8628146648406985,10.289828538894652,nils
S0037_R10,S0037,50,True,859.3774426638906,21155.50604269261,-20296.12860002872,95.93780720286418,2.879225492477417,10.210325241088867,nils
S0038_R01,S0038,50,True,9699.955868627974,30656.90817471308,-20956.952306085106,68.35964079173239,1.6406049728393557,10.7708899974823,nils
S0038_R02,S0038,50,True,27900.588176585745,44823.80821228721,-16923.220035701463,37.75498046830931,2.48337197303772,10.20501470565796,nils
S0038_R03,S0038,50,True,3995.965311806233,12277.495636974303,-8281.53032516807,67.45292826843139,1.903536081314087,10.305320978164673,nils
S0038_R04,S0038,50,True,8479.809929745645,30053.237755837188,-21573.427826091545,71.78403871609932,2.2384653091430664,10.64665174484253,nils
S0038_R05,S0038,50,True,9619.167720897703,21052.919640550364,-11433.751919652661,54.309578504398644,0.9836268424987792,10.238246440887451,nils
S0038_R06,S0038,50,True,3827.399756687397,13353.768792497212,-9526.369035809816,71.33843025020911,3.4124488830566406,10.270732879638672,nils
S0038_R07,S0038,50,True,18334.14507246265,44693.19234205232,-26359.047269589675,58.9777679514474,1.6658718585968018,10.34978199005127,nils
S0038_R08,S0038,50,True,19486.726115405632,36243.08478800241,-16756.358672596776,46.23325738029797,1.81523871421814,10.343322992324827,nils
S0038_R09,S0038,50,True,16193.051223956982,29857.5211197438,-13664.469895786819,45.76558730708207,3.5977954864501958,10.508917808532717,nils
S0038_R10,S0038,50,True,27628.58032242839,46274.85005371792,-18646.26973128953,40.29460864734106,1.3318419456481934,10.23701524734497,nils
S0039_R01,S0039,50,True,3079.190192968022,4159.472605363239,-1080.2824123952173,25.971619839551224,1.502884864807129,10.39407730102539,nils
S0039_R02,S0039,50,True,3492.9170387261724,5601.933117616046,-2109.0160788898734,37.64800533333366,1.9076519012451167,10.397961378097534,nils
S0039_R03,S0039,50,True,4676.865389726513,8178.4851758579825,-3501.6197861314695,42.81501660561638,4.855588674545288,10.30119776725769,nils
S0039_R04,S0039,50,True,3778.377793112365,10124.362795949372,-6345.9850028370065,62.68033979754217,1.712923288345337,10.268758296966553,nils
S0039_R05,S0039,50,True,5666.973344303619,13273.69902612096,-7606.72568181734,57.30675124430851,1.4921159744262695,10.176178693771362,nils
S0039_R06,S0039,50,True,1649.5340613697758,10105.457210893652,-8455.923149523876,83.67679930808491,1.485128402709961,10.212993144989014,nils
S0039_R07,S0039,50,True,1645.810015402702,5498.606146424549,-3852.7961310218466,70.06859608461164,2.375382900238037,10.19158101081848,nils
S0039_R08,S0039,50,True,3685.3816113293374,4924.628442901611,-1239.246831572274,25.164270684391056,3.239445447921753,10.23971390724182,nils
S0039_R09,S0039,50,True,3941.527101437803,8821.69644897332,-4880.169347535517,55.320077898435024,6.726465225219727,10.63988184928894,nils
S0039_R10,S0039,50,True,1897.5501880332563,13709.14234601217,-11811.592157978914,86.15850546927007,2.2168984413146973,10.544819593429564,nils
S0040_R01,S0040,50,True,12460.24723320915,35807.48463977054,-23347.23740656139,65.20211526008772,1.9301109313964844,10.233823776245115,nils
S0040_R02,S0040,50,True,20373.314316092103,29140.260003841096,-8766.945687748994,30.085337902247222,1.5748653411865234,10.353280067443848,nils
S0040_R03,S0040,50,True,10037.251717978492,30956.582681211017,-20919.330963232525,67.57635743795919,1.637174367904663,10.45894479751587,nils
S0040_R04,S0040,50,True,6775.088087635854,45777.88728179129,-39002.799194155436,85.20008569654824,5.980137825012207,10.35882043838501,nils
S0040_R05,S0040,50,True,3043.123683199011,32561.05453155667,-29517.93084835766,90.65409973055462,1.5816264152526855,10.222804307937622,nils
S0040_R06,S0040,50,True,15835.173571949208,51559.564518321495,-35724.39094637229,69.28761187204705,3.4070911407470703,10.357336282730104,nils
S0040_R07,S0040,50,True,26140.381384320463,38594.81427424657,-12454.432889926109,32.26970546205391,1.4148969650268557,10.193175792694092,nils
S0040_R08,S0040,50,True,7570.925186767056,33481.10628068233,-25910.181093915275,77.38747004564998,6.555859565734863,10.215697765350342,nils
S0040_R09,S0040,50,True,26416.859774909168,71167.90047241404,-44751.04069750487,62.88093424204804,1.9116909503936768,10.206149816513062,nils
S0040_R10,S0040,50,True,46066.09064116544,102371.29360413102,-56305.20296296557,55.00096851437411,4.814184188842773,10.24100399017334,nils
S0041_R01,S0041,50,True,940.0915071973,52289.13656762812,-51349.04506043082,98.20212845553219,5.647677421569824,13.237121343612673,nils
S0041_R02,S0041,50,True,1959.8776558987088,49364.03360121704,-47404.15594531833,96.02974572189258,6.830622673034668,12.2350914478302,nils
S0041_R03,S0041,50,True,71.89518705628694,56774.98360904476,-56703.08842198847,99.87336819407759,7.674014091491699,12.118570566177368,nils
S0041_R04,S0041,50,True,66.37165489724639,16192.736706459433,-16126.365051562187,99.59011465386966,6.229794025421143,13.49984574317932,nils
S0041_R05,S0041,50,True,104.6770350685085,22582.102557152928,-22477.42552208442,99.53646019096946,5.804848909378052,12.748502492904665,nils
S0041_R06,S0041,50,True,73.71508781869474,24801.28830486989,-24727.573217051195,99.7027771827312,6.658689737319946,13.411189079284668,nils
S0041_R07,S0041,50,True,77.88274624245899,18478.57808352193,-18400.69533727947,99.57852413811044,6.032371282577515,12.543024778366089,nils
S0041_R08,S0041,50,True,112.14961762808912,53534.8081277922,-53422.65851016411,99.79051084415885,5.3797454833984375,12.58957862854004,nils
S0041_R09,S0041,50,True,516.3258493249914,40744.6826651635,-40228.35681583851,98.73277734528426,5.11465311050415,12.431910753250122,nils
S0041_R10,S0041,50,True,119.61798135741144,22889.793239526607,-22770.175258169194,99.47741781629178,4.843964338302612,12.743893146514893,nils
S0042_R01,S0042,50,True,4665.97393871671,64742.77094793888,-60076.797009222166,92.79305801960696,7.741009950637817,12.78941822052002,nils
S0042_R02,S0042,50,True,79.26425887949763,23679.11595961388,-23599.85170073438,99.66525668012822,5.310399293899536,12.435982704162598,nils
S0042_R03,S0042,50,True,72.19636674157445,83134.55831131758,-83062.36194457601,99.91315721378922,5.992784261703491,12.168524742126465,nils
S0042_R04,S0042,50,True,10991.872403163376,69938.72295511529,-58946.85055195191,84.2835671874969,5.054507493972778,12.94439148902893,nils
S0042_R05,S0042,50,True,91.96332776412498,106549.445309826,-106457.48198206187,99.91368952931033,5.003376007080078,12.314124584197998,nils
S0042_R06,S0042,50,True,855.4800005587043,78184.36142940722,-77328.88142884852,98.90581698831024,6.610741853713989,11.662320613861084,nils
S0042_R07,S0042,50,True,87.76195275932616,50291.73019380367,-50203.96824104434,99.82549426631151,6.110912322998047,11.913073301315308,nils
S0042_R08,S0042,50,True,118.01163330531416,106857.65459499594,-106739.64296169062,99.88956183461767,6.458231687545776,12.635807275772097,nils
S0042_R09,S0042,50,True,2081.180986138676,56355.51453517798,-54274.3335490393,96.30704997850818,6.305464744567871,13.417647361755373,nils
S0042_R10,S0042,50,True,77.78337701682494,62392.58252287215,-62314.79914585533,99.87533233299277,5.092580080032349,12.357372999191284,nils
S0043_R01,S0043,50,True,1336.9971010834554,8995.158475610151,-7658.161374526696,85.13648086680578,4.634665250778198,12.29495334625244,nils
S0043_R02,S0043,50,True,416.3743787808618,9389.012170132452,-8972.63779135159,95.56530153294084,4.076887130737305,12.3934645652771,nils
S0043_R03,S0043,50,True,66.92550653071184,7760.766203434174,-7693.840696903462,99.13764305254942,4.590710639953613,12.551060914993286,nils
S0043_R04,S0043,50,True,1360.5587357588,16489.666478012085,-15129.107742253285,91.74902210682662,4.796588897705078,12.487687826156616,nils
S0043_R05,S0043,50,True,73.7099879356386,10602.610220208317,-10528.900232272677,99.30479394786059,5.251974821090698,13.766658782958984,nils
S0043_R06,S0043,50,True,104.19694803288716,3910.7473995737137,-3806.5504515408265,97.33562571583516,4.595282316207886,12.142066717147827,nils
S0043_R07,S0043,50,True,76.70070316197314,5002.225548253892,-4925.524845091919,98.46666843743688,6.8719024658203125,12.402945756912231,nils
S0043_R08,S0043,50,True,73.7238172436417,13037.018737094812,-12963.29491985117,99.43450401713491,4.818917989730835,13.670847177505491,nils
S0043_R09,S0043,50,True,70.99877882293725,4685.07479234639,-4614.076013523452,98.48457533828655,4.604807138442993,12.227474451065063,nils
S0043_R10,S0043,50,True,577.2616450241277,10536.586767310348,-9959.32512228622,94.52136011620883,4.673412322998047,12.775118827819824,nils
S0044_R01,S0044,50,True,327.3681269435009,637.4873372396444,-310.1192102961435,48.64711691983983,5.520554304122925,10.200939893722534,nils
S0044_R02,S0044,50,True,448.1682973457209,955.5386300402374,-507.37033269451655,53.09783579060026,1.6106526851654053,10.632827520370483,nils
S0044_R03,S0044,50,True,245.54374209723167,581.1166441104398,-335.57290201320814,57.74622107527062,1.793358325958252,10.232259750366213,nils
S0044_R04,S0044,50,True,342.4202070530288,666.4412480261833,-324.0210409731545,48.61959579074918,1.6806302070617676,10.537902355194092,nils
S0044_R05,S0044,50,True,528.345654236693,664.4501811224844,-136.10452688579142,20.48378204305162,5.434296131134033,10.39760947227478,nils
S0044_R06,S0044,50,True,265.5072457926434,569.277614736442,-303.77036894379864,53.36067343600625,1.7304298877716064,10.425280809402466,nils
S0044_R07,S0044,50,True,286.4932429239323,596.2185044032242,-309.7252614792919,51.94828057027627,1.2660670280456543,10.4255108833313,nils
S0044_R08,S0044,50,True,310.0042308720164,545.5639508857555,-235.55972001373908,43.17728831446687,1.553684949874878,10.534755945205688,nils
S0044_R09,S0044,50,True,212.8379974820012,330.2836325524297,-117.4456350704285,35.55902366787279,2.0675172805786133,10.24305510520935,nils
S0044_R10,S0044,50,True,234.1523637202432,702.7177021881632,-468.56533846792,66.67902872076141,2.464996814727783,10.238903760910034,nils
S0045_R01,S0045,75,True,151965.33675764606,55706.43618427287,96258.90057337319,-172.79673080316195,12.419541597366331,10.869488000869753,alns
S0045_R02,S0045,75,True,105295.93084766471,52379.47337061899,52916.457477045726,-101.02518042254306,11.346046686172484,11.4814031124115,alns
S0045_R03,S0045,75,True,67391.14094818257,87387.00371665432,-19995.86276847175,22.881964042738904,9.580013275146484,11.028970003128052,nils
S0045_R04,S0045,75,True,121663.15980528196,87540.29453598411,34122.86526929785,-38.979609847293105,12.341566801071169,10.899754285812378,alns
S0045_R05,S0045,75,True,120331.29503693127,113446.9057438084,6884.389293122877,-6.068379959758053,12.130763292312622,11.093989372253418,alns
S0045_R06,S0045,75,True,52868.26373776903,61117.425335392574,-8249.16159762354,13.497233485139176,2.8882603645324707,10.923917293548584,nils
S0045_R07,S0045,75,True,193993.88547131687,118855.19818459444,75138.68728672243,-63.21867990159274,8.766819477081299,10.821122646331789,alns
S0045_R08,S0045,75,True,108326.95072592572,66478.73501361678,41848.21571230894,-62.949777404364276,8.887593507766724,11.276172161102297,alns
S0045_R09,S0045,75,True,100582.81120913773,119939.67779952908,-19356.86659039135,16.138834908948997,13.274373292922974,10.648743152618408,nils
S0045_R10,S0045,75,True,129694.10536636008,92770.33438200071,36923.77098435936,-39.80126969502797,10.002414464950562,12.036950826644896,alns
S0046_R01,S0046,75,True,17745.586462494903,19476.22202804265,-1730.6355655477491,8.885889486451275,3.054419994354248,10.974780321121216,nils
S0046_R02,S0046,75,True,15918.306576494851,18973.992783855894,-3055.6862073610428,16.104602980354176,2.482071876525879,10.88311529159546,nils
S0046_R03,S0046,75,True,10788.470423876788,16161.207105991944,-5372.736682115155,33.24464965320044,3.207792282104492,10.911019325256348,nils
S0046_R04,S0046,75,True,17348.7834236171,20504.03989929794,-3155.256475680839,15.388462425830898,3.0134191513061523,10.848105430603027,nils
S0046_R05,S0046,75,True,27523.103529315194,21129.458353013382,6393.645176301812,-30.259389850331782,8.85828161239624,11.00364589691162,alns
S0046_R06,S0046,75,True,23777.919413892727,19625.58301345337,4152.336400439355,-21.157773491839304,11.20553970336914,11.620141506195068,alns
S0046_R07,S0046,75,True,22175.791754084104,9812.252963754456,12363.538790329649,-126.00101970464279,8.849862098693848,10.868953943252563,alns
S0046_R08,S0046,75,True,32696.891280156964,26707.27159989481,5989.6196802621525,-22.426924659296695,11.197287797927856,11.394314289093018,alns
S0046_R09,S0046,75,True,37173.582305529184,25319.49015849057,11854.092147038613,-46.81805231004422,13.445450067520142,11.193471670150757,alns
S0046_R10,S0046,75,True,28209.29145222385,21793.630629596384,6415.660822627466,-29.4382378579676,10.334312915802002,10.7617449760437,alns
S0047_R01,S0047,75,True,8263.810847413484,9726.701803226935,-1462.890955813451,15.039948642489703,4.141372203826904,10.755004405975342,nils
S0047_R02,S0047,75,True,4647.792735915612,9439.507383101212,-4791.7146471856,50.762338040688654,4.473084449768066,10.812726736068726,nils
S0047_R03,S0047,75,True,13280.205156247826,11633.973692108171,1646.2314641396551,-14.150207897206826,13.84780502319336,10.813735008239746,alns
S0047_R04,S0047,75,True,13402.417591398882,21744.609923424632,-8342.19233202575,38.364414728079474,4.051143646240234,10.713555335998535,nils
S0047_R05,S0047,75,True,22564.671248233557,28517.14830975349,-5952.477061519934,20.87332504941967,11.86115837097168,10.813415288925173,nils
S0047_R06,S0047,75,True,36238.3114962693,27183.509371764623,9054.802124504677,-33.30990859447255,11.093914270401,11.53252410888672,alns
S0047_R07,S0047,75,True,21885.530965625167,8081.935437060969,13803.595528564198,-170.7956669050543,13.45738124847412,11.006396532058716,alns
S0047_R08,S0047,75,True,16083.575592727244,24421.70420729286,-8338.128614565616,34.142288121218286,3.0995781421661377,10.890246629714966,nils
S0047_R09,S0047,75,True,11886.291268743118,22323.985326755206,-10437.694058012088,46.755513879963694,3.918060541152954,10.76316785812378,nils
S0047_R10,S0047,75,True,12566.961834605516,22931.380404243144,-10364.418569637628,45.19753450045175,3.440809726715088,11.139089345932009,nils
S0048_R01,S0048,75,True,2144.9950250469647,1452.5740347159506,692.4209903310141,-47.66855070945945,12.180217742919922,11.396710395812988,alns
S0048_R02,S0048,75,True,784.4319829971614,1447.1651061713278,-662.7331231741664,45.79526692206648,4.214555501937866,10.97699809074402,nils
S0048_R03,S0048,75,True,1092.3726450217212,1591.7630239113253,-499.3903788896041,31.3734124607624,4.476401090621948,10.71929383277893,nils
S0048_R04,S0048,75,True,450.07823803532347,840.1793533921037,-390.10111535678027,46.43069527735988,5.157148838043213,10.70862865447998,nils
S0048_R05,S0048,75,True,2150.9339731702103,1387.1354468634966,763.7985263067137,-55.06300974672423,14.450901985168455,11.027124404907228,alns
S0048_R06,S0048,75,True,1148.6952754090207,1930.527514900763,-781.8322394917423,40.49837329212744,7.11701774597168,10.75066876411438,nils
S0048_R07,S0048,75,True,1612.117722226734,2570.5951320096888,-958.4774097829547,37.286206522674696,5.273874998092651,11.089491128921509,nils
S0048_R08,S0048,75,True,2224.7377098535967,1629.88463346685,594.8530763867468,-36.496636889045526,14.69331169128418,11.113227367401125,alns
S0048_R09,S0048,75,True,880.2616001698319,1470.3944844260898,-590.1328842562579,40.13432385028245,6.763692617416382,10.796789169311523,nils
S0048_R10,S0048,75,True,2183.589436776225,1644.9674929329722,538.6219438432527,-32.743622360761144,15.097634315490724,11.022199392318726,alns
S0049_R01,S0049,75,True,307760.6327623161,166503.51698698444,141257.11577533165,-84.83731655132168,18.087218523025516,10.686657667160034,alns
S0049_R02,S0049,75,True,55683.227322089726,171676.94030841644,-115993.71298632672,67.56510966350217,21.163561820983887,10.91439700126648,nils
S0049_R03,S0049,75,True,232050.5141655009,276058.99394025095,-44008.47977475004,15.941693891804537,12.994729042053224,10.896763801574709,nils
S0049_R04,S0049,75,True,68391.88687883418,114374.5329107848,-45982.646031950615,40.20357055168769,5.414591073989868,10.581329345703123,nils
S0049_R05,S0049,75,True,93917.32106007042,125649.56880605395,-31732.247745983535,25.25456159341363,5.256143808364868,10.610446214675903,nils
S0049_R06,S0049,75,True,205446.8703767769,245141.676578058,-39694.806201281084,16.192597992875953,13.815765142440796,10.60214352607727,nils
S0049_R07,S0049,75,True,222943.5906997581,152082.99331348168,70860.59738627641,-46.593373685257966,12.58314824104309,10.715194702148438,alns
S0049_R08,S0049,75,True,83191.15163593956,165370.42261541684,-82179.27097947728,49.694056337143344,5.3461339473724365,10.879902839660645,nils
S0049_R09,S0049,75,True,43905.15493368443,123003.69197461766,-79098.53704093322,64.30582348475812,4.536875247955322,10.605571031570436,nils
S0049_R10,S0049,75,True,162339.47528185206,263682.6077494817,-101343.13246762962,38.43375690667972,5.328686714172363,10.598335027694702,nils
S0050_R01,S0050,75,True,27871.068152914904,51115.36109441395,-23244.292941499047,45.474183188425634,25.064520835876465,10.49351716041565,nils
S0050_R02,S0050,75,True,91762.38560810535,56353.50224529763,35408.88336280772,-62.83350981218276,18.07612013816833,10.698514938354492,alns
S0050_R03,S0050,75,True,10797.5141917956,20794.67721305133,-9997.16302125573,48.075586453350795,4.388256311416626,10.641647338867188,nils
S0050_R04,S0050,75,True,53481.664446268536,90329.43046496584,-36847.76601869731,40.79264734541714,27.61272382736206,11.271600484848022,nils
S0050_R05,S0050,75,True,73214.25940477994,53548.54721159808,19665.712193181855,-36.72501536871285,14.804068088531494,10.759550094604492,alns
S0050_R06,S0050,75,True,2062.437786496436,41715.45726359027,-39653.01947709384,95.05593868127977,3.760397434234619,10.913570880889893,nils
S0050_R07,S0050,75,True,65647.46790095481,118989.8085904892,-53342.340689534394,44.829335656060564,4.610391855239868,10.6919105052948,nils
S0050_R08,S0050,75,True,46464.96678292544,68818.79521717048,-22353.828434245042,32.48215602104539,4.286658048629761,10.508243322372437,nils
S0050_R09,S0050,75,True,27051.932781746156,56957.24534129714,-29905.31255955098,52.504843554763674,4.96899676322937,10.691932916641235,nils
S0050_R10,S0050,75,True,84704.8931189708,100706.03209711626,-16001.138978145464,15.888957835926552,10.26550817489624,10.814071655273438,nils
S0051_R01,S0051,75,True,600.1971711198119,1725.4710731264165,-1125.2739020066047,65.21546026081433,17.468267917633057,10.65544319152832,nils
S0051_R02,S0051,75,True,689.1712658555507,1647.977888057567,-958.8066222020163,58.18079412049267,5.008301496505737,10.553537130355837,nils
S0051_R03,S0051,75,True,487.87543266564575,1096.6672490770502,-608.7918164114044,55.51290210624605,4.023407459259033,10.777665615081789,nils
S0051_R04,S0051,75,True,399.6875278945259,1349.1055677899585,-949.4180398954327,70.37388789749974,6.071743726730347,10.593486547470093,nils
S0051_R05,S0051,75,True,379.6216339230262,1029.4101636205496,-649.7885296975235,63.12241249028912,5.071401834487915,10.551484823226929,nils
S0051_R06,S0051,75,True,487.3314329612765,1075.24261870315,-587.9111857418734,54.67707245932579,6.016331911087036,10.670425176620483,nils
S0051_R07,S0051,75,True,917.9090406771128,1740.4395639122015,-822.5305232350887,47.259930209020595,17.697678804397583,10.69108271598816,nils
S0051_R08,S0051,75,True,1964.5055634171572,1163.2477215267966,801.2578418903606,-68.88110133916156,15.117175817489624,10.724449396133425,alns
S0051_R09,S0051,75,True,717.8465148447242,1193.8831660529463,-476.0366512082221,39.87296787021711,5.959807395935059,10.597611904144289,nils
S0051_R10,S0051,75,True,994.6438673999074,2048.5658118875203,-1053.921944487613,51.4468189585056,4.431954622268677,10.872803688049316,nils
S0052_R01,S0052,75,True,783.5149953430252,1293.209044421821,-509.69404907879584,39.41312127975986,15.787367582321169,10.92934536933899,nils
S0052_R02,S0052,75,True,1337.6984417482813,1500.3356271010591,-162.6371853527778,10.840053546353795,18.54989123344421,10.58698344230652,nils
S0052_R03,S0052,75,True,340.54026836845713,1283.1694773769468,-942.6292090084896,73.46100617475805,7.751992225646973,10.61703395843506,nils
S0052_R04,S0052,75,True,360.7078309443193,973.9942979597452,-613.2864670154258,62.966124986572844,8.372268915176392,10.577102899551392,nils
S0052_R05,S0052,75,True,487.1998444065106,1420.917055793491,-933.7172113869805,65.71229528000558,44.35867071151733,10.598057985305786,nils
S0052_R06,S0052,75,True,328.13212545370607,1007.6354586674918,-679.5033332137857,67.43543286104365,9.481152296066284,11.245978355407717,nils
S0052_R07,S0052,75,True,532.760787885887,1301.0827723525997,-768.3219844667127,59.05250617356524,8.711482524871826,10.60994791984558,nils
S0052_R08,S0052,75,True,897.8466960190668,1350.889643599294,-453.0429475802272,33.536636373430554,17.778374195098877,11.048782348632812,nils
S0052_R09,S0052,75,True,389.8258601737534,835.7204272084077,-445.8945670346543,53.35451336568316,6.6549155712127686,10.733200311660768,nils
S0052_R10,S0052,75,True,272.9555866027644,1544.0542984542135,-1271.098711851449,82.32215104896076,9.787628173828123,10.608457326889038,nils
S0053_R01,S0053,75,True,1420.8975045567026,16640.262381872264,-15219.364877315562,91.4610871394395,8.496832132339478,10.75342845916748,nils
S0053_R02,S0053,75,True,10925.926383000617,22531.42717868027,-11605.500795679654,51.50805895980274,26.25167918205261,10.699418783187866,nils
S0053_R03,S0053,75,True,560.3967102155573,16896.033986156035,-16335.637275940479,96.68326477873609,8.82073187828064,10.796634912490845,nils
S0053_R04,S0053,75,True,2349.53998003642,17023.9898600459,-14674.449880009479,86.19865261109781,7.984079837799072,10.626531839370728,nils
S0053_R05,S0053,75,True,5267.495019047531,13348.23225186176,-8080.737232814229,60.5378830720237,25.966537952423096,10.534263849258425,nils
S0053_R06,S0053,75,True,4963.784096490642,20380.785451569027,-15417.001355078384,75.64478509287038,23.358938932418823,10.581758260726929,nils
S0053_R07,S0053,75,True,615.3231764050032,12610.197228368485,-11994.874051963481,95.12043178023622,9.156671524047852,10.500582933425903,nils
S0053_R08,S0053,75,True,10677.401383727516,22481.312801841206,-11803.91141811369,52.50543650256473,25.012877941131592,10.86318302154541,nils
S0053_R09,S0053,75,True,12078.804421646031,21521.714691985995,-9442.910270339964,43.87619855334392,23.794533729553223,10.68844723701477,nils
S0053_R10,S0053,75,True,845.4817529649426,11997.705801652492,-11152.224048687549,92.95297145185464,8.383570432662964,10.627294778823853,nils
S0054_R01,S0054,100,True,213536.7037594409,66844.70863932089,146691.99512012,-219.4519178947091,24.680225372314453,12.406538963317873,alns
S0054_R02,S0054,100,True,253169.51638478623,100644.31026293582,152525.2061218504,-151.54876189560485,25.77384686470032,13.243623495101929,alns
S0054_R03,S0054,100,True,171753.31344015864,135573.96797544748,36179.345464711165,-26.686056331450935,23.412400722503666,12.05126166343689,alns
S0054_R04,S0054,100,True,235196.9115708297,116737.43950470896,118459.47206612072,-101.47513305818421,23.5474157333374,12.032015085220335,alns
S0054_R05,S0054,100,True,255865.21048229875,247579.43424656207,8285.776235736674,-3.346714262011337,31.401975631713867,11.501959800720217,alns
S0054_R06,S0054,100,True,215673.5048762516,160160.27208184285,55513.232794408745,-34.661050504485374,26.12959098815918,11.801175594329834,alns
S0054_R07,S0054,100,True,109275.89206866804,179619.68058349102,-70343.78851482298,39.16262866424913,46.24668192863464,14.13783860206604,nils
S0054_R08,S0054,100,True,302907.3376800101,141812.94556897142,161094.3921110387,-113.59639380220732,26.347177505493164,11.722269535064695,alns
S0054_R09,S0054,100,True,213100.13895628424,177663.5191176564,35436.61983862784,-19.945917999721818,29.66754984855652,11.441341161727903,alns
S0054_R10,S0054,100,True,232683.9513181101,133597.37586149384,99086.57545661627,-74.16805518646083,35.365989446640015,12.18673825263977,alns
S0055_R01,S0055,100,True,32211.29728458895,19369.376628297807,12841.920656291142,-66.30012365772093,139.54211592674255,11.492660760879517,alns
S0055_R02,S0055,100,True,55817.311410999,20596.507843941527,35220.803567057475,-171.00376352109464,24.55125379562378,12.866811990737917,alns
S0055_R03,S0055,100,True,44729.6708190423,25659.048444651573,19070.62237439073,-74.32318628466463,26.901692152023315,12.002389430999756,alns
S0055_R04,S0055,100,True,49300.25568060411,33523.46375426637,15776.79192633774,-47.06193859317388,19.35309362411499,11.687694549560549,alns
S0055_R05,S0055,100,True,54654.875178201575,41261.508559394926,13393.366618806649,-32.45971145123603,23.258939743041992,12.1890606880188,alns
S0055_R06,S0055,100,True,27436.69280089667,28225.35153871828,-788.65873782161,2.794150275647632,22.320148229599,11.550507307052612,nils
S0055_R07,S0055,100,True,63147.66912082658,30874.745042576425,32272.92407825015,-104.52855249086471,20.309511184692383,12.268354892730711,alns
S0055_R08,S0055,100,True,44353.57739605387,34907.20677548876,9446.37062056511,-27.061376412386537,28.148892164230347,11.953179359436035,alns
S0055_R09,S0055,100,True,81911.43897449815,37329.80923143128,44581.629743066864,-119.42635298958248,47.218414068222046,11.938112497329712,alns
S0055_R10,S0055,100,True,27309.28008276045,33040.52411464157,-5731.2440318811205,17.346105079917233,132.99236130714417,12.253581523895264,nils
S0056_R01,S0056,100,True,224564.75409986408,171731.47265638836,52833.28144347572,-30.76505466717101,36.56474161148071,11.650122165679932,alns
S0056_R02,S0056,100,True,364516.6404557989,255290.20843441057,109226.43202138832,-42.785202257160165,46.41480875015259,13.074947118759155,alns
S0056_R03,S0056,100,True,735670.9742213361,411682.3920909148,323988.5821304213,-78.69867362674879,42.41694498062134,11.786588191986084,alns
S0056_R04,S0056,100,True,469136.279719102,364973.2560884344,104163.0236306676,-28.539905840505885,22.642400979995728,11.778950452804564,alns
S0056_R05,S0056,100,True,261447.39790801692,307938.3872537563,-46490.98934573936,15.097497184535332,19.527618646621704,11.697009801864624,nils
S0056_R06,S0056,100,True,511030.85277844686,229055.9528442044,281974.8999342425,-123.10306561909422,23.45045161247253,12.221400737762451,alns
S0056_R07,S0056,100,True,355449.2741800943,461334.0671937764,-105884.79301368212,22.951869489665675,25.53972220420837,11.749322652816772,nils
S0056_R08,S0056,100,True,641913.6952452256,345959.5815393717,295954.1137058539,-85.54586416973481,23.42258930206299,11.54620099067688,alns
S0056_R09,S0056,100,True,644310.1628109762,326231.3137033488,318078.84910762735,-97.50101714541887,24.16911029815674,11.976487159729004,alns
S0056_R10,S0056,100,True,551200.0084212499,290948.87149892375,260251.13692232617,-89.44909653079334,20.581823348999023,12.049453020095823,alns
S0057_R01,S0057,100,True,191491.0573695853,117162.63329513645,74328.42407444885,-63.44038366499766,23.88463377952576,11.93983769416809,alns
S0057_R02,S0057,100,True,156626.54324757523,138522.4667570119,18104.07649056334,-13.069415318975272,22.013014793396,12.918012142181396,alns
S0057_R03,S0057,100,True,209441.27186064207,149383.89278144765,60057.37907919442,-40.2033833507471,17.85895085334778,11.500940084457396,alns
S0057_R04,S0057,100,True,237962.78646826983,116226.83300465082,121735.95346361901,-104.7399729619646,22.49814534187317,11.7698712348938,alns
S0057_R05,S0057,100,True,225927.629998589,135041.13027900038,90886.49971958861,-67.30282805824675,63.18829679489136,11.444868087768556,alns
S0057_R06,S0057,100,True,224779.5710831174,152987.90081098978,71791.67027212761,-46.926371230378045,21.605940103530884,11.807084560394289,alns
S0057_R07,S0057,100,True,313907.92820327746,93591.00079344788,220316.92740982957,-235.40396570399056,24.943569660186768,13.110992908477783,alns
S0057_R08,S0057,100,True,338665.58438277687,212661.54248649,126004.04189628686,-59.25097712685482,19.17698311805725,12.518353462219238,alns
S0057_R09,S0057,100,True,154969.046491288,97413.72790692636,57555.31858436164,-59.08337543487986,29.965206146240234,11.616568088531494,alns
S0057_R10,S0057,100,True,279498.5703999333,173205.6160889086,106292.95431102472,-61.36807611161016,22.177965879440308,11.86724042892456,alns
S0058_R01,S0058,100,True,66201.45793744651,47539.6053865552,18661.852550891308,-39.255379591705896,23.41494822502136,11.89217495918274,alns
S0058_R02,S0058,100,True,68389.95614671678,39091.98009826829,29297.976048448494,-74.94625745434253,21.37829113006592,12.410455465316772,alns
S0058_R03,S0058,100,True,32039.53524341295,19318.728938563665,12720.806304849284,-65.84701480777166,18.78399109840393,11.645040035247805,alns
S0058_R04,S0058,100,True,40492.14598690643,41548.74478750705,-1056.5988006006228,2.5430342264354584,32.30396604537964,11.452102422714232,nils
S0058_R05,S0058,100,True,62649.84351521558,38117.00798615798,24532.8355290576,-64.36191302834311,25.7068030834198,11.640058040618896,alns
S0058_R06,S0058,100,True,76247.53545516741,38118.38106173698,38129.15439343043,-100.0282628259474,18.787713766098022,12.335849523544312,alns
S0058_R07,S0058,100,True,35743.38454767717,34334.52251040983,1408.8620372673395,-4.103339537750056,17.8881254196167,12.333858013153076,alns
S0058_R08,S0058,100,True,69483.80787442974,60915.06273026588,8568.745144163855,-14.066709874545431,27.149476766586304,12.286562204360962,alns
S0058_R09,S0058,100,True,57938.85177730768,28319.979510900976,29618.872266406706,-104.58648903685032,28.06643056869507,12.185280323028564,alns
S0058_R10,S0058,100,True,17387.429142392844,28211.69695533305,-10824.267812940205,38.368013913087275,7.170042991638184,11.23136830329895,nils
S0059_R01,S0059,100,True,4953.920057291762,2860.568746064496,2093.351311227266,-73.17954914061234,24.007376194000244,11.707256078720093,alns
S0059_R02,S0059,100,True,5857.908450525711,2315.5245753463964,3542.383875179314,-152.9840759582257,25.317964553833008,11.806596517562866,alns
S0059_R03,S0059,100,True,6183.838409067336,4341.7240030894245,1842.1144059779117,-42.42817840717478,30.806859970092773,12.451122760772703,alns
S0059_R04,S0059,100,True,4125.589703711764,2424.216564027104,1701.3731396846597,-70.18239067133267,29.276809453964237,11.5567626953125,alns
S0059_R05,S0059,100,True,4875.977152066154,1921.6649353290863,2954.312216737068,-153.7371142296011,32.968461751937866,11.739600419998167,alns
S0059_R06,S0059,100,True,4313.3438936831735,3128.314536313016,1185.0293573701574,-37.880761145163326,29.64693784713745,12.121628761291504,alns
S0059_R07,S0059,100,True,4444.934247343742,3135.3555430068623,1309.5787043368796,-41.76810847681313,23.14500451087952,11.897988319396973,alns
S0059_R08,S0059,100,True,4411.993136726918,2580.5373008835045,1831.4558358434138,-70.97187997307282,23.99140238761902,12.290001153945925,alns
S0059_R09,S0059,100,True,4951.11057402439,2109.649649566248,2841.460924458142,-134.68875863072134,32.832454681396484,11.43339490890503,alns
S0059_R10,S0059,100,True,4876.719462698867,2197.4333916969526,2679.286071001914,-121.92797657146977,24.784709215164185,11.434669494628906,alns
S0060_R01,S0060,100,True,4246.140697023674,2710.037954016892,1536.102743006782,-56.68196420385658,29.799442529678345,11.644683361053469,alns
S0060_R02,S0060,100,True,4718.287169555542,2579.193329399937,2139.0938401556054,-82.93654515046677,23.897549629211422,11.78470778465271,alns
S0060_R03,S0060,100,True,5279.450535370477,1698.3725966582203,3581.0779387122566,-210.8534926763724,22.10127544403076,11.55107879638672,alns
S0060_R04,S0060,100,True,4490.653681566248,1696.8108125054316,2793.842869060817,-164.65258521871152,27.693331003189087,11.671233654022217,alns
S0060_R05,S0060,100,True,5005.635496550757,2333.148499084743,2672.486997466014,-114.5442306185992,27.83734917640686,12.041680335998535,alns
S0060_R06,S0060,100,True,4729.207943188321,2565.4109138988088,2163.7970292895125,-84.3450465407532,25.929499626159668,11.541308641433716,alns
S0060_R07,S0060,100,True,5519.008310873805,2578.2890641678323,2940.719246705973,-114.0570034436817,21.788118600845337,11.965760469436646,alns
S0060_R08,S0060,100,True,4503.540196006614,1871.004530448716,2632.535665557898,-140.70172587591472,26.497398376464844,12.018718481063845,alns
S0060_R09,S0060,100,True,5125.30921780612,2408.3084205254186,2717.000797280701,-112.81780913625404,25.397302865982056,11.514818906784058,alns
S0060_R10,S0060,100,True,6452.767539876162,2776.520016767089,3676.247523109073,-132.4048629546566,34.68846082687378,11.633958101272585,alns
S0061_R01,S0061,100,True,391253.38801253744,246663.5786369896,144589.80937554783,-58.61822413123183,28.51624631881714,11.977559566497805,alns
S0061_R02,S0061,100,True,228531.8537585069,325743.63558540074,-97211.78182689383,29.84303335725731,20.110355377197266,11.700241088867188,nils
S0061_R03,S0061,100,True,490412.8854039615,429627.3464400937,60785.53896386782,-14.148433396416403,24.34227681159973,11.680853605270386,alns
S0061_R04,S0061,100,True,380845.7367558384,413369.71859302034,-32523.981837181957,7.868012671049852,23.824424028396606,11.463892698287964,nils
S0061_R05,S0061,100,True,458780.51440010505,275381.2915825909,183399.22281751415,-66.59828696551452,24.223690271377563,11.731003284454346,alns
S0061_R06,S0061,100,True,396782.6993036758,243744.61805568845,153038.08124798734,-62.78624015116619,30.96190118789673,11.484756469726562,alns
S0061_R07,S0061,100,True,317389.51621143386,300654.82709002646,16734.6891214074,-5.566080306569119,26.51686143875122,11.84105658531189,alns
S0061_R08,S0061,100,True,545495.8029495251,364847.0734879621,180648.729461563,-49.51354761723844,26.278716564178467,11.964804649353027,alns
S0061_R09,S0061,100,True,324648.1528985195,270098.67658644135,54549.47631207813,-20.1961286895163,29.73224401473999,11.866435766220093,alns
S0061_R10,S0061,100,True,410168.159919246,265627.6442846852,144540.51563456078,-54.41471124882249,24.35391092300415,11.945664405822754,alns
S0062_R01,S0062,100,True,239803.5421977816,123321.32905967424,116482.21313810734,-94.45423109391118,34.357277631759644,11.995976448059082,alns
S0062_R02,S0062,100,True,241328.55974172265,110966.38757554496,130362.1721661777,-117.4789727001145,28.5108163356781,11.492718696594238,alns
S0062_R03,S0062,100,True,388203.2092119511,242602.88512292583,145600.3240890253,-60.01590789625204,47.89867210388184,12.004121541976929,alns
S0062_R04,S0062,100,True,323086.65063230105,96521.79372829516,226564.8569040059,-234.7292234764892,32.96291184425354,11.441211700439451,alns
S0062_R05,S0062,100,True,228882.01441033333,86823.7131205962,142058.3012897371,-163.61693848824606,32.42307686805725,11.716930150985718,alns
S0062_R06,S0062,100,True,234219.5191554848,171036.1049115734,63183.41424391139,-36.941565218979676,27.258280515670776,11.55374789237976,alns
S0062_R07,S0062,100,True,162320.6217682582,149024.59000233206,13296.031765926135,-8.922038816357803,37.30294370651245,11.597057580947876,alns
S0062_R08,S0062,100,True,228650.4824654219,114258.00131154552,114392.48115387638,-100.1176984025514,32.99825882911682,12.133875608444214,alns
S0062_R09,S0062,100,True,305405.87212542724,135328.29654159036,170077.57558383688,-125.67776284065398,36.461708068847656,11.865175247192385,alns
S0062_R10,S0062,100,True,218544.57073948064,236600.9760010756,-18056.405261594977,7.631585282012062,31.147116661071777,11.950110912322998,nils
S0063_R01,S0063,100,True,6997.50818196475,3211.788259510866,3785.7199224538845,-117.8695361141405,27.440788745880127,11.801210641860962,alns
S0063_R02,S0063,100,True,4814.07540592114,2426.3163324810084,2387.759073440132,-98.41087254268078,28.509536743164062,11.702773809432983,alns
S0063_R03,S0063,100,True,3531.574229046613,1629.5210672310036,1902.0531618156092,-116.7246745111256,25.16670227050781,11.116141319274902,alns
S0063_R04,S0063,100,True,3616.8062561689594,1479.255793129989,2137.5504630389705,-144.50174695723732,34.01854491233826,11.294317960739136,alns
S0063_R05,S0063,100,True,4683.225316024129,2585.3303490171675,2097.8949670069615,-81.14610838048189,26.397308826446533,11.62773609161377,alns
S0063_R06,S0063,100,True,5629.344794125079,2874.423899577646,2754.920894547433,-95.84254065491969,21.292043924331665,11.960435390472412,alns
S0063_R07,S0063,100,True,4973.414172971198,2313.649462969908,2659.76471000129,-114.95970986836926,22.836644887924194,11.505934476852415,alns
S0063_R08,S0063,100,True,5324.627460340254,2481.448750797321,2843.1787095429336,-114.57736971716157,28.02970004081726,11.50986647605896,alns
S0063_R09,S0063,100,True,5204.033811216285,3372.4296020514566,1831.6042091648287,-54.31111765982186,25.624000549316406,11.433642148971558,alns
S0063_R10,S0063,100,True,5580.230953800426,1272.3587164321498,4307.872237368276,-338.57371995281954,28.76731276512146,11.76974105834961,alns
S0064_R01,S0064,100,True,260629.0499302188,163944.2628540181,96684.78707620071,-58.97418146452148,24.064043760299683,11.761312007904053,alns
S0064_R02,S0064,100,True,295535.25056806224,242116.8838626572,53418.36670540503,-22.063048992364795,24.675225496292114,11.547831296920776,alns
S0064_R03,S0064,100,True,236857.7539134506,154299.95786164113,82557.79605180948,-53.504743096455044,25.19308924674988,11.70785427093506,alns
S0064_R04,S0064,100,True,206612.1954666532,165916.9014161689,40695.29405048431,-24.52751570402609,27.21387028694153,12.08042287826538,alns
S0064_R05,S0064,100,True,201753.63486195248,159513.12076776847,42240.51409418401,-26.48090256831036,72.3204836845398,11.57229232788086,alns
S0064_R06,S0064,100,True,240581.98218168563,185942.2801575303,54639.702024155325,-29.38530278205934,24.40178346633911,11.951606035232544,alns
S0064_R07,S0064,100,True,177569.2037412706,162918.72169888273,14650.482042387885,-8.99250981692938,24.47920608520508,11.554880380630491,alns
S0064_R08,S0064,100,True,220615.27230095016,194189.10604210303,26426.166258847137,-13.608470010216514,27.063599109649655,11.468622207641602,alns
S0064_R09,S0064,100,True,248315.7271434407,189221.35974000176,59094.367403438926,-31.230283665986292,23.221102476119995,11.70414686203003,alns
S0064_R10,S0064,100,True,183228.07063697264,143874.37579638255,39353.69484059009,-27.35281708278978,67.13363718986511,11.410487174987791,alns
S0065_R01,S0065,100,True,178142.26426548377,283204.0996768076,-105061.83541132382,37.09756869029098,32.80743098258972,11.705495595932009,nils
S0065_R02,S0065,100,True,175478.5726073302,275386.8518612406,-99908.27925391038,36.279248111762165,35.0478413105011,11.806523084640505,nils
S0065_R03,S0065,100,True,238476.02552909128,474106.0912876172,-235630.06575852595,49.699860450765776,38.81853771209717,11.849107503890991,nils
S0065_R04,S0065,100,True,327788.3059123944,363981.1859886523,-36192.88007625786,9.94361287601998,48.853546380996704,11.298835277557371,nils
S0065_R05,S0065,100,True,204640.8747294488,354623.03152860794,-149982.15679915913,42.29340552210012,32.61913776397705,11.541316747665403,nils
S0065_R06,S0065,100,True,236068.0576132189,308814.5019640149,-72746.444350796,23.55668010671108,29.82549285888672,12.04548192024231,nils
S0065_R07,S0065,100,True,305055.3010523728,375741.1877829615,-70685.88673058874,18.812387097530245,28.667195081710812,11.504770517349243,nils
S0065_R08,S0065,100,True,139578.88087610726,268171.245125437,-128592.36424932972,47.95158563297146,28.72899293899536,11.266072034835815,nils
S0065_R09,S0065,100,True,163490.08306493293,590240.349039197,-426750.265974264,72.30110016520138,48.591477394104,11.867923021316528,nils
S0065_R10,S0065,100,True,275528.9690158338,243393.95003278533,32135.018983048474,-13.202883218222912,35.738792419433594,11.74769139289856,alns
S0066_R01,S0066,100,True,23895.799108383544,31387.185802390926,-7491.386694007382,23.867659691353165,30.22750329971313,11.556711196899414,nils
S0066_R02,S0066,100,True,29535.3149966154,28797.366518117597,737.9484784978049,-2.562555426842699,29.11345076560974,11.469491481781006,alns
S0066_R03,S0066,100,True,41564.94170540393,44896.44608042933,-3331.504375025397,7.4204189103458305,31.55933928489685,11.355324983596802,nils
S0066_R04,S0066,100,True,30357.01431513149,51903.42688540399,-21546.4125702725,41.51250478671509,37.00374889373779,13.545817136764526,nils
S0066_R05,S0066,100,True,24573.996770219583,40729.21529919007,-16155.21852897049,39.66493930780873,41.025843143463135,11.578613996505736,nils
S0066_R06,S0066,100,True,27372.310859923367,29084.77780237927,-1712.4669424559033,5.8878460550446965,33.35371947288513,11.610796451568604,nils
S0066_R07,S0066,100,True,31013.4587178946,40337.87210960622,-9324.413391711623,23.11577905342972,33.14933133125305,12.980982303619385,nils
S0066_R08,S0066,100,True,37938.73020251206,41267.24463352166,-3328.5144310096002,8.065753991013555,35.720606565475464,12.265870094299316,nils
S0066_R09,S0066,100,True,33223.78481346656,34795.41042860406,-1571.6256151374982,4.516761250344445,37.508553981781006,13.108285665512083,nils
S0066_R10,S0066,100,True,32711.886110402,35116.668887263906,-2404.7827768619063,6.847980896428566,45.26480793952942,11.682981014251707,nils
S0067_R01,S0067,100,True,166062.07187583877,159845.09913936869,6216.972736470081,-3.889373380818834,38.71627688407898,11.572569370269775,alns
S0067_R02,S0067,100,True,211002.3797024361,296478.3909298872,-85476.01122745109,28.830435486161594,42.99055027961731,11.86454176902771,nils
S0067_R03,S0067,100,True,341151.0190667577,307270.77719020675,33880.24187655095,-11.026184197001722,36.18191504478455,11.724215269088743,alns
S0067_R04,S0067,100,True,461656.5725262126,384295.917792159,77360.65473405359,-20.130490893190544,27.51016449928284,11.894196271896362,alns
S0067_R05,S0067,100,True,355430.48733381,234702.21057908036,120728.27675472965,-51.4389176211238,27.928698301315308,12.287258386611938,alns
S0067_R06,S0067,100,True,320041.4361132253,335932.5058394378,-15891.069726212532,4.730435266007816,46.02532505989075,11.74181866645813,nils
S0067_R07,S0067,100,True,259195.40031280232,299980.86225399066,-40785.46194118835,13.596021304404319,55.76503014564514,14.266924142837524,nils
S0067_R08,S0067,100,True,219952.5484567424,231563.00868465044,-11610.460227908043,5.013952916685204,31.524858474731445,12.927932977676392,nils
S0067_R09,S0067,100,True,261847.40316741992,410306.36523428524,-148458.96206686532,36.18246623644143,27.34196138381958,11.961963176727295,nils
S0067_R10,S0067,100,True,277348.9186831817,224364.6186248632,52984.300058318506,-23.615265358264022,28.75064468383789,11.856472969055176,alns
S0068_R01,S0068,100,True,135556.09011854374,299979.1125699892,-164423.0224514455,54.811490387712695,43.89207983016968,11.784517526626587,nils
S0068_R02,S0068,100,True,250504.97000681076,311962.70128362003,-61457.73127680927,19.700345914409535,43.88061761856079,11.533874273300171,nils
S0068_R03,S0068,100,True,225296.42361595665,388822.6036148477,-163526.17999889105,42.056757626383686,40.96823358535767,12.615039825439453,nils
S0068_R04,S0068,100,True,144290.04165204536,399146.0659183582,-254856.02426631286,63.850315968901825,56.248257875442505,12.389434337615967,nils
S0068_R05,S0068,100,True,226184.147745982,230681.97327190032,-4497.825525918335,1.9497949762276554,56.10789918899536,12.30823040008545,nils
S0068_R06,S0068,100,True,88867.08270209964,217624.26777267052,-128757.18507057088,59.16490214458534,42.95925188064575,12.223158359527588,nils
S0068_R07,S0068,100,True,166516.33008973557,282058.90856645635,-115542.57847672078,40.96398836113968,45.73249244689941,12.518946409225464,nils
S0068_R08,S0068,100,True,129652.37491854864,234127.90057538188,-104475.52565683324,44.62327018697004,38.560293436050415,12.516187191009521,nils
S0068_R09,S0068,100,True,202661.3483456761,342546.6169519104,-139885.26860623428,40.83685597334992,56.99542570114136,11.643370628356934,nils
S0068_R10,S0068,100,True,146411.2789269929,291978.4919239466,-145567.2129969537,49.8554575159839,44.14089560508728,12.096832036972046,nils
S0069_R01,S0069,100,True,4119.250417674281,2763.4881817524515,1355.7622359218299,-49.05981667929843,37.936169385910034,11.87284541130066,alns
S0069_R02,S0069,100,True,2976.438946593409,2641.3034006218895,335.1355459715196,-12.688263903821598,41.52745771408081,15.44016408920288,alns
S0069_R03,S0069,100,True,2945.242312516636,2011.9670320659689,933.2752804506672,-46.386211383013695,47.09251976013184,11.98530888557434,alns
S0069_R04,S0069,100,True,4177.7117344068165,1955.333364512288,2222.3783698945285,-113.65726224637142,38.42780828475952,12.248590230941772,alns
S0069_R05,S0069,100,True,4359.723002214813,2640.6417713293986,1719.0812308854147,-65.1008875777938,31.578670501708984,12.35478162765503,alns
S0069_R06,S0069,100,True,3332.282181577235,2469.617059627556,862.6651219496789,-34.93112904232115,35.25860285758972,12.274240016937256,alns
S0069_R07,S0069,100,True,2642.098111352841,1733.8478826423861,908.2502287104548,-52.38350133267057,62.875083446502686,12.168227672576904,alns
S0069_R08,S0069,100,True,2978.561041481527,2045.5787966818957,932.9822447996312,-45.609694738379595,88.68619656562805,12.063442707061768,alns
S0069_R09,S0069,100,True,2351.8342076015088,2620.8688164939067,-269.03460889239796,10.26509252196383,35.614323139190674,12.070162773132324,nils
S0069_R10,S0069,100,True,1580.148141265821,2189.07467768823,-608.9265364224091,27.816617798779948,85.67056226730347,12.924659252166748,nils
S0070_R01,S0070,100,True,36870.39039869951,27978.218337542676,8892.17206115683,-31.782481478546604,49.063578605651855,12.117313385009766,alns
S0070_R02,S0070,100,True,5761.691047840804,34775.4801163249,-29013.789068484097,83.4317426285193,40.05289816856384,13.115700244903564,nils
S0070_R03,S0070,100,True,24694.79059431567,40185.72821896131,-15490.937624645641,38.54835612344675,36.18337821960449,11.824885129928589,nils
S0070_R04,S0070,100,True,11664.81346190492,15514.047206996906,-3849.233745091986,24.811280343120035,34.130813121795654,11.79581904411316,nils
S0070_R05,S0070,100,True,31297.22599712538,40817.431464486435,-9520.205467361055,23.32387199729653,47.332542181015015,11.922524213790894,nils
S0070_R06,S0070,100,True,23979.449898848598,28740.06202709631,-4760.612128247714,16.564376666130293,34.40627717971802,12.333774328231812,nils
S0070_R07,S0070,100,True,25121.99270465605,30862.478571331285,-5740.485866675233,18.600210133503907,45.26690435409546,13.545853614807129,nils
S0070_R08,S0070,100,True,21857.84364764313,21120.178865721475,737.664781921656,-3.492701395246716,37.58025121688843,12.549911260604858,alns
S0070_R09,S0070,100,True,16348.614124762966,33052.851607656274,-16704.23748289331,50.537961689889364,36.57775354385376,12.826225996017456,nils
S0070_R10,S0070,100,True,32030.970273008283,19487.305096378794,12543.665176629489,-64.36839324161042,29.682584285736084,12.01502776145935,alns
S0071_R01,S0071,100,True,91367.04122184133,181424.54037525604,-90057.49915341471,49.639094560824574,41.829754114151,12.658915281295776,nils
S0071_R02,S0071,100,True,116500.55406888136,128587.65484876325,-12087.10077988189,9.399892076807825,31.990267753601078,11.825496912002563,nils
S0071_R03,S0071,100,True,46726.40781774518,202155.082819361,-155428.67500161583,76.88586051556352,52.603179693222046,12.5629301071167,nils
S0071_R04,S0071,100,True,142220.88636318102,155965.81856155425,-13744.932198373222,8.812784958358412,55.09296536445618,12.75050687789917,nils
S0071_R05,S0071,100,True,170840.4084022522,161542.33976398627,9298.068638265919,-5.755809066434483,50.272876024246216,12.992509841918945,alns
S0071_R06,S0071,100,True,99226.50484855362,115244.52449409475,-16018.01964554112,13.89915895428238,34.676175594329834,12.297993183135986,nils
S0071_R07,S0071,100,True,109194.5586718704,145241.25969646734,-36046.70102459694,24.818499302422186,35.085715532302856,11.99659514427185,nils
S0071_R08,S0071,100,True,131998.95642577944,133684.29550326563,-1685.339077486191,1.2606859101449366,48.69350600242615,11.753940343856812,nils
S0071_R09,S0071,100,True,119517.09327199122,181416.95157539126,-61899.85830340003,34.12021741401402,33.948235273361206,12.380258798599243,nils
S0071_R10,S0071,100,True,127656.92695092558,134233.09025838668,-6576.163307461102,4.899062738407181,33.695022106170654,13.507184267044067,nils
S0072_R01,S0072,100,True,15859.452783038354,30049.505141926442,-14190.052358888088,47.222249723804865,48.76343846321106,11.810662746429443,nils
S0072_R02,S0072,100,True,32930.740997639296,36809.76729552642,-3879.026297887125,10.538035371819785,49.8676552772522,11.756713390350342,nils
S0072_R03,S0072,100,True,17150.24750506574,27796.701687512646,-10646.454182446905,38.30114199207205,46.84103798866272,11.874095916748047,nils
S0072_R04,S0072,100,True,34207.26807973044,39817.730982270354,-5610.462902539912,14.090363172723436,46.863322257995605,11.520223379135132,nils
S0072_R05,S0072,100,True,14484.12955942542,27137.253193020802,-12653.123633595382,46.626397828832324,48.69888305664063,12.46383786201477,nils
S0072_R06,S0072,100,True,20499.68995384118,39848.93020582704,-19349.24025198586,48.55648608894512,53.3453221321106,12.231409549713135,nils
S0072_R07,S0072,100,True,26617.65689213456,51429.768175567755,-24812.111283433194,48.24464928313724,48.493725299835205,12.411940813064575,nils
S0072_R08,S0072,100,True,12191.522915561707,12506.41079568518,-314.8878801234732,2.51781174685316,55.99266982078552,12.226291179656982,nils
S0072_R09,S0072,100,True,12231.394373447492,24500.926129501953,-12269.53175605446,50.07782845106628,48.24884819984436,11.839763641357422,nils
S0072_R10,S0072,100,True,20797.235536642944,34804.59518668398,-14007.359650041039,40.24571920721597,45.14126300811768,12.325535535812378,nils
