instance_id,random_seed,method_name,scenario_id,scenario_class,n,eligible_share,eligible_share_target,number_of_drones,number_of_trucks,endurance_level,speed_ratio,spatial_pattern,launch_retrieval_time_class,priority_weight_profile,battery_slack_ratio,priority_weight_high,priority_weight_medium,priority_weight_low,depot_position,objective_total,truck_travel_cost,drone_travel_cost,waiting_sync_cost,penalty_cost,priority_tardiness_cost,high_priority_tardiness_minutes,medium_priority_tardiness_minutes,low_priority_tardiness_minutes,total_priority_tardiness_minutes,high_priority_tardiness_weighted_cost,medium_priority_tardiness_weighted_cost,low_priority_tardiness_weighted_cost,fixed_deployment_cost,makespan_minutes,truck_route_distance_km,drone_flight_distance_km,customers_served_by_truck,customers_served_by_drone,drone_service_share,number_of_drone_launches,number_of_drone_retrievals,average_customers_per_drone_sortie,average_customers_per_drone_route,total_truck_waiting_time,total_drone_waiting_time,average_synchronization_delay,maximum_synchronization_delay,delayed_rendezvous_events,average_battery_usage_ratio,maximum_battery_usage_ratio,sorties_near_endurance_limit,infeasible_battery_attempts_rejected,eligible_not_assigned_due_battery,cpu_time_seconds,iterations,improving_moves_accepted,candidate_reassignments_evaluated,final_solution_feasibility_flag,status,run_label,truck_only_objective,truck_only_distance,simple_drone_objective,improvement_vs_truck_only_pct,improvement_vs_simple_drone_pct,truck_distance_reduction_pct,is_feasible_run,reporting_policy,reporting_penalty_value,objective_for_reporting,reporting_included,truck_only_objective_reported,simple_drone_objective_reported,improvement_vs_truck_only_reported_pct,improvement_vs_simple_drone_reported_pct
S0001_R01,102027,truck_only,S0001,n15_p0.25_d1_clustered_Elow_V1.25_Hshort_PWmoderate_B0.05,15,0.26666666666666666,0.25,1,3,low,1.25,clustered,short,moderate,0.05,20.0,5.0,1.0,peripheral,64.15233250574084,64.15233250574084,0.0,0.0,0.0,0.0,0.0,0.0,0.0,0.0,0.0,0.0,0.0,0.0,151.20411060410214,80.19041563217604,0.0,15,0,0.0,0,0,0.0,0.0,0.0,0.0,0.0,0.0,0,0.0,0.0,0,0,0,0.0030226707458496094,0.0,0.0,0.0,True,feasible,baseline_truck_only,64.15233250574084,80.19041563217604,,,,0.0,True,feasible_only,0.0,64.15233250574084,True,64.15233250574084,,,
S0001_R01,102027,nils,S0001,n15_p0.25_d1_clustered_Elow_V1.25_Hshort_PWmoderate_B0.05,15,0.26666666666666666,0.25,1,3,low,1.25,clustered,short,moderate,0.05,20.0,5.0,1.0,peripheral,53.037796465444664,45.002069495296396,8.03572697014827,0.0,0.0,0.0,0.0,0.0,0.0,0.0,0.0,0.0,0.0,0.0,108.15892714173074,56.25258686912049,26.785756567160902,13,2,0.13333333333333333,1,1,2.0,2.0,0.0,0.0,0.0,0.0,0,0.7722797764299625,0.7722797764299625,0,0,0,0.20448827743530273,25.0,2.0,10.0,True,feasible,nils_complete,64.15233250574084,80.19041563217604,,17.325225141738322,,29.85123418346594,True,feasible_only,0.0,53.037796465444664,True,64.15233250574084,,17.325225141738322,
S0001_R02,102028,truck_only,S0001,n15_p0.25_d1_clustered_Elow_V1.25_Hshort_PWmoderate_B0.05,15,0.26666666666666666,0.25,1,3,low,1.25,clustered,short,moderate,0.05,20.0,5.0,1.0,peripheral,262.84497328501806,76.33223572663601,0.0,0.0,186.51273755838204,186.51273755838204,9.325636877919102,0.0,0.0,9.325636877919102,186.51273755838204,0.0,0.0,0.0,176.73936699964045,95.41529465829504,0.0,15,0,0.0,0,0,0.0,0.0,0.0,0.0,0.0,0.0,0,0.0,0.0,0,0,0,0.004945516586303711,0.0,0.0,0.0,True,feasible,baseline_truck_only,262.84497328501806,95.41529465829504,,,,0.0,True,feasible_only,0.0,262.84497328501806,True,262.84497328501806,,,
S0001_R02,102028,nils,S0001,n15_p0.25_d1_clustered_Elow_V1.25_Hshort_PWmoderate_B0.05,15,0.26666666666666666,0.25,1,3,low,1.25,clustered,short,moderate,0.05,20.0,5.0,1.0,peripheral,54.8605950804564,45.558410055864066,9.302185024592335,0.0,0.0,0.0,0.0,0.0,0.0,0.0,0.0,0.0,0.0,0.0,109.45958432414582,56.94801256983009,31.007283415307782,13,2,0.13333333333333333,1,1,2.0,2.0,0.0,0.0,0.0,0.0,0,0.8942434422434745,0.8942434422434745,0,50,50,0.2436540126800537,25.0,2.0,3.0,True,feasible,nils_complete,262.84497328501806,95.41529465829504,,79.12815512702696,,40.315635167533124,True,feasible_only,0.0,54.8605950804564,True,262.84497328501806,,79.12815512702696,
S0001_R03,102029,truck_only,S0001,n15_p0.25_d1_clustered_Elow_V1.25_Hshort_PWmoderate_B0.05,15,0.26666666666666666,0.25,1,3,low,1.25,clustered,short,moderate,0.05,20.0,5.0,1.0,peripheral,1198.1562071047938,58.542003550431346,0.0,0.0,1139.6142035543623,1139.6142035543623,56.980710177718116,0.0,0.0,56.980710177718116,1139.6142035543623,0.0,0.0,0.0,136.35688864249485,73.17750443803916,0.0,15,0,0.0,0,0,0.0,0.0,0.0,0.0,0.0,0.0,0,0.0,0.0,0,0,0,0.005246877670288086,0.0,0.0,0.0,True,feasible,baseline_truck_only,1198.1562071047938,73.17750443803916,,,,0.0,True,feasible_only,0.0,1198.1562071047938,True,1198.1562071047938,,,
S0001_R03,102029,nils,S0001,n15_p0.25_d1_clustered_Elow_V1.25_Hshort_PWmoderate_B0.05,15,0.26666666666666666,0.25,1,3,low,1.25,clustered,short,moderate,0.05,20.0,5.0,1.0,peripheral,113.2374641838602,104.42855069747615,8.808913486384046,0.0,0.0,0.0,0.0,0.0,0.0,0.0,0.0,0.0,0.0,0.0,90.8568279293534,130.5356883718452,29.363044954613493,11,4,0.26666666666666666,1,1,4.0,4.0,0.0,0.0,0.0,0.0,0,0.8572927616412936,0.8572927616412936,0,0,0,0.17707133293151855,25.0,5.0,11.0,True,feasible,nils_complete,1198.1562071047938,73.17750443803916,,90.54902328157317,,-78.38226292941205,True,feasible_only,0.0,113.2374641838602,True,1198.1562071047938,,90.54902328157317,
S0001_R04,102030,truck_only,S0001,n15_p0.25_d1_clustered_Elow_V1.25_Hshort_PWmoderate_B0.05,15,0.26666666666666666,0.25,1,3,low,1.25,clustered,short,moderate,0.05,20.0,5.0,1.0,peripheral,1968.5490659327656,74.73817505475569,0.0,0.0,1893.81089087801,1893.81089087801,94.6905445439005,0.0,0.0,94.6905445439005,1893.81089087801,0.0,0.0,0.0,173.17098201122133,93.4227188184446,0.0,15,0,0.0,0,0,0.0,0.0,0.0,0.0,0.0,0.0,0,0.0,0.0,0,0,0,0.002819061279296875,0.0,0.0,0.0,True,feasible,baseline_truck_only,1968.5490659327656,93.4227188184446,,,,0.0,True,feasible_only,0.0,1968.5490659327656,True,1968.5490659327656,,,
S0001_R04,102030,nils,S0001,n15_p0.25_d1_clustered_Elow_V1.25_Hshort_PWmoderate_B0.05,15,0.26666666666666666,0.25,1,3,low,1.25,clustered,short,moderate,0.05,20.0,5.0,1.0,peripheral,51.70258948247374,43.25066827291866,8.451921209555085,0.0,0.0,0.0,0.0,0.0,0.0,0.0,0.0,0.0,0.0,0.0,104.7338589823905,54.06333534114833,28.173070698516952,14,1,0.06666666666666667,1,1,1.0,1.0,0.0,0.0,0.0,0.0,0,0.8049448771004845,0.8049448771004845,0,50,50,0.14432883262634277,25.0,1.0,3.0,True,feasible,nils_complete,1968.5490659327656,93.4227188184446,,97.3735686665257,,42.13041963998748,True,feasible_only,0.0,51.70258948247374,True,1968.5490659327656,,97.3735686665257,
S0001_R05,102031,truck_only,S0001,n15_p0.25_d1_clustered_Elow_V1.25_Hshort_PWmoderate_B0.05,15,0.26666666666666666,0.25,1,3,low,1.25,clustered,short,moderate,0.05,20.0,5.0,1.0,peripheral,2919.7694664444903,68.60106274227991,0.0,0.0,2851.1684037022105,2851.1684037022105,142.55842018511055,0.0,0.0,142.55842018511055,2851.168403702211,0.0,0.0,0.0,162.78749432200888,85.7513284278499,0.0,15,0,0.0,0,0,0.0,0.0,0.0,0.0,0.0,0.0,0,0.0,0.0,0,0,0,0.0026645660400390625,0.0,0.0,0.0,True,feasible,baseline_truck_only,2919.7694664444903,85.7513284278499,,,,0.0,True,feasible_only,0.0,2919.7694664444903,True,2919.7694664444903,,,
S0001_R05,102031,nils,S0001,n15_p0.25_d1_clustered_Elow_V1.25_Hshort_PWmoderate_B0.05,15,0.26666666666666666,0.25,1,3,low,1.25,clustered,short,moderate,0.05,20.0,5.0,1.0,peripheral,90.29111508427067,81.27577203543643,9.015343048834238,0.0,0.0,0.0,0.0,0.0,0.0,0.0,0.0,0.0,0.0,0.0,94.9507888484969,101.59471504429554,30.05114349611413,12,3,0.2,1,1,3.0,3.0,0.0,0.0,0.0,0.0,0,0.8801102737019351,0.8801102737019351,0,25,25,0.17162561416625977,25.0,6.0,6.0,True,feasible,nils_complete,2919.7694664444903,85.7513284278499,,96.90759437955828,,-18.475966386661952,True,feasible_only,0.0,90.29111508427067,True,2919.7694664444903,,96.90759437955828,
S0001_R06,102032,truck_only,S0001,n15_p0.25_d1_clustered_Elow_V1.25_Hshort_PWmoderate_B0.05,15,0.26666666666666666,0.25,1,3,low,1.25,clustered,short,moderate,0.05,20.0,5.0,1.0,peripheral,991.2626326933467,70.84102438360595,0.0,0.0,920.4216083097408,920.4216083097408,46.02108041548704,0.0,0.0,46.02108041548704,920.4216083097408,0.0,0.0,0.0,164.20600809511419,88.55128047950744,0.0,15,0,0.0,0,0,0.0,0.0,0.0,0.0,0.0,0.0,0,0.0,0.0,0,0,0,0.005948543548583984,0.0,0.0,0.0,True,feasible,baseline_truck_only,991.2626326933467,88.55128047950744,,,,0.0,True,feasible_only,0.0,991.2626326933467,True,991.2626326933467,,,
S0001_R06,102032,nils,S0001,n15_p0.25_d1_clustered_Elow_V1.25_Hshort_PWmoderate_B0.05,15,0.26666666666666666,0.25,1,3,low,1.25,clustered,short,moderate,0.05,20.0,5.0,1.0,peripheral,51.94468889233459,43.765690538045426,8.178998354289162,0.0,0.0,0.0,0.0,0.0,0.0,0.0,0.0,0.0,0.0,0.0,103.94846094429283,54.707113172556795,27.263327847630542,13,2,0.13333333333333333,1,1,2.0,2.0,0.0,0.0,0.0,0.0,0,0.7937014172617618,0.7937014172617618,0,11,11,0.12374472618103027,14.0,2.0,9.0,True,feasible,nils_complete,991.2626326933467,88.55128047950744,,94.75974507873899,,38.2198508295799,True,feasible_only,0.0,51.94468889233459,True,991.2626326933467,,94.75974507873899,
S0001_R07,102033,truck_only,S0001,n15_p0.25_d1_clustered_Elow_V1.25_Hshort_PWmoderate_B0.05,15,0.26666666666666666,0.25,1,3,low,1.25,clustered,short,moderate,0.05,20.0,5.0,1.0,peripheral,4102.976891469282,76.7382421631082,0.0,0.0,4026.2386493061745,4026.2386493061745,195.9982694761195,21.254651956756888,0.0,217.2529214328764,3919.96538952239,106.27325978378444,0.0,0.0,179.15900324944099,95.92280270388522,0.0,15,0,0.0,0,0,0.0,0.0,0.0,0.0,0.0,0.0,0,0.0,0.0,0,0,0,0.00507807731628418,0.0,0.0,0.0,True,feasible,baseline_truck_only,4102.976891469282,95.92280270388522,,,,0.0,True,feasible_only,0.0,4102.976891469282,True,4102.976891469282,,,
S0001_R07,102033,nils,S0001,n15_p0.25_d1_clustered_Elow_V1.25_Hshort_PWmoderate_B0.05,15,0.26666666666666666,0.25,1,3,low,1.25,clustered,short,moderate,0.05,20.0,5.0,1.0,peripheral,57.80897497491408,49.392772038757116,8.416202936156962,0.0,0.0,0.0,0.0,0.0,0.0,0.0,0.0,0.0,0.0,0.0,119.7100196569921,61.7409650484464,28.054009787189877,14,1,0.06666666666666667,1,1,1.0,1.0,0.0,0.0,0.0,0.0,0,0.8015431367768535,0.8015431367768535,0,14,14,0.11423540115356445,14.0,1.0,6.0,True,feasible,nils_complete,4102.976891469282,95.92280270388522,,98.5910479999264,,35.63473615440381,True,feasible_only,0.0,57.80897497491408,True,4102.976891469282,,98.5910479999264,
S0001_R08,102034,truck_only,S0001,n15_p0.25_d1_clustered_Elow_V1.25_Hshort_PWmoderate_B0.05,15,0.26666666666666666,0.25,1,3,low,1.25,clustered,short,moderate,0.05,20.0,5.0,1.0,peripheral,2164.6239578976224,69.50775515162545,0.0,0.0,2095.116202745997,2095.116202745997,104.75581013729985,0.0,0.0,104.75581013729985,2095.116202745997,0.0,0.0,0.0,162.58450359404802,86.88469393953181,0.0,15,0,0.0,0,0,0.0,0.0,0.0,0.0,0.0,0.0,0,0.0,0.0,0,0,0,0.003003835678100586,0.0,0.0,0.0,True,feasible,baseline_truck_only,2164.6239578976224,86.88469393953181,,,,0.0,True,feasible_only,0.0,2164.6239578976224,True,2164.6239578976224,,,
S0001_R08,102034,nils,S0001,n15_p0.25_d1_clustered_Elow_V1.25_Hshort_PWmoderate_B0.05,15,0.26666666666666666,0.25,1,3,low,1.25,clustered,short,moderate,0.05,20.0,5.0,1.0,peripheral,127.12462838406371,119.10408236446725,8.020546019596463,0.0,0.0,0.0,0.0,0.0,0.0,0.0,0.0,0.0,0.0,0.0,90.3939981673654,148.88010295558405,26.735153398654877,14,1,0.06666666666666667,1,1,1.0,1.0,0.0,0.0,0.0,0.0,0,0.7638615256758536,0.7638615256758536,0,75,75,0.1535933017730713,25.0,7.0,1.0,True,feasible,nils_complete,2164.6239578976224,86.88469393953181,,94.12717262412947,,-71.35365989687263,True,feasible_only,0.0,127.12462838406371,True,2164.6239578976224,,94.12717262412947,
S0001_R09,102035,truck_only,S0001,n15_p0.25_d1_clustered_Elow_V1.25_Hshort_PWmoderate_B0.05,15,0.26666666666666666,0.25,1,3,low,1.25,clustered,short,moderate,0.05,20.0,5.0,1.0,peripheral,64.9874093857662,64.9874093857662,0.0,0.0,0.0,0.0,0.0,0.0,0.0,0.0,0.0,0.0,0.0,0.0,153.06063384204077,81.23426173220773,0.0,15,0,0.0,0,0,0.0,0.0,0.0,0.0,0.0,0.0,0,0.0,0.0,0,0,0,0.0034012794494628906,0.0,0.0,0.0,True,feasible,baseline_truck_only,64.9874093857662,81.23426173220773,,,,0.0,True,feasible_only,0.0,64.9874093857662,True,64.9874093857662,,,
S0001_R09,102035,nils,S0001,n15_p0.25_d1_clustered_Elow_V1.25_Hshort_PWmoderate_B0.05,15,0.26666666666666666,0.25,1,3,low,1.25,clustered,short,moderate,0.05,20.0,5.0,1.0,peripheral,64.9874093857662,64.9874093857662,0.0,0.0,0.0,0.0,0.0,0.0,0.0,0.0,0.0,0.0,0.0,0.0,153.06063384204077,81.23426173220773,0.0,15,0,0.0,0,0,0.0,0.0,0.0,0.0,0.0,0.0,0,0.0,0.0,0,50,50,0.15182018280029297,25.0,0.0,3.0,True,feasible,nils_complete,64.9874093857662,81.23426173220773,,0.0,,0.0,True,feasible_only,0.0,64.9874093857662,True,64.9874093857662,,0.0,
S0001_R10,102036,truck_only,S0001,n15_p0.25_d1_clustered_Elow_V1.25_Hshort_PWmoderate_B0.05,15,0.26666666666666666,0.25,1,3,low,1.25,clustered,short,moderate,0.05,20.0,5.0,1.0,peripheral,1190.0201529885185,72.37026080789965,0.0,0.0,1117.6498921806187,1117.6498921806187,53.55725086430716,9.300974978895113,0.0,62.85822584320227,1071.1450172861432,46.50487489447556,0.0,0.0,169.30589515072595,90.46282600987458,0.0,15,0,0.0,0,0,0.0,0.0,0.0,0.0,0.0,0.0,0,0.0,0.0,0,0,0,0.0028486251831054688,0.0,0.0,0.0,True,feasible,baseline_truck_only,1190.0201529885185,90.46282600987458,,,,0.0,True,feasible_only,0.0,1190.0201529885185,True,1190.0201529885185,,,
S0001_R10,102036,nils,S0001,n15_p0.25_d1_clustered_Elow_V1.25_Hshort_PWmoderate_B0.05,15,0.26666666666666666,0.25,1,3,low,1.25,clustered,short,moderate,0.05,20.0,5.0,1.0,peripheral,55.60029306045209,46.456437066656115,9.143855993795972,0.0,0.0,0.0,0.0,0.0,0.0,0.0,0.0,0.0,0.0,0.0,111.32297927836495,58.07054633332014,30.47951997931991,13,2,0.13333333333333333,1,1,2.0,2.0,0.0,0.0,0.0,0.0,0,0.8765008942747351,0.8765008942747351,0,50,50,0.1675562858581543,25.0,2.0,3.0,True,feasible,nils_complete,1190.0201529885185,90.46282600987458,,95.32778559078835,,35.807282510739405,True,feasible_only,0.0,55.60029306045209,True,1190.0201529885185,,95.32778559078835,
S0002_R01,202027,truck_only,S0002,n15_p0.25_d1_clustered_Elow_V1.25_Hmedium_PWstrict_B0.05,15,0.26666666666666666,0.25,1,3,low,1.25,clustered,medium,strict,0.05,200.0,40.0,1.0,peripheral,11547.08479689203,74.42704579340352,0.0,0.0,11472.657751098626,11472.657751098626,55.468545670245575,9.47371542623776,0.0,64.94226109648334,11093.709134049115,378.9486170495104,0.0,0.0,172.21109206473875,93.03380724175437,0.0,15,0,0.0,0,0,0.0,0.0,0.0,0.0,0.0,0.0,0,0.0,0.0,0,0,0,0.003185749053955078,0.0,0.0,0.0,True,feasible,baseline_truck_only,11547.08479689203,93.03380724175437,,,,0.0,True,feasible_only,0.0,11547.08479689203,True,11547.08479689203,,,
S0002_R01,202027,nils,S0002,n15_p0.25_d1_clustered_Elow_V1.25_Hmedium_PWstrict_B0.05,15,0.26666666666666666,0.25,1,3,low,1.25,clustered,medium,strict,0.05,200.0,40.0,1.0,peripheral,79.5340332503585,79.5340332503585,0.0,0.0,0.0,0.0,0.0,0.0,0.0,0.0,0.0,0.0,0.0,0.0,111.27324237588883,99.41754156294814,0.0,15,0,0.0,0,0,0.0,0.0,0.0,0.0,0.0,0.0,0,0.0,0.0,0,100,100,0.22436118125915527,25.0,1.0,0.0,True,feasible,nils_complete,11547.08479689203,93.03380724175437,,99.31121980439802,,-6.861736083319931,True,feasible_only,0.0,79.5340332503585,True,11547.08479689203,,99.31121980439802,
S0002_R02,202028,truck_only,S0002,n15_p0.25_d1_clustered_Elow_V1.25_Hmedium_PWstrict_B0.05,15,0.26666666666666666,0.25,1,3,low,1.25,clustered,medium,strict,0.05,200.0,40.0,1.0,peripheral,16323.069210171936,68.23984131778201,0.0,0.0,16254.829368854154,16254.829368854154,80.78901257588062,2.425671341950789,0.0,83.21468391783141,16157.802515176123,97.02685367803156,0.0,0.0,160.51051780742796,85.2998016472275,0.0,15,0,0.0,0,0,0.0,0.0,0.0,0.0,0.0,0.0,0,0.0,0.0,0,0,0,0.0045850276947021484,0.0,0.0,0.0,True,feasible,baseline_truck_only,16323.069210171936,85.2998016472275,,,,0.0,True,feasible_only,0.0,16323.069210171936,True,16323.069210171936,,,
S0002_R02,202028,nils,S0002,n15_p0.25_d1_clustered_Elow_V1.25_Hmedium_PWstrict_B0.05,15,0.26666666666666666,0.25,1,3,low,1.25,clustered,medium,strict,0.05,200.0,40.0,1.0,peripheral,126.0112444808305,118.50358753268878,7.507656948141709,0.0,0.0,0.0,0.0,0.0,0.0,0.0,0.0,0.0,0.0,0.0,96.22128941648361,148.129484415861,25.025523160472364,14,1,0.06666666666666667,1,1,1.0,1.0,0.0,0.0,0.0,0.0,0,0.7150149474420676,0.7150149474420676,0,75,75,0.2190248966217041,25.0,7.0,1.0,True,feasible,nils_complete,16323.069210171936,85.2998016472275,,99.22801745885937,,-73.65747815976972,True,feasible_only,0.0,126.0112444808305,True,16323.069210171936,,99.22801745885937,
S0002_R03,202029,truck_only,S0002,n15_p0.25_d1_clustered_Elow_V1.25_Hmedium_PWstrict_B0.05,15,0.26666666666666666,0.25,1,3,low,1.25,clustered,medium,strict,0.05,200.0,40.0,1.0,peripheral,30041.285708647643,73.32571035979345,0.0,0.0,29967.95999828785,29967.95999828785,149.36365975680394,2.3807011731765186,0.0,151.74436092998047,29872.731951360787,95.22804692706075,0.0,0.0,171.9548557389477,91.65713794974181,0.0,15,0,0.0,0,0,0.0,0.0,0.0,0.0,0.0,0.0,0,0.0,0.0,0,0,0,0.0044460296630859375,0.0,0.0,0.0,True,feasible,baseline_truck_only,30041.285708647643,91.65713794974181,,,,0.0,True,feasible_only,0.0,30041.285708647643,True,30041.285708647643,,,
S0002_R03,202029,nils,S0002,n15_p0.25_d1_clustered_Elow_V1.25_Hmedium_PWstrict_B0.05,15,0.26666666666666666,0.25,1,3,low,1.25,clustered,medium,strict,0.05,200.0,40.0,1.0,peripheral,129.5818202799879,121.74635269092994,7.835467589057979,0.0,0.0,0.0,0.0,0.0,0.0,0.0,0.0,0.0,0.0,0.0,95.48346822241523,152.18294086366242,26.118225296859926,13,2,0.13333333333333333,1,1,2.0,2.0,0.0,0.0,0.0,0.0,0,0.7520502413036426,0.7520502413036426,0,50,50,0.2064347267150879,25.0,7.0,3.0,True,feasible,nils_complete,30041.285708647643,91.65713794974181,,99.56865421294971,,-66.03501294913727,True,feasible_only,0.0,129.5818202799879,True,30041.285708647643,,99.56865421294971,
S0002_R04,202030,truck_only,S0002,n15_p0.25_d1_clustered_Elow_V1.25_Hmedium_PWstrict_B0.05,15,0.26666666666666666,0.25,1,3,low,1.25,clustered,medium,strict,0.05,200.0,40.0,1.0,peripheral,40294.10877576783,81.96592073982728,0.0,0.0,40212.142855028,40212.142855028,193.2245933261226,39.18060474508705,0.0,232.40519807120967,38644.91866522452,1567.2241898034822,0.0,0.0,188.80971262102793,102.45740092478412,0.0,15,0,0.0,0,0,0.0,0.0,0.0,0.0,0.0,0.0,0,0.0,0.0,0,0,0,0.0045626163482666016,0.0,0.0,0.0,True,feasible,baseline_truck_only,40294.10877576783,102.45740092478412,,,,0.0,True,feasible_only,0.0,40294.10877576783,True,40294.10877576783,,,
S0002_R04,202030,nils,S0002,n15_p0.25_d1_clustered_Elow_V1.25_Hmedium_PWstrict_B0.05,15,0.26666666666666666,0.25,1,3,low,1.25,clustered,medium,strict,0.05,200.0,40.0,1.0,peripheral,127.34704817617215,119.81831206520044,7.52873611097171,0.0,0.0,0.0,0.0,0.0,0.0,0.0,0.0,0.0,0.0,0.0,94.06000581592849,149.77289008150058,25.095787036572368,14,1,0.06666666666666667,1,1,1.0,1.0,0.0,0.0,0.0,0.0,0,0.7170224867592104,0.7170224867592104,0,75,75,0.18497061729431152,25.0,8.0,1.0,True,feasible,nils_complete,40294.10877576783,102.45740092478412,,99.68395616122238,,-46.18064554599782,True,feasible_only,0.0,127.34704817617215,True,40294.10877576783,,99.68395616122238,
S0002_R05,202031,truck_only,S0002,n15_p0.25_d1_clustered_Elow_V1.25_Hmedium_PWstrict_B0.05,15,0.26666666666666666,0.25,1,3,low,1.25,clustered,medium,strict,0.05,200.0,40.0,1.0,peripheral,26498.515514921386,57.86611083669905,0.0,0.0,26440.64940408469,26440.64940408469,132.20324702042342,0.0,0.0,132.20324702042342,26440.649404084685,0.0,0.0,0.0,139.1171127883996,72.3326385458738,0.0,15,0,0.0,0,0,0.0,0.0,0.0,0.0,0.0,0.0,0,0.0,0.0,0,0,0,0.004670858383178711,0.0,0.0,0.0,True,feasible,baseline_truck_only,26498.515514921386,72.3326385458738,,,,0.0,True,feasible_only,0.0,26498.515514921386,True,26498.515514921386,,,
S0002_R05,202031,nils,S0002,n15_p0.25_d1_clustered_Elow_V1.25_Hmedium_PWstrict_B0.05,15,0.26666666666666666,0.25,1,3,low,1.25,clustered,medium,strict,0.05,200.0,40.0,1.0,peripheral,50.37621632435976,41.56492942068539,8.811286903674372,0.0,0.0,0.0,0.0,0.0,0.0,0.0,0.0,0.0,0.0,0.0,101.70568429034296,51.956161775856735,29.370956345581238,13,2,0.13333333333333333,1,1,2.0,2.0,0.0,0.0,0.0,0.0,0,0.8407634254223147,0.8407634254223147,0,25,25,0.14229297637939453,25.0,2.0,6.0,True,feasible,nils_complete,26498.515514921386,72.3326385458738,,99.80989042085776,,28.170514970353505,True,feasible_only,0.0,50.37621632435976,True,26498.515514921386,,99.80989042085776,
S0002_R06,202032,truck_only,S0002,n15_p0.25_d1_clustered_Elow_V1.25_Hmedium_PWstrict_B0.05,15,0.26666666666666666,0.25,1,3,low,1.25,clustered,medium,strict,0.05,200.0,40.0,1.0,peripheral,26097.74155973711,67.41996030400384,0.0,0.0,26030.321599433108,26030.321599433108,130.15160799716554,0.0,0.0,130.15160799716554,26030.321599433108,0.0,0.0,0.0,157.74210711323093,84.2749503800048,0.0,15,0,0.0,0,0,0.0,0.0,0.0,0.0,0.0,0.0,0,0.0,0.0,0,0,0,0.00451970100402832,0.0,0.0,0.0,True,feasible,baseline_truck_only,26097.74155973711,84.2749503800048,,,,0.0,True,feasible_only,0.0,26097.74155973711,True,26097.74155973711,,,
S0002_R06,202032,nils,S0002,n15_p0.25_d1_clustered_Elow_V1.25_Hmedium_PWstrict_B0.05,15,0.26666666666666666,0.25,1,3,low,1.25,clustered,medium,strict,0.05,200.0,40.0,1.0,peripheral,111.59388694222588,111.59388694222588,0.0,0.0,0.0,0.0,0.0,0.0,0.0,0.0,0.0,0.0,0.0,0.0,95.61622487483669,139.4923586777823,0.0,15,0,0.0,0,0,0.0,0.0,0.0,0.0,0.0,0.0,0,0.0,0.0,0,100,100,0.19418072700500488,25.0,5.0,0.0,True,feasible,nils_complete,26097.74155973711,84.2749503800048,,99.57240021445232,,-65.52054679213252,True,feasible_only,0.0,111.59388694222588,True,26097.74155973711,,99.57240021445232,
S0002_R07,202033,truck_only,S0002,n15_p0.25_d1_clustered_Elow_V1.25_Hmedium_PWstrict_B0.05,15,0.26666666666666666,0.25,1,3,low,1.25,clustered,medium,strict,0.05,200.0,40.0,1.0,peripheral,7278.911970899877,60.44208195992272,0.0,0.0,7218.469888939954,7218.469888939954,36.09234944469977,0.0,0.0,36.09234944469977,7218.469888939954,0.0,0.0,0.0,143.13207897861574,75.5526024499034,0.0,15,0,0.0,0,0,0.0,0.0,0.0,0.0,0.0,0.0,0,0.0,0.0,0,0,0,0.002836942672729492,0.0,0.0,0.0,True,feasible,baseline_truck_only,7278.911970899877,75.5526024499034,,,,0.0,True,feasible_only,0.0,7278.911970899877,True,7278.911970899877,,,
S0002_R07,202033,nils,S0002,n15_p0.25_d1_clustered_Elow_V1.25_Hmedium_PWstrict_B0.05,15,0.26666666666666666,0.25,1,3,low,1.25,clustered,medium,strict,0.05,200.0,40.0,1.0,peripheral,51.48609360079755,43.19321274105201,8.292880859745544,0.0,0.0,0.0,0.0,0.0,0.0,0.0,0.0,0.0,0.0,0.0,104.65252640400678,53.991515926315,27.642936199151816,13,2,0.13333333333333333,1,1,2.0,2.0,0.0,0.0,0.0,0.0,0,0.7929416247041269,0.7929416247041269,0,50,50,0.18230628967285156,25.0,2.0,3.0,True,feasible,nils_complete,7278.911970899877,75.5526024499034,,99.29266772552502,,28.53784757167682,True,feasible_only,0.0,51.48609360079755,True,7278.911970899877,,99.29266772552502,
S0002_R08,202034,truck_only,S0002,n15_p0.25_d1_clustered_Elow_V1.25_Hmedium_PWstrict_B0.05,15,0.26666666666666666,0.25,1,3,low,1.25,clustered,medium,strict,0.05,200.0,40.0,1.0,peripheral,150.57961541133932,70.56342717003146,0.0,0.0,80.01618824130787,80.01618824130787,0.0,2.000404706032697,0.0,2.000404706032697,0.0,80.01618824130787,0.0,0.0,162.97852155414876,88.2042839625393,0.0,15,0,0.0,0,0,0.0,0.0,0.0,0.0,0.0,0.0,0,0.0,0.0,0,0,0,0.0033483505249023438,0.0,0.0,0.0,True,feasible,baseline_truck_only,150.57961541133932,88.2042839625393,,,,0.0,True,feasible_only,0.0,150.57961541133932,True,150.57961541133932,,,
S0002_R08,202034,nils,S0002,n15_p0.25_d1_clustered_Elow_V1.25_Hmedium_PWstrict_B0.05,15,0.26666666666666666,0.25,1,3,low,1.25,clustered,medium,strict,0.05,200.0,40.0,1.0,peripheral,128.77910162075455,119.25320251616557,9.525899104588966,0.0,0.0,0.0,0.0,0.0,0.0,0.0,0.0,0.0,0.0,0.0,91.11403865035726,149.06650314520698,31.752997015296554,13,2,0.13333333333333333,1,1,2.0,2.0,0.0,0.0,0.0,0.0,0,0.9185023775830528,0.9185023775830528,1,50,50,0.18391180038452148,25.0,3.0,3.0,True,feasible,nils_complete,150.57961541133932,88.2042839625393,,14.477732414863837,,-69.00143218499014,True,feasible_only,0.0,128.77910162075455,True,150.57961541133932,,14.477732414863837,
S0002_R09,202035,truck_only,S0002,n15_p0.25_d1_clustered_Elow_V1.25_Hmedium_PWstrict_B0.05,15,0.26666666666666666,0.25,1,3,low,1.25,clustered,medium,strict,0.05,200.0,40.0,1.0,peripheral,24190.05572312179,69.53649384736885,0.0,0.0,24120.51922927442,24120.51922927442,120.6025961463721,0.0,0.0,120.6025961463721,24120.519229274418,0.0,0.0,0.0,162.37048858081693,86.92061730921105,0.0,15,0,0.0,0,0,0.0,0.0,0.0,0.0,0.0,0.0,0,0.0,0.0,0,0,0,0.005127429962158203,0.0,0.0,0.0,True,feasible,baseline_truck_only,24190.05572312179,86.92061730921105,,,,0.0,True,feasible_only,0.0,24190.05572312179,True,24190.05572312179,,,
S0002_R09,202035,nils,S0002,n15_p0.25_d1_clustered_Elow_V1.25_Hmedium_PWstrict_B0.05,15,0.26666666666666666,0.25,1,3,low,1.25,clustered,medium,strict,0.05,200.0,40.0,1.0,peripheral,53.95772742828159,46.04034236755186,7.917385060729734,0.0,0.0,0.0,0.0,0.0,0.0,0.0,0.0,0.0,0.0,0.0,111.35218304426927,57.550427959439816,26.39128353576578,14,1,0.06666666666666667,1,1,1.0,1.0,0.0,0.0,0.0,0.0,0,0.7540366724504508,0.7540366724504508,0,75,75,0.18082380294799805,25.0,1.0,1.0,True,feasible,nils_complete,24190.05572312179,86.92061730921105,,99.77694252528444,,33.78966953868936,True,feasible_only,0.0,53.95772742828159,True,24190.05572312179,,99.77694252528444,
S0002_R10,202036,truck_only,S0002,n15_p0.25_d1_clustered_Elow_V1.25_Hmedium_PWstrict_B0.05,15,0.26666666666666666,0.25,1,3,low,1.25,clustered,medium,strict,0.05,200.0,40.0,1.0,peripheral,24701.222315805422,94.06061780549032,0.0,0.0,24607.16169799993,24607.16169799993,101.97643561438649,105.29686437806579,0.0,207.27329999245228,20395.287122877296,4211.8745751226315,0.0,0.0,216.02474849179356,117.5757722568629,0.0,15,0,0.0,0,0,0.0,0.0,0.0,0.0,0.0,0.0,0,0.0,0.0,0,0,0,0.002650737762451172,0.0,0.0,0.0,True,feasible,baseline_truck_only,24701.222315805422,117.5757722568629,,,,0.0,True,feasible_only,0.0,24701.222315805422,True,24701.222315805422,,,
S0002_R10,202036,nils,S0002,n15_p0.25_d1_clustered_Elow_V1.25_Hmedium_PWstrict_B0.05,15,0.26666666666666666,0.25,1,3,low,1.25,clustered,medium,strict,0.05,200.0,40.0,1.0,peripheral,114.36294451497264,114.36294451497264,0.0,0.0,0.0,0.0,0.0,0.0,0.0,0.0,0.0,0.0,0.0,0.0,98.38618911408943,142.95368064371578,0.0,15,0,0.0,0,0,0.0,0.0,0.0,0.0,0.0,0.0,0,0.0,0.0,0,100,100,0.14052581787109375,25.0,6.0,0.0,True,feasible,nils_complete,24701.222315805422,117.5757722568629,,99.53701503896106,,-21.584300829775387,True,feasible_only,0.0,114.36294451497264,True,24701.222315805422,,99.53701503896106,
S0003_R01,302027,truck_only,S0003,n15_p0.25_d1_uniform_Elow_V2.00_Hshort_PWflat_B0.05,15,0.26666666666666666,0.25,1,3,low,2.0,uniform,short,flat,0.05,1.0,1.0,1.0,peripheral,413.66083483006304,167.30965002443338,0.0,0.0,246.35118480562966,246.35118480562966,227.38529328236496,18.965891523264702,0.0,246.35118480562966,227.38529328236496,18.965891523264702,0.0,0.0,206.8071792813876,209.13706253054175,0.0,15,0,0.0,0,0,0.0,0.0,0.0,0.0,0.0,0.0,0,0.0,0.0,0,0,0,0.004770040512084961,0.0,0.0,0.0,True,feasible,baseline_truck_only,413.66083483006304,209.13706253054175,,,,0.0,True,feasible_only,0.0,413.66083483006304,True,413.66083483006304,,,
S0003_R01,302027,nils,S0003,n15_p0.25_d1_uniform_Elow_V2.00_Hshort_PWflat_B0.05,15,0.26666666666666666,0.25,1,3,low,2.0,uniform,short,flat,0.05,1.0,1.0,1.0,peripheral,149.68504909511205,132.531472846361,13.5580798323461,0.0,3.5954964164049485,3.5954964164049485,3.5954964164049485,0.0,0.0,3.5954964164049485,3.5954964164049485,0.0,0.0,0.0,129.999577979788,165.66434105795125,45.193599441153665,12,3,0.2,1,1,3.0,3.0,0.0,0.0,0.0,0.0,0,0.8404755049442028,0.8404755049442028,0,23,23,0.16351675987243652,25.0,7.0,8.0,True,feasible,nils_complete,413.66083483006304,209.13706253054175,,63.81454648550315,,20.786713242776795,True,feasible_only,0.0,149.68504909511205,True,413.66083483006304,,63.81454648550315,
S0003_R02,302028,truck_only,S0003,n15_p0.25_d1_uniform_Elow_V2.00_Hshort_PWflat_B0.05,15,0.26666666666666666,0.25,1,3,low,2.0,uniform,short,flat,0.05,1.0,1.0,1.0,peripheral,168.16431494714985,140.05504136813133,0.0,0.0,28.109273579018527,28.109273579018527,28.109273579018527,0.0,0.0,28.109273579018527,28.109273579018527,0.0,0.0,0.0,136.2651682559855,175.06880171016414,0.0,15,0,0.0,0,0,0.0,0.0,0.0,0.0,0.0,0.0,0,0.0,0.0,0,0,0,0.003019571304321289,0.0,0.0,0.0,True,feasible,baseline_truck_only,168.16431494714985,175.06880171016414,,,,0.0,True,feasible_only,0.0,168.16431494714985,True,168.16431494714985,,,
S0003_R02,302028,nils,S0003,n15_p0.25_d1_uniform_Elow_V2.00_Hshort_PWflat_B0.05,15,0.26666666666666666,0.25,1,3,low,2.0,uniform,short,flat,0.05,1.0,1.0,1.0,peripheral,163.7301870117479,127.26582828616189,10.694312479362617,0.0,25.77004624622338,25.77004624622338,25.77004624622338,0.0,0.0,25.77004624622338,25.77004624622338,0.0,0.0,0.0,136.22281102271864,159.08228535770235,35.64770826454206,13,2,0.13333333333333333,1,1,2.0,2.0,0.0,0.0,0.0,0.0,0,0.6447508854195028,0.6447508854195028,0,24,24,0.15447545051574707,25.0,2.0,7.0,True,feasible,nils_complete,168.16431494714985,175.06880171016414,,2.636782920797141,,9.131562103754119,True,feasible_only,0.0,163.7301870117479,True,168.16431494714985,,2.636782920797141,
S0003_R03,302029,truck_only,S0003,n15_p0.25_d1_uniform_Elow_V2.00_Hshort_PWflat_B0.05,15,0.26666666666666666,0.25,1,3,low,2.0,uniform,short,flat,0.05,1.0,1.0,1.0,peripheral,353.7541272126295,180.26516683797553,0.0,0.0,173.48896037465397,173.48896037465397,161.13171258535107,12.357247789302903,0.0,173.48896037465397,161.13171258535107,12.357247789302903,0.0,0.0,232.79391348738264,225.33145854746937,0.0,15,0,0.0,0,0,0.0,0.0,0.0,0.0,0.0,0.0,0,0.0,0.0,0,0,0,0.0033364295959472656,0.0,0.0,0.0,True,feasible,baseline_truck_only,353.7541272126295,225.33145854746937,,,,0.0,True,feasible_only,0.0,353.7541272126295,True,353.7541272126295,,,
S0003_R03,302029,nils,S0003,n15_p0.25_d1_uniform_Elow_V2.00_Hshort_PWflat_B0.05,15,0.26666666666666666,0.25,1,3,low,2.0,uniform,short,flat,0.05,1.0,1.0,1.0,peripheral,171.39958383646808,148.44247201451523,14.271248178816528,0.0,8.685863643136301,8.685863643136301,8.685863643136301,0.0,0.0,8.685863643136301,8.685863643136301,0.0,0.0,0.0,138.0959606137351,185.553090018144,47.570827262721764,11,4,0.26666666666666666,1,1,4.0,4.0,0.0,0.0,0.0,0.0,0,0.9315823578484924,0.9315823578484924,1,0,0,0.1435840129852295,25.0,8.0,11.0,True,feasible,nils_complete,353.7541272126295,225.33145854746937,,51.54838611015112,,17.65326900457864,True,feasible_only,0.0,171.39958383646808,True,353.7541272126295,,51.54838611015112,
S0003_R04,302030,truck_only,S0003,n15_p0.25_d1_uniform_Elow_V2.00_Hshort_PWflat_B0.05,15,0.26666666666666666,0.25,1,3,low,2.0,uniform,short,flat,0.05,1.0,1.0,1.0,peripheral,1143.7795894737296,192.97119489285797,0.0,0.0,950.8083945808717,950.8083945808717,427.603877159121,426.152822520896,97.05169490085456,950.8083945808714,427.603877159121,426.152822520896,97.05169490085456,0.0,354.30602231167006,241.21399361607243,0.0,15,0,0.0,0,0,0.0,0.0,0.0,0.0,0.0,0.0,0,0.0,0.0,0,0,0,0.002956390380859375,0.0,0.0,0.0,True,feasible,baseline_truck_only,1143.7795894737296,241.21399361607243,,,,0.0,True,feasible_only,0.0,1143.7795894737296,True,1143.7795894737296,,,
S0003_R04,302030,nils,S0003,n15_p0.25_d1_uniform_Elow_V2.00_Hshort_PWflat_B0.05,15,0.26666666666666666,0.25,1,3,low,2.0,uniform,short,flat,0.05,1.0,1.0,1.0,peripheral,176.321153490268,107.6075345933439,11.61950570042185,0.0,57.09411319650224,57.09411319650224,57.09411319650224,0.0,0.0,57.09411319650224,57.09411319650224,0.0,0.0,0.0,167.50041942510146,134.50941824167984,38.73168566807283,12,3,0.2,1,1,3.0,3.0,0.0,0.0,0.0,0.0,0,0.7115588955439874,0.7115588955439874,0,18,18,0.17408490180969238,18.0,3.0,6.0,True,feasible,nils_complete,1143.7795894737296,241.21399361607243,,84.58434167623187,,44.236478064464464,True,feasible_only,0.0,176.321153490268,True,1143.7795894737296,,84.58434167623187,
S0003_R05,302031,truck_only,S0003,n15_p0.25_d1_uniform_Elow_V2.00_Hshort_PWflat_B0.05,15,0.26666666666666666,0.25,1,3,low,2.0,uniform,short,flat,0.05,1.0,1.0,1.0,peripheral,324.12237941193746,158.83950011984982,0.0,0.0,165.2828792920876,165.2828792920876,156.64320754232955,8.639671749758065,0.0,165.2828792920876,156.64320754232955,8.639671749758065,0.0,0.0,172.9793385984856,198.54937514981222,0.0,15,0,0.0,0,0,0.0,0.0,0.0,0.0,0.0,0.0,0,0.0,0.0,0,0,0,0.0049304962158203125,0.0,0.0,0.0,True,feasible,baseline_truck_only,324.12237941193746,198.54937514981222,,,,0.0,True,feasible_only,0.0,324.12237941193746,True,324.12237941193746,,,
S0003_R05,302031,nils,S0003,n15_p0.25_d1_uniform_Elow_V2.00_Hshort_PWflat_B0.05,15,0.26666666666666666,0.25,1,3,low,2.0,uniform,short,flat,0.05,1.0,1.0,1.0,peripheral,206.8633452659518,139.56909937058148,12.687905684784129,0.0,54.60634021058618,54.60634021058618,54.60634021058618,0.0,0.0,54.60634021058618,54.60634021058618,0.0,0.0,0.0,132.03721703096383,174.46137421322686,42.29301894928044,13,2,0.13333333333333333,1,1,2.0,2.0,0.0,0.0,0.0,0.0,0,0.8468839761511388,0.8468839761511388,0,48,48,0.20881438255310059,25.0,3.0,5.0,True,feasible,nils_complete,324.12237941193746,198.54937514981222,,36.17739520446917,,12.131995337890208,True,feasible_only,0.0,206.8633452659518,True,324.12237941193746,,36.17739520446917,
S0003_R06,302032,truck_only,S0003,n15_p0.25_d1_uniform_Elow_V2.00_Hshort_PWflat_B0.05,15,0.26666666666666666,0.25,1,3,low,2.0,uniform,short,flat,0.05,1.0,1.0,1.0,peripheral,207.25754760388236,135.59688443054085,0.0,0.0,71.6606631733415,71.6606631733415,71.6606631733415,0.0,0.0,71.6606631733415,71.6606631733415,0.0,0.0,0.0,178.83570313284108,169.49610553817604,0.0,15,0,0.0,0,0,0.0,0.0,0.0,0.0,0.0,0.0,0,0.0,0.0,0,0,0,0.00509190559387207,0.0,0.0,0.0,True,feasible,baseline_truck_only,207.25754760388236,169.49610553817604,,,,0.0,True,feasible_only,0.0,207.25754760388236,True,207.25754760388236,,,
S0003_R06,302032,nils,S0003,n15_p0.25_d1_uniform_Elow_V2.00_Hshort_PWflat_B0.05,15,0.26666666666666666,0.25,1,3,low,2.0,uniform,short,flat,0.05,1.0,1.0,1.0,peripheral,110.10697172047655,96.45655176993459,13.650419950541963,0.0,0.0,0.0,0.0,0.0,0.0,0.0,0.0,0.0,0.0,0.0,122.37560166961083,120.57068971241823,45.50139983513988,13,2,0.13333333333333333,1,1,2.0,2.0,0.0,0.0,0.0,0.0,0,0.8794304661412982,0.8794304661412982,0,46,46,0.1363823413848877,25.0,2.0,7.0,True,feasible,nils_complete,207.25754760388236,169.49610553817604,,46.87432472620166,,28.86521532185777,True,feasible_only,0.0,110.10697172047655,True,207.25754760388236,,46.87432472620166,
S0003_R07,302033,truck_only,S0003,n15_p0.25_d1_uniform_Elow_V2.00_Hshort_PWflat_B0.05,15,0.26666666666666666,0.25,1,3,low,2.0,uniform,short,flat,0.05,1.0,1.0,1.0,peripheral,227.38535539274432,179.68978658889674,0.0,0.0,47.695568803847586,47.695568803847586,10.749679156442191,36.945889647405394,0.0,47.695568803847586,10.749679156442191,36.945889647405394,0.0,0.0,186.7372042000026,224.6122332361209,0.0,15,0,0.0,0,0,0.0,0.0,0.0,0.0,0.0,0.0,0,0.0,0.0,0,0,0,0.00310516357421875,0.0,0.0,0.0,True,feasible,baseline_truck_only,227.38535539274432,224.6122332361209,,,,0.0,True,feasible_only,0.0,227.38535539274432,True,227.38535539274432,,,
S0003_R07,302033,nils,S0003,n15_p0.25_d1_uniform_Elow_V2.00_Hshort_PWflat_B0.05,15,0.26666666666666666,0.25,1,3,low,2.0,uniform,short,flat,0.05,1.0,1.0,1.0,peripheral,144.4450765761619,129.61173182929872,14.833344746863201,0.0,0.0,0.0,0.0,0.0,0.0,0.0,0.0,0.0,0.0,0.0,141.4714359874787,162.01466478662337,49.444482489544,13,2,0.13333333333333333,1,1,2.0,2.0,0.0,0.0,0.0,0.0,0,0.9102131854393335,0.9102131854393335,1,46,46,0.14372611045837402,25.0,3.0,7.0,True,feasible,nils_complete,227.38535539274432,224.6122332361209,,36.47564667184761,,27.869171481720933,True,feasible_only,0.0,144.4450765761619,True,227.38535539274432,,36.47564667184761,
S0003_R08,302034,truck_only,S0003,n15_p0.25_d1_uniform_Elow_V2.00_Hshort_PWflat_B0.05,15,0.26666666666666666,0.25,1,3,low,2.0,uniform,short,flat,0.05,1.0,1.0,1.0,peripheral,1050.271457940567,179.50115514306174,0.0,0.0,870.7703027975051,870.7703027975051,248.72854820003295,476.50825828968345,145.53349630778865,870.7703027975051,248.72854820003295,476.50825828968345,145.53349630778865,0.0,398.2343515694553,224.37644392882714,0.0,15,0,0.0,0,0,0.0,0.0,0.0,0.0,0.0,0.0,0,0.0,0.0,0,0,0,0.0027887821197509766,0.0,0.0,0.0,True,feasible,baseline_truck_only,1050.271457940567,224.37644392882714,,,,0.0,True,feasible_only,0.0,1050.271457940567,True,1050.271457940567,,,
S0003_R08,302034,nils,S0003,n15_p0.25_d1_uniform_Elow_V2.00_Hshort_PWflat_B0.05,15,0.26666666666666666,0.25,1,3,low,2.0,uniform,short,flat,0.05,1.0,1.0,1.0,peripheral,117.66212562607572,105.06248238470522,12.599643241370506,0.0,0.0,0.0,0.0,0.0,0.0,0.0,0.0,0.0,0.0,0.0,163.90284371139109,131.3281029808815,41.99881080456836,13,2,0.13333333333333333,1,1,2.0,2.0,0.0,0.0,0.0,0.0,0,0.791294370502011,0.791294370502011,0,48,48,0.1321260929107666,25.0,3.0,5.0,True,feasible,nils_complete,1050.271457940567,224.37644392882714,,88.79697960593974,,41.46974580694435,True,feasible_only,0.0,117.66212562607572,True,1050.271457940567,,88.79697960593974,
S0003_R09,302035,truck_only,S0003,n15_p0.25_d1_uniform_Elow_V2.00_Hshort_PWflat_B0.05,15,0.26666666666666666,0.25,1,3,low,2.0,uniform,short,flat,0.05,1.0,1.0,1.0,peripheral,156.611235885216,156.611235885216,0.0,0.0,0.0,0.0,0.0,0.0,0.0,0.0,0.0,0.0,0.0,0.0,142.57187966148697,195.76404485651994,0.0,15,0,0.0,0,0,0.0,0.0,0.0,0.0,0.0,0.0,0,0.0,0.0,0,0,0,0.0032019615173339844,0.0,0.0,0.0,True,feasible,baseline_truck_only,156.611235885216,195.76404485651994,,,,0.0,True,feasible_only,0.0,156.611235885216,True,156.611235885216,,,
S0003_R09,302035,nils,S0003,n15_p0.25_d1_uniform_Elow_V2.00_Hshort_PWflat_B0.05,15,0.26666666666666666,0.25,1,3,low,2.0,uniform,short,flat,0.05,1.0,1.0,1.0,peripheral,133.1840099242935,127.04261698893818,6.141392935355316,0.0,0.0,0.0,0.0,0.0,0.0,0.0,0.0,0.0,0.0,0.0,116.52385241549611,158.8032712361727,20.471309784517718,14,1,0.06666666666666667,1,1,1.0,1.0,0.0,0.0,0.0,0.0,0,0.3655591032949593,0.3655591032949593,0,46,46,0.12349510192871094,25.0,1.0,7.0,True,feasible,nils_complete,156.611235885216,195.76404485651994,,14.958841125609183,,18.880266622727717,True,feasible_only,0.0,133.1840099242935,True,156.611235885216,,14.958841125609183,
S0003_R10,302036,truck_only,S0003,n15_p0.25_d1_uniform_Elow_V2.00_Hshort_PWflat_B0.05,15,0.26666666666666666,0.25,1,3,low,2.0,uniform,short,flat,0.05,1.0,1.0,1.0,peripheral,238.92911945128236,141.98211029827175,0.0,0.0,96.94700915301061,96.94700915301061,0.0,96.94700915301061,0.0,96.94700915301061,0.0,96.94700915301061,0.0,0.0,235.61311354399265,177.47763787283964,0.0,15,0,0.0,0,0,0.0,0.0,0.0,0.0,0.0,0.0,0,0.0,0.0,0,0,0,0.0044138431549072266,0.0,0.0,0.0,True,feasible,baseline_truck_only,238.92911945128236,177.47763787283964,,,,0.0,True,feasible_only,0.0,238.92911945128236,True,238.92911945128236,,,
S0003_R10,302036,nils,S0003,n15_p0.25_d1_uniform_Elow_V2.00_Hshort_PWflat_B0.05,15,0.26666666666666666,0.25,1,3,low,2.0,uniform,short,flat,0.05,1.0,1.0,1.0,peripheral,94.45172972278779,85.40925703384949,9.04247268893831,0.0,0.0,0.0,0.0,0.0,0.0,0.0,0.0,0.0,0.0,0.0,131.43787620411362,106.76157129231186,30.141575629794367,12,3,0.2,1,1,3.0,3.0,0.0,0.0,0.0,0.0,0,0.5929332247431904,0.5929332247431904,0,16,16,0.10203671455383301,18.0,4.0,8.0,True,feasible,nils_complete,238.92911945128236,177.47763787283964,,60.46872397148457,,39.845057342488914,True,feasible_only,0.0,94.45172972278779,True,238.92911945128236,,60.46872397148457,
S0004_R01,402027,truck_only,S0004,n15_p0.25_d1_uniform_Elow_V2.00_Hshort_PWmoderate_B0.05,15,0.26666666666666666,0.25,1,3,low,2.0,uniform,short,moderate,0.05,20.0,5.0,1.0,peripheral,3138.1045625326665,159.7135804786025,0.0,0.0,2978.390982054064,2978.390982054064,146.13702618537374,11.130091669317892,0.0,157.26711785469163,2922.740523707475,55.65045834658946,0.0,0.0,180.09380643251095,199.64197559825308,0.0,15,0,0.0,0,0,0.0,0.0,0.0,0.0,0.0,0.0,0,0.0,0.0,0,0,0,0.0028264522552490234,0.0,0.0,0.0,True,feasible,baseline_truck_only,3138.1045625326665,199.64197559825308,,,,0.0,True,feasible_only,0.0,3138.1045625326665,True,3138.1045625326665,,,
S0004_R01,402027,nils,S0004,n15_p0.25_d1_uniform_Elow_V2.00_Hshort_PWmoderate_B0.05,15,0.26666666666666666,0.25,1,3,low,2.0,uniform,short,moderate,0.05,20.0,5.0,1.0,peripheral,138.09117876306394,127.63599255137521,10.455186211688734,0.0,0.0,0.0,0.0,0.0,0.0,0.0,0.0,0.0,0.0,0.0,159.3450608709968,159.544990689219,34.85062070562911,12,3,0.2,1,1,3.0,3.0,0.0,0.0,0.0,0.0,0,0.6939910089875198,0.6939910089875198,0,22,22,0.11401033401489258,25.0,6.0,9.0,True,feasible,nils_complete,3138.1045625326665,199.64197559825308,,95.5995354516927,,20.084446063448468,True,feasible_only,0.0,138.09117876306394,True,3138.1045625326665,,95.5995354516927,
S0004_R02,402028,truck_only,S0004,n15_p0.25_d1_uniform_Elow_V2.00_Hshort_PWmoderate_B0.05,15,0.26666666666666666,0.25,1,3,low,2.0,uniform,short,moderate,0.05,20.0,5.0,1.0,peripheral,1248.475572116195,165.2821928540671,0.0,0.0,1083.193379262128,1083.193379262128,54.1596689631064,0.0,0.0,54.1596689631064,1083.193379262128,0.0,0.0,0.0,138.40419888901965,206.60274106758385,0.0,15,0,0.0,0,0,0.0,0.0,0.0,0.0,0.0,0.0,0,0.0,0.0,0,0,0,0.003065347671508789,0.0,0.0,0.0,True,feasible,baseline_truck_only,1248.475572116195,206.60274106758385,,,,0.0,True,feasible_only,0.0,1248.475572116195,True,1248.475572116195,,,
S0004_R02,402028,nils,S0004,n15_p0.25_d1_uniform_Elow_V2.00_Hshort_PWmoderate_B0.05,15,0.26666666666666666,0.25,1,3,low,2.0,uniform,short,moderate,0.05,20.0,5.0,1.0,peripheral,144.14123229716597,131.1037804397211,13.037451857444854,0.0,0.0,0.0,0.0,0.0,0.0,0.0,0.0,0.0,0.0,0.0,135.77647350253463,163.87972554965137,43.45817285814951,12,3,0.2,1,1,3.0,3.0,0.0,0.0,0.0,0.0,0,0.7814063720031171,0.7814063720031171,0,22,22,0.1472318172454834,25.0,5.0,9.0,True,feasible,nils_complete,1248.475572116195,206.60274106758385,,88.45462133849819,,20.678823183646404,True,feasible_only,0.0,144.14123229716597,True,1248.475572116195,,88.45462133849819,
S0004_R03,402029,truck_only,S0004,n15_p0.25_d1_uniform_Elow_V2.00_Hshort_PWmoderate_B0.05,15,0.26666666666666666,0.25,1,3,low,2.0,uniform,short,moderate,0.05,20.0,5.0,1.0,peripheral,326.8934170977296,148.03475741327998,0.0,0.0,178.8586596844496,178.8586596844496,8.94293298422248,0.0,0.0,8.94293298422248,178.8586596844496,0.0,0.0,0.0,158.71597546279605,185.04344676659994,0.0,15,0,0.0,0,0,0.0,0.0,0.0,0.0,0.0,0.0,0,0.0,0.0,0,0,0,0.0032567977905273438,0.0,0.0,0.0,True,feasible,baseline_truck_only,326.8934170977296,185.04344676659994,,,,0.0,True,feasible_only,0.0,326.8934170977296,True,326.8934170977296,,,
S0004_R03,402029,nils,S0004,n15_p0.25_d1_uniform_Elow_V2.00_Hshort_PWmoderate_B0.05,15,0.26666666666666666,0.25,1,3,low,2.0,uniform,short,moderate,0.05,20.0,5.0,1.0,peripheral,129.51866792428902,116.49601101870682,13.022656905582206,0.0,0.0,0.0,0.0,0.0,0.0,0.0,0.0,0.0,0.0,0.0,144.90820556716156,145.62001377338348,43.408856351940685,12,3,0.2,1,1,3.0,3.0,0.0,0.0,0.0,0.0,0,0.8442819588970736,0.8442819588970736,0,15,15,0.11848998069763184,18.0,3.0,9.0,True,feasible,nils_complete,326.8934170977296,185.04344676659994,,60.37893051680282,,21.304960365844384,True,feasible_only,0.0,129.51866792428902,True,326.8934170977296,,60.37893051680282,
S0004_R04,402030,truck_only,S0004,n15_p0.25_d1_uniform_Elow_V2.00_Hshort_PWmoderate_B0.05,15,0.26666666666666666,0.25,1,3,low,2.0,uniform,short,moderate,0.05,20.0,5.0,1.0,peripheral,2945.1466148042746,174.09629868442204,0.0,0.0,2771.0503161198526,2771.0503161198526,98.25072344824548,141.27507576390653,99.66046833541012,339.1862675475621,1965.0144689649096,706.3753788195327,99.66046833541012,0.0,350.7679960204227,217.62037335552748,0.0,15,0,0.0,0,0,0.0,0.0,0.0,0.0,0.0,0.0,0,0.0,0.0,0,0,0,0.0056951045989990234,0.0,0.0,0.0,True,feasible,baseline_truck_only,2945.1466148042746,217.62037335552748,,,,0.0,True,feasible_only,0.0,2945.1466148042746,True,2945.1466148042746,,,
S0004_R04,402030,nils,S0004,n15_p0.25_d1_uniform_Elow_V2.00_Hshort_PWmoderate_B0.05,15,0.26666666666666666,0.25,1,3,low,2.0,uniform,short,moderate,0.05,20.0,5.0,1.0,peripheral,155.4272214604499,140.73504143324047,14.692180027209446,0.0,0.0,0.0,0.0,0.0,0.0,0.0,0.0,0.0,0.0,0.0,141.16316034859528,175.91880179155058,48.97393342403149,12,3,0.2,1,1,3.0,3.0,0.0,0.0,0.0,0.0,0,0.9239165464704593,0.9239165464704593,1,23,23,0.1742246150970459,25.0,8.0,8.0,True,feasible,nils_complete,2945.1466148042746,217.62037335552748,,94.72259816610934,,19.162531026379977,True,feasible_only,0.0,155.4272214604499,True,2945.1466148042746,,94.72259816610934,
S0004_R05,402031,truck_only,S0004,n15_p0.25_d1_uniform_Elow_V2.00_Hshort_PWmoderate_B0.05,15,0.26666666666666666,0.25,1,3,low,2.0,uniform,short,moderate,0.05,20.0,5.0,1.0,peripheral,1794.903105782526,161.18641019927125,0.0,0.0,1633.7166955832547,1633.7166955832547,81.32385046458708,1.4479372583026304,0.0,82.77178772288971,1626.4770092917415,7.239686291513152,0.0,0.0,205.56820750089923,201.48301274908903,0.0,15,0,0.0,0,0,0.0,0.0,0.0,0.0,0.0,0.0,0,0.0,0.0,0,0,0,0.0037293434143066406,0.0,0.0,0.0,True,feasible,baseline_truck_only,1794.903105782526,201.48301274908903,,,,0.0,True,feasible_only,0.0,1794.903105782526,True,1794.903105782526,,,
S0004_R05,402031,nils,S0004,n15_p0.25_d1_uniform_Elow_V2.00_Hshort_PWmoderate_B0.05,15,0.26666666666666666,0.25,1,3,low,2.0,uniform,short,moderate,0.05,20.0,5.0,1.0,peripheral,276.53564528047525,183.50891351494647,14.690105677501773,0.0,78.33662608802697,78.33662608802697,3.9168313044013487,0.0,0.0,3.9168313044013487,78.33662608802697,0.0,0.0,0.0,140.79150656303796,229.38614189368306,48.96701892500592,13,2,0.13333333333333333,1,1,2.0,2.0,0.0,0.0,0.0,0.0,0,0.8958504106988956,0.8958504106988956,0,50,50,0.13795042037963867,25.0,5.0,3.0,True,feasible,nils_complete,1794.903105782526,201.48301274908903,,84.59328281345228,,-13.848874286658784,True,feasible_only,0.0,276.53564528047525,True,1794.903105782526,,84.59328281345228,
S0004_R06,402032,truck_only,S0004,n15_p0.25_d1_uniform_Elow_V2.00_Hshort_PWmoderate_B0.05,15,0.26666666666666666,0.25,1,3,low,2.0,uniform,short,moderate,0.05,20.0,5.0,1.0,peripheral,2096.808387326537,153.83475342577506,0.0,0.0,1942.9736339007618,1942.9736339007618,97.14868169503808,0.0,0.0,97.14868169503808,1942.9736339007616,0.0,0.0,0.0,200.29556240262636,192.2934417822188,0.0,15,0,0.0,0,0,0.0,0.0,0.0,0.0,0.0,0.0,0,0.0,0.0,0,0,0,0.0030133724212646484,0.0,0.0,0.0,True,feasible,baseline_truck_only,2096.808387326537,192.2934417822188,,,,0.0,True,feasible_only,0.0,2096.808387326537,True,2096.808387326537,,,
S0004_R06,402032,nils,S0004,n15_p0.25_d1_uniform_Elow_V2.00_Hshort_PWmoderate_B0.05,15,0.26666666666666666,0.25,1,3,low,2.0,uniform,short,moderate,0.05,20.0,5.0,1.0,peripheral,136.12904440808623,108.91070696725465,15.003855194546254,0.0,12.214482246285314,12.214482246285314,0.6107241123142657,0.0,0.0,0.6107241123142657,12.214482246285314,0.0,0.0,0.0,122.48552506489438,136.1383837090683,50.012850648487515,13,2,0.13333333333333333,1,1,2.0,2.0,0.0,0.0,0.0,0.0,0,0.9278790196920056,0.9278790196920056,1,46,46,0.14602875709533691,25.0,3.0,7.0,True,feasible,nils_complete,2096.808387326537,192.2934417822188,,93.50779760178025,,29.202794204884366,True,feasible_only,0.0,136.12904440808623,True,2096.808387326537,,93.50779760178025,
S0004_R07,402033,truck_only,S0004,n15_p0.25_d1_uniform_Elow_V2.00_Hshort_PWmoderate_B0.05,15,0.26666666666666666,0.25,1,3,low,2.0,uniform,short,moderate,0.05,20.0,5.0,1.0,peripheral,2540.752579479104,162.52873091162652,0.0,0.0,2378.2238485674775,2378.2238485674775,116.91765354594848,7.974155529701605,0.0,124.89180907565009,2338.3530709189695,39.870777648508025,0.0,0.0,183.7791885061601,203.16091363953316,0.0,15,0,0.0,0,0,0.0,0.0,0.0,0.0,0.0,0.0,0,0.0,0.0,0,0,0,0.0033025741577148438,0.0,0.0,0.0,True,feasible,baseline_truck_only,2540.752579479104,203.16091363953316,,,,0.0,True,feasible_only,0.0,2540.752579479104,True,2540.752579479104,,,
S0004_R07,402033,nils,S0004,n15_p0.25_d1_uniform_Elow_V2.00_Hshort_PWmoderate_B0.05,15,0.26666666666666666,0.25,1,3,low,2.0,uniform,short,moderate,0.05,20.0,5.0,1.0,peripheral,172.48923284548331,118.80031727620354,15.367298692384718,0.0,38.321616876895064,38.321616876895064,1.9160808438447532,0.0,0.0,1.9160808438447532,38.321616876895064,0.0,0.0,0.0,138.5745448373238,148.50039659525441,51.22432897461573,11,4,0.26666666666666666,1,1,4.0,4.0,0.0,0.0,0.0,0.0,0,0.9360468641940829,0.9360468641940829,1,0,0,0.08366227149963379,14.0,4.0,11.0,True,feasible,nils_complete,2540.752579479104,203.16091363953316,,93.21109681286454,,26.905036045103873,True,feasible_only,0.0,172.48923284548331,True,2540.752579479104,,93.21109681286454,
S0004_R08,402034,truck_only,S0004,n15_p0.25_d1_uniform_Elow_V2.00_Hshort_PWmoderate_B0.05,15,0.26666666666666666,0.25,1,3,low,2.0,uniform,short,moderate,0.05,20.0,5.0,1.0,peripheral,640.9449024047099,168.18056971597602,0.0,0.0,472.7643326887338,472.7643326887338,21.64855165603756,7.958659913596506,0.0,29.607211569634067,432.97103312075126,39.79329956798253,0.0,0.0,175.4370885400361,210.22571214497003,0.0,15,0,0.0,0,0,0.0,0.0,0.0,0.0,0.0,0.0,0,0.0,0.0,0,0,0,0.003064870834350586,0.0,0.0,0.0,True,feasible,baseline_truck_only,640.9449024047099,210.22571214497003,,,,0.0,True,feasible_only,0.0,640.9449024047099,True,640.9449024047099,,,
S0004_R08,402034,nils,S0004,n15_p0.25_d1_uniform_Elow_V2.00_Hshort_PWmoderate_B0.05,15,0.26666666666666666,0.25,1,3,low,2.0,uniform,short,moderate,0.05,20.0,5.0,1.0,peripheral,144.42221876104006,137.73617835043507,6.686040410604996,0.0,0.0,0.0,0.0,0.0,0.0,0.0,0.0,0.0,0.0,0.0,148.24869346849843,172.1702229380438,22.28680136868332,13,2,0.13333333333333333,1,1,2.0,2.0,0.0,0.0,0.0,0.0,0,0.40973023666237796,0.40973023666237796,0,25,25,0.11997723579406738,25.0,2.0,6.0,True,feasible,nils_complete,640.9449024047099,210.22571214497003,,77.46729582851913,,18.1022049199593,True,feasible_only,0.0,144.42221876104006,True,640.9449024047099,,77.46729582851913,
S0004_R09,402035,truck_only,S0004,n15_p0.25_d1_uniform_Elow_V2.00_Hshort_PWmoderate_B0.05,15,0.26666666666666666,0.25,1,3,low,2.0,uniform,short,moderate,0.05,20.0,5.0,1.0,peripheral,738.9577705118649,141.29866186693678,0.0,0.0,597.6591086449281,597.6591086449281,28.850028896144764,4.131706144406579,0.0,32.98173504055134,577.0005779228952,20.658530722032893,0.0,0.0,172.53934277778814,176.62332733367097,0.0,15,0,0.0,0,0,0.0,0.0,0.0,0.0,0.0,0.0,0,0.0,0.0,0,0,0,0.0031905174255371094,0.0,0.0,0.0,True,feasible,baseline_truck_only,738.9577705118649,176.62332733367097,,,,0.0,True,feasible_only,0.0,738.9577705118649,True,738.9577705118649,,,
S0004_R09,402035,nils,S0004,n15_p0.25_d1_uniform_Elow_V2.00_Hshort_PWmoderate_B0.05,15,0.26666666666666666,0.25,1,3,low,2.0,uniform,short,moderate,0.05,20.0,5.0,1.0,peripheral,142.2684312373882,130.1550902581915,12.113340979196693,0.0,0.0,0.0,0.0,0.0,0.0,0.0,0.0,0.0,0.0,0.0,122.29800514192364,162.6938628227394,40.37780326398897,11,4,0.26666666666666666,1,1,4.0,4.0,0.0,0.0,0.0,0.0,0,0.7846953935278338,0.7846953935278338,0,0,0,0.10456442832946777,25.0,4.0,11.0,True,feasible,nils_complete,738.9577705118649,176.62332733367097,,80.7474206355742,,7.886537254853372,True,feasible_only,0.0,142.2684312373882,True,738.9577705118649,,80.7474206355742,
S0004_R10,402036,truck_only,S0004,n15_p0.25_d1_uniform_Elow_V2.00_Hshort_PWmoderate_B0.05,15,0.26666666666666666,0.25,1,3,low,2.0,uniform,short,moderate,0.05,20.0,5.0,1.0,peripheral,6160.732979095485,150.75991892579663,0.0,0.0,6009.973060169688,6009.973060169688,264.3254431076305,144.69283960341573,0.0,409.01828271104625,5286.50886215261,723.4641980170786,0.0,0.0,250.04581865560618,188.4498986572458,0.0,15,0,0.0,0,0,0.0,0.0,0.0,0.0,0.0,0.0,0,0.0,0.0,0,0,0,0.0038671493530273438,0.0,0.0,0.0,True,feasible,baseline_truck_only,6160.732979095485,188.4498986572458,,,,0.0,True,feasible_only,0.0,6160.732979095485,True,6160.732979095485,,,
S0004_R10,402036,nils,S0004,n15_p0.25_d1_uniform_Elow_V2.00_Hshort_PWmoderate_B0.05,15,0.26666666666666666,0.25,1,3,low,2.0,uniform,short,moderate,0.05,20.0,5.0,1.0,peripheral,105.75975832881564,95.86067135763335,9.899086971182282,0.0,0.0,0.0,0.0,0.0,0.0,0.0,0.0,0.0,0.0,0.0,130.286339071016,119.82583919704169,32.99695657060761,13,2,0.13333333333333333,1,1,2.0,2.0,0.0,0.0,0.0,0.0,0,0.5921338854906919,0.5921338854906919,0,0,0,0.12778234481811523,24.0,2.0,10.0,True,feasible,nils_complete,6160.732979095485,188.4498986572458,,98.2833250736937,,36.415015316627,True,feasible_only,0.0,105.75975832881564,True,6160.732979095485,,98.2833250736937,
S0005_R01,502027,truck_only,S0005,n15_p0.25_d1_uniform_Emedium_V1.25_Hshort_PWbase_B0.05,15,0.26666666666666666,0.25,1,3,medium,1.25,uniform,short,base,0.05,100.0,20.0,1.0,peripheral,5739.967573337041,144.4512631232199,0.0,0.0,5595.516310213821,5595.516310213821,55.955163102138215,0.0,0.0,55.955163102138215,5595.516310213821,0.0,0.0,0.0,153.1094282502001,180.56407890402485,0.0,15,0,0.0,0,0,0.0,0.0,0.0,0.0,0.0,0.0,0,0.0,0.0,0,0,0,0.0028886795043945312,0.0,0.0,0.0,True,feasible,baseline_truck_only,5739.967573337041,180.56407890402485,,,,0.0,True,feasible_only,0.0,5739.967573337041,True,5739.967573337041,,,
S0005_R01,502027,nils,S0005,n15_p0.25_d1_uniform_Emedium_V1.25_Hshort_PWbase_B0.05,15,0.26666666666666666,0.25,1,3,medium,1.25,uniform,short,base,0.05,100.0,20.0,1.0,peripheral,164.64520475660822,152.50803916845177,12.137165588156444,0.0,0.0,0.0,0.0,0.0,0.0,0.0,0.0,0.0,0.0,0.0,136.56476839092159,190.6350489605647,40.457218627188155,12,3,0.2,1,1,3.0,3.0,0.0,0.0,0.0,0.0,0,0.893651233125449,0.893651233125449,0,25,25,0.11846256256103516,25.0,6.0,6.0,True,feasible,nils_complete,5739.967573337041,180.56407890402485,,97.13160043758073,,-5.577504738300054,True,feasible_only,0.0,164.64520475660822,True,5739.967573337041,,97.13160043758073,
S0005_R02,502028,truck_only,S0005,n15_p0.25_d1_uniform_Emedium_V1.25_Hshort_PWbase_B0.05,15,0.26666666666666666,0.25,1,3,medium,1.25,uniform,short,base,0.05,100.0,20.0,1.0,peripheral,6707.558733374495,144.25465040445954,0.0,0.0,6563.304082970036,6563.304082970036,65.63304082970035,0.0,0.0,65.63304082970035,6563.304082970035,0.0,0.0,0.0,148.029519141894,180.31831300557445,0.0,15,0,0.0,0,0,0.0,0.0,0.0,0.0,0.0,0.0,0,0.0,0.0,0,0,0,0.003014087677001953,0.0,0.0,0.0,True,feasible,baseline_truck_only,6707.558733374495,180.31831300557445,,,,0.0,True,feasible_only,0.0,6707.558733374495,True,6707.558733374495,,,
S0005_R02,502028,nils,S0005,n15_p0.25_d1_uniform_Emedium_V1.25_Hshort_PWbase_B0.05,15,0.26666666666666666,0.25,1,3,medium,1.25,uniform,short,base,0.05,100.0,20.0,1.0,peripheral,171.06509141989963,157.817776769853,13.247314650046635,0.0,0.0,0.0,0.0,0.0,0.0,0.0,0.0,0.0,0.0,0.0,132.935150827194,197.27222096231623,44.157715500155454,11,4,0.26666666666666666,1,1,4.0,4.0,0.0,0.0,0.0,0.0,0,0.9413692619576672,0.9413692619576672,1,0,0,0.12861347198486328,25.0,4.0,10.0,True,feasible,nils_complete,6707.558733374495,180.31831300557445,,97.44966688746624,,-9.40221083158517,True,feasible_only,0.0,171.06509141989963,True,6707.558733374495,,97.44966688746624,
S0005_R03,502029,truck_only,S0005,n15_p0.25_d1_uniform_Emedium_V1.25_Hshort_PWbase_B0.05,15,0.26666666666666666,0.25,1,3,medium,1.25,uniform,short,base,0.05,100.0,20.0,1.0,peripheral,11208.77335980406,151.00066058130395,0.0,0.0,11057.772699222756,11057.772699222756,97.7811001081692,63.98313442029185,0.0,161.76423452846103,9778.11001081692,1279.662688405837,0.0,0.0,219.81355623865414,188.7508257266299,0.0,15,0,0.0,0,0,0.0,0.0,0.0,0.0,0.0,0.0,0,0.0,0.0,0,0,0,0.00407719612121582,0.0,0.0,0.0,True,feasible,baseline_truck_only,11208.77335980406,188.7508257266299,,,,0.0,True,feasible_only,0.0,11208.77335980406,True,11208.77335980406,,,
S0005_R03,502029,nils,S0005,n15_p0.25_d1_uniform_Emedium_V1.25_Hshort_PWbase_B0.05,15,0.26666666666666666,0.25,1,3,medium,1.25,uniform,short,base,0.05,100.0,20.0,1.0,peripheral,160.77675865454702,151.25725940166933,9.519499252877692,0.0,0.0,0.0,0.0,0.0,0.0,0.0,0.0,0.0,0.0,0.0,131.10934389575897,189.0715742520867,31.731664176258967,12,3,0.2,1,1,3.0,3.0,0.0,0.0,0.0,0.0,0,0.6751808992294016,0.6751808992294016,0,25,25,0.14031410217285156,25.0,7.0,6.0,True,feasible,nils_complete,11208.77335980406,188.7508257266299,,98.56561682983875,,-0.16993225021507283,True,feasible_only,0.0,160.77675865454702,True,11208.77335980406,,98.56561682983875,
S0005_R04,502030,truck_only,S0005,n15_p0.25_d1_uniform_Emedium_V1.25_Hshort_PWbase_B0.05,15,0.26666666666666666,0.25,1,3,medium,1.25,uniform,short,base,0.05,100.0,20.0,1.0,peripheral,17473.02604833233,171.64963291013348,0.0,0.0,17301.376415422197,17301.376415422197,173.01376415422197,0.0,0.0,173.01376415422197,17301.376415422197,0.0,0.0,0.0,175.77209784244386,214.56204113766682,0.0,15,0,0.0,0,0,0.0,0.0,0.0,0.0,0.0,0.0,0,0.0,0.0,0,0,0,0.0030252933502197266,0.0,0.0,0.0,True,feasible,baseline_truck_only,17473.02604833233,214.56204113766682,,,,0.0,True,feasible_only,0.0,17473.02604833233,True,17473.02604833233,,,
S0005_R04,502030,nils,S0005,n15_p0.25_d1_uniform_Emedium_V1.25_Hshort_PWbase_B0.05,15,0.26666666666666666,0.25,1,3,medium,1.25,uniform,short,base,0.05,100.0,20.0,1.0,peripheral,2497.1074413532956,163.79154249663367,11.738877369986822,0.0,2321.577021486675,2321.577021486675,23.21577021486675,0.0,0.0,23.21577021486675,2321.577021486675,0.0,0.0,0.0,138.68929534230034,204.73942812079207,39.1295912332894,12,3,0.2,1,1,3.0,3.0,0.0,0.0,0.0,0.0,0,0.8164214747591433,0.8164214747591433,0,16,16,0.08228254318237305,16.0,3.0,6.0,True,feasible,nils_complete,17473.02604833233,214.56204113766682,,85.7087865922822,,4.577982650049639,True,feasible_only,0.0,2497.1074413532956,True,17473.02604833233,,85.7087865922822,
S0005_R05,502031,truck_only,S0005,n15_p0.25_d1_uniform_Emedium_V1.25_Hshort_PWbase_B0.05,15,0.26666666666666666,0.25,1,3,medium,1.25,uniform,short,base,0.05,100.0,20.0,1.0,peripheral,9487.970869525114,177.2580515558479,0.0,0.0,9310.712817969266,9310.712817969266,86.49775321619438,33.0468748174914,0.0,119.54462803368578,8649.775321619438,660.937496349828,0.0,0.0,211.02355566929964,221.57256444480987,0.0,15,0,0.0,0,0,0.0,0.0,0.0,0.0,0.0,0.0,0,0.0,0.0,0,0,0,0.0028498172760009766,0.0,0.0,0.0,True,feasible,baseline_truck_only,9487.970869525114,221.57256444480987,,,,0.0,True,feasible_only,0.0,9487.970869525114,True,9487.970869525114,,,
S0005_R05,502031,nils,S0005,n15_p0.25_d1_uniform_Emedium_V1.25_Hshort_PWbase_B0.05,15,0.26666666666666666,0.25,1,3,medium,1.25,uniform,short,base,0.05,100.0,20.0,1.0,peripheral,1984.569748927423,156.34361334193937,10.727898316233935,0.0,1817.4982372692498,1817.4982372692498,18.174982372692497,0.0,0.0,18.174982372692497,1817.4982372692498,0.0,0.0,0.0,159.10637606297584,195.4295166774242,35.75966105411312,14,1,0.06666666666666667,1,1,1.0,1.0,0.0,0.0,0.0,0.0,0,0.7151932210822622,0.7151932210822622,0,73,73,0.12770724296569824,25.0,2.0,3.0,True,feasible,nils_complete,9487.970869525114,221.57256444480987,,79.08330689229074,,11.798865005192228,True,feasible_only,0.0,1984.569748927423,True,9487.970869525114,,79.08330689229074,
S0005_R06,502032,truck_only,S0005,n15_p0.25_d1_uniform_Emedium_V1.25_Hshort_PWbase_B0.05,15,0.26666666666666666,0.25,1,3,medium,1.25,uniform,short,base,0.05,100.0,20.0,1.0,peripheral,38433.95990558694,154.34217132776547,0.0,0.0,38279.617734259176,38279.617734259176,379.5585781689432,16.18799586824285,0.0,395.74657403718606,37955.85781689432,323.759917364857,0.0,0.0,264.7551702062636,192.92771415970685,0.0,15,0,0.0,0,0,0.0,0.0,0.0,0.0,0.0,0.0,0,0.0,0.0,0,0,0,0.005057573318481445,0.0,0.0,0.0,True,feasible,baseline_truck_only,38433.95990558694,192.92771415970685,,,,0.0,True,feasible_only,0.0,38433.95990558694,True,38433.95990558694,,,
S0005_R06,502032,nils,S0005,n15_p0.25_d1_uniform_Emedium_V1.25_Hshort_PWbase_B0.05,15,0.26666666666666666,0.25,1,3,medium,1.25,uniform,short,base,0.05,100.0,20.0,1.0,peripheral,181.62265230367927,168.56053046006062,13.062121843618662,0.0,0.0,0.0,0.0,0.0,0.0,0.0,0.0,0.0,0.0,0.0,158.44846241580498,210.70066307507577,43.54040614539554,12,3,0.2,1,1,3.0,3.0,0.0,0.0,0.0,0.0,0,0.9122975142267448,0.9122975142267448,1,24,24,0.13956832885742188,25.0,9.0,7.0,True,feasible,nils_complete,38433.95990558694,192.92771415970685,,99.52744226004856,,-9.212232152741077,True,feasible_only,0.0,181.62265230367927,True,38433.95990558694,,99.52744226004856,
S0005_R07,502033,truck_only,S0005,n15_p0.25_d1_uniform_Emedium_V1.25_Hshort_PWbase_B0.05,15,0.26666666666666666,0.25,1,3,medium,1.25,uniform,short,base,0.05,100.0,20.0,1.0,peripheral,6073.001035253388,141.47293505592648,0.0,0.0,5931.528100197462,5931.528100197462,52.003731018653085,36.55774991660762,0.0,88.5614809352607,5200.373101865309,731.1549983321524,0.0,0.0,171.72184816243504,176.8411688199081,0.0,15,0,0.0,0,0,0.0,0.0,0.0,0.0,0.0,0.0,0,0.0,0.0,0,0,0,0.003755807876586914,0.0,0.0,0.0,True,feasible,baseline_truck_only,6073.001035253388,176.8411688199081,,,,0.0,True,feasible_only,0.0,6073.001035253388,True,6073.001035253388,,,
S0005_R07,502033,nils,S0005,n15_p0.25_d1_uniform_Emedium_V1.25_Hshort_PWbase_B0.05,15,0.26666666666666666,0.25,1,3,medium,1.25,uniform,short,base,0.05,100.0,20.0,1.0,peripheral,118.66495236114092,108.35303491814508,10.31191744299584,0.0,0.0,0.0,0.0,0.0,0.0,0.0,0.0,0.0,0.0,0.0,122.91156657958372,135.44129364768133,34.37305814331947,13,2,0.13333333333333333,1,1,2.0,2.0,0.0,0.0,0.0,0.0,0,0.6877540379780313,0.6877540379780313,0,36,36,0.09152030944824219,18.0,2.0,3.0,True,feasible,nils_complete,6073.001035253388,176.8411688199081,,98.04602449971112,,23.41076766710791,True,feasible_only,0.0,118.66495236114092,True,6073.001035253388,,98.04602449971112,
S0005_R08,502034,truck_only,S0005,n15_p0.25_d1_uniform_Emedium_V1.25_Hshort_PWbase_B0.05,15,0.26666666666666666,0.25,1,3,medium,1.25,uniform,short,base,0.05,100.0,20.0,1.0,peripheral,1165.378226144749,168.41748307015558,0.0,0.0,996.9607430745936,996.9607430745936,0.0,49.84803715372968,0.0,49.84803715372968,0.0,996.9607430745936,0.0,0.0,228.38388996312213,210.52185383769452,0.0,15,0,0.0,0,0,0.0,0.0,0.0,0.0,0.0,0.0,0,0.0,0.0,0,0,0,0.0029480457305908203,0.0,0.0,0.0,True,feasible,baseline_truck_only,1165.378226144749,210.52185383769452,,,,0.0,True,feasible_only,0.0,1165.378226144749,True,1165.378226144749,,,
S0005_R08,502034,nils,S0005,n15_p0.25_d1_uniform_Emedium_V1.25_Hshort_PWbase_B0.05,15,0.26666666666666666,0.25,1,3,medium,1.25,uniform,short,base,0.05,100.0,20.0,1.0,peripheral,139.28905724437558,126.48567715736297,12.80338008701261,0.0,0.0,0.0,0.0,0.0,0.0,0.0,0.0,0.0,0.0,0.0,143.28894072610092,158.10709644670374,42.67793362337537,12,3,0.2,1,1,3.0,3.0,0.0,0.0,0.0,0.0,0,0.9167469477643556,0.9167469477643556,1,25,25,0.10632872581481934,25.0,3.0,6.0,True,feasible,nils_complete,1165.378226144749,210.52185383769452,,88.0477381403319,,24.897537445875265,True,feasible_only,0.0,139.28905724437558,True,1165.378226144749,,88.0477381403319,
S0005_R09,502035,truck_only,S0005,n15_p0.25_d1_uniform_Emedium_V1.25_Hshort_PWbase_B0.05,15,0.26666666666666666,0.25,1,3,medium,1.25,uniform,short,base,0.05,100.0,20.0,1.0,peripheral,4707.3087777753035,151.14739777305277,0.0,0.0,4556.161380002251,4556.161380002251,32.56798067177621,64.96816564123148,0.0,97.53614631300769,3256.7980671776213,1299.3633128246297,0.0,0.0,245.99928893323784,188.93424721631595,0.0,15,0,0.0,0,0,0.0,0.0,0.0,0.0,0.0,0.0,0,0.0,0.0,0,0,0,0.002933025360107422,0.0,0.0,0.0,True,feasible,baseline_truck_only,4707.3087777753035,188.93424721631595,,,,0.0,True,feasible_only,0.0,4707.3087777753035,True,4707.3087777753035,,,
S0005_R09,502035,nils,S0005,n15_p0.25_d1_uniform_Emedium_V1.25_Hshort_PWbase_B0.05,15,0.26666666666666666,0.25,1,3,medium,1.25,uniform,short,base,0.05,100.0,20.0,1.0,peripheral,114.88235699844014,105.01720499203091,9.865152006409229,0.0,0.0,0.0,0.0,0.0,0.0,0.0,0.0,0.0,0.0,0.0,156.92628237865412,131.2715062400386,32.8838400213641,13,2,0.13333333333333333,1,1,2.0,2.0,0.0,0.0,0.0,0.0,0,0.7068187325990791,0.7068187325990791,0,50,50,0.12820935249328613,25.0,2.0,3.0,True,feasible,nils_complete,4707.3087777753035,188.93424721631595,,97.55948966974854,,30.52000461846269,True,feasible_only,0.0,114.88235699844014,True,4707.3087777753035,,97.55948966974854,
S0005_R10,502036,truck_only,S0005,n15_p0.25_d1_uniform_Emedium_V1.25_Hshort_PWbase_B0.05,15,0.26666666666666666,0.25,1,3,medium,1.25,uniform,short,base,0.05,100.0,20.0,1.0,peripheral,7330.6644215712095,167.5167686569584,0.0,0.0,7163.147652914251,7163.147652914251,71.6314765291425,0.0,0.0,71.6314765291425,7163.14765291425,0.0,0.0,0.0,147.51446562785827,209.39596082119797,0.0,15,0,0.0,0,0,0.0,0.0,0.0,0.0,0.0,0.0,0,0.0,0.0,0,0,0,0.0035164356231689453,0.0,0.0,0.0,True,feasible,baseline_truck_only,7330.6644215712095,209.39596082119797,,,,0.0,True,feasible_only,0.0,7330.6644215712095,True,7330.6644215712095,,,
S0005_R10,502036,nils,S0005,n15_p0.25_d1_uniform_Emedium_V1.25_Hshort_PWbase_B0.05,15,0.26666666666666666,0.25,1,3,medium,1.25,uniform,short,base,0.05,100.0,20.0,1.0,peripheral,3785.047428011442,157.08853038058731,13.725212538627837,0.0,3614.233685092227,3614.233685092227,36.14233685092227,0.0,0.0,36.14233685092227,3614.233685092227,0.0,0.0,0.0,136.56183781399238,196.3606629757341,45.75070846209279,13,2,0.13333333333333333,1,1,2.0,2.0,0.0,0.0,0.0,0.0,0,0.928936199430589,0.928936199430589,1,33,33,0.09939980506896973,17.0,3.0,4.0,True,feasible,nils_complete,7330.6644215712095,209.39596082119797,,48.36692541983557,,6.2251906838807844,True,feasible_only,0.0,3785.047428011442,True,7330.6644215712095,,48.36692541983557,
S0006_R01,602027,truck_only,S0006,n15_p0.25_d1_uniform_Emedium_V2.00_Hlong_PWflat_B0.05,15,0.26666666666666666,0.25,1,3,medium,2.0,uniform,long,flat,0.05,1.0,1.0,1.0,peripheral,290.02906027354334,166.19159343099273,0.0,0.0,123.83746684255064,123.83746684255064,123.83746684255064,0.0,0.0,123.83746684255064,123.83746684255064,0.0,0.0,0.0,179.4866462827689,207.7394917887409,0.0,15,0,0.0,0,0,0.0,0.0,0.0,0.0,0.0,0.0,0,0.0,0.0,0,0,0,0.0030472278594970703,0.0,0.0,0.0,True,feasible,baseline_truck_only,290.02906027354334,207.7394917887409,,,,0.0,True,feasible_only,0.0,290.02906027354334,True,290.02906027354334,,,
S0006_R01,602027,nils,S0006,n15_p0.25_d1_uniform_Emedium_V2.00_Hlong_PWflat_B0.05,15,0.26666666666666666,0.25,1,3,medium,2.0,uniform,long,flat,0.05,1.0,1.0,1.0,peripheral,158.24945809221285,137.53876436375268,20.710693728460175,0.0,0.0,0.0,0.0,0.0,0.0,0.0,0.0,0.0,0.0,0.0,125.99812890958071,171.92345545469087,69.03564576153391,11,4,0.26666666666666666,1,1,4.0,4.0,0.0,0.0,0.0,0.0,0,0.9487717313689207,0.9487717313689207,1,0,0,0.13244366645812988,25.0,3.0,10.0,True,feasible,nils_complete,290.02906027354334,207.7394917887409,,45.436689019038795,,17.240841414242453,True,feasible_only,0.0,158.24945809221285,True,290.02906027354334,,45.436689019038795,
S0006_R02,602028,truck_only,S0006,n15_p0.25_d1_uniform_Emedium_V2.00_Hlong_PWflat_B0.05,15,0.26666666666666666,0.25,1,3,medium,2.0,uniform,long,flat,0.05,1.0,1.0,1.0,peripheral,296.8712212643969,190.68765942867697,0.0,0.0,106.18356183571997,106.18356183571997,106.18356183571997,0.0,0.0,106.18356183571997,106.18356183571997,0.0,0.0,0.0,209.1733747783226,238.35957428584618,0.0,15,0,0.0,0,0,0.0,0.0,0.0,0.0,0.0,0.0,0,0.0,0.0,0,0,0,0.003077983856201172,0.0,0.0,0.0,True,feasible,baseline_truck_only,296.8712212643969,238.35957428584618,,,,0.0,True,feasible_only,0.0,296.8712212643969,True,296.8712212643969,,,
S0006_R02,602028,nils,S0006,n15_p0.25_d1_uniform_Emedium_V2.00_Hlong_PWflat_B0.05,15,0.26666666666666666,0.25,1,3,medium,2.0,uniform,long,flat,0.05,1.0,1.0,1.0,peripheral,154.21602104946405,136.46982781341734,17.746193236046707,0.0,0.0,0.0,0.0,0.0,0.0,0.0,0.0,0.0,0.0,0.0,133.63840787330707,170.5872847667717,59.153977453489034,12,3,0.2,1,1,3.0,3.0,0.0,0.0,0.0,0.0,0,0.8035444030558625,0.8035444030558625,0,0,0,0.1175832748413086,25.0,3.0,10.0,True,feasible,nils_complete,296.8712212643969,238.35957428584618,,48.05288960221662,,28.43279516760692,True,feasible_only,0.0,154.21602104946405,True,296.8712212643969,,48.05288960221662,
S0006_R03,602029,truck_only,S0006,n15_p0.25_d1_uniform_Emedium_V2.00_Hlong_PWflat_B0.05,15,0.26666666666666666,0.25,1,3,medium,2.0,uniform,long,flat,0.05,1.0,1.0,1.0,peripheral,134.1511025312,134.1511025312,0.0,0.0,0.0,0.0,0.0,0.0,0.0,0.0,0.0,0.0,0.0,0.0,155.57794228050963,167.68887816400002,0.0,15,0,0.0,0,0,0.0,0.0,0.0,0.0,0.0,0.0,0,0.0,0.0,0,0,0,0.005861997604370117,0.0,0.0,0.0,True,feasible,baseline_truck_only,134.1511025312,167.68887816400002,,,,0.0,True,feasible_only,0.0,134.1511025312,True,134.1511025312,,,
S0006_R03,602029,nils,S0006,n15_p0.25_d1_uniform_Emedium_V2.00_Hlong_PWflat_B0.05,15,0.26666666666666666,0.25,1,3,medium,2.0,uniform,long,flat,0.05,1.0,1.0,1.0,peripheral,117.80304351518096,112.67369093555646,5.12935257962449,0.0,0.0,0.0,0.0,0.0,0.0,0.0,0.0,0.0,0.0,0.0,130.728153102236,140.84211366944558,17.097841932081632,14,1,0.06666666666666667,1,1,1.0,1.0,0.0,0.0,0.0,0.0,0,0.2137230241510204,0.2137230241510204,0,0,0,0.11879944801330566,25.0,1.0,10.0,True,feasible,nils_complete,134.1511025312,167.68887816400002,,12.18630239152668,,16.00986588287522,True,feasible_only,0.0,117.80304351518096,True,134.1511025312,,12.18630239152668,
S0006_R04,602030,truck_only,S0006,n15_p0.25_d1_uniform_Emedium_V2.00_Hlong_PWflat_B0.05,15,0.26666666666666666,0.25,1,3,medium,2.0,uniform,long,flat,0.05,1.0,1.0,1.0,peripheral,520.6575896200795,157.40169307268422,0.0,0.0,363.25589654739537,363.25589654739537,94.98921760208361,229.75156739694134,38.515111548370385,363.25589654739537,94.98921760208361,229.75156739694134,38.515111548370385,0.0,303.2418863795249,196.75211634085522,0.0,15,0,0.0,0,0,0.0,0.0,0.0,0.0,0.0,0.0,0,0.0,0.0,0,0,0,0.003397226333618164,0.0,0.0,0.0,True,feasible,baseline_truck_only,520.6575896200795,196.75211634085522,,,,0.0,True,feasible_only,0.0,520.6575896200795,True,520.6575896200795,,,
S0006_R04,602030,nils,S0006,n15_p0.25_d1_uniform_Emedium_V2.00_Hlong_PWflat_B0.05,15,0.26666666666666666,0.25,1,3,medium,2.0,uniform,long,flat,0.05,1.0,1.0,1.0,peripheral,144.72815534525495,123.39748578768527,20.21712496392044,0.0,1.1135445936492374,1.1135445936492374,1.1135445936492374,0.0,0.0,1.1135445936492374,1.1135445936492374,0.0,0.0,0.0,140.68485671189492,154.24685723460658,67.39041654640147,11,4,0.26666666666666666,1,1,4.0,4.0,0.0,0.0,0.0,0.0,0,0.8972549675697172,0.8972549675697172,0,0,0,0.13385629653930664,25.0,4.0,10.0,True,feasible,nils_complete,520.6575896200795,196.75211634085522,,72.20281462700618,,21.60345713009365,True,feasible_only,0.0,144.72815534525495,True,520.6575896200795,,72.20281462700618,
S0006_R05,602031,truck_only,S0006,n15_p0.25_d1_uniform_Emedium_V2.00_Hlong_PWflat_B0.05,15,0.26666666666666666,0.25,1,3,medium,2.0,uniform,long,flat,0.05,1.0,1.0,1.0,peripheral,1022.1923498562712,183.05641302010216,0.0,0.0,839.1359368361691,839.1359368361691,423.47343633143214,377.47442284841685,38.18807765632013,839.1359368361692,423.47343633143214,377.47442284841685,38.18807765632013,0.0,360.0747805116394,228.8205162751277,0.0,15,0,0.0,0,0,0.0,0.0,0.0,0.0,0.0,0.0,0,0.0,0.0,0,0,0,0.0027239322662353516,0.0,0.0,0.0,True,feasible,baseline_truck_only,1022.1923498562712,228.8205162751277,,,,0.0,True,feasible_only,0.0,1022.1923498562712,True,1022.1923498562712,,,
S0006_R05,602031,nils,S0006,n15_p0.25_d1_uniform_Emedium_V2.00_Hlong_PWflat_B0.05,15,0.26666666666666666,0.25,1,3,medium,2.0,uniform,long,flat,0.05,1.0,1.0,1.0,peripheral,223.86313819125223,98.5691665624028,18.30235645779558,0.0,106.99161517105387,106.99161517105387,106.99161517105387,0.0,0.0,106.99161517105387,106.99161517105387,0.0,0.0,0.0,156.14979081967087,123.2114582030035,61.007854859318606,11,4,0.26666666666666666,1,1,4.0,4.0,0.0,0.0,0.0,0.0,0,0.8338916839035637,0.8338916839035637,0,0,0,0.14087390899658203,25.0,5.0,11.0,True,feasible,nils_complete,1022.1923498562712,228.8205162751277,,78.09970518535681,,46.153666546728125,True,feasible_only,0.0,223.86313819125223,True,1022.1923498562712,,78.09970518535681,
S0006_R06,602032,truck_only,S0006,n15_p0.25_d1_uniform_Emedium_V2.00_Hlong_PWflat_B0.05,15,0.26666666666666666,0.25,1,3,medium,2.0,uniform,long,flat,0.05,1.0,1.0,1.0,peripheral,143.43178822422243,141.76119083588813,0.0,0.0,1.6705973883342935,1.6705973883342935,1.6705973883342935,0.0,0.0,1.6705973883342935,1.6705973883342935,0.0,0.0,0.0,186.69876032570852,177.20148854486018,0.0,15,0,0.0,0,0,0.0,0.0,0.0,0.0,0.0,0.0,0,0.0,0.0,0,0,0,0.002890348434448242,0.0,0.0,0.0,True,feasible,baseline_truck_only,143.43178822422243,177.20148854486018,,,,0.0,True,feasible_only,0.0,143.43178822422243,True,143.43178822422243,,,
S0006_R06,602032,nils,S0006,n15_p0.25_d1_uniform_Emedium_V2.00_Hlong_PWflat_B0.05,15,0.26666666666666666,0.25,1,3,medium,2.0,uniform,long,flat,0.05,1.0,1.0,1.0,peripheral,131.52774261089803,122.79429766156753,8.733444949330519,0.0,0.0,0.0,0.0,0.0,0.0,0.0,0.0,0.0,0.0,0.0,145.18832380039382,153.49287207695937,29.111483164435064,14,1,0.06666666666666667,1,1,1.0,1.0,0.0,0.0,0.0,0.0,0,0.3638935395554383,0.3638935395554383,0,0,0,0.11243963241577148,25.0,1.0,10.0,True,feasible,nils_complete,143.43178822422243,177.20148854486018,,8.299447256918514,,13.379468007064036,True,feasible_only,0.0,131.52774261089803,True,143.43178822422243,,8.299447256918514,
S0006_R07,602033,truck_only,S0006,n15_p0.25_d1_uniform_Emedium_V2.00_Hlong_PWflat_B0.05,15,0.26666666666666666,0.25,1,3,medium,2.0,uniform,long,flat,0.05,1.0,1.0,1.0,peripheral,149.3467373105706,136.1816066601183,0.0,0.0,13.165130650452312,13.165130650452312,0.0,13.165130650452312,0.0,13.165130650452312,0.0,13.165130650452312,0.0,0.0,179.9020543587631,170.22700832514784,0.0,15,0,0.0,0,0,0.0,0.0,0.0,0.0,0.0,0.0,0,0.0,0.0,0,0,0,0.002852201461791992,0.0,0.0,0.0,True,feasible,baseline_truck_only,149.3467373105706,170.22700832514784,,,,0.0,True,feasible_only,0.0,149.3467373105706,True,149.3467373105706,,,
S0006_R07,602033,nils,S0006,n15_p0.25_d1_uniform_Emedium_V2.00_Hlong_PWflat_B0.05,15,0.26666666666666666,0.25,1,3,medium,2.0,uniform,long,flat,0.05,1.0,1.0,1.0,peripheral,124.65368663962718,109.47340346694399,15.180283172683191,0.0,0.0,0.0,0.0,0.0,0.0,0.0,0.0,0.0,0.0,0.0,135.69794183916247,136.84175433368,50.600943908943975,11,4,0.26666666666666666,1,1,4.0,4.0,0.0,0.0,0.0,0.0,0,0.6544476050029359,0.6544476050029359,0,0,0,0.1134343147277832,25.0,2.0,10.0,True,feasible,nils_complete,149.3467373105706,170.22700832514784,,16.53404092758555,,19.612195690885436,True,feasible_only,0.0,124.65368663962718,True,149.3467373105706,,16.53404092758555,
S0006_R08,602034,truck_only,S0006,n15_p0.25_d1_uniform_Emedium_V2.00_Hlong_PWflat_B0.05,15,0.26666666666666666,0.25,1,3,medium,2.0,uniform,long,flat,0.05,1.0,1.0,1.0,peripheral,332.269638208311,172.74141832814692,0.0,0.0,159.52821988016404,159.52821988016404,0.0,159.52821988016404,0.0,159.52821988016404,0.0,159.52821988016404,0.0,0.0,263.13233733279526,215.92677291018364,0.0,15,0,0.0,0,0,0.0,0.0,0.0,0.0,0.0,0.0,0,0.0,0.0,0,0,0,0.003505706787109375,0.0,0.0,0.0,True,feasible,baseline_truck_only,332.269638208311,215.92677291018364,,,,0.0,True,feasible_only,0.0,332.269638208311,True,332.269638208311,,,
S0006_R08,602034,nils,S0006,n15_p0.25_d1_uniform_Emedium_V2.00_Hlong_PWflat_B0.05,15,0.26666666666666666,0.25,1,3,medium,2.0,uniform,long,flat,0.05,1.0,1.0,1.0,peripheral,153.12241445730837,118.558146288506,19.692220438830123,0.0,14.872047729972252,14.872047729972252,14.872047729972252,0.0,0.0,14.872047729972252,14.872047729972252,0.0,0.0,0.0,145.9044317335143,148.19768286063248,65.6407347961004,11,4,0.26666666666666666,1,1,4.0,4.0,0.0,0.0,0.0,0.0,0,0.9229879476966194,0.9229879476966194,1,0,0,0.11401629447937012,25.0,4.0,11.0,True,feasible,nils_complete,332.269638208311,215.92677291018364,,53.91621838125614,,31.36669396607135,True,feasible_only,0.0,153.12241445730837,True,332.269638208311,,53.91621838125614,
S0006_R09,602035,truck_only,S0006,n15_p0.25_d1_uniform_Emedium_V2.00_Hlong_PWflat_B0.05,15,0.26666666666666666,0.25,1,3,medium,2.0,uniform,long,flat,0.05,1.0,1.0,1.0,peripheral,295.96546013320994,161.77303482039432,0.0,0.0,134.1924253128156,134.1924253128156,134.1924253128156,0.0,0.0,134.1924253128156,134.1924253128156,0.0,0.0,0.0,229.38201008507124,202.2162935254929,0.0,15,0,0.0,0,0,0.0,0.0,0.0,0.0,0.0,0.0,0,0.0,0.0,0,0,0,0.002940654754638672,0.0,0.0,0.0,True,feasible,baseline_truck_only,295.96546013320994,202.2162935254929,,,,0.0,True,feasible_only,0.0,295.96546013320994,True,295.96546013320994,,,
S0006_R09,602035,nils,S0006,n15_p0.25_d1_uniform_Emedium_V2.00_Hlong_PWflat_B0.05,15,0.26666666666666666,0.25,1,3,medium,2.0,uniform,long,flat,0.05,1.0,1.0,1.0,peripheral,117.74063442750925,99.66670654775936,18.073927879749892,0.0,0.0,0.0,0.0,0.0,0.0,0.0,0.0,0.0,0.0,0.0,128.1962985429812,124.58338318469922,60.24642626583298,11,4,0.26666666666666666,1,1,4.0,4.0,0.0,0.0,0.0,0.0,0,0.8100319180916526,0.8100319180916526,0,0,0,0.1423783302307129,25.0,6.0,11.0,True,feasible,nils_complete,295.96546013320994,202.2162935254929,,60.218116541532986,,38.39102625575851,True,feasible_only,0.0,117.74063442750925,True,295.96546013320994,,60.218116541532986,
S0006_R10,602036,truck_only,S0006,n15_p0.25_d1_uniform_Emedium_V2.00_Hlong_PWflat_B0.05,15,0.26666666666666666,0.25,1,3,medium,2.0,uniform,long,flat,0.05,1.0,1.0,1.0,peripheral,163.3786677044679,163.3786677044679,0.0,0.0,0.0,0.0,0.0,0.0,0.0,0.0,0.0,0.0,0.0,0.0,172.20679997168511,204.22333463058484,0.0,15,0,0.0,0,0,0.0,0.0,0.0,0.0,0.0,0.0,0,0.0,0.0,0,0,0,0.0037527084350585938,0.0,0.0,0.0,True,feasible,baseline_truck_only,163.3786677044679,204.22333463058484,,,,0.0,True,feasible_only,0.0,163.3786677044679,True,163.3786677044679,,,
S0006_R10,602036,nils,S0006,n15_p0.25_d1_uniform_Emedium_V2.00_Hlong_PWflat_B0.05,15,0.26666666666666666,0.25,1,3,medium,2.0,uniform,long,flat,0.05,1.0,1.0,1.0,peripheral,131.8894440925127,123.8723354764752,8.0171086160375,0.0,0.0,0.0,0.0,0.0,0.0,0.0,0.0,0.0,0.0,0.0,143.5111762213852,154.840419345594,26.72369538679167,13,2,0.13333333333333333,1,1,2.0,2.0,0.0,0.0,0.0,0.0,0,0.3410170805658406,0.3410170805658406,0,0,0,0.11940884590148926,25.0,2.0,10.0,True,feasible,nils_complete,163.3786677044679,204.22333463058484,,19.2737669209761,,24.180838773550793,True,feasible_only,0.0,131.8894440925127,True,163.3786677044679,,19.2737669209761,
S0007_R01,702027,truck_only,S0007,n15_p0.25_d1_uniform_Emedium_V2.00_Hlong_PWstrict_B0.05,15,0.26666666666666666,0.25,1,3,medium,2.0,uniform,long,strict,0.05,200.0,40.0,1.0,peripheral,38818.76140738583,157.53074046952332,0.0,0.0,38661.2306669163,38661.2306669163,151.05593699522893,211.02707992900224,8.960070710427743,371.04308763465895,30211.187399045786,8441.08319716009,8.960070710427743,0.0,275.8622540508732,196.91342558690414,0.0,15,0,0.0,0,0,0.0,0.0,0.0,0.0,0.0,0.0,0,0.0,0.0,0,0,0,0.0041484832763671875,0.0,0.0,0.0,True,feasible,baseline_truck_only,38818.76140738583,196.91342558690414,,,,0.0,True,feasible_only,0.0,38818.76140738583,True,38818.76140738583,,,
S0007_R01,702027,nils,S0007,n15_p0.25_d1_uniform_Emedium_V2.00_Hlong_PWstrict_B0.05,15,0.26666666666666666,0.25,1,3,medium,2.0,uniform,long,strict,0.05,200.0,40.0,1.0,peripheral,140.90500910974143,121.2940129807622,19.610996128979227,0.0,0.0,0.0,0.0,0.0,0.0,0.0,0.0,0.0,0.0,0.0,154.56072177706963,151.61751622595273,65.36998709659741,11,4,0.26666666666666666,1,1,4.0,4.0,0.0,0.0,0.0,0.0,0,0.8772142700226233,0.8772142700226233,0,0,0,0.13905811309814453,25.0,5.0,11.0,True,feasible,nils_complete,38818.76140738583,196.91342558690414,,99.63701827672706,,23.002956363156095,True,feasible_only,0.0,140.90500910974143,True,38818.76140738583,,99.63701827672706,
S0007_R02,702028,truck_only,S0007,n15_p0.25_d1_uniform_Emedium_V2.00_Hlong_PWstrict_B0.05,15,0.26666666666666666,0.25,1,3,medium,2.0,uniform,long,strict,0.05,200.0,40.0,1.0,peripheral,20002.870338979716,153.59471745465225,0.0,0.0,19849.275621525063,19849.275621525063,97.72195610511298,7.622110012561748,0.0,105.34406611767473,19544.391221022597,304.88440050246993,0.0,0.0,191.6918566583516,191.99339681831532,0.0,15,0,0.0,0,0,0.0,0.0,0.0,0.0,0.0,0.0,0,0.0,0.0,0,0,0,0.0033102035522460938,0.0,0.0,0.0,True,feasible,baseline_truck_only,20002.870338979716,191.99339681831532,,,,0.0,True,feasible_only,0.0,20002.870338979716,True,20002.870338979716,,,
S0007_R02,702028,nils,S0007,n15_p0.25_d1_uniform_Emedium_V2.00_Hlong_PWstrict_B0.05,15,0.26666666666666666,0.25,1,3,medium,2.0,uniform,long,strict,0.05,200.0,40.0,1.0,peripheral,173.11822971416262,155.0310508605107,18.087178853651913,0.0,0.0,0.0,0.0,0.0,0.0,0.0,0.0,0.0,0.0,0.0,117.49367773932951,193.78881357563841,60.290596178839714,11,4,0.26666666666666666,1,1,4.0,4.0,0.0,0.0,0.0,0.0,0,0.839571376030876,0.839571376030876,0,0,0,0.12011551856994629,25.0,7.0,11.0,True,feasible,nils_complete,20002.870338979716,191.99339681831532,,99.13453306060377,,-0.9351450555469423,True,feasible_only,0.0,173.11822971416262,True,20002.870338979716,,99.13453306060377,
S0007_R03,702029,truck_only,S0007,n15_p0.25_d1_uniform_Emedium_V2.00_Hlong_PWstrict_B0.05,15,0.26666666666666666,0.25,1,3,medium,2.0,uniform,long,strict,0.05,200.0,40.0,1.0,peripheral,150.77498708240088,150.77498708240088,0.0,0.0,0.0,0.0,0.0,0.0,0.0,0.0,0.0,0.0,0.0,0.0,161.13501678960418,188.46873385300108,0.0,15,0,0.0,0,0,0.0,0.0,0.0,0.0,0.0,0.0,0,0.0,0.0,0,0,0,0.0033490657806396484,0.0,0.0,0.0,True,feasible,baseline_truck_only,150.77498708240088,188.46873385300108,,,,0.0,True,feasible_only,0.0,150.77498708240088,True,150.77498708240088,,,
S0007_R03,702029,nils,S0007,n15_p0.25_d1_uniform_Emedium_V2.00_Hlong_PWstrict_B0.05,15,0.26666666666666666,0.25,1,3,medium,2.0,uniform,long,strict,0.05,200.0,40.0,1.0,peripheral,133.11213855755642,118.13168645361968,14.980452103936743,0.0,0.0,0.0,0.0,0.0,0.0,0.0,0.0,0.0,0.0,0.0,108.15267316942287,147.66460806702457,49.934840346455815,14,1,0.06666666666666667,1,1,1.0,1.0,0.0,0.0,0.0,0.0,0,0.6241855043306976,0.6241855043306976,0,22,22,0.10728216171264648,24.0,1.0,8.0,True,feasible,nils_complete,150.77498708240088,188.46873385300108,,11.714707370653887,,21.650342182381443,True,feasible_only,0.0,133.11213855755642,True,150.77498708240088,,11.714707370653887,
S0007_R04,702030,truck_only,S0007,n15_p0.25_d1_uniform_Emedium_V2.00_Hlong_PWstrict_B0.05,15,0.26666666666666666,0.25,1,3,medium,2.0,uniform,long,strict,0.05,200.0,40.0,1.0,peripheral,28414.094286932825,162.76572881750474,0.0,0.0,28251.32855811532,28251.32855811532,100.30271189785873,204.76965446358938,0.0,305.0723663614481,20060.542379571747,8190.786178543575,0.0,0.0,308.4155369920424,203.45716102188084,0.0,15,0,0.0,0,0,0.0,0.0,0.0,0.0,0.0,0.0,0,0.0,0.0,0,0,0,0.0038063526153564453,0.0,0.0,0.0,True,feasible,baseline_truck_only,28414.094286932825,203.45716102188084,,,,0.0,True,feasible_only,0.0,28414.094286932825,True,28414.094286932825,,,
S0007_R04,702030,nils,S0007,n15_p0.25_d1_uniform_Emedium_V2.00_Hlong_PWstrict_B0.05,15,0.26666666666666666,0.25,1,3,medium,2.0,uniform,long,strict,0.05,200.0,40.0,1.0,peripheral,163.33235302217417,151.30718872488058,12.02516429729361,0.0,0.0,0.0,0.0,0.0,0.0,0.0,0.0,0.0,0.0,0.0,132.9684657057756,189.13398590610072,40.0838809909787,11,4,0.26666666666666666,1,1,4.0,4.0,0.0,0.0,0.0,0.0,0,0.5178145313740488,0.5178145313740488,0,0,0,0.12569689750671387,25.0,9.0,11.0,True,feasible,nils_complete,28414.094286932825,203.45716102188084,,99.42517135555052,,7.039897265763838,True,feasible_only,0.0,163.33235302217417,True,28414.094286932825,,99.42517135555052,
S0007_R05,702031,truck_only,S0007,n15_p0.25_d1_uniform_Emedium_V2.00_Hlong_PWstrict_B0.05,15,0.26666666666666666,0.25,1,3,medium,2.0,uniform,long,strict,0.05,200.0,40.0,1.0,peripheral,1661.6390207306224,168.49178563096805,0.0,0.0,1493.1472350996544,1493.1472350996544,7.465736175498272,0.0,0.0,7.465736175498272,1493.1472350996544,0.0,0.0,0.0,150.62732212266272,210.6147320387101,0.0,15,0,0.0,0,0,0.0,0.0,0.0,0.0,0.0,0.0,0,0.0,0.0,0,0,0,0.002995014190673828,0.0,0.0,0.0,True,feasible,baseline_truck_only,1661.6390207306224,210.6147320387101,,,,0.0,True,feasible_only,0.0,1661.6390207306224,True,1661.6390207306224,,,
S0007_R05,702031,nils,S0007,n15_p0.25_d1_uniform_Emedium_V2.00_Hlong_PWstrict_B0.05,15,0.26666666666666666,0.25,1,3,medium,2.0,uniform,long,strict,0.05,200.0,40.0,1.0,peripheral,159.19948876355738,141.73072049237885,17.468768271178536,0.0,0.0,0.0,0.0,0.0,0.0,0.0,0.0,0.0,0.0,0.0,124.39159201538682,177.1634006154736,58.22922757059513,11,4,0.26666666666666666,1,1,4.0,4.0,0.0,0.0,0.0,0.0,0,0.7720680028016178,0.7720680028016178,0,0,0,0.11159467697143555,25.0,5.0,10.0,True,feasible,nils_complete,1661.6390207306224,210.6147320387101,,90.41912913831565,,15.882712049358583,True,feasible_only,0.0,159.19948876355738,True,1661.6390207306224,,90.41912913831565,
S0007_R06,702032,truck_only,S0007,n15_p0.25_d1_uniform_Emedium_V2.00_Hlong_PWstrict_B0.05,15,0.26666666666666666,0.25,1,3,medium,2.0,uniform,long,strict,0.05,200.0,40.0,1.0,peripheral,9662.594799659468,124.97424110581422,0.0,0.0,9537.620558553654,9537.620558553654,47.68810279276827,0.0,0.0,47.68810279276827,9537.620558553654,0.0,0.0,0.0,163.14859250436925,156.21780138226777,0.0,15,0,0.0,0,0,0.0,0.0,0.0,0.0,0.0,0.0,0,0.0,0.0,0,0,0,0.004931211471557617,0.0,0.0,0.0,True,feasible,baseline_truck_only,9662.594799659468,156.21780138226777,,,,0.0,True,feasible_only,0.0,9662.594799659468,True,9662.594799659468,,,
S0007_R06,702032,nils,S0007,n15_p0.25_d1_uniform_Emedium_V2.00_Hlong_PWstrict_B0.05,15,0.26666666666666666,0.25,1,3,medium,2.0,uniform,long,strict,0.05,200.0,40.0,1.0,peripheral,159.5206184160649,138.45009250970523,21.07052590635967,0.0,0.0,0.0,0.0,0.0,0.0,0.0,0.0,0.0,0.0,0.0,111.28679132723153,173.0626156371315,70.23508635453224,11,4,0.26666666666666666,1,1,4.0,4.0,0.0,0.0,0.0,0.0,0,0.9338584831156063,0.9338584831156063,1,0,0,0.14856934547424316,25.0,6.0,11.0,True,feasible,nils_complete,9662.594799659468,156.21780138226777,,98.34909129769483,,-10.782903168406635,True,feasible_only,0.0,159.5206184160649,True,9662.594799659468,,98.34909129769483,
S0007_R07,702033,truck_only,S0007,n15_p0.25_d1_uniform_Emedium_V2.00_Hlong_PWstrict_B0.05,15,0.26666666666666666,0.25,1,3,medium,2.0,uniform,long,strict,0.05,200.0,40.0,1.0,peripheral,2366.85760721358,142.83106799172802,0.0,0.0,2224.026539221852,2224.026539221852,0.0,55.6006634805463,0.0,55.6006634805463,0.0,2224.026539221852,0.0,0.0,222.31109562029616,178.53883498966005,0.0,15,0,0.0,0,0,0.0,0.0,0.0,0.0,0.0,0.0,0,0.0,0.0,0,0,0,0.0031211376190185547,0.0,0.0,0.0,True,feasible,baseline_truck_only,2366.85760721358,178.53883498966005,,,,0.0,True,feasible_only,0.0,2366.85760721358,True,2366.85760721358,,,
S0007_R07,702033,nils,S0007,n15_p0.25_d1_uniform_Emedium_V2.00_Hlong_PWstrict_B0.05,15,0.26666666666666666,0.25,1,3,medium,2.0,uniform,long,strict,0.05,200.0,40.0,1.0,peripheral,105.26531090278611,90.42590187452892,14.839409028257192,0.0,0.0,0.0,0.0,0.0,0.0,0.0,0.0,0.0,0.0,0.0,115.15055600617924,113.03237734316114,49.46469676085731,12,3,0.2,1,1,3.0,3.0,0.0,0.0,0.0,0.0,0,0.6370521271152076,0.6370521271152076,0,0,0,0.15031123161315918,25.0,3.0,11.0,True,feasible,nils_complete,2366.85760721358,178.53883498966005,,95.55252877984869,,36.69031314688071,True,feasible_only,0.0,105.26531090278611,True,2366.85760721358,,95.55252877984869,
S0007_R08,702034,truck_only,S0007,n15_p0.25_d1_uniform_Emedium_V2.00_Hlong_PWstrict_B0.05,15,0.26666666666666666,0.25,1,3,medium,2.0,uniform,long,strict,0.05,200.0,40.0,1.0,peripheral,25627.628496559424,126.23950324803624,0.0,0.0,25501.38899331139,25501.38899331139,127.50694496655696,0.0,0.0,127.50694496655696,25501.388993311393,0.0,0.0,0.0,145.07072477189104,157.7993790600453,0.0,15,0,0.0,0,0,0.0,0.0,0.0,0.0,0.0,0.0,0,0.0,0.0,0,0,0,0.003679990768432617,0.0,0.0,0.0,True,feasible,baseline_truck_only,25627.628496559424,157.7993790600453,,,,0.0,True,feasible_only,0.0,25627.628496559424,True,25627.628496559424,,,
S0007_R08,702034,nils,S0007,n15_p0.25_d1_uniform_Emedium_V2.00_Hlong_PWstrict_B0.05,15,0.26666666666666666,0.25,1,3,medium,2.0,uniform,long,strict,0.05,200.0,40.0,1.0,peripheral,163.19098873526113,142.77089960938355,20.420089125877574,0.0,0.0,0.0,0.0,0.0,0.0,0.0,0.0,0.0,0.0,0.0,108.64954540829237,178.4636245117294,68.06696375292525,11,4,0.26666666666666666,1,1,4.0,4.0,0.0,0.0,0.0,0.0,0,0.9181750747871104,0.9181750747871104,1,0,0,0.12208938598632812,25.0,5.0,11.0,True,feasible,nils_complete,25627.628496559424,157.7993790600453,,99.36322243489222,,-13.095264109892973,True,feasible_only,0.0,163.19098873526113,True,25627.628496559424,,99.36322243489222,
S0007_R09,702035,truck_only,S0007,n15_p0.25_d1_uniform_Emedium_V2.00_Hlong_PWstrict_B0.05,15,0.26666666666666666,0.25,1,3,medium,2.0,uniform,long,strict,0.05,200.0,40.0,1.0,peripheral,31001.727209231656,156.48854761092593,0.0,0.0,30845.23866162073,30845.23866162073,139.80467001946437,72.10761644319632,0.0,211.9122864626607,27960.934003892875,2884.304657727853,0.0,0.0,223.32986306364523,195.61068451365736,0.0,15,0,0.0,0,0,0.0,0.0,0.0,0.0,0.0,0.0,0,0.0,0.0,0,0,0,0.003286600112915039,0.0,0.0,0.0,True,feasible,baseline_truck_only,31001.727209231656,195.61068451365736,,,,0.0,True,feasible_only,0.0,31001.727209231656,True,31001.727209231656,,,
S0007_R09,702035,nils,S0007,n15_p0.25_d1_uniform_Emedium_V2.00_Hlong_PWstrict_B0.05,15,0.26666666666666666,0.25,1,3,medium,2.0,uniform,long,strict,0.05,200.0,40.0,1.0,peripheral,139.42091098453105,124.35070248130323,15.070208503227809,0.0,0.0,0.0,0.0,0.0,0.0,0.0,0.0,0.0,0.0,0.0,142.4510120634949,155.43837810162904,50.23402834409269,11,4,0.26666666666666666,1,1,4.0,4.0,0.0,0.0,0.0,0.0,0,0.7117868391935697,0.7117868391935697,0,0,0,0.13407516479492188,25.0,5.0,11.0,True,feasible,nils_complete,31001.727209231656,195.61068451365736,,99.55028018263765,,20.536867151151718,True,feasible_only,0.0,139.42091098453105,True,31001.727209231656,,99.55028018263765,
S0007_R10,702036,truck_only,S0007,n15_p0.25_d1_uniform_Emedium_V2.00_Hlong_PWstrict_B0.05,15,0.26666666666666666,0.25,1,3,medium,2.0,uniform,long,strict,0.05,200.0,40.0,1.0,peripheral,4754.650045097412,119.95210663691414,0.0,0.0,4634.697938460497,4634.697938460497,23.17348969230249,0.0,0.0,23.17348969230249,4634.697938460497,0.0,0.0,0.0,131.76653043373767,149.94013329614265,0.0,15,0,0.0,0,0,0.0,0.0,0.0,0.0,0.0,0.0,0,0.0,0.0,0,0,0,0.003871917724609375,0.0,0.0,0.0,True,feasible,baseline_truck_only,4754.650045097412,149.94013329614265,,,,0.0,True,feasible_only,0.0,4754.650045097412,True,4754.650045097412,,,
S0007_R10,702036,nils,S0007,n15_p0.25_d1_uniform_Emedium_V2.00_Hlong_PWstrict_B0.05,15,0.26666666666666666,0.25,1,3,medium,2.0,uniform,long,strict,0.05,200.0,40.0,1.0,peripheral,98.74760343977916,85.55602426202319,13.19157917775597,0.0,0.0,0.0,0.0,0.0,0.0,0.0,0.0,0.0,0.0,0.0,82.81345328587523,106.94503032752897,43.971930592519904,13,2,0.13333333333333333,1,1,2.0,2.0,0.0,0.0,0.0,0.0,0,0.6139629003909008,0.6139629003909008,0,0,0,0.1100468635559082,25.0,2.0,10.0,True,feasible,nils_complete,4754.650045097412,149.94013329614265,,97.9231362455035,,28.674846436007385,True,feasible_only,0.0,98.74760343977916,True,4754.650045097412,,97.9231362455035,
S0008_R01,802027,truck_only,S0008,n15_p0.25_d1_uniform_Ehigh_V1.25_Hshort_PWflat_B0.05,15,0.26666666666666666,0.25,1,3,high,1.25,uniform,short,flat,0.05,1.0,1.0,1.0,peripheral,237.16468930110096,125.50652552574532,0.0,0.0,111.65816377535565,111.65816377535565,111.65816377535565,0.0,0.0,111.65816377535565,111.65816377535565,0.0,0.0,0.0,148.74717874311185,156.88315690718164,0.0,15,0,0.0,0,0,0.0,0.0,0.0,0.0,0.0,0.0,0,0.0,0.0,0,0,0,0.002739429473876953,0.0,0.0,0.0,True,feasible,baseline_truck_only,237.16468930110096,156.88315690718164,,,,0.0,True,feasible_only,0.0,237.16468930110096,True,237.16468930110096,,,
S0008_R01,802027,nils,S0008,n15_p0.25_d1_uniform_Ehigh_V1.25_Hshort_PWflat_B0.05,15,0.26666666666666666,0.25,1,3,high,1.25,uniform,short,flat,0.05,1.0,1.0,1.0,peripheral,111.2819180257678,106.02822443184549,5.2536935939223,0.0,0.0,0.0,0.0,0.0,0.0,0.0,0.0,0.0,0.0,0.0,120.5878769892106,132.53528053980682,17.512311979741,14,1,0.06666666666666667,1,1,1.0,1.0,0.0,0.0,0.0,0.0,0,0.2694201843037077,0.2694201843037077,0,0,0,0.1277179718017578,25.0,1.0,11.0,True,feasible,nils_complete,237.16468930110096,156.88315690718164,,53.07820976482471,,15.519751672118634,True,feasible_only,0.0,111.2819180257678,True,237.16468930110096,,53.07820976482471,
S0008_R02,802028,truck_only,S0008,n15_p0.25_d1_uniform_Ehigh_V1.25_Hshort_PWflat_B0.05,15,0.26666666666666666,0.25,1,3,high,1.25,uniform,short,flat,0.05,1.0,1.0,1.0,peripheral,432.692115240022,172.75323206448462,0.0,0.0,259.9388831755374,259.9388831755374,259.9388831755374,0.0,0.0,259.9388831755374,259.9388831755374,0.0,0.0,0.0,259.6179977287011,215.94154008060573,0.0,15,0,0.0,0,0,0.0,0.0,0.0,0.0,0.0,0.0,0,0.0,0.0,0,0,0,0.0031359195709228516,0.0,0.0,0.0,True,feasible,baseline_truck_only,432.692115240022,215.94154008060573,,,,0.0,True,feasible_only,0.0,432.692115240022,True,432.692115240022,,,
S0008_R02,802028,nils,S0008,n15_p0.25_d1_uniform_Ehigh_V1.25_Hshort_PWflat_B0.05,15,0.26666666666666666,0.25,1,3,high,1.25,uniform,short,flat,0.05,1.0,1.0,1.0,peripheral,156.96087051298204,118.39250187107336,15.201130329594076,0.0,23.367238312314605,23.367238312314605,23.367238312314605,0.0,0.0,23.367238312314605,23.367238312314605,0.0,0.0,0.0,157.8757898664987,147.99062733884168,50.670434431980254,12,3,0.2,1,1,3.0,3.0,0.0,0.0,0.0,0.0,0,0.8008894042951833,0.8008894042951833,0,21,21,0.1276106834411621,23.0,3.0,8.0,True,feasible,nils_complete,432.692115240022,215.94154008060573,,63.724582680247586,,31.4672724462369,True,feasible_only,0.0,156.96087051298204,True,432.692115240022,,63.724582680247586,
S0008_R03,802029,truck_only,S0008,n15_p0.25_d1_uniform_Ehigh_V1.25_Hshort_PWflat_B0.05,15,0.26666666666666666,0.25,1,3,high,1.25,uniform,short,flat,0.05,1.0,1.0,1.0,peripheral,165.794234505251,165.794234505251,0.0,0.0,0.0,0.0,0.0,0.0,0.0,0.0,0.0,0.0,0.0,0.0,284.86701803254016,207.2427931315637,0.0,15,0,0.0,0,0,0.0,0.0,0.0,0.0,0.0,0.0,0,0.0,0.0,0,0,0,0.002905130386352539,0.0,0.0,0.0,True,feasible,baseline_truck_only,165.794234505251,207.2427931315637,,,,0.0,True,feasible_only,0.0,165.794234505251,True,165.794234505251,,,
S0008_R03,802029,nils,S0008,n15_p0.25_d1_uniform_Ehigh_V1.25_Hshort_PWflat_B0.05,15,0.26666666666666666,0.25,1,3,high,1.25,uniform,short,flat,0.05,1.0,1.0,1.0,peripheral,123.1138138757087,109.75177412653642,13.362039749172279,0.0,0.0,0.0,0.0,0.0,0.0,0.0,0.0,0.0,0.0,0.0,177.66566017538733,137.18971765817054,44.54013249724093,13,2,0.13333333333333333,1,1,2.0,2.0,0.0,0.0,0.0,0.0,0,0.7441148678750953,0.7441148678750953,0,24,24,0.13362956047058105,25.0,2.0,7.0,True,feasible,nils_complete,165.794234505251,207.2427931315637,,25.743006538740975,,33.80241812747691,True,feasible_only,0.0,123.1138138757087,True,165.794234505251,,25.743006538740975,
S0008_R04,802030,truck_only,S0008,n15_p0.25_d1_uniform_Ehigh_V1.25_Hshort_PWflat_B0.05,15,0.26666666666666666,0.25,1,3,high,1.25,uniform,short,flat,0.05,1.0,1.0,1.0,peripheral,253.48170499999978,131.27710059413533,0.0,0.0,122.20460440586444,122.20460440586444,73.85894161384778,48.34566279201667,0.0,122.20460440586444,73.85894161384778,48.34566279201667,0.0,0.0,219.11814666140282,164.09637574266918,0.0,15,0,0.0,0,0,0.0,0.0,0.0,0.0,0.0,0.0,0,0.0,0.0,0,0,0,0.00279998779296875,0.0,0.0,0.0,True,feasible,baseline_truck_only,253.48170499999978,164.09637574266918,,,,0.0,True,feasible_only,0.0,253.48170499999978,True,253.48170499999978,,,
S0008_R04,802030,nils,S0008,n15_p0.25_d1_uniform_Ehigh_V1.25_Hshort_PWflat_B0.05,15,0.26666666666666666,0.25,1,3,high,1.25,uniform,short,flat,0.05,1.0,1.0,1.0,peripheral,118.20683449184484,104.01010432539708,14.196730166447761,0.0,0.0,0.0,0.0,0.0,0.0,0.0,0.0,0.0,0.0,0.0,159.5433817611294,130.01263040674635,47.3224338881592,12,3,0.2,1,1,3.0,3.0,0.0,0.0,0.0,0.0,0,0.7652971317928255,0.7652971317928255,0,15,15,0.0992434024810791,18.0,3.0,9.0,True,feasible,nils_complete,253.48170499999978,164.09637574266918,,53.3667195067017,,20.770565578713263,True,feasible_only,0.0,118.20683449184484,True,253.48170499999978,,53.3667195067017,
S0008_R05,802031,truck_only,S0008,n15_p0.25_d1_uniform_Ehigh_V1.25_Hshort_PWflat_B0.05,15,0.26666666666666666,0.25,1,3,high,1.25,uniform,short,flat,0.05,1.0,1.0,1.0,peripheral,209.2762658633253,152.32844348403614,0.0,0.0,56.94782237928915,56.94782237928915,56.94782237928915,0.0,0.0,56.94782237928915,56.94782237928915,0.0,0.0,0.0,181.90729029178698,190.41055435504515,0.0,15,0,0.0,0,0,0.0,0.0,0.0,0.0,0.0,0.0,0,0.0,0.0,0,0,0,0.0037369728088378906,0.0,0.0,0.0,True,feasible,baseline_truck_only,209.2762658633253,190.41055435504515,,,,0.0,True,feasible_only,0.0,209.2762658633253,True,209.2762658633253,,,
S0008_R05,802031,nils,S0008,n15_p0.25_d1_uniform_Ehigh_V1.25_Hshort_PWflat_B0.05,15,0.26666666666666666,0.25,1,3,high,1.25,uniform,short,flat,0.05,1.0,1.0,1.0,peripheral,160.08713271805541,134.1715758758497,12.296464477856528,0.0,13.6190923643492,13.6190923643492,13.6190923643492,0.0,0.0,13.6190923643492,13.6190923643492,0.0,0.0,0.0,138.30934573745193,167.71446984481213,40.98821492618843,11,4,0.26666666666666666,1,1,4.0,4.0,0.0,0.0,0.0,0.0,0,0.6957830821444152,0.6957830821444152,0,0,0,0.13434743881225586,25.0,4.0,11.0,True,feasible,nils_complete,209.2762658633253,190.41055435504515,,23.504401200179316,,11.91955172186161,True,feasible_only,0.0,160.08713271805541,True,209.2762658633253,,23.504401200179316,
S0008_R06,802032,truck_only,S0008,n15_p0.25_d1_uniform_Ehigh_V1.25_Hshort_PWflat_B0.05,15,0.26666666666666666,0.25,1,3,high,1.25,uniform,short,flat,0.05,1.0,1.0,1.0,peripheral,188.09636021845358,183.37363312535894,0.0,0.0,4.722727093094662,4.722727093094662,4.722727093094662,0.0,0.0,4.722727093094662,4.722727093094662,0.0,0.0,0.0,219.35212157215494,229.21704140669863,0.0,15,0,0.0,0,0,0.0,0.0,0.0,0.0,0.0,0.0,0,0.0,0.0,0,0,0,0.0038373470306396484,0.0,0.0,0.0,True,feasible,baseline_truck_only,188.09636021845358,229.21704140669863,,,,0.0,True,feasible_only,0.0,188.09636021845358,True,188.09636021845358,,,
S0008_R06,802032,nils,S0008,n15_p0.25_d1_uniform_Ehigh_V1.25_Hshort_PWflat_B0.05,15,0.26666666666666666,0.25,1,3,high,1.25,uniform,short,flat,0.05,1.0,1.0,1.0,peripheral,163.08111264929954,143.9432951450953,17.66660154092287,0.0,1.4712159632813737,1.4712159632813737,1.4712159632813737,0.0,0.0,1.4712159632813737,1.4712159632813737,0.0,0.0,0.0,118.37619442923506,179.92911893136915,58.888671803076235,12,3,0.2,1,1,3.0,3.0,0.0,0.0,0.0,0.0,0,0.945029302379786,0.945029302379786,1,23,23,0.13189315795898438,25.0,5.0,8.0,True,feasible,nils_complete,188.09636021845358,229.21704140669863,,13.299166204014549,,21.502730413432992,True,feasible_only,0.0,163.08111264929954,True,188.09636021845358,,13.299166204014549,
S0008_R07,802033,truck_only,S0008,n15_p0.25_d1_uniform_Ehigh_V1.25_Hshort_PWflat_B0.05,15,0.26666666666666666,0.25,1,3,high,1.25,uniform,short,flat,0.05,1.0,1.0,1.0,peripheral,215.38955458612475,142.84968865736866,0.0,0.0,72.53986592875609,72.53986592875609,72.53986592875609,0.0,0.0,72.53986592875609,72.53986592875609,0.0,0.0,0.0,164.86049309020046,178.5621108217108,0.0,15,0,0.0,0,0,0.0,0.0,0.0,0.0,0.0,0.0,0,0.0,0.0,0,0,0,0.004343986511230469,0.0,0.0,0.0,True,feasible,baseline_truck_only,215.38955458612475,178.5621108217108,,,,0.0,True,feasible_only,0.0,215.38955458612475,True,215.38955458612475,,,
S0008_R07,802033,nils,S0008,n15_p0.25_d1_uniform_Ehigh_V1.25_Hshort_PWflat_B0.05,15,0.26666666666666666,0.25,1,3,high,1.25,uniform,short,flat,0.05,1.0,1.0,1.0,peripheral,155.1673797942031,127.96718263580453,15.980203805101151,0.0,11.219993353297426,11.219993353297426,11.219993353297426,0.0,0.0,11.219993353297426,11.219993353297426,0.0,0.0,0.0,118.13400857266902,159.95897829475567,53.26734601700383,12,3,0.2,1,1,3.0,3.0,0.0,0.0,0.0,0.0,0,0.8886833826525855,0.8886833826525855,0,22,22,0.12093114852905273,25.0,4.0,9.0,True,feasible,nils_complete,215.38955458612475,178.5621108217108,,27.959654268118868,,10.418297835608493,True,feasible_only,0.0,155.1673797942031,True,215.38955458612475,,27.959654268118868,
S0008_R08,802034,truck_only,S0008,n15_p0.25_d1_uniform_Ehigh_V1.25_Hshort_PWflat_B0.05,15,0.26666666666666666,0.25,1,3,high,1.25,uniform,short,flat,0.05,1.0,1.0,1.0,peripheral,146.24099694607006,146.24099694607006,0.0,0.0,0.0,0.0,0.0,0.0,0.0,0.0,0.0,0.0,0.0,0.0,138.58630746491696,182.80124618258756,0.0,15,0,0.0,0,0,0.0,0.0,0.0,0.0,0.0,0.0,0,0.0,0.0,0,0,0,0.005770206451416016,0.0,0.0,0.0,True,feasible,baseline_truck_only,146.24099694607006,182.80124618258756,,,,0.0,True,feasible_only,0.0,146.24099694607006,True,146.24099694607006,,,
S0008_R08,802034,nils,S0008,n15_p0.25_d1_uniform_Ehigh_V1.25_Hshort_PWflat_B0.05,15,0.26666666666666666,0.25,1,3,high,1.25,uniform,short,flat,0.05,1.0,1.0,1.0,peripheral,135.26452993974243,132.9299103772811,2.0935090012063204,0.0,0.24111056125501307,0.24111056125501307,0.24111056125501307,0.0,0.0,0.24111056125501307,0.24111056125501307,0.0,0.0,0.0,125.74389248041437,166.16238797160136,6.978363337354401,14,1,0.06666666666666667,1,1,1.0,1.0,0.0,0.0,0.0,0.0,0,0.10735943595929848,0.10735943595929848,0,0,0,0.14110374450683594,25.0,1.0,10.0,True,feasible,nils_complete,146.24099694607006,182.80124618258756,,7.505738633863024,,9.10215797673873,True,feasible_only,0.0,135.26452993974243,True,146.24099694607006,,7.505738633863024,
S0008_R09,802035,truck_only,S0008,n15_p0.25_d1_uniform_Ehigh_V1.25_Hshort_PWflat_B0.05,15,0.26666666666666666,0.25,1,3,high,1.25,uniform,short,flat,0.05,1.0,1.0,1.0,peripheral,241.69831539175388,152.39008057985694,0.0,0.0,89.30823481189694,89.30823481189694,0.0,89.30823481189694,0.0,89.30823481189694,0.0,89.30823481189694,0.0,0.0,264.10870325452794,190.48760072482116,0.0,15,0,0.0,0,0,0.0,0.0,0.0,0.0,0.0,0.0,0,0.0,0.0,0,0,0,0.00442814826965332,0.0,0.0,0.0,True,feasible,baseline_truck_only,241.69831539175388,190.48760072482116,,,,0.0,True,feasible_only,0.0,241.69831539175388,True,241.69831539175388,,,
S0008_R09,802035,nils,S0008,n15_p0.25_d1_uniform_Ehigh_V1.25_Hshort_PWflat_B0.05,15,0.26666666666666666,0.25,1,3,high,1.25,uniform,short,flat,0.05,1.0,1.0,1.0,peripheral,116.06004560078739,104.79817830559537,11.261867295192012,0.0,0.0,0.0,0.0,0.0,0.0,0.0,0.0,0.0,0.0,0.0,176.27413259970336,130.99772288199418,37.53955765064004,13,2,0.13333333333333333,1,1,2.0,2.0,0.0,0.0,0.0,0.0,0,0.6288744056020275,0.6288744056020275,0,46,46,0.1759946346282959,25.0,2.0,7.0,True,feasible,nils_complete,241.69831539175388,190.48760072482116,,51.981442066456765,,31.230315052771438,True,feasible_only,0.0,116.06004560078739,True,241.69831539175388,,51.981442066456765,
S0008_R10,802036,truck_only,S0008,n15_p0.25_d1_uniform_Ehigh_V1.25_Hshort_PWflat_B0.05,15,0.26666666666666666,0.25,1,3,high,1.25,uniform,short,flat,0.05,1.0,1.0,1.0,peripheral,205.86982307117543,178.70276596441485,0.0,0.0,27.16705710676058,27.16705710676058,27.16705710676058,0.0,0.0,27.16705710676058,27.16705710676058,0.0,0.0,0.0,158.66499672992273,223.37845745551857,0.0,15,0,0.0,0,0,0.0,0.0,0.0,0.0,0.0,0.0,0,0.0,0.0,0,0,0,0.003225564956665039,0.0,0.0,0.0,True,feasible,baseline_truck_only,205.86982307117543,223.37845745551857,,,,0.0,True,feasible_only,0.0,205.86982307117543,True,205.86982307117543,,,
S0008_R10,802036,nils,S0008,n15_p0.25_d1_uniform_Ehigh_V1.25_Hshort_PWflat_B0.05,15,0.26666666666666666,0.25,1,3,high,1.25,uniform,short,flat,0.05,1.0,1.0,1.0,peripheral,205.86982307117543,178.70276596441485,0.0,0.0,27.16705710676058,27.16705710676058,27.16705710676058,0.0,0.0,27.16705710676058,27.16705710676058,0.0,0.0,0.0,158.66499672992273,223.37845745551857,0.0,15,0,0.0,0,0,0.0,0.0,0.0,0.0,0.0,0.0,0,0.0,0.0,0,0,0,0.13219594955444336,25.0,0.0,10.0,True,feasible,nils_complete,205.86982307117543,223.37845745551857,,0.0,,0.0,True,feasible_only,0.0,205.86982307117543,True,205.86982307117543,,0.0,
S0009_R01,902027,truck_only,S0009,n15_p0.25_d1_clustered_Ehigh_V1.25_Hmedium_PWbase_B0.05,15,0.26666666666666666,0.25,1,3,high,1.25,clustered,medium,base,0.05,100.0,20.0,1.0,peripheral,4745.531104288471,83.25447121992511,0.0,0.0,4662.276633068546,4662.276633068546,40.132967888476465,32.44899221104501,0.0,72.58196009952147,4013.2967888476464,648.9798442209002,0.0,0.0,191.88670913858138,104.06808902490639,0.0,15,0,0.0,0,0,0.0,0.0,0.0,0.0,0.0,0.0,0,0.0,0.0,0,0,0,0.002819538116455078,0.0,0.0,0.0,True,feasible,baseline_truck_only,4745.531104288471,104.06808902490639,,,,0.0,True,feasible_only,0.0,4745.531104288471,True,4745.531104288471,,,
S0009_R01,902027,nils,S0009,n15_p0.25_d1_clustered_Ehigh_V1.25_Hmedium_PWbase_B0.05,15,0.26666666666666666,0.25,1,3,high,1.25,clustered,medium,base,0.05,100.0,20.0,1.0,peripheral,120.44515323725327,109.79361452651042,10.651538710742841,0.0,0.0,0.0,0.0,0.0,0.0,0.0,0.0,0.0,0.0,0.0,89.21402525958251,137.242018158138,35.50512903580947,11,4,0.26666666666666666,1,1,4.0,4.0,0.0,0.0,0.0,0.0,0,0.5535365186507163,0.5535365186507163,0,0,0,0.15380859375,25.0,9.0,11.0,True,feasible,nils_complete,4745.531104288471,104.06808902490639,,97.46192469103389,,-31.877138750277393,True,feasible_only,0.0,120.44515323725327,True,4745.531104288471,,97.46192469103389,
S0009_R02,902028,truck_only,S0009,n15_p0.25_d1_clustered_Ehigh_V1.25_Hmedium_PWbase_B0.05,15,0.26666666666666666,0.25,1,3,high,1.25,clustered,medium,base,0.05,100.0,20.0,1.0,peripheral,415.4484080830098,80.2671723494318,0.0,0.0,335.181235733578,335.181235733578,0.0,16.7590617866789,0.0,16.7590617866789,0.0,335.181235733578,0.0,0.0,185.68190290462192,100.33396543678974,0.0,15,0,0.0,0,0,0.0,0.0,0.0,0.0,0.0,0.0,0,0.0,0.0,0,0,0,0.0026366710662841797,0.0,0.0,0.0,True,feasible,baseline_truck_only,415.4484080830098,100.33396543678974,,,,0.0,True,feasible_only,0.0,415.4484080830098,True,415.4484080830098,,,
S0009_R02,902028,nils,S0009,n15_p0.25_d1_clustered_Ehigh_V1.25_Hmedium_PWbase_B0.05,15,0.26666666666666666,0.25,1,3,high,1.25,clustered,medium,base,0.05,100.0,20.0,1.0,peripheral,54.04078724906575,42.369215137603845,11.671572111461906,0.0,0.0,0.0,0.0,0.0,0.0,0.0,0.0,0.0,0.0,0.0,100.97432871487078,52.96151892200481,38.90524037153969,11,4,0.26666666666666666,1,1,4.0,4.0,0.0,0.0,0.0,0.0,0,0.6243543550869164,0.6243543550869164,0,0,0,0.10114264488220215,18.0,4.0,11.0,True,feasible,nils_complete,415.4484080830098,100.33396543678974,,86.99217852382094,,47.214765516897174,True,feasible_only,0.0,54.04078724906575,True,415.4484080830098,,86.99217852382094,
S0009_R03,902029,truck_only,S0009,n15_p0.25_d1_clustered_Ehigh_V1.25_Hmedium_PWbase_B0.05,15,0.26666666666666666,0.25,1,3,high,1.25,clustered,medium,base,0.05,100.0,20.0,1.0,peripheral,577.8325382177998,68.45094247647472,0.0,0.0,509.381595741325,509.381595741325,0.0,25.46907978706625,0.0,25.46907978706625,0.0,509.381595741325,0.0,0.0,163.36846787931376,85.56367809559342,0.0,15,0,0.0,0,0,0.0,0.0,0.0,0.0,0.0,0.0,0,0.0,0.0,0,0,0,0.0027353763580322266,0.0,0.0,0.0,True,feasible,baseline_truck_only,577.8325382177998,85.56367809559342,,,,0.0,True,feasible_only,0.0,577.8325382177998,True,577.8325382177998,,,
S0009_R03,902029,nils,S0009,n15_p0.25_d1_clustered_Ehigh_V1.25_Hmedium_PWbase_B0.05,15,0.26666666666666666,0.25,1,3,high,1.25,clustered,medium,base,0.05,100.0,20.0,1.0,peripheral,55.98441701584884,45.09278467430143,10.891632341547414,0.0,0.0,0.0,0.0,0.0,0.0,0.0,0.0,0.0,0.0,0.0,110.5121833190417,56.36598084287679,36.30544113849138,13,2,0.13333333333333333,1,1,2.0,2.0,0.0,0.0,0.0,0.0,0,0.5731020919930563,0.5731020919930563,0,0,0,0.1423206329345703,25.0,2.0,10.0,True,feasible,nils_complete,577.8325382177998,85.56367809559342,,90.31130763447128,,34.12393892195283,True,feasible_only,0.0,55.98441701584884,True,577.8325382177998,,90.31130763447128,
S0009_R04,902030,truck_only,S0009,n15_p0.25_d1_clustered_Ehigh_V1.25_Hmedium_PWbase_B0.05,15,0.26666666666666666,0.25,1,3,high,1.25,clustered,medium,base,0.05,100.0,20.0,1.0,peripheral,11991.38631708159,72.1691976685865,0.0,0.0,11919.217119413002,11919.217119413002,119.19217119413003,0.0,0.0,119.19217119413003,11919.217119413002,0.0,0.0,0.0,167.71547512616115,90.21149708573314,0.0,15,0,0.0,0,0,0.0,0.0,0.0,0.0,0.0,0.0,0,0.0,0.0,0,0,0,0.0029098987579345703,0.0,0.0,0.0,True,feasible,baseline_truck_only,11991.38631708159,90.21149708573314,,,,0.0,True,feasible_only,0.0,11991.38631708159,True,11991.38631708159,,,
S0009_R04,902030,nils,S0009,n15_p0.25_d1_clustered_Ehigh_V1.25_Hmedium_PWbase_B0.05,15,0.26666666666666666,0.25,1,3,high,1.25,clustered,medium,base,0.05,100.0,20.0,1.0,peripheral,84.79199057013597,75.12059108370359,9.671399486432378,0.0,0.0,0.0,0.0,0.0,0.0,0.0,0.0,0.0,0.0,0.0,112.83791299468359,93.90073885462948,32.23799828810793,11,4,0.26666666666666666,1,1,4.0,4.0,0.0,0.0,0.0,0.0,0,0.5072147563883044,0.5072147563883044,0,0,0,0.14496803283691406,25.0,5.0,11.0,True,feasible,nils_complete,11991.38631708159,90.21149708573314,,99.29289251194126,,-4.089547217457483,True,feasible_only,0.0,84.79199057013597,True,11991.38631708159,,99.29289251194126,
S0009_R05,902031,truck_only,S0009,n15_p0.25_d1_clustered_Ehigh_V1.25_Hmedium_PWbase_B0.05,15,0.26666666666666666,0.25,1,3,high,1.25,clustered,medium,base,0.05,100.0,20.0,1.0,peripheral,2858.0196668404237,65.00054786027638,0.0,0.0,2793.019118980147,2793.019118980147,27.93019118980147,0.0,0.0,27.93019118980147,2793.019118980147,0.0,0.0,0.0,150.06944359837578,81.25068482534549,0.0,15,0,0.0,0,0,0.0,0.0,0.0,0.0,0.0,0.0,0,0.0,0.0,0,0,0,0.0027976036071777344,0.0,0.0,0.0,True,feasible,baseline_truck_only,2858.0196668404237,81.25068482534549,,,,0.0,True,feasible_only,0.0,2858.0196668404237,True,2858.0196668404237,,,
S0009_R05,902031,nils,S0009,n15_p0.25_d1_clustered_Ehigh_V1.25_Hmedium_PWbase_B0.05,15,0.26666666666666666,0.25,1,3,high,1.25,clustered,medium,base,0.05,100.0,20.0,1.0,peripheral,50.146761488164536,39.049251392070374,11.09751009609416,0.0,0.0,0.0,0.0,0.0,0.0,0.0,0.0,0.0,0.0,0.0,92.60555323531906,48.81156424008797,36.99170032031387,12,3,0.2,1,1,3.0,3.0,0.0,0.0,0.0,0.0,0,0.59227088019109,0.59227088019109,0,0,0,0.10333585739135742,25.0,3.0,10.0,True,feasible,nils_complete,2858.0196668404237,81.25068482534549,,98.2454018049637,,39.92473497914248,True,feasible_only,0.0,50.146761488164536,True,2858.0196668404237,,98.2454018049637,
S0009_R06,902032,truck_only,S0009,n15_p0.25_d1_clustered_Ehigh_V1.25_Hmedium_PWbase_B0.05,15,0.26666666666666666,0.25,1,3,high,1.25,clustered,medium,base,0.05,100.0,20.0,1.0,peripheral,3736.932774226579,60.39168237640123,0.0,0.0,3676.541091850178,3676.541091850178,36.76541091850178,0.0,0.0,36.76541091850178,3676.541091850178,0.0,0.0,0.0,143.64246095652265,75.48960297050154,0.0,15,0,0.0,0,0,0.0,0.0,0.0,0.0,0.0,0.0,0,0.0,0.0,0,0,0,0.002766847610473633,0.0,0.0,0.0,True,feasible,baseline_truck_only,3736.932774226579,75.48960297050154,,,,0.0,True,feasible_only,0.0,3736.932774226579,True,3736.932774226579,,,
S0009_R06,902032,nils,S0009,n15_p0.25_d1_clustered_Ehigh_V1.25_Hmedium_PWbase_B0.05,15,0.26666666666666666,0.25,1,3,high,1.25,clustered,medium,base,0.05,100.0,20.0,1.0,peripheral,50.37982166507402,42.104145137774914,8.275676527299101,0.0,0.0,0.0,0.0,0.0,0.0,0.0,0.0,0.0,0.0,0.0,103.55061476477576,52.63018142221864,27.58558842433034,14,1,0.06666666666666667,1,1,1.0,1.0,0.0,0.0,0.0,0.0,0,0.4243936680666206,0.4243936680666206,0,0,0,0.15097999572753906,25.0,1.0,10.0,True,feasible,nils_complete,3736.932774226579,75.48960297050154,,98.65184030035165,,30.281549576059483,True,feasible_only,0.0,50.37982166507402,True,3736.932774226579,,98.65184030035165,
S0009_R07,902033,truck_only,S0009,n15_p0.25_d1_clustered_Ehigh_V1.25_Hmedium_PWbase_B0.05,15,0.26666666666666666,0.25,1,3,high,1.25,clustered,medium,base,0.05,100.0,20.0,1.0,peripheral,8701.30517107354,69.01288696922884,0.0,0.0,8632.292284104311,8632.292284104311,86.32292284104312,0.0,0.0,86.32292284104312,8632.292284104313,0.0,0.0,0.0,162.65223582631506,86.26610871153605,0.0,15,0,0.0,0,0,0.0,0.0,0.0,0.0,0.0,0.0,0,0.0,0.0,0,0,0,0.002680063247680664,0.0,0.0,0.0,True,feasible,baseline_truck_only,8701.30517107354,86.26610871153605,,,,0.0,True,feasible_only,0.0,8701.30517107354,True,8701.30517107354,,,
S0009_R07,902033,nils,S0009,n15_p0.25_d1_clustered_Ehigh_V1.25_Hmedium_PWbase_B0.05,15,0.26666666666666666,0.25,1,3,high,1.25,clustered,medium,base,0.05,100.0,20.0,1.0,peripheral,49.86236405473265,43.31523290217105,6.547131152561603,0.0,0.0,0.0,0.0,0.0,0.0,0.0,0.0,0.0,0.0,0.0,106.79275856307632,54.14404112771379,21.823770508538676,14,1,0.06666666666666667,1,1,1.0,1.0,0.0,0.0,0.0,0.0,0,0.33575031551597967,0.33575031551597967,0,0,0,0.13942646980285645,25.0,1.0,10.0,True,feasible,nils_complete,8701.30517107354,86.26610871153605,,99.42695534664738,,37.23602242363193,True,feasible_only,0.0,49.86236405473265,True,8701.30517107354,,99.42695534664738,
S0009_R08,902034,truck_only,S0009,n15_p0.25_d1_clustered_Ehigh_V1.25_Hmedium_PWbase_B0.05,15,0.26666666666666666,0.25,1,3,high,1.25,clustered,medium,base,0.05,100.0,20.0,1.0,peripheral,15016.129963654483,77.28460893604253,0.0,0.0,14938.84535471844,14938.84535471844,148.28697136105043,5.5074109306698915,0.0,153.79438229172032,14828.697136105044,110.14821861339783,0.0,0.0,180.93229946593476,96.60576117005316,0.0,15,0,0.0,0,0,0.0,0.0,0.0,0.0,0.0,0.0,0,0.0,0.0,0,0,0,0.0027823448181152344,0.0,0.0,0.0,True,feasible,baseline_truck_only,15016.129963654483,96.60576117005316,,,,0.0,True,feasible_only,0.0,15016.129963654483,True,15016.129963654483,,,
S0009_R08,902034,nils,S0009,n15_p0.25_d1_clustered_Ehigh_V1.25_Hmedium_PWbase_B0.05,15,0.26666666666666666,0.25,1,3,high,1.25,clustered,medium,base,0.05,100.0,20.0,1.0,peripheral,52.882890001603634,42.438175025175624,10.44471497642801,0.0,0.0,0.0,0.0,0.0,0.0,0.0,0.0,0.0,0.0,0.0,103.32723848207861,53.04771878146953,34.815716588093366,12,3,0.2,1,1,3.0,3.0,0.0,0.0,0.0,0.0,0,0.5578652716612471,0.5578652716612471,0,0,0,0.10757660865783691,25.0,3.0,10.0,True,feasible,nils_complete,15016.129963654483,96.60576117005316,,99.64782610346606,,45.088452138904316,True,feasible_only,0.0,52.882890001603634,True,15016.129963654483,,99.64782610346606,
S0009_R09,902035,truck_only,S0009,n15_p0.25_d1_clustered_Ehigh_V1.25_Hmedium_PWbase_B0.05,15,0.26666666666666666,0.25,1,3,high,1.25,clustered,medium,base,0.05,100.0,20.0,1.0,peripheral,66.55761991660904,66.55761991660904,0.0,0.0,0.0,0.0,0.0,0.0,0.0,0.0,0.0,0.0,0.0,0.0,156.96553246115695,83.1970248957613,0.0,15,0,0.0,0,0,0.0,0.0,0.0,0.0,0.0,0.0,0,0.0,0.0,0,0,0,0.0027441978454589844,0.0,0.0,0.0,True,feasible,baseline_truck_only,66.55761991660904,83.1970248957613,,,,0.0,True,feasible_only,0.0,66.55761991660904,True,66.55761991660904,,,
S0009_R09,902035,nils,S0009,n15_p0.25_d1_clustered_Ehigh_V1.25_Hmedium_PWbase_B0.05,15,0.26666666666666666,0.25,1,3,high,1.25,clustered,medium,base,0.05,100.0,20.0,1.0,peripheral,51.450191955481195,41.18021075826012,10.269981197221076,0.0,0.0,0.0,0.0,0.0,0.0,0.0,0.0,0.0,0.0,0.0,98.19013852102714,51.47526344782514,34.23327065740359,11,4,0.26666666666666666,1,1,4.0,4.0,0.0,0.0,0.0,0.0,0,0.5489471380166695,0.5489471380166695,0,0,0,0.08367562294006348,14.0,4.0,10.0,True,feasible,nils_complete,66.55761991660904,83.1970248957613,,22.698269529553716,,38.1284805408376,True,feasible_only,0.0,51.450191955481195,True,66.55761991660904,,22.698269529553716,
S0009_R10,902036,truck_only,S0009,n15_p0.25_d1_clustered_Ehigh_V1.25_Hmedium_PWbase_B0.05,15,0.26666666666666666,0.25,1,3,high,1.25,clustered,medium,base,0.05,100.0,20.0,1.0,peripheral,6720.947766376961,61.23574663263558,0.0,0.0,6659.7120197443255,6659.7120197443255,66.59712019744326,0.0,0.0,66.59712019744326,6659.712019744326,0.0,0.0,0.0,144.5370416050976,76.54468329079448,0.0,15,0,0.0,0,0,0.0,0.0,0.0,0.0,0.0,0.0,0,0.0,0.0,0,0,0,0.002626657485961914,0.0,0.0,0.0,True,feasible,baseline_truck_only,6720.947766376961,76.54468329079448,,,,0.0,True,feasible_only,0.0,6720.947766376961,True,6720.947766376961,,,
S0009_R10,902036,nils,S0009,n15_p0.25_d1_clustered_Ehigh_V1.25_Hmedium_PWbase_B0.05,15,0.26666666666666666,0.25,1,3,high,1.25,clustered,medium,base,0.05,100.0,20.0,1.0,peripheral,51.22884636216674,43.64773026157732,7.581116100589421,0.0,0.0,0.0,0.0,0.0,0.0,0.0,0.0,0.0,0.0,0.0,105.98538505349306,54.559662826971646,25.27038700196474,14,1,0.06666666666666667,1,1,1.0,1.0,0.0,0.0,0.0,0.0,0,0.38877518464561134,0.38877518464561134,0,0,0,0.14331769943237305,25.0,1.0,10.0,True,feasible,nils_complete,6720.947766376961,76.54468329079448,,99.23777347863867,,28.72181256574201,True,feasible_only,0.0,51.22884636216674,True,6720.947766376961,,99.23777347863867,
S0010_R01,1002027,truck_only,S0010,n15_p0.25_d1_uniform_Ehigh_V1.25_Hlong_PWbase_B0.05,15,0.26666666666666666,0.25,1,3,high,1.25,uniform,long,base,0.05,100.0,20.0,1.0,peripheral,1933.6252334717115,155.53382942739225,0.0,0.0,1778.0914040443192,1778.0914040443192,17.780914040443193,0.0,0.0,17.780914040443193,1778.0914040443192,0.0,0.0,0.0,143.98070697839444,194.41728678424033,0.0,15,0,0.0,0,0,0.0,0.0,0.0,0.0,0.0,0.0,0,0.0,0.0,0,0,0,0.002820730209350586,0.0,0.0,0.0,True,feasible,baseline_truck_only,1933.6252334717115,194.41728678424033,,,,0.0,True,feasible_only,0.0,1933.6252334717115,True,1933.6252334717115,,,
S0010_R01,1002027,nils,S0010,n15_p0.25_d1_uniform_Ehigh_V1.25_Hlong_PWbase_B0.05,15,0.26666666666666666,0.25,1,3,high,1.25,uniform,long,base,0.05,100.0,20.0,1.0,peripheral,145.80669768803904,129.19204600769626,16.61465168034276,0.0,0.0,0.0,0.0,0.0,0.0,0.0,0.0,0.0,0.0,0.0,126.7663708805362,161.49005750962033,55.38217226780921,11,4,0.26666666666666666,1,1,4.0,4.0,0.0,0.0,0.0,0.0,0,0.8855782939953274,0.8855782939953274,0,0,0,0.1205294132232666,25.0,6.0,10.0,True,feasible,nils_complete,1933.6252334717115,194.41728678424033,,92.45941275671855,,16.93636909518332,True,feasible_only,0.0,145.80669768803904,True,1933.6252334717115,,92.45941275671855,
S0010_R02,1002028,truck_only,S0010,n15_p0.25_d1_uniform_Ehigh_V1.25_Hlong_PWbase_B0.05,15,0.26666666666666666,0.25,1,3,high,1.25,uniform,long,base,0.05,100.0,20.0,1.0,peripheral,11497.5923177238,165.24984805001748,0.0,0.0,11332.342469673782,11332.342469673782,113.32342469673782,0.0,0.0,113.32342469673782,11332.342469673782,0.0,0.0,0.0,246.9366176196732,206.56231006252182,0.0,15,0,0.0,0,0,0.0,0.0,0.0,0.0,0.0,0.0,0,0.0,0.0,0,0,0,0.0028340816497802734,0.0,0.0,0.0,True,feasible,baseline_truck_only,11497.5923177238,206.56231006252182,,,,0.0,True,feasible_only,0.0,11497.5923177238,True,11497.5923177238,,,
S0010_R02,1002028,nils,S0010,n15_p0.25_d1_uniform_Ehigh_V1.25_Hlong_PWbase_B0.05,15,0.26666666666666666,0.25,1,3,high,1.25,uniform,long,base,0.05,100.0,20.0,1.0,peripheral,144.1177379301795,132.37251857452682,11.745219355652669,0.0,0.0,0.0,0.0,0.0,0.0,0.0,0.0,0.0,0.0,0.0,116.65524167986705,165.4656482181585,39.150731185508896,12,3,0.2,1,1,3.0,3.0,0.0,0.0,0.0,0.0,0,0.6718831875421124,0.6718831875421124,0,22,22,0.14144587516784668,25.0,8.0,9.0,True,feasible,nils_complete,11497.5923177238,206.56231006252182,,98.74653984984302,,19.895527810433705,True,feasible_only,0.0,144.1177379301795,True,11497.5923177238,,98.74653984984302,
S0010_R03,1002029,truck_only,S0010,n15_p0.25_d1_uniform_Ehigh_V1.25_Hlong_PWbase_B0.05,15,0.26666666666666666,0.25,1,3,high,1.25,uniform,long,base,0.05,100.0,20.0,1.0,peripheral,13733.90341834324,148.82468958625338,0.0,0.0,13585.078728756986,13585.078728756986,133.04706152458414,14.018628814928604,0.0,147.06569033951274,13304.706152458413,280.3725762985721,0.0,0.0,182.06800539984783,186.0308619828167,0.0,15,0,0.0,0,0,0.0,0.0,0.0,0.0,0.0,0.0,0,0.0,0.0,0,0,0,0.002729654312133789,0.0,0.0,0.0,True,feasible,baseline_truck_only,13733.90341834324,186.0308619828167,,,,0.0,True,feasible_only,0.0,13733.90341834324,True,13733.90341834324,,,
S0010_R03,1002029,nils,S0010,n15_p0.25_d1_uniform_Ehigh_V1.25_Hlong_PWbase_B0.05,15,0.26666666666666666,0.25,1,3,high,1.25,uniform,long,base,0.05,100.0,20.0,1.0,peripheral,140.44050427186997,128.62762736138177,11.812876910488196,0.0,0.0,0.0,0.0,0.0,0.0,0.0,0.0,0.0,0.0,0.0,161.26437695312342,160.7845342017272,39.376256368293994,13,2,0.13333333333333333,1,1,2.0,2.0,0.0,0.0,0.0,0.0,0,0.6379014050321862,0.6379014050321862,0,0,0,0.12559080123901367,25.0,2.0,10.0,True,feasible,nils_complete,13733.90341834324,186.0308619828167,,98.97741741736515,,13.571042735598056,True,feasible_only,0.0,140.44050427186997,True,13733.90341834324,,98.97741741736515,
S0010_R04,1002030,truck_only,S0010,n15_p0.25_d1_uniform_Ehigh_V1.25_Hlong_PWbase_B0.05,15,0.26666666666666666,0.25,1,3,high,1.25,uniform,long,base,0.05,100.0,20.0,1.0,peripheral,6358.760819204448,167.02602868053663,0.0,0.0,6191.734790523911,6191.734790523911,50.55426047716649,56.8154371403631,0.0,107.3696976175296,5055.426047716649,1136.308742807262,0.0,0.0,247.9876763318878,208.78253585067077,0.0,15,0,0.0,0,0,0.0,0.0,0.0,0.0,0.0,0.0,0,0.0,0.0,0,0,0,0.002825498580932617,0.0,0.0,0.0,True,feasible,baseline_truck_only,6358.760819204448,208.78253585067077,,,,0.0,True,feasible_only,0.0,6358.760819204448,True,6358.760819204448,,,
S0010_R04,1002030,nils,S0010,n15_p0.25_d1_uniform_Ehigh_V1.25_Hlong_PWbase_B0.05,15,0.26666666666666666,0.25,1,3,high,1.25,uniform,long,base,0.05,100.0,20.0,1.0,peripheral,130.78287674517105,119.2323547666303,11.550521978540761,0.0,0.0,0.0,0.0,0.0,0.0,0.0,0.0,0.0,0.0,0.0,157.08496102204515,149.04044345828785,38.501739928469206,12,3,0.2,1,1,3.0,3.0,0.0,0.0,0.0,0.0,0,0.598248591530894,0.598248591530894,0,0,0,0.11766457557678223,25.0,3.0,10.0,True,feasible,nils_complete,6358.760819204448,208.78253585067077,,97.9432647261997,,28.61450654814957,True,feasible_only,0.0,130.78287674517105,True,6358.760819204448,,97.9432647261997,
S0010_R05,1002031,truck_only,S0010,n15_p0.25_d1_uniform_Ehigh_V1.25_Hlong_PWbase_B0.05,15,0.26666666666666666,0.25,1,3,high,1.25,uniform,long,base,0.05,100.0,20.0,1.0,peripheral,7518.570121087544,162.40683760707185,0.0,0.0,7356.163283480472,7356.163283480472,63.99194031828552,47.848462582595985,0.0,111.84040290088151,6399.194031828552,956.9692516519196,0.0,0.0,208.03541315764988,203.00854700883986,0.0,15,0,0.0,0,0,0.0,0.0,0.0,0.0,0.0,0.0,0,0.0,0.0,0,0,0,0.002837657928466797,0.0,0.0,0.0,True,feasible,baseline_truck_only,7518.570121087544,203.00854700883986,,,,0.0,True,feasible_only,0.0,7518.570121087544,True,7518.570121087544,,,
S0010_R05,1002031,nils,S0010,n15_p0.25_d1_uniform_Ehigh_V1.25_Hlong_PWbase_B0.05,15,0.26666666666666666,0.25,1,3,high,1.25,uniform,long,base,0.05,100.0,20.0,1.0,peripheral,174.84286961147097,159.61927279767735,15.223596813793625,0.0,0.0,0.0,0.0,0.0,0.0,0.0,0.0,0.0,0.0,0.0,132.63965108053011,199.52409099709666,50.74532271264542,13,2,0.13333333333333333,1,1,2.0,2.0,0.0,0.0,0.0,0.0,0,0.8413748496324481,0.8413748496324481,0,46,46,0.12074494361877441,25.0,7.0,7.0,True,feasible,nils_complete,7518.570121087544,203.00854700883986,,97.67451966536717,,1.7164085271697762,True,feasible_only,0.0,174.84286961147097,True,7518.570121087544,,97.67451966536717,
S0010_R06,1002032,truck_only,S0010,n15_p0.25_d1_uniform_Ehigh_V1.25_Hlong_PWbase_B0.05,15,0.26666666666666666,0.25,1,3,high,1.25,uniform,long,base,0.05,100.0,20.0,1.0,peripheral,8417.24760216037,152.92498336567658,0.0,0.0,8264.322618794695,8264.322618794695,73.08231628948107,47.80454949232933,0.0,120.8868657818104,7308.231628948107,956.0909898465866,0.0,0.0,197.8994229248261,191.1562292070957,0.0,15,0,0.0,0,0,0.0,0.0,0.0,0.0,0.0,0.0,0,0.0,0.0,0,0,0,0.002811431884765625,0.0,0.0,0.0,True,feasible,baseline_truck_only,8417.24760216037,191.1562292070957,,,,0.0,True,feasible_only,0.0,8417.24760216037,True,8417.24760216037,,,
S0010_R06,1002032,nils,S0010,n15_p0.25_d1_uniform_Ehigh_V1.25_Hlong_PWbase_B0.05,15,0.26666666666666666,0.25,1,3,high,1.25,uniform,long,base,0.05,100.0,20.0,1.0,peripheral,124.36544699139873,107.73501461647545,16.63043237492327,0.0,0.0,0.0,0.0,0.0,0.0,0.0,0.0,0.0,0.0,0.0,118.24304741598077,134.6687682705943,55.434774583077576,12,3,0.2,1,1,3.0,3.0,0.0,0.0,0.0,0.0,0,0.917690301630933,0.917690301630933,1,24,24,0.10458731651306152,25.0,3.0,7.0,True,feasible,nils_complete,8417.24760216037,191.1562292070957,,98.5224927093807,,29.5504159978505,True,feasible_only,0.0,124.36544699139873,True,8417.24760216037,,98.5224927093807,
S0010_R07,1002033,truck_only,S0010,n15_p0.25_d1_uniform_Ehigh_V1.25_Hlong_PWbase_B0.05,15,0.26666666666666666,0.25,1,3,high,1.25,uniform,long,base,0.05,100.0,20.0,1.0,peripheral,151.626676792423,151.626676792423,0.0,0.0,0.0,0.0,0.0,0.0,0.0,0.0,0.0,0.0,0.0,0.0,177.7519785567307,189.53334599052877,0.0,15,0,0.0,0,0,0.0,0.0,0.0,0.0,0.0,0.0,0,0.0,0.0,0,0,0,0.002838611602783203,0.0,0.0,0.0,True,feasible,baseline_truck_only,151.626676792423,189.53334599052877,,,,0.0,True,feasible_only,0.0,151.626676792423,True,151.626676792423,,,
S0010_R07,1002033,nils,S0010,n15_p0.25_d1_uniform_Ehigh_V1.25_Hlong_PWbase_B0.05,15,0.26666666666666666,0.25,1,3,high,1.25,uniform,long,base,0.05,100.0,20.0,1.0,peripheral,138.05767699792506,122.65052611667038,15.40715088125469,0.0,0.0,0.0,0.0,0.0,0.0,0.0,0.0,0.0,0.0,0.0,127.82123724791728,153.31315764583798,51.35716960418231,11,4,0.26666666666666666,1,1,4.0,4.0,0.0,0.0,0.0,0.0,0,0.8483663256468211,0.8483663256468211,0,0,0,0.14194250106811523,25.0,2.0,10.0,True,feasible,nils_complete,151.626676792423,189.53334599052877,,8.948952837022157,,19.110193066765554,True,feasible_only,0.0,138.05767699792506,True,151.626676792423,,8.948952837022157,
S0010_R08,1002034,truck_only,S0010,n15_p0.25_d1_uniform_Ehigh_V1.25_Hlong_PWbase_B0.05,15,0.26666666666666666,0.25,1,3,high,1.25,uniform,long,base,0.05,100.0,20.0,1.0,peripheral,8867.63138237913,171.71540870706028,0.0,0.0,8695.91597367207,8695.91597367207,83.9898003097683,14.846797134762,0.0,98.8365974445303,8398.98003097683,296.93594269524,0.0,0.0,211.15687770997903,214.64426088382532,0.0,15,0,0.0,0,0,0.0,0.0,0.0,0.0,0.0,0.0,0,0.0,0.0,0,0,0,0.0028336048126220703,0.0,0.0,0.0,True,feasible,baseline_truck_only,8867.63138237913,214.64426088382532,,,,0.0,True,feasible_only,0.0,8867.63138237913,True,8867.63138237913,,,
S0010_R08,1002034,nils,S0010,n15_p0.25_d1_uniform_Ehigh_V1.25_Hlong_PWbase_B0.05,15,0.26666666666666666,0.25,1,3,high,1.25,uniform,long,base,0.05,100.0,20.0,1.0,peripheral,849.4944945562711,175.80376204195332,16.91969828585507,0.0,656.7710342284627,656.7710342284627,6.567710342284627,0.0,0.0,6.567710342284627,656.7710342284627,0.0,0.0,0.0,140.86212492758185,219.75470255244164,56.39899428618356,12,3,0.2,1,1,3.0,3.0,0.0,0.0,0.0,0.0,0,0.9094403894838626,0.9094403894838626,1,22,22,0.12693476676940918,25.0,4.0,9.0,True,feasible,nils_complete,8867.63138237913,214.64426088382532,,90.4202773218077,,-2.3808890335914024,True,feasible_only,0.0,849.4944945562711,True,8867.63138237913,,90.4202773218077,
S0010_R09,1002035,truck_only,S0010,n15_p0.25_d1_uniform_Ehigh_V1.25_Hlong_PWbase_B0.05,15,0.26666666666666666,0.25,1,3,high,1.25,uniform,long,base,0.05,100.0,20.0,1.0,peripheral,153.23855310977564,153.23855310977564,0.0,0.0,0.0,0.0,0.0,0.0,0.0,0.0,0.0,0.0,0.0,0.0,168.2998945872819,191.54819138721948,0.0,15,0,0.0,0,0,0.0,0.0,0.0,0.0,0.0,0.0,0,0.0,0.0,0,0,0,0.0034308433532714844,0.0,0.0,0.0,True,feasible,baseline_truck_only,153.23855310977564,191.54819138721948,,,,0.0,True,feasible_only,0.0,153.23855310977564,True,153.23855310977564,,,
S0010_R09,1002035,nils,S0010,n15_p0.25_d1_uniform_Ehigh_V1.25_Hlong_PWbase_B0.05,15,0.26666666666666666,0.25,1,3,high,1.25,uniform,long,base,0.05,100.0,20.0,1.0,peripheral,125.33855081699184,122.78091671406274,2.5576341029290983,0.0,0.0,0.0,0.0,0.0,0.0,0.0,0.0,0.0,0.0,0.0,145.8496272026131,153.47614589257844,8.525447009763662,14,1,0.06666666666666667,1,1,1.0,1.0,0.0,0.0,0.0,0.0,0,0.13116072322713326,0.13116072322713326,0,22,22,0.12481999397277832,25.0,1.0,9.0,True,feasible,nils_complete,153.23855310977564,191.54819138721948,,18.20690793967302,,19.875961876182604,True,feasible_only,0.0,125.33855081699184,True,153.23855310977564,,18.20690793967302,
S0010_R10,1002036,truck_only,S0010,n15_p0.25_d1_uniform_Ehigh_V1.25_Hlong_PWbase_B0.05,15,0.26666666666666666,0.25,1,3,high,1.25,uniform,long,base,0.05,100.0,20.0,1.0,peripheral,5270.677805236918,134.91786201772175,0.0,0.0,5135.759943219196,5135.759943219196,51.35759943219197,0.0,0.0,51.35759943219197,5135.759943219196,0.0,0.0,0.0,170.2495783524666,168.64732752215218,0.0,15,0,0.0,0,0,0.0,0.0,0.0,0.0,0.0,0.0,0,0.0,0.0,0,0,0,0.0031080245971679688,0.0,0.0,0.0,True,feasible,baseline_truck_only,5270.677805236918,168.64732752215218,,,,0.0,True,feasible_only,0.0,5270.677805236918,True,5270.677805236918,,,
S0010_R10,1002036,nils,S0010,n15_p0.25_d1_uniform_Ehigh_V1.25_Hlong_PWbase_B0.05,15,0.26666666666666666,0.25,1,3,high,1.25,uniform,long,base,0.05,100.0,20.0,1.0,peripheral,133.03634344567607,118.38200410609403,14.654339339582027,0.0,0.0,0.0,0.0,0.0,0.0,0.0,0.0,0.0,0.0,0.0,162.25280843990447,147.97750513261752,48.847797798606756,12,3,0.2,1,1,3.0,3.0,0.0,0.0,0.0,0.0,0,0.8289740819845929,0.8289740819845929,0,23,23,0.12702083587646484,25.0,3.0,8.0,True,feasible,nils_complete,5270.677805236918,168.64732752215218,,97.4759158430536,,12.256240696621553,True,feasible_only,0.0,133.03634344567607,True,5270.677805236918,,97.4759158430536,
S0011_R01,1102027,truck_only,S0011,n15_p0.25_d1_clustered_Ehigh_V2.00_Hmedium_PWmoderate_B0.05,15,0.26666666666666666,0.25,1,3,high,2.0,clustered,medium,moderate,0.05,20.0,5.0,1.0,peripheral,2556.986068588922,79.52055505037339,0.0,0.0,2477.4655135385487,2477.4655135385487,123.87327567692743,0.0,0.0,123.87327567692743,2477.4655135385487,0.0,0.0,0.0,183.84567153782842,99.40069381296675,0.0,15,0,0.0,0,0,0.0,0.0,0.0,0.0,0.0,0.0,0,0.0,0.0,0,0,0,0.0030517578125,0.0,0.0,0.0,True,feasible,baseline_truck_only,2556.986068588922,99.40069381296675,,,,0.0,True,feasible_only,0.0,2556.986068588922,True,2556.986068588922,,,
S0011_R01,1102027,nils,S0011,n15_p0.25_d1_clustered_Ehigh_V2.00_Hmedium_PWmoderate_B0.05,15,0.26666666666666666,0.25,1,3,high,2.0,clustered,medium,moderate,0.05,20.0,5.0,1.0,peripheral,91.53332648981906,78.49189611035561,13.041430379463447,0.0,0.0,0.0,0.0,0.0,0.0,0.0,0.0,0.0,0.0,0.0,92.50241723498243,98.11487013794448,43.471434598211495,11,4,0.26666666666666666,1,1,4.0,4.0,0.0,0.0,0.0,0.0,0,0.4309472008503095,0.4309472008503095,0,0,0,0.14337491989135742,25.0,5.0,11.0,True,feasible,nils_complete,2556.986068588922,99.40069381296675,,96.42026495121533,,1.2935761569649495,True,feasible_only,0.0,91.53332648981906,True,2556.986068588922,,96.42026495121533,
S0011_R02,1102028,truck_only,S0011,n15_p0.25_d1_clustered_Ehigh_V2.00_Hmedium_PWmoderate_B0.05,15,0.26666666666666666,0.25,1,3,high,2.0,clustered,medium,moderate,0.05,20.0,5.0,1.0,peripheral,1464.414046641019,70.62640390969787,0.0,0.0,1393.787642731321,1393.787642731321,68.11941274875566,6.27987755124154,0.0,74.3992902999972,1362.3882549751133,31.3993877562077,0.0,0.0,164.36637654804235,88.28300488712236,0.0,15,0,0.0,0,0,0.0,0.0,0.0,0.0,0.0,0.0,0,0.0,0.0,0,0,0,0.00258636474609375,0.0,0.0,0.0,True,feasible,baseline_truck_only,1464.414046641019,88.28300488712236,,,,0.0,True,feasible_only,0.0,1464.414046641019,True,1464.414046641019,,,
S0011_R02,1102028,nils,S0011,n15_p0.25_d1_clustered_Ehigh_V2.00_Hmedium_PWmoderate_B0.05,15,0.26666666666666666,0.25,1,3,high,2.0,clustered,medium,moderate,0.05,20.0,5.0,1.0,peripheral,49.73617519271594,38.99751781485803,10.738657377857912,0.0,0.0,0.0,0.0,0.0,0.0,0.0,0.0,0.0,0.0,0.0,93.61715437224039,48.74689726857254,35.79552459285971,12,3,0.2,1,1,3.0,3.0,0.0,0.0,0.0,0.0,0,0.3506210329092372,0.3506210329092372,0,0,0,0.10590910911560059,18.0,3.0,11.0,True,feasible,nils_complete,1464.414046641019,88.28300488712236,,96.60368081644684,,44.78337327677081,True,feasible_only,0.0,49.73617519271594,True,1464.414046641019,,96.60368081644684,
S0011_R03,1102029,truck_only,S0011,n15_p0.25_d1_clustered_Ehigh_V2.00_Hmedium_PWmoderate_B0.05,15,0.26666666666666666,0.25,1,3,high,2.0,clustered,medium,moderate,0.05,20.0,5.0,1.0,peripheral,1153.1629009141238,67.42672041224213,0.0,0.0,1085.7361805018818,1085.7361805018818,54.28680902509409,0.0,0.0,54.28680902509409,1085.7361805018818,0.0,0.0,0.0,158.04791871244805,84.28340051530266,0.0,15,0,0.0,0,0,0.0,0.0,0.0,0.0,0.0,0.0,0,0.0,0.0,0,0,0,0.002847909927368164,0.0,0.0,0.0,True,feasible,baseline_truck_only,1153.1629009141238,84.28340051530266,,,,0.0,True,feasible_only,0.0,1153.1629009141238,True,1153.1629009141238,,,
S0011_R03,1102029,nils,S0011,n15_p0.25_d1_clustered_Ehigh_V2.00_Hmedium_PWmoderate_B0.05,15,0.26666666666666666,0.25,1,3,high,2.0,clustered,medium,moderate,0.05,20.0,5.0,1.0,peripheral,53.13772275951679,41.017164398159366,12.120558361357425,0.0,0.0,0.0,0.0,0.0,0.0,0.0,0.0,0.0,0.0,0.0,98.8852107818607,51.271455497699215,40.40186120452476,11,4,0.26666666666666666,1,1,4.0,4.0,0.0,0.0,0.0,0.0,0,0.4033239309423677,0.4033239309423677,0,0,0,0.10544323921203613,25.0,4.0,10.0,False,infeasible,nils_complete,1153.1629009141238,84.28340051530266,,95.39200205648362,,39.1677896427657,False,feasible_only,0.0,,False,1153.1629009141238,,,
S0011_R04,1102030,truck_only,S0011,n15_p0.25_d1_clustered_Ehigh_V2.00_Hmedium_PWmoderate_B0.05,15,0.26666666666666666,0.25,1,3,high,2.0,clustered,medium,moderate,0.05,20.0,5.0,1.0,peripheral,1910.2220348838232,67.5712977743673,0.0,0.0,1842.6507371094558,1842.6507371094558,91.88837623800967,0.9766424698524645,0.0,92.86501870786213,1837.7675247601933,4.8832123492623225,0.0,0.0,158.87985375744017,84.46412221795913,0.0,15,0,0.0,0,0,0.0,0.0,0.0,0.0,0.0,0.0,0,0.0,0.0,0,0,0,0.0030739307403564453,0.0,0.0,0.0,True,feasible,baseline_truck_only,1910.2220348838232,84.46412221795913,,,,0.0,True,feasible_only,0.0,1910.2220348838232,True,1910.2220348838232,,,
S0011_R04,1102030,nils,S0011,n15_p0.25_d1_clustered_Ehigh_V2.00_Hmedium_PWmoderate_B0.05,15,0.26666666666666666,0.25,1,3,high,2.0,clustered,medium,moderate,0.05,20.0,5.0,1.0,peripheral,86.39606889989915,75.03780928706703,11.358259612832107,0.0,0.0,0.0,0.0,0.0,0.0,0.0,0.0,0.0,0.0,0.0,107.0499100570704,93.7972616088338,37.86086537610703,11,4,0.26666666666666666,1,1,4.0,4.0,0.0,0.0,0.0,0.0,0,0.3735413942335006,0.3735413942335006,0,0,0,0.15402913093566895,25.0,5.0,11.0,True,feasible,nils_complete,1910.2220348838232,84.46412221795913,,95.47717137996717,,-11.049827010325824,True,feasible_only,0.0,86.39606889989915,True,1910.2220348838232,,95.47717137996717,
S0011_R05,1102031,truck_only,S0011,n15_p0.25_d1_clustered_Ehigh_V2.00_Hmedium_PWmoderate_B0.05,15,0.26666666666666666,0.25,1,3,high,2.0,clustered,medium,moderate,0.05,20.0,5.0,1.0,peripheral,818.7473605046368,84.4417537652086,0.0,0.0,734.3056067394282,734.3056067394282,21.493866486471283,60.88565540200052,0.0,82.3795218884718,429.8773297294257,304.4282770100026,0.0,0.0,194.77334257017387,105.55219220651075,0.0,15,0,0.0,0,0,0.0,0.0,0.0,0.0,0.0,0.0,0,0.0,0.0,0,0,0,0.004183292388916016,0.0,0.0,0.0,True,feasible,baseline_truck_only,818.7473605046368,105.55219220651075,,,,0.0,True,feasible_only,0.0,818.7473605046368,True,818.7473605046368,,,
S0011_R05,1102031,nils,S0011,n15_p0.25_d1_clustered_Ehigh_V2.00_Hmedium_PWmoderate_B0.05,15,0.26666666666666666,0.25,1,3,high,2.0,clustered,medium,moderate,0.05,20.0,5.0,1.0,peripheral,56.53813559880233,46.98650883879361,9.551626760008718,0.0,0.0,0.0,0.0,0.0,0.0,0.0,0.0,0.0,0.0,0.0,113.12572249558195,58.733136048492014,31.838755866695724,13,2,0.13333333333333333,1,1,2.0,2.0,0.0,0.0,0.0,0.0,0,0.3146930209533713,0.3146930209533713,0,0,0,0.14574003219604492,25.0,2.0,10.0,True,feasible,nils_complete,818.7473605046368,105.55219220651075,,93.09455659631625,,44.356308646264964,True,feasible_only,0.0,56.53813559880233,True,818.7473605046368,,93.09455659631625,
S0011_R06,1102032,truck_only,S0011,n15_p0.25_d1_clustered_Ehigh_V2.00_Hmedium_PWmoderate_B0.05,15,0.26666666666666666,0.25,1,3,high,2.0,clustered,medium,moderate,0.05,20.0,5.0,1.0,peripheral,4568.830694892796,75.31332062441035,0.0,0.0,4493.5173742683855,4493.5173742683855,224.67586871341928,0.0,0.0,224.67586871341928,4493.5173742683855,0.0,0.0,0.0,176.1590648199411,94.14165078051295,0.0,15,0,0.0,0,0,0.0,0.0,0.0,0.0,0.0,0.0,0,0.0,0.0,0,0,0,0.0026030540466308594,0.0,0.0,0.0,True,feasible,baseline_truck_only,4568.830694892796,94.14165078051295,,,,0.0,True,feasible_only,0.0,4568.830694892796,True,4568.830694892796,,,
S0011_R06,1102032,nils,S0011,n15_p0.25_d1_clustered_Ehigh_V2.00_Hmedium_PWmoderate_B0.05,15,0.26666666666666666,0.25,1,3,high,2.0,clustered,medium,moderate,0.05,20.0,5.0,1.0,peripheral,124.1397695892009,113.4260284038958,10.713741185305093,0.0,0.0,0.0,0.0,0.0,0.0,0.0,0.0,0.0,0.0,0.0,97.72389893017234,141.7825355048697,35.71247061768364,11,4,0.26666666666666666,1,1,4.0,4.0,0.0,0.0,0.0,0.0,0,0.35695800963289764,0.35695800963289764,0,0,0,0.14219307899475098,25.0,8.0,11.0,True,feasible,nils_complete,4568.830694892796,94.14165078051295,,97.28289845084501,,-50.60553360746707,True,feasible_only,0.0,124.1397695892009,True,4568.830694892796,,97.28289845084501,
S0011_R07,1102033,truck_only,S0011,n15_p0.25_d1_clustered_Ehigh_V2.00_Hmedium_PWmoderate_B0.05,15,0.26666666666666666,0.25,1,3,high,2.0,clustered,medium,moderate,0.05,20.0,5.0,1.0,peripheral,89.72727373719044,68.792039236367,0.0,0.0,20.93523450082344,20.93523450082344,1.046761725041172,0.0,0.0,1.046761725041172,20.93523450082344,0.0,0.0,0.0,160.70913545931398,85.99004904545876,0.0,15,0,0.0,0,0,0.0,0.0,0.0,0.0,0.0,0.0,0,0.0,0.0,0,0,0,0.003533601760864258,0.0,0.0,0.0,True,feasible,baseline_truck_only,89.72727373719044,85.99004904545876,,,,0.0,True,feasible_only,0.0,89.72727373719044,True,89.72727373719044,,,
S0011_R07,1102033,nils,S0011,n15_p0.25_d1_clustered_Ehigh_V2.00_Hmedium_PWmoderate_B0.05,15,0.26666666666666666,0.25,1,3,high,2.0,clustered,medium,moderate,0.05,20.0,5.0,1.0,peripheral,50.393084027483,41.04783286086808,9.345251166614926,0.0,0.0,0.0,0.0,0.0,0.0,0.0,0.0,0.0,0.0,0.0,100.55892372143764,51.30979107608509,31.150837222049756,14,1,0.06666666666666667,1,1,1.0,1.0,0.0,0.0,0.0,0.0,0,0.29952728098124765,0.29952728098124765,0,0,0,0.14126276969909668,25.0,1.0,10.0,True,feasible,nils_complete,89.72727373719044,85.99004904545876,,43.837495636963816,,40.33054795798512,True,feasible_only,0.0,50.393084027483,True,89.72727373719044,,43.837495636963816,
S0011_R08,1102034,truck_only,S0011,n15_p0.25_d1_clustered_Ehigh_V2.00_Hmedium_PWmoderate_B0.05,15,0.26666666666666666,0.25,1,3,high,2.0,clustered,medium,moderate,0.05,20.0,5.0,1.0,peripheral,1362.8340057771268,78.43112063142416,0.0,0.0,1284.4028851457026,1284.4028851457026,50.0909732551151,56.516684008680116,0.0,106.60765726379522,1001.819465102302,282.58342004340057,0.0,0.0,183.75917877181922,98.0389007892802,0.0,15,0,0.0,0,0,0.0,0.0,0.0,0.0,0.0,0.0,0,0.0,0.0,0,0,0,0.0026743412017822266,0.0,0.0,0.0,True,feasible,baseline_truck_only,1362.8340057771268,98.0389007892802,,,,0.0,True,feasible_only,0.0,1362.8340057771268,True,1362.8340057771268,,,
S0011_R08,1102034,nils,S0011,n15_p0.25_d1_clustered_Ehigh_V2.00_Hmedium_PWmoderate_B0.05,15,0.26666666666666666,0.25,1,3,high,2.0,clustered,medium,moderate,0.05,20.0,5.0,1.0,peripheral,117.65082662984656,106.6691872755756,10.98163935427096,0.0,0.0,0.0,0.0,0.0,0.0,0.0,0.0,0.0,0.0,0.0,98.24927193573089,133.33648409446948,36.60546451423654,11,4,0.26666666666666666,1,1,4.0,4.0,0.0,0.0,0.0,0.0,0,0.364746016763048,0.364746016763048,0,0,0,0.13916468620300293,25.0,5.0,11.0,True,feasible,nils_complete,1362.8340057771268,98.0389007892802,,91.36719320686758,,-36.00365061319496,True,feasible_only,0.0,117.65082662984656,True,1362.8340057771268,,91.36719320686758,
S0011_R09,1102035,truck_only,S0011,n15_p0.25_d1_clustered_Ehigh_V2.00_Hmedium_PWmoderate_B0.05,15,0.26666666666666666,0.25,1,3,high,2.0,clustered,medium,moderate,0.05,20.0,5.0,1.0,peripheral,1084.4334911927667,60.18819787813776,0.0,0.0,1024.245293314629,1024.245293314629,51.212264665731446,0.0,0.0,51.212264665731446,1024.245293314629,0.0,0.0,0.0,141.56700063349004,75.23524734767219,0.0,15,0,0.0,0,0,0.0,0.0,0.0,0.0,0.0,0.0,0,0.0,0.0,0,0,0,0.0026373863220214844,0.0,0.0,0.0,True,feasible,baseline_truck_only,1084.4334911927667,75.23524734767219,,,,0.0,True,feasible_only,0.0,1084.4334911927667,True,1084.4334911927667,,,
S0011_R09,1102035,nils,S0011,n15_p0.25_d1_clustered_Ehigh_V2.00_Hmedium_PWmoderate_B0.05,15,0.26666666666666666,0.25,1,3,high,2.0,clustered,medium,moderate,0.05,20.0,5.0,1.0,peripheral,79.09551003359215,70.11303249411486,8.982477539477284,0.0,0.0,0.0,0.0,0.0,0.0,0.0,0.0,0.0,0.0,0.0,93.1648839489809,87.64129061764359,29.941591798257612,11,4,0.26666666666666666,1,1,4.0,4.0,0.0,0.0,0.0,0.0,0,0.2883622356208747,0.2883622356208747,0,0,0,0.14997029304504395,25.0,5.0,11.0,True,feasible,nils_complete,1084.4334911927667,75.23524734767219,,92.70628298775657,,-16.489669014632746,True,feasible_only,0.0,79.09551003359215,True,1084.4334911927667,,92.70628298775657,
S0011_R10,1102036,truck_only,S0011,n15_p0.25_d1_clustered_Ehigh_V2.00_Hmedium_PWmoderate_B0.05,15,0.26666666666666666,0.25,1,3,high,2.0,clustered,medium,moderate,0.05,20.0,5.0,1.0,peripheral,154.31936724616156,79.11357856533355,0.0,0.0,75.20578868082801,75.20578868082801,0.2106761147459082,14.198453277181969,0.0,14.409129391927877,4.213522294918164,70.99226638590984,0.0,0.0,185.3600057969271,98.89197320666695,0.0,15,0,0.0,0,0,0.0,0.0,0.0,0.0,0.0,0.0,0,0.0,0.0,0,0,0,0.0026137828826904297,0.0,0.0,0.0,True,feasible,baseline_truck_only,154.31936724616156,98.89197320666695,,,,0.0,True,feasible_only,0.0,154.31936724616156,True,154.31936724616156,,,
S0011_R10,1102036,nils,S0011,n15_p0.25_d1_clustered_Ehigh_V2.00_Hmedium_PWmoderate_B0.05,15,0.26666666666666666,0.25,1,3,high,2.0,clustered,medium,moderate,0.05,20.0,5.0,1.0,peripheral,58.84713920422532,48.55880986711347,10.288329337111854,0.0,0.0,0.0,0.0,0.0,0.0,0.0,0.0,0.0,0.0,0.0,118.62244093172234,60.69851233389183,34.29443112370618,13,2,0.13333333333333333,1,1,2.0,2.0,0.0,0.0,0.0,0.0,0,0.34328308007769986,0.34328308007769986,0,0,0,0.14014887809753418,25.0,2.0,10.0,True,feasible,nils_complete,154.31936724616156,98.89197320666695,,61.86665338618471,,38.621396291645894,True,feasible_only,0.0,58.84713920422532,True,154.31936724616156,,61.86665338618471,
S0012_R01,1202027,truck_only,S0012,n15_p0.75_d1_uniform_Elow_V1.25_Hshort_PWstrict_B0.05,15,0.7333333333333333,0.75,1,3,low,1.25,uniform,short,strict,0.05,200.0,40.0,1.0,peripheral,14327.81606472199,151.12575929417193,0.0,0.0,14176.69030542782,14176.69030542782,65.9791553328553,24.521480971418995,0.0,90.5006363042743,13195.83106657106,980.8592388567598,0.0,0.0,186.48826292805103,188.90719911771492,0.0,15,0,0.0,0,0,0.0,0.0,0.0,0.0,0.0,0.0,0,0.0,0.0,0,0,0,0.002973318099975586,0.0,0.0,0.0,True,feasible,baseline_truck_only,14327.81606472199,188.90719911771492,,,,0.0,True,feasible_only,0.0,14327.81606472199,True,14327.81606472199,,,
S0012_R01,1202027,nils,S0012,n15_p0.75_d1_uniform_Elow_V1.25_Hshort_PWstrict_B0.05,15,0.7333333333333333,0.75,1,3,low,1.25,uniform,short,strict,0.05,200.0,40.0,1.0,peripheral,158.66981679769603,150.18522744007674,8.484589357619292,0.0,0.0,0.0,0.0,0.0,0.0,0.0,0.0,0.0,0.0,0.0,127.94795466510823,187.73153430009594,28.28196452539764,10,5,0.3333333333333333,1,1,5.0,5.0,0.0,0.0,0.0,0.0,0,0.8229990601467642,0.8229990601467642,0,150,150,0.1320188045501709,25.0,5.0,15.0,True,feasible,nils_complete,14327.81606472199,188.90719911771492,,98.89257500179407,,0.6223504573197237,True,feasible_only,0.0,158.66981679769603,True,14327.81606472199,,98.89257500179407,
S0012_R02,1202028,truck_only,S0012,n15_p0.75_d1_uniform_Elow_V1.25_Hshort_PWstrict_B0.05,15,0.7333333333333333,0.75,1,3,low,1.25,uniform,short,strict,0.05,200.0,40.0,1.0,peripheral,26462.711956006904,145.2065122607664,0.0,0.0,26317.505443746137,26317.505443746137,131.58752721873068,0.0,0.0,131.58752721873068,26317.505443746137,0.0,0.0,0.0,182.49009571849115,181.50814032595798,0.0,15,0,0.0,0,0,0.0,0.0,0.0,0.0,0.0,0.0,0,0.0,0.0,0,0,0,0.0034487247467041016,0.0,0.0,0.0,True,feasible,baseline_truck_only,26462.711956006904,181.50814032595798,,,,0.0,True,feasible_only,0.0,26462.711956006904,True,26462.711956006904,,,
S0012_R02,1202028,nils,S0012,n15_p0.75_d1_uniform_Elow_V1.25_Hshort_PWstrict_B0.05,15,0.7333333333333333,0.75,1,3,low,1.25,uniform,short,strict,0.05,200.0,40.0,1.0,peripheral,166.0991259133676,156.5983040946975,9.500821818670103,0.0,0.0,0.0,0.0,0.0,0.0,0.0,0.0,0.0,0.0,0.0,132.1597636160406,195.74788011837185,31.669406062233673,13,2,0.13333333333333333,1,1,2.0,2.0,0.0,0.0,0.0,0.0,0,0.9411130889693464,0.9411130889693464,1,221,221,0.13241958618164062,25.0,6.0,7.0,True,feasible,nils_complete,26462.711956006904,181.50814032595798,,99.37232765035762,,-7.845234801503503,True,feasible_only,0.0,166.0991259133676,True,26462.711956006904,,99.37232765035762,
S0012_R03,1202029,truck_only,S0012,n15_p0.75_d1_uniform_Elow_V1.25_Hshort_PWstrict_B0.05,15,0.7333333333333333,0.75,1,3,low,1.25,uniform,short,strict,0.05,200.0,40.0,1.0,peripheral,9695.034363175171,148.03171928864646,0.0,0.0,9547.002643886524,9547.002643886524,47.73501321943262,0.0,0.0,47.73501321943262,9547.002643886524,0.0,0.0,0.0,186.36431894021058,185.03964911080806,0.0,15,0,0.0,0,0,0.0,0.0,0.0,0.0,0.0,0.0,0,0.0,0.0,0,0,0,0.003099679946899414,0.0,0.0,0.0,True,feasible,baseline_truck_only,9695.034363175171,185.03964911080806,,,,0.0,True,feasible_only,0.0,9695.034363175171,True,9695.034363175171,,,
S0012_R03,1202029,nils,S0012,n15_p0.75_d1_uniform_Elow_V1.25_Hshort_PWstrict_B0.05,15,0.7333333333333333,0.75,1,3,low,1.25,uniform,short,strict,0.05,200.0,40.0,1.0,peripheral,2414.0652959853114,173.71727289603317,9.025061446499336,0.0,2231.322961642779,2231.322961642779,11.156614808213895,0.0,0.0,11.156614808213895,2231.322961642779,0.0,0.0,0.0,164.18470854719627,217.14659112004148,30.08353815499779,13,2,0.13333333333333333,1,1,2.0,2.0,0.0,0.0,0.0,0.0,0,0.8944336750662296,0.8944336750662296,0,225,225,0.130875825881958,25.0,6.0,3.0,True,feasible,nils_complete,9695.034363175171,185.03964911080806,,75.09998205726119,,-17.3513850482967,True,feasible_only,0.0,2414.0652959853114,True,9695.034363175171,,75.09998205726119,
S0012_R04,1202030,truck_only,S0012,n15_p0.75_d1_uniform_Elow_V1.25_Hshort_PWstrict_B0.05,15,0.7333333333333333,0.75,1,3,low,1.25,uniform,short,strict,0.05,200.0,40.0,1.0,peripheral,35265.63488699177,174.31572022907133,0.0,0.0,35091.319166762696,35091.319166762696,166.80911534871993,43.23740242546792,0.0,210.04651777418786,33361.82306974399,1729.4960970187167,0.0,0.0,203.52011830798523,217.89465028633913,0.0,15,0,0.0,0,0,0.0,0.0,0.0,0.0,0.0,0.0,0,0.0,0.0,0,0,0,0.0044116973876953125,0.0,0.0,0.0,True,feasible,baseline_truck_only,35265.63488699177,217.89465028633913,,,,0.0,True,feasible_only,0.0,35265.63488699177,True,35265.63488699177,,,
S0012_R04,1202030,nils,S0012,n15_p0.75_d1_uniform_Elow_V1.25_Hshort_PWstrict_B0.05,15,0.7333333333333333,0.75,1,3,low,1.25,uniform,short,strict,0.05,200.0,40.0,1.0,peripheral,183.745766410751,174.40556995865552,9.34019645209548,0.0,0.0,0.0,0.0,0.0,0.0,0.0,0.0,0.0,0.0,0.0,141.5504401584014,218.0069624483194,31.133988173651606,13,2,0.13333333333333333,1,1,2.0,2.0,0.0,0.0,0.0,0.0,0,0.9282917312830967,0.9282917312830967,1,220,220,0.13925743103027344,25.0,6.0,8.0,True,feasible,nils_complete,35265.63488699177,217.89465028633913,,99.47896651513702,,-0.05154424940340615,True,feasible_only,0.0,183.745766410751,True,35265.63488699177,,99.47896651513702,
S0012_R05,1202031,truck_only,S0012,n15_p0.75_d1_uniform_Elow_V1.25_Hshort_PWstrict_B0.05,15,0.7333333333333333,0.75,1,3,low,1.25,uniform,short,strict,0.05,200.0,40.0,1.0,peripheral,16725.481873904464,157.63272689265216,0.0,0.0,16567.849147011813,16567.849147011813,80.76474648127893,10.372496268900676,0.0,91.13724275017961,16152.949296255787,414.89985075602704,0.0,0.0,238.56949017135753,197.04090861581517,0.0,15,0,0.0,0,0,0.0,0.0,0.0,0.0,0.0,0.0,0,0.0,0.0,0,0,0,0.0031392574310302734,0.0,0.0,0.0,True,feasible,baseline_truck_only,16725.481873904464,197.04090861581517,,,,0.0,True,feasible_only,0.0,16725.481873904464,True,16725.481873904464,,,
S0012_R05,1202031,nils,S0012,n15_p0.75_d1_uniform_Elow_V1.25_Hshort_PWstrict_B0.05,15,0.7333333333333333,0.75,1,3,low,1.25,uniform,short,strict,0.05,200.0,40.0,1.0,peripheral,157.37670922154732,148.73290253798717,8.643806683560154,0.0,0.0,0.0,0.0,0.0,0.0,0.0,0.0,0.0,0.0,0.0,144.00326824528716,185.91612817248395,28.812688945200513,11,4,0.26666666666666666,1,1,4.0,4.0,0.0,0.0,0.0,0.0,0,0.8862141615338144,0.8862141615338144,0,168,168,0.15450835227966309,24.0,6.0,11.0,True,feasible,nils_complete,16725.481873904464,197.04090861581517,,99.0590602386943,,5.645924250695577,True,feasible_only,0.0,157.37670922154732,True,16725.481873904464,,99.0590602386943,
S0012_R06,1202032,truck_only,S0012,n15_p0.75_d1_uniform_Elow_V1.25_Hshort_PWstrict_B0.05,15,0.7333333333333333,0.75,1,3,low,1.25,uniform,short,strict,0.05,200.0,40.0,1.0,peripheral,2935.1171525513996,146.10240548878818,0.0,0.0,2789.0147470626116,2789.0147470626116,13.94507373531306,0.0,0.0,13.94507373531306,2789.0147470626116,0.0,0.0,0.0,145.536658691804,182.62800686098524,0.0,15,0,0.0,0,0,0.0,0.0,0.0,0.0,0.0,0.0,0,0.0,0.0,0,0,0,0.0033545494079589844,0.0,0.0,0.0,True,feasible,baseline_truck_only,2935.1171525513996,182.62800686098524,,,,0.0,True,feasible_only,0.0,2935.1171525513996,True,2935.1171525513996,,,
S0012_R06,1202032,nils,S0012,n15_p0.75_d1_uniform_Elow_V1.25_Hshort_PWstrict_B0.05,15,0.7333333333333333,0.75,1,3,low,1.25,uniform,short,strict,0.05,200.0,40.0,1.0,peripheral,134.64399165013552,127.29177272980834,7.3522189203271715,0.0,0.0,0.0,0.0,0.0,0.0,0.0,0.0,0.0,0.0,0.0,139.5242457033312,159.1147159122604,24.50739640109057,12,3,0.2,1,1,3.0,3.0,0.0,0.0,0.0,0.0,0,0.7596524234364903,0.7596524234364903,0,200,200,0.14823198318481445,25.0,3.0,6.0,True,feasible,nils_complete,2935.1171525513996,182.62800686098524,,95.41265357898597,,12.874964444321472,True,feasible_only,0.0,134.64399165013552,True,2935.1171525513996,,95.41265357898597,
S0012_R07,1202033,truck_only,S0012,n15_p0.75_d1_uniform_Elow_V1.25_Hshort_PWstrict_B0.05,15,0.7333333333333333,0.75,1,3,low,1.25,uniform,short,strict,0.05,200.0,40.0,1.0,peripheral,135.5624981559712,135.5624981559712,0.0,0.0,0.0,0.0,0.0,0.0,0.0,0.0,0.0,0.0,0.0,0.0,182.40869536521626,169.45312269496398,0.0,15,0,0.0,0,0,0.0,0.0,0.0,0.0,0.0,0.0,0,0.0,0.0,0,0,0,0.002828836441040039,0.0,0.0,0.0,True,feasible,baseline_truck_only,135.5624981559712,169.45312269496398,,,,0.0,True,feasible_only,0.0,135.5624981559712,True,135.5624981559712,,,
S0012_R07,1202033,nils,S0012,n15_p0.75_d1_uniform_Elow_V1.25_Hshort_PWstrict_B0.05,15,0.7333333333333333,0.75,1,3,low,1.25,uniform,short,strict,0.05,200.0,40.0,1.0,peripheral,103.57410833371618,96.3528047509959,7.221303582720288,0.0,0.0,0.0,0.0,0.0,0.0,0.0,0.0,0.0,0.0,0.0,156.03472708534093,120.44100593874482,24.071011942400958,11,4,0.26666666666666666,1,1,4.0,4.0,0.0,0.0,0.0,0.0,0,0.7555834752764291,0.7555834752764291,0,165,165,0.1534261703491211,25.0,4.0,21.0,True,feasible,nils_complete,135.5624981559712,169.45312269496398,,23.596783961188766,,28.923702305827003,True,feasible_only,0.0,103.57410833371618,True,135.5624981559712,,23.596783961188766,
S0012_R08,1202034,truck_only,S0012,n15_p0.75_d1_uniform_Elow_V1.25_Hshort_PWstrict_B0.05,15,0.7333333333333333,0.75,1,3,low,1.25,uniform,short,strict,0.05,200.0,40.0,1.0,peripheral,18351.289370256745,126.15383945795465,0.0,0.0,18225.13553079879,18225.13553079879,91.12567765399396,0.0,0.0,91.12567765399396,18225.13553079879,0.0,0.0,0.0,147.1866019733522,157.69229932244332,0.0,15,0,0.0,0,0,0.0,0.0,0.0,0.0,0.0,0.0,0,0.0,0.0,0,0,0,0.0033152103424072266,0.0,0.0,0.0,True,feasible,baseline_truck_only,18351.289370256745,157.69229932244332,,,,0.0,True,feasible_only,0.0,18351.289370256745,True,18351.289370256745,,,
S0012_R08,1202034,nils,S0012,n15_p0.75_d1_uniform_Elow_V1.25_Hshort_PWstrict_B0.05,15,0.7333333333333333,0.75,1,3,low,1.25,uniform,short,strict,0.05,200.0,40.0,1.0,peripheral,314.4536881535814,153.69329346075955,8.813737974116671,0.0,151.94665671870524,151.94665671870524,0.7597332835935262,0.0,0.0,0.7597332835935262,151.94665671870524,0.0,0.0,0.0,129.0988636440294,192.11661682594942,29.379126580388903,12,3,0.2,1,1,3.0,3.0,0.0,0.0,0.0,0.0,0,0.9115213608955638,0.9115213608955638,1,190,190,0.15261530876159668,24.0,7.0,8.0,True,feasible,nils_complete,18351.289370256745,157.69229932244332,,98.28647632431081,,-21.830056160901393,True,feasible_only,0.0,314.4536881535814,True,18351.289370256745,,98.28647632431081,
S0012_R09,1202035,truck_only,S0012,n15_p0.75_d1_uniform_Elow_V1.25_Hshort_PWstrict_B0.05,15,0.7333333333333333,0.75,1,3,low,1.25,uniform,short,strict,0.05,200.0,40.0,1.0,peripheral,723.9962045099976,114.70881620977913,0.0,0.0,609.2873883002185,609.2873883002185,3.046436941501092,0.0,0.0,3.046436941501092,609.2873883002185,0.0,0.0,0.0,137.7537698267345,143.38602026222392,0.0,15,0,0.0,0,0,0.0,0.0,0.0,0.0,0.0,0.0,0,0.0,0.0,0,0,0,0.003064393997192383,0.0,0.0,0.0,True,feasible,baseline_truck_only,723.9962045099976,143.38602026222392,,,,0.0,True,feasible_only,0.0,723.9962045099976,True,723.9962045099976,,,
S0012_R09,1202035,nils,S0012,n15_p0.75_d1_uniform_Elow_V1.25_Hshort_PWstrict_B0.05,15,0.7333333333333333,0.75,1,3,low,1.25,uniform,short,strict,0.05,200.0,40.0,1.0,peripheral,94.2638812573277,91.06311717359584,3.2007640837318485,0.0,0.0,0.0,0.0,0.0,0.0,0.0,0.0,0.0,0.0,0.0,109.81444738168263,113.82889646699482,10.669213612439497,13,2,0.13333333333333333,1,1,2.0,2.0,0.0,0.0,0.0,0.0,0,0.326848646927318,0.326848646927318,0,195,195,0.13281798362731934,25.0,2.0,11.0,True,feasible,nils_complete,723.9962045099976,143.38602026222392,,86.9800586425552,,20.613671919462668,True,feasible_only,0.0,94.2638812573277,True,723.9962045099976,,86.9800586425552,
S0012_R10,1202036,truck_only,S0012,n15_p0.75_d1_uniform_Elow_V1.25_Hshort_PWstrict_B0.05,15,0.7333333333333333,0.75,1,3,low,1.25,uniform,short,strict,0.05,200.0,40.0,1.0,peripheral,280.6189680497598,123.79766745948609,0.0,0.0,156.82130059027372,156.82130059027372,0.0,3.920532514756843,0.0,3.920532514756843,0.0,156.82130059027372,0.0,0.0,151.78749147028986,154.74708432435762,0.0,15,0,0.0,0,0,0.0,0.0,0.0,0.0,0.0,0.0,0,0.0,0.0,0,0,0,0.002883434295654297,0.0,0.0,0.0,True,feasible,baseline_truck_only,280.6189680497598,154.74708432435762,,,,0.0,True,feasible_only,0.0,280.6189680497598,True,280.6189680497598,,,
S0012_R10,1202036,nils,S0012,n15_p0.75_d1_uniform_Elow_V1.25_Hshort_PWstrict_B0.05,15,0.7333333333333333,0.75,1,3,low,1.25,uniform,short,strict,0.05,200.0,40.0,1.0,peripheral,129.55593666167312,121.69670486385374,7.859231797819369,0.0,0.0,0.0,0.0,0.0,0.0,0.0,0.0,0.0,0.0,0.0,149.505837147543,152.12088107981717,26.197439326064565,12,3,0.2,1,1,3.0,3.0,0.0,0.0,0.0,0.0,0,0.8046073139705887,0.8046073139705887,0,198,198,0.1489410400390625,25.0,3.0,8.0,True,feasible,nils_complete,280.6189680497598,154.74708432435762,,53.83208142982692,,1.69709384574626,True,feasible_only,0.0,129.55593666167312,True,280.6189680497598,,53.83208142982692,
S0013_R01,1302027,truck_only,S0013,n15_p0.75_d1_clustered_Elow_V2.00_Hmedium_PWflat_B0.05,15,0.7333333333333333,0.75,1,3,low,2.0,clustered,medium,flat,0.05,1.0,1.0,1.0,peripheral,161.66222112444797,74.24468616517278,0.0,0.0,87.4175349592752,87.4175349592752,70.5829622580325,16.834572701242706,0.0,87.4175349592752,70.5829622580325,16.834572701242706,0.0,0.0,173.83226582568065,92.80585770646599,0.0,15,0,0.0,0,0,0.0,0.0,0.0,0.0,0.0,0.0,0,0.0,0.0,0,0,0,0.002697467803955078,0.0,0.0,0.0,True,feasible,baseline_truck_only,161.66222112444797,92.80585770646599,,,,0.0,True,feasible_only,0.0,161.66222112444797,True,161.66222112444797,,,
S0013_R01,1302027,nils,S0013,n15_p0.75_d1_clustered_Elow_V2.00_Hmedium_PWflat_B0.05,15,0.7333333333333333,0.75,1,3,low,2.0,clustered,medium,flat,0.05,1.0,1.0,1.0,peripheral,48.78437413549245,35.91294099405742,12.871433141435025,0.0,0.0,0.0,0.0,0.0,0.0,0.0,0.0,0.0,0.0,0.0,82.92478672408757,44.89117624257178,42.90477713811675,7,8,0.5333333333333333,1,1,8.0,8.0,0.0,0.0,0.0,0.0,0,0.7946474538876137,0.7946474538876137,0,0,0,0.15254426002502441,22.0,4.0,60.0,True,feasible,nils_complete,161.66222112444797,92.80585770646599,,69.82326866711914,,51.62894093974403,True,feasible_only,0.0,48.78437413549245,True,161.66222112444797,,69.82326866711914,
S0013_R02,1302028,truck_only,S0013,n15_p0.75_d1_clustered_Elow_V2.00_Hmedium_PWflat_B0.05,15,0.7333333333333333,0.75,1,3,low,2.0,clustered,medium,flat,0.05,1.0,1.0,1.0,peripheral,287.8813456815878,93.41714859755443,0.0,0.0,194.46419708403334,194.46419708403334,149.37765463002523,45.08654245400811,0.0,194.46419708403334,149.37765463002523,45.08654245400811,0.0,0.0,214.75411968848755,116.77143574694301,0.0,15,0,0.0,0,0,0.0,0.0,0.0,0.0,0.0,0.0,0,0.0,0.0,0,0,0,0.0034317970275878906,0.0,0.0,0.0,True,feasible,baseline_truck_only,287.8813456815878,116.77143574694301,,,,0.0,True,feasible_only,0.0,287.8813456815878,True,287.8813456815878,,,
S0013_R02,1302028,nils,S0013,n15_p0.75_d1_clustered_Elow_V2.00_Hmedium_PWflat_B0.05,15,0.7333333333333333,0.75,1,3,low,2.0,clustered,medium,flat,0.05,1.0,1.0,1.0,peripheral,54.59678390394686,41.98430097887825,12.612482925068603,0.0,0.0,0.0,0.0,0.0,0.0,0.0,0.0,0.0,0.0,0.0,99.17717810035252,52.480376223597816,42.04160975022867,10,5,0.3333333333333333,1,1,5.0,5.0,0.0,0.0,0.0,0.0,0,0.7906215107283339,0.7906215107283339,0,41,41,0.1421644687652588,18.0,5.0,63.0,True,feasible,nils_complete,287.8813456815878,116.77143574694301,,81.03496988501163,,55.05717996194826,True,feasible_only,0.0,54.59678390394686,True,287.8813456815878,,81.03496988501163,
S0013_R03,1302029,truck_only,S0013,n15_p0.75_d1_clustered_Elow_V2.00_Hmedium_PWflat_B0.05,15,0.7333333333333333,0.75,1,3,low,2.0,clustered,medium,flat,0.05,1.0,1.0,1.0,peripheral,193.61916233828214,69.72486707853488,0.0,0.0,123.89429525974725,123.89429525974725,123.89429525974725,0.0,0.0,123.89429525974725,123.89429525974725,0.0,0.0,0.0,163.62305866314324,87.1560838481686,0.0,15,0,0.0,0,0,0.0,0.0,0.0,0.0,0.0,0.0,0,0.0,0.0,0,0,0,0.0048329830169677734,0.0,0.0,0.0,True,feasible,baseline_truck_only,193.61916233828214,87.1560838481686,,,,0.0,True,feasible_only,0.0,193.61916233828214,True,193.61916233828214,,,
S0013_R03,1302029,nils,S0013,n15_p0.75_d1_clustered_Elow_V2.00_Hmedium_PWflat_B0.05,15,0.7333333333333333,0.75,1,3,low,2.0,clustered,medium,flat,0.05,1.0,1.0,1.0,peripheral,54.79338493533798,39.73124589289487,15.06213904244311,0.0,0.0,0.0,0.0,0.0,0.0,0.0,0.0,0.0,0.0,0.0,90.71021803936755,49.66405736611859,50.207130141477045,6,9,0.6,1,1,9.0,9.0,0.0,0.0,0.0,0.0,0,0.942747922335283,0.942747922335283,1,26,26,0.15012001991271973,23.0,8.0,71.0,True,feasible,nils_complete,193.61916233828214,87.1560838481686,,71.70043281170403,,43.01710772980976,True,feasible_only,0.0,54.79338493533798,True,193.61916233828214,,71.70043281170403,
S0013_R04,1302030,truck_only,S0013,n15_p0.75_d1_clustered_Elow_V2.00_Hmedium_PWflat_B0.05,15,0.7333333333333333,0.75,1,3,low,2.0,clustered,medium,flat,0.05,1.0,1.0,1.0,peripheral,93.44498391971734,71.7559577450264,0.0,0.0,21.68902617469095,21.68902617469095,0.0,21.68902617469095,0.0,21.68902617469095,0.0,21.68902617469095,0.0,0.0,167.66151736201965,89.69494718128297,0.0,15,0,0.0,0,0,0.0,0.0,0.0,0.0,0.0,0.0,0,0.0,0.0,0,0,0,0.002615690231323242,0.0,0.0,0.0,True,feasible,baseline_truck_only,93.44498391971734,89.69494718128297,,,,0.0,True,feasible_only,0.0,93.44498391971734,True,93.44498391971734,,,
S0013_R04,1302030,nils,S0013,n15_p0.75_d1_clustered_Elow_V2.00_Hmedium_PWflat_B0.05,15,0.7333333333333333,0.75,1,3,low,2.0,clustered,medium,flat,0.05,1.0,1.0,1.0,peripheral,48.703981529123126,40.0524333680574,8.651548161065728,0.0,0.0,0.0,0.0,0.0,0.0,0.0,0.0,0.0,0.0,0.0,97.31777662592316,50.06554171007174,28.838493870219096,12,3,0.2,1,1,3.0,3.0,0.0,0.0,0.0,0.0,0,0.5205622390943841,0.5205622390943841,0,0,0,0.15684890747070312,22.0,3.0,74.0,True,feasible,nils_complete,93.44498391971734,89.69494718128297,,47.87951210846498,,44.182428014719726,True,feasible_only,0.0,48.703981529123126,True,93.44498391971734,,47.87951210846498,
S0013_R05,1302031,truck_only,S0013,n15_p0.75_d1_clustered_Elow_V2.00_Hmedium_PWflat_B0.05,15,0.7333333333333333,0.75,1,3,low,2.0,clustered,medium,flat,0.05,1.0,1.0,1.0,peripheral,140.8515735589314,69.6512189345708,0.0,0.0,71.20035462436059,71.20035462436059,71.20035462436059,0.0,0.0,71.20035462436059,71.20035462436059,0.0,0.0,0.0,162.94409717698136,87.06402366821351,0.0,15,0,0.0,0,0,0.0,0.0,0.0,0.0,0.0,0.0,0,0.0,0.0,0,0,0,0.003434896469116211,0.0,0.0,0.0,True,feasible,baseline_truck_only,140.8515735589314,87.06402366821351,,,,0.0,True,feasible_only,0.0,140.8515735589314,True,140.8515735589314,,,
S0013_R05,1302031,nils,S0013,n15_p0.75_d1_clustered_Elow_V2.00_Hmedium_PWflat_B0.05,15,0.7333333333333333,0.75,1,3,low,2.0,clustered,medium,flat,0.05,1.0,1.0,1.0,peripheral,48.814210335898416,36.913484794657236,11.900725541241181,0.0,0.0,0.0,0.0,0.0,0.0,0.0,0.0,0.0,0.0,0.0,87.14975360714003,46.14185599332154,39.6690851374706,9,6,0.4,1,1,6.0,6.0,0.0,0.0,0.0,0.0,0,0.7483702601268118,0.7483702601268118,0,27,27,0.15851497650146484,23.0,6.0,70.0,True,feasible,nils_complete,140.8515735589314,87.06402366821351,,65.34351083023232,,47.00238508484231,True,feasible_only,0.0,48.814210335898416,True,140.8515735589314,,65.34351083023232,
S0013_R06,1302032,truck_only,S0013,n15_p0.75_d1_clustered_Elow_V2.00_Hmedium_PWflat_B0.05,15,0.7333333333333333,0.75,1,3,low,2.0,clustered,medium,flat,0.05,1.0,1.0,1.0,peripheral,143.69052098243367,74.05023931140784,0.0,0.0,69.64028167102583,69.64028167102583,69.64028167102583,0.0,0.0,69.64028167102583,69.64028167102583,0.0,0.0,0.0,172.42380447364707,92.56279913925977,0.0,15,0,0.0,0,0,0.0,0.0,0.0,0.0,0.0,0.0,0,0.0,0.0,0,0,0,0.002760171890258789,0.0,0.0,0.0,True,feasible,baseline_truck_only,143.69052098243367,92.56279913925977,,,,0.0,True,feasible_only,0.0,143.69052098243367,True,143.69052098243367,,,
S0013_R06,1302032,nils,S0013,n15_p0.75_d1_clustered_Elow_V2.00_Hmedium_PWflat_B0.05,15,0.7333333333333333,0.75,1,3,low,2.0,clustered,medium,flat,0.05,1.0,1.0,1.0,peripheral,51.02637872878348,37.547428077562095,13.478950651221382,0.0,0.0,0.0,0.0,0.0,0.0,0.0,0.0,0.0,0.0,0.0,87.9377402395418,46.93428509695263,44.92983550407128,9,6,0.4,1,1,6.0,6.0,0.0,0.0,0.0,0.0,0,0.847881879676639,0.847881879676639,0,30,30,0.16298460960388184,23.0,4.0,57.0,True,feasible,nils_complete,143.69052098243367,92.56279913925977,,64.48869530160484,,49.29465667266557,True,feasible_only,0.0,51.02637872878348,True,143.69052098243367,,64.48869530160484,
S0013_R07,1302033,truck_only,S0013,n15_p0.75_d1_clustered_Elow_V2.00_Hmedium_PWflat_B0.05,15,0.7333333333333333,0.75,1,3,low,2.0,clustered,medium,flat,0.05,1.0,1.0,1.0,peripheral,140.90447974068343,71.63609784721314,0.0,0.0,69.2683818934703,69.2683818934703,53.15408729037644,16.114294603093867,0.0,69.2683818934703,53.15408729037644,16.114294603093867,0.0,0.0,167.52270463899632,89.54512230901642,0.0,15,0,0.0,0,0,0.0,0.0,0.0,0.0,0.0,0.0,0,0.0,0.0,0,0,0,0.002646207809448242,0.0,0.0,0.0,True,feasible,baseline_truck_only,140.90447974068343,89.54512230901642,,,,0.0,True,feasible_only,0.0,140.90447974068343,True,140.90447974068343,,,
S0013_R07,1302033,nils,S0013,n15_p0.75_d1_clustered_Elow_V2.00_Hmedium_PWflat_B0.05,15,0.7333333333333333,0.75,1,3,low,2.0,clustered,medium,flat,0.05,1.0,1.0,1.0,peripheral,54.63245615338681,39.319099308126184,15.313356845260627,0.0,0.0,0.0,0.0,0.0,0.0,0.0,0.0,0.0,0.0,0.0,89.38132257578997,49.148874135157726,51.04452281753542,6,9,0.6,1,1,9.0,9.0,0.0,0.0,0.0,0.0,0,0.9494774636960721,0.9494774636960721,1,20,20,0.14099574089050293,19.0,4.0,57.0,True,feasible,nils_complete,140.90447974068343,89.54512230901642,,61.22731069024148,,45.112728792142306,True,feasible_only,0.0,54.63245615338681,True,140.90447974068343,,61.22731069024148,
S0013_R08,1302034,truck_only,S0013,n15_p0.75_d1_clustered_Elow_V2.00_Hmedium_PWflat_B0.05,15,0.7333333333333333,0.75,1,3,low,2.0,clustered,medium,flat,0.05,1.0,1.0,1.0,peripheral,124.60797081361179,69.4075433550241,0.0,0.0,55.20042745858768,55.20042745858768,47.50404657468563,7.6963808839020516,0.0,55.20042745858768,47.50404657468563,7.6963808839020516,0.0,0.0,163.0986227730277,86.75942919378014,0.0,15,0,0.0,0,0,0.0,0.0,0.0,0.0,0.0,0.0,0,0.0,0.0,0,0,0,0.0027425289154052734,0.0,0.0,0.0,True,feasible,baseline_truck_only,124.60797081361179,86.75942919378014,,,,0.0,True,feasible_only,0.0,124.60797081361179,True,124.60797081361179,,,
S0013_R08,1302034,nils,S0013,n15_p0.75_d1_clustered_Elow_V2.00_Hmedium_PWflat_B0.05,15,0.7333333333333333,0.75,1,3,low,2.0,clustered,medium,flat,0.05,1.0,1.0,1.0,peripheral,51.74476980426539,41.49265819885662,10.252111605408771,0.0,0.0,0.0,0.0,0.0,0.0,0.0,0.0,0.0,0.0,0.0,99.7765805510191,51.865822748570764,34.17370535136258,12,3,0.2,1,1,3.0,3.0,0.0,0.0,0.0,0.0,0,0.6256390426792788,0.6256390426792788,0,0,0,0.14580464363098145,25.0,3.0,38.0,True,feasible,nils_complete,124.60797081361179,86.75942919378014,,58.47394876394781,,40.218805920533796,True,feasible_only,0.0,51.74476980426539,True,124.60797081361179,,58.47394876394781,
S0013_R09,1302035,truck_only,S0013,n15_p0.75_d1_clustered_Elow_V2.00_Hmedium_PWflat_B0.05,15,0.7333333333333333,0.75,1,3,low,2.0,clustered,medium,flat,0.05,1.0,1.0,1.0,peripheral,64.16839700804627,64.16839700804627,0.0,0.0,0.0,0.0,0.0,0.0,0.0,0.0,0.0,0.0,0.0,0.0,152.48796978577627,80.21049626005784,0.0,15,0,0.0,0,0,0.0,0.0,0.0,0.0,0.0,0.0,0,0.0,0.0,0,0,0,0.0039060115814208984,0.0,0.0,0.0,True,feasible,baseline_truck_only,64.16839700804627,80.21049626005784,,,,0.0,True,feasible_only,0.0,64.16839700804627,True,64.16839700804627,,,
S0013_R09,1302035,nils,S0013,n15_p0.75_d1_clustered_Elow_V2.00_Hmedium_PWflat_B0.05,15,0.7333333333333333,0.75,1,3,low,2.0,clustered,medium,flat,0.05,1.0,1.0,1.0,peripheral,47.71705817900123,38.19608852742922,9.520969651572013,0.0,0.0,0.0,0.0,0.0,0.0,0.0,0.0,0.0,0.0,0.0,90.18844321652072,47.74511065928652,31.736565505240044,8,7,0.4666666666666667,1,1,7.0,7.0,0.0,0.0,0.0,0.0,0,0.5837148212066356,0.5837148212066356,0,0,0,0.16702771186828613,22.0,7.0,66.0,True,feasible,nils_complete,64.16839700804627,80.21049626005784,,25.637758766176063,,40.475233435175745,True,feasible_only,0.0,47.71705817900123,True,64.16839700804627,,25.637758766176063,
S0013_R10,1302036,truck_only,S0013,n15_p0.75_d1_clustered_Elow_V2.00_Hmedium_PWflat_B0.05,15,0.7333333333333333,0.75,1,3,low,2.0,clustered,medium,flat,0.05,1.0,1.0,1.0,peripheral,307.62508882102657,73.78360014591104,0.0,0.0,233.84148867511553,233.84148867511553,219.4079167770848,14.433571898030735,0.0,233.84148867511556,219.4079167770848,14.433571898030735,0.0,0.0,172.703151869473,92.22950018238879,0.0,15,0,0.0,0,0,0.0,0.0,0.0,0.0,0.0,0.0,0,0.0,0.0,0,0,0,0.0026831626892089844,0.0,0.0,0.0,True,feasible,baseline_truck_only,307.62508882102657,92.22950018238879,,,,0.0,True,feasible_only,0.0,307.62508882102657,True,307.62508882102657,,,
S0013_R10,1302036,nils,S0013,n15_p0.75_d1_clustered_Elow_V2.00_Hmedium_PWflat_B0.05,15,0.7333333333333333,0.75,1,3,low,2.0,clustered,medium,flat,0.05,1.0,1.0,1.0,peripheral,51.466390964402194,40.64363954542641,10.822751418975784,0.0,0.0,0.0,0.0,0.0,0.0,0.0,0.0,0.0,0.0,0.0,98.05273051038802,50.804549431782995,36.07583806325261,11,4,0.26666666666666666,1,1,4.0,4.0,0.0,0.0,0.0,0.0,0,0.6724927988170626,0.6724927988170626,0,0,0,0.1528315544128418,25.0,4.0,38.0,False,infeasible,nils_complete,307.62508882102657,92.22950018238879,,83.26976802781361,,44.91507670396753,False,feasible_only,0.0,,False,307.62508882102657,,,
S0014_R01,1402027,truck_only,S0014,n15_p0.75_d1_clustered_Elow_V2.00_Hmedium_PWmoderate_B0.05,15,0.7333333333333333,0.75,1,3,low,2.0,clustered,medium,moderate,0.05,20.0,5.0,1.0,peripheral,3659.0950150922818,75.95495288295366,0.0,0.0,3583.140062209328,3583.140062209328,176.45414203005564,10.81144432164308,0.0,187.26558635169872,3529.082840601113,54.0572216082154,0.0,0.0,176.89563788857117,94.94369110369206,0.0,15,0,0.0,0,0,0.0,0.0,0.0,0.0,0.0,0.0,0,0.0,0.0,0,0,0,0.0027921199798583984,0.0,0.0,0.0,True,feasible,baseline_truck_only,3659.0950150922818,94.94369110369206,,,,0.0,True,feasible_only,0.0,3659.0950150922818,True,3659.0950150922818,,,
S0014_R01,1402027,nils,S0014,n15_p0.75_d1_clustered_Elow_V2.00_Hmedium_PWmoderate_B0.05,15,0.7333333333333333,0.75,1,3,low,2.0,clustered,medium,moderate,0.05,20.0,5.0,1.0,peripheral,51.03714024992516,39.377683754552955,11.659456495372208,0.0,0.0,0.0,0.0,0.0,0.0,0.0,0.0,0.0,0.0,0.0,92.5582175424806,49.22210469319119,38.86485498457402,10,5,0.3333333333333333,1,1,5.0,5.0,0.0,0.0,0.0,0.0,0,0.7179140760766906,0.7179140760766906,0,11,11,0.17208337783813477,22.0,5.0,73.0,True,feasible,nils_complete,3659.0950150922818,94.94369110369206,,98.60519773224205,,48.15652928488568,True,feasible_only,0.0,51.03714024992516,True,3659.0950150922818,,98.60519773224205,
S0014_R02,1402028,truck_only,S0014,n15_p0.75_d1_clustered_Elow_V2.00_Hmedium_PWmoderate_B0.05,15,0.7333333333333333,0.75,1,3,low,2.0,clustered,medium,moderate,0.05,20.0,5.0,1.0,peripheral,2178.521946097232,70.20762656173788,0.0,0.0,2108.314319535494,2108.314319535494,101.98190147867297,13.735257992406929,0.0,115.7171594710799,2039.6380295734593,68.67628996203464,0.0,0.0,165.24064554634376,87.75953320217236,0.0,15,0,0.0,0,0,0.0,0.0,0.0,0.0,0.0,0.0,0,0.0,0.0,0,0,0,0.0026307106018066406,0.0,0.0,0.0,True,feasible,baseline_truck_only,2178.521946097232,87.75953320217236,,,,0.0,True,feasible_only,0.0,2178.521946097232,True,2178.521946097232,,,
S0014_R02,1402028,nils,S0014,n15_p0.75_d1_clustered_Elow_V2.00_Hmedium_PWmoderate_B0.05,15,0.7333333333333333,0.75,1,3,low,2.0,clustered,medium,moderate,0.05,20.0,5.0,1.0,peripheral,53.17606058566907,40.06512376866837,13.110936817000699,0.0,0.0,0.0,0.0,0.0,0.0,0.0,0.0,0.0,0.0,0.0,93.85137010218523,50.08140471083546,43.70312272333567,9,6,0.4,1,1,6.0,6.0,0.0,0.0,0.0,0.0,0,0.8241787963672896,0.8241787963672896,0,30,30,0.1480245590209961,23.0,6.0,67.0,True,feasible,nils_complete,2178.521946097232,87.75953320217236,,97.55907620389445,,42.933373864395435,True,feasible_only,0.0,53.17606058566907,True,2178.521946097232,,97.55907620389445,
S0014_R03,1402029,truck_only,S0014,n15_p0.75_d1_clustered_Elow_V2.00_Hmedium_PWmoderate_B0.05,15,0.7333333333333333,0.75,1,3,low,2.0,clustered,medium,moderate,0.05,20.0,5.0,1.0,peripheral,4145.54117450527,84.40384127859545,0.0,0.0,4061.137333226674,4061.137333226674,175.0591926953076,111.99069586410451,0.0,287.0498885594121,3501.183853906152,559.9534793205225,0.0,0.0,194.36015629079319,105.50480159824431,0.0,15,0,0.0,0,0,0.0,0.0,0.0,0.0,0.0,0.0,0,0.0,0.0,0,0,0,0.0027778148651123047,0.0,0.0,0.0,True,feasible,baseline_truck_only,4145.54117450527,105.50480159824431,,,,0.0,True,feasible_only,0.0,4145.54117450527,True,4145.54117450527,,,
S0014_R03,1402029,nils,S0014,n15_p0.75_d1_clustered_Elow_V2.00_Hmedium_PWmoderate_B0.05,15,0.7333333333333333,0.75,1,3,low,2.0,clustered,medium,moderate,0.05,20.0,5.0,1.0,peripheral,54.4451289342213,40.39603536710797,14.049093567113328,0.0,0.0,0.0,0.0,0.0,0.0,0.0,0.0,0.0,0.0,0.0,95.71636757747018,50.49504420888497,46.83031189037776,10,5,0.3333333333333333,1,1,5.0,5.0,0.0,0.0,0.0,0.0,0,0.8863149387909481,0.8863149387909481,0,41,41,0.15051889419555664,19.0,5.0,57.0,True,feasible,nils_complete,4145.54117450527,105.50480159824431,,98.68665810705114,,52.13957711501422,True,feasible_only,0.0,54.4451289342213,True,4145.54117450527,,98.68665810705114,
S0014_R04,1402030,truck_only,S0014,n15_p0.75_d1_clustered_Elow_V2.00_Hmedium_PWmoderate_B0.05,15,0.7333333333333333,0.75,1,3,low,2.0,clustered,medium,moderate,0.05,20.0,5.0,1.0,peripheral,1994.125114362936,69.1130046171509,0.0,0.0,1925.0121097457852,1925.0121097457852,96.25060548728926,0.0,0.0,96.25060548728926,1925.0121097457852,0.0,0.0,0.0,162.4847950306251,86.39125577143864,0.0,15,0,0.0,0,0,0.0,0.0,0.0,0.0,0.0,0.0,0,0.0,0.0,0,0,0,0.0026175975799560547,0.0,0.0,0.0,True,feasible,baseline_truck_only,1994.125114362936,86.39125577143864,,,,0.0,True,feasible_only,0.0,1994.125114362936,True,1994.125114362936,,,
S0014_R04,1402030,nils,S0014,n15_p0.75_d1_clustered_Elow_V2.00_Hmedium_PWmoderate_B0.05,15,0.7333333333333333,0.75,1,3,low,2.0,clustered,medium,moderate,0.05,20.0,5.0,1.0,peripheral,51.447724452872684,42.13747781920872,9.310246633663965,0.0,0.0,0.0,0.0,0.0,0.0,0.0,0.0,0.0,0.0,0.0,102.18102358509739,52.6718472740109,31.034155445546546,13,2,0.13333333333333333,1,1,2.0,2.0,0.0,0.0,0.0,0.0,0,0.556927814648449,0.556927814648449,0,13,13,0.1597745418548584,23.0,2.0,65.0,True,feasible,nils_complete,1994.125114362936,86.39125577143864,,97.42003527851317,,39.03104335771854,True,feasible_only,0.0,51.447724452872684,True,1994.125114362936,,97.42003527851317,
S0014_R05,1402031,truck_only,S0014,n15_p0.75_d1_clustered_Elow_V2.00_Hmedium_PWmoderate_B0.05,15,0.7333333333333333,0.75,1,3,low,2.0,clustered,medium,moderate,0.05,20.0,5.0,1.0,peripheral,62.80601150621378,62.80601150621378,0.0,0.0,0.0,0.0,0.0,0.0,0.0,0.0,0.0,0.0,0.0,0.0,147.6666658319775,78.50751438276723,0.0,15,0,0.0,0,0,0.0,0.0,0.0,0.0,0.0,0.0,0,0.0,0.0,0,0,0,0.0027887821197509766,0.0,0.0,0.0,True,feasible,baseline_truck_only,62.80601150621378,78.50751438276723,,,,0.0,True,feasible_only,0.0,62.80601150621378,True,62.80601150621378,,,
S0014_R05,1402031,nils,S0014,n15_p0.75_d1_clustered_Elow_V2.00_Hmedium_PWmoderate_B0.05,15,0.7333333333333333,0.75,1,3,low,2.0,clustered,medium,moderate,0.05,20.0,5.0,1.0,peripheral,53.91474842786867,41.6795026138572,12.235245814011474,0.0,0.0,0.0,0.0,0.0,0.0,0.0,0.0,0.0,0.0,0.0,98.0470163407219,52.0993782673215,40.78415271337158,10,5,0.3333333333333333,1,1,5.0,5.0,0.0,0.0,0.0,0.0,0,0.7558864072586421,0.7558864072586421,0,28,28,0.15253829956054688,23.0,4.0,65.0,True,feasible,nils_complete,62.80601150621378,78.50751438276723,,14.156707081240844,,33.6377177688897,True,feasible_only,0.0,53.91474842786867,True,62.80601150621378,,14.156707081240844,
S0014_R06,1402032,truck_only,S0014,n15_p0.75_d1_clustered_Elow_V2.00_Hmedium_PWmoderate_B0.05,15,0.7333333333333333,0.75,1,3,low,2.0,clustered,medium,moderate,0.05,20.0,5.0,1.0,peripheral,122.21973380099541,74.56716785746352,0.0,0.0,47.6525659435319,47.6525659435319,0.0,9.53051318870638,0.0,9.53051318870638,0.0,47.6525659435319,0.0,0.0,173.3011178062814,93.2089598218294,0.0,15,0,0.0,0,0,0.0,0.0,0.0,0.0,0.0,0.0,0,0.0,0.0,0,0,0,0.0033986568450927734,0.0,0.0,0.0,True,feasible,baseline_truck_only,122.21973380099541,93.2089598218294,,,,0.0,True,feasible_only,0.0,122.21973380099541,True,122.21973380099541,,,
S0014_R06,1402032,nils,S0014,n15_p0.75_d1_clustered_Elow_V2.00_Hmedium_PWmoderate_B0.05,15,0.7333333333333333,0.75,1,3,low,2.0,clustered,medium,moderate,0.05,20.0,5.0,1.0,peripheral,47.55179272565546,34.35449449192089,13.197298233734573,0.0,0.0,0.0,0.0,0.0,0.0,0.0,0.0,0.0,0.0,0.0,77.51323201559835,42.94311811490111,43.990994112448575,5,10,0.6666666666666666,1,1,10.0,10.0,0.0,0.0,0.0,0.0,0,0.8236845358656925,0.8236845358656925,0,0,0,0.15973639488220215,22.0,5.0,66.0,True,feasible,nils_complete,122.21973380099541,93.2089598218294,,61.093195634772215,,53.92812214942892,True,feasible_only,0.0,47.55179272565546,True,122.21973380099541,,61.093195634772215,
S0014_R07,1402033,truck_only,S0014,n15_p0.75_d1_clustered_Elow_V2.00_Hmedium_PWmoderate_B0.05,15,0.7333333333333333,0.75,1,3,low,2.0,clustered,medium,moderate,0.05,20.0,5.0,1.0,peripheral,1952.0462925739257,81.44142646597268,0.0,0.0,1870.604866107953,1870.604866107953,74.1054356182692,77.69923074851381,0.0,151.804666366783,1482.108712365384,388.49615374256905,0.0,0.0,188.11572706818168,101.80178308246585,0.0,15,0,0.0,0,0,0.0,0.0,0.0,0.0,0.0,0.0,0,0.0,0.0,0,0,0,0.003095865249633789,0.0,0.0,0.0,True,feasible,baseline_truck_only,1952.0462925739257,101.80178308246585,,,,0.0,True,feasible_only,0.0,1952.0462925739257,True,1952.0462925739257,,,
S0014_R07,1402033,nils,S0014,n15_p0.75_d1_clustered_Elow_V2.00_Hmedium_PWmoderate_B0.05,15,0.7333333333333333,0.75,1,3,low,2.0,clustered,medium,moderate,0.05,20.0,5.0,1.0,peripheral,53.12069019806416,38.478924315048985,14.641765883015175,0.0,0.0,0.0,0.0,0.0,0.0,0.0,0.0,0.0,0.0,0.0,87.6176623563754,48.09865539381123,48.80588627671724,7,8,0.5333333333333333,1,1,8.0,8.0,0.0,0.0,0.0,0.0,0,0.9254337876084585,0.9254337876084585,1,21,21,0.14958739280700684,19.0,6.0,56.0,True,feasible,nils_complete,1952.0462925739257,101.80178308246585,,97.27871770253869,,52.752639553623254,True,feasible_only,0.0,53.12069019806416,True,1952.0462925739257,,97.27871770253869,
S0014_R08,1402034,truck_only,S0014,n15_p0.75_d1_clustered_Elow_V2.00_Hmedium_PWmoderate_B0.05,15,0.7333333333333333,0.75,1,3,low,2.0,clustered,medium,moderate,0.05,20.0,5.0,1.0,peripheral,3123.448527805591,70.67356163872842,0.0,0.0,3052.774966166862,3052.774966166862,149.55275085716752,12.343989804702318,0.0,161.89674066186984,2991.0550171433506,61.71994902351159,0.0,0.0,165.40965874646702,88.34195204841052,0.0,15,0,0.0,0,0,0.0,0.0,0.0,0.0,0.0,0.0,0,0.0,0.0,0,0,0,0.002776622772216797,0.0,0.0,0.0,True,feasible,baseline_truck_only,3123.448527805591,88.34195204841052,,,,0.0,True,feasible_only,0.0,3123.448527805591,True,3123.448527805591,,,
S0014_R08,1402034,nils,S0014,n15_p0.75_d1_clustered_Elow_V2.00_Hmedium_PWmoderate_B0.05,15,0.7333333333333333,0.75,1,3,low,2.0,clustered,medium,moderate,0.05,20.0,5.0,1.0,peripheral,51.03912991679499,37.64225458530351,13.396875331491476,0.0,0.0,0.0,0.0,0.0,0.0,0.0,0.0,0.0,0.0,0.0,89.32719898201181,47.05281823162939,44.65625110497159,10,5,0.3333333333333333,1,1,5.0,5.0,0.0,0.0,0.0,0.0,0,0.8400763799642684,0.8400763799642684,0,35,35,0.13329815864562988,19.0,5.0,63.0,True,feasible,nils_complete,3123.448527805591,88.34195204841052,,98.36593657739405,,46.73785541229052,True,feasible_only,0.0,51.03912991679499,True,3123.448527805591,,98.36593657739405,
S0014_R09,1402035,truck_only,S0014,n15_p0.75_d1_clustered_Elow_V2.00_Hmedium_PWmoderate_B0.05,15,0.7333333333333333,0.75,1,3,low,2.0,clustered,medium,moderate,0.05,20.0,5.0,1.0,peripheral,2399.3021521460273,77.14770585941237,0.0,0.0,2322.154446286615,2322.154446286615,113.47420801206482,10.53405720906379,0.0,124.00826522112861,2269.484160241296,52.670286045318946,0.0,0.0,180.20573507743174,96.43463232426544,0.0,15,0,0.0,0,0,0.0,0.0,0.0,0.0,0.0,0.0,0,0.0,0.0,0,0,0,0.002607107162475586,0.0,0.0,0.0,True,feasible,baseline_truck_only,2399.3021521460273,96.43463232426544,,,,0.0,True,feasible_only,0.0,2399.3021521460273,True,2399.3021521460273,,,
S0014_R09,1402035,nils,S0014,n15_p0.75_d1_clustered_Elow_V2.00_Hmedium_PWmoderate_B0.05,15,0.7333333333333333,0.75,1,3,low,2.0,clustered,medium,moderate,0.05,20.0,5.0,1.0,peripheral,52.819431376929366,42.1187438700026,10.700687506926768,0.0,0.0,0.0,0.0,0.0,0.0,0.0,0.0,0.0,0.0,0.0,102.27568046603642,52.64842983750325,35.66895835642256,12,3,0.2,1,1,3.0,3.0,0.0,0.0,0.0,0.0,0,0.6619896093462441,0.6619896093462441,0,0,0,0.13013935089111328,25.0,3.0,38.0,True,feasible,nils_complete,2399.3021521460273,96.43463232426544,,97.79855024388296,,45.40505981246371,True,feasible_only,0.0,52.819431376929366,True,2399.3021521460273,,97.79855024388296,
S0014_R10,1402036,truck_only,S0014,n15_p0.75_d1_clustered_Elow_V2.00_Hmedium_PWmoderate_B0.05,15,0.7333333333333333,0.75,1,3,low,2.0,clustered,medium,moderate,0.05,20.0,5.0,1.0,peripheral,2050.188333310183,73.19545669129882,0.0,0.0,1976.9928766188846,1976.9928766188846,96.73270753015805,8.467745203144744,0.0,105.2004527333028,1934.654150603161,42.33872601572372,0.0,0.0,172.14304989300638,91.4943208641235,0.0,15,0,0.0,0,0,0.0,0.0,0.0,0.0,0.0,0.0,0,0.0,0.0,0,0,0,0.0026814937591552734,0.0,0.0,0.0,True,feasible,baseline_truck_only,2050.188333310183,91.4943208641235,,,,0.0,True,feasible_only,0.0,2050.188333310183,True,2050.188333310183,,,
S0014_R10,1402036,nils,S0014,n15_p0.75_d1_clustered_Elow_V2.00_Hmedium_PWmoderate_B0.05,15,0.7333333333333333,0.75,1,3,low,2.0,clustered,medium,moderate,0.05,20.0,5.0,1.0,peripheral,51.627712953522135,37.747964721599885,13.879748231922251,0.0,0.0,0.0,0.0,0.0,0.0,0.0,0.0,0.0,0.0,0.0,90.20534477735836,47.18495590199986,46.26582743974084,9,6,0.4,1,1,6.0,6.0,0.0,0.0,0.0,0.0,0,0.8652031051109478,0.8652031051109478,0,34,34,0.15011119842529297,19.0,5.0,54.0,True,feasible,nils_complete,2050.188333310183,91.4943208641235,,97.48180632409681,,48.42854129484894,True,feasible_only,0.0,51.627712953522135,True,2050.188333310183,,97.48180632409681,
S0015_R01,1502027,truck_only,S0015,n15_p0.75_d1_clustered_Emedium_V1.25_Hshort_PWmoderate_B0.05,15,0.7333333333333333,0.75,1,3,medium,1.25,clustered,short,moderate,0.05,20.0,5.0,1.0,peripheral,847.0954015226275,72.10478770038536,0.0,0.0,774.9906138222422,774.9906138222422,38.749530691112106,0.0,0.0,38.749530691112106,774.9906138222422,0.0,0.0,0.0,169.17793904139097,90.13098462548172,0.0,15,0,0.0,0,0,0.0,0.0,0.0,0.0,0.0,0.0,0,0.0,0.0,0,0,0,0.0044040679931640625,0.0,0.0,0.0,True,feasible,baseline_truck_only,847.0954015226275,90.13098462548172,,,,0.0,True,feasible_only,0.0,847.0954015226275,True,847.0954015226275,,,
S0015_R01,1502027,nils,S0015,n15_p0.75_d1_clustered_Emedium_V1.25_Hshort_PWmoderate_B0.05,15,0.7333333333333333,0.75,1,3,medium,1.25,clustered,short,moderate,0.05,20.0,5.0,1.0,peripheral,51.621182827532614,39.21424552765273,12.406937299879884,0.0,0.0,0.0,0.0,0.0,0.0,0.0,0.0,0.0,0.0,0.0,91.97042153475232,49.0178069095659,41.35645766626628,9,6,0.4,1,1,6.0,6.0,0.0,0.0,0.0,0.0,0,0.8712347885241843,0.8712347885241843,0,70,70,0.1814432144165039,25.0,6.0,62.0,True,feasible,nils_complete,847.0954015226275,90.13098462548172,,93.9060957319866,,45.61492131341074,True,feasible_only,0.0,51.621182827532614,True,847.0954015226275,,93.9060957319866,
S0015_R02,1502028,truck_only,S0015,n15_p0.75_d1_clustered_Emedium_V1.25_Hshort_PWmoderate_B0.05,15,0.7333333333333333,0.75,1,3,medium,1.25,clustered,short,moderate,0.05,20.0,5.0,1.0,peripheral,815.811545297697,55.478560822379244,0.0,0.0,760.3329844753177,760.3329844753177,38.01664922376589,0.0,0.0,38.01664922376589,760.3329844753177,0.0,0.0,0.0,131.41551664993816,69.34820102797407,0.0,15,0,0.0,0,0,0.0,0.0,0.0,0.0,0.0,0.0,0,0.0,0.0,0,0,0,0.00260162353515625,0.0,0.0,0.0,True,feasible,baseline_truck_only,815.811545297697,69.34820102797407,,,,0.0,True,feasible_only,0.0,815.811545297697,True,815.811545297697,,,
S0015_R02,1502028,nils,S0015,n15_p0.75_d1_clustered_Emedium_V1.25_Hshort_PWmoderate_B0.05,15,0.7333333333333333,0.75,1,3,medium,1.25,clustered,short,moderate,0.05,20.0,5.0,1.0,peripheral,45.77336147946226,36.74476010991368,9.028601369548584,0.0,0.0,0.0,0.0,0.0,0.0,0.0,0.0,0.0,0.0,0.0,87.93534811046482,45.930950137392095,30.095337898495284,12,3,0.2,1,1,3.0,3.0,0.0,0.0,0.0,0.0,0,0.6172695820428896,0.6172695820428896,0,0,0,0.14846014976501465,22.0,3.0,74.0,True,feasible,nils_complete,815.811545297697,69.34820102797407,,94.38922362115395,,33.76764003025225,True,feasible_only,0.0,45.77336147946226,True,815.811545297697,,94.38922362115395,
S0015_R03,1502029,truck_only,S0015,n15_p0.75_d1_clustered_Emedium_V1.25_Hshort_PWmoderate_B0.05,15,0.7333333333333333,0.75,1,3,medium,1.25,clustered,short,moderate,0.05,20.0,5.0,1.0,peripheral,1149.3949786910084,60.89190359387608,0.0,0.0,1088.5030750971323,1088.5030750971323,54.42515375485661,0.0,0.0,54.42515375485661,1088.5030750971323,0.0,0.0,0.0,142.95074894245627,76.11487949234511,0.0,15,0,0.0,0,0,0.0,0.0,0.0,0.0,0.0,0.0,0,0.0,0.0,0,0,0,0.002602100372314453,0.0,0.0,0.0,True,feasible,baseline_truck_only,1149.3949786910084,76.11487949234511,,,,0.0,True,feasible_only,0.0,1149.3949786910084,True,1149.3949786910084,,,
S0015_R03,1502029,nils,S0015,n15_p0.75_d1_clustered_Emedium_V1.25_Hshort_PWmoderate_B0.05,15,0.7333333333333333,0.75,1,3,medium,1.25,clustered,short,moderate,0.05,20.0,5.0,1.0,peripheral,46.35223276589971,35.901371884871345,10.45086088102836,0.0,0.0,0.0,0.0,0.0,0.0,0.0,0.0,0.0,0.0,0.0,85.8341276356176,44.876714856089194,34.8362029367612,12,3,0.2,1,1,3.0,3.0,0.0,0.0,0.0,0.0,0,0.7060863853465317,0.7060863853465317,0,15,15,0.14833712577819824,23.0,3.0,57.0,True,feasible,nils_complete,1149.3949786910084,76.11487949234511,,95.96724941162627,,41.040812052257856,True,feasible_only,0.0,46.35223276589971,True,1149.3949786910084,,95.96724941162627,
S0015_R04,1502030,truck_only,S0015,n15_p0.75_d1_clustered_Emedium_V1.25_Hshort_PWmoderate_B0.05,15,0.7333333333333333,0.75,1,3,medium,1.25,clustered,short,moderate,0.05,20.0,5.0,1.0,peripheral,128.75422500174068,73.0303302545999,0.0,0.0,55.72389474714079,55.72389474714079,0.0,11.144778949428158,0.0,11.144778949428158,0.0,55.72389474714079,0.0,0.0,170.98505241865575,91.2879128182499,0.0,15,0,0.0,0,0,0.0,0.0,0.0,0.0,0.0,0.0,0,0.0,0.0,0,0,0,0.0026149749755859375,0.0,0.0,0.0,True,feasible,baseline_truck_only,128.75422500174068,91.2879128182499,,,,0.0,True,feasible_only,0.0,128.75422500174068,True,128.75422500174068,,,
S0015_R04,1502030,nils,S0015,n15_p0.75_d1_clustered_Emedium_V1.25_Hshort_PWmoderate_B0.05,15,0.7333333333333333,0.75,1,3,medium,1.25,clustered,short,moderate,0.05,20.0,5.0,1.0,peripheral,55.489399923490126,42.13645935574378,13.35294056774634,0.0,0.0,0.0,0.0,0.0,0.0,0.0,0.0,0.0,0.0,0.0,97.63727670573127,52.67057419467973,44.509801892487815,9,6,0.4,1,1,6.0,6.0,0.0,0.0,0.0,0.0,0,0.9418273824271967,0.9418273824271967,1,96,96,0.16548609733581543,25.0,4.0,53.0,True,feasible,nils_complete,128.75422500174068,91.2879128182499,,56.90285120916231,,42.302795004696335,True,feasible_only,0.0,55.489399923490126,True,128.75422500174068,,56.90285120916231,
S0015_R05,1502031,truck_only,S0015,n15_p0.75_d1_clustered_Emedium_V1.25_Hshort_PWmoderate_B0.05,15,0.7333333333333333,0.75,1,3,medium,1.25,clustered,short,moderate,0.05,20.0,5.0,1.0,peripheral,3503.5903257503187,86.58775086734114,0.0,0.0,3417.0025748829776,3417.0025748829776,170.81182330368748,0.15322176184561442,0.0,170.9650450655331,3416.2364660737494,0.7661088092280721,0.0,0.0,199.16520254980514,108.23468858417647,0.0,15,0,0.0,0,0,0.0,0.0,0.0,0.0,0.0,0.0,0,0.0,0.0,0,0,0,0.002619504928588867,0.0,0.0,0.0,True,feasible,baseline_truck_only,3503.5903257503187,108.23468858417647,,,,0.0,True,feasible_only,0.0,3503.5903257503187,True,3503.5903257503187,,,
S0015_R05,1502031,nils,S0015,n15_p0.75_d1_clustered_Emedium_V1.25_Hshort_PWmoderate_B0.05,15,0.7333333333333333,0.75,1,3,medium,1.25,clustered,short,moderate,0.05,20.0,5.0,1.0,peripheral,55.54596649642471,42.41877258262941,13.127193913795304,0.0,0.0,0.0,0.0,0.0,0.0,0.0,0.0,0.0,0.0,0.0,99.4337711227391,53.02346572828676,43.75731304598435,10,5,0.3333333333333333,1,1,5.0,5.0,0.0,0.0,0.0,0.0,0,0.9232708635886826,0.9232708635886826,1,119,119,0.16579341888427734,25.0,5.0,48.0,True,feasible,nils_complete,3503.5903257503187,108.23468858417647,,98.41459870213195,,51.01065432728689,True,feasible_only,0.0,55.54596649642471,True,3503.5903257503187,,98.41459870213195,
S0015_R06,1502032,truck_only,S0015,n15_p0.75_d1_clustered_Emedium_V1.25_Hshort_PWmoderate_B0.05,15,0.7333333333333333,0.75,1,3,medium,1.25,clustered,short,moderate,0.05,20.0,5.0,1.0,peripheral,620.2616832849332,73.9722429613636,0.0,0.0,546.2894403235696,546.2894403235696,26.447247910500842,3.468896422710543,0.0,29.916144333211385,528.9449582100168,17.344482113552715,0.0,0.0,170.16129815542024,92.46530370170449,0.0,15,0,0.0,0,0,0.0,0.0,0.0,0.0,0.0,0.0,0,0.0,0.0,0,0,0,0.003154754638671875,0.0,0.0,0.0,True,feasible,baseline_truck_only,620.2616832849332,92.46530370170449,,,,0.0,True,feasible_only,0.0,620.2616832849332,True,620.2616832849332,,,
S0015_R06,1502032,nils,S0015,n15_p0.75_d1_clustered_Emedium_V1.25_Hshort_PWmoderate_B0.05,15,0.7333333333333333,0.75,1,3,medium,1.25,clustered,short,moderate,0.05,20.0,5.0,1.0,peripheral,54.25469645243801,40.7764142062019,13.478282246236112,0.0,0.0,0.0,0.0,0.0,0.0,0.0,0.0,0.0,0.0,0.0,95.01084180513584,50.97051775775236,44.927607487453706,10,5,0.3333333333333333,1,1,5.0,5.0,0.0,0.0,0.0,0.0,0,0.9449014382330366,0.9449014382330366,1,117,117,0.16776609420776367,25.0,5.0,50.0,True,feasible,nils_complete,620.2616832849332,92.46530370170449,,91.25293438003413,,44.87606083879354,True,feasible_only,0.0,54.25469645243801,True,620.2616832849332,,91.25293438003413,
S0015_R07,1502033,truck_only,S0015,n15_p0.75_d1_clustered_Emedium_V1.25_Hshort_PWmoderate_B0.05,15,0.7333333333333333,0.75,1,3,medium,1.25,clustered,short,moderate,0.05,20.0,5.0,1.0,peripheral,1936.0802910115776,81.99765918000764,0.0,0.0,1854.0826318315699,1854.0826318315699,81.88770809991173,43.26569396666706,0.0,125.15340206657879,1637.7541619982346,216.3284698333353,0.0,0.0,188.97694615692146,102.49707397500954,0.0,15,0,0.0,0,0,0.0,0.0,0.0,0.0,0.0,0.0,0,0.0,0.0,0,0,0,0.0028319358825683594,0.0,0.0,0.0,True,feasible,baseline_truck_only,1936.0802910115776,102.49707397500954,,,,0.0,True,feasible_only,0.0,1936.0802910115776,True,1936.0802910115776,,,
S0015_R07,1502033,nils,S0015,n15_p0.75_d1_clustered_Emedium_V1.25_Hshort_PWmoderate_B0.05,15,0.7333333333333333,0.75,1,3,medium,1.25,clustered,short,moderate,0.05,20.0,5.0,1.0,peripheral,50.21678114766199,37.56939223520858,12.647388912453406,0.0,0.0,0.0,0.0,0.0,0.0,0.0,0.0,0.0,0.0,0.0,89.18424822902347,46.96174029401072,42.15796304151136,10,5,0.3333333333333333,1,1,5.0,5.0,0.0,0.0,0.0,0.0,0,0.8838965873366633,0.8838965873366633,0,100,100,0.15837693214416504,25.0,5.0,40.0,True,feasible,nils_complete,1936.0802910115776,102.49707397500954,,97.40626556755947,,54.18236006867791,True,feasible_only,0.0,50.21678114766199,True,1936.0802910115776,,97.40626556755947,
S0015_R08,1502034,truck_only,S0015,n15_p0.75_d1_clustered_Emedium_V1.25_Hshort_PWmoderate_B0.05,15,0.7333333333333333,0.75,1,3,medium,1.25,clustered,short,moderate,0.05,20.0,5.0,1.0,peripheral,697.9461805838048,69.77170292228091,0.0,0.0,628.1744776615238,628.1744776615238,31.408723883076192,0.0,0.0,31.408723883076192,628.1744776615238,0.0,0.0,0.0,163.08331053887005,87.21462865285113,0.0,15,0,0.0,0,0,0.0,0.0,0.0,0.0,0.0,0.0,0,0.0,0.0,0,0,0,0.005563259124755859,0.0,0.0,0.0,True,feasible,baseline_truck_only,697.9461805838048,87.21462865285113,,,,0.0,True,feasible_only,0.0,697.9461805838048,True,697.9461805838048,,,
S0015_R08,1502034,nils,S0015,n15_p0.75_d1_clustered_Emedium_V1.25_Hshort_PWmoderate_B0.05,15,0.7333333333333333,0.75,1,3,medium,1.25,clustered,short,moderate,0.05,20.0,5.0,1.0,peripheral,47.97176079945514,36.98611808201716,10.985642717437983,0.0,0.0,0.0,0.0,0.0,0.0,0.0,0.0,0.0,0.0,0.0,85.80951551610423,46.23264760252145,36.618809058126615,8,7,0.4666666666666667,1,1,7.0,7.0,0.0,0.0,0.0,0.0,0,0.7650939946890379,0.7650939946890379,0,0,0,0.15203285217285156,22.0,6.0,66.0,True,feasible,nils_complete,697.9461805838048,87.21462865285113,,93.12672493467495,,46.98980169193203,True,feasible_only,0.0,47.97176079945514,True,697.9461805838048,,93.12672493467495,
S0015_R09,1502035,truck_only,S0015,n15_p0.75_d1_clustered_Emedium_V1.25_Hshort_PWmoderate_B0.05,15,0.7333333333333333,0.75,1,3,medium,1.25,clustered,short,moderate,0.05,20.0,5.0,1.0,peripheral,868.7398140801699,73.61008752492762,0.0,0.0,795.1297265552423,795.1297265552423,36.51399498649374,12.969965365073492,0.0,49.483960351567234,730.2798997298748,64.84982682536746,0.0,0.0,171.4087105516044,92.01260940615951,0.0,15,0,0.0,0,0,0.0,0.0,0.0,0.0,0.0,0.0,0,0.0,0.0,0,0,0,0.003780364990234375,0.0,0.0,0.0,True,feasible,baseline_truck_only,868.7398140801699,92.01260940615951,,,,0.0,True,feasible_only,0.0,868.7398140801699,True,868.7398140801699,,,
S0015_R09,1502035,nils,S0015,n15_p0.75_d1_clustered_Emedium_V1.25_Hshort_PWmoderate_B0.05,15,0.7333333333333333,0.75,1,3,medium,1.25,clustered,short,moderate,0.05,20.0,5.0,1.0,peripheral,55.36588194608737,45.65965549549854,9.706226450588833,0.0,0.0,0.0,0.0,0.0,0.0,0.0,0.0,0.0,0.0,0.0,110.34745591535466,57.07456936937318,32.354088168629445,13,2,0.13333333333333333,1,1,2.0,2.0,0.0,0.0,0.0,0.0,0,0.6587535629372983,0.6587535629372983,0,23,23,0.13129901885986328,19.0,2.0,60.0,True,feasible,nils_complete,868.7398140801699,92.01260940615951,,93.62687411711303,,37.97092622660423,True,feasible_only,0.0,55.36588194608737,True,868.7398140801699,,93.62687411711303,
S0015_R10,1502036,truck_only,S0015,n15_p0.75_d1_clustered_Emedium_V1.25_Hshort_PWmoderate_B0.05,15,0.7333333333333333,0.75,1,3,medium,1.25,clustered,short,moderate,0.05,20.0,5.0,1.0,peripheral,549.4025192924435,73.90655974749731,0.0,0.0,475.4959595449461,475.4959595449461,19.804423126195758,15.881499404206195,0.0,35.68592253040195,396.08846252391515,79.40749702103098,0.0,0.0,174.25669883282396,92.38319968437165,0.0,15,0,0.0,0,0,0.0,0.0,0.0,0.0,0.0,0.0,0,0.0,0.0,0,0,0,0.0032651424407958984,0.0,0.0,0.0,True,feasible,baseline_truck_only,549.4025192924435,92.38319968437165,,,,0.0,True,feasible_only,0.0,549.4025192924435,True,549.4025192924435,,,
S0015_R10,1502036,nils,S0015,n15_p0.75_d1_clustered_Emedium_V1.25_Hshort_PWmoderate_B0.05,15,0.7333333333333333,0.75,1,3,medium,1.25,clustered,short,moderate,0.05,20.0,5.0,1.0,peripheral,51.34299117028323,41.4965817646669,9.846409405616331,0.0,0.0,0.0,0.0,0.0,0.0,0.0,0.0,0.0,0.0,0.0,99.88094596731665,51.87072720583362,32.82136468538777,10,5,0.3333333333333333,1,1,5.0,5.0,0.0,0.0,0.0,0.0,0,0.6726389339154196,0.6726389339154196,0,0,0,0.15749430656433105,22.0,5.0,74.0,True,feasible,nils_complete,549.4025192924435,92.38319968437165,,90.65475869378865,,43.85264054173204,True,feasible_only,0.0,51.34299117028323,True,549.4025192924435,,90.65475869378865,
S0016_R01,1602027,truck_only,S0016,n15_p0.75_d1_clustered_Emedium_V1.25_Hmedium_PWbase_B0.05,15,0.7333333333333333,0.75,1,3,medium,1.25,clustered,medium,base,0.05,100.0,20.0,1.0,peripheral,6134.167451597064,73.72151187454826,0.0,0.0,6060.445939722516,6060.445939722516,60.60445939722516,0.0,0.0,60.60445939722516,6060.445939722516,0.0,0.0,0.0,171.39452372944623,92.15188984318533,0.0,15,0,0.0,0,0,0.0,0.0,0.0,0.0,0.0,0.0,0,0.0,0.0,0,0,0,0.0026116371154785156,0.0,0.0,0.0,True,feasible,baseline_truck_only,6134.167451597064,92.15188984318533,,,,0.0,True,feasible_only,0.0,6134.167451597064,True,6134.167451597064,,,
S0016_R01,1602027,nils,S0016,n15_p0.75_d1_clustered_Emedium_V1.25_Hmedium_PWbase_B0.05,15,0.7333333333333333,0.75,1,3,medium,1.25,clustered,medium,base,0.05,100.0,20.0,1.0,peripheral,51.460462052231634,41.38271488608434,10.077747166147295,0.0,0.0,0.0,0.0,0.0,0.0,0.0,0.0,0.0,0.0,0.0,97.44859720888394,51.72839360760542,33.59249055382432,10,5,0.3333333333333333,1,1,5.0,5.0,0.0,0.0,0.0,0.0,0,0.7006748025773045,0.7006748025773045,0,11,11,0.15670204162597656,22.0,5.0,73.0,True,feasible,nils_complete,6134.167451597064,92.15188984318533,,99.16108481781282,,43.866160861560715,True,feasible_only,0.0,51.460462052231634,True,6134.167451597064,,99.16108481781282,
S0016_R02,1602028,truck_only,S0016,n15_p0.75_d1_clustered_Emedium_V1.25_Hmedium_PWbase_B0.05,15,0.7333333333333333,0.75,1,3,medium,1.25,clustered,medium,base,0.05,100.0,20.0,1.0,peripheral,5684.864097820964,59.21814373110848,0.0,0.0,5625.645954089856,5625.645954089856,56.25645954089856,0.0,0.0,56.25645954089856,5625.645954089856,0.0,0.0,0.0,139.41042653098305,74.02267966388558,0.0,15,0,0.0,0,0,0.0,0.0,0.0,0.0,0.0,0.0,0,0.0,0.0,0,0,0,0.0034072399139404297,0.0,0.0,0.0,True,feasible,baseline_truck_only,5684.864097820964,74.02267966388558,,,,0.0,True,feasible_only,0.0,5684.864097820964,True,5684.864097820964,,,
S0016_R02,1602028,nils,S0016,n15_p0.75_d1_clustered_Emedium_V1.25_Hmedium_PWbase_B0.05,15,0.7333333333333333,0.75,1,3,medium,1.25,clustered,medium,base,0.05,100.0,20.0,1.0,peripheral,51.68472070716422,39.554353244932514,12.130367462231703,0.0,0.0,0.0,0.0,0.0,0.0,0.0,0.0,0.0,0.0,0.0,91.83160793561544,49.44294155616564,40.43455820743901,9,6,0.4,1,1,6.0,6.0,0.0,0.0,0.0,0.0,0,0.8520937420831037,0.8520937420831037,0,72,72,0.1681807041168213,25.0,6.0,60.0,True,feasible,nils_complete,5684.864097820964,74.02267966388558,,99.09083630113558,,33.20568536471394,True,feasible_only,0.0,51.68472070716422,True,5684.864097820964,,99.09083630113558,
S0016_R03,1602029,truck_only,S0016,n15_p0.75_d1_clustered_Emedium_V1.25_Hmedium_PWbase_B0.05,15,0.7333333333333333,0.75,1,3,medium,1.25,clustered,medium,base,0.05,100.0,20.0,1.0,peripheral,17147.218606943683,69.91897663062232,0.0,0.0,17077.29963031306,17077.29963031306,170.77299630313058,0.0,0.0,170.77299630313058,17077.299630313057,0.0,0.0,0.0,162.6421437268707,87.39872078827791,0.0,15,0,0.0,0,0,0.0,0.0,0.0,0.0,0.0,0.0,0,0.0,0.0,0,0,0,0.002592802047729492,0.0,0.0,0.0,True,feasible,baseline_truck_only,17147.218606943683,87.39872078827791,,,,0.0,True,feasible_only,0.0,17147.218606943683,True,17147.218606943683,,,
S0016_R03,1602029,nils,S0016,n15_p0.75_d1_clustered_Emedium_V1.25_Hmedium_PWbase_B0.05,15,0.7333333333333333,0.75,1,3,medium,1.25,clustered,medium,base,0.05,100.0,20.0,1.0,peripheral,50.80960339590462,37.637949666663076,13.171653729241537,0.0,0.0,0.0,0.0,0.0,0.0,0.0,0.0,0.0,0.0,0.0,85.54830808511167,47.047437083328845,43.90551243080513,7,8,0.5333333333333333,1,1,8.0,8.0,0.0,0.0,0.0,0.0,0,0.9291141204248681,0.9291141204248681,1,33,33,0.1655564308166504,19.0,7.0,65.0,True,feasible,nils_complete,17147.218606943683,87.39872078827791,,99.70368603468245,,46.16919257056342,True,feasible_only,0.0,50.80960339590462,True,17147.218606943683,,99.70368603468245,
S0016_R04,1602030,truck_only,S0016,n15_p0.75_d1_clustered_Emedium_V1.25_Hmedium_PWbase_B0.05,15,0.7333333333333333,0.75,1,3,medium,1.25,clustered,medium,base,0.05,100.0,20.0,1.0,peripheral,4427.365339585012,91.32463669339428,0.0,0.0,4336.040702891618,4336.040702891618,29.949870847590198,67.05268090662992,0.0,97.00255175422012,2994.9870847590196,1341.0536181325983,0.0,0.0,209.5122321785856,114.15579586674284,0.0,15,0,0.0,0,0,0.0,0.0,0.0,0.0,0.0,0.0,0,0.0,0.0,0,0,0,0.0030088424682617188,0.0,0.0,0.0,True,feasible,baseline_truck_only,4427.365339585012,114.15579586674284,,,,0.0,True,feasible_only,0.0,4427.365339585012,True,4427.365339585012,,,
S0016_R04,1602030,nils,S0016,n15_p0.75_d1_clustered_Emedium_V1.25_Hmedium_PWbase_B0.05,15,0.7333333333333333,0.75,1,3,medium,1.25,clustered,medium,base,0.05,100.0,20.0,1.0,peripheral,54.790404881113794,41.9969804597103,12.793424421403492,0.0,0.0,0.0,0.0,0.0,0.0,0.0,0.0,0.0,0.0,0.0,97.69200527567519,52.496225574637876,42.64474807134498,10,5,0.3333333333333333,1,1,5.0,5.0,0.0,0.0,0.0,0.0,0,0.9021346311361053,0.9021346311361053,1,98,98,0.21474361419677734,25.0,5.0,51.0,True,feasible,nils_complete,4427.365339585012,114.15579586674284,,98.7624602742576,,54.01352583453744,True,feasible_only,0.0,54.790404881113794,True,4427.365339585012,,98.7624602742576,
S0016_R05,1602031,truck_only,S0016,n15_p0.75_d1_clustered_Emedium_V1.25_Hmedium_PWbase_B0.05,15,0.7333333333333333,0.75,1,3,medium,1.25,clustered,medium,base,0.05,100.0,20.0,1.0,peripheral,64.75514886639317,64.75514886639317,0.0,0.0,0.0,0.0,0.0,0.0,0.0,0.0,0.0,0.0,0.0,0.0,153.44567421335955,80.94393608299146,0.0,15,0,0.0,0,0,0.0,0.0,0.0,0.0,0.0,0.0,0,0.0,0.0,0,0,0,0.003754138946533203,0.0,0.0,0.0,True,feasible,baseline_truck_only,64.75514886639317,80.94393608299146,,,,0.0,True,feasible_only,0.0,64.75514886639317,True,64.75514886639317,,,
S0016_R05,1602031,nils,S0016,n15_p0.75_d1_clustered_Emedium_V1.25_Hmedium_PWbase_B0.05,15,0.7333333333333333,0.75,1,3,medium,1.25,clustered,medium,base,0.05,100.0,20.0,1.0,peripheral,48.83367225467151,38.31821619369347,10.515456060978037,0.0,0.0,0.0,0.0,0.0,0.0,0.0,0.0,0.0,0.0,0.0,91.17564646499865,47.89777024211684,35.051520203260125,10,5,0.3333333333333333,1,1,5.0,5.0,0.0,0.0,0.0,0.0,0,0.721248539336575,0.721248539336575,0,14,14,0.15717267990112305,23.0,4.0,64.0,True,feasible,nils_complete,64.75514886639317,80.94393608299146,,24.58719791467368,,40.82599319977784,True,feasible_only,0.0,48.83367225467151,True,64.75514886639317,,24.58719791467368,
S0016_R06,1602032,truck_only,S0016,n15_p0.75_d1_clustered_Emedium_V1.25_Hmedium_PWbase_B0.05,15,0.7333333333333333,0.75,1,3,medium,1.25,clustered,medium,base,0.05,100.0,20.0,1.0,peripheral,246.25833006630327,70.44792817509372,0.0,0.0,175.81040189120955,175.81040189120955,0.0,8.790520094560478,0.0,8.790520094560478,0.0,175.81040189120955,0.0,0.0,164.79912394027366,88.05991021886712,0.0,15,0,0.0,0,0,0.0,0.0,0.0,0.0,0.0,0.0,0,0.0,0.0,0,0,0,0.003655672073364258,0.0,0.0,0.0,True,feasible,baseline_truck_only,246.25833006630327,88.05991021886712,,,,0.0,True,feasible_only,0.0,246.25833006630327,True,246.25833006630327,,,
S0016_R06,1602032,nils,S0016,n15_p0.75_d1_clustered_Emedium_V1.25_Hmedium_PWbase_B0.05,15,0.7333333333333333,0.75,1,3,medium,1.25,clustered,medium,base,0.05,100.0,20.0,1.0,peripheral,50.45208489945343,40.18077220373475,10.271312695718683,0.0,0.0,0.0,0.0,0.0,0.0,0.0,0.0,0.0,0.0,0.0,92.36666675978931,50.22596525466844,34.23770898572894,7,8,0.5333333333333333,1,1,8.0,8.0,0.0,0.0,0.0,0.0,0,0.7038509856305423,0.7038509856305423,0,0,0,0.1501462459564209,22.0,4.0,66.0,True,feasible,nils_complete,246.25833006630327,88.05991021886712,,79.51253673901323,,42.96386956353339,True,feasible_only,0.0,50.45208489945343,True,246.25833006630327,,79.51253673901323,
S0016_R07,1602033,truck_only,S0016,n15_p0.75_d1_clustered_Emedium_V1.25_Hmedium_PWbase_B0.05,15,0.7333333333333333,0.75,1,3,medium,1.25,clustered,medium,base,0.05,100.0,20.0,1.0,peripheral,648.8575734998956,81.51714452305681,0.0,0.0,567.3404289768388,567.3404289768388,0.0,28.36702144884194,0.0,28.36702144884194,0.0,567.3404289768388,0.0,0.0,191.63446206575713,101.896430653821,0.0,15,0,0.0,0,0,0.0,0.0,0.0,0.0,0.0,0.0,0,0.0,0.0,0,0,0,0.0028934478759765625,0.0,0.0,0.0,True,feasible,baseline_truck_only,648.8575734998956,101.896430653821,,,,0.0,True,feasible_only,0.0,648.8575734998956,True,648.8575734998956,,,
S0016_R07,1602033,nils,S0016,n15_p0.75_d1_clustered_Emedium_V1.25_Hmedium_PWbase_B0.05,15,0.7333333333333333,0.75,1,3,medium,1.25,clustered,medium,base,0.05,100.0,20.0,1.0,peripheral,51.9327710324099,41.08534825723163,10.847422775178273,0.0,0.0,0.0,0.0,0.0,0.0,0.0,0.0,0.0,0.0,0.0,95.90149709477699,51.35668532153954,36.158075917260916,7,8,0.5333333333333333,1,1,8.0,8.0,0.0,0.0,0.0,0.0,0,0.737415193921186,0.737415193921186,0,0,0,0.14646673202514648,22.0,5.0,66.0,True,feasible,nils_complete,648.8575734998956,101.896430653821,,91.9962757385588,,49.599132185486695,True,feasible_only,0.0,51.9327710324099,True,648.8575734998956,,91.9962757385588,
S0016_R08,1602034,truck_only,S0016,n15_p0.75_d1_clustered_Emedium_V1.25_Hmedium_PWbase_B0.05,15,0.7333333333333333,0.75,1,3,medium,1.25,clustered,medium,base,0.05,100.0,20.0,1.0,peripheral,5742.748823486882,63.39594138489521,0.0,0.0,5679.352882101987,5679.352882101987,56.793528821019876,0.0,0.0,56.793528821019876,5679.352882101987,0.0,0.0,0.0,149.2088079484871,79.244926731119,0.0,15,0,0.0,0,0,0.0,0.0,0.0,0.0,0.0,0.0,0,0.0,0.0,0,0,0,0.002884387969970703,0.0,0.0,0.0,True,feasible,baseline_truck_only,5742.748823486882,79.244926731119,,,,0.0,True,feasible_only,0.0,5742.748823486882,True,5742.748823486882,,,
S0016_R08,1602034,nils,S0016,n15_p0.75_d1_clustered_Emedium_V1.25_Hmedium_PWbase_B0.05,15,0.7333333333333333,0.75,1,3,medium,1.25,clustered,medium,base,0.05,100.0,20.0,1.0,peripheral,49.61693523402374,38.9445277311446,10.672407502879135,0.0,0.0,0.0,0.0,0.0,0.0,0.0,0.0,0.0,0.0,0.0,91.64793983032226,48.68065966393076,35.57469167626379,10,5,0.3333333333333333,1,1,5.0,5.0,0.0,0.0,0.0,0.0,0,0.7417033016671026,0.7417033016671026,0,26,26,0.15546059608459473,23.0,5.0,71.0,True,feasible,nils_complete,5742.748823486882,79.244926731119,,99.13600721955488,,38.56936756455582,True,feasible_only,0.0,49.61693523402374,True,5742.748823486882,,99.13600721955488,
S0016_R09,1602035,truck_only,S0016,n15_p0.75_d1_clustered_Emedium_V1.25_Hmedium_PWbase_B0.05,15,0.7333333333333333,0.75,1,3,medium,1.25,clustered,medium,base,0.05,100.0,20.0,1.0,peripheral,9876.016359707142,68.32340030412894,0.0,0.0,9807.692959403013,9807.692959403013,97.54773013521447,2.645997294078427,0.0,100.19372742929289,9754.773013521446,52.91994588156854,0.0,0.0,160.9693907413951,85.40425038016116,0.0,15,0,0.0,0,0,0.0,0.0,0.0,0.0,0.0,0.0,0,0.0,0.0,0,0,0,0.003206491470336914,0.0,0.0,0.0,True,feasible,baseline_truck_only,9876.016359707142,85.40425038016116,,,,0.0,True,feasible_only,0.0,9876.016359707142,True,9876.016359707142,,,
S0016_R09,1602035,nils,S0016,n15_p0.75_d1_clustered_Emedium_V1.25_Hmedium_PWbase_B0.05,15,0.7333333333333333,0.75,1,3,medium,1.25,clustered,medium,base,0.05,100.0,20.0,1.0,peripheral,48.03184596436424,36.5748001969569,11.457045767407335,0.0,0.0,0.0,0.0,0.0,0.0,0.0,0.0,0.0,0.0,0.0,88.26903537316792,45.718500246196115,38.19015255802445,10,5,0.3333333333333333,1,1,5.0,5.0,0.0,0.0,0.0,0.0,0,0.808360378069673,0.808360378069673,0,38,38,0.13776493072509766,19.0,5.0,60.0,True,feasible,nils_complete,9876.016359707142,85.40425038016116,,99.51365161604706,,46.46812068171232,True,feasible_only,0.0,48.03184596436424,True,9876.016359707142,,99.51365161604706,
S0016_R10,1602036,truck_only,S0016,n15_p0.75_d1_clustered_Emedium_V1.25_Hmedium_PWbase_B0.05,15,0.7333333333333333,0.75,1,3,medium,1.25,clustered,medium,base,0.05,100.0,20.0,1.0,peripheral,65.75587528838912,65.75587528838912,0.0,0.0,0.0,0.0,0.0,0.0,0.0,0.0,0.0,0.0,0.0,0.0,155.8007794096899,82.1948441104864,0.0,15,0,0.0,0,0,0.0,0.0,0.0,0.0,0.0,0.0,0,0.0,0.0,0,0,0,0.0032761096954345703,0.0,0.0,0.0,True,feasible,baseline_truck_only,65.75587528838912,82.1948441104864,,,,0.0,True,feasible_only,0.0,65.75587528838912,True,65.75587528838912,,,
S0016_R10,1602036,nils,S0016,n15_p0.75_d1_clustered_Emedium_V1.25_Hmedium_PWbase_B0.05,15,0.7333333333333333,0.75,1,3,medium,1.25,clustered,medium,base,0.05,100.0,20.0,1.0,peripheral,51.13048877858116,38.89004900098682,12.24043977759434,0.0,0.0,0.0,0.0,0.0,0.0,0.0,0.0,0.0,0.0,0.0,91.69018918761645,48.61256125123351,40.80146592531447,10,5,0.3333333333333333,1,1,5.0,5.0,0.0,0.0,0.0,0.0,0,0.8556166234354248,0.8556166234354248,0,41,41,0.12487411499023438,17.0,5.0,55.0,True,feasible,nils_complete,65.75587528838912,82.1948441104864,,22.24194635941596,,40.856921407517426,True,feasible_only,0.0,51.13048877858116,True,65.75587528838912,,22.24194635941596,
S0017_R01,1702027,truck_only,S0017,n15_p0.75_d1_uniform_Emedium_V1.25_Hlong_PWflat_B0.05,15,0.7333333333333333,0.75,1,3,medium,1.25,uniform,long,flat,0.05,1.0,1.0,1.0,peripheral,145.70109951029087,128.82944245618233,0.0,0.0,16.871657054108532,16.871657054108532,16.871657054108532,0.0,0.0,16.871657054108532,16.871657054108532,0.0,0.0,0.0,168.79195744463655,161.03680307022793,0.0,15,0,0.0,0,0,0.0,0.0,0.0,0.0,0.0,0.0,0,0.0,0.0,0,0,0,0.0032567977905273438,0.0,0.0,0.0,True,feasible,baseline_truck_only,145.70109951029087,161.03680307022793,,,,0.0,True,feasible_only,0.0,145.70109951029087,True,145.70109951029087,,,
S0017_R01,1702027,nils,S0017,n15_p0.75_d1_uniform_Emedium_V1.25_Hlong_PWflat_B0.05,15,0.7333333333333333,0.75,1,3,medium,1.25,uniform,long,flat,0.05,1.0,1.0,1.0,peripheral,107.27262849313092,94.45061599358915,12.822012499541767,0.0,0.0,0.0,0.0,0.0,0.0,0.0,0.0,0.0,0.0,0.0,155.27778862576324,118.06326999198646,42.74004166513923,12,3,0.2,1,1,3.0,3.0,0.0,0.0,0.0,0.0,0,0.9034998624499908,0.9034998624499908,1,168,168,0.13699722290039062,25.0,3.0,17.0,True,feasible,nils_complete,145.70109951029087,161.03680307022793,,26.374866865329142,,26.685535392490852,True,feasible_only,0.0,107.27262849313092,True,145.70109951029087,,26.374866865329142,
S0017_R02,1702028,truck_only,S0017,n15_p0.75_d1_uniform_Emedium_V1.25_Hlong_PWflat_B0.05,15,0.7333333333333333,0.75,1,3,medium,1.25,uniform,long,flat,0.05,1.0,1.0,1.0,peripheral,155.30460074443147,134.22861680007443,0.0,0.0,21.07598394435704,21.07598394435704,21.07598394435704,0.0,0.0,21.07598394435704,21.07598394435704,0.0,0.0,0.0,141.02828052171057,167.78577100009304,0.0,15,0,0.0,0,0,0.0,0.0,0.0,0.0,0.0,0.0,0,0.0,0.0,0,0,0,0.0030319690704345703,0.0,0.0,0.0,True,feasible,baseline_truck_only,155.30460074443147,167.78577100009304,,,,0.0,True,feasible_only,0.0,155.30460074443147,True,155.30460074443147,,,
S0017_R02,1702028,nils,S0017,n15_p0.75_d1_uniform_Emedium_V1.25_Hlong_PWflat_B0.05,15,0.7333333333333333,0.75,1,3,medium,1.25,uniform,long,flat,0.05,1.0,1.0,1.0,peripheral,132.31843151984714,109.21524025295564,6.773116357828741,0.0,16.330074909062752,16.330074909062752,16.330074909062752,0.0,0.0,16.330074909062752,16.330074909062752,0.0,0.0,0.0,135.74364487294218,136.51905031619452,22.577054526095804,12,3,0.2,1,1,3.0,3.0,0.0,0.0,0.0,0.0,0,0.4974669258687441,0.4974669258687441,0,81,81,0.08326077461242676,14.0,3.0,28.0,True,feasible,nils_complete,155.30460074443147,167.78577100009304,,14.800700761215865,,18.63490598608697,True,feasible_only,0.0,132.31843151984714,True,155.30460074443147,,14.800700761215865,
S0017_R03,1702029,truck_only,S0017,n15_p0.75_d1_uniform_Emedium_V1.25_Hlong_PWflat_B0.05,15,0.7333333333333333,0.75,1,3,medium,1.25,uniform,long,flat,0.05,1.0,1.0,1.0,peripheral,323.6764871172506,171.96788695823122,0.0,0.0,151.70860015901937,151.70860015901937,151.70860015901937,0.0,0.0,151.70860015901937,151.70860015901937,0.0,0.0,0.0,188.85890630941464,214.95985869778897,0.0,15,0,0.0,0,0,0.0,0.0,0.0,0.0,0.0,0.0,0,0.0,0.0,0,0,0,0.002835512161254883,0.0,0.0,0.0,True,feasible,baseline_truck_only,323.6764871172506,214.95985869778897,,,,0.0,True,feasible_only,0.0,323.6764871172506,True,323.6764871172506,,,
S0017_R03,1702029,nils,S0017,n15_p0.75_d1_uniform_Emedium_V1.25_Hlong_PWflat_B0.05,15,0.7333333333333333,0.75,1,3,medium,1.25,uniform,long,flat,0.05,1.0,1.0,1.0,peripheral,152.07422801573745,140.01566742116356,12.058560594573889,0.0,0.0,0.0,0.0,0.0,0.0,0.0,0.0,0.0,0.0,0.0,148.67799490024896,175.01958427645445,40.19520198191296,13,2,0.13333333333333333,1,1,2.0,2.0,0.0,0.0,0.0,0.0,0,0.8310938745013812,0.8310938745013812,0,219,219,0.13570880889892578,25.0,3.0,9.0,True,feasible,nils_complete,323.6764871172506,214.95985869778897,,53.0165971059093,,18.58034084283911,True,feasible_only,0.0,152.07422801573745,True,323.6764871172506,,53.0165971059093,
S0017_R04,1702030,truck_only,S0017,n15_p0.75_d1_uniform_Emedium_V1.25_Hlong_PWflat_B0.05,15,0.7333333333333333,0.75,1,3,medium,1.25,uniform,long,flat,0.05,1.0,1.0,1.0,peripheral,307.951721559007,165.37949274019775,0.0,0.0,142.57222881880926,142.57222881880926,105.13215212661467,37.440076692194594,0.0,142.57222881880926,105.13215212661467,37.440076692194594,0.0,0.0,188.59345983084768,206.72436592524718,0.0,15,0,0.0,0,0,0.0,0.0,0.0,0.0,0.0,0.0,0,0.0,0.0,0,0,0,0.0030715465545654297,0.0,0.0,0.0,True,feasible,baseline_truck_only,307.951721559007,206.72436592524718,,,,0.0,True,feasible_only,0.0,307.951721559007,True,307.951721559007,,,
S0017_R04,1702030,nils,S0017,n15_p0.75_d1_uniform_Emedium_V1.25_Hlong_PWflat_B0.05,15,0.7333333333333333,0.75,1,3,medium,1.25,uniform,long,flat,0.05,1.0,1.0,1.0,peripheral,140.61941140235123,110.57171549850611,13.088421024622837,0.0,16.9592748792223,16.9592748792223,16.9592748792223,0.0,0.0,16.9592748792223,16.9592748792223,0.0,0.0,0.0,130.28410466629177,138.21464437313264,43.62807008207613,12,3,0.2,1,1,3.0,3.0,0.0,0.0,0.0,0.0,0,0.9402932812662019,0.9402932812662019,1,190,190,0.14578604698181152,25.0,3.0,16.0,True,feasible,nils_complete,307.951721559007,206.72436592524718,,54.33718938460067,,33.140612740777776,True,feasible_only,0.0,140.61941140235123,True,307.951721559007,,54.33718938460067,
S0017_R05,1702031,truck_only,S0017,n15_p0.75_d1_uniform_Emedium_V1.25_Hlong_PWflat_B0.05,15,0.7333333333333333,0.75,1,3,medium,1.25,uniform,long,flat,0.05,1.0,1.0,1.0,peripheral,157.36917088487638,140.3720177404836,0.0,0.0,16.99715314439276,16.99715314439276,16.99715314439276,0.0,0.0,16.99715314439276,16.99715314439276,0.0,0.0,0.0,128.87228338986264,175.46502217560447,0.0,15,0,0.0,0,0,0.0,0.0,0.0,0.0,0.0,0.0,0,0.0,0.0,0,0,0,0.004848003387451172,0.0,0.0,0.0,True,feasible,baseline_truck_only,157.36917088487638,175.46502217560447,,,,0.0,True,feasible_only,0.0,157.36917088487638,True,157.36917088487638,,,
S0017_R05,1702031,nils,S0017,n15_p0.75_d1_uniform_Emedium_V1.25_Hlong_PWflat_B0.05,15,0.7333333333333333,0.75,1,3,medium,1.25,uniform,long,flat,0.05,1.0,1.0,1.0,peripheral,120.45569050645943,110.21816287039802,10.237527636061415,0.0,0.0,0.0,0.0,0.0,0.0,0.0,0.0,0.0,0.0,0.0,109.98969612012743,137.7727035879975,34.12509212020472,11,4,0.26666666666666666,1,1,4.0,4.0,0.0,0.0,0.0,0.0,0,0.7373506217045815,0.7373506217045815,0,161,161,0.13219738006591797,25.0,4.0,25.0,True,feasible,nils_complete,157.36917088487638,175.46502217560447,,23.456614895315838,,21.481385931085846,True,feasible_only,0.0,120.45569050645943,True,157.36917088487638,,23.456614895315838,
S0017_R06,1702032,truck_only,S0017,n15_p0.75_d1_uniform_Emedium_V1.25_Hlong_PWflat_B0.05,15,0.7333333333333333,0.75,1,3,medium,1.25,uniform,long,flat,0.05,1.0,1.0,1.0,peripheral,178.7206567883323,176.034155940875,0.0,0.0,2.686500847457282,2.686500847457282,2.686500847457282,0.0,0.0,2.686500847457282,2.686500847457282,0.0,0.0,0.0,168.02258444345492,220.04269492609373,0.0,15,0,0.0,0,0,0.0,0.0,0.0,0.0,0.0,0.0,0,0.0,0.0,0,0,0,0.002872943878173828,0.0,0.0,0.0,True,feasible,baseline_truck_only,178.7206567883323,220.04269492609373,,,,0.0,True,feasible_only,0.0,178.7206567883323,True,178.7206567883323,,,
S0017_R06,1702032,nils,S0017,n15_p0.75_d1_uniform_Emedium_V1.25_Hlong_PWflat_B0.05,15,0.7333333333333333,0.75,1,3,medium,1.25,uniform,long,flat,0.05,1.0,1.0,1.0,peripheral,146.34163143118744,133.24993012987844,13.091701301309007,0.0,0.0,0.0,0.0,0.0,0.0,0.0,0.0,0.0,0.0,0.0,135.62258825657466,166.56241266234804,43.6390043376967,11,4,0.26666666666666666,1,1,4.0,4.0,0.0,0.0,0.0,0.0,0,0.9208156568216863,0.9208156568216863,1,147,147,0.12920784950256348,23.0,4.0,24.0,True,feasible,nils_complete,178.7206567883323,220.04269492609373,,18.11711412603689,,24.304502488350384,True,feasible_only,0.0,146.34163143118744,True,178.7206567883323,,18.11711412603689,
S0017_R07,1702033,truck_only,S0017,n15_p0.75_d1_uniform_Emedium_V1.25_Hlong_PWflat_B0.05,15,0.7333333333333333,0.75,1,3,medium,1.25,uniform,long,flat,0.05,1.0,1.0,1.0,peripheral,730.5181349948606,137.7168674398545,0.0,0.0,592.8012675550061,592.8012675550061,376.1612669037827,216.64000065122346,0.0,592.8012675550061,376.1612669037827,216.64000065122346,0.0,0.0,279.93903834730475,172.14608429981809,0.0,15,0,0.0,0,0,0.0,0.0,0.0,0.0,0.0,0.0,0,0.0,0.0,0,0,0,0.002745389938354492,0.0,0.0,0.0,True,feasible,baseline_truck_only,730.5181349948606,172.14608429981809,,,,0.0,True,feasible_only,0.0,730.5181349948606,True,730.5181349948606,,,
S0017_R07,1702033,nils,S0017,n15_p0.75_d1_uniform_Emedium_V1.25_Hlong_PWflat_B0.05,15,0.7333333333333333,0.75,1,3,medium,1.25,uniform,long,flat,0.05,1.0,1.0,1.0,peripheral,184.84327966981638,132.55359711598413,11.497671097425878,0.0,40.79201145640639,40.79201145640639,38.93278618466493,1.8592252717414652,0.0,40.79201145640639,38.93278618466493,1.8592252717414652,0.0,0.0,169.24733431565934,165.69199639498015,38.325570324752924,13,2,0.13333333333333333,1,1,2.0,2.0,0.0,0.0,0.0,0.0,0,0.8404168236225634,0.8404168236225634,0,219,219,0.14055395126342773,25.0,5.0,9.0,True,feasible,nils_complete,730.5181349948606,172.14608429981809,,74.69696222242082,,3.749192397311331,True,feasible_only,0.0,184.84327966981638,True,730.5181349948606,,74.69696222242082,
S0017_R08,1702034,truck_only,S0017,n15_p0.75_d1_uniform_Emedium_V1.25_Hlong_PWflat_B0.05,15,0.7333333333333333,0.75,1,3,medium,1.25,uniform,long,flat,0.05,1.0,1.0,1.0,peripheral,649.751480182893,159.40994048747854,0.0,0.0,490.3415396954145,490.3415396954145,490.34153969541444,0.0,0.0,490.34153969541444,490.34153969541444,0.0,0.0,0.0,269.1494275929564,199.26242560934816,0.0,15,0,0.0,0,0,0.0,0.0,0.0,0.0,0.0,0.0,0,0.0,0.0,0,0,0,0.003314971923828125,0.0,0.0,0.0,True,feasible,baseline_truck_only,649.751480182893,199.26242560934816,,,,0.0,True,feasible_only,0.0,649.751480182893,True,649.751480182893,,,
S0017_R08,1702034,nils,S0017,n15_p0.75_d1_uniform_Emedium_V1.25_Hlong_PWflat_B0.05,15,0.7333333333333333,0.75,1,3,medium,1.25,uniform,long,flat,0.05,1.0,1.0,1.0,peripheral,145.54934840029594,103.7974643301323,10.660607968837878,0.0,31.091276101325768,31.091276101325768,31.091276101325768,0.0,0.0,31.091276101325768,31.091276101325768,0.0,0.0,0.0,152.25907466781746,129.7468304126654,35.53535989612626,11,4,0.26666666666666666,1,1,4.0,4.0,0.0,0.0,0.0,0.0,0,0.7795324666614972,0.7795324666614972,0,139,139,0.1447305679321289,22.0,4.0,26.0,True,feasible,nils_complete,649.751480182893,199.26242560934816,,77.59922788335527,,34.88645437497953,True,feasible_only,0.0,145.54934840029594,True,649.751480182893,,77.59922788335527,
S0017_R09,1702035,truck_only,S0017,n15_p0.75_d1_uniform_Emedium_V1.25_Hlong_PWflat_B0.05,15,0.7333333333333333,0.75,1,3,medium,1.25,uniform,long,flat,0.05,1.0,1.0,1.0,peripheral,319.0818495858624,170.61552279096716,0.0,0.0,148.46632679489522,148.46632679489522,134.51440735286985,13.951919442025385,0.0,148.46632679489522,134.51440735286985,13.951919442025385,0.0,0.0,182.71246659180395,213.26940348870892,0.0,15,0,0.0,0,0,0.0,0.0,0.0,0.0,0.0,0.0,0,0.0,0.0,0,0,0,0.0034837722778320312,0.0,0.0,0.0,True,feasible,baseline_truck_only,319.0818495858624,213.26940348870892,,,,0.0,True,feasible_only,0.0,319.0818495858624,True,319.0818495858624,,,
S0017_R09,1702035,nils,S0017,n15_p0.75_d1_uniform_Emedium_V1.25_Hlong_PWflat_B0.05,15,0.7333333333333333,0.75,1,3,medium,1.25,uniform,long,flat,0.05,1.0,1.0,1.0,peripheral,139.7989390308344,113.98979609364248,9.805683980534681,0.0,16.003458956657227,16.003458956657227,16.003458956657227,0.0,0.0,16.003458956657227,16.003458956657227,0.0,0.0,0.0,128.39423893957928,142.48724511705308,32.68561326844894,12,3,0.2,1,1,3.0,3.0,0.0,0.0,0.0,0.0,0,0.7079435047954779,0.7079435047954779,0,180,180,0.14203500747680664,24.0,3.0,18.0,True,feasible,nils_complete,319.0818495858624,213.26940348870892,,56.18712276731504,,33.18908254713773,True,feasible_only,0.0,139.7989390308344,True,319.0818495858624,,56.18712276731504,
S0017_R10,1702036,truck_only,S0017,n15_p0.75_d1_uniform_Emedium_V1.25_Hlong_PWflat_B0.05,15,0.7333333333333333,0.75,1,3,medium,1.25,uniform,long,flat,0.05,1.0,1.0,1.0,peripheral,291.9366062897297,168.17462483404424,0.0,0.0,123.76198145568546,123.76198145568546,123.76198145568546,0.0,0.0,123.76198145568546,123.76198145568546,0.0,0.0,0.0,247.86382612539853,210.21828104255525,0.0,15,0,0.0,0,0,0.0,0.0,0.0,0.0,0.0,0.0,0,0.0,0.0,0,0,0,0.0027272701263427734,0.0,0.0,0.0,True,feasible,baseline_truck_only,291.9366062897297,210.21828104255525,,,,0.0,True,feasible_only,0.0,291.9366062897297,True,291.9366062897297,,,
S0017_R10,1702036,nils,S0017,n15_p0.75_d1_uniform_Emedium_V1.25_Hlong_PWflat_B0.05,15,0.7333333333333333,0.75,1,3,medium,1.25,uniform,long,flat,0.05,1.0,1.0,1.0,peripheral,131.86100530486408,118.70110580073091,13.159899504133161,0.0,0.0,0.0,0.0,0.0,0.0,0.0,0.0,0.0,0.0,0.0,154.51969130792259,148.37638225091365,43.86633168044387,12,3,0.2,1,1,3.0,3.0,0.0,0.0,0.0,0.0,0,0.9163021609105632,0.9163021609105632,1,192,192,0.14836812019348145,25.0,2.0,14.0,True,feasible,nils_complete,291.9366062897297,210.21828104255525,,54.832315487698764,,29.41794523527795,True,feasible_only,0.0,131.86100530486408,True,291.9366062897297,,54.832315487698764,
S0018_R01,1802027,truck_only,S0018,n15_p0.75_d1_clustered_Emedium_V2.00_Hshort_PWbase_B0.05,15,0.7333333333333333,0.75,1,3,medium,2.0,clustered,short,base,0.05,100.0,20.0,1.0,peripheral,5025.731525537065,65.63650100214528,0.0,0.0,4960.0950245349195,4960.0950245349195,49.600950245349196,0.0,0.0,49.600950245349196,4960.0950245349195,0.0,0.0,0.0,155.3247108337957,82.04562625268159,0.0,15,0,0.0,0,0,0.0,0.0,0.0,0.0,0.0,0.0,0,0.0,0.0,0,0,0,0.004662990570068359,0.0,0.0,0.0,True,feasible,baseline_truck_only,5025.731525537065,82.04562625268159,,,,0.0,True,feasible_only,0.0,5025.731525537065,True,5025.731525537065,,,
S0018_R01,1802027,nils,S0018,n15_p0.75_d1_clustered_Emedium_V2.00_Hshort_PWbase_B0.05,15,0.7333333333333333,0.75,1,3,medium,2.0,clustered,short,base,0.05,100.0,20.0,1.0,peripheral,51.48950867957896,39.44347000118644,12.046038678392524,0.0,0.0,0.0,0.0,0.0,0.0,0.0,0.0,0.0,0.0,0.0,93.48683644814858,49.30433750148304,40.153462261308405,10,5,0.3333333333333333,1,1,5.0,5.0,0.0,0.0,0.0,0.0,0,0.5099233688220423,0.5099233688220423,0,0,0,0.1612558364868164,22.0,4.0,70.0,True,feasible,nils_complete,5025.731525537065,82.04562625268159,,98.97548230704432,,39.90619640145464,True,feasible_only,0.0,51.48950867957896,True,5025.731525537065,,98.97548230704432,
S0018_R02,1802028,truck_only,S0018,n15_p0.75_d1_clustered_Emedium_V2.00_Hshort_PWbase_B0.05,15,0.7333333333333333,0.75,1,3,medium,2.0,clustered,short,base,0.05,100.0,20.0,1.0,peripheral,11002.755283467517,71.93929032282269,0.0,0.0,10930.815993144693,10930.815993144693,106.6304622488773,13.388488412848119,0.0,120.01895066172541,10663.04622488773,267.7697682569624,0.0,0.0,170.05343070502093,89.92411290352834,0.0,15,0,0.0,0,0,0.0,0.0,0.0,0.0,0.0,0.0,0,0.0,0.0,0,0,0,0.002803802490234375,0.0,0.0,0.0,True,feasible,baseline_truck_only,11002.755283467517,89.92411290352834,,,,0.0,True,feasible_only,0.0,11002.755283467517,True,11002.755283467517,,,
S0018_R02,1802028,nils,S0018,n15_p0.75_d1_clustered_Emedium_V2.00_Hshort_PWbase_B0.05,15,0.7333333333333333,0.75,1,3,medium,2.0,clustered,short,base,0.05,100.0,20.0,1.0,peripheral,53.31293461083861,42.43505950657635,10.877875104262262,0.0,0.0,0.0,0.0,0.0,0.0,0.0,0.0,0.0,0.0,0.0,99.65943032744201,53.04382438322044,36.25958368087421,9,6,0.4,1,1,6.0,6.0,0.0,0.0,0.0,0.0,0,0.4756025993271935,0.4756025993271935,0,0,0,0.16090106964111328,22.0,6.0,74.0,True,feasible,nils_complete,11002.755283467517,89.92411290352834,,99.51545832623448,,41.01267983580056,True,feasible_only,0.0,53.31293461083861,True,11002.755283467517,,99.51545832623448,
S0018_R03,1802029,truck_only,S0018,n15_p0.75_d1_clustered_Emedium_V2.00_Hshort_PWbase_B0.05,15,0.7333333333333333,0.75,1,3,medium,2.0,clustered,short,base,0.05,100.0,20.0,1.0,peripheral,1894.1008936391293,74.26818039709408,0.0,0.0,1819.8327132420352,1819.8327132420352,18.198327132420353,0.0,0.0,18.198327132420353,1819.8327132420352,0.0,0.0,0.0,172.6638711496174,92.83522549636761,0.0,15,0,0.0,0,0,0.0,0.0,0.0,0.0,0.0,0.0,0,0.0,0.0,0,0,0,0.003496885299682617,0.0,0.0,0.0,True,feasible,baseline_truck_only,1894.1008936391293,92.83522549636761,,,,0.0,True,feasible_only,0.0,1894.1008936391293,True,1894.1008936391293,,,
S0018_R03,1802029,nils,S0018,n15_p0.75_d1_clustered_Emedium_V2.00_Hshort_PWbase_B0.05,15,0.7333333333333333,0.75,1,3,medium,2.0,clustered,short,base,0.05,100.0,20.0,1.0,peripheral,57.29013007701167,41.87927445921744,15.410855617794226,0.0,0.0,0.0,0.0,0.0,0.0,0.0,0.0,0.0,0.0,0.0,95.89773397892758,52.34909307402181,51.36951872598077,7,8,0.5333333333333333,1,1,8.0,8.0,0.0,0.0,0.0,0.0,0,0.6847872684204807,0.6847872684204807,0,0,0,0.15232276916503906,22.0,5.0,60.0,True,feasible,nils_complete,1894.1008936391293,92.83522549636761,,96.97533905034275,,43.61074388075883,True,feasible_only,0.0,57.29013007701167,True,1894.1008936391293,,96.97533905034275,
S0018_R04,1802030,truck_only,S0018,n15_p0.75_d1_clustered_Emedium_V2.00_Hshort_PWbase_B0.05,15,0.7333333333333333,0.75,1,3,medium,2.0,clustered,short,base,0.05,100.0,20.0,1.0,peripheral,77.07895165372645,77.07895165372645,0.0,0.0,0.0,0.0,0.0,0.0,0.0,0.0,0.0,0.0,0.0,0.0,179.1785012623393,96.34868956715803,0.0,15,0,0.0,0,0,0.0,0.0,0.0,0.0,0.0,0.0,0,0.0,0.0,0,0,0,0.0027921199798583984,0.0,0.0,0.0,True,feasible,baseline_truck_only,77.07895165372645,96.34868956715803,,,,0.0,True,feasible_only,0.0,77.07895165372645,True,77.07895165372645,,,
S0018_R04,1802030,nils,S0018,n15_p0.75_d1_clustered_Emedium_V2.00_Hshort_PWbase_B0.05,15,0.7333333333333333,0.75,1,3,medium,2.0,clustered,short,base,0.05,100.0,20.0,1.0,peripheral,52.432948608634575,42.96861116977874,9.464337438855832,0.0,0.0,0.0,0.0,0.0,0.0,0.0,0.0,0.0,0.0,0.0,101.11817429430786,53.710763962223425,31.547791462852775,10,5,0.3333333333333333,1,1,5.0,5.0,0.0,0.0,0.0,0.0,0,0.40804309848905473,0.40804309848905473,0,0,0,0.156111478805542,22.0,5.0,66.0,True,feasible,nils_complete,77.07895165372645,96.34868956715803,,31.975010708257788,,44.253768054846915,True,feasible_only,0.0,52.432948608634575,True,77.07895165372645,,31.975010708257788,
S0018_R05,1802031,truck_only,S0018,n15_p0.75_d1_clustered_Emedium_V2.00_Hshort_PWbase_B0.05,15,0.7333333333333333,0.75,1,3,medium,2.0,clustered,short,base,0.05,100.0,20.0,1.0,peripheral,5617.534149227358,73.11251236647878,0.0,0.0,5544.4216368608795,5544.4216368608795,55.4442163686088,0.0,0.0,55.4442163686088,5544.4216368608795,0.0,0.0,0.0,171.01492266136347,91.39064045809846,0.0,15,0,0.0,0,0,0.0,0.0,0.0,0.0,0.0,0.0,0,0.0,0.0,0,0,0,0.00335693359375,0.0,0.0,0.0,True,feasible,baseline_truck_only,5617.534149227358,91.39064045809846,,,,0.0,True,feasible_only,0.0,5617.534149227358,True,5617.534149227358,,,
S0018_R05,1802031,nils,S0018,n15_p0.75_d1_clustered_Emedium_V2.00_Hshort_PWbase_B0.05,15,0.7333333333333333,0.75,1,3,medium,2.0,clustered,short,base,0.05,100.0,20.0,1.0,peripheral,54.538742186355606,44.60784032593406,9.930901860421546,0.0,0.0,0.0,0.0,0.0,0.0,0.0,0.0,0.0,0.0,0.0,106.71799803484443,55.75980040741758,33.10300620140515,12,3,0.2,1,1,3.0,3.0,0.0,0.0,0.0,0.0,0,0.4242987420503633,0.4242987420503633,0,0,0,0.15710115432739258,22.0,3.0,79.0,True,feasible,nils_complete,5617.534149227358,91.39064045809846,,99.0291337669241,,38.98740601015616,True,feasible_only,0.0,54.538742186355606,True,5617.534149227358,,99.0291337669241,
S0018_R06,1802032,truck_only,S0018,n15_p0.75_d1_clustered_Emedium_V2.00_Hshort_PWbase_B0.05,15,0.7333333333333333,0.75,1,3,medium,2.0,clustered,short,base,0.05,100.0,20.0,1.0,peripheral,467.28813953177246,69.22498122371303,0.0,0.0,398.0631583080594,398.0631583080594,3.9806315830805943,0.0,0.0,3.9806315830805943,398.0631583080594,0.0,0.0,0.0,160.98046850268472,86.53122652964129,0.0,15,0,0.0,0,0,0.0,0.0,0.0,0.0,0.0,0.0,0,0.0,0.0,0,0,0,0.004937171936035156,0.0,0.0,0.0,True,feasible,baseline_truck_only,467.28813953177246,86.53122652964129,,,,0.0,True,feasible_only,0.0,467.28813953177246,True,467.28813953177246,,,
S0018_R06,1802032,nils,S0018,n15_p0.75_d1_clustered_Emedium_V2.00_Hshort_PWbase_B0.05,15,0.7333333333333333,0.75,1,3,medium,2.0,clustered,short,base,0.05,100.0,20.0,1.0,peripheral,48.88869373870605,35.47157568815351,13.417118050552542,0.0,0.0,0.0,0.0,0.0,0.0,0.0,0.0,0.0,0.0,0.0,79.35726108624787,44.339469610191884,44.72372683517514,5,10,0.6666666666666666,1,1,10.0,10.0,0.0,0.0,0.0,0.0,0,0.5890622014546161,0.5890622014546161,0,0,0,0.16722559928894043,22.0,4.0,60.0,True,feasible,nils_complete,467.28813953177246,86.53122652964129,,89.53778416295927,,48.75899558062615,True,feasible_only,0.0,48.88869373870605,True,467.28813953177246,,89.53778416295927,
S0018_R07,1802033,truck_only,S0018,n15_p0.75_d1_clustered_Emedium_V2.00_Hshort_PWbase_B0.05,15,0.7333333333333333,0.75,1,3,medium,2.0,clustered,short,base,0.05,100.0,20.0,1.0,peripheral,3831.029313754625,72.47136524403743,0.0,0.0,3758.5579485105877,3758.5579485105877,35.72736476113822,9.291073619838286,0.0,45.018438380976505,3572.736476113822,185.82147239676573,0.0,0.0,167.21752204017648,90.58920655504679,0.0,15,0,0.0,0,0,0.0,0.0,0.0,0.0,0.0,0.0,0,0.0,0.0,0,0,0,0.002628326416015625,0.0,0.0,0.0,True,feasible,baseline_truck_only,3831.029313754625,90.58920655504679,,,,0.0,True,feasible_only,0.0,3831.029313754625,True,3831.029313754625,,,
S0018_R07,1802033,nils,S0018,n15_p0.75_d1_clustered_Emedium_V2.00_Hshort_PWbase_B0.05,15,0.7333333333333333,0.75,1,3,medium,2.0,clustered,short,base,0.05,100.0,20.0,1.0,peripheral,56.29474594361197,41.7769320974423,14.517813846169673,0.0,0.0,0.0,0.0,0.0,0.0,0.0,0.0,0.0,0.0,0.0,94.33657271471384,52.22116512180287,48.392712820565585,7,8,0.5333333333333333,1,1,8.0,8.0,0.0,0.0,0.0,0.0,0,0.641964375916791,0.641964375916791,0,0,0,0.17541933059692383,22.0,4.0,64.0,True,feasible,nils_complete,3831.029313754625,90.58920655504679,,98.53055820425347,,42.353877346226085,True,feasible_only,0.0,56.29474594361197,True,3831.029313754625,,98.53055820425347,
S0018_R08,1802034,truck_only,S0018,n15_p0.75_d1_clustered_Emedium_V2.00_Hshort_PWbase_B0.05,15,0.7333333333333333,0.75,1,3,medium,2.0,clustered,short,base,0.05,100.0,20.0,1.0,peripheral,9575.46086058272,82.57250760582163,0.0,0.0,9492.888352976897,9492.888352976897,93.72856284480599,6.001603424814803,0.0,99.7301662696208,9372.8562844806,120.03206849629606,0.0,0.0,190.30205727246835,103.21563450727702,0.0,15,0,0.0,0,0,0.0,0.0,0.0,0.0,0.0,0.0,0,0.0,0.0,0,0,0,0.0026733875274658203,0.0,0.0,0.0,True,feasible,baseline_truck_only,9575.46086058272,103.21563450727702,,,,0.0,True,feasible_only,0.0,9575.46086058272,True,9575.46086058272,,,
S0018_R08,1802034,nils,S0018,n15_p0.75_d1_clustered_Emedium_V2.00_Hshort_PWbase_B0.05,15,0.7333333333333333,0.75,1,3,medium,2.0,clustered,short,base,0.05,100.0,20.0,1.0,peripheral,52.38499987284765,40.13849582169649,12.246504051151163,0.0,0.0,0.0,0.0,0.0,0.0,0.0,0.0,0.0,0.0,0.0,92.89137227626662,50.17311977712061,40.821680170503875,9,6,0.4,1,1,6.0,6.0,0.0,0.0,0.0,0.0,0,0.5323282479996168,0.5323282479996168,0,0,0,0.1708056926727295,22.0,5.0,74.0,True,feasible,nils_complete,9575.46086058272,103.21563450727702,,99.4529245052999,,51.39000015197964,True,feasible_only,0.0,52.38499987284765,True,9575.46086058272,,99.4529245052999,
S0018_R09,1802035,truck_only,S0018,n15_p0.75_d1_clustered_Emedium_V2.00_Hshort_PWbase_B0.05,15,0.7333333333333333,0.75,1,3,medium,2.0,clustered,short,base,0.05,100.0,20.0,1.0,peripheral,444.6037702885127,71.46293734206651,0.0,0.0,373.14083294644615,373.14083294644615,2.43439102254397,6.485086534602459,0.0,8.919477557146429,243.439102254397,129.70173069204918,0.0,0.0,166.98513053497027,89.32867167758316,0.0,15,0,0.0,0,0,0.0,0.0,0.0,0.0,0.0,0.0,0,0.0,0.0,0,0,0,0.0029778480529785156,0.0,0.0,0.0,True,feasible,baseline_truck_only,444.6037702885127,89.32867167758316,,,,0.0,True,feasible_only,0.0,444.6037702885127,True,444.6037702885127,,,
S0018_R09,1802035,nils,S0018,n15_p0.75_d1_clustered_Emedium_V2.00_Hshort_PWbase_B0.05,15,0.7333333333333333,0.75,1,3,medium,2.0,clustered,short,base,0.05,100.0,20.0,1.0,peripheral,49.28219731947346,36.388662300406324,12.893535019067137,0.0,0.0,0.0,0.0,0.0,0.0,0.0,0.0,0.0,0.0,0.0,84.78836371218219,45.485827875507894,42.97845006355712,8,7,0.4666666666666667,1,1,7.0,7.0,0.0,0.0,0.0,0.0,0,0.5673361452433506,0.5673361452433506,0,0,0,0.15161943435668945,22.0,5.0,60.0,True,feasible,nils_complete,444.6037702885127,89.32867167758316,,88.9154792170356,,49.08037137316745,True,feasible_only,0.0,49.28219731947346,True,444.6037702885127,,88.9154792170356,
S0018_R10,1802036,truck_only,S0018,n15_p0.75_d1_clustered_Emedium_V2.00_Hshort_PWbase_B0.05,15,0.7333333333333333,0.75,1,3,medium,2.0,clustered,short,base,0.05,100.0,20.0,1.0,peripheral,6334.647089939407,64.89768706621287,0.0,0.0,6269.749402873194,6269.749402873194,62.69749402873194,0.0,0.0,62.69749402873194,6269.7494028731935,0.0,0.0,0.0,151.00464019079953,81.12210883276607,0.0,15,0,0.0,0,0,0.0,0.0,0.0,0.0,0.0,0.0,0,0.0,0.0,0,0,0,0.0026519298553466797,0.0,0.0,0.0,True,feasible,baseline_truck_only,6334.647089939407,81.12210883276607,,,,0.0,True,feasible_only,0.0,6334.647089939407,True,6334.647089939407,,,
S0018_R10,1802036,nils,S0018,n15_p0.75_d1_clustered_Emedium_V2.00_Hshort_PWbase_B0.05,15,0.7333333333333333,0.75,1,3,medium,2.0,clustered,short,base,0.05,100.0,20.0,1.0,peripheral,52.11043601014219,42.1374807433021,9.972955266840088,0.0,0.0,0.0,0.0,0.0,0.0,0.0,0.0,0.0,0.0,0.0,99.53740322637896,52.67185092912763,33.243184222800295,11,4,0.26666666666666666,1,1,4.0,4.0,0.0,0.0,0.0,0.0,0,0.4327639534230849,0.4327639534230849,0,0,0,0.13487553596496582,25.0,4.0,38.0,False,infeasible,nils_complete,6334.647089939407,81.12210883276607,,99.17737428351923,,35.070905223000175,False,feasible_only,0.0,,False,6334.647089939407,,,
S0019_R01,1902027,truck_only,S0019,n15_p0.75_d1_clustered_Emedium_V2.00_Hshort_PWstrict_B0.05,15,0.7333333333333333,0.75,1,3,medium,2.0,clustered,short,strict,0.05,200.0,40.0,1.0,peripheral,15446.417702233333,72.05453798257686,0.0,0.0,15374.363164250757,15374.363164250757,75.8648599512795,5.034779349871457,0.0,80.89963930115096,15172.971990255899,201.39117399485826,0.0,0.0,168.26388385087557,90.06817247822107,0.0,15,0,0.0,0,0,0.0,0.0,0.0,0.0,0.0,0.0,0,0.0,0.0,0,0,0,0.002597808837890625,0.0,0.0,0.0,True,feasible,baseline_truck_only,15446.417702233333,90.06817247822107,,,,0.0,True,feasible_only,0.0,15446.417702233333,True,15446.417702233333,,,
S0019_R01,1902027,nils,S0019,n15_p0.75_d1_clustered_Emedium_V2.00_Hshort_PWstrict_B0.05,15,0.7333333333333333,0.75,1,3,medium,2.0,clustered,short,strict,0.05,200.0,40.0,1.0,peripheral,46.13177873540693,33.273291697081326,12.858487038325606,0.0,0.0,0.0,0.0,0.0,0.0,0.0,0.0,0.0,0.0,0.0,73.97325177153047,41.59161462135165,42.86162346108536,4,11,0.7333333333333333,1,1,11.0,11.0,0.0,0.0,0.0,0.0,0,0.5624533981295554,0.5624533981295554,0,0,0,0.16350698471069336,22.0,6.0,70.0,True,feasible,nils_complete,15446.417702233333,90.06817247822107,,99.70134318762636,,53.82207335070698,True,feasible_only,0.0,46.13177873540693,True,15446.417702233333,,99.70134318762636,
S0019_R02,1902028,truck_only,S0019,n15_p0.75_d1_clustered_Emedium_V2.00_Hshort_PWstrict_B0.05,15,0.7333333333333333,0.75,1,3,medium,2.0,clustered,short,strict,0.05,200.0,40.0,1.0,peripheral,17011.462683234186,62.85452218150519,0.0,0.0,16948.60816105268,16948.60816105268,84.74304080526342,0.0,0.0,84.74304080526342,16948.608161052685,0.0,0.0,0.0,150.02481875574793,78.5681527268815,0.0,15,0,0.0,0,0,0.0,0.0,0.0,0.0,0.0,0.0,0,0.0,0.0,0,0,0,0.005898714065551758,0.0,0.0,0.0,True,feasible,baseline_truck_only,17011.462683234186,78.5681527268815,,,,0.0,True,feasible_only,0.0,17011.462683234186,True,17011.462683234186,,,
S0019_R02,1902028,nils,S0019,n15_p0.75_d1_clustered_Emedium_V2.00_Hshort_PWstrict_B0.05,15,0.7333333333333333,0.75,1,3,medium,2.0,clustered,short,strict,0.05,200.0,40.0,1.0,peripheral,50.19326855181242,39.57139860253221,10.621869949280214,0.0,0.0,0.0,0.0,0.0,0.0,0.0,0.0,0.0,0.0,0.0,93.72420199760228,49.46424825316526,35.40623316426738,9,6,0.4,1,1,6.0,6.0,0.0,0.0,0.0,0.0,0,0.4541520933548142,0.4541520933548142,0,0,0,0.17972970008850098,22.0,4.0,64.0,True,feasible,nils_complete,17011.462683234186,78.5681527268815,,99.70494442784582,,37.04287737919356,True,feasible_only,0.0,50.19326855181242,True,17011.462683234186,,99.70494442784582,
S0019_R03,1902029,truck_only,S0019,n15_p0.75_d1_clustered_Emedium_V2.00_Hshort_PWstrict_B0.05,15,0.7333333333333333,0.75,1,3,medium,2.0,clustered,short,strict,0.05,200.0,40.0,1.0,peripheral,35376.70153244093,73.640494391115,0.0,0.0,35303.06103804981,35303.06103804981,172.7988178409847,18.582436746321704,0.0,191.3812545873064,34559.76356819694,743.2974698528682,0.0,0.0,173.6847249021394,92.05061798889376,0.0,15,0,0.0,0,0,0.0,0.0,0.0,0.0,0.0,0.0,0,0.0,0.0,0,0,0,0.0030434131622314453,0.0,0.0,0.0,True,feasible,baseline_truck_only,35376.70153244093,92.05061798889376,,,,0.0,True,feasible_only,0.0,35376.70153244093,True,35376.70153244093,,,
S0019_R03,1902029,nils,S0019,n15_p0.75_d1_clustered_Emedium_V2.00_Hshort_PWstrict_B0.05,15,0.7333333333333333,0.75,1,3,medium,2.0,clustered,short,strict,0.05,200.0,40.0,1.0,peripheral,50.19830780863589,40.014641607257474,10.183666201378415,0.0,0.0,0.0,0.0,0.0,0.0,0.0,0.0,0.0,0.0,0.0,96.5476554934012,50.018302009071846,33.945554004594726,11,4,0.26666666666666666,1,1,4.0,4.0,0.0,0.0,0.0,0.0,0,0.4425824941129332,0.4425824941129332,0,0,0,0.16379857063293457,22.0,4.0,79.0,True,feasible,nils_complete,35376.70153244093,92.05061798889376,,99.8581034815736,,45.662176852406645,True,feasible_only,0.0,50.19830780863589,True,35376.70153244093,,99.8581034815736,
S0019_R04,1902030,truck_only,S0019,n15_p0.75_d1_clustered_Emedium_V2.00_Hshort_PWstrict_B0.05,15,0.7333333333333333,0.75,1,3,medium,2.0,clustered,short,strict,0.05,200.0,40.0,1.0,peripheral,3053.122051031705,66.14399348029932,0.0,0.0,2986.9780575514055,2986.9780575514055,14.934890287757028,0.0,0.0,14.934890287757028,2986.9780575514055,0.0,0.0,0.0,155.82760788731085,82.67999185037414,0.0,15,0,0.0,0,0,0.0,0.0,0.0,0.0,0.0,0.0,0,0.0,0.0,0,0,0,0.0026259422302246094,0.0,0.0,0.0,True,feasible,baseline_truck_only,3053.122051031705,82.67999185037414,,,,0.0,True,feasible_only,0.0,3053.122051031705,True,3053.122051031705,,,
S0019_R04,1902030,nils,S0019,n15_p0.75_d1_clustered_Emedium_V2.00_Hshort_PWstrict_B0.05,15,0.7333333333333333,0.75,1,3,medium,2.0,clustered,short,strict,0.05,200.0,40.0,1.0,peripheral,52.62541522447199,40.6089385745275,12.01647664994449,0.0,0.0,0.0,0.0,0.0,0.0,0.0,0.0,0.0,0.0,0.0,96.16739088937123,50.76117321815937,40.05492216648164,10,5,0.3333333333333333,1,1,5.0,5.0,0.0,0.0,0.0,0.0,0,0.5283681625673143,0.5283681625673143,0,0,0,0.19565129280090332,22.0,5.0,74.0,True,feasible,nils_complete,3053.122051031705,82.67999185037414,,98.27634092758628,,38.605251304303714,True,feasible_only,0.0,52.62541522447199,True,3053.122051031705,,98.27634092758628,
S0019_R05,1902031,truck_only,S0019,n15_p0.75_d1_clustered_Emedium_V2.00_Hshort_PWstrict_B0.05,15,0.7333333333333333,0.75,1,3,medium,2.0,clustered,short,strict,0.05,200.0,40.0,1.0,peripheral,61.99707560820385,61.99707560820385,0.0,0.0,0.0,0.0,0.0,0.0,0.0,0.0,0.0,0.0,0.0,0.0,145.87008502225734,77.49634451025481,0.0,15,0,0.0,0,0,0.0,0.0,0.0,0.0,0.0,0.0,0,0.0,0.0,0,0,0,0.00279998779296875,0.0,0.0,0.0,True,feasible,baseline_truck_only,61.99707560820385,77.49634451025481,,,,0.0,True,feasible_only,0.0,61.99707560820385,True,61.99707560820385,,,
S0019_R05,1902031,nils,S0019,n15_p0.75_d1_clustered_Emedium_V2.00_Hshort_PWstrict_B0.05,15,0.7333333333333333,0.75,1,3,medium,2.0,clustered,short,strict,0.05,200.0,40.0,1.0,peripheral,48.90717327747696,35.472690973813336,13.43448230366362,0.0,0.0,0.0,0.0,0.0,0.0,0.0,0.0,0.0,0.0,0.0,79.53116357190054,44.34086371726667,44.781607678878736,5,10,0.6666666666666666,1,1,10.0,10.0,0.0,0.0,0.0,0.0,0,0.5882841778056682,0.5882841778056682,0,0,0,0.17023134231567383,22.0,7.0,70.0,True,feasible,nils_complete,61.99707560820385,77.49634451025481,,21.113741579441133,,42.78328352455488,True,feasible_only,0.0,48.90717327747696,True,61.99707560820385,,21.113741579441133,
S0019_R06,1902032,truck_only,S0019,n15_p0.75_d1_clustered_Emedium_V2.00_Hshort_PWstrict_B0.05,15,0.7333333333333333,0.75,1,3,medium,2.0,clustered,short,strict,0.05,200.0,40.0,1.0,peripheral,7174.3935560231885,63.72811131382358,0.0,0.0,7110.665444709365,7110.665444709365,35.55332722354682,0.0,0.0,35.55332722354682,7110.665444709364,0.0,0.0,0.0,150.33772104653252,79.66013914227948,0.0,15,0,0.0,0,0,0.0,0.0,0.0,0.0,0.0,0.0,0,0.0,0.0,0,0,0,0.0026030540466308594,0.0,0.0,0.0,True,feasible,baseline_truck_only,7174.3935560231885,79.66013914227948,,,,0.0,True,feasible_only,0.0,7174.3935560231885,True,7174.3935560231885,,,
S0019_R06,1902032,nils,S0019,n15_p0.75_d1_clustered_Emedium_V2.00_Hshort_PWstrict_B0.05,15,0.7333333333333333,0.75,1,3,medium,2.0,clustered,short,strict,0.05,200.0,40.0,1.0,peripheral,48.42442031830218,34.23559566315261,14.18882465514957,0.0,0.0,0.0,0.0,0.0,0.0,0.0,0.0,0.0,0.0,0.0,75.88912982394572,42.794494578940764,47.29608218383191,4,11,0.7333333333333333,1,1,11.0,11.0,0.0,0.0,0.0,0.0,0,0.6205029819783152,0.6205029819783152,0,0,0,0.15412259101867676,22.0,4.0,74.0,True,feasible,nils_complete,7174.3935560231885,79.66013914227948,,99.32503813820405,,46.27865951563765,True,feasible_only,0.0,48.42442031830218,True,7174.3935560231885,,99.32503813820405,
S0019_R07,1902033,truck_only,S0019,n15_p0.75_d1_clustered_Emedium_V2.00_Hshort_PWstrict_B0.05,15,0.7333333333333333,0.75,1,3,medium,2.0,clustered,short,strict,0.05,200.0,40.0,1.0,peripheral,64.05037915255888,64.05037915255888,0.0,0.0,0.0,0.0,0.0,0.0,0.0,0.0,0.0,0.0,0.0,0.0,151.56185544670316,80.06297394069858,0.0,15,0,0.0,0,0,0.0,0.0,0.0,0.0,0.0,0.0,0,0.0,0.0,0,0,0,0.002582073211669922,0.0,0.0,0.0,True,feasible,baseline_truck_only,64.05037915255888,80.06297394069858,,,,0.0,True,feasible_only,0.0,64.05037915255888,True,64.05037915255888,,,
S0019_R07,1902033,nils,S0019,n15_p0.75_d1_clustered_Emedium_V2.00_Hshort_PWstrict_B0.05,15,0.7333333333333333,0.75,1,3,medium,2.0,clustered,short,strict,0.05,200.0,40.0,1.0,peripheral,48.00551061675391,36.83452187788632,11.17098873886759,0.0,0.0,0.0,0.0,0.0,0.0,0.0,0.0,0.0,0.0,0.0,87.39760958307784,46.04315234735789,37.23662912955864,9,6,0.4,1,1,6.0,6.0,0.0,0.0,0.0,0.0,0,0.48740593357034756,0.48740593357034756,0,0,0,0.1609504222869873,22.0,5.0,70.0,True,feasible,nils_complete,64.05037915255888,80.06297394069858,,25.050388066538023,,42.49132891133753,True,feasible_only,0.0,48.00551061675391,True,64.05037915255888,,25.050388066538023,
S0019_R08,1902034,truck_only,S0019,n15_p0.75_d1_clustered_Emedium_V2.00_Hshort_PWstrict_B0.05,15,0.7333333333333333,0.75,1,3,medium,2.0,clustered,short,strict,0.05,200.0,40.0,1.0,peripheral,15624.07392174958,83.99338602051739,0.0,0.0,15540.080535729061,15540.080535729061,76.47234218545927,6.140302465930205,0.0,82.61264465138947,15294.468437091853,245.6120986372082,0.0,0.0,193.92644244147766,104.99173252564671,0.0,15,0,0.0,0,0,0.0,0.0,0.0,0.0,0.0,0.0,0,0.0,0.0,0,0,0,0.002895355224609375,0.0,0.0,0.0,True,feasible,baseline_truck_only,15624.07392174958,104.99173252564671,,,,0.0,True,feasible_only,0.0,15624.07392174958,True,15624.07392174958,,,
S0019_R08,1902034,nils,S0019,n15_p0.75_d1_clustered_Emedium_V2.00_Hshort_PWstrict_B0.05,15,0.7333333333333333,0.75,1,3,medium,2.0,clustered,short,strict,0.05,200.0,40.0,1.0,peripheral,57.89340826565403,45.03853541147902,12.854872854175017,0.0,0.0,0.0,0.0,0.0,0.0,0.0,0.0,0.0,0.0,0.0,102.62047539201879,56.29816926434877,42.8495761805834,7,8,0.5333333333333333,1,1,8.0,8.0,0.0,0.0,0.0,0.0,0,0.564367362546593,0.564367362546593,0,0,0,0.15660977363586426,22.0,7.0,79.0,True,feasible,nils_complete,15624.07392174958,104.99173252564671,,99.62946022557496,,46.37847389498348,True,feasible_only,0.0,57.89340826565403,True,15624.07392174958,,99.62946022557496,
S0019_R09,1902035,truck_only,S0019,n15_p0.75_d1_clustered_Emedium_V2.00_Hshort_PWstrict_B0.05,15,0.7333333333333333,0.75,1,3,medium,2.0,clustered,short,strict,0.05,200.0,40.0,1.0,peripheral,30387.31938692988,69.4245739597282,0.0,0.0,30317.894812970153,30317.894812970153,151.58947406485075,0.0,0.0,151.58947406485075,30317.89481297015,0.0,0.0,0.0,161.75216919347054,86.78071744966026,0.0,15,0,0.0,0,0,0.0,0.0,0.0,0.0,0.0,0.0,0,0.0,0.0,0,0,0,0.0032362937927246094,0.0,0.0,0.0,True,feasible,baseline_truck_only,30387.31938692988,86.78071744966026,,,,0.0,True,feasible_only,0.0,30387.31938692988,True,30387.31938692988,,,
S0019_R09,1902035,nils,S0019,n15_p0.75_d1_clustered_Emedium_V2.00_Hshort_PWstrict_B0.05,15,0.7333333333333333,0.75,1,3,medium,2.0,clustered,short,strict,0.05,200.0,40.0,1.0,peripheral,50.31858071526276,35.21410927544177,15.104471439820989,0.0,0.0,0.0,0.0,0.0,0.0,0.0,0.0,0.0,0.0,0.0,81.12728073729386,44.01763659430222,50.34823813273663,6,9,0.6,1,1,9.0,9.0,0.0,0.0,0.0,0.0,0,0.6690757041124173,0.6690757041124173,0,0,0,0.16556215286254883,22.0,6.0,60.0,True,feasible,nils_complete,30387.31938692988,86.78071744966026,,99.83440928081039,,49.2771690671537,True,feasible_only,0.0,50.31858071526276,True,30387.31938692988,,99.83440928081039,
S0019_R10,1902036,truck_only,S0019,n15_p0.75_d1_clustered_Emedium_V2.00_Hshort_PWstrict_B0.05,15,0.7333333333333333,0.75,1,3,medium,2.0,clustered,short,strict,0.05,200.0,40.0,1.0,peripheral,18707.68089740575,75.99106800873253,0.0,0.0,18631.689829397015,18631.689829397015,86.0832907049781,35.37579221003489,0.0,121.45908291501298,17216.65814099562,1415.0316884013955,0.0,0.0,177.1814717293131,94.98883501091565,0.0,15,0,0.0,0,0,0.0,0.0,0.0,0.0,0.0,0.0,0,0.0,0.0,0,0,0,0.0028116703033447266,0.0,0.0,0.0,True,feasible,baseline_truck_only,18707.68089740575,94.98883501091565,,,,0.0,True,feasible_only,0.0,18707.68089740575,True,18707.68089740575,,,
S0019_R10,1902036,nils,S0019,n15_p0.75_d1_clustered_Emedium_V2.00_Hshort_PWstrict_B0.05,15,0.7333333333333333,0.75,1,3,medium,2.0,clustered,short,strict,0.05,200.0,40.0,1.0,peripheral,53.170631005049174,42.57416943742484,10.596461567624335,0.0,0.0,0.0,0.0,0.0,0.0,0.0,0.0,0.0,0.0,0.0,102.22966454279972,53.217711796781046,35.32153855874778,11,4,0.26666666666666666,1,1,4.0,4.0,0.0,0.0,0.0,0.0,0,0.4596189679387871,0.4596189679387871,0,0,0,0.18725824356079102,25.0,4.0,66.0,False,infeasible,nils_complete,18707.68089740575,94.98883501091565,,99.71578181551929,,43.97477157113725,False,feasible_only,0.0,,False,18707.68089740575,,,
S0020_R01,2002027,truck_only,S0020,n15_p0.75_d1_uniform_Ehigh_V1.25_Hmedium_PWflat_B0.05,15,0.7333333333333333,0.75,1,3,high,1.25,uniform,medium,flat,0.05,1.0,1.0,1.0,peripheral,284.87689665647565,168.45928763005992,0.0,0.0,116.4176090264157,116.4176090264157,116.4176090264157,0.0,0.0,116.4176090264157,116.4176090264157,0.0,0.0,0.0,175.44814738423517,210.57410953757483,0.0,15,0,0.0,0,0,0.0,0.0,0.0,0.0,0.0,0.0,0,0.0,0.0,0,0,0,0.003300189971923828,0.0,0.0,0.0,True,feasible,baseline_truck_only,284.87689665647565,210.57410953757483,,,,0.0,True,feasible_only,0.0,284.87689665647565,True,284.87689665647565,,,
S0020_R01,2002027,nils,S0020,n15_p0.75_d1_uniform_Ehigh_V1.25_Hmedium_PWflat_B0.05,15,0.7333333333333333,0.75,1,3,high,1.25,uniform,medium,flat,0.05,1.0,1.0,1.0,peripheral,149.72999476569836,133.77180398804515,15.958190777653225,0.0,0.0,0.0,0.0,0.0,0.0,0.0,0.0,0.0,0.0,0.0,139.0888447310118,167.2147549850565,53.19396925884408,11,4,0.26666666666666666,1,1,4.0,4.0,0.0,0.0,0.0,0.0,0,0.8762725941531969,0.8762725941531969,0,80,80,0.21403956413269043,19.0,4.0,36.0,True,feasible,nils_complete,284.87689665647565,210.57410953757483,,47.44045708057077,,20.591018833101753,True,feasible_only,0.0,149.72999476569836,True,284.87689665647565,,47.44045708057077,
S0020_R02,2002028,truck_only,S0020,n15_p0.75_d1_uniform_Ehigh_V1.25_Hmedium_PWflat_B0.05,15,0.7333333333333333,0.75,1,3,high,1.25,uniform,medium,flat,0.05,1.0,1.0,1.0,peripheral,132.00365748246642,132.00365748246642,0.0,0.0,0.0,0.0,0.0,0.0,0.0,0.0,0.0,0.0,0.0,0.0,198.01034672580175,165.00457185308304,0.0,15,0,0.0,0,0,0.0,0.0,0.0,0.0,0.0,0.0,0,0.0,0.0,0,0,0,0.0029065608978271484,0.0,0.0,0.0,True,feasible,baseline_truck_only,132.00365748246642,165.00457185308304,,,,0.0,True,feasible_only,0.0,132.00365748246642,True,132.00365748246642,,,
S0020_R02,2002028,nils,S0020,n15_p0.75_d1_uniform_Ehigh_V1.25_Hmedium_PWflat_B0.05,15,0.7333333333333333,0.75,1,3,high,1.25,uniform,medium,flat,0.05,1.0,1.0,1.0,peripheral,110.71638323321199,99.67339771895095,11.042985514261035,0.0,0.0,0.0,0.0,0.0,0.0,0.0,0.0,0.0,0.0,0.0,138.28019428609582,124.5917471486887,36.80995171420345,13,2,0.13333333333333333,1,1,2.0,2.0,0.0,0.0,0.0,0.0,0,0.6279423524402,0.6279423524402,0,130,130,0.18800926208496094,25.0,2.0,35.0,True,feasible,nils_complete,132.00365748246642,165.00457185308304,,16.126276086010684,,24.491942405315385,True,feasible_only,0.0,110.71638323321199,True,132.00365748246642,,16.126276086010684,
S0020_R03,2002029,truck_only,S0020,n15_p0.75_d1_uniform_Ehigh_V1.25_Hmedium_PWflat_B0.05,15,0.7333333333333333,0.75,1,3,high,1.25,uniform,medium,flat,0.05,1.0,1.0,1.0,peripheral,518.8994075773326,162.86200950362354,0.0,0.0,356.03739807370897,356.03739807370897,285.4811386147969,66.73297018961267,3.82328926929938,356.03739807370897,285.4811386147969,66.73297018961267,3.82328926929938,0.0,293.519875537178,203.57751187952937,0.0,15,0,0.0,0,0,0.0,0.0,0.0,0.0,0.0,0.0,0,0.0,0.0,0,0,0,0.005810260772705078,0.0,0.0,0.0,True,feasible,baseline_truck_only,518.8994075773326,203.57751187952937,,,,0.0,True,feasible_only,0.0,518.8994075773326,True,518.8994075773326,,,
S0020_R03,2002029,nils,S0020,n15_p0.75_d1_uniform_Ehigh_V1.25_Hmedium_PWflat_B0.05,15,0.7333333333333333,0.75,1,3,high,1.25,uniform,medium,flat,0.05,1.0,1.0,1.0,peripheral,80.02503920052875,67.2283738198636,12.796665380665141,0.0,0.0,0.0,0.0,0.0,0.0,0.0,0.0,0.0,0.0,0.0,152.95572173460707,84.0354672748295,42.655551268883805,10,5,0.3333333333333333,1,1,5.0,5.0,0.0,0.0,0.0,0.0,0,0.7434368865146741,0.7434368865146741,0,76,76,0.17495346069335938,17.0,5.0,43.0,True,feasible,nils_complete,518.8994075773326,203.57751187952937,,84.57792820112202,,58.720653131590005,True,feasible_only,0.0,80.02503920052875,True,518.8994075773326,,84.57792820112202,
S0020_R04,2002030,truck_only,S0020,n15_p0.75_d1_uniform_Ehigh_V1.25_Hmedium_PWflat_B0.05,15,0.7333333333333333,0.75,1,3,high,1.25,uniform,medium,flat,0.05,1.0,1.0,1.0,peripheral,189.4638604632741,158.98835167699815,0.0,0.0,30.47550878627596,30.47550878627596,30.47550878627596,0.0,0.0,30.47550878627596,30.47550878627596,0.0,0.0,0.0,154.99522149900955,198.73543959624772,0.0,15,0,0.0,0,0,0.0,0.0,0.0,0.0,0.0,0.0,0,0.0,0.0,0,0,0,0.002949237823486328,0.0,0.0,0.0,True,feasible,baseline_truck_only,189.4638604632741,198.73543959624772,,,,0.0,True,feasible_only,0.0,189.4638604632741,True,189.4638604632741,,,
S0020_R04,2002030,nils,S0020,n15_p0.75_d1_uniform_Ehigh_V1.25_Hmedium_PWflat_B0.05,15,0.7333333333333333,0.75,1,3,high,1.25,uniform,medium,flat,0.05,1.0,1.0,1.0,peripheral,126.18395917907284,109.02372300754796,17.16023617152488,0.0,0.0,0.0,0.0,0.0,0.0,0.0,0.0,0.0,0.0,0.0,136.859579218795,136.27965375943492,57.20078723841627,10,5,0.3333333333333333,1,1,5.0,5.0,0.0,0.0,0.0,0.0,0,0.9392038191710961,0.9392038191710961,1,112,112,0.1806020736694336,23.0,5.0,43.0,True,feasible,nils_complete,189.4638604632741,198.73543959624772,,33.3994573579733,,31.426597069802142,True,feasible_only,0.0,126.18395917907284,True,189.4638604632741,,33.3994573579733,
S0020_R05,2002031,truck_only,S0020,n15_p0.75_d1_uniform_Ehigh_V1.25_Hmedium_PWflat_B0.05,15,0.7333333333333333,0.75,1,3,high,1.25,uniform,medium,flat,0.05,1.0,1.0,1.0,peripheral,171.67439302231915,167.00352717535915,0.0,0.0,4.670865846960005,4.670865846960005,4.670865846960005,0.0,0.0,4.670865846960005,4.670865846960005,0.0,0.0,0.0,154.2024562015201,208.75440896919892,0.0,15,0,0.0,0,0,0.0,0.0,0.0,0.0,0.0,0.0,0,0.0,0.0,0,0,0,0.0030901432037353516,0.0,0.0,0.0,True,feasible,baseline_truck_only,171.67439302231915,208.75440896919892,,,,0.0,True,feasible_only,0.0,171.67439302231915,True,171.67439302231915,,,
S0020_R05,2002031,nils,S0020,n15_p0.75_d1_uniform_Ehigh_V1.25_Hmedium_PWflat_B0.05,15,0.7333333333333333,0.75,1,3,high,1.25,uniform,medium,flat,0.05,1.0,1.0,1.0,peripheral,146.82289867976658,125.47795608893237,15.347595012044158,0.0,5.9973475787900625,5.9973475787900625,5.9973475787900625,0.0,0.0,5.9973475787900625,5.9973475787900625,0.0,0.0,0.0,132.64576919768055,156.84744511116546,51.1586500401472,10,5,0.3333333333333333,1,1,5.0,5.0,0.0,0.0,0.0,0.0,0,0.8896197526065872,0.8896197526065872,0,129,129,0.1645653247833252,25.0,5.0,36.0,True,feasible,nils_complete,171.67439302231915,208.75440896919892,,14.475947114210365,,24.865086258222302,True,feasible_only,0.0,146.82289867976658,True,171.67439302231915,,14.475947114210365,
S0020_R06,2002032,truck_only,S0020,n15_p0.75_d1_uniform_Ehigh_V1.25_Hmedium_PWflat_B0.05,15,0.7333333333333333,0.75,1,3,high,1.25,uniform,medium,flat,0.05,1.0,1.0,1.0,peripheral,160.68506412042322,148.0464229787966,0.0,0.0,12.638641141626614,12.638641141626614,0.45108078071243796,12.187560360914176,0.0,12.638641141626614,0.45108078071243796,12.187560360914176,0.0,0.0,190.22775547674152,185.05802872349574,0.0,15,0,0.0,0,0,0.0,0.0,0.0,0.0,0.0,0.0,0,0.0,0.0,0,0,0,0.0028192996978759766,0.0,0.0,0.0,True,feasible,baseline_truck_only,160.68506412042322,185.05802872349574,,,,0.0,True,feasible_only,0.0,160.68506412042322,True,160.68506412042322,,,
S0020_R06,2002032,nils,S0020,n15_p0.75_d1_uniform_Ehigh_V1.25_Hmedium_PWflat_B0.05,15,0.7333333333333333,0.75,1,3,high,1.25,uniform,medium,flat,0.05,1.0,1.0,1.0,peripheral,109.47751254571517,92.45558455933035,17.021927986384817,0.0,0.0,0.0,0.0,0.0,0.0,0.0,0.0,0.0,0.0,0.0,128.42761840174106,115.56948069916291,56.73975995461605,12,3,0.2,1,1,3.0,3.0,0.0,0.0,0.0,0.0,0,0.9213332135995306,0.9213332135995306,1,184,184,0.16710495948791504,25.0,3.0,22.0,True,feasible,nils_complete,160.68506412042322,185.05802872349574,,31.868270927988213,,37.54959917365113,True,feasible_only,0.0,109.47751254571517,True,160.68506412042322,,31.868270927988213,
S0020_R07,2002033,truck_only,S0020,n15_p0.75_d1_uniform_Ehigh_V1.25_Hmedium_PWflat_B0.05,15,0.7333333333333333,0.75,1,3,high,1.25,uniform,medium,flat,0.05,1.0,1.0,1.0,peripheral,207.3551962257185,149.0528963068497,0.0,0.0,58.30229991886877,58.30229991886877,54.86766879508944,3.434631123779326,0.0,58.30229991886877,54.86766879508944,3.434631123779326,0.0,0.0,176.73085119893264,186.3161203835621,0.0,15,0,0.0,0,0,0.0,0.0,0.0,0.0,0.0,0.0,0,0.0,0.0,0,0,0,0.0033283233642578125,0.0,0.0,0.0,True,feasible,baseline_truck_only,207.3551962257185,186.3161203835621,,,,0.0,True,feasible_only,0.0,207.3551962257185,True,207.3551962257185,,,
S0020_R07,2002033,nils,S0020,n15_p0.75_d1_uniform_Ehigh_V1.25_Hmedium_PWflat_B0.05,15,0.7333333333333333,0.75,1,3,high,1.25,uniform,medium,flat,0.05,1.0,1.0,1.0,peripheral,131.55807687574827,116.71484553393674,14.843231341811528,0.0,0.0,0.0,0.0,0.0,0.0,0.0,0.0,0.0,0.0,0.0,137.6131439385927,145.8935569174209,49.47743780603843,12,3,0.2,1,1,3.0,3.0,0.0,0.0,0.0,0.0,0,0.8540066068042004,0.8540066068042004,0,183,183,0.18776893615722656,25.0,3.0,23.0,True,feasible,nils_complete,207.3551962257185,186.3161203835621,,36.55424157659427,,21.695687621084396,True,feasible_only,0.0,131.55807687574827,True,207.3551962257185,,36.55424157659427,
S0020_R08,2002034,truck_only,S0020,n15_p0.75_d1_uniform_Ehigh_V1.25_Hmedium_PWflat_B0.05,15,0.7333333333333333,0.75,1,3,high,1.25,uniform,medium,flat,0.05,1.0,1.0,1.0,peripheral,298.7842841981297,167.3295623174011,0.0,0.0,131.45472188072858,131.45472188072858,131.45472188072858,0.0,0.0,131.45472188072858,131.45472188072858,0.0,0.0,0.0,263.33930926256687,209.16195289675136,0.0,15,0,0.0,0,0,0.0,0.0,0.0,0.0,0.0,0.0,0,0.0,0.0,0,0,0,0.0044596195220947266,0.0,0.0,0.0,True,feasible,baseline_truck_only,298.7842841981297,209.16195289675136,,,,0.0,True,feasible_only,0.0,298.7842841981297,True,298.7842841981297,,,
S0020_R08,2002034,nils,S0020,n15_p0.75_d1_uniform_Ehigh_V1.25_Hmedium_PWflat_B0.05,15,0.7333333333333333,0.75,1,3,high,1.25,uniform,medium,flat,0.05,1.0,1.0,1.0,peripheral,118.67568924802117,102.97461398192664,15.701075266094533,0.0,0.0,0.0,0.0,0.0,0.0,0.0,0.0,0.0,0.0,0.0,140.56867593524794,128.7182674774083,52.33691755364845,13,2,0.13333333333333333,1,1,2.0,2.0,0.0,0.0,0.0,0.0,0,0.8605341245613641,0.8605341245613641,0,79,79,0.10968184471130371,12.0,2.0,23.0,True,feasible,nils_complete,298.7842841981297,209.16195289675136,,60.28047808253362,,38.45999920408684,True,feasible_only,0.0,118.67568924802117,True,298.7842841981297,,60.28047808253362,
S0020_R09,2002035,truck_only,S0020,n15_p0.75_d1_uniform_Ehigh_V1.25_Hmedium_PWflat_B0.05,15,0.7333333333333333,0.75,1,3,high,1.25,uniform,medium,flat,0.05,1.0,1.0,1.0,peripheral,226.969405365085,154.09841592940603,0.0,0.0,72.87098943567898,72.87098943567898,0.0,72.87098943567898,0.0,72.87098943567898,0.0,72.87098943567898,0.0,0.0,244.96412113709025,192.62301991175752,0.0,15,0,0.0,0,0,0.0,0.0,0.0,0.0,0.0,0.0,0,0.0,0.0,0,0,0,0.0032286643981933594,0.0,0.0,0.0,True,feasible,baseline_truck_only,226.969405365085,192.62301991175752,,,,0.0,True,feasible_only,0.0,226.969405365085,True,226.969405365085,,,
S0020_R09,2002035,nils,S0020,n15_p0.75_d1_uniform_Ehigh_V1.25_Hmedium_PWflat_B0.05,15,0.7333333333333333,0.75,1,3,high,1.25,uniform,medium,flat,0.05,1.0,1.0,1.0,peripheral,91.95148708248587,72.50799361692627,17.119588148825336,0.0,2.3239053167342547,2.3239053167342547,2.3239053167342547,0.0,0.0,2.3239053167342547,2.3239053167342547,0.0,0.0,0.0,164.09407121329232,90.63499202115781,57.06529382941778,9,6,0.4,1,1,6.0,6.0,0.0,0.0,0.0,0.0,0,0.9392789941742307,0.9392789941742307,1,71,71,0.11955428123474121,17.0,3.0,35.0,True,feasible,nils_complete,226.969405365085,192.62301991175752,,59.48727673909178,,52.946957189915004,True,feasible_only,0.0,91.95148708248587,True,226.969405365085,,59.48727673909178,
S0020_R10,2002036,truck_only,S0020,n15_p0.75_d1_uniform_Ehigh_V1.25_Hmedium_PWflat_B0.05,15,0.7333333333333333,0.75,1,3,high,1.25,uniform,medium,flat,0.05,1.0,1.0,1.0,peripheral,422.32330520189333,159.84247246198606,0.0,0.0,262.48083273990727,262.48083273990727,171.56934233095336,90.9114904089539,0.0,262.48083273990727,171.56934233095336,90.9114904089539,0.0,0.0,218.23605513078314,199.80309057748258,0.0,15,0,0.0,0,0,0.0,0.0,0.0,0.0,0.0,0.0,0,0.0,0.0,0,0,0,0.003945827484130859,0.0,0.0,0.0,True,feasible,baseline_truck_only,422.32330520189333,199.80309057748258,,,,0.0,True,feasible_only,0.0,422.32330520189333,True,422.32330520189333,,,
S0020_R10,2002036,nils,S0020,n15_p0.75_d1_uniform_Ehigh_V1.25_Hmedium_PWflat_B0.05,15,0.7333333333333333,0.75,1,3,high,1.25,uniform,medium,flat,0.05,1.0,1.0,1.0,peripheral,108.34934352382196,91.07597671265803,17.27336681116393,0.0,0.0,0.0,0.0,0.0,0.0,0.0,0.0,0.0,0.0,0.0,104.45338550555317,113.84497089082252,57.57788937054643,11,4,0.26666666666666666,1,1,4.0,4.0,0.0,0.0,0.0,0.0,0,0.9385418510254148,0.9385418510254148,1,157,157,0.16231679916381836,25.0,4.0,28.0,True,feasible,nils_complete,422.32330520189333,199.80309057748258,,74.3444554943457,,43.02141645467989,True,feasible_only,0.0,108.34934352382196,True,422.32330520189333,,74.3444554943457,
S0021_R01,2102027,truck_only,S0021,n15_p0.75_d1_uniform_Ehigh_V1.25_Hmedium_PWmoderate_B0.05,15,0.7333333333333333,0.75,1,3,high,1.25,uniform,medium,moderate,0.05,20.0,5.0,1.0,peripheral,501.249659467853,183.96136126222348,0.0,0.0,317.28829820562953,317.28829820562953,7.8916171939636115,31.891190865271454,0.0,39.782808059235066,157.83234387927223,159.45595432635727,0.0,0.0,216.62100799324546,229.95170157777935,0.0,15,0,0.0,0,0,0.0,0.0,0.0,0.0,0.0,0.0,0,0.0,0.0,0,0,0,0.003159046173095703,0.0,0.0,0.0,True,feasible,baseline_truck_only,501.249659467853,229.95170157777935,,,,0.0,True,feasible_only,0.0,501.249659467853,True,501.249659467853,,,
S0021_R01,2102027,nils,S0021,n15_p0.75_d1_uniform_Ehigh_V1.25_Hmedium_PWmoderate_B0.05,15,0.7333333333333333,0.75,1,3,high,1.25,uniform,medium,moderate,0.05,20.0,5.0,1.0,peripheral,307.67287197453345,135.64107455871033,14.19945353655064,0.0,157.8323438792725,157.8323438792725,7.891617193963626,0.0,0.0,7.891617193963626,157.8323438792725,0.0,0.0,0.0,138.04568686046568,169.55134319838788,47.33151178850215,9,6,0.4,1,1,6.0,6.0,0.0,0.0,0.0,0.0,0,0.8283132532956923,0.8283132532956923,0,108,108,0.15620017051696777,25.0,6.0,38.0,True,feasible,nils_complete,501.249659467853,229.95170157777935,,38.61883670880267,,26.26654117580492,True,feasible_only,0.0,307.67287197453345,True,501.249659467853,,38.61883670880267,
S0021_R02,2102028,truck_only,S0021,n15_p0.75_d1_uniform_Ehigh_V1.25_Hmedium_PWmoderate_B0.05,15,0.7333333333333333,0.75,1,3,high,1.25,uniform,medium,moderate,0.05,20.0,5.0,1.0,peripheral,375.17908790039496,149.28529290930848,0.0,0.0,225.89379499108645,225.89379499108645,11.294689749554323,0.0,0.0,11.294689749554323,225.89379499108645,0.0,0.0,0.0,113.82266912154964,186.60661613663558,0.0,15,0,0.0,0,0,0.0,0.0,0.0,0.0,0.0,0.0,0,0.0,0.0,0,0,0,0.0060732364654541016,0.0,0.0,0.0,True,feasible,baseline_truck_only,375.17908790039496,186.60661613663558,,,,0.0,True,feasible_only,0.0,375.17908790039496,True,375.17908790039496,,,
S0021_R02,2102028,nils,S0021,n15_p0.75_d1_uniform_Ehigh_V1.25_Hmedium_PWmoderate_B0.05,15,0.7333333333333333,0.75,1,3,high,1.25,uniform,medium,moderate,0.05,20.0,5.0,1.0,peripheral,131.84142620516556,115.32125673650351,16.52016946866205,0.0,0.0,0.0,0.0,0.0,0.0,0.0,0.0,0.0,0.0,0.0,107.10101501392515,144.1515709206294,55.06723156220685,9,6,0.4,1,1,6.0,6.0,0.0,0.0,0.0,0.0,0,0.9149415782288247,0.9149415782288247,1,104,104,0.16332459449768066,25.0,6.0,45.0,True,feasible,nils_complete,375.17908790039496,186.60661613663558,,64.85906852032016,,22.751093232900207,True,feasible_only,0.0,131.84142620516556,True,375.17908790039496,,64.85906852032016,
S0021_R03,2102029,truck_only,S0021,n15_p0.75_d1_uniform_Ehigh_V1.25_Hmedium_PWmoderate_B0.05,15,0.7333333333333333,0.75,1,3,high,1.25,uniform,medium,moderate,0.05,20.0,5.0,1.0,peripheral,1141.988970974084,161.67621870718602,0.0,0.0,980.312752266898,980.312752266898,49.0156376133449,0.0,0.0,49.0156376133449,980.312752266898,0.0,0.0,0.0,184.14404526017853,202.0952733839825,0.0,15,0,0.0,0,0,0.0,0.0,0.0,0.0,0.0,0.0,0,0.0,0.0,0,0,0,0.003008604049682617,0.0,0.0,0.0,True,feasible,baseline_truck_only,1141.988970974084,202.0952733839825,,,,0.0,True,feasible_only,0.0,1141.988970974084,True,1141.988970974084,,,
S0021_R03,2102029,nils,S0021,n15_p0.75_d1_uniform_Ehigh_V1.25_Hmedium_PWmoderate_B0.05,15,0.7333333333333333,0.75,1,3,high,1.25,uniform,medium,moderate,0.05,20.0,5.0,1.0,peripheral,142.34985681067343,129.23772392787345,13.11213288279997,0.0,0.0,0.0,0.0,0.0,0.0,0.0,0.0,0.0,0.0,0.0,154.21478709985956,161.5471549098418,43.70710960933324,12,3,0.2,1,1,3.0,3.0,0.0,0.0,0.0,0.0,0,0.7291172803603876,0.7291172803603876,0,186,186,0.17610740661621094,25.0,3.0,20.0,True,feasible,nils_complete,1141.988970974084,202.0952733839825,,87.53491842489048,,20.063862848043442,True,feasible_only,0.0,142.34985681067343,True,1141.988970974084,,87.53491842489048,
S0021_R04,2102030,truck_only,S0021,n15_p0.75_d1_uniform_Ehigh_V1.25_Hmedium_PWmoderate_B0.05,15,0.7333333333333333,0.75,1,3,high,1.25,uniform,medium,moderate,0.05,20.0,5.0,1.0,peripheral,813.8540557359356,202.245676413921,0.0,0.0,611.6083793220147,611.6083793220147,1.1828920584925484,117.59010763043274,0.0,118.7729996889253,23.65784116985097,587.9505381521637,0.0,0.0,234.68446080700474,252.80709551740128,0.0,15,0,0.0,0,0,0.0,0.0,0.0,0.0,0.0,0.0,0,0.0,0.0,0,0,0,0.0030260086059570312,0.0,0.0,0.0,True,feasible,baseline_truck_only,813.8540557359356,252.80709551740128,,,,0.0,True,feasible_only,0.0,813.8540557359356,True,813.8540557359356,,,
S0021_R04,2102030,nils,S0021,n15_p0.75_d1_uniform_Ehigh_V1.25_Hmedium_PWmoderate_B0.05,15,0.7333333333333333,0.75,1,3,high,1.25,uniform,medium,moderate,0.05,20.0,5.0,1.0,peripheral,145.02787218759073,128.22834887805104,16.799523309539694,0.0,0.0,0.0,0.0,0.0,0.0,0.0,0.0,0.0,0.0,0.0,145.4816184999074,160.28543609756377,55.998411031798966,11,4,0.26666666666666666,1,1,4.0,4.0,0.0,0.0,0.0,0.0,0,0.9414271417944247,0.9414271417944247,1,153,153,0.16811513900756836,25.0,4.0,32.0,True,feasible,nils_complete,813.8540557359356,252.80709551740128,,82.18011310929111,,36.59773046736698,True,feasible_only,0.0,145.02787218759073,True,813.8540557359356,,82.18011310929111,
S0021_R05,2102031,truck_only,S0021,n15_p0.75_d1_uniform_Ehigh_V1.25_Hmedium_PWmoderate_B0.05,15,0.7333333333333333,0.75,1,3,high,1.25,uniform,medium,moderate,0.05,20.0,5.0,1.0,peripheral,1044.7754562264709,155.57794888318887,0.0,0.0,889.1975073432819,889.1975073432819,44.459875367164095,0.0,0.0,44.459875367164095,889.1975073432819,0.0,0.0,0.0,159.11071133021272,194.47243610398607,0.0,15,0,0.0,0,0,0.0,0.0,0.0,0.0,0.0,0.0,0,0.0,0.0,0,0,0,0.0028548240661621094,0.0,0.0,0.0,True,feasible,baseline_truck_only,1044.7754562264709,194.47243610398607,,,,0.0,True,feasible_only,0.0,1044.7754562264709,True,1044.7754562264709,,,
S0021_R05,2102031,nils,S0021,n15_p0.75_d1_uniform_Ehigh_V1.25_Hmedium_PWmoderate_B0.05,15,0.7333333333333333,0.75,1,3,high,1.25,uniform,medium,moderate,0.05,20.0,5.0,1.0,peripheral,124.92394643580076,108.0286450605932,16.89530137520755,0.0,0.0,0.0,0.0,0.0,0.0,0.0,0.0,0.0,0.0,0.0,140.18156985057422,135.03580632574153,56.31767125069184,11,4,0.26666666666666666,1,1,4.0,4.0,0.0,0.0,0.0,0.0,0,0.942788709543262,0.942788709543262,1,126,126,0.1620631217956543,21.0,4.0,32.0,True,feasible,nils_complete,1044.7754562264709,194.47243610398607,,88.04298610851731,,30.563009837786606,True,feasible_only,0.0,124.92394643580076,True,1044.7754562264709,,88.04298610851731,
S0021_R06,2102032,truck_only,S0021,n15_p0.75_d1_uniform_Ehigh_V1.25_Hmedium_PWmoderate_B0.05,15,0.7333333333333333,0.75,1,3,high,1.25,uniform,medium,moderate,0.05,20.0,5.0,1.0,peripheral,152.46579794681068,152.46579794681068,0.0,0.0,0.0,0.0,0.0,0.0,0.0,0.0,0.0,0.0,0.0,0.0,182.435332760617,190.58224743351334,0.0,15,0,0.0,0,0,0.0,0.0,0.0,0.0,0.0,0.0,0,0.0,0.0,0,0,0,0.0034432411193847656,0.0,0.0,0.0,True,feasible,baseline_truck_only,152.46579794681068,190.58224743351334,,,,0.0,True,feasible_only,0.0,152.46579794681068,True,152.46579794681068,,,
S0021_R06,2102032,nils,S0021,n15_p0.75_d1_uniform_Ehigh_V1.25_Hmedium_PWmoderate_B0.05,15,0.7333333333333333,0.75,1,3,high,1.25,uniform,medium,moderate,0.05,20.0,5.0,1.0,peripheral,121.4333447072772,103.92759170549951,17.5057530017777,0.0,0.0,0.0,0.0,0.0,0.0,0.0,0.0,0.0,0.0,0.0,109.9068261965731,129.90948963187438,58.352510005925666,12,3,0.2,1,1,3.0,3.0,0.0,0.0,0.0,0.0,0,0.9386469371838891,0.9386469371838891,1,177,177,0.11458897590637207,25.0,4.0,29.0,False,infeasible,nils_complete,152.46579794681068,190.58224743351334,,20.353714510030297,,31.83547188612376,False,feasible_only,0.0,,False,152.46579794681068,,,
S0021_R07,2102033,truck_only,S0021,n15_p0.75_d1_uniform_Ehigh_V1.25_Hmedium_PWmoderate_B0.05,15,0.7333333333333333,0.75,1,3,high,1.25,uniform,medium,moderate,0.05,20.0,5.0,1.0,peripheral,2271.7055938787166,161.31246658356028,0.0,0.0,2110.3931272951563,2110.3931272951563,20.156010037439913,341.45458530927164,0.0,361.61059534671153,403.12020074879825,1707.2729265463581,0.0,0.0,284.4582072731997,201.64058322945036,0.0,15,0,0.0,0,0,0.0,0.0,0.0,0.0,0.0,0.0,0,0.0,0.0,0,0,0,0.002796649932861328,0.0,0.0,0.0,True,feasible,baseline_truck_only,2271.7055938787166,201.64058322945036,,,,0.0,True,feasible_only,0.0,2271.7055938787166,True,2271.7055938787166,,,
S0021_R07,2102033,nils,S0021,n15_p0.75_d1_uniform_Ehigh_V1.25_Hmedium_PWmoderate_B0.05,15,0.7333333333333333,0.75,1,3,high,1.25,uniform,medium,moderate,0.05,20.0,5.0,1.0,peripheral,116.38546753810283,102.00773233415781,14.377735203945022,0.0,0.0,0.0,0.0,0.0,0.0,0.0,0.0,0.0,0.0,0.0,167.51166024945672,127.50966541769725,47.925784013150064,11,4,0.26666666666666666,1,1,4.0,4.0,0.0,0.0,0.0,0.0,0,0.8284561167804831,0.8284561167804831,0,124,124,0.1493539810180664,25.0,4.0,43.0,True,feasible,nils_complete,2271.7055938787166,201.64058322945036,,94.87673632306438,,36.763887816867815,True,feasible_only,0.0,116.38546753810283,True,2271.7055938787166,,94.87673632306438,
S0021_R08,2102034,truck_only,S0021,n15_p0.75_d1_uniform_Ehigh_V1.25_Hmedium_PWmoderate_B0.05,15,0.7333333333333333,0.75,1,3,high,1.25,uniform,medium,moderate,0.05,20.0,5.0,1.0,peripheral,11559.010967636574,212.5618592436112,0.0,0.0,11346.449108392962,11346.449108392962,397.27788665911453,663.9304802917608,81.23897375186812,1142.4473407027433,7945.557733182291,3319.652401458804,81.23897375186812,0.0,380.617833981595,265.702324054514,0.0,15,0,0.0,0,0,0.0,0.0,0.0,0.0,0.0,0.0,0,0.0,0.0,0,0,0,0.003268718719482422,0.0,0.0,0.0,True,feasible,baseline_truck_only,11559.010967636574,265.702324054514,,,,0.0,True,feasible_only,0.0,11559.010967636574,True,11559.010967636574,,,
S0021_R08,2102034,nils,S0021,n15_p0.75_d1_uniform_Ehigh_V1.25_Hmedium_PWmoderate_B0.05,15,0.7333333333333333,0.75,1,3,high,1.25,uniform,medium,moderate,0.05,20.0,5.0,1.0,peripheral,177.18910167153732,160.45782346759404,16.731278203943287,0.0,0.0,0.0,0.0,0.0,0.0,0.0,0.0,0.0,0.0,0.0,134.71773057794525,200.57227933449252,55.77092734647762,9,6,0.4,1,1,6.0,6.0,0.0,0.0,0.0,0.0,0,0.892418047071401,0.892418047071401,0,95,95,0.1914501190185547,25.0,7.0,54.0,True,feasible,nils_complete,11559.010967636574,265.702324054514,,98.46709115366669,,24.512410627864433,True,feasible_only,0.0,177.18910167153732,True,11559.010967636574,,98.46709115366669,
S0021_R09,2102035,truck_only,S0021,n15_p0.75_d1_uniform_Ehigh_V1.25_Hmedium_PWmoderate_B0.05,15,0.7333333333333333,0.75,1,3,high,1.25,uniform,medium,moderate,0.05,20.0,5.0,1.0,peripheral,1603.420263418248,146.87603800039028,0.0,0.0,1456.5442254178577,1456.5442254178577,72.82721127089289,0.0,0.0,72.82721127089289,1456.544225417858,0.0,0.0,0.0,193.4550062006798,183.59504750048785,0.0,15,0,0.0,0,0,0.0,0.0,0.0,0.0,0.0,0.0,0,0.0,0.0,0,0,0,0.003181934356689453,0.0,0.0,0.0,True,feasible,baseline_truck_only,1603.420263418248,183.59504750048785,,,,0.0,True,feasible_only,0.0,1603.420263418248,True,1603.420263418248,,,
S0021_R09,2102035,nils,S0021,n15_p0.75_d1_uniform_Ehigh_V1.25_Hmedium_PWmoderate_B0.05,15,0.7333333333333333,0.75,1,3,high,1.25,uniform,medium,moderate,0.05,20.0,5.0,1.0,peripheral,95.77532316587931,80.25858885691679,15.516734308962526,0.0,0.0,0.0,0.0,0.0,0.0,0.0,0.0,0.0,0.0,0.0,112.33787459365064,100.32323607114598,51.72244769654176,11,4,0.26666666666666666,1,1,4.0,4.0,0.0,0.0,0.0,0.0,0,0.8197308496662875,0.8197308496662875,0,57,57,0.11604905128479004,15.0,4.0,42.0,True,feasible,nils_complete,1603.420263418248,183.59504750048785,,94.02681097707342,,45.356240575672714,True,feasible_only,0.0,95.77532316587931,True,1603.420263418248,,94.02681097707342,
S0021_R10,2102036,truck_only,S0021,n15_p0.75_d1_uniform_Ehigh_V1.25_Hmedium_PWmoderate_B0.05,15,0.7333333333333333,0.75,1,3,high,1.25,uniform,medium,moderate,0.05,20.0,5.0,1.0,peripheral,342.77921065585656,157.3568868895023,0.0,0.0,185.42232376635425,185.42232376635425,0.0,37.08446475327085,0.0,37.08446475327085,0.0,185.42232376635425,0.0,0.0,218.88411267003443,196.69610861187795,0.0,15,0,0.0,0,0,0.0,0.0,0.0,0.0,0.0,0.0,0,0.0,0.0,0,0,0,0.003272533416748047,0.0,0.0,0.0,True,feasible,baseline_truck_only,342.77921065585656,196.69610861187795,,,,0.0,True,feasible_only,0.0,342.77921065585656,True,342.77921065585656,,,
S0021_R10,2102036,nils,S0021,n15_p0.75_d1_uniform_Ehigh_V1.25_Hmedium_PWmoderate_B0.05,15,0.7333333333333333,0.75,1,3,high,1.25,uniform,medium,moderate,0.05,20.0,5.0,1.0,peripheral,110.03160646407359,98.11610687326959,11.915499590804007,0.0,0.0,0.0,0.0,0.0,0.0,0.0,0.0,0.0,0.0,0.0,169.3008670953585,122.64513359158698,39.718331969346686,10,5,0.3333333333333333,1,1,5.0,5.0,0.0,0.0,0.0,0.0,0,0.6590228235678407,0.6590228235678407,0,108,108,0.1765749454498291,25.0,4.0,38.0,True,feasible,nils_complete,342.77921065585656,196.69610861187795,,67.90015174679216,,37.64740214886957,True,feasible_only,0.0,110.03160646407359,True,342.77921065585656,,67.90015174679216,
S0022_R01,2202027,truck_only,S0022,n15_p0.75_d1_uniform_Ehigh_V2.00_Hshort_PWstrict_B0.05,15,0.7333333333333333,0.75,1,3,high,2.0,uniform,short,strict,0.05,200.0,40.0,1.0,peripheral,11544.29336550444,116.2214875608873,0.0,0.0,11428.071877943552,11428.071877943552,57.14035938971776,0.0,0.0,57.14035938971776,11428.071877943552,0.0,0.0,0.0,139.14411665593724,145.2768594511091,0.0,15,0,0.0,0,0,0.0,0.0,0.0,0.0,0.0,0.0,0,0.0,0.0,0,0,0,0.005146980285644531,0.0,0.0,0.0,True,feasible,baseline_truck_only,11544.29336550444,145.2768594511091,,,,0.0,True,feasible_only,0.0,11544.29336550444,True,11544.29336550444,,,
S0022_R01,2202027,nils,S0022,n15_p0.75_d1_uniform_Ehigh_V2.00_Hshort_PWstrict_B0.05,15,0.7333333333333333,0.75,1,3,high,2.0,uniform,short,strict,0.05,200.0,40.0,1.0,peripheral,81.57043243149796,64.08831751676482,17.482114914733145,0.0,0.0,0.0,0.0,0.0,0.0,0.0,0.0,0.0,0.0,0.0,108.14897846344283,80.110396895956,58.27371638244381,9,6,0.4,1,1,6.0,6.0,0.0,0.0,0.0,0.0,0,0.5994362005324377,0.5994362005324377,0,21,21,0.16720795631408691,20.0,6.0,70.0,True,feasible,nils_complete,11544.29336550444,145.2768594511091,,99.2934133788107,,44.85673960833656,True,feasible_only,0.0,81.57043243149796,True,11544.29336550444,,99.2934133788107,
S0022_R02,2202028,truck_only,S0022,n15_p0.75_d1_uniform_Ehigh_V2.00_Hshort_PWstrict_B0.05,15,0.7333333333333333,0.75,1,3,high,2.0,uniform,short,strict,0.05,200.0,40.0,1.0,peripheral,13738.750838210895,159.00624531215686,0.0,0.0,13579.744592898738,13579.744592898738,56.2327947027214,58.329641308861426,0.0,114.56243601158283,11246.55894054428,2333.185652354457,0.0,0.0,231.91573142285296,198.75780664019607,0.0,15,0,0.0,0,0,0.0,0.0,0.0,0.0,0.0,0.0,0,0.0,0.0,0,0,0,0.0032813549041748047,0.0,0.0,0.0,True,feasible,baseline_truck_only,13738.750838210895,198.75780664019607,,,,0.0,True,feasible_only,0.0,13738.750838210895,True,13738.750838210895,,,
S0022_R02,2202028,nils,S0022,n15_p0.75_d1_uniform_Ehigh_V2.00_Hshort_PWstrict_B0.05,15,0.7333333333333333,0.75,1,3,high,2.0,uniform,short,strict,0.05,200.0,40.0,1.0,peripheral,89.87661100161172,69.18703396416029,20.689577037451432,0.0,0.0,0.0,0.0,0.0,0.0,0.0,0.0,0.0,0.0,0.0,122.82505388781018,86.48379245520037,68.96525679150479,9,6,0.4,1,1,6.0,6.0,0.0,0.0,0.0,0.0,0,0.7405751347903221,0.7405751347903221,0,24,24,0.13888168334960938,17.0,6.0,64.0,True,feasible,nils_complete,13738.750838210895,198.75780664019607,,99.34581671900155,,56.4878512612293,True,feasible_only,0.0,89.87661100161172,True,13738.750838210895,,99.34581671900155,
S0022_R03,2202029,truck_only,S0022,n15_p0.75_d1_uniform_Ehigh_V2.00_Hshort_PWstrict_B0.05,15,0.7333333333333333,0.75,1,3,high,2.0,uniform,short,strict,0.05,200.0,40.0,1.0,peripheral,16586.515921486214,172.25092676406416,0.0,0.0,16414.26499472215,16414.26499472215,82.07132497361076,0.0,0.0,82.07132497361076,16414.26499472215,0.0,0.0,0.0,172.07390282068164,215.3136584550802,0.0,15,0,0.0,0,0,0.0,0.0,0.0,0.0,0.0,0.0,0,0.0,0.0,0,0,0,0.003988981246948242,0.0,0.0,0.0,True,feasible,baseline_truck_only,16586.515921486214,215.3136584550802,,,,0.0,True,feasible_only,0.0,16586.515921486214,True,16586.515921486214,,,
S0022_R03,2202029,nils,S0022,n15_p0.75_d1_uniform_Ehigh_V2.00_Hshort_PWstrict_B0.05,15,0.7333333333333333,0.75,1,3,high,2.0,uniform,short,strict,0.05,200.0,40.0,1.0,peripheral,138.8184201562814,116.62207989312199,22.19634026315941,0.0,0.0,0.0,0.0,0.0,0.0,0.0,0.0,0.0,0.0,0.0,99.60729923950326,145.77759986640248,73.98780087719804,9,6,0.4,1,1,6.0,6.0,0.0,0.0,0.0,0.0,0,0.8047913774813261,0.8047913774813261,0,96,96,0.1757652759552002,25.0,7.0,50.0,True,feasible,nils_complete,16586.515921486214,215.3136584550802,,99.16306461939692,,32.29523806692676,True,feasible_only,0.0,138.8184201562814,True,16586.515921486214,,99.16306461939692,
S0022_R04,2202030,truck_only,S0022,n15_p0.75_d1_uniform_Ehigh_V2.00_Hshort_PWstrict_B0.05,15,0.7333333333333333,0.75,1,3,high,2.0,uniform,short,strict,0.05,200.0,40.0,1.0,peripheral,17364.23353251001,135.52145111245952,0.0,0.0,17228.712081397553,17228.712081397553,86.14356040698776,0.0,0.0,86.14356040698776,17228.712081397553,0.0,0.0,0.0,163.8248593436563,169.40181389057435,0.0,15,0,0.0,0,0,0.0,0.0,0.0,0.0,0.0,0.0,0,0.0,0.0,0,0,0,0.0032825469970703125,0.0,0.0,0.0,True,feasible,baseline_truck_only,17364.23353251001,169.40181389057435,,,,0.0,True,feasible_only,0.0,17364.23353251001,True,17364.23353251001,,,
S0022_R04,2202030,nils,S0022,n15_p0.75_d1_uniform_Ehigh_V2.00_Hshort_PWstrict_B0.05,15,0.7333333333333333,0.75,1,3,high,2.0,uniform,short,strict,0.05,200.0,40.0,1.0,peripheral,109.4094130725864,95.10418900488217,14.305224067704238,0.0,0.0,0.0,0.0,0.0,0.0,0.0,0.0,0.0,0.0,0.0,105.00328564075056,118.88023625610273,47.684080225680795,12,3,0.2,1,1,3.0,3.0,0.0,0.0,0.0,0.0,0,0.5002112033923829,0.5002112033923829,0,22,22,0.154008150100708,21.0,3.0,71.0,True,feasible,nils_complete,17364.23353251001,169.40181389057435,,99.36991510239858,,29.823516333246697,True,feasible_only,0.0,109.4094130725864,True,17364.23353251001,,99.36991510239858,
S0022_R05,2202031,truck_only,S0022,n15_p0.75_d1_uniform_Ehigh_V2.00_Hshort_PWstrict_B0.05,15,0.7333333333333333,0.75,1,3,high,2.0,uniform,short,strict,0.05,200.0,40.0,1.0,peripheral,4072.8780568502325,186.17850572805963,0.0,0.0,3886.699551122173,3886.699551122173,19.433497755610865,0.0,0.0,19.433497755610865,3886.699551122173,0.0,0.0,0.0,151.41754344619744,232.72313216007456,0.0,15,0,0.0,0,0,0.0,0.0,0.0,0.0,0.0,0.0,0,0.0,0.0,0,0,0,0.0032453536987304688,0.0,0.0,0.0,True,feasible,baseline_truck_only,4072.8780568502325,232.72313216007456,,,,0.0,True,feasible_only,0.0,4072.8780568502325,True,4072.8780568502325,,,
S0022_R05,2202031,nils,S0022,n15_p0.75_d1_uniform_Ehigh_V2.00_Hshort_PWstrict_B0.05,15,0.7333333333333333,0.75,1,3,high,2.0,uniform,short,strict,0.05,200.0,40.0,1.0,peripheral,146.35976611290153,119.28586166765164,27.07390444524988,0.0,0.0,0.0,0.0,0.0,0.0,0.0,0.0,0.0,0.0,0.0,131.24674452842217,149.10732708456456,90.24634815083293,8,7,0.4666666666666667,1,1,7.0,7.0,0.0,0.0,0.0,0.0,0,0.9356846439262618,0.9356846439262618,1,70,70,0.17020368576049805,23.0,7.0,50.0,True,feasible,nils_complete,4072.8780568502325,232.72313216007456,,96.40647807103537,,35.929305479610136,True,feasible_only,0.0,146.35976611290153,True,4072.8780568502325,,96.40647807103537,
S0022_R06,2202032,truck_only,S0022,n15_p0.75_d1_uniform_Ehigh_V2.00_Hshort_PWstrict_B0.05,15,0.7333333333333333,0.75,1,3,high,2.0,uniform,short,strict,0.05,200.0,40.0,1.0,peripheral,11628.568678783105,173.89359178899193,0.0,0.0,11454.675086994113,11454.675086994113,54.98514752819592,11.441139533873212,0.0,66.42628706206912,10997.029505639184,457.6455813549285,0.0,0.0,176.13177504844654,217.3669897362399,0.0,15,0,0.0,0,0,0.0,0.0,0.0,0.0,0.0,0.0,0,0.0,0.0,0,0,0,0.0032453536987304688,0.0,0.0,0.0,True,feasible,baseline_truck_only,11628.568678783105,217.3669897362399,,,,0.0,True,feasible_only,0.0,11628.568678783105,True,11628.568678783105,,,
S0022_R06,2202032,nils,S0022,n15_p0.75_d1_uniform_Ehigh_V2.00_Hshort_PWstrict_B0.05,15,0.7333333333333333,0.75,1,3,high,2.0,uniform,short,strict,0.05,200.0,40.0,1.0,peripheral,158.55048998219624,135.29386694526917,23.256623036927074,0.0,0.0,0.0,0.0,0.0,0.0,0.0,0.0,0.0,0.0,0.0,148.4827550866862,169.11733368158644,77.52207678975694,11,4,0.26666666666666666,1,1,4.0,4.0,0.0,0.0,0.0,0.0,0,0.8027034211120743,0.8027034211120743,0,126,126,0.15986847877502441,25.0,4.0,39.0,True,feasible,nils_complete,11628.568678783105,217.3669897362399,,98.63654337552755,,22.197324494027885,True,feasible_only,0.0,158.55048998219624,True,11628.568678783105,,98.63654337552755,
S0022_R07,2202033,truck_only,S0022,n15_p0.75_d1_uniform_Ehigh_V2.00_Hshort_PWstrict_B0.05,15,0.7333333333333333,0.75,1,3,high,2.0,uniform,short,strict,0.05,200.0,40.0,1.0,peripheral,18740.430753190387,169.98561269353453,0.0,0.0,18570.445140496853,18570.445140496853,88.44507310342485,22.035762995297162,0.0,110.48083609872201,17689.014620684968,881.4305198118865,0.0,0.0,190.2194077017127,212.48201586691818,0.0,15,0,0.0,0,0,0.0,0.0,0.0,0.0,0.0,0.0,0,0.0,0.0,0,0,0,0.0034058094024658203,0.0,0.0,0.0,True,feasible,baseline_truck_only,18740.430753190387,212.48201586691818,,,,0.0,True,feasible_only,0.0,18740.430753190387,True,18740.430753190387,,,
S0022_R07,2202033,nils,S0022,n15_p0.75_d1_uniform_Ehigh_V2.00_Hshort_PWstrict_B0.05,15,0.7333333333333333,0.75,1,3,high,2.0,uniform,short,strict,0.05,200.0,40.0,1.0,peripheral,114.77060179913705,88.49877962788128,26.271822171255774,0.0,0.0,0.0,0.0,0.0,0.0,0.0,0.0,0.0,0.0,0.0,148.22039856425687,110.62347453485161,87.57274057085257,8,7,0.4666666666666667,1,1,7.0,7.0,0.0,0.0,0.0,0.0,0,0.9182232039684659,0.9182232039684659,1,74,74,0.18323159217834473,25.0,7.0,54.0,True,feasible,nils_complete,18740.430753190387,212.48201586691818,,99.38757756792971,,47.93748822293866,True,feasible_only,0.0,114.77060179913705,True,18740.430753190387,,99.38757756792971,
S0022_R08,2202034,truck_only,S0022,n15_p0.75_d1_uniform_Ehigh_V2.00_Hshort_PWstrict_B0.05,15,0.7333333333333333,0.75,1,3,high,2.0,uniform,short,strict,0.05,200.0,40.0,1.0,peripheral,1011.8897686146981,173.81553301136634,0.0,0.0,838.0742356033318,838.0742356033318,0.0,20.951855890083294,0.0,20.951855890083294,0.0,838.0742356033318,0.0,0.0,210.82588274876022,217.26941626420793,0.0,15,0,0.0,0,0,0.0,0.0,0.0,0.0,0.0,0.0,0,0.0,0.0,0,0,0,0.0052182674407958984,0.0,0.0,0.0,True,feasible,baseline_truck_only,1011.8897686146981,217.26941626420793,,,,0.0,True,feasible_only,0.0,1011.8897686146981,True,1011.8897686146981,,,
S0022_R08,2202034,nils,S0022,n15_p0.75_d1_uniform_Ehigh_V2.00_Hshort_PWstrict_B0.05,15,0.7333333333333333,0.75,1,3,high,2.0,uniform,short,strict,0.05,200.0,40.0,1.0,peripheral,123.17713030425,97.24422500822445,25.93290529602556,0.0,0.0,0.0,0.0,0.0,0.0,0.0,0.0,0.0,0.0,0.0,136.78363782955694,121.55528126028054,86.44301765341854,6,9,0.6,1,1,9.0,9.0,0.0,0.0,0.0,0.0,0,0.9048097302247167,0.9048097302247167,1,39,39,0.1914663314819336,25.0,7.0,62.0,True,feasible,nils_complete,1011.8897686146981,217.26941626420793,,87.82702087472606,,44.05320207954872,True,feasible_only,0.0,123.17713030425,True,1011.8897686146981,,87.82702087472606,
S0022_R09,2202035,truck_only,S0022,n15_p0.75_d1_uniform_Ehigh_V2.00_Hshort_PWstrict_B0.05,15,0.7333333333333333,0.75,1,3,high,2.0,uniform,short,strict,0.05,200.0,40.0,1.0,peripheral,7736.09409391712,142.16546895094046,0.0,0.0,7593.928624966179,7593.928624966179,34.770631748135,15.995056883479478,0.0,50.76568863161448,6954.126349627,639.8022753391791,0.0,0.0,178.93890854870074,177.70683618867554,0.0,15,0,0.0,0,0,0.0,0.0,0.0,0.0,0.0,0.0,0,0.0,0.0,0,0,0,0.003270387649536133,0.0,0.0,0.0,True,feasible,baseline_truck_only,7736.09409391712,177.70683618867554,,,,0.0,True,feasible_only,0.0,7736.09409391712,True,7736.09409391712,,,
S0022_R09,2202035,nils,S0022,n15_p0.75_d1_uniform_Ehigh_V2.00_Hshort_PWstrict_B0.05,15,0.7333333333333333,0.75,1,3,high,2.0,uniform,short,strict,0.05,200.0,40.0,1.0,peripheral,123.00358504388792,102.78966786230669,20.213917181581234,0.0,0.0,0.0,0.0,0.0,0.0,0.0,0.0,0.0,0.0,0.0,135.99650138814496,128.48708482788334,67.37972393860412,10,5,0.3333333333333333,1,1,5.0,5.0,0.0,0.0,0.0,0.0,0,0.7129517586593992,0.7129517586593992,0,49,49,0.1493682861328125,22.0,4.0,53.0,True,feasible,nils_complete,7736.09409391712,177.70683618867554,,98.41000402075504,,27.69716259454106,True,feasible_only,0.0,123.00358504388792,True,7736.09409391712,,98.41000402075504,
S0022_R10,2202036,truck_only,S0022,n15_p0.75_d1_uniform_Ehigh_V2.00_Hshort_PWstrict_B0.05,15,0.7333333333333333,0.75,1,3,high,2.0,uniform,short,strict,0.05,200.0,40.0,1.0,peripheral,549.244601931362,143.75145243482612,0.0,0.0,405.4931494965359,405.4931494965359,2.0274657474826796,0.0,0.0,2.0274657474826796,405.4931494965359,0.0,0.0,0.0,118.35774832402097,179.68931554353264,0.0,15,0,0.0,0,0,0.0,0.0,0.0,0.0,0.0,0.0,0,0.0,0.0,0,0,0,0.003268718719482422,0.0,0.0,0.0,True,feasible,baseline_truck_only,549.244601931362,179.68931554353264,,,,0.0,True,feasible_only,0.0,549.244601931362,True,549.244601931362,,,
S0022_R10,2202036,nils,S0022,n15_p0.75_d1_uniform_Ehigh_V2.00_Hshort_PWstrict_B0.05,15,0.7333333333333333,0.75,1,3,high,2.0,uniform,short,strict,0.05,200.0,40.0,1.0,peripheral,89.67198810566029,68.8443914112953,20.827596694364978,0.0,0.0,0.0,0.0,0.0,0.0,0.0,0.0,0.0,0.0,0.0,107.84195732757453,86.05548926411913,69.42532231454994,7,8,0.5333333333333333,1,1,8.0,8.0,0.0,0.0,0.0,0.0,0,0.7459786043981503,0.7459786043981503,0,12,12,0.13040947914123535,18.0,6.0,70.0,True,feasible,nils_complete,549.244601931362,179.68931554353264,,83.67357862228633,,52.108733341315,True,feasible_only,0.0,89.67198810566029,True,549.244601931362,,83.67357862228633,
S0023_R01,2302027,truck_only,S0023,n15_p0.75_d1_uniform_Ehigh_V2.00_Hlong_PWstrict_B0.05,15,0.7333333333333333,0.75,1,3,high,2.0,uniform,long,strict,0.05,200.0,40.0,1.0,peripheral,8601.5326346268,131.90557388697076,0.0,0.0,8469.62706073983,8469.62706073983,42.348135303699145,0.0,0.0,42.348135303699145,8469.62706073983,0.0,0.0,0.0,156.72401790380857,164.88196735871344,0.0,15,0,0.0,0,0,0.0,0.0,0.0,0.0,0.0,0.0,0,0.0,0.0,0,0,0,0.005060672760009766,0.0,0.0,0.0,True,feasible,baseline_truck_only,8601.5326346268,164.88196735871344,,,,0.0,True,feasible_only,0.0,8601.5326346268,True,8601.5326346268,,,
S0023_R01,2302027,nils,S0023,n15_p0.75_d1_uniform_Ehigh_V2.00_Hlong_PWstrict_B0.05,15,0.7333333333333333,0.75,1,3,high,2.0,uniform,long,strict,0.05,200.0,40.0,1.0,peripheral,115.7297177880526,101.94242243606263,13.787295351989963,0.0,0.0,0.0,0.0,0.0,0.0,0.0,0.0,0.0,0.0,0.0,137.64182985088894,127.42802804507829,45.95765117329988,10,5,0.3333333333333333,1,1,5.0,5.0,0.0,0.0,0.0,0.0,0,0.49692730463126034,0.49692730463126034,0,25,25,0.17529964447021484,22.0,5.0,70.0,True,feasible,nils_complete,8601.5326346268,164.88196735871344,,98.65454538506123,,22.71560675410381,True,feasible_only,0.0,115.7297177880526,True,8601.5326346268,,98.65454538506123,
S0023_R02,2302028,truck_only,S0023,n15_p0.75_d1_uniform_Ehigh_V2.00_Hlong_PWstrict_B0.05,15,0.7333333333333333,0.75,1,3,high,2.0,uniform,long,strict,0.05,200.0,40.0,1.0,peripheral,8382.927768302487,156.55649759529945,0.0,0.0,8226.371270707186,8226.371270707186,5.490441472968023,178.20707440283954,0.0,183.69751587580757,1098.0882945936046,7128.282976113582,0.0,0.0,241.13949175504052,195.69562199412428,0.0,15,0,0.0,0,0,0.0,0.0,0.0,0.0,0.0,0.0,0,0.0,0.0,0,0,0,0.0059702396392822266,0.0,0.0,0.0,True,feasible,baseline_truck_only,8382.927768302487,195.69562199412428,,,,0.0,True,feasible_only,0.0,8382.927768302487,True,8382.927768302487,,,
S0023_R02,2302028,nils,S0023,n15_p0.75_d1_uniform_Ehigh_V2.00_Hlong_PWstrict_B0.05,15,0.7333333333333333,0.75,1,3,high,2.0,uniform,long,strict,0.05,200.0,40.0,1.0,peripheral,114.9142347069623,94.79743954086108,20.11679516610123,0.0,0.0,0.0,0.0,0.0,0.0,0.0,0.0,0.0,0.0,0.0,119.63194467452476,118.49679942607634,67.0559838870041,11,4,0.26666666666666666,1,1,4.0,4.0,0.0,0.0,0.0,0.0,0,0.726957713150884,0.726957713150884,0,49,49,0.13178396224975586,15.0,3.0,50.0,True,feasible,nils_complete,8382.927768302487,195.69562199412428,,98.6291873450052,,39.44841574962051,True,feasible_only,0.0,114.9142347069623,True,8382.927768302487,,98.6291873450052,
S0023_R03,2302029,truck_only,S0023,n15_p0.75_d1_uniform_Ehigh_V2.00_Hlong_PWstrict_B0.05,15,0.7333333333333333,0.75,1,3,high,2.0,uniform,long,strict,0.05,200.0,40.0,1.0,peripheral,66633.59095881032,171.9723222194485,0.0,0.0,66461.61863659088,66461.61863659088,332.3080931829544,0.0,0.0,332.3080931829544,66461.61863659088,0.0,0.0,0.0,228.84809560672852,214.96540277431058,0.0,15,0,0.0,0,0,0.0,0.0,0.0,0.0,0.0,0.0,0,0.0,0.0,0,0,0,0.006102085113525391,0.0,0.0,0.0,True,feasible,baseline_truck_only,66633.59095881032,214.96540277431058,,,,0.0,True,feasible_only,0.0,66633.59095881032,True,66633.59095881032,,,
S0023_R03,2302029,nils,S0023,n15_p0.75_d1_uniform_Ehigh_V2.00_Hlong_PWstrict_B0.05,15,0.7333333333333333,0.75,1,3,high,2.0,uniform,long,strict,0.05,200.0,40.0,1.0,peripheral,111.63002073847218,86.42485053349225,25.205170204979936,0.0,0.0,0.0,0.0,0.0,0.0,0.0,0.0,0.0,0.0,0.0,111.59140277069714,108.0310631668653,84.0172340165998,8,7,0.4666666666666667,1,1,7.0,7.0,0.0,0.0,0.0,0.0,0,0.9050023705219168,0.9050023705219168,1,54,54,0.18860816955566406,25.0,7.0,62.0,True,feasible,nils_complete,66633.59095881032,214.96540277431058,,99.83247185221119,,49.74490696054671,True,feasible_only,0.0,111.63002073847218,True,66633.59095881032,,99.83247185221119,
S0023_R04,2302030,truck_only,S0023,n15_p0.75_d1_uniform_Ehigh_V2.00_Hlong_PWstrict_B0.05,15,0.7333333333333333,0.75,1,3,high,2.0,uniform,long,strict,0.05,200.0,40.0,1.0,peripheral,9484.29122521766,169.34857489267043,0.0,0.0,9314.942650324989,9314.942650324989,37.88422221483508,43.45245518394931,0.0,81.33667739878439,7576.844442967015,1738.0982073579726,0.0,0.0,228.84225409673476,211.685718615838,0.0,15,0,0.0,0,0,0.0,0.0,0.0,0.0,0.0,0.0,0,0.0,0.0,0,0,0,0.0055463314056396484,0.0,0.0,0.0,True,feasible,baseline_truck_only,9484.29122521766,211.685718615838,,,,0.0,True,feasible_only,0.0,9484.29122521766,True,9484.29122521766,,,
S0023_R04,2302030,nils,S0023,n15_p0.75_d1_uniform_Ehigh_V2.00_Hlong_PWstrict_B0.05,15,0.7333333333333333,0.75,1,3,high,2.0,uniform,long,strict,0.05,200.0,40.0,1.0,peripheral,85.79504311016518,65.80014784729659,19.994895262868592,0.0,0.0,0.0,0.0,0.0,0.0,0.0,0.0,0.0,0.0,0.0,139.25550269835367,82.25018480912073,66.64965087622865,11,4,0.26666666666666666,1,1,4.0,4.0,0.0,0.0,0.0,0.0,0,0.6814246031405223,0.6814246031405223,0,23,23,0.16556358337402344,18.0,4.0,52.0,False,infeasible,nils_complete,9484.29122521766,211.685718615838,,99.095398474458,,61.145142267066994,False,feasible_only,0.0,,False,9484.29122521766,,,
S0023_R05,2302031,truck_only,S0023,n15_p0.75_d1_uniform_Ehigh_V2.00_Hlong_PWstrict_B0.05,15,0.7333333333333333,0.75,1,3,high,2.0,uniform,long,strict,0.05,200.0,40.0,1.0,peripheral,48937.42971454702,156.98294996869444,0.0,0.0,48780.44676457832,48780.44676457832,243.90223382289162,0.0,0.0,243.90223382289162,48780.44676457832,0.0,0.0,0.0,251.487293848643,196.22868746086812,0.0,15,0,0.0,0,0,0.0,0.0,0.0,0.0,0.0,0.0,0,0.0,0.0,0,0,0,0.0062825679779052734,0.0,0.0,0.0,True,feasible,baseline_truck_only,48937.42971454702,196.22868746086812,,,,0.0,True,feasible_only,0.0,48937.42971454702,True,48937.42971454702,,,
S0023_R05,2302031,nils,S0023,n15_p0.75_d1_uniform_Ehigh_V2.00_Hlong_PWstrict_B0.05,15,0.7333333333333333,0.75,1,3,high,2.0,uniform,long,strict,0.05,200.0,40.0,1.0,peripheral,143.74192834854765,119.34741480239296,24.394513546154677,0.0,0.0,0.0,0.0,0.0,0.0,0.0,0.0,0.0,0.0,0.0,109.3970104125875,149.1842685029912,81.31504515384893,6,9,0.6,1,1,9.0,9.0,0.0,0.0,0.0,0.0,0,0.8681011906583741,0.8681011906583741,0,33,33,0.226731538772583,25.0,13.0,68.0,True,feasible,nils_complete,48937.42971454702,196.22868746086812,,99.70627405405843,,23.97428203114212,True,feasible_only,0.0,143.74192834854765,True,48937.42971454702,,99.70627405405843,
S0023_R06,2302032,truck_only,S0023,n15_p0.75_d1_uniform_Ehigh_V2.00_Hlong_PWstrict_B0.05,15,0.7333333333333333,0.75,1,3,high,2.0,uniform,long,strict,0.05,200.0,40.0,1.0,peripheral,20105.84784113187,147.2572142268586,0.0,0.0,19958.59062690501,19958.59062690501,86.60050900763233,65.96222063446368,0.0,152.562729642096,17320.101801526464,2638.488825378547,0.0,0.0,238.373304067974,184.07151778357317,0.0,15,0,0.0,0,0,0.0,0.0,0.0,0.0,0.0,0.0,0,0.0,0.0,0,0,0,0.0032846927642822266,0.0,0.0,0.0,True,feasible,baseline_truck_only,20105.84784113187,184.07151778357317,,,,0.0,True,feasible_only,0.0,20105.84784113187,True,20105.84784113187,,,
S0023_R06,2302032,nils,S0023,n15_p0.75_d1_uniform_Ehigh_V2.00_Hlong_PWstrict_B0.05,15,0.7333333333333333,0.75,1,3,high,2.0,uniform,long,strict,0.05,200.0,40.0,1.0,peripheral,121.03236387199831,95.02640005310268,26.00596381889563,0.0,0.0,0.0,0.0,0.0,0.0,0.0,0.0,0.0,0.0,0.0,156.123685292331,118.78300006637834,86.68654606298541,8,7,0.4666666666666667,1,1,7.0,7.0,0.0,0.0,0.0,0.0,0,0.9174799259148335,0.9174799259148335,1,74,74,0.1817331314086914,25.0,6.0,58.0,True,feasible,nils_complete,20105.84784113187,184.07151778357317,,99.398024073253,,35.469103804511185,True,feasible_only,0.0,121.03236387199831,True,20105.84784113187,,99.398024073253,
S0023_R07,2302033,truck_only,S0023,n15_p0.75_d1_uniform_Ehigh_V2.00_Hlong_PWstrict_B0.05,15,0.7333333333333333,0.75,1,3,high,2.0,uniform,long,strict,0.05,200.0,40.0,1.0,peripheral,11582.626033392926,173.83831185611209,0.0,0.0,11408.787721536813,11408.787721536813,57.04393860768407,0.0,0.0,57.04393860768407,11408.787721536813,0.0,0.0,0.0,156.77667738456103,217.29788982014009,0.0,15,0,0.0,0,0,0.0,0.0,0.0,0.0,0.0,0.0,0,0.0,0.0,0,0,0,0.005105495452880859,0.0,0.0,0.0,True,feasible,baseline_truck_only,11582.626033392926,217.29788982014009,,,,0.0,True,feasible_only,0.0,11582.626033392926,True,11582.626033392926,,,
S0023_R07,2302033,nils,S0023,n15_p0.75_d1_uniform_Ehigh_V2.00_Hlong_PWstrict_B0.05,15,0.7333333333333333,0.75,1,3,high,2.0,uniform,long,strict,0.05,200.0,40.0,1.0,peripheral,129.2702887464043,103.10381919212182,26.166469554282497,0.0,0.0,0.0,0.0,0.0,0.0,0.0,0.0,0.0,0.0,0.0,136.31329542448537,128.87977399015224,87.22156518094167,6,9,0.6,1,1,9.0,9.0,0.0,0.0,0.0,0.0,0,0.9121837228141386,0.9121837228141386,1,31,31,0.18236470222473145,25.0,7.0,70.0,True,feasible,nils_complete,11582.626033392926,217.29788982014009,,98.88392935787002,,40.68981797438185,True,feasible_only,0.0,129.2702887464043,True,11582.626033392926,,98.88392935787002,
S0023_R08,2302034,truck_only,S0023,n15_p0.75_d1_uniform_Ehigh_V2.00_Hlong_PWstrict_B0.05,15,0.7333333333333333,0.75,1,3,high,2.0,uniform,long,strict,0.05,200.0,40.0,1.0,peripheral,3723.865655958989,178.2130340527814,0.0,0.0,3545.6526219062075,3545.6526219062075,8.121524278290146,48.03369415620446,0.0,56.15521843449461,1624.304855658029,1921.3477662481785,0.0,0.0,185.0693521528496,222.76629256597678,0.0,15,0,0.0,0,0,0.0,0.0,0.0,0.0,0.0,0.0,0,0.0,0.0,0,0,0,0.0053255558013916016,0.0,0.0,0.0,True,feasible,baseline_truck_only,3723.865655958989,222.76629256597678,,,,0.0,True,feasible_only,0.0,3723.865655958989,True,3723.865655958989,,,
S0023_R08,2302034,nils,S0023,n15_p0.75_d1_uniform_Ehigh_V2.00_Hlong_PWstrict_B0.05,15,0.7333333333333333,0.75,1,3,high,2.0,uniform,long,strict,0.05,200.0,40.0,1.0,peripheral,159.56466557307186,142.2136996032198,17.350965969852073,0.0,0.0,0.0,0.0,0.0,0.0,0.0,0.0,0.0,0.0,0.0,131.70152060899972,177.76712450402476,57.836553232840245,11,4,0.26666666666666666,1,1,4.0,4.0,0.0,0.0,0.0,0.0,0,0.6064910666131429,0.6064910666131429,0,34,34,0.3074207305908203,25.0,4.0,116.0,True,feasible,nils_complete,3723.865655958989,222.76629256597678,,95.71507996488182,,20.20016921932864,True,feasible_only,0.0,159.56466557307186,True,3723.865655958989,,95.71507996488182,
S0023_R09,2302035,truck_only,S0023,n15_p0.75_d1_uniform_Ehigh_V2.00_Hlong_PWstrict_B0.05,15,0.7333333333333333,0.75,1,3,high,2.0,uniform,long,strict,0.05,200.0,40.0,1.0,peripheral,4276.198793682282,156.2004247260697,0.0,0.0,4119.998368956212,4119.998368956212,13.253440342135427,36.732757513228165,0.0,49.98619785536359,2650.6880684270855,1469.3103005291266,0.0,0.0,230.06643761714952,195.2505309075871,0.0,15,0,0.0,0,0,0.0,0.0,0.0,0.0,0.0,0.0,0,0.0,0.0,0,0,0,0.005068540573120117,0.0,0.0,0.0,True,feasible,baseline_truck_only,4276.198793682282,195.2505309075871,,,,0.0,True,feasible_only,0.0,4276.198793682282,True,4276.198793682282,,,
S0023_R09,2302035,nils,S0023,n15_p0.75_d1_uniform_Ehigh_V2.00_Hlong_PWstrict_B0.05,15,0.7333333333333333,0.75,1,3,high,2.0,uniform,long,strict,0.05,200.0,40.0,1.0,peripheral,88.24681064404795,64.47247644450863,23.77433419953932,0.0,0.0,0.0,0.0,0.0,0.0,0.0,0.0,0.0,0.0,0.0,145.98478431413167,80.59059555563576,79.24778066513106,9,6,0.4,1,1,6.0,6.0,0.0,0.0,0.0,0.0,0,0.8472269972346022,0.8472269972346022,0,62,62,0.18226408958435059,18.0,6.0,49.0,True,feasible,nils_complete,4276.198793682282,195.2505309075871,,97.9363258140752,,58.72451911857816,True,feasible_only,0.0,88.24681064404795,True,4276.198793682282,,97.9363258140752,
S0023_R10,2302036,truck_only,S0023,n15_p0.75_d1_uniform_Ehigh_V2.00_Hlong_PWstrict_B0.05,15,0.7333333333333333,0.75,1,3,high,2.0,uniform,long,strict,0.05,200.0,40.0,1.0,peripheral,28238.07465893692,164.09045377016824,0.0,0.0,28073.98420516675,28073.98420516675,132.60092675559815,38.84497135117813,0.0,171.44589810677627,26520.18535111963,1553.7988540471251,0.0,0.0,181.03959784718646,205.1130672127103,0.0,15,0,0.0,0,0,0.0,0.0,0.0,0.0,0.0,0.0,0,0.0,0.0,0,0,0,0.005231618881225586,0.0,0.0,0.0,True,feasible,baseline_truck_only,28238.07465893692,205.1130672127103,,,,0.0,True,feasible_only,0.0,28238.07465893692,True,28238.07465893692,,,
S0023_R10,2302036,nils,S0023,n15_p0.75_d1_uniform_Ehigh_V2.00_Hlong_PWstrict_B0.05,15,0.7333333333333333,0.75,1,3,high,2.0,uniform,long,strict,0.05,200.0,40.0,1.0,peripheral,120.40181659144012,100.09687208399023,20.304944507449886,0.0,0.0,0.0,0.0,0.0,0.0,0.0,0.0,0.0,0.0,0.0,123.78695562058954,125.12109010498777,67.68314835816629,10,5,0.3333333333333333,1,1,5.0,5.0,0.0,0.0,0.0,0.0,0,0.7153790767743522,0.7153790767743522,0,28,28,0.11964941024780273,16.0,5.0,68.0,True,feasible,nils_complete,28238.07465893692,205.1130672127103,,99.5736188885196,,38.9989668599552,True,feasible_only,0.0,120.40181659144012,True,28238.07465893692,,99.5736188885196,
S0024_R01,2402027,truck_only,S0024,n50_p0.25_d1_clustered_Elow_V1.25_Hshort_PWflat_B0.05,50,0.24,0.25,1,3,low,1.25,clustered,short,flat,0.05,1.0,1.0,1.0,peripheral,3127.322235654503,146.82916105102436,0.0,0.0,2980.493074603479,2980.493074603479,1833.153289897605,704.4252713295083,442.91451337636585,2980.4930746034793,1833.153289897605,704.4252713295083,442.91451337636585,0.0,364.93773118130986,183.53645131378042,0.0,50,0,0.0,0,0,0.0,0.0,0.0,0.0,0.0,0.0,0,0.0,0.0,0,0,0,0.024356603622436523,0.0,0.0,0.0,True,feasible,baseline_truck_only,3127.322235654503,183.53645131378042,,,,0.0,True,feasible_only,0.0,3127.322235654503,True,3127.322235654503,,,
S0024_R01,2402027,nils,S0024,n50_p0.25_d1_clustered_Elow_V1.25_Hshort_PWflat_B0.05,50,0.24,0.25,1,3,low,1.25,clustered,short,flat,0.05,1.0,1.0,1.0,peripheral,290.0750733963146,59.86575105288838,9.765973825900362,0.0,220.44334851752586,220.44334851752586,207.22951297706413,13.213835540461716,0.0,220.44334851752586,207.22951297706413,13.213835540461716,0.0,0.0,172.70555449997858,74.83218881611046,32.55324608633454,45,5,0.1,1,1,5.0,5.0,0.0,0.0,0.0,0.0,0,0.9459183466743877,0.9459183466743877,1,157,157,2.6396842002868652,25.0,5.0,35.0,True,feasible,nils_complete,3127.322235654503,183.53645131378042,,90.72449042541322,,59.22761485228092,True,feasible_only,0.0,290.0750733963146,True,3127.322235654503,,90.72449042541322,
S0024_R02,2402028,truck_only,S0024,n50_p0.25_d1_clustered_Elow_V1.25_Hshort_PWflat_B0.05,50,0.24,0.25,1,3,low,1.25,clustered,short,flat,0.05,1.0,1.0,1.0,peripheral,4393.0653498216,173.5351731442166,0.0,0.0,4219.530176677383,4219.530176677383,1917.6708148723328,1789.0967707318862,512.7625910731638,4219.530176677383,1917.6708148723328,1789.0967707318862,512.7625910731638,0.0,419.00199452424306,216.9189664302707,0.0,50,0,0.0,0,0,0.0,0.0,0.0,0.0,0.0,0.0,0,0.0,0.0,0,0,0,0.03038763999938965,0.0,0.0,0.0,True,feasible,baseline_truck_only,4393.0653498216,216.9189664302707,,,,0.0,True,feasible_only,0.0,4393.0653498216,True,4393.0653498216,,,
S0024_R02,2402028,nils,S0024,n50_p0.25_d1_clustered_Elow_V1.25_Hshort_PWflat_B0.05,50,0.24,0.25,1,3,low,1.25,clustered,short,flat,0.05,1.0,1.0,1.0,peripheral,309.15638716618093,135.88990279971534,9.63657357916739,0.0,163.62991078729823,163.62991078729823,163.62991078729823,0.0,0.0,163.62991078729823,163.62991078729823,0.0,0.0,0.0,154.28772218431365,169.8623784996442,32.12191193055797,47,3,0.06,1,1,3.0,3.0,0.0,0.0,0.0,0.0,0,0.9457081339299664,0.9457081339299664,1,221,221,3.118480682373047,25.0,10.0,10.0,True,feasible,nils_complete,4393.0653498216,216.9189664302707,,92.9626271737857,,21.69316436686646,True,feasible_only,0.0,309.15638716618093,True,4393.0653498216,,92.9626271737857,
S0024_R03,2402029,truck_only,S0024,n50_p0.25_d1_clustered_Elow_V1.25_Hshort_PWflat_B0.05,50,0.24,0.25,1,3,low,1.25,clustered,short,flat,0.05,1.0,1.0,1.0,peripheral,4475.552262905868,181.91552219195577,0.0,0.0,4293.636740713912,4293.636740713912,1487.6593179734568,2088.1463303284922,717.8310924119636,4293.636740713912,1487.6593179734568,2088.1463303284922,717.8310924119636,0.0,434.30018157629377,227.39440273994464,0.0,50,0,0.0,0,0,0.0,0.0,0.0,0.0,0.0,0.0,0,0.0,0.0,0,0,0,0.020615100860595703,0.0,0.0,0.0,True,feasible,baseline_truck_only,4475.552262905868,227.39440273994464,,,,0.0,True,feasible_only,0.0,4475.552262905868,True,4475.552262905868,,,
S0024_R03,2402029,nils,S0024,n50_p0.25_d1_clustered_Elow_V1.25_Hshort_PWflat_B0.05,50,0.24,0.25,1,3,low,1.25,clustered,short,flat,0.05,1.0,1.0,1.0,peripheral,220.96687655720055,141.75127420396902,8.548545093714885,0.0,70.66705725951664,70.66705725951664,62.574652461156596,8.09240479836005,0.0,70.66705725951664,62.574652461156596,8.09240479836005,0.0,0.0,161.57672201834103,177.18909275496125,28.495150312382954,47,3,0.06,1,1,3.0,3.0,0.0,0.0,0.0,0.0,0,0.851638422384769,0.851638422384769,0,213,213,2.503105640411377,25.0,11.0,18.0,True,feasible,nils_complete,4475.552262905868,227.39440273994464,,95.06280200571868,,22.078516172801205,True,feasible_only,0.0,220.96687655720055,True,4475.552262905868,,95.06280200571868,
S0024_R04,2402030,truck_only,S0024,n50_p0.25_d1_clustered_Elow_V1.25_Hshort_PWflat_B0.05,50,0.24,0.25,1,3,low,1.25,clustered,short,flat,0.05,1.0,1.0,1.0,peripheral,3178.031039457945,190.70187400536489,0.0,0.0,2987.32916545258,2987.32916545258,748.0043703397553,1089.606663542338,1149.7181315704865,2987.32916545258,748.0043703397553,1089.606663542338,1149.7181315704865,0.0,457.2227273358462,238.3773425067062,0.0,50,0,0.0,0,0,0.0,0.0,0.0,0.0,0.0,0.0,0,0.0,0.0,0,0,0,0.0174100399017334,0.0,0.0,0.0,True,feasible,baseline_truck_only,3178.031039457945,238.3773425067062,,,,0.0,True,feasible_only,0.0,3178.031039457945,True,3178.031039457945,,,
S0024_R04,2402030,nils,S0024,n50_p0.25_d1_clustered_Elow_V1.25_Hshort_PWflat_B0.05,50,0.24,0.25,1,3,low,1.25,clustered,short,flat,0.05,1.0,1.0,1.0,peripheral,198.51543320190876,143.99152899404314,9.2404302172247,0.0,45.2834739906409,45.2834739906409,8.064915435532967,37.21855855510793,0.0,45.2834739906409,8.064915435532967,37.21855855510793,0.0,0.0,179.83257935727005,179.98941124255387,30.80143405741567,46,4,0.08,1,1,4.0,4.0,0.0,0.0,0.0,0.0,0,0.9092620137159075,0.9092620137159075,1,187,187,2.3841333389282227,25.0,12.0,24.0,True,feasible,nils_complete,3178.031039457945,238.3773425067062,,93.75350867448519,,24.493909802904078,True,feasible_only,0.0,198.51543320190876,True,3178.031039457945,,93.75350867448519,
S0024_R05,2402031,truck_only,S0024,n50_p0.25_d1_clustered_Elow_V1.25_Hshort_PWflat_B0.05,50,0.24,0.25,1,3,low,1.25,clustered,short,flat,0.05,1.0,1.0,1.0,peripheral,3594.8226620317173,168.81208506704016,0.0,0.0,3426.010576964677,3426.010576964677,1203.6666567633313,1583.7324070396446,638.6115131617017,3426.0105769646775,1203.6666567633313,1583.7324070396446,638.6115131617017,0.0,409.06678129025767,211.01510633380016,0.0,50,0,0.0,0,0,0.0,0.0,0.0,0.0,0.0,0.0,0,0.0,0.0,0,0,0,0.01835012435913086,0.0,0.0,0.0,True,feasible,baseline_truck_only,3594.8226620317173,211.01510633380016,,,,0.0,True,feasible_only,0.0,3594.8226620317173,True,3594.8226620317173,,,
S0024_R05,2402031,nils,S0024,n50_p0.25_d1_clustered_Elow_V1.25_Hshort_PWflat_B0.05,50,0.24,0.25,1,3,low,1.25,clustered,short,flat,0.05,1.0,1.0,1.0,peripheral,368.45788328490363,134.612805804201,9.517786526210271,0.0,224.32729095449236,224.32729095449236,224.32729095449236,0.0,0.0,224.32729095449236,224.32729095449236,0.0,0.0,0.0,165.94492457364035,168.26600725525125,31.72595508736757,46,4,0.08,1,1,4.0,4.0,0.0,0.0,0.0,0.0,0,0.9447177811234476,0.9447177811234476,1,184,184,3.055858612060547,25.0,13.0,27.0,True,feasible,nils_complete,3594.8226620317173,211.01510633380016,,89.75031822357937,,20.25878612260349,True,feasible_only,0.0,368.45788328490363,True,3594.8226620317173,,89.75031822357937,
S0024_R06,2402032,truck_only,S0024,n50_p0.25_d1_clustered_Elow_V1.25_Hshort_PWflat_B0.05,50,0.24,0.25,1,3,low,1.25,clustered,short,flat,0.05,1.0,1.0,1.0,peripheral,4498.7009881498725,168.5747944331105,0.0,0.0,4330.126193716762,4330.126193716762,1948.3313027922416,1391.3589480349672,990.4359428895516,4330.12619371676,1948.3313027922416,1391.3589480349672,990.4359428895516,0.0,412.43024764044816,210.71849304138811,0.0,50,0,0.0,0,0,0.0,0.0,0.0,0.0,0.0,0.0,0,0.0,0.0,0,0,0,0.019498109817504883,0.0,0.0,0.0,True,feasible,baseline_truck_only,4498.7009881498725,210.71849304138811,,,,0.0,True,feasible_only,0.0,4498.7009881498725,True,4498.7009881498725,,,
S0024_R06,2402032,nils,S0024,n50_p0.25_d1_clustered_Elow_V1.25_Hshort_PWflat_B0.05,50,0.24,0.25,1,3,low,1.25,clustered,short,flat,0.05,1.0,1.0,1.0,peripheral,148.20859753740058,94.79564657779324,9.424669216219757,0.0,43.988281743387574,43.988281743387574,38.70586343936796,5.282418304019615,0.0,43.988281743387574,38.70586343936796,5.282418304019615,0.0,0.0,156.17900872408535,118.49455822224154,31.415564054065854,43,7,0.14,1,1,7.0,7.0,0.0,0.0,0.0,0.0,0,0.9408724428034302,0.9408724428034302,1,112,112,3.719893217086792,25.0,11.0,45.0,True,feasible,nils_complete,4498.7009881498725,210.71849304138811,,96.70552459637126,,43.76641721760628,True,feasible_only,0.0,148.20859753740058,True,4498.7009881498725,,96.70552459637126,
S0024_R07,2402033,truck_only,S0024,n50_p0.25_d1_clustered_Elow_V1.25_Hshort_PWflat_B0.05,50,0.24,0.25,1,3,low,1.25,clustered,short,flat,0.05,1.0,1.0,1.0,peripheral,4747.01626381811,190.59340617774464,0.0,0.0,4556.422857640366,4556.422857640366,1400.0399324140046,2265.836944502593,890.5459807237686,4556.422857640366,1400.0399324140046,2265.836944502593,890.5459807237686,0.0,456.99258247698435,238.24175772218078,0.0,50,0,0.0,0,0,0.0,0.0,0.0,0.0,0.0,0.0,0,0.0,0.0,0,0,0,0.018908023834228516,0.0,0.0,0.0,True,feasible,baseline_truck_only,4747.01626381811,238.24175772218078,,,,0.0,True,feasible_only,0.0,4747.01626381811,True,4747.01626381811,,,
S0024_R07,2402033,nils,S0024,n50_p0.25_d1_clustered_Elow_V1.25_Hshort_PWflat_B0.05,50,0.24,0.25,1,3,low,1.25,clustered,short,flat,0.05,1.0,1.0,1.0,peripheral,327.53693389024943,139.52877222748577,9.00711628706043,0.0,179.00104537570326,179.00104537570326,147.56396559996585,31.437079775737402,0.0,179.00104537570326,147.56396559996585,31.437079775737402,0.0,0.0,174.3464001505895,174.4109652843572,30.023720956868104,48,2,0.04,1,1,2.0,2.0,0.0,0.0,0.0,0.0,0,0.8764073603069011,0.8764073603069011,0,242,242,2.724872589111328,25.0,10.0,11.0,True,feasible,nils_complete,4747.01626381811,238.24175772218078,,93.10015142802975,,26.79244522375383,True,feasible_only,0.0,327.53693389024943,True,4747.01626381811,,93.10015142802975,
S0024_R08,2402034,truck_only,S0024,n50_p0.25_d1_clustered_Elow_V1.25_Hshort_PWflat_B0.05,50,0.24,0.25,1,3,low,1.25,clustered,short,flat,0.05,1.0,1.0,1.0,peripheral,3808.4472470612236,174.27029745036197,0.0,0.0,3634.176949610862,3634.176949610862,1031.7435038152892,1849.221507495911,753.2119382996615,3634.176949610862,1031.7435038152892,1849.221507495911,753.2119382996615,0.0,422.2735714343943,217.83787181295247,0.0,50,0,0.0,0,0,0.0,0.0,0.0,0.0,0.0,0.0,0,0.0,0.0,0,0,0,0.03313851356506348,0.0,0.0,0.0,True,feasible,baseline_truck_only,3808.4472470612236,217.83787181295247,,,,0.0,True,feasible_only,0.0,3808.4472470612236,True,3808.4472470612236,,,
S0024_R08,2402034,nils,S0024,n50_p0.25_d1_clustered_Elow_V1.25_Hshort_PWflat_B0.05,50,0.24,0.25,1,3,low,1.25,clustered,short,flat,0.05,1.0,1.0,1.0,peripheral,251.11033790138035,141.76005472494958,9.200352662980254,0.0,100.1499305134505,100.1499305134505,87.41495846569418,12.734972047756301,0.0,100.14993051345049,87.41495846569418,12.734972047756301,0.0,0.0,169.81048374936617,177.20006840618697,30.667842209934186,45,5,0.1,1,1,5.0,5.0,0.0,0.0,0.0,0.0,0,0.9184351708363516,0.9184351708363516,1,162,162,5.197275161743164,25.0,13.0,30.0,True,feasible,nils_complete,3808.4472470612236,217.83787181295247,,93.40649031977144,,18.655068133267175,True,feasible_only,0.0,251.11033790138035,True,3808.4472470612236,,93.40649031977144,
S0024_R09,2402035,truck_only,S0024,n50_p0.25_d1_clustered_Elow_V1.25_Hshort_PWflat_B0.05,50,0.24,0.25,1,3,low,1.25,clustered,short,flat,0.05,1.0,1.0,1.0,peripheral,4875.182928941445,195.76711294891493,0.0,0.0,4679.41581599253,4679.41581599253,1887.7167252780068,1591.6877776031865,1200.0113131113367,4679.41581599253,1887.7167252780068,1591.6877776031865,1200.0113131113367,0.0,470.6587053434423,244.70889118614366,0.0,50,0,0.0,0,0,0.0,0.0,0.0,0.0,0.0,0.0,0,0.0,0.0,0,0,0,0.03193974494934082,0.0,0.0,0.0,True,feasible,baseline_truck_only,4875.182928941445,244.70889118614366,,,,0.0,True,feasible_only,0.0,4875.182928941445,True,4875.182928941445,,,
S0024_R09,2402035,nils,S0024,n50_p0.25_d1_clustered_Elow_V1.25_Hshort_PWflat_B0.05,50,0.24,0.25,1,3,low,1.25,clustered,short,flat,0.05,1.0,1.0,1.0,peripheral,297.74670551684653,142.79286357565857,9.569572159956408,0.0,145.38426978123158,145.38426978123158,145.38426978123158,0.0,0.0,145.38426978123158,145.38426978123158,0.0,0.0,0.0,161.95692690648755,178.4910794695732,31.89857386652136,47,3,0.06,1,1,3.0,3.0,0.0,0.0,0.0,0.0,0,0.9432656614372817,0.9432656614372817,1,215,215,2.702054977416992,25.0,11.0,16.0,True,feasible,nils_complete,4875.182928941445,244.70889118614366,,93.89260444466036,,27.059830721965998,True,feasible_only,0.0,297.74670551684653,True,4875.182928941445,,93.89260444466036,
S0024_R10,2402036,truck_only,S0024,n50_p0.25_d1_clustered_Elow_V1.25_Hshort_PWflat_B0.05,50,0.24,0.25,1,3,low,1.25,clustered,short,flat,0.05,1.0,1.0,1.0,peripheral,4607.738250092138,169.29718416865825,0.0,0.0,4438.441065923479,4438.441065923479,2359.9338529600263,1439.9269175583281,638.5802954051244,4438.441065923479,2359.9338529600263,1439.9269175583281,638.5802954051244,0.0,413.13267697419406,211.62148021082282,0.0,50,0,0.0,0,0,0.0,0.0,0.0,0.0,0.0,0.0,0,0.0,0.0,0,0,0,0.017846107482910156,0.0,0.0,0.0,True,feasible,baseline_truck_only,4607.738250092138,211.62148021082282,,,,0.0,True,feasible_only,0.0,4607.738250092138,True,4607.738250092138,,,
S0024_R10,2402036,nils,S0024,n50_p0.25_d1_clustered_Elow_V1.25_Hshort_PWflat_B0.05,50,0.24,0.25,1,3,low,1.25,clustered,short,flat,0.05,1.0,1.0,1.0,peripheral,404.0417918975195,144.6698570379574,8.744780325140953,0.0,250.6271545344211,250.6271545344211,250.62715453442107,0.0,0.0,250.62715453442107,250.62715453442107,0.0,0.0,0.0,167.54463552765918,180.83732129744675,29.149267750469843,46,4,0.08,1,1,4.0,4.0,0.0,0.0,0.0,0.0,0,0.8472802381598653,0.8472802381598653,0,200,200,3.093822956085205,25.0,11.0,11.0,True,feasible,nils_complete,4607.738250092138,211.62148021082282,,91.23123385124056,,14.546802565934279,True,feasible_only,0.0,404.0417918975195,True,4607.738250092138,,91.23123385124056,
S0025_R01,2502027,truck_only,S0025,n50_p0.25_d2_clustered_Elow_V1.25_Hmedium_PWflat_B0.05,50,0.24,0.25,2,3,low,1.25,clustered,medium,flat,0.05,1.0,1.0,1.0,peripheral,4033.19973655812,176.0986933604961,0.0,0.0,3857.101043197624,3857.101043197624,1514.178641576173,1454.4145880026294,888.5078136188217,3857.101043197624,1514.178641576173,1454.4145880026294,888.5078136188217,0.0,428.77739290886825,220.12336670062007,0.0,50,0,0.0,0,0,0.0,0.0,0.0,0.0,0.0,0.0,0,0.0,0.0,0,0,0,0.022603988647460938,0.0,0.0,0.0,True,feasible,baseline_truck_only,4033.19973655812,220.12336670062007,,,,0.0,True,feasible_only,0.0,4033.19973655812,True,4033.19973655812,,,
S0025_R01,2502027,nils,S0025,n50_p0.25_d2_clustered_Elow_V1.25_Hmedium_PWflat_B0.05,50,0.24,0.25,2,3,low,1.25,clustered,medium,flat,0.05,1.0,1.0,1.0,peripheral,234.9754616226043,143.64017265980073,17.714975248515927,0.0,73.62031371428763,73.62031371428763,71.13878871853785,2.481524995749794,0.0,73.62031371428765,71.13878871853785,2.481524995749794,0.0,0.0,161.84155351148746,179.5502158247509,59.049917495053094,43,7,0.14,2,2,3.5,3.5,0.0,0.0,0.0,0.0,0,0.8590041769311484,0.9060436069091831,1,253,253,2.8803634643554688,25.0,12.0,61.0,True,feasible,nils_complete,4033.19973655812,220.12336670062007,,94.1739691319347,,18.432005417694207,True,feasible_only,0.0,234.9754616226043,True,4033.19973655812,,94.1739691319347,
S0025_R02,2502028,truck_only,S0025,n50_p0.25_d2_clustered_Elow_V1.25_Hmedium_PWflat_B0.05,50,0.24,0.25,2,3,low,1.25,clustered,medium,flat,0.05,1.0,1.0,1.0,peripheral,5077.934441331076,191.20089399799954,0.0,0.0,4886.733547333077,4886.733547333077,1099.7288186859755,2995.8366993377454,791.1680293093552,4886.733547333076,1099.7288186859755,2995.8366993377454,791.1680293093552,0.0,458.46735329137874,239.00111749749937,0.0,50,0,0.0,0,0,0.0,0.0,0.0,0.0,0.0,0.0,0,0.0,0.0,0,0,0,0.019701242446899414,0.0,0.0,0.0,True,feasible,baseline_truck_only,5077.934441331076,239.00111749749937,,,,0.0,True,feasible_only,0.0,5077.934441331076,True,5077.934441331076,,,
S0025_R02,2502028,nils,S0025,n50_p0.25_d2_clustered_Elow_V1.25_Hmedium_PWflat_B0.05,50,0.24,0.25,2,3,low,1.25,clustered,medium,flat,0.05,1.0,1.0,1.0,peripheral,271.032535084025,141.84641674582923,9.426730528217064,0.0,119.75938780997875,119.75938780997875,94.93032287677438,24.829064933204364,0.0,119.75938780997875,94.93032287677438,24.829064933204364,0.0,0.0,172.16987336707555,177.30802093228652,31.42243509405688,44,6,0.12,1,1,6.0,6.0,0.0,0.0,0.0,0.0,0,0.9083471622876497,0.9083471622876497,1,300,300,3.382171869277954,25.0,9.0,48.0,True,feasible,nils_complete,5077.934441331076,239.00111749749937,,94.6625436343172,,25.81289042125852,True,feasible_only,0.0,271.032535084025,True,5077.934441331076,,94.6625436343172,
S0025_R03,2502029,truck_only,S0025,n50_p0.25_d2_clustered_Elow_V1.25_Hmedium_PWflat_B0.05,50,0.24,0.25,2,3,low,1.25,clustered,medium,flat,0.05,1.0,1.0,1.0,peripheral,3654.4140301312846,172.94238726284186,0.0,0.0,3481.471642868443,3481.471642868443,1471.4637819096117,787.7494832636378,1222.2583776951938,3481.4716428684433,1471.4637819096117,787.7494832636378,1222.2583776951938,0.0,422.24518932289453,216.17798407855233,0.0,50,0,0.0,0,0,0.0,0.0,0.0,0.0,0.0,0.0,0,0.0,0.0,0,0,0,0.02306365966796875,0.0,0.0,0.0,True,feasible,baseline_truck_only,3654.4140301312846,216.17798407855233,,,,0.0,True,feasible_only,0.0,3654.4140301312846,True,3654.4140301312846,,,
S0025_R03,2502029,nils,S0025,n50_p0.25_d2_clustered_Elow_V1.25_Hmedium_PWflat_B0.05,50,0.24,0.25,2,3,low,1.25,clustered,medium,flat,0.05,1.0,1.0,1.0,peripheral,390.44969315031676,134.10182616875107,9.62518771307517,0.0,246.72267926849048,246.72267926849048,246.7226792684905,0.0,0.0,246.7226792684905,246.7226792684905,0.0,0.0,0.0,160.46578343557553,167.62728271093886,32.0839590435839,46,4,0.08,1,1,4.0,4.0,0.0,0.0,0.0,0.0,0,0.9362342668071347,0.9362342668071347,1,400,400,2.4088480472564697,25.0,12.0,22.0,True,feasible,nils_complete,3654.4140301312846,216.17798407855233,,89.31566894361201,,22.45867060633319,True,feasible_only,0.0,390.44969315031676,True,3654.4140301312846,,89.31566894361201,
S0025_R04,2502030,truck_only,S0025,n50_p0.25_d2_clustered_Elow_V1.25_Hmedium_PWflat_B0.05,50,0.24,0.25,2,3,low,1.25,clustered,medium,flat,0.05,1.0,1.0,1.0,peripheral,4509.1254537648465,180.64579327671348,0.0,0.0,4328.479660488133,4328.479660488133,2347.3483293368217,1190.3528864805373,790.7784446707751,4328.479660488134,2347.3483293368217,1190.3528864805373,790.7784446707751,0.0,436.29167253122813,225.80724159589192,0.0,50,0,0.0,0,0,0.0,0.0,0.0,0.0,0.0,0.0,0,0.0,0.0,0,0,0,0.02353048324584961,0.0,0.0,0.0,True,feasible,baseline_truck_only,4509.1254537648465,225.80724159589192,,,,0.0,True,feasible_only,0.0,4509.1254537648465,True,4509.1254537648465,,,
S0025_R04,2502030,nils,S0025,n50_p0.25_d2_clustered_Elow_V1.25_Hmedium_PWflat_B0.05,50,0.24,0.25,2,3,low,1.25,clustered,medium,flat,0.05,1.0,1.0,1.0,peripheral,354.8449587911833,139.81574266170415,17.867717309381554,0.0,197.16149882009756,197.16149882009756,197.16149882009756,0.0,0.0,197.16149882009756,197.16149882009756,0.0,0.0,0.0,146.83400477956226,174.7696783271302,59.55905769793852,45,5,0.1,2,2,2.5,2.5,0.0,0.0,0.0,0.0,0,0.8619729650263603,0.9400718599981708,1,356,356,3.1526663303375244,25.0,14.0,24.0,True,feasible,nils_complete,4509.1254537648465,225.80724159589192,,92.13051483198566,,22.602270373639882,True,feasible_only,0.0,354.8449587911833,True,4509.1254537648465,,92.13051483198566,
S0025_R05,2502031,truck_only,S0025,n50_p0.25_d2_clustered_Elow_V1.25_Hmedium_PWflat_B0.05,50,0.24,0.25,2,3,low,1.25,clustered,medium,flat,0.05,1.0,1.0,1.0,peripheral,3706.747430523219,160.98592970984794,0.0,0.0,3545.761500813371,3545.761500813371,1231.301422903998,1690.7582398981472,623.7018380112261,3545.7615008133707,1231.301422903998,1690.7582398981472,623.7018380112261,0.0,395.9890632319433,201.23241213730992,0.0,50,0,0.0,0,0,0.0,0.0,0.0,0.0,0.0,0.0,0,0.0,0.0,0,0,0,0.02207159996032715,0.0,0.0,0.0,True,feasible,baseline_truck_only,3706.747430523219,201.23241213730992,,,,0.0,True,feasible_only,0.0,3706.747430523219,True,3706.747430523219,,,
S0025_R05,2502031,nils,S0025,n50_p0.25_d2_clustered_Elow_V1.25_Hmedium_PWflat_B0.05,50,0.24,0.25,2,3,low,1.25,clustered,medium,flat,0.05,1.0,1.0,1.0,peripheral,268.02466136208625,139.86147077636343,18.658678013949746,0.0,109.50451257177303,109.50451257177303,88.07205617955466,21.43245639221837,0.0,109.50451257177303,88.07205617955466,21.43245639221837,0.0,0.0,171.47732470872626,174.8268384704543,62.19559337983249,43,7,0.14,2,2,3.5,3.5,0.0,0.0,0.0,0.0,0,0.9059767826332484,0.9096477934093432,2,262,262,2.703526496887207,25.0,13.0,52.0,True,feasible,nils_complete,3706.747430523219,201.23241213730992,,92.7692763970095,,13.12192871237756,True,feasible_only,0.0,268.02466136208625,True,3706.747430523219,,92.7692763970095,
S0025_R06,2502032,truck_only,S0025,n50_p0.25_d2_clustered_Elow_V1.25_Hmedium_PWflat_B0.05,50,0.24,0.25,2,3,low,1.25,clustered,medium,flat,0.05,1.0,1.0,1.0,peripheral,3280.8228701728767,158.2766030541381,0.0,0.0,3122.546267118739,3122.546267118739,1234.402789961173,1215.862518417761,672.2809587398046,3122.546267118739,1234.402789961173,1215.862518417761,672.2809587398046,0.0,385.5652134858648,197.84575381767263,0.0,50,0,0.0,0,0,0.0,0.0,0.0,0.0,0.0,0.0,0,0.0,0.0,0,0,0,0.02867889404296875,0.0,0.0,0.0,True,feasible,baseline_truck_only,3280.8228701728767,197.84575381767263,,,,0.0,True,feasible_only,0.0,3280.8228701728767,True,3280.8228701728767,,,
S0025_R06,2502032,nils,S0025,n50_p0.25_d2_clustered_Elow_V1.25_Hmedium_PWflat_B0.05,50,0.24,0.25,2,3,low,1.25,clustered,medium,flat,0.05,1.0,1.0,1.0,peripheral,239.87877791092845,98.19517608369628,19.036062104921676,0.0,122.64753972231048,122.64753972231048,122.64753972231048,0.0,0.0,122.64753972231048,122.64753972231048,0.0,0.0,0.0,167.1301319130814,122.74397010462032,63.453540349738915,43,7,0.14,2,2,3.5,3.5,0.0,0.0,0.0,0.0,0,0.9346581428465314,0.9408394624351875,2,248,248,3.2835605144500732,25.0,8.0,66.0,True,feasible,nils_complete,3280.8228701728767,197.84575381767263,,92.68845690842528,,37.9597652534223,True,feasible_only,0.0,239.87877791092845,True,3280.8228701728767,,92.68845690842528,
S0025_R07,2502033,truck_only,S0025,n50_p0.25_d2_clustered_Elow_V1.25_Hmedium_PWflat_B0.05,50,0.24,0.25,2,3,low,1.25,clustered,medium,flat,0.05,1.0,1.0,1.0,peripheral,4363.520710034209,181.0017188309912,0.0,0.0,4182.518991203217,4182.518991203217,1968.1237544986914,1234.5716531576377,979.8235835468879,4182.5189912032165,1968.1237544986914,1234.5716531576377,979.8235835468879,0.0,436.08056345795643,226.25214853873902,0.0,50,0,0.0,0,0,0.0,0.0,0.0,0.0,0.0,0.0,0,0.0,0.0,0,0,0,0.023629188537597656,0.0,0.0,0.0,True,feasible,baseline_truck_only,4363.520710034209,226.25214853873902,,,,0.0,True,feasible_only,0.0,4363.520710034209,True,4363.520710034209,,,
S0025_R07,2502033,nils,S0025,n50_p0.25_d2_clustered_Elow_V1.25_Hmedium_PWflat_B0.05,50,0.24,0.25,2,3,low,1.25,clustered,medium,flat,0.05,1.0,1.0,1.0,peripheral,363.7794227811595,146.91795813363285,19.074851643007964,0.0,197.78661300451867,197.78661300451867,193.95982385039235,3.8267891541263452,0.0,197.7866130045187,193.95982385039235,3.8267891541263452,0.0,0.0,165.63579029810398,183.64744766704112,63.582838810026544,42,8,0.16,2,2,4.0,4.0,0.0,0.0,0.0,0.0,0,0.9328371363652517,0.9463161900230027,2,205,205,3.4124040603637695,25.0,16.0,77.0,True,feasible,nils_complete,4363.520710034209,226.25214853873902,,91.66316726892978,,18.830628193748662,True,feasible_only,0.0,363.7794227811595,True,4363.520710034209,,91.66316726892978,
S0025_R08,2502034,truck_only,S0025,n50_p0.25_d2_clustered_Elow_V1.25_Hmedium_PWflat_B0.05,50,0.24,0.25,2,3,low,1.25,clustered,medium,flat,0.05,1.0,1.0,1.0,peripheral,5538.518816701957,188.2827050769526,0.0,0.0,5350.236111625004,5350.236111625004,2233.100009495609,1666.6111722398464,1450.5249298895478,5350.236111625003,2233.100009495609,1666.6111722398464,1450.5249298895478,0.0,453.25048161789596,235.35338134619073,0.0,50,0,0.0,0,0,0.0,0.0,0.0,0.0,0.0,0.0,0,0.0,0.0,0,0,0,0.036412715911865234,0.0,0.0,0.0,True,feasible,baseline_truck_only,5538.518816701957,235.35338134619073,,,,0.0,True,feasible_only,0.0,5538.518816701957,True,5538.518816701957,,,
S0025_R08,2502034,nils,S0025,n50_p0.25_d2_clustered_Elow_V1.25_Hmedium_PWflat_B0.05,50,0.24,0.25,2,3,low,1.25,clustered,medium,flat,0.05,1.0,1.0,1.0,peripheral,257.25596592033975,135.76839119850356,18.04685983595443,0.0,103.44071488588176,103.44071488588176,101.06803133744475,2.37268354843701,0.0,103.44071488588176,101.06803133744475,2.37268354843701,0.0,0.0,151.02272309838423,169.71048899812945,60.15619945318142,44,6,0.12,2,2,3.0,3.0,0.0,0.0,0.0,0.0,0,0.878770191773421,0.9311872087194021,1,309,309,3.548556089401245,25.0,17.0,39.0,True,feasible,nils_complete,5538.518816701957,235.35338134619073,,95.35514865193636,,27.89120427018829,True,feasible_only,0.0,257.25596592033975,True,5538.518816701957,,95.35514865193636,
S0025_R09,2502035,truck_only,S0025,n50_p0.25_d2_clustered_Elow_V1.25_Hmedium_PWflat_B0.05,50,0.24,0.25,2,3,low,1.25,clustered,medium,flat,0.05,1.0,1.0,1.0,peripheral,3896.9908742843354,179.77168201088364,0.0,0.0,3717.219192273452,3717.219192273452,1097.9977538144612,1798.0870801287363,821.1343583302543,3717.219192273452,1097.9977538144612,1798.0870801287363,821.1343583302543,0.0,432.41677303093144,224.71460251360458,0.0,50,0,0.0,0,0,0.0,0.0,0.0,0.0,0.0,0.0,0,0.0,0.0,0,0,0,0.024364948272705078,0.0,0.0,0.0,True,feasible,baseline_truck_only,3896.9908742843354,224.71460251360458,,,,0.0,True,feasible_only,0.0,3896.9908742843354,True,3896.9908742843354,,,
S0025_R09,2502035,nils,S0025,n50_p0.25_d2_clustered_Elow_V1.25_Hmedium_PWflat_B0.05,50,0.24,0.25,2,3,low,1.25,clustered,medium,flat,0.05,1.0,1.0,1.0,peripheral,227.94724497323773,106.37787371152815,18.29092853176653,0.0,103.27844272994305,103.27844272994305,44.28258418106399,58.995858548879056,0.0,103.27844272994304,44.28258418106399,58.995858548879056,0.0,0.0,177.07945268981052,132.9723421394102,60.9697617725551,43,7,0.14,2,2,3.5,3.5,0.0,0.0,0.0,0.0,0,0.8878372697301338,0.9005750878895998,1,260,260,2.6171329021453857,25.0,11.0,54.0,True,feasible,nils_complete,3896.9908742843354,224.71460251360458,,94.1506856873228,,40.826123157101094,True,feasible_only,0.0,227.94724497323773,True,3896.9908742843354,,94.1506856873228,
S0025_R10,2502036,truck_only,S0025,n50_p0.25_d2_clustered_Elow_V1.25_Hmedium_PWflat_B0.05,50,0.24,0.25,2,3,low,1.25,clustered,medium,flat,0.05,1.0,1.0,1.0,peripheral,2922.324471634099,161.0596567542742,0.0,0.0,2761.264814879825,2761.264814879825,1353.1718819794,927.1858601384445,480.9070727619801,2761.2648148798244,1353.1718819794,927.1858601384445,480.9070727619801,0.0,392.09885009105585,201.32457094284274,0.0,50,0,0.0,0,0,0.0,0.0,0.0,0.0,0.0,0.0,0,0.0,0.0,0,0,0,0.02595233917236328,0.0,0.0,0.0,True,feasible,baseline_truck_only,2922.324471634099,201.32457094284274,,,,0.0,True,feasible_only,0.0,2922.324471634099,True,2922.324471634099,,,
S0025_R10,2502036,nils,S0025,n50_p0.25_d2_clustered_Elow_V1.25_Hmedium_PWflat_B0.05,50,0.24,0.25,2,3,low,1.25,clustered,medium,flat,0.05,1.0,1.0,1.0,peripheral,289.61937837794756,140.1944010162781,18.60575278834009,0.0,130.81922457332936,130.81922457332936,130.81922457332936,0.0,0.0,130.81922457332936,130.81922457332936,0.0,0.0,0.0,164.12594254488374,175.24300127034763,62.01917596113364,43,7,0.14,2,2,3.5,3.5,0.0,0.0,0.0,0.0,0,0.9086572441858338,0.9451054379435144,1,260,260,2.8469760417938232,25.0,14.0,54.0,True,feasible,nils_complete,2922.324471634099,201.32457094284274,,90.089417476082,,12.954985847157136,True,feasible_only,0.0,289.61937837794756,True,2922.324471634099,,90.089417476082,
S0026_R01,2602027,truck_only,S0026,n50_p0.25_d1_uniform_Elow_V2.00_Hmedium_PWbase_B0.05,50,0.24,0.25,1,3,low,2.0,uniform,medium,base,0.05,100.0,20.0,1.0,peripheral,80461.91007869664,394.4580521456721,0.0,0.0,80067.45202655098,80067.45202655098,600.2582817548509,992.8920822037323,183.7822069912211,1776.9325709498044,60025.82817548509,19857.841644074648,183.7822069912211,0.0,364.05827981129994,493.07256518209005,0.0,50,0,0.0,0,0,0.0,0.0,0.0,0.0,0.0,0.0,0,0.0,0.0,0,0,0,0.022530078887939453,0.0,0.0,0.0,True,feasible,baseline_truck_only,80461.91007869664,493.07256518209005,,,,0.0,True,feasible_only,0.0,80461.91007869664,True,80461.91007869664,,,
S0026_R01,2602027,nils,S0026,n50_p0.25_d1_uniform_Elow_V2.00_Hmedium_PWbase_B0.05,50,0.24,0.25,1,3,low,2.0,uniform,medium,base,0.05,100.0,20.0,1.0,peripheral,7339.867262697775,206.82748673012875,14.027281160401023,0.0,7119.012494807245,7119.012494807245,64.41666484907529,33.86730049498583,0.0,98.28396534406112,6441.666484907529,677.3460098997166,0.0,0.0,187.28073995982732,258.534358412661,46.75760386800341,46,4,0.08,1,1,4.0,4.0,0.0,0.0,0.0,0.0,0,0.9149910569448871,0.9149910569448871,1,179,179,0.9347455501556396,25.0,4.0,32.0,True,feasible,nils_complete,80461.91007869664,493.07256518209005,,90.87783616431807,,47.566671384933954,True,feasible_only,0.0,7339.867262697775,True,80461.91007869664,,90.87783616431807,
S0026_R02,2602028,truck_only,S0026,n50_p0.25_d1_uniform_Elow_V2.00_Hmedium_PWbase_B0.05,50,0.24,0.25,1,3,low,2.0,uniform,medium,base,0.05,100.0,20.0,1.0,peripheral,108790.81590069548,340.0620558306938,0.0,0.0,108450.75384486478,108450.75384486478,996.0303097331321,440.2974507471141,41.77385660931651,1478.1016170895625,99603.0309733132,8805.949014942282,41.77385660931651,0.0,343.3844273703439,425.0775697883672,0.0,50,0,0.0,0,0,0.0,0.0,0.0,0.0,0.0,0.0,0,0.0,0.0,0,0,0,0.020055532455444336,0.0,0.0,0.0,True,feasible,baseline_truck_only,108790.81590069548,425.0775697883672,,,,0.0,True,feasible_only,0.0,108790.81590069548,True,108790.81590069548,,,
S0026_R02,2602028,nils,S0026,n50_p0.25_d1_uniform_Elow_V2.00_Hmedium_PWbase_B0.05,50,0.24,0.25,1,3,low,2.0,uniform,medium,base,0.05,100.0,20.0,1.0,peripheral,17557.99239785312,192.69197906027387,13.409605734984725,0.0,17351.89081305786,17351.89081305786,144.81093629505608,143.53985917761253,0.0,288.3507954726686,14481.093629505609,2870.7971835522503,0.0,0.0,231.18800463811596,240.86497382534236,44.698685783282414,45,5,0.1,1,1,5.0,5.0,0.0,0.0,0.0,0.0,0,0.8716523602753958,0.8716523602753958,0,119,119,0.9828031063079834,19.0,5.0,31.0,True,feasible,nils_complete,108790.81590069548,425.0775697883672,,83.8607769851822,,43.33623062132837,True,feasible_only,0.0,17557.99239785312,True,108790.81590069548,,83.8607769851822,
S0026_R03,2602029,truck_only,S0026,n50_p0.25_d1_uniform_Elow_V2.00_Hmedium_PWbase_B0.05,50,0.24,0.25,1,3,low,2.0,uniform,medium,base,0.05,100.0,20.0,1.0,peripheral,127178.40949170469,337.95808256070393,0.0,0.0,126840.45140914399,126840.45140914399,1188.1634093041855,397.0123070922144,83.86433688116244,1669.0400532775623,118816.34093041855,7940.246141844289,83.86433688116244,0.0,385.323956906085,422.4476032008799,0.0,50,0,0.0,0,0,0.0,0.0,0.0,0.0,0.0,0.0,0,0.0,0.0,0,0,0,0.03208470344543457,0.0,0.0,0.0,True,feasible,baseline_truck_only,127178.40949170469,422.4476032008799,,,,0.0,True,feasible_only,0.0,127178.40949170469,True,127178.40949170469,,,
S0026_R03,2602029,nils,S0026,n50_p0.25_d1_uniform_Elow_V2.00_Hmedium_PWbase_B0.05,50,0.24,0.25,1,3,low,2.0,uniform,medium,base,0.05,100.0,20.0,1.0,peripheral,26393.781999975956,204.13265808244952,12.467224769339406,0.0,26177.182117124168,26177.182117124168,249.4340911121969,61.68865029522375,0.0,311.1227414074207,24943.40911121969,1233.773005904475,0.0,0.0,233.12962936030976,255.1658226030618,41.557415897798016,45,5,0.1,1,1,5.0,5.0,0.0,0.0,0.0,0.0,0,0.8290226304265934,0.8290226304265934,0,156,156,0.9553430080413818,25.0,5.0,34.0,True,feasible,nils_complete,127178.40949170469,422.4476032008799,,79.24664877830737,,39.59823166951978,True,feasible_only,0.0,26393.781999975956,True,127178.40949170469,,79.24664877830737,
S0026_R04,2602030,truck_only,S0026,n50_p0.25_d1_uniform_Elow_V2.00_Hmedium_PWbase_B0.05,50,0.24,0.25,1,3,low,2.0,uniform,medium,base,0.05,100.0,20.0,1.0,peripheral,123770.5363416613,358.8519280271825,0.0,0.0,123411.68441363411,123411.68441363411,1040.29198794648,969.1242809493057,0.0,2009.4162688957858,104029.19879464801,19382.485618986113,0.0,0.0,339.53381620655347,448.5649100339781,0.0,50,0,0.0,0,0,0.0,0.0,0.0,0.0,0.0,0.0,0,0.0,0.0,0,0,0,0.021926403045654297,0.0,0.0,0.0,True,feasible,baseline_truck_only,123770.5363416613,448.5649100339781,,,,0.0,True,feasible_only,0.0,123770.5363416613,True,123770.5363416613,,,
S0026_R04,2602030,nils,S0026,n50_p0.25_d1_uniform_Elow_V2.00_Hmedium_PWbase_B0.05,50,0.24,0.25,1,3,low,2.0,uniform,medium,base,0.05,100.0,20.0,1.0,peripheral,49429.977338652185,235.21076488091757,15.397661476427215,0.0,49179.36891229484,49179.36891229484,468.02359515851623,118.85046982216117,0.0,586.8740649806774,46802.359515851625,2377.0093964432235,0.0,0.0,210.44146872181773,294.01345610114697,51.32553825475738,48,2,0.04,1,1,2.0,2.0,0.0,0.0,0.0,0.0,0,0.9320411309241652,0.9320411309241652,1,102,102,0.4988241195678711,12.0,2.0,21.0,True,feasible,nils_complete,123770.5363416613,448.5649100339781,,60.063211488230415,,34.45464646825007,True,feasible_only,0.0,49429.977338652185,True,123770.5363416613,,60.063211488230415,
S0026_R05,2602031,truck_only,S0026,n50_p0.25_d1_uniform_Elow_V2.00_Hmedium_PWbase_B0.05,50,0.24,0.25,1,3,low,2.0,uniform,medium,base,0.05,100.0,20.0,1.0,peripheral,132265.22106272884,396.4296456068022,0.0,0.0,131868.79141712203,131868.79141712203,1185.7326787140767,663.9440385020921,16.642775672543223,1866.319492888712,118573.26787140766,13278.880770041842,16.642775672543223,0.0,354.3140009570482,495.5370570085028,0.0,50,0,0.0,0,0,0.0,0.0,0.0,0.0,0.0,0.0,0,0.0,0.0,0,0,0,0.019124507904052734,0.0,0.0,0.0,True,feasible,baseline_truck_only,132265.22106272884,495.5370570085028,,,,0.0,True,feasible_only,0.0,132265.22106272884,True,132265.22106272884,,,
S0026_R05,2602031,nils,S0026,n50_p0.25_d1_uniform_Elow_V2.00_Hmedium_PWbase_B0.05,50,0.24,0.25,1,3,low,2.0,uniform,medium,base,0.05,100.0,20.0,1.0,peripheral,22999.738326853127,229.50119133669634,12.407684844272527,0.0,22757.829450672158,22757.829450672158,220.50363521613266,35.3732964529446,0.0,255.87693166907727,22050.363521613268,707.465929058892,0.0,0.0,234.3201215147918,286.8764891708705,41.35894948090842,45,5,0.1,1,1,5.0,5.0,0.0,0.0,0.0,0.0,0,0.8138983189489405,0.8138983189489405,0,130,130,0.9637923240661621,25.0,5.0,44.0,True,feasible,nils_complete,132265.22106272884,495.5370570085028,,82.6108948807146,,42.10796445724783,True,feasible_only,0.0,22999.738326853127,True,132265.22106272884,,82.6108948807146,
S0026_R06,2602032,truck_only,S0026,n50_p0.25_d1_uniform_Elow_V2.00_Hmedium_PWbase_B0.05,50,0.24,0.25,1,3,low,2.0,uniform,medium,base,0.05,100.0,20.0,1.0,peripheral,64480.36276274555,354.89297859691595,0.0,0.0,64125.469784148634,64125.469784148634,587.3580375949758,267.3264349595097,43.137325460858534,897.821798015344,58735.80375949758,5346.528699190194,43.137325460858534,0.0,310.2431588486146,443.61622324614484,0.0,50,0,0.0,0,0,0.0,0.0,0.0,0.0,0.0,0.0,0,0.0,0.0,0,0,0,0.019405841827392578,0.0,0.0,0.0,True,feasible,baseline_truck_only,64480.36276274555,443.61622324614484,,,,0.0,True,feasible_only,0.0,64480.36276274555,True,64480.36276274555,,,
S0026_R06,2602032,nils,S0026,n50_p0.25_d1_uniform_Elow_V2.00_Hmedium_PWbase_B0.05,50,0.24,0.25,1,3,low,2.0,uniform,medium,base,0.05,100.0,20.0,1.0,peripheral,21451.20516142478,240.9615069605212,13.378964125461163,0.0,21196.864690338796,21196.864690338796,210.00796405530002,9.80341424043965,0.0,219.81137829573967,21000.796405530004,196.068284808793,0.0,0.0,219.03069690041372,301.2018837006515,44.59654708487054,46,4,0.08,1,1,4.0,4.0,0.0,0.0,0.0,0.0,0,0.8924683800501612,0.8924683800501612,0,150,150,0.7363114356994629,21.0,4.0,29.0,True,feasible,nils_complete,64480.36276274555,443.61622324614484,,66.7321890846766,,32.10305035811852,True,feasible_only,0.0,21451.20516142478,True,64480.36276274555,,66.7321890846766,
S0026_R07,2602033,truck_only,S0026,n50_p0.25_d1_uniform_Elow_V2.00_Hmedium_PWbase_B0.05,50,0.24,0.25,1,3,low,2.0,uniform,medium,base,0.05,100.0,20.0,1.0,peripheral,75706.96982476814,316.66203562140794,0.0,0.0,75390.30778914673,75390.30778914673,684.9474778652929,344.46362362264955,6.287530164434628,1035.6986316523771,68494.74778652929,6889.272472452991,6.287530164434628,0.0,300.88946309949,395.8275445267598,0.0,50,0,0.0,0,0,0.0,0.0,0.0,0.0,0.0,0.0,0,0.0,0.0,0,0,0,0.018283605575561523,0.0,0.0,0.0,True,feasible,baseline_truck_only,75706.96982476814,395.8275445267598,,,,0.0,True,feasible_only,0.0,75706.96982476814,True,75706.96982476814,,,
S0026_R07,2602033,nils,S0026,n50_p0.25_d1_uniform_Elow_V2.00_Hmedium_PWbase_B0.05,50,0.24,0.25,1,3,low,2.0,uniform,medium,base,0.05,100.0,20.0,1.0,peripheral,10617.228910869373,208.00670886169914,12.2765864574407,0.0,10396.945615550234,10396.945615550234,100.6286222808491,16.704169373266183,0.0,117.33279165411528,10062.86222808491,334.08338746532365,0.0,0.0,193.57812360992818,260.00838607712393,40.92195485813567,45,5,0.1,1,1,5.0,5.0,0.0,0.0,0.0,0.0,0,0.8223016562445972,0.8223016562445972,0,134,134,0.7518792152404785,22.0,5.0,35.0,True,feasible,nils_complete,75706.96982476814,395.8275445267598,,85.97588975566704,,34.31271025163684,True,feasible_only,0.0,10617.228910869373,True,75706.96982476814,,85.97588975566704,
S0026_R08,2602034,truck_only,S0026,n50_p0.25_d1_uniform_Elow_V2.00_Hmedium_PWbase_B0.05,50,0.24,0.25,1,3,low,2.0,uniform,medium,base,0.05,100.0,20.0,1.0,peripheral,149393.24997548477,352.14561060200566,0.0,0.0,149041.10436488275,149041.10436488275,1317.9242197765846,855.3037791651311,142.60680392164687,2315.8348028633627,131792.42197765847,17106.075583302623,142.60680392164687,0.0,397.19938038171637,440.1820132525072,0.0,50,0,0.0,0,0,0.0,0.0,0.0,0.0,0.0,0.0,0,0.0,0.0,0,0,0,0.017990827560424805,0.0,0.0,0.0,True,feasible,baseline_truck_only,149393.24997548477,440.1820132525072,,,,0.0,True,feasible_only,0.0,149393.24997548477,True,149393.24997548477,,,
S0026_R08,2602034,nils,S0026,n50_p0.25_d1_uniform_Elow_V2.00_Hmedium_PWbase_B0.05,50,0.24,0.25,1,3,low,2.0,uniform,medium,base,0.05,100.0,20.0,1.0,peripheral,28768.7308889141,213.23128639589956,14.84446229753736,0.0,28540.65514022066,28540.65514022066,284.5790029368653,4.137742326706402,0.0,288.71674526357174,28457.900293686533,82.75484653412803,0.0,0.0,185.48996400804998,266.5391079948744,49.481540991791206,47,3,0.06,1,1,3.0,3.0,0.0,0.0,0.0,0.0,0,0.9219434242546577,0.9219434242546577,1,207,207,0.9830799102783203,25.0,7.0,24.0,True,feasible,nils_complete,149393.24997548477,440.1820132525072,,80.74295130895472,,39.447978343000536,True,feasible_only,0.0,28768.7308889141,True,149393.24997548477,,80.74295130895472,
S0026_R09,2602035,truck_only,S0026,n50_p0.25_d1_uniform_Elow_V2.00_Hmedium_PWbase_B0.05,50,0.24,0.25,1,3,low,2.0,uniform,medium,base,0.05,100.0,20.0,1.0,peripheral,75420.97277506284,340.342923715499,0.0,0.0,75080.62985134734,75080.62985134734,608.6503403749546,709.3310056083919,28.97570168403351,1346.95704766738,60865.034037495454,14186.620112167839,28.97570168403351,0.0,316.0453027334569,425.4286546443736,0.0,50,0,0.0,0,0,0.0,0.0,0.0,0.0,0.0,0.0,0,0.0,0.0,0,0,0,0.018365144729614258,0.0,0.0,0.0,True,feasible,baseline_truck_only,75420.97277506284,425.4286546443736,,,,0.0,True,feasible_only,0.0,75420.97277506284,True,75420.97277506284,,,
S0026_R09,2602035,nils,S0026,n50_p0.25_d1_uniform_Elow_V2.00_Hmedium_PWbase_B0.05,50,0.24,0.25,1,3,low,2.0,uniform,medium,base,0.05,100.0,20.0,1.0,peripheral,11490.99561224918,215.04543701189547,14.24749968598935,0.0,11261.702675551296,11261.702675551296,82.71422532582912,149.51400714841935,0.0,232.22823247424847,8271.422532582912,2990.280142968387,0.0,0.0,224.08436413479325,268.8067962648693,47.49166561996451,46,4,0.08,1,1,4.0,4.0,0.0,0.0,0.0,0.0,0,0.9051309397410289,0.9051309397410289,1,175,175,0.833331823348999,25.0,4.0,36.0,True,feasible,nils_complete,75420.97277506284,425.4286546443736,,84.76419066282773,,36.81507032252644,True,feasible_only,0.0,11490.99561224918,True,75420.97277506284,,84.76419066282773,
S0026_R10,2602036,truck_only,S0026,n50_p0.25_d1_uniform_Elow_V2.00_Hmedium_PWbase_B0.05,50,0.24,0.25,1,3,low,2.0,uniform,medium,base,0.05,100.0,20.0,1.0,peripheral,208042.35736005788,443.6876597525661,0.0,0.0,207598.66970030533,207598.66970030533,1617.1749583645355,2227.367468660196,1333.824490647865,5178.366917672597,161717.49583645354,44547.34937320392,1333.824490647865,0.0,571.1933900000658,554.6095746907077,0.0,50,0,0.0,0,0,0.0,0.0,0.0,0.0,0.0,0.0,0,0.0,0.0,0,0,0,0.0228884220123291,0.0,0.0,0.0,False,infeasible,baseline_truck_only,208042.35736005788,554.6095746907077,,,,0.0,False,feasible_only,0.0,,False,,,,
S0026_R10,2602036,nils,S0026,n50_p0.25_d1_uniform_Elow_V2.00_Hmedium_PWbase_B0.05,50,0.24,0.25,1,3,low,2.0,uniform,medium,base,0.05,100.0,20.0,1.0,peripheral,208042.35736005788,443.6876597525661,0.0,0.0,207598.66970030533,207598.66970030533,1617.1749583645355,2227.367468660196,1333.824490647865,5178.366917672597,161717.49583645354,44547.34937320392,1333.824490647865,0.0,571.1933900000658,554.6095746907077,0.0,50,0,0.0,0,0,0.0,0.0,0.0,0.0,0.0,0.0,0,0.0,0.0,0,25,25,3.3777687549591064,25.0,0.0,175.0,False,infeasible,nils_complete,208042.35736005788,554.6095746907077,,0.0,,0.0,False,feasible_only,0.0,,False,,,,
S0027_R01,2702027,truck_only,S0027,n50_p0.25_d1_uniform_Emedium_V1.25_Hmedium_PWmoderate_B0.05,50,0.24,0.25,1,3,medium,1.25,uniform,medium,moderate,0.05,20.0,5.0,1.0,peripheral,17858.155466745407,384.3972150422927,0.0,0.0,17473.758251703115,17473.758251703115,603.2690606878476,1046.808949043047,174.3322927309246,1824.4103024618194,12065.381213756953,5234.044745215235,174.3322927309246,0.0,396.45209010933735,480.4965188028658,0.0,50,0,0.0,0,0,0.0,0.0,0.0,0.0,0.0,0.0,0,0.0,0.0,0,0,0,0.02591252326965332,0.0,0.0,0.0,True,feasible,baseline_truck_only,17858.155466745407,480.4965188028658,,,,0.0,True,feasible_only,0.0,17858.155466745407,True,17858.155466745407,,,
S0027_R01,2702027,nils,S0027,n50_p0.25_d1_uniform_Emedium_V1.25_Hmedium_PWmoderate_B0.05,50,0.24,0.25,1,3,medium,1.25,uniform,medium,moderate,0.05,20.0,5.0,1.0,peripheral,6601.305282781175,249.0047361284282,12.213058371876429,0.0,6340.08748828087,6340.08748828087,287.8391215536248,116.66101144167484,0.0,404.5001329952996,5756.782431072496,583.3050572083743,0.0,0.0,233.4973743895236,311.25592016053525,40.71019457292143,47,3,0.06,1,1,3.0,3.0,0.0,0.0,0.0,0.0,0,0.9049684044061553,0.9049684044061553,1,212,212,0.8875563144683838,25.0,6.0,19.0,True,feasible,nils_complete,17858.155466745407,480.4965188028658,,63.03478657090982,,35.22202388978498,True,feasible_only,0.0,6601.305282781175,True,17858.155466745407,,63.03478657090982,
S0027_R02,2702028,truck_only,S0027,n50_p0.25_d1_uniform_Emedium_V1.25_Hmedium_PWmoderate_B0.05,50,0.24,0.25,1,3,medium,1.25,uniform,medium,moderate,0.05,20.0,5.0,1.0,peripheral,21697.30888906175,355.274823993538,0.0,0.0,21342.034065068212,21342.034065068212,875.830238123649,759.3066572879212,28.89601615562603,1664.0329115671962,17516.60476247298,3796.533286439606,28.89601615562603,0.0,301.489447546613,444.09352999192265,0.0,50,0,0.0,0,0,0.0,0.0,0.0,0.0,0.0,0.0,0,0.0,0.0,0,0,0,0.021113157272338867,0.0,0.0,0.0,True,feasible,baseline_truck_only,21697.30888906175,444.09352999192265,,,,0.0,True,feasible_only,0.0,21697.30888906175,True,21697.30888906175,,,
S0027_R02,2702028,nils,S0027,n50_p0.25_d1_uniform_Emedium_V1.25_Hmedium_PWmoderate_B0.05,50,0.24,0.25,1,3,medium,1.25,uniform,medium,moderate,0.05,20.0,5.0,1.0,peripheral,2757.7559941727995,217.51034753151788,13.237293034124038,0.0,2527.0083536071575,2527.0083536071575,101.97945809446628,97.48383834356639,0.0,199.46329643803267,2039.5891618893256,487.41919171783195,0.0,0.0,215.87323849232826,271.88793441439736,44.12431011374679,46,4,0.08,1,1,4.0,4.0,0.0,0.0,0.0,0.0,0,0.9384795908569344,0.9384795908569344,1,164,164,0.7223656177520752,22.0,4.0,23.0,True,feasible,nils_complete,21697.30888906175,444.09352999192265,,87.28987079331729,,38.77687557858756,True,feasible_only,0.0,2757.7559941727995,True,21697.30888906175,,87.28987079331729,
S0027_R03,2702029,truck_only,S0027,n50_p0.25_d1_uniform_Emedium_V1.25_Hmedium_PWmoderate_B0.05,50,0.24,0.25,1,3,medium,1.25,uniform,medium,moderate,0.05,20.0,5.0,1.0,peripheral,13015.586324828402,368.9422964868699,0.0,0.0,12646.644028341532,12646.644028341532,391.38864640473236,937.9434249137071,129.15397567835169,1458.4860469967912,7827.772928094647,4689.717124568535,129.15397567835169,0.0,349.6940317837669,461.17787060858734,0.0,50,0,0.0,0,0,0.0,0.0,0.0,0.0,0.0,0.0,0,0.0,0.0,0,0,0,0.021908044815063477,0.0,0.0,0.0,True,feasible,baseline_truck_only,13015.586324828402,461.17787060858734,,,,0.0,True,feasible_only,0.0,13015.586324828402,True,13015.586324828402,,,
S0027_R03,2702029,nils,S0027,n50_p0.25_d1_uniform_Emedium_V1.25_Hmedium_PWmoderate_B0.05,50,0.24,0.25,1,3,medium,1.25,uniform,medium,moderate,0.05,20.0,5.0,1.0,peripheral,2620.0675348251184,232.23533624511134,12.529298085472524,0.0,2375.3029004945347,2375.3029004945347,105.79317048896601,51.88789814304286,0.0,157.68106863200887,2115.86340977932,259.43949071521433,0.0,0.0,211.89052593715982,290.2941703063892,41.764326951575086,46,4,0.08,1,1,4.0,4.0,0.0,0.0,0.0,0.0,0,0.9050656749380207,0.9050656749380207,1,191,191,1.0881831645965576,25.0,8.0,20.0,True,feasible,nils_complete,13015.586324828402,461.17787060858734,,79.86976944844118,,37.053751099699056,True,feasible_only,0.0,2620.0675348251184,True,13015.586324828402,,79.86976944844118,
S0027_R04,2702030,truck_only,S0027,n50_p0.25_d1_uniform_Emedium_V1.25_Hmedium_PWmoderate_B0.05,50,0.24,0.25,1,3,medium,1.25,uniform,medium,moderate,0.05,20.0,5.0,1.0,peripheral,43389.27407483726,405.0763567129581,0.0,0.0,42984.1977181243,42984.1977181243,1581.0876078316207,2239.365809790853,165.61651253761968,3986.069930160093,31621.752156632414,11196.829048954263,165.61651253761968,0.0,468.9602195393119,506.34544589119747,0.0,50,0,0.0,0,0,0.0,0.0,0.0,0.0,0.0,0.0,0,0.0,0.0,0,0,0,0.02161550521850586,0.0,0.0,0.0,True,feasible,baseline_truck_only,43389.27407483726,506.34544589119747,,,,0.0,True,feasible_only,0.0,43389.27407483726,True,43389.27407483726,,,
S0027_R04,2702030,nils,S0027,n50_p0.25_d1_uniform_Emedium_V1.25_Hmedium_PWmoderate_B0.05,50,0.24,0.25,1,3,medium,1.25,uniform,medium,moderate,0.05,20.0,5.0,1.0,peripheral,5204.152043795917,198.79942985116972,12.041284263544682,0.0,4993.311329681203,4993.311329681203,219.4619451093575,120.81448549881067,0.0,340.27643060816814,4389.2389021871495,604.0724274940534,0.0,0.0,190.85845665891173,248.4992873139622,40.13761421181561,45,5,0.1,1,1,5.0,5.0,0.0,0.0,0.0,0.0,0,0.9111211334572583,0.9111211334572583,1,112,112,0.8595879077911377,19.0,6.0,38.0,True,feasible,nils_complete,43389.27407483726,506.34544589119747,,88.00590202357417,,50.922973766143194,True,feasible_only,0.0,5204.152043795917,True,43389.27407483726,,88.00590202357417,
S0027_R05,2702031,truck_only,S0027,n50_p0.25_d1_uniform_Emedium_V1.25_Hmedium_PWmoderate_B0.05,50,0.24,0.25,1,3,medium,1.25,uniform,medium,moderate,0.05,20.0,5.0,1.0,peripheral,18559.403723554402,371.29093023885844,0.0,0.0,18188.112793315544,18188.112793315544,682.4507168639651,863.1027734627135,223.58458872266908,1769.1380790493477,13649.014337279303,4315.513867313567,223.58458872266908,0.0,417.7367239903656,464.11366279857316,0.0,50,0,0.0,0,0,0.0,0.0,0.0,0.0,0.0,0.0,0,0.0,0.0,0,0,0,0.018512248992919922,0.0,0.0,0.0,True,feasible,baseline_truck_only,18559.403723554402,464.11366279857316,,,,0.0,True,feasible_only,0.0,18559.403723554402,True,18559.403723554402,,,
S0027_R05,2702031,nils,S0027,n50_p0.25_d1_uniform_Emedium_V1.25_Hmedium_PWmoderate_B0.05,50,0.24,0.25,1,3,medium,1.25,uniform,medium,moderate,0.05,20.0,5.0,1.0,peripheral,6363.565453938808,222.68610746296994,11.342355367556161,0.0,6129.536991108282,6129.536991108282,262.6351861945574,175.36665344342663,0.0,438.001839637984,5252.703723891147,876.8332672171332,0.0,0.0,252.82276863900324,278.35763432871244,37.8078512251872,46,4,0.08,1,1,4.0,4.0,0.0,0.0,0.0,0.0,0,0.823697291992641,0.823697291992641,0,163,163,0.7316195964813232,22.0,4.0,24.0,True,feasible,nils_complete,18559.403723554402,464.11366279857316,,65.71244664577999,,40.02382247265999,True,feasible_only,0.0,6363.565453938808,True,18559.403723554402,,65.71244664577999,
S0027_R06,2702032,truck_only,S0027,n50_p0.25_d1_uniform_Emedium_V1.25_Hmedium_PWmoderate_B0.05,50,0.24,0.25,1,3,medium,1.25,uniform,medium,moderate,0.05,20.0,5.0,1.0,peripheral,13481.302779024547,369.6656951732887,0.0,0.0,13111.637083851258,13111.637083851258,488.91934900998046,579.3106367571315,436.6969198659915,1504.9269056331034,9778.38698019961,2896.553183785658,436.6969198659915,0.0,405.4750249906935,462.08211896661084,0.0,50,0,0.0,0,0,0.0,0.0,0.0,0.0,0.0,0.0,0,0.0,0.0,0,0,0,0.017516613006591797,0.0,0.0,0.0,True,feasible,baseline_truck_only,13481.302779024547,462.08211896661084,,,,0.0,True,feasible_only,0.0,13481.302779024547,True,13481.302779024547,,,
S0027_R06,2702032,nils,S0027,n50_p0.25_d1_uniform_Emedium_V1.25_Hmedium_PWmoderate_B0.05,50,0.24,0.25,1,3,medium,1.25,uniform,medium,moderate,0.05,20.0,5.0,1.0,peripheral,1712.7151617210939,196.63530738074823,11.564651733527214,0.0,1504.5152026068185,1504.5152026068185,67.88075253122045,29.3800303964819,0.0,97.26078292770235,1357.615050624409,146.9001519824095,0.0,0.0,192.23250689868686,245.79413422593527,38.548839111757374,47,3,0.06,1,1,3.0,3.0,0.0,0.0,0.0,0.0,0,0.8579635241442414,0.8579635241442414,0,169,169,0.790715217590332,20.0,3.0,17.0,True,feasible,nils_complete,13481.302779024547,462.08211896661084,,87.29562572850233,,46.80726127736272,True,feasible_only,0.0,1712.7151617210939,True,13481.302779024547,,87.29562572850233,
S0027_R07,2702033,truck_only,S0027,n50_p0.25_d1_uniform_Emedium_V1.25_Hmedium_PWmoderate_B0.05,50,0.24,0.25,1,3,medium,1.25,uniform,medium,moderate,0.05,20.0,5.0,1.0,peripheral,21290.524672265805,364.16001562643066,0.0,0.0,20926.364656639373,20926.364656639373,849.0791210332454,775.6437261592109,66.56360517841125,1691.2864523708677,16981.58242066491,3878.2186307960546,66.56360517841125,0.0,308.1394044223891,455.20001953303847,0.0,50,0,0.0,0,0,0.0,0.0,0.0,0.0,0.0,0.0,0,0.0,0.0,0,0,0,0.018540143966674805,0.0,0.0,0.0,True,feasible,baseline_truck_only,21290.524672265805,455.20001953303847,,,,0.0,True,feasible_only,0.0,21290.524672265805,True,21290.524672265805,,,
S0027_R07,2702033,nils,S0027,n50_p0.25_d1_uniform_Emedium_V1.25_Hmedium_PWmoderate_B0.05,50,0.24,0.25,1,3,medium,1.25,uniform,medium,moderate,0.05,20.0,5.0,1.0,peripheral,2896.8871535095664,221.61503917243576,12.84389302543671,0.0,2662.428221311694,2662.428221311694,115.83396481070534,69.14978501951747,0.0,184.9837498302228,2316.6792962141067,345.74892509758735,0.0,0.0,183.44508688839932,277.0187989655447,42.8129767514557,48,2,0.04,1,1,2.0,2.0,0.0,0.0,0.0,0.0,0,0.8797109200861456,0.8797109200861456,0,235,235,0.7974374294281006,25.0,5.0,18.0,True,feasible,nils_complete,21290.524672265805,455.20001953303847,,86.3935379794411,,39.143500202455805,True,feasible_only,0.0,2896.8871535095664,True,21290.524672265805,,86.3935379794411,
S0027_R08,2702034,truck_only,S0027,n50_p0.25_d1_uniform_Emedium_V1.25_Hmedium_PWmoderate_B0.05,50,0.24,0.25,1,3,medium,1.25,uniform,medium,moderate,0.05,20.0,5.0,1.0,peripheral,17533.678329478582,363.6015621256921,0.0,0.0,17170.07676735289,17170.07676735289,492.6312930246306,1424.096631752953,196.96774809551164,2113.695672873095,9852.625860492612,7120.483158764765,196.96774809551164,0.0,393.34405464514646,454.50195265711517,0.0,50,0,0.0,0,0,0.0,0.0,0.0,0.0,0.0,0.0,0,0.0,0.0,0,0,0,0.017581939697265625,0.0,0.0,0.0,True,feasible,baseline_truck_only,17533.678329478582,454.50195265711517,,,,0.0,True,feasible_only,0.0,17533.678329478582,True,17533.678329478582,,,
S0027_R08,2702034,nils,S0027,n50_p0.25_d1_uniform_Emedium_V1.25_Hmedium_PWmoderate_B0.05,50,0.24,0.25,1,3,medium,1.25,uniform,medium,moderate,0.05,20.0,5.0,1.0,peripheral,2087.241553949867,242.421285971323,12.041936456426038,0.0,1832.778331522118,1832.778331522118,75.73466783094855,63.616994980629414,0.0,139.35166281157797,1514.693356618971,318.0849749031471,0.0,0.0,219.34772519989997,303.02660746415364,40.1397881880868,46,4,0.08,1,1,4.0,4.0,0.0,0.0,0.0,0.0,0,0.913573342931753,0.913573342931753,1,170,170,0.9159703254699707,25.0,7.0,41.0,True,feasible,nils_complete,17533.678329478582,454.50195265711517,,88.0958147245083,,33.32776554806958,True,feasible_only,0.0,2087.241553949867,True,17533.678329478582,,88.0958147245083,
S0027_R09,2702035,truck_only,S0027,n50_p0.25_d1_uniform_Emedium_V1.25_Hmedium_PWmoderate_B0.05,50,0.24,0.25,1,3,medium,1.25,uniform,medium,moderate,0.05,20.0,5.0,1.0,peripheral,16845.148021244866,364.4339906162988,0.0,0.0,16480.714030628566,16480.714030628566,412.9504781292238,1607.0785670073456,186.31163300735915,2206.3406781439285,8259.009562584477,8035.392835036728,186.31163300735915,0.0,417.96935868284913,455.5424882703735,0.0,50,0,0.0,0,0,0.0,0.0,0.0,0.0,0.0,0.0,0,0.0,0.0,0,0,0,0.01915431022644043,0.0,0.0,0.0,True,feasible,baseline_truck_only,16845.148021244866,455.5424882703735,,,,0.0,True,feasible_only,0.0,16845.148021244866,True,16845.148021244866,,,
S0027_R09,2702035,nils,S0027,n50_p0.25_d1_uniform_Emedium_V1.25_Hmedium_PWmoderate_B0.05,50,0.24,0.25,1,3,medium,1.25,uniform,medium,moderate,0.05,20.0,5.0,1.0,peripheral,7146.731849158186,259.85775254943786,13.6346534803613,0.0,6873.239443128387,6873.239443128387,270.93548821976924,290.9059357466004,0.0,561.8414239663696,5418.709764395385,1454.529678733002,0.0,0.0,253.93721972760528,324.8221906867973,45.44884493453767,47,3,0.06,1,1,3.0,3.0,0.0,0.0,0.0,0.0,0,0.9489318656950316,0.9489318656950316,1,207,207,0.9381272792816162,25.0,6.0,24.0,True,feasible,nils_complete,16845.148021244866,455.5424882703735,,57.5739444963925,,28.695522580100395,True,feasible_only,0.0,7146.731849158186,True,16845.148021244866,,57.5739444963925,
S0027_R10,2702036,truck_only,S0027,n50_p0.25_d1_uniform_Emedium_V1.25_Hmedium_PWmoderate_B0.05,50,0.24,0.25,1,3,medium,1.25,uniform,medium,moderate,0.05,20.0,5.0,1.0,peripheral,20026.20743806204,351.8708481317768,0.0,0.0,19674.336589930263,19674.336589930263,814.9589764403459,659.9637369632432,75.3383763071277,1550.2610897107168,16299.179528806917,3299.818684816216,75.3383763071277,0.0,334.443081489027,439.8385601647209,0.0,50,0,0.0,0,0,0.0,0.0,0.0,0.0,0.0,0.0,0,0.0,0.0,0,0,0,0.017984390258789062,0.0,0.0,0.0,True,feasible,baseline_truck_only,20026.20743806204,439.8385601647209,,,,0.0,True,feasible_only,0.0,20026.20743806204,True,20026.20743806204,,,
S0027_R10,2702036,nils,S0027,n50_p0.25_d1_uniform_Emedium_V1.25_Hmedium_PWmoderate_B0.05,50,0.24,0.25,1,3,medium,1.25,uniform,medium,moderate,0.05,20.0,5.0,1.0,peripheral,6238.3884497704985,224.0760104900102,13.220381717118364,0.0,6001.09205756337,6001.09205756337,300.0546028781685,0.0,0.0,300.0546028781685,6001.09205756337,0.0,0.0,0.0,220.90577278879255,280.0950131125128,44.06793905706121,45,5,0.1,1,1,5.0,5.0,0.0,0.0,0.0,0.0,0,0.9393070208530812,0.9393070208530812,1,162,162,1.012164831161499,25.0,7.0,30.0,True,feasible,nils_complete,20026.20743806204,439.8385601647209,,68.8488773070744,,36.318677242027995,True,feasible_only,0.0,6238.3884497704985,True,20026.20743806204,,68.8488773070744,
S0028_R01,2802027,truck_only,S0028,n50_p0.25_d1_clustered_Emedium_V1.25_Hmedium_PWstrict_B0.05,50,0.24,0.25,1,3,medium,1.25,clustered,medium,strict,0.05,200.0,40.0,1.0,peripheral,371464.671002033,157.9036913849837,0.0,0.0,371306.767310648,371306.767310648,1584.6131669861877,1345.131368543951,578.8791716524057,3508.6237071825444,316922.6333972375,53805.25474175804,578.8791716524057,0.0,387.3547263135475,197.37961423122954,0.0,50,0,0.0,0,0,0.0,0.0,0.0,0.0,0.0,0.0,0,0.0,0.0,0,0,0,0.031958580017089844,0.0,0.0,0.0,True,feasible,baseline_truck_only,371464.671002033,197.37961423122954,,,,0.0,True,feasible_only,0.0,371464.671002033,True,371464.671002033,,,
S0028_R01,2802027,nils,S0028,n50_p0.25_d1_clustered_Emedium_V1.25_Hmedium_PWstrict_B0.05,50,0.24,0.25,1,3,medium,1.25,clustered,medium,strict,0.05,200.0,40.0,1.0,peripheral,23404.665799826376,132.37133238852803,13.2964343137748,0.0,23258.998033124073,23258.998033124073,116.29499016562036,0.0,0.0,116.29499016562036,23258.998033124073,0.0,0.0,0.0,152.28880453052713,165.46416548565998,44.32144771258267,45,5,0.1,1,1,5.0,5.0,0.0,0.0,0.0,0.0,0,0.9392121190753521,0.9392121190753521,1,136,136,3.7992441654205322,25.0,14.0,56.0,True,feasible,nils_complete,371464.671002033,197.37961423122954,,93.69935619000002,,16.169577020340473,True,feasible_only,0.0,23404.665799826376,True,371464.671002033,,93.69935619000002,
S0028_R02,2802028,truck_only,S0028,n50_p0.25_d1_clustered_Emedium_V1.25_Hmedium_PWstrict_B0.05,50,0.24,0.25,1,3,medium,1.25,clustered,medium,strict,0.05,200.0,40.0,1.0,peripheral,339445.6426852711,178.24523964009651,0.0,0.0,339267.397445631,339267.397445631,1244.1392627457678,2238.24529042163,909.733279612255,4392.117832779653,248827.85254915355,89529.8116168652,909.733279612255,0.0,432.1564660943002,222.8065495501207,0.0,50,0,0.0,0,0,0.0,0.0,0.0,0.0,0.0,0.0,0,0.0,0.0,0,0,0,0.019054412841796875,0.0,0.0,0.0,True,feasible,baseline_truck_only,339445.6426852711,222.8065495501207,,,,0.0,True,feasible_only,0.0,339445.6426852711,True,339445.6426852711,,,
S0028_R02,2802028,nils,S0028,n50_p0.25_d1_clustered_Emedium_V1.25_Hmedium_PWstrict_B0.05,50,0.24,0.25,1,3,medium,1.25,clustered,medium,strict,0.05,200.0,40.0,1.0,peripheral,30314.33912406475,132.99329005654732,13.011097419648733,0.0,30168.334736588553,30168.334736588553,147.4748497956449,16.834119436489416,0.0,164.3089692321343,29494.96995912898,673.3647774595767,0.0,0.0,168.08103542640652,166.24161257068417,43.37032473216245,43,7,0.14,1,1,7.0,7.0,0.0,0.0,0.0,0.0,0,0.9300918938080631,0.9300918938080631,1,85,85,2.745417833328247,25.0,15.0,72.0,True,feasible,nils_complete,339445.6426852711,222.8065495501207,,91.06945698750012,,25.387465985021304,True,feasible_only,0.0,30314.33912406475,True,339445.6426852711,,91.06945698750012,
S0028_R03,2802029,truck_only,S0028,n50_p0.25_d1_clustered_Emedium_V1.25_Hmedium_PWstrict_B0.05,50,0.24,0.25,1,3,medium,1.25,clustered,medium,strict,0.05,200.0,40.0,1.0,peripheral,345780.574759686,179.36835342247903,0.0,0.0,345601.2064062635,345601.2064062635,1483.1793730299148,1198.684422752561,1017.9548901780993,3699.818685960575,296635.874605983,47947.37691010244,1017.9548901780993,0.0,430.2770738868654,224.21044177809875,0.0,50,0,0.0,0,0,0.0,0.0,0.0,0.0,0.0,0.0,0,0.0,0.0,0,0,0,0.025817155838012695,0.0,0.0,0.0,True,feasible,baseline_truck_only,345780.574759686,224.21044177809875,,,,0.0,True,feasible_only,0.0,345780.574759686,True,345780.574759686,,,
S0028_R03,2802029,nils,S0028,n50_p0.25_d1_clustered_Emedium_V1.25_Hmedium_PWstrict_B0.05,50,0.24,0.25,1,3,medium,1.25,clustered,medium,strict,0.05,200.0,40.0,1.0,peripheral,33470.252793152766,136.44747586392657,13.256857904479167,0.0,33320.54845938436,33320.54845938436,165.2909711755816,6.558855606700732,0.0,171.84982678228232,33058.19423511632,262.35422426802927,0.0,0.0,163.51885535869735,170.5593448299082,44.18952634826388,45,5,0.1,1,1,5.0,5.0,0.0,0.0,0.0,0.0,0,0.9467065014022764,0.9467065014022764,1,134,134,3.2467923164367676,25.0,15.0,58.0,True,feasible,nils_complete,345780.574759686,224.21044177809875,,90.32037794013898,,23.92890202735922,True,feasible_only,0.0,33470.252793152766,True,345780.574759686,,90.32037794013898,
S0028_R04,2802030,truck_only,S0028,n50_p0.25_d1_clustered_Emedium_V1.25_Hmedium_PWstrict_B0.05,50,0.24,0.25,1,3,medium,1.25,clustered,medium,strict,0.05,200.0,40.0,1.0,peripheral,318335.7034481797,164.53887513349648,0.0,0.0,318171.1645730462,318171.1645730462,1216.0754034553916,1863.2458914386416,426.24822442216407,3505.5695193161973,243215.0806910783,74529.83565754566,426.24822442216407,0.0,400.9302734066175,205.67359391687052,0.0,50,0,0.0,0,0,0.0,0.0,0.0,0.0,0.0,0.0,0,0.0,0.0,0,0,0,0.01721644401550293,0.0,0.0,0.0,True,feasible,baseline_truck_only,318335.7034481797,205.67359391687052,,,,0.0,True,feasible_only,0.0,318335.7034481797,True,318335.7034481797,,,
S0028_R04,2802030,nils,S0028,n50_p0.25_d1_clustered_Emedium_V1.25_Hmedium_PWstrict_B0.05,50,0.24,0.25,1,3,medium,1.25,clustered,medium,strict,0.05,200.0,40.0,1.0,peripheral,20233.35963895837,131.16177645959152,12.932785294224065,0.0,20089.265077204553,20089.265077204553,100.44632538602276,0.0,0.0,100.44632538602276,20089.265077204553,0.0,0.0,0.0,152.8889588624267,163.9522205744894,43.10928431408022,43,7,0.14,1,1,7.0,7.0,0.0,0.0,0.0,0.0,0,0.9109541146402461,0.9109541146402461,1,86,86,2.9667372703552246,25.0,14.0,71.0,True,feasible,nils_complete,318335.7034481797,205.67359391687052,,93.64401811678907,,20.285235721239033,True,feasible_only,0.0,20233.35963895837,True,318335.7034481797,,93.64401811678907,
S0028_R05,2802031,truck_only,S0028,n50_p0.25_d1_clustered_Emedium_V1.25_Hmedium_PWstrict_B0.05,50,0.24,0.25,1,3,medium,1.25,clustered,medium,strict,0.05,200.0,40.0,1.0,peripheral,116929.1134510938,152.34483681378822,0.0,0.0,116776.76861428001,116776.76861428001,393.7141845383533,934.4270304324797,656.8504893101442,1984.9917042809773,78742.83690767066,37377.08121729919,656.8504893101442,0.0,372.4334835367068,190.43104601723536,0.0,50,0,0.0,0,0,0.0,0.0,0.0,0.0,0.0,0.0,0,0.0,0.0,0,0,0,0.01835465431213379,0.0,0.0,0.0,True,feasible,baseline_truck_only,116929.1134510938,190.43104601723536,,,,0.0,True,feasible_only,0.0,116929.1134510938,True,116929.1134510938,,,
S0028_R05,2802031,nils,S0028,n50_p0.25_d1_clustered_Emedium_V1.25_Hmedium_PWstrict_B0.05,50,0.24,0.25,1,3,medium,1.25,clustered,medium,strict,0.05,200.0,40.0,1.0,peripheral,13689.897818040214,143.70638116047564,13.165199210801728,0.0,13533.026237668937,13533.026237668937,66.93688119421293,3.64124997065872,0.0,70.57813116487165,13387.376238842586,145.6499988263488,0.0,0.0,158.94835257102335,179.63297645059455,43.883997369339106,42,8,0.16,1,1,8.0,8.0,0.0,0.0,0.0,0.0,0,0.9347249707554194,0.9347249707554194,1,64,64,2.489858388900757,25.0,15.0,77.0,True,feasible,nils_complete,116929.1134510938,190.43104601723536,,88.29213921666643,,5.6703304384850695,True,feasible_only,0.0,13689.897818040214,True,116929.1134510938,,88.29213921666643,
S0028_R06,2802032,truck_only,S0028,n50_p0.25_d1_clustered_Emedium_V1.25_Hmedium_PWstrict_B0.05,50,0.24,0.25,1,3,medium,1.25,clustered,medium,strict,0.05,200.0,40.0,1.0,peripheral,495041.6462331337,163.15240163565565,0.0,0.0,494878.493831498,494878.493831498,2243.186684289835,1145.6676603932328,414.45055780166956,3803.3049024847373,448637.33685796696,45826.70641572931,414.45055780166956,0.0,397.03797528324907,203.9405020445695,0.0,50,0,0.0,0,0,0.0,0.0,0.0,0.0,0.0,0.0,0,0.0,0.0,0,0,0,0.017965316772460938,0.0,0.0,0.0,True,feasible,baseline_truck_only,495041.6462331337,203.9405020445695,,,,0.0,True,feasible_only,0.0,495041.6462331337,True,495041.6462331337,,,
S0028_R06,2802032,nils,S0028,n50_p0.25_d1_clustered_Emedium_V1.25_Hmedium_PWstrict_B0.05,50,0.24,0.25,1,3,medium,1.25,clustered,medium,strict,0.05,200.0,40.0,1.0,peripheral,26603.299310221646,133.19310703647196,13.078670596367168,0.0,26457.027532588807,26457.027532588807,132.28513766294404,0.0,0.0,132.28513766294404,26457.027532588807,0.0,0.0,0.0,147.46801043426984,166.4913837955899,43.59556865455722,43,7,0.14,1,1,7.0,7.0,0.0,0.0,0.0,0.0,0,0.9195686568050958,0.9195686568050958,1,89,89,3.2679710388183594,25.0,15.0,68.0,True,feasible,nils_complete,495041.6462331337,203.9405020445695,,94.62604822995172,,18.362766529227926,True,feasible_only,0.0,26603.299310221646,True,495041.6462331337,,94.62604822995172,
S0028_R07,2802033,truck_only,S0028,n50_p0.25_d1_clustered_Emedium_V1.25_Hmedium_PWstrict_B0.05,50,0.24,0.25,1,3,medium,1.25,clustered,medium,strict,0.05,200.0,40.0,1.0,peripheral,283479.9877700151,164.2193358164019,0.0,0.0,283315.7684341987,283315.7684341987,1207.878111206998,1029.792242985896,548.4564733632203,2786.126827556114,241575.6222413996,41191.689719435846,548.4564733632203,0.0,400.99942026749073,205.27416977050228,0.0,50,0,0.0,0,0,0.0,0.0,0.0,0.0,0.0,0.0,0,0.0,0.0,0,0,0,0.030594587326049805,0.0,0.0,0.0,True,feasible,baseline_truck_only,283479.9877700151,205.27416977050228,,,,0.0,True,feasible_only,0.0,283479.9877700151,True,283479.9877700151,,,
S0028_R07,2802033,nils,S0028,n50_p0.25_d1_clustered_Emedium_V1.25_Hmedium_PWstrict_B0.05,50,0.24,0.25,1,3,medium,1.25,clustered,medium,strict,0.05,200.0,40.0,1.0,peripheral,25784.565934307408,129.15850671883817,13.37013573477898,0.0,25642.03729185379,25642.03729185379,128.21018645926895,0.0,0.0,128.21018645926895,25642.03729185379,0.0,0.0,0.0,157.91028668024347,161.4481333985477,44.56711911592994,43,7,0.14,1,1,7.0,7.0,0.0,0.0,0.0,0.0,0,0.9375569756325247,0.9375569756325247,1,94,94,2.643362283706665,25.0,13.0,63.0,True,feasible,nils_complete,283479.9877700151,205.27416977050228,,90.90427294810448,,21.350000548511463,True,feasible_only,0.0,25784.565934307408,True,283479.9877700151,,90.90427294810448,
S0028_R08,2802034,truck_only,S0028,n50_p0.25_d1_clustered_Emedium_V1.25_Hmedium_PWstrict_B0.05,50,0.24,0.25,1,3,medium,1.25,clustered,medium,strict,0.05,200.0,40.0,1.0,peripheral,150817.4866702776,175.63342450391178,0.0,0.0,150641.8532457737,150641.8532457737,440.03334092877066,1542.7638663727425,924.6304051098897,2907.427612411403,88006.66818575413,61710.554654909705,924.6304051098897,0.0,425.07917871741586,219.5417806298897,0.0,50,0,0.0,0,0,0.0,0.0,0.0,0.0,0.0,0.0,0,0.0,0.0,0,0,0,0.024263620376586914,0.0,0.0,0.0,True,feasible,baseline_truck_only,150817.4866702776,219.5417806298897,,,,0.0,True,feasible_only,0.0,150817.4866702776,True,150817.4866702776,,,
S0028_R08,2802034,nils,S0028,n50_p0.25_d1_clustered_Emedium_V1.25_Hmedium_PWstrict_B0.05,50,0.24,0.25,1,3,medium,1.25,clustered,medium,strict,0.05,200.0,40.0,1.0,peripheral,5573.5668425997155,140.63529944961473,12.839049673542902,0.0,5420.092493476558,5420.092493476558,27.10046246738279,0.0,0.0,27.10046246738279,5420.092493476558,0.0,0.0,0.0,160.14301614269553,175.7941243120184,42.79683224514301,45,5,0.1,1,1,5.0,5.0,0.0,0.0,0.0,0.0,0,0.9085362612056017,0.9085362612056017,1,144,144,2.6819698810577393,25.0,12.0,48.0,True,feasible,nils_complete,150817.4866702776,219.5417806298897,,96.30442930348995,,19.926802175127865,True,feasible_only,0.0,5573.5668425997155,True,150817.4866702776,,96.30442930348995,
S0028_R09,2802035,truck_only,S0028,n50_p0.25_d1_clustered_Emedium_V1.25_Hmedium_PWstrict_B0.05,50,0.24,0.25,1,3,medium,1.25,clustered,medium,strict,0.05,200.0,40.0,1.0,peripheral,392461.1500446525,206.84402961276737,0.0,0.0,392254.30601503974,392254.30601503974,1716.0086822362775,1196.9635411675629,1174.027921081667,4087.0001444855075,343201.73644725553,47878.54164670251,1174.027921081667,0.0,489.9693204460562,258.55503701595916,0.0,50,0,0.0,0,0,0.0,0.0,0.0,0.0,0.0,0.0,0,0.0,0.0,0,0,0,0.020688772201538086,0.0,0.0,0.0,False,infeasible,baseline_truck_only,392461.1500446525,258.55503701595916,,,,0.0,False,feasible_only,0.0,,False,,,,
S0028_R09,2802035,nils,S0028,n50_p0.25_d1_clustered_Emedium_V1.25_Hmedium_PWstrict_B0.05,50,0.24,0.25,1,3,medium,1.25,clustered,medium,strict,0.05,200.0,40.0,1.0,peripheral,3021.2998129771927,104.34439788797995,13.09475409527616,0.0,2903.8606609939366,2903.8606609939366,14.519303304969682,0.0,0.0,14.519303304969682,2903.8606609939366,0.0,0.0,0.0,158.70095705568616,130.43049735997496,43.64918031758721,42,8,0.16,1,1,8.0,8.0,0.0,0.0,0.0,0.0,0,0.929727871362663,0.929727871362663,1,72,72,2.7511096000671387,25.0,13.0,63.0,True,feasible,nils_complete,392461.1500446525,258.55503701595916,,99.23016588708629,,49.554068307737424,True,feasible_only,0.0,3021.2998129771927,True,,,,
S0028_R10,2802036,truck_only,S0028,n50_p0.25_d1_clustered_Emedium_V1.25_Hmedium_PWstrict_B0.05,50,0.24,0.25,1,3,medium,1.25,clustered,medium,strict,0.05,200.0,40.0,1.0,peripheral,435359.3753228882,197.40356439240904,0.0,0.0,435161.9717584958,435161.9717584958,1840.4360433430493,1643.1797743999568,1347.5721138876056,4831.187931630611,368087.20866860985,65727.19097599827,1347.5721138876056,0.0,468.9871294853036,246.7544554905113,0.0,50,0,0.0,0,0,0.0,0.0,0.0,0.0,0.0,0.0,0,0.0,0.0,0,0,0,0.01722574234008789,0.0,0.0,0.0,True,feasible,baseline_truck_only,435359.3753228882,246.7544554905113,,,,0.0,True,feasible_only,0.0,435359.3753228882,True,435359.3753228882,,,
S0028_R10,2802036,nils,S0028,n50_p0.25_d1_clustered_Emedium_V1.25_Hmedium_PWstrict_B0.05,50,0.24,0.25,1,3,medium,1.25,clustered,medium,strict,0.05,200.0,40.0,1.0,peripheral,40512.99413991166,144.4558987374522,13.04379205810712,0.0,40355.4944491161,40355.4944491161,196.5299086550068,26.23781795286837,0.0,222.76772660787518,39305.98173100136,1049.5127181147348,0.0,0.0,175.04141795611662,180.56987342181523,43.47930686035707,45,5,0.1,1,1,5.0,5.0,0.0,0.0,0.0,0.0,0,0.9169210038900805,0.9169210038900805,1,144,144,3.2125661373138428,25.0,12.0,48.0,True,feasible,nils_complete,435359.3753228882,246.7544554905113,,90.69435587326795,,26.82204134354167,True,feasible_only,0.0,40512.99413991166,True,435359.3753228882,,90.69435587326795,
S0029_R01,2902027,truck_only,S0029,n50_p0.25_d2_clustered_Emedium_V2.00_Hshort_PWstrict_B0.05,50,0.24,0.25,2,3,medium,2.0,clustered,short,strict,0.05,200.0,40.0,1.0,peripheral,427329.7607205844,170.65910111916958,0.0,0.0,427159.1016194653,427159.1016194653,1764.3736029179029,1836.8573030428029,810.0889141724982,4411.319820133204,352874.72058358055,73474.29212171212,810.0889141724982,0.0,417.02500579690445,213.32387639896191,0.0,50,0,0.0,0,0,0.0,0.0,0.0,0.0,0.0,0.0,0,0.0,0.0,0,0,0,0.019442081451416016,0.0,0.0,0.0,True,feasible,baseline_truck_only,427329.7607205844,213.32387639896191,,,,0.0,True,feasible_only,0.0,427329.7607205844,True,427329.7607205844,,,
S0029_R01,2902027,nils,S0029,n50_p0.25_d2_clustered_Emedium_V2.00_Hshort_PWstrict_B0.05,50,0.24,0.25,2,3,medium,2.0,clustered,short,strict,0.05,200.0,40.0,1.0,peripheral,29055.33353701812,130.70276070579277,15.317774744495399,0.0,28909.313001567833,28909.313001567833,143.04891839875654,7.488233045413125,0.0,150.53715144416967,28609.78367975131,299.529321816525,0.0,0.0,166.10388957545575,163.37845088224097,51.059249148317996,38,12,0.24,1,1,12.0,12.0,0.0,0.0,0.0,0.0,0,0.6806444384677925,0.6806444384677925,0,0,0,3.6305432319641113,25.0,18.0,174.0,False,infeasible,nils_complete,427329.7607205844,213.32387639896191,,93.20072313989469,,23.412956092787365,False,feasible_only,0.0,,False,427329.7607205844,,,
S0029_R02,2902028,truck_only,S0029,n50_p0.25_d2_clustered_Emedium_V2.00_Hshort_PWstrict_B0.05,50,0.24,0.25,2,3,medium,2.0,clustered,short,strict,0.05,200.0,40.0,1.0,peripheral,253562.41883059032,143.63235657261527,0.0,0.0,253418.78647401772,253418.78647401772,1085.4471050999646,901.651595111504,263.3016495647196,2250.400349776188,217089.4210199929,36066.06380446016,263.3016495647196,0.0,354.97903179213796,179.54044571576907,0.0,50,0,0.0,0,0,0.0,0.0,0.0,0.0,0.0,0.0,0,0.0,0.0,0,0,0,0.035192012786865234,0.0,0.0,0.0,True,feasible,baseline_truck_only,253562.41883059032,179.54044571576907,,,,0.0,True,feasible_only,0.0,253562.41883059032,True,253562.41883059032,,,
S0029_R02,2902028,nils,S0029,n50_p0.25_d2_clustered_Emedium_V2.00_Hshort_PWstrict_B0.05,50,0.24,0.25,2,3,medium,2.0,clustered,short,strict,0.05,200.0,40.0,1.0,peripheral,16290.33609604934,130.14924505196527,15.890710438283811,0.0,16144.29614055909,16144.29614055909,80.72148070279545,0.0,0.0,80.72148070279545,16144.296140559089,0.0,0.0,0.0,146.33379833833902,162.6865563149566,52.96903479427936,38,12,0.24,1,1,12.0,12.0,0.0,0.0,0.0,0.0,0,0.706287874234885,0.706287874234885,0,0,0,4.128187894821167,25.0,18.0,174.0,False,infeasible,nils_complete,253562.41883059032,179.54044571576907,,93.57541382860319,,9.38723825354311,False,feasible_only,0.0,,False,253562.41883059032,,,
S0029_R03,2902029,truck_only,S0029,n50_p0.25_d2_clustered_Emedium_V2.00_Hshort_PWstrict_B0.05,50,0.24,0.25,2,3,medium,2.0,clustered,short,strict,0.05,200.0,40.0,1.0,peripheral,727207.9248955324,174.91421118805735,0.0,0.0,727033.0106843443,727033.0106843443,3481.2760691078147,748.5850898643116,834.393268208852,5064.2544271809775,696255.2138215629,29943.403594572464,834.393268208852,0.0,422.4879534200405,218.64276398507178,0.0,50,0,0.0,0,0,0.0,0.0,0.0,0.0,0.0,0.0,0,0.0,0.0,0,0,0,0.028658390045166016,0.0,0.0,0.0,True,feasible,baseline_truck_only,727207.9248955324,218.64276398507178,,,,0.0,True,feasible_only,0.0,727207.9248955324,True,727207.9248955324,,,
S0029_R03,2902029,nils,S0029,n50_p0.25_d2_clustered_Emedium_V2.00_Hshort_PWstrict_B0.05,50,0.24,0.25,2,3,medium,2.0,clustered,short,strict,0.05,200.0,40.0,1.0,peripheral,45582.72687346682,134.05514953190564,14.94700048066208,0.0,45433.72472345425,45433.72472345425,217.9053647973193,46.31629409975977,0.0,264.22165889707907,43581.07295946386,1852.651763990391,0.0,0.0,177.86462141114998,167.56893691488204,49.82333493554026,38,12,0.24,1,1,12.0,12.0,0.0,0.0,0.0,0.0,0,0.6642576477100753,0.6642576477100753,0,0,0,3.5865092277526855,25.0,13.0,174.0,True,feasible,nils_complete,727207.9248955324,218.64276398507178,,93.7318165392635,,23.359486561227744,True,feasible_only,0.0,45582.72687346682,True,727207.9248955324,,93.7318165392635,
S0029_R04,2902030,truck_only,S0029,n50_p0.25_d2_clustered_Emedium_V2.00_Hshort_PWstrict_B0.05,50,0.24,0.25,2,3,medium,2.0,clustered,short,strict,0.05,200.0,40.0,1.0,peripheral,341890.839003555,175.38164419166162,0.0,0.0,341715.4573593633,341715.4573593633,1273.746621925294,2156.0025628044086,726.0304621281537,4155.779646857856,254749.3243850588,86240.10251217635,726.0304621281537,0.0,424.41821040134636,219.22705523957706,0.0,50,0,0.0,0,0,0.0,0.0,0.0,0.0,0.0,0.0,0,0.0,0.0,0,0,0,0.019953012466430664,0.0,0.0,0.0,True,feasible,baseline_truck_only,341890.839003555,219.22705523957706,,,,0.0,True,feasible_only,0.0,341890.839003555,True,341890.839003555,,,
S0029_R04,2902030,nils,S0029,n50_p0.25_d2_clustered_Emedium_V2.00_Hshort_PWstrict_B0.05,50,0.24,0.25,2,3,medium,2.0,clustered,short,strict,0.05,200.0,40.0,1.0,peripheral,14979.230594068973,132.76457094990656,16.659744941550613,0.0,14829.806278177515,14829.806278177515,74.14903139088759,0.0,0.0,74.14903139088759,14829.806278177517,0.0,0.0,0.0,146.86796387506269,165.95571368738314,55.53248313850204,38,12,0.24,1,1,12.0,12.0,0.0,0.0,0.0,0.0,0,0.7481543096837183,0.7481543096837183,0,0,0,3.5923972129821777,25.0,13.0,174.0,False,infeasible,nils_complete,341890.839003555,219.22705523957706,,95.61870957475018,,24.299620087483092,False,feasible_only,0.0,,False,341890.839003555,,,
S0029_R05,2902031,truck_only,S0029,n50_p0.25_d2_clustered_Emedium_V2.00_Hshort_PWstrict_B0.05,50,0.24,0.25,2,3,medium,2.0,clustered,short,strict,0.05,200.0,40.0,1.0,peripheral,336719.9396929764,180.76706570663976,0.0,0.0,336539.17262726976,336539.17262726976,1334.850210093611,1715.4909750229424,949.4916076298745,3999.832792746428,266970.04201872216,68619.6390009177,949.4916076298745,0.0,434.78674046995224,225.9588321332996,0.0,50,0,0.0,0,0,0.0,0.0,0.0,0.0,0.0,0.0,0,0.0,0.0,0,0,0,0.02332615852355957,0.0,0.0,0.0,True,feasible,baseline_truck_only,336719.9396929764,225.9588321332996,,,,0.0,True,feasible_only,0.0,336719.9396929764,True,336719.9396929764,,,
S0029_R05,2902031,nils,S0029,n50_p0.25_d2_clustered_Emedium_V2.00_Hshort_PWstrict_B0.05,50,0.24,0.25,2,3,medium,2.0,clustered,short,strict,0.05,200.0,40.0,1.0,peripheral,25815.21641157201,119.73100577874553,18.91628320031153,0.0,25676.569122592955,25676.569122592955,128.3828456129648,0.0,0.0,128.3828456129648,25676.56912259296,0.0,0.0,0.0,141.25537832845416,149.6637572234319,63.054277334371776,38,12,0.24,1,1,12.0,12.0,0.0,0.0,0.0,0.0,0,0.8449521903906453,0.8449521903906453,0,0,0,3.013545513153076,25.0,18.0,174.0,False,infeasible,nils_complete,336719.9396929764,225.9588321332996,,92.33332708626924,,33.76503329812709,False,feasible_only,0.0,,False,336719.9396929764,,,
S0029_R06,2902032,truck_only,S0029,n50_p0.25_d2_clustered_Emedium_V2.00_Hshort_PWstrict_B0.05,50,0.24,0.25,2,3,medium,2.0,clustered,short,strict,0.05,200.0,40.0,1.0,peripheral,318333.0765392067,160.5840213230488,0.0,0.0,318172.49251788366,318172.49251788366,1413.099497912474,870.5293488740793,731.4189804256741,3015.0478272122273,282619.8995824948,34821.173954963175,731.4189804256741,0.0,395.6002809207732,200.73002665381108,0.0,50,0,0.0,0,0,0.0,0.0,0.0,0.0,0.0,0.0,0,0.0,0.0,0,0,0,0.019010305404663086,0.0,0.0,0.0,True,feasible,baseline_truck_only,318333.0765392067,200.73002665381108,,,,0.0,True,feasible_only,0.0,318333.0765392067,True,318333.0765392067,,,
S0029_R06,2902032,nils,S0029,n50_p0.25_d2_clustered_Emedium_V2.00_Hshort_PWstrict_B0.05,50,0.24,0.25,2,3,medium,2.0,clustered,short,strict,0.05,200.0,40.0,1.0,peripheral,14884.097958218075,118.5742612780455,16.06486536436739,0.0,14749.458831575663,14749.458831575663,73.74729415787831,0.0,0.0,73.74729415787831,14749.458831575663,0.0,0.0,0.0,148.24131758713207,148.2178265975569,53.54955121455796,38,12,0.24,1,1,12.0,12.0,0.0,0.0,0.0,0.0,0,0.7296918294902388,0.7296918294902388,0,0,0,3.3766448497772217,25.0,18.0,174.0,True,feasible,nils_complete,318333.0765392067,200.73002665381108,,95.32436336178691,,26.160610314080873,True,feasible_only,0.0,14884.097958218075,True,318333.0765392067,,95.32436336178691,
S0029_R07,2902033,truck_only,S0029,n50_p0.25_d2_clustered_Emedium_V2.00_Hshort_PWstrict_B0.05,50,0.24,0.25,2,3,medium,2.0,clustered,short,strict,0.05,200.0,40.0,1.0,peripheral,419328.6877417238,183.06984212231103,0.0,0.0,419145.61789960146,419145.61789960146,1678.6334967861494,2059.3453557661605,1045.1043117252186,4783.083164277528,335726.69935722987,82373.81423064641,1045.1043117252186,0.0,443.2541357986164,228.8373026528888,0.0,50,0,0.0,0,0,0.0,0.0,0.0,0.0,0.0,0.0,0,0.0,0.0,0,0,0,0.020124435424804688,0.0,0.0,0.0,True,feasible,baseline_truck_only,419328.6877417238,228.8373026528888,,,,0.0,True,feasible_only,0.0,419328.6877417238,True,419328.6877417238,,,
S0029_R07,2902033,nils,S0029,n50_p0.25_d2_clustered_Emedium_V2.00_Hshort_PWstrict_B0.05,50,0.24,0.25,2,3,medium,2.0,clustered,short,strict,0.05,200.0,40.0,1.0,peripheral,29240.354025658347,129.0831243496697,14.789677902126307,0.0,29096.48122340655,29096.48122340655,145.48240611703275,0.0,0.0,145.48240611703275,29096.48122340655,0.0,0.0,0.0,142.9796918074296,161.35390543708712,49.29892634042103,38,12,0.24,1,1,12.0,12.0,0.0,0.0,0.0,0.0,0,0.6532690297687416,0.6532690297687416,0,0,0,3.0400474071502686,25.0,18.0,174.0,True,feasible,nils_complete,419328.6877417238,228.8373026528888,,93.02686534920113,,29.48968390794384,True,feasible_only,0.0,29240.354025658347,True,419328.6877417238,,93.02686534920113,
S0029_R08,2902034,truck_only,S0029,n50_p0.25_d2_clustered_Emedium_V2.00_Hshort_PWstrict_B0.05,50,0.24,0.25,2,3,medium,2.0,clustered,short,strict,0.05,200.0,40.0,1.0,peripheral,568331.5818276767,204.58096454187006,0.0,0.0,568127.0008631349,568127.0008631349,2540.785057509141,1465.882929193574,1334.672193563587,5341.340180266302,508157.0115018282,58635.317167742964,1334.672193563587,0.0,490.5522080954021,255.7262056773376,0.0,50,0,0.0,0,0,0.0,0.0,0.0,0.0,0.0,0.0,0,0.0,0.0,0,0,0,0.029250383377075195,0.0,0.0,0.0,False,infeasible,baseline_truck_only,568331.5818276767,255.7262056773376,,,,0.0,False,feasible_only,0.0,,False,,,,
S0029_R08,2902034,nils,S0029,n50_p0.25_d2_clustered_Emedium_V2.00_Hshort_PWstrict_B0.05,50,0.24,0.25,2,3,medium,2.0,clustered,short,strict,0.05,200.0,40.0,1.0,peripheral,40760.18906987129,140.77304035249716,17.41589825742972,0.0,40602.00013126136,40602.00013126136,203.01000065630683,0.0,0.0,203.01000065630683,40602.00013126137,0.0,0.0,0.0,153.04379076515252,175.96630044062147,58.0529941914324,38,12,0.24,1,1,12.0,12.0,0.0,0.0,0.0,0.0,0,0.7750681023681268,0.7750681023681268,0,0,0,3.18699312210083,25.0,19.0,156.0,True,feasible,nils_complete,568331.5818276767,255.7262056773376,,92.82809712267051,,31.18957051173439,True,feasible_only,0.0,40760.18906987129,True,,,,
S0029_R09,2902035,truck_only,S0029,n50_p0.25_d2_clustered_Emedium_V2.00_Hshort_PWstrict_B0.05,50,0.24,0.25,2,3,medium,2.0,clustered,short,strict,0.05,200.0,40.0,1.0,peripheral,410283.7136099616,169.60613416154254,0.0,0.0,410114.1074758001,410114.1074758001,1721.1854309319301,1633.3644638706394,542.4427345885716,3896.9926293911412,344237.086186386,65334.57855482557,542.4427345885716,0.0,413.06114729595896,212.00766770192823,0.0,50,0,0.0,0,0,0.0,0.0,0.0,0.0,0.0,0.0,0,0.0,0.0,0,0,0,0.01961207389831543,0.0,0.0,0.0,True,feasible,baseline_truck_only,410283.7136099616,212.00766770192823,,,,0.0,True,feasible_only,0.0,410283.7136099616,True,410283.7136099616,,,
S0029_R09,2902035,nils,S0029,n50_p0.25_d2_clustered_Emedium_V2.00_Hshort_PWstrict_B0.05,50,0.24,0.25,2,3,medium,2.0,clustered,short,strict,0.05,200.0,40.0,1.0,peripheral,18972.337557281295,136.4728427812455,16.19493743066902,0.0,18819.66977706938,18819.66977706938,94.0983488853469,0.0,0.0,94.0983488853469,18819.66977706938,0.0,0.0,0.0,145.01731667065656,170.5910534765569,53.98312476889674,38,12,0.24,1,1,12.0,12.0,0.0,0.0,0.0,0.0,0,0.7222239329143714,0.7222239329143714,0,0,0,4.201717853546143,25.0,20.0,174.0,True,feasible,nils_complete,410283.7136099616,212.00766770192823,,95.37580046978968,,19.535432220121837,True,feasible_only,0.0,18972.337557281295,True,410283.7136099616,,95.37580046978968,
S0029_R10,2902036,truck_only,S0029,n50_p0.25_d2_clustered_Emedium_V2.00_Hshort_PWstrict_B0.05,50,0.24,0.25,2,3,medium,2.0,clustered,short,strict,0.05,200.0,40.0,1.0,peripheral,431331.47957675403,148.09608955200636,0.0,0.0,431183.38348720205,431183.38348720205,1892.1103134296998,1308.9335834065905,403.97746499848586,3605.021361834776,378422.06268593995,52357.34333626362,403.97746499848586,0.0,366.19178017854694,185.12011194000792,0.0,50,0,0.0,0,0,0.0,0.0,0.0,0.0,0.0,0.0,0,0.0,0.0,0,0,0,0.019913911819458008,0.0,0.0,0.0,True,feasible,baseline_truck_only,431331.47957675403,185.12011194000792,,,,0.0,True,feasible_only,0.0,431331.47957675403,True,431331.47957675403,,,
S0029_R10,2902036,nils,S0029,n50_p0.25_d2_clustered_Emedium_V2.00_Hshort_PWstrict_B0.05,50,0.24,0.25,2,3,medium,2.0,clustered,short,strict,0.05,200.0,40.0,1.0,peripheral,36947.1288223319,124.88384146404,17.437468132188485,0.0,36804.80751273567,36804.80751273567,184.02403756367835,0.0,0.0,184.02403756367835,36804.80751273567,0.0,0.0,0.0,140.99731893064518,156.10480183005004,58.124893773961645,38,12,0.24,1,1,12.0,12.0,0.0,0.0,0.0,0.0,0,0.7833048960345289,0.7833048960345289,0,0,0,3.4517602920532227,25.0,19.0,174.0,True,feasible,nils_complete,431331.47957675403,185.12011194000792,,91.43416825069515,,15.673775153809817,True,feasible_only,0.0,36947.1288223319,True,431331.47957675403,,91.43416825069515,
S0030_R01,3002027,truck_only,S0030,n50_p0.25_d1_uniform_Emedium_V2.00_Hmedium_PWmoderate_B0.05,50,0.24,0.25,1,3,medium,2.0,uniform,medium,moderate,0.05,20.0,5.0,1.0,peripheral,17564.741074908576,391.1885653008678,0.0,0.0,17173.552509607707,17173.552509607707,646.5618533727065,834.8586078624346,68.02240284139648,1549.4428640765377,12931.23706745413,4174.293039312173,68.02240284139648,0.0,319.734851791129,488.98570662608483,0.0,50,0,0.0,0,0,0.0,0.0,0.0,0.0,0.0,0.0,0,0.0,0.0,0,0,0,0.019338607788085938,0.0,0.0,0.0,True,feasible,baseline_truck_only,17564.741074908576,488.98570662608483,,,,0.0,True,feasible_only,0.0,17564.741074908576,True,17564.741074908576,,,
S0030_R01,3002027,nils,S0030,n50_p0.25_d1_uniform_Emedium_V2.00_Hmedium_PWmoderate_B0.05,50,0.24,0.25,1,3,medium,2.0,uniform,medium,moderate,0.05,20.0,5.0,1.0,peripheral,2915.2822901396585,242.19038025182715,19.766887538627984,0.0,2653.325022349203,2653.325022349203,122.11497011001055,42.20512402979848,0.0,164.32009413980904,2442.299402200211,211.0256201489924,0.0,0.0,226.90801717452933,302.73797531478397,65.88962512875995,44,6,0.12,1,1,6.0,6.0,0.0,0.0,0.0,0.0,0,0.9067529978165555,0.9067529978165555,1,129,129,0.9855079650878906,25.0,7.0,45.0,True,feasible,nils_complete,17564.741074908576,488.98570662608483,,83.40264580213956,,38.08858393763233,True,feasible_only,0.0,2915.2822901396585,True,17564.741074908576,,83.40264580213956,
S0030_R02,3002028,truck_only,S0030,n50_p0.25_d1_uniform_Emedium_V2.00_Hmedium_PWmoderate_B0.05,50,0.24,0.25,1,3,medium,2.0,uniform,medium,moderate,0.05,20.0,5.0,1.0,peripheral,22434.40655445104,384.8256996596515,0.0,0.0,22049.58085479139,22049.58085479139,712.749326039029,1449.2835585276084,548.176541372771,2710.209425939408,14254.986520780581,7246.417792638042,548.176541372771,0.0,432.24572565275633,481.03212457456425,0.0,50,0,0.0,0,0,0.0,0.0,0.0,0.0,0.0,0.0,0,0.0,0.0,0,0,0,0.018943309783935547,0.0,0.0,0.0,True,feasible,baseline_truck_only,22434.40655445104,481.03212457456425,,,,0.0,True,feasible_only,0.0,22434.40655445104,True,22434.40655445104,,,
S0030_R02,3002028,nils,S0030,n50_p0.25_d1_uniform_Emedium_V2.00_Hmedium_PWmoderate_B0.05,50,0.24,0.25,1,3,medium,2.0,uniform,medium,moderate,0.05,20.0,5.0,1.0,peripheral,5200.1331263566635,224.99379240537883,15.350461690747707,0.0,4959.788872260537,4959.788872260537,229.71515021304805,73.09717359991508,0.0,302.81232381296314,4594.303004260961,365.4858679995754,0.0,0.0,186.75914579584472,281.24224050672353,51.16820563582569,42,8,0.16,1,1,8.0,8.0,0.0,0.0,0.0,0.0,0,0.7173591129323301,0.7173591129323301,0,76,76,0.9320518970489502,25.0,9.0,61.0,True,feasible,nils_complete,22434.40655445104,481.03212457456425,,76.82072350015007,,41.53358452817251,True,feasible_only,0.0,5200.1331263566635,True,22434.40655445104,,76.82072350015007,
S0030_R03,3002029,truck_only,S0030,n50_p0.25_d1_uniform_Emedium_V2.00_Hmedium_PWmoderate_B0.05,50,0.24,0.25,1,3,medium,2.0,uniform,medium,moderate,0.05,20.0,5.0,1.0,peripheral,19624.825351144314,360.09661203550553,0.0,0.0,19264.72873910881,19264.72873910881,769.628387741588,708.5579681447475,329.3711435533139,1807.5574994396495,15392.56775483176,3542.7898407237376,329.3711435533139,0.0,407.87276386369837,450.12076504438176,0.0,50,0,0.0,0,0,0.0,0.0,0.0,0.0,0.0,0.0,0,0.0,0.0,0,0,0,0.018748760223388672,0.0,0.0,0.0,True,feasible,baseline_truck_only,19624.825351144314,450.12076504438176,,,,0.0,True,feasible_only,0.0,19624.825351144314,True,19624.825351144314,,,
S0030_R03,3002029,nils,S0030,n50_p0.25_d1_uniform_Emedium_V2.00_Hmedium_PWmoderate_B0.05,50,0.24,0.25,1,3,medium,2.0,uniform,medium,moderate,0.05,20.0,5.0,1.0,peripheral,1578.0630071408232,217.9634526293646,20.407847766980215,0.0,1339.6917067444783,1339.6917067444783,55.726605791526495,45.03191818278971,0.0,100.7585239743162,1114.5321158305298,225.15959091394853,0.0,0.0,206.20101519909727,272.45431578670576,68.02615922326738,45,5,0.1,1,1,5.0,5.0,0.0,0.0,0.0,0.0,0,0.9354795695971776,0.9354795695971776,1,142,142,0.926720380783081,25.0,7.0,50.0,True,feasible,nils_complete,19624.825351144314,450.12076504438176,,91.95884305258897,,39.470840506582306,True,feasible_only,0.0,1578.0630071408232,True,19624.825351144314,,91.95884305258897,
S0030_R04,3002030,truck_only,S0030,n50_p0.25_d1_uniform_Emedium_V2.00_Hmedium_PWmoderate_B0.05,50,0.24,0.25,1,3,medium,2.0,uniform,medium,moderate,0.05,20.0,5.0,1.0,peripheral,21844.81786020048,365.6967601981279,0.0,0.0,21479.121100002354,21479.121100002354,736.1525355383008,1297.7172163322198,267.48430757524295,2301.3540594457636,14723.050710766016,6488.586081661098,267.48430757524295,0.0,387.99414241638124,457.1209502476598,0.0,50,0,0.0,0,0,0.0,0.0,0.0,0.0,0.0,0.0,0,0.0,0.0,0,0,0,0.028521060943603516,0.0,0.0,0.0,True,feasible,baseline_truck_only,21844.81786020048,457.1209502476598,,,,0.0,True,feasible_only,0.0,21844.81786020048,True,21844.81786020048,,,
S0030_R04,3002030,nils,S0030,n50_p0.25_d1_uniform_Emedium_V2.00_Hmedium_PWmoderate_B0.05,50,0.24,0.25,1,3,medium,2.0,uniform,medium,moderate,0.05,20.0,5.0,1.0,peripheral,4023.2760982776394,219.09030926729088,20.916868616923473,0.0,3783.268920393425,3783.268920393425,188.81575176362273,1.3907770241941364,0.0,190.20652878781686,3776.3150352724547,6.953885120970682,0.0,0.0,189.22931970562928,273.86288658411354,69.7228953897449,44,6,0.12,1,1,6.0,6.0,0.0,0.0,0.0,0.0,0,0.93484196150987,0.93484196150987,1,102,102,0.9851036071777344,23.0,6.0,60.0,True,feasible,nils_complete,21844.81786020048,457.1209502476598,,81.5824690138171,,40.08962257456377,True,feasible_only,0.0,4023.2760982776394,True,21844.81786020048,,81.5824690138171,
S0030_R05,3002031,truck_only,S0030,n50_p0.25_d1_uniform_Emedium_V2.00_Hmedium_PWmoderate_B0.05,50,0.24,0.25,1,3,medium,2.0,uniform,medium,moderate,0.05,20.0,5.0,1.0,peripheral,26099.340721722227,353.5854487817827,0.0,0.0,25745.755272940445,25745.755272940445,955.6667391995255,1281.085409544064,226.99344122961585,2463.7455899732054,19113.33478399051,6405.427047720321,226.99344122961585,0.0,418.99687079456214,441.9818109772283,0.0,50,0,0.0,0,0,0.0,0.0,0.0,0.0,0.0,0.0,0,0.0,0.0,0,0,0,0.017930984497070312,0.0,0.0,0.0,True,feasible,baseline_truck_only,26099.340721722227,441.9818109772283,,,,0.0,True,feasible_only,0.0,26099.340721722227,True,26099.340721722227,,,
S0030_R05,3002031,nils,S0030,n50_p0.25_d1_uniform_Emedium_V2.00_Hmedium_PWmoderate_B0.05,50,0.24,0.25,1,3,medium,2.0,uniform,medium,moderate,0.05,20.0,5.0,1.0,peripheral,3348.777016292389,208.76773671430453,20.96335397373874,0.0,3119.0459256043455,3119.0459256043455,128.52550593304764,109.70716138867859,0.0,238.23266732172624,2570.5101186609527,548.5358069433929,0.0,0.0,216.1955979924605,260.95967089288064,69.87784657912914,44,6,0.12,1,1,6.0,6.0,0.0,0.0,0.0,0.0,0,0.9427153333917336,0.9427153333917336,1,74,74,0.8846330642700195,18.0,6.0,58.0,True,feasible,nils_complete,26099.340721722227,441.9818109772283,,87.16911261476719,,40.95692075746399,True,feasible_only,0.0,3348.777016292389,True,26099.340721722227,,87.16911261476719,
S0030_R06,3002032,truck_only,S0030,n50_p0.25_d1_uniform_Emedium_V2.00_Hmedium_PWmoderate_B0.05,50,0.24,0.25,1,3,medium,2.0,uniform,medium,moderate,0.05,20.0,5.0,1.0,peripheral,28474.19757384573,386.5823057202304,0.0,0.0,28087.6152681255,28087.6152681255,1114.5569882991952,1022.3588157828084,684.6814232275545,2821.597227309558,22291.139765983902,5111.794078914042,684.6814232275545,0.0,440.35365483676566,483.22788215028777,0.0,50,0,0.0,0,0,0.0,0.0,0.0,0.0,0.0,0.0,0,0.0,0.0,0,0,0,0.022848844528198242,0.0,0.0,0.0,True,feasible,baseline_truck_only,28474.19757384573,483.22788215028777,,,,0.0,True,feasible_only,0.0,28474.19757384573,True,28474.19757384573,,,
S0030_R06,3002032,nils,S0030,n50_p0.25_d1_uniform_Emedium_V2.00_Hmedium_PWmoderate_B0.05,50,0.24,0.25,1,3,medium,2.0,uniform,medium,moderate,0.05,20.0,5.0,1.0,peripheral,5003.462250223119,224.8508176738004,18.62481680594045,0.0,4759.986615743378,4759.986615743378,231.88863950001675,24.44276514860843,0.0,256.33140464862515,4637.772790000335,122.21382574304215,0.0,0.0,196.47488653448312,281.06352209225054,62.082722686468166,43,7,0.14,1,1,7.0,7.0,0.0,0.0,0.0,0.0,0,0.8521765318585395,0.8521765318585395,0,75,75,0.9948318004608154,20.0,8.0,57.0,True,feasible,nils_complete,28474.19757384573,483.22788215028777,,82.42808339990265,,41.83623659264812,True,feasible_only,0.0,5003.462250223119,True,28474.19757384573,,82.42808339990265,
S0030_R07,3002033,truck_only,S0030,n50_p0.25_d1_uniform_Emedium_V2.00_Hmedium_PWmoderate_B0.05,50,0.24,0.25,1,3,medium,2.0,uniform,medium,moderate,0.05,20.0,5.0,1.0,peripheral,19281.593173874815,369.7566385788192,0.0,0.0,18911.836535295995,18911.836535295995,753.9986157345164,711.5975866768207,273.8762872215637,1739.4724896329008,15079.972314690329,3557.9879333841036,273.8762872215637,0.0,393.7400127450482,462.19579822352415,0.0,50,0,0.0,0,0,0.0,0.0,0.0,0.0,0.0,0.0,0,0.0,0.0,0,0,0,0.01875472068786621,0.0,0.0,0.0,True,feasible,baseline_truck_only,19281.593173874815,462.19579822352415,,,,0.0,True,feasible_only,0.0,19281.593173874815,True,19281.593173874815,,,
S0030_R07,3002033,nils,S0030,n50_p0.25_d1_uniform_Emedium_V2.00_Hmedium_PWmoderate_B0.05,50,0.24,0.25,1,3,medium,2.0,uniform,medium,moderate,0.05,20.0,5.0,1.0,peripheral,3438.5591192403067,218.04177017407432,20.64752775812825,0.0,3199.8698213081043,3199.8698213081043,151.980061185384,32.05371952008498,0.0,184.03378070546898,3039.6012237076798,160.26859760042493,0.0,0.0,180.1783778819082,272.55221271759285,68.82509252709417,45,5,0.1,1,1,5.0,5.0,0.0,0.0,0.0,0.0,0,0.9331924958233334,0.9331924958233334,1,135,135,1.0508849620819092,25.0,8.0,57.0,True,feasible,nils_complete,19281.593173874815,462.19579822352415,,82.16662343078937,,41.031005957829386,True,feasible_only,0.0,3438.5591192403067,True,19281.593173874815,,82.16662343078937,
S0030_R08,3002034,truck_only,S0030,n50_p0.25_d1_uniform_Emedium_V2.00_Hmedium_PWmoderate_B0.05,50,0.24,0.25,1,3,medium,2.0,uniform,medium,moderate,0.05,20.0,5.0,1.0,peripheral,29007.19676914851,349.0414459128231,0.0,0.0,28658.15532323569,28658.15532323569,1226.646470305752,718.6712234798695,531.8697997213011,2477.1874935069227,24532.92940611504,3593.3561173993476,531.8697997213011,0.0,416.56538893404104,436.3018073910292,0.0,50,0,0.0,0,0,0.0,0.0,0.0,0.0,0.0,0.0,0,0.0,0.0,0,0,0,0.019230365753173828,0.0,0.0,0.0,True,feasible,baseline_truck_only,29007.19676914851,436.3018073910292,,,,0.0,True,feasible_only,0.0,29007.19676914851,True,29007.19676914851,,,
S0030_R08,3002034,nils,S0030,n50_p0.25_d1_uniform_Emedium_V2.00_Hmedium_PWmoderate_B0.05,50,0.24,0.25,1,3,medium,2.0,uniform,medium,moderate,0.05,20.0,5.0,1.0,peripheral,5115.079093684363,206.6985068716575,13.657452809811684,0.0,4894.723134002894,4894.723134002894,218.13408473660667,106.40828785415198,0.0,324.54237259075865,4362.681694732133,532.0414392707598,0.0,0.0,235.18877863795842,258.3731335895719,45.52484269937228,48,2,0.04,1,1,2.0,2.0,0.0,0.0,0.0,0.0,0,0.574422643546741,0.574422643546741,0,162,162,1.0117692947387695,25.0,2.0,49.0,True,feasible,nils_complete,29007.19676914851,436.3018073910292,,82.36617231788264,,40.78109941038848,True,feasible_only,0.0,5115.079093684363,True,29007.19676914851,,82.36617231788264,
S0030_R09,3002035,truck_only,S0030,n50_p0.25_d1_uniform_Emedium_V2.00_Hmedium_PWmoderate_B0.05,50,0.24,0.25,1,3,medium,2.0,uniform,medium,moderate,0.05,20.0,5.0,1.0,peripheral,16210.744068088658,376.5782608003983,0.0,0.0,15834.16580728826,15834.16580728826,590.7647561846345,752.2719304301029,257.5110314450542,1600.5477180597916,11815.29512369269,3761.359652150514,257.5110314450542,0.0,390.00129830150973,470.7228260004978,0.0,50,0,0.0,0,0,0.0,0.0,0.0,0.0,0.0,0.0,0,0.0,0.0,0,0,0,0.017600297927856445,0.0,0.0,0.0,True,feasible,baseline_truck_only,16210.744068088658,470.7228260004978,,,,0.0,True,feasible_only,0.0,16210.744068088658,True,16210.744068088658,,,
S0030_R09,3002035,nils,S0030,n50_p0.25_d1_uniform_Emedium_V2.00_Hmedium_PWmoderate_B0.05,50,0.24,0.25,1,3,medium,2.0,uniform,medium,moderate,0.05,20.0,5.0,1.0,peripheral,1999.834959037645,226.43218037664417,20.596836730932484,0.0,1752.8059419300682,1752.8059419300682,85.02065596961936,10.478564507536234,0.0,95.49922047715559,1700.4131193923872,52.39282253768117,0.0,0.0,204.6652279847423,283.0402254708052,68.65612243644162,44,6,0.12,1,1,6.0,6.0,0.0,0.0,0.0,0.0,0,0.9421771849403261,0.9421771849403261,1,111,111,0.8865740299224854,24.0,7.0,57.0,True,feasible,nils_complete,16210.744068088658,470.7228260004978,,87.66352148526987,,39.87114925450718,True,feasible_only,0.0,1999.834959037645,True,16210.744068088658,,87.66352148526987,
S0030_R10,3002036,truck_only,S0030,n50_p0.25_d1_uniform_Emedium_V2.00_Hmedium_PWmoderate_B0.05,50,0.24,0.25,1,3,medium,2.0,uniform,medium,moderate,0.05,20.0,5.0,1.0,peripheral,31498.183729307624,383.27785900061104,0.0,0.0,31114.90587030701,31114.90587030701,1382.6531296973776,631.6192015926524,303.7472683961906,2318.0195996862208,27653.06259394755,3158.0960079632623,303.7472683961906,0.0,410.5389776459264,479.0973237507639,0.0,50,0,0.0,0,0,0.0,0.0,0.0,0.0,0.0,0.0,0,0.0,0.0,0,0,0,0.017566204071044922,0.0,0.0,0.0,True,feasible,baseline_truck_only,31498.183729307624,479.0973237507639,,,,0.0,True,feasible_only,0.0,31498.183729307624,True,31498.183729307624,,,
S0030_R10,3002036,nils,S0030,n50_p0.25_d1_uniform_Emedium_V2.00_Hmedium_PWmoderate_B0.05,50,0.24,0.25,1,3,medium,2.0,uniform,medium,moderate,0.05,20.0,5.0,1.0,peripheral,7418.19908943702,222.2189709055762,21.052267049272817,0.0,7174.927851482171,7174.927851482171,349.94557285178445,35.20327888929644,0.0,385.1488517410809,6998.911457035689,176.0163944464822,0.0,0.0,213.4467849949691,277.7737136319703,70.17422349757607,45,5,0.1,1,1,5.0,5.0,0.0,0.0,0.0,0.0,0,0.9210856791025174,0.9210856791025174,1,120,120,0.7809369564056396,22.0,5.0,49.0,True,feasible,nils_complete,31498.183729307624,479.0973237507639,,76.44880367329014,,42.02144327224968,True,feasible_only,0.0,7418.19908943702,True,31498.183729307624,,76.44880367329014,
S0031_R01,3102027,truck_only,S0031,n50_p0.25_d1_uniform_Ehigh_V1.25_Hlong_PWstrict_B0.05,50,0.24,0.25,1,3,high,1.25,uniform,long,strict,0.05,200.0,40.0,1.0,peripheral,349160.3434198158,376.7001043934346,0.0,0.0,348783.6433154224,348783.6433154224,1481.4953791468988,1306.880191967833,209.3598073293253,2997.735378444057,296299.0758293798,52275.20767871333,209.3598073293253,0.0,430.4397689935528,470.87513049179313,0.0,50,0,0.0,0,0,0.0,0.0,0.0,0.0,0.0,0.0,0,0.0,0.0,0,0,0,0.02142953872680664,0.0,0.0,0.0,True,feasible,baseline_truck_only,349160.3434198158,470.87513049179313,,,,0.0,True,feasible_only,0.0,349160.3434198158,True,349160.3434198158,,,
S0031_R01,3102027,nils,S0031,n50_p0.25_d1_uniform_Ehigh_V1.25_Hlong_PWstrict_B0.05,50,0.24,0.25,1,3,high,1.25,uniform,long,strict,0.05,200.0,40.0,1.0,peripheral,72385.34417210874,201.56777009203523,16.674007704080605,0.0,72167.10239431263,72167.10239431263,350.52728679001507,51.54112590774042,0.0,402.0684126977555,70105.45735800301,2061.645036309617,0.0,0.0,224.1024246963094,251.9597126150441,55.580025680268676,46,4,0.08,1,1,4.0,4.0,0.0,0.0,0.0,0.0,0,0.9072267711959395,0.9072267711959395,1,175,175,0.911595344543457,25.0,4.0,36.0,True,feasible,nils_complete,349160.3434198158,470.87513049179313,,79.26873840736386,,46.49118284248917,True,feasible_only,0.0,72385.34417210874,True,349160.3434198158,,79.26873840736386,
S0031_R02,3102028,truck_only,S0031,n50_p0.25_d1_uniform_Ehigh_V1.25_Hlong_PWstrict_B0.05,50,0.24,0.25,1,3,high,1.25,uniform,long,strict,0.05,200.0,40.0,1.0,peripheral,320454.67580246093,378.11109455997837,0.0,0.0,320076.564707901,320076.564707901,1480.2137771047685,588.7895213766058,482.2284318830592,2551.2317303644336,296042.7554209537,23551.580855064232,482.2284318830592,0.0,438.90565167283864,472.63886819997293,0.0,50,0,0.0,0,0,0.0,0.0,0.0,0.0,0.0,0.0,0,0.0,0.0,0,0,0,0.028779268264770508,0.0,0.0,0.0,True,feasible,baseline_truck_only,320454.67580246093,472.63886819997293,,,,0.0,True,feasible_only,0.0,320454.67580246093,True,320454.67580246093,,,
S0031_R02,3102028,nils,S0031,n50_p0.25_d1_uniform_Ehigh_V1.25_Hlong_PWstrict_B0.05,50,0.24,0.25,1,3,high,1.25,uniform,long,strict,0.05,200.0,40.0,1.0,peripheral,100956.8843810577,221.62866126989584,15.117315642354338,0.0,100720.13840414544,100720.13840414544,492.0455178239252,57.775870984010496,0.0,549.8213888079357,98409.10356478504,2311.03483936042,0.0,0.0,220.86023061094,277.0358265873698,50.39105214118113,47,3,0.06,1,1,3.0,3.0,0.0,0.0,0.0,0.0,0,0.8458883952902875,0.8458883952902875,0,69,69,0.7044434547424316,11.0,3.0,36.0,True,feasible,nils_complete,320454.67580246093,472.63886819997293,,68.49573683758919,,41.385305943531435,True,feasible_only,0.0,100956.8843810577,True,320454.67580246093,,68.49573683758919,
S0031_R03,3102029,truck_only,S0031,n50_p0.25_d1_uniform_Ehigh_V1.25_Hlong_PWstrict_B0.05,50,0.24,0.25,1,3,high,1.25,uniform,long,strict,0.05,200.0,40.0,1.0,peripheral,210896.8655108872,321.7608377616534,0.0,0.0,210575.10467312555,210575.10467312555,959.2951128080723,466.6830413543564,48.760457336848845,1474.7386114992778,191859.02256161446,18667.32165417426,48.760457336848845,0.0,353.7475318750827,402.2010472020668,0.0,50,0,0.0,0,0,0.0,0.0,0.0,0.0,0.0,0.0,0,0.0,0.0,0,0,0,0.02233743667602539,0.0,0.0,0.0,True,feasible,baseline_truck_only,210896.8655108872,402.2010472020668,,,,0.0,True,feasible_only,0.0,210896.8655108872,True,210896.8655108872,,,
S0031_R03,3102029,nils,S0031,n50_p0.25_d1_uniform_Ehigh_V1.25_Hlong_PWstrict_B0.05,50,0.24,0.25,1,3,high,1.25,uniform,long,strict,0.05,200.0,40.0,1.0,peripheral,102359.36349211037,230.30594334551398,16.191303869882336,0.0,102112.86624489498,102112.86624489498,496.78442637182945,68.89952426322729,0.0,565.6839506350567,99356.8852743659,2755.980970529092,0.0,0.0,227.97682430344688,287.88242918189246,53.9710128996078,45,5,0.1,1,1,5.0,5.0,0.0,0.0,0.0,0.0,0,0.9260421792688559,0.9260421792688559,1,149,149,0.9260189533233643,25.0,6.0,43.0,True,feasible,nils_complete,210896.8655108872,402.2010472020668,,51.464729812768965,,28.42325220569114,True,feasible_only,0.0,102359.36349211037,True,210896.8655108872,,51.464729812768965,
S0031_R04,3102030,truck_only,S0031,n50_p0.25_d1_uniform_Ehigh_V1.25_Hlong_PWstrict_B0.05,50,0.24,0.25,1,3,high,1.25,uniform,long,strict,0.05,200.0,40.0,1.0,peripheral,263286.30494236696,368.32892867730817,0.0,0.0,262917.97601368965,262917.97601368965,1257.1828278859173,283.06568598782576,158.78299699315346,1699.0315108668965,251436.56557718344,11322.627439513031,158.78299699315346,0.0,387.4617640104736,460.41116084663514,0.0,50,0,0.0,0,0,0.0,0.0,0.0,0.0,0.0,0.0,0,0.0,0.0,0,0,0,0.01798868179321289,0.0,0.0,0.0,True,feasible,baseline_truck_only,263286.30494236696,460.41116084663514,,,,0.0,True,feasible_only,0.0,263286.30494236696,True,263286.30494236696,,,
S0031_R04,3102030,nils,S0031,n50_p0.25_d1_uniform_Ehigh_V1.25_Hlong_PWstrict_B0.05,50,0.24,0.25,1,3,high,1.25,uniform,long,strict,0.05,200.0,40.0,1.0,peripheral,67479.44704755639,214.54436178207862,16.6513325982311,0.0,67248.25135317608,67248.25135317608,325.95913736582116,51.410597000296335,0.0,377.3697343661175,65191.82747316423,2056.4238800118533,0.0,0.0,224.92963563292346,268.1804522275982,55.50444199410366,44,6,0.12,1,1,6.0,6.0,0.0,0.0,0.0,0.0,0,0.9436776466670058,0.9436776466670058,1,131,131,1.0790865421295166,24.0,7.0,37.0,True,feasible,nils_complete,263286.30494236696,460.41116084663514,,74.37031635111914,,41.75196540968948,True,feasible_only,0.0,67479.44704755639,True,263286.30494236696,,74.37031635111914,
S0031_R05,3102031,truck_only,S0031,n50_p0.25_d1_uniform_Ehigh_V1.25_Hlong_PWstrict_B0.05,50,0.24,0.25,1,3,high,1.25,uniform,long,strict,0.05,200.0,40.0,1.0,peripheral,322639.51065056387,373.54924642698967,0.0,0.0,322265.9614041369,322265.9614041369,1530.4485945910722,399.3312517689579,202.9924151641186,2132.7722615241487,306089.71891821444,15973.250070758315,202.9924151641186,0.0,353.6676865002877,466.93655803373713,0.0,50,0,0.0,0,0,0.0,0.0,0.0,0.0,0.0,0.0,0,0.0,0.0,0,0,0,0.017827749252319336,0.0,0.0,0.0,True,feasible,baseline_truck_only,322639.51065056387,466.93655803373713,,,,0.0,True,feasible_only,0.0,322639.51065056387,True,322639.51065056387,,,
S0031_R05,3102031,nils,S0031,n50_p0.25_d1_uniform_Ehigh_V1.25_Hlong_PWstrict_B0.05,50,0.24,0.25,1,3,high,1.25,uniform,long,strict,0.05,200.0,40.0,1.0,peripheral,49290.29213686212,233.03181108368443,16.264892633302615,0.0,49040.99543314513,49040.99543314513,227.53668070803863,88.34148228843507,0.0,315.8781629964737,45507.336141607724,3533.659291537403,0.0,0.0,211.6617604981019,291.28976385460555,54.21630877767539,45,5,0.1,1,1,5.0,5.0,0.0,0.0,0.0,0.0,0,0.9312859462866776,0.9312859462866776,1,148,148,0.9942800998687744,25.0,7.0,44.0,True,feasible,nils_complete,322639.51065056387,466.93655803373713,,84.72279726761482,,37.616843478432614,True,feasible_only,0.0,49290.29213686212,True,322639.51065056387,,84.72279726761482,
S0031_R06,3102032,truck_only,S0031,n50_p0.25_d1_uniform_Ehigh_V1.25_Hlong_PWstrict_B0.05,50,0.24,0.25,1,3,high,1.25,uniform,long,strict,0.05,200.0,40.0,1.0,peripheral,134777.96165165232,343.7150074779951,0.0,0.0,134434.24664417433,134434.24664417433,553.848535377031,589.7382406485827,75.0099428248065,1218.5967188504203,110769.7070754062,23589.52962594331,75.0099428248065,0.0,355.0991876624263,429.6437593474938,0.0,50,0,0.0,0,0,0.0,0.0,0.0,0.0,0.0,0.0,0,0.0,0.0,0,0,0,0.020311355590820312,0.0,0.0,0.0,True,feasible,baseline_truck_only,134777.96165165232,429.6437593474938,,,,0.0,True,feasible_only,0.0,134777.96165165232,True,134777.96165165232,,,
S0031_R06,3102032,nils,S0031,n50_p0.25_d1_uniform_Ehigh_V1.25_Hlong_PWstrict_B0.05,50,0.24,0.25,1,3,high,1.25,uniform,long,strict,0.05,200.0,40.0,1.0,peripheral,46580.65445353315,248.00610336669564,15.805599353181497,0.0,46316.84275081327,46316.84275081327,225.6564680899474,29.638728320594737,0.0,255.29519641054213,45131.29361798948,1185.5491328237895,0.0,0.0,197.94522528566705,310.0076292083696,52.68533117727166,46,4,0.08,1,1,4.0,4.0,0.0,0.0,0.0,0.0,0,0.8583191705526606,0.8583191705526606,0,174,174,0.9414222240447998,25.0,6.0,36.0,True,feasible,nils_complete,134777.96165165232,429.6437593474938,,65.4389680013668,,27.84542485169977,True,feasible_only,0.0,46580.65445353315,True,134777.96165165232,,65.4389680013668,
S0031_R07,3102033,truck_only,S0031,n50_p0.25_d1_uniform_Ehigh_V1.25_Hlong_PWstrict_B0.05,50,0.24,0.25,1,3,high,1.25,uniform,long,strict,0.05,200.0,40.0,1.0,peripheral,268243.66615364543,410.4035527119951,0.0,0.0,267833.26260093343,267833.26260093343,1021.8552328592182,1566.4188401582537,805.4624227596273,3393.736495777099,204371.04657184365,62656.75360633015,805.4624227596273,0.0,498.6219129187517,513.0044408899938,0.0,50,0,0.0,0,0,0.0,0.0,0.0,0.0,0.0,0.0,0,0.0,0.0,0,0,0,0.023532629013061523,0.0,0.0,0.0,False,infeasible,baseline_truck_only,268243.66615364543,513.0044408899938,,,,0.0,False,feasible_only,0.0,,False,,,,
S0031_R07,3102033,nils,S0031,n50_p0.25_d1_uniform_Ehigh_V1.25_Hlong_PWstrict_B0.05,50,0.24,0.25,1,3,high,1.25,uniform,long,strict,0.05,200.0,40.0,1.0,peripheral,19188.296680368265,212.0494595033849,16.9152463669693,0.0,18959.33197449791,18959.33197449791,89.37923399130142,27.087129405940644,0.0,116.46636339724206,17875.846798260285,1083.4851762376256,0.0,0.0,185.32461978302558,265.0618243792312,56.38415455656432,46,4,0.08,1,1,4.0,4.0,0.0,0.0,0.0,0.0,0,0.9396600554640282,0.9396600554640282,1,169,169,1.010483980178833,25.0,7.0,38.0,True,feasible,nils_complete,268243.66615364543,513.0044408899938,,92.8466916085998,,48.33147566532084,True,feasible_only,0.0,19188.296680368265,True,,,,
S0031_R08,3102034,truck_only,S0031,n50_p0.25_d1_uniform_Ehigh_V1.25_Hlong_PWstrict_B0.05,50,0.24,0.25,1,3,high,1.25,uniform,long,strict,0.05,200.0,40.0,1.0,peripheral,134254.55915602215,378.7339651776879,0.0,0.0,133875.82519084445,133875.82519084445,412.91790618014204,1269.3014838596814,520.1846004287713,2202.4039904685947,82583.5812360284,50772.05935438725,520.1846004287713,0.0,446.5144615072299,473.41745647210985,0.0,50,0,0.0,0,0,0.0,0.0,0.0,0.0,0.0,0.0,0,0.0,0.0,0,0,0,0.018517494201660156,0.0,0.0,0.0,True,feasible,baseline_truck_only,134254.55915602215,473.41745647210985,,,,0.0,True,feasible_only,0.0,134254.55915602215,True,134254.55915602215,,,
S0031_R08,3102034,nils,S0031,n50_p0.25_d1_uniform_Ehigh_V1.25_Hlong_PWstrict_B0.05,50,0.24,0.25,1,3,high,1.25,uniform,long,strict,0.05,200.0,40.0,1.0,peripheral,5938.519699904667,221.24593035641288,16.35129036745516,0.0,5700.922479180798,5700.922479180798,13.197788520568338,76.53411937667826,0.0,89.7319078972466,2639.5577041136676,3061.3647750671307,0.0,0.0,209.56630878871212,276.55741294551603,54.504301224850536,46,4,0.08,1,1,4.0,4.0,0.0,0.0,0.0,0.0,0,0.9323220490554989,0.9323220490554989,1,178,178,0.9476335048675537,25.0,5.0,33.0,True,feasible,nils_complete,134254.55915602215,473.41745647210985,,95.57667185588588,,41.58275974730376,True,feasible_only,0.0,5938.519699904667,True,134254.55915602215,,95.57667185588588,
S0031_R09,3102035,truck_only,S0031,n50_p0.25_d1_uniform_Ehigh_V1.25_Hlong_PWstrict_B0.05,50,0.24,0.25,1,3,high,1.25,uniform,long,strict,0.05,200.0,40.0,1.0,peripheral,204948.659285056,355.25697914678784,0.0,0.0,204593.4023059092,204593.4023059092,761.8104540373471,1295.3892846708343,415.7401116064501,2472.9398503146317,152362.09080746942,51815.57138683337,415.7401116064501,0.0,414.3528960630615,444.0712239334848,0.0,50,0,0.0,0,0,0.0,0.0,0.0,0.0,0.0,0.0,0,0.0,0.0,0,0,0,0.02027726173400879,0.0,0.0,0.0,True,feasible,baseline_truck_only,204948.659285056,444.0712239334848,,,,0.0,True,feasible_only,0.0,204948.659285056,True,204948.659285056,,,
S0031_R09,3102035,nils,S0031,n50_p0.25_d1_uniform_Ehigh_V1.25_Hlong_PWstrict_B0.05,50,0.24,0.25,1,3,high,1.25,uniform,long,strict,0.05,200.0,40.0,1.0,peripheral,44741.09758848695,203.6624180760364,16.315754824637775,0.0,44521.119415586276,44521.119415586276,207.52143761548112,75.42079731225138,0.0,282.9422349277325,41504.28752309622,3016.831892490055,0.0,0.0,214.19032415208673,254.5780225950455,54.385849415459255,45,5,0.1,1,1,5.0,5.0,0.0,0.0,0.0,0.0,0,0.9106335464913257,0.9106335464913257,1,67,67,0.656674861907959,14.0,5.0,48.0,True,feasible,nils_complete,204948.659285056,444.0712239334848,,78.16960708864258,,42.671803784075536,True,feasible_only,0.0,44741.09758848695,True,204948.659285056,,78.16960708864258,
S0031_R10,3102036,truck_only,S0031,n50_p0.25_d1_uniform_Ehigh_V1.25_Hlong_PWstrict_B0.05,50,0.24,0.25,1,3,high,1.25,uniform,long,strict,0.05,200.0,40.0,1.0,peripheral,73525.65932393815,336.54419026235905,0.0,0.0,73189.11513367579,73189.11513367579,319.411842738033,232.40409599193953,10.582746391605298,562.3986851215777,63882.368547606595,9296.163839677582,10.582746391605298,0.0,289.6775405492816,420.6802378279489,0.0,50,0,0.0,0,0,0.0,0.0,0.0,0.0,0.0,0.0,0,0.0,0.0,0,0,0,0.018805980682373047,0.0,0.0,0.0,True,feasible,baseline_truck_only,73525.65932393815,420.6802378279489,,,,0.0,True,feasible_only,0.0,73525.65932393815,True,73525.65932393815,,,
S0031_R10,3102036,nils,S0031,n50_p0.25_d1_uniform_Ehigh_V1.25_Hlong_PWstrict_B0.05,50,0.24,0.25,1,3,high,1.25,uniform,long,strict,0.05,200.0,40.0,1.0,peripheral,839.0736803456781,188.30960064305026,15.288860646447272,0.0,635.4752190561805,635.4752190561805,2.5606877022332952,3.0834419652380376,0.0,5.644129667471333,512.137540446659,123.3376786095215,0.0,0.0,184.80542233592297,235.3870008038129,50.9628688214909,46,4,0.08,1,1,4.0,4.0,0.0,0.0,0.0,0.0,0,0.8586716003244454,0.8586716003244454,0,174,174,0.7913432121276855,25.0,5.0,36.0,True,feasible,nils_complete,73525.65932393815,420.6802378279489,,98.85880155572778,,44.0460997124181,True,feasible_only,0.0,839.0736803456781,True,73525.65932393815,,98.85880155572778,
S0032_R01,3202027,truck_only,S0032,n50_p0.25_d1_clustered_Ehigh_V2.00_Hshort_PWflat_B0.05,50,0.24,0.25,1,3,high,2.0,clustered,short,flat,0.05,1.0,1.0,1.0,peripheral,3215.0347763066925,170.12104225625382,0.0,0.0,3044.9137340504385,3044.9137340504385,1240.8918955639786,856.913376908097,947.108461578362,3044.9137340504376,1240.8918955639786,856.913376908097,947.108461578362,0.0,414.39167360166323,212.6513028203172,0.0,50,0,0.0,0,0,0.0,0.0,0.0,0.0,0.0,0.0,0,0.0,0.0,0,0,0,0.017076730728149414,0.0,0.0,0.0,True,feasible,baseline_truck_only,3215.0347763066925,212.6513028203172,,,,0.0,True,feasible_only,0.0,3215.0347763066925,True,3215.0347763066925,,,
S0032_R01,3202027,nils,S0032,n50_p0.25_d1_clustered_Ehigh_V2.00_Hshort_PWflat_B0.05,50,0.24,0.25,1,3,high,2.0,clustered,short,flat,0.05,1.0,1.0,1.0,peripheral,319.2874310554101,136.04578310995828,17.760945154547628,0.0,165.48070279090416,165.48070279090416,165.48070279090416,0.0,0.0,165.48070279090416,165.48070279090416,0.0,0.0,0.0,152.27918889591174,170.05722888744782,59.203150515158754,38,12,0.24,1,1,12.0,12.0,0.0,0.0,0.0,0.0,0,0.6102747304097605,0.6102747304097605,0,0,0,2.79988694190979,25.0,19.0,87.0,True,feasible,nils_complete,3215.0347763066925,212.6513028203172,,90.06892760823584,,20.030008454196896,True,feasible_only,0.0,319.2874310554101,True,3215.0347763066925,,90.06892760823584,
S0032_R02,3202028,truck_only,S0032,n50_p0.25_d1_clustered_Ehigh_V2.00_Hshort_PWflat_B0.05,50,0.24,0.25,1,3,high,2.0,clustered,short,flat,0.05,1.0,1.0,1.0,peripheral,3353.378563864209,165.72697090686063,0.0,0.0,3187.6515929573484,3187.6515929573484,1380.7044073795344,1068.877015265215,738.0701703125992,3187.6515929573484,1380.7044073795344,1068.877015265215,738.0701703125992,0.0,401.2857694075202,207.15871363357567,0.0,50,0,0.0,0,0,0.0,0.0,0.0,0.0,0.0,0.0,0,0.0,0.0,0,0,0,0.026715993881225586,0.0,0.0,0.0,True,feasible,baseline_truck_only,3353.378563864209,207.15871363357567,,,,0.0,True,feasible_only,0.0,3353.378563864209,True,3353.378563864209,,,
S0032_R02,3202028,nils,S0032,n50_p0.25_d1_clustered_Ehigh_V2.00_Hshort_PWflat_B0.05,50,0.24,0.25,1,3,high,2.0,clustered,short,flat,0.05,1.0,1.0,1.0,peripheral,282.4955898226988,91.86461061933511,15.878924001361389,0.0,174.75205520200228,174.75205520200228,174.75205520200228,0.0,0.0,174.75205520200228,174.75205520200228,0.0,0.0,0.0,164.7765647701445,114.83076327416893,52.92974667120463,38,12,0.24,1,1,12.0,12.0,0.0,0.0,0.0,0.0,0,0.5422332006420919,0.5422332006420919,0,0,0,3.2236645221710205,25.0,12.0,87.0,True,feasible,nils_complete,3353.378563864209,207.15871363357567,,91.57579186355956,,44.56870229592047,True,feasible_only,0.0,282.4955898226988,True,3353.378563864209,,91.57579186355956,
S0032_R03,3202029,truck_only,S0032,n50_p0.25_d1_clustered_Ehigh_V2.00_Hshort_PWflat_B0.05,50,0.24,0.25,1,3,high,2.0,clustered,short,flat,0.05,1.0,1.0,1.0,peripheral,4760.262775974564,181.18135081743347,0.0,0.0,4579.08142515713,4579.08142515713,1944.957921007377,1971.7471451193967,662.3763590303558,4579.08142515713,1944.957921007377,1971.7471451193967,662.3763590303558,0.0,435.8698402074458,226.47668852179189,0.0,50,0,0.0,0,0,0.0,0.0,0.0,0.0,0.0,0.0,0,0.0,0.0,0,0,0,0.020232439041137695,0.0,0.0,0.0,True,feasible,baseline_truck_only,4760.262775974564,226.47668852179189,,,,0.0,True,feasible_only,0.0,4760.262775974564,True,4760.262775974564,,,
S0032_R03,3202029,nils,S0032,n50_p0.25_d1_clustered_Ehigh_V2.00_Hshort_PWflat_B0.05,50,0.24,0.25,1,3,high,2.0,clustered,short,flat,0.05,1.0,1.0,1.0,peripheral,360.85989907008,141.2194729339697,18.743161154771688,0.0,200.89726498133865,200.89726498133865,198.8280526536223,2.0692123277163574,0.0,200.89726498133865,198.8280526536223,2.0692123277163574,0.0,0.0,160.91297863489442,176.52434116746207,62.47720384923896,38,12,0.24,1,1,12.0,12.0,0.0,0.0,0.0,0.0,0,0.6469970432607594,0.6469970432607594,0,0,0,3.080052614212036,25.0,19.0,87.0,True,feasible,nils_complete,4760.262775974564,226.47668852179189,,92.4193281746678,,22.05628653455136,True,feasible_only,0.0,360.85989907008,True,4760.262775974564,,92.4193281746678,
S0032_R04,3202030,truck_only,S0032,n50_p0.25_d1_clustered_Ehigh_V2.00_Hshort_PWflat_B0.05,50,0.24,0.25,1,3,high,2.0,clustered,short,flat,0.05,1.0,1.0,1.0,peripheral,3541.320213168443,168.21063438088703,0.0,0.0,3373.109578787556,3373.109578787556,1153.783354249409,1708.0439311302694,511.2822934078772,3373.1095787875556,1153.783354249409,1708.0439311302694,511.2822934078772,0.0,408.6174828756041,210.2632929761088,0.0,50,0,0.0,0,0,0.0,0.0,0.0,0.0,0.0,0.0,0,0.0,0.0,0,0,0,0.018025636672973633,0.0,0.0,0.0,True,feasible,baseline_truck_only,3541.320213168443,210.2632929761088,,,,0.0,True,feasible_only,0.0,3541.320213168443,True,3541.320213168443,,,
S0032_R04,3202030,nils,S0032,n50_p0.25_d1_clustered_Ehigh_V2.00_Hshort_PWflat_B0.05,50,0.24,0.25,1,3,high,2.0,clustered,short,flat,0.05,1.0,1.0,1.0,peripheral,177.2254192826666,62.07931808508431,18.29589180057749,0.0,96.85020939700479,96.85020939700479,94.45902412135231,2.391185275652461,0.0,96.85020939700478,94.45902412135231,2.391185275652461,0.0,0.0,168.78075600027157,77.59914760635539,60.98630600192496,38,12,0.24,1,1,12.0,12.0,0.0,0.0,0.0,0.0,0,0.6225795014373734,0.6225795014373734,0,0,0,2.1650633811950684,22.0,12.0,87.0,True,feasible,nils_complete,3541.320213168443,210.2632929761088,,94.99549861027388,,63.09429643757524,True,feasible_only,0.0,177.2254192826666,True,3541.320213168443,,94.99549861027388,
S0032_R05,3202031,truck_only,S0032,n50_p0.25_d1_clustered_Ehigh_V2.00_Hshort_PWflat_B0.05,50,0.24,0.25,1,3,high,2.0,clustered,short,flat,0.05,1.0,1.0,1.0,peripheral,6882.904928853408,210.46900337884892,0.0,0.0,6672.435925474559,6672.435925474559,2132.210483291977,3738.747897332741,801.4775448498411,6672.43592547456,2132.210483291977,3738.747897332741,801.4775448498411,0.0,501.2414893274691,263.086254223561,0.0,50,0,0.0,0,0,0.0,0.0,0.0,0.0,0.0,0.0,0,0.0,0.0,0,0,0,0.01751399040222168,0.0,0.0,0.0,False,infeasible,baseline_truck_only,6882.904928853408,263.086254223561,,,,0.0,False,feasible_only,0.0,,False,,,,
S0032_R05,3202031,nils,S0032,n50_p0.25_d1_clustered_Ehigh_V2.00_Hshort_PWflat_B0.05,50,0.24,0.25,1,3,high,2.0,clustered,short,flat,0.05,1.0,1.0,1.0,peripheral,6882.904928853408,210.46900337884892,0.0,0.0,6672.435925474559,6672.435925474559,2132.210483291977,3738.747897332741,801.4775448498411,6672.43592547456,2132.210483291977,3738.747897332741,801.4775448498411,0.0,501.2414893274691,263.086254223561,0.0,50,0,0.0,0,0,0.0,0.0,0.0,0.0,0.0,0.0,0,0.0,0.0,0,0,0,0.6307830810546875,25.0,0.0,0.0,False,infeasible,nils_complete,6882.904928853408,263.086254223561,,0.0,,0.0,False,feasible_only,0.0,,False,,,,
S0032_R06,3202032,truck_only,S0032,n50_p0.25_d1_clustered_Ehigh_V2.00_Hshort_PWflat_B0.05,50,0.24,0.25,1,3,high,2.0,clustered,short,flat,0.05,1.0,1.0,1.0,peripheral,4668.266129338778,164.86766041223237,0.0,0.0,4503.398468926546,4503.398468926546,1338.446590288571,2819.1665327784817,345.7853458594942,4503.398468926547,1338.446590288571,2819.1665327784817,345.7853458594942,0.0,403.9930287676718,206.08457551529034,0.0,50,0,0.0,0,0,0.0,0.0,0.0,0.0,0.0,0.0,0,0.0,0.0,0,0,0,0.019364595413208008,0.0,0.0,0.0,True,feasible,baseline_truck_only,4668.266129338778,206.08457551529034,,,,0.0,True,feasible_only,0.0,4668.266129338778,True,4668.266129338778,,,
S0032_R06,3202032,nils,S0032,n50_p0.25_d1_clustered_Ehigh_V2.00_Hshort_PWflat_B0.05,50,0.24,0.25,1,3,high,2.0,clustered,short,flat,0.05,1.0,1.0,1.0,peripheral,229.90777600211302,131.26795212527134,16.79589225255606,0.0,81.84393162428563,81.84393162428563,81.84393162428563,0.0,0.0,81.84393162428563,81.84393162428563,0.0,0.0,0.0,140.59961673581608,164.08494015658914,55.98630750852021,38,12,0.24,1,1,12.0,12.0,0.0,0.0,0.0,0.0,0,0.5776828786380072,0.5776828786380072,0,0,0,3.145171642303467,25.0,18.0,87.0,True,feasible,nils_complete,4668.266129338778,206.08457551529034,,95.07509277251343,,20.37980535597389,True,feasible_only,0.0,229.90777600211302,True,4668.266129338778,,95.07509277251343,
S0032_R07,3202033,truck_only,S0032,n50_p0.25_d1_clustered_Ehigh_V2.00_Hshort_PWflat_B0.05,50,0.24,0.25,1,3,high,2.0,clustered,short,flat,0.05,1.0,1.0,1.0,peripheral,3716.347799403064,163.34249547217541,0.0,0.0,3553.0053039308887,3553.0053039308887,1353.5676318263152,1759.3134384906018,440.12423361397214,3553.005303930889,1353.5676318263152,1759.3134384906018,440.12423361397214,0.0,395.5363714210131,204.1781193402192,0.0,50,0,0.0,0,0,0.0,0.0,0.0,0.0,0.0,0.0,0,0.0,0.0,0,0,0,0.026296377182006836,0.0,0.0,0.0,True,feasible,baseline_truck_only,3716.347799403064,204.1781193402192,,,,0.0,True,feasible_only,0.0,3716.347799403064,True,3716.347799403064,,,
S0032_R07,3202033,nils,S0032,n50_p0.25_d1_clustered_Ehigh_V2.00_Hshort_PWflat_B0.05,50,0.24,0.25,1,3,high,2.0,clustered,short,flat,0.05,1.0,1.0,1.0,peripheral,261.5725925534963,65.6291148436307,14.748959342261319,0.0,181.19451836760425,181.19451836760425,160.1342601249281,21.06025824267614,0.0,181.19451836760425,160.1342601249281,21.06025824267614,0.0,0.0,175.87790455537166,82.03639355453838,49.163197807537735,38,12,0.24,1,1,12.0,12.0,0.0,0.0,0.0,0.0,0,0.5049002727153333,0.5049002727153333,0,0,0,3.486039161682129,25.0,12.0,87.0,True,feasible,nils_complete,3716.347799403064,204.1781193402192,,92.96156854330181,,59.821163100321115,True,feasible_only,0.0,261.5725925534963,True,3716.347799403064,,92.96156854330181,
S0032_R08,3202034,truck_only,S0032,n50_p0.25_d1_clustered_Ehigh_V2.00_Hshort_PWflat_B0.05,50,0.24,0.25,1,3,high,2.0,clustered,short,flat,0.05,1.0,1.0,1.0,peripheral,4119.215638651319,167.92359113269256,0.0,0.0,3951.292047518626,3951.292047518626,1600.9140652142773,1853.838264285782,496.53971801856676,3951.292047518626,1600.9140652142773,1853.838264285782,496.53971801856676,0.0,409.5853999471799,209.9044889158657,0.0,50,0,0.0,0,0,0.0,0.0,0.0,0.0,0.0,0.0,0,0.0,0.0,0,0,0,0.02077341079711914,0.0,0.0,0.0,True,feasible,baseline_truck_only,4119.215638651319,209.9044889158657,,,,0.0,True,feasible_only,0.0,4119.215638651319,True,4119.215638651319,,,
S0032_R08,3202034,nils,S0032,n50_p0.25_d1_clustered_Ehigh_V2.00_Hshort_PWflat_B0.05,50,0.24,0.25,1,3,high,2.0,clustered,short,flat,0.05,1.0,1.0,1.0,peripheral,256.5398860365064,65.28440291210828,17.442889811351833,0.0,173.81259331304628,173.81259331304628,155.68154784288737,18.13104547015891,0.0,173.81259331304628,155.68154784288737,18.13104547015891,0.0,0.0,177.09357134021263,81.60550364013534,58.14296603783944,38,12,0.24,1,1,12.0,12.0,0.0,0.0,0.0,0.0,0,0.5944287848897617,0.5944287848897617,0,0,0,2.452615976333618,22.0,12.0,87.0,True,feasible,nils_complete,4119.215638651319,209.9044889158657,,93.77211807924432,,61.12255432858103,True,feasible_only,0.0,256.5398860365064,True,4119.215638651319,,93.77211807924432,
S0032_R09,3202035,truck_only,S0032,n50_p0.25_d1_clustered_Ehigh_V2.00_Hshort_PWflat_B0.05,50,0.24,0.25,1,3,high,2.0,clustered,short,flat,0.05,1.0,1.0,1.0,peripheral,3520.206632578369,161.5728246171326,0.0,0.0,3358.6338079612365,3358.6338079612365,1426.5355914446127,1055.1695294598503,876.9286870567736,3358.6338079612365,1426.5355914446127,1055.1695294598503,876.9286870567736,0.0,397.3921617756235,201.9660307714158,0.0,50,0,0.0,0,0,0.0,0.0,0.0,0.0,0.0,0.0,0,0.0,0.0,0,0,0,0.02660965919494629,0.0,0.0,0.0,True,feasible,baseline_truck_only,3520.206632578369,201.9660307714158,,,,0.0,True,feasible_only,0.0,3520.206632578369,True,3520.206632578369,,,
S0032_R09,3202035,nils,S0032,n50_p0.25_d1_clustered_Ehigh_V2.00_Hshort_PWflat_B0.05,50,0.24,0.25,1,3,high,2.0,clustered,short,flat,0.05,1.0,1.0,1.0,peripheral,248.59382640472248,126.95890755076508,17.98243146676688,0.0,103.65248738719052,103.65248738719052,103.65248738719052,0.0,0.0,103.65248738719052,103.65248738719052,0.0,0.0,0.0,143.69113217872504,158.6986344384563,59.941438222556265,38,12,0.24,1,1,12.0,12.0,0.0,0.0,0.0,0.0,0,0.6160473330105438,0.6160473330105438,0,0,0,3.538438081741333,25.0,17.0,87.0,True,feasible,nils_complete,3520.206632578369,201.9660307714158,,92.93808993756026,,21.423105740949737,True,feasible_only,0.0,248.59382640472248,True,3520.206632578369,,92.93808993756026,
S0032_R10,3202036,truck_only,S0032,n50_p0.25_d1_clustered_Ehigh_V2.00_Hshort_PWflat_B0.05,50,0.24,0.25,1,3,high,2.0,clustered,short,flat,0.05,1.0,1.0,1.0,peripheral,3317.7627739290256,157.07919568840003,0.0,0.0,3160.6835782406256,3160.6835782406256,1594.3474174205014,936.6612630161485,629.6748978039759,3160.683578240626,1594.3474174205014,936.6612630161485,629.6748978039759,0.0,385.36900523839705,196.34899461049997,0.0,50,0,0.0,0,0,0.0,0.0,0.0,0.0,0.0,0.0,0,0.0,0.0,0,0,0,0.022065401077270508,0.0,0.0,0.0,True,feasible,baseline_truck_only,3317.7627739290256,196.34899461049997,,,,0.0,True,feasible_only,0.0,3317.7627739290256,True,3317.7627739290256,,,
S0032_R10,3202036,nils,S0032,n50_p0.25_d1_clustered_Ehigh_V2.00_Hshort_PWflat_B0.05,50,0.24,0.25,1,3,high,2.0,clustered,short,flat,0.05,1.0,1.0,1.0,peripheral,159.6627924575555,126.96859548805008,16.104027615191047,0.0,16.590169354314355,16.590169354314355,16.590169354314355,0.0,0.0,16.590169354314355,16.590169354314355,0.0,0.0,0.0,147.683836258439,158.71074436006256,53.68009205063682,38,12,0.24,1,1,12.0,12.0,0.0,0.0,0.0,0.0,0,0.5495652795847629,0.5495652795847629,0,0,0,3.1497058868408203,25.0,16.0,87.0,True,feasible,nils_complete,3317.7627739290256,196.34899461049997,,95.18763687047834,,19.169056773171103,True,feasible_only,0.0,159.6627924575555,True,3317.7627739290256,,95.18763687047834,
S0033_R01,3302027,truck_only,S0033,n50_p0.25_d1_clustered_Ehigh_V2.00_Hshort_PWbase_B0.05,50,0.24,0.25,1,3,high,2.0,clustered,short,base,0.05,100.0,20.0,1.0,peripheral,129507.29373456238,161.62157135316627,0.0,0.0,129345.67216320921,129345.67216320921,974.8208372152445,1558.902418568964,685.5400703054727,3219.263326089681,97482.08372152445,31178.048371379282,685.5400703054727,0.0,396.6525412195252,202.02696419145784,0.0,50,0,0.0,0,0,0.0,0.0,0.0,0.0,0.0,0.0,0,0.0,0.0,0,0,0,0.024497270584106445,0.0,0.0,0.0,True,feasible,baseline_truck_only,129507.29373456238,202.02696419145784,,,,0.0,True,feasible_only,0.0,129507.29373456238,True,129507.29373456238,,,
S0033_R01,3302027,nils,S0033,n50_p0.25_d1_clustered_Ehigh_V2.00_Hshort_PWbase_B0.05,50,0.24,0.25,1,3,high,2.0,clustered,short,base,0.05,100.0,20.0,1.0,peripheral,3575.870171891592,121.48895992416377,20.248261181138602,0.0,3434.1329507862893,3434.1329507862893,34.341329507862895,0.0,0.0,34.341329507862895,3434.1329507862893,0.0,0.0,0.0,139.98573453297323,151.86119990520467,67.49420393712866,38,12,0.24,1,1,12.0,12.0,0.0,0.0,0.0,0.0,0,0.7018515846686817,0.7018515846686817,0,0,0,3.088449478149414,25.0,13.0,87.0,True,feasible,nils_complete,129507.29373456238,202.02696419145784,,97.23886580533396,,24.831222152460718,True,feasible_only,0.0,3575.870171891592,True,129507.29373456238,,97.23886580533396,
S0033_R02,3302028,truck_only,S0033,n50_p0.25_d1_clustered_Ehigh_V2.00_Hshort_PWbase_B0.05,50,0.24,0.25,1,3,high,2.0,clustered,short,base,0.05,100.0,20.0,1.0,peripheral,229218.66494499787,171.61074609288903,0.0,0.0,229047.05419890498,229047.05419890498,2050.51951525334,1169.6429872361837,602.2429288472636,3822.4054313367874,205051.951525334,23392.859744723675,602.2429288472636,0.0,417.3472155789016,214.5134326161113,0.0,50,0,0.0,0,0,0.0,0.0,0.0,0.0,0.0,0.0,0,0.0,0.0,0,0,0,0.017232418060302734,0.0,0.0,0.0,True,feasible,baseline_truck_only,229218.66494499787,214.5134326161113,,,,0.0,True,feasible_only,0.0,229218.66494499787,True,229218.66494499787,,,
S0033_R02,3302028,nils,S0033,n50_p0.25_d1_clustered_Ehigh_V2.00_Hshort_PWbase_B0.05,50,0.24,0.25,1,3,high,2.0,clustered,short,base,0.05,100.0,20.0,1.0,peripheral,18724.522705587282,148.7945037874353,18.547006259588912,0.0,18557.18119554026,18557.18119554026,185.5718119554026,0.0,0.0,185.5718119554026,18557.18119554026,0.0,0.0,0.0,167.77450144518392,185.99312973429414,61.82335419862972,38,12,0.24,1,1,12.0,12.0,0.0,0.0,0.0,0.0,0,0.6350781762404764,0.6350781762404764,0,0,0,2.9478187561035156,25.0,19.0,87.0,True,feasible,nils_complete,229218.66494499787,214.5134326161113,,91.83115270735902,,13.295345906312765,True,feasible_only,0.0,18724.522705587282,True,229218.66494499787,,91.83115270735902,
S0033_R03,3302029,truck_only,S0033,n50_p0.25_d1_clustered_Ehigh_V2.00_Hshort_PWbase_B0.05,50,0.24,0.25,1,3,high,2.0,clustered,short,base,0.05,100.0,20.0,1.0,peripheral,161227.58452112583,158.7334566870154,0.0,0.0,161068.85106443882,161068.85106443882,1456.430500708695,743.4467287896078,556.8664177771975,2756.7436472755003,145643.0500708695,14868.934575792156,556.8664177771975,0.0,391.39508867505305,198.4168208587693,0.0,50,0,0.0,0,0,0.0,0.0,0.0,0.0,0.0,0.0,0,0.0,0.0,0,0,0,0.03558540344238281,0.0,0.0,0.0,True,feasible,baseline_truck_only,161227.58452112583,198.4168208587693,,,,0.0,True,feasible_only,0.0,161227.58452112583,True,161227.58452112583,,,
S0033_R03,3302029,nils,S0033,n50_p0.25_d1_clustered_Ehigh_V2.00_Hshort_PWbase_B0.05,50,0.24,0.25,1,3,high,2.0,clustered,short,base,0.05,100.0,20.0,1.0,peripheral,7810.615229297244,128.1006409433744,13.407737234668964,0.0,7669.106851119201,7669.106851119201,76.69106851119201,0.0,0.0,76.69106851119201,7669.106851119202,0.0,0.0,0.0,144.99932020943746,160.125801179218,44.69245744889655,38,12,0.24,1,1,12.0,12.0,0.0,0.0,0.0,0.0,0,0.4587825596809402,0.4587825596809402,0,0,0,3.7832603454589844,25.0,17.0,87.0,True,feasible,nils_complete,161227.58452112583,198.4168208587693,,95.15553417704784,,19.29827295580267,True,feasible_only,0.0,7810.615229297244,True,161227.58452112583,,95.15553417704784,
S0033_R04,3302030,truck_only,S0033,n50_p0.25_d1_clustered_Ehigh_V2.00_Hshort_PWbase_B0.05,50,0.24,0.25,1,3,high,2.0,clustered,short,base,0.05,100.0,20.0,1.0,peripheral,126602.0281851147,172.01486647365581,0.0,0.0,126430.01331864104,126430.01331864104,988.6363688675216,1334.2963973634346,880.4484846201597,3203.3812508511155,98863.63688675215,26685.92794726869,880.4484846201597,0.0,421.8093095699467,215.0185830920697,0.0,50,0,0.0,0,0,0.0,0.0,0.0,0.0,0.0,0.0,0,0.0,0.0,0,0,0,0.02452540397644043,0.0,0.0,0.0,True,feasible,baseline_truck_only,126602.0281851147,215.0185830920697,,,,0.0,True,feasible_only,0.0,126602.0281851147,True,126602.0281851147,,,
S0033_R04,3302030,nils,S0033,n50_p0.25_d1_clustered_Ehigh_V2.00_Hshort_PWbase_B0.05,50,0.24,0.25,1,3,high,2.0,clustered,short,base,0.05,100.0,20.0,1.0,peripheral,3967.337491790393,125.83675007389404,19.340821680766986,0.0,3822.159920035732,3822.159920035732,38.22159920035732,0.0,0.0,38.22159920035732,3822.159920035732,0.0,0.0,0.0,148.48703173133816,157.29593759236755,64.46940560255663,38,12,0.24,1,1,12.0,12.0,0.0,0.0,0.0,0.0,0,0.6690271784498882,0.6690271784498882,0,0,0,4.843662977218628,25.0,17.0,87.0,True,feasible,nils_complete,126602.0281851147,215.0185830920697,,96.86629231090245,,26.845421762911368,True,feasible_only,0.0,3967.337491790393,True,126602.0281851147,,96.86629231090245,
S0033_R05,3302031,truck_only,S0033,n50_p0.25_d1_clustered_Ehigh_V2.00_Hshort_PWbase_B0.05,50,0.24,0.25,1,3,high,2.0,clustered,short,base,0.05,100.0,20.0,1.0,peripheral,110606.4639248283,150.64716798550185,0.0,0.0,110455.8167568428,110455.8167568428,933.8534357400458,823.6751390569161,596.9704016998758,2354.4989764968377,93385.34357400458,16473.502781138322,596.9704016998758,0.0,372.03404950255475,188.30895998187734,0.0,50,0,0.0,0,0,0.0,0.0,0.0,0.0,0.0,0.0,0,0.0,0.0,0,0,0,0.0262453556060791,0.0,0.0,0.0,True,feasible,baseline_truck_only,110606.4639248283,188.30895998187734,,,,0.0,True,feasible_only,0.0,110606.4639248283,True,110606.4639248283,,,
S0033_R05,3302031,nils,S0033,n50_p0.25_d1_clustered_Ehigh_V2.00_Hshort_PWbase_B0.05,50,0.24,0.25,1,3,high,2.0,clustered,short,base,0.05,100.0,20.0,1.0,peripheral,2364.0933967844726,127.5786402773161,17.82877953286983,0.0,2218.685976974287,2218.685976974287,22.186859769742867,0.0,0.0,22.186859769742867,2218.685976974287,0.0,0.0,0.0,144.23752502933831,159.47330034664515,59.42926510956612,38,12,0.24,1,1,12.0,12.0,0.0,0.0,0.0,0.0,0,0.6127970239848359,0.6127970239848359,0,0,0,3.1849205493927,25.0,12.0,87.0,True,feasible,nils_complete,110606.4639248283,188.30895998187734,,97.86260828445687,,15.312951459137848,True,feasible_only,0.0,2364.0933967844726,True,110606.4639248283,,97.86260828445687,
S0033_R06,3302032,truck_only,S0033,n50_p0.25_d1_clustered_Ehigh_V2.00_Hshort_PWbase_B0.05,50,0.24,0.25,1,3,high,2.0,clustered,short,base,0.05,100.0,20.0,1.0,peripheral,138555.84526559414,176.32934982658168,0.0,0.0,138379.51591576755,138379.51591576755,904.7983175744896,2353.954273759552,820.5986831275455,4079.351274461587,90479.83175744896,47079.08547519104,820.5986831275455,0.0,424.02949650827054,220.41168728322708,0.0,50,0,0.0,0,0,0.0,0.0,0.0,0.0,0.0,0.0,0,0.0,0.0,0,0,0,0.02245187759399414,0.0,0.0,0.0,True,feasible,baseline_truck_only,138555.84526559414,220.41168728322708,,,,0.0,True,feasible_only,0.0,138555.84526559414,True,138555.84526559414,,,
S0033_R06,3302032,nils,S0033,n50_p0.25_d1_clustered_Ehigh_V2.00_Hshort_PWbase_B0.05,50,0.24,0.25,1,3,high,2.0,clustered,short,base,0.05,100.0,20.0,1.0,peripheral,8945.66598370567,134.39276782807556,18.70208742249377,0.0,8792.571128455102,8792.571128455102,87.92571128455101,0.0,0.0,87.92571128455101,8792.571128455102,0.0,0.0,0.0,144.1380448768062,167.99095978509442,62.34029140831258,38,12,0.24,1,1,12.0,12.0,0.0,0.0,0.0,0.0,0,0.6421055273167365,0.6421055273167365,0,0,0,2.5718748569488525,25.0,19.0,87.0,True,feasible,nils_complete,138555.84526559414,220.41168728322708,,93.54363869199604,,23.783097958309483,True,feasible_only,0.0,8945.66598370567,True,138555.84526559414,,93.54363869199604,
S0033_R07,3302033,truck_only,S0033,n50_p0.25_d1_clustered_Ehigh_V2.00_Hshort_PWbase_B0.05,50,0.24,0.25,1,3,high,2.0,clustered,short,base,0.05,100.0,20.0,1.0,peripheral,99112.62431001606,156.570307935347,0.0,0.0,98956.05400208072,98956.05400208072,759.2346992326884,1117.921494118813,674.1541964356296,2551.310389787131,75923.46992326884,22358.42988237626,674.1541964356296,0.0,384.5417440063279,195.71288491918367,0.0,50,0,0.0,0,0,0.0,0.0,0.0,0.0,0.0,0.0,0,0.0,0.0,0,0,0,0.017390727996826172,0.0,0.0,0.0,True,feasible,baseline_truck_only,99112.62431001606,195.71288491918367,,,,0.0,True,feasible_only,0.0,99112.62431001606,True,99112.62431001606,,,
S0033_R07,3302033,nils,S0033,n50_p0.25_d1_clustered_Ehigh_V2.00_Hshort_PWbase_B0.05,50,0.24,0.25,1,3,high,2.0,clustered,short,base,0.05,100.0,20.0,1.0,peripheral,2690.2155311569813,132.43127372904675,15.243967531585572,0.0,2542.540289896349,2542.540289896349,25.42540289896349,0.0,0.0,25.42540289896349,2542.540289896349,0.0,0.0,0.0,149.2583711173168,165.53909216130847,50.81322510528523,38,12,0.24,1,1,12.0,12.0,0.0,0.0,0.0,0.0,0,0.5129011089449248,0.5129011089449248,0,0,0,3.3711464405059814,25.0,15.0,87.0,True,feasible,nils_complete,99112.62431001606,195.71288491918367,,97.28569841643764,,15.417376720155625,True,feasible_only,0.0,2690.2155311569813,True,99112.62431001606,,97.28569841643764,
S0033_R08,3302034,truck_only,S0033,n50_p0.25_d1_clustered_Ehigh_V2.00_Hshort_PWbase_B0.05,50,0.24,0.25,1,3,high,2.0,clustered,short,base,0.05,100.0,20.0,1.0,peripheral,174875.67032988486,161.44338857860805,0.0,0.0,174714.22694130626,174714.22694130626,1533.317607670061,1034.690801447941,688.6501453413528,3256.6585544593554,153331.7607670061,20693.816028958823,688.6501453413528,0.0,393.7828441857156,201.80423572326004,0.0,50,0,0.0,0,0,0.0,0.0,0.0,0.0,0.0,0.0,0,0.0,0.0,0,0,0,0.020671606063842773,0.0,0.0,0.0,True,feasible,baseline_truck_only,174875.67032988486,201.80423572326004,,,,0.0,True,feasible_only,0.0,174875.67032988486,True,174875.67032988486,,,
S0033_R08,3302034,nils,S0033,n50_p0.25_d1_clustered_Ehigh_V2.00_Hshort_PWbase_B0.05,50,0.24,0.25,1,3,high,2.0,clustered,short,base,0.05,100.0,20.0,1.0,peripheral,15422.008274911683,129.73113279483556,17.488338882866287,0.0,15274.788803233982,15274.788803233982,152.7478880323398,0.0,0.0,152.7478880323398,15274.78880323398,0.0,0.0,0.0,145.85743795165592,162.1639159935445,58.294462942887634,38,12,0.24,1,1,12.0,12.0,0.0,0.0,0.0,0.0,0,0.603838719723572,0.603838719723572,0,0,0,3.1223576068878174,25.0,19.0,87.0,True,feasible,nils_complete,174875.67032988486,201.80423572326004,,91.1811584505611,,19.64295723905194,True,feasible_only,0.0,15422.008274911683,True,174875.67032988486,,91.1811584505611,
S0033_R09,3302035,truck_only,S0033,n50_p0.25_d1_clustered_Ehigh_V2.00_Hshort_PWbase_B0.05,50,0.24,0.25,1,3,high,2.0,clustered,short,base,0.05,100.0,20.0,1.0,peripheral,235369.71218478619,176.84494469253002,0.0,0.0,235192.86724009365,235192.86724009365,2039.59841849106,1530.325926161471,626.5068677582333,4196.431212410765,203959.84184910601,30606.51852322942,626.5068677582333,0.0,426.5308773659078,221.0561808656626,0.0,50,0,0.0,0,0,0.0,0.0,0.0,0.0,0.0,0.0,0,0.0,0.0,0,0,0,0.018436670303344727,0.0,0.0,0.0,True,feasible,baseline_truck_only,235369.71218478619,221.0561808656626,,,,0.0,True,feasible_only,0.0,235369.71218478619,True,235369.71218478619,,,
S0033_R09,3302035,nils,S0033,n50_p0.25_d1_clustered_Ehigh_V2.00_Hshort_PWbase_B0.05,50,0.24,0.25,1,3,high,2.0,clustered,short,base,0.05,100.0,20.0,1.0,peripheral,13512.749651523802,137.3997930808477,16.447213789835605,0.0,13358.902644653119,13358.902644653119,133.5890264465312,0.0,0.0,133.5890264465312,13358.902644653119,0.0,0.0,0.0,153.97355916952486,171.74974135105967,54.82404596611869,38,12,0.24,1,1,12.0,12.0,0.0,0.0,0.0,0.0,0,0.5630542993638455,0.5630542993638455,0,0,0,2.6473307609558105,25.0,19.0,87.0,True,feasible,nils_complete,235369.71218478619,221.0561808656626,,94.25892587194265,,22.304935931453016,True,feasible_only,0.0,13512.749651523802,True,235369.71218478619,,94.25892587194265,
S0033_R10,3302036,truck_only,S0033,n50_p0.25_d1_clustered_Ehigh_V2.00_Hshort_PWbase_B0.05,50,0.24,0.25,1,3,high,2.0,clustered,short,base,0.05,100.0,20.0,1.0,peripheral,112384.14720067331,164.92100291688465,0.0,0.0,112219.22619775642,112219.22619775642,835.2170505369519,1403.24324366495,632.6562707622304,2871.1165649641325,83521.70505369519,28064.864873298997,632.6562707622304,0.0,400.47459759533956,206.15125364610574,0.0,50,0,0.0,0,0,0.0,0.0,0.0,0.0,0.0,0.0,0,0.0,0.0,0,0,0,0.02563786506652832,0.0,0.0,0.0,True,feasible,baseline_truck_only,112384.14720067331,206.15125364610574,,,,0.0,True,feasible_only,0.0,112384.14720067331,True,112384.14720067331,,,
S0033_R10,3302036,nils,S0033,n50_p0.25_d1_clustered_Ehigh_V2.00_Hshort_PWbase_B0.05,50,0.24,0.25,1,3,high,2.0,clustered,short,base,0.05,100.0,20.0,1.0,peripheral,5299.89876689096,125.5898972989587,17.84344659340226,0.0,5156.465422998599,5156.465422998599,51.56465422998599,0.0,0.0,51.56465422998599,5156.465422998599,0.0,0.0,0.0,140.38585002399032,156.98737162369838,59.478155311340856,38,12,0.24,1,1,12.0,12.0,0.0,0.0,0.0,0.0,0,0.6125501869858028,0.6125501869858028,0,0,0,3.113612413406372,25.0,17.0,87.0,False,infeasible,nils_complete,112384.14720067331,206.15125364610574,,95.28412245062691,,23.84845163580992,False,feasible_only,0.0,,False,112384.14720067331,,,
S0034_R01,3402027,truck_only,S0034,n50_p0.75_d1_uniform_Elow_V1.25_Hshort_PWstrict_B0.05,50,0.76,0.75,1,3,low,1.25,uniform,short,strict,0.05,200.0,40.0,1.0,peripheral,112587.10554514454,355.8496415981056,0.0,0.0,112231.25590354644,112231.25590354644,404.44164619579874,782.7432370744041,33.19718141051766,1220.3820646807205,80888.32923915975,31309.729482976163,33.19718141051766,0.0,316.80818767413024,444.81205199763207,0.0,50,0,0.0,0,0,0.0,0.0,0.0,0.0,0.0,0.0,0,0.0,0.0,0,0,0,0.036255598068237305,0.0,0.0,0.0,True,feasible,baseline_truck_only,112587.10554514454,444.81205199763207,,,,0.0,True,feasible_only,0.0,112587.10554514454,True,112587.10554514454,,,
S0034_R01,3402027,nils,S0034,n50_p0.75_d1_uniform_Elow_V1.25_Hshort_PWstrict_B0.05,50,0.76,0.75,1,3,low,1.25,uniform,short,strict,0.05,200.0,40.0,1.0,peripheral,43979.029625263756,225.3119323578405,9.119381485569685,0.0,43744.59831142035,43744.59831142035,207.48991323347107,56.165391618153336,0.0,263.6553048516244,41497.98264669422,2246.615664726133,0.0,0.0,185.22721560418336,281.6399154473006,30.39793828523228,47,3,0.06,1,1,3.0,3.0,0.0,0.0,0.0,0.0,0,0.9485531776234992,0.9485531776234992,1,401,401,0.7007834911346436,12.0,3.0,25.0,True,feasible,nils_complete,112587.10554514454,444.81205199763207,,60.937773990797474,,36.6833892691379,True,feasible_only,0.0,43979.029625263756,True,112587.10554514454,,60.937773990797474,
S0034_R02,3402028,truck_only,S0034,n50_p0.75_d1_uniform_Elow_V1.25_Hshort_PWstrict_B0.05,50,0.76,0.75,1,3,low,1.25,uniform,short,strict,0.05,200.0,40.0,1.0,peripheral,172003.7186828413,390.23124830384904,0.0,0.0,171613.48743453747,171613.48743453747,755.1569667310996,507.76550752772437,271.47378720858944,1534.3962614674133,151031.3933462199,20310.620301108975,271.47378720858944,0.0,399.4167563857186,487.78906037981125,0.0,50,0,0.0,0,0,0.0,0.0,0.0,0.0,0.0,0.0,0,0.0,0.0,0,0,0,0.01869678497314453,0.0,0.0,0.0,True,feasible,baseline_truck_only,172003.7186828413,487.78906037981125,,,,0.0,True,feasible_only,0.0,172003.7186828413,True,172003.7186828413,,,
S0034_R02,3402028,nils,S0034,n50_p0.75_d1_uniform_Elow_V1.25_Hshort_PWstrict_B0.05,50,0.76,0.75,1,3,low,1.25,uniform,short,strict,0.05,200.0,40.0,1.0,peripheral,100057.94742427162,223.30938874166932,8.696922159893727,0.0,99825.94111337006,99825.94111337006,493.4100738805308,28.598158431597554,0.0,522.0082323121284,98682.01477610615,1143.926337263902,0.0,0.0,210.9885571418007,279.13673592708676,28.989740532979095,46,4,0.08,1,1,4.0,4.0,0.0,0.0,0.0,0.0,0,0.8933312523057827,0.8933312523057827,0,696,696,0.8347113132476807,22.0,4.0,63.0,True,feasible,nils_complete,172003.7186828413,487.78906037981125,,41.828032445758296,,42.77511354811028,True,feasible_only,0.0,100057.94742427162,True,172003.7186828413,,41.828032445758296,
S0034_R03,3402029,truck_only,S0034,n50_p0.75_d1_uniform_Elow_V1.25_Hshort_PWstrict_B0.05,50,0.76,0.75,1,3,low,1.25,uniform,short,strict,0.05,200.0,40.0,1.0,peripheral,113668.33103204568,345.10325906979307,0.0,0.0,113323.2277729759,113323.2277729759,371.84309735344647,971.6219238295016,89.73134910655881,1433.1963702895068,74368.6194706893,38864.876953180064,89.73134910655881,0.0,302.91241261872347,431.3790738372414,0.0,50,0,0.0,0,0,0.0,0.0,0.0,0.0,0.0,0.0,0,0.0,0.0,0,0,0,0.019707202911376953,0.0,0.0,0.0,True,feasible,baseline_truck_only,113668.33103204568,431.3790738372414,,,,0.0,True,feasible_only,0.0,113668.33103204568,True,113668.33103204568,,,
S0034_R03,3402029,nils,S0034,n50_p0.75_d1_uniform_Elow_V1.25_Hshort_PWstrict_B0.05,50,0.76,0.75,1,3,low,1.25,uniform,short,strict,0.05,200.0,40.0,1.0,peripheral,22053.609169487936,219.86887871228552,9.424142882048535,0.0,21824.3161478936,21824.3161478936,92.43820071686082,83.41690011303595,0.0,175.85510082989677,18487.640143372162,3336.676004521438,0.0,0.0,202.3429812848451,274.83609839035705,31.413809606828455,48,2,0.04,1,1,2.0,2.0,0.0,0.0,0.0,0.0,0,0.908183364540042,0.908183364540042,1,413,413,0.4937913417816162,12.0,2.0,22.0,True,feasible,nils_complete,113668.33103204568,431.3790738372414,,80.59828188796885,,36.288959048103415,True,feasible_only,0.0,22053.609169487936,True,113668.33103204568,,80.59828188796885,
S0034_R04,3402030,truck_only,S0034,n50_p0.75_d1_uniform_Elow_V1.25_Hshort_PWstrict_B0.05,50,0.76,0.75,1,3,low,1.25,uniform,short,strict,0.05,200.0,40.0,1.0,peripheral,270807.3973010372,367.738685832313,0.0,0.0,270439.6586152049,270439.6586152049,1218.5650237625873,659.0322605441145,365.3634409228413,2242.960725229543,243713.00475251747,26361.290421764577,365.3634409228413,0.0,439.4111929754477,459.67335729039127,0.0,50,0,0.0,0,0,0.0,0.0,0.0,0.0,0.0,0.0,0,0.0,0.0,0,0,0,0.018126726150512695,0.0,0.0,0.0,True,feasible,baseline_truck_only,270807.3973010372,459.67335729039127,,,,0.0,True,feasible_only,0.0,270807.3973010372,True,270807.3973010372,,,
S0034_R04,3402030,nils,S0034,n50_p0.75_d1_uniform_Elow_V1.25_Hshort_PWstrict_B0.05,50,0.76,0.75,1,3,low,1.25,uniform,short,strict,0.05,200.0,40.0,1.0,peripheral,63809.411056627134,198.12853046025236,8.876126249331966,0.0,63602.40639991755,63602.40639991755,299.60028260983154,92.05874694878108,0.0,391.6590295586126,59920.05652196631,3682.349877951243,0.0,0.0,239.2761856193742,247.66066307531537,29.587087497773215,47,3,0.06,1,1,3.0,3.0,0.0,0.0,0.0,0.0,0,0.9390120108883191,0.9390120108883191,1,684,684,1.1487059593200684,20.0,3.0,22.0,True,feasible,nils_complete,270807.3973010372,459.67335729039127,,76.4373456218056,,46.12246736787494,True,feasible_only,0.0,63809.411056627134,True,270807.3973010372,,76.4373456218056,
S0034_R05,3402031,truck_only,S0034,n50_p0.75_d1_uniform_Elow_V1.25_Hshort_PWstrict_B0.05,50,0.76,0.75,1,3,low,1.25,uniform,short,strict,0.05,200.0,40.0,1.0,peripheral,170255.57968481167,369.27070133231206,0.0,0.0,169886.30898347936,169886.30898347936,683.391515964747,828.2383859319858,78.47035325051817,1590.1002551472511,136678.3031929494,33129.53543727943,78.47035325051817,0.0,307.61825947041444,461.58837666539,0.0,50,0,0.0,0,0,0.0,0.0,0.0,0.0,0.0,0.0,0,0.0,0.0,0,0,0,0.03294801712036133,0.0,0.0,0.0,True,feasible,baseline_truck_only,170255.57968481167,461.58837666539,,,,0.0,True,feasible_only,0.0,170255.57968481167,True,170255.57968481167,,,
S0034_R05,3402031,nils,S0034,n50_p0.75_d1_uniform_Elow_V1.25_Hshort_PWstrict_B0.05,50,0.76,0.75,1,3,low,1.25,uniform,short,strict,0.05,200.0,40.0,1.0,peripheral,18080.442689777996,221.48159019843803,9.193189788510061,0.0,17849.767909791048,17849.767909791048,78.65891143659294,52.94964056181152,0.0,131.60855199840447,15731.782287318589,2117.985622472461,0.0,0.0,178.5843521566404,276.85198774804746,30.643965961700207,46,4,0.08,1,1,4.0,4.0,0.0,0.0,0.0,0.0,0,0.9434115388450521,0.9434115388450521,1,817,817,1.1006770133972168,25.0,6.0,44.0,True,feasible,nils_complete,170255.57968481167,461.58837666539,,89.38041107184287,,40.02188925377985,True,feasible_only,0.0,18080.442689777996,True,170255.57968481167,,89.38041107184287,
S0034_R06,3402032,truck_only,S0034,n50_p0.75_d1_uniform_Elow_V1.25_Hshort_PWstrict_B0.05,50,0.76,0.75,1,3,low,1.25,uniform,short,strict,0.05,200.0,40.0,1.0,peripheral,242867.6751041659,360.49472225592535,0.0,0.0,242507.18038190997,242507.18038190997,1092.2517104039582,581.7264159214659,787.7816642596543,2461.7597905850785,218450.34208079166,23269.056636858637,787.7816642596543,0.0,449.9321151561064,450.6184028199067,0.0,50,0,0.0,0,0,0.0,0.0,0.0,0.0,0.0,0.0,0,0.0,0.0,0,0,0,0.024955272674560547,0.0,0.0,0.0,True,feasible,baseline_truck_only,242867.6751041659,450.6184028199067,,,,0.0,True,feasible_only,0.0,242867.6751041659,True,242867.6751041659,,,
S0034_R06,3402032,nils,S0034,n50_p0.75_d1_uniform_Elow_V1.25_Hshort_PWstrict_B0.05,50,0.76,0.75,1,3,low,1.25,uniform,short,strict,0.05,200.0,40.0,1.0,peripheral,56853.70712939678,237.38603778159222,9.1237955166285,0.0,56607.19729609856,56607.19729609856,261.51439095778164,107.60797761355556,0.0,369.12236857133723,52302.87819155633,4304.319104542223,0.0,0.0,220.4457637065767,296.73254722699033,30.412651722095,46,4,0.08,1,1,4.0,4.0,0.0,0.0,0.0,0.0,0,0.9275406928414541,0.9275406928414541,1,812,812,1.0572831630706787,25.0,8.0,48.0,True,feasible,nils_complete,242867.6751041659,450.6184028199067,,76.59066522335166,,34.14992699586175,True,feasible_only,0.0,56853.70712939678,True,242867.6751041659,,76.59066522335166,
S0034_R07,3402033,truck_only,S0034,n50_p0.75_d1_uniform_Elow_V1.25_Hshort_PWstrict_B0.05,50,0.76,0.75,1,3,low,1.25,uniform,short,strict,0.05,200.0,40.0,1.0,peripheral,187170.56964750908,362.3429247963762,0.0,0.0,186808.22672271272,186808.22672271272,835.065427329317,494.2073393423018,26.847683157263248,1356.1204498288819,167013.0854658634,19768.29357369207,26.847683157263248,0.0,347.8998049684566,452.9286559954704,0.0,50,0,0.0,0,0,0.0,0.0,0.0,0.0,0.0,0.0,0,0.0,0.0,0,0,0,0.019776582717895508,0.0,0.0,0.0,True,feasible,baseline_truck_only,187170.56964750908,452.9286559954704,,,,0.0,True,feasible_only,0.0,187170.56964750908,True,187170.56964750908,,,
S0034_R07,3402033,nils,S0034,n50_p0.75_d1_uniform_Elow_V1.25_Hshort_PWstrict_B0.05,50,0.76,0.75,1,3,low,1.25,uniform,short,strict,0.05,200.0,40.0,1.0,peripheral,17300.40740393443,240.65987423101052,8.500816928951432,0.0,17051.246712774468,17051.246712774468,70.75901309133269,72.48610236269829,0.0,143.24511545403098,14151.802618266538,2899.4440945079314,0.0,0.0,205.00248063481877,300.82484278876314,28.336056429838106,45,5,0.1,1,1,5.0,5.0,0.0,0.0,0.0,0.0,0,0.8787680234503035,0.8787680234503035,0,792,792,0.9448709487915039,25.0,7.0,50.0,True,feasible,nils_complete,187170.56964750908,452.9286559954704,,90.75687623512843,,33.582289659373735,True,feasible_only,0.0,17300.40740393443,True,187170.56964750908,,90.75687623512843,
S0034_R08,3402034,truck_only,S0034,n50_p0.75_d1_uniform_Elow_V1.25_Hshort_PWstrict_B0.05,50,0.76,0.75,1,3,low,1.25,uniform,short,strict,0.05,200.0,40.0,1.0,peripheral,177671.31464326385,331.92414202099695,0.0,0.0,177339.39050124286,177339.39050124286,829.9669016973121,283.32389423268114,13.054392473213909,1126.3451884032072,165993.38033946243,11332.955769307246,13.054392473213909,0.0,294.3247098635419,414.9051775262462,0.0,50,0,0.0,0,0,0.0,0.0,0.0,0.0,0.0,0.0,0,0.0,0.0,0,0,0,0.022033214569091797,0.0,0.0,0.0,True,feasible,baseline_truck_only,177671.31464326385,414.9051775262462,,,,0.0,True,feasible_only,0.0,177671.31464326385,True,177671.31464326385,,,
S0034_R08,3402034,nils,S0034,n50_p0.75_d1_uniform_Elow_V1.25_Hshort_PWstrict_B0.05,50,0.76,0.75,1,3,low,1.25,uniform,short,strict,0.05,200.0,40.0,1.0,peripheral,44488.21623942815,237.76933748010873,8.249276873532425,0.0,44242.19762507451,44242.19762507451,212.6530154482949,42.789863385388244,0.0,255.44287883368315,42530.60308965898,1711.5945354155297,0.0,0.0,190.32024669982388,297.21167185013593,27.49758957844142,48,2,0.04,1,1,2.0,2.0,0.0,0.0,0.0,0.0,0,0.8588411530056858,0.8588411530056858,0,882,882,1.0263783931732178,25.0,3.0,21.0,True,feasible,nils_complete,177671.31464326385,414.9051775262462,,74.96038326234401,,28.366362256027806,True,feasible_only,0.0,44488.21623942815,True,177671.31464326385,,74.96038326234401,
S0034_R09,3402035,truck_only,S0034,n50_p0.75_d1_uniform_Elow_V1.25_Hshort_PWstrict_B0.05,50,0.76,0.75,1,3,low,1.25,uniform,short,strict,0.05,200.0,40.0,1.0,peripheral,408070.35667357757,370.2971158348645,0.0,0.0,407700.05955774273,407700.05955774273,1776.0292708334887,1291.3683984945053,839.4694512647555,3906.8671205927494,355205.8541666977,51654.735939780214,839.4694512647555,0.0,467.12223542908936,462.8713947935806,0.0,50,0,0.0,0,0,0.0,0.0,0.0,0.0,0.0,0.0,0,0.0,0.0,0,0,0,0.018915653228759766,0.0,0.0,0.0,True,feasible,baseline_truck_only,408070.35667357757,462.8713947935806,,,,0.0,True,feasible_only,0.0,408070.35667357757,True,408070.35667357757,,,
S0034_R09,3402035,nils,S0034,n50_p0.75_d1_uniform_Elow_V1.25_Hshort_PWstrict_B0.05,50,0.76,0.75,1,3,low,1.25,uniform,short,strict,0.05,200.0,40.0,1.0,peripheral,32469.76958743431,210.64148598706828,9.455209920703437,0.0,32249.67289152654,32249.67289152654,151.8170277053618,47.15668376135467,0.0,198.97371146671645,30363.40554107236,1886.2673504541867,0.0,0.0,175.95058783858178,263.3018574838353,31.5173664023448,45,5,0.1,1,1,5.0,5.0,0.0,0.0,0.0,0.0,0,0.9396705358740722,0.9396705358740722,1,788,788,1.1539008617401123,25.0,9.0,54.0,True,feasible,nils_complete,408070.35667357757,462.8713947935806,,92.04309525148689,,43.11554776435129,True,feasible_only,0.0,32469.76958743431,True,408070.35667357757,,92.04309525148689,
S0034_R10,3402036,truck_only,S0034,n50_p0.75_d1_uniform_Elow_V1.25_Hshort_PWstrict_B0.05,50,0.76,0.75,1,3,low,1.25,uniform,short,strict,0.05,200.0,40.0,1.0,peripheral,313934.1551859183,411.55169143634464,0.0,0.0,313522.603494482,313522.603494482,1386.5251490948567,895.5360392583565,396.1321051763733,2678.1932935295868,277305.02981897135,35821.44157033426,396.1321051763733,0.0,413.4047931477875,514.4396142954306,0.0,50,0,0.0,0,0,0.0,0.0,0.0,0.0,0.0,0.0,0,0.0,0.0,0,0,0,0.01912093162536621,0.0,0.0,0.0,True,feasible,baseline_truck_only,313934.1551859183,514.4396142954306,,,,0.0,True,feasible_only,0.0,313934.1551859183,True,313934.1551859183,,,
S0034_R10,3402036,nils,S0034,n50_p0.75_d1_uniform_Elow_V1.25_Hshort_PWstrict_B0.05,50,0.76,0.75,1,3,low,1.25,uniform,short,strict,0.05,200.0,40.0,1.0,peripheral,28418.255923166675,257.5147624778252,8.725819557288476,0.0,28152.015341131562,28152.015341131562,119.356103183249,107.01986761204404,0.0,226.37597079529303,23871.2206366498,4280.794704481761,0.0,0.0,248.7698780242793,321.8934530972815,29.086065190961587,46,4,0.08,1,1,4.0,4.0,0.0,0.0,0.0,0.0,0,0.9421200231885815,0.9421200231885815,1,613,613,0.78263258934021,19.0,4.0,44.0,True,feasible,nils_complete,313934.1551859183,514.4396142954306,,90.94770178595674,,37.428330915351,True,feasible_only,0.0,28418.255923166675,True,313934.1551859183,,90.94770178595674,
S0035_R01,3502027,truck_only,S0035,n50_p0.75_d1_clustered_Elow_V1.25_Hmedium_PWflat_B0.05,50,0.76,0.75,1,3,low,1.25,clustered,medium,flat,0.05,1.0,1.0,1.0,peripheral,4899.180333875307,185.96295588597027,0.0,0.0,4713.2173779893365,4713.2173779893365,2389.931418708504,1177.9890465177318,1145.2969127631,4713.2173779893365,2389.931418708504,1177.9890465177318,1145.2969127631,0.0,451.3007159007071,232.4536948574628,0.0,50,0,0.0,0,0,0.0,0.0,0.0,0.0,0.0,0.0,0,0.0,0.0,0,0,0,0.027844667434692383,0.0,0.0,0.0,True,feasible,baseline_truck_only,4899.180333875307,232.4536948574628,,,,0.0,True,feasible_only,0.0,4899.180333875307,True,4899.180333875307,,,
S0035_R01,3502027,nils,S0035,n50_p0.75_d1_clustered_Elow_V1.25_Hmedium_PWflat_B0.05,50,0.76,0.75,1,3,low,1.25,clustered,medium,flat,0.05,1.0,1.0,1.0,peripheral,407.3505931967216,146.95728238216017,9.463889047572014,0.0,250.9294217669894,250.9294217669894,235.34302180019336,15.586399966796051,0.0,250.9294217669894,235.34302180019336,15.586399966796051,0.0,0.0,171.0922442513643,183.6966029777002,31.54629682524005,46,4,0.08,1,1,4.0,4.0,0.0,0.0,0.0,0.0,0,0.940581267097326,0.940581267097326,1,781,781,3.520864963531494,25.0,14.0,80.0,True,feasible,nils_complete,4899.180333875307,232.4536948574628,,91.68533172008176,,20.97496962122273,True,feasible_only,0.0,407.3505931967216,True,4899.180333875307,,91.68533172008176,
S0035_R02,3502028,truck_only,S0035,n50_p0.75_d1_clustered_Elow_V1.25_Hmedium_PWflat_B0.05,50,0.76,0.75,1,3,low,1.25,clustered,medium,flat,0.05,1.0,1.0,1.0,peripheral,3379.843010658892,168.49532831605015,0.0,0.0,3211.347682342842,3211.347682342842,1338.1338178722017,960.4065314031,912.8073330675405,3211.3476823428423,1338.1338178722017,960.4065314031,912.8073330675405,0.0,408.2491898960307,210.6191603950627,0.0,50,0,0.0,0,0,0.0,0.0,0.0,0.0,0.0,0.0,0,0.0,0.0,0,0,0,0.019223928451538086,0.0,0.0,0.0,True,feasible,baseline_truck_only,3379.843010658892,210.6191603950627,,,,0.0,True,feasible_only,0.0,3379.843010658892,True,3379.843010658892,,,
S0035_R02,3502028,nils,S0035,n50_p0.75_d1_clustered_Elow_V1.25_Hmedium_PWflat_B0.05,50,0.76,0.75,1,3,low,1.25,clustered,medium,flat,0.05,1.0,1.0,1.0,peripheral,177.2763546670657,107.39140534576511,9.746226511963172,0.0,60.13872280933743,60.13872280933743,55.39803669808891,4.740686111248522,0.0,60.13872280933743,55.39803669808891,4.740686111248522,0.0,0.0,174.5874342271612,134.2392566822064,32.487421706543905,45,5,0.1,1,1,5.0,5.0,0.0,0.0,0.0,0.0,0,0.9491794542676326,0.9491794542676326,1,757,757,2.9216787815093994,25.0,8.0,85.0,True,feasible,nils_complete,3379.843010658892,210.6191603950627,,94.75489381879586,,36.2644612055185,True,feasible_only,0.0,177.2763546670657,True,3379.843010658892,,94.75489381879586,
S0035_R03,3502029,truck_only,S0035,n50_p0.75_d1_clustered_Elow_V1.25_Hmedium_PWflat_B0.05,50,0.76,0.75,1,3,low,1.25,clustered,medium,flat,0.05,1.0,1.0,1.0,peripheral,3520.131708988798,168.89118110693897,0.0,0.0,3351.240527881859,3351.240527881859,777.8949804237117,1727.8464756631797,845.4990717949671,3351.2405278818587,777.8949804237117,1727.8464756631797,845.4990717949671,0.0,409.96032396392275,211.11397638367367,0.0,50,0,0.0,0,0,0.0,0.0,0.0,0.0,0.0,0.0,0,0.0,0.0,0,0,0,0.017798185348510742,0.0,0.0,0.0,True,feasible,baseline_truck_only,3520.131708988798,211.11397638367367,,,,0.0,True,feasible_only,0.0,3520.131708988798,True,3520.131708988798,,,
S0035_R03,3502029,nils,S0035,n50_p0.75_d1_clustered_Elow_V1.25_Hmedium_PWflat_B0.05,50,0.76,0.75,1,3,low,1.25,clustered,medium,flat,0.05,1.0,1.0,1.0,peripheral,213.9175234449585,96.84864015554892,9.634825633578787,0.0,107.4340576558308,107.4340576558308,77.53433784494459,29.89971981088621,0.0,107.4340576558308,77.53433784494459,29.89971981088621,0.0,0.0,167.24304446494915,121.06080019443615,32.11608544526263,45,5,0.1,1,1,5.0,5.0,0.0,0.0,0.0,0.0,0,0.9484622316878942,0.9484622316878942,1,751,751,2.7530205249786377,25.0,6.0,91.0,True,feasible,nils_complete,3520.131708988798,211.11397638367367,,93.92302501356096,,42.65618872413115,True,feasible_only,0.0,213.9175234449585,True,3520.131708988798,,93.92302501356096,
S0035_R04,3502030,truck_only,S0035,n50_p0.75_d1_clustered_Elow_V1.25_Hmedium_PWflat_B0.05,50,0.76,0.75,1,3,low,1.25,clustered,medium,flat,0.05,1.0,1.0,1.0,peripheral,2803.82222905445,158.69457634224992,0.0,0.0,2645.1276527122,2645.1276527122,674.7723762052926,1435.0657430085546,535.2895334983525,2645.1276527122,674.7723762052926,1435.0657430085546,535.2895334983525,0.0,391.8938664822348,198.36822042781242,0.0,50,0,0.0,0,0,0.0,0.0,0.0,0.0,0.0,0.0,0,0.0,0.0,0,0,0,0.018573760986328125,0.0,0.0,0.0,True,feasible,baseline_truck_only,2803.82222905445,198.36822042781242,,,,0.0,True,feasible_only,0.0,2803.82222905445,True,2803.82222905445,,,
S0035_R04,3502030,nils,S0035,n50_p0.75_d1_clustered_Elow_V1.25_Hmedium_PWflat_B0.05,50,0.76,0.75,1,3,low,1.25,clustered,medium,flat,0.05,1.0,1.0,1.0,peripheral,154.375485367682,121.51751740505745,9.730820825835405,0.0,23.127147136789148,23.127147136789148,23.127147136789148,0.0,0.0,23.127147136789148,23.127147136789148,0.0,0.0,0.0,145.11629478462774,151.8968967563218,32.43606941945136,40,10,0.2,1,1,10.0,10.0,0.0,0.0,0.0,0.0,0,0.9478731235456653,0.9478731235456653,1,620,620,3.051539659500122,25.0,14.0,142.0,True,feasible,nils_complete,2803.82222905445,198.36822042781242,,94.49410580428479,,23.426798693494277,True,feasible_only,0.0,154.375485367682,True,2803.82222905445,,94.49410580428479,
S0035_R05,3502031,truck_only,S0035,n50_p0.75_d1_clustered_Elow_V1.25_Hmedium_PWflat_B0.05,50,0.76,0.75,1,3,low,1.25,clustered,medium,flat,0.05,1.0,1.0,1.0,peripheral,3682.70262162296,159.514344338365,0.0,0.0,3523.188277284595,3523.188277284595,998.4041036996456,2025.8289959668214,498.95517761812823,3523.188277284595,998.4041036996456,2025.8289959668214,498.95517761812823,0.0,390.79036019306614,199.39293042295637,0.0,50,0,0.0,0,0,0.0,0.0,0.0,0.0,0.0,0.0,0,0.0,0.0,0,0,0,0.01775217056274414,0.0,0.0,0.0,True,feasible,baseline_truck_only,3682.70262162296,199.39293042295637,,,,0.0,True,feasible_only,0.0,3682.70262162296,True,3682.70262162296,,,
S0035_R05,3502031,nils,S0035,n50_p0.75_d1_clustered_Elow_V1.25_Hmedium_PWflat_B0.05,50,0.76,0.75,1,3,low,1.25,clustered,medium,flat,0.05,1.0,1.0,1.0,peripheral,231.63350501194594,103.46274828942464,9.664948451203726,0.0,118.50580827131756,118.50580827131756,118.50580827131756,0.0,0.0,118.50580827131756,118.50580827131756,0.0,0.0,0.0,166.177067478695,129.32843536178078,32.216494837345756,46,4,0.08,1,1,4.0,4.0,0.0,0.0,0.0,0.0,0,0.9434626319716539,0.9434626319716539,1,794,794,3.2096245288848877,25.0,9.0,67.0,True,feasible,nils_complete,3682.70262162296,199.39293042295637,,93.71023053417585,,35.13890633562251,True,feasible_only,0.0,231.63350501194594,True,3682.70262162296,,93.71023053417585,
S0035_R06,3502032,truck_only,S0035,n50_p0.75_d1_clustered_Elow_V1.25_Hmedium_PWflat_B0.05,50,0.76,0.75,1,3,low,1.25,clustered,medium,flat,0.05,1.0,1.0,1.0,peripheral,2985.434739744233,154.2412100550414,0.0,0.0,2831.1935296891916,2831.1935296891916,937.9622148585378,1478.6238667172486,414.60744811340527,2831.1935296891916,937.9622148585378,1478.6238667172486,414.60744811340527,0.0,378.24770812975845,192.80151256880183,0.0,50,0,0.0,0,0,0.0,0.0,0.0,0.0,0.0,0.0,0,0.0,0.0,0,0,0,0.030339479446411133,0.0,0.0,0.0,True,feasible,baseline_truck_only,2985.434739744233,192.80151256880183,,,,0.0,True,feasible_only,0.0,2985.434739744233,True,2985.434739744233,,,
S0035_R06,3502032,nils,S0035,n50_p0.75_d1_clustered_Elow_V1.25_Hmedium_PWflat_B0.05,50,0.76,0.75,1,3,low,1.25,clustered,medium,flat,0.05,1.0,1.0,1.0,peripheral,305.4299922141256,101.91277680706538,9.754609045906347,0.0,193.76260636115387,193.76260636115387,154.69479073693827,39.06781562421564,0.0,193.76260636115393,154.69479073693827,39.06781562421564,0.0,0.0,174.75757326475252,127.39097100883173,32.515363486354495,45,5,0.1,1,1,5.0,5.0,0.0,0.0,0.0,0.0,0,0.9453742530039687,0.9453742530039687,1,729,729,3.3105990886688232,25.0,6.0,113.0,True,feasible,nils_complete,2985.434739744233,192.80151256880183,,89.76932946655896,,33.92636327820724,True,feasible_only,0.0,305.4299922141256,True,2985.434739744233,,89.76932946655896,
S0035_R07,3502033,truck_only,S0035,n50_p0.75_d1_clustered_Elow_V1.25_Hmedium_PWflat_B0.05,50,0.76,0.75,1,3,low,1.25,clustered,medium,flat,0.05,1.0,1.0,1.0,peripheral,4136.067103568513,175.4742464279842,0.0,0.0,3960.592857140529,3960.592857140529,1873.8773237415255,1241.9118435734565,844.8036898255466,3960.5928571405284,1873.8773237415255,1241.9118435734565,844.8036898255466,0.0,421.40791830943067,219.3428080349802,0.0,50,0,0.0,0,0,0.0,0.0,0.0,0.0,0.0,0.0,0,0.0,0.0,0,0,0,0.030710458755493164,0.0,0.0,0.0,True,feasible,baseline_truck_only,4136.067103568513,219.3428080349802,,,,0.0,True,feasible_only,0.0,4136.067103568513,True,4136.067103568513,,,
S0035_R07,3502033,nils,S0035,n50_p0.75_d1_clustered_Elow_V1.25_Hmedium_PWflat_B0.05,50,0.76,0.75,1,3,low,1.25,clustered,medium,flat,0.05,1.0,1.0,1.0,peripheral,351.2514556996962,132.2661243841731,9.70402371231236,0.0,209.2813076032107,209.2813076032107,209.2813076032107,0.0,0.0,209.2813076032107,209.2813076032107,0.0,0.0,0.0,154.00386313434134,165.33265548021637,32.34674570770787,47,3,0.06,1,1,3.0,3.0,0.0,0.0,0.0,0.0,0,0.9472698046890655,0.9472698046890655,1,823,823,3.0532567501068115,25.0,11.0,58.0,True,feasible,nils_complete,4136.067103568513,219.3428080349802,,91.50759775157798,,24.62362592994179,True,feasible_only,0.0,351.2514556996962,True,4136.067103568513,,91.50759775157798,
S0035_R08,3502034,truck_only,S0035,n50_p0.75_d1_clustered_Elow_V1.25_Hmedium_PWflat_B0.05,50,0.76,0.75,1,3,low,1.25,clustered,medium,flat,0.05,1.0,1.0,1.0,peripheral,3637.50629657721,158.51595418144072,0.0,0.0,3478.9903423957694,3478.9903423957694,1426.8721062211596,1575.6622428203214,476.4559933542878,3478.9903423957685,1426.8721062211596,1575.6622428203214,476.4559933542878,0.0,386.60419697537054,198.14494272680088,0.0,50,0,0.0,0,0,0.0,0.0,0.0,0.0,0.0,0.0,0,0.0,0.0,0,0,0,0.019383668899536133,0.0,0.0,0.0,True,feasible,baseline_truck_only,3637.50629657721,198.14494272680088,,,,0.0,True,feasible_only,0.0,3637.50629657721,True,3637.50629657721,,,
S0035_R08,3502034,nils,S0035,n50_p0.75_d1_clustered_Elow_V1.25_Hmedium_PWflat_B0.05,50,0.76,0.75,1,3,low,1.25,clustered,medium,flat,0.05,1.0,1.0,1.0,peripheral,208.80205899026643,92.77073658765877,9.541800054269233,0.0,106.48952234833843,106.48952234833843,106.48952234833843,0.0,0.0,106.48952234833843,106.48952234833843,0.0,0.0,0.0,155.37407528495194,115.96342073457346,31.80600018089745,46,4,0.08,1,1,4.0,4.0,0.0,0.0,0.0,0.0,0,0.9393970147485978,0.9393970147485978,1,812,812,3.371671438217163,25.0,6.0,49.0,True,feasible,nils_complete,3637.50629657721,198.14494272680088,,94.25974714636939,,41.47545774384865,True,feasible_only,0.0,208.80205899026643,True,3637.50629657721,,94.25974714636939,
S0035_R09,3502035,truck_only,S0035,n50_p0.75_d1_clustered_Elow_V1.25_Hmedium_PWflat_B0.05,50,0.76,0.75,1,3,low,1.25,clustered,medium,flat,0.05,1.0,1.0,1.0,peripheral,4231.890128991633,181.80777274613678,0.0,0.0,4050.0823562454966,4050.0823562454966,1900.6221739780135,1173.5456929154868,975.9144893519965,4050.0823562454966,1900.6221739780135,1173.5456929154868,975.9144893519965,0.0,436.5570837497998,227.25971593267093,0.0,50,0,0.0,0,0,0.0,0.0,0.0,0.0,0.0,0.0,0,0.0,0.0,0,0,0,0.01848769187927246,0.0,0.0,0.0,True,feasible,baseline_truck_only,4231.890128991633,227.25971593267093,,,,0.0,True,feasible_only,0.0,4231.890128991633,True,4231.890128991633,,,
S0035_R09,3502035,nils,S0035,n50_p0.75_d1_clustered_Elow_V1.25_Hmedium_PWflat_B0.05,50,0.76,0.75,1,3,low,1.25,clustered,medium,flat,0.05,1.0,1.0,1.0,peripheral,333.11390876431943,107.13478979044442,9.652304323205664,0.0,216.32681465066935,216.32681465066935,191.04370590900777,25.283108741661565,0.0,216.32681465066935,191.04370590900777,25.283108741661565,0.0,0.0,178.60305016822318,133.91848723805555,32.17434774401889,44,6,0.12,1,1,6.0,6.0,0.0,0.0,0.0,0.0,0,0.9473555770300826,0.9473555770300826,1,745,745,2.9655649662017822,25.0,12.0,72.0,True,feasible,nils_complete,4231.890128991633,227.25971593267093,,92.12848399625882,,41.07249202153765,True,feasible_only,0.0,333.11390876431943,True,4231.890128991633,,92.12848399625882,
S0035_R10,3502036,truck_only,S0035,n50_p0.75_d1_clustered_Elow_V1.25_Hmedium_PWflat_B0.05,50,0.76,0.75,1,3,low,1.25,clustered,medium,flat,0.05,1.0,1.0,1.0,peripheral,4867.480287107728,186.0727616458839,0.0,0.0,4681.407525461845,4681.407525461845,2408.3122429993527,1390.4925352810742,882.6027471814178,4681.407525461845,2408.3122429993527,1390.4925352810742,882.6027471814178,0.0,447.44558934029305,232.59095205735503,0.0,50,0,0.0,0,0,0.0,0.0,0.0,0.0,0.0,0.0,0,0.0,0.0,0,0,0,0.0183563232421875,0.0,0.0,0.0,True,feasible,baseline_truck_only,4867.480287107728,232.59095205735503,,,,0.0,True,feasible_only,0.0,4867.480287107728,True,4867.480287107728,,,
S0035_R10,3502036,nils,S0035,n50_p0.75_d1_clustered_Elow_V1.25_Hmedium_PWflat_B0.05,50,0.76,0.75,1,3,low,1.25,clustered,medium,flat,0.05,1.0,1.0,1.0,peripheral,312.20777862881573,138.90025283034723,9.238405267897551,0.0,164.06912053057093,164.06912053057093,134.11074592613303,29.95837460443788,0.0,164.0691205305709,134.11074592613303,29.95837460443788,0.0,0.0,174.7816133531464,173.62531603793403,30.79468422632518,48,2,0.04,1,1,2.0,2.0,0.0,0.0,0.0,0.0,0,0.9040498900597884,0.9040498900597884,1,864,864,2.5014214515686035,25.0,7.0,39.0,True,feasible,nils_complete,4867.480287107728,232.59095205735503,,93.58584400524957,,25.351646527024215,True,feasible_only,0.0,312.20777862881573,True,4867.480287107728,,93.58584400524957,
S0036_R01,3602027,truck_only,S0036,n50_p0.75_d1_uniform_Elow_V1.25_Hlong_PWstrict_B0.05,50,0.76,0.75,1,3,low,1.25,uniform,long,strict,0.05,200.0,40.0,1.0,peripheral,216384.439504865,337.2038262568806,0.0,0.0,216047.23567860812,216047.23567860812,896.844095698692,913.5798204013552,135.2237228155212,1945.6476389155682,179368.8191397384,36543.19281605421,135.2237228155212,0.0,337.9194224586105,421.5047828211007,0.0,50,0,0.0,0,0,0.0,0.0,0.0,0.0,0.0,0.0,0,0.0,0.0,0,0,0,0.023485183715820312,0.0,0.0,0.0,True,feasible,baseline_truck_only,216384.439504865,421.5047828211007,,,,0.0,True,feasible_only,0.0,216384.439504865,True,216384.439504865,,,
S0036_R01,3602027,nils,S0036,n50_p0.75_d1_uniform_Elow_V1.25_Hlong_PWstrict_B0.05,50,0.76,0.75,1,3,low,1.25,uniform,long,strict,0.05,200.0,40.0,1.0,peripheral,43869.58984049838,226.35607674515487,9.459584661770545,0.0,43633.77417909146,43633.77417909146,172.86810580031204,226.50382547572622,0.0,399.37193127603825,34573.62116006241,9060.153019029049,0.0,0.0,194.80036458200124,282.94509593144363,31.531948872568485,45,5,0.1,1,1,5.0,5.0,0.0,0.0,0.0,0.0,0,0.9446734312843248,0.9446734312843248,1,674,674,0.839684009552002,22.0,4.0,67.0,True,feasible,nils_complete,216384.439504865,421.5047828211007,,79.7260884651033,,32.87262506543514,True,feasible_only,0.0,43869.58984049838,True,216384.439504865,,79.7260884651033,
S0036_R02,3602028,truck_only,S0036,n50_p0.75_d1_uniform_Elow_V1.25_Hlong_PWstrict_B0.05,50,0.76,0.75,1,3,low,1.25,uniform,long,strict,0.05,200.0,40.0,1.0,peripheral,104940.4374716036,337.15799472325074,0.0,0.0,104603.27947688034,104603.27947688034,449.5108660985637,363.60626747419514,156.85555819979854,969.9726917725574,89902.17321971274,14544.250698967806,156.85555819979854,0.0,346.7208808418212,421.4474934040635,0.0,50,0,0.0,0,0,0.0,0.0,0.0,0.0,0.0,0.0,0,0.0,0.0,0,0,0,0.018963098526000977,0.0,0.0,0.0,True,feasible,baseline_truck_only,104940.4374716036,421.4474934040635,,,,0.0,True,feasible_only,0.0,104940.4374716036,True,104940.4374716036,,,
S0036_R02,3602028,nils,S0036,n50_p0.75_d1_uniform_Elow_V1.25_Hlong_PWstrict_B0.05,50,0.76,0.75,1,3,low,1.25,uniform,long,strict,0.05,200.0,40.0,1.0,peripheral,17512.64604168009,207.59553885185804,8.351069874470603,0.0,17296.699432953763,17296.699432953763,73.49113875343096,64.96179205668922,0.0,138.45293081012017,14698.227750686192,2598.4716822675687,0.0,0.0,202.3976613769807,259.49442356482257,27.836899581568673,45,5,0.1,1,1,5.0,5.0,0.0,0.0,0.0,0.0,0,0.8817365713216441,0.8817365713216441,0,599,599,0.7435472011566162,19.0,5.0,45.0,True,feasible,nils_complete,104940.4374716036,421.4474934040635,,83.31182291247933,,38.42781660204778,True,feasible_only,0.0,17512.64604168009,True,104940.4374716036,,83.31182291247933,
S0036_R03,3602029,truck_only,S0036,n50_p0.75_d1_uniform_Elow_V1.25_Hlong_PWstrict_B0.05,50,0.76,0.75,1,3,low,1.25,uniform,long,strict,0.05,200.0,40.0,1.0,peripheral,445792.76648889174,447.3276203239535,0.0,0.0,445345.43886856775,445345.43886856775,1921.502351836797,1478.6592522841415,1898.598409842685,5298.760013963623,384300.4703673594,59146.370091365665,1898.598409842685,0.0,594.8447249575504,559.1595254049421,0.0,50,0,0.0,0,0,0.0,0.0,0.0,0.0,0.0,0.0,0,0.0,0.0,0,0,0,0.022189855575561523,0.0,0.0,0.0,False,infeasible,baseline_truck_only,445792.76648889174,559.1595254049421,,,,0.0,False,feasible_only,0.0,,False,,,,
S0036_R03,3602029,nils,S0036,n50_p0.75_d1_uniform_Elow_V1.25_Hlong_PWstrict_B0.05,50,0.76,0.75,1,3,low,1.25,uniform,long,strict,0.05,200.0,40.0,1.0,peripheral,445792.76648889174,447.3276203239535,0.0,0.0,445345.43886856775,445345.43886856775,1921.502351836797,1478.6592522841415,1898.598409842685,5298.760013963623,384300.4703673594,59146.370091365665,1898.598409842685,0.0,594.8447249575504,559.1595254049421,0.0,50,0,0.0,0,0,0.0,0.0,0.0,0.0,0.0,0.0,0,0.0,0.0,0,600,600,4.5142858028411865,25.0,0.0,250.0,False,infeasible,nils_complete,445792.76648889174,559.1595254049421,,0.0,,0.0,False,feasible_only,0.0,,False,,,,
S0036_R04,3602030,truck_only,S0036,n50_p0.75_d1_uniform_Elow_V1.25_Hlong_PWstrict_B0.05,50,0.76,0.75,1,3,low,1.25,uniform,long,strict,0.05,200.0,40.0,1.0,peripheral,253049.4346214854,413.8264332925693,0.0,0.0,252635.60818819283,252635.60818819283,1194.925635845205,334.0971363227326,286.5955662425416,1815.6183384104793,238985.12716904102,13363.885452909304,286.5955662425416,0.0,384.914975989577,517.2830416157115,0.0,50,0,0.0,0,0,0.0,0.0,0.0,0.0,0.0,0.0,0,0.0,0.0,0,0,0,0.020438432693481445,0.0,0.0,0.0,True,feasible,baseline_truck_only,253049.4346214854,517.2830416157115,,,,0.0,True,feasible_only,0.0,253049.4346214854,True,253049.4346214854,,,
S0036_R04,3602030,nils,S0036,n50_p0.75_d1_uniform_Elow_V1.25_Hlong_PWstrict_B0.05,50,0.76,0.75,1,3,low,1.25,uniform,long,strict,0.05,200.0,40.0,1.0,peripheral,50546.28070477715,219.61038591157902,9.400976412339952,0.0,50317.26934245323,50317.26934245323,251.58634671226613,0.0,0.0,251.58634671226613,50317.269342453226,0.0,0.0,0.0,219.8642052677381,274.5129823894737,31.336588041133172,45,5,0.1,1,1,5.0,5.0,0.0,0.0,0.0,0.0,0,0.9405815582069644,0.9405815582069644,1,791,791,0.887784481048584,25.0,6.0,49.0,True,feasible,nils_complete,253049.4346214854,517.2830416157115,,80.02513588683377,,46.93176456509301,True,feasible_only,0.0,50546.28070477715,True,253049.4346214854,,80.02513588683377,
S0036_R05,3602031,truck_only,S0036,n50_p0.75_d1_uniform_Elow_V1.25_Hlong_PWstrict_B0.05,50,0.76,0.75,1,3,low,1.25,uniform,long,strict,0.05,200.0,40.0,1.0,peripheral,345770.51496350736,363.8260918437622,0.0,0.0,345406.6888716636,345406.6888716636,1525.3277967446918,1005.7106289503998,112.70436470926592,2643.7427904043575,305065.55934893835,40228.42515801599,112.70436470926592,0.0,373.97643188904453,454.78261480470263,0.0,50,0,0.0,0,0,0.0,0.0,0.0,0.0,0.0,0.0,0,0.0,0.0,0,0,0,0.01851034164428711,0.0,0.0,0.0,True,feasible,baseline_truck_only,345770.51496350736,454.78261480470263,,,,0.0,True,feasible_only,0.0,345770.51496350736,True,345770.51496350736,,,
S0036_R05,3602031,nils,S0036,n50_p0.75_d1_uniform_Elow_V1.25_Hlong_PWstrict_B0.05,50,0.76,0.75,1,3,low,1.25,uniform,long,strict,0.05,200.0,40.0,1.0,peripheral,106665.28065551884,221.5876620859538,8.869807398301106,0.0,106434.82318603458,106434.82318603458,517.2375912939998,74.68262318086497,0.0,591.9202144748648,103447.51825879996,2987.304927234599,0.0,0.0,189.72860726476367,276.98457760744225,29.566024661003684,45,5,0.1,1,1,5.0,5.0,0.0,0.0,0.0,0.0,0,0.9394577596411336,0.9394577596411336,1,808,808,0.8975229263305664,25.0,7.0,32.0,True,feasible,nils_complete,345770.51496350736,454.78261480470263,,69.15142383763511,,39.09517017786887,True,feasible_only,0.0,106665.28065551884,True,345770.51496350736,,69.15142383763511,
S0036_R06,3602032,truck_only,S0036,n50_p0.75_d1_uniform_Elow_V1.25_Hlong_PWstrict_B0.05,50,0.76,0.75,1,3,low,1.25,uniform,long,strict,0.05,200.0,40.0,1.0,peripheral,448289.68536322785,368.25827293353933,0.0,0.0,447921.4270902943,447921.4270902943,2054.6296475080244,921.2311943804558,146.24981347112032,3122.1106553596005,410925.92950160487,36849.24777521823,146.24981347112032,0.0,381.86810781336277,460.32284116692404,0.0,50,0,0.0,0,0,0.0,0.0,0.0,0.0,0.0,0.0,0,0.0,0.0,0,0,0,0.022263288497924805,0.0,0.0,0.0,True,feasible,baseline_truck_only,448289.68536322785,460.32284116692404,,,,0.0,True,feasible_only,0.0,448289.68536322785,True,448289.68536322785,,,
S0036_R06,3602032,nils,S0036,n50_p0.75_d1_uniform_Elow_V1.25_Hlong_PWstrict_B0.05,50,0.76,0.75,1,3,low,1.25,uniform,long,strict,0.05,200.0,40.0,1.0,peripheral,38807.70530803228,231.05198515641302,7.804138861559131,0.0,38568.84918401431,38568.84918401431,177.21525077066585,78.14497574702854,0.0,255.3602265176944,35443.05015413317,3125.7990298811415,0.0,0.0,191.2161261473696,288.8149814455163,26.013796205197103,47,3,0.06,1,1,3.0,3.0,0.0,0.0,0.0,0.0,0,0.8084136231304667,0.8084136231304667,0,847,847,1.04237699508667,25.0,9.0,34.0,True,feasible,nils_complete,448289.68536322785,460.32284116692404,,91.34316345543657,,37.25816848163198,True,feasible_only,0.0,38807.70530803228,True,448289.68536322785,,91.34316345543657,
S0036_R07,3602033,truck_only,S0036,n50_p0.75_d1_uniform_Elow_V1.25_Hlong_PWstrict_B0.05,50,0.76,0.75,1,3,low,1.25,uniform,long,strict,0.05,200.0,40.0,1.0,peripheral,520781.7986693759,388.20490397971656,0.0,0.0,520393.59376539616,520393.59376539616,2347.6696123796737,1250.2891846114487,848.1039050034476,4446.0627019945705,469533.9224759347,50011.56738445795,848.1039050034476,0.0,581.3444866634036,485.25612997464566,0.0,50,0,0.0,0,0,0.0,0.0,0.0,0.0,0.0,0.0,0,0.0,0.0,0,0,0,0.019125938415527344,0.0,0.0,0.0,False,infeasible,baseline_truck_only,520781.7986693759,485.25612997464566,,,,0.0,False,feasible_only,0.0,,False,,,,
S0036_R07,3602033,nils,S0036,n50_p0.75_d1_uniform_Elow_V1.25_Hlong_PWstrict_B0.05,50,0.76,0.75,1,3,low,1.25,uniform,long,strict,0.05,200.0,40.0,1.0,peripheral,520781.7986693759,388.20490397971656,0.0,0.0,520393.59376539616,520393.59376539616,2347.6696123796737,1250.2891846114487,848.1039050034476,4446.0627019945705,469533.9224759347,50011.56738445795,848.1039050034476,0.0,581.3444866634036,485.25612997464566,0.0,50,0,0.0,0,0,0.0,0.0,0.0,0.0,0.0,0.0,0,0.0,0.0,0,525,525,5.2468788623809814,25.0,0.0,300.0,False,infeasible,nils_complete,520781.7986693759,485.25612997464566,,0.0,,0.0,False,feasible_only,0.0,,False,,,,
S0036_R08,3602034,truck_only,S0036,n50_p0.75_d1_uniform_Elow_V1.25_Hlong_PWstrict_B0.05,50,0.76,0.75,1,3,low,1.25,uniform,long,strict,0.05,200.0,40.0,1.0,peripheral,143426.64651126016,399.3891743780103,0.0,0.0,143027.25733688215,143027.25733688215,480.72825788877145,1164.2835823525882,310.2624650243448,1955.2743052657042,96145.6515777543,46571.34329410353,310.2624650243448,0.0,393.35217316155894,499.2364679725129,0.0,50,0,0.0,0,0,0.0,0.0,0.0,0.0,0.0,0.0,0,0.0,0.0,0,0,0,0.018969058990478516,0.0,0.0,0.0,True,feasible,baseline_truck_only,143426.64651126016,499.2364679725129,,,,0.0,True,feasible_only,0.0,143426.64651126016,True,143426.64651126016,,,
S0036_R08,3602034,nils,S0036,n50_p0.75_d1_uniform_Elow_V1.25_Hlong_PWstrict_B0.05,50,0.76,0.75,1,3,low,1.25,uniform,long,strict,0.05,200.0,40.0,1.0,peripheral,35388.21160135961,222.54983556129272,9.448456978563392,0.0,35156.21330881975,35156.21330881975,142.64290603623476,165.69080253931975,0.0,308.3337085755545,28528.581207246953,6627.63210157279,0.0,0.0,208.63859760241888,278.1872944516159,31.49485659521131,47,3,0.06,1,1,3.0,3.0,0.0,0.0,0.0,0.0,0,0.9322886991603846,0.9322886991603846,1,456,456,0.7434952259063721,14.0,3.0,40.0,True,feasible,nils_complete,143426.64651126016,499.2364679725129,,75.32661296756922,,44.277449205306766,True,feasible_only,0.0,35388.21160135961,True,143426.64651126016,,75.32661296756922,
S0036_R09,3602035,truck_only,S0036,n50_p0.75_d1_uniform_Elow_V1.25_Hlong_PWstrict_B0.05,50,0.76,0.75,1,3,low,1.25,uniform,long,strict,0.05,200.0,40.0,1.0,peripheral,321168.7477350206,319.8817259927585,0.0,0.0,320848.8660090278,320848.8660090278,1486.9323796055671,574.0409061580035,500.7538415942653,2561.7271273578363,297386.47592111345,22961.63624632014,500.7538415942653,0.0,413.70911028047857,399.85215749094823,0.0,50,0,0.0,0,0,0.0,0.0,0.0,0.0,0.0,0.0,0,0.0,0.0,0,0,0,0.021633625030517578,0.0,0.0,0.0,True,feasible,baseline_truck_only,321168.7477350206,399.85215749094823,,,,0.0,True,feasible_only,0.0,321168.7477350206,True,321168.7477350206,,,
S0036_R09,3602035,nils,S0036,n50_p0.75_d1_uniform_Elow_V1.25_Hlong_PWstrict_B0.05,50,0.76,0.75,1,3,low,1.25,uniform,long,strict,0.05,200.0,40.0,1.0,peripheral,35679.9013750437,203.37865156599483,8.441001536686233,0.0,35468.08172194102,35468.08172194102,165.9530216115075,56.93693499098784,0.0,222.88995660249532,33190.6043223015,2277.4773996395134,0.0,0.0,188.86360603635754,254.22331445749353,28.136671788954114,45,5,0.1,1,1,5.0,5.0,0.0,0.0,0.0,0.0,0,0.8809729361329202,0.8809729361329202,0,557,557,0.8977744579315186,18.0,6.0,54.0,True,feasible,nils_complete,321168.7477350206,399.85215749094823,,88.89060606716276,,36.4206720672131,True,feasible_only,0.0,35679.9013750437,True,321168.7477350206,,88.89060606716276,
S0036_R10,3602036,truck_only,S0036,n50_p0.75_d1_uniform_Elow_V1.25_Hlong_PWstrict_B0.05,50,0.76,0.75,1,3,low,1.25,uniform,long,strict,0.05,200.0,40.0,1.0,peripheral,160951.96931918536,386.65248831111336,0.0,0.0,160565.31683087425,160565.31683087425,669.1957829120518,662.1581740386397,239.8332869183157,1571.1872438690073,133839.15658241036,26486.326961545587,239.8332869183157,0.0,370.07596343432516,483.3156103888916,0.0,50,0,0.0,0,0,0.0,0.0,0.0,0.0,0.0,0.0,0,0.0,0.0,0,0,0,0.017871379852294922,0.0,0.0,0.0,True,feasible,baseline_truck_only,160951.96931918536,483.3156103888916,,,,0.0,True,feasible_only,0.0,160951.96931918536,True,160951.96931918536,,,
S0036_R10,3602036,nils,S0036,n50_p0.75_d1_uniform_Elow_V1.25_Hlong_PWstrict_B0.05,50,0.76,0.75,1,3,low,1.25,uniform,long,strict,0.05,200.0,40.0,1.0,peripheral,48849.12778905604,259.07405440047734,9.202749071751661,0.0,48580.850985583806,48580.850985583806,228.78509407603235,70.59580425943356,0.0,299.38089833546593,45757.01881520647,2823.8321703773427,0.0,0.0,202.81347550669645,323.8425680005967,30.675830239172207,46,4,0.08,1,1,4.0,4.0,0.0,0.0,0.0,0.0,0,0.9332133827228556,0.9332133827228556,1,805,805,0.9392850399017334,25.0,9.0,56.0,True,feasible,nils_complete,160951.96931918536,483.3156103888916,,69.64987257025548,,32.99563245225571,True,feasible_only,0.0,48849.12778905604,True,160951.96931918536,,69.64987257025548,
S0037_R01,3702027,truck_only,S0037,n50_p0.75_d2_uniform_Elow_V2.00_Hmedium_PWbase_B0.05,50,0.76,0.75,2,3,low,2.0,uniform,medium,base,0.05,100.0,20.0,1.0,peripheral,35155.24743064622,354.4892806509691,0.0,0.0,34800.75814999525,34800.75814999525,240.62819836216406,515.6274164983836,425.38998381117585,1181.6455986717235,24062.819836216404,10312.54832996767,425.38998381117585,0.0,365.0736430945802,443.11160081371145,0.0,50,0,0.0,0,0,0.0,0.0,0.0,0.0,0.0,0.0,0,0.0,0.0,0,0,0,0.021702289581298828,0.0,0.0,0.0,True,feasible,baseline_truck_only,35155.24743064622,443.11160081371145,,,,0.0,True,feasible_only,0.0,35155.24743064622,True,35155.24743064622,,,
S0037_R01,3702027,nils,S0037,n50_p0.75_d2_uniform_Elow_V2.00_Hmedium_PWbase_B0.05,50,0.76,0.75,2,3,low,2.0,uniform,medium,base,0.05,100.0,20.0,1.0,peripheral,4291.056919909351,209.95105946599753,29.930899475334705,0.0,4051.1749609680187,4051.1749609680187,39.09312071009558,7.093144497923021,0.0,46.186265208018604,3909.312071009558,141.8628899584604,0.0,0.0,173.11996041095523,262.43882433249695,99.76966491778234,42,8,0.16,2,2,4.0,4.0,0.0,0.0,0.0,0.0,0,0.9457930472312914,0.9470754883607768,2,905,905,1.3942933082580566,20.0,8.0,377.0,True,feasible,nils_complete,35155.24743064622,443.11160081371145,,87.79397889781693,,40.77365073481142,True,feasible_only,0.0,4291.056919909351,True,35155.24743064622,,87.79397889781693,
S0037_R02,3702028,truck_only,S0037,n50_p0.75_d2_uniform_Elow_V2.00_Hmedium_PWbase_B0.05,50,0.76,0.75,2,3,low,2.0,uniform,medium,base,0.05,100.0,20.0,1.0,peripheral,123576.92401286184,341.9540675388878,0.0,0.0,123234.96994532296,123234.96994532296,912.845161885871,1592.1954217844427,106.54532104699652,2611.5859047173103,91284.5161885871,31843.908435688856,106.54532104699652,0.0,426.9539411320383,427.4425844236098,0.0,50,0,0.0,0,0,0.0,0.0,0.0,0.0,0.0,0.0,0,0.0,0.0,0,0,0,0.022844552993774414,0.0,0.0,0.0,True,feasible,baseline_truck_only,123576.92401286184,427.4425844236098,,,,0.0,True,feasible_only,0.0,123576.92401286184,True,123576.92401286184,,,
S0037_R02,3702028,nils,S0037,n50_p0.75_d2_uniform_Elow_V2.00_Hmedium_PWbase_B0.05,50,0.76,0.75,2,3,low,2.0,uniform,medium,base,0.05,100.0,20.0,1.0,peripheral,964.8973568218194,218.4325818183431,28.114932851643253,0.0,718.349842151833,718.349842151833,0.0,35.91749210759164,0.0,35.91749210759164,0.0,718.3498421518328,0.0,0.0,220.12775282796042,273.0407272729289,93.71644283881085,41,9,0.18,2,2,4.5,4.5,0.0,0.0,0.0,0.0,0,0.9335782698621279,0.9480399638638036,2,1270,1270,1.4636142253875732,25.0,9.0,270.0,True,feasible,nils_complete,123576.92401286184,427.4425844236098,,99.21919293223273,,36.122244899601185,True,feasible_only,0.0,964.8973568218194,True,123576.92401286184,,99.21919293223273,
S0037_R03,3702029,truck_only,S0037,n50_p0.75_d2_uniform_Elow_V2.00_Hmedium_PWbase_B0.05,50,0.76,0.75,2,3,low,2.0,uniform,medium,base,0.05,100.0,20.0,1.0,peripheral,146579.8643949106,384.72117953647046,0.0,0.0,146195.14321537415,146195.14321537415,1378.058103190761,416.70683415768866,55.19621314432632,1849.961150492776,137805.8103190761,8334.136683153773,55.19621314432632,0.0,346.4038308031629,480.901474420588,0.0,50,0,0.0,0,0,0.0,0.0,0.0,0.0,0.0,0.0,0,0.0,0.0,0,0,0,0.023026704788208008,0.0,0.0,0.0,True,feasible,baseline_truck_only,146579.8643949106,480.901474420588,,,,0.0,True,feasible_only,0.0,146579.8643949106,True,146579.8643949106,,,
S0037_R03,3702029,nils,S0037,n50_p0.75_d2_uniform_Elow_V2.00_Hmedium_PWbase_B0.05,50,0.76,0.75,2,3,low,2.0,uniform,medium,base,0.05,100.0,20.0,1.0,peripheral,12557.121243634154,257.9185073958543,28.93317320481883,0.0,12270.26956303348,12270.26956303348,98.24962791828929,122.26533856022748,0.0,220.51496647851678,9824.96279182893,2445.3067712045495,0.0,0.0,255.95111911593108,322.3981342448178,96.44391068272942,40,10,0.2,2,2,5.0,5.0,0.0,0.0,0.0,0.0,0,0.939438398480226,0.9482290670031521,2,1062,1062,1.6656477451324463,24.0,11.0,406.0,True,feasible,nils_complete,146579.8643949106,480.901474420588,,91.43325633744404,,32.959628657146915,True,feasible_only,0.0,12557.121243634154,True,146579.8643949106,,91.43325633744404,
S0037_R04,3702030,truck_only,S0037,n50_p0.75_d2_uniform_Elow_V2.00_Hmedium_PWbase_B0.05,50,0.76,0.75,2,3,low,2.0,uniform,medium,base,0.05,100.0,20.0,1.0,peripheral,129880.73300102282,361.0736494497969,0.0,0.0,129519.65935157302,129519.65935157302,1212.6738304775668,400.19366005884206,248.4031026395234,1861.2705931759322,121267.38304775668,8003.873201176841,248.4031026395234,0.0,360.33601189591536,451.3420618122461,0.0,50,0,0.0,0,0,0.0,0.0,0.0,0.0,0.0,0.0,0,0.0,0.0,0,0,0,0.022257089614868164,0.0,0.0,0.0,True,feasible,baseline_truck_only,129880.73300102282,451.3420618122461,,,,0.0,True,feasible_only,0.0,129880.73300102282,True,129880.73300102282,,,
S0037_R04,3702030,nils,S0037,n50_p0.75_d2_uniform_Elow_V2.00_Hmedium_PWbase_B0.05,50,0.76,0.75,2,3,low,2.0,uniform,medium,base,0.05,100.0,20.0,1.0,peripheral,22618.736780048213,221.62416132388412,28.3985934947238,0.0,22368.714025229605,22368.714025229605,202.63471868289568,105.2621078470021,0.0,307.8968265298978,20263.47186828957,2105.242156940042,0.0,0.0,238.7661173297813,277.03020165485515,94.66197831574601,40,10,0.2,2,2,5.0,5.0,0.0,0.0,0.0,0.0,0,0.9355212977138416,0.945646620034865,2,1202,1202,1.80302095413208,25.0,10.0,308.0,True,feasible,nils_complete,129880.73300102282,451.3420618122461,,82.5849945119496,,38.62078784713466,True,feasible_only,0.0,22618.736780048213,True,129880.73300102282,,82.5849945119496,
S0037_R05,3702031,truck_only,S0037,n50_p0.75_d2_uniform_Elow_V2.00_Hmedium_PWbase_B0.05,50,0.76,0.75,2,3,low,2.0,uniform,medium,base,0.05,100.0,20.0,1.0,peripheral,116456.57454660283,411.23581338849925,0.0,0.0,116045.33873321433,116045.33873321433,930.6910095283945,1105.2919174387578,870.3994315997274,2906.3823585668797,93069.10095283945,22105.838348775156,870.3994315997274,0.0,468.7296739481144,514.0447667356242,0.0,50,0,0.0,0,0,0.0,0.0,0.0,0.0,0.0,0.0,0,0.0,0.0,0,0,0,0.02296614646911621,0.0,0.0,0.0,True,feasible,baseline_truck_only,116456.57454660283,514.0447667356242,,,,0.0,True,feasible_only,0.0,116456.57454660283,True,116456.57454660283,,,
S0037_R05,3702031,nils,S0037,n50_p0.75_d2_uniform_Elow_V2.00_Hmedium_PWbase_B0.05,50,0.76,0.75,2,3,low,2.0,uniform,medium,base,0.05,100.0,20.0,1.0,peripheral,7664.022597464916,195.04830914307783,29.567849500419392,0.0,7439.406438821418,7439.406438821418,55.42710003984341,94.83482174185387,0.0,150.26192178169728,5542.710003984341,1896.6964348370775,0.0,0.0,181.8455037359397,243.8103864288472,98.5594983347313,40,10,0.2,2,2,5.0,5.0,0.0,0.0,0.0,0.0,0,0.9443648747228389,0.9492153207136802,2,913,913,1.7977492809295654,21.0,10.0,387.0,True,feasible,nils_complete,116456.57454660283,514.0447667356242,,93.41898675338594,,52.57020356862419,True,feasible_only,0.0,7664.022597464916,True,116456.57454660283,,93.41898675338594,
S0037_R06,3702032,truck_only,S0037,n50_p0.75_d2_uniform_Elow_V2.00_Hmedium_PWbase_B0.05,50,0.76,0.75,2,3,low,2.0,uniform,medium,base,0.05,100.0,20.0,1.0,peripheral,78798.75574002964,357.51752244027114,0.0,0.0,78441.23821758936,78441.23821758936,670.1651925170177,568.8734208013311,47.25054986095145,1286.2891631793002,67016.51925170177,11377.468416026622,47.25054986095145,0.0,321.3629406339872,446.8969030503389,0.0,50,0,0.0,0,0,0.0,0.0,0.0,0.0,0.0,0.0,0,0.0,0.0,0,0,0,0.030734777450561523,0.0,0.0,0.0,True,feasible,baseline_truck_only,78798.75574002964,446.8969030503389,,,,0.0,True,feasible_only,0.0,78798.75574002964,True,78798.75574002964,,,
S0037_R06,3702032,nils,S0037,n50_p0.75_d2_uniform_Elow_V2.00_Hmedium_PWbase_B0.05,50,0.76,0.75,2,3,low,2.0,uniform,medium,base,0.05,100.0,20.0,1.0,peripheral,4337.781416177098,207.22348133189337,29.514823137485905,0.0,4101.04311170772,4101.04311170772,33.453739229806686,37.78345943635256,0.0,71.23719866615924,3345.373922980669,755.6691887270512,0.0,0.0,209.73767036484338,259.02935166486674,98.3827437916197,42,8,0.16,2,2,4.0,4.0,0.0,0.0,0.0,0.0,0,0.9420197599382467,0.9490357871456673,2,1203,1203,1.5221071243286133,25.0,9.0,379.0,True,feasible,nils_complete,78798.75574002964,446.8969030503389,,94.49511432580462,,42.03823076489536,True,feasible_only,0.0,4337.781416177098,True,78798.75574002964,,94.49511432580462,
S0037_R07,3702033,truck_only,S0037,n50_p0.75_d2_uniform_Elow_V2.00_Hmedium_PWbase_B0.05,50,0.76,0.75,2,3,low,2.0,uniform,medium,base,0.05,100.0,20.0,1.0,peripheral,65349.7917726516,368.7436403091795,0.0,0.0,64981.048132342425,64981.048132342425,488.3960844449535,788.9717906555384,362.0038747363103,1639.371749836802,48839.60844449535,15779.435813110767,362.0038747363103,0.0,383.4700681906794,460.9295503864743,0.0,50,0,0.0,0,0,0.0,0.0,0.0,0.0,0.0,0.0,0,0.0,0.0,0,0,0,0.024223804473876953,0.0,0.0,0.0,True,feasible,baseline_truck_only,65349.7917726516,460.9295503864743,,,,0.0,True,feasible_only,0.0,65349.7917726516,True,65349.7917726516,,,
S0037_R07,3702033,nils,S0037,n50_p0.75_d2_uniform_Elow_V2.00_Hmedium_PWbase_B0.05,50,0.76,0.75,2,3,low,2.0,uniform,medium,base,0.05,100.0,20.0,1.0,peripheral,12075.50973914171,214.3231379660185,29.695962765711005,0.0,11831.49063840998,11831.49063840998,113.38778511230065,24.635606358995716,0.0,138.02339147129635,11338.778511230064,492.7121271799143,0.0,0.0,202.9874090031563,267.90392245752315,98.98654255237003,43,7,0.14,2,2,3.5,3.5,0.0,0.0,0.0,0.0,0,0.9271548186388292,0.9411671711301053,2,1320,1320,1.3161802291870117,25.0,7.0,262.0,True,feasible,nils_complete,65349.7917726516,460.9295503864743,,81.52173188072005,,41.87746864289901,True,feasible_only,0.0,12075.50973914171,True,65349.7917726516,,81.52173188072005,
S0037_R08,3702034,truck_only,S0037,n50_p0.75_d2_uniform_Elow_V2.00_Hmedium_PWbase_B0.05,50,0.76,0.75,2,3,low,2.0,uniform,medium,base,0.05,100.0,20.0,1.0,peripheral,67258.04057653128,401.79540813425206,0.0,0.0,66856.24516839703,66856.24516839703,404.1598126145266,1319.0496583673873,59.270739596612685,1782.4802105785266,40415.98126145266,26380.993167347748,59.270739596612685,0.0,423.48379285911585,502.2442601678149,0.0,50,0,0.0,0,0,0.0,0.0,0.0,0.0,0.0,0.0,0,0.0,0.0,0,0,0,0.021059036254882812,0.0,0.0,0.0,True,feasible,baseline_truck_only,67258.04057653128,502.2442601678149,,,,0.0,True,feasible_only,0.0,67258.04057653128,True,67258.04057653128,,,
S0037_R08,3702034,nils,S0037,n50_p0.75_d2_uniform_Elow_V2.00_Hmedium_PWbase_B0.05,50,0.76,0.75,2,3,low,2.0,uniform,medium,base,0.05,100.0,20.0,1.0,peripheral,7189.200567343391,207.65455497763213,30.302733867797514,0.0,6951.243278497962,6951.243278497962,68.08162268320515,7.1540505088723165,0.0,75.23567319207747,6808.162268320515,143.08101017744633,0.0,0.0,188.453880646336,259.5681937220402,101.0091128926584,40,10,0.2,2,2,5.0,5.0,0.0,0.0,0.0,0.0,0,0.9431317709935545,0.9488291638710363,2,1066,1066,1.6699118614196777,25.0,13.0,458.0,True,feasible,nils_complete,67258.04057653128,502.2442601678149,,89.31101693460283,,48.318335457868514,True,feasible_only,0.0,7189.200567343391,True,67258.04057653128,,89.31101693460283,
S0037_R09,3702035,truck_only,S0037,n50_p0.75_d2_uniform_Elow_V2.00_Hmedium_PWbase_B0.05,50,0.76,0.75,2,3,low,2.0,uniform,medium,base,0.05,100.0,20.0,1.0,peripheral,100035.24896066666,328.8541464527746,0.0,0.0,99706.39481421388,99706.39481421388,928.4054721162287,339.5948639435353,73.95032372031218,1341.950659780076,92840.54721162286,6791.897278870706,73.95032372031218,0.0,332.32440822700687,411.06768306596825,0.0,50,0,0.0,0,0,0.0,0.0,0.0,0.0,0.0,0.0,0,0.0,0.0,0,0,0,0.02142024040222168,0.0,0.0,0.0,True,feasible,baseline_truck_only,100035.24896066666,411.06768306596825,,,,0.0,True,feasible_only,0.0,100035.24896066666,True,100035.24896066666,,,
S0037_R09,3702035,nils,S0037,n50_p0.75_d2_uniform_Elow_V2.00_Hmedium_PWbase_B0.05,50,0.76,0.75,2,3,low,2.0,uniform,medium,base,0.05,100.0,20.0,1.0,peripheral,13928.25426849309,206.0095849026896,30.176137570058366,0.0,13692.068546020342,13692.068546020342,133.56865667069337,16.760143947550333,0.0,150.3288006182437,13356.865667069338,335.20287895100665,0.0,0.0,183.95605947323116,257.511981128362,100.58712523352789,38,12,0.24,2,2,6.0,6.0,0.0,0.0,0.0,0.0,0,0.9347499823713847,0.9429463367012637,2,1095,1095,1.6839284896850586,25.0,12.0,358.0,True,feasible,nils_complete,100035.24896066666,411.06768306596825,,86.07665356641476,,37.355333017741415,True,feasible_only,0.0,13928.25426849309,True,100035.24896066666,,86.07665356641476,
S0037_R10,3702036,truck_only,S0037,n50_p0.75_d2_uniform_Elow_V2.00_Hmedium_PWbase_B0.05,50,0.76,0.75,2,3,low,2.0,uniform,medium,base,0.05,100.0,20.0,1.0,peripheral,82327.39663014727,310.9638496712565,0.0,0.0,82016.43278047601,82016.43278047601,739.3447982623542,404.0976477120298,0.0,1143.442445974384,73934.47982623542,8081.952954240596,0.0,0.0,262.7659078369334,388.7048120890707,0.0,50,0,0.0,0,0,0.0,0.0,0.0,0.0,0.0,0.0,0,0.0,0.0,0,0,0,0.020856142044067383,0.0,0.0,0.0,True,feasible,baseline_truck_only,82327.39663014727,388.7048120890707,,,,0.0,True,feasible_only,0.0,82327.39663014727,True,82327.39663014727,,,
S0037_R10,3702036,nils,S0037,n50_p0.75_d2_uniform_Elow_V2.00_Hmedium_PWbase_B0.05,50,0.76,0.75,2,3,low,2.0,uniform,medium,base,0.05,100.0,20.0,1.0,peripheral,294.64218140585,160.0479428246808,28.735943554772373,0.0,105.85829502639683,105.85829502639683,1.0585829502639683,0.0,0.0,1.0585829502639683,105.85829502639683,0.0,0.0,0.0,158.1083060447123,200.05992853085098,95.78647851590793,39,11,0.22,2,2,5.5,5.5,0.0,0.0,0.0,0.0,0,0.9303433032181856,0.9378324358320769,2,1049,1049,1.597019910812378,25.0,11.0,449.0,True,feasible,nils_complete,82327.39663014727,388.7048120890707,,99.64210919637175,,48.53165633436826,True,feasible_only,0.0,294.64218140585,True,82327.39663014727,,99.64210919637175,
S0038_R01,3802027,truck_only,S0038,n50_p0.75_d1_uniform_Elow_V2.00_Hlong_PWbase_B0.05,50,0.76,0.75,1,3,low,2.0,uniform,long,base,0.05,100.0,20.0,1.0,peripheral,98244.38447954303,349.2083120825824,0.0,0.0,97895.17616746045,97895.17616746045,823.6499578653688,773.6240923716618,57.69853349034486,1654.9725837273754,82364.99578653688,15472.481847433237,57.69853349034486,0.0,322.8981454808747,436.51039010322785,0.0,50,0,0.0,0,0,0.0,0.0,0.0,0.0,0.0,0.0,0,0.0,0.0,0,0,0,0.025870323181152344,0.0,0.0,0.0,True,feasible,baseline_truck_only,98244.38447954303,436.51039010322785,,,,0.0,True,feasible_only,0.0,98244.38447954303,True,98244.38447954303,,,
S0038_R01,3802027,nils,S0038,n50_p0.75_d1_uniform_Elow_V2.00_Hlong_PWbase_B0.05,50,0.76,0.75,1,3,low,2.0,uniform,long,base,0.05,100.0,20.0,1.0,peripheral,5592.289974568285,209.55477737941166,15.094351819898755,0.0,5367.640845368975,5367.640845368975,44.629932477173874,45.23237988257935,0.0,89.86231235975322,4462.993247717387,904.647597651587,0.0,0.0,193.79713907996725,261.94347172426455,50.31450606632918,45,5,0.1,1,1,5.0,5.0,0.0,0.0,0.0,0.0,0,0.9414840678048538,0.9414840678048538,1,682,682,1.189605712890625,25.0,6.0,160.0,True,feasible,nils_complete,98244.38447954303,436.51039010322785,,94.30777646560273,,39.991469238036004,True,feasible_only,0.0,5592.289974568285,True,98244.38447954303,,94.30777646560273,
S0038_R02,3802028,truck_only,S0038,n50_p0.75_d1_uniform_Elow_V2.00_Hlong_PWbase_B0.05,50,0.76,0.75,1,3,low,2.0,uniform,long,base,0.05,100.0,20.0,1.0,peripheral,110809.36732500939,337.1739007631337,0.0,0.0,110472.19342424624,110472.19342424624,933.8717836507518,853.6732000393339,11.551058384402978,1799.0960420744887,93387.17836507517,17073.464000786676,11.551058384402978,0.0,326.6567329763421,421.4673759539171,0.0,50,0,0.0,0,0,0.0,0.0,0.0,0.0,0.0,0.0,0,0.0,0.0,0,0,0,0.024420738220214844,0.0,0.0,0.0,True,feasible,baseline_truck_only,110809.36732500939,421.4673759539171,,,,0.0,True,feasible_only,0.0,110809.36732500939,True,110809.36732500939,,,
S0038_R02,3802028,nils,S0038,n50_p0.75_d1_uniform_Elow_V2.00_Hlong_PWbase_B0.05,50,0.76,0.75,1,3,low,2.0,uniform,long,base,0.05,100.0,20.0,1.0,peripheral,26867.276056660252,221.21511688512516,14.118275620410987,0.0,26631.942664154714,26631.942664154714,247.53423103339603,93.92597804075535,0.0,341.4602090741514,24753.423103339603,1878.519560815107,0.0,0.0,219.8457521538384,276.51889610640643,47.0609187347033,45,5,0.1,1,1,5.0,5.0,0.0,0.0,0.0,0.0,0,0.9417257422013493,0.9417257422013493,1,754,754,1.022033929824829,25.0,6.0,88.0,True,feasible,nils_complete,110809.36732500939,421.4673759539171,,75.75360575982968,,34.391387831488814,True,feasible_only,0.0,26867.276056660252,True,110809.36732500939,,75.75360575982968,
S0038_R03,3802029,truck_only,S0038,n50_p0.75_d1_uniform_Elow_V2.00_Hlong_PWbase_B0.05,50,0.76,0.75,1,3,low,2.0,uniform,long,base,0.05,100.0,20.0,1.0,peripheral,34993.649224046145,341.11164235150505,0.0,0.0,34652.53758169464,34652.53758169464,247.44159928382084,488.9186594268044,130.0044647764684,866.3647234870937,24744.159928382083,9778.373188536088,130.0044647764684,0.0,358.9957113190627,426.3895529393814,0.0,50,0,0.0,0,0,0.0,0.0,0.0,0.0,0.0,0.0,0,0.0,0.0,0,0,0,0.018663883209228516,0.0,0.0,0.0,True,feasible,baseline_truck_only,34993.649224046145,426.3895529393814,,,,0.0,True,feasible_only,0.0,34993.649224046145,True,34993.649224046145,,,
S0038_R03,3802029,nils,S0038,n50_p0.75_d1_uniform_Elow_V2.00_Hlong_PWbase_B0.05,50,0.76,0.75,1,3,low,2.0,uniform,long,base,0.05,100.0,20.0,1.0,peripheral,3879.63164606067,205.49702366883585,14.424318927088175,0.0,3659.7103034647457,3659.7103034647457,36.59710303464746,0.0,0.0,36.59710303464746,3659.710303464746,0.0,0.0,0.0,173.08992928789064,256.87127958604475,48.08106309029392,44,6,0.12,1,1,6.0,6.0,0.0,0.0,0.0,0.0,0,0.9286472650286486,0.9286472650286486,1,590,590,1.313227653503418,23.0,7.0,170.0,True,feasible,nils_complete,34993.649224046145,426.3895529393814,,88.91332646897898,,39.75666668771235,True,feasible_only,0.0,3879.63164606067,True,34993.649224046145,,88.91332646897898,
S0038_R04,3802030,truck_only,S0038,n50_p0.75_d1_uniform_Elow_V2.00_Hlong_PWbase_B0.05,50,0.76,0.75,1,3,low,2.0,uniform,long,base,0.05,100.0,20.0,1.0,peripheral,102468.13944180368,340.6040137229049,0.0,0.0,102127.53542808078,102127.53542808078,881.9959705887129,693.054699544786,66.84437831375999,1641.895048447259,88199.5970588713,13861.093990895719,66.84437831375999,0.0,348.5219280910989,425.7550171536311,0.0,50,0,0.0,0,0,0.0,0.0,0.0,0.0,0.0,0.0,0,0.0,0.0,0,0,0,0.020162582397460938,0.0,0.0,0.0,True,feasible,baseline_truck_only,102468.13944180368,425.7550171536311,,,,0.0,True,feasible_only,0.0,102468.13944180368,True,102468.13944180368,,,
S0038_R04,3802030,nils,S0038,n50_p0.75_d1_uniform_Elow_V2.00_Hlong_PWbase_B0.05,50,0.76,0.75,1,3,low,2.0,uniform,long,base,0.05,100.0,20.0,1.0,peripheral,8479.629680524022,212.21256329605154,13.989201664791945,0.0,8253.427915563178,8253.427915563178,71.93726119974741,52.98508977942187,0.0,124.92235097916928,7193.726119974741,1059.7017955884373,0.0,0.0,198.87733317696336,265.26570412006436,46.63067221597316,45,5,0.1,1,1,5.0,5.0,0.0,0.0,0.0,0.0,0,0.9415099466009608,0.9415099466009608,1,750,750,1.025052547454834,25.0,5.0,92.0,True,feasible,nils_complete,102468.13944180368,425.7550171536311,,91.72461827967513,,37.695225321479924,True,feasible_only,0.0,8479.629680524022,True,102468.13944180368,,91.72461827967513,
S0038_R05,3802031,truck_only,S0038,n50_p0.75_d1_uniform_Elow_V2.00_Hlong_PWbase_B0.05,50,0.76,0.75,1,3,low,2.0,uniform,long,base,0.05,100.0,20.0,1.0,peripheral,127956.79625173954,430.7870244793725,0.0,0.0,127526.00922726016,127526.00922726016,1065.0282146624188,1049.6095953642862,30.995853732576904,2145.6336637592817,106502.82146624188,20992.191907285724,30.995853732576904,0.0,376.4742956200956,538.4837805992157,0.0,50,0,0.0,0,0,0.0,0.0,0.0,0.0,0.0,0.0,0,0.0,0.0,0,0,0,0.02243638038635254,0.0,0.0,0.0,True,feasible,baseline_truck_only,127956.79625173954,538.4837805992157,,,,0.0,True,feasible_only,0.0,127956.79625173954,True,127956.79625173954,,,
S0038_R05,3802031,nils,S0038,n50_p0.75_d1_uniform_Elow_V2.00_Hlong_PWbase_B0.05,50,0.76,0.75,1,3,low,2.0,uniform,long,base,0.05,100.0,20.0,1.0,peripheral,8196.849610527039,231.5234903751429,13.73147918297612,0.0,7951.59464096892,7951.59464096892,70.98832997371863,42.63808217985286,0.0,113.6264121535715,7098.832997371864,852.7616435970572,0.0,0.0,202.34005006150187,289.4043629689287,45.771597276587066,45,5,0.1,1,1,5.0,5.0,0.0,0.0,0.0,0.0,0,0.9171705133371991,0.9171705133371991,1,500,500,0.969578742980957,18.0,5.0,100.0,True,feasible,nils_complete,127956.79625173954,538.4837805992157,,93.5940490457414,,46.25569545532377,True,feasible_only,0.0,8196.849610527039,True,127956.79625173954,,93.5940490457414,
S0038_R06,3802032,truck_only,S0038,n50_p0.75_d1_uniform_Elow_V2.00_Hlong_PWbase_B0.05,50,0.76,0.75,1,3,low,2.0,uniform,long,base,0.05,100.0,20.0,1.0,peripheral,62803.05219764635,328.27269783141014,0.0,0.0,62474.77949981494,62474.77949981494,544.3457162469317,400.97592157203195,20.689443681137533,966.0110815001011,54434.57162469317,8019.518431440639,20.689443681137533,0.0,297.5581439721399,410.3408722892626,0.0,50,0,0.0,0,0,0.0,0.0,0.0,0.0,0.0,0.0,0,0.0,0.0,0,0,0,0.020035505294799805,0.0,0.0,0.0,True,feasible,baseline_truck_only,62803.05219764635,410.3408722892626,,,,0.0,True,feasible_only,0.0,62803.05219764635,True,62803.05219764635,,,
S0038_R06,3802032,nils,S0038,n50_p0.75_d1_uniform_Elow_V2.00_Hlong_PWbase_B0.05,50,0.76,0.75,1,3,low,2.0,uniform,long,base,0.05,100.0,20.0,1.0,peripheral,6809.560531983092,184.15120588211772,14.498132571062705,0.0,6610.9111935299115,6610.9111935299115,66.10911193529911,0.0,0.0,66.10911193529911,6610.9111935299115,0.0,0.0,0.0,188.5505487103825,230.1890073526471,48.32710857020902,47,3,0.06,1,1,3.0,3.0,0.0,0.0,0.0,0.0,0,0.9399180194305663,0.9399180194305663,1,798,798,1.1552281379699707,25.0,4.0,83.0,True,feasible,nils_complete,62803.05219764635,410.3408722892626,,89.15727772186477,,43.9029784996949,True,feasible_only,0.0,6809.560531983092,True,62803.05219764635,,89.15727772186477,
S0038_R07,3802033,truck_only,S0038,n50_p0.75_d1_uniform_Elow_V2.00_Hlong_PWbase_B0.05,50,0.76,0.75,1,3,low,2.0,uniform,long,base,0.05,100.0,20.0,1.0,peripheral,152801.54127782097,404.0064344510034,0.0,0.0,152397.53484336997,152397.53484336997,1212.1679316020031,1550.2843085788031,175.05551159361835,2937.507751774425,121216.79316020031,31005.68617157606,175.05551159361835,0.0,459.271938497853,505.00804306375426,0.0,50,0,0.0,0,0,0.0,0.0,0.0,0.0,0.0,0.0,0,0.0,0.0,0,0,0,0.02650284767150879,0.0,0.0,0.0,True,feasible,baseline_truck_only,152801.54127782097,505.00804306375426,,,,0.0,True,feasible_only,0.0,152801.54127782097,True,152801.54127782097,,,
S0038_R07,3802033,nils,S0038,n50_p0.75_d1_uniform_Elow_V2.00_Hlong_PWbase_B0.05,50,0.76,0.75,1,3,low,2.0,uniform,long,base,0.05,100.0,20.0,1.0,peripheral,11445.63013608953,242.15587882079475,14.85641338907233,0.0,11188.617843879663,11188.617843879663,75.186391146456,183.49893646170312,0.0,258.6853276081591,7518.639114645601,3669.9787292340625,0.0,0.0,240.46500422033677,302.6948485259934,49.52137796357444,46,4,0.08,1,1,4.0,4.0,0.0,0.0,0.0,0.0,0,0.9472627775291192,0.9472627775291192,1,758,758,1.2383363246917725,25.0,8.0,103.0,True,feasible,nils_complete,152801.54127782097,505.00804306375426,,92.5094799173005,,40.06138066839067,True,feasible_only,0.0,11445.63013608953,True,152801.54127782097,,92.5094799173005,
S0038_R08,3802034,truck_only,S0038,n50_p0.75_d1_uniform_Elow_V2.00_Hlong_PWbase_B0.05,50,0.76,0.75,1,3,low,2.0,uniform,long,base,0.05,100.0,20.0,1.0,peripheral,148526.19863000087,362.6358776935169,0.0,0.0,148163.56275230736,148163.56275230736,1226.9468745525269,1258.1632583228559,305.61013059753327,2790.7202634729165,122694.68745525269,25163.265166457117,305.61013059753327,0.0,386.7692416947551,453.29484711689594,0.0,50,0,0.0,0,0,0.0,0.0,0.0,0.0,0.0,0.0,0,0.0,0.0,0,0,0,0.02358722686767578,0.0,0.0,0.0,True,feasible,baseline_truck_only,148526.19863000087,453.29484711689594,,,,0.0,True,feasible_only,0.0,148526.19863000087,True,148526.19863000087,,,
S0038_R08,3802034,nils,S0038,n50_p0.75_d1_uniform_Elow_V2.00_Hlong_PWbase_B0.05,50,0.76,0.75,1,3,low,2.0,uniform,long,base,0.05,100.0,20.0,1.0,peripheral,8235.492989528946,230.64816897838986,14.961972665301595,0.0,7989.882847885255,7989.882847885255,66.23710015735013,68.30864160751213,0.0,134.54574176486227,6623.710015735012,1366.1728321502426,0.0,0.0,203.05122441076747,288.3102112229873,49.87324221767199,47,3,0.06,1,1,3.0,3.0,0.0,0.0,0.0,0.0,0,0.9480625434890017,0.9480625434890017,1,771,771,1.1205732822418213,24.0,5.0,75.0,True,feasible,nils_complete,148526.19863000087,453.29484711689594,,94.4551916998531,,36.39675962417511,True,feasible_only,0.0,8235.492989528946,True,148526.19863000087,,94.4551916998531,
S0038_R09,3802035,truck_only,S0038,n50_p0.75_d1_uniform_Elow_V2.00_Hlong_PWbase_B0.05,50,0.76,0.75,1,3,low,2.0,uniform,long,base,0.05,100.0,20.0,1.0,peripheral,78380.1732450465,355.1055603991334,0.0,0.0,78025.06768464738,78025.06768464738,573.0473374346353,1024.0693187746988,238.94756568987455,1836.0642218992086,57304.733743463534,20481.386375493974,238.94756568987455,0.0,362.4797165951827,443.8819504989168,0.0,50,0,0.0,0,0,0.0,0.0,0.0,0.0,0.0,0.0,0,0.0,0.0,0,0,0,0.020305395126342773,0.0,0.0,0.0,True,feasible,baseline_truck_only,78380.1732450465,443.8819504989168,,,,0.0,True,feasible_only,0.0,78380.1732450465,True,78380.1732450465,,,
S0038_R09,3802035,nils,S0038,n50_p0.75_d1_uniform_Elow_V2.00_Hlong_PWbase_B0.05,50,0.76,0.75,1,3,low,2.0,uniform,long,base,0.05,100.0,20.0,1.0,peripheral,11867.124901512801,214.37069821953344,14.297054272630163,0.0,11638.457149020638,11638.457149020638,110.98290572641682,27.008328818947817,0.0,137.99123454536465,11098.290572641681,540.1665763789563,0.0,0.0,192.61774226503982,267.9633727744167,47.656847575433886,46,4,0.08,1,1,4.0,4.0,0.0,0.0,0.0,0.0,0,0.9408056065250514,0.9408056065250514,1,768,768,1.3790206909179688,25.0,7.0,92.0,True,feasible,nils_complete,78380.1732450465,443.8819504989168,,84.85953218754491,,39.631838493718924,True,feasible_only,0.0,11867.124901512801,True,78380.1732450465,,84.85953218754491,
S0038_R10,3802036,truck_only,S0038,n50_p0.75_d1_uniform_Elow_V2.00_Hlong_PWbase_B0.05,50,0.76,0.75,1,3,low,2.0,uniform,long,base,0.05,100.0,20.0,1.0,peripheral,199271.98535574385,365.4541202838307,0.0,0.0,198906.53123546002,198906.53123546002,1900.1218455679164,433.5734833325052,222.87701201826187,2556.572340918683,190012.18455679165,8671.469666650104,222.87701201826187,0.0,403.8198337062058,456.8176503547885,0.0,50,0,0.0,0,0,0.0,0.0,0.0,0.0,0.0,0.0,0,0.0,0.0,0,0,0,0.01928544044494629,0.0,0.0,0.0,True,feasible,baseline_truck_only,199271.98535574385,456.8176503547885,,,,0.0,True,feasible_only,0.0,199271.98535574385,True,199271.98535574385,,,
S0038_R10,3802036,nils,S0038,n50_p0.75_d1_uniform_Elow_V2.00_Hlong_PWbase_B0.05,50,0.76,0.75,1,3,low,2.0,uniform,long,base,0.05,100.0,20.0,1.0,peripheral,25233.423207549127,195.5641342983376,14.340696933468115,0.0,25023.518376317323,25023.518376317323,244.59665607988572,28.192638416437376,0.0,272.7892944963231,24459.665607988572,563.8527683287475,0.0,0.0,213.40545879628013,244.45516787292195,47.80232311156038,46,4,0.08,1,1,4.0,4.0,0.0,0.0,0.0,0.0,0,0.9126479923603794,0.9126479923603794,1,747,747,1.2789788246154785,25.0,4.0,114.0,True,feasible,nils_complete,199271.98535574385,456.8176503547885,,87.33719485832292,,46.48736368153348,True,feasible_only,0.0,25233.423207549127,True,199271.98535574385,,87.33719485832292,
S0039_R01,3902027,truck_only,S0039,n50_p0.75_d1_uniform_Emedium_V1.25_Hshort_PWmoderate_B0.05,50,0.76,0.75,1,3,medium,1.25,uniform,short,moderate,0.05,20.0,5.0,1.0,peripheral,16740.30781654153,373.46980903479056,0.0,0.0,16366.838007506742,16366.838007506742,687.4360309926427,501.82611619517434,108.98680667801506,1298.248953865832,13748.720619852855,2509.1305809758715,108.98680667801506,0.0,337.225490005654,466.83726129348815,0.0,50,0,0.0,0,0,0.0,0.0,0.0,0.0,0.0,0.0,0,0.0,0.0,0,0,0,0.030779361724853516,0.0,0.0,0.0,True,feasible,baseline_truck_only,16740.30781654153,466.83726129348815,,,,0.0,True,feasible_only,0.0,16740.30781654153,True,16740.30781654153,,,
S0039_R01,3902027,nils,S0039,n50_p0.75_d1_uniform_Emedium_V1.25_Hshort_PWmoderate_B0.05,50,0.76,0.75,1,3,medium,1.25,uniform,short,moderate,0.05,20.0,5.0,1.0,peripheral,2915.7990175566406,224.88111982299662,12.845151012404662,0.0,2678.072746721239,2678.072746721239,123.18142629125212,42.88884417923937,0.0,166.0702704704915,2463.6285258250423,214.44422089619684,0.0,0.0,208.95925871224586,281.1013997787458,42.81717004134887,46,4,0.08,1,1,4.0,4.0,0.0,0.0,0.0,0.0,0,0.9470094361160185,0.9470094361160185,1,790,790,1.204871416091919,25.0,3.0,70.0,True,feasible,nils_complete,16740.30781654153,466.83726129348815,,82.58216605386751,,39.785997587278096,True,feasible_only,0.0,2915.7990175566406,True,16740.30781654153,,82.58216605386751,
S0039_R02,3902028,truck_only,S0039,n50_p0.75_d1_uniform_Emedium_V1.25_Hshort_PWmoderate_B0.05,50,0.76,0.75,1,3,medium,1.25,uniform,short,moderate,0.05,20.0,5.0,1.0,peripheral,20436.749427193005,428.1440653035857,0.0,0.0,20008.60536188942,20008.60536188942,909.067261110494,329.89362384896793,177.7920204347014,1416.7529053941635,18181.34522220988,1649.4681192448397,177.7920204347014,0.0,353.8850233107593,535.1800816294822,0.0,50,0,0.0,0,0,0.0,0.0,0.0,0.0,0.0,0.0,0,0.0,0.0,0,0,0,0.024857282638549805,0.0,0.0,0.0,True,feasible,baseline_truck_only,20436.749427193005,535.1800816294822,,,,0.0,True,feasible_only,0.0,20436.749427193005,True,20436.749427193005,,,
S0039_R02,3902028,nils,S0039,n50_p0.75_d1_uniform_Emedium_V1.25_Hshort_PWmoderate_B0.05,50,0.76,0.75,1,3,medium,1.25,uniform,short,moderate,0.05,20.0,5.0,1.0,peripheral,3171.199671361646,223.16967982682303,13.071944599457938,0.0,2934.958046935365,2934.958046935365,146.74790234676826,0.0,0.0,146.74790234676826,2934.958046935365,0.0,0.0,0.0,184.9257102438373,278.96209978352874,43.573148664859794,46,4,0.08,1,1,4.0,4.0,0.0,0.0,0.0,0.0,0,0.9356233425596265,0.9356233425596265,1,777,777,1.0555157661437988,25.0,4.0,83.0,True,feasible,nils_complete,20436.749427193005,535.1800816294822,,84.48285681311887,,47.87509674609662,True,feasible_only,0.0,3171.199671361646,True,20436.749427193005,,84.48285681311887,
S0039_R03,3902029,truck_only,S0039,n50_p0.75_d1_uniform_Emedium_V1.25_Hshort_PWmoderate_B0.05,50,0.76,0.75,1,3,medium,1.25,uniform,short,moderate,0.05,20.0,5.0,1.0,peripheral,29399.989955176545,359.57898801067523,0.0,0.0,29040.41096716587,29040.41096716587,1102.303682266814,1272.8251387447988,630.211628105596,3005.3404491172087,22046.073645336277,6364.125693723994,630.211628105596,0.0,472.7249572957977,449.47373501334414,0.0,50,0,0.0,0,0,0.0,0.0,0.0,0.0,0.0,0.0,0,0.0,0.0,0,0,0,0.01774883270263672,0.0,0.0,0.0,True,feasible,baseline_truck_only,29399.989955176545,449.47373501334414,,,,0.0,True,feasible_only,0.0,29399.989955176545,True,29399.989955176545,,,
S0039_R03,3902029,nils,S0039,n50_p0.75_d1_uniform_Emedium_V1.25_Hshort_PWmoderate_B0.05,50,0.76,0.75,1,3,medium,1.25,uniform,short,moderate,0.05,20.0,5.0,1.0,peripheral,4717.535774916043,195.77799388875619,12.995560865135424,0.0,4508.762220162152,4508.762220162152,199.19717255927281,104.96375379533897,0.0,304.1609263546118,3983.943451185456,524.8187689766949,0.0,0.0,222.00427719153947,244.7224923609452,43.31853621711808,45,5,0.1,1,1,5.0,5.0,0.0,0.0,0.0,0.0,0,0.9456279142257917,0.9456279142257917,1,493,493,0.8476755619049072,17.0,5.0,85.0,True,feasible,nils_complete,29399.989955176545,449.47373501334414,,83.95395446696263,,45.55355000806003,True,feasible_only,0.0,4717.535774916043,True,29399.989955176545,,83.95395446696263,
S0039_R04,3902030,truck_only,S0039,n50_p0.75_d1_uniform_Emedium_V1.25_Hshort_PWmoderate_B0.05,50,0.76,0.75,1,3,medium,1.25,uniform,short,moderate,0.05,20.0,5.0,1.0,peripheral,34579.06755396672,370.9800766642694,0.0,0.0,34208.08747730245,34208.08747730245,1432.7092528214664,1060.2945603868322,252.4296189389524,2745.433432147251,28654.185056429327,5301.472801934161,252.4296189389524,0.0,366.1184977007314,463.7250958303369,0.0,50,0,0.0,0,0,0.0,0.0,0.0,0.0,0.0,0.0,0,0.0,0.0,0,0,0,0.018492937088012695,0.0,0.0,0.0,True,feasible,baseline_truck_only,34579.06755396672,463.7250958303369,,,,0.0,True,feasible_only,0.0,34579.06755396672,True,34579.06755396672,,,
S0039_R04,3902030,nils,S0039,n50_p0.75_d1_uniform_Emedium_V1.25_Hshort_PWmoderate_B0.05,50,0.76,0.75,1,3,medium,1.25,uniform,short,moderate,0.05,20.0,5.0,1.0,peripheral,4558.03085958116,210.00578378226749,12.747369753716725,0.0,4335.277706045176,4335.277706045176,198.1399767119962,74.49563436105049,0.0,272.6356110730467,3962.7995342399245,372.4781718052525,0.0,0.0,206.64674756016737,262.5072297278344,42.49123251238908,45,5,0.1,1,1,5.0,5.0,0.0,0.0,0.0,0.0,0,0.9303768182521077,0.9303768182521077,1,767,767,1.2566211223602295,25.0,7.0,73.0,True,feasible,nils_complete,34579.06755396672,463.7250958303369,,86.81852582500223,,43.39162747752649,True,feasible_only,0.0,4558.03085958116,True,34579.06755396672,,86.81852582500223,
S0039_R05,3902031,truck_only,S0039,n50_p0.75_d1_uniform_Emedium_V1.25_Hshort_PWmoderate_B0.05,50,0.76,0.75,1,3,medium,1.25,uniform,short,moderate,0.05,20.0,5.0,1.0,peripheral,32482.993676297352,357.7323694399115,0.0,0.0,32125.26130685744,32125.26130685744,1506.1438770471175,393.37267096130137,35.52041110858303,1935.0369591170017,30122.87754094235,1966.8633548065068,35.52041110858303,0.0,319.656866228539,447.1654617998893,0.0,50,0,0.0,0,0,0.0,0.0,0.0,0.0,0.0,0.0,0,0.0,0.0,0,0,0,0.03144097328186035,0.0,0.0,0.0,True,feasible,baseline_truck_only,32482.993676297352,447.1654617998893,,,,0.0,True,feasible_only,0.0,32482.993676297352,True,32482.993676297352,,,
S0039_R05,3902031,nils,S0039,n50_p0.75_d1_uniform_Emedium_V1.25_Hshort_PWmoderate_B0.05,50,0.76,0.75,1,3,medium,1.25,uniform,short,moderate,0.05,20.0,5.0,1.0,peripheral,5666.973344303619,219.94201445462195,10.789606497112745,0.0,5436.2417233518845,5436.2417233518845,269.97500190048777,7.348337068425977,0.0,277.32333896891373,5399.500038009755,36.741685342129884,0.0,0.0,193.56088076656903,274.92751806827755,35.965354990375815,45,5,0.1,1,1,5.0,5.0,0.0,0.0,0.0,0.0,0,0.805419842485814,0.805419842485814,0,773,773,1.3210370540618896,25.0,7.0,69.0,True,feasible,nils_complete,32482.993676297352,447.1654617998893,,82.55402996171878,,38.517720719828276,True,feasible_only,0.0,5666.973344303619,True,32482.993676297352,,82.55402996171878,
S0039_R06,3902032,truck_only,S0039,n50_p0.75_d1_uniform_Emedium_V1.25_Hshort_PWmoderate_B0.05,50,0.76,0.75,1,3,medium,1.25,uniform,short,moderate,0.05,20.0,5.0,1.0,peripheral,24813.91595002066,369.2498392843683,0.0,0.0,24444.66611073629,24444.66611073629,799.9945977564794,1674.2872612814183,73.3378491996084,2547.6197082375056,15999.891955129588,8371.436306407091,73.3378491996084,0.0,395.61570858750497,461.56229910546045,0.0,50,0,0.0,0,0,0.0,0.0,0.0,0.0,0.0,0.0,0,0.0,0.0,0,0,0,0.02119898796081543,0.0,0.0,0.0,True,feasible,baseline_truck_only,24813.91595002066,461.56229910546045,,,,0.0,True,feasible_only,0.0,24813.91595002066,True,24813.91595002066,,,
S0039_R06,3902032,nils,S0039,n50_p0.75_d1_uniform_Emedium_V1.25_Hshort_PWmoderate_B0.05,50,0.76,0.75,1,3,medium,1.25,uniform,short,moderate,0.05,20.0,5.0,1.0,peripheral,3699.9795395953047,227.94895484271558,12.985764789787403,0.0,3459.0448199628017,3459.0448199628017,121.05870495589309,207.57414416898806,0.0,328.63284912488115,2421.1740991178617,1037.8707208449403,0.0,0.0,208.45956903564618,284.93619355339445,43.28588263262468,44,6,0.12,1,1,6.0,6.0,0.0,0.0,0.0,0.0,0,0.9374976368771338,0.9374976368771338,1,487,487,1.1237781047821045,19.0,6.0,142.0,True,feasible,nils_complete,24813.91595002066,461.56229910546045,,85.08909457480361,,38.267013119221296,True,feasible_only,0.0,3699.9795395953047,True,24813.91595002066,,85.08909457480361,
S0039_R07,3902033,truck_only,S0039,n50_p0.75_d1_uniform_Emedium_V1.25_Hshort_PWmoderate_B0.05,50,0.76,0.75,1,3,medium,1.25,uniform,short,moderate,0.05,20.0,5.0,1.0,peripheral,15123.185022793368,370.67544152498476,0.0,0.0,14752.509581268383,14752.509581268383,577.6970966399845,631.5195501080334,40.969897928524944,1250.1865446765428,11553.94193279969,3157.597750540167,40.969897928524944,0.0,309.8404878896105,463.34430190623107,0.0,50,0,0.0,0,0,0.0,0.0,0.0,0.0,0.0,0.0,0,0.0,0.0,0,0,0,0.02126598358154297,0.0,0.0,0.0,True,feasible,baseline_truck_only,15123.185022793368,463.34430190623107,,,,0.0,True,feasible_only,0.0,15123.185022793368,True,15123.185022793368,,,
S0039_R07,3902033,nils,S0039,n50_p0.75_d1_uniform_Emedium_V1.25_Hshort_PWmoderate_B0.05,50,0.76,0.75,1,3,medium,1.25,uniform,short,moderate,0.05,20.0,5.0,1.0,peripheral,1660.3933888647368,243.6866459045333,12.639610782821627,0.0,1404.0671321773818,1404.0671321773818,36.0625298944971,136.563306857488,0.0,172.62583675198508,721.2505978899419,682.8165342874399,0.0,0.0,214.3432511398702,304.6083073806666,42.13203594273877,46,4,0.08,1,1,4.0,4.0,0.0,0.0,0.0,0.0,0,0.9142271406042829,0.9142271406042829,1,783,783,1.5936622619628906,25.0,4.0,78.0,True,feasible,nils_complete,15123.185022793368,463.34430190623107,,89.02087499186035,,34.25875615012711,True,feasible_only,0.0,1660.3933888647368,True,15123.185022793368,,89.02087499186035,
S0039_R08,3902034,truck_only,S0039,n50_p0.75_d1_uniform_Emedium_V1.25_Hshort_PWmoderate_B0.05,50,0.76,0.75,1,3,medium,1.25,uniform,short,moderate,0.05,20.0,5.0,1.0,peripheral,17729.172164702493,335.83568995383655,0.0,0.0,17393.336474748656,17393.336474748656,672.1664234136223,784.4679775138434,27.668118906993783,1484.3025198344596,13443.328468272446,3922.339887569217,27.668118906993783,0.0,313.1395660789208,419.79461244229566,0.0,50,0,0.0,0,0,0.0,0.0,0.0,0.0,0.0,0.0,0,0.0,0.0,0,0,0,0.020628690719604492,0.0,0.0,0.0,True,feasible,baseline_truck_only,17729.172164702493,419.79461244229566,,,,0.0,True,feasible_only,0.0,17729.172164702493,True,17729.172164702493,,,
S0039_R08,3902034,nils,S0039,n50_p0.75_d1_uniform_Emedium_V1.25_Hshort_PWmoderate_B0.05,50,0.76,0.75,1,3,medium,1.25,uniform,short,moderate,0.05,20.0,5.0,1.0,peripheral,3571.062630250984,233.33496445236054,12.704265189115107,0.0,3325.0234006095084,3325.0234006095084,145.4741181644161,83.10820746423735,0.0,228.58232562865345,2909.4823632883217,415.54103732118676,0.0,0.0,196.37770825743337,291.6687055654507,42.347550630383694,45,5,0.1,1,1,5.0,5.0,0.0,0.0,0.0,0.0,0,0.9487244658983084,0.9487244658983084,1,764,764,1.232987642288208,25.0,6.0,78.0,True,feasible,nils_complete,17729.172164702493,419.79461244229566,,79.85770233896926,,30.521093668027234,True,feasible_only,0.0,3571.062630250984,True,17729.172164702493,,79.85770233896926,
S0039_R09,3902035,truck_only,S0039,n50_p0.75_d1_uniform_Emedium_V1.25_Hshort_PWmoderate_B0.05,50,0.76,0.75,1,3,medium,1.25,uniform,short,moderate,0.05,20.0,5.0,1.0,peripheral,32617.50672689129,365.1922530083731,0.0,0.0,32252.314473882918,32252.314473882918,1145.81347311864,1547.8147140665162,1596.9714411775335,4290.59962836269,22916.269462372802,7739.073570332581,1596.9714411775335,0.0,541.7021101569229,456.49031626046644,0.0,50,0,0.0,0,0,0.0,0.0,0.0,0.0,0.0,0.0,0,0.0,0.0,0,0,0,0.021821022033691406,0.0,0.0,0.0,False,infeasible,baseline_truck_only,32617.50672689129,456.49031626046644,,,,0.0,False,feasible_only,0.0,,False,,,,
S0039_R09,3902035,nils,S0039,n50_p0.75_d1_uniform_Emedium_V1.25_Hshort_PWmoderate_B0.05,50,0.76,0.75,1,3,medium,1.25,uniform,short,moderate,0.05,20.0,5.0,1.0,peripheral,32617.50672689129,365.1922530083731,0.0,0.0,32252.314473882918,32252.314473882918,1145.81347311864,1547.8147140665162,1596.9714411775335,4290.59962836269,22916.269462372802,7739.073570332581,1596.9714411775335,0.0,541.7021101569229,456.49031626046644,0.0,50,0,0.0,0,0,0.0,0.0,0.0,0.0,0.0,0.0,0,0.0,0.0,0,125,125,5.464757204055786,25.0,0.0,325.0,False,infeasible,nils_complete,32617.50672689129,456.49031626046644,,0.0,,0.0,False,feasible_only,0.0,,False,,,,
S0039_R10,3902036,truck_only,S0039,n50_p0.75_d1_uniform_Emedium_V1.25_Hshort_PWmoderate_B0.05,50,0.76,0.75,1,3,medium,1.25,uniform,short,moderate,0.05,20.0,5.0,1.0,peripheral,31254.22583752806,326.8917080896407,0.0,0.0,30927.334129438423,30927.334129438423,1487.4615456573968,180.7298067145424,274.45418271778584,1942.645535089725,29749.230913147934,903.649033572712,274.45418271778584,0.0,362.19786968866384,408.614635112051,0.0,50,0,0.0,0,0,0.0,0.0,0.0,0.0,0.0,0.0,0,0.0,0.0,0,0,0,0.018090009689331055,0.0,0.0,0.0,True,feasible,baseline_truck_only,31254.22583752806,408.614635112051,,,,0.0,True,feasible_only,0.0,31254.22583752806,True,31254.22583752806,,,
S0039_R10,3902036,nils,S0039,n50_p0.75_d1_uniform_Emedium_V1.25_Hshort_PWmoderate_B0.05,50,0.76,0.75,1,3,medium,1.25,uniform,short,moderate,0.05,20.0,5.0,1.0,peripheral,4402.004557618526,231.99856239146635,12.484510000199045,0.0,4157.52148522686,4157.52148522686,196.24299268897897,46.53232628945601,0.0,242.775318978435,3924.8598537795797,232.66163144728006,0.0,0.0,224.55845382568293,289.9982029893329,41.61503333399682,45,5,0.1,1,1,5.0,5.0,0.0,0.0,0.0,0.0,0,0.9270890073806868,0.9270890073806868,1,447,447,0.9028670787811279,17.0,5.0,131.0,True,feasible,nils_complete,31254.22583752806,408.614635112051,,85.91549001884769,,29.028924059509244,True,feasible_only,0.0,4402.004557618526,True,31254.22583752806,,85.91549001884769,
S0040_R01,4002027,truck_only,S0040,n50_p0.75_d1_uniform_Emedium_V2.00_Hmedium_PWbase_B0.05,50,0.76,0.75,1,3,medium,2.0,uniform,medium,base,0.05,100.0,20.0,1.0,peripheral,99267.45576099456,348.1688940325855,0.0,0.0,98919.28686696198,98919.28686696198,919.6243783620369,347.0615617902309,15.617794953662553,1282.3037351059302,91962.43783620368,6941.231235804617,15.617794953662553,0.0,290.8448055612994,435.21111754073195,0.0,50,0,0.0,0,0,0.0,0.0,0.0,0.0,0.0,0.0,0,0.0,0.0,0,0,0,0.019003629684448242,0.0,0.0,0.0,True,feasible,baseline_truck_only,99267.45576099456,435.21111754073195,,,,0.0,True,feasible_only,0.0,99267.45576099456,True,99267.45576099456,,,
S0040_R01,4002027,nils,S0040,n50_p0.75_d1_uniform_Emedium_V2.00_Hmedium_PWbase_B0.05,50,0.76,0.75,1,3,medium,2.0,uniform,medium,base,0.05,100.0,20.0,1.0,peripheral,10697.135112657874,224.82422112111857,20.9048771797619,0.0,10451.406014356993,10451.406014356993,102.70778973256066,9.031352055046398,0.0,111.73914178760705,10270.778973256065,180.62704110092795,0.0,0.0,198.28740101111782,281.0302764013982,69.68292393253968,42,8,0.16,1,1,8.0,8.0,0.0,0.0,0.0,0.0,0,0.9279175537627001,0.9279175537627001,1,538,538,1.420616626739502,25.0,8.0,253.0,True,feasible,nils_complete,99267.45576099456,435.21111754073195,,89.22392537347459,,35.42667797885557,True,feasible_only,0.0,10697.135112657874,True,99267.45576099456,,89.22392537347459,
S0040_R02,4002028,truck_only,S0040,n50_p0.75_d1_uniform_Emedium_V2.00_Hmedium_PWbase_B0.05,50,0.76,0.75,1,3,medium,2.0,uniform,medium,base,0.05,100.0,20.0,1.0,peripheral,124910.76251985927,405.7410995457362,0.0,0.0,124505.02142031354,124505.02142031354,957.1951836528182,1392.120903461109,943.0849858095545,3292.4010729234815,95719.51836528182,27842.41806922218,943.0849858095545,0.0,478.2950540450123,507.17637443217035,0.0,50,0,0.0,0,0,0.0,0.0,0.0,0.0,0.0,0.0,0,0.0,0.0,0,0,0,0.019908905029296875,0.0,0.0,0.0,True,feasible,baseline_truck_only,124910.76251985927,507.17637443217035,,,,0.0,True,feasible_only,0.0,124910.76251985927,True,124910.76251985927,,,
S0040_R02,4002028,nils,S0040,n50_p0.75_d1_uniform_Emedium_V2.00_Hmedium_PWbase_B0.05,50,0.76,0.75,1,3,medium,2.0,uniform,medium,base,0.05,100.0,20.0,1.0,peripheral,13597.024310988114,216.2561749913899,20.837758573991245,0.0,13359.930377422732,13359.930377422732,105.73850283410508,139.30400470061124,0.0,245.04250753471632,10573.850283410507,2786.080094012225,0.0,0.0,210.4312874886361,270.3202187392374,69.45919524663748,45,5,0.1,1,1,5.0,5.0,0.0,0.0,0.0,0.0,0,0.9496111283581734,0.9496111283581734,1,461,461,1.0812783241271973,19.0,5.0,183.0,True,feasible,nils_complete,124910.76251985927,507.17637443217035,,89.11460947264145,,46.7009442145476,True,feasible_only,0.0,13597.024310988114,True,124910.76251985927,,89.11460947264145,
S0040_R03,4002029,truck_only,S0040,n50_p0.75_d1_uniform_Emedium_V2.00_Hmedium_PWbase_B0.05,50,0.76,0.75,1,3,medium,2.0,uniform,medium,base,0.05,100.0,20.0,1.0,peripheral,103051.9404151944,344.43318658905605,0.0,0.0,102707.50722860535,102707.50722860535,921.7587963793651,518.0464063222236,170.69946422436607,1610.5046669259548,92175.87963793651,10360.92812644447,170.69946422436607,0.0,358.6228454775139,430.5414832363202,0.0,50,0,0.0,0,0,0.0,0.0,0.0,0.0,0.0,0.0,0,0.0,0.0,0,0,0,0.019752025604248047,0.0,0.0,0.0,True,feasible,baseline_truck_only,103051.9404151944,430.5414832363202,,,,0.0,True,feasible_only,0.0,103051.9404151944,True,103051.9404151944,,,
S0040_R03,4002029,nils,S0040,n50_p0.75_d1_uniform_Emedium_V2.00_Hmedium_PWbase_B0.05,50,0.76,0.75,1,3,medium,2.0,uniform,medium,base,0.05,100.0,20.0,1.0,peripheral,9304.605084490671,207.3126668287071,20.25291142798937,0.0,9077.039506233974,9077.039506233974,78.10382199138456,63.33286535477586,0.0,141.43668734616043,7810.382199138457,1266.6573070955174,0.0,0.0,214.81732085676668,259.14083353588387,67.50970475996458,43,7,0.14,1,1,7.0,7.0,0.0,0.0,0.0,0.0,0,0.9347332722440729,0.9347332722440729,1,603,603,1.1554927825927734,25.0,7.0,183.0,True,feasible,nils_complete,103051.9404151944,430.5414832363202,,90.9709559596815,,39.81048432593337,True,feasible_only,0.0,9304.605084490671,True,103051.9404151944,,90.9709559596815,
S0040_R04,4002030,truck_only,S0040,n50_p0.75_d1_uniform_Emedium_V2.00_Hmedium_PWbase_B0.05,50,0.76,0.75,1,3,medium,2.0,uniform,medium,base,0.05,100.0,20.0,1.0,peripheral,97815.07842951421,411.19725989870614,0.0,0.0,97403.8811696155,97403.8811696155,738.0846075338939,1117.9396617951384,1236.6271803233533,3092.6514496523855,73808.46075338939,22358.79323590277,1236.6271803233533,0.0,497.60103956588915,513.9965748733823,0.0,50,0,0.0,0,0,0.0,0.0,0.0,0.0,0.0,0.0,0,0.0,0.0,0,0,0,0.018113136291503906,0.0,0.0,0.0,False,infeasible,baseline_truck_only,97815.07842951421,513.9965748733823,,,,0.0,False,feasible_only,0.0,,False,,,,
S0040_R04,4002030,nils,S0040,n50_p0.75_d1_uniform_Emedium_V2.00_Hmedium_PWbase_B0.05,50,0.76,0.75,1,3,medium,2.0,uniform,medium,base,0.05,100.0,20.0,1.0,peripheral,2338.0105764923815,251.5585922926502,21.73924020303474,0.0,2064.7127439966966,2064.7127439966966,11.303611842953934,46.71757798506515,0.0,58.02118982801908,1130.3611842953935,934.3515597013029,0.0,0.0,225.19975059774987,314.4482403658127,72.4641340101158,46,4,0.08,1,1,4.0,4.0,0.0,0.0,0.0,0.0,0,0.9411950212303769,0.9411950212303769,1,718,718,1.4637432098388672,25.0,6.0,126.0,True,feasible,nils_complete,97815.07842951421,513.9965748733823,,97.60976465588875,,38.82289187563678,True,feasible_only,0.0,2338.0105764923815,True,,,,
S0040_R05,4002031,truck_only,S0040,n50_p0.75_d1_uniform_Emedium_V2.00_Hmedium_PWbase_B0.05,50,0.76,0.75,1,3,medium,2.0,uniform,medium,base,0.05,100.0,20.0,1.0,peripheral,97360.6104709752,386.54613758264384,0.0,0.0,96974.06433339255,96974.06433339255,929.1033773063837,190.03469201621184,263.03276242996685,1382.1708317525624,92910.33773063836,3800.6938403242366,263.03276242996685,0.0,357.46983122494936,483.1826719783048,0.0,50,0,0.0,0,0,0.0,0.0,0.0,0.0,0.0,0.0,0,0.0,0.0,0,0,0,0.0201113224029541,0.0,0.0,0.0,True,feasible,baseline_truck_only,97360.6104709752,483.1826719783048,,,,0.0,True,feasible_only,0.0,97360.6104709752,True,97360.6104709752,,,
S0040_R05,4002031,nils,S0040,n50_p0.75_d1_uniform_Emedium_V2.00_Hmedium_PWbase_B0.05,50,0.76,0.75,1,3,medium,2.0,uniform,medium,base,0.05,100.0,20.0,1.0,peripheral,3043.123683199011,237.09960946872548,18.541583623875592,0.0,2787.48249010641,2787.48249010641,17.95445713146237,49.601838848008626,0.0,67.556295979471,1795.445713146237,992.0367769601726,0.0,0.0,198.85811641284204,296.37451183590673,61.80527874625198,44,6,0.12,1,1,6.0,6.0,0.0,0.0,0.0,0.0,0,0.802885028190193,0.802885028190193,0,458,458,1.4622046947479248,25.0,6.0,304.0,True,feasible,nils_complete,97360.6104709752,483.1826719783048,,96.87437900350243,,38.66201562600446,True,feasible_only,0.0,3043.123683199011,True,97360.6104709752,,96.87437900350243,
S0040_R06,4002032,truck_only,S0040,n50_p0.75_d1_uniform_Emedium_V2.00_Hmedium_PWbase_B0.05,50,0.76,0.75,1,3,medium,2.0,uniform,medium,base,0.05,100.0,20.0,1.0,peripheral,114029.74989433454,361.15745095106877,0.0,0.0,113668.59244338347,113668.59244338347,1038.8797643203732,483.5184331242348,110.24734886145976,1632.6455463060677,103887.97643203732,9670.368662484696,110.24734886145976,0.0,367.87639865467884,451.44681368883596,0.0,50,0,0.0,0,0,0.0,0.0,0.0,0.0,0.0,0.0,0,0.0,0.0,0,0,0,0.019502639770507812,0.0,0.0,0.0,True,feasible,baseline_truck_only,114029.74989433454,451.44681368883596,,,,0.0,True,feasible_only,0.0,114029.74989433454,True,114029.74989433454,,,
S0040_R06,4002032,nils,S0040,n50_p0.75_d1_uniform_Emedium_V2.00_Hmedium_PWbase_B0.05,50,0.76,0.75,1,3,medium,2.0,uniform,medium,base,0.05,100.0,20.0,1.0,peripheral,20786.066271589872,253.5152764975874,21.434983038734167,0.0,20511.11601205355,20511.11601205355,200.91806921200134,20.96545454267067,0.0,221.883523754672,20091.806921200136,419.3090908534134,0.0,0.0,230.2229742626448,316.8940956219843,71.44994346244722,44,6,0.12,1,1,6.0,6.0,0.0,0.0,0.0,0.0,0,0.9438365818938259,0.9438365818938259,1,634,634,1.1815743446350098,25.0,11.0,187.0,True,feasible,nils_complete,114029.74989433454,451.44681368883596,,81.77136555078718,,29.80477743710323,True,feasible_only,0.0,20786.066271589872,True,114029.74989433454,,81.77136555078718,
S0040_R07,4002033,truck_only,S0040,n50_p0.75_d1_uniform_Emedium_V2.00_Hmedium_PWbase_B0.05,50,0.76,0.75,1,3,medium,2.0,uniform,medium,base,0.05,100.0,20.0,1.0,peripheral,91421.74624133827,318.3609247093956,0.0,0.0,91103.38531662888,91103.38531662888,872.5378735799136,179.34519004971276,262.6941576432808,1314.577221272907,87253.78735799136,3586.903800994255,262.6941576432808,0.0,335.1988373763756,397.95115588674435,0.0,50,0,0.0,0,0,0.0,0.0,0.0,0.0,0.0,0.0,0,0.0,0.0,0,0,0,0.027647972106933594,0.0,0.0,0.0,True,feasible,baseline_truck_only,91421.74624133827,397.95115588674435,,,,0.0,True,feasible_only,0.0,91421.74624133827,True,91421.74624133827,,,
S0040_R07,4002033,nils,S0040,n50_p0.75_d1_uniform_Emedium_V2.00_Hmedium_PWbase_B0.05,50,0.76,0.75,1,3,medium,2.0,uniform,medium,base,0.05,100.0,20.0,1.0,peripheral,17326.637584569857,205.94983751379505,20.27418176791211,0.0,17100.41356528815,17100.41356528815,170.19375761968098,4.051890166002551,0.0,174.24564778568353,17019.3757619681,81.03780332005101,0.0,0.0,166.87592149578717,257.4372968922438,67.58060589304039,45,5,0.1,1,1,5.0,5.0,0.0,0.0,0.0,0.0,0,0.945855664332784,0.945855664332784,1,709,709,1.0239524841308594,24.0,6.0,100.0,True,feasible,nils_complete,91421.74624133827,397.95115588674435,,81.04757533417663,,35.30932299502865,True,feasible_only,0.0,17326.637584569857,True,91421.74624133827,,81.04757533417663,
S0040_R08,4002034,truck_only,S0040,n50_p0.75_d1_uniform_Emedium_V2.00_Hmedium_PWbase_B0.05,50,0.76,0.75,1,3,medium,2.0,uniform,medium,base,0.05,100.0,20.0,1.0,peripheral,99378.58883405605,327.9798908777935,0.0,0.0,99050.60894317826,99050.60894317826,898.152117122897,459.5042106032992,45.313018822560025,1402.9693465487562,89815.2117122897,9190.084212065984,45.313018822560025,0.0,321.9320180896492,409.9748635972419,0.0,50,0,0.0,0,0,0.0,0.0,0.0,0.0,0.0,0.0,0,0.0,0.0,0,0,0,0.0178070068359375,0.0,0.0,0.0,True,feasible,baseline_truck_only,99378.58883405605,409.9748635972419,,,,0.0,True,feasible_only,0.0,99378.58883405605,True,99378.58883405605,,,
S0040_R08,4002034,nils,S0040,n50_p0.75_d1_uniform_Emedium_V2.00_Hmedium_PWbase_B0.05,50,0.76,0.75,1,3,medium,2.0,uniform,medium,base,0.05,100.0,20.0,1.0,peripheral,3043.9668336453797,208.53597895149218,20.82212666845566,0.0,2814.608728025432,2814.608728025432,25.574409117630935,12.858390813116912,0.0,38.43279993074785,2557.4409117630935,257.16781626233825,0.0,0.0,176.5174828814517,260.6699736893652,69.4070888948522,44,6,0.12,1,1,6.0,6.0,0.0,0.0,0.0,0.0,0,0.9491688291171427,0.9491688291171427,1,639,639,1.319535255432129,25.0,7.0,182.0,True,feasible,nils_complete,99378.58883405605,409.9748635972419,,96.93699933822944,,36.41805953609717,True,feasible_only,0.0,3043.9668336453797,True,99378.58883405605,,96.93699933822944,
S0040_R09,4002035,truck_only,S0040,n50_p0.75_d1_uniform_Emedium_V2.00_Hmedium_PWbase_B0.05,50,0.76,0.75,1,3,medium,2.0,uniform,medium,base,0.05,100.0,20.0,1.0,peripheral,139768.97032923478,339.5810574490294,0.0,0.0,139429.38927178577,139429.38927178577,1273.9751923781223,601.2958333182874,5.95336760775956,1881.224393304169,127397.51923781223,12025.916666365747,5.95336760775956,0.0,284.92165992605277,424.47632181128665,0.0,50,0,0.0,0,0,0.0,0.0,0.0,0.0,0.0,0.0,0,0.0,0.0,0,0,0,0.024080276489257812,0.0,0.0,0.0,True,feasible,baseline_truck_only,139768.97032923478,424.47632181128665,,,,0.0,True,feasible_only,0.0,139768.97032923478,True,139768.97032923478,,,
S0040_R09,4002035,nils,S0040,n50_p0.75_d1_uniform_Emedium_V2.00_Hmedium_PWbase_B0.05,50,0.76,0.75,1,3,medium,2.0,uniform,medium,base,0.05,100.0,20.0,1.0,peripheral,32287.30419464277,196.5759629581778,19.875227931018372,0.0,32070.853003753575,32070.853003753575,313.03822395641214,38.35153040561791,0.0,351.38975436203003,31303.822395641215,767.0306081123581,0.0,0.0,179.0987431532207,245.71995369772222,66.25075977006125,43,7,0.14,1,1,7.0,7.0,0.0,0.0,0.0,0.0,0,0.9103949112087041,0.9103949112087041,1,563,563,1.177438497543335,25.0,7.0,228.0,True,feasible,nils_complete,139768.97032923478,424.47632181128665,,76.89951917182479,,42.112211901665454,True,feasible_only,0.0,32287.30419464277,True,139768.97032923478,,76.89951917182479,
S0040_R10,4002036,truck_only,S0040,n50_p0.75_d1_uniform_Emedium_V2.00_Hmedium_PWbase_B0.05,50,0.76,0.75,1,3,medium,2.0,uniform,medium,base,0.05,100.0,20.0,1.0,peripheral,191116.55654796868,371.55066638877776,0.0,0.0,190745.0058815799,190745.0058815799,1713.40651060662,966.0897047068978,82.56072677994442,2762.0569420934626,171340.651060662,19321.794094137957,82.56072677994442,0.0,388.82405853716426,464.43833298597224,0.0,50,0,0.0,0,0,0.0,0.0,0.0,0.0,0.0,0.0,0,0.0,0.0,0,0,0,0.022888660430908203,0.0,0.0,0.0,True,feasible,baseline_truck_only,191116.55654796868,464.43833298597224,,,,0.0,True,feasible_only,0.0,191116.55654796868,True,191116.55654796868,,,
S0040_R10,4002036,nils,S0040,n50_p0.75_d1_uniform_Emedium_V2.00_Hmedium_PWbase_B0.05,50,0.76,0.75,1,3,medium,2.0,uniform,medium,base,0.05,100.0,20.0,1.0,peripheral,31269.125698988384,248.902164046333,19.920842301131255,0.0,31000.30269264092,31000.30269264092,270.3459288104345,198.28549057987317,0.0,468.63141939030766,27034.59288104345,3965.709811597463,0.0,0.0,226.19417787744584,311.12770505791616,66.40280767043753,42,8,0.16,1,1,8.0,8.0,0.0,0.0,0.0,0.0,0,0.9445172578935451,0.9445172578935451,1,572,572,1.2985687255859375,25.0,12.0,214.0,True,feasible,nils_complete,191116.55654796868,464.43833298597224,,83.63871437211662,,33.00989970883532,True,feasible_only,0.0,31269.125698988384,True,191116.55654796868,,83.63871437211662,
S0041_R01,4102027,truck_only,S0041,n50_p0.75_d2_clustered_Ehigh_V1.25_Hshort_PWbase_B0.05,50,0.76,0.75,2,3,high,1.25,clustered,short,base,0.05,100.0,20.0,1.0,peripheral,293937.00468006585,182.0888807077181,0.0,0.0,293754.9157993581,293754.9157993581,2710.9028157585926,1080.8384642886724,1047.864937725424,4839.606217772689,271090.2815758593,21616.769285773447,1047.864937725424,0.0,436.721994041933,227.61110088464764,0.0,50,0,0.0,0,0,0.0,0.0,0.0,0.0,0.0,0.0,0,0.0,0.0,0,0,0,0.028276920318603516,0.0,0.0,0.0,True,feasible,baseline_truck_only,293937.00468006585,227.61110088464764,,,,0.0,True,feasible_only,0.0,293937.00468006585,True,293937.00468006585,,,
S0041_R01,4102027,nils,S0041,n50_p0.75_d2_clustered_Ehigh_V1.25_Hshort_PWbase_B0.05,50,0.76,0.75,2,3,high,1.25,clustered,short,base,0.05,100.0,20.0,1.0,peripheral,878.0871274012493,114.39562912295261,33.04122293873976,0.0,730.650275339557,730.650275339557,7.30650275339557,0.0,0.0,7.30650275339557,730.650275339557,0.0,0.0,0.0,115.48514769647892,142.99453640369074,110.13740979579916,26,24,0.48,2,2,12.0,12.0,0.0,0.0,0.0,0.0,0,0.9213418132018701,0.9306954366442847,2,201,201,5.936311960220337,25.0,24.0,1141.0,True,feasible,nils_complete,293937.00468006585,227.61110088464764,,99.70126689956679,,37.17593920159466,True,feasible_only,0.0,878.0871274012493,True,293937.00468006585,,99.70126689956679,
S0041_R02,4102028,truck_only,S0041,n50_p0.75_d2_clustered_Ehigh_V1.25_Hshort_PWbase_B0.05,50,0.76,0.75,2,3,high,1.25,clustered,short,base,0.05,100.0,20.0,1.0,peripheral,220327.90910748887,185.29184473164307,0.0,0.0,220142.61726275724,220142.61726275724,1975.691934917545,1060.7110306870504,1359.2031572617343,4395.606122866329,197569.1934917545,21214.22061374101,1359.2031572617343,0.0,446.03166470752444,231.61480591455376,0.0,50,0,0.0,0,0,0.0,0.0,0.0,0.0,0.0,0.0,0,0.0,0.0,0,0,0,0.023601531982421875,0.0,0.0,0.0,True,feasible,baseline_truck_only,220327.90910748887,231.61480591455376,,,,0.0,True,feasible_only,0.0,220327.90910748887,True,220327.90910748887,,,
S0041_R02,4102028,nils,S0041,n50_p0.75_d2_clustered_Ehigh_V1.25_Hshort_PWbase_B0.05,50,0.76,0.75,2,3,high,1.25,clustered,short,base,0.05,100.0,20.0,1.0,peripheral,1996.7693856266947,120.09291451182992,31.19582183911123,0.0,1845.4806492757534,1845.4806492757534,18.454806492757534,0.0,0.0,18.454806492757534,1845.4806492757534,0.0,0.0,0.0,135.98615013186685,150.11614313978737,103.98607279703747,26,24,0.48,2,2,12.0,12.0,0.0,0.0,0.0,0.0,0,0.8574886491791145,0.9350781393284,1,226,226,5.711578130722046,25.0,24.0,1116.0,True,feasible,nils_complete,220327.90910748887,231.61480591455376,,99.09372834621122,,35.18715586983351,True,feasible_only,0.0,1996.7693856266947,True,220327.90910748887,,99.09372834621122,
S0041_R03,4102029,truck_only,S0041,n50_p0.75_d2_clustered_Ehigh_V1.25_Hshort_PWbase_B0.05,50,0.76,0.75,2,3,high,1.25,clustered,short,base,0.05,100.0,20.0,1.0,peripheral,213999.42389904332,156.9388272247338,0.0,0.0,213842.48507181858,213842.48507181858,1963.6252436198672,857.9869286813072,320.222136205697,3141.8343085068714,196362.52436198673,17159.738573626142,320.222136205697,0.0,386.4868164741982,196.1735340309173,0.0,50,0,0.0,0,0,0.0,0.0,0.0,0.0,0.0,0.0,0,0.0,0.0,0,0,0,0.02166295051574707,0.0,0.0,0.0,True,feasible,baseline_truck_only,213999.42389904332,196.1735340309173,,,,0.0,True,feasible_only,0.0,213999.42389904332,True,213999.42389904332,,,
S0041_R03,4102029,nils,S0041,n50_p0.75_d2_clustered_Ehigh_V1.25_Hshort_PWbase_B0.05,50,0.76,0.75,2,3,high,1.25,clustered,short,base,0.05,100.0,20.0,1.0,peripheral,71.89518705628694,56.94237261494112,14.952814441345827,0.0,0.0,0.0,0.0,0.0,0.0,0.0,0.0,0.0,0.0,0.0,159.2794310842912,71.17796576867642,49.84271480448609,38,12,0.24,1,1,12.0,12.0,0.0,0.0,0.0,0.0,0,0.8293092179935889,0.8293092179935889,0,194,194,5.240754842758179,25.0,12.0,1190.0,True,feasible,nils_complete,213999.42389904332,196.1735340309173,,99.96640402775562,,63.716835647433136,True,feasible_only,0.0,71.89518705628694,True,213999.42389904332,,99.96640402775562,
S0041_R04,4102030,truck_only,S0041,n50_p0.75_d2_clustered_Ehigh_V1.25_Hshort_PWbase_B0.05,50,0.76,0.75,2,3,high,1.25,clustered,short,base,0.05,100.0,20.0,1.0,peripheral,127294.09991900815,161.67938860608402,0.0,0.0,127132.42053040207,127132.42053040207,1128.6381051202088,657.3457740167855,1121.6945380454836,2907.678417182478,112863.81051202088,13146.91548033571,1121.6945380454836,0.0,393.56438403460584,202.0992357576049,0.0,50,0,0.0,0,0,0.0,0.0,0.0,0.0,0.0,0.0,0,0.0,0.0,0,0,0,0.02251744270324707,0.0,0.0,0.0,True,feasible,baseline_truck_only,127294.09991900815,202.0992357576049,,,,0.0,True,feasible_only,0.0,127294.09991900815,True,127294.09991900815,,,
S0041_R04,4102030,nils,S0041,n50_p0.75_d2_clustered_Ehigh_V1.25_Hshort_PWbase_B0.05,50,0.76,0.75,2,3,high,1.25,clustered,short,base,0.05,100.0,20.0,1.0,peripheral,66.85093410420467,51.311321092366114,15.539613011838556,0.0,0.0,0.0,0.0,0.0,0.0,0.0,0.0,0.0,0.0,0.0,146.80979599479184,64.13915136545764,51.79871003946185,39,11,0.22,1,1,11.0,11.0,0.0,0.0,0.0,0.0,0,0.8543010569056868,0.8543010569056868,0,281,281,5.723278045654297,25.0,10.0,953.0,True,feasible,nils_complete,127294.09991900815,202.0992357576049,,99.94748308511805,,68.26353591837167,True,feasible_only,0.0,66.85093410420467,True,127294.09991900815,,99.94748308511805,
S0041_R05,4102031,truck_only,S0041,n50_p0.75_d2_clustered_Ehigh_V1.25_Hshort_PWbase_B0.05,50,0.76,0.75,2,3,high,1.25,clustered,short,base,0.05,100.0,20.0,1.0,peripheral,156421.84497012835,144.94826661959857,0.0,0.0,156276.89670350874,156276.89670350874,1390.7712577363193,849.2122893822711,215.5251422314404,2455.508689350031,139077.12577363194,16984.24578764542,215.5251422314404,0.0,361.0071284528253,181.1853332744982,0.0,50,0,0.0,0,0,0.0,0.0,0.0,0.0,0.0,0.0,0,0.0,0.0,0,0,0,0.02347731590270996,0.0,0.0,0.0,True,feasible,baseline_truck_only,156421.84497012835,181.1853332744982,,,,0.0,True,feasible_only,0.0,156421.84497012835,True,156421.84497012835,,,
S0041_R05,4102031,nils,S0041,n50_p0.75_d2_clustered_Ehigh_V1.25_Hshort_PWbase_B0.05,50,0.76,0.75,2,3,high,1.25,clustered,short,base,0.05,100.0,20.0,1.0,peripheral,105.3515101068864,78.00237584393776,27.349134262948645,0.0,0.0,0.0,0.0,0.0,0.0,0.0,0.0,0.0,0.0,0.0,121.07186666082114,97.50296980492217,91.16378087649548,27,23,0.46,2,2,11.5,11.5,0.0,0.0,0.0,0.0,0,0.7484345176275864,0.8153619356171373,0,3,3,5.63538670539856,25.0,20.0,1339.0,True,feasible,nils_complete,156421.84497012835,181.1853332744982,,99.93264910657012,,46.18605819644139,True,feasible_only,0.0,105.3515101068864,True,156421.84497012835,,99.93264910657012,
S0041_R06,4102032,truck_only,S0041,n50_p0.75_d2_clustered_Ehigh_V1.25_Hshort_PWbase_B0.05,50,0.76,0.75,2,3,high,1.25,clustered,short,base,0.05,100.0,20.0,1.0,peripheral,133957.03259039382,168.16354513532556,0.0,0.0,133788.8690452585,133788.8690452585,1083.7082500089175,1228.0286977450037,857.470089466666,3169.207037220587,108370.82500089175,24560.573954900072,857.470089466666,0.0,410.1783692268969,210.20443141915698,0.0,50,0,0.0,0,0,0.0,0.0,0.0,0.0,0.0,0.0,0,0.0,0.0,0,0,0,0.02060079574584961,0.0,0.0,0.0,True,feasible,baseline_truck_only,133957.03259039382,210.20443141915698,,,,0.0,True,feasible_only,0.0,133957.03259039382,True,133957.03259039382,,,
S0041_R06,4102032,nils,S0041,n50_p0.75_d2_clustered_Ehigh_V1.25_Hshort_PWbase_B0.05,50,0.76,0.75,2,3,high,1.25,clustered,short,base,0.05,100.0,20.0,1.0,peripheral,73.5575776562463,56.47192866273631,17.085648993509988,0.0,0.0,0.0,0.0,0.0,0.0,0.0,0.0,0.0,0.0,0.0,160.0863693109654,70.58991082842039,56.95216331169996,39,11,0.22,1,1,11.0,11.0,0.0,0.0,0.0,0.0,0,0.9437965614810199,0.9437965614810199,1,318,318,4.93756628036499,25.0,11.0,1048.0,True,feasible,nils_complete,133957.03259039382,210.20443141915698,,99.94508867788886,,66.41844781680128,True,feasible_only,0.0,73.5575776562463,True,133957.03259039382,,99.94508867788886,
S0041_R07,4102033,truck_only,S0041,n50_p0.75_d2_clustered_Ehigh_V1.25_Hshort_PWbase_B0.05,50,0.76,0.75,2,3,high,1.25,clustered,short,base,0.05,100.0,20.0,1.0,peripheral,119767.49604174124,152.5836413580607,0.0,0.0,119614.91240038318,119614.91240038318,918.5302779189176,1366.3927961963357,434.0286845647133,2718.9517586799666,91853.02779189176,27327.855923926712,434.0286845647133,0.0,374.8253576519085,190.7295516975758,0.0,50,0,0.0,0,0,0.0,0.0,0.0,0.0,0.0,0.0,0,0.0,0.0,0,0,0,0.01981830596923828,0.0,0.0,0.0,True,feasible,baseline_truck_only,119767.49604174124,190.7295516975758,,,,0.0,True,feasible_only,0.0,119767.49604174124,True,119767.49604174124,,,
S0041_R07,4102033,nils,S0041,n50_p0.75_d2_clustered_Ehigh_V1.25_Hshort_PWbase_B0.05,50,0.76,0.75,2,3,high,1.25,clustered,short,base,0.05,100.0,20.0,1.0,peripheral,79.91420813557707,48.86735870782658,31.046849427750484,0.0,0.0,0.0,0.0,0.0,0.0,0.0,0.0,0.0,0.0,0.0,126.99433880777175,61.084198384783235,103.48949809250163,26,24,0.48,2,2,12.0,12.0,0.0,0.0,0.0,0.0,0,0.8468879249603789,0.9284170111350936,1,362,362,4.937116384506226,25.0,23.0,980.0,True,feasible,nils_complete,119767.49604174124,190.7295516975758,,99.93327554572258,,67.97339592050243,True,feasible_only,0.0,79.91420813557707,True,119767.49604174124,,99.93327554572258,
S0041_R08,4102034,truck_only,S0041,n50_p0.75_d2_clustered_Ehigh_V1.25_Hshort_PWbase_B0.05,50,0.76,0.75,2,3,high,1.25,clustered,short,base,0.05,100.0,20.0,1.0,peripheral,184983.60123390125,200.95570036711777,0.0,0.0,184782.64553353415,184782.64553353415,1463.982170219918,1848.1849730786116,1420.7290499701278,4732.896193268657,146398.21702199182,36963.699461572236,1420.7290499701278,0.0,478.02612850237665,251.19462545889718,0.0,50,0,0.0,0,0,0.0,0.0,0.0,0.0,0.0,0.0,0,0.0,0.0,0,0,0,0.026311874389648438,0.0,0.0,0.0,True,feasible,baseline_truck_only,184983.60123390125,251.19462545889718,,,,0.0,True,feasible_only,0.0,184983.60123390125,True,184983.60123390125,,,
S0041_R08,4102034,nils,S0041,n50_p0.75_d2_clustered_Ehigh_V1.25_Hshort_PWbase_B0.05,50,0.76,0.75,2,3,high,1.25,clustered,short,base,0.05,100.0,20.0,1.0,peripheral,112.14961762808912,96.68928100498802,15.460336623101096,0.0,0.0,0.0,0.0,0.0,0.0,0.0,0.0,0.0,0.0,0.0,167.24433456471132,120.86160125623499,51.53445541033699,40,10,0.2,1,1,10.0,10.0,0.0,0.0,0.0,0.0,0,0.8513891228140672,0.8513891228140672,0,287,287,5.229657173156738,25.0,10.0,1055.0,True,feasible,nils_complete,184983.60123390125,251.19462545889718,,99.93937321098736,,51.88527579543636,True,feasible_only,0.0,112.14961762808912,True,184983.60123390125,,99.93937321098736,
S0041_R09,4102035,truck_only,S0041,n50_p0.75_d2_clustered_Ehigh_V1.25_Hshort_PWbase_B0.05,50,0.76,0.75,2,3,high,1.25,clustered,short,base,0.05,100.0,20.0,1.0,peripheral,183980.41035315118,169.42076611415973,0.0,0.0,183810.989587037,183810.989587037,1707.8960291024246,609.7835915021972,825.7148467506306,3143.3944673552523,170789.60291024245,12195.671830043942,825.7148467506306,0.0,415.7973121452691,211.7759576426996,0.0,50,0,0.0,0,0,0.0,0.0,0.0,0.0,0.0,0.0,0,0.0,0.0,0,0,0,0.020808935165405273,0.0,0.0,0.0,True,feasible,baseline_truck_only,183980.41035315118,211.7759576426996,,,,0.0,True,feasible_only,0.0,183980.41035315118,True,183980.41035315118,,,
S0041_R09,4102035,nils,S0041,n50_p0.75_d2_clustered_Ehigh_V1.25_Hshort_PWbase_B0.05,50,0.76,0.75,2,3,high,1.25,clustered,short,base,0.05,100.0,20.0,1.0,peripheral,412.3251263524485,116.8941204641283,31.135449638160416,0.0,264.2955562501598,264.2955562501598,2.642955562501598,0.0,0.0,2.642955562501598,264.2955562501598,0.0,0.0,0.0,132.4588116609597,146.11765058016042,103.78483212720138,26,24,0.48,2,2,12.0,12.0,0.0,0.0,0.0,0.0,0,0.8531780667363664,0.9271402639632695,1,268,268,4.553835868835449,25.0,24.0,1074.0,True,feasible,nils_complete,183980.41035315118,211.7759576426996,,99.77588639705662,,31.003664341027516,True,feasible_only,0.0,412.3251263524485,True,183980.41035315118,,99.77588639705662,
S0041_R10,4102036,truck_only,S0041,n50_p0.75_d2_clustered_Ehigh_V1.25_Hshort_PWbase_B0.05,50,0.76,0.75,2,3,high,1.25,clustered,short,base,0.05,100.0,20.0,1.0,peripheral,204986.31846822938,185.70439028959387,0.0,0.0,204800.6140779398,204800.6140779398,1628.3700881996476,2072.5103539030097,513.3981799148522,4214.278622017509,162837.00881996477,41450.20707806019,513.3981799148522,0.0,446.31881666717555,232.13048786199235,0.0,50,0,0.0,0,0,0.0,0.0,0.0,0.0,0.0,0.0,0,0.0,0.0,0,0,0,0.020047903060913086,0.0,0.0,0.0,True,feasible,baseline_truck_only,204986.31846822938,232.13048786199235,,,,0.0,True,feasible_only,0.0,204986.31846822938,True,204986.31846822938,,,
S0041_R10,4102036,nils,S0041,n50_p0.75_d2_clustered_Ehigh_V1.25_Hshort_PWbase_B0.05,50,0.76,0.75,2,3,high,1.25,clustered,short,base,0.05,100.0,20.0,1.0,peripheral,148.54846566840433,118.82157243590228,29.726893232502047,0.0,0.0,0.0,0.0,0.0,0.0,0.0,0.0,0.0,0.0,0.0,135.61762126207063,148.52696554487784,99.08964410834017,26,24,0.48,2,2,12.0,12.0,0.0,0.0,0.0,0.0,0,0.8218050724925023,0.8616715129364768,0,278,278,4.83741569519043,25.0,24.0,1064.0,True,feasible,nils_complete,204986.31846822938,232.13048786199235,,99.92753249739864,,36.0157440270487,True,feasible_only,0.0,148.54846566840433,True,204986.31846822938,,99.92753249739864,
S0042_R01,4202027,truck_only,S0042,n50_p0.75_d2_clustered_Ehigh_V1.25_Hshort_PWstrict_B0.05,50,0.76,0.75,2,3,high,1.25,clustered,short,strict,0.05,200.0,40.0,1.0,peripheral,364788.1905593089,174.16856296831685,0.0,0.0,364614.0219963406,364614.0219963406,1533.1279606561702,1436.9741445964235,509.46408124962545,3479.5661865022194,306625.59213123407,57478.96578385694,509.46408124962545,0.0,420.2387001827963,217.710703710396,0.0,50,0,0.0,0,0,0.0,0.0,0.0,0.0,0.0,0.0,0,0.0,0.0,0,0,0,0.02080368995666504,0.0,0.0,0.0,True,feasible,baseline_truck_only,364788.1905593089,217.710703710396,,,,0.0,True,feasible_only,0.0,364788.1905593089,True,364788.1905593089,,,
S0042_R01,4202027,nils,S0042,n50_p0.75_d2_clustered_Ehigh_V1.25_Hshort_PWstrict_B0.05,50,0.76,0.75,2,3,high,1.25,clustered,short,strict,0.05,200.0,40.0,1.0,peripheral,4017.4707246263665,127.82150354134154,34.24246757581051,0.0,3855.4067535092145,3855.4067535092145,19.277033767546072,0.0,0.0,19.277033767546072,3855.4067535092145,0.0,0.0,0.0,124.28945341285704,159.77687942667689,114.14155858603506,26,24,0.48,2,2,12.0,12.0,0.0,0.0,0.0,0.0,0,0.9429463476296291,0.9440405413547818,2,293,293,4.628972053527832,25.0,24.0,1049.0,True,feasible,nils_complete,364788.1905593089,217.710703710396,,98.89868399564507,,26.61046209321158,True,feasible_only,0.0,4017.4707246263665,True,364788.1905593089,,98.89868399564507,
S0042_R02,4202028,truck_only,S0042,n50_p0.75_d2_clustered_Ehigh_V1.25_Hshort_PWstrict_B0.05,50,0.76,0.75,2,3,high,1.25,clustered,short,strict,0.05,200.0,40.0,1.0,peripheral,186921.48599064385,184.23349390646035,0.0,0.0,186737.2524967374,186737.2524967374,540.6017350119336,1942.8719557902316,902.0272627414307,3385.5009535435956,108120.34700238671,77714.87823160927,902.0272627414307,0.0,443.74825733420874,230.29186738307558,0.0,50,0,0.0,0,0,0.0,0.0,0.0,0.0,0.0,0.0,0,0.0,0.0,0,0,0,0.020901918411254883,0.0,0.0,0.0,True,feasible,baseline_truck_only,186921.48599064385,230.29186738307558,,,,0.0,True,feasible_only,0.0,186921.48599064385,True,186921.48599064385,,,
S0042_R02,4202028,nils,S0042,n50_p0.75_d2_clustered_Ehigh_V1.25_Hshort_PWstrict_B0.05,50,0.76,0.75,2,3,high,1.25,clustered,short,strict,0.05,200.0,40.0,1.0,peripheral,70.50791825085776,53.92854114656386,16.5793771042939,0.0,0.0,0.0,0.0,0.0,0.0,0.0,0.0,0.0,0.0,0.0,155.52500534717382,67.41067643320483,55.26459034764633,40,10,0.2,1,1,10.0,10.0,0.0,0.0,0.0,0.0,0,0.9220849733947926,0.9220849733947926,1,309,309,4.589412212371826,25.0,10.0,1033.0,True,feasible,nils_complete,186921.48599064385,230.29186738307558,,99.96227939346983,,70.72815588356339,True,feasible_only,0.0,70.50791825085776,True,186921.48599064385,,99.96227939346983,
S0042_R03,4202029,truck_only,S0042,n50_p0.75_d2_clustered_Ehigh_V1.25_Hshort_PWstrict_B0.05,50,0.76,0.75,2,3,high,1.25,clustered,short,strict,0.05,200.0,40.0,1.0,peripheral,370797.5508967735,178.4272187974246,0.0,0.0,370619.1236779761,370619.1236779761,1547.8040416042015,1505.7414995541214,828.6553749708679,3882.200916129191,309560.8083208403,60229.659982164856,828.6553749708679,0.0,431.4909087727145,223.03402349678063,0.0,50,0,0.0,0,0,0.0,0.0,0.0,0.0,0.0,0.0,0,0.0,0.0,0,0,0,0.035158395767211914,0.0,0.0,0.0,True,feasible,baseline_truck_only,370797.5508967735,223.03402349678063,,,,0.0,True,feasible_only,0.0,370797.5508967735,True,370797.5508967735,,,
S0042_R03,4202029,nils,S0042,n50_p0.75_d2_clustered_Ehigh_V1.25_Hshort_PWstrict_B0.05,50,0.76,0.75,2,3,high,1.25,clustered,short,strict,0.05,200.0,40.0,1.0,peripheral,72.19636674157445,57.0676982421824,15.128668499392052,0.0,0.0,0.0,0.0,0.0,0.0,0.0,0.0,0.0,0.0,0.0,157.65064428249076,71.334622802728,50.4288949979735,36,14,0.28,1,1,14.0,14.0,0.0,0.0,0.0,0.0,0,0.8333194801820057,0.8333194801820057,0,210,210,5.185242176055908,25.0,14.0,1188.0,True,feasible,nils_complete,370797.5508967735,223.03402349678063,,99.98052943808099,,68.01625972381846,True,feasible_only,0.0,72.19636674157445,True,370797.5508967735,,99.98052943808099,
S0042_R04,4202030,truck_only,S0042,n50_p0.75_d2_clustered_Ehigh_V1.25_Hshort_PWstrict_B0.05,50,0.76,0.75,2,3,high,1.25,clustered,short,strict,0.05,200.0,40.0,1.0,peripheral,348729.03292000055,183.8674498985463,0.0,0.0,348545.165470102,348545.165470102,1549.3605011041582,923.13120683613,1747.8169758251377,4220.3086837654255,309872.10022083163,36925.2482734452,1747.8169758251377,0.0,442.5281778801712,229.8343123731829,0.0,50,0,0.0,0,0,0.0,0.0,0.0,0.0,0.0,0.0,0,0.0,0.0,0,0,0,0.02236342430114746,0.0,0.0,0.0,True,feasible,baseline_truck_only,348729.03292000055,229.8343123731829,,,,0.0,True,feasible_only,0.0,348729.03292000055,True,348729.03292000055,,,
S0042_R04,4202030,nils,S0042,n50_p0.75_d2_clustered_Ehigh_V1.25_Hshort_PWstrict_B0.05,50,0.76,0.75,2,3,high,1.25,clustered,short,strict,0.05,200.0,40.0,1.0,peripheral,8485.219721481128,120.29431517184261,34.44397011708584,0.0,8330.4814361922,8330.4814361922,41.652407180961006,0.0,0.0,41.652407180961006,8330.481436192202,0.0,0.0,0.0,131.59530697893612,150.36789396480327,114.81323372361946,27,23,0.46,2,2,11.5,11.5,0.0,0.0,0.0,0.0,0,0.9453595442722873,0.9492358710108992,2,259,259,5.003047227859497,25.0,24.0,1083.0,True,feasible,nils_complete,348729.03292000055,229.8343123731829,,97.56681580239186,,34.57552424955143,True,feasible_only,0.0,8485.219721481128,True,348729.03292000055,,97.56681580239186,
S0042_R05,4202031,truck_only,S0042,n50_p0.75_d2_clustered_Ehigh_V1.25_Hshort_PWstrict_B0.05,50,0.76,0.75,2,3,high,1.25,clustered,short,strict,0.05,200.0,40.0,1.0,peripheral,493397.447701593,170.4490451024905,0.0,0.0,493226.99865649047,493226.99865649047,2101.7728986293146,1800.5033401477997,852.2853247154426,4754.561563492557,420354.5797258629,72020.133605912,852.2853247154426,0.0,416.09626854286694,213.0613063781131,0.0,50,0,0.0,0,0,0.0,0.0,0.0,0.0,0.0,0.0,0,0.0,0.0,0,0,0,0.020204544067382812,0.0,0.0,0.0,True,feasible,baseline_truck_only,493397.447701593,213.0613063781131,,,,0.0,True,feasible_only,0.0,493397.447701593,True,493397.447701593,,,
S0042_R05,4202031,nils,S0042,n50_p0.75_d2_clustered_Ehigh_V1.25_Hshort_PWstrict_B0.05,50,0.76,0.75,2,3,high,1.25,clustered,short,strict,0.05,200.0,40.0,1.0,peripheral,92.45730332691481,61.745358990740584,30.711944336174223,0.0,0.0,0.0,0.0,0.0,0.0,0.0,0.0,0.0,0.0,0.0,158.3715253114067,77.18169873842575,102.37314778724743,28,22,0.44,2,2,11.0,11.0,0.0,0.0,0.0,0.0,0,0.8396965095417332,0.9482740105717724,1,328,328,4.425915956497192,25.0,22.0,1016.0,True,feasible,nils_complete,493397.447701593,213.0613063781131,,99.98126109006895,,63.77488712030431,True,feasible_only,0.0,92.45730332691481,True,493397.447701593,,99.98126109006895,
S0042_R06,4202032,truck_only,S0042,n50_p0.75_d2_clustered_Ehigh_V1.25_Hshort_PWstrict_B0.05,50,0.76,0.75,2,3,high,1.25,clustered,short,strict,0.05,200.0,40.0,1.0,peripheral,316773.87682488223,183.5629222777432,0.0,0.0,316590.3139026045,316590.3139026045,1330.1443242249647,1239.2002656939142,993.438429854948,3562.783019773827,266028.86484499293,49568.010627756565,993.438429854948,0.0,440.9863473289305,229.45365284717894,0.0,50,0,0.0,0,0,0.0,0.0,0.0,0.0,0.0,0.0,0,0.0,0.0,0,0,0,0.019544363021850586,0.0,0.0,0.0,True,feasible,baseline_truck_only,316773.87682488223,229.45365284717894,,,,0.0,True,feasible_only,0.0,316773.87682488223,True,316773.87682488223,,,
S0042_R06,4202032,nils,S0042,n50_p0.75_d2_clustered_Ehigh_V1.25_Hshort_PWstrict_B0.05,50,0.76,0.75,2,3,high,1.25,clustered,short,strict,0.05,200.0,40.0,1.0,peripheral,3252.2805672213917,96.00784846700034,31.680015677243023,0.0,3124.592703077148,3124.592703077148,13.782249278685882,9.203571183499292,0.0,22.985820462185174,2756.449855737176,368.1428473399717,0.0,0.0,161.51131737640264,120.00981058375046,105.60005225747675,34,16,0.32,2,2,8.0,8.0,0.0,0.0,0.0,0.0,0,0.8727182969091218,0.9452012899968129,1,422,422,4.620283126831055,25.0,16.0,842.0,True,feasible,nils_complete,316773.87682488223,229.45365284717894,,98.9733116253714,,47.697581147823534,True,feasible_only,0.0,3252.2805672213917,True,316773.87682488223,,98.9733116253714,
S0042_R07,4202033,truck_only,S0042,n50_p0.75_d2_clustered_Ehigh_V1.25_Hshort_PWstrict_B0.05,50,0.76,0.75,2,3,high,1.25,clustered,short,strict,0.05,200.0,40.0,1.0,peripheral,331764.2411154762,198.35830726882278,0.0,0.0,331565.88280820736,331565.88280820736,1287.6095190504147,1814.3224370177481,1471.0815174144025,4573.013473482565,257521.90381008293,72572.89748070993,1471.0815174144025,0.0,473.66538568355526,247.94788408602838,0.0,50,0,0.0,0,0,0.0,0.0,0.0,0.0,0.0,0.0,0,0.0,0.0,0,0,0,0.02083301544189453,0.0,0.0,0.0,True,feasible,baseline_truck_only,331764.2411154762,247.94788408602838,,,,0.0,True,feasible_only,0.0,331764.2411154762,True,331764.2411154762,,,
S0042_R07,4202033,nils,S0042,n50_p0.75_d2_clustered_Ehigh_V1.25_Hshort_PWstrict_B0.05,50,0.76,0.75,2,3,high,1.25,clustered,short,strict,0.05,200.0,40.0,1.0,peripheral,85.93032830872926,56.19205079484583,29.73827751388343,0.0,0.0,0.0,0.0,0.0,0.0,0.0,0.0,0.0,0.0,0.0,153.05100756621016,70.24006349355727,99.12759171294476,34,16,0.32,2,2,8.0,8.0,0.0,0.0,0.0,0.0,0,0.8200834339622889,0.9366064495708043,1,442,442,4.327252626419067,25.0,16.0,900.0,True,feasible,nils_complete,331764.2411154762,247.94788408602838,,99.97409897823232,,71.67144065275158,True,feasible_only,0.0,85.93032830872926,True,331764.2411154762,,99.97409897823232,
S0042_R08,4202034,truck_only,S0042,n50_p0.75_d2_clustered_Ehigh_V1.25_Hshort_PWstrict_B0.05,50,0.76,0.75,2,3,high,1.25,clustered,short,strict,0.05,200.0,40.0,1.0,peripheral,397042.7990701124,166.87900314087568,0.0,0.0,396875.9200669715,396875.9200669715,1676.8675652298775,1518.2282319771073,773.2777419117173,3968.373539118702,335373.51304597553,60729.12927908429,773.2777419117173,0.0,409.7301565667695,208.59875392609467,0.0,50,0,0.0,0,0,0.0,0.0,0.0,0.0,0.0,0.0,0,0.0,0.0,0,0,0,0.02037954330444336,0.0,0.0,0.0,True,feasible,baseline_truck_only,397042.7990701124,208.59875392609467,,,,0.0,True,feasible_only,0.0,397042.7990701124,True,397042.7990701124,,,
S0042_R08,4202034,nils,S0042,n50_p0.75_d2_clustered_Ehigh_V1.25_Hshort_PWstrict_B0.05,50,0.76,0.75,2,3,high,1.25,clustered,short,strict,0.05,200.0,40.0,1.0,peripheral,117.25881137237907,89.14872268998577,28.110088682393297,0.0,0.0,0.0,0.0,0.0,0.0,0.0,0.0,0.0,0.0,0.0,149.82041966732976,111.43590336248221,93.70029560797767,34,16,0.32,2,2,8.0,8.0,0.0,0.0,0.0,0.0,0,0.765436778486736,0.9461558077140649,1,318,318,4.758325099945068,25.0,16.0,1024.0,True,feasible,nils_complete,397042.7990701124,208.59875392609467,,99.9704669593185,,46.578825968460336,True,feasible_only,0.0,117.25881137237907,True,397042.7990701124,,99.9704669593185,
S0042_R09,4202035,truck_only,S0042,n50_p0.75_d2_clustered_Ehigh_V1.25_Hshort_PWstrict_B0.05,50,0.76,0.75,2,3,high,1.25,clustered,short,strict,0.05,200.0,40.0,1.0,peripheral,378737.5645110525,155.44053568494664,0.0,0.0,378582.1239753676,378582.1239753676,1706.3898936152675,916.8263298828933,631.0920569983888,3254.3082804965493,341277.97872305353,36673.05319531573,631.0920569983888,0.0,379.1325747931327,194.3006696061834,0.0,50,0,0.0,0,0,0.0,0.0,0.0,0.0,0.0,0.0,0,0.0,0.0,0,0,0,0.020364761352539062,0.0,0.0,0.0,True,feasible,baseline_truck_only,378737.5645110525,194.3006696061834,,,,0.0,True,feasible_only,0.0,378737.5645110525,True,378737.5645110525,,,
S0042_R09,4202035,nils,S0042,n50_p0.75_d2_clustered_Ehigh_V1.25_Hshort_PWstrict_B0.05,50,0.76,0.75,2,3,high,1.25,clustered,short,strict,0.05,200.0,40.0,1.0,peripheral,2110.40365295434,107.72781996450132,32.41732148827519,0.0,1970.2585115015636,1970.2585115015636,9.851292557507819,0.0,0.0,9.851292557507819,1970.2585115015636,0.0,0.0,0.0,121.85107802539518,134.65977495562663,108.05773829425063,26,24,0.48,2,2,12.0,12.0,0.0,0.0,0.0,0.0,0,0.887040188244756,0.9490238146305464,1,125,125,5.426006078720093,25.0,24.0,1217.0,True,feasible,nils_complete,378737.5645110525,194.3006696061834,,99.44277942018273,,30.6951565176998,True,feasible_only,0.0,2110.40365295434,True,378737.5645110525,,99.44277942018273,
S0042_R10,4202036,truck_only,S0042,n50_p0.75_d2_clustered_Ehigh_V1.25_Hshort_PWstrict_B0.05,50,0.76,0.75,2,3,high,1.25,clustered,short,strict,0.05,200.0,40.0,1.0,peripheral,142673.57490970002,171.73957536209727,0.0,0.0,142501.83533433793,142501.83533433793,499.98878194936685,1031.991281904391,1224.4276682888976,2756.4077321426553,99997.75638987336,41279.65127617564,1224.4276682888976,0.0,419.54282971783937,214.6744692026216,0.0,50,0,0.0,0,0,0.0,0.0,0.0,0.0,0.0,0.0,0,0.0,0.0,0,0,0,0.02068352699279785,0.0,0.0,0.0,True,feasible,baseline_truck_only,142673.57490970002,214.6744692026216,,,,0.0,True,feasible_only,0.0,142673.57490970002,True,142673.57490970002,,,
S0042_R10,4202036,nils,S0042,n50_p0.75_d2_clustered_Ehigh_V1.25_Hshort_PWstrict_B0.05,50,0.76,0.75,2,3,high,1.25,clustered,short,strict,0.05,200.0,40.0,1.0,peripheral,77.78661864767814,62.44026275258812,15.34635589509002,0.0,0.0,0.0,0.0,0.0,0.0,0.0,0.0,0.0,0.0,0.0,173.53861091353156,78.05032844073514,51.154519650300074,39,11,0.22,1,1,11.0,11.0,0.0,0.0,0.0,0.0,0,0.8437519904172601,0.8437519904172601,0,294,294,5.426812410354614,25.0,9.0,1072.0,False,infeasible,nils_complete,142673.57490970002,214.6744692026216,,99.94547930918748,,63.6424728424194,False,feasible_only,0.0,,False,142673.57490970002,,,
S0043_R01,4302027,truck_only,S0043,n50_p0.75_d1_clustered_Ehigh_V2.00_Hshort_PWmoderate_B0.05,50,0.76,0.75,1,3,high,2.0,clustered,short,moderate,0.05,20.0,5.0,1.0,peripheral,36028.574730445616,192.88878929409847,0.0,0.0,35835.68594115152,35835.68594115152,1205.9461335700516,2007.3665398106173,1679.9305706973996,4893.2432440780685,24118.922671401033,10036.832699053086,1679.9305706973996,0.0,462.9989739573869,241.11098661762298,0.0,50,0,0.0,0,0,0.0,0.0,0.0,0.0,0.0,0.0,0,0.0,0.0,0,0,0,0.027731657028198242,0.0,0.0,0.0,True,feasible,baseline_truck_only,36028.574730445616,241.11098661762298,,,,0.0,True,feasible_only,0.0,36028.574730445616,True,36028.574730445616,,,
S0043_R01,4302027,nils,S0043,n50_p0.75_d1_clustered_Ehigh_V2.00_Hshort_PWmoderate_B0.05,50,0.76,0.75,1,3,high,2.0,clustered,short,moderate,0.05,20.0,5.0,1.0,peripheral,382.12937438160606,129.74584212898066,26.878090144555223,0.0,225.50544210807018,225.50544210807018,11.27527210540351,0.0,0.0,11.27527210540351,225.50544210807018,0.0,0.0,0.0,143.00863518489928,162.18230266122578,89.5936338151841,28,22,0.44,1,1,22.0,22.0,0.0,0.0,0.0,0.0,0,0.9434283696660583,0.9434283696660583,1,65,65,4.07181453704834,25.0,24.0,555.0,True,feasible,nils_complete,36028.574730445616,241.11098661762298,,98.93937138163089,,32.73541577828219,True,feasible_only,0.0,382.12937438160606,True,36028.574730445616,,98.93937138163089,
S0043_R02,4302028,truck_only,S0043,n50_p0.75_d1_clustered_Ehigh_V2.00_Hshort_PWmoderate_B0.05,50,0.76,0.75,1,3,high,2.0,clustered,short,moderate,0.05,20.0,5.0,1.0,peripheral,45161.807980917176,194.70244317009045,0.0,0.0,44967.105537747084,44967.105537747084,1711.6200102047035,2002.696862153093,721.2210228875444,4435.537895245341,34232.40020409407,10013.484310765465,721.2210228875444,0.0,467.67667609913053,243.37805396261305,0.0,50,0,0.0,0,0,0.0,0.0,0.0,0.0,0.0,0.0,0,0.0,0.0,0,0,0,0.024303913116455078,0.0,0.0,0.0,True,feasible,baseline_truck_only,45161.807980917176,243.37805396261305,,,,0.0,True,feasible_only,0.0,45161.807980917176,True,45161.807980917176,,,
S0043_R02,4302028,nils,S0043,n50_p0.75_d1_clustered_Ehigh_V2.00_Hshort_PWmoderate_B0.05,50,0.76,0.75,1,3,high,2.0,clustered,short,moderate,0.05,20.0,5.0,1.0,peripheral,329.9156967591872,118.66930334187398,26.761144301053516,0.0,184.48524911625967,184.48524911625967,9.224262455812983,0.0,0.0,9.224262455812983,184.48524911625967,0.0,0.0,0.0,144.23464877785764,148.33662917734245,89.20381433684506,31,19,0.38,1,1,19.0,19.0,0.0,0.0,0.0,0.0,0,0.9477813802588738,0.9477813802588738,1,138,138,4.1981589794158936,25.0,21.0,544.0,True,feasible,nils_complete,45161.807980917176,243.37805396261305,,99.26948075927655,,39.05094285940447,True,feasible_only,0.0,329.9156967591872,True,45161.807980917176,,99.26948075927655,
S0043_R03,4302029,truck_only,S0043,n50_p0.75_d1_clustered_Ehigh_V2.00_Hshort_PWmoderate_B0.05,50,0.76,0.75,1,3,high,2.0,clustered,short,moderate,0.05,20.0,5.0,1.0,peripheral,26348.104083628845,144.32786762841832,0.0,0.0,26203.776216000428,26203.776216000428,981.9998268192193,1246.4712800278344,331.42327947686255,2559.8943863239165,19639.996536384384,6232.3564001391715,331.42327947686255,0.0,356.43327526110306,180.40983453552292,0.0,50,0,0.0,0,0,0.0,0.0,0.0,0.0,0.0,0.0,0,0.0,0.0,0,0,0,0.0182955265045166,0.0,0.0,0.0,True,feasible,baseline_truck_only,26348.104083628845,180.40983453552292,,,,0.0,True,feasible_only,0.0,26348.104083628845,True,26348.104083628845,,,
S0043_R03,4302029,nils,S0043,n50_p0.75_d1_clustered_Ehigh_V2.00_Hshort_PWmoderate_B0.05,50,0.76,0.75,1,3,high,2.0,clustered,short,moderate,0.05,20.0,5.0,1.0,peripheral,66.92550653071184,51.42137511804394,15.5041314126679,0.0,0.0,0.0,0.0,0.0,0.0,0.0,0.0,0.0,0.0,0.0,143.31227258260992,64.27671889755493,51.68043804222634,36,14,0.28,1,1,14.0,14.0,0.0,0.0,0.0,0.0,0,0.5356390875464304,0.5356390875464304,0,0,0,4.180902719497681,25.0,14.0,680.0,True,feasible,nils_complete,26348.104083628845,180.40983453552292,,99.74599498196041,,64.37183202177442,True,feasible_only,0.0,66.92550653071184,True,26348.104083628845,,99.74599498196041,
S0043_R04,4302030,truck_only,S0043,n50_p0.75_d1_clustered_Ehigh_V2.00_Hshort_PWmoderate_B0.05,50,0.76,0.75,1,3,high,2.0,clustered,short,moderate,0.05,20.0,5.0,1.0,peripheral,67553.07166201615,191.88057824062173,0.0,0.0,67361.19108377553,67361.19108377553,3073.6589996240696,1014.9559377805017,813.2314023916286,4901.8463397962,61473.17999248139,5074.7796889025085,813.2314023916286,0.0,464.12036060131277,239.8507228007771,0.0,50,0,0.0,0,0,0.0,0.0,0.0,0.0,0.0,0.0,0,0.0,0.0,0,0,0,0.018624305725097656,0.0,0.0,0.0,True,feasible,baseline_truck_only,67553.07166201615,239.8507228007771,,,,0.0,True,feasible_only,0.0,67553.07166201615,True,67553.07166201615,,,
S0043_R04,4302030,nils,S0043,n50_p0.75_d1_clustered_Ehigh_V2.00_Hshort_PWmoderate_B0.05,50,0.76,0.75,1,3,high,2.0,clustered,short,moderate,0.05,20.0,5.0,1.0,peripheral,1084.2640077084425,125.09138064606695,26.209284916040524,0.0,932.9633421463351,932.9633421463351,46.64816710731675,0.0,0.0,46.64816710731675,932.963342146335,0.0,0.0,0.0,138.68660080361525,156.36422580758367,87.36428305346841,27,23,0.46,1,1,23.0,23.0,0.0,0.0,0.0,0.0,0,0.9270564222407902,0.9270564222407902,1,30,30,4.377305269241333,25.0,21.0,641.0,True,feasible,nils_complete,67553.07166201615,239.8507228007771,,98.39494492103444,,34.8076903910514,True,feasible_only,0.0,1084.2640077084425,True,67553.07166201615,,98.39494492103444,
S0043_R05,4302031,truck_only,S0043,n50_p0.75_d1_clustered_Ehigh_V2.00_Hshort_PWmoderate_B0.05,50,0.76,0.75,1,3,high,2.0,clustered,short,moderate,0.05,20.0,5.0,1.0,peripheral,30795.592589631873,170.9322826453614,0.0,0.0,30624.660306986512,30624.660306986512,1102.058656574128,1540.254282684245,882.2157620827335,3524.5287013411066,22041.17313148256,7701.271413421226,882.2157620827335,0.0,415.98196857295756,213.66535330670177,0.0,50,0,0.0,0,0,0.0,0.0,0.0,0.0,0.0,0.0,0,0.0,0.0,0,0,0,0.018267393112182617,0.0,0.0,0.0,True,feasible,baseline_truck_only,30795.592589631873,213.66535330670177,,,,0.0,True,feasible_only,0.0,30795.592589631873,True,30795.592589631873,,,
S0043_R05,4302031,nils,S0043,n50_p0.75_d1_clustered_Ehigh_V2.00_Hshort_PWmoderate_B0.05,50,0.76,0.75,1,3,high,2.0,clustered,short,moderate,0.05,20.0,5.0,1.0,peripheral,73.7099879356386,49.66912085675879,24.040867078879813,0.0,0.0,0.0,0.0,0.0,0.0,0.0,0.0,0.0,0.0,0.0,134.59638429346728,62.08640107094848,80.1362235962661,27,23,0.46,1,1,23.0,23.0,0.0,0.0,0.0,0.0,0,0.8444490626513871,0.8444490626513871,0,0,0,4.251062393188477,25.0,21.0,680.0,True,feasible,nils_complete,30795.592589631873,213.66535330670177,,99.76064760656544,,70.94222338339162,True,feasible_only,0.0,73.7099879356386,True,30795.592589631873,,99.76064760656544,
S0043_R06,4302032,truck_only,S0043,n50_p0.75_d1_clustered_Ehigh_V2.00_Hshort_PWmoderate_B0.05,50,0.76,0.75,1,3,high,2.0,clustered,short,moderate,0.05,20.0,5.0,1.0,peripheral,29471.814380819833,166.56024139593154,0.0,0.0,29305.2541394239,29305.2541394239,1067.2687937362077,1486.799506150191,525.8807339487898,3079.9490338351884,21345.375874724155,7433.997530750956,525.8807339487898,0.0,406.7566580925724,208.20030174491447,0.0,50,0,0.0,0,0,0.0,0.0,0.0,0.0,0.0,0.0,0,0.0,0.0,0,0,0,0.01848149299621582,0.0,0.0,0.0,True,feasible,baseline_truck_only,29471.814380819833,208.20030174491447,,,,0.0,True,feasible_only,0.0,29471.814380819833,True,29471.814380819833,,,
S0043_R06,4302032,nils,S0043,n50_p0.75_d1_clustered_Ehigh_V2.00_Hshort_PWmoderate_B0.05,50,0.76,0.75,1,3,high,2.0,clustered,short,moderate,0.05,20.0,5.0,1.0,peripheral,70.70744361629676,47.47331727475337,23.234126341543387,0.0,0.0,0.0,0.0,0.0,0.0,0.0,0.0,0.0,0.0,0.0,128.08878883847763,59.341646593441695,77.44708780514463,26,24,0.48,1,1,24.0,24.0,0.0,0.0,0.0,0.0,0,0.816219638617729,0.816219638617729,0,0,0,4.7422027587890625,25.0,24.0,618.0,True,feasible,nils_complete,29471.814380819833,208.20030174491447,,99.76008452447938,,71.4978095151146,True,feasible_only,0.0,70.70744361629676,True,29471.814380819833,,99.76008452447938,
S0043_R07,4302033,truck_only,S0043,n50_p0.75_d1_clustered_Ehigh_V2.00_Hshort_PWmoderate_B0.05,50,0.76,0.75,1,3,high,2.0,clustered,short,moderate,0.05,20.0,5.0,1.0,peripheral,32882.74435180741,174.69778937304116,0.0,0.0,32708.046562434367,32708.046562434367,1177.4027084882937,1656.0750124752687,879.6173302921462,3713.0950512557083,23548.054169765874,8280.375062376344,879.6173302921462,0.0,422.6323896894307,218.37223671630144,0.0,50,0,0.0,0,0,0.0,0.0,0.0,0.0,0.0,0.0,0,0.0,0.0,0,0,0,0.017544269561767578,0.0,0.0,0.0,True,feasible,baseline_truck_only,32882.74435180741,218.37223671630144,,,,0.0,True,feasible_only,0.0,32882.74435180741,True,32882.74435180741,,,
S0043_R07,4302033,nils,S0043,n50_p0.75_d1_clustered_Ehigh_V2.00_Hshort_PWmoderate_B0.05,50,0.76,0.75,1,3,high,2.0,clustered,short,moderate,0.05,20.0,5.0,1.0,peripheral,76.70070316197314,63.461851701623075,13.23885146035007,0.0,0.0,0.0,0.0,0.0,0.0,0.0,0.0,0.0,0.0,0.0,173.60173977712955,79.32731462702887,44.129504867833575,40,10,0.2,1,1,10.0,10.0,0.0,0.0,0.0,0.0,0,0.4559646366515165,0.4559646366515165,0,0,0,4.251879692077637,25.0,10.0,671.0,True,feasible,nils_complete,32882.74435180741,218.37223671630144,,99.76674482415044,,63.67335160371735,True,feasible_only,0.0,76.70070316197314,True,32882.74435180741,,99.76674482415044,
S0043_R08,4302034,truck_only,S0043,n50_p0.75_d1_clustered_Ehigh_V2.00_Hshort_PWmoderate_B0.05,50,0.76,0.75,1,3,high,2.0,clustered,short,moderate,0.05,20.0,5.0,1.0,peripheral,47654.80039119181,183.83277735032124,0.0,0.0,47470.967613841494,47470.967613841494,1943.831005500145,1527.5729780558565,956.4826135593154,4427.886597115317,38876.6201100029,7637.864890279283,956.4826135593154,0.0,444.6476794586146,229.79097168790165,0.0,50,0,0.0,0,0,0.0,0.0,0.0,0.0,0.0,0.0,0,0.0,0.0,0,0,0,0.018036365509033203,0.0,0.0,0.0,True,feasible,baseline_truck_only,47654.80039119181,229.79097168790165,,,,0.0,True,feasible_only,0.0,47654.80039119181,True,47654.80039119181,,,
S0043_R08,4302034,nils,S0043,n50_p0.75_d1_clustered_Ehigh_V2.00_Hshort_PWmoderate_B0.05,50,0.76,0.75,1,3,high,2.0,clustered,short,moderate,0.05,20.0,5.0,1.0,peripheral,76.53118695202427,49.794789700381415,26.736397251642853,0.0,0.0,0.0,0.0,0.0,0.0,0.0,0.0,0.0,0.0,0.0,133.30563621992474,62.243487125476776,89.12132417214288,27,23,0.46,1,1,23.0,23.0,0.0,0.0,0.0,0.0,0,0.9421487749342197,0.9421487749342197,1,41,41,4.108605146408081,25.0,23.0,630.0,True,feasible,nils_complete,47654.80039119181,229.79097168790165,,99.83940508338344,,72.91299711721709,True,feasible_only,0.0,76.53118695202427,True,47654.80039119181,,99.83940508338344,
S0043_R09,4302035,truck_only,S0043,n50_p0.75_d1_clustered_Ehigh_V2.00_Hshort_PWmoderate_B0.05,50,0.76,0.75,1,3,high,2.0,clustered,short,moderate,0.05,20.0,5.0,1.0,peripheral,22421.242112428827,169.16544093535626,0.0,0.0,22252.07667149347,22252.07667149347,735.2214221627,1312.8208827396122,983.5438145414083,3031.5861194437202,14704.428443254,6564.104413698061,983.5438145414083,0.0,409.6993466197049,211.4568011691954,0.0,50,0,0.0,0,0,0.0,0.0,0.0,0.0,0.0,0.0,0,0.0,0.0,0,0,0,0.017322063446044922,0.0,0.0,0.0,True,feasible,baseline_truck_only,22421.242112428827,211.4568011691954,,,,0.0,True,feasible_only,0.0,22421.242112428827,True,22421.242112428827,,,
S0043_R09,4302035,nils,S0043,n50_p0.75_d1_clustered_Ehigh_V2.00_Hshort_PWmoderate_B0.05,50,0.76,0.75,1,3,high,2.0,clustered,short,moderate,0.05,20.0,5.0,1.0,peripheral,70.99877882293725,49.87586463100733,21.122914191929926,0.0,0.0,0.0,0.0,0.0,0.0,0.0,0.0,0.0,0.0,0.0,135.25024195011372,62.34483078875917,70.40971397309977,30,20,0.4,1,1,20.0,20.0,0.0,0.0,0.0,0.0,0,0.7370399667118539,0.7370399667118539,0,0,0,4.738358736038208,25.0,16.0,671.0,True,feasible,nils_complete,22421.242112428827,211.4568011691954,,99.68334145598661,,70.51651663884083,True,feasible_only,0.0,70.99877882293725,True,22421.242112428827,,99.68334145598661,
S0043_R10,4302036,truck_only,S0043,n50_p0.75_d1_clustered_Ehigh_V2.00_Hshort_PWmoderate_B0.05,50,0.76,0.75,1,3,high,2.0,clustered,short,moderate,0.05,20.0,5.0,1.0,peripheral,45553.27188257673,172.58470147830477,0.0,0.0,45380.68718109842,45380.68718109842,2052.190570507582,662.8813319724007,1022.4691110847928,3737.5410135647753,41043.81141015164,3314.406659862004,1022.4691110847928,0.0,418.766978463606,215.73087684788098,0.0,50,0,0.0,0,0,0.0,0.0,0.0,0.0,0.0,0.0,0,0.0,0.0,0,0,0,0.018042564392089844,0.0,0.0,0.0,True,feasible,baseline_truck_only,45553.27188257673,215.73087684788098,,,,0.0,True,feasible_only,0.0,45553.27188257673,True,45553.27188257673,,,
S0043_R10,4302036,nils,S0043,n50_p0.75_d1_clustered_Ehigh_V2.00_Hshort_PWmoderate_B0.05,50,0.76,0.75,1,3,high,2.0,clustered,short,moderate,0.05,20.0,5.0,1.0,peripheral,101.39908691595417,77.65858698119388,23.740499934760294,0.0,0.0,0.0,0.0,0.0,0.0,0.0,0.0,0.0,0.0,0.0,133.68782148279257,97.07323372649238,79.1349997825343,29,21,0.42,1,1,21.0,21.0,0.0,0.0,0.0,0.0,0,0.8364907003169786,0.8364907003169786,0,0,0,4.544334411621094,25.0,20.0,671.0,True,feasible,nils_complete,45553.27188257673,215.73087684788098,,99.77740547994591,,55.00262403562104,True,feasible_only,0.0,101.39908691595417,True,45553.27188257673,,99.77740547994591,
S0044_R01,4402027,truck_only,S0044,n50_p0.75_d1_uniform_Ehigh_V2.00_Hlong_PWflat_B0.05,50,0.76,0.75,1,3,high,2.0,uniform,long,flat,0.05,1.0,1.0,1.0,peripheral,2356.2659406492257,389.50106308644206,0.0,0.0,1966.7648775627836,1966.7648775627836,1096.2223926859222,750.5996807091378,119.94280416772338,1966.7648775627833,1096.2223926859222,750.5996807091378,119.94280416772338,0.0,318.87227345061945,486.87632885805243,0.0,50,0,0.0,0,0,0.0,0.0,0.0,0.0,0.0,0.0,0,0.0,0.0,0,0,0,0.022547483444213867,0.0,0.0,0.0,True,feasible,baseline_truck_only,2356.2659406492257,486.87632885805243,,,,0.0,True,feasible_only,0.0,2356.2659406492257,True,2356.2659406492257,,,
S0044_R01,4402027,nils,S0044,n50_p0.75_d1_uniform_Ehigh_V2.00_Hlong_PWflat_B0.05,50,0.76,0.75,1,3,high,2.0,uniform,long,flat,0.05,1.0,1.0,1.0,peripheral,308.08829976540085,196.90136129767689,26.3539112680099,0.0,84.83302719971408,84.83302719971408,84.83302719971408,0.0,0.0,84.83302719971408,84.83302719971408,0.0,0.0,0.0,157.11291760548818,246.1267016220961,87.84637089336631,40,10,0.2,1,1,10.0,10.0,0.0,0.0,0.0,0.0,0,0.9491379543573083,0.9491379543573083,1,417,417,1.2253296375274658,23.0,10.0,289.0,True,feasible,nils_complete,2356.2659406492257,486.87632885805243,,86.9247229503936,,49.44779874606438,True,feasible_only,0.0,308.08829976540085,True,2356.2659406492257,,86.9247229503936,
S0044_R02,4402028,truck_only,S0044,n50_p0.75_d1_uniform_Ehigh_V2.00_Hlong_PWflat_B0.05,50,0.76,0.75,1,3,high,2.0,uniform,long,flat,0.05,1.0,1.0,1.0,peripheral,2330.8056892272343,372.7959694266662,0.0,0.0,1958.0097198005683,1958.0097198005683,1084.3977882822765,814.2737041273718,59.33822739092008,1958.0097198005683,1084.3977882822765,814.2737041273718,59.33822739092008,0.0,305.31100303284074,465.99496178333277,0.0,50,0,0.0,0,0,0.0,0.0,0.0,0.0,0.0,0.0,0,0.0,0.0,0,0,0,0.018086671829223633,0.0,0.0,0.0,True,feasible,baseline_truck_only,2330.8056892272343,465.99496178333277,,,,0.0,True,feasible_only,0.0,2330.8056892272343,True,2330.8056892272343,,,
S0044_R02,4402028,nils,S0044,n50_p0.75_d1_uniform_Ehigh_V2.00_Hlong_PWflat_B0.05,50,0.76,0.75,1,3,high,2.0,uniform,long,flat,0.05,1.0,1.0,1.0,peripheral,425.2897090285762,216.6393953665572,25.494017993479456,0.0,183.15629566853954,183.15629566853954,182.3699106661105,0.7863850024290429,0.0,183.15629566853954,182.3699106661105,0.7863850024290429,0.0,0.0,174.91395834805598,270.7992442081965,84.98005997826485,40,10,0.2,1,1,10.0,10.0,0.0,0.0,0.0,0.0,0,0.9198749933131821,0.9198749933131821,1,431,431,1.2775626182556152,23.0,10.0,264.0,True,feasible,nils_complete,2330.8056892272343,465.99496178333277,,81.75353222303234,,41.88794591858564,True,feasible_only,0.0,425.2897090285762,True,2330.8056892272343,,81.75353222303234,
S0044_R03,4402029,truck_only,S0044,n50_p0.75_d1_uniform_Ehigh_V2.00_Hlong_PWflat_B0.05,50,0.76,0.75,1,3,high,2.0,uniform,long,flat,0.05,1.0,1.0,1.0,peripheral,2027.3777939303584,370.0576290105443,0.0,0.0,1657.320164919814,1657.320164919814,974.2949064607244,574.3692204286931,108.65603803039616,1657.3201649198136,974.2949064607244,574.3692204286931,108.65603803039616,0.0,342.86234121449013,462.57203626318045,0.0,50,0,0.0,0,0,0.0,0.0,0.0,0.0,0.0,0.0,0,0.0,0.0,0,0,0,0.03263688087463379,0.0,0.0,0.0,True,feasible,baseline_truck_only,2027.3777939303584,462.57203626318045,,,,0.0,True,feasible_only,0.0,2027.3777939303584,True,2027.3777939303584,,,
S0044_R03,4402029,nils,S0044,n50_p0.75_d1_uniform_Ehigh_V2.00_Hlong_PWflat_B0.05,50,0.76,0.75,1,3,high,2.0,uniform,long,flat,0.05,1.0,1.0,1.0,peripheral,245.54374209723167,204.63791163514225,22.514602937244245,0.0,18.3912275248452,18.3912275248452,18.3912275248452,0.0,0.0,18.3912275248452,18.3912275248452,0.0,0.0,0.0,187.01248401478324,255.7973895439278,75.04867645748082,38,12,0.24,1,1,12.0,12.0,0.0,0.0,0.0,0.0,0,0.8151943427349619,0.8151943427349619,0,387,387,1.656282901763916,25.0,12.0,330.0,True,feasible,nils_complete,2027.3777939303584,462.57203626318045,,87.88860453969902,,44.70106934903608,True,feasible_only,0.0,245.54374209723167,True,2027.3777939303584,,87.88860453969902,
S0044_R04,4402030,truck_only,S0044,n50_p0.75_d1_uniform_Ehigh_V2.00_Hlong_PWflat_B0.05,50,0.76,0.75,1,3,high,2.0,uniform,long,flat,0.05,1.0,1.0,1.0,peripheral,1767.5037802722936,382.936829930458,0.0,0.0,1384.5669503418358,1384.5669503418358,862.1177898796473,326.1392840766784,196.30987638550985,1384.5669503418355,862.1177898796473,326.1392840766784,196.30987638550985,0.0,379.9699025997962,478.6710374130723,0.0,50,0,0.0,0,0,0.0,0.0,0.0,0.0,0.0,0.0,0,0.0,0.0,0,0,0,0.018551349639892578,0.0,0.0,0.0,True,feasible,baseline_truck_only,1767.5037802722936,478.6710374130723,,,,0.0,True,feasible_only,0.0,1767.5037802722936,True,1767.5037802722936,,,
S0044_R04,4402030,nils,S0044,n50_p0.75_d1_uniform_Ehigh_V2.00_Hlong_PWflat_B0.05,50,0.76,0.75,1,3,high,2.0,uniform,long,flat,0.05,1.0,1.0,1.0,peripheral,342.4202070530288,230.87075596941588,22.891479460316628,0.0,88.65797162329625,88.65797162329625,70.97070358537232,17.68726803792393,0.0,88.65797162329625,70.97070358537232,17.68726803792393,0.0,0.0,187.19770284494567,288.58844496176994,76.30493153438874,41,9,0.18,1,1,9.0,9.0,0.0,0.0,0.0,0.0,0,0.8297223986277156,0.8297223986277156,0,415,415,1.2510643005371094,23.0,9.0,291.0,True,feasible,nils_complete,1767.5037802722936,478.6710374130723,,80.6269038360825,,39.71048540529712,True,feasible_only,0.0,342.4202070530288,True,1767.5037802722936,,80.6269038360825,
S0044_R05,4402031,truck_only,S0044,n50_p0.75_d1_uniform_Ehigh_V2.00_Hlong_PWflat_B0.05,50,0.76,0.75,1,3,high,2.0,uniform,long,flat,0.05,1.0,1.0,1.0,peripheral,3635.3154742393203,366.18526457582675,0.0,0.0,3269.1302096634936,3269.1302096634936,2035.461275659939,951.8879478572762,281.78098614627845,3269.1302096634936,2035.461275659939,951.8879478572762,281.78098614627845,0.0,504.4274636436305,457.7315807197834,0.0,50,0,0.0,0,0,0.0,0.0,0.0,0.0,0.0,0.0,0,0.0,0.0,0,0,0,0.025781631469726562,0.0,0.0,0.0,False,infeasible,baseline_truck_only,3635.3154742393203,457.7315807197834,,,,0.0,False,feasible_only,0.0,,False,,,,
S0044_R05,4402031,nils,S0044,n50_p0.75_d1_uniform_Ehigh_V2.00_Hlong_PWflat_B0.05,50,0.76,0.75,1,3,high,2.0,uniform,long,flat,0.05,1.0,1.0,1.0,peripheral,319.8123688880978,182.74739170697734,26.509648263116496,0.0,110.55532891800397,110.55532891800397,110.55532891800397,0.0,0.0,110.55532891800397,110.55532891800397,0.0,0.0,0.0,177.78734222156933,228.4342396337218,88.3654942103883,42,8,0.16,1,1,8.0,8.0,0.0,0.0,0.0,0.0,0,0.9429211953167828,0.9429211953167828,1,540,540,1.303596019744873,25.0,9.0,236.0,True,feasible,nils_complete,3635.3154742393203,457.7315807197834,,91.20262405960743,,50.09428030407936,True,feasible_only,0.0,319.8123688880978,True,,,,
S0044_R06,4402032,truck_only,S0044,n50_p0.75_d1_uniform_Ehigh_V2.00_Hlong_PWflat_B0.05,50,0.76,0.75,1,3,high,2.0,uniform,long,flat,0.05,1.0,1.0,1.0,peripheral,2675.4415463552427,418.72360731297346,0.0,0.0,2256.7179390422693,2256.7179390422693,441.49120527964806,1143.1292258601666,672.0975079024543,2256.717939042269,441.49120527964806,1143.1292258601666,672.0975079024543,0.0,471.9853781393629,523.4045091412167,0.0,50,0,0.0,0,0,0.0,0.0,0.0,0.0,0.0,0.0,0,0.0,0.0,0,0,0,0.018549203872680664,0.0,0.0,0.0,True,feasible,baseline_truck_only,2675.4415463552427,523.4045091412167,,,,0.0,True,feasible_only,0.0,2675.4415463552427,True,2675.4415463552427,,,
S0044_R06,4402032,nils,S0044,n50_p0.75_d1_uniform_Ehigh_V2.00_Hlong_PWflat_B0.05,50,0.76,0.75,1,3,high,2.0,uniform,long,flat,0.05,1.0,1.0,1.0,peripheral,257.46651335353664,209.59191241159442,26.428633249267648,0.0,21.44596769267458,21.44596769267458,21.44596769267458,0.0,0.0,21.44596769267458,21.44596769267458,0.0,0.0,0.0,222.09933624597528,261.989890514493,88.0954441642255,42,8,0.16,1,1,8.0,8.0,0.0,0.0,0.0,0.0,0,0.938722675846374,0.938722675846374,1,510,510,1.319633960723877,25.0,9.0,281.0,True,feasible,nils_complete,2675.4415463552427,523.4045091412167,,90.37667207851041,,49.94504519184281,True,feasible_only,0.0,257.46651335353664,True,2675.4415463552427,,90.37667207851041,
S0044_R07,4402033,truck_only,S0044,n50_p0.75_d1_uniform_Ehigh_V2.00_Hlong_PWflat_B0.05,50,0.76,0.75,1,3,high,2.0,uniform,long,flat,0.05,1.0,1.0,1.0,peripheral,1449.85002949618,326.574218829085,0.0,0.0,1123.2758106670951,1123.2758106670951,398.00675170276423,681.384696038634,43.884362925696905,1123.2758106670951,398.00675170276423,681.384696038634,43.884362925696905,0.0,316.8185216770703,408.21777353635616,0.0,50,0,0.0,0,0,0.0,0.0,0.0,0.0,0.0,0.0,0,0.0,0.0,0,0,0,0.017776012420654297,0.0,0.0,0.0,True,feasible,baseline_truck_only,1449.85002949618,408.21777353635616,,,,0.0,True,feasible_only,0.0,1449.85002949618,True,1449.85002949618,,,
S0044_R07,4402033,nils,S0044,n50_p0.75_d1_uniform_Ehigh_V2.00_Hlong_PWflat_B0.05,50,0.76,0.75,1,3,high,2.0,uniform,long,flat,0.05,1.0,1.0,1.0,peripheral,286.4932429239323,209.4143871023523,23.72429825803456,0.0,53.35455756354546,53.35455756354546,34.60915091029495,18.745406653250512,0.0,53.35455756354546,34.60915091029495,18.745406653250512,0.0,0.0,180.98135121259628,261.7679838779403,79.08099419344852,43,7,0.14,1,1,7.0,7.0,0.0,0.0,0.0,0.0,0,0.8361084418455171,0.8361084418455171,0,518,518,1.279736042022705,25.0,7.0,237.0,True,feasible,nils_complete,1449.85002949618,408.21777353635616,,80.23980155909724,,35.87540747913391,True,feasible_only,0.0,286.4932429239323,True,1449.85002949618,,80.23980155909724,
S0044_R08,4402034,truck_only,S0044,n50_p0.75_d1_uniform_Ehigh_V2.00_Hlong_PWflat_B0.05,50,0.76,0.75,1,3,high,2.0,uniform,long,flat,0.05,1.0,1.0,1.0,peripheral,2192.5520177458766,358.6554479350312,0.0,0.0,1833.8965698108454,1833.8965698108454,1136.3591431315328,615.6446920007342,81.89273467857856,1833.8965698108454,1136.3591431315328,615.6446920007342,81.89273467857856,0.0,336.589511708994,448.31930991878875,0.0,50,0,0.0,0,0,0.0,0.0,0.0,0.0,0.0,0.0,0,0.0,0.0,0,0,0,0.0240328311920166,0.0,0.0,0.0,True,feasible,baseline_truck_only,2192.5520177458766,448.31930991878875,,,,0.0,True,feasible_only,0.0,2192.5520177458766,True,2192.5520177458766,,,
S0044_R08,4402034,nils,S0044,n50_p0.75_d1_uniform_Ehigh_V2.00_Hlong_PWflat_B0.05,50,0.76,0.75,1,3,high,2.0,uniform,long,flat,0.05,1.0,1.0,1.0,peripheral,308.00217533290606,206.2462376792343,25.617132120002577,0.0,76.1388055336692,76.1388055336692,57.385338707084095,18.753466826585097,0.0,76.1388055336692,57.385338707084095,18.753466826585097,0.0,0.0,167.6708057884194,257.8077970990428,85.39044040000857,43,7,0.14,1,1,7.0,7.0,0.0,0.0,0.0,0.0,0,0.933586707469379,0.933586707469379,1,434,434,1.413924217224121,19.0,7.0,183.0,True,feasible,nils_complete,2192.5520177458766,448.31930991878875,,85.95234353210203,,42.494603423228945,True,feasible_only,0.0,308.00217533290606,True,2192.5520177458766,,85.95234353210203,
S0044_R09,4402035,truck_only,S0044,n50_p0.75_d1_uniform_Ehigh_V2.00_Hlong_PWflat_B0.05,50,0.76,0.75,1,3,high,2.0,uniform,long,flat,0.05,1.0,1.0,1.0,peripheral,1964.9752587176533,367.8654444321481,0.0,0.0,1597.1098142855053,1597.1098142855053,377.79576212824486,969.006218698536,250.30783345872453,1597.1098142855053,377.79576212824486,969.006218698536,250.30783345872453,0.0,414.4483198082225,459.8318055401851,0.0,50,0,0.0,0,0,0.0,0.0,0.0,0.0,0.0,0.0,0,0.0,0.0,0,0,0,0.03352022171020508,0.0,0.0,0.0,True,feasible,baseline_truck_only,1964.9752587176533,459.8318055401851,,,,0.0,True,feasible_only,0.0,1964.9752587176533,True,1964.9752587176533,,,
S0044_R09,4402035,nils,S0044,n50_p0.75_d1_uniform_Ehigh_V2.00_Hlong_PWflat_B0.05,50,0.76,0.75,1,3,high,2.0,uniform,long,flat,0.05,1.0,1.0,1.0,peripheral,198.05203612331147,171.95776562778778,26.094270495523688,0.0,0.0,0.0,0.0,0.0,0.0,0.0,0.0,0.0,0.0,0.0,169.98174742054152,214.9472070347348,86.98090165174564,41,9,0.18,1,1,9.0,9.0,0.0,0.0,0.0,0.0,0,0.9370788932131787,0.9370788932131787,1,513,513,1.6872963905334473,25.0,10.0,263.0,True,feasible,nils_complete,1964.9752587176533,459.8318055401851,,89.92088906745012,,53.25525454198919,True,feasible_only,0.0,198.05203612331147,True,1964.9752587176533,,89.92088906745012,
S0044_R10,4402036,truck_only,S0044,n50_p0.75_d1_uniform_Ehigh_V2.00_Hlong_PWflat_B0.05,50,0.76,0.75,1,3,high,2.0,uniform,long,flat,0.05,1.0,1.0,1.0,peripheral,1264.0857423971956,340.54203759834536,0.0,0.0,923.5437047988503,923.5437047988503,378.2339338465034,494.60021612882366,50.70955482352312,923.5437047988503,378.2339338465034,494.60021612882366,50.70955482352312,0.0,321.667504152708,425.6775469979315,0.0,50,0,0.0,0,0,0.0,0.0,0.0,0.0,0.0,0.0,0,0.0,0.0,0,0,0,0.024744033813476562,0.0,0.0,0.0,True,feasible,baseline_truck_only,1264.0857423971956,425.6775469979315,,,,0.0,True,feasible_only,0.0,1264.0857423971956,True,1264.0857423971956,,,
S0044_R10,4402036,nils,S0044,n50_p0.75_d1_uniform_Ehigh_V2.00_Hlong_PWflat_B0.05,50,0.76,0.75,1,3,high,2.0,uniform,long,flat,0.05,1.0,1.0,1.0,peripheral,213.06953325402122,187.48277664373356,25.586756610287672,0.0,0.0,0.0,0.0,0.0,0.0,0.0,0.0,0.0,0.0,0.0,163.46734314129097,234.35347080466698,85.28918870095889,39,11,0.22,1,1,11.0,11.0,0.0,0.0,0.0,0.0,0,0.9276332426913656,0.9276332426913656,1,403,403,1.7077484130859375,25.0,12.0,346.0,True,feasible,nils_complete,1264.0857423971956,425.6775469979315,,83.14437651595065,,44.94577586780592,True,feasible_only,0.0,213.06953325402122,True,1264.0857423971956,,83.14437651595065,
S0045_R01,4502027,truck_only,S0045,n75_p0.25_d3_uniform_Elow_V1.25_Hshort_PWbase_B0.05,75,0.25333333333333335,0.25,3,3,low,1.25,uniform,short,base,0.05,100.0,20.0,1.0,peripheral,389165.6646078253,567.6808671296676,0.0,0.0,388597.98374069564,388597.98374069564,3638.75557043628,1126.5784636464966,2190.857424137707,6956.191458220483,363875.557043628,22531.569272929934,2190.857424137707,0.0,543.2081815689816,709.6010839120844,0.0,75,0,0.0,0,0,0.0,0.0,0.0,0.0,0.0,0.0,0,0.0,0.0,0,0,0,0.05472302436828613,0.0,0.0,0.0,False,infeasible,baseline_truck_only,389165.6646078253,709.6010839120844,,,,0.0,False,feasible_only,0.0,,False,,,,
S0045_R01,4502027,nils,S0045,n75_p0.25_d3_uniform_Elow_V1.25_Hshort_PWbase_B0.05,75,0.25333333333333335,0.25,3,3,low,1.25,uniform,short,base,0.05,100.0,20.0,1.0,peripheral,389165.6646078253,567.6808671296676,0.0,0.0,388597.98374069564,388597.98374069564,3638.75557043628,1126.5784636464966,2190.857424137707,6956.191458220483,363875.557043628,22531.569272929934,2190.857424137707,0.0,543.2081815689816,709.6010839120844,0.0,75,0,0.0,0,0,0.0,0.0,0.0,0.0,0.0,0.0,0,0.0,0.0,0,1050,1050,11.104290008544922,25.0,0.0,375.0,False,infeasible,nils_complete,389165.6646078253,709.6010839120844,,0.0,,0.0,False,feasible_only,0.0,,False,,,,
S0045_R02,4502028,truck_only,S0045,n75_p0.25_d3_uniform_Elow_V1.25_Hshort_PWbase_B0.05,75,0.25333333333333335,0.25,3,3,low,1.25,uniform,short,base,0.05,100.0,20.0,1.0,peripheral,292726.6710537857,534.7085993048357,0.0,0.0,292191.9624544809,292191.9624544809,2531.9759984671864,1888.0898107859828,1232.5663920426573,5652.632201295826,253197.59984671863,37761.79621571965,1232.5663920426573,0.0,509.33276752548414,668.3857491310448,0.0,75,0,0.0,0,0,0.0,0.0,0.0,0.0,0.0,0.0,0,0.0,0.0,0,0,0,0.04872918128967285,0.0,0.0,0.0,False,infeasible,baseline_truck_only,292726.6710537857,668.3857491310448,,,,0.0,False,feasible_only,0.0,,False,,,,
S0045_R02,4502028,nils,S0045,n75_p0.25_d3_uniform_Elow_V1.25_Hshort_PWbase_B0.05,75,0.25333333333333335,0.25,3,3,low,1.25,uniform,short,base,0.05,100.0,20.0,1.0,peripheral,67166.97904315418,210.4885557714771,23.73217793049039,0.0,66932.75830945221,66932.75830945221,664.0035692607067,26.620069169076814,0.0,690.6236384297836,66400.35692607067,532.4013833815363,0.0,0.0,203.00624856158205,263.11069471434644,79.1072597683013,66,9,0.12,3,3,3.0,3.0,0.0,0.0,0.0,0.0,0,0.7881501012808286,0.9152859097750747,1,619,619,2.1696417331695557,20.0,9.0,116.0,True,feasible,nils_complete,292726.6710537857,668.3857491310448,,77.05471155007503,,60.634903563337275,True,feasible_only,0.0,67166.97904315418,True,,,,
S0045_R03,4502029,truck_only,S0045,n75_p0.25_d3_uniform_Elow_V1.25_Hshort_PWbase_B0.05,75,0.25333333333333335,0.25,3,3,low,1.25,uniform,short,base,0.05,100.0,20.0,1.0,peripheral,302919.4093526957,576.6709888525746,0.0,0.0,302342.7383638431,302342.7383638431,2400.4264288006725,3018.3717965717706,1932.6595523404083,7351.457777712852,240042.64288006726,60367.43593143541,1932.6595523404083,0.0,571.270702798489,720.8387360657184,0.0,75,0,0.0,0,0,0.0,0.0,0.0,0.0,0.0,0.0,0,0.0,0.0,0,0,0,0.047026872634887695,0.0,0.0,0.0,False,infeasible,baseline_truck_only,302919.4093526957,720.8387360657184,,,,0.0,False,feasible_only,0.0,,False,,,,
S0045_R03,4502029,nils,S0045,n75_p0.25_d3_uniform_Elow_V1.25_Hshort_PWbase_B0.05,75,0.25333333333333335,0.25,3,3,low,1.25,uniform,short,base,0.05,100.0,20.0,1.0,peripheral,302919.4093526957,576.6709888525746,0.0,0.0,302342.7383638431,302342.7383638431,2400.4264288006725,3018.3717965717706,1932.6595523404083,7351.457777712852,240042.64288006726,60367.43593143541,1932.6595523404083,0.0,571.270702798489,720.8387360657184,0.0,75,0,0.0,0,0,0.0,0.0,0.0,0.0,0.0,0.0,0,0.0,0.0,0,900,900,8.794935941696167,25.0,0.0,225.0,False,infeasible,nils_complete,302919.4093526957,720.8387360657184,,0.0,,0.0,False,feasible_only,0.0,,False,,,,
S0045_R04,4502030,truck_only,S0045,n75_p0.25_d3_uniform_Elow_V1.25_Hshort_PWbase_B0.05,75,0.25333333333333335,0.25,3,3,low,1.25,uniform,short,base,0.05,100.0,20.0,1.0,peripheral,242715.03567848084,518.7405879560173,0.0,0.0,242196.29509052483,242196.29509052483,1881.366874936794,2629.1271675019925,1477.0642468055735,5987.55828924436,188136.6874936794,52582.54335003985,1477.0642468055735,0.0,519.364296938571,648.4257349450216,0.0,75,0,0.0,0,0,0.0,0.0,0.0,0.0,0.0,0.0,0,0.0,0.0,0,0,0,0.06503057479858398,0.0,0.0,0.0,False,infeasible,baseline_truck_only,242715.03567848084,648.4257349450216,,,,0.0,False,feasible_only,0.0,,False,,,,
S0045_R04,4502030,nils,S0045,n75_p0.25_d3_uniform_Elow_V1.25_Hshort_PWbase_B0.05,75,0.25333333333333335,0.25,3,3,low,1.25,uniform,short,base,0.05,100.0,20.0,1.0,peripheral,242715.03567848084,518.7405879560173,0.0,0.0,242196.29509052483,242196.29509052483,1881.366874936794,2629.1271675019925,1477.0642468055735,5987.55828924436,188136.6874936794,52582.54335003985,1477.0642468055735,0.0,519.364296938571,648.4257349450216,0.0,75,0,0.0,0,0,0.0,0.0,0.0,0.0,0.0,0.0,0,0.0,0.0,0,900,900,11.765073776245117,25.0,0.0,300.0,False,infeasible,nils_complete,242715.03567848084,648.4257349450216,,0.0,,0.0,False,feasible_only,0.0,,False,,,,
S0045_R05,4502031,truck_only,S0045,n75_p0.25_d3_uniform_Elow_V1.25_Hshort_PWbase_B0.05,75,0.25333333333333335,0.25,3,3,low,1.25,uniform,short,base,0.05,100.0,20.0,1.0,peripheral,278458.2478044604,514.258567075187,0.0,0.0,277943.9892373852,277943.9892373852,2291.347995322166,2372.8746647706776,1351.6964097550685,6015.919069847912,229134.7995322166,47457.49329541355,1351.6964097550685,0.0,506.3986782470037,642.8232088439836,0.0,75,0,0.0,0,0,0.0,0.0,0.0,0.0,0.0,0.0,0,0.0,0.0,0,0,0,0.04858994483947754,0.0,0.0,0.0,False,infeasible,baseline_truck_only,278458.2478044604,642.8232088439836,,,,0.0,False,feasible_only,0.0,,False,,,,
S0045_R05,4502031,nils,S0045,n75_p0.25_d3_uniform_Elow_V1.25_Hshort_PWbase_B0.05,75,0.25333333333333335,0.25,3,3,low,1.25,uniform,short,base,0.05,100.0,20.0,1.0,peripheral,82583.73384813669,276.9136161905847,17.1826737582501,0.0,82289.63755818785,82289.63755818785,762.7928840497964,300.51745766041086,0.0,1063.3103417102072,76279.28840497964,6010.349153208217,0.0,0.0,238.52046242105476,346.14202023823077,57.27557919416701,69,6,0.08,2,2,3.0,3.0,0.0,0.0,0.0,0.0,0,0.8531110414556533,0.8639024164084648,0,709,709,2.0030934810638428,18.0,6.0,65.0,True,feasible,nils_complete,278458.2478044604,642.8232088439836,,70.34250753954007,,46.152843351640534,True,feasible_only,0.0,82583.73384813669,True,,,,
S0045_R06,4502032,truck_only,S0045,n75_p0.25_d3_uniform_Elow_V1.25_Hshort_PWbase_B0.05,75,0.25333333333333335,0.25,3,3,low,1.25,uniform,short,base,0.05,100.0,20.0,1.0,peripheral,152680.62489981632,457.97447874310166,0.0,0.0,152222.65042107322,152222.65042107322,1228.603141185239,1408.937352405381,1183.5892544417225,3821.1297480323424,122860.31411852391,28178.74704810762,1183.5892544417225,0.0,448.2026455089559,572.468098428877,0.0,75,0,0.0,0,0,0.0,0.0,0.0,0.0,0.0,0.0,0,0.0,0.0,0,0,0,0.05159306526184082,0.0,0.0,0.0,True,feasible,baseline_truck_only,152680.62489981632,572.468098428877,,,,0.0,True,feasible_only,0.0,152680.62489981632,True,152680.62489981632,,,
S0045_R06,4502032,nils,S0045,n75_p0.25_d3_uniform_Elow_V1.25_Hshort_PWbase_B0.05,75,0.25333333333333335,0.25,3,3,low,1.25,uniform,short,base,0.05,100.0,20.0,1.0,peripheral,52867.435785033165,244.17431203698447,24.542264204803807,0.0,52598.71920879138,52598.71920879138,484.2540748846498,208.66558601631988,0.0,692.9196609009697,48425.40748846498,4173.311720326397,0.0,0.0,239.56064634617493,305.2178900462306,81.80754734934601,66,9,0.12,3,3,3.0,3.0,0.0,0.0,0.0,0.0,0,0.8456663782557513,0.9094962067457018,1,767,767,2.7013309001922607,25.0,9.0,136.0,True,feasible,nils_complete,152680.62489981632,572.468098428877,,65.3738411015,,46.68386048342384,True,feasible_only,0.0,52867.435785033165,True,152680.62489981632,,65.3738411015,
S0045_R07,4502033,truck_only,S0045,n75_p0.25_d3_uniform_Elow_V1.25_Hshort_PWbase_B0.05,75,0.25333333333333335,0.25,3,3,low,1.25,uniform,short,base,0.05,100.0,20.0,1.0,peripheral,290634.9823178823,504.02736031432374,0.0,0.0,290130.95495756797,290130.95495756797,2421.320736576809,2344.582635834972,1107.2285831874922,5873.131955599273,242132.07365768088,46891.652716699435,1107.2285831874922,0.0,491.48147635185484,630.0342003929045,0.0,75,0,0.0,0,0,0.0,0.0,0.0,0.0,0.0,0.0,0,0.0,0.0,0,0,0,0.04724574089050293,0.0,0.0,0.0,False,infeasible,baseline_truck_only,290634.9823178823,630.0342003929045,,,,0.0,False,feasible_only,0.0,,False,,,,
S0045_R07,4502033,nils,S0045,n75_p0.25_d3_uniform_Elow_V1.25_Hshort_PWbase_B0.05,75,0.25333333333333335,0.25,3,3,low,1.25,uniform,short,base,0.05,100.0,20.0,1.0,peripheral,97286.44045442322,280.86626381677246,16.68545466289086,0.0,96988.88873594356,96988.88873594356,854.2686671938907,578.1011008277242,0.0,1432.3697680216148,85426.86671938907,11562.022016554483,0.0,0.0,243.11229776134684,351.08282977096553,55.6181822096362,71,4,0.05333333333333334,2,2,2.0,2.0,0.0,0.0,0.0,0.0,0,0.8384583503003562,0.9025442764214525,1,1126,1126,4.475436687469482,25.0,5.0,110.0,True,feasible,nils_complete,290634.9823178823,630.0342003929045,,66.52624550611871,,44.27559177707784,True,feasible_only,0.0,97286.44045442322,True,,,,
S0045_R08,4502034,truck_only,S0045,n75_p0.25_d3_uniform_Elow_V1.25_Hshort_PWbase_B0.05,75,0.25333333333333335,0.25,3,3,low,1.25,uniform,short,base,0.05,100.0,20.0,1.0,peripheral,300978.5988075103,538.8036094265735,0.0,0.0,300439.7951980837,300439.7951980837,2341.6239819782545,3232.5137789885016,1627.121420488279,7201.259181455035,234162.39819782545,64650.27557977003,1627.121420488279,0.0,548.3604247191456,673.5045117832168,0.0,75,0,0.0,0,0,0.0,0.0,0.0,0.0,0.0,0.0,0,0.0,0.0,0,0,0,0.04918527603149414,0.0,0.0,0.0,False,infeasible,baseline_truck_only,300978.5988075103,673.5045117832168,,,,0.0,False,feasible_only,0.0,,False,,,,
S0045_R08,4502034,nils,S0045,n75_p0.25_d3_uniform_Elow_V1.25_Hshort_PWbase_B0.05,75,0.25333333333333335,0.25,3,3,low,1.25,uniform,short,base,0.05,100.0,20.0,1.0,peripheral,300978.5988075103,538.8036094265735,0.0,0.0,300439.7951980837,300439.7951980837,2341.6239819782545,3232.5137789885016,1627.121420488279,7201.259181455035,234162.39819782545,64650.27557977003,1627.121420488279,0.0,548.3604247191456,673.5045117832168,0.0,75,0,0.0,0,0,0.0,0.0,0.0,0.0,0.0,0.0,0,0.0,0.0,0,750,750,11.718186616897583,25.0,0.0,525.0,False,infeasible,nils_complete,300978.5988075103,673.5045117832168,,0.0,,0.0,False,feasible_only,0.0,,False,,,,
S0045_R09,4502035,truck_only,S0045,n75_p0.25_d3_uniform_Elow_V1.25_Hshort_PWbase_B0.05,75,0.25333333333333335,0.25,3,3,low,1.25,uniform,short,base,0.05,100.0,20.0,1.0,peripheral,352108.59213680873,519.7212492575156,0.0,0.0,351588.8708875512,351588.8708875512,3252.0928344496992,1293.007440088557,519.4386408100472,5064.538915348303,325209.2834449699,25860.148801771138,519.4386408100472,0.0,452.1905203997428,649.6515615718947,0.0,75,0,0.0,0,0,0.0,0.0,0.0,0.0,0.0,0.0,0,0.0,0.0,0,0,0,0.06166362762451172,0.0,0.0,0.0,True,feasible,baseline_truck_only,352108.59213680873,649.6515615718947,,,,0.0,True,feasible_only,0.0,352108.59213680873,True,352108.59213680873,,,
S0045_R09,4502035,nils,S0045,n75_p0.25_d3_uniform_Elow_V1.25_Hshort_PWbase_B0.05,75,0.25333333333333335,0.25,3,3,low,1.25,uniform,short,base,0.05,100.0,20.0,1.0,peripheral,100582.81120913771,267.3246580108418,22.224411977275135,0.0,100293.26213914959,100293.26213914959,930.3550003786812,362.8881050640732,0.0,1293.2431054427543,93035.50003786811,7257.762101281464,0.0,0.0,241.86050115381872,334.15582251355215,74.08137325758379,69,6,0.08,3,3,2.0,2.0,0.0,0.0,0.0,0.0,0,0.754987806488542,0.8351695361741203,0,736,736,2.6164534091949463,19.0,7.0,77.0,True,feasible,nils_complete,352108.59213680873,649.6515615718947,,71.43415030041155,,48.56383909783425,True,feasible_only,0.0,100582.81120913771,True,352108.59213680873,,71.43415030041155,
S0045_R10,4502036,truck_only,S0045,n75_p0.25_d3_uniform_Elow_V1.25_Hshort_PWbase_B0.05,75,0.25333333333333335,0.25,3,3,low,1.25,uniform,short,base,0.05,100.0,20.0,1.0,peripheral,403358.62089726323,560.1238241368734,0.0,0.0,402798.4970731264,402798.4970731264,3143.9739504115073,4275.462820879449,2891.845614386608,10311.282385677565,314397.39504115074,85509.25641758899,2891.845614386608,0.0,617.0554051107857,700.1547801710915,0.0,75,0,0.0,0,0,0.0,0.0,0.0,0.0,0.0,0.0,0,0.0,0.0,0,0,0,0.06945395469665527,0.0,0.0,0.0,False,infeasible,baseline_truck_only,403358.62089726323,700.1547801710915,,,,0.0,False,feasible_only,0.0,,False,,,,
S0045_R10,4502036,nils,S0045,n75_p0.25_d3_uniform_Elow_V1.25_Hshort_PWbase_B0.05,75,0.25333333333333335,0.25,3,3,low,1.25,uniform,short,base,0.05,100.0,20.0,1.0,peripheral,403358.62089726323,560.1238241368734,0.0,0.0,402798.4970731264,402798.4970731264,3143.9739504115073,4275.462820879449,2891.845614386608,10311.282385677565,314397.39504115074,85509.25641758899,2891.845614386608,0.0,617.0554051107857,700.1547801710915,0.0,75,0,0.0,0,0,0.0,0.0,0.0,0.0,0.0,0.0,0,0.0,0.0,0,600,600,6.936283588409424,25.0,0.0,75.0,False,infeasible,nils_complete,403358.62089726323,700.1547801710915,,0.0,,0.0,False,feasible_only,0.0,,False,,,,
S0046_R01,4602027,truck_only,S0046,n75_p0.25_d3_uniform_Elow_V1.25_Hlong_PWmoderate_B0.05,75,0.25333333333333335,0.25,3,3,low,1.25,uniform,long,moderate,0.05,20.0,5.0,1.0,peripheral,63641.62179682626,474.9126567003311,0.0,0.0,63166.709140125924,63166.709140125924,2764.5112879256644,1396.5840707901514,893.5630276618698,5054.658386377685,55290.22575851329,6982.920353950757,893.5630276618698,0.0,446.219245607808,593.6408208754141,0.0,75,0,0.0,0,0,0.0,0.0,0.0,0.0,0.0,0.0,0,0.0,0.0,0,0,0,0.06092476844787598,0.0,0.0,0.0,True,feasible,baseline_truck_only,63641.62179682626,593.6408208754141,,,,0.0,True,feasible_only,0.0,63641.62179682626,True,63641.62179682626,,,
S0046_R01,4602027,nils,S0046,n75_p0.25_d3_uniform_Elow_V1.25_Hlong_PWmoderate_B0.05,75,0.25333333333333335,0.25,3,3,low,1.25,uniform,long,moderate,0.05,20.0,5.0,1.0,peripheral,17292.41045044711,242.9832143621314,25.469677909066895,0.0,17023.957558175913,17023.957558175913,818.6283634372818,130.2780578860546,0.0,948.9064213233364,16372.567268745635,651.390289430273,0.0,0.0,270.95071459945007,303.72901795266415,84.89892636355631,66,9,0.12,3,3,3.0,3.0,0.0,0.0,0.0,0.0,0,0.8655422547107285,0.944209936940329,1,773,773,2.774254083633423,25.0,9.0,130.0,True,feasible,nils_complete,63641.62179682626,593.6408208754141,,72.82845728593695,,48.83623105554478,True,feasible_only,0.0,17292.41045044711,True,63641.62179682626,,72.82845728593695,
S0046_R02,4602028,truck_only,S0046,n75_p0.25_d3_uniform_Elow_V1.25_Hlong_PWmoderate_B0.05,75,0.25333333333333335,0.25,3,3,low,1.25,uniform,long,moderate,0.05,20.0,5.0,1.0,peripheral,51770.06279589677,477.55124846746753,0.0,0.0,51292.5115474293,51292.5115474293,2036.5282802354186,1927.2859548555186,925.5161684433257,4889.3304035342635,40730.565604708376,9636.429774277593,925.5161684433257,0.0,469.61978959035946,596.9390605843344,0.0,75,0,0.0,0,0,0.0,0.0,0.0,0.0,0.0,0.0,0,0.0,0.0,0,0,0,0.07004141807556152,0.0,0.0,0.0,True,feasible,baseline_truck_only,51770.06279589677,596.9390605843344,,,,0.0,True,feasible_only,0.0,51770.06279589677,True,51770.06279589677,,,
S0046_R02,4602028,nils,S0046,n75_p0.25_d3_uniform_Elow_V1.25_Hlong_PWmoderate_B0.05,75,0.25333333333333335,0.25,3,3,low,1.25,uniform,long,moderate,0.05,20.0,5.0,1.0,peripheral,15918.683386632882,290.4036491463604,24.655118560135882,0.0,15603.624618926386,15603.624618926386,714.6100903923588,262.2845622158416,0.0,976.8946526082004,14292.201807847176,1311.422811079208,0.0,0.0,273.8630679301238,363.0045614329505,82.18372853378628,68,7,0.09333333333333334,3,3,2.3333333333333335,2.3333333333333335,0.0,0.0,0.0,0.0,0,0.8227511056134102,0.9154927451881724,1,666,666,3.848604679107666,18.0,7.0,78.0,True,feasible,nils_complete,51770.06279589677,596.9390605843344,,69.2511800702421,,39.189008493159925,True,feasible_only,0.0,15918.683386632882,True,51770.06279589677,,69.2511800702421,
S0046_R03,4602029,truck_only,S0046,n75_p0.25_d3_uniform_Elow_V1.25_Hlong_PWmoderate_B0.05,75,0.25333333333333335,0.25,3,3,low,1.25,uniform,long,moderate,0.05,20.0,5.0,1.0,peripheral,44011.170127682024,486.9678508841148,0.0,0.0,43524.20227679791,43524.20227679791,1621.5767775890602,2140.0114035775423,392.60970712899064,4154.197888295593,32431.535551781202,10700.057017887711,392.60970712899064,0.0,392.2594068055887,608.7098136051436,0.0,75,0,0.0,0,0,0.0,0.0,0.0,0.0,0.0,0.0,0,0.0,0.0,0,0,0,0.10204195976257324,0.0,0.0,0.0,True,feasible,baseline_truck_only,44011.170127682024,608.7098136051436,,,,0.0,True,feasible_only,0.0,44011.170127682024,True,44011.170127682024,,,
S0046_R03,4602029,nils,S0046,n75_p0.25_d3_uniform_Elow_V1.25_Hlong_PWmoderate_B0.05,75,0.25333333333333335,0.25,3,3,low,1.25,uniform,long,moderate,0.05,20.0,5.0,1.0,peripheral,10790.447867240671,245.46493832450443,26.561277522650236,0.0,10518.421651393517,10518.421651393517,501.65631590145364,97.05906667288897,0.0,598.7153825743426,10033.126318029073,485.2953333644449,0.0,0.0,219.93109420022768,306.8311729056305,88.53759174216745,67,8,0.10666666666666667,3,3,2.6666666666666665,2.6666666666666665,0.0,0.0,0.0,0.0,0,0.8806924169160912,0.9293545473800954,2,742,742,2.976055860519409,22.0,8.0,107.0,True,feasible,nils_complete,44011.170127682024,608.7098136051436,,75.48247902535606,,49.59319431891647,True,feasible_only,0.0,10790.447867240671,True,44011.170127682024,,75.48247902535606,
S0046_R04,4602030,truck_only,S0046,n75_p0.25_d3_uniform_Elow_V1.25_Hlong_PWmoderate_B0.05,75,0.25333333333333335,0.25,3,3,low,1.25,uniform,long,moderate,0.05,20.0,5.0,1.0,peripheral,70130.57721303246,522.3189155739765,0.0,0.0,69608.25829745848,69608.25829745848,2713.383840406294,2904.646761212886,817.3476832681715,6435.378284887352,54267.67680812588,14523.233806064429,817.3476832681715,0.0,459.8875425629628,652.8986444674706,0.0,75,0,0.0,0,0,0.0,0.0,0.0,0.0,0.0,0.0,0,0.0,0.0,0,0,0,0.05904698371887207,0.0,0.0,0.0,True,feasible,baseline_truck_only,70130.57721303246,652.8986444674706,,,,0.0,True,feasible_only,0.0,70130.57721303246,True,70130.57721303246,,,
S0046_R04,4602030,nils,S0046,n75_p0.25_d3_uniform_Elow_V1.25_Hlong_PWmoderate_B0.05,75,0.25333333333333335,0.25,3,3,low,1.25,uniform,long,moderate,0.05,20.0,5.0,1.0,peripheral,17348.7834236171,293.14139048052454,25.34918712453217,0.0,17030.292846012042,17030.292846012042,707.3185175896617,576.7844988437613,0.0,1284.103016433423,14146.370351793234,2883.9224942188066,0.0,0.0,253.67008711529832,366.4267381006557,84.49729041510724,69,6,0.08,3,3,2.0,2.0,0.0,0.0,0.0,0.0,0,0.8424930020925238,0.8947166400372775,0,981,981,2.7579715251922607,25.0,9.0,66.0,True,feasible,nils_complete,70130.57721303246,652.8986444674706,,75.26216935172586,,43.87693385402453,True,feasible_only,0.0,17348.7834236171,True,70130.57721303246,,75.26216935172586,
S0046_R05,4602031,truck_only,S0046,n75_p0.25_d3_uniform_Elow_V1.25_Hlong_PWmoderate_B0.05,75,0.25333333333333335,0.25,3,3,low,1.25,uniform,long,moderate,0.05,20.0,5.0,1.0,peripheral,40809.626749814735,521.032142237422,0.0,0.0,40288.59460757731,40288.59460757731,1372.2511338210918,2284.022955707043,1423.4571526202535,5079.731242148388,27445.022676421835,11420.114778535215,1423.4571526202535,0.0,489.88709973723826,651.2901777967777,0.0,75,0,0.0,0,0,0.0,0.0,0.0,0.0,0.0,0.0,0,0.0,0.0,0,0,0,0.049825191497802734,0.0,0.0,0.0,False,infeasible,baseline_truck_only,40809.626749814735,651.2901777967777,,,,0.0,False,feasible_only,0.0,,False,,,,
S0046_R05,4602031,nils,S0046,n75_p0.25_d3_uniform_Elow_V1.25_Hlong_PWmoderate_B0.05,75,0.25333333333333335,0.25,3,3,low,1.25,uniform,long,moderate,0.05,20.0,5.0,1.0,peripheral,18054.138538332118,276.3554147854684,25.693554016199386,0.0,17752.08956953045,17752.08956953045,766.4237692520562,484.7228368978652,0.0,1251.1466061499214,15328.475385041125,2423.614184489326,0.0,0.0,226.59181535973022,345.4442684818355,85.64518005399795,67,8,0.10666666666666667,3,3,2.6666666666666665,2.6666666666666665,0.0,0.0,0.0,0.0,0,0.8535382893013267,0.9294107197841307,1,789,789,9.115506410598755,25.0,9.0,504.0,True,feasible,nils_complete,40809.626749814735,651.2901777967777,,55.76009883889938,,46.960006421342875,True,feasible_only,0.0,18054.138538332118,True,,,,
S0046_R06,4602032,truck_only,S0046,n75_p0.25_d3_uniform_Elow_V1.25_Hlong_PWmoderate_B0.05,75,0.25333333333333335,0.25,3,3,low,1.25,uniform,long,moderate,0.05,20.0,5.0,1.0,peripheral,70961.72521627977,553.3106810023945,0.0,0.0,70408.41453527738,70408.41453527738,1868.2626060523696,5902.443734403106,3530.9437422144647,11301.650082669941,37365.25212104739,29512.21867201553,3530.9437422144647,0.0,741.2391190702497,691.6383512529931,0.0,75,0,0.0,0,0,0.0,0.0,0.0,0.0,0.0,0.0,0,0.0,0.0,0,0,0,0.07172679901123047,0.0,0.0,0.0,False,infeasible,baseline_truck_only,70961.72521627977,691.6383512529931,,,,0.0,False,feasible_only,0.0,,False,,,,
S0046_R06,4602032,nils,S0046,n75_p0.25_d3_uniform_Elow_V1.25_Hlong_PWmoderate_B0.05,75,0.25333333333333335,0.25,3,3,low,1.25,uniform,long,moderate,0.05,20.0,5.0,1.0,peripheral,70961.72521627977,553.3106810023945,0.0,0.0,70408.41453527738,70408.41453527738,1868.2626060523696,5902.443734403106,3530.9437422144647,11301.650082669941,37365.25212104739,29512.21867201553,3530.9437422144647,0.0,741.2391190702497,691.6383512529931,0.0,75,0,0.0,0,0,0.0,0.0,0.0,0.0,0.0,0.0,0,0.0,0.0,0,900,900,9.678389072418213,25.0,0.0,225.0,False,infeasible,nils_complete,70961.72521627977,691.6383512529931,,0.0,,0.0,False,feasible_only,0.0,,False,,,,
S0046_R07,4602033,truck_only,S0046,n75_p0.25_d3_uniform_Elow_V1.25_Hlong_PWmoderate_B0.05,75,0.25333333333333335,0.25,3,3,low,1.25,uniform,long,moderate,0.05,20.0,5.0,1.0,peripheral,57127.89868800133,481.8968130972366,0.0,0.0,56646.0018749041,56646.0018749041,2254.3980568982975,2033.6848193890592,1389.6166399928688,5677.699516280226,45087.96113796595,10168.424096945295,1389.6166399928688,0.0,490.7115692198492,602.3710163715458,0.0,75,0,0.0,0,0,0.0,0.0,0.0,0.0,0.0,0.0,0,0.0,0.0,0,0,0,0.05192375183105469,0.0,0.0,0.0,False,infeasible,baseline_truck_only,57127.89868800133,602.3710163715458,,,,0.0,False,feasible_only,0.0,,False,,,,
S0046_R07,4602033,nils,S0046,n75_p0.25_d3_uniform_Elow_V1.25_Hlong_PWmoderate_B0.05,75,0.25333333333333335,0.25,3,3,low,1.25,uniform,long,moderate,0.05,20.0,5.0,1.0,peripheral,7941.415885729899,253.66016458377706,17.11254932845706,0.0,7670.643171817665,7670.643171817665,356.27111682106045,109.04416707929127,0.0,465.3152839003517,7125.4223364212085,545.2208353964563,0.0,0.0,237.83080652591488,317.07520572972135,57.04183109485687,67,8,0.10666666666666667,2,2,4.0,4.0,0.0,0.0,0.0,0.0,0,0.8701632576292229,0.9335101004066709,1,833,833,3.094902753829956,25.0,7.0,112.0,True,feasible,nils_complete,57127.89868800133,602.3710163715458,,86.09888326349758,,47.36214108712236,True,feasible_only,0.0,7941.415885729899,True,,,,
S0046_R08,4602034,truck_only,S0046,n75_p0.25_d3_uniform_Elow_V1.25_Hlong_PWmoderate_B0.05,75,0.25333333333333335,0.25,3,3,low,1.25,uniform,long,moderate,0.05,20.0,5.0,1.0,peripheral,81361.52172443365,550.881569428691,0.0,0.0,80810.64015500496,80810.64015500496,3075.93781005548,3594.56517134329,1319.0580971789059,7989.561078577675,61518.7562011096,17972.82585671645,1319.0580971789059,0.0,550.1187295649987,688.6019617858636,0.0,75,0,0.0,0,0,0.0,0.0,0.0,0.0,0.0,0.0,0,0.0,0.0,0,0,0,0.0612637996673584,0.0,0.0,0.0,False,infeasible,baseline_truck_only,81361.52172443365,688.6019617858636,,,,0.0,False,feasible_only,0.0,,False,,,,
S0046_R08,4602034,nils,S0046,n75_p0.25_d3_uniform_Elow_V1.25_Hlong_PWmoderate_B0.05,75,0.25333333333333335,0.25,3,3,low,1.25,uniform,long,moderate,0.05,20.0,5.0,1.0,peripheral,81361.52172443365,550.881569428691,0.0,0.0,80810.64015500496,80810.64015500496,3075.93781005548,3594.56517134329,1319.0580971789059,7989.561078577675,61518.7562011096,17972.82585671645,1319.0580971789059,0.0,550.1187295649987,688.6019617858636,0.0,75,0,0.0,0,0,0.0,0.0,0.0,0.0,0.0,0.0,0,0.0,0.0,0,975,975,12.539566993713379,25.0,0.0,375.0,False,infeasible,nils_complete,81361.52172443365,688.6019617858636,,0.0,,0.0,False,feasible_only,0.0,,False,,,,
S0046_R09,4602035,truck_only,S0046,n75_p0.25_d3_uniform_Elow_V1.25_Hlong_PWmoderate_B0.05,75,0.25333333333333335,0.25,3,3,low,1.25,uniform,long,moderate,0.05,20.0,5.0,1.0,peripheral,76580.77488750796,555.320392393678,0.0,0.0,76025.45449511427,76025.45449511427,3074.355070594716,2547.2505410393933,1802.1003780230221,7423.705989657132,61487.10141189432,12736.252705196966,1802.1003780230221,0.0,535.8241701416719,694.1504904920977,0.0,75,0,0.0,0,0,0.0,0.0,0.0,0.0,0.0,0.0,0,0.0,0.0,0,0,0,0.050670623779296875,0.0,0.0,0.0,False,infeasible,baseline_truck_only,76580.77488750796,694.1504904920977,,,,0.0,False,feasible_only,0.0,,False,,,,
S0046_R09,4602035,nils,S0046,n75_p0.25_d3_uniform_Elow_V1.25_Hlong_PWmoderate_B0.05,75,0.25333333333333335,0.25,3,3,low,1.25,uniform,long,moderate,0.05,20.0,5.0,1.0,peripheral,76580.77488750796,555.320392393678,0.0,0.0,76025.45449511427,76025.45449511427,3074.355070594716,2547.2505410393933,1802.1003780230221,7423.705989657132,61487.10141189432,12736.252705196966,1802.1003780230221,0.0,535.8241701416719,694.1504904920977,0.0,75,0,0.0,0,0,0.0,0.0,0.0,0.0,0.0,0.0,0,0.0,0.0,0,975,975,13.496004104614258,25.0,0.0,375.0,False,infeasible,nils_complete,76580.77488750796,694.1504904920977,,0.0,,0.0,False,feasible_only,0.0,,False,,,,
S0046_R10,4602036,truck_only,S0046,n75_p0.25_d3_uniform_Elow_V1.25_Hlong_PWmoderate_B0.05,75,0.25333333333333335,0.25,3,3,low,1.25,uniform,long,moderate,0.05,20.0,5.0,1.0,peripheral,63172.52184568278,564.3141270329382,0.0,0.0,62608.20771864984,62608.20771864984,2529.94900560341,2093.126896139971,1543.5931258817996,6166.669027625181,50598.9801120682,10465.634480699855,1543.5931258817996,0.0,505.8079976784684,705.3926587911727,0.0,75,0,0.0,0,0,0.0,0.0,0.0,0.0,0.0,0.0,0,0.0,0.0,0,0,0,0.051358699798583984,0.0,0.0,0.0,False,infeasible,baseline_truck_only,63172.52184568278,705.3926587911727,,,,0.0,False,feasible_only,0.0,,False,,,,
S0046_R10,4602036,nils,S0046,n75_p0.25_d3_uniform_Elow_V1.25_Hlong_PWmoderate_B0.05,75,0.25333333333333335,0.25,3,3,low,1.25,uniform,long,moderate,0.05,20.0,5.0,1.0,peripheral,14084.93071554505,262.91023937326537,25.56047698538646,0.0,13796.459999186398,13796.459999186398,655.090955854158,138.92817642064685,0.0,794.0191322748049,13101.81911708316,694.6408821032343,0.0,0.0,236.87732796382141,328.6377992165817,85.20158995128821,67,8,0.10666666666666667,3,3,2.6666666666666665,2.6666666666666665,0.0,0.0,0.0,0.0,0,0.8782744752872905,0.946322202228215,1,768,768,2.6377243995666504,25.0,8.0,177.0,True,feasible,nils_complete,63172.52184568278,705.3926587911727,,77.70402335694055,,53.41065786256319,True,feasible_only,0.0,14084.93071554505,True,,,,
S0047_R01,4702027,truck_only,S0047,n75_p0.25_d3_uniform_Emedium_V1.25_Hlong_PWmoderate_B0.05,75,0.25333333333333335,0.25,3,3,medium,1.25,uniform,long,moderate,0.05,20.0,5.0,1.0,peripheral,29067.29047331416,495.11777326324795,0.0,0.0,28572.17270005091,28572.17270005091,1168.0458742811088,719.497442733237,1613.7680007625506,3501.3113177768964,23360.917485622176,3597.487213666185,1613.7680007625506,0.0,426.78810760057615,618.89721657906,0.0,75,0,0.0,0,0,0.0,0.0,0.0,0.0,0.0,0.0,0,0.0,0.0,0,0,0,0.04985857009887695,0.0,0.0,0.0,True,feasible,baseline_truck_only,29067.29047331416,618.89721657906,,,,0.0,True,feasible_only,0.0,29067.29047331416,True,29067.29047331416,,,
S0047_R01,4702027,nils,S0047,n75_p0.25_d3_uniform_Emedium_V1.25_Hlong_PWmoderate_B0.05,75,0.25333333333333335,0.25,3,3,medium,1.25,uniform,long,moderate,0.05,20.0,5.0,1.0,peripheral,7207.894718081974,261.6217313901549,37.87628325811574,0.0,6908.396703433704,6908.396703433704,335.53797909701643,39.5274242986752,0.0,375.06540339569165,6710.759581940329,197.63712149337601,0.0,0.0,270.4006069438318,327.0271642376937,126.2542775270525,67,8,0.10666666666666667,3,3,2.6666666666666665,2.6666666666666665,0.0,0.0,0.0,0.0,0,0.9116767603667114,0.9330418776168414,2,688,688,2.833815813064575,25.0,8.0,260.0,True,feasible,nils_complete,29067.29047331416,618.89721657906,,75.20272925094504,,47.15969704221183,True,feasible_only,0.0,7207.894718081974,True,29067.29047331416,,75.20272925094504,
S0047_R02,4702028,truck_only,S0047,n75_p0.25_d3_uniform_Emedium_V1.25_Hlong_PWmoderate_B0.05,75,0.25333333333333335,0.25,3,3,medium,1.25,uniform,long,moderate,0.05,20.0,5.0,1.0,peripheral,36269.77061058703,491.1429622345186,0.0,0.0,35778.627648352514,35778.627648352514,1092.6923146253107,2610.9348655508766,870.1070280919207,4573.734208268108,21853.846292506212,13054.674327754383,870.1070280919207,0.0,417.34544401655296,613.9287027931482,0.0,75,0,0.0,0,0,0.0,0.0,0.0,0.0,0.0,0.0,0,0.0,0.0,0,0,0,0.04859161376953125,0.0,0.0,0.0,True,feasible,baseline_truck_only,36269.77061058703,613.9287027931482,,,,0.0,True,feasible_only,0.0,36269.77061058703,True,36269.77061058703,,,
S0047_R02,4702028,nils,S0047,n75_p0.25_d3_uniform_Emedium_V1.25_Hlong_PWmoderate_B0.05,75,0.25333333333333335,0.25,3,3,medium,1.25,uniform,long,moderate,0.05,20.0,5.0,1.0,peripheral,4474.058557535322,245.61632215123785,39.53284722699387,0.0,4188.90938815709,4188.90938815709,164.9903836511843,177.82034302668077,0.0,342.8107266778651,3299.8076730236858,889.1017151334039,0.0,0.0,227.3987021356702,307.02040268904733,131.77615742331295,64,11,0.14666666666666667,3,3,3.6666666666666665,3.6666666666666665,0.0,0.0,0.0,0.0,0,0.9364959717299676,0.9495348545725665,3,538,538,2.976144790649414,25.0,11.0,284.0,True,feasible,nils_complete,36269.77061058703,613.9287027931482,,87.66449723222303,,49.99087006484333,True,feasible_only,0.0,4474.058557535322,True,36269.77061058703,,87.66449723222303,
S0047_R03,4702029,truck_only,S0047,n75_p0.25_d3_uniform_Emedium_V1.25_Hlong_PWmoderate_B0.05,75,0.25333333333333335,0.25,3,3,medium,1.25,uniform,long,moderate,0.05,20.0,5.0,1.0,peripheral,45409.38106473838,505.1140383016097,0.0,0.0,44904.26702643677,44904.26702643677,1649.0171753522873,2087.1898631883973,1487.9742034490432,5224.181241989728,32980.34350704575,10435.949315941987,1487.9742034490432,0.0,523.6102774657231,631.3925478770122,0.0,75,0,0.0,0,0,0.0,0.0,0.0,0.0,0.0,0.0,0,0.0,0.0,0,0,0,0.05106353759765625,0.0,0.0,0.0,False,infeasible,baseline_truck_only,45409.38106473838,631.3925478770122,,,,0.0,False,feasible_only,0.0,,False,,,,
S0047_R03,4702029,nils,S0047,n75_p0.25_d3_uniform_Emedium_V1.25_Hlong_PWmoderate_B0.05,75,0.25333333333333335,0.25,3,3,medium,1.25,uniform,long,moderate,0.05,20.0,5.0,1.0,peripheral,45409.38106473838,505.1140383016097,0.0,0.0,44904.26702643677,44904.26702643677,1649.0171753522873,2087.1898631883973,1487.9742034490432,5224.181241989728,32980.34350704575,10435.949315941987,1487.9742034490432,0.0,523.6102774657231,631.3925478770122,0.0,75,0,0.0,0,0,0.0,0.0,0.0,0.0,0.0,0.0,0,0.0,0.0,0,150,150,13.277503252029419,25.0,0.0,900.0,False,infeasible,nils_complete,45409.38106473838,631.3925478770122,,0.0,,0.0,False,feasible_only,0.0,,False,,,,
S0047_R04,4702030,truck_only,S0047,n75_p0.25_d3_uniform_Emedium_V1.25_Hlong_PWmoderate_B0.05,75,0.25333333333333335,0.25,3,3,medium,1.25,uniform,long,moderate,0.05,20.0,5.0,1.0,peripheral,51410.64032731715,456.7034850120763,0.0,0.0,50953.93684230508,50953.93684230508,2045.0391983339946,1907.7444514241229,514.4306185045644,4467.214268262682,40900.78396667989,9538.722257120615,514.4306185045644,0.0,402.70634322101716,570.8793562650953,0.0,75,0,0.0,0,0,0.0,0.0,0.0,0.0,0.0,0.0,0,0.0,0.0,0,0,0,0.04854917526245117,0.0,0.0,0.0,True,feasible,baseline_truck_only,51410.64032731715,570.8793562650953,,,,0.0,True,feasible_only,0.0,51410.64032731715,True,51410.64032731715,,,
S0047_R04,4702030,nils,S0047,n75_p0.25_d3_uniform_Emedium_V1.25_Hlong_PWmoderate_B0.05,75,0.25333333333333335,0.25,3,3,medium,1.25,uniform,long,moderate,0.05,20.0,5.0,1.0,peripheral,13270.236530123619,249.63657943521102,36.37467214535178,0.0,12984.225278543056,12984.225278543056,566.9548643533683,329.0255982951378,0.0,895.9804626485061,11339.097287067365,1645.127991475689,0.0,0.0,210.03059795672905,312.0457242940138,121.24890715117262,64,11,0.14666666666666667,3,3,3.6666666666666665,3.6666666666666665,0.0,0.0,0.0,0.0,0,0.8867774300541996,0.9119565246305048,1,490,490,3.072176218032837,24.0,11.0,308.0,True,feasible,nils_complete,51410.64032731715,570.8793562650953,,74.18776260004594,,45.339462555533146,True,feasible_only,0.0,13270.236530123619,True,51410.64032731715,,74.18776260004594,
S0047_R05,4702031,truck_only,S0047,n75_p0.25_d3_uniform_Emedium_V1.25_Hlong_PWmoderate_B0.05,75,0.25333333333333335,0.25,3,3,medium,1.25,uniform,long,moderate,0.05,20.0,5.0,1.0,peripheral,72229.27438678146,561.7764326280678,0.0,0.0,71667.49795415338,71667.49795415338,3083.123879526413,1690.0711182843497,1554.664772203393,6327.859770014155,61662.47759052826,8450.355591421749,1554.664772203393,0.0,524.1651681952,702.2205407850845,0.0,75,0,0.0,0,0,0.0,0.0,0.0,0.0,0.0,0.0,0,0.0,0.0,0,0,0,0.05163288116455078,0.0,0.0,0.0,False,infeasible,baseline_truck_only,72229.27438678146,702.2205407850845,,,,0.0,False,feasible_only,0.0,,False,,,,
S0047_R05,4702031,nils,S0047,n75_p0.25_d3_uniform_Emedium_V1.25_Hlong_PWmoderate_B0.05,75,0.25333333333333335,0.25,3,3,medium,1.25,uniform,long,moderate,0.05,20.0,5.0,1.0,peripheral,12303.911888959097,295.3936904732638,38.717915362210746,0.0,11969.800283123623,11969.800283123623,503.6838182766694,379.22478351804654,0.0,882.9086017947159,10073.676365533389,1896.1239175902326,0.0,0.0,259.73382375972255,369.24211309157965,129.05971787403584,65,10,0.13333333333333333,3,3,3.3333333333333335,3.3333333333333335,0.0,0.0,0.0,0.0,0,0.9043317364028223,0.9337855996270898,1,645,645,2.8137168884277344,25.0,11.0,204.0,True,feasible,nils_complete,72229.27438678146,702.2205407850845,,82.96547764958468,,47.41792761021118,True,feasible_only,0.0,12303.911888959097,True,,,,
S0047_R06,4702032,truck_only,S0047,n75_p0.25_d3_uniform_Emedium_V1.25_Hlong_PWmoderate_B0.05,75,0.25333333333333335,0.25,3,3,medium,1.25,uniform,long,moderate,0.05,20.0,5.0,1.0,peripheral,92942.49709955606,512.7688267769199,0.0,0.0,92429.72827277913,92429.72827277913,3949.0048214743497,2362.764186004734,1635.8109132684813,7947.579920747565,78980.09642948699,11813.820930023669,1635.8109132684813,0.0,607.1862063676707,640.9610334711498,0.0,75,0,0.0,0,0,0.0,0.0,0.0,0.0,0.0,0.0,0,0.0,0.0,0,0,0,0.04777240753173828,0.0,0.0,0.0,False,infeasible,baseline_truck_only,92942.49709955606,640.9610334711498,,,,0.0,False,feasible_only,0.0,,False,,,,
S0047_R06,4702032,nils,S0047,n75_p0.25_d3_uniform_Emedium_V1.25_Hlong_PWmoderate_B0.05,75,0.25333333333333335,0.25,3,3,medium,1.25,uniform,long,moderate,0.05,20.0,5.0,1.0,peripheral,92942.49709955606,512.7688267769199,0.0,0.0,92429.72827277913,92429.72827277913,3949.0048214743497,2362.764186004734,1635.8109132684813,7947.579920747565,78980.09642948699,11813.820930023669,1635.8109132684813,0.0,607.1862063676707,640.9610334711498,0.0,75,0,0.0,0,0,0.0,0.0,0.0,0.0,0.0,0.0,0,0.0,0.0,0,225,225,12.850303649902344,25.0,0.0,675.0,False,infeasible,nils_complete,92942.49709955606,640.9610334711498,,0.0,,0.0,False,feasible_only,0.0,,False,,,,
S0047_R07,4702033,truck_only,S0047,n75_p0.25_d3_uniform_Emedium_V1.25_Hlong_PWmoderate_B0.05,75,0.25333333333333335,0.25,3,3,medium,1.25,uniform,long,moderate,0.05,20.0,5.0,1.0,peripheral,74841.76984773172,579.7764730317108,0.0,0.0,74261.9933747,74261.9933747,2700.0838759927365,3816.2871155238813,1178.8802772258507,7695.251268742469,54001.677519854726,19081.435577619406,1178.8802772258507,0.0,511.63411050247794,724.7205912896386,0.0,75,0,0.0,0,0,0.0,0.0,0.0,0.0,0.0,0.0,0,0.0,0.0,0,0,0,0.050568580627441406,0.0,0.0,0.0,False,infeasible,baseline_truck_only,74841.76984773172,724.7205912896386,,,,0.0,False,feasible_only,0.0,,False,,,,
S0047_R07,4702033,nils,S0047,n75_p0.25_d3_uniform_Emedium_V1.25_Hlong_PWmoderate_B0.05,75,0.25333333333333335,0.25,3,3,medium,1.25,uniform,long,moderate,0.05,20.0,5.0,1.0,peripheral,74841.76984773172,579.7764730317108,0.0,0.0,74261.9933747,74261.9933747,2700.0838759927365,3816.2871155238813,1178.8802772258507,7695.251268742469,54001.677519854726,19081.435577619406,1178.8802772258507,0.0,511.63411050247794,724.7205912896386,0.0,75,0,0.0,0,0,0.0,0.0,0.0,0.0,0.0,0.0,0,0.0,0.0,0,300,300,12.11354684829712,25.0,0.0,525.0,False,infeasible,nils_complete,74841.76984773172,724.7205912896386,,0.0,,0.0,False,feasible_only,0.0,,False,,,,
S0047_R08,4702034,truck_only,S0047,n75_p0.25_d3_uniform_Emedium_V1.25_Hlong_PWmoderate_B0.05,75,0.25333333333333335,0.25,3,3,medium,1.25,uniform,long,moderate,0.05,20.0,5.0,1.0,peripheral,56842.26969346833,463.68152918973044,0.0,0.0,56378.588164278604,56378.588164278604,2307.056555068819,1912.7988098525914,673.4630136392589,4893.318378560669,46141.13110137638,9563.994049262958,673.4630136392589,0.0,431.28806388994246,579.6019114871633,0.0,75,0,0.0,0,0,0.0,0.0,0.0,0.0,0.0,0.0,0,0.0,0.0,0,0,0,0.06077218055725098,0.0,0.0,0.0,True,feasible,baseline_truck_only,56842.26969346833,579.6019114871633,,,,0.0,True,feasible_only,0.0,56842.26969346833,True,56842.26969346833,,,
S0047_R08,4702034,nils,S0047,n75_p0.25_d3_uniform_Emedium_V1.25_Hlong_PWmoderate_B0.05,75,0.25333333333333335,0.25,3,3,medium,1.25,uniform,long,moderate,0.05,20.0,5.0,1.0,peripheral,16085.005992078075,278.93052144815334,38.7738727494814,0.0,15767.30159788044,15767.30159788044,712.5373301840161,303.31099884002356,0.0,1015.8483290240397,14250.746603680323,1516.5549942001178,0.0,0.0,242.4113658593468,348.6631518101917,129.24624249827133,67,8,0.10666666666666667,3,3,2.6666666666666665,2.6666666666666665,0.0,0.0,0.0,0.0,0,0.921001957901935,0.9426067145410193,3,643,643,2.98201584815979,25.0,8.0,260.0,True,feasible,nils_complete,56842.26969346833,579.6019114871633,,71.70238613127304,,39.84437509607597,True,feasible_only,0.0,16085.005992078075,True,56842.26969346833,,71.70238613127304,
S0047_R09,4702035,truck_only,S0047,n75_p0.25_d3_uniform_Emedium_V1.25_Hlong_PWmoderate_B0.05,75,0.25333333333333335,0.25,3,3,medium,1.25,uniform,long,moderate,0.05,20.0,5.0,1.0,peripheral,60973.26585671968,496.528488196283,0.0,0.0,60476.7373685234,60476.7373685234,2536.501062596147,1807.101321462843,711.2095092862517,5054.811893345242,50730.021251922946,9035.506607314215,711.2095092862517,0.0,411.24470002624594,620.6606102453537,0.0,75,0,0.0,0,0,0.0,0.0,0.0,0.0,0.0,0.0,0,0.0,0.0,0,0,0,0.055602073669433594,0.0,0.0,0.0,True,feasible,baseline_truck_only,60973.26585671968,620.6606102453537,,,,0.0,True,feasible_only,0.0,60973.26585671968,True,60973.26585671968,,,
S0047_R09,4702035,nils,S0047,n75_p0.25_d3_uniform_Emedium_V1.25_Hlong_PWmoderate_B0.05,75,0.25333333333333335,0.25,3,3,medium,1.25,uniform,long,moderate,0.05,20.0,5.0,1.0,peripheral,12177.524080818132,253.21905371109386,35.74071025353446,0.0,11888.564316853503,11888.564316853503,504.43709568813676,359.96448061815295,0.0,864.4015763062897,10088.741913762735,1799.8224030907647,0.0,0.0,219.06069908785173,316.52381713886746,119.13570084511485,65,10,0.13333333333333333,3,3,3.3333333333333335,3.3333333333333335,0.0,0.0,0.0,0.0,0,0.8712921452400345,0.9375509492278371,2,575,575,3.297107696533203,25.0,10.0,286.0,True,feasible,nils_complete,60973.26585671968,620.6606102453537,,80.02809278834768,,49.002109701509454,True,feasible_only,0.0,12177.524080818132,True,60973.26585671968,,80.02809278834768,
S0047_R10,4702036,truck_only,S0047,n75_p0.25_d3_uniform_Emedium_V1.25_Hlong_PWmoderate_B0.05,75,0.25333333333333335,0.25,3,3,medium,1.25,uniform,long,moderate,0.05,20.0,5.0,1.0,peripheral,73097.67756134822,475.4754721145622,0.0,0.0,72622.20208923366,72622.20208923366,3112.8374401076862,1994.0431622695269,395.23747573229514,5502.118078109508,62256.74880215373,9970.215811347634,395.23747573229514,0.0,469.90869522549684,594.3443401432028,0.0,75,0,0.0,0,0,0.0,0.0,0.0,0.0,0.0,0.0,0,0.0,0.0,0,0,0,0.055831193923950195,0.0,0.0,0.0,True,feasible,baseline_truck_only,73097.67756134822,594.3443401432028,,,,0.0,True,feasible_only,0.0,73097.67756134822,True,73097.67756134822,,,
S0047_R10,4702036,nils,S0047,n75_p0.25_d3_uniform_Emedium_V1.25_Hlong_PWmoderate_B0.05,75,0.25333333333333335,0.25,3,3,medium,1.25,uniform,long,moderate,0.05,20.0,5.0,1.0,peripheral,12497.702294861625,239.01102508715076,36.4498182227874,0.0,12222.241451551687,12222.241451551687,593.859469304497,69.01041309234992,0.0,662.869882396847,11877.18938608994,345.05206546174963,0.0,0.0,216.67310247030412,298.76378135893833,121.49939407595801,65,10,0.13333333333333333,3,3,3.3333333333333335,3.3333333333333335,0.0,0.0,0.0,0.0,0,0.8789783801072325,0.9155236801407011,1,496,496,3.6148855686187744,23.0,10.0,311.0,True,feasible,nils_complete,73097.67756134822,594.3443401432028,,82.90273684225774,,49.7322072105619,True,feasible_only,0.0,12497.702294861625,True,73097.67756134822,,82.90273684225774,
S0048_R01,4802027,truck_only,S0048,n75_p0.25_d3_uniform_Ehigh_V2.00_Hmedium_PWflat_B0.05,75,0.25333333333333335,0.25,3,3,high,2.0,uniform,medium,flat,0.05,1.0,1.0,1.0,peripheral,8157.070297592184,519.6462648225632,0.0,0.0,7637.424032769621,7637.424032769621,2255.6406281225163,3434.835307453205,1946.9480971938995,7637.424032769621,2255.6406281225163,3434.835307453205,1946.9480971938995,0.0,603.0237582442404,649.5578310282041,0.0,75,0,0.0,0,0,0.0,0.0,0.0,0.0,0.0,0.0,0,0.0,0.0,0,0,0,0.05845355987548828,0.0,0.0,0.0,False,infeasible,baseline_truck_only,8157.070297592184,649.5578310282041,,,,0.0,False,feasible_only,0.0,,False,,,,
S0048_R01,4802027,nils,S0048,n75_p0.25_d3_uniform_Ehigh_V2.00_Hmedium_PWflat_B0.05,75,0.25333333333333335,0.25,3,3,high,2.0,uniform,medium,flat,0.05,1.0,1.0,1.0,peripheral,8157.070297592184,519.6462648225632,0.0,0.0,7637.424032769621,7637.424032769621,2255.6406281225163,3434.835307453205,1946.9480971938995,7637.424032769621,2255.6406281225163,3434.835307453205,1946.9480971938995,0.0,603.0237582442404,649.5578310282041,0.0,75,0,0.0,0,0,0.0,0.0,0.0,0.0,0.0,0.0,0,0.0,0.0,0,0,0,13.345986604690552,25.0,0.0,900.0,False,infeasible,nils_complete,8157.070297592184,649.5578310282041,,0.0,,0.0,False,feasible_only,0.0,,False,,,,
S0048_R02,4802028,truck_only,S0048,n75_p0.25_d3_uniform_Ehigh_V2.00_Hmedium_PWflat_B0.05,75,0.25333333333333335,0.25,3,3,high,2.0,uniform,medium,flat,0.05,1.0,1.0,1.0,peripheral,6440.337458031774,476.3015775408719,0.0,0.0,5964.035880490902,5964.035880490902,4012.516320191367,1336.6521779028346,614.8673823967007,5964.035880490903,4012.516320191367,1336.6521779028346,614.8673823967007,0.0,472.85271989999916,595.3769719260899,0.0,75,0,0.0,0,0,0.0,0.0,0.0,0.0,0.0,0.0,0,0.0,0.0,0,0,0,0.06000041961669922,0.0,0.0,0.0,True,feasible,baseline_truck_only,6440.337458031774,595.3769719260899,,,,0.0,True,feasible_only,0.0,6440.337458031774,True,6440.337458031774,,,
S0048_R02,4802028,nils,S0048,n75_p0.25_d3_uniform_Ehigh_V2.00_Hmedium_PWflat_B0.05,75,0.25333333333333335,0.25,3,3,high,2.0,uniform,medium,flat,0.05,1.0,1.0,1.0,peripheral,788.7094486843446,209.1668997822778,74.98394209513977,0.0,504.55860680692695,504.55860680692695,428.9425676952754,75.61603911165149,0.0,504.5586068069269,428.9425676952754,75.61603911165149,0.0,0.0,211.3520711850384,261.4586247278472,249.94647365046586,56,19,0.25333333333333335,3,3,6.333333333333333,6.333333333333333,0.0,0.0,0.0,0.0,0,0.8666273680966622,0.9453992440239436,2,116,116,3.6840763092041016,25.0,19.0,517.0,True,feasible,nils_complete,6440.337458031774,595.3769719260899,,87.75360058655404,,56.0851969329602,True,feasible_only,0.0,788.7094486843446,True,6440.337458031774,,87.75360058655404,
S0048_R03,4802029,truck_only,S0048,n75_p0.25_d3_uniform_Ehigh_V2.00_Hmedium_PWflat_B0.05,75,0.25333333333333335,0.25,3,3,high,2.0,uniform,medium,flat,0.05,1.0,1.0,1.0,peripheral,4393.423062391292,498.07151399333634,0.0,0.0,3895.351548397956,3895.351548397956,1834.2012828653903,1259.0685768494648,802.0816886830993,3895.3515483979545,1834.2012828653903,1259.0685768494648,802.0816886830993,0.0,430.19656735612153,622.5893924916704,0.0,75,0,0.0,0,0,0.0,0.0,0.0,0.0,0.0,0.0,0,0.0,0.0,0,0,0,0.04752922058105469,0.0,0.0,0.0,True,feasible,baseline_truck_only,4393.423062391292,622.5893924916704,,,,0.0,True,feasible_only,0.0,4393.423062391292,True,4393.423062391292,,,
S0048_R03,4802029,nils,S0048,n75_p0.25_d3_uniform_Ehigh_V2.00_Hmedium_PWflat_B0.05,75,0.25333333333333335,0.25,3,3,high,2.0,uniform,medium,flat,0.05,1.0,1.0,1.0,peripheral,1092.1659340612573,249.01081817933905,59.28896782781224,0.0,783.866148054106,783.866148054106,706.2441626768233,77.62198537728264,0.0,783.8661480541059,706.2441626768233,77.62198537728264,0.0,0.0,225.09877756142745,311.2635227241737,197.62989275937414,58,17,0.22666666666666666,3,3,5.666666666666667,5.666666666666667,0.0,0.0,0.0,0.0,0,0.6941674049304214,0.9487005074288494,2,115,115,4.018609046936035,25.0,15.0,518.0,True,feasible,nils_complete,4393.423062391292,622.5893924916704,,75.14088858388239,,50.00500707561636,True,feasible_only,0.0,1092.1659340612573,True,4393.423062391292,,75.14088858388239,
S0048_R04,4802030,truck_only,S0048,n75_p0.25_d3_uniform_Ehigh_V2.00_Hmedium_PWflat_B0.05,75,0.25333333333333335,0.25,3,3,high,2.0,uniform,medium,flat,0.05,1.0,1.0,1.0,peripheral,5563.437515201721,497.79886795628767,0.0,0.0,5065.638647245433,5065.638647245433,1901.7763669149724,2706.8918480336615,456.9704322968006,5065.638647245435,1901.7763669149724,2706.8918480336615,456.9704322968006,0.0,414.75977480905806,622.2485849453597,0.0,75,0,0.0,0,0,0.0,0.0,0.0,0.0,0.0,0.0,0,0.0,0.0,0,0,0,0.05743837356567383,0.0,0.0,0.0,True,feasible,baseline_truck_only,5563.437515201721,622.2485849453597,,,,0.0,True,feasible_only,0.0,5563.437515201721,True,5563.437515201721,,,
S0048_R04,4802030,nils,S0048,n75_p0.25_d3_uniform_Ehigh_V2.00_Hmedium_PWflat_B0.05,75,0.25333333333333335,0.25,3,3,high,2.0,uniform,medium,flat,0.05,1.0,1.0,1.0,peripheral,450.07823803532347,224.5547212822199,34.3019219029777,0.0,191.22159485012588,191.22159485012588,100.61610687440762,90.60548797571826,0.0,191.22159485012588,100.61610687440762,90.60548797571826,0.0,0.0,191.558294014336,280.6934016027749,114.33973967659234,62,13,0.17333333333333334,2,2,6.5,6.5,0.0,0.0,0.0,0.0,0,0.6021060489324261,0.8331357197573236,0,89,89,3.8900585174560547,25.0,13.0,562.0,True,feasible,nils_complete,5563.437515201721,622.2485849453597,,91.91006932664355,,54.89047168706332,True,feasible_only,0.0,450.07823803532347,True,5563.437515201721,,91.91006932664355,
S0048_R05,4802031,truck_only,S0048,n75_p0.25_d3_uniform_Ehigh_V2.00_Hmedium_PWflat_B0.05,75,0.25333333333333335,0.25,3,3,high,2.0,uniform,medium,flat,0.05,1.0,1.0,1.0,peripheral,7202.062119427344,537.0464719045699,0.0,0.0,6665.015647522775,6665.015647522775,2061.2911144630634,2388.4034720753593,2215.3210609843536,6665.015647522776,2061.2911144630634,2388.4034720753593,2215.3210609843536,0.0,535.0965239851753,671.3080898807125,0.0,75,0,0.0,0,0,0.0,0.0,0.0,0.0,0.0,0.0,0,0.0,0.0,0,0,0,0.06456828117370605,0.0,0.0,0.0,False,infeasible,baseline_truck_only,7202.062119427344,671.3080898807125,,,,0.0,False,feasible_only,0.0,,False,,,,
S0048_R05,4802031,nils,S0048,n75_p0.25_d3_uniform_Ehigh_V2.00_Hmedium_PWflat_B0.05,75,0.25333333333333335,0.25,3,3,high,2.0,uniform,medium,flat,0.05,1.0,1.0,1.0,peripheral,7202.062119427344,537.0464719045699,0.0,0.0,6665.015647522775,6665.015647522775,2061.2911144630634,2388.4034720753593,2215.3210609843536,6665.015647522776,2061.2911144630634,2388.4034720753593,2215.3210609843536,0.0,535.0965239851753,671.3080898807125,0.0,75,0,0.0,0,0,0.0,0.0,0.0,0.0,0.0,0.0,0,0.0,0.0,0,0,0,14.610089778900146,25.0,0.0,975.0,False,infeasible,nils_complete,7202.062119427344,671.3080898807125,,0.0,,0.0,False,feasible_only,0.0,,False,,,,
S0048_R06,4802032,truck_only,S0048,n75_p0.25_d3_uniform_Ehigh_V2.00_Hmedium_PWflat_B0.05,75,0.25333333333333335,0.25,3,3,high,2.0,uniform,medium,flat,0.05,1.0,1.0,1.0,peripheral,6005.291114362643,503.6009651235036,0.0,0.0,5501.69014923914,5501.69014923914,3034.3672671982285,1662.6932848872768,804.6295971536344,5501.69014923914,3034.3672671982285,1662.6932848872768,804.6295971536344,0.0,434.76430839866583,629.5012064043793,0.0,75,0,0.0,0,0,0.0,0.0,0.0,0.0,0.0,0.0,0,0.0,0.0,0,0,0,0.05862092971801758,0.0,0.0,0.0,True,feasible,baseline_truck_only,6005.291114362643,629.5012064043793,,,,0.0,True,feasible_only,0.0,6005.291114362643,True,6005.291114362643,,,
S0048_R06,4802032,nils,S0048,n75_p0.25_d3_uniform_Ehigh_V2.00_Hmedium_PWflat_B0.05,75,0.25333333333333335,0.25,3,3,high,2.0,uniform,medium,flat,0.05,1.0,1.0,1.0,peripheral,1153.4598854609485,263.8788072099668,63.46557026492838,0.0,826.1155079860534,826.1155079860534,592.9948103652382,233.1206976208153,0.0,826.1155079860534,592.9948103652382,233.1206976208153,0.0,0.0,227.07199853016783,329.84850901245863,211.5519008830946,56,19,0.25333333333333335,3,3,6.333333333333333,6.333333333333333,0.0,0.0,0.0,0.0,0,0.7440030545065112,0.9487802379954304,1,85,85,3.9487111568450928,25.0,18.0,548.0,True,feasible,nils_complete,6005.291114362643,629.5012064043793,,80.79260666144462,,47.60160812137183,True,feasible_only,0.0,1153.4598854609485,True,6005.291114362643,,80.79260666144462,
S0048_R07,4802033,truck_only,S0048,n75_p0.25_d3_uniform_Ehigh_V2.00_Hmedium_PWflat_B0.05,75,0.25333333333333335,0.25,3,3,high,2.0,uniform,medium,flat,0.05,1.0,1.0,1.0,peripheral,6170.141213075716,537.9779312092727,0.0,0.0,5632.163281866444,5632.163281866444,2808.863098326851,2088.982785967802,734.3173975717908,5632.163281866444,2808.863098326851,2088.982785967802,734.3173975717908,0.0,451.0975398573935,672.4724140115909,0.0,75,0,0.0,0,0,0.0,0.0,0.0,0.0,0.0,0.0,0,0.0,0.0,0,0,0,0.04952526092529297,0.0,0.0,0.0,True,feasible,baseline_truck_only,6170.141213075716,672.4724140115909,,,,0.0,True,feasible_only,0.0,6170.141213075716,True,6170.141213075716,,,
S0048_R07,4802033,nils,S0048,n75_p0.25_d3_uniform_Ehigh_V2.00_Hmedium_PWflat_B0.05,75,0.25333333333333335,0.25,3,3,high,2.0,uniform,medium,flat,0.05,1.0,1.0,1.0,peripheral,1612.1197744359374,310.59506158755573,49.16351322241957,0.0,1252.3611996259622,1252.3611996259622,869.2707305279729,383.0904690979893,0.0,1252.3611996259622,869.2707305279729,383.0904690979893,0.0,0.0,257.8096178489649,388.2438269844446,163.8783774080652,60,15,0.2,2,2,7.5,7.5,0.0,0.0,0.0,0.0,0,0.868499478011082,0.9253040353630402,1,160,160,3.749803066253662,25.0,15.0,539.0,True,feasible,nils_complete,6170.141213075716,672.4724140115909,,73.87223859610303,,42.26620766963495,True,feasible_only,0.0,1612.1197744359374,True,6170.141213075716,,73.87223859610303,
S0048_R08,4802034,truck_only,S0048,n75_p0.25_d3_uniform_Ehigh_V2.00_Hmedium_PWflat_B0.05,75,0.25333333333333335,0.25,3,3,high,2.0,uniform,medium,flat,0.05,1.0,1.0,1.0,peripheral,6202.446784244698,490.8197609890739,0.0,0.0,5711.627023255624,5711.627023255624,2351.187030333721,2487.0778110231718,873.3621818987311,5711.627023255624,2351.187030333721,2487.0778110231718,873.3621818987311,0.0,490.56780148083345,613.5247012363423,0.0,75,0,0.0,0,0,0.0,0.0,0.0,0.0,0.0,0.0,0,0.0,0.0,0,0,0,0.05486273765563965,0.0,0.0,0.0,False,infeasible,baseline_truck_only,6202.446784244698,613.5247012363423,,,,0.0,False,feasible_only,0.0,,False,,,,
S0048_R08,4802034,nils,S0048,n75_p0.25_d3_uniform_Ehigh_V2.00_Hmedium_PWflat_B0.05,75,0.25333333333333335,0.25,3,3,high,2.0,uniform,medium,flat,0.05,1.0,1.0,1.0,peripheral,790.637912972622,232.95083121563175,53.8267037372696,0.0,503.86037801972066,503.86037801972066,389.6843944218555,114.17598359786511,0.0,503.8603780197206,389.6843944218555,114.17598359786511,0.0,0.0,226.42459067466984,291.18853901953975,179.42234579089867,58,17,0.22666666666666666,2,2,8.5,8.5,0.0,0.0,0.0,0.0,0,0.9386178813353575,0.9458424691037467,2,99,99,4.287638902664185,25.0,16.0,510.0,True,feasible,nils_complete,6202.446784244698,613.5247012363423,,87.25280618318271,,52.538416394196986,True,feasible_only,0.0,790.637912972622,True,,,,
S0048_R09,4802035,truck_only,S0048,n75_p0.25_d3_uniform_Ehigh_V2.00_Hmedium_PWflat_B0.05,75,0.25333333333333335,0.25,3,3,high,2.0,uniform,medium,flat,0.05,1.0,1.0,1.0,peripheral,5027.583298049305,501.81022882416283,0.0,0.0,4525.7730692251425,4525.7730692251425,1810.625666478508,1688.7075910161152,1026.43981173052,4525.773069225143,1810.625666478508,1688.7075910161152,1026.43981173052,0.0,429.5871878133112,627.2627860302035,0.0,75,0,0.0,0,0,0.0,0.0,0.0,0.0,0.0,0.0,0,0.0,0.0,0,0,0,0.05579876899719238,0.0,0.0,0.0,True,feasible,baseline_truck_only,5027.583298049305,627.2627860302035,,,,0.0,True,feasible_only,0.0,5027.583298049305,True,5027.583298049305,,,
S0048_R09,4802035,nils,S0048,n75_p0.25_d3_uniform_Ehigh_V2.00_Hmedium_PWflat_B0.05,75,0.25333333333333335,0.25,3,3,high,2.0,uniform,medium,flat,0.05,1.0,1.0,1.0,peripheral,877.6377801751025,270.564358675138,53.679679578610916,0.0,553.3937419213536,553.3937419213536,387.45374913611846,165.93999278523512,0.0,553.3937419213536,387.45374913611846,165.93999278523512,0.0,0.0,245.56133276476262,338.2054483439225,178.93226526203642,60,15,0.2,2,2,7.5,7.5,0.0,0.0,0.0,0.0,0,0.9312370957825258,0.9367639607842645,2,149,149,3.636545419692993,24.0,14.0,535.0,True,feasible,nils_complete,5027.583298049305,627.2627860302035,,82.54354571279556,,46.082334888006976,True,feasible_only,0.0,877.6377801751025,True,5027.583298049305,,82.54354571279556,
S0048_R10,4802036,truck_only,S0048,n75_p0.25_d3_uniform_Ehigh_V2.00_Hmedium_PWflat_B0.05,75,0.25333333333333335,0.25,3,3,high,2.0,uniform,medium,flat,0.05,1.0,1.0,1.0,peripheral,7152.597342899366,513.3511188381817,0.0,0.0,6639.246224061184,6639.246224061184,2928.304006653893,2004.1882923150813,1706.7539250922102,6639.246224061184,2928.304006653893,2004.1882923150813,1706.7539250922102,0.0,551.3203777833376,641.6888985477273,0.0,75,0,0.0,0,0,0.0,0.0,0.0,0.0,0.0,0.0,0,0.0,0.0,0,0,0,0.05823826789855957,0.0,0.0,0.0,False,infeasible,baseline_truck_only,7152.597342899366,641.6888985477273,,,,0.0,False,feasible_only,0.0,,False,,,,
S0048_R10,4802036,nils,S0048,n75_p0.25_d3_uniform_Ehigh_V2.00_Hmedium_PWflat_B0.05,75,0.25333333333333335,0.25,3,3,high,2.0,uniform,medium,flat,0.05,1.0,1.0,1.0,peripheral,7152.597342899366,513.3511188381817,0.0,0.0,6639.246224061184,6639.246224061184,2928.304006653893,2004.1882923150813,1706.7539250922102,6639.246224061184,2928.304006653893,2004.1882923150813,1706.7539250922102,0.0,551.3203777833376,641.6888985477273,0.0,75,0,0.0,0,0,0.0,0.0,0.0,0.0,0.0,0.0,0,0.0,0.0,0,0,0,14.833508491516113,25.0,0.0,825.0,False,infeasible,nils_complete,7152.597342899366,641.6888985477273,,0.0,,0.0,False,feasible_only,0.0,,False,,,,
S0049_R01,4902027,truck_only,S0049,n75_p0.25_d3_uniform_Ehigh_V2.00_Hmedium_PWstrict_B0.05,75,0.25333333333333335,0.25,3,3,high,2.0,uniform,medium,strict,0.05,200.0,40.0,1.0,peripheral,581241.4080891769,503.8435589778839,0.0,0.0,580737.5645301989,580737.5645301989,2311.7302053088965,2929.936307977335,1194.0711493262752,6435.737662612507,462346.0410617793,117197.45231909341,1194.0711493262752,0.0,549.1929772264477,629.8044487223551,0.0,75,0,0.0,0,0,0.0,0.0,0.0,0.0,0.0,0.0,0,0.0,0.0,0,0,0,0.07292389869689941,0.0,0.0,0.0,False,infeasible,baseline_truck_only,581241.4080891769,629.8044487223551,,,,0.0,False,feasible_only,0.0,,False,,,,
S0049_R01,4902027,nils,S0049,n75_p0.25_d3_uniform_Ehigh_V2.00_Hmedium_PWstrict_B0.05,75,0.25333333333333335,0.25,3,3,high,2.0,uniform,medium,strict,0.05,200.0,40.0,1.0,peripheral,581241.4080891769,503.8435589778839,0.0,0.0,580737.5645301989,580737.5645301989,2311.7302053088965,2929.936307977335,1194.0711493262752,6435.737662612507,462346.0410617793,117197.45231909341,1194.0711493262752,0.0,549.1929772264477,629.8044487223551,0.0,75,0,0.0,0,0,0.0,0.0,0.0,0.0,0.0,0.0,0,0.0,0.0,0,0,0,13.43238353729248,25.0,0.0,900.0,False,infeasible,nils_complete,581241.4080891769,629.8044487223551,,0.0,,0.0,False,feasible_only,0.0,,False,,,,
S0049_R02,4902028,truck_only,S0049,n75_p0.25_d3_uniform_Ehigh_V2.00_Hmedium_PWstrict_B0.05,75,0.25333333333333335,0.25,3,3,high,2.0,uniform,medium,strict,0.05,200.0,40.0,1.0,peripheral,605252.1233730068,487.08155563299675,0.0,0.0,604765.0418173738,604765.0418173738,2809.223752458725,1031.4182586762095,1663.5609785806,5504.202989715534,561844.750491745,41256.730347048375,1663.5609785806,0.0,450.8610679171684,608.851944541246,0.0,75,0,0.0,0,0,0.0,0.0,0.0,0.0,0.0,0.0,0,0.0,0.0,0,0,0,0.0722966194152832,0.0,0.0,0.0,True,feasible,baseline_truck_only,605252.1233730068,608.851944541246,,,,0.0,True,feasible_only,0.0,605252.1233730068,True,605252.1233730068,,,
S0049_R02,4902028,nils,S0049,n75_p0.25_d3_uniform_Ehigh_V2.00_Hmedium_PWstrict_B0.05,75,0.25333333333333335,0.25,3,3,high,2.0,uniform,medium,strict,0.05,200.0,40.0,1.0,peripheral,55683.227322089726,221.2862167924716,53.036155692354995,0.0,55408.9049496049,55408.9049496049,262.84184889796614,71.0133792502917,0.0,333.8552281482579,52568.36977959323,2840.535170011668,0.0,0.0,225.87557683131107,276.60777099058953,176.78718564118338,58,17,0.22666666666666666,3,3,5.666666666666667,5.666666666666667,0.0,0.0,0.0,0.0,0,0.6246012137614492,0.7748629100516761,0,72,72,4.548808574676514,25.0,17.0,549.0,True,feasible,nils_complete,605252.1233730068,608.851944541246,,90.79999471761076,,54.568959913726445,True,feasible_only,0.0,55683.227322089726,True,605252.1233730068,,90.79999471761076,
S0049_R03,4902029,truck_only,S0049,n75_p0.25_d3_uniform_Ehigh_V2.00_Hmedium_PWstrict_B0.05,75,0.25333333333333335,0.25,3,3,high,2.0,uniform,medium,strict,0.05,200.0,40.0,1.0,peripheral,760868.4297765776,547.1638373903982,0.0,0.0,760321.2659391873,760321.2659391873,3338.776414944502,2275.8231355660023,1533.0575276468237,7147.657078157327,667755.2829889004,91032.9254226401,1533.0575276468237,0.0,514.108677443748,683.9547967379978,0.0,75,0,0.0,0,0,0.0,0.0,0.0,0.0,0.0,0.0,0,0.0,0.0,0,0,0,0.057723045349121094,0.0,0.0,0.0,False,infeasible,baseline_truck_only,760868.4297765776,683.9547967379978,,,,0.0,False,feasible_only,0.0,,False,,,,
S0049_R03,4902029,nils,S0049,n75_p0.25_d3_uniform_Ehigh_V2.00_Hmedium_PWstrict_B0.05,75,0.25333333333333335,0.25,3,3,high,2.0,uniform,medium,strict,0.05,200.0,40.0,1.0,peripheral,760868.4297765776,547.1638373903982,0.0,0.0,760321.2659391873,760321.2659391873,3338.776414944502,2275.8231355660023,1533.0575276468237,7147.657078157327,667755.2829889004,91032.9254226401,1533.0575276468237,0.0,514.108677443748,683.9547967379978,0.0,75,0,0.0,0,0,0.0,0.0,0.0,0.0,0.0,0.0,0,0.0,0.0,0,0,0,12.477485418319702,25.0,0.0,300.0,False,infeasible,nils_complete,760868.4297765776,683.9547967379978,,0.0,,0.0,False,feasible_only,0.0,,False,,,,
S0049_R04,4902030,truck_only,S0049,n75_p0.25_d3_uniform_Ehigh_V2.00_Hmedium_PWstrict_B0.05,75,0.25333333333333335,0.25,3,3,high,2.0,uniform,medium,strict,0.05,200.0,40.0,1.0,peripheral,399235.5358310225,489.3153782766176,0.0,0.0,398746.22045274585,398746.22045274585,1574.079196570108,2080.2254703200006,721.3623259243182,4375.666992814427,314815.8393140216,83209.01881280003,721.3623259243182,0.0,417.9929261997485,611.644222845772,0.0,75,0,0.0,0,0,0.0,0.0,0.0,0.0,0.0,0.0,0,0.0,0.0,0,0,0,0.05118107795715332,0.0,0.0,0.0,True,feasible,baseline_truck_only,399235.5358310225,611.644222845772,,,,0.0,True,feasible_only,0.0,399235.5358310225,True,399235.5358310225,,,
S0049_R04,4902030,nils,S0049,n75_p0.25_d3_uniform_Ehigh_V2.00_Hmedium_PWstrict_B0.05,75,0.25333333333333335,0.25,3,3,high,2.0,uniform,medium,strict,0.05,200.0,40.0,1.0,peripheral,68391.87302908897,244.28309182200104,73.64180280891412,0.0,68073.94813445806,68073.94813445806,278.51792799493023,309.25906338680034,0.0,587.7769913817306,55703.58559898604,12370.362535472013,0.0,0.0,238.10464034162698,305.35386477750126,245.4726760297138,56,19,0.25333333333333335,3,3,6.333333333333333,6.333333333333333,0.0,0.0,0.0,0.0,0,0.8779891596782825,0.9148440645091982,1,121,121,4.050251007080078,25.0,20.0,500.0,True,feasible,nils_complete,399235.5358310225,611.644222845772,,82.86929221199487,,50.07655539411557,True,feasible_only,0.0,68391.87302908897,True,399235.5358310225,,82.86929221199487,
S0049_R05,4902031,truck_only,S0049,n75_p0.25_d3_uniform_Ehigh_V2.00_Hmedium_PWstrict_B0.05,75,0.25333333333333335,0.25,3,3,high,2.0,uniform,medium,strict,0.05,200.0,40.0,1.0,peripheral,383221.79710093496,525.7806168092496,0.0,0.0,382696.0164841257,382696.0164841257,1518.1738682412881,1946.5143100918428,1200.6704321942038,4665.358610527335,303634.7736482576,77860.57240367371,1200.6704321942038,0.0,426.21650178729215,657.2257710115622,0.0,75,0,0.0,0,0,0.0,0.0,0.0,0.0,0.0,0.0,0,0.0,0.0,0,0,0,0.05667424201965332,0.0,0.0,0.0,True,feasible,baseline_truck_only,383221.79710093496,657.2257710115622,,,,0.0,True,feasible_only,0.0,383221.79710093496,True,383221.79710093496,,,
S0049_R05,4902031,nils,S0049,n75_p0.25_d3_uniform_Ehigh_V2.00_Hmedium_PWstrict_B0.05,75,0.25333333333333335,0.25,3,3,high,2.0,uniform,medium,strict,0.05,200.0,40.0,1.0,peripheral,93917.7462042667,245.71974732038197,70.12881421850214,0.0,93601.89764272782,93601.89764272782,435.30871329140734,163.50387461115855,0.0,598.8125879025658,87061.74265828147,6540.1549844463425,0.0,0.0,200.22981058047293,307.1496841504774,233.76271406167388,57,18,0.24,3,3,6.0,6.0,0.0,0.0,0.0,0.0,0,0.8256914651031128,0.9242274625232106,1,138,138,4.559930086135864,25.0,18.0,495.0,True,feasible,nils_complete,383221.79710093496,657.2257710115622,,75.49258760468413,,53.265727289158,True,feasible_only,0.0,93917.7462042667,True,383221.79710093496,,75.49258760468413,
S0049_R06,4902032,truck_only,S0049,n75_p0.25_d3_uniform_Ehigh_V2.00_Hmedium_PWstrict_B0.05,75,0.25333333333333335,0.25,3,3,high,2.0,uniform,medium,strict,0.05,200.0,40.0,1.0,peripheral,819546.1635073258,580.6884495585031,0.0,0.0,818965.4750577674,818965.4750577674,3596.3128107481343,2455.99396430076,1463.1543361099841,7515.461111158878,719262.5621496269,98239.7585720304,1463.1543361099841,0.0,583.6634316497303,725.8605619481289,0.0,75,0,0.0,0,0,0.0,0.0,0.0,0.0,0.0,0.0,0,0.0,0.0,0,0,0,0.07046961784362793,0.0,0.0,0.0,False,infeasible,baseline_truck_only,819546.1635073258,725.8605619481289,,,,0.0,False,feasible_only,0.0,,False,,,,
S0049_R06,4902032,nils,S0049,n75_p0.25_d3_uniform_Ehigh_V2.00_Hmedium_PWstrict_B0.05,75,0.25333333333333335,0.25,3,3,high,2.0,uniform,medium,strict,0.05,200.0,40.0,1.0,peripheral,819546.1635073258,580.6884495585031,0.0,0.0,818965.4750577674,818965.4750577674,3596.3128107481343,2455.99396430076,1463.1543361099841,7515.461111158878,719262.5621496269,98239.7585720304,1463.1543361099841,0.0,583.6634316497303,725.8605619481289,0.0,75,0,0.0,0,0,0.0,0.0,0.0,0.0,0.0,0.0,0,0.0,0.0,0,0,0,17.123438358306885,25.0,0.0,975.0,False,infeasible,nils_complete,819546.1635073258,725.8605619481289,,0.0,,0.0,False,feasible_only,0.0,,False,,,,
S0049_R07,4902033,truck_only,S0049,n75_p0.25_d3_uniform_Ehigh_V2.00_Hmedium_PWstrict_B0.05,75,0.25333333333333335,0.25,3,3,high,2.0,uniform,medium,strict,0.05,200.0,40.0,1.0,peripheral,492142.59007735015,531.9957907609227,0.0,0.0,491610.59428658924,491610.59428658924,1855.5010403669173,2977.912526881613,1393.8851379412629,6227.298705189793,371100.2080733835,119116.50107526452,1393.8851379412629,0.0,544.3499776379537,664.9947384511531,0.0,75,0,0.0,0,0,0.0,0.0,0.0,0.0,0.0,0.0,0,0.0,0.0,0,0,0,0.0650644302368164,0.0,0.0,0.0,False,infeasible,baseline_truck_only,492142.59007735015,664.9947384511531,,,,0.0,False,feasible_only,0.0,,False,,,,
S0049_R07,4902033,nils,S0049,n75_p0.25_d3_uniform_Ehigh_V2.00_Hmedium_PWstrict_B0.05,75,0.25333333333333335,0.25,3,3,high,2.0,uniform,medium,strict,0.05,200.0,40.0,1.0,peripheral,492142.59007735015,531.9957907609227,0.0,0.0,491610.59428658924,491610.59428658924,1855.5010403669173,2977.912526881613,1393.8851379412629,6227.298705189793,371100.2080733835,119116.50107526452,1393.8851379412629,0.0,544.3499776379537,664.9947384511531,0.0,75,0,0.0,0,0,0.0,0.0,0.0,0.0,0.0,0.0,0,0.0,0.0,0,0,0,14.726002216339111,25.0,0.0,975.0,False,infeasible,nils_complete,492142.59007735015,664.9947384511531,,0.0,,0.0,False,feasible_only,0.0,,False,,,,
S0049_R08,4902034,truck_only,S0049,n75_p0.25_d3_uniform_Ehigh_V2.00_Hmedium_PWstrict_B0.05,75,0.25333333333333335,0.25,3,3,high,2.0,uniform,medium,strict,0.05,200.0,40.0,1.0,peripheral,693875.1158287054,511.49805256067623,0.0,0.0,693363.6177761446,693363.6177761446,3120.805001576216,1707.4552194450769,904.4086830984536,5732.668904119746,624161.0003152431,68298.20877780307,904.4086830984536,0.0,456.84233650591096,639.3725657008451,0.0,75,0,0.0,0,0,0.0,0.0,0.0,0.0,0.0,0.0,0,0.0,0.0,0,0,0,0.054534912109375,0.0,0.0,0.0,True,feasible,baseline_truck_only,693875.1158287054,639.3725657008451,,,,0.0,True,feasible_only,0.0,693875.1158287054,True,693875.1158287054,,,
S0049_R08,4902034,nils,S0049,n75_p0.25_d3_uniform_Ehigh_V2.00_Hmedium_PWstrict_B0.05,75,0.25333333333333335,0.25,3,3,high,2.0,uniform,medium,strict,0.05,200.0,40.0,1.0,peripheral,83183.83460294642,251.84279418749384,51.7770590054324,0.0,82880.21474975349,82880.21474975349,396.20448128374585,90.982962325108,0.0,487.18744360885387,79240.89625674917,3639.3184930043203,0.0,0.0,268.04688595270375,314.8034927343674,172.5901966847747,62,13,0.17333333333333334,2,2,6.5,6.5,0.0,0.0,0.0,0.0,0,0.912008726818245,0.9380874444264811,1,117,117,3.662329912185669,23.0,13.0,576.0,True,feasible,nils_complete,693875.1158287054,639.3725657008451,,88.01169941026077,,50.76368464616603,True,feasible_only,0.0,83183.83460294642,True,693875.1158287054,,88.01169941026077,
S0049_R09,4902035,truck_only,S0049,n75_p0.25_d3_uniform_Ehigh_V2.00_Hmedium_PWstrict_B0.05,75,0.25333333333333335,0.25,3,3,high,2.0,uniform,medium,strict,0.05,200.0,40.0,1.0,peripheral,492750.8118779429,495.71437878707144,0.0,0.0,492255.0974991558,492255.0974991558,2064.456381617092,1967.2683832766634,673.0858446707693,4704.810609564525,412891.2763234184,78690.73533106653,673.0858446707693,0.0,394.6069933764693,619.6429734838397,0.0,75,0,0.0,0,0,0.0,0.0,0.0,0.0,0.0,0.0,0,0.0,0.0,0,0,0,0.05066728591918945,0.0,0.0,0.0,True,feasible,baseline_truck_only,492750.8118779429,619.6429734838397,,,,0.0,True,feasible_only,0.0,492750.8118779429,True,492750.8118779429,,,
S0049_R09,4902035,nils,S0049,n75_p0.25_d3_uniform_Ehigh_V2.00_Hmedium_PWstrict_B0.05,75,0.25333333333333335,0.25,3,3,high,2.0,uniform,medium,strict,0.05,200.0,40.0,1.0,peripheral,43906.61581095623,246.9604555011417,61.23807288267855,0.0,43598.41728257241,43598.41728257241,186.31781998681308,158.3713321302447,0.0,344.6891521170578,37263.56399736262,6334.853285209788,0.0,0.0,210.3629582350209,308.7005693764271,204.12690960892857,57,18,0.24,3,3,6.0,6.0,0.0,0.0,0.0,0.0,0,0.7135331118793821,0.9354738931918815,1,75,75,4.00579309463501,25.0,11.0,570.0,True,feasible,nils_complete,492750.8118779429,619.6429734838397,,91.08948889528524,,50.18089729303159,True,feasible_only,0.0,43906.61581095623,True,492750.8118779429,,91.08948889528524,
S0049_R10,4902036,truck_only,S0049,n75_p0.25_d3_uniform_Ehigh_V2.00_Hmedium_PWstrict_B0.05,75,0.25333333333333335,0.25,3,3,high,2.0,uniform,medium,strict,0.05,200.0,40.0,1.0,peripheral,570030.2855328427,538.9800094919594,0.0,0.0,569491.3055233508,569491.3055233508,2372.2397828057474,2355.83442372685,809.9720131272254,5538.046219659823,474447.95656114945,94233.37694907401,809.9720131272254,0.0,439.3722136649195,673.7250118649492,0.0,75,0,0.0,0,0,0.0,0.0,0.0,0.0,0.0,0.0,0,0.0,0.0,0,0,0,0.05963611602783203,0.0,0.0,0.0,True,feasible,baseline_truck_only,570030.2855328427,673.7250118649492,,,,0.0,True,feasible_only,0.0,570030.2855328427,True,570030.2855328427,,,
S0049_R10,4902036,nils,S0049,n75_p0.25_d3_uniform_Ehigh_V2.00_Hmedium_PWstrict_B0.05,75,0.25333333333333335,0.25,3,3,high,2.0,uniform,medium,strict,0.05,200.0,40.0,1.0,peripheral,161691.28964552638,275.5789709578139,69.40910119185708,0.0,161346.30157337672,161346.30157337672,765.5388746492197,205.96316608831984,0.0,971.5020407375396,153107.77492984393,8238.526643532794,0.0,0.0,247.10799440789947,344.4737136972674,231.36367063952363,56,19,0.25333333333333335,3,3,6.333333333333333,6.333333333333333,0.0,0.0,0.0,0.0,0,0.8224273550426449,0.9452998375769063,1,71,71,4.49159836769104,25.0,19.0,562.0,True,feasible,nils_complete,570030.2855328427,673.7250118649492,,71.63461420398332,,48.87027976833989,True,feasible_only,0.0,161691.28964552638,True,570030.2855328427,,71.63461420398332,
S0050_R01,5002027,truck_only,S0050,n75_p0.75_d3_uniform_Elow_V1.25_Hlong_PWbase_B0.05,75,0.7466666666666667,0.75,3,3,low,1.25,uniform,long,base,0.05,100.0,20.0,1.0,peripheral,180609.76558041808,466.02360673511976,0.0,0.0,180143.74197368298,180143.74197368298,1520.9699572957343,1382.5195837892713,396.3545683241037,3299.8441094091095,152096.99572957342,27650.391675785428,396.3545683241037,0.0,405.65722418435735,582.5295084188996,0.0,75,0,0.0,0,0,0.0,0.0,0.0,0.0,0.0,0.0,0,0.0,0.0,0,0,0,0.07456636428833008,0.0,0.0,0.0,True,feasible,baseline_truck_only,180609.76558041808,582.5295084188996,,,,0.0,True,feasible_only,0.0,180609.76558041808,True,180609.76558041808,,,
S0050_R01,5002027,nils,S0050,n75_p0.75_d3_uniform_Elow_V1.25_Hlong_PWbase_B0.05,75,0.7466666666666667,0.75,3,3,low,1.25,uniform,long,base,0.05,100.0,20.0,1.0,peripheral,33302.38893868431,245.2679126036169,27.69394463129653,0.0,33029.427081449394,33029.427081449394,298.00099025138167,161.46640281556157,0.0,459.46739306694326,29800.099025138166,3229.328056311231,0.0,0.0,231.46011749321798,306.58489075452115,92.31314877098845,61,14,0.18666666666666668,3,3,4.666666666666667,4.666666666666667,0.0,0.0,0.0,0.0,0,0.9289155536509665,0.9408616785130491,3,2979,2979,4.254775524139404,25.0,14.0,519.0,True,feasible,nils_complete,180609.76558041808,582.5295084188996,,81.56113605946953,,47.37006686808824,True,feasible_only,0.0,33302.38893868431,True,180609.76558041808,,81.56113605946953,
S0050_R02,5002028,truck_only,S0050,n75_p0.75_d3_uniform_Elow_V1.25_Hlong_PWbase_B0.05,75,0.7466666666666667,0.75,3,3,low,1.25,uniform,long,base,0.05,100.0,20.0,1.0,peripheral,323891.2170247184,518.4753889004631,0.0,0.0,323372.741635818,323372.741635818,2898.504488627344,1625.0242673926987,1021.8074252296847,5545.336181249728,289850.4488627344,32500.485347853974,1021.8074252296847,0.0,489.78804297022447,648.0942361255791,0.0,75,0,0.0,0,0,0.0,0.0,0.0,0.0,0.0,0.0,0,0.0,0.0,0,0,0,0.05192995071411133,0.0,0.0,0.0,False,infeasible,baseline_truck_only,323891.2170247184,648.0942361255791,,,,0.0,False,feasible_only,0.0,,False,,,,
S0050_R02,5002028,nils,S0050,n75_p0.75_d3_uniform_Elow_V1.25_Hlong_PWbase_B0.05,75,0.7466666666666667,0.75,3,3,low,1.25,uniform,long,base,0.05,100.0,20.0,1.0,peripheral,19783.720534400443,226.92739863670704,27.26571102625549,0.0,19529.52742473748,19529.52742473748,183.92594122380055,56.84666511787127,0.0,240.7726063416718,18392.594122380055,1136.9333023574254,0.0,0.0,196.1965848346528,283.6592482958838,90.88570342085163,62,13,0.17333333333333334,3,3,4.333333333333333,4.333333333333333,0.0,0.0,0.0,0.0,0,0.9317819203099574,0.9433515221539567,3,3076,3076,3.545381784439087,25.0,13.0,419.0,True,feasible,nils_complete,323891.2170247184,648.0942361255791,,93.89186260864537,,56.231789686689936,True,feasible_only,0.0,19783.720534400443,True,,,,
S0050_R03,5002029,truck_only,S0050,n75_p0.75_d3_uniform_Elow_V1.25_Hlong_PWbase_B0.05,75,0.7466666666666667,0.75,3,3,low,1.25,uniform,long,base,0.05,100.0,20.0,1.0,peripheral,193109.40326193377,470.95879758069333,0.0,0.0,192638.4444643531,192638.4444643531,1654.5609981035273,1326.7544007059507,647.2566398813509,3628.5720386908292,165456.09981035272,26535.088014119014,647.2566398813509,0.0,381.29726486650594,588.6984969758666,0.0,75,0,0.0,0,0,0.0,0.0,0.0,0.0,0.0,0.0,0,0.0,0.0,0,0,0,0.048424482345581055,0.0,0.0,0.0,True,feasible,baseline_truck_only,193109.40326193377,588.6984969758666,,,,0.0,True,feasible_only,0.0,193109.40326193377,True,193109.40326193377,,,
S0050_R03,5002029,nils,S0050,n75_p0.75_d3_uniform_Elow_V1.25_Hlong_PWbase_B0.05,75,0.7466666666666667,0.75,3,3,low,1.25,uniform,long,base,0.05,100.0,20.0,1.0,peripheral,10791.110943327418,200.43302321794104,16.689331420582743,0.0,10573.988588688893,10573.988588688893,79.24946814115538,132.45208872866777,0.0,211.70155686982315,7924.946814115538,2649.0417745733557,0.0,0.0,200.12247574215343,250.5412790224263,55.63110473527583,62,13,0.17333333333333334,2,2,6.5,6.5,0.0,0.0,0.0,0.0,0,0.8664532637716358,0.9331252913389587,1,2711,2711,4.640791416168213,25.0,13.0,670.0,True,feasible,nils_complete,193109.40326193377,588.6984969758666,,94.41191844568525,,57.4414950421222,True,feasible_only,0.0,10791.110943327418,True,193109.40326193377,,94.41191844568525,
S0050_R04,5002030,truck_only,S0050,n75_p0.75_d3_uniform_Elow_V1.25_Hlong_PWbase_B0.05,75,0.7466666666666667,0.75,3,3,low,1.25,uniform,long,base,0.05,100.0,20.0,1.0,peripheral,222350.3923520175,485.00384668014607,0.0,0.0,221865.38850533735,221865.38850533735,2002.0247338231188,1011.4801668284044,1433.311786457362,4446.816687108885,200202.47338231187,20229.60333656809,1433.311786457362,0.0,455.82984555059767,606.2548083501825,0.0,75,0,0.0,0,0,0.0,0.0,0.0,0.0,0.0,0.0,0,0.0,0.0,0,0,0,0.06006193161010742,0.0,0.0,0.0,True,feasible,baseline_truck_only,222350.3923520175,606.2548083501825,,,,0.0,True,feasible_only,0.0,222350.3923520175,True,222350.3923520175,,,
S0050_R04,5002030,nils,S0050,n75_p0.75_d3_uniform_Elow_V1.25_Hlong_PWbase_B0.05,75,0.7466666666666667,0.75,3,3,low,1.25,uniform,long,base,0.05,100.0,20.0,1.0,peripheral,60565.37092135588,259.9365784314218,22.71048567186065,0.0,60282.723857252604,60282.723857252604,545.6236455291009,286.01796521712595,0.0,831.6416107462269,54562.36455291009,5720.359304342519,0.0,0.0,243.70041829191143,324.9207230392774,75.70161890620216,64,11,0.14666666666666667,3,3,3.6666666666666665,3.6666666666666665,0.0,0.0,0.0,0.0,0,0.7605807388589589,0.9128323375891758,1,2986,2986,4.091838598251343,25.0,11.0,488.0,True,feasible,nils_complete,222350.3923520175,606.2548083501825,,72.761293433892,,46.40525426536527,True,feasible_only,0.0,60565.37092135588,True,222350.3923520175,,72.761293433892,
S0050_R05,5002031,truck_only,S0050,n75_p0.75_d3_uniform_Elow_V1.25_Hlong_PWbase_B0.05,75,0.7466666666666667,0.75,3,3,low,1.25,uniform,long,base,0.05,100.0,20.0,1.0,peripheral,223385.11132995738,506.93153386289805,0.0,0.0,222878.17979609448,222878.17979609448,1668.0147796421436,2698.4670179548343,2107.36147278348,6473.843270380458,166801.47796421437,53969.340359096685,2107.36147278348,0.0,529.4989864173347,633.6644173286223,0.0,75,0,0.0,0,0,0.0,0.0,0.0,0.0,0.0,0.0,0,0.0,0.0,0,0,0,0.058931589126586914,0.0,0.0,0.0,False,infeasible,baseline_truck_only,223385.11132995738,633.6644173286223,,,,0.0,False,feasible_only,0.0,,False,,,,
S0050_R05,5002031,nils,S0050,n75_p0.75_d3_uniform_Elow_V1.25_Hlong_PWbase_B0.05,75,0.7466666666666667,0.75,3,3,low,1.25,uniform,long,base,0.05,100.0,20.0,1.0,peripheral,223385.11132995738,506.93153386289805,0.0,0.0,222878.17979609448,222878.17979609448,1668.0147796421436,2698.4670179548343,2107.36147278348,6473.843270380458,166801.47796421437,53969.340359096685,2107.36147278348,0.0,529.4989864173347,633.6644173286223,0.0,75,0,0.0,0,0,0.0,0.0,0.0,0.0,0.0,0.0,0,0.0,0.0,0,2625,2625,12.657939910888672,25.0,0.0,525.0,False,infeasible,nils_complete,223385.11132995738,633.6644173286223,,0.0,,0.0,False,feasible_only,0.0,,False,,,,
S0050_R06,5002032,truck_only,S0050,n75_p0.75_d3_uniform_Elow_V1.25_Hlong_PWbase_B0.05,75,0.7466666666666667,0.75,3,3,low,1.25,uniform,long,base,0.05,100.0,20.0,1.0,peripheral,169467.35733407002,508.37675516275874,0.0,0.0,168958.98057890727,168958.98057890727,1360.8659663156807,1584.9733532747848,1172.9168818435203,4118.756201433986,136086.59663156807,31699.467065495697,1172.9168818435203,0.0,472.58299207525897,635.4709439534483,0.0,75,0,0.0,0,0,0.0,0.0,0.0,0.0,0.0,0.0,0,0.0,0.0,0,0,0,0.05240178108215332,0.0,0.0,0.0,True,feasible,baseline_truck_only,169467.35733407002,635.4709439534483,,,,0.0,True,feasible_only,0.0,169467.35733407002,True,169467.35733407002,,,
S0050_R06,5002032,nils,S0050,n75_p0.75_d3_uniform_Elow_V1.25_Hlong_PWbase_B0.05,75,0.7466666666666667,0.75,3,3,low,1.25,uniform,long,base,0.05,100.0,20.0,1.0,peripheral,1328.3699949548834,236.10552485328154,24.396711508328092,0.0,1067.8677585932737,1067.8677585932737,0.0,53.39338792966369,0.0,53.39338792966369,0.0,1067.8677585932737,0.0,0.0,231.27074955525097,295.1319060666019,81.32237169442696,67,8,0.10666666666666667,3,3,2.6666666666666665,2.6666666666666665,0.0,0.0,0.0,0.0,0,0.815855807812623,0.8910891984539447,0,3069,3069,3.8832576274871826,25.0,8.0,429.0,True,feasible,nils_complete,169467.35733407002,635.4709439534483,,99.21614993244022,,53.55697866679772,True,feasible_only,0.0,1328.3699949548834,True,169467.35733407002,,99.21614993244022,
S0050_R07,5002033,truck_only,S0050,n75_p0.75_d3_uniform_Elow_V1.25_Hlong_PWbase_B0.05,75,0.7466666666666667,0.75,3,3,low,1.25,uniform,long,base,0.05,100.0,20.0,1.0,peripheral,338898.2853638879,481.51608094423904,0.0,0.0,338416.7692829437,338416.7692829437,3040.3098841928163,1698.1634930348227,422.5110029656763,5160.984380193316,304030.9884192816,33963.269860696455,422.5110029656763,0.0,408.6829480931424,601.8951011802986,0.0,75,0,0.0,0,0,0.0,0.0,0.0,0.0,0.0,0.0,0,0.0,0.0,0,0,0,0.05463218688964844,0.0,0.0,0.0,True,feasible,baseline_truck_only,338898.2853638879,601.8951011802986,,,,0.0,True,feasible_only,0.0,338898.2853638879,True,338898.2853638879,,,
S0050_R07,5002033,nils,S0050,n75_p0.75_d3_uniform_Elow_V1.25_Hlong_PWbase_B0.05,75,0.7466666666666667,0.75,3,3,low,1.25,uniform,long,base,0.05,100.0,20.0,1.0,peripheral,57036.798637289176,251.03830802637967,26.970600175342643,0.0,56758.78972908745,56758.78972908745,546.6971970217547,104.45350134559881,0.0,651.1506983673536,54669.71970217548,2089.070026911976,0.0,0.0,241.57026870335494,313.7978850329745,89.90200058447547,63,12,0.16,3,3,4.0,4.0,0.0,0.0,0.0,0.0,0,0.9089293809758648,0.9188735972401492,2,2922,2922,3.8804702758789062,24.0,13.0,507.0,True,feasible,nils_complete,338898.2853638879,601.8951011802986,,83.16993590686167,,47.865020928459785,True,feasible_only,0.0,57036.798637289176,True,338898.2853638879,,83.16993590686167,
S0050_R08,5002034,truck_only,S0050,n75_p0.75_d3_uniform_Elow_V1.25_Hlong_PWbase_B0.05,75,0.7466666666666667,0.75,3,3,low,1.25,uniform,long,base,0.05,100.0,20.0,1.0,peripheral,183135.54990913803,493.96796126832567,0.0,0.0,182641.5819478697,182641.5819478697,1509.9746369667503,1544.8488174710587,747.1419017735396,3801.965356211349,150997.46369667503,30896.976349421173,747.1419017735396,0.0,409.67387668194317,617.4599515854069,0.0,75,0,0.0,0,0,0.0,0.0,0.0,0.0,0.0,0.0,0,0.0,0.0,0,0,0,0.049309730529785156,0.0,0.0,0.0,True,feasible,baseline_truck_only,183135.54990913803,617.4599515854069,,,,0.0,True,feasible_only,0.0,183135.54990913803,True,183135.54990913803,,,
S0050_R08,5002034,nils,S0050,n75_p0.75_d3_uniform_Elow_V1.25_Hlong_PWbase_B0.05,75,0.7466666666666667,0.75,3,3,low,1.25,uniform,long,base,0.05,100.0,20.0,1.0,peripheral,52737.40803737665,268.04854736453643,26.587433698980774,0.0,52442.77205631313,52442.77205631313,506.28147389279405,90.73123335168603,0.0,597.0127072444801,50628.1473892794,1814.6246670337205,0.0,0.0,244.8021957622387,335.06068420567055,88.62477899660261,62,13,0.17333333333333334,3,3,4.333333333333333,4.333333333333333,0.0,0.0,0.0,0.0,0,0.9160691134537315,0.9498677449374046,2,3131,3131,3.674628257751465,25.0,14.0,397.0,True,feasible,nils_complete,183135.54990913803,617.4599515854069,,71.2030744093421,,45.73564109779757,True,feasible_only,0.0,52737.40803737665,True,183135.54990913803,,71.2030744093421,
S0050_R09,5002035,truck_only,S0050,n75_p0.75_d3_uniform_Elow_V1.25_Hlong_PWbase_B0.05,75,0.7466666666666667,0.75,3,3,low,1.25,uniform,long,base,0.05,100.0,20.0,1.0,peripheral,160418.06646870717,473.09341238027855,0.0,0.0,159944.97305632688,159944.97305632688,1309.9887519251818,1411.4707162293155,716.6835392223879,3438.143007376885,130998.87519251817,28229.41432458631,716.6835392223879,0.0,395.15523607437956,591.3667654753481,0.0,75,0,0.0,0,0,0.0,0.0,0.0,0.0,0.0,0.0,0,0.0,0.0,0,0,0,0.056581735610961914,0.0,0.0,0.0,True,feasible,baseline_truck_only,160418.06646870717,591.3667654753481,,,,0.0,True,feasible_only,0.0,160418.06646870717,True,160418.06646870717,,,
S0050_R09,5002035,nils,S0050,n75_p0.75_d3_uniform_Elow_V1.25_Hlong_PWbase_B0.05,75,0.7466666666666667,0.75,3,3,low,1.25,uniform,long,base,0.05,100.0,20.0,1.0,peripheral,30317.651249646366,269.42752486085004,27.971979037475077,0.0,30020.25174574804,30020.25174574804,281.1016628664717,95.50427295504329,0.0,376.605935821515,28110.16628664717,1910.0854591008658,0.0,0.0,228.93718641613683,336.78440607606257,93.23993012491694,65,10,0.13333333333333333,3,3,3.3333333333333335,3.3333333333333335,0.0,0.0,0.0,0.0,0,0.9451112459146036,0.9490150369681056,3,3245,3245,3.3831863403320312,25.0,10.0,391.0,True,feasible,nils_complete,160418.06646870717,591.3667654753481,,81.10084985000087,,43.049825296598975,True,feasible_only,0.0,30317.651249646366,True,160418.06646870717,,81.10084985000087,
S0050_R10,5002036,truck_only,S0050,n75_p0.75_d3_uniform_Elow_V1.25_Hlong_PWbase_B0.05,75,0.7466666666666667,0.75,3,3,low,1.25,uniform,long,base,0.05,100.0,20.0,1.0,peripheral,285070.85715732595,513.3318750641095,0.0,0.0,284557.52528226183,284557.52528226183,2229.0733734424803,3015.83739463987,1333.4400452164625,6578.350813298814,222907.33734424802,60316.7478927974,1333.4400452164625,0.0,498.1811443472319,641.664843830137,0.0,75,0,0.0,0,0,0.0,0.0,0.0,0.0,0.0,0.0,0,0.0,0.0,0,0,0,0.054091453552246094,0.0,0.0,0.0,False,infeasible,baseline_truck_only,285070.85715732595,641.664843830137,,,,0.0,False,feasible_only,0.0,,False,,,,
S0050_R10,5002036,nils,S0050,n75_p0.75_d3_uniform_Elow_V1.25_Hlong_PWbase_B0.05,75,0.7466666666666667,0.75,3,3,low,1.25,uniform,long,base,0.05,100.0,20.0,1.0,peripheral,285070.85715732595,513.3318750641095,0.0,0.0,284557.52528226183,284557.52528226183,2229.0733734424803,3015.83739463987,1333.4400452164625,6578.350813298814,222907.33734424802,60316.7478927974,1333.4400452164625,0.0,498.1811443472319,641.664843830137,0.0,75,0,0.0,0,0,0.0,0.0,0.0,0.0,0.0,0.0,0,0.0,0.0,0,2775,2775,13.779596328735352,25.0,0.0,1050.0,False,infeasible,nils_complete,285070.85715732595,641.664843830137,,0.0,,0.0,False,feasible_only,0.0,,False,,,,
S0051_R01,5102027,truck_only,S0051,n75_p0.75_d3_uniform_Emedium_V1.25_Hlong_PWflat_B0.05,75,0.7466666666666667,0.75,3,3,medium,1.25,uniform,long,flat,0.05,1.0,1.0,1.0,peripheral,6213.69297882861,507.5949874562567,0.0,0.0,5706.097991372353,5706.097991372353,2380.580026250904,1687.7221578939123,1637.7958072275374,5706.097991372353,2380.580026250904,1687.7221578939123,1637.7958072275374,0.0,455.7890341746715,634.4937343203206,0.0,75,0,0.0,0,0,0.0,0.0,0.0,0.0,0.0,0.0,0,0.0,0.0,0,0,0,0.0494537353515625,0.0,0.0,0.0,True,feasible,baseline_truck_only,6213.69297882861,634.4937343203206,,,,0.0,True,feasible_only,0.0,6213.69297882861,True,6213.69297882861,,,
S0051_R01,5102027,nils,S0051,n75_p0.75_d3_uniform_Emedium_V1.25_Hlong_PWflat_B0.05,75,0.7466666666666667,0.75,3,3,medium,1.25,uniform,long,flat,0.05,1.0,1.0,1.0,peripheral,827.3032099330293,256.4842232795622,38.31151513302264,0.0,532.5074715204445,532.5074715204445,329.8300855959505,202.677385924494,0.0,532.5074715204445,329.8300855959505,202.677385924494,0.0,0.0,227.75004749115806,320.60527909945273,127.7050504434088,63,12,0.16,3,3,4.0,4.0,0.0,0.0,0.0,0.0,0,0.9297418189638881,0.9422561826475324,3,2765,2765,4.4876017570495605,25.0,12.0,751.0,True,feasible,nils_complete,6213.69297882861,634.4937343203206,,86.68580483857458,,49.47069423106439,True,feasible_only,0.0,827.3032099330293,True,6213.69297882861,,86.68580483857458,
S0051_R02,5102028,truck_only,S0051,n75_p0.75_d3_uniform_Emedium_V1.25_Hlong_PWflat_B0.05,75,0.7466666666666667,0.75,3,3,medium,1.25,uniform,long,flat,0.05,1.0,1.0,1.0,peripheral,5294.394474428396,506.7214555316597,0.0,0.0,4787.673018896737,4787.673018896737,2899.7213729331197,1041.274602551178,846.6770434124388,4787.673018896737,2899.7213729331197,1041.274602551178,846.6770434124388,0.0,436.4387838506051,633.4018194145746,0.0,75,0,0.0,0,0,0.0,0.0,0.0,0.0,0.0,0.0,0,0.0,0.0,0,0,0,0.051715850830078125,0.0,0.0,0.0,True,feasible,baseline_truck_only,5294.394474428396,633.4018194145746,,,,0.0,True,feasible_only,0.0,5294.394474428396,True,5294.394474428396,,,
S0051_R02,5102028,nils,S0051,n75_p0.75_d3_uniform_Emedium_V1.25_Hlong_PWflat_B0.05,75,0.7466666666666667,0.75,3,3,medium,1.25,uniform,long,flat,0.05,1.0,1.0,1.0,peripheral,648.1632729154192,223.01438431873092,38.8388543883298,0.0,386.31003420835845,386.31003420835845,353.16741585857426,33.14261834978416,0.0,386.3100342083584,353.16741585857426,33.14261834978416,0.0,0.0,206.26996717319525,278.76798039841367,129.46284796109933,62,13,0.17333333333333334,3,3,4.333333333333333,4.333333333333333,0.0,0.0,0.0,0.0,0,0.9346694903750906,0.9463490639695783,3,2878,2878,4.424155950546265,25.0,13.0,650.0,True,feasible,nils_complete,5294.394474428396,633.4018194145746,,87.75755610871067,,55.98876229056831,True,feasible_only,0.0,648.1632729154192,True,5294.394474428396,,87.75755610871067,
S0051_R03,5102029,truck_only,S0051,n75_p0.75_d3_uniform_Emedium_V1.25_Hlong_PWflat_B0.05,75,0.7466666666666667,0.75,3,3,medium,1.25,uniform,long,flat,0.05,1.0,1.0,1.0,peripheral,4819.385851398007,505.50248260842545,0.0,0.0,4313.883368789581,4313.883368789581,1056.3999870735508,2201.2655930311635,1056.217788684867,4313.883368789581,1056.3999870735508,2201.2655930311635,1056.217788684867,0.0,446.1241340652482,631.878103260532,0.0,75,0,0.0,0,0,0.0,0.0,0.0,0.0,0.0,0.0,0,0.0,0.0,0,0,0,0.050920963287353516,0.0,0.0,0.0,True,feasible,baseline_truck_only,4819.385851398007,631.878103260532,,,,0.0,True,feasible_only,0.0,4819.385851398007,True,4819.385851398007,,,
S0051_R03,5102029,nils,S0051,n75_p0.75_d3_uniform_Emedium_V1.25_Hlong_PWflat_B0.05,75,0.7466666666666667,0.75,3,3,medium,1.25,uniform,long,flat,0.05,1.0,1.0,1.0,peripheral,450.1297725887234,249.5847363746752,39.21114901943717,0.0,161.33388719461107,161.33388719461107,147.36135007070698,13.972537123904075,0.0,161.33388719461107,147.36135007070698,13.972537123904075,0.0,0.0,214.72485960294395,311.980920468344,130.7038300647906,65,10,0.13333333333333333,3,3,3.3333333333333335,3.3333333333333335,0.0,0.0,0.0,0.0,0,0.9437795769353321,0.9498162545954847,3,3019,3019,4.191273212432861,25.0,11.0,596.0,True,feasible,nils_complete,4819.385851398007,631.878103260532,,90.66001796768047,,50.62640739432144,True,feasible_only,0.0,450.1297725887234,True,4819.385851398007,,90.66001796768047,
S0051_R04,5102030,truck_only,S0051,n75_p0.75_d3_uniform_Emedium_V1.25_Hlong_PWflat_B0.05,75,0.7466666666666667,0.75,3,3,medium,1.25,uniform,long,flat,0.05,1.0,1.0,1.0,peripheral,5699.8408567630695,510.61961453444906,0.0,0.0,5189.22124222862,5189.22124222862,2475.6720002613697,1825.8164704166104,887.7327715506408,5189.221242228621,2475.6720002613697,1825.8164704166104,887.7327715506408,0.0,415.72139896328264,638.2745181680611,0.0,75,0,0.0,0,0,0.0,0.0,0.0,0.0,0.0,0.0,0,0.0,0.0,0,0,0,0.05316519737243652,0.0,0.0,0.0,True,feasible,baseline_truck_only,5699.8408567630695,638.2745181680611,,,,0.0,True,feasible_only,0.0,5699.8408567630695,True,5699.8408567630695,,,
S0051_R04,5102030,nils,S0051,n75_p0.75_d3_uniform_Emedium_V1.25_Hlong_PWflat_B0.05,75,0.7466666666666667,0.75,3,3,medium,1.25,uniform,long,flat,0.05,1.0,1.0,1.0,peripheral,394.99428706878,220.81992661453543,37.98437654859564,0.0,136.18998390564894,136.18998390564894,111.40511688426443,24.784867021384528,0.0,136.18998390564894,111.40511688426443,24.784867021384528,0.0,0.0,185.8896165146625,276.0249082681694,126.6145884953188,55,20,0.26666666666666666,3,3,6.666666666666667,6.666666666666667,0.0,0.0,0.0,0.0,0,0.8873663810767045,0.940796593679623,2,2072,2072,6.735373020172119,25.0,20.0,1318.0,True,feasible,nils_complete,5699.8408567630695,638.2745181680611,,93.07008218308228,,56.754515430069155,True,feasible_only,0.0,394.99428706878,True,5699.8408567630695,,93.07008218308228,
S0051_R05,5102031,truck_only,S0051,n75_p0.75_d3_uniform_Emedium_V1.25_Hlong_PWflat_B0.05,75,0.7466666666666667,0.75,3,3,medium,1.25,uniform,long,flat,0.05,1.0,1.0,1.0,peripheral,3140.9184831406706,444.60555199634985,0.0,0.0,2696.312931144321,2696.312931144321,895.2621015153359,1311.6222671604105,489.42856246857485,2696.3129311443213,895.2621015153359,1311.6222671604105,489.42856246857485,0.0,374.7779500616649,555.7569399954373,0.0,75,0,0.0,0,0,0.0,0.0,0.0,0.0,0.0,0.0,0,0.0,0.0,0,0,0,0.05654621124267578,0.0,0.0,0.0,True,feasible,baseline_truck_only,3140.9184831406706,555.7569399954373,,,,0.0,True,feasible_only,0.0,3140.9184831406706,True,3140.9184831406706,,,
S0051_R05,5102031,nils,S0051,n75_p0.75_d3_uniform_Emedium_V1.25_Hlong_PWflat_B0.05,75,0.7466666666666667,0.75,3,3,medium,1.25,uniform,long,flat,0.05,1.0,1.0,1.0,peripheral,322.23226967849666,255.29031034248973,38.838406804375715,0.0,28.103552531631216,28.103552531631216,23.601933797277233,4.501618734353983,0.0,28.103552531631216,23.601933797277233,4.501618734353983,0.0,0.0,247.423751438294,319.1128879281122,129.46135601458573,62,13,0.17333333333333334,3,3,4.333333333333333,4.333333333333333,0.0,0.0,0.0,0.0,0,0.9103669134353365,0.9461320689233848,2,2428,2428,5.8938374519348145,25.0,13.0,1043.0,True,feasible,nils_complete,3140.9184831406706,555.7569399954373,,89.74082672287982,,42.58049428393426,True,feasible_only,0.0,322.23226967849666,True,3140.9184831406706,,89.74082672287982,
S0051_R06,5102032,truck_only,S0051,n75_p0.75_d3_uniform_Emedium_V1.25_Hlong_PWflat_B0.05,75,0.7466666666666667,0.75,3,3,medium,1.25,uniform,long,flat,0.05,1.0,1.0,1.0,peripheral,4796.483893026798,524.8982642773553,0.0,0.0,4271.585628749443,4271.585628749443,1321.682416570951,1419.4871990309055,1530.416013147586,4271.585628749443,1321.682416570951,1419.4871990309055,1530.416013147586,0.0,452.02049734207156,656.1228303466943,0.0,75,0,0.0,0,0,0.0,0.0,0.0,0.0,0.0,0.0,0,0.0,0.0,0,0,0,0.07154083251953125,0.0,0.0,0.0,True,feasible,baseline_truck_only,4796.483893026798,656.1228303466943,,,,0.0,True,feasible_only,0.0,4796.483893026798,True,4796.483893026798,,,
S0051_R06,5102032,nils,S0051,n75_p0.75_d3_uniform_Emedium_V1.25_Hlong_PWflat_B0.05,75,0.7466666666666667,0.75,3,3,medium,1.25,uniform,long,flat,0.05,1.0,1.0,1.0,peripheral,434.28590407806325,254.39186988720968,39.468845896106345,0.0,140.4251882947472,140.4251882947472,64.21940886345612,76.20577943129105,0.0,140.42518829474716,64.21940886345612,76.20577943129105,0.0,0.0,219.17446281952007,317.9898373590121,131.56281965368785,62,13,0.17333333333333334,3,3,4.333333333333333,4.333333333333333,0.0,0.0,0.0,0.0,0,0.9375907957176302,0.9450735365085892,3,2513,2513,5.801531553268433,25.0,13.0,1015.0,True,feasible,nils_complete,4796.483893026798,656.1228303466943,,90.94574455447594,,51.535014077930086,True,feasible_only,0.0,434.28590407806325,True,4796.483893026798,,90.94574455447594,
S0051_R07,5102033,truck_only,S0051,n75_p0.75_d3_uniform_Emedium_V1.25_Hlong_PWflat_B0.05,75,0.7466666666666667,0.75,3,3,medium,1.25,uniform,long,flat,0.05,1.0,1.0,1.0,peripheral,5203.488382815672,479.4359544103307,0.0,0.0,4724.052428405341,4724.052428405341,2860.2892678456883,1265.0581374960398,598.705023063612,4724.052428405341,2860.2892678456883,1265.0581374960398,598.705023063612,0.0,425.41513830958525,599.2949430129136,0.0,75,0,0.0,0,0,0.0,0.0,0.0,0.0,0.0,0.0,0,0.0,0.0,0,0,0,0.05128598213195801,0.0,0.0,0.0,True,feasible,baseline_truck_only,5203.488382815672,599.2949430129136,,,,0.0,True,feasible_only,0.0,5203.488382815672,True,5203.488382815672,,,
S0051_R07,5102033,nils,S0051,n75_p0.75_d3_uniform_Emedium_V1.25_Hlong_PWflat_B0.05,75,0.7466666666666667,0.75,3,3,medium,1.25,uniform,long,flat,0.05,1.0,1.0,1.0,peripheral,881.5286765228132,242.50214804896208,39.06496701839264,0.0,599.9615614554584,599.9615614554584,387.08310118945025,212.87846026600837,0.0,599.9615614554587,387.08310118945025,212.87846026600837,0.0,0.0,210.57573428025245,303.12768506120267,130.21655672797547,66,9,0.12,3,3,3.0,3.0,0.0,0.0,0.0,0.0,0,0.9262760502499879,0.9470843953893983,3,2640,2640,4.103108644485474,23.0,9.0,744.0,True,feasible,nils_complete,5203.488382815672,599.2949430129136,,83.05889027380115,,49.41928200874692,True,feasible_only,0.0,881.5286765228132,True,5203.488382815672,,83.05889027380115,
S0051_R08,5102034,truck_only,S0051,n75_p0.75_d3_uniform_Emedium_V1.25_Hlong_PWflat_B0.05,75,0.7466666666666667,0.75,3,3,medium,1.25,uniform,long,flat,0.05,1.0,1.0,1.0,peripheral,6885.450882927971,533.8814558563832,0.0,0.0,6351.569427071588,6351.569427071588,2276.0442978796627,2328.5097286622013,1747.0154005297231,6351.569427071587,2276.0442978796627,2328.5097286622013,1747.0154005297231,0.0,546.6352323350388,667.3518198204791,0.0,75,0,0.0,0,0,0.0,0.0,0.0,0.0,0.0,0.0,0,0.0,0.0,0,0,0,0.055533647537231445,0.0,0.0,0.0,False,infeasible,baseline_truck_only,6885.450882927971,667.3518198204791,,,,0.0,False,feasible_only,0.0,,False,,,,
S0051_R08,5102034,nils,S0051,n75_p0.75_d3_uniform_Emedium_V1.25_Hlong_PWflat_B0.05,75,0.7466666666666667,0.75,3,3,medium,1.25,uniform,long,flat,0.05,1.0,1.0,1.0,peripheral,6885.450882927971,533.8814558563832,0.0,0.0,6351.569427071588,6351.569427071588,2276.0442978796627,2328.5097286622013,1747.0154005297231,6351.569427071587,2276.0442978796627,2328.5097286622013,1747.0154005297231,0.0,546.6352323350388,667.3518198204791,0.0,75,0,0.0,0,0,0.0,0.0,0.0,0.0,0.0,0.0,0,0.0,0.0,0,750,750,16.834535360336304,25.0,0.0,1500.0,False,infeasible,nils_complete,6885.450882927971,667.3518198204791,,0.0,,0.0,False,feasible_only,0.0,,False,,,,
S0051_R09,5102035,truck_only,S0051,n75_p0.75_d3_uniform_Emedium_V1.25_Hlong_PWflat_B0.05,75,0.7466666666666667,0.75,3,3,medium,1.25,uniform,long,flat,0.05,1.0,1.0,1.0,peripheral,4892.055670532516,497.5489854573283,0.0,0.0,4394.506685075188,4394.506685075188,2121.475991830396,1533.5652977829595,739.4653954618325,4394.506685075188,2121.475991830396,1533.5652977829595,739.4653954618325,0.0,455.9687892045428,621.9362318216604,0.0,75,0,0.0,0,0,0.0,0.0,0.0,0.0,0.0,0.0,0,0.0,0.0,0,0,0,0.08623480796813965,0.0,0.0,0.0,True,feasible,baseline_truck_only,4892.055670532516,621.9362318216604,,,,0.0,True,feasible_only,0.0,4892.055670532516,True,4892.055670532516,,,
S0051_R09,5102035,nils,S0051,n75_p0.75_d3_uniform_Emedium_V1.25_Hlong_PWflat_B0.05,75,0.7466666666666667,0.75,3,3,medium,1.25,uniform,long,flat,0.05,1.0,1.0,1.0,peripheral,667.6691164669162,254.99868748785778,38.47820962995472,0.0,374.19221934910365,374.19221934910365,266.6477147991633,107.54450454994041,0.0,374.1922193491037,266.6477147991633,107.54450454994041,0.0,0.0,224.27073856721248,318.7483593598222,128.26069876651576,63,12,0.16,3,3,4.0,4.0,0.0,0.0,0.0,0.0,0,0.9214633622108451,0.9473535988149528,2,2859,2859,5.8126161098480225,25.0,13.0,702.0,True,feasible,nils_complete,4892.055670532516,621.9362318216604,,86.35197222941173,,48.74902875071234,True,feasible_only,0.0,667.6691164669162,True,4892.055670532516,,86.35197222941173,
S0051_R10,5102036,truck_only,S0051,n75_p0.75_d3_uniform_Emedium_V1.25_Hlong_PWflat_B0.05,75,0.7466666666666667,0.75,3,3,medium,1.25,uniform,long,flat,0.05,1.0,1.0,1.0,peripheral,5594.146822288818,498.82459963741667,0.0,0.0,5095.322222651402,5095.322222651402,2530.262821575695,2032.0288992545597,533.0305018211467,5095.322222651402,2530.262821575695,2032.0288992545597,533.0305018211467,0.0,412.3877853905384,623.5307495467706,0.0,75,0,0.0,0,0,0.0,0.0,0.0,0.0,0.0,0.0,0,0.0,0.0,0,0,0,0.07424783706665039,0.0,0.0,0.0,True,feasible,baseline_truck_only,5594.146822288818,623.5307495467706,,,,0.0,True,feasible_only,0.0,5594.146822288818,True,5594.146822288818,,,
S0051_R10,5102036,nils,S0051,n75_p0.75_d3_uniform_Emedium_V1.25_Hlong_PWflat_B0.05,75,0.7466666666666667,0.75,3,3,medium,1.25,uniform,long,flat,0.05,1.0,1.0,1.0,peripheral,1034.4427398031469,278.0747506946355,38.86291440772269,0.0,717.5050747007887,717.5050747007887,368.49141854219926,349.01365615858936,0.0,717.5050747007886,368.49141854219926,349.01365615858936,0.0,0.0,239.96084317507314,347.5934383682944,129.5430480257423,63,12,0.16,3,3,4.0,4.0,0.0,0.0,0.0,0.0,0,0.9293563884991256,0.9447701110100551,3,2679,2679,5.38147234916687,24.0,12.0,750.0,True,feasible,nils_complete,5594.146822288818,623.5307495467706,,81.50848069125384,,44.25400212885224,True,feasible_only,0.0,1034.4427398031469,True,5594.146822288818,,81.50848069125384,
S0052_R01,5202027,truck_only,S0052,n75_p0.75_d3_uniform_Emedium_V2.00_Hmedium_PWflat_B0.05,75,0.7466666666666667,0.75,3,3,medium,2.0,uniform,medium,flat,0.05,1.0,1.0,1.0,peripheral,6655.662015467848,491.661295162981,0.0,0.0,6164.000720304866,6164.000720304866,1700.3705081616727,2197.1736162918137,2266.45659585138,6164.000720304866,1700.3705081616727,2197.1736162918137,2266.45659585138,0.0,559.2307009993598,614.5766189537267,0.0,75,0,0.0,0,0,0.0,0.0,0.0,0.0,0.0,0.0,0,0.0,0.0,0,0,0,0.05990481376647949,0.0,0.0,0.0,False,infeasible,baseline_truck_only,6655.662015467848,614.5766189537267,,,,0.0,False,feasible_only,0.0,,False,,,,
S0052_R01,5202027,nils,S0052,n75_p0.75_d3_uniform_Emedium_V2.00_Hmedium_PWflat_B0.05,75,0.7466666666666667,0.75,3,3,medium,2.0,uniform,medium,flat,0.05,1.0,1.0,1.0,peripheral,6655.662015467848,491.661295162981,0.0,0.0,6164.000720304866,6164.000720304866,1700.3705081616727,2197.1736162918137,2266.45659585138,6164.000720304866,1700.3705081616727,2197.1736162918137,2266.45659585138,0.0,559.2307009993598,614.5766189537267,0.0,75,0,0.0,0,0,0.0,0.0,0.0,0.0,0.0,0.0,0,0.0,0.0,0,0,0,17.71164345741272,25.0,0.0,2100.0,False,infeasible,nils_complete,6655.662015467848,614.5766189537267,,0.0,,0.0,False,feasible_only,0.0,,False,,,,
S0052_R02,5202028,truck_only,S0052,n75_p0.75_d3_uniform_Emedium_V2.00_Hmedium_PWflat_B0.05,75,0.7466666666666667,0.75,3,3,medium,2.0,uniform,medium,flat,0.05,1.0,1.0,1.0,peripheral,6443.927054611484,545.3258462385303,0.0,0.0,5898.601208372954,5898.601208372954,1296.157387899111,2942.564419771755,1659.879400702087,5898.601208372953,1296.157387899111,2942.564419771755,1659.879400702087,0.0,501.0356212533989,681.6573077981628,0.0,75,0,0.0,0,0,0.0,0.0,0.0,0.0,0.0,0.0,0,0.0,0.0,0,0,0,0.07961392402648926,0.0,0.0,0.0,False,infeasible,baseline_truck_only,6443.927054611484,681.6573077981628,,,,0.0,False,feasible_only,0.0,,False,,,,
S0052_R02,5202028,nils,S0052,n75_p0.75_d3_uniform_Emedium_V2.00_Hmedium_PWflat_B0.05,75,0.7466666666666667,0.75,3,3,medium,2.0,uniform,medium,flat,0.05,1.0,1.0,1.0,peripheral,510.84434269662194,239.69554341166094,59.24223074860507,0.0,211.9065685363559,211.9065685363559,159.41239751809877,52.49417101825715,0.0,211.9065685363559,159.41239751809877,52.49417101825715,0.0,0.0,217.67206388730955,299.619429264576,197.47410249535028,55,20,0.26666666666666666,3,3,6.666666666666667,6.666666666666667,0.0,0.0,0.0,0.0,0,0.9070038736900837,0.942996322644705,2,1359,1359,7.823971509933472,25.0,20.0,1953.0,True,feasible,nils_complete,6443.927054611484,681.6573077981628,,92.07246856819948,,56.0454460273618,True,feasible_only,0.0,510.84434269662194,True,,,,
S0052_R03,5202029,truck_only,S0052,n75_p0.75_d3_uniform_Emedium_V2.00_Hmedium_PWflat_B0.05,75,0.7466666666666667,0.75,3,3,medium,2.0,uniform,medium,flat,0.05,1.0,1.0,1.0,peripheral,3864.1542285066844,457.06377521945683,0.0,0.0,3407.0904532872273,3407.0904532872273,1450.9130110680906,1512.6021222962427,443.57531992289444,3407.090453287228,1450.9130110680906,1512.6021222962427,443.57531992289444,0.0,372.23079171015814,571.329719024321,0.0,75,0,0.0,0,0,0.0,0.0,0.0,0.0,0.0,0.0,0,0.0,0.0,0,0,0,0.06187868118286133,0.0,0.0,0.0,True,feasible,baseline_truck_only,3864.1542285066844,571.329719024321,,,,0.0,True,feasible_only,0.0,3864.1542285066844,True,3864.1542285066844,,,
S0052_R03,5202029,nils,S0052,n75_p0.75_d3_uniform_Emedium_V2.00_Hmedium_PWflat_B0.05,75,0.7466666666666667,0.75,3,3,medium,2.0,uniform,medium,flat,0.05,1.0,1.0,1.0,peripheral,328.39087972554034,186.7455202752963,60.57693821977267,0.0,81.06842123047142,81.06842123047142,81.06842123047142,0.0,0.0,81.06842123047142,81.06842123047142,0.0,0.0,0.0,183.1948078574217,233.43190034412038,201.92312739924228,52,23,0.30666666666666664,3,3,7.666666666666667,7.666666666666667,0.0,0.0,0.0,0.0,0,0.9403303117766244,0.9494946617151563,3,1156,1156,8.680457353591919,25.0,23.0,2234.0,True,feasible,nils_complete,3864.1542285066844,571.329719024321,,91.50161043513917,,59.14234940504059,True,feasible_only,0.0,328.39087972554034,True,3864.1542285066844,,91.50161043513917,
S0052_R04,5202030,truck_only,S0052,n75_p0.75_d3_uniform_Emedium_V2.00_Hmedium_PWflat_B0.05,75,0.7466666666666667,0.75,3,3,medium,2.0,uniform,medium,flat,0.05,1.0,1.0,1.0,peripheral,3754.824847292344,479.01980645712746,0.0,0.0,3275.805040835217,3275.805040835217,2077.1157822092696,697.362459221218,501.3267994047292,3275.805040835217,2077.1157822092696,697.362459221218,501.3267994047292,0.0,372.3407954661544,598.7747580714095,0.0,75,0,0.0,0,0,0.0,0.0,0.0,0.0,0.0,0.0,0,0.0,0.0,0,0,0,0.07416224479675293,0.0,0.0,0.0,True,feasible,baseline_truck_only,3754.824847292344,598.7747580714095,,,,0.0,True,feasible_only,0.0,3754.824847292344,True,3754.824847292344,,,
S0052_R04,5202030,nils,S0052,n75_p0.75_d3_uniform_Emedium_V2.00_Hmedium_PWflat_B0.05,75,0.7466666666666667,0.75,3,3,medium,2.0,uniform,medium,flat,0.05,1.0,1.0,1.0,peripheral,336.32094604846424,218.5439554285231,59.330109963867145,0.0,58.44688065607398,58.44688065607398,58.44688065607398,0.0,0.0,58.44688065607398,58.44688065607398,0.0,0.0,0.0,184.5762477564831,273.1799442856539,197.76703321289048,52,23,0.30666666666666664,3,3,7.666666666666667,7.666666666666667,0.0,0.0,0.0,0.0,0,0.9060021153905741,0.9479799923814016,1,1047,1047,8.780096530914307,25.0,23.0,2343.0,True,feasible,nils_complete,3754.824847292344,598.7747580714095,,91.04296579130742,,54.37684361218937,True,feasible_only,0.0,336.32094604846424,True,3754.824847292344,,91.04296579130742,
S0052_R05,5202031,truck_only,S0052,n75_p0.75_d3_uniform_Emedium_V2.00_Hmedium_PWflat_B0.05,75,0.7466666666666667,0.75,3,3,medium,2.0,uniform,medium,flat,0.05,1.0,1.0,1.0,peripheral,5148.917901310787,531.2788029752008,0.0,0.0,4617.639098335586,4617.639098335586,1009.9627167904279,2159.4145011823935,1448.2618803627643,4617.639098335585,1009.9627167904279,2159.4145011823935,1448.2618803627643,0.0,460.184501035247,664.098503719001,0.0,75,0,0.0,0,0,0.0,0.0,0.0,0.0,0.0,0.0,0,0.0,0.0,0,0,0,0.05167794227600098,0.0,0.0,0.0,True,feasible,baseline_truck_only,5148.917901310787,664.098503719001,,,,0.0,True,feasible_only,0.0,5148.917901310787,True,5148.917901310787,,,
S0052_R05,5202031,nils,S0052,n75_p0.75_d3_uniform_Emedium_V2.00_Hmedium_PWflat_B0.05,75,0.7466666666666667,0.75,3,3,medium,2.0,uniform,medium,flat,0.05,1.0,1.0,1.0,peripheral,481.2040057525011,230.06189820964696,56.34994452459232,0.0,194.7921630182618,194.7921630182618,194.7921630182618,0.0,0.0,194.7921630182618,194.7921630182618,0.0,0.0,0.0,190.18828162197826,287.57737276205864,187.83314841530773,54,21,0.28,3,3,7.0,7.0,0.0,0.0,0.0,0.0,0,0.868897188431366,0.9480867182017234,2,1218,1218,8.167387962341309,25.0,20.0,2148.0,True,feasible,nils_complete,5148.917901310787,664.098503719001,,90.65426920809908,,56.696578722643714,True,feasible_only,0.0,481.2040057525011,True,5148.917901310787,,90.65426920809908,
S0052_R06,5202032,truck_only,S0052,n75_p0.75_d3_uniform_Emedium_V2.00_Hmedium_PWflat_B0.05,75,0.7466666666666667,0.75,3,3,medium,2.0,uniform,medium,flat,0.05,1.0,1.0,1.0,peripheral,4159.5874742458045,476.22911587592455,0.0,0.0,3683.3583583698796,3683.3583583698796,1519.896338873393,1383.4829177151903,779.9791017812955,3683.3583583698787,1519.896338873393,1383.4829177151903,779.9791017812955,0.0,372.72874330718304,595.2863948449055,0.0,75,0,0.0,0,0,0.0,0.0,0.0,0.0,0.0,0.0,0,0.0,0.0,0,0,0,0.05805635452270508,0.0,0.0,0.0,True,feasible,baseline_truck_only,4159.5874742458045,595.2863948449055,,,,0.0,True,feasible_only,0.0,4159.5874742458045,True,4159.5874742458045,,,
S0052_R06,5202032,nils,S0052,n75_p0.75_d3_uniform_Emedium_V2.00_Hmedium_PWflat_B0.05,75,0.7466666666666667,0.75,3,3,medium,2.0,uniform,medium,flat,0.05,1.0,1.0,1.0,peripheral,348.2521830427645,220.21744361879038,61.11130896488449,0.0,66.92343045908962,66.92343045908962,16.67316193397869,50.250268525110926,0.0,66.92343045908962,16.67316193397869,50.250268525110926,0.0,0.0,211.71861648606514,275.27180452348796,203.70436321628165,55,20,0.26666666666666666,3,3,6.666666666666667,6.666666666666667,0.0,0.0,0.0,0.0,0,0.9417362513188111,0.9431541745336174,3,1677,1677,7.014469385147095,25.0,20.0,1722.0,True,feasible,nils_complete,4159.5874742458045,595.2863948449055,,91.62772305669787,,53.75808906312959,True,feasible_only,0.0,348.2521830427645,True,4159.5874742458045,,91.62772305669787,
S0052_R07,5202033,truck_only,S0052,n75_p0.75_d3_uniform_Emedium_V2.00_Hmedium_PWflat_B0.05,75,0.7466666666666667,0.75,3,3,medium,2.0,uniform,medium,flat,0.05,1.0,1.0,1.0,peripheral,4930.49388941279,480.12175210756834,0.0,0.0,4450.372137305221,4450.372137305221,1571.0561976045574,1903.9460460004796,975.3698937001853,4450.372137305222,1571.0561976045574,1903.9460460004796,975.3698937001853,0.0,423.5613288088428,600.1521901344604,0.0,75,0,0.0,0,0,0.0,0.0,0.0,0.0,0.0,0.0,0,0.0,0.0,0,0,0,0.052642107009887695,0.0,0.0,0.0,True,feasible,baseline_truck_only,4930.49388941279,600.1521901344604,,,,0.0,True,feasible_only,0.0,4930.49388941279,True,4930.49388941279,,,
S0052_R07,5202033,nils,S0052,n75_p0.75_d3_uniform_Emedium_V2.00_Hmedium_PWflat_B0.05,75,0.7466666666666667,0.75,3,3,medium,2.0,uniform,medium,flat,0.05,1.0,1.0,1.0,peripheral,534.8180570822142,200.68302492372467,54.413661071238636,0.0,279.7213710872509,279.7213710872509,256.51475204763614,23.20661903961478,0.0,279.72137108725093,256.51475204763614,23.20661903961478,0.0,0.0,165.4599102245926,250.85378115465582,181.37887023746214,52,23,0.30666666666666664,3,3,7.666666666666667,7.666666666666667,0.0,0.0,0.0,0.0,0,0.8431894045533327,0.9171385152124107,1,881,881,9.186673879623413,25.0,22.0,2509.0,True,feasible,nils_complete,4930.49388941279,600.1521901344604,,89.15285021992169,,58.201638637950545,True,feasible_only,0.0,534.8180570822142,True,4930.49388941279,,89.15285021992169,
S0052_R08,5202034,truck_only,S0052,n75_p0.75_d3_uniform_Emedium_V2.00_Hmedium_PWflat_B0.05,75,0.7466666666666667,0.75,3,3,medium,2.0,uniform,medium,flat,0.05,1.0,1.0,1.0,peripheral,8197.740819450697,557.6423856666948,0.0,0.0,7640.098433784003,7640.098433784003,2077.06274220735,3355.53652407411,2207.4991675025417,7640.098433784002,2077.06274220735,3355.53652407411,2207.4991675025417,0.0,588.3008419560798,697.0529820833685,0.0,75,0,0.0,0,0,0.0,0.0,0.0,0.0,0.0,0.0,0,0.0,0.0,0,0,0,0.057352542877197266,0.0,0.0,0.0,False,infeasible,baseline_truck_only,8197.740819450697,697.0529820833685,,,,0.0,False,feasible_only,0.0,,False,,,,
S0052_R08,5202034,nils,S0052,n75_p0.75_d3_uniform_Emedium_V2.00_Hmedium_PWflat_B0.05,75,0.7466666666666667,0.75,3,3,medium,2.0,uniform,medium,flat,0.05,1.0,1.0,1.0,peripheral,8197.740819450697,557.6423856666948,0.0,0.0,7640.098433784003,7640.098433784003,2077.06274220735,3355.53652407411,2207.4991675025417,7640.098433784002,2077.06274220735,3355.53652407411,2207.4991675025417,0.0,588.3008419560798,697.0529820833685,0.0,75,0,0.0,0,0,0.0,0.0,0.0,0.0,0.0,0.0,0,0.0,0.0,0,0,0,17.729673624038696,25.0,0.0,2025.0,False,infeasible,nils_complete,8197.740819450697,697.0529820833685,,0.0,,0.0,False,feasible_only,0.0,,False,,,,
S0052_R09,5202035,truck_only,S0052,n75_p0.75_d3_uniform_Emedium_V2.00_Hmedium_PWflat_B0.05,75,0.7466666666666667,0.75,3,3,medium,2.0,uniform,medium,flat,0.05,1.0,1.0,1.0,peripheral,4435.124222227736,466.0512754700456,0.0,0.0,3969.0729467576907,3969.0729467576907,801.1699992632771,1992.6425223764315,1175.2604251179819,3969.0729467576903,801.1699992632771,1992.6425223764315,1175.2604251179819,0.0,442.3956511046107,582.564094337557,0.0,75,0,0.0,0,0,0.0,0.0,0.0,0.0,0.0,0.0,0,0.0,0.0,0,0,0,0.04945802688598633,0.0,0.0,0.0,True,feasible,baseline_truck_only,4435.124222227736,582.564094337557,,,,0.0,True,feasible_only,0.0,4435.124222227736,True,4435.124222227736,,,
S0052_R09,5202035,nils,S0052,n75_p0.75_d3_uniform_Emedium_V2.00_Hmedium_PWflat_B0.05,75,0.7466666666666667,0.75,3,3,medium,2.0,uniform,medium,flat,0.05,1.0,1.0,1.0,peripheral,385.66310475589876,214.70987641912623,61.06461796488489,0.0,109.88861037188767,109.88861037188767,108.26294353364722,1.6256668382404484,0.0,109.88861037188767,108.26294353364722,1.6256668382404484,0.0,0.0,204.69643672449337,268.38734552390787,203.54872654961628,57,18,0.24,3,3,6.0,6.0,0.0,0.0,0.0,0.0,0,0.9262475743888646,0.9483095908927077,3,1754,1754,7.75787878036499,25.0,18.0,1654.0,True,feasible,nils_complete,4435.124222227736,582.564094337557,,91.30434491951654,,53.929988454043766,True,feasible_only,0.0,385.66310475589876,True,4435.124222227736,,91.30434491951654,
S0052_R10,5202036,truck_only,S0052,n75_p0.75_d3_uniform_Emedium_V2.00_Hmedium_PWflat_B0.05,75,0.7466666666666667,0.75,3,3,medium,2.0,uniform,medium,flat,0.05,1.0,1.0,1.0,peripheral,6191.668564186433,546.0996749894847,0.0,0.0,5645.5688891969485,5645.5688891969485,1716.908397099239,2884.2152356815054,1044.445256416205,5645.568889196949,1716.908397099239,2884.2152356815054,1044.445256416205,0.0,423.97702296601744,682.6245937368561,0.0,75,0,0.0,0,0,0.0,0.0,0.0,0.0,0.0,0.0,0,0.0,0.0,0,0,0,0.05539202690124512,0.0,0.0,0.0,True,feasible,baseline_truck_only,6191.668564186433,682.6245937368561,,,,0.0,True,feasible_only,0.0,6191.668564186433,True,6191.668564186433,,,
S0052_R10,5202036,nils,S0052,n75_p0.75_d3_uniform_Emedium_V2.00_Hmedium_PWflat_B0.05,75,0.7466666666666667,0.75,3,3,medium,2.0,uniform,medium,flat,0.05,1.0,1.0,1.0,peripheral,271.0856982076907,213.98411223642088,57.10158597126985,0.0,0.0,0.0,0.0,0.0,0.0,0.0,0.0,0.0,0.0,0.0,183.9850841307002,267.4801402955261,190.33861990423284,52,23,0.30666666666666664,3,3,7.666666666666667,7.666666666666667,0.0,0.0,0.0,0.0,0,0.8840271351507724,0.9449676515832012,1,1068,1068,8.44993257522583,25.0,23.0,2295.0,True,feasible,nils_complete,6191.668564186433,682.6245937368561,,95.62176664662427,,60.81592389877523,True,feasible_only,0.0,271.0856982076907,True,6191.668564186433,,95.62176664662427,
S0053_R01,5302027,truck_only,S0053,n75_p0.75_d3_uniform_Ehigh_V2.00_Hshort_PWmoderate_B0.05,75,0.7466666666666667,0.75,3,3,high,2.0,uniform,short,moderate,0.05,20.0,5.0,1.0,peripheral,51499.31975721795,478.14221517516046,0.0,0.0,51021.17754204279,51021.17754204279,1992.10105832915,2114.7307562835053,605.5025940422565,4712.334408654911,39842.021166583,10573.653781417526,605.5025940422565,0.0,426.4147632841848,597.6777689689509,0.0,75,0,0.0,0,0,0.0,0.0,0.0,0.0,0.0,0.0,0,0.0,0.0,0,0,0,0.05337166786193848,0.0,0.0,0.0,True,feasible,baseline_truck_only,51499.31975721795,597.6777689689509,,,,0.0,True,feasible_only,0.0,51499.31975721795,True,51499.31975721795,,,
S0053_R01,5302027,nils,S0053,n75_p0.75_d3_uniform_Ehigh_V2.00_Hshort_PWmoderate_B0.05,75,0.7466666666666667,0.75,3,3,high,2.0,uniform,short,moderate,0.05,20.0,5.0,1.0,peripheral,1421.0120705007998,207.61224379268853,74.5110522159103,0.0,1138.888774492201,1138.888774492201,42.113030303964635,59.32563368258168,0.0,101.43866398654632,842.2606060792928,296.6281684129084,0.0,0.0,176.97523045075977,259.51530474086064,248.37017405303436,51,24,0.32,3,3,8.0,8.0,0.0,0.0,0.0,0.0,0,0.8730998831816422,0.9068941038060572,1,736,736,9.627983808517456,25.0,23.0,2627.0,True,feasible,nils_complete,51499.31975721795,597.6777689689509,,97.24071681490193,,56.57939474835271,True,feasible_only,0.0,1421.0120705007998,True,51499.31975721795,,97.24071681490193,
S0053_R02,5302028,truck_only,S0053,n75_p0.75_d3_uniform_Ehigh_V2.00_Hshort_PWmoderate_B0.05,75,0.7466666666666667,0.75,3,3,high,2.0,uniform,short,moderate,0.05,20.0,5.0,1.0,peripheral,82192.97005605295,570.8759454798837,0.0,0.0,81622.09411057306,81622.09411057306,3252.021335592772,2979.479539352612,1684.2697019545512,7915.770576899936,65040.42671185544,14897.397696763059,1684.2697019545512,0.0,507.55366861910227,713.5949318498544,0.0,75,0,0.0,0,0,0.0,0.0,0.0,0.0,0.0,0.0,0,0.0,0.0,0,0,0,0.05493450164794922,0.0,0.0,0.0,False,infeasible,baseline_truck_only,82192.97005605295,713.5949318498544,,,,0.0,False,feasible_only,0.0,,False,,,,
S0053_R02,5302028,nils,S0053,n75_p0.75_d3_uniform_Ehigh_V2.00_Hshort_PWmoderate_B0.05,75,0.7466666666666667,0.75,3,3,high,2.0,uniform,short,moderate,0.05,20.0,5.0,1.0,peripheral,2321.9089277694666,218.73147594812664,77.06834259807863,0.0,2026.1091092232612,2026.1091092232612,95.9919696766295,21.253943138134304,0.0,117.2459128147638,1919.8393935325898,106.26971569067152,0.0,0.0,214.87855622207474,273.41434493515834,256.8944753269287,51,24,0.32,3,3,8.0,8.0,0.0,0.0,0.0,0.0,0,0.9158388649088963,0.9477170340963855,2,1231,1231,8.978299379348755,25.0,24.0,2033.0,True,feasible,nils_complete,82192.97005605295,713.5949318498544,,97.17505167876764,,61.684937387883984,True,feasible_only,0.0,2321.9089277694666,True,,,,
S0053_R03,5302029,truck_only,S0053,n75_p0.75_d3_uniform_Ehigh_V2.00_Hshort_PWmoderate_B0.05,75,0.7466666666666667,0.75,3,3,high,2.0,uniform,short,moderate,0.05,20.0,5.0,1.0,peripheral,48255.89433092504,526.9388524527307,0.0,0.0,47728.95547847231,47728.95547847231,1515.832312764828,3308.6321831282457,869.1483075345288,5693.612803427603,30316.64625529656,16543.16091564123,869.1483075345288,0.0,415.4742400572308,658.6735655659132,0.0,75,0,0.0,0,0,0.0,0.0,0.0,0.0,0.0,0.0,0,0.0,0.0,0,0,0,0.06966948509216309,0.0,0.0,0.0,True,feasible,baseline_truck_only,48255.89433092504,658.6735655659132,,,,0.0,True,feasible_only,0.0,48255.89433092504,True,48255.89433092504,,,
S0053_R03,5302029,nils,S0053,n75_p0.75_d3_uniform_Ehigh_V2.00_Hshort_PWmoderate_B0.05,75,0.7466666666666667,0.75,3,3,high,2.0,uniform,short,moderate,0.05,20.0,5.0,1.0,peripheral,429.9791038869076,200.93342288839676,75.58562000073637,0.0,153.46006099777446,153.46006099777446,0.5207457606822601,28.609029156825855,0.0,29.129774917508115,10.414915213645202,143.04514578412926,0.0,0.0,167.9907740052163,251.1667786104958,251.95206666912125,52,23,0.30666666666666664,3,3,7.666666666666667,7.666666666666667,0.0,0.0,0.0,0.0,0,0.8939044242802403,0.932126575742165,2,769,769,10.411835193634033,25.0,23.0,2621.0,True,feasible,nils_complete,48255.89433092504,658.6735655659132,,99.1089604496018,,61.8677913095388,True,feasible_only,0.0,429.9791038869076,True,48255.89433092504,,99.1089604496018,
S0053_R04,5302030,truck_only,S0053,n75_p0.75_d3_uniform_Ehigh_V2.00_Hshort_PWmoderate_B0.05,75,0.7466666666666667,0.75,3,3,high,2.0,uniform,short,moderate,0.05,20.0,5.0,1.0,peripheral,44270.07308093528,508.30623308630356,0.0,0.0,43761.76684784898,43761.76684784898,1570.8105119200297,2278.7271317608133,951.9209506443068,4801.4585943251495,31416.210238400596,11393.635658804067,951.9209506443068,0.0,447.44729262724115,635.3827913578793,0.0,75,0,0.0,0,0,0.0,0.0,0.0,0.0,0.0,0.0,0,0.0,0.0,0,0,0,0.06166338920593262,0.0,0.0,0.0,True,feasible,baseline_truck_only,44270.07308093528,635.3827913578793,,,,0.0,True,feasible_only,0.0,44270.07308093528,True,44270.07308093528,,,
S0053_R04,5302030,nils,S0053,n75_p0.75_d3_uniform_Ehigh_V2.00_Hshort_PWmoderate_B0.05,75,0.7466666666666667,0.75,3,3,high,2.0,uniform,short,moderate,0.05,20.0,5.0,1.0,peripheral,407.0351555480816,195.84780090748035,77.9168864607116,0.0,133.27046817988963,133.27046817988963,0.0,26.65409363597793,0.0,26.65409363597793,0.0,133.27046817988963,0.0,0.0,178.1543589325151,244.8097511343504,259.72295486903863,52,23,0.30666666666666664,3,3,7.666666666666667,7.666666666666667,0.0,0.0,0.0,0.0,0,0.9249559674360208,0.9495920345623683,3,1132,1132,9.013510465621948,25.0,23.0,2258.0,True,feasible,nils_complete,44270.07308093528,635.3827913578793,,99.08056362408995,,61.4705096732056,True,feasible_only,0.0,407.0351555480816,True,44270.07308093528,,99.08056362408995,
S0053_R05,5302031,truck_only,S0053,n75_p0.75_d3_uniform_Ehigh_V2.00_Hshort_PWmoderate_B0.05,75,0.7466666666666667,0.75,3,3,high,2.0,uniform,short,moderate,0.05,20.0,5.0,1.0,peripheral,49019.68514397216,540.3196333922973,0.0,0.0,48479.36551057986,48479.36551057986,1695.0777781398606,2638.134452795929,1387.137683802997,5720.3499147387865,33901.55556279721,13190.672263979646,1387.137683802997,0.0,512.9658831032785,675.3995417403715,0.0,75,0,0.0,0,0,0.0,0.0,0.0,0.0,0.0,0.0,0,0.0,0.0,0,0,0,0.049019813537597656,0.0,0.0,0.0,False,infeasible,baseline_truck_only,49019.68514397216,675.3995417403715,,,,0.0,False,feasible_only,0.0,,False,,,,
S0053_R05,5302031,nils,S0053,n75_p0.75_d3_uniform_Ehigh_V2.00_Hshort_PWmoderate_B0.05,75,0.7466666666666667,0.75,3,3,high,2.0,uniform,short,moderate,0.05,20.0,5.0,1.0,peripheral,3075.2032388922075,232.63793233687045,80.49328352679002,0.0,2762.072023028547,2762.072023028547,130.48624173891494,30.469437650049656,0.0,160.9556793889646,2609.724834778299,152.34718825024828,0.0,0.0,206.45857515279764,290.7974154210881,268.3109450893,53,22,0.29333333333333333,3,3,7.333333333333333,7.333333333333333,0.0,0.0,0.0,0.0,0,0.9456745707967947,0.9495577215465477,3,1256,1256,8.028428554534912,25.0,20.0,2005.0,True,feasible,nils_complete,49019.68514397216,675.3995417403715,,93.72659528542411,,56.94438662606131,True,feasible_only,0.0,3075.2032388922075,True,,,,
S0053_R06,5302032,truck_only,S0053,n75_p0.75_d3_uniform_Ehigh_V2.00_Hshort_PWmoderate_B0.05,75,0.7466666666666667,0.75,3,3,high,2.0,uniform,short,moderate,0.05,20.0,5.0,1.0,peripheral,47538.588874329726,513.3269365609956,0.0,0.0,47025.26193776873,47025.26193776873,1932.5056349028953,1404.0330961755526,1354.9837588330663,4691.522489911515,38650.11269805791,7020.165480877763,1354.9837588330663,0.0,499.0989342419426,641.6586707012443,0.0,75,0,0.0,0,0,0.0,0.0,0.0,0.0,0.0,0.0,0,0.0,0.0,0,0,0,0.04840874671936035,0.0,0.0,0.0,False,infeasible,baseline_truck_only,47538.588874329726,641.6586707012443,,,,0.0,False,feasible_only,0.0,,False,,,,
S0053_R06,5302032,nils,S0053,n75_p0.75_d3_uniform_Ehigh_V2.00_Hshort_PWmoderate_B0.05,75,0.7466666666666667,0.75,3,3,high,2.0,uniform,short,moderate,0.05,20.0,5.0,1.0,peripheral,2628.4356789139138,221.1210323050346,80.05736288197167,0.0,2327.2572837269076,2327.2572837269076,114.60950760878985,7.013426310222144,0.0,121.622933919012,2292.1901521757973,35.06713155111072,0.0,0.0,232.04738091779518,276.40129038129317,266.85787627323896,54,21,0.28,3,3,7.0,7.0,0.0,0.0,0.0,0.0,0,0.9431288768715894,0.9496884518739386,3,1262,1262,7.7850635051727295,25.0,21.0,2077.0,True,feasible,nils_complete,47538.588874329726,641.6586707012443,,94.47094299357035,,56.92393744493086,True,feasible_only,0.0,2628.4356789139138,True,,,,
S0053_R07,5302033,truck_only,S0053,n75_p0.75_d3_uniform_Ehigh_V2.00_Hshort_PWmoderate_B0.05,75,0.7466666666666667,0.75,3,3,high,2.0,uniform,short,moderate,0.05,20.0,5.0,1.0,peripheral,45236.73654667331,487.05160942771954,0.0,0.0,44749.68493724559,44749.68493724559,1628.7221027765897,2285.7088431533266,746.6986659471587,4661.129611877075,32574.442055531796,11428.544215766633,746.6986659471587,0.0,428.9899322295894,608.8145117846493,0.0,75,0,0.0,0,0,0.0,0.0,0.0,0.0,0.0,0.0,0,0.0,0.0,0,0,0,0.056856393814086914,0.0,0.0,0.0,True,feasible,baseline_truck_only,45236.73654667331,608.8145117846493,,,,0.0,True,feasible_only,0.0,45236.73654667331,True,45236.73654667331,,,
S0053_R07,5302033,nils,S0053,n75_p0.75_d3_uniform_Ehigh_V2.00_Hshort_PWmoderate_B0.05,75,0.7466666666666667,0.75,3,3,high,2.0,uniform,short,moderate,0.05,20.0,5.0,1.0,peripheral,615.3231764050032,219.0105214226012,68.88569255349908,0.0,327.4269624289029,327.4269624289029,14.826215735622142,6.18052954329201,0.0,21.006745278914153,296.52431471244284,30.902647716460052,0.0,0.0,197.41414879826283,273.7631517782515,229.61897517833026,52,23,0.30666666666666664,3,3,7.666666666666667,7.666666666666667,0.0,0.0,0.0,0.0,0,0.7940441568510543,0.894246417382727,0,570,570,10.121826648712158,25.0,20.0,2820.0,True,feasible,nils_complete,45236.73654667331,608.8145117846493,,98.63977107241116,,55.03340566312135,True,feasible_only,0.0,615.3231764050032,True,45236.73654667331,,98.63977107241116,
S0053_R08,5302034,truck_only,S0053,n75_p0.75_d3_uniform_Ehigh_V2.00_Hshort_PWmoderate_B0.05,75,0.7466666666666667,0.75,3,3,high,2.0,uniform,short,moderate,0.05,20.0,5.0,1.0,peripheral,67457.38209594223,526.0480481797274,0.0,0.0,66931.3340477625,66931.3340477625,2770.333248321235,1995.4953520527151,1547.1923210742268,6313.020921448177,55406.664966424694,9977.476760263577,1547.1923210742268,0.0,521.0034667422535,657.5600602246592,0.0,75,0,0.0,0,0,0.0,0.0,0.0,0.0,0.0,0.0,0,0.0,0.0,0,0,0,0.056001901626586914,0.0,0.0,0.0,False,infeasible,baseline_truck_only,67457.38209594223,657.5600602246592,,,,0.0,False,feasible_only,0.0,,False,,,,
S0053_R08,5302034,nils,S0053,n75_p0.75_d3_uniform_Ehigh_V2.00_Hshort_PWmoderate_B0.05,75,0.7466666666666667,0.75,3,3,high,2.0,uniform,short,moderate,0.05,20.0,5.0,1.0,peripheral,67457.38209594223,526.0480481797274,0.0,0.0,66931.3340477625,66931.3340477625,2770.333248321235,1995.4953520527151,1547.1923210742268,6313.020921448177,55406.664966424694,9977.476760263577,1547.1923210742268,0.0,521.0034667422535,657.5600602246592,0.0,75,0,0.0,0,0,0.0,0.0,0.0,0.0,0.0,0.0,0,0.0,0.0,0,0,0,19.123450756072998,25.0,0.0,2475.0,False,infeasible,nils_complete,67457.38209594223,657.5600602246592,,0.0,,0.0,False,feasible_only,0.0,,False,,,,
S0053_R09,5302035,truck_only,S0053,n75_p0.75_d3_uniform_Ehigh_V2.00_Hshort_PWmoderate_B0.05,75,0.7466666666666667,0.75,3,3,high,2.0,uniform,short,moderate,0.05,20.0,5.0,1.0,peripheral,82190.17572840172,494.198390791311,0.0,0.0,81695.97733761041,81695.97733761041,3379.7270320263337,2710.279909448904,550.0371498392253,6640.044091314463,67594.54064052667,13551.39954724452,550.0371498392253,0.0,506.27533637050215,617.7479884891388,0.0,75,0,0.0,0,0,0.0,0.0,0.0,0.0,0.0,0.0,0,0.0,0.0,0,0,0,0.05240654945373535,0.0,0.0,0.0,False,infeasible,baseline_truck_only,82190.17572840172,617.7479884891388,,,,0.0,False,feasible_only,0.0,,False,,,,
S0053_R09,5302035,nils,S0053,n75_p0.75_d3_uniform_Ehigh_V2.00_Hshort_PWmoderate_B0.05,75,0.7466666666666667,0.75,3,3,high,2.0,uniform,short,moderate,0.05,20.0,5.0,1.0,peripheral,310.84605866480604,220.6070954142656,70.11556396517648,0.0,20.123399285363988,20.123399285363988,0.42438578000582794,2.3271367370494858,0.0,2.7515225170553137,8.487715600116559,11.635683685247429,0.0,0.0,225.02873474920202,275.758869267832,233.7185465505882,52,23,0.30666666666666664,3,3,7.666666666666667,7.666666666666667,0.0,0.0,0.0,0.0,0,0.8205948382597362,0.8940036938475201,0,379,379,10.42478060722351,25.0,23.0,2930.0,True,feasible,nils_complete,82190.17572840172,617.7479884891388,,99.62179657616015,,55.36062044616753,True,feasible_only,0.0,310.84605866480604,True,,,,
S0053_R10,5302036,truck_only,S0053,n75_p0.75_d3_uniform_Ehigh_V2.00_Hshort_PWmoderate_B0.05,75,0.7466666666666667,0.75,3,3,high,2.0,uniform,short,moderate,0.05,20.0,5.0,1.0,peripheral,60664.301253702935,486.8298137765908,0.0,0.0,60177.47143992635,60177.47143992635,2575.6031999608176,1575.25734213946,789.1207300126877,4939.981272112966,51512.06399921635,7876.2867106973,789.1207300126877,0.0,397.9758805331862,608.5372672207383,0.0,75,0,0.0,0,0,0.0,0.0,0.0,0.0,0.0,0.0,0,0.0,0.0,0,0,0,0.053795576095581055,0.0,0.0,0.0,True,feasible,baseline_truck_only,60664.301253702935,608.5372672207383,,,,0.0,True,feasible_only,0.0,60664.301253702935,True,60664.301253702935,,,
S0053_R10,5302036,nils,S0053,n75_p0.75_d3_uniform_Ehigh_V2.00_Hshort_PWmoderate_B0.05,75,0.7466666666666667,0.75,3,3,high,2.0,uniform,short,moderate,0.05,20.0,5.0,1.0,peripheral,845.5384918837593,208.73215602472135,75.69495570392054,0.0,561.1113801551174,561.1113801551174,20.09671103767875,31.835431880308477,0.0,51.93214291798723,401.934220753575,159.17715940154238,0.0,0.0,186.676262969963,260.9151950309017,252.3165190130685,52,23,0.30666666666666664,3,3,7.666666666666667,7.666666666666667,0.0,0.0,0.0,0.0,0,0.8969568662219447,0.9348579237868928,2,702,702,9.635533094406128,25.0,23.0,2688.0,True,feasible,nils_complete,60664.301253702935,608.5372672207383,,98.60620088848027,,57.12420436918641,True,feasible_only,0.0,845.5384918837593,True,60664.301253702935,,98.60620088848027,
S0054_R01,5402027,truck_only,S0054,n100_p0.25_d3_uniform_Elow_V2.00_Hmedium_PWbase_B0.05,100,0.25,0.25,3,3,low,2.0,uniform,medium,base,0.05,100.0,20.0,1.0,peripheral,583253.043866112,693.0366267348255,0.0,0.0,582560.0072393772,582560.0072393772,4132.444835765753,8265.215794311142,4011.2077765791714,16408.868406656067,413244.4835765753,165304.31588622282,4011.2077765791714,0.0,721.3852604315391,866.2957834185323,0.0,100,0,0.0,0,0,0.0,0.0,0.0,0.0,0.0,0.0,0,0.0,0.0,0,0,0,0.1255955696105957,0.0,0.0,0.0,False,infeasible,baseline_truck_only,583253.043866112,866.2957834185323,,,,0.0,False,feasible_only,0.0,,False,,,,
S0054_R01,5402027,nils,S0054,n100_p0.25_d3_uniform_Elow_V2.00_Hmedium_PWbase_B0.05,100,0.25,0.25,3,3,low,2.0,uniform,medium,base,0.05,100.0,20.0,1.0,peripheral,583253.043866112,693.0366267348255,0.0,0.0,582560.0072393772,582560.0072393772,4132.444835765753,8265.215794311142,4011.2077765791714,16408.868406656067,413244.4835765753,165304.31588622282,4011.2077765791714,0.0,721.3852604315391,866.2957834185323,0.0,100,0,0.0,0,0,0.0,0.0,0.0,0.0,0.0,0.0,0,0.0,0.0,0,375,375,20.6164813041687,25.0,0.0,300.0,False,infeasible,nils_complete,583253.043866112,866.2957834185323,,0.0,,0.0,False,feasible_only,0.0,,False,,,,
S0054_R02,5402028,truck_only,S0054,n100_p0.25_d3_uniform_Elow_V2.00_Hmedium_PWbase_B0.05,100,0.25,0.25,3,3,low,2.0,uniform,medium,base,0.05,100.0,20.0,1.0,peripheral,577997.7744328721,676.7698637981323,0.0,0.0,577321.0045690739,577321.0045690739,4657.574346993192,5418.175399969244,3200.0618703697337,13275.811617332169,465757.43469931924,108363.50799938488,3200.0618703697337,0.0,599.6821498852804,845.9623297476652,0.0,100,0,0.0,0,0,0.0,0.0,0.0,0.0,0.0,0.0,0,0.0,0.0,0,0,0,0.09050178527832031,0.0,0.0,0.0,False,infeasible,baseline_truck_only,577997.7744328721,845.9623297476652,,,,0.0,False,feasible_only,0.0,,False,,,,
S0054_R02,5402028,nils,S0054,n100_p0.25_d3_uniform_Elow_V2.00_Hmedium_PWbase_B0.05,100,0.25,0.25,3,3,low,2.0,uniform,medium,base,0.05,100.0,20.0,1.0,peripheral,577997.7744328721,676.7698637981323,0.0,0.0,577321.0045690739,577321.0045690739,4657.574346993192,5418.175399969244,3200.0618703697337,13275.811617332169,465757.43469931924,108363.50799938488,3200.0618703697337,0.0,599.6821498852804,845.9623297476652,0.0,100,0,0.0,0,0,0.0,0.0,0.0,0.0,0.0,0.0,0,0.0,0.0,0,75,75,11.969993352890015,25.0,0.0,150.0,False,infeasible,nils_complete,577997.7744328721,845.9623297476652,,0.0,,0.0,False,feasible_only,0.0,,False,,,,
S0054_R03,5402029,truck_only,S0054,n100_p0.25_d3_uniform_Elow_V2.00_Hmedium_PWbase_B0.05,100,0.25,0.25,3,3,low,2.0,uniform,medium,base,0.05,100.0,20.0,1.0,peripheral,436859.9885230109,668.3958516576251,0.0,0.0,436191.5926713533,436191.5926713533,2958.2078634046816,6852.6307033772555,3318.192263340085,13129.030830122021,295820.78634046816,137052.6140675451,3318.192263340085,0.0,615.6782902788531,835.4948145720314,0.0,100,0,0.0,0,0,0.0,0.0,0.0,0.0,0.0,0.0,0,0.0,0.0,0,0,0,0.11594200134277344,0.0,0.0,0.0,False,infeasible,baseline_truck_only,436859.9885230109,835.4948145720314,,,,0.0,False,feasible_only,0.0,,False,,,,
S0054_R03,5402029,nils,S0054,n100_p0.25_d3_uniform_Elow_V2.00_Hmedium_PWbase_B0.05,100,0.25,0.25,3,3,low,2.0,uniform,medium,base,0.05,100.0,20.0,1.0,peripheral,436859.9885230109,668.3958516576251,0.0,0.0,436191.5926713533,436191.5926713533,2958.2078634046816,6852.6307033772555,3318.192263340085,13129.030830122021,295820.78634046816,137052.6140675451,3318.192263340085,0.0,615.6782902788531,835.4948145720314,0.0,100,0,0.0,0,0,0.0,0.0,0.0,0.0,0.0,0.0,0,0.0,0.0,0,75,75,21.453298568725586,25.0,0.0,300.0,False,infeasible,nils_complete,436859.9885230109,835.4948145720314,,0.0,,0.0,False,feasible_only,0.0,,False,,,,
S0054_R04,5402030,truck_only,S0054,n100_p0.25_d3_uniform_Elow_V2.00_Hmedium_PWbase_B0.05,100,0.25,0.25,3,3,low,2.0,uniform,medium,base,0.05,100.0,20.0,1.0,peripheral,449430.2012392929,683.4113463803501,0.0,0.0,448746.78989291255,448746.78989291255,3192.013755923428,6228.126245756771,4982.889385434223,14403.029387114424,319201.3755923428,124562.52491513542,4982.889385434223,0.0,801.883236171881,854.2641829754375,0.0,100,0,0.0,0,0,0.0,0.0,0.0,0.0,0.0,0.0,0,0.0,0.0,0,0,0,0.08472180366516113,0.0,0.0,0.0,False,infeasible,baseline_truck_only,449430.2012392929,854.2641829754375,,,,0.0,False,feasible_only,0.0,,False,,,,
S0054_R04,5402030,nils,S0054,n100_p0.25_d3_uniform_Elow_V2.00_Hmedium_PWbase_B0.05,100,0.25,0.25,3,3,low,2.0,uniform,medium,base,0.05,100.0,20.0,1.0,peripheral,449430.2012392929,683.4113463803501,0.0,0.0,448746.78989291255,448746.78989291255,3192.013755923428,6228.126245756771,4982.889385434223,14403.029387114424,319201.3755923428,124562.52491513542,4982.889385434223,0.0,801.883236171881,854.2641829754375,0.0,100,0,0.0,0,0,0.0,0.0,0.0,0.0,0.0,0.0,0,0.0,0.0,0,150,150,21.723907470703125,25.0,0.0,675.0,False,infeasible,nils_complete,449430.2012392929,854.2641829754375,,0.0,,0.0,False,feasible_only,0.0,,False,,,,
S0054_R05,5402031,truck_only,S0054,n100_p0.25_d3_uniform_Elow_V2.00_Hmedium_PWbase_B0.05,100,0.25,0.25,3,3,low,2.0,uniform,medium,base,0.05,100.0,20.0,1.0,peripheral,632178.1303192027,582.5784398056446,0.0,0.0,631595.551879397,631595.551879397,5645.279884760379,3279.1569428747275,1484.424545864651,10408.861373499758,564527.9884760379,65583.13885749454,1484.424545864651,0.0,480.37183751307487,728.2230497570558,0.0,100,0,0.0,0,0,0.0,0.0,0.0,0.0,0.0,0.0,0,0.0,0.0,0,0,0,0.08487153053283691,0.0,0.0,0.0,False,infeasible,baseline_truck_only,632178.1303192027,728.2230497570558,,,,0.0,False,feasible_only,0.0,,False,,,,
S0054_R05,5402031,nils,S0054,n100_p0.25_d3_uniform_Elow_V2.00_Hmedium_PWbase_B0.05,100,0.25,0.25,3,3,low,2.0,uniform,medium,base,0.05,100.0,20.0,1.0,peripheral,150946.075130805,306.59676159114457,43.88646973694929,0.0,150595.5918994769,150595.5918994769,1355.671326544888,751.4229622494059,0.0,2107.094288794294,135567.13265448879,15028.459244988118,0.0,0.0,271.1532304563679,383.24595198893076,146.28823245649764,88,12,0.12,3,3,4.0,4.0,0.0,0.0,0.0,0.0,0,0.9374206439588164,0.9410033504817964,3,748,748,6.098942518234253,24.0,12.0,449.0,True,feasible,nils_complete,632178.1303192027,728.2230497570558,,76.1228571677118,,47.37244967502933,True,feasible_only,0.0,150946.075130805,True,,,,
S0054_R06,5402032,truck_only,S0054,n100_p0.25_d3_uniform_Elow_V2.00_Hmedium_PWbase_B0.05,100,0.25,0.25,3,3,low,2.0,uniform,medium,base,0.05,100.0,20.0,1.0,peripheral,504389.6125939834,708.6970104631301,0.0,0.0,503680.9155835203,503680.9155835203,3923.2758843912457,5416.756633754104,3018.1944693138425,12358.226987459193,392327.5884391246,108335.13267508207,3018.1944693138425,0.0,593.8335618235591,885.8712630789128,0.0,100,0,0.0,0,0,0.0,0.0,0.0,0.0,0.0,0.0,0,0.0,0.0,0,0,0,0.08889150619506836,0.0,0.0,0.0,False,infeasible,baseline_truck_only,504389.6125939834,885.8712630789128,,,,0.0,False,feasible_only,0.0,,False,,,,
S0054_R06,5402032,nils,S0054,n100_p0.25_d3_uniform_Elow_V2.00_Hmedium_PWbase_B0.05,100,0.25,0.25,3,3,low,2.0,uniform,medium,base,0.05,100.0,20.0,1.0,peripheral,504389.6125939834,708.6970104631301,0.0,0.0,503680.9155835203,503680.9155835203,3923.2758843912457,5416.756633754104,3018.1944693138425,12358.226987459193,392327.5884391246,108335.13267508207,3018.1944693138425,0.0,593.8335618235591,885.8712630789128,0.0,100,0,0.0,0,0,0.0,0.0,0.0,0.0,0.0,0.0,0,0.0,0.0,0,0,0,21.538318872451782,25.0,0.0,450.0,False,infeasible,nils_complete,504389.6125939834,885.8712630789128,,0.0,,0.0,False,feasible_only,0.0,,False,,,,
S0054_R07,5402033,truck_only,S0054,n100_p0.25_d3_uniform_Elow_V2.00_Hmedium_PWbase_B0.05,100,0.25,0.25,3,3,low,2.0,uniform,medium,base,0.05,100.0,20.0,1.0,peripheral,619783.2759801688,679.3587877887581,0.0,0.0,619103.9171923801,619103.9171923801,5321.282822686932,4172.97791090878,3516.0767055115084,13010.337439107221,532128.2822686932,83459.5582181756,3516.0767055115084,0.0,646.7739807348332,849.1984847359481,0.0,100,0,0.0,0,0,0.0,0.0,0.0,0.0,0.0,0.0,0,0.0,0.0,0,0,0,0.10960698127746582,0.0,0.0,0.0,False,infeasible,baseline_truck_only,619783.2759801688,849.1984847359481,,,,0.0,False,feasible_only,0.0,,False,,,,
S0054_R07,5402033,nils,S0054,n100_p0.25_d3_uniform_Elow_V2.00_Hmedium_PWbase_B0.05,100,0.25,0.25,3,3,low,2.0,uniform,medium,base,0.05,100.0,20.0,1.0,peripheral,619783.2759801688,679.3587877887581,0.0,0.0,619103.9171923801,619103.9171923801,5321.282822686932,4172.97791090878,3516.0767055115084,13010.337439107221,532128.2822686932,83459.5582181756,3516.0767055115084,0.0,646.7739807348332,849.1984847359481,0.0,100,0,0.0,0,0,0.0,0.0,0.0,0.0,0.0,0.0,0,0.0,0.0,0,225,225,22.46978211402893,25.0,0.0,450.0,False,infeasible,nils_complete,619783.2759801688,849.1984847359481,,0.0,,0.0,False,feasible_only,0.0,,False,,,,
S0054_R08,5402034,truck_only,S0054,n100_p0.25_d3_uniform_Elow_V2.00_Hmedium_PWbase_B0.05,100,0.25,0.25,3,3,low,2.0,uniform,medium,base,0.05,100.0,20.0,1.0,peripheral,530984.8806658986,638.3468947812349,0.0,0.0,530346.5337711173,530346.5337711173,4252.847194314265,5120.583710091301,2650.1401378648216,12023.571042270389,425284.7194314265,102411.67420182603,2650.1401378648216,0.0,617.5324705195785,797.9336184765433,0.0,100,0,0.0,0,0,0.0,0.0,0.0,0.0,0.0,0.0,0,0.0,0.0,0,0,0,0.0987081527709961,0.0,0.0,0.0,False,infeasible,baseline_truck_only,530984.8806658986,797.9336184765433,,,,0.0,False,feasible_only,0.0,,False,,,,
S0054_R08,5402034,nils,S0054,n100_p0.25_d3_uniform_Elow_V2.00_Hmedium_PWbase_B0.05,100,0.25,0.25,3,3,low,2.0,uniform,medium,base,0.05,100.0,20.0,1.0,peripheral,530984.8806658986,638.3468947812349,0.0,0.0,530346.5337711173,530346.5337711173,4252.847194314265,5120.583710091301,2650.1401378648216,12023.571042270389,425284.7194314265,102411.67420182603,2650.1401378648216,0.0,617.5324705195785,797.9336184765433,0.0,100,0,0.0,0,0,0.0,0.0,0.0,0.0,0.0,0.0,0,0.0,0.0,0,75,75,22.839962005615234,25.0,0.0,900.0,False,infeasible,nils_complete,530984.8806658986,797.9336184765433,,0.0,,0.0,False,feasible_only,0.0,,False,,,,
S0054_R09,5402035,truck_only,S0054,n100_p0.25_d3_uniform_Elow_V2.00_Hmedium_PWbase_B0.05,100,0.25,0.25,3,3,low,2.0,uniform,medium,base,0.05,100.0,20.0,1.0,peripheral,464398.6523364215,646.9394858122151,0.0,0.0,463751.71285060927,463751.71285060927,4204.372453560423,1978.4428554613546,3745.6103853396644,9928.425694361442,420437.24535604235,39568.857109227094,3745.6103853396644,0.0,508.9938648090985,808.6743572652692,0.0,100,0,0.0,0,0,0.0,0.0,0.0,0.0,0.0,0.0,0,0.0,0.0,0,0,0,0.09718108177185059,0.0,0.0,0.0,False,infeasible,baseline_truck_only,464398.6523364215,808.6743572652692,,,,0.0,False,feasible_only,0.0,,False,,,,
S0054_R09,5402035,nils,S0054,n100_p0.25_d3_uniform_Elow_V2.00_Hmedium_PWbase_B0.05,100,0.25,0.25,3,3,low,2.0,uniform,medium,base,0.05,100.0,20.0,1.0,peripheral,464398.6523364215,646.9394858122151,0.0,0.0,463751.71285060927,463751.71285060927,4204.372453560423,1978.4428554613546,3745.6103853396644,9928.425694361442,420437.24535604235,39568.857109227094,3745.6103853396644,0.0,508.9938648090985,808.6743572652692,0.0,100,0,0.0,0,0,0.0,0.0,0.0,0.0,0.0,0.0,0,0.0,0.0,0,75,75,24.91044569015503,25.0,0.0,900.0,False,infeasible,nils_complete,464398.6523364215,808.6743572652692,,0.0,,0.0,False,feasible_only,0.0,,False,,,,
S0054_R10,5402036,truck_only,S0054,n100_p0.25_d3_uniform_Elow_V2.00_Hmedium_PWbase_B0.05,100,0.25,0.25,3,3,low,2.0,uniform,medium,base,0.05,100.0,20.0,1.0,peripheral,447996.79453099327,644.1556229217446,0.0,0.0,447352.6389080715,447352.6389080715,3121.473314809296,6634.071314981391,2523.881127514138,12279.425757304825,312147.33148092957,132681.4262996278,2523.881127514138,0.0,628.5895101161929,805.1945286521812,0.0,100,0,0.0,0,0,0.0,0.0,0.0,0.0,0.0,0.0,0,0.0,0.0,0,0,0,0.11664748191833496,0.0,0.0,0.0,False,infeasible,baseline_truck_only,447996.79453099327,805.1945286521812,,,,0.0,False,feasible_only,0.0,,False,,,,
S0054_R10,5402036,nils,S0054,n100_p0.25_d3_uniform_Elow_V2.00_Hmedium_PWbase_B0.05,100,0.25,0.25,3,3,low,2.0,uniform,medium,base,0.05,100.0,20.0,1.0,peripheral,447996.79453099327,644.1556229217446,0.0,0.0,447352.6389080715,447352.6389080715,3121.473314809296,6634.071314981391,2523.881127514138,12279.425757304825,312147.33148092957,132681.4262996278,2523.881127514138,0.0,628.5895101161929,805.1945286521812,0.0,100,0,0.0,0,0,0.0,0.0,0.0,0.0,0.0,0.0,0,0.0,0.0,0,150,150,23.52770757675171,25.0,0.0,975.0,False,infeasible,nils_complete,447996.79453099327,805.1945286521812,,0.0,,0.0,False,feasible_only,0.0,,False,,,,
S0055_R01,5502027,truck_only,S0055,n100_p0.25_d3_uniform_Elow_V2.00_Hlong_PWmoderate_B0.05,100,0.25,0.25,3,3,low,2.0,uniform,long,moderate,0.05,20.0,5.0,1.0,peripheral,86716.05031363548,627.2768414703014,0.0,0.0,86088.77347216518,86088.77347216518,2855.955510233624,5403.198353560334,1953.671499691032,10212.82536348499,57119.11020467248,27015.99176780167,1953.671499691032,0.0,561.7284260639702,784.0960518378765,0.0,100,0,0.0,0,0,0.0,0.0,0.0,0.0,0.0,0.0,0,0.0,0.0,0,0,0,0.09002876281738281,0.0,0.0,0.0,False,infeasible,baseline_truck_only,86716.05031363548,784.0960518378765,,,,0.0,False,feasible_only,0.0,,False,,,,
S0055_R01,5502027,nils,S0055,n100_p0.25_d3_uniform_Elow_V2.00_Hlong_PWmoderate_B0.05,100,0.25,0.25,3,3,low,2.0,uniform,long,moderate,0.05,20.0,5.0,1.0,peripheral,86716.05031363548,627.2768414703014,0.0,0.0,86088.77347216518,86088.77347216518,2855.955510233624,5403.198353560334,1953.671499691032,10212.82536348499,57119.11020467248,27015.99176780167,1953.671499691032,0.0,561.7284260639702,784.0960518378765,0.0,100,0,0.0,0,0,0.0,0.0,0.0,0.0,0.0,0.0,0,0.0,0.0,0,150,150,24.449334383010864,25.0,0.0,1125.0,False,infeasible,nils_complete,86716.05031363548,784.0960518378765,,0.0,,0.0,False,feasible_only,0.0,,False,,,,
S0055_R02,5502028,truck_only,S0055,n100_p0.25_d3_uniform_Elow_V2.00_Hlong_PWmoderate_B0.05,100,0.25,0.25,3,3,low,2.0,uniform,long,moderate,0.05,20.0,5.0,1.0,peripheral,123455.75478426223,643.21772908569,0.0,0.0,122812.53705517654,122812.53705517654,5202.243998909504,2803.659018483053,4749.361984571231,12755.265001963788,104044.87997819007,14018.295092415265,4749.361984571231,0.0,678.7061699245007,804.0221613571125,0.0,100,0,0.0,0,0,0.0,0.0,0.0,0.0,0.0,0.0,0,0.0,0.0,0,0,0,0.10038113594055176,0.0,0.0,0.0,False,infeasible,baseline_truck_only,123455.75478426223,804.0221613571125,,,,0.0,False,feasible_only,0.0,,False,,,,
S0055_R02,5502028,nils,S0055,n100_p0.25_d3_uniform_Elow_V2.00_Hlong_PWmoderate_B0.05,100,0.25,0.25,3,3,low,2.0,uniform,long,moderate,0.05,20.0,5.0,1.0,peripheral,123455.75478426223,643.21772908569,0.0,0.0,122812.53705517654,122812.53705517654,5202.243998909504,2803.659018483053,4749.361984571231,12755.265001963788,104044.87997819007,14018.295092415265,4749.361984571231,0.0,678.7061699245007,804.0221613571125,0.0,100,0,0.0,0,0,0.0,0.0,0.0,0.0,0.0,0.0,0,0.0,0.0,0,0,0,22.78771424293518,25.0,0.0,825.0,False,infeasible,nils_complete,123455.75478426223,804.0221613571125,,0.0,,0.0,False,feasible_only,0.0,,False,,,,
S0055_R03,5502029,truck_only,S0055,n100_p0.25_d3_uniform_Elow_V2.00_Hlong_PWmoderate_B0.05,100,0.25,0.25,3,3,low,2.0,uniform,long,moderate,0.05,20.0,5.0,1.0,peripheral,99966.6255318138,685.1025963630849,0.0,0.0,99281.52293545072,99281.52293545072,3488.8377526321106,4920.719228659866,4901.171739509184,13310.72872080116,69776.75505264221,24603.596143299328,4901.171739509184,0.0,664.7779860950618,856.378245453856,0.0,100,0,0.0,0,0,0.0,0.0,0.0,0.0,0.0,0.0,0,0.0,0.0,0,0,0,0.09101462364196777,0.0,0.0,0.0,False,infeasible,baseline_truck_only,99966.6255318138,856.378245453856,,,,0.0,False,feasible_only,0.0,,False,,,,
S0055_R03,5502029,nils,S0055,n100_p0.25_d3_uniform_Elow_V2.00_Hlong_PWmoderate_B0.05,100,0.25,0.25,3,3,low,2.0,uniform,long,moderate,0.05,20.0,5.0,1.0,peripheral,99966.6255318138,685.1025963630849,0.0,0.0,99281.52293545072,99281.52293545072,3488.8377526321106,4920.719228659866,4901.171739509184,13310.72872080116,69776.75505264221,24603.596143299328,4901.171739509184,0.0,664.7779860950618,856.378245453856,0.0,100,0,0.0,0,0,0.0,0.0,0.0,0.0,0.0,0.0,0,0.0,0.0,0,150,150,22.66374397277832,25.0,0.0,750.0,False,infeasible,nils_complete,99966.6255318138,856.378245453856,,0.0,,0.0,False,feasible_only,0.0,,False,,,,
S0055_R04,5502030,truck_only,S0055,n100_p0.25_d3_uniform_Elow_V2.00_Hlong_PWmoderate_B0.05,100,0.25,0.25,3,3,low,2.0,uniform,long,moderate,0.05,20.0,5.0,1.0,peripheral,112470.29322083268,664.0498827738558,0.0,0.0,111806.24333805882,111806.24333805882,4021.945645567672,5528.308864932122,3725.7861020447717,13276.040612544566,80438.91291135343,27641.54432466061,3725.7861020447717,0.0,620.0502633221835,830.0623534673196,0.0,100,0,0.0,0,0,0.0,0.0,0.0,0.0,0.0,0.0,0,0.0,0.0,0,0,0,0.09822988510131836,0.0,0.0,0.0,False,infeasible,baseline_truck_only,112470.29322083268,830.0623534673196,,,,0.0,False,feasible_only,0.0,,False,,,,
S0055_R04,5502030,nils,S0055,n100_p0.25_d3_uniform_Elow_V2.00_Hlong_PWmoderate_B0.05,100,0.25,0.25,3,3,low,2.0,uniform,long,moderate,0.05,20.0,5.0,1.0,peripheral,112470.29322083268,664.0498827738558,0.0,0.0,111806.24333805882,111806.24333805882,4021.945645567672,5528.308864932122,3725.7861020447717,13276.040612544566,80438.91291135343,27641.54432466061,3725.7861020447717,0.0,620.0502633221835,830.0623534673196,0.0,100,0,0.0,0,0,0.0,0.0,0.0,0.0,0.0,0.0,0,0.0,0.0,0,225,225,23.781959056854248,25.0,0.0,975.0,False,infeasible,nils_complete,112470.29322083268,830.0623534673196,,0.0,,0.0,False,feasible_only,0.0,,False,,,,
S0055_R05,5502031,truck_only,S0055,n100_p0.25_d3_uniform_Elow_V2.00_Hlong_PWmoderate_B0.05,100,0.25,0.25,3,3,low,2.0,uniform,long,moderate,0.05,20.0,5.0,1.0,peripheral,124749.07302392944,627.9545153537299,0.0,0.0,124121.1185085757,124121.1185085757,4980.831287134976,4260.959408944798,3199.6957211522154,12441.486417231989,99616.62574269953,21304.797044723993,3199.6957211522154,0.0,661.8574511364847,784.9431441921624,0.0,100,0,0.0,0,0,0.0,0.0,0.0,0.0,0.0,0.0,0,0.0,0.0,0,0,0,0.11860346794128418,0.0,0.0,0.0,False,infeasible,baseline_truck_only,124749.07302392944,784.9431441921624,,,,0.0,False,feasible_only,0.0,,False,,,,
S0055_R05,5502031,nils,S0055,n100_p0.25_d3_uniform_Elow_V2.00_Hlong_PWmoderate_B0.05,100,0.25,0.25,3,3,low,2.0,uniform,long,moderate,0.05,20.0,5.0,1.0,peripheral,124749.07302392944,627.9545153537299,0.0,0.0,124121.1185085757,124121.1185085757,4980.831287134976,4260.959408944798,3199.6957211522154,12441.486417231989,99616.62574269953,21304.797044723993,3199.6957211522154,0.0,661.8574511364847,784.9431441921624,0.0,100,0,0.0,0,0,0.0,0.0,0.0,0.0,0.0,0.0,0,0.0,0.0,0,0,0,23.25849676132202,25.0,0.0,1050.0,False,infeasible,nils_complete,124749.07302392944,784.9431441921624,,0.0,,0.0,False,feasible_only,0.0,,False,,,,
S0055_R06,5502032,truck_only,S0055,n100_p0.25_d3_uniform_Elow_V2.00_Hlong_PWmoderate_B0.05,100,0.25,0.25,3,3,low,2.0,uniform,long,moderate,0.05,20.0,5.0,1.0,peripheral,77281.402210339,614.3246554651998,0.0,0.0,76667.0775548738,76667.0775548738,2698.2427290275473,3882.09890017725,3291.728473436601,9872.070102641397,53964.85458055095,19410.49450088625,3291.728473436601,0.0,596.8918828423049,767.9058193314999,0.0,100,0,0.0,0,0,0.0,0.0,0.0,0.0,0.0,0.0,0,0.0,0.0,0,0,0,0.09706592559814453,0.0,0.0,0.0,False,infeasible,baseline_truck_only,77281.402210339,767.9058193314999,,,,0.0,False,feasible_only,0.0,,False,,,,
S0055_R06,5502032,nils,S0055,n100_p0.25_d3_uniform_Elow_V2.00_Hlong_PWmoderate_B0.05,100,0.25,0.25,3,3,low,2.0,uniform,long,moderate,0.05,20.0,5.0,1.0,peripheral,77281.402210339,614.3246554651998,0.0,0.0,76667.0775548738,76667.0775548738,2698.2427290275473,3882.09890017725,3291.728473436601,9872.070102641397,53964.85458055095,19410.49450088625,3291.728473436601,0.0,596.8918828423049,767.9058193314999,0.0,100,0,0.0,0,0,0.0,0.0,0.0,0.0,0.0,0.0,0,0.0,0.0,0,75,75,24.52409052848816,25.0,0.0,1125.0,False,infeasible,nils_complete,77281.402210339,767.9058193314999,,0.0,,0.0,False,feasible_only,0.0,,False,,,,
S0055_R07,5502033,truck_only,S0055,n100_p0.25_d3_uniform_Elow_V2.00_Hlong_PWmoderate_B0.05,100,0.25,0.25,3,3,low,2.0,uniform,long,moderate,0.05,20.0,5.0,1.0,peripheral,104630.79083059839,695.4506864867404,0.0,0.0,103935.34014411164,103935.34014411164,3658.8016587665693,5397.891731279245,3769.8483123840115,12826.541702429826,73176.03317533138,26989.458656396222,3769.8483123840115,0.0,675.9143244126869,869.3133581084257,0.0,100,0,0.0,0,0,0.0,0.0,0.0,0.0,0.0,0.0,0,0.0,0.0,0,0,0,0.08478236198425293,0.0,0.0,0.0,False,infeasible,baseline_truck_only,104630.79083059839,869.3133581084257,,,,0.0,False,feasible_only,0.0,,False,,,,
S0055_R07,5502033,nils,S0055,n100_p0.25_d3_uniform_Elow_V2.00_Hlong_PWmoderate_B0.05,100,0.25,0.25,3,3,low,2.0,uniform,long,moderate,0.05,20.0,5.0,1.0,peripheral,104630.79083059839,695.4506864867404,0.0,0.0,103935.34014411164,103935.34014411164,3658.8016587665693,5397.891731279245,3769.8483123840115,12826.541702429826,73176.03317533138,26989.458656396222,3769.8483123840115,0.0,675.9143244126869,869.3133581084257,0.0,100,0,0.0,0,0,0.0,0.0,0.0,0.0,0.0,0.0,0,0.0,0.0,0,0,0,24.243788480758667,25.0,0.0,975.0,False,infeasible,nils_complete,104630.79083059839,869.3133581084257,,0.0,,0.0,False,feasible_only,0.0,,False,,,,
S0055_R08,5502034,truck_only,S0055,n100_p0.25_d3_uniform_Elow_V2.00_Hlong_PWmoderate_B0.05,100,0.25,0.25,3,3,low,2.0,uniform,long,moderate,0.05,20.0,5.0,1.0,peripheral,132159.93984414564,693.3915824769243,0.0,0.0,131466.5482616687,131466.5482616687,5117.364774039144,4994.257447354702,4147.96554411226,14259.587765506105,102347.2954807829,24971.28723677351,4147.96554411226,0.0,697.0100132417662,866.7394780961553,0.0,100,0,0.0,0,0,0.0,0.0,0.0,0.0,0.0,0.0,0,0.0,0.0,0,0,0,0.09917187690734863,0.0,0.0,0.0,False,infeasible,baseline_truck_only,132159.93984414564,866.7394780961553,,,,0.0,False,feasible_only,0.0,,False,,,,
S0055_R08,5502034,nils,S0055,n100_p0.25_d3_uniform_Elow_V2.00_Hlong_PWmoderate_B0.05,100,0.25,0.25,3,3,low,2.0,uniform,long,moderate,0.05,20.0,5.0,1.0,peripheral,132159.93984414564,693.3915824769243,0.0,0.0,131466.5482616687,131466.5482616687,5117.364774039144,4994.257447354702,4147.96554411226,14259.587765506105,102347.2954807829,24971.28723677351,4147.96554411226,0.0,697.0100132417662,866.7394780961553,0.0,100,0,0.0,0,0,0.0,0.0,0.0,0.0,0.0,0.0,0,0.0,0.0,0,150,150,23.175840377807617,25.0,0.0,975.0,False,infeasible,nils_complete,132159.93984414564,866.7394780961553,,0.0,,0.0,False,feasible_only,0.0,,False,,,,
S0055_R09,5502035,truck_only,S0055,n100_p0.25_d3_uniform_Elow_V2.00_Hlong_PWmoderate_B0.05,100,0.25,0.25,3,3,low,2.0,uniform,long,moderate,0.05,20.0,5.0,1.0,peripheral,130097.51126278835,619.2208663753012,0.0,0.0,129478.29039641305,129478.29039641305,5458.156729189314,3701.26649557116,1808.8233347709672,10968.24655953144,109163.13458378629,18506.332477855798,1808.8233347709672,0.0,510.49308747366047,774.0260829691265,0.0,100,0,0.0,0,0,0.0,0.0,0.0,0.0,0.0,0.0,0,0.0,0.0,0,0,0,0.09736180305480957,0.0,0.0,0.0,False,infeasible,baseline_truck_only,130097.51126278835,774.0260829691265,,,,0.0,False,feasible_only,0.0,,False,,,,
S0055_R09,5502035,nils,S0055,n100_p0.25_d3_uniform_Elow_V2.00_Hlong_PWmoderate_B0.05,100,0.25,0.25,3,3,low,2.0,uniform,long,moderate,0.05,20.0,5.0,1.0,peripheral,130097.51126278835,619.2208663753012,0.0,0.0,129478.29039641305,129478.29039641305,5458.156729189314,3701.26649557116,1808.8233347709672,10968.24655953144,109163.13458378629,18506.332477855798,1808.8233347709672,0.0,510.49308747366047,774.0260829691265,0.0,100,0,0.0,0,0,0.0,0.0,0.0,0.0,0.0,0.0,0,0.0,0.0,0,225,225,24.40983486175537,25.0,0.0,750.0,False,infeasible,nils_complete,130097.51126278835,774.0260829691265,,0.0,,0.0,False,feasible_only,0.0,,False,,,,
S0055_R10,5502036,truck_only,S0055,n100_p0.25_d3_uniform_Elow_V2.00_Hlong_PWmoderate_B0.05,100,0.25,0.25,3,3,low,2.0,uniform,long,moderate,0.05,20.0,5.0,1.0,peripheral,164404.08114247347,746.8637868010851,0.0,0.0,163657.2173556724,163657.2173556724,6110.209760969264,7104.954448443444,5928.249894069823,19143.41410348253,122204.19521938528,35524.772242217216,5928.249894069823,0.0,861.6186587443219,933.5797335013565,0.0,100,0,0.0,0,0,0.0,0.0,0.0,0.0,0.0,0.0,0,0.0,0.0,0,0,0,0.09609794616699219,0.0,0.0,0.0,False,infeasible,baseline_truck_only,164404.08114247347,933.5797335013565,,,,0.0,False,feasible_only,0.0,,False,,,,
S0055_R10,5502036,nils,S0055,n100_p0.25_d3_uniform_Elow_V2.00_Hlong_PWmoderate_B0.05,100,0.25,0.25,3,3,low,2.0,uniform,long,moderate,0.05,20.0,5.0,1.0,peripheral,164404.08114247347,746.8637868010851,0.0,0.0,163657.2173556724,163657.2173556724,6110.209760969264,7104.954448443444,5928.249894069823,19143.41410348253,122204.19521938528,35524.772242217216,5928.249894069823,0.0,861.6186587443219,933.5797335013565,0.0,100,0,0.0,0,0,0.0,0.0,0.0,0.0,0.0,0.0,0,0.0,0.0,0,75,75,22.37900447845459,25.0,0.0,900.0,False,infeasible,nils_complete,164404.08114247347,933.5797335013565,,0.0,,0.0,False,feasible_only,0.0,,False,,,,
S0056_R01,5602027,truck_only,S0056,n100_p0.25_d3_uniform_Elow_V2.00_Hlong_PWstrict_B0.05,100,0.25,0.25,3,3,low,2.0,uniform,long,strict,0.05,200.0,40.0,1.0,peripheral,943520.9471014844,673.4986878254468,0.0,0.0,942847.448413659,942847.448413659,3840.9379696900814,4291.434925901221,3002.4574395943428,11134.830335185645,768187.5939380163,171657.39703604882,3002.4574395943428,0.0,609.6101977977413,841.8733597818089,0.0,100,0,0.0,0,0,0.0,0.0,0.0,0.0,0.0,0.0,0,0.0,0.0,0,0,0,0.09572863578796387,0.0,0.0,0.0,False,infeasible,baseline_truck_only,943520.9471014844,841.8733597818089,,,,0.0,False,feasible_only,0.0,,False,,,,
S0056_R01,5602027,nils,S0056,n100_p0.25_d3_uniform_Elow_V2.00_Hlong_PWstrict_B0.05,100,0.25,0.25,3,3,low,2.0,uniform,long,strict,0.05,200.0,40.0,1.0,peripheral,943520.9471014844,673.4986878254468,0.0,0.0,942847.448413659,942847.448413659,3840.9379696900814,4291.434925901221,3002.4574395943428,11134.830335185645,768187.5939380163,171657.39703604882,3002.4574395943428,0.0,609.6101977977413,841.8733597818089,0.0,100,0,0.0,0,0,0.0,0.0,0.0,0.0,0.0,0.0,0,0.0,0.0,0,225,225,21.956977605819702,25.0,0.0,600.0,False,infeasible,nils_complete,943520.9471014844,841.8733597818089,,0.0,,0.0,False,feasible_only,0.0,,False,,,,
S0056_R02,5602028,truck_only,S0056,n100_p0.25_d3_uniform_Elow_V2.00_Hlong_PWstrict_B0.05,100,0.25,0.25,3,3,low,2.0,uniform,long,strict,0.05,200.0,40.0,1.0,peripheral,941113.7757889674,643.1956837387903,0.0,0.0,940470.5801052286,940470.5801052286,4217.343840417799,2276.6067600786655,5937.541618522417,12431.49221901888,843468.7680835597,91064.27040314663,5937.541618522417,0.0,704.3284668278598,803.9946046734877,0.0,100,0,0.0,0,0,0.0,0.0,0.0,0.0,0.0,0.0,0,0.0,0.0,0,0,0,0.09337949752807617,0.0,0.0,0.0,False,infeasible,baseline_truck_only,941113.7757889674,803.9946046734877,,,,0.0,False,feasible_only,0.0,,False,,,,
S0056_R02,5602028,nils,S0056,n100_p0.25_d3_uniform_Elow_V2.00_Hlong_PWstrict_B0.05,100,0.25,0.25,3,3,low,2.0,uniform,long,strict,0.05,200.0,40.0,1.0,peripheral,941113.7757889674,643.1956837387903,0.0,0.0,940470.5801052286,940470.5801052286,4217.343840417799,2276.6067600786655,5937.541618522417,12431.49221901888,843468.7680835597,91064.27040314663,5937.541618522417,0.0,704.3284668278598,803.9946046734877,0.0,100,0,0.0,0,0,0.0,0.0,0.0,0.0,0.0,0.0,0,0.0,0.0,0,75,75,24.464853763580322,25.0,0.0,1050.0,False,infeasible,nils_complete,941113.7757889674,803.9946046734877,,0.0,,0.0,False,feasible_only,0.0,,False,,,,
S0056_R03,5602029,truck_only,S0056,n100_p0.25_d3_uniform_Elow_V2.00_Hlong_PWstrict_B0.05,100,0.25,0.25,3,3,low,2.0,uniform,long,strict,0.05,200.0,40.0,1.0,peripheral,1696580.7116189,700.2783933534711,0.0,0.0,1695880.4332255465,1695880.4332255465,7241.348669855637,6128.406491121332,2474.4396095653256,15844.194770542294,1448269.7339711273,245136.25964485327,2474.4396095653256,0.0,692.1436924151988,875.3479916918391,0.0,100,0,0.0,0,0,0.0,0.0,0.0,0.0,0.0,0.0,0,0.0,0.0,0,0,0,0.09978318214416504,0.0,0.0,0.0,False,infeasible,baseline_truck_only,1696580.7116189,875.3479916918391,,,,0.0,False,feasible_only,0.0,,False,,,,
S0056_R03,5602029,nils,S0056,n100_p0.25_d3_uniform_Elow_V2.00_Hlong_PWstrict_B0.05,100,0.25,0.25,3,3,low,2.0,uniform,long,strict,0.05,200.0,40.0,1.0,peripheral,1696580.7116189,700.2783933534711,0.0,0.0,1695880.4332255465,1695880.4332255465,7241.348669855637,6128.406491121332,2474.4396095653256,15844.194770542294,1448269.7339711273,245136.25964485327,2474.4396095653256,0.0,692.1436924151988,875.3479916918391,0.0,100,0,0.0,0,0,0.0,0.0,0.0,0.0,0.0,0.0,0,0.0,0.0,0,75,75,21.524658203125,25.0,0.0,450.0,False,infeasible,nils_complete,1696580.7116189,875.3479916918391,,0.0,,0.0,False,feasible_only,0.0,,False,,,,
S0056_R04,5602030,truck_only,S0056,n100_p0.25_d3_uniform_Elow_V2.00_Hlong_PWstrict_B0.05,100,0.25,0.25,3,3,low,2.0,uniform,long,strict,0.05,200.0,40.0,1.0,peripheral,1101284.0717690403,662.2199846864364,0.0,0.0,1100621.8517843538,1100621.8517843538,4785.286691735342,3494.360903762609,3790.0772867816604,12069.72488227961,957057.3383470684,139774.43615050436,3790.0772867816604,0.0,651.1580730789607,827.7749808580456,0.0,100,0,0.0,0,0,0.0,0.0,0.0,0.0,0.0,0.0,0,0.0,0.0,0,0,0,0.12129855155944824,0.0,0.0,0.0,False,infeasible,baseline_truck_only,1101284.0717690403,827.7749808580456,,,,0.0,False,feasible_only,0.0,,False,,,,
S0056_R04,5602030,nils,S0056,n100_p0.25_d3_uniform_Elow_V2.00_Hlong_PWstrict_B0.05,100,0.25,0.25,3,3,low,2.0,uniform,long,strict,0.05,200.0,40.0,1.0,peripheral,1101284.0717690403,662.2199846864364,0.0,0.0,1100621.8517843538,1100621.8517843538,4785.286691735342,3494.360903762609,3790.0772867816604,12069.72488227961,957057.3383470684,139774.43615050436,3790.0772867816604,0.0,651.1580730789607,827.7749808580456,0.0,100,0,0.0,0,0,0.0,0.0,0.0,0.0,0.0,0.0,0,0.0,0.0,0,150,150,21.769033908843994,25.0,0.0,450.0,False,infeasible,nils_complete,1101284.0717690403,827.7749808580456,,0.0,,0.0,False,feasible_only,0.0,,False,,,,
S0056_R05,5602031,truck_only,S0056,n100_p0.25_d3_uniform_Elow_V2.00_Hlong_PWstrict_B0.05,100,0.25,0.25,3,3,low,2.0,uniform,long,strict,0.05,200.0,40.0,1.0,peripheral,942879.9061782301,686.092823863013,0.0,0.0,942193.813354367,942193.813354367,3938.386825428731,3754.6986867197547,4328.500799830781,12021.586311979267,787677.3650857462,150187.9474687902,4328.500799830781,0.0,587.929086576831,857.6160298287658,0.0,100,0,0.0,0,0,0.0,0.0,0.0,0.0,0.0,0.0,0,0.0,0.0,0,0,0,0.0921182632446289,0.0,0.0,0.0,False,infeasible,baseline_truck_only,942879.9061782301,857.6160298287658,,,,0.0,False,feasible_only,0.0,,False,,,,
S0056_R05,5602031,nils,S0056,n100_p0.25_d3_uniform_Elow_V2.00_Hlong_PWstrict_B0.05,100,0.25,0.25,3,3,low,2.0,uniform,long,strict,0.05,200.0,40.0,1.0,peripheral,942879.9061782301,686.092823863013,0.0,0.0,942193.813354367,942193.813354367,3938.386825428731,3754.6986867197547,4328.500799830781,12021.586311979267,787677.3650857462,150187.9474687902,4328.500799830781,0.0,587.929086576831,857.6160298287658,0.0,100,0,0.0,0,0,0.0,0.0,0.0,0.0,0.0,0.0,0,0.0,0.0,0,75,75,21.59722638130188,25.0,0.0,300.0,False,infeasible,nils_complete,942879.9061782301,857.6160298287658,,0.0,,0.0,False,feasible_only,0.0,,False,,,,
S0056_R06,5602032,truck_only,S0056,n100_p0.25_d3_uniform_Elow_V2.00_Hlong_PWstrict_B0.05,100,0.25,0.25,3,3,low,2.0,uniform,long,strict,0.05,200.0,40.0,1.0,peripheral,730847.9981879527,683.7937559837749,0.0,0.0,730164.2044319689,730164.2044319689,2950.7953842577404,3336.413949541988,6548.569598741434,12835.778932541161,590159.076851548,133456.55798167954,6548.569598741434,0.0,726.8469112003675,854.7421949797183,0.0,100,0,0.0,0,0,0.0,0.0,0.0,0.0,0.0,0.0,0,0.0,0.0,0,0,0,0.09769630432128906,0.0,0.0,0.0,False,infeasible,baseline_truck_only,730847.9981879527,854.7421949797183,,,,0.0,False,feasible_only,0.0,,False,,,,
S0056_R06,5602032,nils,S0056,n100_p0.25_d3_uniform_Elow_V2.00_Hlong_PWstrict_B0.05,100,0.25,0.25,3,3,low,2.0,uniform,long,strict,0.05,200.0,40.0,1.0,peripheral,730847.9981879527,683.7937559837749,0.0,0.0,730164.2044319689,730164.2044319689,2950.7953842577404,3336.413949541988,6548.569598741434,12835.778932541161,590159.076851548,133456.55798167954,6548.569598741434,0.0,726.8469112003675,854.7421949797183,0.0,100,0,0.0,0,0,0.0,0.0,0.0,0.0,0.0,0.0,0,0.0,0.0,0,150,150,21.956291437149048,25.0,0.0,750.0,False,infeasible,nils_complete,730847.9981879527,854.7421949797183,,0.0,,0.0,False,feasible_only,0.0,,False,,,,
S0056_R07,5602033,truck_only,S0056,n100_p0.25_d3_uniform_Elow_V2.00_Hlong_PWstrict_B0.05,100,0.25,0.25,3,3,low,2.0,uniform,long,strict,0.05,200.0,40.0,1.0,peripheral,1367125.3675085674,667.9881820050161,0.0,0.0,1366457.3793265624,1366457.3793265624,5908.973860790752,4526.769240831249,3591.8375351624127,14027.580636784412,1181794.7721581503,181070.76963324996,3591.8375351624127,0.0,650.1738128230417,834.9852275062701,0.0,100,0,0.0,0,0,0.0,0.0,0.0,0.0,0.0,0.0,0,0.0,0.0,0,0,0,0.09152507781982422,0.0,0.0,0.0,False,infeasible,baseline_truck_only,1367125.3675085674,834.9852275062701,,,,0.0,False,feasible_only,0.0,,False,,,,
S0056_R07,5602033,nils,S0056,n100_p0.25_d3_uniform_Elow_V2.00_Hlong_PWstrict_B0.05,100,0.25,0.25,3,3,low,2.0,uniform,long,strict,0.05,200.0,40.0,1.0,peripheral,1367125.3675085674,667.9881820050161,0.0,0.0,1366457.3793265624,1366457.3793265624,5908.973860790752,4526.769240831249,3591.8375351624127,14027.580636784412,1181794.7721581503,181070.76963324996,3591.8375351624127,0.0,650.1738128230417,834.9852275062701,0.0,100,0,0.0,0,0,0.0,0.0,0.0,0.0,0.0,0.0,0,0.0,0.0,0,75,75,24.293612718582153,25.0,0.0,1050.0,False,infeasible,nils_complete,1367125.3675085674,834.9852275062701,,0.0,,0.0,False,feasible_only,0.0,,False,,,,
S0056_R08,5602034,truck_only,S0056,n100_p0.25_d3_uniform_Elow_V2.00_Hlong_PWstrict_B0.05,100,0.25,0.25,3,3,low,2.0,uniform,long,strict,0.05,200.0,40.0,1.0,peripheral,1039693.9547516365,601.6948719397163,0.0,0.0,1039092.2598796968,1039092.2598796968,4404.782451149078,3905.180192947673,1928.561931974247,10238.524576070999,880956.4902298156,156207.20771790692,1928.561931974247,0.0,495.7613041767322,752.1185899246454,0.0,100,0,0.0,0,0,0.0,0.0,0.0,0.0,0.0,0.0,0,0.0,0.0,0,0,0,0.08611130714416504,0.0,0.0,0.0,False,infeasible,baseline_truck_only,1039693.9547516365,752.1185899246454,,,,0.0,False,feasible_only,0.0,,False,,,,
S0056_R08,5602034,nils,S0056,n100_p0.25_d3_uniform_Elow_V2.00_Hlong_PWstrict_B0.05,100,0.25,0.25,3,3,low,2.0,uniform,long,strict,0.05,200.0,40.0,1.0,peripheral,1039693.9547516365,601.6948719397163,0.0,0.0,1039092.2598796968,1039092.2598796968,4404.782451149078,3905.180192947673,1928.561931974247,10238.524576070999,880956.4902298156,156207.20771790692,1928.561931974247,0.0,495.7613041767322,752.1185899246454,0.0,100,0,0.0,0,0,0.0,0.0,0.0,0.0,0.0,0.0,0,0.0,0.0,0,300,300,22.926392316818237,25.0,0.0,1125.0,False,infeasible,nils_complete,1039693.9547516365,752.1185899246454,,0.0,,0.0,False,feasible_only,0.0,,False,,,,
S0056_R09,5602035,truck_only,S0056,n100_p0.25_d3_uniform_Elow_V2.00_Hlong_PWstrict_B0.05,100,0.25,0.25,3,3,low,2.0,uniform,long,strict,0.05,200.0,40.0,1.0,peripheral,1030662.1820109513,626.9928401296652,0.0,0.0,1030035.1891708217,1030035.1891708217,4024.8261750816764,5581.220044662,1821.1523680065766,11427.198587750252,804965.2350163353,223248.80178648,1821.1523680065766,0.0,584.3305752796946,783.7410501620816,0.0,100,0,0.0,0,0,0.0,0.0,0.0,0.0,0.0,0.0,0,0.0,0.0,0,0,0,0.09800577163696289,0.0,0.0,0.0,False,infeasible,baseline_truck_only,1030662.1820109513,783.7410501620816,,,,0.0,False,feasible_only,0.0,,False,,,,
S0056_R09,5602035,nils,S0056,n100_p0.25_d3_uniform_Elow_V2.00_Hlong_PWstrict_B0.05,100,0.25,0.25,3,3,low,2.0,uniform,long,strict,0.05,200.0,40.0,1.0,peripheral,1030662.1820109513,626.9928401296652,0.0,0.0,1030035.1891708217,1030035.1891708217,4024.8261750816764,5581.220044662,1821.1523680065766,11427.198587750252,804965.2350163353,223248.80178648,1821.1523680065766,0.0,584.3305752796946,783.7410501620816,0.0,100,0,0.0,0,0,0.0,0.0,0.0,0.0,0.0,0.0,0,0.0,0.0,0,150,150,22.386908054351807,25.0,0.0,600.0,False,infeasible,nils_complete,1030662.1820109513,783.7410501620816,,0.0,,0.0,False,feasible_only,0.0,,False,,,,
S0056_R10,5602036,truck_only,S0056,n100_p0.25_d3_uniform_Elow_V2.00_Hlong_PWstrict_B0.05,100,0.25,0.25,3,3,low,2.0,uniform,long,strict,0.05,200.0,40.0,1.0,peripheral,1186134.1693534218,645.9197982544363,0.0,0.0,1185488.2495551673,1185488.2495551673,5193.9876061704645,3569.9381253399856,3893.2033074748847,12657.129038985335,1038797.5212340929,142797.52501359943,3893.2033074748847,0.0,610.7988820019691,807.3997478180455,0.0,100,0,0.0,0,0,0.0,0.0,0.0,0.0,0.0,0.0,0,0.0,0.0,0,0,0,0.0922708511352539,0.0,0.0,0.0,False,infeasible,baseline_truck_only,1186134.1693534218,807.3997478180455,,,,0.0,False,feasible_only,0.0,,False,,,,
S0056_R10,5602036,nils,S0056,n100_p0.25_d3_uniform_Elow_V2.00_Hlong_PWstrict_B0.05,100,0.25,0.25,3,3,low,2.0,uniform,long,strict,0.05,200.0,40.0,1.0,peripheral,1186134.1693534218,645.9197982544363,0.0,0.0,1185488.2495551673,1185488.2495551673,5193.9876061704645,3569.9381253399856,3893.2033074748847,12657.129038985335,1038797.5212340929,142797.52501359943,3893.2033074748847,0.0,610.7988820019691,807.3997478180455,0.0,100,0,0.0,0,0,0.0,0.0,0.0,0.0,0.0,0.0,0,0.0,0.0,0,150,150,21.44261384010315,25.0,0.0,300.0,False,infeasible,nils_complete,1186134.1693534218,807.3997478180455,,0.0,,0.0,False,feasible_only,0.0,,False,,,,
S0057_R01,5702027,truck_only,S0057,n100_p0.25_d3_uniform_Emedium_V1.25_Hshort_PWbase_B0.05,100,0.25,0.25,3,3,medium,1.25,uniform,short,base,0.05,100.0,20.0,1.0,peripheral,462278.8652113308,660.8062018519952,0.0,0.0,461618.05900947883,461618.05900947883,3669.9905080923145,4604.45016909662,2530.00481831513,10804.445495504064,366999.05080923147,92089.0033819324,2530.00481831513,0.0,548.6732694103397,826.0077523149943,0.0,100,0,0.0,0,0,0.0,0.0,0.0,0.0,0.0,0.0,0,0.0,0.0,0,0,0,0.08870506286621094,0.0,0.0,0.0,False,infeasible,baseline_truck_only,462278.8652113308,826.0077523149943,,,,0.0,False,feasible_only,0.0,,False,,,,
S0057_R01,5702027,nils,S0057,n100_p0.25_d3_uniform_Emedium_V1.25_Hshort_PWbase_B0.05,100,0.25,0.25,3,3,medium,1.25,uniform,short,base,0.05,100.0,20.0,1.0,peripheral,462278.8652113308,660.8062018519952,0.0,0.0,461618.05900947883,461618.05900947883,3669.9905080923145,4604.45016909662,2530.00481831513,10804.445495504064,366999.05080923147,92089.0033819324,2530.00481831513,0.0,548.6732694103397,826.0077523149943,0.0,100,0,0.0,0,0,0.0,0.0,0.0,0.0,0.0,0.0,0,0.0,0.0,0,300,300,23.99629783630371,25.0,0.0,825.0,False,infeasible,nils_complete,462278.8652113308,826.0077523149943,,0.0,,0.0,False,feasible_only,0.0,,False,,,,
S0057_R02,5702028,truck_only,S0057,n100_p0.25_d3_uniform_Emedium_V1.25_Hshort_PWbase_B0.05,100,0.25,0.25,3,3,medium,1.25,uniform,short,base,0.05,100.0,20.0,1.0,peripheral,423298.78587171156,754.5949890427263,0.0,0.0,422544.19088266883,422544.19088266883,3447.3075368408586,3502.108965047971,7771.257897623511,14720.67439951234,344730.75368408585,70042.17930095943,7771.257897623511,0.0,810.2777701142991,943.2437363034084,0.0,100,0,0.0,0,0,0.0,0.0,0.0,0.0,0.0,0.0,0,0.0,0.0,0,0,0,0.1430952548980713,0.0,0.0,0.0,False,infeasible,baseline_truck_only,423298.78587171156,943.2437363034084,,,,0.0,False,feasible_only,0.0,,False,,,,
S0057_R02,5702028,nils,S0057,n100_p0.25_d3_uniform_Emedium_V1.25_Hshort_PWbase_B0.05,100,0.25,0.25,3,3,medium,1.25,uniform,short,base,0.05,100.0,20.0,1.0,peripheral,423298.78587171156,754.5949890427263,0.0,0.0,422544.19088266883,422544.19088266883,3447.3075368408586,3502.108965047971,7771.257897623511,14720.67439951234,344730.75368408585,70042.17930095943,7771.257897623511,0.0,810.2777701142991,943.2437363034084,0.0,100,0,0.0,0,0,0.0,0.0,0.0,0.0,0.0,0.0,0,0.0,0.0,0,450,450,25.700605154037476,25.0,0.0,825.0,False,infeasible,nils_complete,423298.78587171156,943.2437363034084,,0.0,,0.0,False,feasible_only,0.0,,False,,,,
S0057_R03,5702029,truck_only,S0057,n100_p0.25_d3_uniform_Emedium_V1.25_Hshort_PWbase_B0.05,100,0.25,0.25,3,3,medium,1.25,uniform,short,base,0.05,100.0,20.0,1.0,peripheral,483452.96235424344,630.3906103250441,0.0,0.0,482822.5717439184,482822.5717439184,4210.725142974399,2946.3721759461655,2822.613927555228,9979.711246475794,421072.51429743995,58927.44351892331,2822.613927555228,0.0,515.9899539886835,787.9882629063053,0.0,100,0,0.0,0,0,0.0,0.0,0.0,0.0,0.0,0.0,0,0.0,0.0,0,0,0,0.13331198692321777,0.0,0.0,0.0,False,infeasible,baseline_truck_only,483452.96235424344,787.9882629063053,,,,0.0,False,feasible_only,0.0,,False,,,,
S0057_R03,5702029,nils,S0057,n100_p0.25_d3_uniform_Emedium_V1.25_Hshort_PWbase_B0.05,100,0.25,0.25,3,3,medium,1.25,uniform,short,base,0.05,100.0,20.0,1.0,peripheral,483452.96235424344,630.3906103250441,0.0,0.0,482822.5717439184,482822.5717439184,4210.725142974399,2946.3721759461655,2822.613927555228,9979.711246475794,421072.51429743995,58927.44351892331,2822.613927555228,0.0,515.9899539886835,787.9882629063053,0.0,100,0,0.0,0,0,0.0,0.0,0.0,0.0,0.0,0.0,0,0.0,0.0,0,375,375,21.93257761001587,25.0,0.0,525.0,False,infeasible,nils_complete,483452.96235424344,787.9882629063053,,0.0,,0.0,False,feasible_only,0.0,,False,,,,
S0057_R04,5702030,truck_only,S0057,n100_p0.25_d3_uniform_Emedium_V1.25_Hshort_PWbase_B0.05,100,0.25,0.25,3,3,medium,1.25,uniform,short,base,0.05,100.0,20.0,1.0,peripheral,529930.4405412696,654.7738647245322,0.0,0.0,529275.666676545,529275.666676545,4346.845690960959,4481.873081151216,4953.635957424903,13782.354729537077,434684.56909609586,89637.46162302431,4953.635957424903,0.0,717.9347796193822,818.4673309056649,0.0,100,0,0.0,0,0,0.0,0.0,0.0,0.0,0.0,0.0,0,0.0,0.0,0,0,0,0.10114169120788574,0.0,0.0,0.0,False,infeasible,baseline_truck_only,529930.4405412696,818.4673309056649,,,,0.0,False,feasible_only,0.0,,False,,,,
S0057_R04,5702030,nils,S0057,n100_p0.25_d3_uniform_Emedium_V1.25_Hshort_PWbase_B0.05,100,0.25,0.25,3,3,medium,1.25,uniform,short,base,0.05,100.0,20.0,1.0,peripheral,529930.4405412696,654.7738647245322,0.0,0.0,529275.666676545,529275.666676545,4346.845690960959,4481.873081151216,4953.635957424903,13782.354729537077,434684.56909609586,89637.46162302431,4953.635957424903,0.0,717.9347796193822,818.4673309056649,0.0,100,0,0.0,0,0,0.0,0.0,0.0,0.0,0.0,0.0,0,0.0,0.0,0,225,225,24.875189065933228,25.0,0.0,1125.0,False,infeasible,nils_complete,529930.4405412696,818.4673309056649,,0.0,,0.0,False,feasible_only,0.0,,False,,,,
S0057_R05,5702031,truck_only,S0057,n100_p0.25_d3_uniform_Emedium_V1.25_Hshort_PWbase_B0.05,100,0.25,0.25,3,3,medium,1.25,uniform,short,base,0.05,100.0,20.0,1.0,peripheral,439219.1073403371,658.8089674249352,0.0,0.0,438560.29837291216,438560.29837291216,3482.443308114064,4295.852128131579,4398.924998874245,12177.220435119889,348244.3308114064,85917.04256263157,4398.924998874245,0.0,619.681334333857,823.5112092811695,0.0,100,0,0.0,0,0,0.0,0.0,0.0,0.0,0.0,0.0,0,0.0,0.0,0,0,0,0.09385895729064941,0.0,0.0,0.0,False,infeasible,baseline_truck_only,439219.1073403371,823.5112092811695,,,,0.0,False,feasible_only,0.0,,False,,,,
S0057_R05,5702031,nils,S0057,n100_p0.25_d3_uniform_Emedium_V1.25_Hshort_PWbase_B0.05,100,0.25,0.25,3,3,medium,1.25,uniform,short,base,0.05,100.0,20.0,1.0,peripheral,439219.1073403371,658.8089674249352,0.0,0.0,438560.29837291216,438560.29837291216,3482.443308114064,4295.852128131579,4398.924998874245,12177.220435119889,348244.3308114064,85917.04256263157,4398.924998874245,0.0,619.681334333857,823.5112092811695,0.0,100,0,0.0,0,0,0.0,0.0,0.0,0.0,0.0,0.0,0,0.0,0.0,0,375,375,23.159688234329224,25.0,0.0,1125.0,False,infeasible,nils_complete,439219.1073403371,823.5112092811695,,0.0,,0.0,False,feasible_only,0.0,,False,,,,
S0057_R06,5702032,truck_only,S0057,n100_p0.25_d3_uniform_Emedium_V1.25_Hshort_PWbase_B0.05,100,0.25,0.25,3,3,medium,1.25,uniform,short,base,0.05,100.0,20.0,1.0,peripheral,453087.5023109885,663.6995195642548,0.0,0.0,452423.8027914242,452423.8027914242,3427.8445496898157,5295.3771052111815,3731.805718218961,12455.027373119958,342784.45496898156,105907.54210422363,3731.805718218961,0.0,596.6603816303998,829.6243994553186,0.0,100,0,0.0,0,0,0.0,0.0,0.0,0.0,0.0,0.0,0,0.0,0.0,0,0,0,0.08973503112792969,0.0,0.0,0.0,False,infeasible,baseline_truck_only,453087.5023109885,829.6243994553186,,,,0.0,False,feasible_only,0.0,,False,,,,
S0057_R06,5702032,nils,S0057,n100_p0.25_d3_uniform_Emedium_V1.25_Hshort_PWbase_B0.05,100,0.25,0.25,3,3,medium,1.25,uniform,short,base,0.05,100.0,20.0,1.0,peripheral,453087.5023109885,663.6995195642548,0.0,0.0,452423.8027914242,452423.8027914242,3427.8445496898157,5295.3771052111815,3731.805718218961,12455.027373119958,342784.45496898156,105907.54210422363,3731.805718218961,0.0,596.6603816303998,829.6243994553186,0.0,100,0,0.0,0,0,0.0,0.0,0.0,0.0,0.0,0.0,0,0.0,0.0,0,225,225,21.38280439376831,25.0,0.0,750.0,False,infeasible,nils_complete,453087.5023109885,829.6243994553186,,0.0,,0.0,False,feasible_only,0.0,,False,,,,
S0057_R07,5702033,truck_only,S0057,n100_p0.25_d3_uniform_Emedium_V1.25_Hshort_PWbase_B0.05,100,0.25,0.25,3,3,medium,1.25,uniform,short,base,0.05,100.0,20.0,1.0,peripheral,409787.09829459985,593.5186393441735,0.0,0.0,409193.57965525566,409193.57965525566,3409.506751706238,3279.6936599201795,2649.031286228198,9338.231697854615,340950.6751706238,65593.87319840358,2649.031286228198,0.0,616.9558407095739,741.8982991802167,0.0,100,0,0.0,0,0,0.0,0.0,0.0,0.0,0.0,0.0,0,0.0,0.0,0,0,0,0.08798432350158691,0.0,0.0,0.0,False,infeasible,baseline_truck_only,409787.09829459985,741.8982991802167,,,,0.0,False,feasible_only,0.0,,False,,,,
S0057_R07,5702033,nils,S0057,n100_p0.25_d3_uniform_Emedium_V1.25_Hshort_PWbase_B0.05,100,0.25,0.25,3,3,medium,1.25,uniform,short,base,0.05,100.0,20.0,1.0,peripheral,409787.09829459985,593.5186393441735,0.0,0.0,409193.57965525566,409193.57965525566,3409.506751706238,3279.6936599201795,2649.031286228198,9338.231697854615,340950.6751706238,65593.87319840358,2649.031286228198,0.0,616.9558407095739,741.8982991802167,0.0,100,0,0.0,0,0,0.0,0.0,0.0,0.0,0.0,0.0,0,0.0,0.0,0,300,300,24.838361978530884,25.0,0.0,900.0,False,infeasible,nils_complete,409787.09829459985,741.8982991802167,,0.0,,0.0,False,feasible_only,0.0,,False,,,,
S0057_R08,5702034,truck_only,S0057,n100_p0.25_d3_uniform_Emedium_V1.25_Hshort_PWbase_B0.05,100,0.25,0.25,3,3,medium,1.25,uniform,short,base,0.05,100.0,20.0,1.0,peripheral,866374.4933595282,613.2002247509812,0.0,0.0,865761.2931347772,865761.2931347772,7494.174336617968,5570.324928736707,4937.360898246191,18001.860163600868,749417.4336617969,111406.49857473414,4937.360898246191,0.0,802.0524882432786,766.5002809387263,0.0,100,0,0.0,0,0,0.0,0.0,0.0,0.0,0.0,0.0,0,0.0,0.0,0,0,0,0.09458541870117188,0.0,0.0,0.0,False,infeasible,baseline_truck_only,866374.4933595282,766.5002809387263,,,,0.0,False,feasible_only,0.0,,False,,,,
S0057_R08,5702034,nils,S0057,n100_p0.25_d3_uniform_Emedium_V1.25_Hshort_PWbase_B0.05,100,0.25,0.25,3,3,medium,1.25,uniform,short,base,0.05,100.0,20.0,1.0,peripheral,866374.4933595282,613.2002247509812,0.0,0.0,865761.2931347772,865761.2931347772,7494.174336617968,5570.324928736707,4937.360898246191,18001.860163600868,749417.4336617969,111406.49857473414,4937.360898246191,0.0,802.0524882432786,766.5002809387263,0.0,100,0,0.0,0,0,0.0,0.0,0.0,0.0,0.0,0.0,0,0.0,0.0,0,375,375,24.17173981666565,25.0,0.0,750.0,False,infeasible,nils_complete,866374.4933595282,766.5002809387263,,0.0,,0.0,False,feasible_only,0.0,,False,,,,
S0057_R09,5702035,truck_only,S0057,n100_p0.25_d3_uniform_Emedium_V1.25_Hshort_PWbase_B0.05,100,0.25,0.25,3,3,medium,1.25,uniform,short,base,0.05,100.0,20.0,1.0,peripheral,316029.27083209855,641.1447586903951,0.0,0.0,315388.1260734082,315388.1260734082,2131.6385144865244,4963.970887068811,2944.8568833795102,10040.466284934846,213163.85144865245,99279.41774137622,2944.8568833795102,0.0,591.4424022129294,801.4309483629936,0.0,100,0,0.0,0,0,0.0,0.0,0.0,0.0,0.0,0.0,0,0.0,0.0,0,0,0,0.10515236854553223,0.0,0.0,0.0,False,infeasible,baseline_truck_only,316029.27083209855,801.4309483629936,,,,0.0,False,feasible_only,0.0,,False,,,,
S0057_R09,5702035,nils,S0057,n100_p0.25_d3_uniform_Emedium_V1.25_Hshort_PWbase_B0.05,100,0.25,0.25,3,3,medium,1.25,uniform,short,base,0.05,100.0,20.0,1.0,peripheral,316029.27083209855,641.1447586903951,0.0,0.0,315388.1260734082,315388.1260734082,2131.6385144865244,4963.970887068811,2944.8568833795102,10040.466284934846,213163.85144865245,99279.41774137622,2944.8568833795102,0.0,591.4424022129294,801.4309483629936,0.0,100,0,0.0,0,0,0.0,0.0,0.0,0.0,0.0,0.0,0,0.0,0.0,0,300,300,21.03047275543213,25.0,0.0,450.0,False,infeasible,nils_complete,316029.27083209855,801.4309483629936,,0.0,,0.0,False,feasible_only,0.0,,False,,,,
S0057_R10,5702036,truck_only,S0057,n100_p0.25_d3_uniform_Emedium_V1.25_Hshort_PWbase_B0.05,100,0.25,0.25,3,3,medium,1.25,uniform,short,base,0.05,100.0,20.0,1.0,peripheral,381892.52342676144,663.7967912919503,0.0,0.0,381228.7266354695,381228.7266354695,2756.3693376260353,5019.116530253419,5209.462267797491,12984.948135676947,275636.93376260356,100382.33060506839,5209.462267797491,0.0,658.4978377689222,829.7459891149377,0.0,100,0,0.0,0,0,0.0,0.0,0.0,0.0,0.0,0.0,0,0.0,0.0,0,0,0,0.08595919609069824,0.0,0.0,0.0,False,infeasible,baseline_truck_only,381892.52342676144,829.7459891149377,,,,0.0,False,feasible_only,0.0,,False,,,,
S0057_R10,5702036,nils,S0057,n100_p0.25_d3_uniform_Emedium_V1.25_Hshort_PWbase_B0.05,100,0.25,0.25,3,3,medium,1.25,uniform,short,base,0.05,100.0,20.0,1.0,peripheral,381892.52342676144,663.7967912919503,0.0,0.0,381228.7266354695,381228.7266354695,2756.3693376260353,5019.116530253419,5209.462267797491,12984.948135676947,275636.93376260356,100382.33060506839,5209.462267797491,0.0,658.4978377689222,829.7459891149377,0.0,100,0,0.0,0,0,0.0,0.0,0.0,0.0,0.0,0.0,0,0.0,0.0,0,225,225,21.808378219604492,25.0,0.0,300.0,False,infeasible,nils_complete,381892.52342676144,829.7459891149377,,0.0,,0.0,False,feasible_only,0.0,,False,,,,
S0058_R01,5802027,truck_only,S0058,n100_p0.25_d3_uniform_Emedium_V1.25_Hlong_PWmoderate_B0.05,100,0.25,0.25,3,3,medium,1.25,uniform,long,moderate,0.05,20.0,5.0,1.0,peripheral,137548.61205115623,649.0439401558973,0.0,0.0,136899.56811100035,136899.56811100035,5405.819059854396,4970.132494585363,3932.5244409855663,14308.475995425324,108116.38119708792,24850.662472926815,3932.5244409855663,0.0,666.3408955926716,811.3049251948715,0.0,100,0,0.0,0,0,0.0,0.0,0.0,0.0,0.0,0.0,0,0.0,0.0,0,0,0,0.11339735984802246,0.0,0.0,0.0,False,infeasible,baseline_truck_only,137548.61205115623,811.3049251948715,,,,0.0,False,feasible_only,0.0,,False,,,,
S0058_R01,5802027,nils,S0058,n100_p0.25_d3_uniform_Emedium_V1.25_Hlong_PWmoderate_B0.05,100,0.25,0.25,3,3,medium,1.25,uniform,long,moderate,0.05,20.0,5.0,1.0,peripheral,137548.61205115623,649.0439401558973,0.0,0.0,136899.56811100035,136899.56811100035,5405.819059854396,4970.132494585363,3932.5244409855663,14308.475995425324,108116.38119708792,24850.662472926815,3932.5244409855663,0.0,666.3408955926716,811.3049251948715,0.0,100,0,0.0,0,0,0.0,0.0,0.0,0.0,0.0,0.0,0,0.0,0.0,0,525,525,23.556784868240356,25.0,0.0,900.0,False,infeasible,nils_complete,137548.61205115623,811.3049251948715,,0.0,,0.0,False,feasible_only,0.0,,False,,,,
S0058_R02,5802028,truck_only,S0058,n100_p0.25_d3_uniform_Emedium_V1.25_Hlong_PWmoderate_B0.05,100,0.25,0.25,3,3,medium,1.25,uniform,long,moderate,0.05,20.0,5.0,1.0,peripheral,115395.91578406518,615.882782464596,0.0,0.0,114780.03300160058,114780.03300160058,4522.955984105862,4274.102188209928,2950.4023784337096,11747.460550749498,90459.11968211723,21370.510941049637,2950.4023784337096,0.0,574.2925174190227,769.8534780807446,0.0,100,0,0.0,0,0,0.0,0.0,0.0,0.0,0.0,0.0,0,0.0,0.0,0,0,0,0.13614439964294434,0.0,0.0,0.0,False,infeasible,baseline_truck_only,115395.91578406518,769.8534780807446,,,,0.0,False,feasible_only,0.0,,False,,,,
S0058_R02,5802028,nils,S0058,n100_p0.25_d3_uniform_Emedium_V1.25_Hlong_PWmoderate_B0.05,100,0.25,0.25,3,3,medium,1.25,uniform,long,moderate,0.05,20.0,5.0,1.0,peripheral,115395.91578406518,615.882782464596,0.0,0.0,114780.03300160058,114780.03300160058,4522.955984105862,4274.102188209928,2950.4023784337096,11747.460550749498,90459.11968211723,21370.510941049637,2950.4023784337096,0.0,574.2925174190227,769.8534780807446,0.0,100,0,0.0,0,0,0.0,0.0,0.0,0.0,0.0,0.0,0,0.0,0.0,0,375,375,22.04290771484375,25.0,0.0,750.0,False,infeasible,nils_complete,115395.91578406518,769.8534780807446,,0.0,,0.0,False,feasible_only,0.0,,False,,,,
S0058_R03,5802029,truck_only,S0058,n100_p0.25_d3_uniform_Emedium_V1.25_Hlong_PWmoderate_B0.05,100,0.25,0.25,3,3,medium,1.25,uniform,long,moderate,0.05,20.0,5.0,1.0,peripheral,77702.1056044022,652.7180326560929,0.0,0.0,77049.3875717461,77049.3875717461,2536.685402781311,4575.524795170373,3438.055540268025,10550.26573821971,50733.70805562622,22877.623975851864,3438.055540268025,0.0,575.2299025933299,815.8975408201163,0.0,100,0,0.0,0,0,0.0,0.0,0.0,0.0,0.0,0.0,0,0.0,0.0,0,0,0,0.09198975563049316,0.0,0.0,0.0,False,infeasible,baseline_truck_only,77702.1056044022,815.8975408201163,,,,0.0,False,feasible_only,0.0,,False,,,,
S0058_R03,5802029,nils,S0058,n100_p0.25_d3_uniform_Emedium_V1.25_Hlong_PWmoderate_B0.05,100,0.25,0.25,3,3,medium,1.25,uniform,long,moderate,0.05,20.0,5.0,1.0,peripheral,77702.1056044022,652.7180326560929,0.0,0.0,77049.3875717461,77049.3875717461,2536.685402781311,4575.524795170373,3438.055540268025,10550.26573821971,50733.70805562622,22877.623975851864,3438.055540268025,0.0,575.2299025933299,815.8975408201163,0.0,100,0,0.0,0,0,0.0,0.0,0.0,0.0,0.0,0.0,0,0.0,0.0,0,375,375,25.08355975151062,25.0,0.0,750.0,False,infeasible,nils_complete,77702.1056044022,815.8975408201163,,0.0,,0.0,False,feasible_only,0.0,,False,,,,
S0058_R04,5802030,truck_only,S0058,n100_p0.25_d3_uniform_Emedium_V1.25_Hlong_PWmoderate_B0.05,100,0.25,0.25,3,3,medium,1.25,uniform,long,moderate,0.05,20.0,5.0,1.0,peripheral,102957.15656451756,669.1204568876016,0.0,0.0,102288.03610762996,102288.03610762996,3469.6333998219848,5925.400878683387,3268.363717773301,12663.397996278673,69392.66799643969,29627.004393416937,3268.363717773301,0.0,558.7281685536365,836.4005711095019,0.0,100,0,0.0,0,0,0.0,0.0,0.0,0.0,0.0,0.0,0,0.0,0.0,0,0,0,0.0980837345123291,0.0,0.0,0.0,False,infeasible,baseline_truck_only,102957.15656451756,836.4005711095019,,,,0.0,False,feasible_only,0.0,,False,,,,
S0058_R04,5802030,nils,S0058,n100_p0.25_d3_uniform_Emedium_V1.25_Hlong_PWmoderate_B0.05,100,0.25,0.25,3,3,medium,1.25,uniform,long,moderate,0.05,20.0,5.0,1.0,peripheral,102957.15656451756,669.1204568876016,0.0,0.0,102288.03610762996,102288.03610762996,3469.6333998219848,5925.400878683387,3268.363717773301,12663.397996278673,69392.66799643969,29627.004393416937,3268.363717773301,0.0,558.7281685536365,836.4005711095019,0.0,100,0,0.0,0,0,0.0,0.0,0.0,0.0,0.0,0.0,0,0.0,0.0,0,225,225,22.010838270187378,25.0,0.0,750.0,False,infeasible,nils_complete,102957.15656451756,836.4005711095019,,0.0,,0.0,False,feasible_only,0.0,,False,,,,
S0058_R05,5802031,truck_only,S0058,n100_p0.25_d3_uniform_Emedium_V1.25_Hlong_PWmoderate_B0.05,100,0.25,0.25,3,3,medium,1.25,uniform,long,moderate,0.05,20.0,5.0,1.0,peripheral,118089.74352399439,609.153469092905,0.0,0.0,117480.59005490148,117480.59005490148,4962.039421768822,3212.38581542551,2177.8725423975015,10352.297779591832,99240.78843537644,16061.92907712755,2177.8725423975015,0.0,525.1546292044554,761.441836366131,0.0,100,0,0.0,0,0,0.0,0.0,0.0,0.0,0.0,0.0,0,0.0,0.0,0,0,0,0.09670519828796387,0.0,0.0,0.0,False,infeasible,baseline_truck_only,118089.74352399439,761.441836366131,,,,0.0,False,feasible_only,0.0,,False,,,,
S0058_R05,5802031,nils,S0058,n100_p0.25_d3_uniform_Emedium_V1.25_Hlong_PWmoderate_B0.05,100,0.25,0.25,3,3,medium,1.25,uniform,long,moderate,0.05,20.0,5.0,1.0,peripheral,118089.74352399439,609.153469092905,0.0,0.0,117480.59005490148,117480.59005490148,4962.039421768822,3212.38581542551,2177.8725423975015,10352.297779591832,99240.78843537644,16061.92907712755,2177.8725423975015,0.0,525.1546292044554,761.441836366131,0.0,100,0,0.0,0,0,0.0,0.0,0.0,0.0,0.0,0.0,0,0.0,0.0,0,300,300,24.804996490478516,25.0,0.0,1275.0,False,infeasible,nils_complete,118089.74352399439,761.441836366131,,0.0,,0.0,False,feasible_only,0.0,,False,,,,
S0058_R06,5802032,truck_only,S0058,n100_p0.25_d3_uniform_Emedium_V1.25_Hlong_PWmoderate_B0.05,100,0.25,0.25,3,3,medium,1.25,uniform,long,moderate,0.05,20.0,5.0,1.0,peripheral,163488.06114744008,662.7303079458314,0.0,0.0,162825.33083949424,162825.33083949424,6577.367294681155,5458.611878121625,3984.925555263042,16020.904728065821,131547.3458936231,27293.059390608123,3984.925555263042,0.0,714.4017462155441,828.4128849322896,0.0,100,0,0.0,0,0,0.0,0.0,0.0,0.0,0.0,0.0,0,0.0,0.0,0,0,0,0.11515974998474121,0.0,0.0,0.0,False,infeasible,baseline_truck_only,163488.06114744008,828.4128849322896,,,,0.0,False,feasible_only,0.0,,False,,,,
S0058_R06,5802032,nils,S0058,n100_p0.25_d3_uniform_Emedium_V1.25_Hlong_PWmoderate_B0.05,100,0.25,0.25,3,3,medium,1.25,uniform,long,moderate,0.05,20.0,5.0,1.0,peripheral,163488.06114744008,662.7303079458314,0.0,0.0,162825.33083949424,162825.33083949424,6577.367294681155,5458.611878121625,3984.925555263042,16020.904728065821,131547.3458936231,27293.059390608123,3984.925555263042,0.0,714.4017462155441,828.4128849322896,0.0,100,0,0.0,0,0,0.0,0.0,0.0,0.0,0.0,0.0,0,0.0,0.0,0,375,375,20.963518619537354,25.0,0.0,375.0,False,infeasible,nils_complete,163488.06114744008,828.4128849322896,,0.0,,0.0,False,feasible_only,0.0,,False,,,,
S0058_R07,5802033,truck_only,S0058,n100_p0.25_d3_uniform_Emedium_V1.25_Hlong_PWmoderate_B0.05,100,0.25,0.25,3,3,medium,1.25,uniform,long,moderate,0.05,20.0,5.0,1.0,peripheral,127971.54933937173,677.472406199894,0.0,0.0,127294.07693317183,127294.07693317183,4647.914796345641,6413.877439975371,2266.393806382159,13328.186042703172,92958.29592691282,32069.387199876855,2266.393806382159,0.0,691.1558523744202,846.840507749867,0.0,100,0,0.0,0,0,0.0,0.0,0.0,0.0,0.0,0.0,0,0.0,0.0,0,0,0,0.09745979309082031,0.0,0.0,0.0,False,infeasible,baseline_truck_only,127971.54933937173,846.840507749867,,,,0.0,False,feasible_only,0.0,,False,,,,
S0058_R07,5802033,nils,S0058,n100_p0.25_d3_uniform_Emedium_V1.25_Hlong_PWmoderate_B0.05,100,0.25,0.25,3,3,medium,1.25,uniform,long,moderate,0.05,20.0,5.0,1.0,peripheral,127971.54933937173,677.472406199894,0.0,0.0,127294.07693317183,127294.07693317183,4647.914796345641,6413.877439975371,2266.393806382159,13328.186042703172,92958.29592691282,32069.387199876855,2266.393806382159,0.0,691.1558523744202,846.840507749867,0.0,100,0,0.0,0,0,0.0,0.0,0.0,0.0,0.0,0.0,0,0.0,0.0,0,225,225,23.860010385513306,25.0,0.0,1275.0,False,infeasible,nils_complete,127971.54933937173,846.840507749867,,0.0,,0.0,False,feasible_only,0.0,,False,,,,
S0058_R08,5802034,truck_only,S0058,n100_p0.25_d3_uniform_Emedium_V1.25_Hlong_PWmoderate_B0.05,100,0.25,0.25,3,3,medium,1.25,uniform,long,moderate,0.05,20.0,5.0,1.0,peripheral,125054.29305388448,658.2957480382171,0.0,0.0,124395.99730584626,124395.99730584626,4968.41701609926,4325.8216478273125,3398.5487447245273,12692.787408651098,99368.34032198519,21629.108239136563,3398.5487447245273,0.0,570.5209685259985,822.8696850477716,0.0,100,0,0.0,0,0,0.0,0.0,0.0,0.0,0.0,0.0,0,0.0,0.0,0,0,0,0.0877232551574707,0.0,0.0,0.0,False,infeasible,baseline_truck_only,125054.29305388448,822.8696850477716,,,,0.0,False,feasible_only,0.0,,False,,,,
S0058_R08,5802034,nils,S0058,n100_p0.25_d3_uniform_Emedium_V1.25_Hlong_PWmoderate_B0.05,100,0.25,0.25,3,3,medium,1.25,uniform,long,moderate,0.05,20.0,5.0,1.0,peripheral,125054.29305388448,658.2957480382171,0.0,0.0,124395.99730584626,124395.99730584626,4968.41701609926,4325.8216478273125,3398.5487447245273,12692.787408651098,99368.34032198519,21629.108239136563,3398.5487447245273,0.0,570.5209685259985,822.8696850477716,0.0,100,0,0.0,0,0,0.0,0.0,0.0,0.0,0.0,0.0,0,0.0,0.0,0,525,525,23.958669662475586,25.0,0.0,450.0,False,infeasible,nils_complete,125054.29305388448,822.8696850477716,,0.0,,0.0,False,feasible_only,0.0,,False,,,,
S0058_R09,5802035,truck_only,S0058,n100_p0.25_d3_uniform_Emedium_V1.25_Hlong_PWmoderate_B0.05,100,0.25,0.25,3,3,medium,1.25,uniform,long,moderate,0.05,20.0,5.0,1.0,peripheral,125114.2051114543,657.7804136548541,0.0,0.0,124456.42469779945,124456.42469779945,5149.981587383994,3262.951334050046,5142.036279869338,13554.969201303378,102999.63174767989,16314.75667025023,5142.036279869338,0.0,748.1929136072516,822.2255170685676,0.0,100,0,0.0,0,0,0.0,0.0,0.0,0.0,0.0,0.0,0,0.0,0.0,0,0,0,0.08691668510437012,0.0,0.0,0.0,False,infeasible,baseline_truck_only,125114.2051114543,822.2255170685676,,,,0.0,False,feasible_only,0.0,,False,,,,
S0058_R09,5802035,nils,S0058,n100_p0.25_d3_uniform_Emedium_V1.25_Hlong_PWmoderate_B0.05,100,0.25,0.25,3,3,medium,1.25,uniform,long,moderate,0.05,20.0,5.0,1.0,peripheral,125114.2051114543,657.7804136548541,0.0,0.0,124456.42469779945,124456.42469779945,5149.981587383994,3262.951334050046,5142.036279869338,13554.969201303378,102999.63174767989,16314.75667025023,5142.036279869338,0.0,748.1929136072516,822.2255170685676,0.0,100,0,0.0,0,0,0.0,0.0,0.0,0.0,0.0,0.0,0,0.0,0.0,0,450,450,22.87535810470581,25.0,0.0,600.0,False,infeasible,nils_complete,125114.2051114543,822.2255170685676,,0.0,,0.0,False,feasible_only,0.0,,False,,,,
S0058_R10,5802036,truck_only,S0058,n100_p0.25_d3_uniform_Emedium_V1.25_Hlong_PWmoderate_B0.05,100,0.25,0.25,3,3,medium,1.25,uniform,long,moderate,0.05,20.0,5.0,1.0,peripheral,107038.55891637842,610.9602645414818,0.0,0.0,106427.59865183693,106427.59865183693,4304.407818788588,3605.519575282879,2311.8443996507795,10221.771793722246,86088.15637577177,18027.597876414395,2311.8443996507795,0.0,471.95739706442686,763.7003306768522,0.0,100,0,0.0,0,0,0.0,0.0,0.0,0.0,0.0,0.0,0,0.0,0.0,0,0,0,0.0859673023223877,0.0,0.0,0.0,True,feasible,baseline_truck_only,107038.55891637842,763.7003306768522,,,,0.0,True,feasible_only,0.0,107038.55891637842,True,107038.55891637842,,,
S0058_R10,5802036,nils,S0058,n100_p0.25_d3_uniform_Emedium_V1.25_Hlong_PWmoderate_B0.05,100,0.25,0.25,3,3,medium,1.25,uniform,long,moderate,0.05,20.0,5.0,1.0,peripheral,17387.429142392844,277.6895937863294,20.245990233102027,0.0,17089.49355837341,17089.49355837341,704.7737355336274,598.5299468916016,1.3691132428596404,1304.6727956680886,14095.474710672548,2992.6497344580084,1.3691132428596404,0.0,252.1326025436763,347.1119922329118,67.4866341103401,96,4,0.04,2,2,2.0,2.0,0.0,0.0,0.0,0.0,0,0.7014643666310907,0.7776962280831806,0,795,795,6.921448469161987,25.0,4.0,408.0,True,feasible,nils_complete,107038.55891637842,763.7003306768522,,83.75591999890767,,54.548665452943645,True,feasible_only,0.0,17387.429142392844,True,107038.55891637842,,83.75591999890767,
S0059_R01,5902027,truck_only,S0059,n100_p0.25_d3_uniform_Emedium_V2.00_Hshort_PWflat_B0.05,100,0.25,0.25,3,3,medium,2.0,uniform,short,flat,0.05,1.0,1.0,1.0,peripheral,12200.910306896769,628.5225711116907,0.0,0.0,11572.387735785078,11572.387735785078,4163.9516496313845,4023.7215650091885,3384.7145211445054,11572.387735785078,4163.9516496313845,4023.7215650091885,3384.7145211445054,0.0,628.0718332443421,785.6532138896133,0.0,100,0,0.0,0,0,0.0,0.0,0.0,0.0,0.0,0.0,0,0.0,0.0,0,0,0,0.12625455856323242,0.0,0.0,0.0,False,infeasible,baseline_truck_only,12200.910306896769,785.6532138896133,,,,0.0,False,feasible_only,0.0,,False,,,,
S0059_R01,5902027,nils,S0059,n100_p0.25_d3_uniform_Emedium_V2.00_Hshort_PWflat_B0.05,100,0.25,0.25,3,3,medium,2.0,uniform,short,flat,0.05,1.0,1.0,1.0,peripheral,12200.910306896769,628.5225711116907,0.0,0.0,11572.387735785078,11572.387735785078,4163.9516496313845,4023.7215650091885,3384.7145211445054,11572.387735785078,4163.9516496313845,4023.7215650091885,3384.7145211445054,0.0,628.0718332443421,785.6532138896133,0.0,100,0,0.0,0,0,0.0,0.0,0.0,0.0,0.0,0.0,0,0.0,0.0,0,0,0,22.508662700653076,25.0,0.0,600.0,False,infeasible,nils_complete,12200.910306896769,785.6532138896133,,0.0,,0.0,False,feasible_only,0.0,,False,,,,
S0059_R02,5902028,truck_only,S0059,n100_p0.25_d3_uniform_Emedium_V2.00_Hshort_PWflat_B0.05,100,0.25,0.25,3,3,medium,2.0,uniform,short,flat,0.05,1.0,1.0,1.0,peripheral,12207.422496041198,650.778790347486,0.0,0.0,11556.643705693712,11556.643705693712,3211.38904005079,5090.224374076594,3255.030291566326,11556.64370569371,3211.38904005079,5090.224374076594,3255.030291566326,0.0,528.2515878200816,813.4734879343572,0.0,100,0,0.0,0,0,0.0,0.0,0.0,0.0,0.0,0.0,0,0.0,0.0,0,0,0,0.09488558769226074,0.0,0.0,0.0,False,infeasible,baseline_truck_only,12207.422496041198,813.4734879343572,,,,0.0,False,feasible_only,0.0,,False,,,,
S0059_R02,5902028,nils,S0059,n100_p0.25_d3_uniform_Emedium_V2.00_Hshort_PWflat_B0.05,100,0.25,0.25,3,3,medium,2.0,uniform,short,flat,0.05,1.0,1.0,1.0,peripheral,12207.422496041198,650.778790347486,0.0,0.0,11556.643705693712,11556.643705693712,3211.38904005079,5090.224374076594,3255.030291566326,11556.64370569371,3211.38904005079,5090.224374076594,3255.030291566326,0.0,528.2515878200816,813.4734879343572,0.0,100,0,0.0,0,0,0.0,0.0,0.0,0.0,0.0,0.0,0,0.0,0.0,0,0,0,23.44038200378418,25.0,0.0,975.0,False,infeasible,nils_complete,12207.422496041198,813.4734879343572,,0.0,,0.0,False,feasible_only,0.0,,False,,,,
S0059_R03,5902029,truck_only,S0059,n100_p0.25_d3_uniform_Emedium_V2.00_Hshort_PWflat_B0.05,100,0.25,0.25,3,3,medium,2.0,uniform,short,flat,0.05,1.0,1.0,1.0,peripheral,13745.39726381691,657.6182729450693,0.0,0.0,13087.778990871842,13087.778990871842,5057.695122897908,4838.164758978742,3191.9191089952,13087.77899087185,5057.695122897908,4838.164758978742,3191.9191089952,0.0,568.2808117989667,822.0228411813366,0.0,100,0,0.0,0,0,0.0,0.0,0.0,0.0,0.0,0.0,0,0.0,0.0,0,0,0,0.11471319198608398,0.0,0.0,0.0,False,infeasible,baseline_truck_only,13745.39726381691,822.0228411813366,,,,0.0,False,feasible_only,0.0,,False,,,,
S0059_R03,5902029,nils,S0059,n100_p0.25_d3_uniform_Emedium_V2.00_Hshort_PWflat_B0.05,100,0.25,0.25,3,3,medium,2.0,uniform,short,flat,0.05,1.0,1.0,1.0,peripheral,13745.39726381691,657.6182729450693,0.0,0.0,13087.778990871842,13087.778990871842,5057.695122897908,4838.164758978742,3191.9191089952,13087.77899087185,5057.695122897908,4838.164758978742,3191.9191089952,0.0,568.2808117989667,822.0228411813366,0.0,100,0,0.0,0,0,0.0,0.0,0.0,0.0,0.0,0.0,0,0.0,0.0,0,0,0,21.03463053703308,25.0,0.0,300.0,False,infeasible,nils_complete,13745.39726381691,822.0228411813366,,0.0,,0.0,False,feasible_only,0.0,,False,,,,
S0059_R04,5902030,truck_only,S0059,n100_p0.25_d3_uniform_Emedium_V2.00_Hshort_PWflat_B0.05,100,0.25,0.25,3,3,medium,2.0,uniform,short,flat,0.05,1.0,1.0,1.0,peripheral,13154.095064929392,713.9130887661944,0.0,0.0,12440.181976163198,12440.181976163198,3535.5722582194244,5041.181386360435,3863.4283315833404,12440.1819761632,3535.5722582194244,5041.181386360435,3863.4283315833404,0.0,564.7595810932727,892.391360957743,0.0,100,0,0.0,0,0,0.0,0.0,0.0,0.0,0.0,0.0,0,0.0,0.0,0,0,0,0.12213635444641113,0.0,0.0,0.0,False,infeasible,baseline_truck_only,13154.095064929392,892.391360957743,,,,0.0,False,feasible_only,0.0,,False,,,,
S0059_R04,5902030,nils,S0059,n100_p0.25_d3_uniform_Emedium_V2.00_Hshort_PWflat_B0.05,100,0.25,0.25,3,3,medium,2.0,uniform,short,flat,0.05,1.0,1.0,1.0,peripheral,13154.095064929392,713.9130887661944,0.0,0.0,12440.181976163198,12440.181976163198,3535.5722582194244,5041.181386360435,3863.4283315833404,12440.1819761632,3535.5722582194244,5041.181386360435,3863.4283315833404,0.0,564.7595810932727,892.391360957743,0.0,100,0,0.0,0,0,0.0,0.0,0.0,0.0,0.0,0.0,0,0.0,0.0,0,0,0,4.44853138923645,25.0,0.0,0.0,False,infeasible,nils_complete,13154.095064929392,892.391360957743,,0.0,,0.0,False,feasible_only,0.0,,False,,,,
S0059_R05,5902031,truck_only,S0059,n100_p0.25_d3_uniform_Emedium_V2.00_Hshort_PWflat_B0.05,100,0.25,0.25,3,3,medium,2.0,uniform,short,flat,0.05,1.0,1.0,1.0,peripheral,12542.762222148805,675.2894783050494,0.0,0.0,11867.472743843757,11867.472743843757,3837.9414124836157,3629.19163417911,4400.339697181035,11867.472743843762,3837.9414124836157,3629.19163417911,4400.339697181035,0.0,586.0785255272602,844.1118478813119,0.0,100,0,0.0,0,0,0.0,0.0,0.0,0.0,0.0,0.0,0,0.0,0.0,0,0,0,0.11388421058654785,0.0,0.0,0.0,False,infeasible,baseline_truck_only,12542.762222148805,844.1118478813119,,,,0.0,False,feasible_only,0.0,,False,,,,
S0059_R05,5902031,nils,S0059,n100_p0.25_d3_uniform_Emedium_V2.00_Hshort_PWflat_B0.05,100,0.25,0.25,3,3,medium,2.0,uniform,short,flat,0.05,1.0,1.0,1.0,peripheral,12542.762222148805,675.2894783050494,0.0,0.0,11867.472743843757,11867.472743843757,3837.9414124836157,3629.19163417911,4400.339697181035,11867.472743843762,3837.9414124836157,3629.19163417911,4400.339697181035,0.0,586.0785255272602,844.1118478813119,0.0,100,0,0.0,0,0,0.0,0.0,0.0,0.0,0.0,0.0,0,0.0,0.0,0,0,0,24.325250387191772,25.0,0.0,975.0,False,infeasible,nils_complete,12542.762222148805,844.1118478813119,,0.0,,0.0,False,feasible_only,0.0,,False,,,,
S0059_R06,5902032,truck_only,S0059,n100_p0.25_d3_uniform_Emedium_V2.00_Hshort_PWflat_B0.05,100,0.25,0.25,3,3,medium,2.0,uniform,short,flat,0.05,1.0,1.0,1.0,peripheral,16767.68277879666,710.9679884771073,0.0,0.0,16056.714790319555,16056.714790319555,6393.372474063219,5140.220185199575,4523.122131056755,16056.714790319551,6393.372474063219,5140.220185199575,4523.122131056755,0.0,702.5496685739209,888.7099855963842,0.0,100,0,0.0,0,0,0.0,0.0,0.0,0.0,0.0,0.0,0,0.0,0.0,0,0,0,0.09357500076293945,0.0,0.0,0.0,False,infeasible,baseline_truck_only,16767.68277879666,888.7099855963842,,,,0.0,False,feasible_only,0.0,,False,,,,
S0059_R06,5902032,nils,S0059,n100_p0.25_d3_uniform_Emedium_V2.00_Hshort_PWflat_B0.05,100,0.25,0.25,3,3,medium,2.0,uniform,short,flat,0.05,1.0,1.0,1.0,peripheral,16767.68277879666,710.9679884771073,0.0,0.0,16056.714790319555,16056.714790319555,6393.372474063219,5140.220185199575,4523.122131056755,16056.714790319551,6393.372474063219,5140.220185199575,4523.122131056755,0.0,702.5496685739209,888.7099855963842,0.0,100,0,0.0,0,0,0.0,0.0,0.0,0.0,0.0,0.0,0,0.0,0.0,0,0,0,22.59495759010315,25.0,0.0,375.0,False,infeasible,nils_complete,16767.68277879666,888.7099855963842,,0.0,,0.0,False,feasible_only,0.0,,False,,,,
S0059_R07,5902033,truck_only,S0059,n100_p0.25_d3_uniform_Emedium_V2.00_Hshort_PWflat_B0.05,100,0.25,0.25,3,3,medium,2.0,uniform,short,flat,0.05,1.0,1.0,1.0,peripheral,12894.154626858674,661.1163264663203,0.0,0.0,12233.038300392353,12233.038300392353,3514.4817052335816,4690.423688162756,4028.132906996015,12233.038300392353,3514.4817052335816,4690.423688162756,4028.132906996015,0.0,700.2770340491119,826.3954080829003,0.0,100,0,0.0,0,0,0.0,0.0,0.0,0.0,0.0,0.0,0,0.0,0.0,0,0,0,0.09718012809753418,0.0,0.0,0.0,False,infeasible,baseline_truck_only,12894.154626858674,826.3954080829003,,,,0.0,False,feasible_only,0.0,,False,,,,
S0059_R07,5902033,nils,S0059,n100_p0.25_d3_uniform_Emedium_V2.00_Hshort_PWflat_B0.05,100,0.25,0.25,3,3,medium,2.0,uniform,short,flat,0.05,1.0,1.0,1.0,peripheral,12894.154626858674,661.1163264663203,0.0,0.0,12233.038300392353,12233.038300392353,3514.4817052335816,4690.423688162756,4028.132906996015,12233.038300392353,3514.4817052335816,4690.423688162756,4028.132906996015,0.0,700.2770340491119,826.3954080829003,0.0,100,0,0.0,0,0,0.0,0.0,0.0,0.0,0.0,0.0,0,0.0,0.0,0,0,0,26.267401456832886,25.0,0.0,1200.0,False,infeasible,nils_complete,12894.154626858674,826.3954080829003,,0.0,,0.0,False,feasible_only,0.0,,False,,,,
S0059_R08,5902034,truck_only,S0059,n100_p0.25_d3_uniform_Emedium_V2.00_Hshort_PWflat_B0.05,100,0.25,0.25,3,3,medium,2.0,uniform,short,flat,0.05,1.0,1.0,1.0,peripheral,16226.667487752205,727.3853016290113,0.0,0.0,15499.282186123193,15499.282186123193,3289.049525022494,6437.302811241902,5772.929849858796,15499.282186123193,3289.049525022494,6437.302811241902,5772.929849858796,0.0,762.9502551226135,909.2316270362643,0.0,100,0,0.0,0,0,0.0,0.0,0.0,0.0,0.0,0.0,0,0.0,0.0,0,0,0,0.09505128860473633,0.0,0.0,0.0,False,infeasible,baseline_truck_only,16226.667487752205,909.2316270362643,,,,0.0,False,feasible_only,0.0,,False,,,,
S0059_R08,5902034,nils,S0059,n100_p0.25_d3_uniform_Emedium_V2.00_Hshort_PWflat_B0.05,100,0.25,0.25,3,3,medium,2.0,uniform,short,flat,0.05,1.0,1.0,1.0,peripheral,16226.667487752205,727.3853016290113,0.0,0.0,15499.282186123193,15499.282186123193,3289.049525022494,6437.302811241902,5772.929849858796,15499.282186123193,3289.049525022494,6437.302811241902,5772.929849858796,0.0,762.9502551226135,909.2316270362643,0.0,100,0,0.0,0,0,0.0,0.0,0.0,0.0,0.0,0.0,0,0.0,0.0,0,0,0,23.339860916137695,25.0,0.0,975.0,False,infeasible,nils_complete,16226.667487752205,909.2316270362643,,0.0,,0.0,False,feasible_only,0.0,,False,,,,
S0059_R09,5902035,truck_only,S0059,n100_p0.25_d3_uniform_Emedium_V2.00_Hshort_PWflat_B0.05,100,0.25,0.25,3,3,medium,2.0,uniform,short,flat,0.05,1.0,1.0,1.0,peripheral,11263.421617375376,619.1284215193465,0.0,0.0,10644.29319585603,10644.29319585603,4270.180568177712,3569.0842689374176,2805.0283587408994,10644.29319585603,4270.180568177712,3569.0842689374176,2805.0283587408994,0.0,517.3139315555428,773.9105268991829,0.0,100,0,0.0,0,0,0.0,0.0,0.0,0.0,0.0,0.0,0,0.0,0.0,0,0,0,0.08530139923095703,0.0,0.0,0.0,False,infeasible,baseline_truck_only,11263.421617375376,773.9105268991829,,,,0.0,False,feasible_only,0.0,,False,,,,
S0059_R09,5902035,nils,S0059,n100_p0.25_d3_uniform_Emedium_V2.00_Hshort_PWflat_B0.05,100,0.25,0.25,3,3,medium,2.0,uniform,short,flat,0.05,1.0,1.0,1.0,peripheral,11263.421617375376,619.1284215193465,0.0,0.0,10644.29319585603,10644.29319585603,4270.180568177712,3569.0842689374176,2805.0283587408994,10644.29319585603,4270.180568177712,3569.0842689374176,2805.0283587408994,0.0,517.3139315555428,773.9105268991829,0.0,100,0,0.0,0,0,0.0,0.0,0.0,0.0,0.0,0.0,0,0.0,0.0,0,0,0,23.406087160110474,25.0,0.0,450.0,False,infeasible,nils_complete,11263.421617375376,773.9105268991829,,0.0,,0.0,False,feasible_only,0.0,,False,,,,
S0059_R10,5902036,truck_only,S0059,n100_p0.25_d3_uniform_Emedium_V2.00_Hshort_PWflat_B0.05,100,0.25,0.25,3,3,medium,2.0,uniform,short,flat,0.05,1.0,1.0,1.0,peripheral,10598.24034526768,632.4500085726859,0.0,0.0,9965.790336694996,9965.790336694996,3478.07240375362,4132.253511917496,2355.46442102388,9965.790336694996,3478.07240375362,4132.253511917496,2355.46442102388,0.0,556.1728424720554,790.5625107158572,0.0,100,0,0.0,0,0,0.0,0.0,0.0,0.0,0.0,0.0,0,0.0,0.0,0,0,0,0.12360072135925293,0.0,0.0,0.0,False,infeasible,baseline_truck_only,10598.24034526768,790.5625107158572,,,,0.0,False,feasible_only,0.0,,False,,,,
S0059_R10,5902036,nils,S0059,n100_p0.25_d3_uniform_Emedium_V2.00_Hshort_PWflat_B0.05,100,0.25,0.25,3,3,medium,2.0,uniform,short,flat,0.05,1.0,1.0,1.0,peripheral,10598.24034526768,632.4500085726859,0.0,0.0,9965.790336694996,9965.790336694996,3478.07240375362,4132.253511917496,2355.46442102388,9965.790336694996,3478.07240375362,4132.253511917496,2355.46442102388,0.0,556.1728424720554,790.5625107158572,0.0,100,0,0.0,0,0,0.0,0.0,0.0,0.0,0.0,0.0,0,0.0,0.0,0,0,0,23.074504375457764,25.0,0.0,600.0,False,infeasible,nils_complete,10598.24034526768,790.5625107158572,,0.0,,0.0,False,feasible_only,0.0,,False,,,,
S0060_R01,6002027,truck_only,S0060,n100_p0.25_d3_uniform_Ehigh_V1.25_Hshort_PWflat_B0.05,100,0.25,0.25,3,3,high,1.25,uniform,short,flat,0.05,1.0,1.0,1.0,peripheral,12031.26737650457,634.4235936970659,0.0,0.0,11396.843782807504,11396.843782807504,3017.161402864748,4665.452770943405,3714.22960899935,11396.843782807504,3017.161402864748,4665.452770943405,3714.22960899935,0.0,575.6943388415353,793.0294921213324,0.0,100,0,0.0,0,0,0.0,0.0,0.0,0.0,0.0,0.0,0,0.0,0.0,0,0,0,0.13306403160095215,0.0,0.0,0.0,False,infeasible,baseline_truck_only,12031.26737650457,793.0294921213324,,,,0.0,False,feasible_only,0.0,,False,,,,
S0060_R01,6002027,nils,S0060,n100_p0.25_d3_uniform_Ehigh_V1.25_Hshort_PWflat_B0.05,100,0.25,0.25,3,3,high,1.25,uniform,short,flat,0.05,1.0,1.0,1.0,peripheral,12031.26737650457,634.4235936970659,0.0,0.0,11396.843782807504,11396.843782807504,3017.161402864748,4665.452770943405,3714.22960899935,11396.843782807504,3017.161402864748,4665.452770943405,3714.22960899935,0.0,575.6943388415353,793.0294921213324,0.0,100,0,0.0,0,0,0.0,0.0,0.0,0.0,0.0,0.0,0,0.0,0.0,0,0,0,25.57248044013977,25.0,0.0,1125.0,False,infeasible,nils_complete,12031.26737650457,793.0294921213324,,0.0,,0.0,False,feasible_only,0.0,,False,,,,
S0060_R02,6002028,truck_only,S0060,n100_p0.25_d3_uniform_Ehigh_V1.25_Hshort_PWflat_B0.05,100,0.25,0.25,3,3,high,1.25,uniform,short,flat,0.05,1.0,1.0,1.0,peripheral,16562.086374247254,671.9558822504222,0.0,0.0,15890.130491996833,15890.130491996833,6662.073821663995,5406.082946233493,3821.9737240993463,15890.130491996835,6662.073821663995,5406.082946233493,3821.9737240993463,0.0,678.3986228896504,839.944852813028,0.0,100,0,0.0,0,0,0.0,0.0,0.0,0.0,0.0,0.0,0,0.0,0.0,0,0,0,0.09438538551330566,0.0,0.0,0.0,False,infeasible,baseline_truck_only,16562.086374247254,839.944852813028,,,,0.0,False,feasible_only,0.0,,False,,,,
S0060_R02,6002028,nils,S0060,n100_p0.25_d3_uniform_Ehigh_V1.25_Hshort_PWflat_B0.05,100,0.25,0.25,3,3,high,1.25,uniform,short,flat,0.05,1.0,1.0,1.0,peripheral,16562.086374247254,671.9558822504222,0.0,0.0,15890.130491996833,15890.130491996833,6662.073821663995,5406.082946233493,3821.9737240993463,15890.130491996835,6662.073821663995,5406.082946233493,3821.9737240993463,0.0,678.3986228896504,839.944852813028,0.0,100,0,0.0,0,0,0.0,0.0,0.0,0.0,0.0,0.0,0,0.0,0.0,0,0,0,22.296117067337036,25.0,0.0,600.0,False,infeasible,nils_complete,16562.086374247254,839.944852813028,,0.0,,0.0,False,feasible_only,0.0,,False,,,,
S0060_R03,6002029,truck_only,S0060,n100_p0.25_d3_uniform_Ehigh_V1.25_Hshort_PWflat_B0.05,100,0.25,0.25,3,3,high,1.25,uniform,short,flat,0.05,1.0,1.0,1.0,peripheral,11155.224216922892,632.9405864708356,0.0,0.0,10522.283630452057,10522.283630452057,3351.8741831964926,4554.0982444294705,2616.3112028260934,10522.283630452057,3351.8741831964926,4554.0982444294705,2616.3112028260934,0.0,588.7462644431307,791.175733088545,0.0,100,0,0.0,0,0,0.0,0.0,0.0,0.0,0.0,0.0,0,0.0,0.0,0,0,0,0.09363865852355957,0.0,0.0,0.0,False,infeasible,baseline_truck_only,11155.224216922892,791.175733088545,,,,0.0,False,feasible_only,0.0,,False,,,,
S0060_R03,6002029,nils,S0060,n100_p0.25_d3_uniform_Ehigh_V1.25_Hshort_PWflat_B0.05,100,0.25,0.25,3,3,high,1.25,uniform,short,flat,0.05,1.0,1.0,1.0,peripheral,11155.224216922892,632.9405864708356,0.0,0.0,10522.283630452057,10522.283630452057,3351.8741831964926,4554.0982444294705,2616.3112028260934,10522.283630452057,3351.8741831964926,4554.0982444294705,2616.3112028260934,0.0,588.7462644431307,791.175733088545,0.0,100,0,0.0,0,0,0.0,0.0,0.0,0.0,0.0,0.0,0,0.0,0.0,0,0,0,28.074287176132202,25.0,0.0,1050.0,False,infeasible,nils_complete,11155.224216922892,791.175733088545,,0.0,,0.0,False,feasible_only,0.0,,False,,,,
S0060_R04,6002030,truck_only,S0060,n100_p0.25_d3_uniform_Ehigh_V1.25_Hshort_PWflat_B0.05,100,0.25,0.25,3,3,high,1.25,uniform,short,flat,0.05,1.0,1.0,1.0,peripheral,10297.838027711558,563.8919489141857,0.0,0.0,9733.946078797371,9733.946078797371,3924.737123378446,3635.02456615761,2174.184389261317,9733.946078797373,3924.737123378446,3635.02456615761,2174.184389261317,0.0,501.3199086311418,704.8649361427322,0.0,100,0,0.0,0,0,0.0,0.0,0.0,0.0,0.0,0.0,0,0.0,0.0,0,0,0,0.1179511547088623,0.0,0.0,0.0,False,infeasible,baseline_truck_only,10297.838027711558,704.8649361427322,,,,0.0,False,feasible_only,0.0,,False,,,,
S0060_R04,6002030,nils,S0060,n100_p0.25_d3_uniform_Ehigh_V1.25_Hshort_PWflat_B0.05,100,0.25,0.25,3,3,high,1.25,uniform,short,flat,0.05,1.0,1.0,1.0,peripheral,1266.656679288447,261.29415142568627,49.09812166082783,0.0,956.264406201933,956.264406201933,907.4511641220674,48.81324207986563,0.0,956.2644062019331,907.4511641220674,48.81324207986563,0.0,0.0,228.905136474125,326.6176892821078,163.66040553609278,86,14,0.14,3,3,4.666666666666667,4.666666666666667,0.0,0.0,0.0,0.0,0,0.9261867724462718,0.9427457547776188,3,622,622,7.9235169887542725,25.0,14.0,518.0,True,feasible,nils_complete,10297.838027711558,704.8649361427322,,87.69978051820328,,53.66237238732938,True,feasible_only,0.0,1266.656679288447,True,,,,
S0060_R05,6002031,truck_only,S0060,n100_p0.25_d3_uniform_Ehigh_V1.25_Hshort_PWflat_B0.05,100,0.25,0.25,3,3,high,1.25,uniform,short,flat,0.05,1.0,1.0,1.0,peripheral,12165.775917537758,641.9071564700029,0.0,0.0,11523.868761067755,11523.868761067755,2368.4474345540943,3835.033541595854,5320.387784917806,11523.868761067755,2368.4474345540943,3835.033541595854,5320.387784917806,0.0,570.3744386591383,802.3839455875035,0.0,100,0,0.0,0,0,0.0,0.0,0.0,0.0,0.0,0.0,0,0.0,0.0,0,0,0,0.10470700263977051,0.0,0.0,0.0,False,infeasible,baseline_truck_only,12165.775917537758,802.3839455875035,,,,0.0,False,feasible_only,0.0,,False,,,,
S0060_R05,6002031,nils,S0060,n100_p0.25_d3_uniform_Ehigh_V1.25_Hshort_PWflat_B0.05,100,0.25,0.25,3,3,high,1.25,uniform,short,flat,0.05,1.0,1.0,1.0,peripheral,12165.775917537758,641.9071564700029,0.0,0.0,11523.868761067755,11523.868761067755,2368.4474345540943,3835.033541595854,5320.387784917806,11523.868761067755,2368.4474345540943,3835.033541595854,5320.387784917806,0.0,570.3744386591383,802.3839455875035,0.0,100,0,0.0,0,0,0.0,0.0,0.0,0.0,0.0,0.0,0,0.0,0.0,0,0,0,22.51832938194275,25.0,0.0,375.0,False,infeasible,nils_complete,12165.775917537758,802.3839455875035,,0.0,,0.0,False,feasible_only,0.0,,False,,,,
S0060_R06,6002032,truck_only,S0060,n100_p0.25_d3_uniform_Ehigh_V1.25_Hshort_PWflat_B0.05,100,0.25,0.25,3,3,high,1.25,uniform,short,flat,0.05,1.0,1.0,1.0,peripheral,12116.835353580385,700.6814117125643,0.0,0.0,11416.15394186782,11416.15394186782,2518.106665936099,6549.19096278715,2348.856313144573,11416.153941867822,2518.106665936099,6549.19096278715,2348.856313144573,0.0,603.140022613329,875.851764640706,0.0,100,0,0.0,0,0,0.0,0.0,0.0,0.0,0.0,0.0,0,0.0,0.0,0,0,0,0.09764337539672852,0.0,0.0,0.0,False,infeasible,baseline_truck_only,12116.835353580385,875.851764640706,,,,0.0,False,feasible_only,0.0,,False,,,,
S0060_R06,6002032,nils,S0060,n100_p0.25_d3_uniform_Ehigh_V1.25_Hshort_PWflat_B0.05,100,0.25,0.25,3,3,high,1.25,uniform,short,flat,0.05,1.0,1.0,1.0,peripheral,12116.835353580385,700.6814117125643,0.0,0.0,11416.15394186782,11416.15394186782,2518.106665936099,6549.19096278715,2348.856313144573,11416.153941867822,2518.106665936099,6549.19096278715,2348.856313144573,0.0,603.140022613329,875.851764640706,0.0,100,0,0.0,0,0,0.0,0.0,0.0,0.0,0.0,0.0,0,0.0,0.0,0,0,0,22.318453311920166,25.0,0.0,375.0,False,infeasible,nils_complete,12116.835353580385,875.851764640706,,0.0,,0.0,False,feasible_only,0.0,,False,,,,
S0060_R07,6002033,truck_only,S0060,n100_p0.25_d3_uniform_Ehigh_V1.25_Hshort_PWflat_B0.05,100,0.25,0.25,3,3,high,1.25,uniform,short,flat,0.05,1.0,1.0,1.0,peripheral,13374.781296925188,642.7730128163229,0.0,0.0,12732.008284108866,12732.008284108866,3266.0717991976585,5441.22673707454,4024.709747836668,12732.008284108868,3266.0717991976585,5441.22673707454,4024.709747836668,0.0,597.8487377508026,803.4662660204033,0.0,100,0,0.0,0,0,0.0,0.0,0.0,0.0,0.0,0.0,0,0.0,0.0,0,0,0,0.1020045280456543,0.0,0.0,0.0,False,infeasible,baseline_truck_only,13374.781296925188,803.4662660204033,,,,0.0,False,feasible_only,0.0,,False,,,,
S0060_R07,6002033,nils,S0060,n100_p0.25_d3_uniform_Ehigh_V1.25_Hshort_PWflat_B0.05,100,0.25,0.25,3,3,high,1.25,uniform,short,flat,0.05,1.0,1.0,1.0,peripheral,13374.781296925188,642.7730128163229,0.0,0.0,12732.008284108866,12732.008284108866,3266.0717991976585,5441.22673707454,4024.709747836668,12732.008284108868,3266.0717991976585,5441.22673707454,4024.709747836668,0.0,597.8487377508026,803.4662660204033,0.0,100,0,0.0,0,0,0.0,0.0,0.0,0.0,0.0,0.0,0,0.0,0.0,0,0,0,21.497591733932495,25.0,0.0,450.0,False,infeasible,nils_complete,13374.781296925188,803.4662660204033,,0.0,,0.0,False,feasible_only,0.0,,False,,,,
S0060_R08,6002034,truck_only,S0060,n100_p0.25_d3_uniform_Ehigh_V1.25_Hshort_PWflat_B0.05,100,0.25,0.25,3,3,high,1.25,uniform,short,flat,0.05,1.0,1.0,1.0,peripheral,11588.965013998524,692.7074249151865,0.0,0.0,10896.257589083338,10896.257589083338,3810.885389647324,2955.8360241074124,4129.536175328601,10896.257589083336,3810.885389647324,2955.8360241074124,4129.536175328601,0.0,595.6721993472355,865.8842811439829,0.0,100,0,0.0,0,0,0.0,0.0,0.0,0.0,0.0,0.0,0,0.0,0.0,0,0,0,0.08849906921386719,0.0,0.0,0.0,False,infeasible,baseline_truck_only,11588.965013998524,865.8842811439829,,,,0.0,False,feasible_only,0.0,,False,,,,
S0060_R08,6002034,nils,S0060,n100_p0.25_d3_uniform_Ehigh_V1.25_Hshort_PWflat_B0.05,100,0.25,0.25,3,3,high,1.25,uniform,short,flat,0.05,1.0,1.0,1.0,peripheral,11588.965013998524,692.7074249151865,0.0,0.0,10896.257589083338,10896.257589083338,3810.885389647324,2955.8360241074124,4129.536175328601,10896.257589083336,3810.885389647324,2955.8360241074124,4129.536175328601,0.0,595.6721993472355,865.8842811439829,0.0,100,0,0.0,0,0,0.0,0.0,0.0,0.0,0.0,0.0,0,0.0,0.0,0,0,0,21.427383422851562,25.0,0.0,375.0,False,infeasible,nils_complete,11588.965013998524,865.8842811439829,,0.0,,0.0,False,feasible_only,0.0,,False,,,,
S0060_R09,6002035,truck_only,S0060,n100_p0.25_d3_uniform_Ehigh_V1.25_Hshort_PWflat_B0.05,100,0.25,0.25,3,3,high,1.25,uniform,short,flat,0.05,1.0,1.0,1.0,peripheral,11979.468633676875,645.3383914332575,0.0,0.0,11334.130242243618,11334.130242243618,2930.015267261678,5459.002215366513,2945.1127596154265,11334.130242243617,2930.015267261678,5459.002215366513,2945.1127596154265,0.0,562.027585061667,806.6729892915719,0.0,100,0,0.0,0,0,0.0,0.0,0.0,0.0,0.0,0.0,0,0.0,0.0,0,0,0,0.09404730796813965,0.0,0.0,0.0,False,infeasible,baseline_truck_only,11979.468633676875,806.6729892915719,,,,0.0,False,feasible_only,0.0,,False,,,,
S0060_R09,6002035,nils,S0060,n100_p0.25_d3_uniform_Ehigh_V1.25_Hshort_PWflat_B0.05,100,0.25,0.25,3,3,high,1.25,uniform,short,flat,0.05,1.0,1.0,1.0,peripheral,11979.468633676875,645.3383914332575,0.0,0.0,11334.130242243618,11334.130242243618,2930.015267261678,5459.002215366513,2945.1127596154265,11334.130242243617,2930.015267261678,5459.002215366513,2945.1127596154265,0.0,562.027585061667,806.6729892915719,0.0,100,0,0.0,0,0,0.0,0.0,0.0,0.0,0.0,0.0,0,0.0,0.0,0,75,75,16.374819040298462,25.0,0.0,225.0,False,infeasible,nils_complete,11979.468633676875,806.6729892915719,,0.0,,0.0,False,feasible_only,0.0,,False,,,,
S0060_R10,6002036,truck_only,S0060,n100_p0.25_d3_uniform_Ehigh_V1.25_Hshort_PWflat_B0.05,100,0.25,0.25,3,3,high,1.25,uniform,short,flat,0.05,1.0,1.0,1.0,peripheral,15027.96490863274,717.0937392930572,0.0,0.0,14310.871169339684,14310.871169339684,6078.05130316813,4456.150005892864,3776.6698602786932,14310.871169339687,6078.05130316813,4456.150005892864,3776.6698602786932,0.0,624.5424366532189,896.3671741163213,0.0,100,0,0.0,0,0,0.0,0.0,0.0,0.0,0.0,0.0,0,0.0,0.0,0,0,0,0.0870354175567627,0.0,0.0,0.0,False,infeasible,baseline_truck_only,15027.96490863274,896.3671741163213,,,,0.0,False,feasible_only,0.0,,False,,,,
S0060_R10,6002036,nils,S0060,n100_p0.25_d3_uniform_Ehigh_V1.25_Hshort_PWflat_B0.05,100,0.25,0.25,3,3,high,1.25,uniform,short,flat,0.05,1.0,1.0,1.0,peripheral,15027.96490863274,717.0937392930572,0.0,0.0,14310.871169339684,14310.871169339684,6078.05130316813,4456.150005892864,3776.6698602786932,14310.871169339687,6078.05130316813,4456.150005892864,3776.6698602786932,0.0,624.5424366532189,896.3671741163213,0.0,100,0,0.0,0,0,0.0,0.0,0.0,0.0,0.0,0.0,0,0.0,0.0,0,0,0,22.891972303390503,25.0,0.0,825.0,False,infeasible,nils_complete,15027.96490863274,896.3671741163213,,0.0,,0.0,False,feasible_only,0.0,,False,,,,
S0061_R01,6102027,truck_only,S0061,n100_p0.25_d3_uniform_Ehigh_V1.25_Hmedium_PWstrict_B0.05,100,0.25,0.25,3,3,high,1.25,uniform,medium,strict,0.05,200.0,40.0,1.0,peripheral,995362.6762585487,715.4598111947439,0.0,0.0,994647.216447354,994647.216447354,3892.469785745278,5245.0201700145635,6352.452497715892,15489.942453475735,778493.9571490556,209800.80680058253,6352.452497715892,0.0,805.4806440712883,894.3247639934302,0.0,100,0,0.0,0,0,0.0,0.0,0.0,0.0,0.0,0.0,0,0.0,0.0,0,0,0,0.10301709175109863,0.0,0.0,0.0,False,infeasible,baseline_truck_only,995362.6762585487,894.3247639934302,,,,0.0,False,feasible_only,0.0,,False,,,,
S0061_R01,6102027,nils,S0061,n100_p0.25_d3_uniform_Ehigh_V1.25_Hmedium_PWstrict_B0.05,100,0.25,0.25,3,3,high,1.25,uniform,medium,strict,0.05,200.0,40.0,1.0,peripheral,995362.6762585487,715.4598111947439,0.0,0.0,994647.216447354,994647.216447354,3892.469785745278,5245.0201700145635,6352.452497715892,15489.942453475735,778493.9571490556,209800.80680058253,6352.452497715892,0.0,805.4806440712883,894.3247639934302,0.0,100,0,0.0,0,0,0.0,0.0,0.0,0.0,0.0,0.0,0,0.0,0.0,0,0,0,25.165547847747803,25.0,0.0,1050.0,False,infeasible,nils_complete,995362.6762585487,894.3247639934302,,0.0,,0.0,False,feasible_only,0.0,,False,,,,
S0061_R02,6102028,truck_only,S0061,n100_p0.25_d3_uniform_Ehigh_V1.25_Hmedium_PWstrict_B0.05,100,0.25,0.25,3,3,high,1.25,uniform,medium,strict,0.05,200.0,40.0,1.0,peripheral,930720.5373715155,677.8002005330752,0.0,0.0,930042.7371709824,930042.7371709824,3336.3255495038343,6490.377575607763,3162.5242459050082,12989.227371016605,667265.1099007669,259615.10302431052,3162.5242459050082,0.0,625.6070188794041,847.2502506663436,0.0,100,0,0.0,0,0,0.0,0.0,0.0,0.0,0.0,0.0,0,0.0,0.0,0,0,0,0.09467911720275879,0.0,0.0,0.0,False,infeasible,baseline_truck_only,930720.5373715155,847.2502506663436,,,,0.0,False,feasible_only,0.0,,False,,,,
S0061_R02,6102028,nils,S0061,n100_p0.25_d3_uniform_Ehigh_V1.25_Hmedium_PWstrict_B0.05,100,0.25,0.25,3,3,high,1.25,uniform,medium,strict,0.05,200.0,40.0,1.0,peripheral,930720.5373715155,677.8002005330752,0.0,0.0,930042.7371709824,930042.7371709824,3336.3255495038343,6490.377575607763,3162.5242459050082,12989.227371016605,667265.1099007669,259615.10302431052,3162.5242459050082,0.0,625.6070188794041,847.2502506663436,0.0,100,0,0.0,0,0,0.0,0.0,0.0,0.0,0.0,0.0,0,0.0,0.0,0,0,0,25.921265602111816,25.0,0.0,675.0,False,infeasible,nils_complete,930720.5373715155,847.2502506663436,,0.0,,0.0,False,feasible_only,0.0,,False,,,,
S0061_R03,6102029,truck_only,S0061,n100_p0.25_d3_uniform_Ehigh_V1.25_Hmedium_PWstrict_B0.05,100,0.25,0.25,3,3,high,1.25,uniform,medium,strict,0.05,200.0,40.0,1.0,peripheral,1020331.9717987117,663.4279436325774,0.0,0.0,1019668.5438550791,1019668.5438550791,3706.4847443547706,6883.515665043792,3030.968382373309,13620.968791771871,741296.9488709541,275340.62660175166,3030.968382373309,0.0,659.4313261042031,829.2849295407216,0.0,100,0,0.0,0,0,0.0,0.0,0.0,0.0,0.0,0.0,0,0.0,0.0,0,0,0,0.12057352066040039,0.0,0.0,0.0,False,infeasible,baseline_truck_only,1020331.9717987117,829.2849295407216,,,,0.0,False,feasible_only,0.0,,False,,,,
S0061_R03,6102029,nils,S0061,n100_p0.25_d3_uniform_Ehigh_V1.25_Hmedium_PWstrict_B0.05,100,0.25,0.25,3,3,high,1.25,uniform,medium,strict,0.05,200.0,40.0,1.0,peripheral,1020331.9717987117,663.4279436325774,0.0,0.0,1019668.5438550791,1019668.5438550791,3706.4847443547706,6883.515665043792,3030.968382373309,13620.968791771871,741296.9488709541,275340.62660175166,3030.968382373309,0.0,659.4313261042031,829.2849295407216,0.0,100,0,0.0,0,0,0.0,0.0,0.0,0.0,0.0,0.0,0,0.0,0.0,0,0,0,24.715652227401733,25.0,0.0,1125.0,False,infeasible,nils_complete,1020331.9717987117,829.2849295407216,,0.0,,0.0,False,feasible_only,0.0,,False,,,,
S0061_R04,6102030,truck_only,S0061,n100_p0.25_d3_uniform_Ehigh_V1.25_Hmedium_PWstrict_B0.05,100,0.25,0.25,3,3,high,1.25,uniform,medium,strict,0.05,200.0,40.0,1.0,peripheral,1062642.7895891874,646.1075998800472,0.0,0.0,1061996.6819893073,1061996.6819893073,4480.341527142641,4079.122248399637,2763.4866247932164,11322.950400335494,896068.3054285282,163164.8899359855,2763.4866247932164,0.0,540.7139077639298,807.6344998500595,0.0,100,0,0.0,0,0,0.0,0.0,0.0,0.0,0.0,0.0,0,0.0,0.0,0,0,0,0.09694695472717285,0.0,0.0,0.0,False,infeasible,baseline_truck_only,1062642.7895891874,807.6344998500595,,,,0.0,False,feasible_only,0.0,,False,,,,
S0061_R04,6102030,nils,S0061,n100_p0.25_d3_uniform_Ehigh_V1.25_Hmedium_PWstrict_B0.05,100,0.25,0.25,3,3,high,1.25,uniform,medium,strict,0.05,200.0,40.0,1.0,peripheral,1062642.7895891874,646.1075998800472,0.0,0.0,1061996.6819893073,1061996.6819893073,4480.341527142641,4079.122248399637,2763.4866247932164,11322.950400335494,896068.3054285282,163164.8899359855,2763.4866247932164,0.0,540.7139077639298,807.6344998500595,0.0,100,0,0.0,0,0,0.0,0.0,0.0,0.0,0.0,0.0,0,0.0,0.0,0,0,0,25.795095682144165,25.0,0.0,1350.0,False,infeasible,nils_complete,1062642.7895891874,807.6344998500595,,0.0,,0.0,False,feasible_only,0.0,,False,,,,
S0061_R05,6102031,truck_only,S0061,n100_p0.25_d3_uniform_Ehigh_V1.25_Hmedium_PWstrict_B0.05,100,0.25,0.25,3,3,high,1.25,uniform,medium,strict,0.05,200.0,40.0,1.0,peripheral,903514.9955084829,609.7081032500583,0.0,0.0,902905.2874052329,902905.2874052329,3853.3792795947775,3249.056540702837,2267.1698581641435,9369.605678461758,770675.8559189555,129962.26162811348,2267.1698581641435,0.0,590.1022810191117,762.1351290625729,0.0,100,0,0.0,0,0,0.0,0.0,0.0,0.0,0.0,0.0,0,0.0,0.0,0,0,0,0.09108495712280273,0.0,0.0,0.0,False,infeasible,baseline_truck_only,903514.9955084829,762.1351290625729,,,,0.0,False,feasible_only,0.0,,False,,,,
S0061_R05,6102031,nils,S0061,n100_p0.25_d3_uniform_Ehigh_V1.25_Hmedium_PWstrict_B0.05,100,0.25,0.25,3,3,high,1.25,uniform,medium,strict,0.05,200.0,40.0,1.0,peripheral,903514.9955084829,609.7081032500583,0.0,0.0,902905.2874052329,902905.2874052329,3853.3792795947775,3249.056540702837,2267.1698581641435,9369.605678461758,770675.8559189555,129962.26162811348,2267.1698581641435,0.0,590.1022810191117,762.1351290625729,0.0,100,0,0.0,0,0,0.0,0.0,0.0,0.0,0.0,0.0,0,0.0,0.0,0,0,0,25.186589241027832,25.0,0.0,1125.0,False,infeasible,nils_complete,903514.9955084829,762.1351290625729,,0.0,,0.0,False,feasible_only,0.0,,False,,,,
S0061_R06,6102032,truck_only,S0061,n100_p0.25_d3_uniform_Ehigh_V1.25_Hmedium_PWstrict_B0.05,100,0.25,0.25,3,3,high,1.25,uniform,medium,strict,0.05,200.0,40.0,1.0,peripheral,915774.6034728759,678.4216381504345,0.0,0.0,915096.1818347254,915096.1818347254,3931.620844417508,3102.944829530623,4654.219769998694,11688.785443946825,786324.1688835017,124117.79318122492,4654.219769998694,0.0,600.3549579809817,848.0270476880435,0.0,100,0,0.0,0,0,0.0,0.0,0.0,0.0,0.0,0.0,0,0.0,0.0,0,0,0,0.08601641654968262,0.0,0.0,0.0,False,infeasible,baseline_truck_only,915774.6034728759,848.0270476880435,,,,0.0,False,feasible_only,0.0,,False,,,,
S0061_R06,6102032,nils,S0061,n100_p0.25_d3_uniform_Ehigh_V1.25_Hmedium_PWstrict_B0.05,100,0.25,0.25,3,3,high,1.25,uniform,medium,strict,0.05,200.0,40.0,1.0,peripheral,915774.6034728759,678.4216381504345,0.0,0.0,915096.1818347254,915096.1818347254,3931.620844417508,3102.944829530623,4654.219769998694,11688.785443946825,786324.1688835017,124117.79318122492,4654.219769998694,0.0,600.3549579809817,848.0270476880435,0.0,100,0,0.0,0,0,0.0,0.0,0.0,0.0,0.0,0.0,0,0.0,0.0,0,0,0,24.280327320098877,25.0,0.0,1050.0,False,infeasible,nils_complete,915774.6034728759,848.0270476880435,,0.0,,0.0,False,feasible_only,0.0,,False,,,,
S0061_R07,6102033,truck_only,S0061,n100_p0.25_d3_uniform_Ehigh_V1.25_Hmedium_PWstrict_B0.05,100,0.25,0.25,3,3,high,1.25,uniform,medium,strict,0.05,200.0,40.0,1.0,peripheral,818963.8171984048,581.2214564797692,0.0,0.0,818382.5957419251,818382.5957419251,3312.6357650985174,3851.3887177084857,1799.894013882201,8963.918496689204,662527.1530197035,154055.54870833943,1799.894013882201,0.0,575.0349419662779,726.5268205997115,0.0,100,0,0.0,0,0,0.0,0.0,0.0,0.0,0.0,0.0,0,0.0,0.0,0,0,0,0.09856081008911133,0.0,0.0,0.0,False,infeasible,baseline_truck_only,818963.8171984048,726.5268205997115,,,,0.0,False,feasible_only,0.0,,False,,,,
S0061_R07,6102033,nils,S0061,n100_p0.25_d3_uniform_Ehigh_V1.25_Hmedium_PWstrict_B0.05,100,0.25,0.25,3,3,high,1.25,uniform,medium,strict,0.05,200.0,40.0,1.0,peripheral,818963.8171984048,581.2214564797692,0.0,0.0,818382.5957419251,818382.5957419251,3312.6357650985174,3851.3887177084857,1799.894013882201,8963.918496689204,662527.1530197035,154055.54870833943,1799.894013882201,0.0,575.0349419662779,726.5268205997115,0.0,100,0,0.0,0,0,0.0,0.0,0.0,0.0,0.0,0.0,0,0.0,0.0,0,0,0,24.196032285690308,25.0,0.0,1050.0,False,infeasible,nils_complete,818963.8171984048,726.5268205997115,,0.0,,0.0,False,feasible_only,0.0,,False,,,,
S0061_R08,6102034,truck_only,S0061,n100_p0.25_d3_uniform_Ehigh_V1.25_Hmedium_PWstrict_B0.05,100,0.25,0.25,3,3,high,1.25,uniform,medium,strict,0.05,200.0,40.0,1.0,peripheral,860245.854147057,679.0342792694315,0.0,0.0,859566.8198677876,859566.8198677876,3612.272184757001,3290.298339819184,5500.449323620206,12403.019848196393,722454.4369514002,131611.93359276737,5500.449323620206,0.0,599.1164015063881,848.7928490867894,0.0,100,0,0.0,0,0,0.0,0.0,0.0,0.0,0.0,0.0,0,0.0,0.0,0,0,0,0.0851752758026123,0.0,0.0,0.0,False,infeasible,baseline_truck_only,860245.854147057,848.7928490867894,,,,0.0,False,feasible_only,0.0,,False,,,,
S0061_R08,6102034,nils,S0061,n100_p0.25_d3_uniform_Ehigh_V1.25_Hmedium_PWstrict_B0.05,100,0.25,0.25,3,3,high,1.25,uniform,medium,strict,0.05,200.0,40.0,1.0,peripheral,860245.854147057,679.0342792694315,0.0,0.0,859566.8198677876,859566.8198677876,3612.272184757001,3290.298339819184,5500.449323620206,12403.019848196393,722454.4369514002,131611.93359276737,5500.449323620206,0.0,599.1164015063881,848.7928490867894,0.0,100,0,0.0,0,0,0.0,0.0,0.0,0.0,0.0,0.0,0,0.0,0.0,0,0,0,22.081153631210327,25.0,0.0,600.0,False,infeasible,nils_complete,860245.854147057,848.7928490867894,,0.0,,0.0,False,feasible_only,0.0,,False,,,,
S0061_R09,6102035,truck_only,S0061,n100_p0.25_d3_uniform_Ehigh_V1.25_Hmedium_PWstrict_B0.05,100,0.25,0.25,3,3,high,1.25,uniform,medium,strict,0.05,200.0,40.0,1.0,peripheral,894290.9158682409,663.8874232230701,0.0,0.0,893627.0284450178,893627.0284450178,3619.4495920006693,4142.458862714373,4038.7555363085658,11800.663991023608,723889.9184001338,165698.35450857494,4038.7555363085658,0.0,614.2350776000096,829.8592790288376,0.0,100,0,0.0,0,0,0.0,0.0,0.0,0.0,0.0,0.0,0,0.0,0.0,0,0,0,0.09245467185974121,0.0,0.0,0.0,False,infeasible,baseline_truck_only,894290.9158682409,829.8592790288376,,,,0.0,False,feasible_only,0.0,,False,,,,
S0061_R09,6102035,nils,S0061,n100_p0.25_d3_uniform_Ehigh_V1.25_Hmedium_PWstrict_B0.05,100,0.25,0.25,3,3,high,1.25,uniform,medium,strict,0.05,200.0,40.0,1.0,peripheral,894290.9158682409,663.8874232230701,0.0,0.0,893627.0284450178,893627.0284450178,3619.4495920006693,4142.458862714373,4038.7555363085658,11800.663991023608,723889.9184001338,165698.35450857494,4038.7555363085658,0.0,614.2350776000096,829.8592790288376,0.0,100,0,0.0,0,0,0.0,0.0,0.0,0.0,0.0,0.0,0,0.0,0.0,0,0,0,21.78623867034912,25.0,0.0,450.0,False,infeasible,nils_complete,894290.9158682409,829.8592790288376,,0.0,,0.0,False,feasible_only,0.0,,False,,,,
S0061_R10,6102036,truck_only,S0061,n100_p0.25_d3_uniform_Ehigh_V1.25_Hmedium_PWstrict_B0.05,100,0.25,0.25,3,3,high,1.25,uniform,medium,strict,0.05,200.0,40.0,1.0,peripheral,903046.9966670702,696.9163523808949,0.0,0.0,902350.0803146893,902350.0803146893,3449.8245024867647,5171.408928392777,5528.822681625565,14150.056112505106,689964.9004973529,206856.35713571106,5528.822681625565,0.0,650.844067842393,871.1454404761182,0.0,100,0,0.0,0,0,0.0,0.0,0.0,0.0,0.0,0.0,0,0.0,0.0,0,0,0,0.09149575233459473,0.0,0.0,0.0,False,infeasible,baseline_truck_only,903046.9966670702,871.1454404761182,,,,0.0,False,feasible_only,0.0,,False,,,,
S0061_R10,6102036,nils,S0061,n100_p0.25_d3_uniform_Ehigh_V1.25_Hmedium_PWstrict_B0.05,100,0.25,0.25,3,3,high,1.25,uniform,medium,strict,0.05,200.0,40.0,1.0,peripheral,903046.9966670702,696.9163523808949,0.0,0.0,902350.0803146893,902350.0803146893,3449.8245024867647,5171.408928392777,5528.822681625565,14150.056112505106,689964.9004973529,206856.35713571106,5528.822681625565,0.0,650.844067842393,871.1454404761182,0.0,100,0,0.0,0,0,0.0,0.0,0.0,0.0,0.0,0.0,0,0.0,0.0,0,0,0,17.26328182220459,25.0,0.0,225.0,False,infeasible,nils_complete,903046.9966670702,871.1454404761182,,0.0,,0.0,False,feasible_only,0.0,,False,,,,
S0062_R01,6202027,truck_only,S0062,n100_p0.25_d3_uniform_Ehigh_V2.00_Hlong_PWbase_B0.05,100,0.25,0.25,3,3,high,2.0,uniform,long,base,0.05,100.0,20.0,1.0,peripheral,459467.1523214159,664.3028149221354,0.0,0.0,458802.8495064938,458802.8495064938,3796.3342228845618,3757.3719228365076,4021.9887613074056,11575.694907028475,379633.4222884562,75147.43845673015,4021.9887613074056,0.0,667.143468981728,830.3785186526691,0.0,100,0,0.0,0,0,0.0,0.0,0.0,0.0,0.0,0.0,0,0.0,0.0,0,0,0,0.1179811954498291,0.0,0.0,0.0,False,infeasible,baseline_truck_only,459467.1523214159,830.3785186526691,,,,0.0,False,feasible_only,0.0,,False,,,,
S0062_R01,6202027,nils,S0062,n100_p0.25_d3_uniform_Ehigh_V2.00_Hlong_PWbase_B0.05,100,0.25,0.25,3,3,high,2.0,uniform,long,base,0.05,100.0,20.0,1.0,peripheral,459467.1523214159,664.3028149221354,0.0,0.0,458802.8495064938,458802.8495064938,3796.3342228845618,3757.3719228365076,4021.9887613074056,11575.694907028475,379633.4222884562,75147.43845673015,4021.9887613074056,0.0,667.143468981728,830.3785186526691,0.0,100,0,0.0,0,0,0.0,0.0,0.0,0.0,0.0,0.0,0,0.0,0.0,0,0,0,23.72868251800537,25.0,0.0,975.0,False,infeasible,nils_complete,459467.1523214159,830.3785186526691,,0.0,,0.0,False,feasible_only,0.0,,False,,,,
S0062_R02,6202028,truck_only,S0062,n100_p0.25_d3_uniform_Ehigh_V2.00_Hlong_PWbase_B0.05,100,0.25,0.25,3,3,high,2.0,uniform,long,base,0.05,100.0,20.0,1.0,peripheral,412450.2155770932,594.6069127848676,0.0,0.0,411855.6086643083,411855.6086643083,3300.8884891152597,3930.454378088182,3157.672191018776,10389.015058222218,330088.848911526,78609.08756176363,3157.672191018776,0.0,550.5277534996209,743.2586409810848,0.0,100,0,0.0,0,0,0.0,0.0,0.0,0.0,0.0,0.0,0,0.0,0.0,0,0,0,0.08746623992919922,0.0,0.0,0.0,False,infeasible,baseline_truck_only,412450.2155770932,743.2586409810848,,,,0.0,False,feasible_only,0.0,,False,,,,
S0062_R02,6202028,nils,S0062,n100_p0.25_d3_uniform_Ehigh_V2.00_Hlong_PWbase_B0.05,100,0.25,0.25,3,3,high,2.0,uniform,long,base,0.05,100.0,20.0,1.0,peripheral,412450.2155770932,594.6069127848676,0.0,0.0,411855.6086643083,411855.6086643083,3300.8884891152597,3930.454378088182,3157.672191018776,10389.015058222218,330088.848911526,78609.08756176363,3157.672191018776,0.0,550.5277534996209,743.2586409810848,0.0,100,0,0.0,0,0,0.0,0.0,0.0,0.0,0.0,0.0,0,0.0,0.0,0,0,0,21.404926300048828,25.0,0.0,450.0,False,infeasible,nils_complete,412450.2155770932,743.2586409810848,,0.0,,0.0,False,feasible_only,0.0,,False,,,,
S0062_R03,6202029,truck_only,S0062,n100_p0.25_d3_uniform_Ehigh_V2.00_Hlong_PWbase_B0.05,100,0.25,0.25,3,3,high,2.0,uniform,long,base,0.05,100.0,20.0,1.0,peripheral,681317.35095475,694.7545207777009,0.0,0.0,680622.5964339722,680622.5964339722,6113.633019609525,3227.7297426360797,4704.699620298135,14046.06238254374,611363.3019609525,64554.594852721595,4704.699620298135,0.0,689.7724592133945,868.443150972126,0.0,100,0,0.0,0,0,0.0,0.0,0.0,0.0,0.0,0.0,0,0.0,0.0,0,0,0,0.09020543098449707,0.0,0.0,0.0,False,infeasible,baseline_truck_only,681317.35095475,868.443150972126,,,,0.0,False,feasible_only,0.0,,False,,,,
S0062_R03,6202029,nils,S0062,n100_p0.25_d3_uniform_Ehigh_V2.00_Hlong_PWbase_B0.05,100,0.25,0.25,3,3,high,2.0,uniform,long,base,0.05,100.0,20.0,1.0,peripheral,681317.35095475,694.7545207777009,0.0,0.0,680622.5964339722,680622.5964339722,6113.633019609525,3227.7297426360797,4704.699620298135,14046.06238254374,611363.3019609525,64554.594852721595,4704.699620298135,0.0,689.7724592133945,868.443150972126,0.0,100,0,0.0,0,0,0.0,0.0,0.0,0.0,0.0,0.0,0,0.0,0.0,0,0,0,23.18166208267212,25.0,0.0,675.0,False,infeasible,nils_complete,681317.35095475,868.443150972126,,0.0,,0.0,False,feasible_only,0.0,,False,,,,
S0062_R04,6202030,truck_only,S0062,n100_p0.25_d3_uniform_Ehigh_V2.00_Hlong_PWbase_B0.05,100,0.25,0.25,3,3,high,2.0,uniform,long,base,0.05,100.0,20.0,1.0,peripheral,387954.8960651033,642.936175777298,0.0,0.0,387311.959889326,387311.959889326,3038.55763534128,4025.86916479368,2938.8130593245755,10003.239859459534,303855.76353412797,80517.3832958736,2938.8130593245755,0.0,521.4866873789215,803.6702197216229,0.0,100,0,0.0,0,0,0.0,0.0,0.0,0.0,0.0,0.0,0,0.0,0.0,0,0,0,0.09258031845092773,0.0,0.0,0.0,False,infeasible,baseline_truck_only,387954.8960651033,803.6702197216229,,,,0.0,False,feasible_only,0.0,,False,,,,
S0062_R04,6202030,nils,S0062,n100_p0.25_d3_uniform_Ehigh_V2.00_Hlong_PWbase_B0.05,100,0.25,0.25,3,3,high,2.0,uniform,long,base,0.05,100.0,20.0,1.0,peripheral,387954.8960651033,642.936175777298,0.0,0.0,387311.959889326,387311.959889326,3038.55763534128,4025.86916479368,2938.8130593245755,10003.239859459534,303855.76353412797,80517.3832958736,2938.8130593245755,0.0,521.4866873789215,803.6702197216229,0.0,100,0,0.0,0,0,0.0,0.0,0.0,0.0,0.0,0.0,0,0.0,0.0,0,0,0,23.508716583251953,25.0,0.0,900.0,False,infeasible,nils_complete,387954.8960651033,803.6702197216229,,0.0,,0.0,False,feasible_only,0.0,,False,,,,
S0062_R05,6202031,truck_only,S0062,n100_p0.25_d3_uniform_Ehigh_V2.00_Hlong_PWbase_B0.05,100,0.25,0.25,3,3,high,2.0,uniform,long,base,0.05,100.0,20.0,1.0,peripheral,396735.4109623145,647.3828498975414,0.0,0.0,396088.02811241697,396088.02811241697,3108.675273822499,4075.2377375394044,3715.7459793788926,10899.658990740796,310867.5273822499,81504.7547507881,3715.7459793788926,0.0,626.3834497813394,809.2285623719266,0.0,100,0,0.0,0,0,0.0,0.0,0.0,0.0,0.0,0.0,0,0.0,0.0,0,0,0,0.08557724952697754,0.0,0.0,0.0,False,infeasible,baseline_truck_only,396735.4109623145,809.2285623719266,,,,0.0,False,feasible_only,0.0,,False,,,,
S0062_R05,6202031,nils,S0062,n100_p0.25_d3_uniform_Ehigh_V2.00_Hlong_PWbase_B0.05,100,0.25,0.25,3,3,high,2.0,uniform,long,base,0.05,100.0,20.0,1.0,peripheral,396735.4109623145,647.3828498975414,0.0,0.0,396088.02811241697,396088.02811241697,3108.675273822499,4075.2377375394044,3715.7459793788926,10899.658990740796,310867.5273822499,81504.7547507881,3715.7459793788926,0.0,626.3834497813394,809.2285623719266,0.0,100,0,0.0,0,0,0.0,0.0,0.0,0.0,0.0,0.0,0,0.0,0.0,0,0,0,20.492743730545044,25.0,0.0,375.0,False,infeasible,nils_complete,396735.4109623145,809.2285623719266,,0.0,,0.0,False,feasible_only,0.0,,False,,,,
S0062_R06,6202032,truck_only,S0062,n100_p0.25_d3_uniform_Ehigh_V2.00_Hlong_PWbase_B0.05,100,0.25,0.25,3,3,high,2.0,uniform,long,base,0.05,100.0,20.0,1.0,peripheral,546833.9238005198,658.0086552114926,0.0,0.0,546175.9151453082,546175.9151453082,4451.101881697201,4883.76832346132,3390.360506361879,12725.230711520398,445110.1881697201,97675.3664692264,3390.360506361879,0.0,598.2776142144326,822.5108190143657,0.0,100,0,0.0,0,0,0.0,0.0,0.0,0.0,0.0,0.0,0,0.0,0.0,0,0,0,0.11343073844909668,0.0,0.0,0.0,False,infeasible,baseline_truck_only,546833.9238005198,822.5108190143657,,,,0.0,False,feasible_only,0.0,,False,,,,
S0062_R06,6202032,nils,S0062,n100_p0.25_d3_uniform_Ehigh_V2.00_Hlong_PWbase_B0.05,100,0.25,0.25,3,3,high,2.0,uniform,long,base,0.05,100.0,20.0,1.0,peripheral,546833.9238005198,658.0086552114926,0.0,0.0,546175.9151453082,546175.9151453082,4451.101881697201,4883.76832346132,3390.360506361879,12725.230711520398,445110.1881697201,97675.3664692264,3390.360506361879,0.0,598.2776142144326,822.5108190143657,0.0,100,0,0.0,0,0,0.0,0.0,0.0,0.0,0.0,0.0,0,0.0,0.0,0,0,0,26.725710153579712,25.0,0.0,1200.0,False,infeasible,nils_complete,546833.9238005198,822.5108190143657,,0.0,,0.0,False,feasible_only,0.0,,False,,,,
S0062_R07,6202033,truck_only,S0062,n100_p0.25_d3_uniform_Ehigh_V2.00_Hlong_PWbase_B0.05,100,0.25,0.25,3,3,high,2.0,uniform,long,base,0.05,100.0,20.0,1.0,peripheral,452303.90073851176,680.6878155821521,0.0,0.0,451623.2129229296,451623.2129229296,3402.7443186983937,5374.405233539014,3860.6763823100614,12637.825934547469,340274.4318698394,107488.10467078029,3860.6763823100614,0.0,715.0921662151181,850.8597694776901,0.0,100,0,0.0,0,0,0.0,0.0,0.0,0.0,0.0,0.0,0,0.0,0.0,0,0,0,0.12298846244812012,0.0,0.0,0.0,False,infeasible,baseline_truck_only,452303.90073851176,850.8597694776901,,,,0.0,False,feasible_only,0.0,,False,,,,
S0062_R07,6202033,nils,S0062,n100_p0.25_d3_uniform_Ehigh_V2.00_Hlong_PWbase_B0.05,100,0.25,0.25,3,3,high,2.0,uniform,long,base,0.05,100.0,20.0,1.0,peripheral,452303.90073851176,680.6878155821521,0.0,0.0,451623.2129229296,451623.2129229296,3402.7443186983937,5374.405233539014,3860.6763823100614,12637.825934547469,340274.4318698394,107488.10467078029,3860.6763823100614,0.0,715.0921662151181,850.8597694776901,0.0,100,0,0.0,0,0,0.0,0.0,0.0,0.0,0.0,0.0,0,0.0,0.0,0,0,0,30.397865056991577,25.0,0.0,825.0,False,infeasible,nils_complete,452303.90073851176,850.8597694776901,,0.0,,0.0,False,feasible_only,0.0,,False,,,,
S0062_R08,6202034,truck_only,S0062,n100_p0.25_d3_uniform_Ehigh_V2.00_Hlong_PWbase_B0.05,100,0.25,0.25,3,3,high,2.0,uniform,long,base,0.05,100.0,20.0,1.0,peripheral,545830.7318510436,686.9719106793821,0.0,0.0,545143.7599403643,545143.7599403643,4549.150119355079,4256.7338353932055,5094.071296992208,13899.955251740494,454915.01193550794,85134.67670786411,5094.071296992208,0.0,662.7400703310404,858.7148883492275,0.0,100,0,0.0,0,0,0.0,0.0,0.0,0.0,0.0,0.0,0,0.0,0.0,0,0,0,0.08986878395080566,0.0,0.0,0.0,False,infeasible,baseline_truck_only,545830.7318510436,858.7148883492275,,,,0.0,False,feasible_only,0.0,,False,,,,
S0062_R08,6202034,nils,S0062,n100_p0.25_d3_uniform_Ehigh_V2.00_Hlong_PWbase_B0.05,100,0.25,0.25,3,3,high,2.0,uniform,long,base,0.05,100.0,20.0,1.0,peripheral,545830.7318510436,686.9719106793821,0.0,0.0,545143.7599403643,545143.7599403643,4549.150119355079,4256.7338353932055,5094.071296992208,13899.955251740494,454915.01193550794,85134.67670786411,5094.071296992208,0.0,662.7400703310404,858.7148883492275,0.0,100,0,0.0,0,0,0.0,0.0,0.0,0.0,0.0,0.0,0,0.0,0.0,0,0,0,36.76760172843933,25.0,0.0,450.0,False,infeasible,nils_complete,545830.7318510436,858.7148883492275,,0.0,,0.0,False,feasible_only,0.0,,False,,,,
S0062_R09,6202035,truck_only,S0062,n100_p0.25_d3_uniform_Ehigh_V2.00_Hlong_PWbase_B0.05,100,0.25,0.25,3,3,high,2.0,uniform,long,base,0.05,100.0,20.0,1.0,peripheral,537793.9783636375,654.4703199204846,0.0,0.0,537139.508043717,537139.508043717,4630.471482618035,3483.4060290773714,4424.239200366021,12538.116712061426,463047.14826180355,69668.12058154742,4424.239200366021,0.0,642.3769117963354,818.0878999006056,0.0,100,0,0.0,0,0,0.0,0.0,0.0,0.0,0.0,0.0,0,0.0,0.0,0,0,0,0.12721729278564453,0.0,0.0,0.0,False,infeasible,baseline_truck_only,537793.9783636375,818.0878999006056,,,,0.0,False,feasible_only,0.0,,False,,,,
S0062_R09,6202035,nils,S0062,n100_p0.25_d3_uniform_Ehigh_V2.00_Hlong_PWbase_B0.05,100,0.25,0.25,3,3,high,2.0,uniform,long,base,0.05,100.0,20.0,1.0,peripheral,537793.9783636375,654.4703199204846,0.0,0.0,537139.508043717,537139.508043717,4630.471482618035,3483.4060290773714,4424.239200366021,12538.116712061426,463047.14826180355,69668.12058154742,4424.239200366021,0.0,642.3769117963354,818.0878999006056,0.0,100,0,0.0,0,0,0.0,0.0,0.0,0.0,0.0,0.0,0,0.0,0.0,0,0,0,37.08194041252136,25.0,0.0,450.0,False,infeasible,nils_complete,537793.9783636375,818.0878999006056,,0.0,,0.0,False,feasible_only,0.0,,False,,,,
S0062_R10,6202036,truck_only,S0062,n100_p0.25_d3_uniform_Ehigh_V2.00_Hlong_PWbase_B0.05,100,0.25,0.25,3,3,high,2.0,uniform,long,base,0.05,100.0,20.0,1.0,peripheral,670428.645541197,664.743473686983,0.0,0.0,669763.9020675101,669763.9020675101,5817.763456824256,4245.866813691873,3070.2201112471225,13133.850381763252,581776.3456824255,84917.33627383746,3070.2201112471225,0.0,633.6722454586646,830.9293421087286,0.0,100,0,0.0,0,0,0.0,0.0,0.0,0.0,0.0,0.0,0,0.0,0.0,0,0,0,0.1969139575958252,0.0,0.0,0.0,False,infeasible,baseline_truck_only,670428.645541197,830.9293421087286,,,,0.0,False,feasible_only,0.0,,False,,,,
S0062_R10,6202036,nils,S0062,n100_p0.25_d3_uniform_Ehigh_V2.00_Hlong_PWbase_B0.05,100,0.25,0.25,3,3,high,2.0,uniform,long,base,0.05,100.0,20.0,1.0,peripheral,670428.645541197,664.743473686983,0.0,0.0,669763.9020675101,669763.9020675101,5817.763456824256,4245.866813691873,3070.2201112471225,13133.850381763252,581776.3456824255,84917.33627383746,3070.2201112471225,0.0,633.6722454586646,830.9293421087286,0.0,100,0,0.0,0,0,0.0,0.0,0.0,0.0,0.0,0.0,0,0.0,0.0,0,0,0,29.474095344543457,25.0,0.0,675.0,False,infeasible,nils_complete,670428.645541197,830.9293421087286,,0.0,,0.0,False,feasible_only,0.0,,False,,,,
S0063_R01,6302027,truck_only,S0063,n100_p0.75_d3_uniform_Elow_V1.25_Hshort_PWflat_B0.05,100,0.75,0.75,3,3,low,1.25,uniform,short,flat,0.05,1.0,1.0,1.0,peripheral,12646.109091036427,659.9517750897304,0.0,0.0,11986.157315946697,11986.157315946697,4206.267194626961,4919.473613912653,2860.4165074070847,11986.157315946697,4206.267194626961,4919.473613912653,2860.4165074070847,0.0,584.4983692108397,824.939718862163,0.0,100,0,0.0,0,0,0.0,0.0,0.0,0.0,0.0,0.0,0,0.0,0.0,0,0,0,0.1524055004119873,0.0,0.0,0.0,False,infeasible,baseline_truck_only,12646.109091036427,824.939718862163,,,,0.0,False,feasible_only,0.0,,False,,,,
S0063_R01,6302027,nils,S0063,n100_p0.75_d3_uniform_Elow_V1.25_Hshort_PWflat_B0.05,100,0.75,0.75,3,3,low,1.25,uniform,short,flat,0.05,1.0,1.0,1.0,peripheral,12646.109091036427,659.9517750897304,0.0,0.0,11986.157315946697,11986.157315946697,4206.267194626961,4919.473613912653,2860.4165074070847,11986.157315946697,4206.267194626961,4919.473613912653,2860.4165074070847,0.0,584.4983692108397,824.939718862163,0.0,100,0,0.0,0,0,0.0,0.0,0.0,0.0,0.0,0.0,0,0.0,0.0,0,3300,3300,38.33372187614441,25.0,0.0,1125.0,False,infeasible,nils_complete,12646.109091036427,824.939718862163,,0.0,,0.0,False,feasible_only,0.0,,False,,,,
S0063_R02,6302028,truck_only,S0063,n100_p0.75_d3_uniform_Elow_V1.25_Hshort_PWflat_B0.05,100,0.75,0.75,3,3,low,1.25,uniform,short,flat,0.05,1.0,1.0,1.0,peripheral,11338.019811030674,620.6985684714305,0.0,0.0,10717.321242559243,10717.321242559243,4837.632290882548,4063.508404596589,1816.1805470801062,10717.321242559243,4837.632290882548,4063.508404596589,1816.1805470801062,0.0,549.9801434153735,775.8732105892885,0.0,100,0,0.0,0,0,0.0,0.0,0.0,0.0,0.0,0.0,0,0.0,0.0,0,0,0,0.12304234504699707,0.0,0.0,0.0,False,infeasible,baseline_truck_only,11338.019811030674,775.8732105892885,,,,0.0,False,feasible_only,0.0,,False,,,,
S0063_R02,6302028,nils,S0063,n100_p0.75_d3_uniform_Elow_V1.25_Hshort_PWflat_B0.05,100,0.75,0.75,3,3,low,1.25,uniform,short,flat,0.05,1.0,1.0,1.0,peripheral,11338.019811030674,620.6985684714305,0.0,0.0,10717.321242559243,10717.321242559243,4837.632290882548,4063.508404596589,1816.1805470801062,10717.321242559243,4837.632290882548,4063.508404596589,1816.1805470801062,0.0,549.9801434153735,775.8732105892885,0.0,100,0,0.0,0,0,0.0,0.0,0.0,0.0,0.0,0.0,0,0.0,0.0,0,2775,2775,41.299867391586304,25.0,0.0,2475.0,False,infeasible,nils_complete,11338.019811030674,775.8732105892885,,0.0,,0.0,False,feasible_only,0.0,,False,,,,
S0063_R03,6302029,truck_only,S0063,n100_p0.75_d3_uniform_Elow_V1.25_Hshort_PWflat_B0.05,100,0.75,0.75,3,3,low,1.25,uniform,short,flat,0.05,1.0,1.0,1.0,peripheral,9805.866871943988,582.3289577271231,0.0,0.0,9223.537914216866,9223.537914216866,2052.6939782067157,4440.46134408303,2730.38259192712,9223.537914216866,2052.6939782067157,4440.46134408303,2730.38259192712,0.0,613.8934796278888,727.9111971589039,0.0,100,0,0.0,0,0,0.0,0.0,0.0,0.0,0.0,0.0,0,0.0,0.0,0,0,0,0.14825057983398438,0.0,0.0,0.0,False,infeasible,baseline_truck_only,9805.866871943988,727.9111971589039,,,,0.0,False,feasible_only,0.0,,False,,,,
S0063_R03,6302029,nils,S0063,n100_p0.75_d3_uniform_Elow_V1.25_Hshort_PWflat_B0.05,100,0.75,0.75,3,3,low,1.25,uniform,short,flat,0.05,1.0,1.0,1.0,peripheral,9805.866871943988,582.3289577271231,0.0,0.0,9223.537914216866,9223.537914216866,2052.6939782067157,4440.46134408303,2730.38259192712,9223.537914216866,2052.6939782067157,4440.46134408303,2730.38259192712,0.0,613.8934796278888,727.9111971589039,0.0,100,0,0.0,0,0,0.0,0.0,0.0,0.0,0.0,0.0,0,0.0,0.0,0,3075,3075,41.03710055351257,25.0,0.0,2475.0,False,infeasible,nils_complete,9805.866871943988,727.9111971589039,,0.0,,0.0,False,feasible_only,0.0,,False,,,,
S0063_R04,6302030,truck_only,S0063,n100_p0.75_d3_uniform_Elow_V1.25_Hshort_PWflat_B0.05,100,0.75,0.75,3,3,low,1.25,uniform,short,flat,0.05,1.0,1.0,1.0,peripheral,9114.351369531532,582.7942506340897,0.0,0.0,8531.557118897443,8531.557118897443,2170.7563793457225,3930.3647336939202,2430.4360058578027,8531.557118897445,2170.7563793457225,3930.3647336939202,2430.4360058578027,0.0,532.932875768462,728.4928132926121,0.0,100,0,0.0,0,0,0.0,0.0,0.0,0.0,0.0,0.0,0,0.0,0.0,0,0,0,0.11521291732788086,0.0,0.0,0.0,False,infeasible,baseline_truck_only,9114.351369531532,728.4928132926121,,,,0.0,False,feasible_only,0.0,,False,,,,
S0063_R04,6302030,nils,S0063,n100_p0.75_d3_uniform_Elow_V1.25_Hshort_PWflat_B0.05,100,0.75,0.75,3,3,low,1.25,uniform,short,flat,0.05,1.0,1.0,1.0,peripheral,9114.351369531532,582.7942506340897,0.0,0.0,8531.557118897443,8531.557118897443,2170.7563793457225,3930.3647336939202,2430.4360058578027,8531.557118897445,2170.7563793457225,3930.3647336939202,2430.4360058578027,0.0,532.932875768462,728.4928132926121,0.0,100,0,0.0,0,0,0.0,0.0,0.0,0.0,0.0,0.0,0,0.0,0.0,0,3300,3300,38.77082633972168,25.0,0.0,2250.0,False,infeasible,nils_complete,9114.351369531532,728.4928132926121,,0.0,,0.0,False,feasible_only,0.0,,False,,,,
S0063_R05,6302031,truck_only,S0063,n100_p0.75_d3_uniform_Elow_V1.25_Hshort_PWflat_B0.05,100,0.75,0.75,3,3,low,1.25,uniform,short,flat,0.05,1.0,1.0,1.0,peripheral,12279.336291857353,661.1722424579696,0.0,0.0,11618.164049399384,11618.164049399384,4876.171464565261,3244.3425849827463,3497.6499998513755,11618.164049399384,4876.171464565261,3244.3425849827463,3497.6499998513755,0.0,538.5660610960781,826.4653030724618,0.0,100,0,0.0,0,0,0.0,0.0,0.0,0.0,0.0,0.0,0,0.0,0.0,0,0,0,0.13638806343078613,0.0,0.0,0.0,False,infeasible,baseline_truck_only,12279.336291857353,826.4653030724618,,,,0.0,False,feasible_only,0.0,,False,,,,
S0063_R05,6302031,nils,S0063,n100_p0.75_d3_uniform_Elow_V1.25_Hshort_PWflat_B0.05,100,0.75,0.75,3,3,low,1.25,uniform,short,flat,0.05,1.0,1.0,1.0,peripheral,12279.336291857353,661.1722424579696,0.0,0.0,11618.164049399384,11618.164049399384,4876.171464565261,3244.3425849827463,3497.6499998513755,11618.164049399384,4876.171464565261,3244.3425849827463,3497.6499998513755,0.0,538.5660610960781,826.4653030724618,0.0,100,0,0.0,0,0,0.0,0.0,0.0,0.0,0.0,0.0,0,0.0,0.0,0,3300,3300,29.409958362579346,25.0,0.0,450.0,False,infeasible,nils_complete,12279.336291857353,826.4653030724618,,0.0,,0.0,False,feasible_only,0.0,,False,,,,
S0063_R06,6302032,truck_only,S0063,n100_p0.75_d3_uniform_Elow_V1.25_Hshort_PWflat_B0.05,100,0.75,0.75,3,3,low,1.25,uniform,short,flat,0.05,1.0,1.0,1.0,peripheral,15707.651780924389,687.2449078709423,0.0,0.0,15020.406873053447,15020.406873053447,4973.963859261568,6998.616473954127,3047.8265398377494,15020.406873053445,4973.963859261568,6998.616473954127,3047.8265398377494,0.0,708.1410347350627,859.0561348386778,0.0,100,0,0.0,0,0,0.0,0.0,0.0,0.0,0.0,0.0,0,0.0,0.0,0,0,0,0.11257624626159668,0.0,0.0,0.0,False,infeasible,baseline_truck_only,15707.651780924389,859.0561348386778,,,,0.0,False,feasible_only,0.0,,False,,,,
S0063_R06,6302032,nils,S0063,n100_p0.75_d3_uniform_Elow_V1.25_Hshort_PWflat_B0.05,100,0.75,0.75,3,3,low,1.25,uniform,short,flat,0.05,1.0,1.0,1.0,peripheral,15707.651780924389,687.2449078709423,0.0,0.0,15020.406873053447,15020.406873053447,4973.963859261568,6998.616473954127,3047.8265398377494,15020.406873053445,4973.963859261568,6998.616473954127,3047.8265398377494,0.0,708.1410347350627,859.0561348386778,0.0,100,0,0.0,0,0,0.0,0.0,0.0,0.0,0.0,0.0,0,0.0,0.0,0,3750,3750,29.858348846435547,25.0,0.0,675.0,False,infeasible,nils_complete,15707.651780924389,859.0561348386778,,0.0,,0.0,False,feasible_only,0.0,,False,,,,
S0063_R07,6302033,truck_only,S0063,n100_p0.75_d3_uniform_Elow_V1.25_Hshort_PWflat_B0.05,100,0.75,0.75,3,3,low,1.25,uniform,short,flat,0.05,1.0,1.0,1.0,peripheral,11385.90020165195,664.4285200779951,0.0,0.0,10721.471681573954,10721.471681573954,3664.414867780887,4105.253016953949,2951.80379683912,10721.471681573956,3664.414867780887,4105.253016953949,2951.80379683912,0.0,546.9446137676464,830.5356500974938,0.0,100,0,0.0,0,0,0.0,0.0,0.0,0.0,0.0,0.0,0,0.0,0.0,0,0,0,0.10988807678222656,0.0,0.0,0.0,False,infeasible,baseline_truck_only,11385.90020165195,830.5356500974938,,,,0.0,False,feasible_only,0.0,,False,,,,
S0063_R07,6302033,nils,S0063,n100_p0.75_d3_uniform_Elow_V1.25_Hshort_PWflat_B0.05,100,0.75,0.75,3,3,low,1.25,uniform,short,flat,0.05,1.0,1.0,1.0,peripheral,11385.90020165195,664.4285200779951,0.0,0.0,10721.471681573954,10721.471681573954,3664.414867780887,4105.253016953949,2951.80379683912,10721.471681573956,3664.414867780887,4105.253016953949,2951.80379683912,0.0,546.9446137676464,830.5356500974938,0.0,100,0,0.0,0,0,0.0,0.0,0.0,0.0,0.0,0.0,0,0.0,0.0,0,3675,3675,34.4241681098938,25.0,0.0,600.0,False,infeasible,nils_complete,11385.90020165195,830.5356500974938,,0.0,,0.0,False,feasible_only,0.0,,False,,,,
S0063_R08,6302034,truck_only,S0063,n100_p0.75_d3_uniform_Elow_V1.25_Hshort_PWflat_B0.05,100,0.75,0.75,3,3,low,1.25,uniform,short,flat,0.05,1.0,1.0,1.0,peripheral,11896.137895308262,663.2045495864539,0.0,0.0,11232.933345721809,11232.933345721809,3396.270722660029,5100.310789805491,2736.35183325629,11232.933345721809,3396.270722660029,5100.310789805491,2736.35183325629,0.0,522.5688040844731,829.0056869830673,0.0,100,0,0.0,0,0,0.0,0.0,0.0,0.0,0.0,0.0,0,0.0,0.0,0,0,0,0.1408379077911377,0.0,0.0,0.0,False,infeasible,baseline_truck_only,11896.137895308262,829.0056869830673,,,,0.0,False,feasible_only,0.0,,False,,,,
S0063_R08,6302034,nils,S0063,n100_p0.75_d3_uniform_Elow_V1.25_Hshort_PWflat_B0.05,100,0.75,0.75,3,3,low,1.25,uniform,short,flat,0.05,1.0,1.0,1.0,peripheral,11896.137895308262,663.2045495864539,0.0,0.0,11232.933345721809,11232.933345721809,3396.270722660029,5100.310789805491,2736.35183325629,11232.933345721809,3396.270722660029,5100.310789805491,2736.35183325629,0.0,522.5688040844731,829.0056869830673,0.0,100,0,0.0,0,0,0.0,0.0,0.0,0.0,0.0,0.0,0,0.0,0.0,0,3075,3075,31.893847942352295,25.0,0.0,1050.0,False,infeasible,nils_complete,11896.137895308262,829.0056869830673,,0.0,,0.0,False,feasible_only,0.0,,False,,,,
S0063_R09,6302035,truck_only,S0063,n100_p0.75_d3_uniform_Elow_V1.25_Hshort_PWflat_B0.05,100,0.75,0.75,3,3,low,1.25,uniform,short,flat,0.05,1.0,1.0,1.0,peripheral,15865.576615492566,718.9829348311379,0.0,0.0,15146.593680661428,15146.593680661428,4326.915356221792,5963.510572621345,4856.167751818292,15146.59368066143,4326.915356221792,5963.510572621345,4856.167751818292,0.0,706.9633868830952,898.7286685389223,0.0,100,0,0.0,0,0,0.0,0.0,0.0,0.0,0.0,0.0,0,0.0,0.0,0,0,0,0.12049078941345215,0.0,0.0,0.0,False,infeasible,baseline_truck_only,15865.576615492566,898.7286685389223,,,,0.0,False,feasible_only,0.0,,False,,,,
S0063_R09,6302035,nils,S0063,n100_p0.75_d3_uniform_Elow_V1.25_Hshort_PWflat_B0.05,100,0.75,0.75,3,3,low,1.25,uniform,short,flat,0.05,1.0,1.0,1.0,peripheral,15865.576615492566,718.9829348311379,0.0,0.0,15146.593680661428,15146.593680661428,4326.915356221792,5963.510572621345,4856.167751818292,15146.59368066143,4326.915356221792,5963.510572621345,4856.167751818292,0.0,706.9633868830952,898.7286685389223,0.0,100,0,0.0,0,0,0.0,0.0,0.0,0.0,0.0,0.0,0,0.0,0.0,0,3150,3150,31.056540966033936,25.0,0.0,825.0,False,infeasible,nils_complete,15865.576615492566,898.7286685389223,,0.0,,0.0,False,feasible_only,0.0,,False,,,,
S0063_R10,6302036,truck_only,S0063,n100_p0.75_d3_uniform_Elow_V1.25_Hshort_PWflat_B0.05,100,0.75,0.75,3,3,low,1.25,uniform,short,flat,0.05,1.0,1.0,1.0,peripheral,10198.170463543769,635.5149073086853,0.0,0.0,9562.655556235084,9562.655556235084,2269.5675886790787,3932.431787201837,3360.656180354168,9562.655556235084,2269.5675886790787,3932.431787201837,3360.656180354168,0.0,587.097034917922,794.3936341358561,0.0,100,0,0.0,0,0,0.0,0.0,0.0,0.0,0.0,0.0,0,0.0,0.0,0,0,0,0.1935405731201172,0.0,0.0,0.0,False,infeasible,baseline_truck_only,10198.170463543769,794.3936341358561,,,,0.0,False,feasible_only,0.0,,False,,,,
S0063_R10,6302036,nils,S0063,n100_p0.75_d3_uniform_Elow_V1.25_Hshort_PWflat_B0.05,100,0.75,0.75,3,3,low,1.25,uniform,short,flat,0.05,1.0,1.0,1.0,peripheral,10198.170463543769,635.5149073086853,0.0,0.0,9562.655556235084,9562.655556235084,2269.5675886790787,3932.431787201837,3360.656180354168,9562.655556235084,2269.5675886790787,3932.431787201837,3360.656180354168,0.0,587.097034917922,794.3936341358561,0.0,100,0,0.0,0,0,0.0,0.0,0.0,0.0,0.0,0.0,0,0.0,0.0,0,3225,3225,36.07849836349487,25.0,0.0,1725.0,False,infeasible,nils_complete,10198.170463543769,794.3936341358561,,0.0,,0.0,False,feasible_only,0.0,,False,,,,
S0064_R01,6402027,truck_only,S0064,n100_p0.75_d3_uniform_Elow_V1.25_Hmedium_PWbase_B0.05,100,0.75,0.75,3,3,low,1.25,uniform,medium,base,0.05,100.0,20.0,1.0,peripheral,583495.3633709236,702.4638814806272,0.0,0.0,582792.8994894429,582792.8994894429,4710.928543991445,5419.331154649466,3313.421997309202,13443.681695950114,471092.8543991445,108386.62309298932,3313.421997309202,0.0,634.3491502066488,878.0798518507843,0.0,100,0,0.0,0,0,0.0,0.0,0.0,0.0,0.0,0.0,0,0.0,0.0,0,0,0,0.12615084648132324,0.0,0.0,0.0,False,infeasible,baseline_truck_only,583495.3633709236,878.0798518507843,,,,0.0,False,feasible_only,0.0,,False,,,,
S0064_R01,6402027,nils,S0064,n100_p0.75_d3_uniform_Elow_V1.25_Hmedium_PWbase_B0.05,100,0.75,0.75,3,3,low,1.25,uniform,medium,base,0.05,100.0,20.0,1.0,peripheral,583495.3633709236,702.4638814806272,0.0,0.0,582792.8994894429,582792.8994894429,4710.928543991445,5419.331154649466,3313.421997309202,13443.681695950114,471092.8543991445,108386.62309298932,3313.421997309202,0.0,634.3491502066488,878.0798518507843,0.0,100,0,0.0,0,0,0.0,0.0,0.0,0.0,0.0,0.0,0,0.0,0.0,0,3000,3000,32.786988258361816,25.0,0.0,1500.0,False,infeasible,nils_complete,583495.3633709236,878.0798518507843,,0.0,,0.0,False,feasible_only,0.0,,False,,,,
S0064_R02,6402028,truck_only,S0064,n100_p0.75_d3_uniform_Elow_V1.25_Hmedium_PWbase_B0.05,100,0.75,0.75,3,3,low,1.25,uniform,medium,base,0.05,100.0,20.0,1.0,peripheral,635333.9308423405,653.5023714124416,0.0,0.0,634680.428470928,634680.428470928,5248.730278792795,5367.711882788102,2453.1629358866635,13069.60509746756,524873.0278792795,107354.23765576204,2453.1629358866635,0.0,670.1371965919822,816.877964265552,0.0,100,0,0.0,0,0,0.0,0.0,0.0,0.0,0.0,0.0,0,0.0,0.0,0,0,0,0.1514725685119629,0.0,0.0,0.0,False,infeasible,baseline_truck_only,635333.9308423405,816.877964265552,,,,0.0,False,feasible_only,0.0,,False,,,,
S0064_R02,6402028,nils,S0064,n100_p0.75_d3_uniform_Elow_V1.25_Hmedium_PWbase_B0.05,100,0.75,0.75,3,3,low,1.25,uniform,medium,base,0.05,100.0,20.0,1.0,peripheral,635333.9308423405,653.5023714124416,0.0,0.0,634680.428470928,634680.428470928,5248.730278792795,5367.711882788102,2453.1629358866635,13069.60509746756,524873.0278792795,107354.23765576204,2453.1629358866635,0.0,670.1371965919822,816.877964265552,0.0,100,0,0.0,0,0,0.0,0.0,0.0,0.0,0.0,0.0,0,0.0,0.0,0,3600,3600,35.454437255859375,25.0,0.0,1200.0,False,infeasible,nils_complete,635333.9308423405,816.877964265552,,0.0,,0.0,False,feasible_only,0.0,,False,,,,
S0064_R03,6402029,truck_only,S0064,n100_p0.75_d3_uniform_Elow_V1.25_Hmedium_PWbase_B0.05,100,0.75,0.75,3,3,low,1.25,uniform,medium,base,0.05,100.0,20.0,1.0,peripheral,616799.7113964068,694.9437265464676,0.0,0.0,616104.7676698603,616104.7676698603,5225.547339833505,4445.102788925542,4647.977907999001,14318.628036758048,522554.7339833505,88902.05577851084,4647.977907999001,0.0,689.2769074916343,868.6796581830847,0.0,100,0,0.0,0,0,0.0,0.0,0.0,0.0,0.0,0.0,0,0.0,0.0,0,0,0,0.1168057918548584,0.0,0.0,0.0,False,infeasible,baseline_truck_only,616799.7113964068,868.6796581830847,,,,0.0,False,feasible_only,0.0,,False,,,,
S0064_R03,6402029,nils,S0064,n100_p0.75_d3_uniform_Elow_V1.25_Hmedium_PWbase_B0.05,100,0.75,0.75,3,3,low,1.25,uniform,medium,base,0.05,100.0,20.0,1.0,peripheral,616799.7113964068,694.9437265464676,0.0,0.0,616104.7676698603,616104.7676698603,5225.547339833505,4445.102788925542,4647.977907999001,14318.628036758048,522554.7339833505,88902.05577851084,4647.977907999001,0.0,689.2769074916343,868.6796581830847,0.0,100,0,0.0,0,0,0.0,0.0,0.0,0.0,0.0,0.0,0,0.0,0.0,0,3000,3000,39.020477294921875,25.0,0.0,2175.0,False,infeasible,nils_complete,616799.7113964068,868.6796581830847,,0.0,,0.0,False,feasible_only,0.0,,False,,,,
S0064_R04,6402030,truck_only,S0064,n100_p0.75_d3_uniform_Elow_V1.25_Hmedium_PWbase_B0.05,100,0.75,0.75,3,3,low,1.25,uniform,medium,base,0.05,100.0,20.0,1.0,peripheral,627534.7890901302,703.3900637577965,0.0,0.0,626831.3990263725,626831.3990263725,5338.819398243673,4440.280622159764,4143.846758810066,13922.946779213504,533881.9398243673,88805.61244319528,4143.846758810066,0.0,649.7194382925035,879.2375796972459,0.0,100,0,0.0,0,0,0.0,0.0,0.0,0.0,0.0,0.0,0,0.0,0.0,0,0,0,0.11184096336364746,0.0,0.0,0.0,False,infeasible,baseline_truck_only,627534.7890901302,879.2375796972459,,,,0.0,False,feasible_only,0.0,,False,,,,
S0064_R04,6402030,nils,S0064,n100_p0.75_d3_uniform_Elow_V1.25_Hmedium_PWbase_B0.05,100,0.75,0.75,3,3,low,1.25,uniform,medium,base,0.05,100.0,20.0,1.0,peripheral,627534.7890901302,703.3900637577965,0.0,0.0,626831.3990263725,626831.3990263725,5338.819398243673,4440.280622159764,4143.846758810066,13922.946779213504,533881.9398243673,88805.61244319528,4143.846758810066,0.0,649.7194382925035,879.2375796972459,0.0,100,0,0.0,0,0,0.0,0.0,0.0,0.0,0.0,0.0,0,0.0,0.0,0,3075,3075,30.305785655975342,25.0,0.0,675.0,False,infeasible,nils_complete,627534.7890901302,879.2375796972459,,0.0,,0.0,False,feasible_only,0.0,,False,,,,
S0064_R05,6402031,truck_only,S0064,n100_p0.75_d3_uniform_Elow_V1.25_Hmedium_PWbase_B0.05,100,0.75,0.75,3,3,low,1.25,uniform,medium,base,0.05,100.0,20.0,1.0,peripheral,562220.8924021232,707.2294494546195,0.0,0.0,561513.6629526686,561513.6629526686,4503.259541010976,5339.650393771747,4394.700976136243,14237.610910918967,450325.9541010976,106793.00787543494,4394.700976136243,0.0,649.3886353230528,884.0368118182744,0.0,100,0,0.0,0,0,0.0,0.0,0.0,0.0,0.0,0.0,0,0.0,0.0,0,0,0,0.11141729354858398,0.0,0.0,0.0,False,infeasible,baseline_truck_only,562220.8924021232,884.0368118182744,,,,0.0,False,feasible_only,0.0,,False,,,,
S0064_R05,6402031,nils,S0064,n100_p0.75_d3_uniform_Elow_V1.25_Hmedium_PWbase_B0.05,100,0.75,0.75,3,3,low,1.25,uniform,medium,base,0.05,100.0,20.0,1.0,peripheral,562220.8924021232,707.2294494546195,0.0,0.0,561513.6629526686,561513.6629526686,4503.259541010976,5339.650393771747,4394.700976136243,14237.610910918967,450325.9541010976,106793.00787543494,4394.700976136243,0.0,649.3886353230528,884.0368118182744,0.0,100,0,0.0,0,0,0.0,0.0,0.0,0.0,0.0,0.0,0,0.0,0.0,0,3450,3450,29.29249119758606,25.0,0.0,600.0,False,infeasible,nils_complete,562220.8924021232,884.0368118182744,,0.0,,0.0,False,feasible_only,0.0,,False,,,,
S0064_R06,6402032,truck_only,S0064,n100_p0.75_d3_uniform_Elow_V1.25_Hmedium_PWbase_B0.05,100,0.75,0.75,3,3,low,1.25,uniform,medium,base,0.05,100.0,20.0,1.0,peripheral,610528.3516648889,662.9004307705353,0.0,0.0,609865.4512341183,609865.4512341183,4745.3068801610925,6579.102343820797,3752.71634159333,15077.12556557522,474530.6880161092,131582.04687641593,3752.71634159333,0.0,707.8220720910552,828.6255384631692,0.0,100,0,0.0,0,0,0.0,0.0,0.0,0.0,0.0,0.0,0,0.0,0.0,0,0,0,0.12181925773620605,0.0,0.0,0.0,False,infeasible,baseline_truck_only,610528.3516648889,828.6255384631692,,,,0.0,False,feasible_only,0.0,,False,,,,
S0064_R06,6402032,nils,S0064,n100_p0.75_d3_uniform_Elow_V1.25_Hmedium_PWbase_B0.05,100,0.75,0.75,3,3,low,1.25,uniform,medium,base,0.05,100.0,20.0,1.0,peripheral,610528.3516648889,662.9004307705353,0.0,0.0,609865.4512341183,609865.4512341183,4745.3068801610925,6579.102343820797,3752.71634159333,15077.12556557522,474530.6880161092,131582.04687641593,3752.71634159333,0.0,707.8220720910552,828.6255384631692,0.0,100,0,0.0,0,0,0.0,0.0,0.0,0.0,0.0,0.0,0,0.0,0.0,0,3450,3450,33.077659606933594,25.0,0.0,975.0,False,infeasible,nils_complete,610528.3516648889,828.6255384631692,,0.0,,0.0,False,feasible_only,0.0,,False,,,,
S0064_R07,6402033,truck_only,S0064,n100_p0.75_d3_uniform_Elow_V1.25_Hmedium_PWbase_B0.05,100,0.75,0.75,3,3,low,1.25,uniform,medium,base,0.05,100.0,20.0,1.0,peripheral,523948.4628107285,658.7835567314655,0.0,0.0,523289.67925399705,523289.67925399705,4374.040597507733,4134.159579806588,3202.427907091831,11710.628084406151,437404.0597507733,82683.19159613177,3202.427907091831,0.0,554.4437785021142,823.4794459143319,0.0,100,0,0.0,0,0,0.0,0.0,0.0,0.0,0.0,0.0,0,0.0,0.0,0,0,0,0.20742416381835938,0.0,0.0,0.0,False,infeasible,baseline_truck_only,523948.4628107285,823.4794459143319,,,,0.0,False,feasible_only,0.0,,False,,,,
S0064_R07,6402033,nils,S0064,n100_p0.75_d3_uniform_Elow_V1.25_Hmedium_PWbase_B0.05,100,0.75,0.75,3,3,low,1.25,uniform,medium,base,0.05,100.0,20.0,1.0,peripheral,523948.4628107285,658.7835567314655,0.0,0.0,523289.67925399705,523289.67925399705,4374.040597507733,4134.159579806588,3202.427907091831,11710.628084406151,437404.0597507733,82683.19159613177,3202.427907091831,0.0,554.4437785021142,823.4794459143319,0.0,100,0,0.0,0,0,0.0,0.0,0.0,0.0,0.0,0.0,0,0.0,0.0,0,3300,3300,34.98815560340881,25.0,0.0,1050.0,False,infeasible,nils_complete,523948.4628107285,823.4794459143319,,0.0,,0.0,False,feasible_only,0.0,,False,,,,
S0064_R08,6402034,truck_only,S0064,n100_p0.75_d3_uniform_Elow_V1.25_Hmedium_PWbase_B0.05,100,0.75,0.75,3,3,low,1.25,uniform,medium,base,0.05,100.0,20.0,1.0,peripheral,587504.5596122465,692.5335140310561,0.0,0.0,586812.0260982154,586812.0260982154,5186.391115836796,3239.2734203866676,3387.4461068023375,11813.1106430258,518639.1115836796,64785.46840773335,3387.4461068023375,0.0,603.8961214959545,865.6668925388201,0.0,100,0,0.0,0,0,0.0,0.0,0.0,0.0,0.0,0.0,0,0.0,0.0,0,0,0,0.13137030601501465,0.0,0.0,0.0,False,infeasible,baseline_truck_only,587504.5596122465,865.6668925388201,,,,0.0,False,feasible_only,0.0,,False,,,,
S0064_R08,6402034,nils,S0064,n100_p0.75_d3_uniform_Elow_V1.25_Hmedium_PWbase_B0.05,100,0.75,0.75,3,3,low,1.25,uniform,medium,base,0.05,100.0,20.0,1.0,peripheral,587504.5596122465,692.5335140310561,0.0,0.0,586812.0260982154,586812.0260982154,5186.391115836796,3239.2734203866676,3387.4461068023375,11813.1106430258,518639.1115836796,64785.46840773335,3387.4461068023375,0.0,603.8961214959545,865.6668925388201,0.0,100,0,0.0,0,0,0.0,0.0,0.0,0.0,0.0,0.0,0,0.0,0.0,0,3975,3975,29.409125804901123,25.0,0.0,750.0,False,infeasible,nils_complete,587504.5596122465,865.6668925388201,,0.0,,0.0,False,feasible_only,0.0,,False,,,,
S0064_R09,6402035,truck_only,S0064,n100_p0.75_d3_uniform_Elow_V1.25_Hmedium_PWbase_B0.05,100,0.75,0.75,3,3,low,1.25,uniform,medium,base,0.05,100.0,20.0,1.0,peripheral,448451.8260960866,601.1030873098799,0.0,0.0,447850.7230087767,447850.7230087767,3879.860639888544,2814.6381779588423,3571.895460745529,10266.394278592916,387986.0639888544,56292.76355917685,3571.895460745529,0.0,561.7513864148622,751.3788591373498,0.0,100,0,0.0,0,0,0.0,0.0,0.0,0.0,0.0,0.0,0,0.0,0.0,0,0,0,0.2436051368713379,0.0,0.0,0.0,False,infeasible,baseline_truck_only,448451.8260960866,751.3788591373498,,,,0.0,False,feasible_only,0.0,,False,,,,
S0064_R09,6402035,nils,S0064,n100_p0.75_d3_uniform_Elow_V1.25_Hmedium_PWbase_B0.05,100,0.75,0.75,3,3,low,1.25,uniform,medium,base,0.05,100.0,20.0,1.0,peripheral,448451.8260960866,601.1030873098799,0.0,0.0,447850.7230087767,447850.7230087767,3879.860639888544,2814.6381779588423,3571.895460745529,10266.394278592916,387986.0639888544,56292.76355917685,3571.895460745529,0.0,561.7513864148622,751.3788591373498,0.0,100,0,0.0,0,0,0.0,0.0,0.0,0.0,0.0,0.0,0,0.0,0.0,0,3675,3675,29.781967878341675,25.0,0.0,450.0,False,infeasible,nils_complete,448451.8260960866,751.3788591373498,,0.0,,0.0,False,feasible_only,0.0,,False,,,,
S0064_R10,6402036,truck_only,S0064,n100_p0.75_d3_uniform_Elow_V1.25_Hmedium_PWbase_B0.05,100,0.75,0.75,3,3,low,1.25,uniform,medium,base,0.05,100.0,20.0,1.0,peripheral,567806.2832836144,632.3275820899815,0.0,0.0,567173.9557015245,567173.9557015245,4724.408176518501,4601.5014322455745,2703.109404762804,12029.019013526879,472440.8176518501,92030.0286449115,2703.109404762804,0.0,529.8348638828116,790.4094776124764,0.0,100,0,0.0,0,0,0.0,0.0,0.0,0.0,0.0,0.0,0,0.0,0.0,0,0,0,0.12591552734375,0.0,0.0,0.0,False,infeasible,baseline_truck_only,567806.2832836144,790.4094776124764,,,,0.0,False,feasible_only,0.0,,False,,,,
S0064_R10,6402036,nils,S0064,n100_p0.75_d3_uniform_Elow_V1.25_Hmedium_PWbase_B0.05,100,0.75,0.75,3,3,low,1.25,uniform,medium,base,0.05,100.0,20.0,1.0,peripheral,567806.2832836144,632.3275820899815,0.0,0.0,567173.9557015245,567173.9557015245,4724.408176518501,4601.5014322455745,2703.109404762804,12029.019013526879,472440.8176518501,92030.0286449115,2703.109404762804,0.0,529.8348638828116,790.4094776124764,0.0,100,0,0.0,0,0,0.0,0.0,0.0,0.0,0.0,0.0,0,0.0,0.0,0,3075,3075,28.49423861503601,25.0,0.0,675.0,False,infeasible,nils_complete,567806.2832836144,790.4094776124764,,0.0,,0.0,False,feasible_only,0.0,,False,,,,
S0065_R01,6502027,truck_only,S0065,n100_p0.75_d3_uniform_Elow_V2.00_Hshort_PWstrict_B0.05,100,0.75,0.75,3,3,low,2.0,uniform,short,strict,0.05,200.0,40.0,1.0,peripheral,882125.3570966431,617.1390533581013,0.0,0.0,881508.218043285,881508.218043285,3433.9129287656265,4796.059956425204,2883.234033151571,11113.206918342403,686782.5857531253,191842.39825700817,2883.234033151571,0.0,596.9253811478119,771.423816697627,0.0,100,0,0.0,0,0,0.0,0.0,0.0,0.0,0.0,0.0,0,0.0,0.0,0,0,0,0.11181497573852539,0.0,0.0,0.0,False,infeasible,baseline_truck_only,882125.3570966431,771.423816697627,,,,0.0,False,feasible_only,0.0,,False,,,,
S0065_R01,6502027,nils,S0065,n100_p0.75_d3_uniform_Elow_V2.00_Hshort_PWstrict_B0.05,100,0.75,0.75,3,3,low,2.0,uniform,short,strict,0.05,200.0,40.0,1.0,peripheral,882125.3570966431,617.1390533581013,0.0,0.0,881508.218043285,881508.218043285,3433.9129287656265,4796.059956425204,2883.234033151571,11113.206918342403,686782.5857531253,191842.39825700817,2883.234033151571,0.0,596.9253811478119,771.423816697627,0.0,100,0,0.0,0,0,0.0,0.0,0.0,0.0,0.0,0.0,0,0.0,0.0,0,450,450,37.96209144592285,25.0,0.0,1500.0,False,infeasible,nils_complete,882125.3570966431,771.423816697627,,0.0,,0.0,False,feasible_only,0.0,,False,,,,
S0065_R02,6502028,truck_only,S0065,n100_p0.75_d3_uniform_Elow_V2.00_Hshort_PWstrict_B0.05,100,0.75,0.75,3,3,low,2.0,uniform,short,strict,0.05,200.0,40.0,1.0,peripheral,744335.7390738106,585.7300978533315,0.0,0.0,743750.0089759573,743750.0089759573,2672.9227586271845,5148.2768418332,3234.3835771925546,11055.58317765294,534584.5517254369,205931.07367332798,3234.3835771925546,0.0,588.8434147667323,732.162622316664,0.0,100,0,0.0,0,0,0.0,0.0,0.0,0.0,0.0,0.0,0,0.0,0.0,0,0,0,0.11115765571594238,0.0,0.0,0.0,False,infeasible,baseline_truck_only,744335.7390738106,732.162622316664,,,,0.0,False,feasible_only,0.0,,False,,,,
S0065_R02,6502028,nils,S0065,n100_p0.75_d3_uniform_Elow_V2.00_Hshort_PWstrict_B0.05,100,0.75,0.75,3,3,low,2.0,uniform,short,strict,0.05,200.0,40.0,1.0,peripheral,744335.7390738106,585.7300978533315,0.0,0.0,743750.0089759573,743750.0089759573,2672.9227586271845,5148.2768418332,3234.3835771925546,11055.58317765294,534584.5517254369,205931.07367332798,3234.3835771925546,0.0,588.8434147667323,732.162622316664,0.0,100,0,0.0,0,0,0.0,0.0,0.0,0.0,0.0,0.0,0,0.0,0.0,0,225,225,37.33290076255798,25.0,0.0,1500.0,False,infeasible,nils_complete,744335.7390738106,732.162622316664,,0.0,,0.0,False,feasible_only,0.0,,False,,,,
S0065_R03,6502029,truck_only,S0065,n100_p0.75_d3_uniform_Elow_V2.00_Hshort_PWstrict_B0.05,100,0.75,0.75,3,3,low,2.0,uniform,short,strict,0.05,200.0,40.0,1.0,peripheral,1076730.0880201603,652.9983326353392,0.0,0.0,1076077.089687525,1076077.089687525,4382.130681460475,4875.300139933763,4638.947798079747,13896.378619473986,876426.136292095,195012.0055973505,4638.947798079747,0.0,673.8327415603965,816.2479157941743,0.0,100,0,0.0,0,0,0.0,0.0,0.0,0.0,0.0,0.0,0,0.0,0.0,0,0,0,0.12149405479431152,0.0,0.0,0.0,False,infeasible,baseline_truck_only,1076730.0880201603,816.2479157941743,,,,0.0,False,feasible_only,0.0,,False,,,,
S0065_R03,6502029,nils,S0065,n100_p0.75_d3_uniform_Elow_V2.00_Hshort_PWstrict_B0.05,100,0.75,0.75,3,3,low,2.0,uniform,short,strict,0.05,200.0,40.0,1.0,peripheral,1076730.0880201603,652.9983326353392,0.0,0.0,1076077.089687525,1076077.089687525,4382.130681460475,4875.300139933763,4638.947798079747,13896.378619473986,876426.136292095,195012.0055973505,4638.947798079747,0.0,673.8327415603965,816.2479157941743,0.0,100,0,0.0,0,0,0.0,0.0,0.0,0.0,0.0,0.0,0,0.0,0.0,0,525,525,37.091915130615234,25.0,0.0,1050.0,False,infeasible,nils_complete,1076730.0880201603,816.2479157941743,,0.0,,0.0,False,feasible_only,0.0,,False,,,,
S0065_R04,6502030,truck_only,S0065,n100_p0.75_d3_uniform_Elow_V2.00_Hshort_PWstrict_B0.05,100,0.75,0.75,3,3,low,2.0,uniform,short,strict,0.05,200.0,40.0,1.0,peripheral,898999.2053448943,622.6954459770344,0.0,0.0,898376.5098989173,898376.5098989173,3487.883711235119,4976.8660157733275,1725.1270209608067,10189.876747969252,697576.7422470237,199074.6406309331,1725.1270209608067,0.0,505.75202861958456,778.369307471293,0.0,100,0,0.0,0,0,0.0,0.0,0.0,0.0,0.0,0.0,0,0.0,0.0,0,0,0,0.12095761299133301,0.0,0.0,0.0,False,infeasible,baseline_truck_only,898999.2053448943,778.369307471293,,,,0.0,False,feasible_only,0.0,,False,,,,
S0065_R04,6502030,nils,S0065,n100_p0.75_d3_uniform_Elow_V2.00_Hshort_PWstrict_B0.05,100,0.75,0.75,3,3,low,2.0,uniform,short,strict,0.05,200.0,40.0,1.0,peripheral,98356.42236161501,307.6963607474742,43.822954888834246,0.0,98004.9030459787,98004.9030459787,322.2692854805922,838.7761487465061,0.0,1161.0454342270982,64453.85709611844,33551.04594986024,0.0,0.0,260.60365199484954,384.6204509343427,146.07651629611414,83,17,0.17,3,3,5.666666666666667,5.666666666666667,0.0,0.0,0.0,0.0,0,0.9445665151296186,0.9483775787021372,3,2968,2968,17.782091856002808,25.0,17.0,1826.0,True,feasible,nils_complete,898999.2053448943,778.369307471293,,89.05934268052204,,50.58638010999324,True,feasible_only,0.0,98356.42236161501,True,,,,
S0065_R05,6502031,truck_only,S0065,n100_p0.75_d3_uniform_Elow_V2.00_Hshort_PWstrict_B0.05,100,0.75,0.75,3,3,low,2.0,uniform,short,strict,0.05,200.0,40.0,1.0,peripheral,1038244.3904616529,621.65592714397,0.0,0.0,1037622.7345345089,1037622.7345345089,4525.016334586422,3261.5486612986624,2157.5211652781195,9944.086161163204,905003.2669172845,130461.9464519465,2157.5211652781195,0.0,547.4762112654279,777.0699089299624,0.0,100,0,0.0,0,0,0.0,0.0,0.0,0.0,0.0,0.0,0,0.0,0.0,0,0,0,0.09957313537597656,0.0,0.0,0.0,False,infeasible,baseline_truck_only,1038244.3904616529,777.0699089299624,,,,0.0,False,feasible_only,0.0,,False,,,,
S0065_R05,6502031,nils,S0065,n100_p0.75_d3_uniform_Elow_V2.00_Hshort_PWstrict_B0.05,100,0.75,0.75,3,3,low,2.0,uniform,short,strict,0.05,200.0,40.0,1.0,peripheral,1038244.3904616529,621.65592714397,0.0,0.0,1037622.7345345089,1037622.7345345089,4525.016334586422,3261.5486612986624,2157.5211652781195,9944.086161163204,905003.2669172845,130461.9464519465,2157.5211652781195,0.0,547.4762112654279,777.0699089299624,0.0,100,0,0.0,0,0,0.0,0.0,0.0,0.0,0.0,0.0,0,0.0,0.0,0,375,375,42.245424032211304,25.0,0.0,2550.0,False,infeasible,nils_complete,1038244.3904616529,777.0699089299624,,0.0,,0.0,False,feasible_only,0.0,,False,,,,
S0065_R06,6502032,truck_only,S0065,n100_p0.75_d3_uniform_Elow_V2.00_Hshort_PWstrict_B0.05,100,0.75,0.75,3,3,low,2.0,uniform,short,strict,0.05,200.0,40.0,1.0,peripheral,1003936.0569303536,594.2921026908753,0.0,0.0,1003341.7648276627,1003341.7648276627,4067.2934021609753,4670.308503469127,3070.744256702756,11808.346162332857,813458.6804321951,186812.34013876505,3070.744256702756,0.0,616.5604325501022,742.8651283635937,0.0,100,0,0.0,0,0,0.0,0.0,0.0,0.0,0.0,0.0,0,0.0,0.0,0,0,0,0.14002132415771484,0.0,0.0,0.0,False,infeasible,baseline_truck_only,1003936.0569303536,742.8651283635937,,,,0.0,False,feasible_only,0.0,,False,,,,
S0065_R06,6502032,nils,S0065,n100_p0.75_d3_uniform_Elow_V2.00_Hshort_PWstrict_B0.05,100,0.75,0.75,3,3,low,2.0,uniform,short,strict,0.05,200.0,40.0,1.0,peripheral,1003936.0569303536,594.2921026908753,0.0,0.0,1003341.7648276627,1003341.7648276627,4067.2934021609753,4670.308503469127,3070.744256702756,11808.346162332857,813458.6804321951,186812.34013876505,3070.744256702756,0.0,616.5604325501022,742.8651283635937,0.0,100,0,0.0,0,0,0.0,0.0,0.0,0.0,0.0,0.0,0,0.0,0.0,0,300,300,45.562145948410034,25.0,0.0,3150.0,False,infeasible,nils_complete,1003936.0569303536,742.8651283635937,,0.0,,0.0,False,feasible_only,0.0,,False,,,,
S0065_R07,6502033,truck_only,S0065,n100_p0.75_d3_uniform_Elow_V2.00_Hshort_PWstrict_B0.05,100,0.75,0.75,3,3,low,2.0,uniform,short,strict,0.05,200.0,40.0,1.0,peripheral,1434289.1112840676,676.5457315761337,0.0,0.0,1433612.5655524915,1433612.5655524915,6187.950756441796,4831.944659957607,2744.627865828785,13764.523282228187,1237590.1512883592,193277.78639830428,2744.627865828785,0.0,577.3396378653747,845.6821644701674,0.0,100,0,0.0,0,0,0.0,0.0,0.0,0.0,0.0,0.0,0,0.0,0.0,0,0,0,0.10816383361816406,0.0,0.0,0.0,False,infeasible,baseline_truck_only,1434289.1112840676,845.6821644701674,,,,0.0,False,feasible_only,0.0,,False,,,,
S0065_R07,6502033,nils,S0065,n100_p0.75_d3_uniform_Elow_V2.00_Hshort_PWstrict_B0.05,100,0.75,0.75,3,3,low,2.0,uniform,short,strict,0.05,200.0,40.0,1.0,peripheral,1434289.1112840676,676.5457315761337,0.0,0.0,1433612.5655524915,1433612.5655524915,6187.950756441796,4831.944659957607,2744.627865828785,13764.523282228187,1237590.1512883592,193277.78639830428,2744.627865828785,0.0,577.3396378653747,845.6821644701674,0.0,100,0,0.0,0,0,0.0,0.0,0.0,0.0,0.0,0.0,0,0.0,0.0,0,300,300,40.437554597854614,25.0,0.0,1875.0,False,infeasible,nils_complete,1434289.1112840676,845.6821644701674,,0.0,,0.0,False,feasible_only,0.0,,False,,,,
S0065_R08,6502034,truck_only,S0065,n100_p0.75_d3_uniform_Elow_V2.00_Hshort_PWstrict_B0.05,100,0.75,0.75,3,3,low,2.0,uniform,short,strict,0.05,200.0,40.0,1.0,peripheral,914130.7590382593,698.2854881224406,0.0,0.0,913432.4735501368,913432.4735501368,3585.7125147622396,4824.845576038042,3296.147556166958,11706.705646967239,717142.502952448,192993.82304152168,3296.147556166958,0.0,559.3818107520233,872.8568601530509,0.0,100,0,0.0,0,0,0.0,0.0,0.0,0.0,0.0,0.0,0,0.0,0.0,0,0,0,0.1636354923248291,0.0,0.0,0.0,False,infeasible,baseline_truck_only,914130.7590382593,872.8568601530509,,,,0.0,False,feasible_only,0.0,,False,,,,
S0065_R08,6502034,nils,S0065,n100_p0.75_d3_uniform_Elow_V2.00_Hshort_PWstrict_B0.05,100,0.75,0.75,3,3,low,2.0,uniform,short,strict,0.05,200.0,40.0,1.0,peripheral,914130.7590382593,698.2854881224406,0.0,0.0,913432.4735501368,913432.4735501368,3585.7125147622396,4824.845576038042,3296.147556166958,11706.705646967239,717142.502952448,192993.82304152168,3296.147556166958,0.0,559.3818107520233,872.8568601530509,0.0,100,0,0.0,0,0,0.0,0.0,0.0,0.0,0.0,0.0,0,0.0,0.0,0,0,0,35.09103298187256,25.0,0.0,1350.0,False,infeasible,nils_complete,914130.7590382593,872.8568601530509,,0.0,,0.0,False,feasible_only,0.0,,False,,,,
S0065_R09,6502035,truck_only,S0065,n100_p0.75_d3_uniform_Elow_V2.00_Hshort_PWstrict_B0.05,100,0.75,0.75,3,3,low,2.0,uniform,short,strict,0.05,200.0,40.0,1.0,peripheral,1634192.736116388,646.6067105128133,0.0,0.0,1633546.1294058752,1633546.1294058752,6969.91744381967,5928.138540373882,2437.099026985872,15335.155011179424,1393983.488763934,237125.5416149553,2437.099026985872,0.0,643.8151078447631,808.2583881410167,0.0,100,0,0.0,0,0,0.0,0.0,0.0,0.0,0.0,0.0,0,0.0,0.0,0,0,0,0.11661815643310547,0.0,0.0,0.0,False,infeasible,baseline_truck_only,1634192.736116388,808.2583881410167,,,,0.0,False,feasible_only,0.0,,False,,,,
S0065_R09,6502035,nils,S0065,n100_p0.75_d3_uniform_Elow_V2.00_Hshort_PWstrict_B0.05,100,0.75,0.75,3,3,low,2.0,uniform,short,strict,0.05,200.0,40.0,1.0,peripheral,1634192.736116388,646.6067105128133,0.0,0.0,1633546.1294058752,1633546.1294058752,6969.91744381967,5928.138540373882,2437.099026985872,15335.155011179424,1393983.488763934,237125.5416149553,2437.099026985872,0.0,643.8151078447631,808.2583881410167,0.0,100,0,0.0,0,0,0.0,0.0,0.0,0.0,0.0,0.0,0,0.0,0.0,0,225,225,44.627890825271606,25.0,0.0,2700.0,False,infeasible,nils_complete,1634192.736116388,808.2583881410167,,0.0,,0.0,False,feasible_only,0.0,,False,,,,
S0065_R10,6502036,truck_only,S0065,n100_p0.75_d3_uniform_Elow_V2.00_Hshort_PWstrict_B0.05,100,0.75,0.75,3,3,low,2.0,uniform,short,strict,0.05,200.0,40.0,1.0,peripheral,863327.7384928802,713.0271594048609,0.0,0.0,862614.7113334754,862614.7113334754,3349.7121490740924,4691.132806543767,5026.969256905926,13067.814212523786,669942.4298148184,187645.3122617507,5026.969256905926,0.0,662.5772737303919,891.2839492560763,0.0,100,0,0.0,0,0,0.0,0.0,0.0,0.0,0.0,0.0,0,0.0,0.0,0,0,0,0.14166903495788574,0.0,0.0,0.0,False,infeasible,baseline_truck_only,863327.7384928802,891.2839492560763,,,,0.0,False,feasible_only,0.0,,False,,,,
S0065_R10,6502036,nils,S0065,n100_p0.75_d3_uniform_Elow_V2.00_Hshort_PWstrict_B0.05,100,0.75,0.75,3,3,low,2.0,uniform,short,strict,0.05,200.0,40.0,1.0,peripheral,863327.7384928802,713.0271594048609,0.0,0.0,862614.7113334754,862614.7113334754,3349.7121490740924,4691.132806543767,5026.969256905926,13067.814212523786,669942.4298148184,187645.3122617507,5026.969256905926,0.0,662.5772737303919,891.2839492560763,0.0,100,0,0.0,0,0,0.0,0.0,0.0,0.0,0.0,0.0,0,0.0,0.0,0,375,375,39.100860834121704,25.0,0.0,2475.0,False,infeasible,nils_complete,863327.7384928802,891.2839492560763,,0.0,,0.0,False,feasible_only,0.0,,False,,,,
S0066_R01,6602027,truck_only,S0066,n100_p0.75_d3_uniform_Elow_V2.00_Hlong_PWmoderate_B0.05,100,0.75,0.75,3,3,low,2.0,uniform,long,moderate,0.05,20.0,5.0,1.0,peripheral,102617.0738786574,628.5550282043741,0.0,0.0,101988.51885045302,101988.51885045302,3678.8427310729994,4955.776338835583,3632.78253481514,12267.401604723722,73576.85462145999,24778.881694177915,3632.78253481514,0.0,627.0639968773254,785.6937852554676,0.0,100,0,0.0,0,0,0.0,0.0,0.0,0.0,0.0,0.0,0,0.0,0.0,0,0,0,0.13591217994689941,0.0,0.0,0.0,False,infeasible,baseline_truck_only,102617.0738786574,785.6937852554676,,,,0.0,False,feasible_only,0.0,,False,,,,
S0066_R01,6602027,nils,S0066,n100_p0.75_d3_uniform_Elow_V2.00_Hlong_PWmoderate_B0.05,100,0.75,0.75,3,3,low,2.0,uniform,long,moderate,0.05,20.0,5.0,1.0,peripheral,102617.0738786574,628.5550282043741,0.0,0.0,101988.51885045302,101988.51885045302,3678.8427310729994,4955.776338835583,3632.78253481514,12267.401604723722,73576.85462145999,24778.881694177915,3632.78253481514,0.0,627.0639968773254,785.6937852554676,0.0,100,0,0.0,0,0,0.0,0.0,0.0,0.0,0.0,0.0,0,0.0,0.0,0,375,375,42.02533316612244,25.0,0.0,2250.0,False,infeasible,nils_complete,102617.0738786574,785.6937852554676,,0.0,,0.0,False,feasible_only,0.0,,False,,,,
S0066_R02,6602028,truck_only,S0066,n100_p0.75_d3_uniform_Elow_V2.00_Hlong_PWmoderate_B0.05,100,0.75,0.75,3,3,low,2.0,uniform,long,moderate,0.05,20.0,5.0,1.0,peripheral,121308.56914419428,675.3290077733129,0.0,0.0,120633.24013642097,120633.24013642097,4725.650681648321,4495.668210131249,3641.8854527983062,12863.204344577876,94513.01363296641,22478.341050656243,3641.8854527983062,0.0,625.5328268652107,844.1612597166411,0.0,100,0,0.0,0,0,0.0,0.0,0.0,0.0,0.0,0.0,0,0.0,0.0,0,0,0,0.12204504013061523,0.0,0.0,0.0,False,infeasible,baseline_truck_only,121308.56914419428,844.1612597166411,,,,0.0,False,feasible_only,0.0,,False,,,,
S0066_R02,6602028,nils,S0066,n100_p0.75_d3_uniform_Elow_V2.00_Hlong_PWmoderate_B0.05,100,0.75,0.75,3,3,low,2.0,uniform,long,moderate,0.05,20.0,5.0,1.0,peripheral,121308.56914419428,675.3290077733129,0.0,0.0,120633.24013642097,120633.24013642097,4725.650681648321,4495.668210131249,3641.8854527983062,12863.204344577876,94513.01363296641,22478.341050656243,3641.8854527983062,0.0,625.5328268652107,844.1612597166411,0.0,100,0,0.0,0,0,0.0,0.0,0.0,0.0,0.0,0.0,0,0.0,0.0,0,525,525,32.68823051452637,25.0,0.0,1125.0,False,infeasible,nils_complete,121308.56914419428,844.1612597166411,,0.0,,0.0,False,feasible_only,0.0,,False,,,,
S0066_R03,6602029,truck_only,S0066,n100_p0.75_d3_uniform_Elow_V2.00_Hlong_PWmoderate_B0.05,100,0.75,0.75,3,3,low,2.0,uniform,long,moderate,0.05,20.0,5.0,1.0,peripheral,90148.29169031717,615.897048254382,0.0,0.0,89532.39464206279,89532.39464206279,3365.8561007869866,4078.4846433355347,1822.8494096453924,9267.190153767913,67317.12201573973,20392.423216677675,1822.8494096453924,0.0,528.7665040680989,769.8713103179774,0.0,100,0,0.0,0,0,0.0,0.0,0.0,0.0,0.0,0.0,0,0.0,0.0,0,0,0,0.12535786628723145,0.0,0.0,0.0,False,infeasible,baseline_truck_only,90148.29169031717,769.8713103179774,,,,0.0,False,feasible_only,0.0,,False,,,,
S0066_R03,6602029,nils,S0066,n100_p0.75_d3_uniform_Elow_V2.00_Hlong_PWmoderate_B0.05,100,0.75,0.75,3,3,low,2.0,uniform,long,moderate,0.05,20.0,5.0,1.0,peripheral,90148.29169031717,615.897048254382,0.0,0.0,89532.39464206279,89532.39464206279,3365.8561007869866,4078.4846433355347,1822.8494096453924,9267.190153767913,67317.12201573973,20392.423216677675,1822.8494096453924,0.0,528.7665040680989,769.8713103179774,0.0,100,0,0.0,0,0,0.0,0.0,0.0,0.0,0.0,0.0,0,0.0,0.0,0,525,525,35.3391273021698,25.0,0.0,1350.0,False,infeasible,nils_complete,90148.29169031717,769.8713103179774,,0.0,,0.0,False,feasible_only,0.0,,False,,,,
S0066_R04,6602030,truck_only,S0066,n100_p0.75_d3_uniform_Elow_V2.00_Hlong_PWmoderate_B0.05,100,0.75,0.75,3,3,low,2.0,uniform,long,moderate,0.05,20.0,5.0,1.0,peripheral,159769.59644038192,632.1612898875289,0.0,0.0,159137.4351504944,159137.4351504944,6554.401597574074,4636.9459625454465,4864.673386285611,16056.020946405131,131088.03195148148,23184.729812727233,4864.673386285611,0.0,684.4553726085724,790.2016123594108,0.0,100,0,0.0,0,0,0.0,0.0,0.0,0.0,0.0,0.0,0,0.0,0.0,0,0,0,0.10490822792053223,0.0,0.0,0.0,False,infeasible,baseline_truck_only,159769.59644038192,790.2016123594108,,,,0.0,False,feasible_only,0.0,,False,,,,
S0066_R04,6602030,nils,S0066,n100_p0.75_d3_uniform_Elow_V2.00_Hlong_PWmoderate_B0.05,100,0.75,0.75,3,3,low,2.0,uniform,long,moderate,0.05,20.0,5.0,1.0,peripheral,159769.59644038192,632.1612898875289,0.0,0.0,159137.4351504944,159137.4351504944,6554.401597574074,4636.9459625454465,4864.673386285611,16056.020946405131,131088.03195148148,23184.729812727233,4864.673386285611,0.0,684.4553726085724,790.2016123594108,0.0,100,0,0.0,0,0,0.0,0.0,0.0,0.0,0.0,0.0,0,0.0,0.0,0,525,525,33.91432023048401,25.0,0.0,675.0,False,infeasible,nils_complete,159769.59644038192,790.2016123594108,,0.0,,0.0,False,feasible_only,0.0,,False,,,,
S0066_R05,6602031,truck_only,S0066,n100_p0.75_d3_uniform_Elow_V2.00_Hlong_PWmoderate_B0.05,100,0.75,0.75,3,3,low,2.0,uniform,long,moderate,0.05,20.0,5.0,1.0,peripheral,119350.51068056843,638.6708353137111,0.0,0.0,118711.83984525473,118711.83984525473,4683.3410695896055,4470.485855112858,2692.589177898355,11846.416102600819,93666.82139179211,22352.42927556429,2692.589177898355,0.0,553.8980402563734,798.338544142139,0.0,100,0,0.0,0,0,0.0,0.0,0.0,0.0,0.0,0.0,0,0.0,0.0,0,0,0,0.19910383224487305,0.0,0.0,0.0,False,infeasible,baseline_truck_only,119350.51068056843,798.338544142139,,,,0.0,False,feasible_only,0.0,,False,,,,
S0066_R05,6602031,nils,S0066,n100_p0.75_d3_uniform_Elow_V2.00_Hlong_PWmoderate_B0.05,100,0.75,0.75,3,3,low,2.0,uniform,long,moderate,0.05,20.0,5.0,1.0,peripheral,119350.51068056843,638.6708353137111,0.0,0.0,118711.83984525473,118711.83984525473,4683.3410695896055,4470.485855112858,2692.589177898355,11846.416102600819,93666.82139179211,22352.42927556429,2692.589177898355,0.0,553.8980402563734,798.338544142139,0.0,100,0,0.0,0,0,0.0,0.0,0.0,0.0,0.0,0.0,0,0.0,0.0,0,225,225,46.82630515098572,25.0,0.0,3450.0,False,infeasible,nils_complete,119350.51068056843,798.338544142139,,0.0,,0.0,False,feasible_only,0.0,,False,,,,
S0066_R06,6602032,truck_only,S0066,n100_p0.75_d3_uniform_Elow_V2.00_Hlong_PWmoderate_B0.05,100,0.75,0.75,3,3,low,2.0,uniform,long,moderate,0.05,20.0,5.0,1.0,peripheral,101060.35606015446,719.0552377097827,0.0,0.0,100341.30082244468,100341.30082244468,3388.1768216253827,5400.61961770687,5574.666301402705,14363.462740734958,67763.53643250765,27003.09808853435,5574.666301402705,0.0,716.5789103681739,898.8190471372278,0.0,100,0,0.0,0,0,0.0,0.0,0.0,0.0,0.0,0.0,0,0.0,0.0,0,0,0,0.1300363540649414,0.0,0.0,0.0,False,infeasible,baseline_truck_only,101060.35606015446,898.8190471372278,,,,0.0,False,feasible_only,0.0,,False,,,,
S0066_R06,6602032,nils,S0066,n100_p0.75_d3_uniform_Elow_V2.00_Hlong_PWmoderate_B0.05,100,0.75,0.75,3,3,low,2.0,uniform,long,moderate,0.05,20.0,5.0,1.0,peripheral,101060.35606015446,719.0552377097827,0.0,0.0,100341.30082244468,100341.30082244468,3388.1768216253827,5400.61961770687,5574.666301402705,14363.462740734958,67763.53643250765,27003.09808853435,5574.666301402705,0.0,716.5789103681739,898.8190471372278,0.0,100,0,0.0,0,0,0.0,0.0,0.0,0.0,0.0,0.0,0,0.0,0.0,0,375,375,35.250993967056274,25.0,0.0,1200.0,False,infeasible,nils_complete,101060.35606015446,898.8190471372278,,0.0,,0.0,False,feasible_only,0.0,,False,,,,
S0066_R07,6602033,truck_only,S0066,n100_p0.75_d3_uniform_Elow_V2.00_Hlong_PWmoderate_B0.05,100,0.75,0.75,3,3,low,2.0,uniform,long,moderate,0.05,20.0,5.0,1.0,peripheral,117499.6152563438,645.9036517950979,0.0,0.0,116853.71160454869,116853.71160454869,4518.774977227709,4661.57916826876,3170.3162186506725,12350.670364147141,90375.49954455419,23307.8958413438,3170.3162186506725,0.0,547.3462504538395,807.3795647438722,0.0,100,0,0.0,0,0,0.0,0.0,0.0,0.0,0.0,0.0,0,0.0,0.0,0,0,0,0.14618349075317383,0.0,0.0,0.0,False,infeasible,baseline_truck_only,117499.6152563438,807.3795647438722,,,,0.0,False,feasible_only,0.0,,False,,,,
S0066_R07,6602033,nils,S0066,n100_p0.75_d3_uniform_Elow_V2.00_Hlong_PWmoderate_B0.05,100,0.75,0.75,3,3,low,2.0,uniform,long,moderate,0.05,20.0,5.0,1.0,peripheral,117499.6152563438,645.9036517950979,0.0,0.0,116853.71160454869,116853.71160454869,4518.774977227709,4661.57916826876,3170.3162186506725,12350.670364147141,90375.49954455419,23307.8958413438,3170.3162186506725,0.0,547.3462504538395,807.3795647438722,0.0,100,0,0.0,0,0,0.0,0.0,0.0,0.0,0.0,0.0,0,0.0,0.0,0,300,300,37.41398286819458,25.0,0.0,1125.0,False,infeasible,nils_complete,117499.6152563438,807.3795647438722,,0.0,,0.0,False,feasible_only,0.0,,False,,,,
S0066_R08,6602034,truck_only,S0066,n100_p0.75_d3_uniform_Elow_V2.00_Hlong_PWmoderate_B0.05,100,0.75,0.75,3,3,low,2.0,uniform,long,moderate,0.05,20.0,5.0,1.0,peripheral,118057.6874829557,702.5564812079364,0.0,0.0,117355.13100174777,117355.13100174777,4927.537552308764,2425.676728168935,6675.996314727822,14029.21059520552,98550.75104617528,12128.383640844675,6675.996314727822,0.0,719.7864574087832,878.1956015099202,0.0,100,0,0.0,0,0,0.0,0.0,0.0,0.0,0.0,0.0,0,0.0,0.0,0,0,0,0.19184470176696777,0.0,0.0,0.0,False,infeasible,baseline_truck_only,118057.6874829557,878.1956015099202,,,,0.0,False,feasible_only,0.0,,False,,,,
S0066_R08,6602034,nils,S0066,n100_p0.75_d3_uniform_Elow_V2.00_Hlong_PWmoderate_B0.05,100,0.75,0.75,3,3,low,2.0,uniform,long,moderate,0.05,20.0,5.0,1.0,peripheral,118057.6874829557,702.5564812079364,0.0,0.0,117355.13100174777,117355.13100174777,4927.537552308764,2425.676728168935,6675.996314727822,14029.21059520552,98550.75104617528,12128.383640844675,6675.996314727822,0.0,719.7864574087832,878.1956015099202,0.0,100,0,0.0,0,0,0.0,0.0,0.0,0.0,0.0,0.0,0,0.0,0.0,0,300,300,35.13572835922241,25.0,0.0,1350.0,False,infeasible,nils_complete,118057.6874829557,878.1956015099202,,0.0,,0.0,False,feasible_only,0.0,,False,,,,
S0066_R09,6602035,truck_only,S0066,n100_p0.75_d3_uniform_Elow_V2.00_Hlong_PWmoderate_B0.05,100,0.75,0.75,3,3,low,2.0,uniform,long,moderate,0.05,20.0,5.0,1.0,peripheral,139243.65941180513,673.9172891984882,0.0,0.0,138569.74212260664,138569.74212260664,5867.571407446664,3578.610234496709,3325.262801189793,12771.444443133165,117351.42814893328,17893.051172483545,3325.262801189793,0.0,609.6372943117046,842.3966114981107,0.0,100,0,0.0,0,0,0.0,0.0,0.0,0.0,0.0,0.0,0,0.0,0.0,0,0,0,0.09306049346923828,0.0,0.0,0.0,False,infeasible,baseline_truck_only,139243.65941180513,842.3966114981107,,,,0.0,False,feasible_only,0.0,,False,,,,
S0066_R09,6602035,nils,S0066,n100_p0.75_d3_uniform_Elow_V2.00_Hlong_PWmoderate_B0.05,100,0.75,0.75,3,3,low,2.0,uniform,long,moderate,0.05,20.0,5.0,1.0,peripheral,139243.65941180513,673.9172891984882,0.0,0.0,138569.74212260664,138569.74212260664,5867.571407446664,3578.610234496709,3325.262801189793,12771.444443133165,117351.42814893328,17893.051172483545,3325.262801189793,0.0,609.6372943117046,842.3966114981107,0.0,100,0,0.0,0,0,0.0,0.0,0.0,0.0,0.0,0.0,0,0.0,0.0,0,375,375,28.396878719329834,25.0,0.0,1425.0,False,infeasible,nils_complete,139243.65941180513,842.3966114981107,,0.0,,0.0,False,feasible_only,0.0,,False,,,,
S0066_R10,6602036,truck_only,S0066,n100_p0.75_d3_uniform_Elow_V2.00_Hlong_PWmoderate_B0.05,100,0.75,0.75,3,3,low,2.0,uniform,long,moderate,0.05,20.0,5.0,1.0,peripheral,121411.71079343643,669.4778942432554,0.0,0.0,120742.23289919317,120742.23289919317,4853.95366858613,4144.801475277936,2939.1521510808725,11937.907294944938,97079.07337172261,20724.00737638968,2939.1521510808725,0.0,539.2742490784642,836.8473678040691,0.0,100,0,0.0,0,0,0.0,0.0,0.0,0.0,0.0,0.0,0,0.0,0.0,0,0,0,0.08679008483886719,0.0,0.0,0.0,False,infeasible,baseline_truck_only,121411.71079343643,836.8473678040691,,,,0.0,False,feasible_only,0.0,,False,,,,
S0066_R10,6602036,nils,S0066,n100_p0.75_d3_uniform_Elow_V2.00_Hlong_PWmoderate_B0.05,100,0.75,0.75,3,3,low,2.0,uniform,long,moderate,0.05,20.0,5.0,1.0,peripheral,121411.71079343643,669.4778942432554,0.0,0.0,120742.23289919317,120742.23289919317,4853.95366858613,4144.801475277936,2939.1521510808725,11937.907294944938,97079.07337172261,20724.00737638968,2939.1521510808725,0.0,539.2742490784642,836.8473678040691,0.0,100,0,0.0,0,0,0.0,0.0,0.0,0.0,0.0,0.0,0,0.0,0.0,0,375,375,29.278446674346924,25.0,0.0,1800.0,False,infeasible,nils_complete,121411.71079343643,836.8473678040691,,0.0,,0.0,False,feasible_only,0.0,,False,,,,
S0067_R01,6702027,truck_only,S0067,n100_p0.75_d3_uniform_Emedium_V1.25_Hmedium_PWstrict_B0.05,100,0.75,0.75,3,3,medium,1.25,uniform,medium,strict,0.05,200.0,40.0,1.0,peripheral,848420.0067024623,653.9981946640521,0.0,0.0,847766.0085077983,847766.0085077983,3366.1052090764174,4286.654387996015,3078.7911726744637,10731.550769746897,673221.0418152835,171466.17551984062,3078.7911726744637,0.0,561.8912431347806,817.4977433300652,0.0,100,0,0.0,0,0,0.0,0.0,0.0,0.0,0.0,0.0,0,0.0,0.0,0,0,0,0.09258437156677246,0.0,0.0,0.0,False,infeasible,baseline_truck_only,848420.0067024623,817.4977433300652,,,,0.0,False,feasible_only,0.0,,False,,,,
S0067_R01,6702027,nils,S0067,n100_p0.75_d3_uniform_Emedium_V1.25_Hmedium_PWstrict_B0.05,100,0.75,0.75,3,3,medium,1.25,uniform,medium,strict,0.05,200.0,40.0,1.0,peripheral,848420.0067024623,653.9981946640521,0.0,0.0,847766.0085077983,847766.0085077983,3366.1052090764174,4286.654387996015,3078.7911726744637,10731.550769746897,673221.0418152835,171466.17551984062,3078.7911726744637,0.0,561.8912431347806,817.4977433300652,0.0,100,0,0.0,0,0,0.0,0.0,0.0,0.0,0.0,0.0,0,0.0,0.0,0,600,600,37.78259873390198,25.0,0.0,3750.0,False,infeasible,nils_complete,848420.0067024623,817.4977433300652,,0.0,,0.0,False,feasible_only,0.0,,False,,,,
S0067_R02,6702028,truck_only,S0067,n100_p0.75_d3_uniform_Emedium_V1.25_Hmedium_PWstrict_B0.05,100,0.75,0.75,3,3,medium,1.25,uniform,medium,strict,0.05,200.0,40.0,1.0,peripheral,852626.6367527257,696.737706260365,0.0,0.0,851929.8990464653,851929.8990464653,3487.7127968728128,3749.942893951728,4389.623913833679,11627.279604658219,697542.5593745626,149997.71575806913,4389.623913833679,0.0,657.5673986600749,870.9221328254563,0.0,100,0,0.0,0,0,0.0,0.0,0.0,0.0,0.0,0.0,0,0.0,0.0,0,0,0,0.09847187995910645,0.0,0.0,0.0,False,infeasible,baseline_truck_only,852626.6367527257,870.9221328254563,,,,0.0,False,feasible_only,0.0,,False,,,,
S0067_R02,6702028,nils,S0067,n100_p0.75_d3_uniform_Emedium_V1.25_Hmedium_PWstrict_B0.05,100,0.75,0.75,3,3,medium,1.25,uniform,medium,strict,0.05,200.0,40.0,1.0,peripheral,852626.6367527257,696.737706260365,0.0,0.0,851929.8990464653,851929.8990464653,3487.7127968728128,3749.942893951728,4389.623913833679,11627.279604658219,697542.5593745626,149997.71575806913,4389.623913833679,0.0,657.5673986600749,870.9221328254563,0.0,100,0,0.0,0,0,0.0,0.0,0.0,0.0,0.0,0.0,0,0.0,0.0,0,525,525,33.47252321243286,25.0,0.0,2475.0,False,infeasible,nils_complete,852626.6367527257,870.9221328254563,,0.0,,0.0,False,feasible_only,0.0,,False,,,,
S0067_R03,6702029,truck_only,S0067,n100_p0.75_d3_uniform_Emedium_V1.25_Hmedium_PWstrict_B0.05,100,0.75,0.75,3,3,medium,1.25,uniform,medium,strict,0.05,200.0,40.0,1.0,peripheral,833731.747291827,677.1699584046007,0.0,0.0,833054.5773334224,833054.5773334224,3410.5280956695733,3698.2798135979206,3017.765655590809,10126.573564858303,682105.6191339147,147931.1925439168,3017.765655590809,0.0,539.9373702195534,846.4624480057506,0.0,100,0,0.0,0,0,0.0,0.0,0.0,0.0,0.0,0.0,0,0.0,0.0,0,0,0,0.10829854011535645,0.0,0.0,0.0,False,infeasible,baseline_truck_only,833731.747291827,846.4624480057506,,,,0.0,False,feasible_only,0.0,,False,,,,
S0067_R03,6702029,nils,S0067,n100_p0.75_d3_uniform_Emedium_V1.25_Hmedium_PWstrict_B0.05,100,0.75,0.75,3,3,medium,1.25,uniform,medium,strict,0.05,200.0,40.0,1.0,peripheral,833731.747291827,677.1699584046007,0.0,0.0,833054.5773334224,833054.5773334224,3410.5280956695733,3698.2798135979206,3017.765655590809,10126.573564858303,682105.6191339147,147931.1925439168,3017.765655590809,0.0,539.9373702195534,846.4624480057506,0.0,100,0,0.0,0,0,0.0,0.0,0.0,0.0,0.0,0.0,0,0.0,0.0,0,1200,1200,27.668739318847656,25.0,0.0,1125.0,False,infeasible,nils_complete,833731.747291827,846.4624480057506,,0.0,,0.0,False,feasible_only,0.0,,False,,,,
S0067_R04,6702030,truck_only,S0067,n100_p0.75_d3_uniform_Emedium_V1.25_Hmedium_PWstrict_B0.05,100,0.75,0.75,3,3,medium,1.25,uniform,medium,strict,0.05,200.0,40.0,1.0,peripheral,780473.8254927666,641.6698385436149,0.0,0.0,779832.1556542229,779832.1556542229,3081.9542518245435,3990.7681895926457,3810.577705608014,10883.300147025202,616390.8503649087,159630.72758370583,3810.577705608014,0.0,601.2400939193132,802.0872981795188,0.0,100,0,0.0,0,0,0.0,0.0,0.0,0.0,0.0,0.0,0,0.0,0.0,0,0,0,0.13370156288146973,0.0,0.0,0.0,False,infeasible,baseline_truck_only,780473.8254927666,802.0872981795188,,,,0.0,False,feasible_only,0.0,,False,,,,
S0067_R04,6702030,nils,S0067,n100_p0.75_d3_uniform_Emedium_V1.25_Hmedium_PWstrict_B0.05,100,0.75,0.75,3,3,medium,1.25,uniform,medium,strict,0.05,200.0,40.0,1.0,peripheral,780473.8254927666,641.6698385436149,0.0,0.0,779832.1556542229,779832.1556542229,3081.9542518245435,3990.7681895926457,3810.577705608014,10883.300147025202,616390.8503649087,159630.72758370583,3810.577705608014,0.0,601.2400939193132,802.0872981795188,0.0,100,0,0.0,0,0,0.0,0.0,0.0,0.0,0.0,0.0,0,0.0,0.0,0,825,825,28.75394344329834,25.0,0.0,1575.0,False,infeasible,nils_complete,780473.8254927666,802.0872981795188,,0.0,,0.0,False,feasible_only,0.0,,False,,,,
S0067_R05,6702031,truck_only,S0067,n100_p0.75_d3_uniform_Emedium_V1.25_Hmedium_PWstrict_B0.05,100,0.75,0.75,3,3,medium,1.25,uniform,medium,strict,0.05,200.0,40.0,1.0,peripheral,961154.6775101564,646.2141816067423,0.0,0.0,960508.4633285496,960508.4633285496,3524.7757320299024,6294.728279985126,3764.185723164189,13583.689735179218,704955.1464059805,251789.13119940506,3764.185723164189,0.0,673.4261698791441,807.7677270084272,0.0,100,0,0.0,0,0,0.0,0.0,0.0,0.0,0.0,0.0,0,0.0,0.0,0,0,0,0.13495516777038574,0.0,0.0,0.0,False,infeasible,baseline_truck_only,961154.6775101564,807.7677270084272,,,,0.0,False,feasible_only,0.0,,False,,,,
S0067_R05,6702031,nils,S0067,n100_p0.75_d3_uniform_Emedium_V1.25_Hmedium_PWstrict_B0.05,100,0.75,0.75,3,3,medium,1.25,uniform,medium,strict,0.05,200.0,40.0,1.0,peripheral,961154.6775101564,646.2141816067423,0.0,0.0,960508.4633285496,960508.4633285496,3524.7757320299024,6294.728279985126,3764.185723164189,13583.689735179218,704955.1464059805,251789.13119940506,3764.185723164189,0.0,673.4261698791441,807.7677270084272,0.0,100,0,0.0,0,0,0.0,0.0,0.0,0.0,0.0,0.0,0,0.0,0.0,0,975,975,34.7811803817749,25.0,0.0,2700.0,False,infeasible,nils_complete,961154.6775101564,807.7677270084272,,0.0,,0.0,False,feasible_only,0.0,,False,,,,
S0067_R06,6702032,truck_only,S0067,n100_p0.75_d3_uniform_Emedium_V1.25_Hmedium_PWstrict_B0.05,100,0.75,0.75,3,3,medium,1.25,uniform,medium,strict,0.05,200.0,40.0,1.0,peripheral,992017.6032809418,619.397620879527,0.0,0.0,991398.2056600623,991398.2056600623,3928.565033110452,5037.651502384179,4179.138942604423,13145.355478099056,785713.0066220905,201506.06009536717,4179.138942604423,0.0,662.0989423029544,774.247026099409,0.0,100,0,0.0,0,0,0.0,0.0,0.0,0.0,0.0,0.0,0,0.0,0.0,0,0,0,0.08832859992980957,0.0,0.0,0.0,False,infeasible,baseline_truck_only,992017.6032809418,774.247026099409,,,,0.0,False,feasible_only,0.0,,False,,,,
S0067_R06,6702032,nils,S0067,n100_p0.75_d3_uniform_Emedium_V1.25_Hmedium_PWstrict_B0.05,100,0.75,0.75,3,3,medium,1.25,uniform,medium,strict,0.05,200.0,40.0,1.0,peripheral,992017.6032809418,619.397620879527,0.0,0.0,991398.2056600623,991398.2056600623,3928.565033110452,5037.651502384179,4179.138942604423,13145.355478099056,785713.0066220905,201506.06009536717,4179.138942604423,0.0,662.0989423029544,774.247026099409,0.0,100,0,0.0,0,0,0.0,0.0,0.0,0.0,0.0,0.0,0,0.0,0.0,0,900,900,26.814705848693848,25.0,0.0,975.0,False,infeasible,nils_complete,992017.6032809418,774.247026099409,,0.0,,0.0,False,feasible_only,0.0,,False,,,,
S0067_R07,6702033,truck_only,S0067,n100_p0.75_d3_uniform_Emedium_V1.25_Hmedium_PWstrict_B0.05,100,0.75,0.75,3,3,medium,1.25,uniform,medium,strict,0.05,200.0,40.0,1.0,peripheral,875738.9993905288,637.3746653014167,0.0,0.0,875101.6247252274,875101.6247252274,3447.3575385340205,4543.23677766728,3900.6459117320205,11891.240227933322,689471.5077068041,181729.4711066912,3900.6459117320205,0.0,627.1085218526712,796.7183316267706,0.0,100,0,0.0,0,0,0.0,0.0,0.0,0.0,0.0,0.0,0,0.0,0.0,0,0,0,0.09326767921447754,0.0,0.0,0.0,False,infeasible,baseline_truck_only,875738.9993905288,796.7183316267706,,,,0.0,False,feasible_only,0.0,,False,,,,
S0067_R07,6702033,nils,S0067,n100_p0.75_d3_uniform_Emedium_V1.25_Hmedium_PWstrict_B0.05,100,0.75,0.75,3,3,medium,1.25,uniform,medium,strict,0.05,200.0,40.0,1.0,peripheral,875738.9993905288,637.3746653014167,0.0,0.0,875101.6247252274,875101.6247252274,3447.3575385340205,4543.23677766728,3900.6459117320205,11891.240227933322,689471.5077068041,181729.4711066912,3900.6459117320205,0.0,627.1085218526712,796.7183316267706,0.0,100,0,0.0,0,0,0.0,0.0,0.0,0.0,0.0,0.0,0,0.0,0.0,0,1275,1275,27.241431713104248,25.0,0.0,1275.0,False,infeasible,nils_complete,875738.9993905288,796.7183316267706,,0.0,,0.0,False,feasible_only,0.0,,False,,,,
S0067_R08,6702034,truck_only,S0067,n100_p0.75_d3_uniform_Emedium_V1.25_Hmedium_PWstrict_B0.05,100,0.75,0.75,3,3,medium,1.25,uniform,medium,strict,0.05,200.0,40.0,1.0,peripheral,992226.8254929458,621.4384386155078,0.0,0.0,991605.3870543303,991605.3870543303,4173.215033451944,3856.2864786376426,2710.921218435872,10740.422730525457,834643.0066903888,154251.4591455057,2710.921218435872,0.0,549.3221705279161,776.7980482693852,0.0,100,0,0.0,0,0,0.0,0.0,0.0,0.0,0.0,0.0,0,0.0,0.0,0,0,0,0.12830495834350586,0.0,0.0,0.0,False,infeasible,baseline_truck_only,992226.8254929458,776.7980482693852,,,,0.0,False,feasible_only,0.0,,False,,,,
S0067_R08,6702034,nils,S0067,n100_p0.75_d3_uniform_Emedium_V1.25_Hmedium_PWstrict_B0.05,100,0.75,0.75,3,3,medium,1.25,uniform,medium,strict,0.05,200.0,40.0,1.0,peripheral,992226.8254929458,621.4384386155078,0.0,0.0,991605.3870543303,991605.3870543303,4173.215033451944,3856.2864786376426,2710.921218435872,10740.422730525457,834643.0066903888,154251.4591455057,2710.921218435872,0.0,549.3221705279161,776.7980482693852,0.0,100,0,0.0,0,0,0.0,0.0,0.0,0.0,0.0,0.0,0,0.0,0.0,0,825,825,35.851853132247925,25.0,0.0,3150.0,False,infeasible,nils_complete,992226.8254929458,776.7980482693852,,0.0,,0.0,False,feasible_only,0.0,,False,,,,
S0067_R09,6702035,truck_only,S0067,n100_p0.75_d3_uniform_Emedium_V1.25_Hmedium_PWstrict_B0.05,100,0.75,0.75,3,3,medium,1.25,uniform,medium,strict,0.05,200.0,40.0,1.0,peripheral,1235641.080054761,656.880167858072,0.0,0.0,1234984.199886903,1234984.199886903,5283.760127564325,4365.589332570242,3608.601071228236,13257.950531362803,1056752.0255128648,174623.57330280967,3608.601071228236,0.0,588.129145887455,821.1002098225902,0.0,100,0,0.0,0,0,0.0,0.0,0.0,0.0,0.0,0.0,0,0.0,0.0,0,0,0,0.10334587097167969,0.0,0.0,0.0,False,infeasible,baseline_truck_only,1235641.080054761,821.1002098225902,,,,0.0,False,feasible_only,0.0,,False,,,,
S0067_R09,6702035,nils,S0067,n100_p0.75_d3_uniform_Emedium_V1.25_Hmedium_PWstrict_B0.05,100,0.75,0.75,3,3,medium,1.25,uniform,medium,strict,0.05,200.0,40.0,1.0,peripheral,1235641.080054761,656.880167858072,0.0,0.0,1234984.199886903,1234984.199886903,5283.760127564325,4365.589332570242,3608.601071228236,13257.950531362803,1056752.0255128648,174623.57330280967,3608.601071228236,0.0,588.129145887455,821.1002098225902,0.0,100,0,0.0,0,0,0.0,0.0,0.0,0.0,0.0,0.0,0,0.0,0.0,0,750,750,29.516480445861816,25.0,0.0,1425.0,False,infeasible,nils_complete,1235641.080054761,821.1002098225902,,0.0,,0.0,False,feasible_only,0.0,,False,,,,
S0067_R10,6702036,truck_only,S0067,n100_p0.75_d3_uniform_Emedium_V1.25_Hmedium_PWstrict_B0.05,100,0.75,0.75,3,3,medium,1.25,uniform,medium,strict,0.05,200.0,40.0,1.0,peripheral,667689.5788573246,602.1108973677304,0.0,0.0,667087.4679599568,667087.4679599568,2465.29909277889,4261.9691114234265,3548.884947242204,10276.153151444521,493059.818555778,170478.76445693706,3548.884947242204,0.0,536.0632375879718,752.638621709663,0.0,100,0,0.0,0,0,0.0,0.0,0.0,0.0,0.0,0.0,0,0.0,0.0,0,0,0,0.1276257038116455,0.0,0.0,0.0,False,infeasible,baseline_truck_only,667689.5788573246,752.638621709663,,,,0.0,False,feasible_only,0.0,,False,,,,
S0067_R10,6702036,nils,S0067,n100_p0.75_d3_uniform_Emedium_V1.25_Hmedium_PWstrict_B0.05,100,0.75,0.75,3,3,medium,1.25,uniform,medium,strict,0.05,200.0,40.0,1.0,peripheral,667689.5788573246,602.1108973677304,0.0,0.0,667087.4679599568,667087.4679599568,2465.29909277889,4261.9691114234265,3548.884947242204,10276.153151444521,493059.818555778,170478.76445693706,3548.884947242204,0.0,536.0632375879718,752.638621709663,0.0,100,0,0.0,0,0,0.0,0.0,0.0,0.0,0.0,0.0,0,0.0,0.0,0,900,900,28.30587601661682,25.0,0.0,1350.0,False,infeasible,nils_complete,667689.5788573246,752.638621709663,,0.0,,0.0,False,feasible_only,0.0,,False,,,,
S0068_R01,6802027,truck_only,S0068,n100_p0.75_d3_uniform_Emedium_V2.00_Hmedium_PWstrict_B0.05,100,0.75,0.75,3,3,medium,2.0,uniform,medium,strict,0.05,200.0,40.0,1.0,peripheral,794854.030019722,667.406945258535,0.0,0.0,794186.6230744635,794186.6230744635,3222.2561660607576,3638.955040835341,4177.1882288981005,11038.3994357942,644451.2332121516,145558.20163341364,4177.1882288981005,0.0,592.1601266078867,834.2586815731688,0.0,100,0,0.0,0,0,0.0,0.0,0.0,0.0,0.0,0.0,0,0.0,0.0,0,0,0,0.10682272911071777,0.0,0.0,0.0,False,infeasible,baseline_truck_only,794854.030019722,834.2586815731688,,,,0.0,False,feasible_only,0.0,,False,,,,
S0068_R01,6802027,nils,S0068,n100_p0.75_d3_uniform_Emedium_V2.00_Hmedium_PWstrict_B0.05,100,0.75,0.75,3,3,medium,2.0,uniform,medium,strict,0.05,200.0,40.0,1.0,peripheral,794854.030019722,667.406945258535,0.0,0.0,794186.6230744635,794186.6230744635,3222.2561660607576,3638.955040835341,4177.1882288981005,11038.3994357942,644451.2332121516,145558.20163341364,4177.1882288981005,0.0,592.1601266078867,834.2586815731688,0.0,100,0,0.0,0,0,0.0,0.0,0.0,0.0,0.0,0.0,0,0.0,0.0,0,0,0,38.14475178718567,25.0,0.0,3525.0,False,infeasible,nils_complete,794854.030019722,834.2586815731688,,0.0,,0.0,False,feasible_only,0.0,,False,,,,
S0068_R02,6802028,truck_only,S0068,n100_p0.75_d3_uniform_Emedium_V2.00_Hmedium_PWstrict_B0.05,100,0.75,0.75,3,3,medium,2.0,uniform,medium,strict,0.05,200.0,40.0,1.0,peripheral,929005.8796557983,659.9815566067929,0.0,0.0,928345.8980991915,928345.8980991915,3515.341242873773,5562.286212134762,2786.201039046276,11863.828494054811,703068.2485747546,222491.44848539046,2786.201039046276,0.0,541.9083155772502,824.9769457584906,0.0,100,0,0.0,0,0,0.0,0.0,0.0,0.0,0.0,0.0,0,0.0,0.0,0,0,0,0.11322164535522461,0.0,0.0,0.0,False,infeasible,baseline_truck_only,929005.8796557983,824.9769457584906,,,,0.0,False,feasible_only,0.0,,False,,,,
S0068_R02,6802028,nils,S0068,n100_p0.75_d3_uniform_Emedium_V2.00_Hmedium_PWstrict_B0.05,100,0.75,0.75,3,3,medium,2.0,uniform,medium,strict,0.05,200.0,40.0,1.0,peripheral,929005.8796557983,659.9815566067929,0.0,0.0,928345.8980991915,928345.8980991915,3515.341242873773,5562.286212134762,2786.201039046276,11863.828494054811,703068.2485747546,222491.44848539046,2786.201039046276,0.0,541.9083155772502,824.9769457584906,0.0,100,0,0.0,0,0,0.0,0.0,0.0,0.0,0.0,0.0,0,0.0,0.0,0,0,0,32.16536283493042,25.0,0.0,1500.0,False,infeasible,nils_complete,929005.8796557983,824.9769457584906,,0.0,,0.0,False,feasible_only,0.0,,False,,,,
S0068_R03,6802029,truck_only,S0068,n100_p0.75_d3_uniform_Emedium_V2.00_Hmedium_PWstrict_B0.05,100,0.75,0.75,3,3,medium,2.0,uniform,medium,strict,0.05,200.0,40.0,1.0,peripheral,1202753.9184362262,654.7114383923064,0.0,0.0,1202099.206997834,1202099.206997834,5069.595289793341,4652.271227954293,2089.2999209938143,11811.16643874145,1013919.0579586682,186090.84911817173,2089.2999209938143,0.0,506.7056770986895,818.389297990383,0.0,100,0,0.0,0,0,0.0,0.0,0.0,0.0,0.0,0.0,0,0.0,0.0,0,0,0,0.0868539810180664,0.0,0.0,0.0,False,infeasible,baseline_truck_only,1202753.9184362262,818.389297990383,,,,0.0,False,feasible_only,0.0,,False,,,,
S0068_R03,6802029,nils,S0068,n100_p0.75_d3_uniform_Emedium_V2.00_Hmedium_PWstrict_B0.05,100,0.75,0.75,3,3,medium,2.0,uniform,medium,strict,0.05,200.0,40.0,1.0,peripheral,1202753.9184362262,654.7114383923064,0.0,0.0,1202099.206997834,1202099.206997834,5069.595289793341,4652.271227954293,2089.2999209938143,11811.16643874145,1013919.0579586682,186090.84911817173,2089.2999209938143,0.0,506.7056770986895,818.389297990383,0.0,100,0,0.0,0,0,0.0,0.0,0.0,0.0,0.0,0.0,0,0.0,0.0,0,0,0,27.995708227157593,25.0,0.0,1275.0,False,infeasible,nils_complete,1202753.9184362262,818.389297990383,,0.0,,0.0,False,feasible_only,0.0,,False,,,,
S0068_R04,6802030,truck_only,S0068,n100_p0.75_d3_uniform_Emedium_V2.00_Hmedium_PWstrict_B0.05,100,0.75,0.75,3,3,medium,2.0,uniform,medium,strict,0.05,200.0,40.0,1.0,peripheral,1262028.0781430886,649.6648402071428,0.0,0.0,1261378.4133028814,1261378.4133028814,5326.78604818868,4859.601073056045,1637.160742903529,11823.547864148253,1065357.209637736,194384.0429222418,1637.160742903529,0.0,610.4383377351932,812.0810502589285,0.0,100,0,0.0,0,0,0.0,0.0,0.0,0.0,0.0,0.0,0,0.0,0.0,0,0,0,0.10002636909484863,0.0,0.0,0.0,False,infeasible,baseline_truck_only,1262028.0781430886,812.0810502589285,,,,0.0,False,feasible_only,0.0,,False,,,,
S0068_R04,6802030,nils,S0068,n100_p0.75_d3_uniform_Emedium_V2.00_Hmedium_PWstrict_B0.05,100,0.75,0.75,3,3,medium,2.0,uniform,medium,strict,0.05,200.0,40.0,1.0,peripheral,1262028.0781430886,649.6648402071428,0.0,0.0,1261378.4133028814,1261378.4133028814,5326.78604818868,4859.601073056045,1637.160742903529,11823.547864148253,1065357.209637736,194384.0429222418,1637.160742903529,0.0,610.4383377351932,812.0810502589285,0.0,100,0,0.0,0,0,0.0,0.0,0.0,0.0,0.0,0.0,0,0.0,0.0,0,0,0,29.471476793289185,25.0,0.0,1650.0,False,infeasible,nils_complete,1262028.0781430886,812.0810502589285,,0.0,,0.0,False,feasible_only,0.0,,False,,,,
S0068_R05,6802031,truck_only,S0068,n100_p0.75_d3_uniform_Emedium_V2.00_Hmedium_PWstrict_B0.05,100,0.75,0.75,3,3,medium,2.0,uniform,medium,strict,0.05,200.0,40.0,1.0,peripheral,909389.997976363,676.2438109813925,0.0,0.0,908713.7541653817,908713.7541653817,3518.396692422856,4999.644670040612,5048.628879185714,13566.670241649183,703679.3384845712,199985.7868016245,5048.628879185714,0.0,676.5653153067015,845.3047637267402,0.0,100,0,0.0,0,0,0.0,0.0,0.0,0.0,0.0,0.0,0,0.0,0.0,0,0,0,0.09853887557983398,0.0,0.0,0.0,False,infeasible,baseline_truck_only,909389.997976363,845.3047637267402,,,,0.0,False,feasible_only,0.0,,False,,,,
S0068_R05,6802031,nils,S0068,n100_p0.75_d3_uniform_Emedium_V2.00_Hmedium_PWstrict_B0.05,100,0.75,0.75,3,3,medium,2.0,uniform,medium,strict,0.05,200.0,40.0,1.0,peripheral,909389.997976363,676.2438109813925,0.0,0.0,908713.7541653817,908713.7541653817,3518.396692422856,4999.644670040612,5048.628879185714,13566.670241649183,703679.3384845712,199985.7868016245,5048.628879185714,0.0,676.5653153067015,845.3047637267402,0.0,100,0,0.0,0,0,0.0,0.0,0.0,0.0,0.0,0.0,0,0.0,0.0,0,0,0,31.349454641342163,25.0,0.0,1875.0,False,infeasible,nils_complete,909389.997976363,845.3047637267402,,0.0,,0.0,False,feasible_only,0.0,,False,,,,
S0068_R06,6802032,truck_only,S0068,n100_p0.75_d3_uniform_Emedium_V2.00_Hmedium_PWstrict_B0.05,100,0.75,0.75,3,3,medium,2.0,uniform,medium,strict,0.05,200.0,40.0,1.0,peripheral,736962.783156476,675.2175024787359,0.0,0.0,736287.5656539972,736287.5656539972,2835.840399851109,4133.047383489225,3797.5903442066465,10766.47812754698,567168.0799702217,165321.895339569,3797.5903442066465,0.0,578.9352704390272,844.0218780984201,0.0,100,0,0.0,0,0,0.0,0.0,0.0,0.0,0.0,0.0,0,0.0,0.0,0,0,0,0.12062835693359375,0.0,0.0,0.0,False,infeasible,baseline_truck_only,736962.783156476,844.0218780984201,,,,0.0,False,feasible_only,0.0,,False,,,,
S0068_R06,6802032,nils,S0068,n100_p0.75_d3_uniform_Emedium_V2.00_Hmedium_PWstrict_B0.05,100,0.75,0.75,3,3,medium,2.0,uniform,medium,strict,0.05,200.0,40.0,1.0,peripheral,736962.783156476,675.2175024787359,0.0,0.0,736287.5656539972,736287.5656539972,2835.840399851109,4133.047383489225,3797.5903442066465,10766.47812754698,567168.0799702217,165321.895339569,3797.5903442066465,0.0,578.9352704390272,844.0218780984201,0.0,100,0,0.0,0,0,0.0,0.0,0.0,0.0,0.0,0.0,0,0.0,0.0,0,0,0,31.31290340423584,25.0,0.0,1650.0,False,infeasible,nils_complete,736962.783156476,844.0218780984201,,0.0,,0.0,False,feasible_only,0.0,,False,,,,
S0068_R07,6802033,truck_only,S0068,n100_p0.75_d3_uniform_Emedium_V2.00_Hmedium_PWstrict_B0.05,100,0.75,0.75,3,3,medium,2.0,uniform,medium,strict,0.05,200.0,40.0,1.0,peripheral,780446.601164685,607.5572939499187,0.0,0.0,779839.0438707351,779839.0438707351,3089.8748064336037,3985.2986808352553,2452.1353506041814,9527.30883787304,617974.9612867207,159411.9472334102,2452.1353506041814,0.0,549.819084627267,759.4466174373987,0.0,100,0,0.0,0,0,0.0,0.0,0.0,0.0,0.0,0.0,0,0.0,0.0,0,0,0,0.11875605583190918,0.0,0.0,0.0,False,infeasible,baseline_truck_only,780446.601164685,759.4466174373987,,,,0.0,False,feasible_only,0.0,,False,,,,
S0068_R07,6802033,nils,S0068,n100_p0.75_d3_uniform_Emedium_V2.00_Hmedium_PWstrict_B0.05,100,0.75,0.75,3,3,medium,2.0,uniform,medium,strict,0.05,200.0,40.0,1.0,peripheral,780446.601164685,607.5572939499187,0.0,0.0,779839.0438707351,779839.0438707351,3089.8748064336037,3985.2986808352553,2452.1353506041814,9527.30883787304,617974.9612867207,159411.9472334102,2452.1353506041814,0.0,549.819084627267,759.4466174373987,0.0,100,0,0.0,0,0,0.0,0.0,0.0,0.0,0.0,0.0,0,0.0,0.0,0,0,0,43.40850567817688,25.0,0.0,3375.0,False,infeasible,nils_complete,780446.601164685,759.4466174373987,,0.0,,0.0,False,feasible_only,0.0,,False,,,,
S0068_R08,6802034,truck_only,S0068,n100_p0.75_d3_uniform_Emedium_V2.00_Hmedium_PWstrict_B0.05,100,0.75,0.75,3,3,medium,2.0,uniform,medium,strict,0.05,200.0,40.0,1.0,peripheral,819284.4222755738,684.7585640772853,0.0,0.0,818599.6637114965,818599.6637114965,3188.2167640646003,4414.48395467322,4376.952711647743,11979.653430385562,637643.35281292,176579.3581869288,4376.952711647743,0.0,543.4784746134518,855.9482050966064,0.0,100,0,0.0,0,0,0.0,0.0,0.0,0.0,0.0,0.0,0,0.0,0.0,0,0,0,0.0876169204711914,0.0,0.0,0.0,False,infeasible,baseline_truck_only,819284.4222755738,855.9482050966064,,,,0.0,False,feasible_only,0.0,,False,,,,
S0068_R08,6802034,nils,S0068,n100_p0.75_d3_uniform_Emedium_V2.00_Hmedium_PWstrict_B0.05,100,0.75,0.75,3,3,medium,2.0,uniform,medium,strict,0.05,200.0,40.0,1.0,peripheral,819284.4222755738,684.7585640772853,0.0,0.0,818599.6637114965,818599.6637114965,3188.2167640646003,4414.48395467322,4376.952711647743,11979.653430385562,637643.35281292,176579.3581869288,4376.952711647743,0.0,543.4784746134518,855.9482050966064,0.0,100,0,0.0,0,0,0.0,0.0,0.0,0.0,0.0,0.0,0,0.0,0.0,0,0,0,20.319536924362183,25.0,0.0,225.0,False,infeasible,nils_complete,819284.4222755738,855.9482050966064,,0.0,,0.0,False,feasible_only,0.0,,False,,,,
S0068_R09,6802035,truck_only,S0068,n100_p0.75_d3_uniform_Emedium_V2.00_Hmedium_PWstrict_B0.05,100,0.75,0.75,3,3,medium,2.0,uniform,medium,strict,0.05,200.0,40.0,1.0,peripheral,785605.3231701029,674.1288854945161,0.0,0.0,784931.1942846084,784931.1942846084,2624.2176475884703,6446.63394555881,2222.3069445620263,11293.158537709307,524843.529517694,257865.3578223524,2222.3069445620263,0.0,572.179428087448,842.661106868145,0.0,100,0,0.0,0,0,0.0,0.0,0.0,0.0,0.0,0.0,0,0.0,0.0,0,0,0,0.09371042251586914,0.0,0.0,0.0,False,infeasible,baseline_truck_only,785605.3231701029,842.661106868145,,,,0.0,False,feasible_only,0.0,,False,,,,
S0068_R09,6802035,nils,S0068,n100_p0.75_d3_uniform_Emedium_V2.00_Hmedium_PWstrict_B0.05,100,0.75,0.75,3,3,medium,2.0,uniform,medium,strict,0.05,200.0,40.0,1.0,peripheral,785605.3231701029,674.1288854945161,0.0,0.0,784931.1942846084,784931.1942846084,2624.2176475884703,6446.63394555881,2222.3069445620263,11293.158537709307,524843.529517694,257865.3578223524,2222.3069445620263,0.0,572.179428087448,842.661106868145,0.0,100,0,0.0,0,0,0.0,0.0,0.0,0.0,0.0,0.0,0,0.0,0.0,0,0,0,29.914680004119873,25.0,0.0,1575.0,False,infeasible,nils_complete,785605.3231701029,842.661106868145,,0.0,,0.0,False,feasible_only,0.0,,False,,,,
S0068_R10,6802036,truck_only,S0068,n100_p0.75_d3_uniform_Emedium_V2.00_Hmedium_PWstrict_B0.05,100,0.75,0.75,3,3,medium,2.0,uniform,medium,strict,0.05,200.0,40.0,1.0,peripheral,1109437.8524936084,674.5805150165162,0.0,0.0,1108763.2719785918,1108763.2719785918,4488.320175378481,5199.665963108794,3112.5983785443086,12800.584517031584,897664.0350756961,207986.63852435176,3112.5983785443086,0.0,608.5613730200282,843.2256437706453,0.0,100,0,0.0,0,0,0.0,0.0,0.0,0.0,0.0,0.0,0,0.0,0.0,0,0,0,0.12201833724975586,0.0,0.0,0.0,False,infeasible,baseline_truck_only,1109437.8524936084,843.2256437706453,,,,0.0,False,feasible_only,0.0,,False,,,,
S0068_R10,6802036,nils,S0068,n100_p0.75_d3_uniform_Emedium_V2.00_Hmedium_PWstrict_B0.05,100,0.75,0.75,3,3,medium,2.0,uniform,medium,strict,0.05,200.0,40.0,1.0,peripheral,1109437.8524936084,674.5805150165162,0.0,0.0,1108763.2719785918,1108763.2719785918,4488.320175378481,5199.665963108794,3112.5983785443086,12800.584517031584,897664.0350756961,207986.63852435176,3112.5983785443086,0.0,608.5613730200282,843.2256437706453,0.0,100,0,0.0,0,0,0.0,0.0,0.0,0.0,0.0,0.0,0,0.0,0.0,0,0,0,35.66100740432739,25.0,0.0,3225.0,False,infeasible,nils_complete,1109437.8524936084,843.2256437706453,,0.0,,0.0,False,feasible_only,0.0,,False,,,,
S0069_R01,6902027,truck_only,S0069,n100_p0.75_d3_uniform_Emedium_V2.00_Hlong_PWflat_B0.05,100,0.75,0.75,3,3,medium,2.0,uniform,long,flat,0.05,1.0,1.0,1.0,peripheral,15562.538955799693,707.2763291250016,0.0,0.0,14855.262626674692,14855.262626674692,5019.749696840573,6691.283451932232,3144.229477901887,14855.262626674692,5019.749696840573,6691.283451932232,3144.229477901887,0.0,632.6592003776507,884.0954114062522,0.0,100,0,0.0,0,0,0.0,0.0,0.0,0.0,0.0,0.0,0,0.0,0.0,0,0,0,0.10162782669067383,0.0,0.0,0.0,False,infeasible,baseline_truck_only,15562.538955799693,884.0954114062522,,,,0.0,False,feasible_only,0.0,,False,,,,
S0069_R01,6902027,nils,S0069,n100_p0.75_d3_uniform_Emedium_V2.00_Hlong_PWflat_B0.05,100,0.75,0.75,3,3,medium,2.0,uniform,long,flat,0.05,1.0,1.0,1.0,peripheral,15562.538955799693,707.2763291250016,0.0,0.0,14855.262626674692,14855.262626674692,5019.749696840573,6691.283451932232,3144.229477901887,14855.262626674692,5019.749696840573,6691.283451932232,3144.229477901887,0.0,632.6592003776507,884.0954114062522,0.0,100,0,0.0,0,0,0.0,0.0,0.0,0.0,0.0,0.0,0,0.0,0.0,0,0,0,28.808924198150635,25.0,0.0,1425.0,False,infeasible,nils_complete,15562.538955799693,884.0954114062522,,0.0,,0.0,False,feasible_only,0.0,,False,,,,
S0069_R02,6902028,truck_only,S0069,n100_p0.75_d3_uniform_Emedium_V2.00_Hlong_PWflat_B0.05,100,0.75,0.75,3,3,medium,2.0,uniform,long,flat,0.05,1.0,1.0,1.0,peripheral,16837.21149043677,693.4982925160442,0.0,0.0,16143.713197920726,16143.713197920726,4628.707559466888,4933.710067006314,6581.295571447518,16143.713197920719,4628.707559466888,4933.710067006314,6581.295571447518,0.0,856.0438077786528,866.8728656450555,0.0,100,0,0.0,0,0,0.0,0.0,0.0,0.0,0.0,0.0,0,0.0,0.0,0,0,0,0.08870983123779297,0.0,0.0,0.0,False,infeasible,baseline_truck_only,16837.21149043677,866.8728656450555,,,,0.0,False,feasible_only,0.0,,False,,,,
S0069_R02,6902028,nils,S0069,n100_p0.75_d3_uniform_Emedium_V2.00_Hlong_PWflat_B0.05,100,0.75,0.75,3,3,medium,2.0,uniform,long,flat,0.05,1.0,1.0,1.0,peripheral,16837.21149043677,693.4982925160442,0.0,0.0,16143.713197920726,16143.713197920726,4628.707559466888,4933.710067006314,6581.295571447518,16143.713197920719,4628.707559466888,4933.710067006314,6581.295571447518,0.0,856.0438077786528,866.8728656450555,0.0,100,0,0.0,0,0,0.0,0.0,0.0,0.0,0.0,0.0,0,0.0,0.0,0,0,0,33.18817973136902,25.0,0.0,2775.0,False,infeasible,nils_complete,16837.21149043677,866.8728656450555,,0.0,,0.0,False,feasible_only,0.0,,False,,,,
S0069_R03,6902029,truck_only,S0069,n100_p0.75_d3_uniform_Emedium_V2.00_Hlong_PWflat_B0.05,100,0.75,0.75,3,3,medium,2.0,uniform,long,flat,0.05,1.0,1.0,1.0,peripheral,13474.13568370068,687.312489169662,0.0,0.0,12786.823194531018,12786.823194531018,3911.9995278307583,4760.687245258654,4114.136421441606,12786.823194531018,3911.9995278307583,4760.687245258654,4114.136421441606,0.0,659.5573584847037,859.1406114620776,0.0,100,0,0.0,0,0,0.0,0.0,0.0,0.0,0.0,0.0,0,0.0,0.0,0,0,0,0.11870574951171875,0.0,0.0,0.0,False,infeasible,baseline_truck_only,13474.13568370068,859.1406114620776,,,,0.0,False,feasible_only,0.0,,False,,,,
S0069_R03,6902029,nils,S0069,n100_p0.75_d3_uniform_Emedium_V2.00_Hlong_PWflat_B0.05,100,0.75,0.75,3,3,medium,2.0,uniform,long,flat,0.05,1.0,1.0,1.0,peripheral,13474.13568370068,687.312489169662,0.0,0.0,12786.823194531018,12786.823194531018,3911.9995278307583,4760.687245258654,4114.136421441606,12786.823194531018,3911.9995278307583,4760.687245258654,4114.136421441606,0.0,659.5573584847037,859.1406114620776,0.0,100,0,0.0,0,0,0.0,0.0,0.0,0.0,0.0,0.0,0,0.0,0.0,0,0,0,31.20552086830139,25.0,0.0,1425.0,False,infeasible,nils_complete,13474.13568370068,859.1406114620776,,0.0,,0.0,False,feasible_only,0.0,,False,,,,
S0069_R04,6902030,truck_only,S0069,n100_p0.75_d3_uniform_Emedium_V2.00_Hlong_PWflat_B0.05,100,0.75,0.75,3,3,medium,2.0,uniform,long,flat,0.05,1.0,1.0,1.0,peripheral,14392.954685140843,736.1793682536577,0.0,0.0,13656.775316887186,13656.775316887186,4248.175158788579,5656.003062573167,3752.597095525441,13656.775316887188,4248.175158788579,5656.003062573167,3752.597095525441,0.0,654.5838148544794,920.2242103170718,0.0,100,0,0.0,0,0,0.0,0.0,0.0,0.0,0.0,0.0,0,0.0,0.0,0,0,0,0.10453581809997559,0.0,0.0,0.0,False,infeasible,baseline_truck_only,14392.954685140843,920.2242103170718,,,,0.0,False,feasible_only,0.0,,False,,,,
S0069_R04,6902030,nils,S0069,n100_p0.75_d3_uniform_Emedium_V2.00_Hlong_PWflat_B0.05,100,0.75,0.75,3,3,medium,2.0,uniform,long,flat,0.05,1.0,1.0,1.0,peripheral,14392.954685140843,736.1793682536577,0.0,0.0,13656.775316887186,13656.775316887186,4248.175158788579,5656.003062573167,3752.597095525441,13656.775316887188,4248.175158788579,5656.003062573167,3752.597095525441,0.0,654.5838148544794,920.2242103170718,0.0,100,0,0.0,0,0,0.0,0.0,0.0,0.0,0.0,0.0,0,0.0,0.0,0,0,0,30.602089166641235,25.0,0.0,1575.0,False,infeasible,nils_complete,14392.954685140843,920.2242103170718,,0.0,,0.0,False,feasible_only,0.0,,False,,,,
S0069_R05,6902031,truck_only,S0069,n100_p0.75_d3_uniform_Emedium_V2.00_Hlong_PWflat_B0.05,100,0.75,0.75,3,3,medium,2.0,uniform,long,flat,0.05,1.0,1.0,1.0,peripheral,16412.38088270274,691.1687670764593,0.0,0.0,15721.212115626278,15721.212115626278,4991.533996181614,6472.856389239362,4256.8217302053035,15721.21211562628,4991.533996181614,6472.856389239362,4256.8217302053035,0.0,693.4105296613219,863.960958845574,0.0,100,0,0.0,0,0,0.0,0.0,0.0,0.0,0.0,0.0,0,0.0,0.0,0,0,0,0.10836195945739746,0.0,0.0,0.0,False,infeasible,baseline_truck_only,16412.38088270274,863.960958845574,,,,0.0,False,feasible_only,0.0,,False,,,,
S0069_R05,6902031,nils,S0069,n100_p0.75_d3_uniform_Emedium_V2.00_Hlong_PWflat_B0.05,100,0.75,0.75,3,3,medium,2.0,uniform,long,flat,0.05,1.0,1.0,1.0,peripheral,16412.38088270274,691.1687670764593,0.0,0.0,15721.212115626278,15721.212115626278,4991.533996181614,6472.856389239362,4256.8217302053035,15721.21211562628,4991.533996181614,6472.856389239362,4256.8217302053035,0.0,693.4105296613219,863.960958845574,0.0,100,0,0.0,0,0,0.0,0.0,0.0,0.0,0.0,0.0,0,0.0,0.0,0,0,0,36.89664053916931,25.0,0.0,3075.0,False,infeasible,nils_complete,16412.38088270274,863.960958845574,,0.0,,0.0,False,feasible_only,0.0,,False,,,,
S0069_R06,6902032,truck_only,S0069,n100_p0.75_d3_uniform_Emedium_V2.00_Hlong_PWflat_B0.05,100,0.75,0.75,3,3,medium,2.0,uniform,long,flat,0.05,1.0,1.0,1.0,peripheral,11593.055161134715,668.998542225466,0.0,0.0,10924.056618909248,10924.056618909248,3406.1093115326075,4630.555027173547,2887.3922802030934,10924.056618909248,3406.1093115326075,4630.555027173547,2887.3922802030934,0.0,615.294210900243,836.2481777818324,0.0,100,0,0.0,0,0,0.0,0.0,0.0,0.0,0.0,0.0,0,0.0,0.0,0,0,0,0.12291431427001953,0.0,0.0,0.0,False,infeasible,baseline_truck_only,11593.055161134715,836.2481777818324,,,,0.0,False,feasible_only,0.0,,False,,,,
S0069_R06,6902032,nils,S0069,n100_p0.75_d3_uniform_Emedium_V2.00_Hlong_PWflat_B0.05,100,0.75,0.75,3,3,medium,2.0,uniform,long,flat,0.05,1.0,1.0,1.0,peripheral,11593.055161134715,668.998542225466,0.0,0.0,10924.056618909248,10924.056618909248,3406.1093115326075,4630.555027173547,2887.3922802030934,10924.056618909248,3406.1093115326075,4630.555027173547,2887.3922802030934,0.0,615.294210900243,836.2481777818324,0.0,100,0,0.0,0,0,0.0,0.0,0.0,0.0,0.0,0.0,0,0.0,0.0,0,0,0,40.29417896270752,25.0,0.0,3600.0,False,infeasible,nils_complete,11593.055161134715,836.2481777818324,,0.0,,0.0,False,feasible_only,0.0,,False,,,,
S0069_R07,6902033,truck_only,S0069,n100_p0.75_d3_uniform_Emedium_V2.00_Hlong_PWflat_B0.05,100,0.75,0.75,3,3,medium,2.0,uniform,long,flat,0.05,1.0,1.0,1.0,peripheral,12942.55328057419,636.215383178774,0.0,0.0,12306.337897395415,12306.337897395415,3387.8215012415976,4642.576401674289,4275.939994479525,12306.337897395411,3387.8215012415976,4642.576401674289,4275.939994479525,0.0,600.8478769737588,795.2692289734673,0.0,100,0,0.0,0,0,0.0,0.0,0.0,0.0,0.0,0.0,0,0.0,0.0,0,0,0,0.14555740356445312,0.0,0.0,0.0,False,infeasible,baseline_truck_only,12942.55328057419,795.2692289734673,,,,0.0,False,feasible_only,0.0,,False,,,,
S0069_R07,6902033,nils,S0069,n100_p0.75_d3_uniform_Emedium_V2.00_Hlong_PWflat_B0.05,100,0.75,0.75,3,3,medium,2.0,uniform,long,flat,0.05,1.0,1.0,1.0,peripheral,12942.55328057419,636.215383178774,0.0,0.0,12306.337897395415,12306.337897395415,3387.8215012415976,4642.576401674289,4275.939994479525,12306.337897395411,3387.8215012415976,4642.576401674289,4275.939994479525,0.0,600.8478769737588,795.2692289734673,0.0,100,0,0.0,0,0,0.0,0.0,0.0,0.0,0.0,0.0,0,0.0,0.0,0,0,0,29.10580849647522,25.0,0.0,1425.0,False,infeasible,nils_complete,12942.55328057419,795.2692289734673,,0.0,,0.0,False,feasible_only,0.0,,False,,,,
S0069_R08,6902034,truck_only,S0069,n100_p0.75_d3_uniform_Emedium_V2.00_Hlong_PWflat_B0.05,100,0.75,0.75,3,3,medium,2.0,uniform,long,flat,0.05,1.0,1.0,1.0,peripheral,11303.295612139184,641.834905603745,0.0,0.0,10661.46070653544,10661.46070653544,3749.356224917376,3355.4662524335204,3556.638229184541,10661.460706535438,3749.356224917376,3355.4662524335204,3556.638229184541,0.0,594.1239546471927,802.2936320046812,0.0,100,0,0.0,0,0,0.0,0.0,0.0,0.0,0.0,0.0,0,0.0,0.0,0,0,0,0.09480595588684082,0.0,0.0,0.0,False,infeasible,baseline_truck_only,11303.295612139184,802.2936320046812,,,,0.0,False,feasible_only,0.0,,False,,,,
S0069_R08,6902034,nils,S0069,n100_p0.75_d3_uniform_Emedium_V2.00_Hlong_PWflat_B0.05,100,0.75,0.75,3,3,medium,2.0,uniform,long,flat,0.05,1.0,1.0,1.0,peripheral,11303.295612139184,641.834905603745,0.0,0.0,10661.46070653544,10661.46070653544,3749.356224917376,3355.4662524335204,3556.638229184541,10661.460706535438,3749.356224917376,3355.4662524335204,3556.638229184541,0.0,594.1239546471927,802.2936320046812,0.0,100,0,0.0,0,0,0.0,0.0,0.0,0.0,0.0,0.0,0,0.0,0.0,0,0,0,35.4301643371582,25.0,0.0,3375.0,False,infeasible,nils_complete,11303.295612139184,802.2936320046812,,0.0,,0.0,False,feasible_only,0.0,,False,,,,
S0069_R09,6902035,truck_only,S0069,n100_p0.75_d3_uniform_Emedium_V2.00_Hlong_PWflat_B0.05,100,0.75,0.75,3,3,medium,2.0,uniform,long,flat,0.05,1.0,1.0,1.0,peripheral,12865.39737486921,704.227953986955,0.0,0.0,12161.169420882256,12161.169420882256,3847.9493441709656,4193.379944024761,4119.840132686529,12161.169420882256,3847.9493441709656,4193.379944024761,4119.840132686529,0.0,580.0745126705588,880.284942483694,0.0,100,0,0.0,0,0,0.0,0.0,0.0,0.0,0.0,0.0,0,0.0,0.0,0,0,0,0.09075474739074707,0.0,0.0,0.0,False,infeasible,baseline_truck_only,12865.39737486921,880.284942483694,,,,0.0,False,feasible_only,0.0,,False,,,,
S0069_R09,6902035,nils,S0069,n100_p0.75_d3_uniform_Emedium_V2.00_Hlong_PWflat_B0.05,100,0.75,0.75,3,3,medium,2.0,uniform,long,flat,0.05,1.0,1.0,1.0,peripheral,12865.39737486921,704.227953986955,0.0,0.0,12161.169420882256,12161.169420882256,3847.9493441709656,4193.379944024761,4119.840132686529,12161.169420882256,3847.9493441709656,4193.379944024761,4119.840132686529,0.0,580.0745126705588,880.284942483694,0.0,100,0,0.0,0,0,0.0,0.0,0.0,0.0,0.0,0.0,0,0.0,0.0,0,0,0,28.283618927001953,25.0,0.0,1200.0,False,infeasible,nils_complete,12865.39737486921,880.284942483694,,0.0,,0.0,False,feasible_only,0.0,,False,,,,
S0069_R10,6902036,truck_only,S0069,n100_p0.75_d3_uniform_Emedium_V2.00_Hlong_PWflat_B0.05,100,0.75,0.75,3,3,medium,2.0,uniform,long,flat,0.05,1.0,1.0,1.0,peripheral,15452.852825091099,710.8246687596924,0.0,0.0,14742.028156331406,14742.028156331406,4540.1013097810155,3236.0640969348115,6965.862749615577,14742.028156331404,4540.1013097810155,3236.0640969348115,6965.862749615577,0.0,780.1534093946723,888.530835949615,0.0,100,0,0.0,0,0,0.0,0.0,0.0,0.0,0.0,0.0,0,0.0,0.0,0,0,0,0.09323358535766602,0.0,0.0,0.0,False,infeasible,baseline_truck_only,15452.852825091099,888.530835949615,,,,0.0,False,feasible_only,0.0,,False,,,,
S0069_R10,6902036,nils,S0069,n100_p0.75_d3_uniform_Emedium_V2.00_Hlong_PWflat_B0.05,100,0.75,0.75,3,3,medium,2.0,uniform,long,flat,0.05,1.0,1.0,1.0,peripheral,15452.852825091099,710.8246687596924,0.0,0.0,14742.028156331406,14742.028156331406,4540.1013097810155,3236.0640969348115,6965.862749615577,14742.028156331404,4540.1013097810155,3236.0640969348115,6965.862749615577,0.0,780.1534093946723,888.530835949615,0.0,100,0,0.0,0,0,0.0,0.0,0.0,0.0,0.0,0.0,0,0.0,0.0,0,0,0,33.382000207901,25.0,0.0,2100.0,False,infeasible,nils_complete,15452.852825091099,888.530835949615,,0.0,,0.0,False,feasible_only,0.0,,False,,,,
S0070_R01,7002027,truck_only,S0070,n100_p0.75_d3_uniform_Ehigh_V1.25_Hmedium_PWmoderate_B0.05,100,0.75,0.75,3,3,high,1.25,uniform,medium,moderate,0.05,20.0,5.0,1.0,peripheral,100677.33609303417,652.8244838735968,0.0,0.0,100024.51160916057,100024.51160916057,4103.849230387629,2530.996650734937,5292.543747733327,11927.389628855894,82076.98460775259,12654.983253674684,5292.543747733327,0.0,722.7542324098131,816.0306048419959,0.0,100,0,0.0,0,0,0.0,0.0,0.0,0.0,0.0,0.0,0,0.0,0.0,0,0,0,0.0969536304473877,0.0,0.0,0.0,False,infeasible,baseline_truck_only,100677.33609303417,816.0306048419959,,,,0.0,False,feasible_only,0.0,,False,,,,
S0070_R01,7002027,nils,S0070,n100_p0.75_d3_uniform_Ehigh_V1.25_Hmedium_PWmoderate_B0.05,100,0.75,0.75,3,3,high,1.25,uniform,medium,moderate,0.05,20.0,5.0,1.0,peripheral,100677.33609303417,652.8244838735968,0.0,0.0,100024.51160916057,100024.51160916057,4103.849230387629,2530.996650734937,5292.543747733327,11927.389628855894,82076.98460775259,12654.983253674684,5292.543747733327,0.0,722.7542324098131,816.0306048419959,0.0,100,0,0.0,0,0,0.0,0.0,0.0,0.0,0.0,0.0,0,0.0,0.0,0,75,75,34.62137961387634,25.0,0.0,3150.0,False,infeasible,nils_complete,100677.33609303417,816.0306048419959,,0.0,,0.0,False,feasible_only,0.0,,False,,,,
S0070_R02,7002028,truck_only,S0070,n100_p0.75_d3_uniform_Ehigh_V1.25_Hmedium_PWmoderate_B0.05,100,0.75,0.75,3,3,high,1.25,uniform,medium,moderate,0.05,20.0,5.0,1.0,peripheral,120672.14507190019,658.9162473674679,0.0,0.0,120013.22882453272,120013.22882453272,4244.444060134616,5980.710569237173,5220.794775654497,15445.949405026287,84888.88120269231,29903.552846185867,5220.794775654497,0.0,723.4506610669163,823.6453092093349,0.0,100,0,0.0,0,0,0.0,0.0,0.0,0.0,0.0,0.0,0,0.0,0.0,0,0,0,0.10056042671203613,0.0,0.0,0.0,False,infeasible,baseline_truck_only,120672.14507190019,823.6453092093349,,,,0.0,False,feasible_only,0.0,,False,,,,
S0070_R02,7002028,nils,S0070,n100_p0.75_d3_uniform_Ehigh_V1.25_Hmedium_PWmoderate_B0.05,100,0.75,0.75,3,3,high,1.25,uniform,medium,moderate,0.05,20.0,5.0,1.0,peripheral,120672.14507190019,658.9162473674679,0.0,0.0,120013.22882453272,120013.22882453272,4244.444060134616,5980.710569237173,5220.794775654497,15445.949405026287,84888.88120269231,29903.552846185867,5220.794775654497,0.0,723.4506610669163,823.6453092093349,0.0,100,0,0.0,0,0,0.0,0.0,0.0,0.0,0.0,0.0,0,0.0,0.0,0,0,0,28.758984565734863,25.0,0.0,1125.0,False,infeasible,nils_complete,120672.14507190019,823.6453092093349,,0.0,,0.0,False,feasible_only,0.0,,False,,,,
S0070_R03,7002029,truck_only,S0070,n100_p0.75_d3_uniform_Ehigh_V1.25_Hmedium_PWmoderate_B0.05,100,0.75,0.75,3,3,high,1.25,uniform,medium,moderate,0.05,20.0,5.0,1.0,peripheral,147770.20705022468,698.5932647212854,0.0,0.0,147071.6137855034,147071.6137855034,5963.992043694523,4612.584855360864,4728.84863480866,15305.425533864047,119279.84087389047,23062.92427680432,4728.84863480866,0.0,756.2750373167812,873.2415809016067,0.0,100,0,0.0,0,0,0.0,0.0,0.0,0.0,0.0,0.0,0,0.0,0.0,0,0,0,0.09319329261779785,0.0,0.0,0.0,False,infeasible,baseline_truck_only,147770.20705022468,873.2415809016067,,,,0.0,False,feasible_only,0.0,,False,,,,
S0070_R03,7002029,nils,S0070,n100_p0.75_d3_uniform_Ehigh_V1.25_Hmedium_PWmoderate_B0.05,100,0.75,0.75,3,3,high,1.25,uniform,medium,moderate,0.05,20.0,5.0,1.0,peripheral,147770.20705022468,698.5932647212854,0.0,0.0,147071.6137855034,147071.6137855034,5963.992043694523,4612.584855360864,4728.84863480866,15305.425533864047,119279.84087389047,23062.92427680432,4728.84863480866,0.0,756.2750373167812,873.2415809016067,0.0,100,0,0.0,0,0,0.0,0.0,0.0,0.0,0.0,0.0,0,0.0,0.0,0,75,75,36.02097249031067,25.0,0.0,3225.0,False,infeasible,nils_complete,147770.20705022468,873.2415809016067,,0.0,,0.0,False,feasible_only,0.0,,False,,,,
S0070_R04,7002030,truck_only,S0070,n100_p0.75_d3_uniform_Ehigh_V1.25_Hmedium_PWmoderate_B0.05,100,0.75,0.75,3,3,high,1.25,uniform,medium,moderate,0.05,20.0,5.0,1.0,peripheral,85131.68177937294,666.7954786749797,0.0,0.0,84464.88630069797,84464.88630069797,3104.69302413817,3853.789947088354,3102.076082492783,10060.559053719306,62093.860482763404,19268.94973544177,3102.076082492783,0.0,564.752387906366,833.4943483437247,0.0,100,0,0.0,0,0,0.0,0.0,0.0,0.0,0.0,0.0,0,0.0,0.0,0,0,0,0.09799647331237793,0.0,0.0,0.0,False,infeasible,baseline_truck_only,85131.68177937294,833.4943483437247,,,,0.0,False,feasible_only,0.0,,False,,,,
S0070_R04,7002030,nils,S0070,n100_p0.75_d3_uniform_Ehigh_V1.25_Hmedium_PWmoderate_B0.05,100,0.75,0.75,3,3,high,1.25,uniform,medium,moderate,0.05,20.0,5.0,1.0,peripheral,85131.68177937294,666.7954786749797,0.0,0.0,84464.88630069797,84464.88630069797,3104.69302413817,3853.789947088354,3102.076082492783,10060.559053719306,62093.860482763404,19268.94973544177,3102.076082492783,0.0,564.752387906366,833.4943483437247,0.0,100,0,0.0,0,0,0.0,0.0,0.0,0.0,0.0,0.0,0,0.0,0.0,0,0,0,30.53172731399536,25.0,0.0,1725.0,False,infeasible,nils_complete,85131.68177937294,833.4943483437247,,0.0,,0.0,False,feasible_only,0.0,,False,,,,
S0070_R05,7002031,truck_only,S0070,n100_p0.75_d3_uniform_Ehigh_V1.25_Hmedium_PWmoderate_B0.05,100,0.75,0.75,3,3,high,1.25,uniform,medium,moderate,0.05,20.0,5.0,1.0,peripheral,133891.58913597505,674.9920936983578,0.0,0.0,133216.5970422767,133216.5970422767,5416.412696302988,4250.565185527574,3635.5171885790596,13302.495070409619,108328.25392605976,21252.825927637867,3635.5171885790596,0.0,644.7166848115635,843.7401171229474,0.0,100,0,0.0,0,0,0.0,0.0,0.0,0.0,0.0,0.0,0,0.0,0.0,0,0,0,0.08967733383178711,0.0,0.0,0.0,False,infeasible,baseline_truck_only,133891.58913597505,843.7401171229474,,,,0.0,False,feasible_only,0.0,,False,,,,
S0070_R05,7002031,nils,S0070,n100_p0.75_d3_uniform_Ehigh_V1.25_Hmedium_PWmoderate_B0.05,100,0.75,0.75,3,3,high,1.25,uniform,medium,moderate,0.05,20.0,5.0,1.0,peripheral,133891.58913597505,674.9920936983578,0.0,0.0,133216.5970422767,133216.5970422767,5416.412696302988,4250.565185527574,3635.5171885790596,13302.495070409619,108328.25392605976,21252.825927637867,3635.5171885790596,0.0,644.7166848115635,843.7401171229474,0.0,100,0,0.0,0,0,0.0,0.0,0.0,0.0,0.0,0.0,0,0.0,0.0,0,0,0,35.13066029548645,25.0,0.0,3225.0,False,infeasible,nils_complete,133891.58913597505,843.7401171229474,,0.0,,0.0,False,feasible_only,0.0,,False,,,,
S0070_R06,7002032,truck_only,S0070,n100_p0.75_d3_uniform_Ehigh_V1.25_Hmedium_PWmoderate_B0.05,100,0.75,0.75,3,3,high,1.25,uniform,medium,moderate,0.05,20.0,5.0,1.0,peripheral,94232.67327747088,666.8679455610456,0.0,0.0,93565.80533190984,93565.80533190984,3239.243141560808,4922.296782732543,4169.458587030973,12330.998511324324,64784.86283121616,24611.483913662712,4169.458587030973,0.0,690.6022866058324,833.5849319513068,0.0,100,0,0.0,0,0,0.0,0.0,0.0,0.0,0.0,0.0,0,0.0,0.0,0,0,0,0.10397171974182129,0.0,0.0,0.0,False,infeasible,baseline_truck_only,94232.67327747088,833.5849319513068,,,,0.0,False,feasible_only,0.0,,False,,,,
S0070_R06,7002032,nils,S0070,n100_p0.75_d3_uniform_Ehigh_V1.25_Hmedium_PWmoderate_B0.05,100,0.75,0.75,3,3,high,1.25,uniform,medium,moderate,0.05,20.0,5.0,1.0,peripheral,94232.67327747088,666.8679455610456,0.0,0.0,93565.80533190984,93565.80533190984,3239.243141560808,4922.296782732543,4169.458587030973,12330.998511324324,64784.86283121616,24611.483913662712,4169.458587030973,0.0,690.6022866058324,833.5849319513068,0.0,100,0,0.0,0,0,0.0,0.0,0.0,0.0,0.0,0.0,0,0.0,0.0,0,75,75,34.77324819564819,25.0,0.0,2775.0,False,infeasible,nils_complete,94232.67327747088,833.5849319513068,,0.0,,0.0,False,feasible_only,0.0,,False,,,,
S0070_R07,7002033,truck_only,S0070,n100_p0.75_d3_uniform_Ehigh_V1.25_Hmedium_PWmoderate_B0.05,100,0.75,0.75,3,3,high,1.25,uniform,medium,moderate,0.05,20.0,5.0,1.0,peripheral,121465.3671069413,690.8542893712499,0.0,0.0,120774.51281757005,120774.51281757005,4370.719969942867,5719.242920742508,4763.898815000151,14853.861705685527,87414.39939885733,28596.214603712542,4763.898815000151,0.0,696.2263994036368,863.5678617140624,0.0,100,0,0.0,0,0,0.0,0.0,0.0,0.0,0.0,0.0,0,0.0,0.0,0,0,0,0.09852480888366699,0.0,0.0,0.0,False,infeasible,baseline_truck_only,121465.3671069413,863.5678617140624,,,,0.0,False,feasible_only,0.0,,False,,,,
S0070_R07,7002033,nils,S0070,n100_p0.75_d3_uniform_Ehigh_V1.25_Hmedium_PWmoderate_B0.05,100,0.75,0.75,3,3,high,1.25,uniform,medium,moderate,0.05,20.0,5.0,1.0,peripheral,121465.3671069413,690.8542893712499,0.0,0.0,120774.51281757005,120774.51281757005,4370.719969942867,5719.242920742508,4763.898815000151,14853.861705685527,87414.39939885733,28596.214603712542,4763.898815000151,0.0,696.2263994036368,863.5678617140624,0.0,100,0,0.0,0,0,0.0,0.0,0.0,0.0,0.0,0.0,0,0.0,0.0,0,0,0,28.23660182952881,25.0,0.0,1050.0,False,infeasible,nils_complete,121465.3671069413,863.5678617140624,,0.0,,0.0,False,feasible_only,0.0,,False,,,,
S0070_R08,7002034,truck_only,S0070,n100_p0.75_d3_uniform_Ehigh_V1.25_Hmedium_PWmoderate_B0.05,100,0.75,0.75,3,3,high,1.25,uniform,medium,moderate,0.05,20.0,5.0,1.0,peripheral,76579.34308339475,653.3639566667971,0.0,0.0,75925.97912672795,75925.97912672795,2772.671546025109,3214.0889969129157,4402.103221661209,10388.863764599235,55453.43092050218,16070.44498456458,4402.103221661209,0.0,686.0606222568135,816.7049458334964,0.0,100,0,0.0,0,0,0.0,0.0,0.0,0.0,0.0,0.0,0,0.0,0.0,0,0,0,0.1375589370727539,0.0,0.0,0.0,False,infeasible,baseline_truck_only,76579.34308339475,816.7049458334964,,,,0.0,False,feasible_only,0.0,,False,,,,
S0070_R08,7002034,nils,S0070,n100_p0.75_d3_uniform_Ehigh_V1.25_Hmedium_PWmoderate_B0.05,100,0.75,0.75,3,3,high,1.25,uniform,medium,moderate,0.05,20.0,5.0,1.0,peripheral,76579.34308339475,653.3639566667971,0.0,0.0,75925.97912672795,75925.97912672795,2772.671546025109,3214.0889969129157,4402.103221661209,10388.863764599235,55453.43092050218,16070.44498456458,4402.103221661209,0.0,686.0606222568135,816.7049458334964,0.0,100,0,0.0,0,0,0.0,0.0,0.0,0.0,0.0,0.0,0,0.0,0.0,0,0,0,39.026509284973145,25.0,0.0,3300.0,False,infeasible,nils_complete,76579.34308339475,816.7049458334964,,0.0,,0.0,False,feasible_only,0.0,,False,,,,
S0070_R09,7002035,truck_only,S0070,n100_p0.75_d3_uniform_Ehigh_V1.25_Hmedium_PWmoderate_B0.05,100,0.75,0.75,3,3,high,1.25,uniform,medium,moderate,0.05,20.0,5.0,1.0,peripheral,108584.9454976692,620.9245003832946,0.0,0.0,107964.02099728592,107964.02099728592,4644.480147632063,2411.473148297135,3017.0523031589555,10073.005599088152,92889.60295264126,12057.365741485675,3017.0523031589555,0.0,486.36960271221994,776.1556254791179,0.0,100,0,0.0,0,0,0.0,0.0,0.0,0.0,0.0,0.0,0,0.0,0.0,0,0,0,0.09416651725769043,0.0,0.0,0.0,False,infeasible,baseline_truck_only,108584.9454976692,776.1556254791179,,,,0.0,False,feasible_only,0.0,,False,,,,
S0070_R09,7002035,nils,S0070,n100_p0.75_d3_uniform_Ehigh_V1.25_Hmedium_PWmoderate_B0.05,100,0.75,0.75,3,3,high,1.25,uniform,medium,moderate,0.05,20.0,5.0,1.0,peripheral,108584.9454976692,620.9245003832946,0.0,0.0,107964.02099728592,107964.02099728592,4644.480147632063,2411.473148297135,3017.0523031589555,10073.005599088152,92889.60295264126,12057.365741485675,3017.0523031589555,0.0,486.36960271221994,776.1556254791179,0.0,100,0,0.0,0,0,0.0,0.0,0.0,0.0,0.0,0.0,0,0.0,0.0,0,0,0,42.09337902069092,25.0,0.0,4500.0,False,infeasible,nils_complete,108584.9454976692,776.1556254791179,,0.0,,0.0,False,feasible_only,0.0,,False,,,,
S0070_R10,7002036,truck_only,S0070,n100_p0.75_d3_uniform_Ehigh_V1.25_Hmedium_PWmoderate_B0.05,100,0.75,0.75,3,3,high,1.25,uniform,medium,moderate,0.05,20.0,5.0,1.0,peripheral,75107.47299688455,678.3171203543246,0.0,0.0,74429.15587653022,74429.15587653022,2836.7896040186897,2803.810828223912,3674.3096550368646,9314.910087279466,56735.792080373794,14019.054141119559,3674.3096550368646,0.0,545.0973543116125,847.8964004429058,0.0,100,0,0.0,0,0,0.0,0.0,0.0,0.0,0.0,0.0,0,0.0,0.0,0,0,0,0.1033318042755127,0.0,0.0,0.0,False,infeasible,baseline_truck_only,75107.47299688455,847.8964004429058,,,,0.0,False,feasible_only,0.0,,False,,,,
S0070_R10,7002036,nils,S0070,n100_p0.75_d3_uniform_Ehigh_V1.25_Hmedium_PWmoderate_B0.05,100,0.75,0.75,3,3,high,1.25,uniform,medium,moderate,0.05,20.0,5.0,1.0,peripheral,75107.47299688455,678.3171203543246,0.0,0.0,74429.15587653022,74429.15587653022,2836.7896040186897,2803.810828223912,3674.3096550368646,9314.910087279466,56735.792080373794,14019.054141119559,3674.3096550368646,0.0,545.0973543116125,847.8964004429058,0.0,100,0,0.0,0,0,0.0,0.0,0.0,0.0,0.0,0.0,0,0.0,0.0,0,0,0,29.289670705795288,25.0,0.0,1650.0,False,infeasible,nils_complete,75107.47299688455,847.8964004429058,,0.0,,0.0,False,feasible_only,0.0,,False,,,,
S0071_R01,7102027,truck_only,S0071,n100_p0.75_d3_uniform_Ehigh_V1.25_Hlong_PWbase_B0.05,100,0.75,0.75,3,3,high,1.25,uniform,long,base,0.05,100.0,20.0,1.0,peripheral,700249.1189687386,743.3652011590334,0.0,0.0,699505.7537675796,699505.7537675796,5677.832177591311,6359.674824550967,4529.039517429297,16566.546519571573,567783.2177591311,127193.49649101934,4529.039517429297,0.0,770.5633105515589,929.2065014487921,0.0,100,0,0.0,0,0,0.0,0.0,0.0,0.0,0.0,0.0,0,0.0,0.0,0,0,0,0.10315227508544922,0.0,0.0,0.0,False,infeasible,baseline_truck_only,700249.1189687386,929.2065014487921,,,,0.0,False,feasible_only,0.0,,False,,,,
S0071_R01,7102027,nils,S0071,n100_p0.75_d3_uniform_Ehigh_V1.25_Hlong_PWbase_B0.05,100,0.75,0.75,3,3,high,1.25,uniform,long,base,0.05,100.0,20.0,1.0,peripheral,700249.1189687386,743.3652011590334,0.0,0.0,699505.7537675796,699505.7537675796,5677.832177591311,6359.674824550967,4529.039517429297,16566.546519571573,567783.2177591311,127193.49649101934,4529.039517429297,0.0,770.5633105515589,929.2065014487921,0.0,100,0,0.0,0,0,0.0,0.0,0.0,0.0,0.0,0.0,0,0.0,0.0,0,0,0,29.622392892837524,25.0,0.0,1425.0,False,infeasible,nils_complete,700249.1189687386,929.2065014487921,,0.0,,0.0,False,feasible_only,0.0,,False,,,,
S0071_R02,7102028,truck_only,S0071,n100_p0.75_d3_uniform_Ehigh_V1.25_Hlong_PWbase_B0.05,100,0.75,0.75,3,3,high,1.25,uniform,long,base,0.05,100.0,20.0,1.0,peripheral,624265.553575631,647.6870673878385,0.0,0.0,623617.8665082431,623617.8665082431,5315.2071039725515,4379.088724983773,4515.381611312579,14209.677440268904,531520.7103972551,87581.77449967546,4515.381611312579,0.0,591.3685650543606,809.6088342347983,0.0,100,0,0.0,0,0,0.0,0.0,0.0,0.0,0.0,0.0,0,0.0,0.0,0,0,0,0.13952922821044922,0.0,0.0,0.0,False,infeasible,baseline_truck_only,624265.553575631,809.6088342347983,,,,0.0,False,feasible_only,0.0,,False,,,,
S0071_R02,7102028,nils,S0071,n100_p0.75_d3_uniform_Ehigh_V1.25_Hlong_PWbase_B0.05,100,0.75,0.75,3,3,high,1.25,uniform,long,base,0.05,100.0,20.0,1.0,peripheral,624265.553575631,647.6870673878385,0.0,0.0,623617.8665082431,623617.8665082431,5315.2071039725515,4379.088724983773,4515.381611312579,14209.677440268904,531520.7103972551,87581.77449967546,4515.381611312579,0.0,591.3685650543606,809.6088342347983,0.0,100,0,0.0,0,0,0.0,0.0,0.0,0.0,0.0,0.0,0,0.0,0.0,0,0,0,30.226405143737793,25.0,0.0,1575.0,False,infeasible,nils_complete,624265.553575631,809.6088342347983,,0.0,,0.0,False,feasible_only,0.0,,False,,,,
S0071_R03,7102029,truck_only,S0071,n100_p0.75_d3_uniform_Ehigh_V1.25_Hlong_PWbase_B0.05,100,0.75,0.75,3,3,high,1.25,uniform,long,base,0.05,100.0,20.0,1.0,peripheral,559012.2263009066,709.5593763109167,0.0,0.0,558302.6669245957,558302.6669245957,4779.4539562207565,3834.479940517286,3667.6724921742193,12281.606388912262,477945.39562207565,76689.59881034572,3667.6724921742193,0.0,587.0686724717938,886.9492203886456,0.0,100,0,0.0,0,0,0.0,0.0,0.0,0.0,0.0,0.0,0,0.0,0.0,0,0,0,0.09529399871826172,0.0,0.0,0.0,False,infeasible,baseline_truck_only,559012.2263009066,886.9492203886456,,,,0.0,False,feasible_only,0.0,,False,,,,
S0071_R03,7102029,nils,S0071,n100_p0.75_d3_uniform_Ehigh_V1.25_Hlong_PWbase_B0.05,100,0.75,0.75,3,3,high,1.25,uniform,long,base,0.05,100.0,20.0,1.0,peripheral,559012.2263009066,709.5593763109167,0.0,0.0,558302.6669245957,558302.6669245957,4779.4539562207565,3834.479940517286,3667.6724921742193,12281.606388912262,477945.39562207565,76689.59881034572,3667.6724921742193,0.0,587.0686724717938,886.9492203886456,0.0,100,0,0.0,0,0,0.0,0.0,0.0,0.0,0.0,0.0,0,0.0,0.0,0,0,0,32.09038829803467,25.0,0.0,1725.0,False,infeasible,nils_complete,559012.2263009066,886.9492203886456,,0.0,,0.0,False,feasible_only,0.0,,False,,,,
S0071_R04,7102030,truck_only,S0071,n100_p0.75_d3_uniform_Ehigh_V1.25_Hlong_PWbase_B0.05,100,0.75,0.75,3,3,high,1.25,uniform,long,base,0.05,100.0,20.0,1.0,peripheral,440618.12666820467,643.3170897882974,0.0,0.0,439974.80957841635,439974.80957841635,3445.7831686127824,4554.620768827505,4304.077340587993,12304.481278028281,344578.31686127826,91092.41537655011,4304.077340587993,0.0,734.5711713535949,804.146362235372,0.0,100,0,0.0,0,0,0.0,0.0,0.0,0.0,0.0,0.0,0,0.0,0.0,0,0,0,0.12459611892700195,0.0,0.0,0.0,False,infeasible,baseline_truck_only,440618.12666820467,804.146362235372,,,,0.0,False,feasible_only,0.0,,False,,,,
S0071_R04,7102030,nils,S0071,n100_p0.75_d3_uniform_Ehigh_V1.25_Hlong_PWbase_B0.05,100,0.75,0.75,3,3,high,1.25,uniform,long,base,0.05,100.0,20.0,1.0,peripheral,440618.12666820467,643.3170897882974,0.0,0.0,439974.80957841635,439974.80957841635,3445.7831686127824,4554.620768827505,4304.077340587993,12304.481278028281,344578.31686127826,91092.41537655011,4304.077340587993,0.0,734.5711713535949,804.146362235372,0.0,100,0,0.0,0,0,0.0,0.0,0.0,0.0,0.0,0.0,0,0.0,0.0,0,0,0,35.4494366645813,25.0,0.0,3075.0,False,infeasible,nils_complete,440618.12666820467,804.146362235372,,0.0,,0.0,False,feasible_only,0.0,,False,,,,
S0071_R05,7102031,truck_only,S0071,n100_p0.75_d3_uniform_Ehigh_V1.25_Hlong_PWbase_B0.05,100,0.75,0.75,3,3,high,1.25,uniform,long,base,0.05,100.0,20.0,1.0,peripheral,642552.4295353754,695.5424326523271,0.0,0.0,641856.8871027231,641856.8871027231,5328.842649195904,5258.595041622174,3800.721350689214,14388.159041507293,532884.2649195904,105171.90083244348,3800.721350689214,0.0,657.054891580313,869.4280408154086,0.0,100,0,0.0,0,0,0.0,0.0,0.0,0.0,0.0,0.0,0,0.0,0.0,0,0,0,0.11929845809936523,0.0,0.0,0.0,False,infeasible,baseline_truck_only,642552.4295353754,869.4280408154086,,,,0.0,False,feasible_only,0.0,,False,,,,
S0071_R05,7102031,nils,S0071,n100_p0.75_d3_uniform_Ehigh_V1.25_Hlong_PWbase_B0.05,100,0.75,0.75,3,3,high,1.25,uniform,long,base,0.05,100.0,20.0,1.0,peripheral,642552.4295353754,695.5424326523271,0.0,0.0,641856.8871027231,641856.8871027231,5328.842649195904,5258.595041622174,3800.721350689214,14388.159041507293,532884.2649195904,105171.90083244348,3800.721350689214,0.0,657.054891580313,869.4280408154086,0.0,100,0,0.0,0,0,0.0,0.0,0.0,0.0,0.0,0.0,0,0.0,0.0,0,0,0,31.73042893409729,25.0,0.0,1800.0,False,infeasible,nils_complete,642552.4295353754,869.4280408154086,,0.0,,0.0,False,feasible_only,0.0,,False,,,,
S0071_R06,7102032,truck_only,S0071,n100_p0.75_d3_uniform_Ehigh_V1.25_Hlong_PWbase_B0.05,100,0.75,0.75,3,3,high,1.25,uniform,long,base,0.05,100.0,20.0,1.0,peripheral,392167.9571304624,642.2632772112872,0.0,0.0,391525.6938532511,391525.6938532511,3145.022631553429,3677.186174249503,3479.7072129181793,10301.916018721111,314502.2631553429,73543.72348499006,3479.7072129181793,0.0,510.93024778968794,802.829096514109,0.0,100,0,0.0,0,0,0.0,0.0,0.0,0.0,0.0,0.0,0,0.0,0.0,0,0,0,0.09953999519348145,0.0,0.0,0.0,False,infeasible,baseline_truck_only,392167.9571304624,802.829096514109,,,,0.0,False,feasible_only,0.0,,False,,,,
S0071_R06,7102032,nils,S0071,n100_p0.75_d3_uniform_Ehigh_V1.25_Hlong_PWbase_B0.05,100,0.75,0.75,3,3,high,1.25,uniform,long,base,0.05,100.0,20.0,1.0,peripheral,392167.9571304624,642.2632772112872,0.0,0.0,391525.6938532511,391525.6938532511,3145.022631553429,3677.186174249503,3479.7072129181793,10301.916018721111,314502.2631553429,73543.72348499006,3479.7072129181793,0.0,510.93024778968794,802.829096514109,0.0,100,0,0.0,0,0,0.0,0.0,0.0,0.0,0.0,0.0,0,0.0,0.0,0,0,0,36.00078582763672,25.0,0.0,3450.0,False,infeasible,nils_complete,392167.9571304624,802.829096514109,,0.0,,0.0,False,feasible_only,0.0,,False,,,,
S0071_R07,7102033,truck_only,S0071,n100_p0.75_d3_uniform_Ehigh_V1.25_Hlong_PWbase_B0.05,100,0.75,0.75,3,3,high,1.25,uniform,long,base,0.05,100.0,20.0,1.0,peripheral,502318.7934966884,715.3106663027519,0.0,0.0,501603.4828303857,501603.4828303857,3848.9618614304973,5625.095829153217,4205.3801042716095,13679.437794855325,384896.18614304974,112501.91658306433,4205.3801042716095,0.0,563.1154093211778,894.1383328784402,0.0,100,0,0.0,0,0,0.0,0.0,0.0,0.0,0.0,0.0,0,0.0,0.0,0,0,0,0.09565567970275879,0.0,0.0,0.0,False,infeasible,baseline_truck_only,502318.7934966884,894.1383328784402,,,,0.0,False,feasible_only,0.0,,False,,,,
S0071_R07,7102033,nils,S0071,n100_p0.75_d3_uniform_Ehigh_V1.25_Hlong_PWbase_B0.05,100,0.75,0.75,3,3,high,1.25,uniform,long,base,0.05,100.0,20.0,1.0,peripheral,502318.7934966884,715.3106663027519,0.0,0.0,501603.4828303857,501603.4828303857,3848.9618614304973,5625.095829153217,4205.3801042716095,13679.437794855325,384896.18614304974,112501.91658306433,4205.3801042716095,0.0,563.1154093211778,894.1383328784402,0.0,100,0,0.0,0,0,0.0,0.0,0.0,0.0,0.0,0.0,0,0.0,0.0,0,0,0,20.4023654460907,25.0,0.0,225.0,False,infeasible,nils_complete,502318.7934966884,894.1383328784402,,0.0,,0.0,False,feasible_only,0.0,,False,,,,
S0071_R08,7102034,truck_only,S0071,n100_p0.75_d3_uniform_Ehigh_V1.25_Hlong_PWbase_B0.05,100,0.75,0.75,3,3,high,1.25,uniform,long,base,0.05,100.0,20.0,1.0,peripheral,578195.9993104996,627.7082626605774,0.0,0.0,577568.2910478391,577568.2910478391,4782.957578384885,4803.891046864199,3194.712272066632,12781.560897315716,478295.7578384885,96077.82093728398,3194.712272066632,0.0,669.8741771722194,784.6353283257217,0.0,100,0,0.0,0,0,0.0,0.0,0.0,0.0,0.0,0.0,0,0.0,0.0,0,0,0,0.11424970626831055,0.0,0.0,0.0,False,infeasible,baseline_truck_only,578195.9993104996,784.6353283257217,,,,0.0,False,feasible_only,0.0,,False,,,,
S0071_R08,7102034,nils,S0071,n100_p0.75_d3_uniform_Ehigh_V1.25_Hlong_PWbase_B0.05,100,0.75,0.75,3,3,high,1.25,uniform,long,base,0.05,100.0,20.0,1.0,peripheral,578195.9993104996,627.7082626605774,0.0,0.0,577568.2910478391,577568.2910478391,4782.957578384885,4803.891046864199,3194.712272066632,12781.560897315716,478295.7578384885,96077.82093728398,3194.712272066632,0.0,669.8741771722194,784.6353283257217,0.0,100,0,0.0,0,0,0.0,0.0,0.0,0.0,0.0,0.0,0,0.0,0.0,0,0,0,37.275389194488525,25.0,0.0,3375.0,False,infeasible,nils_complete,578195.9993104996,784.6353283257217,,0.0,,0.0,False,feasible_only,0.0,,False,,,,
S0071_R09,7102035,truck_only,S0071,n100_p0.75_d3_uniform_Ehigh_V1.25_Hlong_PWbase_B0.05,100,0.75,0.75,3,3,high,1.25,uniform,long,base,0.05,100.0,20.0,1.0,peripheral,493594.1353610664,673.9020484873572,0.0,0.0,492920.23331257905,492920.23331257905,4141.472722717367,3714.10525816724,4490.855877497485,12346.433858382094,414147.2722717367,74282.10516334481,4490.855877497485,0.0,583.2486994236965,842.3775606091967,0.0,100,0,0.0,0,0,0.0,0.0,0.0,0.0,0.0,0.0,0,0.0,0.0,0,0,0,0.09484052658081055,0.0,0.0,0.0,False,infeasible,baseline_truck_only,493594.1353610664,842.3775606091967,,,,0.0,False,feasible_only,0.0,,False,,,,
S0071_R09,7102035,nils,S0071,n100_p0.75_d3_uniform_Ehigh_V1.25_Hlong_PWbase_B0.05,100,0.75,0.75,3,3,high,1.25,uniform,long,base,0.05,100.0,20.0,1.0,peripheral,493594.1353610664,673.9020484873572,0.0,0.0,492920.23331257905,492920.23331257905,4141.472722717367,3714.10525816724,4490.855877497485,12346.433858382094,414147.2722717367,74282.10516334481,4490.855877497485,0.0,583.2486994236965,842.3775606091967,0.0,100,0,0.0,0,0,0.0,0.0,0.0,0.0,0.0,0.0,0,0.0,0.0,0,0,0,30.62663507461548,25.0,0.0,1575.0,False,infeasible,nils_complete,493594.1353610664,842.3775606091967,,0.0,,0.0,False,feasible_only,0.0,,False,,,,
S0071_R10,7102036,truck_only,S0071,n100_p0.75_d3_uniform_Ehigh_V1.25_Hlong_PWbase_B0.05,100,0.75,0.75,3,3,high,1.25,uniform,long,base,0.05,100.0,20.0,1.0,peripheral,394019.47398409096,617.5646503564585,0.0,0.0,393401.9093337345,393401.9093337345,2677.539082514662,6153.788839021894,2572.2243018304425,11403.552223366998,267753.9082514662,123075.77678043788,2572.2243018304425,0.0,545.0702344407058,771.9558129455733,0.0,100,0,0.0,0,0,0.0,0.0,0.0,0.0,0.0,0.0,0,0.0,0.0,0,0,0,0.09416675567626953,0.0,0.0,0.0,False,infeasible,baseline_truck_only,394019.47398409096,771.9558129455733,,,,0.0,False,feasible_only,0.0,,False,,,,
S0071_R10,7102036,nils,S0071,n100_p0.75_d3_uniform_Ehigh_V1.25_Hlong_PWbase_B0.05,100,0.75,0.75,3,3,high,1.25,uniform,long,base,0.05,100.0,20.0,1.0,peripheral,394019.47398409096,617.5646503564585,0.0,0.0,393401.9093337345,393401.9093337345,2677.539082514662,6153.788839021894,2572.2243018304425,11403.552223366998,267753.9082514662,123075.77678043788,2572.2243018304425,0.0,545.0702344407058,771.9558129455733,0.0,100,0,0.0,0,0,0.0,0.0,0.0,0.0,0.0,0.0,0,0.0,0.0,0,0,0,27.82316780090332,25.0,0.0,1350.0,False,infeasible,nils_complete,394019.47398409096,771.9558129455733,,0.0,,0.0,False,feasible_only,0.0,,False,,,,
S0072_R01,7202027,truck_only,S0072,n100_p0.75_d3_uniform_Ehigh_V2.00_Hshort_PWmoderate_B0.05,100,0.75,0.75,3,3,high,2.0,uniform,short,moderate,0.05,20.0,5.0,1.0,peripheral,109691.70863088816,708.7985606802607,0.0,0.0,108982.9100702079,108982.9100702079,3555.5155935607568,6961.027886365663,3067.458767164443,13584.002247090863,71110.31187121513,34805.13943182831,3067.458767164443,0.0,615.7387372838259,885.9982008503262,0.0,100,0,0.0,0,0,0.0,0.0,0.0,0.0,0.0,0.0,0,0.0,0.0,0,0,0,0.13537812232971191,0.0,0.0,0.0,False,infeasible,baseline_truck_only,109691.70863088816,885.9982008503262,,,,0.0,False,feasible_only,0.0,,False,,,,
S0072_R01,7202027,nils,S0072,n100_p0.75_d3_uniform_Ehigh_V2.00_Hshort_PWmoderate_B0.05,100,0.75,0.75,3,3,high,2.0,uniform,short,moderate,0.05,20.0,5.0,1.0,peripheral,109691.70863088816,708.7985606802607,0.0,0.0,108982.9100702079,108982.9100702079,3555.5155935607568,6961.027886365663,3067.458767164443,13584.002247090863,71110.31187121513,34805.13943182831,3067.458767164443,0.0,615.7387372838259,885.9982008503262,0.0,100,0,0.0,0,0,0.0,0.0,0.0,0.0,0.0,0.0,0,0.0,0.0,0,0,0,28.609878063201904,25.0,0.0,1650.0,False,infeasible,nils_complete,109691.70863088816,885.9982008503262,,0.0,,0.0,False,feasible_only,0.0,,False,,,,
S0072_R02,7202028,truck_only,S0072,n100_p0.75_d3_uniform_Ehigh_V2.00_Hshort_PWmoderate_B0.05,100,0.75,0.75,3,3,high,2.0,uniform,short,moderate,0.05,20.0,5.0,1.0,peripheral,121883.16279530879,634.200891014566,0.0,0.0,121248.96190429422,121248.96190429422,4912.010993082838,4180.202583118332,2107.7291270458168,11199.942703246987,98240.21986165675,20901.01291559166,2107.7291270458168,0.0,557.9713588385022,792.7511137682075,0.0,100,0,0.0,0,0,0.0,0.0,0.0,0.0,0.0,0.0,0,0.0,0.0,0,0,0,0.09189319610595703,0.0,0.0,0.0,False,infeasible,baseline_truck_only,121883.16279530879,792.7511137682075,,,,0.0,False,feasible_only,0.0,,False,,,,
S0072_R02,7202028,nils,S0072,n100_p0.75_d3_uniform_Ehigh_V2.00_Hshort_PWmoderate_B0.05,100,0.75,0.75,3,3,high,2.0,uniform,short,moderate,0.05,20.0,5.0,1.0,peripheral,121883.16279530879,634.200891014566,0.0,0.0,121248.96190429422,121248.96190429422,4912.010993082838,4180.202583118332,2107.7291270458168,11199.942703246987,98240.21986165675,20901.01291559166,2107.7291270458168,0.0,557.9713588385022,792.7511137682075,0.0,100,0,0.0,0,0,0.0,0.0,0.0,0.0,0.0,0.0,0,0.0,0.0,0,0,0,36.422208309173584,25.0,0.0,3300.0,False,infeasible,nils_complete,121883.16279530879,792.7511137682075,,0.0,,0.0,False,feasible_only,0.0,,False,,,,
S0072_R03,7202029,truck_only,S0072,n100_p0.75_d3_uniform_Ehigh_V2.00_Hshort_PWmoderate_B0.05,100,0.75,0.75,3,3,high,2.0,uniform,short,moderate,0.05,20.0,5.0,1.0,peripheral,100165.95157682111,633.090875676475,0.0,0.0,99532.86070114464,99532.86070114464,4303.877469178743,1811.4345466800419,4398.1385841695965,10513.45060002838,86077.54938357486,9057.17273340021,4398.1385841695965,0.0,592.0542646942309,791.3635945955939,0.0,100,0,0.0,0,0,0.0,0.0,0.0,0.0,0.0,0.0,0,0.0,0.0,0,0,0,0.09438467025756836,0.0,0.0,0.0,False,infeasible,baseline_truck_only,100165.95157682111,791.3635945955939,,,,0.0,False,feasible_only,0.0,,False,,,,
S0072_R03,7202029,nils,S0072,n100_p0.75_d3_uniform_Ehigh_V2.00_Hshort_PWmoderate_B0.05,100,0.75,0.75,3,3,high,2.0,uniform,short,moderate,0.05,20.0,5.0,1.0,peripheral,100165.95157682111,633.090875676475,0.0,0.0,99532.86070114464,99532.86070114464,4303.877469178743,1811.4345466800419,4398.1385841695965,10513.45060002838,86077.54938357486,9057.17273340021,4398.1385841695965,0.0,592.0542646942309,791.3635945955939,0.0,100,0,0.0,0,0,0.0,0.0,0.0,0.0,0.0,0.0,0,0.0,0.0,0,0,0,35.745643615722656,25.0,0.0,3300.0,False,infeasible,nils_complete,100165.95157682111,791.3635945955939,,0.0,,0.0,False,feasible_only,0.0,,False,,,,
S0072_R04,7202030,truck_only,S0072,n100_p0.75_d3_uniform_Ehigh_V2.00_Hshort_PWmoderate_B0.05,100,0.75,0.75,3,3,high,2.0,uniform,short,moderate,0.05,20.0,5.0,1.0,peripheral,131315.9087591483,657.7698391086219,0.0,0.0,130658.13892003967,130658.13892003967,5143.801801393205,4862.299908661416,3470.603348868486,13476.705058923108,102876.0360278641,24311.49954330708,3470.603348868486,0.0,600.7190743805648,822.2122988857777,0.0,100,0,0.0,0,0,0.0,0.0,0.0,0.0,0.0,0.0,0,0.0,0.0,0,0,0,0.13451433181762695,0.0,0.0,0.0,False,infeasible,baseline_truck_only,131315.9087591483,822.2122988857777,,,,0.0,False,feasible_only,0.0,,False,,,,
S0072_R04,7202030,nils,S0072,n100_p0.75_d3_uniform_Ehigh_V2.00_Hshort_PWmoderate_B0.05,100,0.75,0.75,3,3,high,2.0,uniform,short,moderate,0.05,20.0,5.0,1.0,peripheral,131315.9087591483,657.7698391086219,0.0,0.0,130658.13892003967,130658.13892003967,5143.801801393205,4862.299908661416,3470.603348868486,13476.705058923108,102876.0360278641,24311.49954330708,3470.603348868486,0.0,600.7190743805648,822.2122988857777,0.0,100,0,0.0,0,0,0.0,0.0,0.0,0.0,0.0,0.0,0,0.0,0.0,0,0,0,30.597927570343018,25.0,0.0,1425.0,False,infeasible,nils_complete,131315.9087591483,822.2122988857777,,0.0,,0.0,False,feasible_only,0.0,,False,,,,
S0072_R05,7202031,truck_only,S0072,n100_p0.75_d3_uniform_Ehigh_V2.00_Hshort_PWmoderate_B0.05,100,0.75,0.75,3,3,high,2.0,uniform,short,moderate,0.05,20.0,5.0,1.0,peripheral,86449.78062487693,630.5847488107901,0.0,0.0,85819.19587606615,85819.19587606615,3071.6110535068356,4355.4892318021275,2609.5286469187954,10036.628932227759,61432.221070136715,21777.446159010637,2609.5286469187954,0.0,557.5682529543578,788.230936013488,0.0,100,0,0.0,0,0,0.0,0.0,0.0,0.0,0.0,0.0,0,0.0,0.0,0,0,0,0.10133743286132812,0.0,0.0,0.0,False,infeasible,baseline_truck_only,86449.78062487693,788.230936013488,,,,0.0,False,feasible_only,0.0,,False,,,,
S0072_R05,7202031,nils,S0072,n100_p0.75_d3_uniform_Ehigh_V2.00_Hshort_PWmoderate_B0.05,100,0.75,0.75,3,3,high,2.0,uniform,short,moderate,0.05,20.0,5.0,1.0,peripheral,86449.78062487693,630.5847488107901,0.0,0.0,85819.19587606615,85819.19587606615,3071.6110535068356,4355.4892318021275,2609.5286469187954,10036.628932227759,61432.221070136715,21777.446159010637,2609.5286469187954,0.0,557.5682529543578,788.230936013488,0.0,100,0,0.0,0,0,0.0,0.0,0.0,0.0,0.0,0.0,0,0.0,0.0,0,0,0,36.755170583724976,25.0,0.0,3450.0,False,infeasible,nils_complete,86449.78062487693,788.230936013488,,0.0,,0.0,False,feasible_only,0.0,,False,,,,
S0072_R06,7202032,truck_only,S0072,n100_p0.75_d3_uniform_Ehigh_V2.00_Hshort_PWmoderate_B0.05,100,0.75,0.75,3,3,high,2.0,uniform,short,moderate,0.05,20.0,5.0,1.0,peripheral,109412.20812159756,663.8706927298618,0.0,0.0,108748.3374288677,108748.3374288677,4276.38784942471,4024.458411947095,3098.288380638003,11399.134642009809,85527.7569884942,20122.292059735475,3098.288380638003,0.0,586.1212540709175,829.8383659123276,0.0,100,0,0.0,0,0,0.0,0.0,0.0,0.0,0.0,0.0,0,0.0,0.0,0,0,0,0.10222816467285156,0.0,0.0,0.0,False,infeasible,baseline_truck_only,109412.20812159756,829.8383659123276,,,,0.0,False,feasible_only,0.0,,False,,,,
S0072_R06,7202032,nils,S0072,n100_p0.75_d3_uniform_Ehigh_V2.00_Hshort_PWmoderate_B0.05,100,0.75,0.75,3,3,high,2.0,uniform,short,moderate,0.05,20.0,5.0,1.0,peripheral,109412.20812159756,663.8706927298618,0.0,0.0,108748.3374288677,108748.3374288677,4276.38784942471,4024.458411947095,3098.288380638003,11399.134642009809,85527.7569884942,20122.292059735475,3098.288380638003,0.0,586.1212540709175,829.8383659123276,0.0,100,0,0.0,0,0,0.0,0.0,0.0,0.0,0.0,0.0,0,0.0,0.0,0,0,0,31.249202966690063,25.0,0.0,2100.0,False,infeasible,nils_complete,109412.20812159756,829.8383659123276,,0.0,,0.0,False,feasible_only,0.0,,False,,,,
S0072_R07,7202033,truck_only,S0072,n100_p0.75_d3_uniform_Ehigh_V2.00_Hshort_PWmoderate_B0.05,100,0.75,0.75,3,3,high,2.0,uniform,short,moderate,0.05,20.0,5.0,1.0,peripheral,152508.67497290438,686.7902013981458,0.0,0.0,151821.88477150624,151821.88477150624,5942.913930565784,6033.112426458184,2798.044027899584,14774.07038492355,118858.27861131568,30165.56213229092,2798.044027899584,0.0,681.7019212877206,858.4877517476824,0.0,100,0,0.0,0,0,0.0,0.0,0.0,0.0,0.0,0.0,0,0.0,0.0,0,0,0,0.0881340503692627,0.0,0.0,0.0,False,infeasible,baseline_truck_only,152508.67497290438,858.4877517476824,,,,0.0,False,feasible_only,0.0,,False,,,,
S0072_R07,7202033,nils,S0072,n100_p0.75_d3_uniform_Ehigh_V2.00_Hshort_PWmoderate_B0.05,100,0.75,0.75,3,3,high,2.0,uniform,short,moderate,0.05,20.0,5.0,1.0,peripheral,152508.67497290438,686.7902013981458,0.0,0.0,151821.88477150624,151821.88477150624,5942.913930565784,6033.112426458184,2798.044027899584,14774.07038492355,118858.27861131568,30165.56213229092,2798.044027899584,0.0,681.7019212877206,858.4877517476824,0.0,100,0,0.0,0,0,0.0,0.0,0.0,0.0,0.0,0.0,0,0.0,0.0,0,0,0,27.612767934799194,25.0,0.0,1200.0,False,infeasible,nils_complete,152508.67497290438,858.4877517476824,,0.0,,0.0,False,feasible_only,0.0,,False,,,,
S0072_R08,7202034,truck_only,S0072,n100_p0.75_d3_uniform_Ehigh_V2.00_Hshort_PWmoderate_B0.05,100,0.75,0.75,3,3,high,2.0,uniform,short,moderate,0.05,20.0,5.0,1.0,peripheral,88000.93255489091,711.3266943906937,0.0,0.0,87289.60586050022,87289.60586050022,2658.5749132344085,6063.997393645214,3798.120627585976,12520.692934465598,53171.49826468817,30319.986968226072,3798.120627585976,0.0,560.8268134400472,889.1583679883672,0.0,100,0,0.0,0,0,0.0,0.0,0.0,0.0,0.0,0.0,0,0.0,0.0,0,0,0,0.10164332389831543,0.0,0.0,0.0,False,infeasible,baseline_truck_only,88000.93255489091,889.1583679883672,,,,0.0,False,feasible_only,0.0,,False,,,,
S0072_R08,7202034,nils,S0072,n100_p0.75_d3_uniform_Ehigh_V2.00_Hshort_PWmoderate_B0.05,100,0.75,0.75,3,3,high,2.0,uniform,short,moderate,0.05,20.0,5.0,1.0,peripheral,88000.93255489091,711.3266943906937,0.0,0.0,87289.60586050022,87289.60586050022,2658.5749132344085,6063.997393645214,3798.120627585976,12520.692934465598,53171.49826468817,30319.986968226072,3798.120627585976,0.0,560.8268134400472,889.1583679883672,0.0,100,0,0.0,0,0,0.0,0.0,0.0,0.0,0.0,0.0,0,0.0,0.0,0,0,0,15.922886371612549,25.0,0.0,150.0,False,infeasible,nils_complete,88000.93255489091,889.1583679883672,,0.0,,0.0,False,feasible_only,0.0,,False,,,,
S0072_R09,7202035,truck_only,S0072,n100_p0.75_d3_uniform_Ehigh_V2.00_Hshort_PWmoderate_B0.05,100,0.75,0.75,3,3,high,2.0,uniform,short,moderate,0.05,20.0,5.0,1.0,peripheral,76631.53750404996,608.4140772527829,0.0,0.0,76023.12342679717,76023.12342679717,2977.9065494887254,2544.566103039914,3742.1619218230726,9264.634574351712,59558.13098977451,12722.83051519957,3742.1619218230726,0.0,500.19711616867346,760.5175965659787,0.0,100,0,0.0,0,0,0.0,0.0,0.0,0.0,0.0,0.0,0,0.0,0.0,0,0,0,0.09319376945495605,0.0,0.0,0.0,False,infeasible,baseline_truck_only,76631.53750404996,760.5175965659787,,,,0.0,False,feasible_only,0.0,,False,,,,
S0072_R09,7202035,nils,S0072,n100_p0.75_d3_uniform_Ehigh_V2.00_Hshort_PWmoderate_B0.05,100,0.75,0.75,3,3,high,2.0,uniform,short,moderate,0.05,20.0,5.0,1.0,peripheral,76631.53750404996,608.4140772527829,0.0,0.0,76023.12342679717,76023.12342679717,2977.9065494887254,2544.566103039914,3742.1619218230726,9264.634574351712,59558.13098977451,12722.83051519957,3742.1619218230726,0.0,500.19711616867346,760.5175965659787,0.0,100,0,0.0,0,0,0.0,0.0,0.0,0.0,0.0,0.0,0,0.0,0.0,0,0,0,31.108569860458374,25.0,0.0,2325.0,False,infeasible,nils_complete,76631.53750404996,760.5175965659787,,0.0,,0.0,False,feasible_only,0.0,,False,,,,
S0072_R10,7202036,truck_only,S0072,n100_p0.75_d3_uniform_Ehigh_V2.00_Hshort_PWmoderate_B0.05,100,0.75,0.75,3,3,high,2.0,uniform,short,moderate,0.05,20.0,5.0,1.0,peripheral,104526.3900286939,639.0778095442581,0.0,0.0,103887.31221914965,103887.31221914965,3988.1475428821,4177.242929441085,3238.146714302245,11403.53718662543,79762.950857642,20886.214647205423,3238.146714302245,0.0,593.9721270527888,798.8472619303227,0.0,100,0,0.0,0,0,0.0,0.0,0.0,0.0,0.0,0.0,0,0.0,0.0,0,0,0,0.09349894523620605,0.0,0.0,0.0,False,infeasible,baseline_truck_only,104526.3900286939,798.8472619303227,,,,0.0,False,feasible_only,0.0,,False,,,,
S0072_R10,7202036,nils,S0072,n100_p0.75_d3_uniform_Ehigh_V2.00_Hshort_PWmoderate_B0.05,100,0.75,0.75,3,3,high,2.0,uniform,short,moderate,0.05,20.0,5.0,1.0,peripheral,104526.3900286939,639.0778095442581,0.0,0.0,103887.31221914965,103887.31221914965,3988.1475428821,4177.242929441085,3238.146714302245,11403.53718662543,79762.950857642,20886.214647205423,3238.146714302245,0.0,593.9721270527888,798.8472619303227,0.0,100,0,0.0,0,0,0.0,0.0,0.0,0.0,0.0,0.0,0,0.0,0.0,0,0,0,35.25984716415405,25.0,0.0,2775.0,False,infeasible,nils_complete,104526.3900286939,798.8472619303227,,0.0,,0.0,False,feasible_only,0.0,,False,,,,
