instance_id,random_seed,method_name,scenario_id,scenario_class,n,eligible_share,eligible_share_target,number_of_drones,number_of_trucks,endurance_level,speed_ratio,spatial_pattern,launch_retrieval_time_class,priority_weight_profile,battery_slack_ratio,priority_weight_high,priority_weight_medium,priority_weight_low,depot_position,objective_total,truck_travel_cost,drone_travel_cost,waiting_sync_cost,penalty_cost,priority_tardiness_cost,high_priority_tardiness_minutes,medium_priority_tardiness_minutes,low_priority_tardiness_minutes,total_priority_tardiness_minutes,high_priority_tardiness_weighted_cost,medium_priority_tardiness_weighted_cost,low_priority_tardiness_weighted_cost,fixed_deployment_cost,makespan_minutes,truck_route_distance_km,drone_flight_distance_km,customers_served_by_truck,customers_served_by_drone,drone_service_share,number_of_drone_launches,number_of_drone_retrievals,average_customers_per_drone_sortie,average_customers_per_drone_route,total_truck_waiting_time,total_drone_waiting_time,average_synchronization_delay,maximum_synchronization_delay,delayed_rendezvous_events,average_battery_usage_ratio,maximum_battery_usage_ratio,sorties_near_endurance_limit,infeasible_battery_attempts_rejected,eligible_not_assigned_due_battery,cpu_time_seconds,iterations,improving_moves_accepted,candidate_reassignments_evaluated,final_solution_feasibility_flag,status,run_label,truck_only_objective,truck_only_distance,simple_drone_objective,improvement_vs_truck_only_pct,improvement_vs_simple_drone_pct,truck_distance_reduction_pct,is_feasible_run,reporting_policy,reporting_penalty_value,objective_for_reporting,reporting_included,truck_only_objective_reported,simple_drone_objective_reported,improvement_vs_truck_only_reported_pct,improvement_vs_simple_drone_reported_pct
S0001_R01,102027,truck_only,S0001,n15_p0.25_d1_clustered_Elow_V1.25_Hshort_PWmoderate_B0.20,15,0.26666666666666666,0.25,1,3,low,1.25,clustered,short,moderate,0.2,20.0,5.0,1.0,peripheral,64.15233250574084,64.15233250574084,0.0,0.0,0.0,0.0,0.0,0.0,0.0,0.0,0.0,0.0,0.0,0.0,151.20411060410214,80.19041563217604,0.0,15,0,0.0,0,0,0.0,0.0,0.0,0.0,0.0,0.0,0,0.0,0.0,0,0,0,0.005619525909423828,0.0,0.0,0.0,True,feasible,baseline_truck_only,64.15233250574084,80.19041563217604,,,,0.0,True,feasible_only,0.0,64.15233250574084,True,64.15233250574084,,,
S0001_R01,102027,nils,S0001,n15_p0.25_d1_clustered_Elow_V1.25_Hshort_PWmoderate_B0.20,15,0.26666666666666666,0.25,1,3,low,1.25,clustered,short,moderate,0.2,20.0,5.0,1.0,peripheral,64.15233250574084,64.15233250574084,0.0,0.0,0.0,0.0,0.0,0.0,0.0,0.0,0.0,0.0,0.0,0.0,151.20411060410214,80.19041563217604,0.0,15,0,0.0,0,0,0.0,0.0,0.0,0.0,0.0,0.0,0,0.0,0.0,0,100,100,0.1657569408416748,25.0,0.0,0.0,True,feasible,nils_complete,64.15233250574084,80.19041563217604,,0.0,,0.0,True,feasible_only,0.0,64.15233250574084,True,64.15233250574084,,0.0,
S0001_R02,102028,truck_only,S0001,n15_p0.25_d1_clustered_Elow_V1.25_Hshort_PWmoderate_B0.20,15,0.26666666666666666,0.25,1,3,low,1.25,clustered,short,moderate,0.2,20.0,5.0,1.0,peripheral,262.84497328501806,76.33223572663601,0.0,0.0,186.51273755838204,186.51273755838204,9.325636877919102,0.0,0.0,9.325636877919102,186.51273755838204,0.0,0.0,0.0,176.73936699964045,95.41529465829504,0.0,15,0,0.0,0,0,0.0,0.0,0.0,0.0,0.0,0.0,0,0.0,0.0,0,0,0,0.005319356918334961,0.0,0.0,0.0,True,feasible,baseline_truck_only,262.84497328501806,95.41529465829504,,,,0.0,True,feasible_only,0.0,262.84497328501806,True,262.84497328501806,,,
S0001_R02,102028,nils,S0001,n15_p0.25_d1_clustered_Elow_V1.25_Hshort_PWmoderate_B0.20,15,0.26666666666666666,0.25,1,3,low,1.25,clustered,short,moderate,0.2,20.0,5.0,1.0,peripheral,56.1441439138403,49.23348954251041,6.91065437132989,0.0,0.0,0.0,0.0,0.0,0.0,0.0,0.0,0.0,0.0,0.0,117.86727944575517,61.54186192813802,23.035514571099633,14,1,0.06666666666666667,1,1,1.0,1.0,0.0,0.0,0.0,0.0,0,0.6581575591742753,0.6581575591742753,0,75,75,0.1662123203277588,25.0,1.0,1.0,True,feasible,nils_complete,262.84497328501806,95.41529465829504,,78.63982589731326,,35.50105132669335,True,feasible_only,0.0,56.1441439138403,True,262.84497328501806,,78.63982589731326,
S0001_R03,102029,truck_only,S0001,n15_p0.25_d1_clustered_Elow_V1.25_Hshort_PWmoderate_B0.20,15,0.26666666666666666,0.25,1,3,low,1.25,clustered,short,moderate,0.2,20.0,5.0,1.0,peripheral,1198.1562071047938,58.542003550431346,0.0,0.0,1139.6142035543623,1139.6142035543623,56.980710177718116,0.0,0.0,56.980710177718116,1139.6142035543623,0.0,0.0,0.0,136.35688864249485,73.17750443803916,0.0,15,0,0.0,0,0,0.0,0.0,0.0,0.0,0.0,0.0,0,0.0,0.0,0,0,0,0.002868175506591797,0.0,0.0,0.0,True,feasible,baseline_truck_only,1198.1562071047938,73.17750443803916,,,,0.0,True,feasible_only,0.0,1198.1562071047938,True,1198.1562071047938,,,
S0001_R03,102029,nils,S0001,n15_p0.25_d1_clustered_Elow_V1.25_Hshort_PWmoderate_B0.20,15,0.26666666666666666,0.25,1,3,low,1.25,clustered,short,moderate,0.2,20.0,5.0,1.0,peripheral,105.57105235932755,105.57105235932755,0.0,0.0,0.0,0.0,0.0,0.0,0.0,0.0,0.0,0.0,0.0,0.0,86.6691731138706,131.96381544915943,0.0,15,0,0.0,0,0,0.0,0.0,0.0,0.0,0.0,0.0,0,0.0,0.0,0,100,100,0.14058542251586914,25.0,3.0,0.0,True,feasible,nils_complete,1198.1562071047938,73.17750443803916,,91.1888740605511,,-80.33385596101571,True,feasible_only,0.0,105.57105235932755,True,1198.1562071047938,,91.1888740605511,
S0001_R04,102030,truck_only,S0001,n15_p0.25_d1_clustered_Elow_V1.25_Hshort_PWmoderate_B0.20,15,0.26666666666666666,0.25,1,3,low,1.25,clustered,short,moderate,0.2,20.0,5.0,1.0,peripheral,1968.5490659327656,74.73817505475569,0.0,0.0,1893.81089087801,1893.81089087801,94.6905445439005,0.0,0.0,94.6905445439005,1893.81089087801,0.0,0.0,0.0,173.17098201122133,93.4227188184446,0.0,15,0,0.0,0,0,0.0,0.0,0.0,0.0,0.0,0.0,0,0.0,0.0,0,0,0,0.0027921199798583984,0.0,0.0,0.0,True,feasible,baseline_truck_only,1968.5490659327656,93.4227188184446,,,,0.0,True,feasible_only,0.0,1968.5490659327656,True,1968.5490659327656,,,
S0001_R04,102030,nils,S0001,n15_p0.25_d1_clustered_Elow_V1.25_Hshort_PWmoderate_B0.20,15,0.26666666666666666,0.25,1,3,low,1.25,clustered,short,moderate,0.2,20.0,5.0,1.0,peripheral,115.00513075623319,115.00513075623319,0.0,0.0,0.0,0.0,0.0,0.0,0.0,0.0,0.0,0.0,0.0,0.0,100.82358685859752,143.7564134452915,0.0,15,0,0.0,0,0,0.0,0.0,0.0,0.0,0.0,0.0,0,0.0,0.0,0,100,100,0.13659143447875977,25.0,3.0,0.0,True,feasible,nils_complete,1968.5490659327656,93.4227188184446,,94.15787329122325,,-53.877360093388184,True,feasible_only,0.0,115.00513075623319,True,1968.5490659327656,,94.15787329122325,
S0001_R05,102031,truck_only,S0001,n15_p0.25_d1_clustered_Elow_V1.25_Hshort_PWmoderate_B0.20,15,0.26666666666666666,0.25,1,3,low,1.25,clustered,short,moderate,0.2,20.0,5.0,1.0,peripheral,2919.7694664444903,68.60106274227991,0.0,0.0,2851.1684037022105,2851.1684037022105,142.55842018511055,0.0,0.0,142.55842018511055,2851.168403702211,0.0,0.0,0.0,162.78749432200888,85.7513284278499,0.0,15,0,0.0,0,0,0.0,0.0,0.0,0.0,0.0,0.0,0,0.0,0.0,0,0,0,0.0028944015502929688,0.0,0.0,0.0,True,feasible,baseline_truck_only,2919.7694664444903,85.7513284278499,,,,0.0,True,feasible_only,0.0,2919.7694664444903,True,2919.7694664444903,,,
S0001_R05,102031,nils,S0001,n15_p0.25_d1_clustered_Elow_V1.25_Hshort_PWmoderate_B0.20,15,0.26666666666666666,0.25,1,3,low,1.25,clustered,short,moderate,0.2,20.0,5.0,1.0,peripheral,113.15080351738604,113.15080351738604,0.0,0.0,0.0,0.0,0.0,0.0,0.0,0.0,0.0,0.0,0.0,0.0,92.37921654315387,141.43850439673253,0.0,15,0,0.0,0,0,0.0,0.0,0.0,0.0,0.0,0.0,0,0.0,0.0,0,100,100,0.14691638946533203,25.0,5.0,0.0,True,feasible,nils_complete,2919.7694664444903,85.7513284278499,,96.12466652529338,,-64.94030703645265,True,feasible_only,0.0,113.15080351738604,True,2919.7694664444903,,96.12466652529338,
S0001_R06,102032,truck_only,S0001,n15_p0.25_d1_clustered_Elow_V1.25_Hshort_PWmoderate_B0.20,15,0.26666666666666666,0.25,1,3,low,1.25,clustered,short,moderate,0.2,20.0,5.0,1.0,peripheral,991.2626326933467,70.84102438360595,0.0,0.0,920.4216083097408,920.4216083097408,46.02108041548704,0.0,0.0,46.02108041548704,920.4216083097408,0.0,0.0,0.0,164.20600809511419,88.55128047950744,0.0,15,0,0.0,0,0,0.0,0.0,0.0,0.0,0.0,0.0,0,0.0,0.0,0,0,0,0.002719879150390625,0.0,0.0,0.0,True,feasible,baseline_truck_only,991.2626326933467,88.55128047950744,,,,0.0,True,feasible_only,0.0,991.2626326933467,True,991.2626326933467,,,
S0001_R06,102032,nils,S0001,n15_p0.25_d1_clustered_Elow_V1.25_Hshort_PWmoderate_B0.20,15,0.26666666666666666,0.25,1,3,low,1.25,clustered,short,moderate,0.2,20.0,5.0,1.0,peripheral,52.655233208589884,45.56030054301608,7.094932665573798,0.0,0.0,0.0,0.0,0.0,0.0,0.0,0.0,0.0,0.0,0.0,109.13911971223587,56.95037567877011,23.64977555191266,14,1,0.06666666666666667,1,1,1.0,1.0,0.0,0.0,0.0,0.0,0,0.6757078729117902,0.6757078729117902,0,75,75,0.1427607536315918,25.0,1.0,1.0,True,feasible,nils_complete,991.2626326933467,88.55128047950744,,94.68806434622468,,35.68655882740219,True,feasible_only,0.0,52.655233208589884,True,991.2626326933467,,94.68806434622468,
S0001_R07,102033,truck_only,S0001,n15_p0.25_d1_clustered_Elow_V1.25_Hshort_PWmoderate_B0.20,15,0.26666666666666666,0.25,1,3,low,1.25,clustered,short,moderate,0.2,20.0,5.0,1.0,peripheral,4102.976891469282,76.7382421631082,0.0,0.0,4026.2386493061745,4026.2386493061745,195.9982694761195,21.254651956756888,0.0,217.2529214328764,3919.96538952239,106.27325978378444,0.0,0.0,179.15900324944099,95.92280270388522,0.0,15,0,0.0,0,0,0.0,0.0,0.0,0.0,0.0,0.0,0,0.0,0.0,0,0,0,0.005571603775024414,0.0,0.0,0.0,True,feasible,baseline_truck_only,4102.976891469282,95.92280270388522,,,,0.0,True,feasible_only,0.0,4102.976891469282,True,4102.976891469282,,,
S0001_R07,102033,nils,S0001,n15_p0.25_d1_clustered_Elow_V1.25_Hshort_PWmoderate_B0.20,15,0.26666666666666666,0.25,1,3,low,1.25,clustered,short,moderate,0.2,20.0,5.0,1.0,peripheral,84.80818324004568,84.80818324004568,0.0,0.0,0.0,0.0,0.0,0.0,0.0,0.0,0.0,0.0,0.0,0.0,115.89934225499448,106.01022905005709,0.0,15,0,0.0,0,0,0.0,0.0,0.0,0.0,0.0,0.0,0,0.0,0.0,0,100,100,0.1717076301574707,25.0,3.0,0.0,True,feasible,nils_complete,4102.976891469282,95.92280270388522,,97.93300850861786,,-10.516192252338442,True,feasible_only,0.0,84.80818324004568,True,4102.976891469282,,97.93300850861786,
S0001_R08,102034,truck_only,S0001,n15_p0.25_d1_clustered_Elow_V1.25_Hshort_PWmoderate_B0.20,15,0.26666666666666666,0.25,1,3,low,1.25,clustered,short,moderate,0.2,20.0,5.0,1.0,peripheral,2164.6239578976224,69.50775515162545,0.0,0.0,2095.116202745997,2095.116202745997,104.75581013729985,0.0,0.0,104.75581013729985,2095.116202745997,0.0,0.0,0.0,162.58450359404802,86.88469393953181,0.0,15,0,0.0,0,0,0.0,0.0,0.0,0.0,0.0,0.0,0,0.0,0.0,0,0,0,0.005206584930419922,0.0,0.0,0.0,True,feasible,baseline_truck_only,2164.6239578976224,86.88469393953181,,,,0.0,True,feasible_only,0.0,2164.6239578976224,True,2164.6239578976224,,,
S0001_R08,102034,nils,S0001,n15_p0.25_d1_clustered_Elow_V1.25_Hshort_PWmoderate_B0.20,15,0.26666666666666666,0.25,1,3,low,1.25,clustered,short,moderate,0.2,20.0,5.0,1.0,peripheral,123.8766363601559,123.8766363601559,0.0,0.0,0.0,0.0,0.0,0.0,0.0,0.0,0.0,0.0,0.0,0.0,111.63546886447435,154.84579545019488,0.0,15,0,0.0,0,0,0.0,0.0,0.0,0.0,0.0,0.0,0,0.0,0.0,0,100,100,0.1602344512939453,25.0,6.0,0.0,True,feasible,nils_complete,2164.6239578976224,86.88469393953181,,94.27722141260645,,-78.21987789697597,True,feasible_only,0.0,123.8766363601559,True,2164.6239578976224,,94.27722141260645,
S0001_R09,102035,truck_only,S0001,n15_p0.25_d1_clustered_Elow_V1.25_Hshort_PWmoderate_B0.20,15,0.26666666666666666,0.25,1,3,low,1.25,clustered,short,moderate,0.2,20.0,5.0,1.0,peripheral,64.9874093857662,64.9874093857662,0.0,0.0,0.0,0.0,0.0,0.0,0.0,0.0,0.0,0.0,0.0,0.0,153.06063384204077,81.23426173220773,0.0,15,0,0.0,0,0,0.0,0.0,0.0,0.0,0.0,0.0,0,0.0,0.0,0,0,0,0.00261688232421875,0.0,0.0,0.0,True,feasible,baseline_truck_only,64.9874093857662,81.23426173220773,,,,0.0,True,feasible_only,0.0,64.9874093857662,True,64.9874093857662,,,
S0001_R09,102035,nils,S0001,n15_p0.25_d1_clustered_Elow_V1.25_Hshort_PWmoderate_B0.20,15,0.26666666666666666,0.25,1,3,low,1.25,clustered,short,moderate,0.2,20.0,5.0,1.0,peripheral,64.9874093857662,64.9874093857662,0.0,0.0,0.0,0.0,0.0,0.0,0.0,0.0,0.0,0.0,0.0,0.0,153.06063384204077,81.23426173220773,0.0,15,0,0.0,0,0,0.0,0.0,0.0,0.0,0.0,0.0,0,0.0,0.0,0,100,100,0.15874838829040527,25.0,0.0,0.0,True,feasible,nils_complete,64.9874093857662,81.23426173220773,,0.0,,0.0,True,feasible_only,0.0,64.9874093857662,True,64.9874093857662,,0.0,
S0001_R10,102036,truck_only,S0001,n15_p0.25_d1_clustered_Elow_V1.25_Hshort_PWmoderate_B0.20,15,0.26666666666666666,0.25,1,3,low,1.25,clustered,short,moderate,0.2,20.0,5.0,1.0,peripheral,1190.0201529885185,72.37026080789965,0.0,0.0,1117.6498921806187,1117.6498921806187,53.55725086430716,9.300974978895113,0.0,62.85822584320227,1071.1450172861432,46.50487489447556,0.0,0.0,169.30589515072595,90.46282600987458,0.0,15,0,0.0,0,0,0.0,0.0,0.0,0.0,0.0,0.0,0,0.0,0.0,0,0,0,0.005526065826416016,0.0,0.0,0.0,True,feasible,baseline_truck_only,1190.0201529885185,90.46282600987458,,,,0.0,True,feasible_only,0.0,1190.0201529885185,True,1190.0201529885185,,,
S0001_R10,102036,nils,S0001,n15_p0.25_d1_clustered_Elow_V1.25_Hshort_PWmoderate_B0.20,15,0.26666666666666666,0.25,1,3,low,1.25,clustered,short,moderate,0.2,20.0,5.0,1.0,peripheral,108.66392221098793,108.66392221098793,0.0,0.0,0.0,0.0,0.0,0.0,0.0,0.0,0.0,0.0,0.0,0.0,104.77501032199942,135.82990276373488,0.0,15,0,0.0,0,0,0.0,0.0,0.0,0.0,0.0,0.0,0,0.0,0.0,0,100,100,0.2424025535583496,25.0,3.0,0.0,True,feasible,nils_complete,1190.0201529885185,90.46282600987458,,90.86873260607409,,-50.14996629544627,True,feasible_only,0.0,108.66392221098793,True,1190.0201529885185,,90.86873260607409,
S0002_R01,202027,truck_only,S0002,n15_p0.25_d1_clustered_Elow_V1.25_Hmedium_PWstrict_B0.20,15,0.26666666666666666,0.25,1,3,low,1.25,clustered,medium,strict,0.2,200.0,40.0,1.0,peripheral,11547.08479689203,74.42704579340352,0.0,0.0,11472.657751098626,11472.657751098626,55.468545670245575,9.47371542623776,0.0,64.94226109648334,11093.709134049115,378.9486170495104,0.0,0.0,172.21109206473875,93.03380724175437,0.0,15,0,0.0,0,0,0.0,0.0,0.0,0.0,0.0,0.0,0,0.0,0.0,0,0,0,0.004812955856323242,0.0,0.0,0.0,True,feasible,baseline_truck_only,11547.08479689203,93.03380724175437,,,,0.0,True,feasible_only,0.0,11547.08479689203,True,11547.08479689203,,,
S0002_R01,202027,nils,S0002,n15_p0.25_d1_clustered_Elow_V1.25_Hmedium_PWstrict_B0.20,15,0.26666666666666666,0.25,1,3,low,1.25,clustered,medium,strict,0.2,200.0,40.0,1.0,peripheral,79.5340332503585,79.5340332503585,0.0,0.0,0.0,0.0,0.0,0.0,0.0,0.0,0.0,0.0,0.0,0.0,111.27324237588883,99.41754156294814,0.0,15,0,0.0,0,0,0.0,0.0,0.0,0.0,0.0,0.0,0,0.0,0.0,0,100,100,0.27973413467407227,25.0,1.0,0.0,True,feasible,nils_complete,11547.08479689203,93.03380724175437,,99.31121980439802,,-6.861736083319931,True,feasible_only,0.0,79.5340332503585,True,11547.08479689203,,99.31121980439802,
S0002_R02,202028,truck_only,S0002,n15_p0.25_d1_clustered_Elow_V1.25_Hmedium_PWstrict_B0.20,15,0.26666666666666666,0.25,1,3,low,1.25,clustered,medium,strict,0.2,200.0,40.0,1.0,peripheral,16323.069210171936,68.23984131778201,0.0,0.0,16254.829368854154,16254.829368854154,80.78901257588062,2.425671341950789,0.0,83.21468391783141,16157.802515176123,97.02685367803156,0.0,0.0,160.51051780742796,85.2998016472275,0.0,15,0,0.0,0,0,0.0,0.0,0.0,0.0,0.0,0.0,0,0.0,0.0,0,0,0,0.0046503543853759766,0.0,0.0,0.0,True,feasible,baseline_truck_only,16323.069210171936,85.2998016472275,,,,0.0,True,feasible_only,0.0,16323.069210171936,True,16323.069210171936,,,
S0002_R02,202028,nils,S0002,n15_p0.25_d1_clustered_Elow_V1.25_Hmedium_PWstrict_B0.20,15,0.26666666666666666,0.25,1,3,low,1.25,clustered,medium,strict,0.2,200.0,40.0,1.0,peripheral,124.62467836068876,124.62467836068876,0.0,0.0,0.0,0.0,0.0,0.0,0.0,0.0,0.0,0.0,0.0,0.0,102.1283995582977,155.78084795086093,0.0,15,0,0.0,0,0,0.0,0.0,0.0,0.0,0.0,0.0,0,0.0,0.0,0,100,100,0.13518929481506348,25.0,6.0,0.0,False,infeasible,nils_complete,16323.069210171936,85.2998016472275,,99.23651197727553,,-82.62744454567472,False,feasible_only,0.0,,False,16323.069210171936,,,
S0002_R03,202029,truck_only,S0002,n15_p0.25_d1_clustered_Elow_V1.25_Hmedium_PWstrict_B0.20,15,0.26666666666666666,0.25,1,3,low,1.25,clustered,medium,strict,0.2,200.0,40.0,1.0,peripheral,30041.285708647643,73.32571035979345,0.0,0.0,29967.95999828785,29967.95999828785,149.36365975680394,2.3807011731765186,0.0,151.74436092998047,29872.731951360787,95.22804692706075,0.0,0.0,171.9548557389477,91.65713794974181,0.0,15,0,0.0,0,0,0.0,0.0,0.0,0.0,0.0,0.0,0,0.0,0.0,0,0,0,0.005141735076904297,0.0,0.0,0.0,True,feasible,baseline_truck_only,30041.285708647643,91.65713794974181,,,,0.0,True,feasible_only,0.0,30041.285708647643,True,30041.285708647643,,,
S0002_R03,202029,nils,S0002,n15_p0.25_d1_clustered_Elow_V1.25_Hmedium_PWstrict_B0.20,15,0.26666666666666666,0.25,1,3,low,1.25,clustered,medium,strict,0.2,200.0,40.0,1.0,peripheral,117.0745671923585,110.56183410450687,6.512733087851635,0.0,0.0,0.0,0.0,0.0,0.0,0.0,0.0,0.0,0.0,0.0,96.53262514942779,138.20229263063356,21.709110292838783,14,1,0.06666666666666667,1,1,1.0,1.0,0.0,0.0,0.0,0.0,0,0.620260294081108,0.620260294081108,0,75,75,0.2179875373840332,25.0,7.0,1.0,True,feasible,nils_complete,30041.285708647643,91.65713794974181,,99.61028776089081,,-50.78181113009854,True,feasible_only,0.0,117.0745671923585,True,30041.285708647643,,99.61028776089081,
S0002_R04,202030,truck_only,S0002,n15_p0.25_d1_clustered_Elow_V1.25_Hmedium_PWstrict_B0.20,15,0.26666666666666666,0.25,1,3,low,1.25,clustered,medium,strict,0.2,200.0,40.0,1.0,peripheral,40294.10877576783,81.96592073982728,0.0,0.0,40212.142855028,40212.142855028,193.2245933261226,39.18060474508705,0.0,232.40519807120967,38644.91866522452,1567.2241898034822,0.0,0.0,188.80971262102793,102.45740092478412,0.0,15,0,0.0,0,0,0.0,0.0,0.0,0.0,0.0,0.0,0,0.0,0.0,0,0,0,0.0053517818450927734,0.0,0.0,0.0,True,feasible,baseline_truck_only,40294.10877576783,102.45740092478412,,,,0.0,True,feasible_only,0.0,40294.10877576783,True,40294.10877576783,,,
S0002_R04,202030,nils,S0002,n15_p0.25_d1_clustered_Elow_V1.25_Hmedium_PWstrict_B0.20,15,0.26666666666666666,0.25,1,3,low,1.25,clustered,medium,strict,0.2,200.0,40.0,1.0,peripheral,119.56711236930808,119.56711236930808,0.0,0.0,0.0,0.0,0.0,0.0,0.0,0.0,0.0,0.0,0.0,0.0,99.40347644060598,149.45889046163506,0.0,15,0,0.0,0,0,0.0,0.0,0.0,0.0,0.0,0.0,0,0.0,0.0,0,100,100,0.15284204483032227,25.0,7.0,0.0,True,feasible,nils_complete,40294.10877576783,102.45740092478412,,99.7032640353589,,-45.874177084928796,True,feasible_only,0.0,119.56711236930808,True,40294.10877576783,,99.7032640353589,
S0002_R05,202031,truck_only,S0002,n15_p0.25_d1_clustered_Elow_V1.25_Hmedium_PWstrict_B0.20,15,0.26666666666666666,0.25,1,3,low,1.25,clustered,medium,strict,0.2,200.0,40.0,1.0,peripheral,26498.515514921386,57.86611083669905,0.0,0.0,26440.64940408469,26440.64940408469,132.20324702042342,0.0,0.0,132.20324702042342,26440.649404084685,0.0,0.0,0.0,139.1171127883996,72.3326385458738,0.0,15,0,0.0,0,0,0.0,0.0,0.0,0.0,0.0,0.0,0,0.0,0.0,0,0,0,0.0026788711547851562,0.0,0.0,0.0,True,feasible,baseline_truck_only,26498.515514921386,72.3326385458738,,,,0.0,True,feasible_only,0.0,26498.515514921386,True,26498.515514921386,,,
S0002_R05,202031,nils,S0002,n15_p0.25_d1_clustered_Elow_V1.25_Hmedium_PWstrict_B0.20,15,0.26666666666666666,0.25,1,3,low,1.25,clustered,medium,strict,0.2,200.0,40.0,1.0,peripheral,104.31922261629038,104.31922261629038,0.0,0.0,0.0,0.0,0.0,0.0,0.0,0.0,0.0,0.0,0.0,0.0,92.9319212942535,130.39902827036292,0.0,15,0,0.0,0,0,0.0,0.0,0.0,0.0,0.0,0.0,0,0.0,0.0,0,100,100,0.14804697036743164,25.0,2.0,0.0,True,feasible,nils_complete,26498.515514921386,72.3326385458738,,99.60632050290685,,-80.27688591459724,True,feasible_only,0.0,104.31922261629038,True,26498.515514921386,,99.60632050290685,
S0002_R06,202032,truck_only,S0002,n15_p0.25_d1_clustered_Elow_V1.25_Hmedium_PWstrict_B0.20,15,0.26666666666666666,0.25,1,3,low,1.25,clustered,medium,strict,0.2,200.0,40.0,1.0,peripheral,26097.74155973711,67.41996030400384,0.0,0.0,26030.321599433108,26030.321599433108,130.15160799716554,0.0,0.0,130.15160799716554,26030.321599433108,0.0,0.0,0.0,157.74210711323093,84.2749503800048,0.0,15,0,0.0,0,0,0.0,0.0,0.0,0.0,0.0,0.0,0,0.0,0.0,0,0,0,0.005450010299682617,0.0,0.0,0.0,True,feasible,baseline_truck_only,26097.74155973711,84.2749503800048,,,,0.0,True,feasible_only,0.0,26097.74155973711,True,26097.74155973711,,,
S0002_R06,202032,nils,S0002,n15_p0.25_d1_clustered_Elow_V1.25_Hmedium_PWstrict_B0.20,15,0.26666666666666666,0.25,1,3,low,1.25,clustered,medium,strict,0.2,200.0,40.0,1.0,peripheral,111.59388694222588,111.59388694222588,0.0,0.0,0.0,0.0,0.0,0.0,0.0,0.0,0.0,0.0,0.0,0.0,95.61622487483669,139.4923586777823,0.0,15,0,0.0,0,0,0.0,0.0,0.0,0.0,0.0,0.0,0,0.0,0.0,0,100,100,0.16916298866271973,25.0,5.0,0.0,True,feasible,nils_complete,26097.74155973711,84.2749503800048,,99.57240021445232,,-65.52054679213252,True,feasible_only,0.0,111.59388694222588,True,26097.74155973711,,99.57240021445232,
S0002_R07,202033,truck_only,S0002,n15_p0.25_d1_clustered_Elow_V1.25_Hmedium_PWstrict_B0.20,15,0.26666666666666666,0.25,1,3,low,1.25,clustered,medium,strict,0.2,200.0,40.0,1.0,peripheral,7278.911970899877,60.44208195992272,0.0,0.0,7218.469888939954,7218.469888939954,36.09234944469977,0.0,0.0,36.09234944469977,7218.469888939954,0.0,0.0,0.0,143.13207897861574,75.5526024499034,0.0,15,0,0.0,0,0,0.0,0.0,0.0,0.0,0.0,0.0,0,0.0,0.0,0,0,0,0.003545999526977539,0.0,0.0,0.0,True,feasible,baseline_truck_only,7278.911970899877,75.5526024499034,,,,0.0,True,feasible_only,0.0,7278.911970899877,True,7278.911970899877,,,
S0002_R07,202033,nils,S0002,n15_p0.25_d1_clustered_Elow_V1.25_Hmedium_PWstrict_B0.20,15,0.26666666666666666,0.25,1,3,low,1.25,clustered,medium,strict,0.2,200.0,40.0,1.0,peripheral,108.22968299369883,108.22968299369883,0.0,0.0,0.0,0.0,0.0,0.0,0.0,0.0,0.0,0.0,0.0,0.0,98.91228107403336,135.28710374212352,0.0,15,0,0.0,0,0,0.0,0.0,0.0,0.0,0.0,0.0,0,0.0,0.0,0,100,100,0.1562333106994629,25.0,4.0,0.0,True,feasible,nils_complete,7278.911970899877,75.5526024499034,,98.51310630728346,,-79.063459570209,True,feasible_only,0.0,108.22968299369883,True,7278.911970899877,,98.51310630728346,
S0002_R08,202034,truck_only,S0002,n15_p0.25_d1_clustered_Elow_V1.25_Hmedium_PWstrict_B0.20,15,0.26666666666666666,0.25,1,3,low,1.25,clustered,medium,strict,0.2,200.0,40.0,1.0,peripheral,150.57961541133932,70.56342717003146,0.0,0.0,80.01618824130787,80.01618824130787,0.0,2.000404706032697,0.0,2.000404706032697,0.0,80.01618824130787,0.0,0.0,162.97852155414876,88.2042839625393,0.0,15,0,0.0,0,0,0.0,0.0,0.0,0.0,0.0,0.0,0,0.0,0.0,0,0,0,0.0029113292694091797,0.0,0.0,0.0,True,feasible,baseline_truck_only,150.57961541133932,88.2042839625393,,,,0.0,True,feasible_only,0.0,150.57961541133932,True,150.57961541133932,,,
S0002_R08,202034,nils,S0002,n15_p0.25_d1_clustered_Elow_V1.25_Hmedium_PWstrict_B0.20,15,0.26666666666666666,0.25,1,3,low,1.25,clustered,medium,strict,0.2,200.0,40.0,1.0,peripheral,120.30406322754641,120.30406322754641,0.0,0.0,0.0,0.0,0.0,0.0,0.0,0.0,0.0,0.0,0.0,0.0,100.17407425988759,150.38007903443298,0.0,15,0,0.0,0,0,0.0,0.0,0.0,0.0,0.0,0.0,0,0.0,0.0,0,100,100,0.15351581573486328,25.0,3.0,0.0,True,feasible,nils_complete,150.57961541133932,88.2042839625393,,20.106009768379995,,-70.4906749181253,True,feasible_only,0.0,120.30406322754641,True,150.57961541133932,,20.106009768379995,
S0002_R09,202035,truck_only,S0002,n15_p0.25_d1_clustered_Elow_V1.25_Hmedium_PWstrict_B0.20,15,0.26666666666666666,0.25,1,3,low,1.25,clustered,medium,strict,0.2,200.0,40.0,1.0,peripheral,24190.05572312179,69.53649384736885,0.0,0.0,24120.51922927442,24120.51922927442,120.6025961463721,0.0,0.0,120.6025961463721,24120.519229274418,0.0,0.0,0.0,162.37048858081693,86.92061730921105,0.0,15,0,0.0,0,0,0.0,0.0,0.0,0.0,0.0,0.0,0,0.0,0.0,0,0,0,0.0028421878814697266,0.0,0.0,0.0,True,feasible,baseline_truck_only,24190.05572312179,86.92061730921105,,,,0.0,True,feasible_only,0.0,24190.05572312179,True,24190.05572312179,,,
S0002_R09,202035,nils,S0002,n15_p0.25_d1_clustered_Elow_V1.25_Hmedium_PWstrict_B0.20,15,0.26666666666666666,0.25,1,3,low,1.25,clustered,medium,strict,0.2,200.0,40.0,1.0,peripheral,83.87615135211338,83.87615135211338,0.0,0.0,0.0,0.0,0.0,0.0,0.0,0.0,0.0,0.0,0.0,0.0,103.50229628057092,104.84518919014171,0.0,15,0,0.0,0,0,0.0,0.0,0.0,0.0,0.0,0.0,0,0.0,0.0,0,100,100,0.1784062385559082,25.0,4.0,0.0,True,feasible,nils_complete,24190.05572312179,86.92061730921105,,99.6532618514312,,-20.62177241236778,True,feasible_only,0.0,83.87615135211338,True,24190.05572312179,,99.6532618514312,
S0002_R10,202036,truck_only,S0002,n15_p0.25_d1_clustered_Elow_V1.25_Hmedium_PWstrict_B0.20,15,0.26666666666666666,0.25,1,3,low,1.25,clustered,medium,strict,0.2,200.0,40.0,1.0,peripheral,24701.222315805422,94.06061780549032,0.0,0.0,24607.16169799993,24607.16169799993,101.97643561438649,105.29686437806579,0.0,207.27329999245228,20395.287122877296,4211.8745751226315,0.0,0.0,216.02474849179356,117.5757722568629,0.0,15,0,0.0,0,0,0.0,0.0,0.0,0.0,0.0,0.0,0,0.0,0.0,0,0,0,0.0028982162475585938,0.0,0.0,0.0,True,feasible,baseline_truck_only,24701.222315805422,117.5757722568629,,,,0.0,True,feasible_only,0.0,24701.222315805422,True,24701.222315805422,,,
S0002_R10,202036,nils,S0002,n15_p0.25_d1_clustered_Elow_V1.25_Hmedium_PWstrict_B0.20,15,0.26666666666666666,0.25,1,3,low,1.25,clustered,medium,strict,0.2,200.0,40.0,1.0,peripheral,114.36294451497264,114.36294451497264,0.0,0.0,0.0,0.0,0.0,0.0,0.0,0.0,0.0,0.0,0.0,0.0,98.38618911408943,142.95368064371578,0.0,15,0,0.0,0,0,0.0,0.0,0.0,0.0,0.0,0.0,0,0.0,0.0,0,100,100,0.14573025703430176,25.0,6.0,0.0,True,feasible,nils_complete,24701.222315805422,117.5757722568629,,99.53701503896106,,-21.584300829775387,True,feasible_only,0.0,114.36294451497264,True,24701.222315805422,,99.53701503896106,
S0003_R01,302027,truck_only,S0003,n15_p0.25_d1_uniform_Elow_V2.00_Hshort_PWflat_B0.20,15,0.26666666666666666,0.25,1,3,low,2.0,uniform,short,flat,0.2,1.0,1.0,1.0,peripheral,413.66083483006304,167.30965002443338,0.0,0.0,246.35118480562966,246.35118480562966,227.38529328236496,18.965891523264702,0.0,246.35118480562966,227.38529328236496,18.965891523264702,0.0,0.0,206.8071792813876,209.13706253054175,0.0,15,0,0.0,0,0,0.0,0.0,0.0,0.0,0.0,0.0,0,0.0,0.0,0,0,0,0.0031080245971679688,0.0,0.0,0.0,True,feasible,baseline_truck_only,413.66083483006304,209.13706253054175,,,,0.0,True,feasible_only,0.0,413.66083483006304,True,413.66083483006304,,,
S0003_R01,302027,nils,S0003,n15_p0.25_d1_uniform_Elow_V2.00_Hshort_PWflat_B0.20,15,0.26666666666666666,0.25,1,3,low,2.0,uniform,short,flat,0.2,1.0,1.0,1.0,peripheral,169.9160347923323,152.59385300385344,11.91916790580348,0.0,5.40301388267541,5.40301388267541,5.40301388267541,0.0,0.0,5.40301388267541,5.40301388267541,0.0,0.0,0.0,121.38146480003019,190.74231625481679,39.7305596860116,12,3,0.2,1,1,3.0,3.0,0.0,0.0,0.0,0.0,0,0.7832935906639098,0.7832935906639098,0,25,25,0.1509103775024414,25.0,6.0,6.0,True,feasible,nils_complete,413.66083483006304,209.13706253054175,,58.923828294710106,,8.795545874628823,True,feasible_only,0.0,169.9160347923323,True,413.66083483006304,,58.923828294710106,
S0003_R02,302028,truck_only,S0003,n15_p0.25_d1_uniform_Elow_V2.00_Hshort_PWflat_B0.20,15,0.26666666666666666,0.25,1,3,low,2.0,uniform,short,flat,0.2,1.0,1.0,1.0,peripheral,168.16431494714985,140.05504136813133,0.0,0.0,28.109273579018527,28.109273579018527,28.109273579018527,0.0,0.0,28.109273579018527,28.109273579018527,0.0,0.0,0.0,136.2651682559855,175.06880171016414,0.0,15,0,0.0,0,0,0.0,0.0,0.0,0.0,0.0,0.0,0,0.0,0.0,0,0,0,0.003044605255126953,0.0,0.0,0.0,True,feasible,baseline_truck_only,168.16431494714985,175.06880171016414,,,,0.0,True,feasible_only,0.0,168.16431494714985,True,168.16431494714985,,,
S0003_R02,302028,nils,S0003,n15_p0.25_d1_uniform_Elow_V2.00_Hshort_PWflat_B0.20,15,0.26666666666666666,0.25,1,3,low,2.0,uniform,short,flat,0.2,1.0,1.0,1.0,peripheral,163.7301870117479,127.26582828616189,10.694312479362617,0.0,25.77004624622338,25.77004624622338,25.77004624622338,0.0,0.0,25.77004624622338,25.77004624622338,0.0,0.0,0.0,136.22281102271864,159.08228535770235,35.64770826454206,13,2,0.13333333333333333,1,1,2.0,2.0,0.0,0.0,0.0,0.0,0,0.6447508854195028,0.6447508854195028,0,48,48,0.12698650360107422,25.0,2.0,5.0,True,feasible,nils_complete,168.16431494714985,175.06880171016414,,2.636782920797141,,9.131562103754119,True,feasible_only,0.0,163.7301870117479,True,168.16431494714985,,2.636782920797141,
S0003_R03,302029,truck_only,S0003,n15_p0.25_d1_uniform_Elow_V2.00_Hshort_PWflat_B0.20,15,0.26666666666666666,0.25,1,3,low,2.0,uniform,short,flat,0.2,1.0,1.0,1.0,peripheral,353.7541272126295,180.26516683797553,0.0,0.0,173.48896037465397,173.48896037465397,161.13171258535107,12.357247789302903,0.0,173.48896037465397,161.13171258535107,12.357247789302903,0.0,0.0,232.79391348738264,225.33145854746937,0.0,15,0,0.0,0,0,0.0,0.0,0.0,0.0,0.0,0.0,0,0.0,0.0,0,0,0,0.005582571029663086,0.0,0.0,0.0,True,feasible,baseline_truck_only,353.7541272126295,225.33145854746937,,,,0.0,True,feasible_only,0.0,353.7541272126295,True,353.7541272126295,,,
S0003_R03,302029,nils,S0003,n15_p0.25_d1_uniform_Elow_V2.00_Hshort_PWflat_B0.20,15,0.26666666666666666,0.25,1,3,low,2.0,uniform,short,flat,0.2,1.0,1.0,1.0,peripheral,196.77332095596006,144.79349718378677,10.27040506389525,0.0,41.709418708278044,41.709418708278044,41.709418708278044,0.0,0.0,41.709418708278044,41.709418708278044,0.0,0.0,0.0,140.66286413772704,180.99187147973342,34.234683546317505,12,3,0.2,1,1,3.0,3.0,0.0,0.0,0.0,0.0,0,0.6594161595545278,0.6594161595545278,0,25,25,0.13195109367370605,25.0,6.0,6.0,True,feasible,nils_complete,353.7541272126295,225.33145854746937,,44.37568191602006,,19.67749525679086,True,feasible_only,0.0,196.77332095596006,True,353.7541272126295,,44.37568191602006,
S0003_R04,302030,truck_only,S0003,n15_p0.25_d1_uniform_Elow_V2.00_Hshort_PWflat_B0.20,15,0.26666666666666666,0.25,1,3,low,2.0,uniform,short,flat,0.2,1.0,1.0,1.0,peripheral,1143.7795894737296,192.97119489285797,0.0,0.0,950.8083945808717,950.8083945808717,427.603877159121,426.152822520896,97.05169490085456,950.8083945808714,427.603877159121,426.152822520896,97.05169490085456,0.0,354.30602231167006,241.21399361607243,0.0,15,0,0.0,0,0,0.0,0.0,0.0,0.0,0.0,0.0,0,0.0,0.0,0,0,0,0.005524158477783203,0.0,0.0,0.0,True,feasible,baseline_truck_only,1143.7795894737296,241.21399361607243,,,,0.0,True,feasible_only,0.0,1143.7795894737296,True,1143.7795894737296,,,
S0003_R04,302030,nils,S0003,n15_p0.25_d1_uniform_Elow_V2.00_Hshort_PWflat_B0.20,15,0.26666666666666666,0.25,1,3,low,2.0,uniform,short,flat,0.2,1.0,1.0,1.0,peripheral,176.321153490268,107.6075345933439,11.61950570042185,0.0,57.09411319650224,57.09411319650224,57.09411319650224,0.0,0.0,57.09411319650224,57.09411319650224,0.0,0.0,0.0,167.50041942510146,134.50941824167984,38.73168566807283,12,3,0.2,1,1,3.0,3.0,0.0,0.0,0.0,0.0,0,0.7115588955439874,0.7115588955439874,0,18,18,0.1017763614654541,18.0,3.0,6.0,True,feasible,nils_complete,1143.7795894737296,241.21399361607243,,84.58434167623187,,44.236478064464464,True,feasible_only,0.0,176.321153490268,True,1143.7795894737296,,84.58434167623187,
S0003_R05,302031,truck_only,S0003,n15_p0.25_d1_uniform_Elow_V2.00_Hshort_PWflat_B0.20,15,0.26666666666666666,0.25,1,3,low,2.0,uniform,short,flat,0.2,1.0,1.0,1.0,peripheral,324.12237941193746,158.83950011984982,0.0,0.0,165.2828792920876,165.2828792920876,156.64320754232955,8.639671749758065,0.0,165.2828792920876,156.64320754232955,8.639671749758065,0.0,0.0,172.9793385984856,198.54937514981222,0.0,15,0,0.0,0,0,0.0,0.0,0.0,0.0,0.0,0.0,0,0.0,0.0,0,0,0,0.00535893440246582,0.0,0.0,0.0,True,feasible,baseline_truck_only,324.12237941193746,198.54937514981222,,,,0.0,True,feasible_only,0.0,324.12237941193746,True,324.12237941193746,,,
S0003_R05,302031,nils,S0003,n15_p0.25_d1_uniform_Elow_V2.00_Hshort_PWflat_B0.20,15,0.26666666666666666,0.25,1,3,low,2.0,uniform,short,flat,0.2,1.0,1.0,1.0,peripheral,191.65118608786656,124.818958639522,1.9096898828991058,0.0,64.92253756544547,64.92253756544547,64.92253756544547,0.0,0.0,64.92253756544547,64.92253756544547,0.0,0.0,0.0,141.70764829369574,156.0236982994025,6.36563294299702,14,1,0.06666666666666667,1,1,1.0,1.0,0.0,0.0,0.0,0.0,0,0.1136720168392325,0.1136720168392325,0,36,36,0.11609864234924316,18.0,1.0,3.0,True,feasible,nils_complete,324.12237941193746,198.54937514981222,,40.870733321289435,,21.418187198183155,True,feasible_only,0.0,191.65118608786656,True,324.12237941193746,,40.870733321289435,
S0003_R06,302032,truck_only,S0003,n15_p0.25_d1_uniform_Elow_V2.00_Hshort_PWflat_B0.20,15,0.26666666666666666,0.25,1,3,low,2.0,uniform,short,flat,0.2,1.0,1.0,1.0,peripheral,207.25754760388236,135.59688443054085,0.0,0.0,71.6606631733415,71.6606631733415,71.6606631733415,0.0,0.0,71.6606631733415,71.6606631733415,0.0,0.0,0.0,178.83570313284108,169.49610553817604,0.0,15,0,0.0,0,0,0.0,0.0,0.0,0.0,0.0,0.0,0,0.0,0.0,0,0,0,0.0030498504638671875,0.0,0.0,0.0,True,feasible,baseline_truck_only,207.25754760388236,169.49610553817604,,,,0.0,True,feasible_only,0.0,207.25754760388236,True,207.25754760388236,,,
S0003_R06,302032,nils,S0003,n15_p0.25_d1_uniform_Elow_V2.00_Hshort_PWflat_B0.20,15,0.26666666666666666,0.25,1,3,low,2.0,uniform,short,flat,0.2,1.0,1.0,1.0,peripheral,102.55419137883541,96.77185459271637,5.7823367861190516,0.0,0.0,0.0,0.0,0.0,0.0,0.0,0.0,0.0,0.0,0.0,124.00340627670542,120.96481824089544,19.274455953730172,14,1,0.06666666666666667,1,1,1.0,1.0,0.0,0.0,0.0,0.0,0,0.34418671345946733,0.34418671345946733,0,25,25,0.15537428855895996,25.0,1.0,6.0,True,feasible,nils_complete,207.25754760388236,169.49610553817604,,50.518476859120014,,28.632685773626683,True,feasible_only,0.0,102.55419137883541,True,207.25754760388236,,50.518476859120014,
S0003_R07,302033,truck_only,S0003,n15_p0.25_d1_uniform_Elow_V2.00_Hshort_PWflat_B0.20,15,0.26666666666666666,0.25,1,3,low,2.0,uniform,short,flat,0.2,1.0,1.0,1.0,peripheral,227.38535539274432,179.68978658889674,0.0,0.0,47.695568803847586,47.695568803847586,10.749679156442191,36.945889647405394,0.0,47.695568803847586,10.749679156442191,36.945889647405394,0.0,0.0,186.7372042000026,224.6122332361209,0.0,15,0,0.0,0,0,0.0,0.0,0.0,0.0,0.0,0.0,0,0.0,0.0,0,0,0,0.004340648651123047,0.0,0.0,0.0,True,feasible,baseline_truck_only,227.38535539274432,224.6122332361209,,,,0.0,True,feasible_only,0.0,227.38535539274432,True,227.38535539274432,,,
S0003_R07,302033,nils,S0003,n15_p0.25_d1_uniform_Elow_V2.00_Hshort_PWflat_B0.20,15,0.26666666666666666,0.25,1,3,low,2.0,uniform,short,flat,0.2,1.0,1.0,1.0,peripheral,151.51886506344295,139.55356415273081,11.96530091071213,0.0,0.0,0.0,0.0,0.0,0.0,0.0,0.0,0.0,0.0,0.0,145.33584827006473,174.4419551909135,39.88433636904043,13,2,0.13333333333333333,1,1,2.0,2.0,0.0,0.0,0.0,0.0,0,0.7325385360550878,0.7325385360550878,0,31,31,0.09530210494995117,16.0,2.0,4.0,True,feasible,nils_complete,227.38535539274432,224.6122332361209,,33.364721399169845,,22.336396073523964,True,feasible_only,0.0,151.51886506344295,True,227.38535539274432,,33.364721399169845,
S0003_R08,302034,truck_only,S0003,n15_p0.25_d1_uniform_Elow_V2.00_Hshort_PWflat_B0.20,15,0.26666666666666666,0.25,1,3,low,2.0,uniform,short,flat,0.2,1.0,1.0,1.0,peripheral,1050.271457940567,179.50115514306174,0.0,0.0,870.7703027975051,870.7703027975051,248.72854820003295,476.50825828968345,145.53349630778865,870.7703027975051,248.72854820003295,476.50825828968345,145.53349630778865,0.0,398.2343515694553,224.37644392882714,0.0,15,0,0.0,0,0,0.0,0.0,0.0,0.0,0.0,0.0,0,0.0,0.0,0,0,0,0.0033087730407714844,0.0,0.0,0.0,True,feasible,baseline_truck_only,1050.271457940567,224.37644392882714,,,,0.0,True,feasible_only,0.0,1050.271457940567,True,1050.271457940567,,,
S0003_R08,302034,nils,S0003,n15_p0.25_d1_uniform_Elow_V2.00_Hshort_PWflat_B0.20,15,0.26666666666666666,0.25,1,3,low,2.0,uniform,short,flat,0.2,1.0,1.0,1.0,peripheral,117.66212562607572,105.06248238470522,12.599643241370506,0.0,0.0,0.0,0.0,0.0,0.0,0.0,0.0,0.0,0.0,0.0,163.90284371139109,131.3281029808815,41.99881080456836,13,2,0.13333333333333333,1,1,2.0,2.0,0.0,0.0,0.0,0.0,0,0.791294370502011,0.791294370502011,0,48,48,0.147568941116333,25.0,3.0,5.0,True,feasible,nils_complete,1050.271457940567,224.37644392882714,,88.79697960593974,,41.46974580694435,True,feasible_only,0.0,117.66212562607572,True,1050.271457940567,,88.79697960593974,
S0003_R09,302035,truck_only,S0003,n15_p0.25_d1_uniform_Elow_V2.00_Hshort_PWflat_B0.20,15,0.26666666666666666,0.25,1,3,low,2.0,uniform,short,flat,0.2,1.0,1.0,1.0,peripheral,156.611235885216,156.611235885216,0.0,0.0,0.0,0.0,0.0,0.0,0.0,0.0,0.0,0.0,0.0,0.0,142.57187966148697,195.76404485651994,0.0,15,0,0.0,0,0,0.0,0.0,0.0,0.0,0.0,0.0,0,0.0,0.0,0,0,0,0.002930164337158203,0.0,0.0,0.0,True,feasible,baseline_truck_only,156.611235885216,195.76404485651994,,,,0.0,True,feasible_only,0.0,156.611235885216,True,156.611235885216,,,
S0003_R09,302035,nils,S0003,n15_p0.25_d1_uniform_Elow_V2.00_Hshort_PWflat_B0.20,15,0.26666666666666666,0.25,1,3,low,2.0,uniform,short,flat,0.2,1.0,1.0,1.0,peripheral,131.18456397511653,125.04317103976122,6.141392935355316,0.0,0.0,0.0,0.0,0.0,0.0,0.0,0.0,0.0,0.0,0.0,116.52385241549611,156.3039637997015,20.471309784517718,14,1,0.06666666666666667,1,1,1.0,1.0,0.0,0.0,0.0,0.0,0,0.3655591032949593,0.3655591032949593,0,74,74,0.15523862838745117,25.0,2.0,2.0,True,feasible,nils_complete,156.611235885216,195.76404485651994,,16.235534932330946,,20.156960429449473,True,feasible_only,0.0,131.18456397511653,True,156.611235885216,,16.235534932330946,
S0003_R10,302036,truck_only,S0003,n15_p0.25_d1_uniform_Elow_V2.00_Hshort_PWflat_B0.20,15,0.26666666666666666,0.25,1,3,low,2.0,uniform,short,flat,0.2,1.0,1.0,1.0,peripheral,238.92911945128236,141.98211029827175,0.0,0.0,96.94700915301061,96.94700915301061,0.0,96.94700915301061,0.0,96.94700915301061,0.0,96.94700915301061,0.0,0.0,235.61311354399265,177.47763787283964,0.0,15,0,0.0,0,0,0.0,0.0,0.0,0.0,0.0,0.0,0,0.0,0.0,0,0,0,0.003210306167602539,0.0,0.0,0.0,True,feasible,baseline_truck_only,238.92911945128236,177.47763787283964,,,,0.0,True,feasible_only,0.0,238.92911945128236,True,238.92911945128236,,,
S0003_R10,302036,nils,S0003,n15_p0.25_d1_uniform_Elow_V2.00_Hshort_PWflat_B0.20,15,0.26666666666666666,0.25,1,3,low,2.0,uniform,short,flat,0.2,1.0,1.0,1.0,peripheral,94.45172972278779,85.40925703384949,9.04247268893831,0.0,0.0,0.0,0.0,0.0,0.0,0.0,0.0,0.0,0.0,0.0,131.43787620411362,106.76157129231186,30.141575629794367,12,3,0.2,1,1,3.0,3.0,0.0,0.0,0.0,0.0,0,0.5929332247431904,0.5929332247431904,0,16,16,0.1527233123779297,18.0,4.0,8.0,True,feasible,nils_complete,238.92911945128236,177.47763787283964,,60.46872397148457,,39.845057342488914,True,feasible_only,0.0,94.45172972278779,True,238.92911945128236,,60.46872397148457,
S0004_R01,402027,truck_only,S0004,n15_p0.25_d1_uniform_Elow_V2.00_Hshort_PWmoderate_B0.20,15,0.26666666666666666,0.25,1,3,low,2.0,uniform,short,moderate,0.2,20.0,5.0,1.0,peripheral,3138.1045625326665,159.7135804786025,0.0,0.0,2978.390982054064,2978.390982054064,146.13702618537374,11.130091669317892,0.0,157.26711785469163,2922.740523707475,55.65045834658946,0.0,0.0,180.09380643251095,199.64197559825308,0.0,15,0,0.0,0,0,0.0,0.0,0.0,0.0,0.0,0.0,0,0.0,0.0,0,0,0,0.005594491958618164,0.0,0.0,0.0,True,feasible,baseline_truck_only,3138.1045625326665,199.64197559825308,,,,0.0,True,feasible_only,0.0,3138.1045625326665,True,3138.1045625326665,,,
S0004_R01,402027,nils,S0004,n15_p0.25_d1_uniform_Elow_V2.00_Hshort_PWmoderate_B0.20,15,0.26666666666666666,0.25,1,3,low,2.0,uniform,short,moderate,0.2,20.0,5.0,1.0,peripheral,138.09117876306394,127.63599255137521,10.455186211688734,0.0,0.0,0.0,0.0,0.0,0.0,0.0,0.0,0.0,0.0,0.0,159.3450608709968,159.544990689219,34.85062070562911,12,3,0.2,1,1,3.0,3.0,0.0,0.0,0.0,0.0,0,0.6939910089875198,0.6939910089875198,0,22,22,0.1482853889465332,25.0,6.0,9.0,True,feasible,nils_complete,3138.1045625326665,199.64197559825308,,95.5995354516927,,20.084446063448468,True,feasible_only,0.0,138.09117876306394,True,3138.1045625326665,,95.5995354516927,
S0004_R02,402028,truck_only,S0004,n15_p0.25_d1_uniform_Elow_V2.00_Hshort_PWmoderate_B0.20,15,0.26666666666666666,0.25,1,3,low,2.0,uniform,short,moderate,0.2,20.0,5.0,1.0,peripheral,1248.475572116195,165.2821928540671,0.0,0.0,1083.193379262128,1083.193379262128,54.1596689631064,0.0,0.0,54.1596689631064,1083.193379262128,0.0,0.0,0.0,138.40419888901965,206.60274106758385,0.0,15,0,0.0,0,0,0.0,0.0,0.0,0.0,0.0,0.0,0,0.0,0.0,0,0,0,0.003080129623413086,0.0,0.0,0.0,True,feasible,baseline_truck_only,1248.475572116195,206.60274106758385,,,,0.0,True,feasible_only,0.0,1248.475572116195,True,1248.475572116195,,,
S0004_R02,402028,nils,S0004,n15_p0.25_d1_uniform_Elow_V2.00_Hshort_PWmoderate_B0.20,15,0.26666666666666666,0.25,1,3,low,2.0,uniform,short,moderate,0.2,20.0,5.0,1.0,peripheral,152.3764270246565,144.6610575905214,7.71536943413508,0.0,0.0,0.0,0.0,0.0,0.0,0.0,0.0,0.0,0.0,0.0,135.23111999604475,180.8263219881518,25.7178981137836,13,2,0.13333333333333333,1,1,2.0,2.0,0.0,0.0,0.0,0.0,0,0.464489239837937,0.464489239837937,0,50,50,0.14400839805603027,25.0,3.0,3.0,True,feasible,nils_complete,1248.475572116195,206.60274106758385,,87.79500132578686,,12.476319987932824,True,feasible_only,0.0,152.3764270246565,True,1248.475572116195,,87.79500132578686,
S0004_R03,402029,truck_only,S0004,n15_p0.25_d1_uniform_Elow_V2.00_Hshort_PWmoderate_B0.20,15,0.26666666666666666,0.25,1,3,low,2.0,uniform,short,moderate,0.2,20.0,5.0,1.0,peripheral,326.8934170977296,148.03475741327998,0.0,0.0,178.8586596844496,178.8586596844496,8.94293298422248,0.0,0.0,8.94293298422248,178.8586596844496,0.0,0.0,0.0,158.71597546279605,185.04344676659994,0.0,15,0,0.0,0,0,0.0,0.0,0.0,0.0,0.0,0.0,0,0.0,0.0,0,0,0,0.005303859710693359,0.0,0.0,0.0,True,feasible,baseline_truck_only,326.8934170977296,185.04344676659994,,,,0.0,True,feasible_only,0.0,326.8934170977296,True,326.8934170977296,,,
S0004_R03,402029,nils,S0004,n15_p0.25_d1_uniform_Elow_V2.00_Hshort_PWmoderate_B0.20,15,0.26666666666666666,0.25,1,3,low,2.0,uniform,short,moderate,0.2,20.0,5.0,1.0,peripheral,131.27443135755442,120.75173498160585,10.522696375948584,0.0,0.0,0.0,0.0,0.0,0.0,0.0,0.0,0.0,0.0,0.0,150.15620163528223,150.9396687270073,35.07565458649528,13,2,0.13333333333333333,1,1,2.0,2.0,0.0,0.0,0.0,0.0,0,0.680721716932364,0.680721716932364,0,46,46,0.18248438835144043,25.0,3.0,7.0,True,feasible,nils_complete,326.8934170977296,185.04344676659994,,59.841824738150656,,18.430146344284545,True,feasible_only,0.0,131.27443135755442,True,326.8934170977296,,59.841824738150656,
S0004_R04,402030,truck_only,S0004,n15_p0.25_d1_uniform_Elow_V2.00_Hshort_PWmoderate_B0.20,15,0.26666666666666666,0.25,1,3,low,2.0,uniform,short,moderate,0.2,20.0,5.0,1.0,peripheral,2945.1466148042746,174.09629868442204,0.0,0.0,2771.0503161198526,2771.0503161198526,98.25072344824548,141.27507576390653,99.66046833541012,339.1862675475621,1965.0144689649096,706.3753788195327,99.66046833541012,0.0,350.7679960204227,217.62037335552748,0.0,15,0,0.0,0,0,0.0,0.0,0.0,0.0,0.0,0.0,0,0.0,0.0,0,0,0,0.006342649459838867,0.0,0.0,0.0,True,feasible,baseline_truck_only,2945.1466148042746,217.62037335552748,,,,0.0,True,feasible_only,0.0,2945.1466148042746,True,2945.1466148042746,,,
S0004_R04,402030,nils,S0004,n15_p0.25_d1_uniform_Elow_V2.00_Hshort_PWmoderate_B0.20,15,0.26666666666666666,0.25,1,3,low,2.0,uniform,short,moderate,0.2,20.0,5.0,1.0,peripheral,166.430163711316,155.71927245408955,10.710891257226443,0.0,0.0,0.0,0.0,0.0,0.0,0.0,0.0,0.0,0.0,0.0,147.97247427638013,194.64909056761195,35.702970857421484,13,2,0.13333333333333333,1,1,2.0,2.0,0.0,0.0,0.0,0.0,0,0.6530805757233162,0.6530805757233162,0,50,50,0.17310738563537598,25.0,5.0,3.0,True,feasible,nils_complete,2945.1466148042746,217.62037335552748,,94.34900242742665,,10.55566739166798,True,feasible_only,0.0,166.430163711316,True,2945.1466148042746,,94.34900242742665,
S0004_R05,402031,truck_only,S0004,n15_p0.25_d1_uniform_Elow_V2.00_Hshort_PWmoderate_B0.20,15,0.26666666666666666,0.25,1,3,low,2.0,uniform,short,moderate,0.2,20.0,5.0,1.0,peripheral,1794.903105782526,161.18641019927125,0.0,0.0,1633.7166955832547,1633.7166955832547,81.32385046458708,1.4479372583026304,0.0,82.77178772288971,1626.4770092917415,7.239686291513152,0.0,0.0,205.56820750089923,201.48301274908903,0.0,15,0,0.0,0,0,0.0,0.0,0.0,0.0,0.0,0.0,0,0.0,0.0,0,0,0,0.005711555480957031,0.0,0.0,0.0,True,feasible,baseline_truck_only,1794.903105782526,201.48301274908903,,,,0.0,True,feasible_only,0.0,1794.903105782526,True,1794.903105782526,,,
S0004_R05,402031,nils,S0004,n15_p0.25_d1_uniform_Elow_V2.00_Hshort_PWmoderate_B0.20,15,0.26666666666666666,0.25,1,3,low,2.0,uniform,short,moderate,0.2,20.0,5.0,1.0,peripheral,457.2823587308071,169.1399667986518,0.0,0.0,288.1423919321553,288.1423919321553,14.407119596607764,0.0,0.0,14.407119596607764,288.1423919321553,0.0,0.0,0.0,140.3632902536562,211.42495849831474,0.0,15,0,0.0,0,0,0.0,0.0,0.0,0.0,0.0,0.0,0,0.0,0.0,0,100,100,0.13399147987365723,25.0,6.0,0.0,True,feasible,nils_complete,1794.903105782526,201.48301274908903,,74.52328444596205,,-4.934384101952367,True,feasible_only,0.0,457.2823587308071,True,1794.903105782526,,74.52328444596205,
S0004_R06,402032,truck_only,S0004,n15_p0.25_d1_uniform_Elow_V2.00_Hshort_PWmoderate_B0.20,15,0.26666666666666666,0.25,1,3,low,2.0,uniform,short,moderate,0.2,20.0,5.0,1.0,peripheral,2096.808387326537,153.83475342577506,0.0,0.0,1942.9736339007618,1942.9736339007618,97.14868169503808,0.0,0.0,97.14868169503808,1942.9736339007616,0.0,0.0,0.0,200.29556240262636,192.2934417822188,0.0,15,0,0.0,0,0,0.0,0.0,0.0,0.0,0.0,0.0,0,0.0,0.0,0,0,0,0.003339052200317383,0.0,0.0,0.0,True,feasible,baseline_truck_only,2096.808387326537,192.2934417822188,,,,0.0,True,feasible_only,0.0,2096.808387326537,True,2096.808387326537,,,
S0004_R06,402032,nils,S0004,n15_p0.25_d1_uniform_Elow_V2.00_Hshort_PWmoderate_B0.20,15,0.26666666666666666,0.25,1,3,low,2.0,uniform,short,moderate,0.2,20.0,5.0,1.0,peripheral,193.9892082703559,159.12991512877966,11.640071053384206,0.0,23.219222088192026,23.219222088192026,1.1609611044096013,0.0,0.0,1.1609611044096013,23.219222088192026,0.0,0.0,0.0,133.04140543134105,198.9123939109746,38.80023684461402,13,2,0.13333333333333333,1,1,2.0,2.0,0.0,0.0,0.0,0.0,0,0.7625783537951066,0.7625783537951066,0,49,49,0.15500497817993164,25.0,4.0,4.0,True,feasible,nils_complete,2096.808387326537,192.2934417822188,,90.7483578641301,,-3.4421101767225517,True,feasible_only,0.0,193.9892082703559,True,2096.808387326537,,90.7483578641301,
S0004_R07,402033,truck_only,S0004,n15_p0.25_d1_uniform_Elow_V2.00_Hshort_PWmoderate_B0.20,15,0.26666666666666666,0.25,1,3,low,2.0,uniform,short,moderate,0.2,20.0,5.0,1.0,peripheral,2540.752579479104,162.52873091162652,0.0,0.0,2378.2238485674775,2378.2238485674775,116.91765354594848,7.974155529701605,0.0,124.89180907565009,2338.3530709189695,39.870777648508025,0.0,0.0,183.7791885061601,203.16091363953316,0.0,15,0,0.0,0,0,0.0,0.0,0.0,0.0,0.0,0.0,0,0.0,0.0,0,0,0,0.005587339401245117,0.0,0.0,0.0,True,feasible,baseline_truck_only,2540.752579479104,203.16091363953316,,,,0.0,True,feasible_only,0.0,2540.752579479104,True,2540.752579479104,,,
S0004_R07,402033,nils,S0004,n15_p0.25_d1_uniform_Elow_V2.00_Hshort_PWmoderate_B0.20,15,0.26666666666666666,0.25,1,3,low,2.0,uniform,short,moderate,0.2,20.0,5.0,1.0,peripheral,190.46171994053213,165.13287229933283,12.287081847863746,0.0,13.041765793335571,13.041765793335571,0.6520882896667786,0.0,0.0,0.6520882896667786,13.041765793335571,0.0,0.0,0.0,139.9594235327652,206.41609037416603,40.95693949287916,12,3,0.2,1,1,3.0,3.0,0.0,0.0,0.0,0.0,0,0.7459814784555303,0.7459814784555303,0,25,25,0.19148826599121094,25.0,5.0,6.0,True,feasible,nils_complete,2540.752579479104,203.16091363953316,,92.50372816783364,,-1.6022652567946725,True,feasible_only,0.0,190.46171994053213,True,2540.752579479104,,92.50372816783364,
S0004_R08,402034,truck_only,S0004,n15_p0.25_d1_uniform_Elow_V2.00_Hshort_PWmoderate_B0.20,15,0.26666666666666666,0.25,1,3,low,2.0,uniform,short,moderate,0.2,20.0,5.0,1.0,peripheral,640.9449024047099,168.18056971597602,0.0,0.0,472.7643326887338,472.7643326887338,21.64855165603756,7.958659913596506,0.0,29.607211569634067,432.97103312075126,39.79329956798253,0.0,0.0,175.4370885400361,210.22571214497003,0.0,15,0,0.0,0,0,0.0,0.0,0.0,0.0,0.0,0.0,0,0.0,0.0,0,0,0,0.004118919372558594,0.0,0.0,0.0,True,feasible,baseline_truck_only,640.9449024047099,210.22571214497003,,,,0.0,True,feasible_only,0.0,640.9449024047099,True,640.9449024047099,,,
S0004_R08,402034,nils,S0004,n15_p0.25_d1_uniform_Elow_V2.00_Hshort_PWmoderate_B0.20,15,0.26666666666666666,0.25,1,3,low,2.0,uniform,short,moderate,0.2,20.0,5.0,1.0,peripheral,144.42221876104006,137.73617835043507,6.686040410604996,0.0,0.0,0.0,0.0,0.0,0.0,0.0,0.0,0.0,0.0,0.0,148.24869346849843,172.1702229380438,22.28680136868332,13,2,0.13333333333333333,1,1,2.0,2.0,0.0,0.0,0.0,0.0,0,0.40973023666237796,0.40973023666237796,0,25,25,0.19052553176879883,25.0,2.0,6.0,True,feasible,nils_complete,640.9449024047099,210.22571214497003,,77.46729582851913,,18.1022049199593,True,feasible_only,0.0,144.42221876104006,True,640.9449024047099,,77.46729582851913,
S0004_R09,402035,truck_only,S0004,n15_p0.25_d1_uniform_Elow_V2.00_Hshort_PWmoderate_B0.20,15,0.26666666666666666,0.25,1,3,low,2.0,uniform,short,moderate,0.2,20.0,5.0,1.0,peripheral,738.9577705118649,141.29866186693678,0.0,0.0,597.6591086449281,597.6591086449281,28.850028896144764,4.131706144406579,0.0,32.98173504055134,577.0005779228952,20.658530722032893,0.0,0.0,172.53934277778814,176.62332733367097,0.0,15,0,0.0,0,0,0.0,0.0,0.0,0.0,0.0,0.0,0,0.0,0.0,0,0,0,0.005413532257080078,0.0,0.0,0.0,True,feasible,baseline_truck_only,738.9577705118649,176.62332733367097,,,,0.0,True,feasible_only,0.0,738.9577705118649,True,738.9577705118649,,,
S0004_R09,402035,nils,S0004,n15_p0.25_d1_uniform_Elow_V2.00_Hshort_PWmoderate_B0.20,15,0.26666666666666666,0.25,1,3,low,2.0,uniform,short,moderate,0.2,20.0,5.0,1.0,peripheral,142.2684312373882,130.1550902581915,12.113340979196693,0.0,0.0,0.0,0.0,0.0,0.0,0.0,0.0,0.0,0.0,0.0,122.29800514192364,162.6938628227394,40.37780326398897,11,4,0.26666666666666666,1,1,4.0,4.0,0.0,0.0,0.0,0.0,0,0.7846953935278338,0.7846953935278338,0,0,0,0.13637900352478027,25.0,4.0,11.0,True,feasible,nils_complete,738.9577705118649,176.62332733367097,,80.7474206355742,,7.886537254853372,True,feasible_only,0.0,142.2684312373882,True,738.9577705118649,,80.7474206355742,
S0004_R10,402036,truck_only,S0004,n15_p0.25_d1_uniform_Elow_V2.00_Hshort_PWmoderate_B0.20,15,0.26666666666666666,0.25,1,3,low,2.0,uniform,short,moderate,0.2,20.0,5.0,1.0,peripheral,6160.732979095485,150.75991892579663,0.0,0.0,6009.973060169688,6009.973060169688,264.3254431076305,144.69283960341573,0.0,409.01828271104625,5286.50886215261,723.4641980170786,0.0,0.0,250.04581865560618,188.4498986572458,0.0,15,0,0.0,0,0,0.0,0.0,0.0,0.0,0.0,0.0,0,0.0,0.0,0,0,0,0.005234956741333008,0.0,0.0,0.0,True,feasible,baseline_truck_only,6160.732979095485,188.4498986572458,,,,0.0,True,feasible_only,0.0,6160.732979095485,True,6160.732979095485,,,
S0004_R10,402036,nils,S0004,n15_p0.25_d1_uniform_Elow_V2.00_Hshort_PWmoderate_B0.20,15,0.26666666666666666,0.25,1,3,low,2.0,uniform,short,moderate,0.2,20.0,5.0,1.0,peripheral,105.75975832881564,95.86067135763335,9.899086971182282,0.0,0.0,0.0,0.0,0.0,0.0,0.0,0.0,0.0,0.0,0.0,130.286339071016,119.82583919704169,32.99695657060761,13,2,0.13333333333333333,1,1,2.0,2.0,0.0,0.0,0.0,0.0,0,0.5921338854906919,0.5921338854906919,0,20,20,0.14766716957092285,22.0,2.0,8.0,True,feasible,nils_complete,6160.732979095485,188.4498986572458,,98.2833250736937,,36.415015316627,True,feasible_only,0.0,105.75975832881564,True,6160.732979095485,,98.2833250736937,
S0005_R01,502027,truck_only,S0005,n15_p0.25_d1_uniform_Emedium_V1.25_Hshort_PWbase_B0.20,15,0.26666666666666666,0.25,1,3,medium,1.25,uniform,short,base,0.2,100.0,20.0,1.0,peripheral,5739.967573337041,144.4512631232199,0.0,0.0,5595.516310213821,5595.516310213821,55.955163102138215,0.0,0.0,55.955163102138215,5595.516310213821,0.0,0.0,0.0,153.1094282502001,180.56407890402485,0.0,15,0,0.0,0,0,0.0,0.0,0.0,0.0,0.0,0.0,0,0.0,0.0,0,0,0,0.003644227981567383,0.0,0.0,0.0,True,feasible,baseline_truck_only,5739.967573337041,180.56407890402485,,,,0.0,True,feasible_only,0.0,5739.967573337041,True,5739.967573337041,,,
S0005_R01,502027,nils,S0005,n15_p0.25_d1_uniform_Emedium_V1.25_Hshort_PWbase_B0.20,15,0.26666666666666666,0.25,1,3,medium,1.25,uniform,short,base,0.2,100.0,20.0,1.0,peripheral,163.67552262768675,158.44606173794094,5.2294608897457975,0.0,0.0,0.0,0.0,0.0,0.0,0.0,0.0,0.0,0.0,0.0,136.6202379807879,198.0575771724262,17.43153629915266,13,2,0.13333333333333333,1,1,2.0,2.0,0.0,0.0,0.0,0.0,0,0.36734992277035206,0.36734992277035206,0,50,50,0.18647241592407227,25.0,5.0,3.0,True,feasible,nils_complete,5739.967573337041,180.56407890402485,,97.14849394989648,,-9.688249387465184,True,feasible_only,0.0,163.67552262768675,True,5739.967573337041,,97.14849394989648,
S0005_R02,502028,truck_only,S0005,n15_p0.25_d1_uniform_Emedium_V1.25_Hshort_PWbase_B0.20,15,0.26666666666666666,0.25,1,3,medium,1.25,uniform,short,base,0.2,100.0,20.0,1.0,peripheral,6707.558733374495,144.25465040445954,0.0,0.0,6563.304082970036,6563.304082970036,65.63304082970035,0.0,0.0,65.63304082970035,6563.304082970035,0.0,0.0,0.0,148.029519141894,180.31831300557445,0.0,15,0,0.0,0,0,0.0,0.0,0.0,0.0,0.0,0.0,0,0.0,0.0,0,0,0,0.005500316619873047,0.0,0.0,0.0,True,feasible,baseline_truck_only,6707.558733374495,180.31831300557445,,,,0.0,True,feasible_only,0.0,6707.558733374495,True,6707.558733374495,,,
S0005_R02,502028,nils,S0005,n15_p0.25_d1_uniform_Emedium_V1.25_Hshort_PWbase_B0.20,15,0.26666666666666666,0.25,1,3,medium,1.25,uniform,short,base,0.2,100.0,20.0,1.0,peripheral,153.91188224849066,143.24378907960266,10.66809316888799,0.0,0.0,0.0,0.0,0.0,0.0,0.0,0.0,0.0,0.0,0.0,132.51761991742526,179.05473634950332,35.56031056295997,12,3,0.2,1,1,3.0,3.0,0.0,0.0,0.0,0.0,0,0.7642906381949108,0.7642906381949108,0,23,23,0.1394345760345459,25.0,4.0,8.0,True,feasible,nils_complete,6707.558733374495,180.31831300557445,,97.70539642861898,,0.7007478247825414,True,feasible_only,0.0,153.91188224849066,True,6707.558733374495,,97.70539642861898,
S0005_R03,502029,truck_only,S0005,n15_p0.25_d1_uniform_Emedium_V1.25_Hshort_PWbase_B0.20,15,0.26666666666666666,0.25,1,3,medium,1.25,uniform,short,base,0.2,100.0,20.0,1.0,peripheral,11208.77335980406,151.00066058130395,0.0,0.0,11057.772699222756,11057.772699222756,97.7811001081692,63.98313442029185,0.0,161.76423452846103,9778.11001081692,1279.662688405837,0.0,0.0,219.81355623865414,188.7508257266299,0.0,15,0,0.0,0,0,0.0,0.0,0.0,0.0,0.0,0.0,0,0.0,0.0,0,0,0,0.003865957260131836,0.0,0.0,0.0,True,feasible,baseline_truck_only,11208.77335980406,188.7508257266299,,,,0.0,True,feasible_only,0.0,11208.77335980406,True,11208.77335980406,,,
S0005_R03,502029,nils,S0005,n15_p0.25_d1_uniform_Emedium_V1.25_Hshort_PWbase_B0.20,15,0.26666666666666666,0.25,1,3,medium,1.25,uniform,short,base,0.2,100.0,20.0,1.0,peripheral,160.77675865454702,151.25725940166933,9.519499252877692,0.0,0.0,0.0,0.0,0.0,0.0,0.0,0.0,0.0,0.0,0.0,131.10934389575897,189.0715742520867,31.731664176258967,12,3,0.2,1,1,3.0,3.0,0.0,0.0,0.0,0.0,0,0.6751808992294016,0.6751808992294016,0,25,25,0.1517629623413086,25.0,7.0,6.0,True,feasible,nils_complete,11208.77335980406,188.7508257266299,,98.56561682983875,,-0.16993225021507283,True,feasible_only,0.0,160.77675865454702,True,11208.77335980406,,98.56561682983875,
S0005_R04,502030,truck_only,S0005,n15_p0.25_d1_uniform_Emedium_V1.25_Hshort_PWbase_B0.20,15,0.26666666666666666,0.25,1,3,medium,1.25,uniform,short,base,0.2,100.0,20.0,1.0,peripheral,17473.02604833233,171.64963291013348,0.0,0.0,17301.376415422197,17301.376415422197,173.01376415422197,0.0,0.0,173.01376415422197,17301.376415422197,0.0,0.0,0.0,175.77209784244386,214.56204113766682,0.0,15,0,0.0,0,0,0.0,0.0,0.0,0.0,0.0,0.0,0,0.0,0.0,0,0,0,0.0053408145904541016,0.0,0.0,0.0,True,feasible,baseline_truck_only,17473.02604833233,214.56204113766682,,,,0.0,True,feasible_only,0.0,17473.02604833233,True,17473.02604833233,,,
S0005_R04,502030,nils,S0005,n15_p0.25_d1_uniform_Emedium_V1.25_Hshort_PWbase_B0.20,15,0.26666666666666666,0.25,1,3,medium,1.25,uniform,short,base,0.2,100.0,20.0,1.0,peripheral,3636.691243618552,169.2035898288039,5.213477853828525,0.0,3462.2741759359196,3462.2741759359196,34.622741759359194,0.0,0.0,34.622741759359194,3462.274175935919,0.0,0.0,0.0,139.87291150038638,211.50448728600486,17.37825951276175,13,2,0.13333333333333333,1,1,2.0,2.0,0.0,0.0,0.0,0.0,0,0.37627254518868797,0.37627254518868797,0,48,48,0.1692509651184082,25.0,4.0,5.0,True,feasible,nils_complete,17473.02604833233,214.56204113766682,,79.1868264056892,,1.4250208636392416,True,feasible_only,0.0,3636.691243618552,True,17473.02604833233,,79.1868264056892,
S0005_R05,502031,truck_only,S0005,n15_p0.25_d1_uniform_Emedium_V1.25_Hshort_PWbase_B0.20,15,0.26666666666666666,0.25,1,3,medium,1.25,uniform,short,base,0.2,100.0,20.0,1.0,peripheral,9487.970869525114,177.2580515558479,0.0,0.0,9310.712817969266,9310.712817969266,86.49775321619438,33.0468748174914,0.0,119.54462803368578,8649.775321619438,660.937496349828,0.0,0.0,211.02355566929964,221.57256444480987,0.0,15,0,0.0,0,0,0.0,0.0,0.0,0.0,0.0,0.0,0,0.0,0.0,0,0,0,0.006134986877441406,0.0,0.0,0.0,True,feasible,baseline_truck_only,9487.970869525114,221.57256444480987,,,,0.0,True,feasible_only,0.0,9487.970869525114,True,9487.970869525114,,,
S0005_R05,502031,nils,S0005,n15_p0.25_d1_uniform_Emedium_V1.25_Hshort_PWbase_B0.20,15,0.26666666666666666,0.25,1,3,medium,1.25,uniform,short,base,0.2,100.0,20.0,1.0,peripheral,550.1781289635901,177.33086679270252,7.153585048411154,0.0,365.6936771224764,365.6936771224764,3.656936771224764,0.0,0.0,3.656936771224764,365.6936771224764,0.0,0.0,0.0,138.93107302782178,221.6635834908782,23.845283494703846,14,1,0.06666666666666667,1,1,1.0,1.0,0.0,0.0,0.0,0.0,0,0.4769056698940769,0.4769056698940769,0,75,75,0.16993355751037598,25.0,3.0,1.0,True,feasible,nils_complete,9487.970869525114,221.57256444480987,,94.20130883062959,,-0.04107866255752567,True,feasible_only,0.0,550.1781289635901,True,9487.970869525114,,94.20130883062959,
S0005_R06,502032,truck_only,S0005,n15_p0.25_d1_uniform_Emedium_V1.25_Hshort_PWbase_B0.20,15,0.26666666666666666,0.25,1,3,medium,1.25,uniform,short,base,0.2,100.0,20.0,1.0,peripheral,38433.95990558694,154.34217132776547,0.0,0.0,38279.617734259176,38279.617734259176,379.5585781689432,16.18799586824285,0.0,395.74657403718606,37955.85781689432,323.759917364857,0.0,0.0,264.7551702062636,192.92771415970685,0.0,15,0,0.0,0,0,0.0,0.0,0.0,0.0,0.0,0.0,0,0.0,0.0,0,0,0,0.0036063194274902344,0.0,0.0,0.0,True,feasible,baseline_truck_only,38433.95990558694,192.92771415970685,,,,0.0,True,feasible_only,0.0,38433.95990558694,True,38433.95990558694,,,
S0005_R06,502032,nils,S0005,n15_p0.25_d1_uniform_Emedium_V1.25_Hshort_PWbase_B0.20,15,0.26666666666666666,0.25,1,3,medium,1.25,uniform,short,base,0.2,100.0,20.0,1.0,peripheral,186.6264047397975,177.3995651420932,9.226839597704302,0.0,0.0,0.0,0.0,0.0,0.0,0.0,0.0,0.0,0.0,0.0,167.81830349737015,221.74945642761648,30.756131992347676,14,1,0.06666666666666667,1,1,1.0,1.0,0.0,0.0,0.0,0.0,0,0.6151226398469535,0.6151226398469535,0,73,73,0.14739680290222168,25.0,5.0,3.0,True,feasible,nils_complete,38433.95990558694,192.92771415970685,,99.51442316847329,,-14.939140492822506,True,feasible_only,0.0,186.6264047397975,True,38433.95990558694,,99.51442316847329,
S0005_R07,502033,truck_only,S0005,n15_p0.25_d1_uniform_Emedium_V1.25_Hshort_PWbase_B0.20,15,0.26666666666666666,0.25,1,3,medium,1.25,uniform,short,base,0.2,100.0,20.0,1.0,peripheral,6073.001035253388,141.47293505592648,0.0,0.0,5931.528100197462,5931.528100197462,52.003731018653085,36.55774991660762,0.0,88.5614809352607,5200.373101865309,731.1549983321524,0.0,0.0,171.72184816243504,176.8411688199081,0.0,15,0,0.0,0,0,0.0,0.0,0.0,0.0,0.0,0.0,0,0.0,0.0,0,0,0,0.005715608596801758,0.0,0.0,0.0,True,feasible,baseline_truck_only,6073.001035253388,176.8411688199081,,,,0.0,True,feasible_only,0.0,6073.001035253388,True,6073.001035253388,,,
S0005_R07,502033,nils,S0005,n15_p0.25_d1_uniform_Emedium_V1.25_Hshort_PWbase_B0.20,15,0.26666666666666666,0.25,1,3,medium,1.25,uniform,short,base,0.2,100.0,20.0,1.0,peripheral,118.66495236114092,108.35303491814508,10.31191744299584,0.0,0.0,0.0,0.0,0.0,0.0,0.0,0.0,0.0,0.0,0.0,122.91156657958372,135.44129364768133,34.37305814331947,13,2,0.13333333333333333,1,1,2.0,2.0,0.0,0.0,0.0,0.0,0,0.6877540379780313,0.6877540379780313,0,36,36,0.09603691101074219,18.0,2.0,3.0,True,feasible,nils_complete,6073.001035253388,176.8411688199081,,98.04602449971112,,23.41076766710791,True,feasible_only,0.0,118.66495236114092,True,6073.001035253388,,98.04602449971112,
S0005_R08,502034,truck_only,S0005,n15_p0.25_d1_uniform_Emedium_V1.25_Hshort_PWbase_B0.20,15,0.26666666666666666,0.25,1,3,medium,1.25,uniform,short,base,0.2,100.0,20.0,1.0,peripheral,1165.378226144749,168.41748307015558,0.0,0.0,996.9607430745936,996.9607430745936,0.0,49.84803715372968,0.0,49.84803715372968,0.0,996.9607430745936,0.0,0.0,228.38388996312213,210.52185383769452,0.0,15,0,0.0,0,0,0.0,0.0,0.0,0.0,0.0,0.0,0,0.0,0.0,0,0,0,0.003197908401489258,0.0,0.0,0.0,True,feasible,baseline_truck_only,1165.378226144749,210.52185383769452,,,,0.0,True,feasible_only,0.0,1165.378226144749,True,1165.378226144749,,,
S0005_R08,502034,nils,S0005,n15_p0.25_d1_uniform_Emedium_V1.25_Hshort_PWbase_B0.20,15,0.26666666666666666,0.25,1,3,medium,1.25,uniform,short,base,0.2,100.0,20.0,1.0,peripheral,134.1666098395703,127.99799865872673,6.168611180843561,0.0,0.0,0.0,0.0,0.0,0.0,0.0,0.0,0.0,0.0,0.0,137.1601067402717,159.99749832340842,20.562037269478537,14,1,0.06666666666666667,1,1,1.0,1.0,0.0,0.0,0.0,0.0,0,0.4112407453895708,0.4112407453895708,0,75,75,0.14881539344787598,25.0,2.0,1.0,True,feasible,nils_complete,1165.378226144749,210.52185383769452,,88.48729049251125,,23.999577522834628,True,feasible_only,0.0,134.1666098395703,True,1165.378226144749,,88.48729049251125,
S0005_R09,502035,truck_only,S0005,n15_p0.25_d1_uniform_Emedium_V1.25_Hshort_PWbase_B0.20,15,0.26666666666666666,0.25,1,3,medium,1.25,uniform,short,base,0.2,100.0,20.0,1.0,peripheral,4707.3087777753035,151.14739777305277,0.0,0.0,4556.161380002251,4556.161380002251,32.56798067177621,64.96816564123148,0.0,97.53614631300769,3256.7980671776213,1299.3633128246297,0.0,0.0,245.99928893323784,188.93424721631595,0.0,15,0,0.0,0,0,0.0,0.0,0.0,0.0,0.0,0.0,0,0.0,0.0,0,0,0,0.005151510238647461,0.0,0.0,0.0,True,feasible,baseline_truck_only,4707.3087777753035,188.93424721631595,,,,0.0,True,feasible_only,0.0,4707.3087777753035,True,4707.3087777753035,,,
S0005_R09,502035,nils,S0005,n15_p0.25_d1_uniform_Emedium_V1.25_Hshort_PWbase_B0.20,15,0.26666666666666666,0.25,1,3,medium,1.25,uniform,short,base,0.2,100.0,20.0,1.0,peripheral,114.88235699844014,105.01720499203091,9.865152006409229,0.0,0.0,0.0,0.0,0.0,0.0,0.0,0.0,0.0,0.0,0.0,156.92628237865412,131.2715062400386,32.8838400213641,13,2,0.13333333333333333,1,1,2.0,2.0,0.0,0.0,0.0,0.0,0,0.7068187325990791,0.7068187325990791,0,50,50,0.18016362190246582,25.0,2.0,3.0,True,feasible,nils_complete,4707.3087777753035,188.93424721631595,,97.55948966974854,,30.52000461846269,True,feasible_only,0.0,114.88235699844014,True,4707.3087777753035,,97.55948966974854,
S0005_R10,502036,truck_only,S0005,n15_p0.25_d1_uniform_Emedium_V1.25_Hshort_PWbase_B0.20,15,0.26666666666666666,0.25,1,3,medium,1.25,uniform,short,base,0.2,100.0,20.0,1.0,peripheral,7330.6644215712095,167.5167686569584,0.0,0.0,7163.147652914251,7163.147652914251,71.6314765291425,0.0,0.0,71.6314765291425,7163.14765291425,0.0,0.0,0.0,147.51446562785827,209.39596082119797,0.0,15,0,0.0,0,0,0.0,0.0,0.0,0.0,0.0,0.0,0,0.0,0.0,0,0,0,0.0033195018768310547,0.0,0.0,0.0,True,feasible,baseline_truck_only,7330.6644215712095,209.39596082119797,,,,0.0,True,feasible_only,0.0,7330.6644215712095,True,7330.6644215712095,,,
S0005_R10,502036,nils,S0005,n15_p0.25_d1_uniform_Emedium_V1.25_Hshort_PWbase_B0.20,15,0.26666666666666666,0.25,1,3,medium,1.25,uniform,short,base,0.2,100.0,20.0,1.0,peripheral,1038.6776063523976,156.37761033380212,5.707654898409392,0.0,876.5923411201861,876.5923411201861,8.765923411201861,0.0,0.0,8.765923411201861,876.5923411201861,0.0,0.0,0.0,135.2962126824191,195.47201291725264,19.02551632803131,14,1,0.06666666666666667,1,1,1.0,1.0,0.0,0.0,0.0,0.0,0,0.38051032656062617,0.38051032656062617,0,75,75,0.13348865509033203,25.0,3.0,1.0,True,feasible,nils_complete,7330.6644215712095,209.39596082119797,,85.83105777839201,,6.649578076548913,True,feasible_only,0.0,1038.6776063523976,True,7330.6644215712095,,85.83105777839201,
S0006_R01,602027,truck_only,S0006,n15_p0.25_d1_uniform_Emedium_V2.00_Hlong_PWflat_B0.20,15,0.26666666666666666,0.25,1,3,medium,2.0,uniform,long,flat,0.2,1.0,1.0,1.0,peripheral,290.02906027354334,166.19159343099273,0.0,0.0,123.83746684255064,123.83746684255064,123.83746684255064,0.0,0.0,123.83746684255064,123.83746684255064,0.0,0.0,0.0,179.4866462827689,207.7394917887409,0.0,15,0,0.0,0,0,0.0,0.0,0.0,0.0,0.0,0.0,0,0.0,0.0,0,0,0,0.0032494068145751953,0.0,0.0,0.0,True,feasible,baseline_truck_only,290.02906027354334,207.7394917887409,,,,0.0,True,feasible_only,0.0,290.02906027354334,True,290.02906027354334,,,
S0006_R01,602027,nils,S0006,n15_p0.25_d1_uniform_Emedium_V2.00_Hlong_PWflat_B0.20,15,0.26666666666666666,0.25,1,3,medium,2.0,uniform,long,flat,0.2,1.0,1.0,1.0,peripheral,155.96603864472186,138.6127083165917,17.353330328130163,0.0,0.0,0.0,0.0,0.0,0.0,0.0,0.0,0.0,0.0,0.0,126.57622402083604,173.26588539573962,57.84443442710054,12,3,0.2,1,1,3.0,3.0,0.0,0.0,0.0,0.0,0,0.7888972837341581,0.7888972837341581,0,23,23,0.1310100555419922,25.0,3.0,8.0,True,feasible,nils_complete,290.02906027354334,207.7394917887409,,46.223996141069044,,16.594633064790088,True,feasible_only,0.0,155.96603864472186,True,290.02906027354334,,46.223996141069044,
S0006_R02,602028,truck_only,S0006,n15_p0.25_d1_uniform_Emedium_V2.00_Hlong_PWflat_B0.20,15,0.26666666666666666,0.25,1,3,medium,2.0,uniform,long,flat,0.2,1.0,1.0,1.0,peripheral,296.8712212643969,190.68765942867697,0.0,0.0,106.18356183571997,106.18356183571997,106.18356183571997,0.0,0.0,106.18356183571997,106.18356183571997,0.0,0.0,0.0,209.1733747783226,238.35957428584618,0.0,15,0,0.0,0,0,0.0,0.0,0.0,0.0,0.0,0.0,0,0.0,0.0,0,0,0,0.003196239471435547,0.0,0.0,0.0,True,feasible,baseline_truck_only,296.8712212643969,238.35957428584618,,,,0.0,True,feasible_only,0.0,296.8712212643969,True,296.8712212643969,,,
S0006_R02,602028,nils,S0006,n15_p0.25_d1_uniform_Emedium_V2.00_Hlong_PWflat_B0.20,15,0.26666666666666666,0.25,1,3,medium,2.0,uniform,long,flat,0.2,1.0,1.0,1.0,peripheral,174.58526110501322,143.9141634454494,13.480206736908128,0.0,17.19089092265571,17.19089092265571,17.19089092265571,0.0,0.0,17.19089092265571,17.19089092265571,0.0,0.0,0.0,133.63840787330707,179.89270430681174,44.93402245636043,13,2,0.13333333333333333,1,1,2.0,2.0,0.0,0.0,0.0,0.0,0,0.6166428988561854,0.6166428988561854,0,46,46,0.13843989372253418,25.0,2.0,7.0,True,feasible,nils_complete,296.8712212643969,238.35957428584618,,41.19158456604806,,24.52885316405191,True,feasible_only,0.0,174.58526110501322,True,296.8712212643969,,41.19158456604806,
S0006_R03,602029,truck_only,S0006,n15_p0.25_d1_uniform_Emedium_V2.00_Hlong_PWflat_B0.20,15,0.26666666666666666,0.25,1,3,medium,2.0,uniform,long,flat,0.2,1.0,1.0,1.0,peripheral,134.1511025312,134.1511025312,0.0,0.0,0.0,0.0,0.0,0.0,0.0,0.0,0.0,0.0,0.0,0.0,155.57794228050963,167.68887816400002,0.0,15,0,0.0,0,0,0.0,0.0,0.0,0.0,0.0,0.0,0,0.0,0.0,0,0,0,0.003089427947998047,0.0,0.0,0.0,True,feasible,baseline_truck_only,134.1511025312,167.68887816400002,,,,0.0,True,feasible_only,0.0,134.1511025312,True,134.1511025312,,,
S0006_R03,602029,nils,S0006,n15_p0.25_d1_uniform_Emedium_V2.00_Hlong_PWflat_B0.20,15,0.26666666666666666,0.25,1,3,medium,2.0,uniform,long,flat,0.2,1.0,1.0,1.0,peripheral,117.80304351518096,112.67369093555646,5.12935257962449,0.0,0.0,0.0,0.0,0.0,0.0,0.0,0.0,0.0,0.0,0.0,130.728153102236,140.84211366944558,17.097841932081632,14,1,0.06666666666666667,1,1,1.0,1.0,0.0,0.0,0.0,0.0,0,0.2137230241510204,0.2137230241510204,0,0,0,0.16707134246826172,25.0,1.0,10.0,True,feasible,nils_complete,134.1511025312,167.68887816400002,,12.18630239152668,,16.00986588287522,True,feasible_only,0.0,117.80304351518096,True,134.1511025312,,12.18630239152668,
S0006_R04,602030,truck_only,S0006,n15_p0.25_d1_uniform_Emedium_V2.00_Hlong_PWflat_B0.20,15,0.26666666666666666,0.25,1,3,medium,2.0,uniform,long,flat,0.2,1.0,1.0,1.0,peripheral,520.6575896200795,157.40169307268422,0.0,0.0,363.25589654739537,363.25589654739537,94.98921760208361,229.75156739694134,38.515111548370385,363.25589654739537,94.98921760208361,229.75156739694134,38.515111548370385,0.0,303.2418863795249,196.75211634085522,0.0,15,0,0.0,0,0,0.0,0.0,0.0,0.0,0.0,0.0,0,0.0,0.0,0,0,0,0.003729581832885742,0.0,0.0,0.0,True,feasible,baseline_truck_only,520.6575896200795,196.75211634085522,,,,0.0,True,feasible_only,0.0,520.6575896200795,True,520.6575896200795,,,
S0006_R04,602030,nils,S0006,n15_p0.25_d1_uniform_Emedium_V2.00_Hlong_PWflat_B0.20,15,0.26666666666666666,0.25,1,3,medium,2.0,uniform,long,flat,0.2,1.0,1.0,1.0,peripheral,140.53113327659358,123.39748578768527,16.02010289525908,0.0,1.1135445936492374,1.1135445936492374,1.1135445936492374,0.0,0.0,1.1135445936492374,1.1135445936492374,0.0,0.0,0.0,141.96967716349604,154.24685723460658,53.40034298419694,12,3,0.2,1,1,3.0,3.0,0.0,0.0,0.0,0.0,0,0.7020226170783948,0.7020226170783948,0,23,23,0.16141939163208008,25.0,4.0,8.0,True,feasible,nils_complete,520.6575896200795,196.75211634085522,,73.00891486492337,,21.60345713009365,True,feasible_only,0.0,140.53113327659358,True,520.6575896200795,,73.00891486492337,
S0006_R05,602031,truck_only,S0006,n15_p0.25_d1_uniform_Emedium_V2.00_Hlong_PWflat_B0.20,15,0.26666666666666666,0.25,1,3,medium,2.0,uniform,long,flat,0.2,1.0,1.0,1.0,peripheral,1022.1923498562712,183.05641302010216,0.0,0.0,839.1359368361691,839.1359368361691,423.47343633143214,377.47442284841685,38.18807765632013,839.1359368361692,423.47343633143214,377.47442284841685,38.18807765632013,0.0,360.0747805116394,228.8205162751277,0.0,15,0,0.0,0,0,0.0,0.0,0.0,0.0,0.0,0.0,0,0.0,0.0,0,0,0,0.0029783248901367188,0.0,0.0,0.0,True,feasible,baseline_truck_only,1022.1923498562712,228.8205162751277,,,,0.0,True,feasible_only,0.0,1022.1923498562712,True,1022.1923498562712,,,
S0006_R05,602031,nils,S0006,n15_p0.25_d1_uniform_Emedium_V2.00_Hlong_PWflat_B0.20,15,0.26666666666666666,0.25,1,3,medium,2.0,uniform,long,flat,0.2,1.0,1.0,1.0,peripheral,194.1979486594617,156.51427927528007,16.88664890523025,0.0,20.797020478951367,20.797020478951367,20.797020478951367,0.0,0.0,20.797020478951367,20.797020478951367,0.0,0.0,0.0,122.00332708073861,195.6428490941001,56.28882968410085,12,3,0.2,1,1,3.0,3.0,0.0,0.0,0.0,0.0,0,0.7716242356389753,0.7716242356389753,0,23,23,0.13438749313354492,25.0,7.0,8.0,True,feasible,nils_complete,1022.1923498562712,228.8205162751277,,81.00181940446262,,14.49942851327879,True,feasible_only,0.0,194.1979486594617,True,1022.1923498562712,,81.00181940446262,
S0006_R06,602032,truck_only,S0006,n15_p0.25_d1_uniform_Emedium_V2.00_Hlong_PWflat_B0.20,15,0.26666666666666666,0.25,1,3,medium,2.0,uniform,long,flat,0.2,1.0,1.0,1.0,peripheral,143.43178822422243,141.76119083588813,0.0,0.0,1.6705973883342935,1.6705973883342935,1.6705973883342935,0.0,0.0,1.6705973883342935,1.6705973883342935,0.0,0.0,0.0,186.69876032570852,177.20148854486018,0.0,15,0,0.0,0,0,0.0,0.0,0.0,0.0,0.0,0.0,0,0.0,0.0,0,0,0,0.005666494369506836,0.0,0.0,0.0,True,feasible,baseline_truck_only,143.43178822422243,177.20148854486018,,,,0.0,True,feasible_only,0.0,143.43178822422243,True,143.43178822422243,,,
S0006_R06,602032,nils,S0006,n15_p0.25_d1_uniform_Emedium_V2.00_Hlong_PWflat_B0.20,15,0.26666666666666666,0.25,1,3,medium,2.0,uniform,long,flat,0.2,1.0,1.0,1.0,peripheral,131.52774261089803,122.79429766156753,8.733444949330519,0.0,0.0,0.0,0.0,0.0,0.0,0.0,0.0,0.0,0.0,0.0,145.18832380039382,153.49287207695937,29.111483164435064,14,1,0.06666666666666667,1,1,1.0,1.0,0.0,0.0,0.0,0.0,0,0.3638935395554383,0.3638935395554383,0,0,0,0.12065696716308594,25.0,1.0,10.0,True,feasible,nils_complete,143.43178822422243,177.20148854486018,,8.299447256918514,,13.379468007064036,True,feasible_only,0.0,131.52774261089803,True,143.43178822422243,,8.299447256918514,
S0006_R07,602033,truck_only,S0006,n15_p0.25_d1_uniform_Emedium_V2.00_Hlong_PWflat_B0.20,15,0.26666666666666666,0.25,1,3,medium,2.0,uniform,long,flat,0.2,1.0,1.0,1.0,peripheral,149.3467373105706,136.1816066601183,0.0,0.0,13.165130650452312,13.165130650452312,0.0,13.165130650452312,0.0,13.165130650452312,0.0,13.165130650452312,0.0,0.0,179.9020543587631,170.22700832514784,0.0,15,0,0.0,0,0,0.0,0.0,0.0,0.0,0.0,0.0,0,0.0,0.0,0,0,0,0.004076242446899414,0.0,0.0,0.0,True,feasible,baseline_truck_only,149.3467373105706,170.22700832514784,,,,0.0,True,feasible_only,0.0,149.3467373105706,True,149.3467373105706,,,
S0006_R07,602033,nils,S0006,n15_p0.25_d1_uniform_Emedium_V2.00_Hlong_PWflat_B0.20,15,0.26666666666666666,0.25,1,3,medium,2.0,uniform,long,flat,0.2,1.0,1.0,1.0,peripheral,124.65368663962718,109.47340346694399,15.180283172683191,0.0,0.0,0.0,0.0,0.0,0.0,0.0,0.0,0.0,0.0,0.0,135.69794183916247,136.84175433368,50.600943908943975,11,4,0.26666666666666666,1,1,4.0,4.0,0.0,0.0,0.0,0.0,0,0.6544476050029359,0.6544476050029359,0,0,0,0.12863516807556152,25.0,2.0,10.0,True,feasible,nils_complete,149.3467373105706,170.22700832514784,,16.53404092758555,,19.612195690885436,True,feasible_only,0.0,124.65368663962718,True,149.3467373105706,,16.53404092758555,
S0006_R08,602034,truck_only,S0006,n15_p0.25_d1_uniform_Emedium_V2.00_Hlong_PWflat_B0.20,15,0.26666666666666666,0.25,1,3,medium,2.0,uniform,long,flat,0.2,1.0,1.0,1.0,peripheral,332.269638208311,172.74141832814692,0.0,0.0,159.52821988016404,159.52821988016404,0.0,159.52821988016404,0.0,159.52821988016404,0.0,159.52821988016404,0.0,0.0,263.13233733279526,215.92677291018364,0.0,15,0,0.0,0,0,0.0,0.0,0.0,0.0,0.0,0.0,0,0.0,0.0,0,0,0,0.005194902420043945,0.0,0.0,0.0,True,feasible,baseline_truck_only,332.269638208311,215.92677291018364,,,,0.0,True,feasible_only,0.0,332.269638208311,True,332.269638208311,,,
S0006_R08,602034,nils,S0006,n15_p0.25_d1_uniform_Emedium_V2.00_Hlong_PWflat_B0.20,15,0.26666666666666666,0.25,1,3,medium,2.0,uniform,long,flat,0.2,1.0,1.0,1.0,peripheral,143.44077949077285,127.20839319377696,16.232386296995895,0.0,0.0,0.0,0.0,0.0,0.0,0.0,0.0,0.0,0.0,0.0,165.5739966144979,159.0104914922212,54.107954323319646,13,2,0.13333333333333333,1,1,2.0,2.0,0.0,0.0,0.0,0.0,0,0.7111876487455779,0.7111876487455779,0,46,46,0.17839598655700684,25.0,3.0,7.0,True,feasible,nils_complete,332.269638208311,215.92677291018364,,56.830007019526406,,26.359066386657474,True,feasible_only,0.0,143.44077949077285,True,332.269638208311,,56.830007019526406,
S0006_R09,602035,truck_only,S0006,n15_p0.25_d1_uniform_Emedium_V2.00_Hlong_PWflat_B0.20,15,0.26666666666666666,0.25,1,3,medium,2.0,uniform,long,flat,0.2,1.0,1.0,1.0,peripheral,295.96546013320994,161.77303482039432,0.0,0.0,134.1924253128156,134.1924253128156,134.1924253128156,0.0,0.0,134.1924253128156,134.1924253128156,0.0,0.0,0.0,229.38201008507124,202.2162935254929,0.0,15,0,0.0,0,0,0.0,0.0,0.0,0.0,0.0,0.0,0,0.0,0.0,0,0,0,0.003274202346801758,0.0,0.0,0.0,True,feasible,baseline_truck_only,295.96546013320994,202.2162935254929,,,,0.0,True,feasible_only,0.0,295.96546013320994,True,295.96546013320994,,,
S0006_R09,602035,nils,S0006,n15_p0.25_d1_uniform_Emedium_V2.00_Hlong_PWflat_B0.20,15,0.26666666666666666,0.25,1,3,medium,2.0,uniform,long,flat,0.2,1.0,1.0,1.0,peripheral,138.10653135848833,122.14839080871472,15.958140549773601,0.0,0.0,0.0,0.0,0.0,0.0,0.0,0.0,0.0,0.0,0.0,122.77642200244114,152.68548851089344,53.19380183257867,12,3,0.2,1,1,3.0,3.0,0.0,0.0,0.0,0.0,0,0.708601637944398,0.708601637944398,0,21,21,0.12824034690856934,23.0,4.0,8.0,True,feasible,nils_complete,295.96546013320994,202.2162935254929,,53.33694300127843,,24.493973334723016,True,feasible_only,0.0,138.10653135848833,True,295.96546013320994,,53.33694300127843,
S0006_R10,602036,truck_only,S0006,n15_p0.25_d1_uniform_Emedium_V2.00_Hlong_PWflat_B0.20,15,0.26666666666666666,0.25,1,3,medium,2.0,uniform,long,flat,0.2,1.0,1.0,1.0,peripheral,163.3786677044679,163.3786677044679,0.0,0.0,0.0,0.0,0.0,0.0,0.0,0.0,0.0,0.0,0.0,0.0,172.20679997168511,204.22333463058484,0.0,15,0,0.0,0,0,0.0,0.0,0.0,0.0,0.0,0.0,0,0.0,0.0,0,0,0,0.005626678466796875,0.0,0.0,0.0,True,feasible,baseline_truck_only,163.3786677044679,204.22333463058484,,,,0.0,True,feasible_only,0.0,163.3786677044679,True,163.3786677044679,,,
S0006_R10,602036,nils,S0006,n15_p0.25_d1_uniform_Emedium_V2.00_Hlong_PWflat_B0.20,15,0.26666666666666666,0.25,1,3,medium,2.0,uniform,long,flat,0.2,1.0,1.0,1.0,peripheral,131.8894440925127,123.8723354764752,8.0171086160375,0.0,0.0,0.0,0.0,0.0,0.0,0.0,0.0,0.0,0.0,0.0,143.5111762213852,154.840419345594,26.72369538679167,13,2,0.13333333333333333,1,1,2.0,2.0,0.0,0.0,0.0,0.0,0,0.3410170805658406,0.3410170805658406,0,0,0,0.16372156143188477,25.0,2.0,10.0,True,feasible,nils_complete,163.3786677044679,204.22333463058484,,19.2737669209761,,24.180838773550793,True,feasible_only,0.0,131.8894440925127,True,163.3786677044679,,19.2737669209761,
S0007_R01,702027,truck_only,S0007,n15_p0.25_d1_uniform_Emedium_V2.00_Hlong_PWstrict_B0.20,15,0.26666666666666666,0.25,1,3,medium,2.0,uniform,long,strict,0.2,200.0,40.0,1.0,peripheral,38818.76140738583,157.53074046952332,0.0,0.0,38661.2306669163,38661.2306669163,151.05593699522893,211.02707992900224,8.960070710427743,371.04308763465895,30211.187399045786,8441.08319716009,8.960070710427743,0.0,275.8622540508732,196.91342558690414,0.0,15,0,0.0,0,0,0.0,0.0,0.0,0.0,0.0,0.0,0,0.0,0.0,0,0,0,0.0032126903533935547,0.0,0.0,0.0,True,feasible,baseline_truck_only,38818.76140738583,196.91342558690414,,,,0.0,True,feasible_only,0.0,38818.76140738583,True,38818.76140738583,,,
S0007_R01,702027,nils,S0007,n15_p0.25_d1_uniform_Emedium_V2.00_Hlong_PWstrict_B0.20,15,0.26666666666666666,0.25,1,3,medium,2.0,uniform,long,strict,0.2,200.0,40.0,1.0,peripheral,277.33476312389087,157.95230321448867,16.031355169586657,0.0,103.35110473981558,103.35110473981558,0.0,2.5837776184953896,0.0,2.5837776184953896,0.0,103.35110473981558,0.0,0.0,163.21266113506604,197.44037901811083,53.437850565288855,12,3,0.2,1,1,3.0,3.0,0.0,0.0,0.0,0.0,0,0.704946421412075,0.704946421412075,0,23,23,0.15924072265625,25.0,8.0,8.0,True,feasible,nils_complete,38818.76140738583,196.91342558690414,,99.28556514152169,,-0.26760665487185437,True,feasible_only,0.0,277.33476312389087,True,38818.76140738583,,99.28556514152169,
S0007_R02,702028,truck_only,S0007,n15_p0.25_d1_uniform_Emedium_V2.00_Hlong_PWstrict_B0.20,15,0.26666666666666666,0.25,1,3,medium,2.0,uniform,long,strict,0.2,200.0,40.0,1.0,peripheral,20002.870338979716,153.59471745465225,0.0,0.0,19849.275621525063,19849.275621525063,97.72195610511298,7.622110012561748,0.0,105.34406611767473,19544.391221022597,304.88440050246993,0.0,0.0,191.6918566583516,191.99339681831532,0.0,15,0,0.0,0,0,0.0,0.0,0.0,0.0,0.0,0.0,0,0.0,0.0,0,0,0,0.005103588104248047,0.0,0.0,0.0,True,feasible,baseline_truck_only,20002.870338979716,191.99339681831532,,,,0.0,True,feasible_only,0.0,20002.870338979716,True,20002.870338979716,,,
S0007_R02,702028,nils,S0007,n15_p0.25_d1_uniform_Emedium_V2.00_Hlong_PWstrict_B0.20,15,0.26666666666666666,0.25,1,3,medium,2.0,uniform,long,strict,0.2,200.0,40.0,1.0,peripheral,162.6295184938178,146.61187416476304,16.017644329054765,0.0,0.0,0.0,0.0,0.0,0.0,0.0,0.0,0.0,0.0,0.0,120.72848456253152,183.26484270595375,53.39214776351589,12,3,0.2,1,1,3.0,3.0,0.0,0.0,0.0,0.0,0,0.7391803729522686,0.7391803729522686,0,22,22,0.15870070457458496,25.0,8.0,9.0,True,feasible,nils_complete,20002.870338979716,191.99339681831532,,99.18696909124637,,4.546278287175395,True,feasible_only,0.0,162.6295184938178,True,20002.870338979716,,99.18696909124637,
S0007_R03,702029,truck_only,S0007,n15_p0.25_d1_uniform_Emedium_V2.00_Hlong_PWstrict_B0.20,15,0.26666666666666666,0.25,1,3,medium,2.0,uniform,long,strict,0.2,200.0,40.0,1.0,peripheral,150.77498708240088,150.77498708240088,0.0,0.0,0.0,0.0,0.0,0.0,0.0,0.0,0.0,0.0,0.0,0.0,161.13501678960418,188.46873385300108,0.0,15,0,0.0,0,0,0.0,0.0,0.0,0.0,0.0,0.0,0,0.0,0.0,0,0,0,0.003053426742553711,0.0,0.0,0.0,True,feasible,baseline_truck_only,150.77498708240088,188.46873385300108,,,,0.0,True,feasible_only,0.0,150.77498708240088,True,150.77498708240088,,,
S0007_R03,702029,nils,S0007,n15_p0.25_d1_uniform_Emedium_V2.00_Hlong_PWstrict_B0.20,15,0.26666666666666666,0.25,1,3,medium,2.0,uniform,long,strict,0.2,200.0,40.0,1.0,peripheral,133.11213855755642,118.13168645361968,14.980452103936743,0.0,0.0,0.0,0.0,0.0,0.0,0.0,0.0,0.0,0.0,0.0,108.15267316942287,147.66460806702457,49.934840346455815,14,1,0.06666666666666667,1,1,1.0,1.0,0.0,0.0,0.0,0.0,0,0.6241855043306976,0.6241855043306976,0,38,38,0.14549040794372559,21.0,1.0,7.0,True,feasible,nils_complete,150.77498708240088,188.46873385300108,,11.714707370653887,,21.650342182381443,True,feasible_only,0.0,133.11213855755642,True,150.77498708240088,,11.714707370653887,
S0007_R04,702030,truck_only,S0007,n15_p0.25_d1_uniform_Emedium_V2.00_Hlong_PWstrict_B0.20,15,0.26666666666666666,0.25,1,3,medium,2.0,uniform,long,strict,0.2,200.0,40.0,1.0,peripheral,28414.094286932825,162.76572881750474,0.0,0.0,28251.32855811532,28251.32855811532,100.30271189785873,204.76965446358938,0.0,305.0723663614481,20060.542379571747,8190.786178543575,0.0,0.0,308.4155369920424,203.45716102188084,0.0,15,0,0.0,0,0,0.0,0.0,0.0,0.0,0.0,0.0,0,0.0,0.0,0,0,0,0.00397181510925293,0.0,0.0,0.0,True,feasible,baseline_truck_only,28414.094286932825,203.45716102188084,,,,0.0,True,feasible_only,0.0,28414.094286932825,True,28414.094286932825,,,
S0007_R04,702030,nils,S0007,n15_p0.25_d1_uniform_Emedium_V2.00_Hlong_PWstrict_B0.20,15,0.26666666666666666,0.25,1,3,medium,2.0,uniform,long,strict,0.2,200.0,40.0,1.0,peripheral,163.33235302217417,151.30718872488058,12.02516429729361,0.0,0.0,0.0,0.0,0.0,0.0,0.0,0.0,0.0,0.0,0.0,132.9684657057756,189.13398590610072,40.0838809909787,11,4,0.26666666666666666,1,1,4.0,4.0,0.0,0.0,0.0,0.0,0,0.5178145313740488,0.5178145313740488,0,0,0,0.16869807243347168,25.0,9.0,11.0,True,feasible,nils_complete,28414.094286932825,203.45716102188084,,99.42517135555052,,7.039897265763838,True,feasible_only,0.0,163.33235302217417,True,28414.094286932825,,99.42517135555052,
S0007_R05,702031,truck_only,S0007,n15_p0.25_d1_uniform_Emedium_V2.00_Hlong_PWstrict_B0.20,15,0.26666666666666666,0.25,1,3,medium,2.0,uniform,long,strict,0.2,200.0,40.0,1.0,peripheral,1661.6390207306224,168.49178563096805,0.0,0.0,1493.1472350996544,1493.1472350996544,7.465736175498272,0.0,0.0,7.465736175498272,1493.1472350996544,0.0,0.0,0.0,150.62732212266272,210.6147320387101,0.0,15,0,0.0,0,0,0.0,0.0,0.0,0.0,0.0,0.0,0,0.0,0.0,0,0,0,0.005662679672241211,0.0,0.0,0.0,True,feasible,baseline_truck_only,1661.6390207306224,210.6147320387101,,,,0.0,True,feasible_only,0.0,1661.6390207306224,True,1661.6390207306224,,,
S0007_R05,702031,nils,S0007,n15_p0.25_d1_uniform_Emedium_V2.00_Hlong_PWstrict_B0.20,15,0.26666666666666666,0.25,1,3,medium,2.0,uniform,long,strict,0.2,200.0,40.0,1.0,peripheral,159.19948876355738,141.73072049237885,17.468768271178536,0.0,0.0,0.0,0.0,0.0,0.0,0.0,0.0,0.0,0.0,0.0,124.39159201538682,177.1634006154736,58.22922757059513,11,4,0.26666666666666666,1,1,4.0,4.0,0.0,0.0,0.0,0.0,0,0.7720680028016178,0.7720680028016178,0,0,0,0.1296238899230957,25.0,5.0,10.0,True,feasible,nils_complete,1661.6390207306224,210.6147320387101,,90.41912913831565,,15.882712049358583,True,feasible_only,0.0,159.19948876355738,True,1661.6390207306224,,90.41912913831565,
S0007_R06,702032,truck_only,S0007,n15_p0.25_d1_uniform_Emedium_V2.00_Hlong_PWstrict_B0.20,15,0.26666666666666666,0.25,1,3,medium,2.0,uniform,long,strict,0.2,200.0,40.0,1.0,peripheral,9662.594799659468,124.97424110581422,0.0,0.0,9537.620558553654,9537.620558553654,47.68810279276827,0.0,0.0,47.68810279276827,9537.620558553654,0.0,0.0,0.0,163.14859250436925,156.21780138226777,0.0,15,0,0.0,0,0,0.0,0.0,0.0,0.0,0.0,0.0,0,0.0,0.0,0,0,0,0.003114938735961914,0.0,0.0,0.0,True,feasible,baseline_truck_only,9662.594799659468,156.21780138226777,,,,0.0,True,feasible_only,0.0,9662.594799659468,True,9662.594799659468,,,
S0007_R06,702032,nils,S0007,n15_p0.25_d1_uniform_Emedium_V2.00_Hlong_PWstrict_B0.20,15,0.26666666666666666,0.25,1,3,medium,2.0,uniform,long,strict,0.2,200.0,40.0,1.0,peripheral,162.79299584866868,144.8711325795218,17.921863269146872,0.0,0.0,0.0,0.0,0.0,0.0,0.0,0.0,0.0,0.0,0.0,131.940857017361,181.08891572440223,59.73954423048958,12,3,0.2,1,1,3.0,3.0,0.0,0.0,0.0,0.0,0,0.783922167057854,0.783922167057854,0,23,23,0.154069185256958,25.0,6.0,8.0,True,feasible,nils_complete,9662.594799659468,156.21780138226777,,98.31522485187513,,-15.920793995349094,True,feasible_only,0.0,162.79299584866868,True,9662.594799659468,,98.31522485187513,
S0007_R07,702033,truck_only,S0007,n15_p0.25_d1_uniform_Emedium_V2.00_Hlong_PWstrict_B0.20,15,0.26666666666666666,0.25,1,3,medium,2.0,uniform,long,strict,0.2,200.0,40.0,1.0,peripheral,2366.85760721358,142.83106799172802,0.0,0.0,2224.026539221852,2224.026539221852,0.0,55.6006634805463,0.0,55.6006634805463,0.0,2224.026539221852,0.0,0.0,222.31109562029616,178.53883498966005,0.0,15,0,0.0,0,0,0.0,0.0,0.0,0.0,0.0,0.0,0,0.0,0.0,0,0,0,0.005602598190307617,0.0,0.0,0.0,True,feasible,baseline_truck_only,2366.85760721358,178.53883498966005,,,,0.0,True,feasible_only,0.0,2366.85760721358,True,2366.85760721358,,,
S0007_R07,702033,nils,S0007,n15_p0.25_d1_uniform_Emedium_V2.00_Hlong_PWstrict_B0.20,15,0.26666666666666666,0.25,1,3,medium,2.0,uniform,long,strict,0.2,200.0,40.0,1.0,peripheral,105.26531090278611,90.42590187452892,14.839409028257192,0.0,0.0,0.0,0.0,0.0,0.0,0.0,0.0,0.0,0.0,0.0,115.15055600617924,113.03237734316114,49.46469676085731,12,3,0.2,1,1,3.0,3.0,0.0,0.0,0.0,0.0,0,0.6370521271152076,0.6370521271152076,0,0,0,0.14146637916564941,25.0,3.0,11.0,True,feasible,nils_complete,2366.85760721358,178.53883498966005,,95.55252877984869,,36.69031314688071,True,feasible_only,0.0,105.26531090278611,True,2366.85760721358,,95.55252877984869,
S0007_R08,702034,truck_only,S0007,n15_p0.25_d1_uniform_Emedium_V2.00_Hlong_PWstrict_B0.20,15,0.26666666666666666,0.25,1,3,medium,2.0,uniform,long,strict,0.2,200.0,40.0,1.0,peripheral,25627.628496559424,126.23950324803624,0.0,0.0,25501.38899331139,25501.38899331139,127.50694496655696,0.0,0.0,127.50694496655696,25501.388993311393,0.0,0.0,0.0,145.07072477189104,157.7993790600453,0.0,15,0,0.0,0,0,0.0,0.0,0.0,0.0,0.0,0.0,0,0.0,0.0,0,0,0,0.005856752395629883,0.0,0.0,0.0,True,feasible,baseline_truck_only,25627.628496559424,157.7993790600453,,,,0.0,True,feasible_only,0.0,25627.628496559424,True,25627.628496559424,,,
S0007_R08,702034,nils,S0007,n15_p0.25_d1_uniform_Emedium_V2.00_Hlong_PWstrict_B0.20,15,0.26666666666666666,0.25,1,3,medium,2.0,uniform,long,strict,0.2,200.0,40.0,1.0,peripheral,1137.6457696220846,116.6718953889672,16.85301496591826,0.0,1004.1208592671992,1004.1208592671992,5.020604296335996,0.0,0.0,5.020604296335996,1004.1208592671992,0.0,0.0,0.0,107.71400948500917,145.839869236209,56.176716553060864,12,3,0.2,1,1,3.0,3.0,0.0,0.0,0.0,0.0,0,0.7674765431753436,0.7674765431753436,0,23,23,0.14192628860473633,25.0,6.0,8.0,True,feasible,nils_complete,25627.628496559424,157.7993790600453,,95.56086209937521,,7.578933386857945,True,feasible_only,0.0,1137.6457696220846,True,25627.628496559424,,95.56086209937521,
S0007_R09,702035,truck_only,S0007,n15_p0.25_d1_uniform_Emedium_V2.00_Hlong_PWstrict_B0.20,15,0.26666666666666666,0.25,1,3,medium,2.0,uniform,long,strict,0.2,200.0,40.0,1.0,peripheral,31001.727209231656,156.48854761092593,0.0,0.0,30845.23866162073,30845.23866162073,139.80467001946437,72.10761644319632,0.0,211.9122864626607,27960.934003892875,2884.304657727853,0.0,0.0,223.32986306364523,195.61068451365736,0.0,15,0,0.0,0,0,0.0,0.0,0.0,0.0,0.0,0.0,0,0.0,0.0,0,0,0,0.006087541580200195,0.0,0.0,0.0,True,feasible,baseline_truck_only,31001.727209231656,195.61068451365736,,,,0.0,True,feasible_only,0.0,31001.727209231656,True,31001.727209231656,,,
S0007_R09,702035,nils,S0007,n15_p0.25_d1_uniform_Emedium_V2.00_Hlong_PWstrict_B0.20,15,0.26666666666666666,0.25,1,3,medium,2.0,uniform,long,strict,0.2,200.0,40.0,1.0,peripheral,139.42091098453105,124.35070248130323,15.070208503227809,0.0,0.0,0.0,0.0,0.0,0.0,0.0,0.0,0.0,0.0,0.0,142.4510120634949,155.43837810162904,50.23402834409269,11,4,0.26666666666666666,1,1,4.0,4.0,0.0,0.0,0.0,0.0,0,0.7117868391935697,0.7117868391935697,0,0,0,0.13906550407409668,25.0,5.0,11.0,True,feasible,nils_complete,31001.727209231656,195.61068451365736,,99.55028018263765,,20.536867151151718,True,feasible_only,0.0,139.42091098453105,True,31001.727209231656,,99.55028018263765,
S0007_R10,702036,truck_only,S0007,n15_p0.25_d1_uniform_Emedium_V2.00_Hlong_PWstrict_B0.20,15,0.26666666666666666,0.25,1,3,medium,2.0,uniform,long,strict,0.2,200.0,40.0,1.0,peripheral,4754.650045097412,119.95210663691414,0.0,0.0,4634.697938460497,4634.697938460497,23.17348969230249,0.0,0.0,23.17348969230249,4634.697938460497,0.0,0.0,0.0,131.76653043373767,149.94013329614265,0.0,15,0,0.0,0,0,0.0,0.0,0.0,0.0,0.0,0.0,0,0.0,0.0,0,0,0,0.005712270736694336,0.0,0.0,0.0,True,feasible,baseline_truck_only,4754.650045097412,149.94013329614265,,,,0.0,True,feasible_only,0.0,4754.650045097412,True,4754.650045097412,,,
S0007_R10,702036,nils,S0007,n15_p0.25_d1_uniform_Emedium_V2.00_Hlong_PWstrict_B0.20,15,0.26666666666666666,0.25,1,3,medium,2.0,uniform,long,strict,0.2,200.0,40.0,1.0,peripheral,98.74760343977916,85.55602426202319,13.19157917775597,0.0,0.0,0.0,0.0,0.0,0.0,0.0,0.0,0.0,0.0,0.0,82.81345328587523,106.94503032752897,43.971930592519904,13,2,0.13333333333333333,1,1,2.0,2.0,0.0,0.0,0.0,0.0,0,0.6139629003909008,0.6139629003909008,0,46,46,0.11536645889282227,25.0,2.0,7.0,True,feasible,nils_complete,4754.650045097412,149.94013329614265,,97.9231362455035,,28.674846436007385,True,feasible_only,0.0,98.74760343977916,True,4754.650045097412,,97.9231362455035,
S0008_R01,802027,truck_only,S0008,n15_p0.25_d1_uniform_Ehigh_V1.25_Hshort_PWflat_B0.20,15,0.26666666666666666,0.25,1,3,high,1.25,uniform,short,flat,0.2,1.0,1.0,1.0,peripheral,237.16468930110096,125.50652552574532,0.0,0.0,111.65816377535565,111.65816377535565,111.65816377535565,0.0,0.0,111.65816377535565,111.65816377535565,0.0,0.0,0.0,148.74717874311185,156.88315690718164,0.0,15,0,0.0,0,0,0.0,0.0,0.0,0.0,0.0,0.0,0,0.0,0.0,0,0,0,0.005057573318481445,0.0,0.0,0.0,True,feasible,baseline_truck_only,237.16468930110096,156.88315690718164,,,,0.0,True,feasible_only,0.0,237.16468930110096,True,237.16468930110096,,,
S0008_R01,802027,nils,S0008,n15_p0.25_d1_uniform_Ehigh_V1.25_Hshort_PWflat_B0.20,15,0.26666666666666666,0.25,1,3,high,1.25,uniform,short,flat,0.2,1.0,1.0,1.0,peripheral,111.2819180257678,106.02822443184549,5.2536935939223,0.0,0.0,0.0,0.0,0.0,0.0,0.0,0.0,0.0,0.0,0.0,120.5878769892106,132.53528053980682,17.512311979741,14,1,0.06666666666666667,1,1,1.0,1.0,0.0,0.0,0.0,0.0,0,0.2694201843037077,0.2694201843037077,0,16,16,0.13078832626342773,19.0,1.0,9.0,True,feasible,nils_complete,237.16468930110096,156.88315690718164,,53.07820976482471,,15.519751672118634,True,feasible_only,0.0,111.2819180257678,True,237.16468930110096,,53.07820976482471,
S0008_R02,802028,truck_only,S0008,n15_p0.25_d1_uniform_Ehigh_V1.25_Hshort_PWflat_B0.20,15,0.26666666666666666,0.25,1,3,high,1.25,uniform,short,flat,0.2,1.0,1.0,1.0,peripheral,432.692115240022,172.75323206448462,0.0,0.0,259.9388831755374,259.9388831755374,259.9388831755374,0.0,0.0,259.9388831755374,259.9388831755374,0.0,0.0,0.0,259.6179977287011,215.94154008060573,0.0,15,0,0.0,0,0,0.0,0.0,0.0,0.0,0.0,0.0,0,0.0,0.0,0,0,0,0.005019426345825195,0.0,0.0,0.0,True,feasible,baseline_truck_only,432.692115240022,215.94154008060573,,,,0.0,True,feasible_only,0.0,432.692115240022,True,432.692115240022,,,
S0008_R02,802028,nils,S0008,n15_p0.25_d1_uniform_Ehigh_V1.25_Hshort_PWflat_B0.20,15,0.26666666666666666,0.25,1,3,high,1.25,uniform,short,flat,0.2,1.0,1.0,1.0,peripheral,144.367000953831,125.12936886280428,14.200854958068138,0.0,5.036777132958562,5.036777132958562,0.0,5.036777132958562,0.0,5.036777132958562,0.0,5.036777132958562,0.0,0.0,175.74087210610068,156.41171107850533,47.336183193560466,13,2,0.13333333333333333,1,1,2.0,2.0,0.0,0.0,0.0,0.0,0,0.7373336973341852,0.7373336973341852,0,46,46,0.17352700233459473,25.0,3.0,7.0,True,feasible,nils_complete,432.692115240022,215.94154008060573,,66.63516716181711,,27.567567120193434,True,feasible_only,0.0,144.367000953831,True,432.692115240022,,66.63516716181711,
S0008_R03,802029,truck_only,S0008,n15_p0.25_d1_uniform_Ehigh_V1.25_Hshort_PWflat_B0.20,15,0.26666666666666666,0.25,1,3,high,1.25,uniform,short,flat,0.2,1.0,1.0,1.0,peripheral,165.794234505251,165.794234505251,0.0,0.0,0.0,0.0,0.0,0.0,0.0,0.0,0.0,0.0,0.0,0.0,284.86701803254016,207.2427931315637,0.0,15,0,0.0,0,0,0.0,0.0,0.0,0.0,0.0,0.0,0,0.0,0.0,0,0,0,0.0030431747436523438,0.0,0.0,0.0,True,feasible,baseline_truck_only,165.794234505251,207.2427931315637,,,,0.0,True,feasible_only,0.0,165.794234505251,True,165.794234505251,,,
S0008_R03,802029,nils,S0008,n15_p0.25_d1_uniform_Ehigh_V1.25_Hshort_PWflat_B0.20,15,0.26666666666666666,0.25,1,3,high,1.25,uniform,short,flat,0.2,1.0,1.0,1.0,peripheral,123.1138138757087,109.75177412653642,13.362039749172279,0.0,0.0,0.0,0.0,0.0,0.0,0.0,0.0,0.0,0.0,0.0,177.66566017538733,137.18971765817054,44.54013249724093,13,2,0.13333333333333333,1,1,2.0,2.0,0.0,0.0,0.0,0.0,0,0.7441148678750953,0.7441148678750953,0,49,49,0.1642160415649414,25.0,2.0,4.0,True,feasible,nils_complete,165.794234505251,207.2427931315637,,25.743006538740975,,33.80241812747691,True,feasible_only,0.0,123.1138138757087,True,165.794234505251,,25.743006538740975,
S0008_R04,802030,truck_only,S0008,n15_p0.25_d1_uniform_Ehigh_V1.25_Hshort_PWflat_B0.20,15,0.26666666666666666,0.25,1,3,high,1.25,uniform,short,flat,0.2,1.0,1.0,1.0,peripheral,253.48170499999978,131.27710059413533,0.0,0.0,122.20460440586444,122.20460440586444,73.85894161384778,48.34566279201667,0.0,122.20460440586444,73.85894161384778,48.34566279201667,0.0,0.0,219.11814666140282,164.09637574266918,0.0,15,0,0.0,0,0,0.0,0.0,0.0,0.0,0.0,0.0,0,0.0,0.0,0,0,0,0.005545377731323242,0.0,0.0,0.0,True,feasible,baseline_truck_only,253.48170499999978,164.09637574266918,,,,0.0,True,feasible_only,0.0,253.48170499999978,True,253.48170499999978,,,
S0008_R04,802030,nils,S0008,n15_p0.25_d1_uniform_Ehigh_V1.25_Hshort_PWflat_B0.20,15,0.26666666666666666,0.25,1,3,high,1.25,uniform,short,flat,0.2,1.0,1.0,1.0,peripheral,118.20683449184484,104.01010432539708,14.196730166447761,0.0,0.0,0.0,0.0,0.0,0.0,0.0,0.0,0.0,0.0,0.0,159.5433817611294,130.01263040674635,47.3224338881592,12,3,0.2,1,1,3.0,3.0,0.0,0.0,0.0,0.0,0,0.7652971317928255,0.7652971317928255,0,16,16,0.13689041137695312,18.0,3.0,8.0,True,feasible,nils_complete,253.48170499999978,164.09637574266918,,53.3667195067017,,20.770565578713263,True,feasible_only,0.0,118.20683449184484,True,253.48170499999978,,53.3667195067017,
S0008_R05,802031,truck_only,S0008,n15_p0.25_d1_uniform_Ehigh_V1.25_Hshort_PWflat_B0.20,15,0.26666666666666666,0.25,1,3,high,1.25,uniform,short,flat,0.2,1.0,1.0,1.0,peripheral,209.2762658633253,152.32844348403614,0.0,0.0,56.94782237928915,56.94782237928915,56.94782237928915,0.0,0.0,56.94782237928915,56.94782237928915,0.0,0.0,0.0,181.90729029178698,190.41055435504515,0.0,15,0,0.0,0,0,0.0,0.0,0.0,0.0,0.0,0.0,0,0.0,0.0,0,0,0,0.003307342529296875,0.0,0.0,0.0,True,feasible,baseline_truck_only,209.2762658633253,190.41055435504515,,,,0.0,True,feasible_only,0.0,209.2762658633253,True,209.2762658633253,,,
S0008_R05,802031,nils,S0008,n15_p0.25_d1_uniform_Ehigh_V1.25_Hshort_PWflat_B0.20,15,0.26666666666666666,0.25,1,3,high,1.25,uniform,short,flat,0.2,1.0,1.0,1.0,peripheral,160.08713271805541,134.1715758758497,12.296464477856528,0.0,13.6190923643492,13.6190923643492,13.6190923643492,0.0,0.0,13.6190923643492,13.6190923643492,0.0,0.0,0.0,138.30934573745193,167.71446984481213,40.98821492618843,11,4,0.26666666666666666,1,1,4.0,4.0,0.0,0.0,0.0,0.0,0,0.6957830821444152,0.6957830821444152,0,0,0,0.13849163055419922,25.0,4.0,11.0,True,feasible,nils_complete,209.2762658633253,190.41055435504515,,23.504401200179316,,11.91955172186161,True,feasible_only,0.0,160.08713271805541,True,209.2762658633253,,23.504401200179316,
S0008_R06,802032,truck_only,S0008,n15_p0.25_d1_uniform_Ehigh_V1.25_Hshort_PWflat_B0.20,15,0.26666666666666666,0.25,1,3,high,1.25,uniform,short,flat,0.2,1.0,1.0,1.0,peripheral,188.09636021845358,183.37363312535894,0.0,0.0,4.722727093094662,4.722727093094662,4.722727093094662,0.0,0.0,4.722727093094662,4.722727093094662,0.0,0.0,0.0,219.35212157215494,229.21704140669863,0.0,15,0,0.0,0,0,0.0,0.0,0.0,0.0,0.0,0.0,0,0.0,0.0,0,0,0,0.003667593002319336,0.0,0.0,0.0,True,feasible,baseline_truck_only,188.09636021845358,229.21704140669863,,,,0.0,True,feasible_only,0.0,188.09636021845358,True,188.09636021845358,,,
S0008_R06,802032,nils,S0008,n15_p0.25_d1_uniform_Ehigh_V1.25_Hshort_PWflat_B0.20,15,0.26666666666666666,0.25,1,3,high,1.25,uniform,short,flat,0.2,1.0,1.0,1.0,peripheral,168.10453222814309,142.2614361489175,10.961097598606854,0.0,14.88199848061874,14.88199848061874,14.88199848061874,0.0,0.0,14.88199848061874,14.88199848061874,0.0,0.0,0.0,152.8325634642199,177.82679518614688,36.536991995356175,13,2,0.13333333333333333,1,1,2.0,2.0,0.0,0.0,0.0,0.0,0,0.5786550695018001,0.5786550695018001,0,25,25,0.1705610752105713,25.0,2.0,6.0,True,feasible,nils_complete,188.09636021845358,229.21704140669863,,10.628503373001026,,22.419906436786388,True,feasible_only,0.0,168.10453222814309,True,188.09636021845358,,10.628503373001026,
S0008_R07,802033,truck_only,S0008,n15_p0.25_d1_uniform_Ehigh_V1.25_Hshort_PWflat_B0.20,15,0.26666666666666666,0.25,1,3,high,1.25,uniform,short,flat,0.2,1.0,1.0,1.0,peripheral,215.38955458612475,142.84968865736866,0.0,0.0,72.53986592875609,72.53986592875609,72.53986592875609,0.0,0.0,72.53986592875609,72.53986592875609,0.0,0.0,0.0,164.86049309020046,178.5621108217108,0.0,15,0,0.0,0,0,0.0,0.0,0.0,0.0,0.0,0.0,0,0.0,0.0,0,0,0,0.003771066665649414,0.0,0.0,0.0,True,feasible,baseline_truck_only,215.38955458612475,178.5621108217108,,,,0.0,True,feasible_only,0.0,215.38955458612475,True,215.38955458612475,,,
S0008_R07,802033,nils,S0008,n15_p0.25_d1_uniform_Ehigh_V1.25_Hshort_PWflat_B0.20,15,0.26666666666666666,0.25,1,3,high,1.25,uniform,short,flat,0.2,1.0,1.0,1.0,peripheral,156.58582743372688,122.38908430793624,15.09301363991546,0.0,19.103729485875178,19.103729485875178,19.103729485875178,0.0,0.0,19.103729485875178,19.103729485875178,0.0,0.0,0.0,118.13400857266902,152.98635538492033,50.310045466384864,13,2,0.13333333333333333,1,1,2.0,2.0,0.0,0.0,0.0,0.0,0,0.7915325978569248,0.7915325978569248,0,47,47,0.16242718696594238,25.0,2.0,6.0,True,feasible,nils_complete,215.38955458612475,178.5621108217108,,27.301104394496,,14.32317041901859,True,feasible_only,0.0,156.58582743372688,True,215.38955458612475,,27.301104394496,
S0008_R08,802034,truck_only,S0008,n15_p0.25_d1_uniform_Ehigh_V1.25_Hshort_PWflat_B0.20,15,0.26666666666666666,0.25,1,3,high,1.25,uniform,short,flat,0.2,1.0,1.0,1.0,peripheral,146.24099694607006,146.24099694607006,0.0,0.0,0.0,0.0,0.0,0.0,0.0,0.0,0.0,0.0,0.0,0.0,138.58630746491696,182.80124618258756,0.0,15,0,0.0,0,0,0.0,0.0,0.0,0.0,0.0,0.0,0,0.0,0.0,0,0,0,0.0057010650634765625,0.0,0.0,0.0,True,feasible,baseline_truck_only,146.24099694607006,182.80124618258756,,,,0.0,True,feasible_only,0.0,146.24099694607006,True,146.24099694607006,,,
S0008_R08,802034,nils,S0008,n15_p0.25_d1_uniform_Ehigh_V1.25_Hshort_PWflat_B0.20,15,0.26666666666666666,0.25,1,3,high,1.25,uniform,short,flat,0.2,1.0,1.0,1.0,peripheral,135.26452993974243,132.9299103772811,2.0935090012063204,0.0,0.24111056125501307,0.24111056125501307,0.24111056125501307,0.0,0.0,0.24111056125501307,0.24111056125501307,0.0,0.0,0.0,125.74389248041437,166.16238797160136,6.978363337354401,14,1,0.06666666666666667,1,1,1.0,1.0,0.0,0.0,0.0,0.0,0,0.10735943595929848,0.10735943595929848,0,0,0,0.14334964752197266,25.0,1.0,10.0,True,feasible,nils_complete,146.24099694607006,182.80124618258756,,7.505738633863024,,9.10215797673873,True,feasible_only,0.0,135.26452993974243,True,146.24099694607006,,7.505738633863024,
S0008_R09,802035,truck_only,S0008,n15_p0.25_d1_uniform_Ehigh_V1.25_Hshort_PWflat_B0.20,15,0.26666666666666666,0.25,1,3,high,1.25,uniform,short,flat,0.2,1.0,1.0,1.0,peripheral,241.69831539175388,152.39008057985694,0.0,0.0,89.30823481189694,89.30823481189694,0.0,89.30823481189694,0.0,89.30823481189694,0.0,89.30823481189694,0.0,0.0,264.10870325452794,190.48760072482116,0.0,15,0,0.0,0,0,0.0,0.0,0.0,0.0,0.0,0.0,0,0.0,0.0,0,0,0,0.005410194396972656,0.0,0.0,0.0,True,feasible,baseline_truck_only,241.69831539175388,190.48760072482116,,,,0.0,True,feasible_only,0.0,241.69831539175388,True,241.69831539175388,,,
S0008_R09,802035,nils,S0008,n15_p0.25_d1_uniform_Ehigh_V1.25_Hshort_PWflat_B0.20,15,0.26666666666666666,0.25,1,3,high,1.25,uniform,short,flat,0.2,1.0,1.0,1.0,peripheral,116.06004560078739,104.79817830559537,11.261867295192012,0.0,0.0,0.0,0.0,0.0,0.0,0.0,0.0,0.0,0.0,0.0,176.27413259970336,130.99772288199418,37.53955765064004,13,2,0.13333333333333333,1,1,2.0,2.0,0.0,0.0,0.0,0.0,0,0.6288744056020275,0.6288744056020275,0,46,46,0.14024043083190918,25.0,2.0,7.0,True,feasible,nils_complete,241.69831539175388,190.48760072482116,,51.981442066456765,,31.230315052771438,True,feasible_only,0.0,116.06004560078739,True,241.69831539175388,,51.981442066456765,
S0008_R10,802036,truck_only,S0008,n15_p0.25_d1_uniform_Ehigh_V1.25_Hshort_PWflat_B0.20,15,0.26666666666666666,0.25,1,3,high,1.25,uniform,short,flat,0.2,1.0,1.0,1.0,peripheral,205.86982307117543,178.70276596441485,0.0,0.0,27.16705710676058,27.16705710676058,27.16705710676058,0.0,0.0,27.16705710676058,27.16705710676058,0.0,0.0,0.0,158.66499672992273,223.37845745551857,0.0,15,0,0.0,0,0,0.0,0.0,0.0,0.0,0.0,0.0,0,0.0,0.0,0,0,0,0.005354642868041992,0.0,0.0,0.0,True,feasible,baseline_truck_only,205.86982307117543,223.37845745551857,,,,0.0,True,feasible_only,0.0,205.86982307117543,True,205.86982307117543,,,
S0008_R10,802036,nils,S0008,n15_p0.25_d1_uniform_Ehigh_V1.25_Hshort_PWflat_B0.20,15,0.26666666666666666,0.25,1,3,high,1.25,uniform,short,flat,0.2,1.0,1.0,1.0,peripheral,205.86982307117543,178.70276596441485,0.0,0.0,27.16705710676058,27.16705710676058,27.16705710676058,0.0,0.0,27.16705710676058,27.16705710676058,0.0,0.0,0.0,158.66499672992273,223.37845745551857,0.0,15,0,0.0,0,0,0.0,0.0,0.0,0.0,0.0,0.0,0,0.0,0.0,0,46,46,0.12344169616699219,25.0,0.0,7.0,True,feasible,nils_complete,205.86982307117543,223.37845745551857,,0.0,,0.0,True,feasible_only,0.0,205.86982307117543,True,205.86982307117543,,0.0,
S0009_R01,902027,truck_only,S0009,n15_p0.25_d1_clustered_Ehigh_V1.25_Hmedium_PWbase_B0.20,15,0.26666666666666666,0.25,1,3,high,1.25,clustered,medium,base,0.2,100.0,20.0,1.0,peripheral,4745.531104288471,83.25447121992511,0.0,0.0,4662.276633068546,4662.276633068546,40.132967888476465,32.44899221104501,0.0,72.58196009952147,4013.2967888476464,648.9798442209002,0.0,0.0,191.88670913858138,104.06808902490639,0.0,15,0,0.0,0,0,0.0,0.0,0.0,0.0,0.0,0.0,0,0.0,0.0,0,0,0,0.0028030872344970703,0.0,0.0,0.0,True,feasible,baseline_truck_only,4745.531104288471,104.06808902490639,,,,0.0,True,feasible_only,0.0,4745.531104288471,True,4745.531104288471,,,
S0009_R01,902027,nils,S0009,n15_p0.25_d1_clustered_Ehigh_V1.25_Hmedium_PWbase_B0.20,15,0.26666666666666666,0.25,1,3,high,1.25,clustered,medium,base,0.2,100.0,20.0,1.0,peripheral,120.44515323725327,109.79361452651042,10.651538710742841,0.0,0.0,0.0,0.0,0.0,0.0,0.0,0.0,0.0,0.0,0.0,89.21402525958251,137.242018158138,35.50512903580947,11,4,0.26666666666666666,1,1,4.0,4.0,0.0,0.0,0.0,0.0,0,0.5535365186507163,0.5535365186507163,0,0,0,0.18463420867919922,25.0,9.0,11.0,True,feasible,nils_complete,4745.531104288471,104.06808902490639,,97.46192469103389,,-31.877138750277393,True,feasible_only,0.0,120.44515323725327,True,4745.531104288471,,97.46192469103389,
S0009_R02,902028,truck_only,S0009,n15_p0.25_d1_clustered_Ehigh_V1.25_Hmedium_PWbase_B0.20,15,0.26666666666666666,0.25,1,3,high,1.25,clustered,medium,base,0.2,100.0,20.0,1.0,peripheral,415.4484080830098,80.2671723494318,0.0,0.0,335.181235733578,335.181235733578,0.0,16.7590617866789,0.0,16.7590617866789,0.0,335.181235733578,0.0,0.0,185.68190290462192,100.33396543678974,0.0,15,0,0.0,0,0,0.0,0.0,0.0,0.0,0.0,0.0,0,0.0,0.0,0,0,0,0.0028667449951171875,0.0,0.0,0.0,True,feasible,baseline_truck_only,415.4484080830098,100.33396543678974,,,,0.0,True,feasible_only,0.0,415.4484080830098,True,415.4484080830098,,,
S0009_R02,902028,nils,S0009,n15_p0.25_d1_clustered_Ehigh_V1.25_Hmedium_PWbase_B0.20,15,0.26666666666666666,0.25,1,3,high,1.25,clustered,medium,base,0.2,100.0,20.0,1.0,peripheral,54.04078724906575,42.369215137603845,11.671572111461906,0.0,0.0,0.0,0.0,0.0,0.0,0.0,0.0,0.0,0.0,0.0,100.97432871487078,52.96151892200481,38.90524037153969,11,4,0.26666666666666666,1,1,4.0,4.0,0.0,0.0,0.0,0.0,0,0.6243543550869164,0.6243543550869164,0,0,0,0.10322809219360352,18.0,4.0,11.0,True,feasible,nils_complete,415.4484080830098,100.33396543678974,,86.99217852382094,,47.214765516897174,True,feasible_only,0.0,54.04078724906575,True,415.4484080830098,,86.99217852382094,
S0009_R03,902029,truck_only,S0009,n15_p0.25_d1_clustered_Ehigh_V1.25_Hmedium_PWbase_B0.20,15,0.26666666666666666,0.25,1,3,high,1.25,clustered,medium,base,0.2,100.0,20.0,1.0,peripheral,577.8325382177998,68.45094247647472,0.0,0.0,509.381595741325,509.381595741325,0.0,25.46907978706625,0.0,25.46907978706625,0.0,509.381595741325,0.0,0.0,163.36846787931376,85.56367809559342,0.0,15,0,0.0,0,0,0.0,0.0,0.0,0.0,0.0,0.0,0,0.0,0.0,0,0,0,0.0031633377075195312,0.0,0.0,0.0,True,feasible,baseline_truck_only,577.8325382177998,85.56367809559342,,,,0.0,True,feasible_only,0.0,577.8325382177998,True,577.8325382177998,,,
S0009_R03,902029,nils,S0009,n15_p0.25_d1_clustered_Ehigh_V1.25_Hmedium_PWbase_B0.20,15,0.26666666666666666,0.25,1,3,high,1.25,clustered,medium,base,0.2,100.0,20.0,1.0,peripheral,55.98441701584884,45.09278467430143,10.891632341547414,0.0,0.0,0.0,0.0,0.0,0.0,0.0,0.0,0.0,0.0,0.0,110.5121833190417,56.36598084287679,36.30544113849138,13,2,0.13333333333333333,1,1,2.0,2.0,0.0,0.0,0.0,0.0,0,0.5731020919930563,0.5731020919930563,0,0,0,0.16794300079345703,25.0,2.0,10.0,True,feasible,nils_complete,577.8325382177998,85.56367809559342,,90.31130763447128,,34.12393892195283,True,feasible_only,0.0,55.98441701584884,True,577.8325382177998,,90.31130763447128,
S0009_R04,902030,truck_only,S0009,n15_p0.25_d1_clustered_Ehigh_V1.25_Hmedium_PWbase_B0.20,15,0.26666666666666666,0.25,1,3,high,1.25,clustered,medium,base,0.2,100.0,20.0,1.0,peripheral,11991.38631708159,72.1691976685865,0.0,0.0,11919.217119413002,11919.217119413002,119.19217119413003,0.0,0.0,119.19217119413003,11919.217119413002,0.0,0.0,0.0,167.71547512616115,90.21149708573314,0.0,15,0,0.0,0,0,0.0,0.0,0.0,0.0,0.0,0.0,0,0.0,0.0,0,0,0,0.0028841495513916016,0.0,0.0,0.0,True,feasible,baseline_truck_only,11991.38631708159,90.21149708573314,,,,0.0,True,feasible_only,0.0,11991.38631708159,True,11991.38631708159,,,
S0009_R04,902030,nils,S0009,n15_p0.25_d1_clustered_Ehigh_V1.25_Hmedium_PWbase_B0.20,15,0.26666666666666666,0.25,1,3,high,1.25,clustered,medium,base,0.2,100.0,20.0,1.0,peripheral,84.79199057013597,75.12059108370359,9.671399486432378,0.0,0.0,0.0,0.0,0.0,0.0,0.0,0.0,0.0,0.0,0.0,112.83791299468359,93.90073885462948,32.23799828810793,11,4,0.26666666666666666,1,1,4.0,4.0,0.0,0.0,0.0,0.0,0,0.5072147563883044,0.5072147563883044,0,0,0,0.15802574157714844,25.0,5.0,11.0,True,feasible,nils_complete,11991.38631708159,90.21149708573314,,99.29289251194126,,-4.089547217457483,True,feasible_only,0.0,84.79199057013597,True,11991.38631708159,,99.29289251194126,
S0009_R05,902031,truck_only,S0009,n15_p0.25_d1_clustered_Ehigh_V1.25_Hmedium_PWbase_B0.20,15,0.26666666666666666,0.25,1,3,high,1.25,clustered,medium,base,0.2,100.0,20.0,1.0,peripheral,2858.0196668404237,65.00054786027638,0.0,0.0,2793.019118980147,2793.019118980147,27.93019118980147,0.0,0.0,27.93019118980147,2793.019118980147,0.0,0.0,0.0,150.06944359837578,81.25068482534549,0.0,15,0,0.0,0,0,0.0,0.0,0.0,0.0,0.0,0.0,0,0.0,0.0,0,0,0,0.004209995269775391,0.0,0.0,0.0,True,feasible,baseline_truck_only,2858.0196668404237,81.25068482534549,,,,0.0,True,feasible_only,0.0,2858.0196668404237,True,2858.0196668404237,,,
S0009_R05,902031,nils,S0009,n15_p0.25_d1_clustered_Ehigh_V1.25_Hmedium_PWbase_B0.20,15,0.26666666666666666,0.25,1,3,high,1.25,clustered,medium,base,0.2,100.0,20.0,1.0,peripheral,50.146761488164536,39.049251392070374,11.09751009609416,0.0,0.0,0.0,0.0,0.0,0.0,0.0,0.0,0.0,0.0,0.0,92.60555323531906,48.81156424008797,36.99170032031387,12,3,0.2,1,1,3.0,3.0,0.0,0.0,0.0,0.0,0,0.59227088019109,0.59227088019109,0,0,0,0.10891222953796387,25.0,3.0,10.0,True,feasible,nils_complete,2858.0196668404237,81.25068482534549,,98.2454018049637,,39.92473497914248,True,feasible_only,0.0,50.146761488164536,True,2858.0196668404237,,98.2454018049637,
S0009_R06,902032,truck_only,S0009,n15_p0.25_d1_clustered_Ehigh_V1.25_Hmedium_PWbase_B0.20,15,0.26666666666666666,0.25,1,3,high,1.25,clustered,medium,base,0.2,100.0,20.0,1.0,peripheral,3736.932774226579,60.39168237640123,0.0,0.0,3676.541091850178,3676.541091850178,36.76541091850178,0.0,0.0,36.76541091850178,3676.541091850178,0.0,0.0,0.0,143.64246095652265,75.48960297050154,0.0,15,0,0.0,0,0,0.0,0.0,0.0,0.0,0.0,0.0,0,0.0,0.0,0,0,0,0.0029015541076660156,0.0,0.0,0.0,True,feasible,baseline_truck_only,3736.932774226579,75.48960297050154,,,,0.0,True,feasible_only,0.0,3736.932774226579,True,3736.932774226579,,,
S0009_R06,902032,nils,S0009,n15_p0.25_d1_clustered_Ehigh_V1.25_Hmedium_PWbase_B0.20,15,0.26666666666666666,0.25,1,3,high,1.25,clustered,medium,base,0.2,100.0,20.0,1.0,peripheral,50.37982166507402,42.104145137774914,8.275676527299101,0.0,0.0,0.0,0.0,0.0,0.0,0.0,0.0,0.0,0.0,0.0,103.55061476477576,52.63018142221864,27.58558842433034,14,1,0.06666666666666667,1,1,1.0,1.0,0.0,0.0,0.0,0.0,0,0.4243936680666206,0.4243936680666206,0,0,0,0.15929794311523438,25.0,1.0,10.0,True,feasible,nils_complete,3736.932774226579,75.48960297050154,,98.65184030035165,,30.281549576059483,True,feasible_only,0.0,50.37982166507402,True,3736.932774226579,,98.65184030035165,
S0009_R07,902033,truck_only,S0009,n15_p0.25_d1_clustered_Ehigh_V1.25_Hmedium_PWbase_B0.20,15,0.26666666666666666,0.25,1,3,high,1.25,clustered,medium,base,0.2,100.0,20.0,1.0,peripheral,8701.30517107354,69.01288696922884,0.0,0.0,8632.292284104311,8632.292284104311,86.32292284104312,0.0,0.0,86.32292284104312,8632.292284104313,0.0,0.0,0.0,162.65223582631506,86.26610871153605,0.0,15,0,0.0,0,0,0.0,0.0,0.0,0.0,0.0,0.0,0,0.0,0.0,0,0,0,0.002994537353515625,0.0,0.0,0.0,True,feasible,baseline_truck_only,8701.30517107354,86.26610871153605,,,,0.0,True,feasible_only,0.0,8701.30517107354,True,8701.30517107354,,,
S0009_R07,902033,nils,S0009,n15_p0.25_d1_clustered_Ehigh_V1.25_Hmedium_PWbase_B0.20,15,0.26666666666666666,0.25,1,3,high,1.25,clustered,medium,base,0.2,100.0,20.0,1.0,peripheral,49.86236405473265,43.31523290217105,6.547131152561603,0.0,0.0,0.0,0.0,0.0,0.0,0.0,0.0,0.0,0.0,0.0,106.79275856307632,54.14404112771379,21.823770508538676,14,1,0.06666666666666667,1,1,1.0,1.0,0.0,0.0,0.0,0.0,0,0.33575031551597967,0.33575031551597967,0,0,0,0.1658949851989746,25.0,1.0,10.0,True,feasible,nils_complete,8701.30517107354,86.26610871153605,,99.42695534664738,,37.23602242363193,True,feasible_only,0.0,49.86236405473265,True,8701.30517107354,,99.42695534664738,
S0009_R08,902034,truck_only,S0009,n15_p0.25_d1_clustered_Ehigh_V1.25_Hmedium_PWbase_B0.20,15,0.26666666666666666,0.25,1,3,high,1.25,clustered,medium,base,0.2,100.0,20.0,1.0,peripheral,15016.129963654483,77.28460893604253,0.0,0.0,14938.84535471844,14938.84535471844,148.28697136105043,5.5074109306698915,0.0,153.79438229172032,14828.697136105044,110.14821861339783,0.0,0.0,180.93229946593476,96.60576117005316,0.0,15,0,0.0,0,0,0.0,0.0,0.0,0.0,0.0,0.0,0,0.0,0.0,0,0,0,0.002872943878173828,0.0,0.0,0.0,True,feasible,baseline_truck_only,15016.129963654483,96.60576117005316,,,,0.0,True,feasible_only,0.0,15016.129963654483,True,15016.129963654483,,,
S0009_R08,902034,nils,S0009,n15_p0.25_d1_clustered_Ehigh_V1.25_Hmedium_PWbase_B0.20,15,0.26666666666666666,0.25,1,3,high,1.25,clustered,medium,base,0.2,100.0,20.0,1.0,peripheral,52.882890001603634,42.438175025175624,10.44471497642801,0.0,0.0,0.0,0.0,0.0,0.0,0.0,0.0,0.0,0.0,0.0,103.32723848207861,53.04771878146953,34.815716588093366,12,3,0.2,1,1,3.0,3.0,0.0,0.0,0.0,0.0,0,0.5578652716612471,0.5578652716612471,0,0,0,0.1197502613067627,25.0,3.0,10.0,True,feasible,nils_complete,15016.129963654483,96.60576117005316,,99.64782610346606,,45.088452138904316,True,feasible_only,0.0,52.882890001603634,True,15016.129963654483,,99.64782610346606,
S0009_R09,902035,truck_only,S0009,n15_p0.25_d1_clustered_Ehigh_V1.25_Hmedium_PWbase_B0.20,15,0.26666666666666666,0.25,1,3,high,1.25,clustered,medium,base,0.2,100.0,20.0,1.0,peripheral,66.55761991660904,66.55761991660904,0.0,0.0,0.0,0.0,0.0,0.0,0.0,0.0,0.0,0.0,0.0,0.0,156.96553246115695,83.1970248957613,0.0,15,0,0.0,0,0,0.0,0.0,0.0,0.0,0.0,0.0,0,0.0,0.0,0,0,0,0.005191326141357422,0.0,0.0,0.0,True,feasible,baseline_truck_only,66.55761991660904,83.1970248957613,,,,0.0,True,feasible_only,0.0,66.55761991660904,True,66.55761991660904,,,
S0009_R09,902035,nils,S0009,n15_p0.25_d1_clustered_Ehigh_V1.25_Hmedium_PWbase_B0.20,15,0.26666666666666666,0.25,1,3,high,1.25,clustered,medium,base,0.2,100.0,20.0,1.0,peripheral,51.450191955481195,41.18021075826012,10.269981197221076,0.0,0.0,0.0,0.0,0.0,0.0,0.0,0.0,0.0,0.0,0.0,98.19013852102714,51.47526344782514,34.23327065740359,11,4,0.26666666666666666,1,1,4.0,4.0,0.0,0.0,0.0,0.0,0,0.5489471380166695,0.5489471380166695,0,0,0,0.0948033332824707,14.0,4.0,10.0,True,feasible,nils_complete,66.55761991660904,83.1970248957613,,22.698269529553716,,38.1284805408376,True,feasible_only,0.0,51.450191955481195,True,66.55761991660904,,22.698269529553716,
S0009_R10,902036,truck_only,S0009,n15_p0.25_d1_clustered_Ehigh_V1.25_Hmedium_PWbase_B0.20,15,0.26666666666666666,0.25,1,3,high,1.25,clustered,medium,base,0.2,100.0,20.0,1.0,peripheral,6720.947766376961,61.23574663263558,0.0,0.0,6659.7120197443255,6659.7120197443255,66.59712019744326,0.0,0.0,66.59712019744326,6659.712019744326,0.0,0.0,0.0,144.5370416050976,76.54468329079448,0.0,15,0,0.0,0,0,0.0,0.0,0.0,0.0,0.0,0.0,0,0.0,0.0,0,0,0,0.005368947982788086,0.0,0.0,0.0,True,feasible,baseline_truck_only,6720.947766376961,76.54468329079448,,,,0.0,True,feasible_only,0.0,6720.947766376961,True,6720.947766376961,,,
S0009_R10,902036,nils,S0009,n15_p0.25_d1_clustered_Ehigh_V1.25_Hmedium_PWbase_B0.20,15,0.26666666666666666,0.25,1,3,high,1.25,clustered,medium,base,0.2,100.0,20.0,1.0,peripheral,51.22884636216674,43.64773026157732,7.581116100589421,0.0,0.0,0.0,0.0,0.0,0.0,0.0,0.0,0.0,0.0,0.0,105.98538505349306,54.559662826971646,25.27038700196474,14,1,0.06666666666666667,1,1,1.0,1.0,0.0,0.0,0.0,0.0,0,0.38877518464561134,0.38877518464561134,0,0,0,0.16289997100830078,25.0,1.0,10.0,True,feasible,nils_complete,6720.947766376961,76.54468329079448,,99.23777347863867,,28.72181256574201,True,feasible_only,0.0,51.22884636216674,True,6720.947766376961,,99.23777347863867,
S0010_R01,1002027,truck_only,S0010,n15_p0.25_d1_uniform_Ehigh_V1.25_Hlong_PWbase_B0.20,15,0.26666666666666666,0.25,1,3,high,1.25,uniform,long,base,0.2,100.0,20.0,1.0,peripheral,1933.6252334717115,155.53382942739225,0.0,0.0,1778.0914040443192,1778.0914040443192,17.780914040443193,0.0,0.0,17.780914040443193,1778.0914040443192,0.0,0.0,0.0,143.98070697839444,194.41728678424033,0.0,15,0,0.0,0,0,0.0,0.0,0.0,0.0,0.0,0.0,0,0.0,0.0,0,0,0,0.005774974822998047,0.0,0.0,0.0,True,feasible,baseline_truck_only,1933.6252334717115,194.41728678424033,,,,0.0,True,feasible_only,0.0,1933.6252334717115,True,1933.6252334717115,,,
S0010_R01,1002027,nils,S0010,n15_p0.25_d1_uniform_Ehigh_V1.25_Hlong_PWbase_B0.20,15,0.26666666666666666,0.25,1,3,high,1.25,uniform,long,base,0.2,100.0,20.0,1.0,peripheral,481.5467905520467,136.9340279690914,13.37082497259329,0.0,331.24193761036196,331.24193761036196,3.3124193761036196,0.0,0.0,3.3124193761036196,331.24193761036196,0.0,0.0,0.0,113.6757943768338,171.16753496136423,44.56941657531097,12,3,0.2,1,1,3.0,3.0,0.0,0.0,0.0,0.0,0,0.6961371634038717,0.6961371634038717,0,24,24,0.13887786865234375,25.0,5.0,7.0,True,feasible,nils_complete,1933.6252334717115,194.41728678424033,,75.09616743636214,,11.958685468477979,True,feasible_only,0.0,481.5467905520467,True,1933.6252334717115,,75.09616743636214,
S0010_R02,1002028,truck_only,S0010,n15_p0.25_d1_uniform_Ehigh_V1.25_Hlong_PWbase_B0.20,15,0.26666666666666666,0.25,1,3,high,1.25,uniform,long,base,0.2,100.0,20.0,1.0,peripheral,11497.5923177238,165.24984805001748,0.0,0.0,11332.342469673782,11332.342469673782,113.32342469673782,0.0,0.0,113.32342469673782,11332.342469673782,0.0,0.0,0.0,246.9366176196732,206.56231006252182,0.0,15,0,0.0,0,0,0.0,0.0,0.0,0.0,0.0,0.0,0,0.0,0.0,0,0,0,0.0033118724822998047,0.0,0.0,0.0,True,feasible,baseline_truck_only,11497.5923177238,206.56231006252182,,,,0.0,True,feasible_only,0.0,11497.5923177238,True,11497.5923177238,,,
S0010_R02,1002028,nils,S0010,n15_p0.25_d1_uniform_Ehigh_V1.25_Hlong_PWbase_B0.20,15,0.26666666666666666,0.25,1,3,high,1.25,uniform,long,base,0.2,100.0,20.0,1.0,peripheral,144.1177379301795,132.37251857452682,11.745219355652669,0.0,0.0,0.0,0.0,0.0,0.0,0.0,0.0,0.0,0.0,0.0,116.65524167986705,165.4656482181585,39.150731185508896,12,3,0.2,1,1,3.0,3.0,0.0,0.0,0.0,0.0,0,0.6718831875421124,0.6718831875421124,0,22,22,0.14040899276733398,25.0,8.0,9.0,True,feasible,nils_complete,11497.5923177238,206.56231006252182,,98.74653984984302,,19.895527810433705,True,feasible_only,0.0,144.1177379301795,True,11497.5923177238,,98.74653984984302,
S0010_R03,1002029,truck_only,S0010,n15_p0.25_d1_uniform_Ehigh_V1.25_Hlong_PWbase_B0.20,15,0.26666666666666666,0.25,1,3,high,1.25,uniform,long,base,0.2,100.0,20.0,1.0,peripheral,13733.90341834324,148.82468958625338,0.0,0.0,13585.078728756986,13585.078728756986,133.04706152458414,14.018628814928604,0.0,147.06569033951274,13304.706152458413,280.3725762985721,0.0,0.0,182.06800539984783,186.0308619828167,0.0,15,0,0.0,0,0,0.0,0.0,0.0,0.0,0.0,0.0,0,0.0,0.0,0,0,0,0.005287647247314453,0.0,0.0,0.0,True,feasible,baseline_truck_only,13733.90341834324,186.0308619828167,,,,0.0,True,feasible_only,0.0,13733.90341834324,True,13733.90341834324,,,
S0010_R03,1002029,nils,S0010,n15_p0.25_d1_uniform_Ehigh_V1.25_Hlong_PWbase_B0.20,15,0.26666666666666666,0.25,1,3,high,1.25,uniform,long,base,0.2,100.0,20.0,1.0,peripheral,140.44050427186997,128.62762736138177,11.812876910488196,0.0,0.0,0.0,0.0,0.0,0.0,0.0,0.0,0.0,0.0,0.0,161.26437695312342,160.7845342017272,39.376256368293994,13,2,0.13333333333333333,1,1,2.0,2.0,0.0,0.0,0.0,0.0,0,0.6379014050321862,0.6379014050321862,0,23,23,0.14016985893249512,25.0,2.0,8.0,True,feasible,nils_complete,13733.90341834324,186.0308619828167,,98.97741741736515,,13.571042735598056,True,feasible_only,0.0,140.44050427186997,True,13733.90341834324,,98.97741741736515,
S0010_R04,1002030,truck_only,S0010,n15_p0.25_d1_uniform_Ehigh_V1.25_Hlong_PWbase_B0.20,15,0.26666666666666666,0.25,1,3,high,1.25,uniform,long,base,0.2,100.0,20.0,1.0,peripheral,6358.760819204448,167.02602868053663,0.0,0.0,6191.734790523911,6191.734790523911,50.55426047716649,56.8154371403631,0.0,107.3696976175296,5055.426047716649,1136.308742807262,0.0,0.0,247.9876763318878,208.78253585067077,0.0,15,0,0.0,0,0,0.0,0.0,0.0,0.0,0.0,0.0,0,0.0,0.0,0,0,0,0.005444526672363281,0.0,0.0,0.0,True,feasible,baseline_truck_only,6358.760819204448,208.78253585067077,,,,0.0,True,feasible_only,0.0,6358.760819204448,True,6358.760819204448,,,
S0010_R04,1002030,nils,S0010,n15_p0.25_d1_uniform_Ehigh_V1.25_Hlong_PWbase_B0.20,15,0.26666666666666666,0.25,1,3,high,1.25,uniform,long,base,0.2,100.0,20.0,1.0,peripheral,130.78287674517105,119.2323547666303,11.550521978540761,0.0,0.0,0.0,0.0,0.0,0.0,0.0,0.0,0.0,0.0,0.0,157.08496102204515,149.04044345828785,38.501739928469206,12,3,0.2,1,1,3.0,3.0,0.0,0.0,0.0,0.0,0,0.598248591530894,0.598248591530894,0,0,0,0.13362360000610352,25.0,3.0,10.0,True,feasible,nils_complete,6358.760819204448,208.78253585067077,,97.9432647261997,,28.61450654814957,True,feasible_only,0.0,130.78287674517105,True,6358.760819204448,,97.9432647261997,
S0010_R05,1002031,truck_only,S0010,n15_p0.25_d1_uniform_Ehigh_V1.25_Hlong_PWbase_B0.20,15,0.26666666666666666,0.25,1,3,high,1.25,uniform,long,base,0.2,100.0,20.0,1.0,peripheral,7518.570121087544,162.40683760707185,0.0,0.0,7356.163283480472,7356.163283480472,63.99194031828552,47.848462582595985,0.0,111.84040290088151,6399.194031828552,956.9692516519196,0.0,0.0,208.03541315764988,203.00854700883986,0.0,15,0,0.0,0,0,0.0,0.0,0.0,0.0,0.0,0.0,0,0.0,0.0,0,0,0,0.0030722618103027344,0.0,0.0,0.0,True,feasible,baseline_truck_only,7518.570121087544,203.00854700883986,,,,0.0,True,feasible_only,0.0,7518.570121087544,True,7518.570121087544,,,
S0010_R05,1002031,nils,S0010,n15_p0.25_d1_uniform_Ehigh_V1.25_Hlong_PWbase_B0.20,15,0.26666666666666666,0.25,1,3,high,1.25,uniform,long,base,0.2,100.0,20.0,1.0,peripheral,165.67465665957553,152.57649331788915,13.098163341686378,0.0,0.0,0.0,0.0,0.0,0.0,0.0,0.0,0.0,0.0,0.0,135.25142776974118,190.7206166473614,43.660544472287924,13,2,0.13333333333333333,1,1,2.0,2.0,0.0,0.0,0.0,0.0,0,0.6752263295496104,0.6752263295496104,0,50,50,0.1495835781097412,25.0,4.0,3.0,True,feasible,nils_complete,7518.570121087544,203.00854700883986,,97.79646057705968,,6.0529128169876465,True,feasible_only,0.0,165.67465665957553,True,7518.570121087544,,97.79646057705968,
S0010_R06,1002032,truck_only,S0010,n15_p0.25_d1_uniform_Ehigh_V1.25_Hlong_PWbase_B0.20,15,0.26666666666666666,0.25,1,3,high,1.25,uniform,long,base,0.2,100.0,20.0,1.0,peripheral,8417.24760216037,152.92498336567658,0.0,0.0,8264.322618794695,8264.322618794695,73.08231628948107,47.80454949232933,0.0,120.8868657818104,7308.231628948107,956.0909898465866,0.0,0.0,197.8994229248261,191.1562292070957,0.0,15,0,0.0,0,0,0.0,0.0,0.0,0.0,0.0,0.0,0,0.0,0.0,0,0,0,0.0031833648681640625,0.0,0.0,0.0,True,feasible,baseline_truck_only,8417.24760216037,191.1562292070957,,,,0.0,True,feasible_only,0.0,8417.24760216037,True,8417.24760216037,,,
S0010_R06,1002032,nils,S0010,n15_p0.25_d1_uniform_Ehigh_V1.25_Hlong_PWbase_B0.20,15,0.26666666666666666,0.25,1,3,high,1.25,uniform,long,base,0.2,100.0,20.0,1.0,peripheral,126.82619028953751,113.06248934703162,13.763700942505892,0.0,0.0,0.0,0.0,0.0,0.0,0.0,0.0,0.0,0.0,0.0,131.09395411345642,141.3281116837895,45.87900314168631,13,2,0.13333333333333333,1,1,2.0,2.0,0.0,0.0,0.0,0.0,0,0.7643509456074202,0.7643509456074202,0,41,41,0.12517261505126953,22.0,2.0,6.0,True,feasible,nils_complete,8417.24760216037,191.1562292070957,,98.49325817317069,,26.06669828652206,True,feasible_only,0.0,126.82619028953751,True,8417.24760216037,,98.49325817317069,
S0010_R07,1002033,truck_only,S0010,n15_p0.25_d1_uniform_Ehigh_V1.25_Hlong_PWbase_B0.20,15,0.26666666666666666,0.25,1,3,high,1.25,uniform,long,base,0.2,100.0,20.0,1.0,peripheral,151.626676792423,151.626676792423,0.0,0.0,0.0,0.0,0.0,0.0,0.0,0.0,0.0,0.0,0.0,0.0,177.7519785567307,189.53334599052877,0.0,15,0,0.0,0,0,0.0,0.0,0.0,0.0,0.0,0.0,0,0.0,0.0,0,0,0,0.005607128143310547,0.0,0.0,0.0,True,feasible,baseline_truck_only,151.626676792423,189.53334599052877,,,,0.0,True,feasible_only,0.0,151.626676792423,True,151.626676792423,,,
S0010_R07,1002033,nils,S0010,n15_p0.25_d1_uniform_Ehigh_V1.25_Hlong_PWbase_B0.20,15,0.26666666666666666,0.25,1,3,high,1.25,uniform,long,base,0.2,100.0,20.0,1.0,peripheral,142.02693385437965,136.6659582456617,5.360975608717953,0.0,0.0,0.0,0.0,0.0,0.0,0.0,0.0,0.0,0.0,0.0,151.12130882394374,170.83244780707713,17.86991869572651,14,1,0.06666666666666667,1,1,1.0,1.0,0.0,0.0,0.0,0.0,0,0.2749218260881002,0.2749218260881002,0,22,22,0.1389153003692627,25.0,1.0,9.0,True,feasible,nils_complete,151.626676792423,189.53334599052877,,6.331170174747954,,9.86681160811995,True,feasible_only,0.0,142.02693385437965,True,151.626676792423,,6.331170174747954,
S0010_R08,1002034,truck_only,S0010,n15_p0.25_d1_uniform_Ehigh_V1.25_Hlong_PWbase_B0.20,15,0.26666666666666666,0.25,1,3,high,1.25,uniform,long,base,0.2,100.0,20.0,1.0,peripheral,8867.63138237913,171.71540870706028,0.0,0.0,8695.91597367207,8695.91597367207,83.9898003097683,14.846797134762,0.0,98.8365974445303,8398.98003097683,296.93594269524,0.0,0.0,211.15687770997903,214.64426088382532,0.0,15,0,0.0,0,0,0.0,0.0,0.0,0.0,0.0,0.0,0,0.0,0.0,0,0,0,0.005205392837524414,0.0,0.0,0.0,True,feasible,baseline_truck_only,8867.63138237913,214.64426088382532,,,,0.0,True,feasible_only,0.0,8867.63138237913,True,8867.63138237913,,,
S0010_R08,1002034,nils,S0010,n15_p0.25_d1_uniform_Ehigh_V1.25_Hlong_PWbase_B0.20,15,0.26666666666666666,0.25,1,3,high,1.25,uniform,long,base,0.2,100.0,20.0,1.0,peripheral,1879.632640737865,145.5706700216094,8.617787883776867,0.0,1725.4441828324786,1725.4441828324786,17.254441828324786,0.0,0.0,17.254441828324786,1725.4441828324786,0.0,0.0,0.0,154.08435449234858,181.96333752701176,28.72595961258956,14,1,0.06666666666666667,1,1,1.0,1.0,0.0,0.0,0.0,0.0,0,0.4419378401936855,0.4419378401936855,0,48,48,0.12552189826965332,25.0,1.0,5.0,True,feasible,nils_complete,8867.63138237913,214.64426088382532,,78.80344186979983,,15.225621790326777,True,feasible_only,0.0,1879.632640737865,True,8867.63138237913,,78.80344186979983,
S0010_R09,1002035,truck_only,S0010,n15_p0.25_d1_uniform_Ehigh_V1.25_Hlong_PWbase_B0.20,15,0.26666666666666666,0.25,1,3,high,1.25,uniform,long,base,0.2,100.0,20.0,1.0,peripheral,153.23855310977564,153.23855310977564,0.0,0.0,0.0,0.0,0.0,0.0,0.0,0.0,0.0,0.0,0.0,0.0,168.2998945872819,191.54819138721948,0.0,15,0,0.0,0,0,0.0,0.0,0.0,0.0,0.0,0.0,0,0.0,0.0,0,0,0,0.003539562225341797,0.0,0.0,0.0,True,feasible,baseline_truck_only,153.23855310977564,191.54819138721948,,,,0.0,True,feasible_only,0.0,153.23855310977564,True,153.23855310977564,,,
S0010_R09,1002035,nils,S0010,n15_p0.25_d1_uniform_Ehigh_V1.25_Hlong_PWbase_B0.20,15,0.26666666666666666,0.25,1,3,high,1.25,uniform,long,base,0.2,100.0,20.0,1.0,peripheral,125.33855081699184,122.78091671406274,2.5576341029290983,0.0,0.0,0.0,0.0,0.0,0.0,0.0,0.0,0.0,0.0,0.0,145.8496272026131,153.47614589257844,8.525447009763662,14,1,0.06666666666666667,1,1,1.0,1.0,0.0,0.0,0.0,0.0,0,0.13116072322713326,0.13116072322713326,0,22,22,0.12167596817016602,25.0,1.0,9.0,True,feasible,nils_complete,153.23855310977564,191.54819138721948,,18.20690793967302,,19.875961876182604,True,feasible_only,0.0,125.33855081699184,True,153.23855310977564,,18.20690793967302,
S0010_R10,1002036,truck_only,S0010,n15_p0.25_d1_uniform_Ehigh_V1.25_Hlong_PWbase_B0.20,15,0.26666666666666666,0.25,1,3,high,1.25,uniform,long,base,0.2,100.0,20.0,1.0,peripheral,5270.677805236918,134.91786201772175,0.0,0.0,5135.759943219196,5135.759943219196,51.35759943219197,0.0,0.0,51.35759943219197,5135.759943219196,0.0,0.0,0.0,170.2495783524666,168.64732752215218,0.0,15,0,0.0,0,0,0.0,0.0,0.0,0.0,0.0,0.0,0,0.0,0.0,0,0,0,0.0052373409271240234,0.0,0.0,0.0,True,feasible,baseline_truck_only,5270.677805236918,168.64732752215218,,,,0.0,True,feasible_only,0.0,5270.677805236918,True,5270.677805236918,,,
S0010_R10,1002036,nils,S0010,n15_p0.25_d1_uniform_Ehigh_V1.25_Hlong_PWbase_B0.20,15,0.26666666666666666,0.25,1,3,high,1.25,uniform,long,base,0.2,100.0,20.0,1.0,peripheral,154.16690118236372,143.810645924662,10.356255257701722,0.0,0.0,0.0,0.0,0.0,0.0,0.0,0.0,0.0,0.0,0.0,125.14800414247863,179.76330740582748,34.52085085900574,12,3,0.2,1,1,3.0,3.0,0.0,0.0,0.0,0.0,0,0.5770717182113884,0.5770717182113884,0,25,25,0.13623833656311035,25.0,8.0,6.0,True,feasible,nils_complete,5270.677805236918,168.64732752215218,,97.07500805628483,,-6.591257654062255,True,feasible_only,0.0,154.16690118236372,True,5270.677805236918,,97.07500805628483,
S0011_R01,1102027,truck_only,S0011,n15_p0.25_d1_clustered_Ehigh_V2.00_Hmedium_PWmoderate_B0.20,15,0.26666666666666666,0.25,1,3,high,2.0,clustered,medium,moderate,0.2,20.0,5.0,1.0,peripheral,2556.986068588922,79.52055505037339,0.0,0.0,2477.4655135385487,2477.4655135385487,123.87327567692743,0.0,0.0,123.87327567692743,2477.4655135385487,0.0,0.0,0.0,183.84567153782842,99.40069381296675,0.0,15,0,0.0,0,0,0.0,0.0,0.0,0.0,0.0,0.0,0,0.0,0.0,0,0,0,0.005231618881225586,0.0,0.0,0.0,True,feasible,baseline_truck_only,2556.986068588922,99.40069381296675,,,,0.0,True,feasible_only,0.0,2556.986068588922,True,2556.986068588922,,,
S0011_R01,1102027,nils,S0011,n15_p0.25_d1_clustered_Ehigh_V2.00_Hmedium_PWmoderate_B0.20,15,0.26666666666666666,0.25,1,3,high,2.0,clustered,medium,moderate,0.2,20.0,5.0,1.0,peripheral,91.53332648981906,78.49189611035561,13.041430379463447,0.0,0.0,0.0,0.0,0.0,0.0,0.0,0.0,0.0,0.0,0.0,92.50241723498243,98.11487013794448,43.471434598211495,11,4,0.26666666666666666,1,1,4.0,4.0,0.0,0.0,0.0,0.0,0,0.4309472008503095,0.4309472008503095,0,0,0,0.17238998413085938,25.0,5.0,11.0,True,feasible,nils_complete,2556.986068588922,99.40069381296675,,96.42026495121533,,1.2935761569649495,True,feasible_only,0.0,91.53332648981906,True,2556.986068588922,,96.42026495121533,
S0011_R02,1102028,truck_only,S0011,n15_p0.25_d1_clustered_Ehigh_V2.00_Hmedium_PWmoderate_B0.20,15,0.26666666666666666,0.25,1,3,high,2.0,clustered,medium,moderate,0.2,20.0,5.0,1.0,peripheral,1464.414046641019,70.62640390969787,0.0,0.0,1393.787642731321,1393.787642731321,68.11941274875566,6.27987755124154,0.0,74.3992902999972,1362.3882549751133,31.3993877562077,0.0,0.0,164.36637654804235,88.28300488712236,0.0,15,0,0.0,0,0,0.0,0.0,0.0,0.0,0.0,0.0,0,0.0,0.0,0,0,0,0.005059719085693359,0.0,0.0,0.0,True,feasible,baseline_truck_only,1464.414046641019,88.28300488712236,,,,0.0,True,feasible_only,0.0,1464.414046641019,True,1464.414046641019,,,
S0011_R02,1102028,nils,S0011,n15_p0.25_d1_clustered_Ehigh_V2.00_Hmedium_PWmoderate_B0.20,15,0.26666666666666666,0.25,1,3,high,2.0,clustered,medium,moderate,0.2,20.0,5.0,1.0,peripheral,49.73617519271594,38.99751781485803,10.738657377857912,0.0,0.0,0.0,0.0,0.0,0.0,0.0,0.0,0.0,0.0,0.0,93.61715437224039,48.74689726857254,35.79552459285971,12,3,0.2,1,1,3.0,3.0,0.0,0.0,0.0,0.0,0,0.3506210329092372,0.3506210329092372,0,0,0,0.14014792442321777,18.0,3.0,11.0,True,feasible,nils_complete,1464.414046641019,88.28300488712236,,96.60368081644684,,44.78337327677081,True,feasible_only,0.0,49.73617519271594,True,1464.414046641019,,96.60368081644684,
S0011_R03,1102029,truck_only,S0011,n15_p0.25_d1_clustered_Ehigh_V2.00_Hmedium_PWmoderate_B0.20,15,0.26666666666666666,0.25,1,3,high,2.0,clustered,medium,moderate,0.2,20.0,5.0,1.0,peripheral,1153.1629009141238,67.42672041224213,0.0,0.0,1085.7361805018818,1085.7361805018818,54.28680902509409,0.0,0.0,54.28680902509409,1085.7361805018818,0.0,0.0,0.0,158.04791871244805,84.28340051530266,0.0,15,0,0.0,0,0,0.0,0.0,0.0,0.0,0.0,0.0,0,0.0,0.0,0,0,0,0.004466533660888672,0.0,0.0,0.0,True,feasible,baseline_truck_only,1153.1629009141238,84.28340051530266,,,,0.0,True,feasible_only,0.0,1153.1629009141238,True,1153.1629009141238,,,
S0011_R03,1102029,nils,S0011,n15_p0.25_d1_clustered_Ehigh_V2.00_Hmedium_PWmoderate_B0.20,15,0.26666666666666666,0.25,1,3,high,2.0,clustered,medium,moderate,0.2,20.0,5.0,1.0,peripheral,53.13772275951679,41.017164398159366,12.120558361357425,0.0,0.0,0.0,0.0,0.0,0.0,0.0,0.0,0.0,0.0,0.0,98.8852107818607,51.271455497699215,40.40186120452476,11,4,0.26666666666666666,1,1,4.0,4.0,0.0,0.0,0.0,0.0,0,0.4033239309423677,0.4033239309423677,0,0,0,0.1357409954071045,25.0,4.0,10.0,False,infeasible,nils_complete,1153.1629009141238,84.28340051530266,,95.39200205648362,,39.1677896427657,False,feasible_only,0.0,,False,1153.1629009141238,,,
S0011_R04,1102030,truck_only,S0011,n15_p0.25_d1_clustered_Ehigh_V2.00_Hmedium_PWmoderate_B0.20,15,0.26666666666666666,0.25,1,3,high,2.0,clustered,medium,moderate,0.2,20.0,5.0,1.0,peripheral,1910.2220348838232,67.5712977743673,0.0,0.0,1842.6507371094558,1842.6507371094558,91.88837623800967,0.9766424698524645,0.0,92.86501870786213,1837.7675247601933,4.8832123492623225,0.0,0.0,158.87985375744017,84.46412221795913,0.0,15,0,0.0,0,0,0.0,0.0,0.0,0.0,0.0,0.0,0,0.0,0.0,0,0,0,0.005220890045166016,0.0,0.0,0.0,True,feasible,baseline_truck_only,1910.2220348838232,84.46412221795913,,,,0.0,True,feasible_only,0.0,1910.2220348838232,True,1910.2220348838232,,,
S0011_R04,1102030,nils,S0011,n15_p0.25_d1_clustered_Ehigh_V2.00_Hmedium_PWmoderate_B0.20,15,0.26666666666666666,0.25,1,3,high,2.0,clustered,medium,moderate,0.2,20.0,5.0,1.0,peripheral,86.39606889989915,75.03780928706703,11.358259612832107,0.0,0.0,0.0,0.0,0.0,0.0,0.0,0.0,0.0,0.0,0.0,107.0499100570704,93.7972616088338,37.86086537610703,11,4,0.26666666666666666,1,1,4.0,4.0,0.0,0.0,0.0,0.0,0,0.3735413942335006,0.3735413942335006,0,0,0,0.20602726936340332,25.0,5.0,11.0,True,feasible,nils_complete,1910.2220348838232,84.46412221795913,,95.47717137996717,,-11.049827010325824,True,feasible_only,0.0,86.39606889989915,True,1910.2220348838232,,95.47717137996717,
S0011_R05,1102031,truck_only,S0011,n15_p0.25_d1_clustered_Ehigh_V2.00_Hmedium_PWmoderate_B0.20,15,0.26666666666666666,0.25,1,3,high,2.0,clustered,medium,moderate,0.2,20.0,5.0,1.0,peripheral,818.7473605046368,84.4417537652086,0.0,0.0,734.3056067394282,734.3056067394282,21.493866486471283,60.88565540200052,0.0,82.3795218884718,429.8773297294257,304.4282770100026,0.0,0.0,194.77334257017387,105.55219220651075,0.0,15,0,0.0,0,0,0.0,0.0,0.0,0.0,0.0,0.0,0,0.0,0.0,0,0,0,0.0028417110443115234,0.0,0.0,0.0,True,feasible,baseline_truck_only,818.7473605046368,105.55219220651075,,,,0.0,True,feasible_only,0.0,818.7473605046368,True,818.7473605046368,,,
S0011_R05,1102031,nils,S0011,n15_p0.25_d1_clustered_Ehigh_V2.00_Hmedium_PWmoderate_B0.20,15,0.26666666666666666,0.25,1,3,high,2.0,clustered,medium,moderate,0.2,20.0,5.0,1.0,peripheral,56.53813559880233,46.98650883879361,9.551626760008718,0.0,0.0,0.0,0.0,0.0,0.0,0.0,0.0,0.0,0.0,0.0,113.12572249558195,58.733136048492014,31.838755866695724,13,2,0.13333333333333333,1,1,2.0,2.0,0.0,0.0,0.0,0.0,0,0.3146930209533713,0.3146930209533713,0,0,0,0.1551053524017334,25.0,2.0,10.0,True,feasible,nils_complete,818.7473605046368,105.55219220651075,,93.09455659631625,,44.356308646264964,True,feasible_only,0.0,56.53813559880233,True,818.7473605046368,,93.09455659631625,
S0011_R06,1102032,truck_only,S0011,n15_p0.25_d1_clustered_Ehigh_V2.00_Hmedium_PWmoderate_B0.20,15,0.26666666666666666,0.25,1,3,high,2.0,clustered,medium,moderate,0.2,20.0,5.0,1.0,peripheral,4568.830694892796,75.31332062441035,0.0,0.0,4493.5173742683855,4493.5173742683855,224.67586871341928,0.0,0.0,224.67586871341928,4493.5173742683855,0.0,0.0,0.0,176.1590648199411,94.14165078051295,0.0,15,0,0.0,0,0,0.0,0.0,0.0,0.0,0.0,0.0,0,0.0,0.0,0,0,0,0.004895687103271484,0.0,0.0,0.0,True,feasible,baseline_truck_only,4568.830694892796,94.14165078051295,,,,0.0,True,feasible_only,0.0,4568.830694892796,True,4568.830694892796,,,
S0011_R06,1102032,nils,S0011,n15_p0.25_d1_clustered_Ehigh_V2.00_Hmedium_PWmoderate_B0.20,15,0.26666666666666666,0.25,1,3,high,2.0,clustered,medium,moderate,0.2,20.0,5.0,1.0,peripheral,124.1397695892009,113.4260284038958,10.713741185305093,0.0,0.0,0.0,0.0,0.0,0.0,0.0,0.0,0.0,0.0,0.0,97.72389893017234,141.7825355048697,35.71247061768364,11,4,0.26666666666666666,1,1,4.0,4.0,0.0,0.0,0.0,0.0,0,0.35695800963289764,0.35695800963289764,0,0,0,0.15876507759094238,25.0,8.0,11.0,True,feasible,nils_complete,4568.830694892796,94.14165078051295,,97.28289845084501,,-50.60553360746707,True,feasible_only,0.0,124.1397695892009,True,4568.830694892796,,97.28289845084501,
S0011_R07,1102033,truck_only,S0011,n15_p0.25_d1_clustered_Ehigh_V2.00_Hmedium_PWmoderate_B0.20,15,0.26666666666666666,0.25,1,3,high,2.0,clustered,medium,moderate,0.2,20.0,5.0,1.0,peripheral,89.72727373719044,68.792039236367,0.0,0.0,20.93523450082344,20.93523450082344,1.046761725041172,0.0,0.0,1.046761725041172,20.93523450082344,0.0,0.0,0.0,160.70913545931398,85.99004904545876,0.0,15,0,0.0,0,0,0.0,0.0,0.0,0.0,0.0,0.0,0,0.0,0.0,0,0,0,0.0029010772705078125,0.0,0.0,0.0,True,feasible,baseline_truck_only,89.72727373719044,85.99004904545876,,,,0.0,True,feasible_only,0.0,89.72727373719044,True,89.72727373719044,,,
S0011_R07,1102033,nils,S0011,n15_p0.25_d1_clustered_Ehigh_V2.00_Hmedium_PWmoderate_B0.20,15,0.26666666666666666,0.25,1,3,high,2.0,clustered,medium,moderate,0.2,20.0,5.0,1.0,peripheral,50.393084027483,41.04783286086808,9.345251166614926,0.0,0.0,0.0,0.0,0.0,0.0,0.0,0.0,0.0,0.0,0.0,100.55892372143764,51.30979107608509,31.150837222049756,14,1,0.06666666666666667,1,1,1.0,1.0,0.0,0.0,0.0,0.0,0,0.29952728098124765,0.29952728098124765,0,0,0,0.18255305290222168,25.0,1.0,10.0,True,feasible,nils_complete,89.72727373719044,85.99004904545876,,43.837495636963816,,40.33054795798512,True,feasible_only,0.0,50.393084027483,True,89.72727373719044,,43.837495636963816,
S0011_R08,1102034,truck_only,S0011,n15_p0.25_d1_clustered_Ehigh_V2.00_Hmedium_PWmoderate_B0.20,15,0.26666666666666666,0.25,1,3,high,2.0,clustered,medium,moderate,0.2,20.0,5.0,1.0,peripheral,1362.8340057771268,78.43112063142416,0.0,0.0,1284.4028851457026,1284.4028851457026,50.0909732551151,56.516684008680116,0.0,106.60765726379522,1001.819465102302,282.58342004340057,0.0,0.0,183.75917877181922,98.0389007892802,0.0,15,0,0.0,0,0,0.0,0.0,0.0,0.0,0.0,0.0,0,0.0,0.0,0,0,0,0.0027909278869628906,0.0,0.0,0.0,True,feasible,baseline_truck_only,1362.8340057771268,98.0389007892802,,,,0.0,True,feasible_only,0.0,1362.8340057771268,True,1362.8340057771268,,,
S0011_R08,1102034,nils,S0011,n15_p0.25_d1_clustered_Ehigh_V2.00_Hmedium_PWmoderate_B0.20,15,0.26666666666666666,0.25,1,3,high,2.0,clustered,medium,moderate,0.2,20.0,5.0,1.0,peripheral,117.65082662984656,106.6691872755756,10.98163935427096,0.0,0.0,0.0,0.0,0.0,0.0,0.0,0.0,0.0,0.0,0.0,98.24927193573089,133.33648409446948,36.60546451423654,11,4,0.26666666666666666,1,1,4.0,4.0,0.0,0.0,0.0,0.0,0,0.364746016763048,0.364746016763048,0,0,0,0.1531054973602295,25.0,5.0,11.0,True,feasible,nils_complete,1362.8340057771268,98.0389007892802,,91.36719320686758,,-36.00365061319496,True,feasible_only,0.0,117.65082662984656,True,1362.8340057771268,,91.36719320686758,
S0011_R09,1102035,truck_only,S0011,n15_p0.25_d1_clustered_Ehigh_V2.00_Hmedium_PWmoderate_B0.20,15,0.26666666666666666,0.25,1,3,high,2.0,clustered,medium,moderate,0.2,20.0,5.0,1.0,peripheral,1084.4334911927667,60.18819787813776,0.0,0.0,1024.245293314629,1024.245293314629,51.212264665731446,0.0,0.0,51.212264665731446,1024.245293314629,0.0,0.0,0.0,141.56700063349004,75.23524734767219,0.0,15,0,0.0,0,0,0.0,0.0,0.0,0.0,0.0,0.0,0,0.0,0.0,0,0,0,0.0048370361328125,0.0,0.0,0.0,True,feasible,baseline_truck_only,1084.4334911927667,75.23524734767219,,,,0.0,True,feasible_only,0.0,1084.4334911927667,True,1084.4334911927667,,,
S0011_R09,1102035,nils,S0011,n15_p0.25_d1_clustered_Ehigh_V2.00_Hmedium_PWmoderate_B0.20,15,0.26666666666666666,0.25,1,3,high,2.0,clustered,medium,moderate,0.2,20.0,5.0,1.0,peripheral,79.09551003359215,70.11303249411486,8.982477539477284,0.0,0.0,0.0,0.0,0.0,0.0,0.0,0.0,0.0,0.0,0.0,93.1648839489809,87.64129061764359,29.941591798257612,11,4,0.26666666666666666,1,1,4.0,4.0,0.0,0.0,0.0,0.0,0,0.2883622356208747,0.2883622356208747,0,0,0,0.156846284866333,25.0,5.0,11.0,True,feasible,nils_complete,1084.4334911927667,75.23524734767219,,92.70628298775657,,-16.489669014632746,True,feasible_only,0.0,79.09551003359215,True,1084.4334911927667,,92.70628298775657,
S0011_R10,1102036,truck_only,S0011,n15_p0.25_d1_clustered_Ehigh_V2.00_Hmedium_PWmoderate_B0.20,15,0.26666666666666666,0.25,1,3,high,2.0,clustered,medium,moderate,0.2,20.0,5.0,1.0,peripheral,154.31936724616156,79.11357856533355,0.0,0.0,75.20578868082801,75.20578868082801,0.2106761147459082,14.198453277181969,0.0,14.409129391927877,4.213522294918164,70.99226638590984,0.0,0.0,185.3600057969271,98.89197320666695,0.0,15,0,0.0,0,0,0.0,0.0,0.0,0.0,0.0,0.0,0,0.0,0.0,0,0,0,0.005132913589477539,0.0,0.0,0.0,True,feasible,baseline_truck_only,154.31936724616156,98.89197320666695,,,,0.0,True,feasible_only,0.0,154.31936724616156,True,154.31936724616156,,,
S0011_R10,1102036,nils,S0011,n15_p0.25_d1_clustered_Ehigh_V2.00_Hmedium_PWmoderate_B0.20,15,0.26666666666666666,0.25,1,3,high,2.0,clustered,medium,moderate,0.2,20.0,5.0,1.0,peripheral,58.84713920422532,48.55880986711347,10.288329337111854,0.0,0.0,0.0,0.0,0.0,0.0,0.0,0.0,0.0,0.0,0.0,118.62244093172234,60.69851233389183,34.29443112370618,13,2,0.13333333333333333,1,1,2.0,2.0,0.0,0.0,0.0,0.0,0,0.34328308007769986,0.34328308007769986,0,0,0,0.1564648151397705,25.0,2.0,10.0,True,feasible,nils_complete,154.31936724616156,98.89197320666695,,61.86665338618471,,38.621396291645894,True,feasible_only,0.0,58.84713920422532,True,154.31936724616156,,61.86665338618471,
S0012_R01,1202027,truck_only,S0012,n15_p0.75_d1_uniform_Elow_V1.25_Hshort_PWstrict_B0.20,15,0.7333333333333333,0.75,1,3,low,1.25,uniform,short,strict,0.2,200.0,40.0,1.0,peripheral,14327.81606472199,151.12575929417193,0.0,0.0,14176.69030542782,14176.69030542782,65.9791553328553,24.521480971418995,0.0,90.5006363042743,13195.83106657106,980.8592388567598,0.0,0.0,186.48826292805103,188.90719911771492,0.0,15,0,0.0,0,0,0.0,0.0,0.0,0.0,0.0,0.0,0,0.0,0.0,0,0,0,0.0030868053436279297,0.0,0.0,0.0,True,feasible,baseline_truck_only,14327.81606472199,188.90719911771492,,,,0.0,True,feasible_only,0.0,14327.81606472199,True,14327.81606472199,,,
S0012_R01,1202027,nils,S0012,n15_p0.75_d1_uniform_Elow_V1.25_Hshort_PWstrict_B0.20,15,0.7333333333333333,0.75,1,3,low,1.25,uniform,short,strict,0.2,200.0,40.0,1.0,peripheral,148.09543396947805,141.4447606061478,6.650673363330234,0.0,0.0,0.0,0.0,0.0,0.0,0.0,0.0,0.0,0.0,0.0,119.72909921200761,176.80595075768477,22.168911211100784,11,4,0.26666666666666666,1,1,4.0,4.0,0.0,0.0,0.0,0.0,0,0.6476735649250956,0.6476735649250956,0,175,175,0.14513301849365234,25.0,5.0,10.0,True,feasible,nils_complete,14327.81606472199,188.90719911771492,,98.96637817445102,,6.405922281706918,True,feasible_only,0.0,148.09543396947805,True,14327.81606472199,,98.96637817445102,
S0012_R02,1202028,truck_only,S0012,n15_p0.75_d1_uniform_Elow_V1.25_Hshort_PWstrict_B0.20,15,0.7333333333333333,0.75,1,3,low,1.25,uniform,short,strict,0.2,200.0,40.0,1.0,peripheral,26462.711956006904,145.2065122607664,0.0,0.0,26317.505443746137,26317.505443746137,131.58752721873068,0.0,0.0,131.58752721873068,26317.505443746137,0.0,0.0,0.0,182.49009571849115,181.50814032595798,0.0,15,0,0.0,0,0,0.0,0.0,0.0,0.0,0.0,0.0,0,0.0,0.0,0,0,0,0.00576472282409668,0.0,0.0,0.0,True,feasible,baseline_truck_only,26462.711956006904,181.50814032595798,,,,0.0,True,feasible_only,0.0,26462.711956006904,True,26462.711956006904,,,
S0012_R02,1202028,nils,S0012,n15_p0.75_d1_uniform_Elow_V1.25_Hshort_PWstrict_B0.20,15,0.7333333333333333,0.75,1,3,low,1.25,uniform,short,strict,0.2,200.0,40.0,1.0,peripheral,8751.667793925168,187.9788769621614,7.275034662934679,0.0,8556.413882300072,8556.413882300072,42.78206941150036,0.0,0.0,42.78206941150036,8556.413882300072,0.0,0.0,0.0,150.58471016613976,234.97359620270177,24.250115543115598,13,2,0.13333333333333333,1,1,2.0,2.0,0.0,0.0,0.0,0.0,0,0.7314787942726693,0.7314787942726693,0,223,223,0.14076757431030273,25.0,10.0,5.0,True,feasible,nils_complete,26462.711956006904,181.50814032595798,,66.92830346158614,,-29.456230327041453,True,feasible_only,0.0,8751.667793925168,True,26462.711956006904,,66.92830346158614,
S0012_R03,1202029,truck_only,S0012,n15_p0.75_d1_uniform_Elow_V1.25_Hshort_PWstrict_B0.20,15,0.7333333333333333,0.75,1,3,low,1.25,uniform,short,strict,0.2,200.0,40.0,1.0,peripheral,9695.034363175171,148.03171928864646,0.0,0.0,9547.002643886524,9547.002643886524,47.73501321943262,0.0,0.0,47.73501321943262,9547.002643886524,0.0,0.0,0.0,186.36431894021058,185.03964911080806,0.0,15,0,0.0,0,0,0.0,0.0,0.0,0.0,0.0,0.0,0,0.0,0.0,0,0,0,0.005764484405517578,0.0,0.0,0.0,True,feasible,baseline_truck_only,9695.034363175171,185.03964911080806,,,,0.0,True,feasible_only,0.0,9695.034363175171,True,9695.034363175171,,,
S0012_R03,1202029,nils,S0012,n15_p0.75_d1_uniform_Elow_V1.25_Hshort_PWstrict_B0.20,15,0.7333333333333333,0.75,1,3,low,1.25,uniform,short,strict,0.2,200.0,40.0,1.0,peripheral,166.47521719997633,162.429721199477,4.045496000499327,0.0,0.0,0.0,0.0,0.0,0.0,0.0,0.0,0.0,0.0,0.0,170.2962498011098,203.03715149934624,13.484986668331091,14,1,0.06666666666666667,1,1,1.0,1.0,0.0,0.0,0.0,0.0,0,0.3852853333808883,0.3852853333808883,0,249,249,0.13088130950927734,25.0,3.0,2.0,True,feasible,nils_complete,9695.034363175171,185.03964911080806,,98.28288161791048,,-9.726295134596079,True,feasible_only,0.0,166.47521719997633,True,9695.034363175171,,98.28288161791048,
S0012_R04,1202030,truck_only,S0012,n15_p0.75_d1_uniform_Elow_V1.25_Hshort_PWstrict_B0.20,15,0.7333333333333333,0.75,1,3,low,1.25,uniform,short,strict,0.2,200.0,40.0,1.0,peripheral,35265.63488699177,174.31572022907133,0.0,0.0,35091.319166762696,35091.319166762696,166.80911534871993,43.23740242546792,0.0,210.04651777418786,33361.82306974399,1729.4960970187167,0.0,0.0,203.52011830798523,217.89465028633913,0.0,15,0,0.0,0,0,0.0,0.0,0.0,0.0,0.0,0.0,0,0.0,0.0,0,0,0,0.003152608871459961,0.0,0.0,0.0,True,feasible,baseline_truck_only,35265.63488699177,217.89465028633913,,,,0.0,True,feasible_only,0.0,35265.63488699177,True,35265.63488699177,,,
S0012_R04,1202030,nils,S0012,n15_p0.75_d1_uniform_Elow_V1.25_Hshort_PWstrict_B0.20,15,0.7333333333333333,0.75,1,3,low,1.25,uniform,short,strict,0.2,200.0,40.0,1.0,peripheral,3489.2359925870005,159.23292158066798,6.493495806307879,0.0,3323.5095752000248,3323.5095752000248,16.617547876000124,0.0,0.0,16.617547876000124,3323.5095752000248,0.0,0.0,0.0,132.6514711524896,199.04115197583496,21.644986021026266,13,2,0.13333333333333333,1,1,2.0,2.0,0.0,0.0,0.0,0.0,0,0.7007756944353402,0.7007756944353402,0,222,222,0.1321554183959961,25.0,8.0,6.0,False,infeasible,nils_complete,35265.63488699177,217.89465028633913,,90.10584665845884,,8.652575125515224,False,feasible_only,0.0,,False,35265.63488699177,,,
S0012_R05,1202031,truck_only,S0012,n15_p0.75_d1_uniform_Elow_V1.25_Hshort_PWstrict_B0.20,15,0.7333333333333333,0.75,1,3,low,1.25,uniform,short,strict,0.2,200.0,40.0,1.0,peripheral,16725.481873904464,157.63272689265216,0.0,0.0,16567.849147011813,16567.849147011813,80.76474648127893,10.372496268900676,0.0,91.13724275017961,16152.949296255787,414.89985075602704,0.0,0.0,238.56949017135753,197.04090861581517,0.0,15,0,0.0,0,0,0.0,0.0,0.0,0.0,0.0,0.0,0,0.0,0.0,0,0,0,0.0028853416442871094,0.0,0.0,0.0,True,feasible,baseline_truck_only,16725.481873904464,197.04090861581517,,,,0.0,True,feasible_only,0.0,16725.481873904464,True,16725.481873904464,,,
S0012_R05,1202031,nils,S0012,n15_p0.75_d1_uniform_Elow_V1.25_Hshort_PWstrict_B0.20,15,0.7333333333333333,0.75,1,3,low,1.25,uniform,short,strict,0.2,200.0,40.0,1.0,peripheral,193.9461250562862,187.48945229003914,6.45667276624707,0.0,0.0,0.0,0.0,0.0,0.0,0.0,0.0,0.0,0.0,0.0,149.99213998485058,234.3618153625489,21.5222425541569,13,2,0.13333333333333333,1,1,2.0,2.0,0.0,0.0,0.0,0.0,0,0.6481587691732064,0.6481587691732064,0,223,223,0.15631484985351562,25.0,6.0,5.0,True,feasible,nils_complete,16725.481873904464,197.04090861581517,,98.84041532244949,,-18.940689529350976,True,feasible_only,0.0,193.9461250562862,True,16725.481873904464,,98.84041532244949,
S0012_R06,1202032,truck_only,S0012,n15_p0.75_d1_uniform_Elow_V1.25_Hshort_PWstrict_B0.20,15,0.7333333333333333,0.75,1,3,low,1.25,uniform,short,strict,0.2,200.0,40.0,1.0,peripheral,2935.1171525513996,146.10240548878818,0.0,0.0,2789.0147470626116,2789.0147470626116,13.94507373531306,0.0,0.0,13.94507373531306,2789.0147470626116,0.0,0.0,0.0,145.536658691804,182.62800686098524,0.0,15,0,0.0,0,0,0.0,0.0,0.0,0.0,0.0,0.0,0,0.0,0.0,0,0,0,0.005360841751098633,0.0,0.0,0.0,True,feasible,baseline_truck_only,2935.1171525513996,182.62800686098524,,,,0.0,True,feasible_only,0.0,2935.1171525513996,True,2935.1171525513996,,,
S0012_R06,1202032,nils,S0012,n15_p0.75_d1_uniform_Elow_V1.25_Hshort_PWstrict_B0.20,15,0.7333333333333333,0.75,1,3,low,1.25,uniform,short,strict,0.2,200.0,40.0,1.0,peripheral,134.64399165013552,127.29177272980834,7.3522189203271715,0.0,0.0,0.0,0.0,0.0,0.0,0.0,0.0,0.0,0.0,0.0,139.5242457033312,159.1147159122604,24.50739640109057,12,3,0.2,1,1,3.0,3.0,0.0,0.0,0.0,0.0,0,0.7596524234364903,0.7596524234364903,0,200,200,0.13772058486938477,25.0,3.0,6.0,True,feasible,nils_complete,2935.1171525513996,182.62800686098524,,95.41265357898597,,12.874964444321472,True,feasible_only,0.0,134.64399165013552,True,2935.1171525513996,,95.41265357898597,
S0012_R07,1202033,truck_only,S0012,n15_p0.75_d1_uniform_Elow_V1.25_Hshort_PWstrict_B0.20,15,0.7333333333333333,0.75,1,3,low,1.25,uniform,short,strict,0.2,200.0,40.0,1.0,peripheral,135.5624981559712,135.5624981559712,0.0,0.0,0.0,0.0,0.0,0.0,0.0,0.0,0.0,0.0,0.0,0.0,182.40869536521626,169.45312269496398,0.0,15,0,0.0,0,0,0.0,0.0,0.0,0.0,0.0,0.0,0,0.0,0.0,0,0,0,0.0028982162475585938,0.0,0.0,0.0,True,feasible,baseline_truck_only,135.5624981559712,169.45312269496398,,,,0.0,True,feasible_only,0.0,135.5624981559712,True,135.5624981559712,,,
S0012_R07,1202033,nils,S0012,n15_p0.75_d1_uniform_Elow_V1.25_Hshort_PWstrict_B0.20,15,0.7333333333333333,0.75,1,3,low,1.25,uniform,short,strict,0.2,200.0,40.0,1.0,peripheral,103.57410833371618,96.3528047509959,7.221303582720288,0.0,0.0,0.0,0.0,0.0,0.0,0.0,0.0,0.0,0.0,0.0,156.03472708534093,120.44100593874482,24.071011942400958,11,4,0.26666666666666666,1,1,4.0,4.0,0.0,0.0,0.0,0.0,0,0.7555834752764291,0.7555834752764291,0,171,171,0.14474010467529297,25.0,4.0,15.0,True,feasible,nils_complete,135.5624981559712,169.45312269496398,,23.596783961188766,,28.923702305827003,True,feasible_only,0.0,103.57410833371618,True,135.5624981559712,,23.596783961188766,
S0012_R08,1202034,truck_only,S0012,n15_p0.75_d1_uniform_Elow_V1.25_Hshort_PWstrict_B0.20,15,0.7333333333333333,0.75,1,3,low,1.25,uniform,short,strict,0.2,200.0,40.0,1.0,peripheral,18351.289370256745,126.15383945795465,0.0,0.0,18225.13553079879,18225.13553079879,91.12567765399396,0.0,0.0,91.12567765399396,18225.13553079879,0.0,0.0,0.0,147.1866019733522,157.69229932244332,0.0,15,0,0.0,0,0,0.0,0.0,0.0,0.0,0.0,0.0,0,0.0,0.0,0,0,0,0.0032601356506347656,0.0,0.0,0.0,True,feasible,baseline_truck_only,18351.289370256745,157.69229932244332,,,,0.0,True,feasible_only,0.0,18351.289370256745,True,18351.289370256745,,,
S0012_R08,1202034,nils,S0012,n15_p0.75_d1_uniform_Elow_V1.25_Hshort_PWstrict_B0.20,15,0.7333333333333333,0.75,1,3,low,1.25,uniform,short,strict,0.2,200.0,40.0,1.0,peripheral,4050.1923919455317,156.59480847474927,6.716615610588852,0.0,3886.8809678601933,3886.8809678601933,19.434404839300967,0.0,0.0,19.434404839300967,3886.8809678601933,0.0,0.0,0.0,133.60077314055331,195.74351059343658,22.38871870196284,14,1,0.06666666666666667,1,1,1.0,1.0,0.0,0.0,0.0,0.0,0,0.6396776771989383,0.6396776771989383,0,248,248,0.14752936363220215,25.0,4.0,3.0,True,feasible,nils_complete,18351.289370256745,157.69229932244332,,77.92965763751745,,-24.13003769650639,True,feasible_only,0.0,4050.1923919455317,True,18351.289370256745,,77.92965763751745,
S0012_R09,1202035,truck_only,S0012,n15_p0.75_d1_uniform_Elow_V1.25_Hshort_PWstrict_B0.20,15,0.7333333333333333,0.75,1,3,low,1.25,uniform,short,strict,0.2,200.0,40.0,1.0,peripheral,723.9962045099976,114.70881620977913,0.0,0.0,609.2873883002185,609.2873883002185,3.046436941501092,0.0,0.0,3.046436941501092,609.2873883002185,0.0,0.0,0.0,137.7537698267345,143.38602026222392,0.0,15,0,0.0,0,0,0.0,0.0,0.0,0.0,0.0,0.0,0,0.0,0.0,0,0,0,0.0053865909576416016,0.0,0.0,0.0,True,feasible,baseline_truck_only,723.9962045099976,143.38602026222392,,,,0.0,True,feasible_only,0.0,723.9962045099976,True,723.9962045099976,,,
S0012_R09,1202035,nils,S0012,n15_p0.75_d1_uniform_Elow_V1.25_Hshort_PWstrict_B0.20,15,0.7333333333333333,0.75,1,3,low,1.25,uniform,short,strict,0.2,200.0,40.0,1.0,peripheral,94.2638812573277,91.06311717359584,3.2007640837318485,0.0,0.0,0.0,0.0,0.0,0.0,0.0,0.0,0.0,0.0,0.0,109.81444738168263,113.82889646699482,10.669213612439497,13,2,0.13333333333333333,1,1,2.0,2.0,0.0,0.0,0.0,0.0,0,0.326848646927318,0.326848646927318,0,108,108,0.07059764862060547,12.0,2.0,3.0,True,feasible,nils_complete,723.9962045099976,143.38602026222392,,86.9800586425552,,20.613671919462668,True,feasible_only,0.0,94.2638812573277,True,723.9962045099976,,86.9800586425552,
S0012_R10,1202036,truck_only,S0012,n15_p0.75_d1_uniform_Elow_V1.25_Hshort_PWstrict_B0.20,15,0.7333333333333333,0.75,1,3,low,1.25,uniform,short,strict,0.2,200.0,40.0,1.0,peripheral,280.6189680497598,123.79766745948609,0.0,0.0,156.82130059027372,156.82130059027372,0.0,3.920532514756843,0.0,3.920532514756843,0.0,156.82130059027372,0.0,0.0,151.78749147028986,154.74708432435762,0.0,15,0,0.0,0,0,0.0,0.0,0.0,0.0,0.0,0.0,0,0.0,0.0,0,0,0,0.0036611557006835938,0.0,0.0,0.0,True,feasible,baseline_truck_only,280.6189680497598,154.74708432435762,,,,0.0,True,feasible_only,0.0,280.6189680497598,True,280.6189680497598,,,
S0012_R10,1202036,nils,S0012,n15_p0.75_d1_uniform_Elow_V1.25_Hshort_PWstrict_B0.20,15,0.7333333333333333,0.75,1,3,low,1.25,uniform,short,strict,0.2,200.0,40.0,1.0,peripheral,133.71573927489672,128.0475861316573,5.668153143239418,0.0,0.0,0.0,0.0,0.0,0.0,0.0,0.0,0.0,0.0,0.0,157.62091631899128,160.05948266457165,18.89384381079806,13,2,0.13333333333333333,1,1,2.0,2.0,0.0,0.0,0.0,0.0,0,0.5661225624516825,0.5661225624516825,0,160,160,0.12486958503723145,18.0,2.0,5.0,True,feasible,nils_complete,280.6189680497598,154.74708432435762,,52.34971455985612,,-3.4329553693425194,True,feasible_only,0.0,133.71573927489672,True,280.6189680497598,,52.34971455985612,
S0013_R01,1302027,truck_only,S0013,n15_p0.75_d1_clustered_Elow_V2.00_Hmedium_PWflat_B0.20,15,0.7333333333333333,0.75,1,3,low,2.0,clustered,medium,flat,0.2,1.0,1.0,1.0,peripheral,161.66222112444797,74.24468616517278,0.0,0.0,87.4175349592752,87.4175349592752,70.5829622580325,16.834572701242706,0.0,87.4175349592752,70.5829622580325,16.834572701242706,0.0,0.0,173.83226582568065,92.80585770646599,0.0,15,0,0.0,0,0,0.0,0.0,0.0,0.0,0.0,0.0,0,0.0,0.0,0,0,0,0.004857778549194336,0.0,0.0,0.0,True,feasible,baseline_truck_only,161.66222112444797,92.80585770646599,,,,0.0,True,feasible_only,0.0,161.66222112444797,True,161.66222112444797,,,
S0013_R01,1302027,nils,S0013,n15_p0.75_d1_clustered_Elow_V2.00_Hmedium_PWflat_B0.20,15,0.7333333333333333,0.75,1,3,low,2.0,clustered,medium,flat,0.2,1.0,1.0,1.0,peripheral,48.78437413549245,35.91294099405742,12.871433141435025,0.0,0.0,0.0,0.0,0.0,0.0,0.0,0.0,0.0,0.0,0.0,82.92478672408757,44.89117624257178,42.90477713811675,7,8,0.5333333333333333,1,1,8.0,8.0,0.0,0.0,0.0,0.0,0,0.7946474538876137,0.7946474538876137,0,56,56,0.19363045692443848,25.0,4.0,49.0,True,feasible,nils_complete,161.66222112444797,92.80585770646599,,69.82326866711914,,51.62894093974403,True,feasible_only,0.0,48.78437413549245,True,161.66222112444797,,69.82326866711914,
S0013_R02,1302028,truck_only,S0013,n15_p0.75_d1_clustered_Elow_V2.00_Hmedium_PWflat_B0.20,15,0.7333333333333333,0.75,1,3,low,2.0,clustered,medium,flat,0.2,1.0,1.0,1.0,peripheral,287.8813456815878,93.41714859755443,0.0,0.0,194.46419708403334,194.46419708403334,149.37765463002523,45.08654245400811,0.0,194.46419708403334,149.37765463002523,45.08654245400811,0.0,0.0,214.75411968848755,116.77143574694301,0.0,15,0,0.0,0,0,0.0,0.0,0.0,0.0,0.0,0.0,0,0.0,0.0,0,0,0,0.0039310455322265625,0.0,0.0,0.0,True,feasible,baseline_truck_only,287.8813456815878,116.77143574694301,,,,0.0,True,feasible_only,0.0,287.8813456815878,True,287.8813456815878,,,
S0013_R02,1302028,nils,S0013,n15_p0.75_d1_clustered_Elow_V2.00_Hmedium_PWflat_B0.20,15,0.7333333333333333,0.75,1,3,low,2.0,clustered,medium,flat,0.2,1.0,1.0,1.0,peripheral,54.59678390394686,41.98430097887825,12.612482925068603,0.0,0.0,0.0,0.0,0.0,0.0,0.0,0.0,0.0,0.0,0.0,99.17717810035252,52.480376223597816,42.04160975022867,10,5,0.3333333333333333,1,1,5.0,5.0,0.0,0.0,0.0,0.0,0,0.7906215107283339,0.7906215107283339,0,119,119,0.20417070388793945,25.0,5.0,48.0,True,feasible,nils_complete,287.8813456815878,116.77143574694301,,81.03496988501163,,55.05717996194826,True,feasible_only,0.0,54.59678390394686,True,287.8813456815878,,81.03496988501163,
S0013_R03,1302029,truck_only,S0013,n15_p0.75_d1_clustered_Elow_V2.00_Hmedium_PWflat_B0.20,15,0.7333333333333333,0.75,1,3,low,2.0,clustered,medium,flat,0.2,1.0,1.0,1.0,peripheral,193.61916233828214,69.72486707853488,0.0,0.0,123.89429525974725,123.89429525974725,123.89429525974725,0.0,0.0,123.89429525974725,123.89429525974725,0.0,0.0,0.0,163.62305866314324,87.1560838481686,0.0,15,0,0.0,0,0,0.0,0.0,0.0,0.0,0.0,0.0,0,0.0,0.0,0,0,0,0.005202054977416992,0.0,0.0,0.0,True,feasible,baseline_truck_only,193.61916233828214,87.1560838481686,,,,0.0,True,feasible_only,0.0,193.61916233828214,True,193.61916233828214,,,
S0013_R03,1302029,nils,S0013,n15_p0.75_d1_clustered_Elow_V2.00_Hmedium_PWflat_B0.20,15,0.7333333333333333,0.75,1,3,low,2.0,clustered,medium,flat,0.2,1.0,1.0,1.0,peripheral,57.02303904921639,46.16497773689956,10.858061312316835,0.0,0.0,0.0,0.0,0.0,0.0,0.0,0.0,0.0,0.0,0.0,109.7731540814355,57.70622217112444,36.19353770772278,12,3,0.2,1,1,3.0,3.0,0.0,0.0,0.0,0.0,0,0.6822544189075532,0.6822544189075532,0,105,105,0.15211033821105957,18.0,3.0,32.0,True,feasible,nils_complete,193.61916233828214,87.1560838481686,,70.54886594871822,,33.78979455794237,True,feasible_only,0.0,57.02303904921639,True,193.61916233828214,,70.54886594871822,
S0013_R04,1302030,truck_only,S0013,n15_p0.75_d1_clustered_Elow_V2.00_Hmedium_PWflat_B0.20,15,0.7333333333333333,0.75,1,3,low,2.0,clustered,medium,flat,0.2,1.0,1.0,1.0,peripheral,93.44498391971734,71.7559577450264,0.0,0.0,21.68902617469095,21.68902617469095,0.0,21.68902617469095,0.0,21.68902617469095,0.0,21.68902617469095,0.0,0.0,167.66151736201965,89.69494718128297,0.0,15,0,0.0,0,0,0.0,0.0,0.0,0.0,0.0,0.0,0,0.0,0.0,0,0,0,0.004915714263916016,0.0,0.0,0.0,True,feasible,baseline_truck_only,93.44498391971734,89.69494718128297,,,,0.0,True,feasible_only,0.0,93.44498391971734,True,93.44498391971734,,,
S0013_R04,1302030,nils,S0013,n15_p0.75_d1_clustered_Elow_V2.00_Hmedium_PWflat_B0.20,15,0.7333333333333333,0.75,1,3,low,2.0,clustered,medium,flat,0.2,1.0,1.0,1.0,peripheral,48.703981529123126,40.0524333680574,8.651548161065728,0.0,0.0,0.0,0.0,0.0,0.0,0.0,0.0,0.0,0.0,0.0,97.31777662592316,50.06554171007174,28.838493870219096,12,3,0.2,1,1,3.0,3.0,0.0,0.0,0.0,0.0,0,0.5205622390943841,0.5205622390943841,0,0,0,0.19128155708312988,22.0,3.0,74.0,True,feasible,nils_complete,93.44498391971734,89.69494718128297,,47.87951210846498,,44.182428014719726,True,feasible_only,0.0,48.703981529123126,True,93.44498391971734,,47.87951210846498,
S0013_R05,1302031,truck_only,S0013,n15_p0.75_d1_clustered_Elow_V2.00_Hmedium_PWflat_B0.20,15,0.7333333333333333,0.75,1,3,low,2.0,clustered,medium,flat,0.2,1.0,1.0,1.0,peripheral,140.8515735589314,69.6512189345708,0.0,0.0,71.20035462436059,71.20035462436059,71.20035462436059,0.0,0.0,71.20035462436059,71.20035462436059,0.0,0.0,0.0,162.94409717698136,87.06402366821351,0.0,15,0,0.0,0,0,0.0,0.0,0.0,0.0,0.0,0.0,0,0.0,0.0,0,0,0,0.00514674186706543,0.0,0.0,0.0,True,feasible,baseline_truck_only,140.8515735589314,87.06402366821351,,,,0.0,True,feasible_only,0.0,140.8515735589314,True,140.8515735589314,,,
S0013_R05,1302031,nils,S0013,n15_p0.75_d1_clustered_Elow_V2.00_Hmedium_PWflat_B0.20,15,0.7333333333333333,0.75,1,3,low,2.0,clustered,medium,flat,0.2,1.0,1.0,1.0,peripheral,48.814210335898416,36.913484794657236,11.900725541241181,0.0,0.0,0.0,0.0,0.0,0.0,0.0,0.0,0.0,0.0,0.0,87.14975360714003,46.14185599332154,39.6690851374706,9,6,0.4,1,1,6.0,6.0,0.0,0.0,0.0,0.0,0,0.7483702601268118,0.7483702601268118,0,73,73,0.21239066123962402,25.0,6.0,59.0,True,feasible,nils_complete,140.8515735589314,87.06402366821351,,65.34351083023232,,47.00238508484231,True,feasible_only,0.0,48.814210335898416,True,140.8515735589314,,65.34351083023232,
S0013_R06,1302032,truck_only,S0013,n15_p0.75_d1_clustered_Elow_V2.00_Hmedium_PWflat_B0.20,15,0.7333333333333333,0.75,1,3,low,2.0,clustered,medium,flat,0.2,1.0,1.0,1.0,peripheral,143.69052098243367,74.05023931140784,0.0,0.0,69.64028167102583,69.64028167102583,69.64028167102583,0.0,0.0,69.64028167102583,69.64028167102583,0.0,0.0,0.0,172.42380447364707,92.56279913925977,0.0,15,0,0.0,0,0,0.0,0.0,0.0,0.0,0.0,0.0,0,0.0,0.0,0,0,0,0.005620241165161133,0.0,0.0,0.0,True,feasible,baseline_truck_only,143.69052098243367,92.56279913925977,,,,0.0,True,feasible_only,0.0,143.69052098243367,True,143.69052098243367,,,
S0013_R06,1302032,nils,S0013,n15_p0.75_d1_clustered_Elow_V2.00_Hmedium_PWflat_B0.20,15,0.7333333333333333,0.75,1,3,low,2.0,clustered,medium,flat,0.2,1.0,1.0,1.0,peripheral,53.53216268199516,41.298680420584574,12.233482261410584,0.0,0.0,0.0,0.0,0.0,0.0,0.0,0.0,0.0,0.0,0.0,99.73955926317828,51.623350525730714,40.77827420470195,11,4,0.26666666666666666,1,1,4.0,4.0,0.0,0.0,0.0,0.0,0,0.7668608231560143,0.7668608231560143,0,105,105,0.1630687713623047,25.0,3.0,38.0,False,infeasible,nils_complete,143.69052098243367,92.56279913925977,,62.744819688878756,,44.22883598402861,False,feasible_only,0.0,,False,143.69052098243367,,,
S0013_R07,1302033,truck_only,S0013,n15_p0.75_d1_clustered_Elow_V2.00_Hmedium_PWflat_B0.20,15,0.7333333333333333,0.75,1,3,low,2.0,clustered,medium,flat,0.2,1.0,1.0,1.0,peripheral,140.90447974068343,71.63609784721314,0.0,0.0,69.2683818934703,69.2683818934703,53.15408729037644,16.114294603093867,0.0,69.2683818934703,53.15408729037644,16.114294603093867,0.0,0.0,167.52270463899632,89.54512230901642,0.0,15,0,0.0,0,0,0.0,0.0,0.0,0.0,0.0,0.0,0,0.0,0.0,0,0,0,0.004713296890258789,0.0,0.0,0.0,True,feasible,baseline_truck_only,140.90447974068343,89.54512230901642,,,,0.0,True,feasible_only,0.0,140.90447974068343,True,140.90447974068343,,,
S0013_R07,1302033,nils,S0013,n15_p0.75_d1_clustered_Elow_V2.00_Hmedium_PWflat_B0.20,15,0.7333333333333333,0.75,1,3,low,2.0,clustered,medium,flat,0.2,1.0,1.0,1.0,peripheral,55.18927519657836,45.1294401446132,10.059835051965159,0.0,0.0,0.0,0.0,0.0,0.0,0.0,0.0,0.0,0.0,0.0,107.45256670204276,56.411800180766484,33.53278350655053,12,3,0.2,1,1,3.0,3.0,0.0,0.0,0.0,0.0,0,0.6183431513229872,0.6183431513229872,0,48,48,0.14911532402038574,17.0,3.0,43.0,True,feasible,nils_complete,140.90447974068343,89.54512230901642,,60.83213585675408,,37.001816820248735,True,feasible_only,0.0,55.18927519657836,True,140.90447974068343,,60.83213585675408,
S0013_R08,1302034,truck_only,S0013,n15_p0.75_d1_clustered_Elow_V2.00_Hmedium_PWflat_B0.20,15,0.7333333333333333,0.75,1,3,low,2.0,clustered,medium,flat,0.2,1.0,1.0,1.0,peripheral,124.60797081361179,69.4075433550241,0.0,0.0,55.20042745858768,55.20042745858768,47.50404657468563,7.6963808839020516,0.0,55.20042745858768,47.50404657468563,7.6963808839020516,0.0,0.0,163.0986227730277,86.75942919378014,0.0,15,0,0.0,0,0,0.0,0.0,0.0,0.0,0.0,0.0,0,0.0,0.0,0,0,0,0.005496978759765625,0.0,0.0,0.0,True,feasible,baseline_truck_only,124.60797081361179,86.75942919378014,,,,0.0,True,feasible_only,0.0,124.60797081361179,True,124.60797081361179,,,
S0013_R08,1302034,nils,S0013,n15_p0.75_d1_clustered_Elow_V2.00_Hmedium_PWflat_B0.20,15,0.7333333333333333,0.75,1,3,low,2.0,clustered,medium,flat,0.2,1.0,1.0,1.0,peripheral,51.74476980426539,41.49265819885662,10.252111605408771,0.0,0.0,0.0,0.0,0.0,0.0,0.0,0.0,0.0,0.0,0.0,99.7765805510191,51.865822748570764,34.17370535136258,12,3,0.2,1,1,3.0,3.0,0.0,0.0,0.0,0.0,0,0.6256390426792788,0.6256390426792788,0,0,0,0.14255952835083008,25.0,3.0,38.0,True,feasible,nils_complete,124.60797081361179,86.75942919378014,,58.47394876394781,,40.218805920533796,True,feasible_only,0.0,51.74476980426539,True,124.60797081361179,,58.47394876394781,
S0013_R09,1302035,truck_only,S0013,n15_p0.75_d1_clustered_Elow_V2.00_Hmedium_PWflat_B0.20,15,0.7333333333333333,0.75,1,3,low,2.0,clustered,medium,flat,0.2,1.0,1.0,1.0,peripheral,64.16839700804627,64.16839700804627,0.0,0.0,0.0,0.0,0.0,0.0,0.0,0.0,0.0,0.0,0.0,0.0,152.48796978577627,80.21049626005784,0.0,15,0,0.0,0,0,0.0,0.0,0.0,0.0,0.0,0.0,0,0.0,0.0,0,0,0,0.002808094024658203,0.0,0.0,0.0,True,feasible,baseline_truck_only,64.16839700804627,80.21049626005784,,,,0.0,True,feasible_only,0.0,64.16839700804627,True,64.16839700804627,,,
S0013_R09,1302035,nils,S0013,n15_p0.75_d1_clustered_Elow_V2.00_Hmedium_PWflat_B0.20,15,0.7333333333333333,0.75,1,3,low,2.0,clustered,medium,flat,0.2,1.0,1.0,1.0,peripheral,47.71705817900123,38.19608852742922,9.520969651572013,0.0,0.0,0.0,0.0,0.0,0.0,0.0,0.0,0.0,0.0,0.0,90.18844321652072,47.74511065928652,31.736565505240044,8,7,0.4666666666666667,1,1,7.0,7.0,0.0,0.0,0.0,0.0,0,0.5837148212066356,0.5837148212066356,0,0,0,0.17041516304016113,22.0,7.0,66.0,True,feasible,nils_complete,64.16839700804627,80.21049626005784,,25.637758766176063,,40.475233435175745,True,feasible_only,0.0,47.71705817900123,True,64.16839700804627,,25.637758766176063,
S0013_R10,1302036,truck_only,S0013,n15_p0.75_d1_clustered_Elow_V2.00_Hmedium_PWflat_B0.20,15,0.7333333333333333,0.75,1,3,low,2.0,clustered,medium,flat,0.2,1.0,1.0,1.0,peripheral,307.62508882102657,73.78360014591104,0.0,0.0,233.84148867511553,233.84148867511553,219.4079167770848,14.433571898030735,0.0,233.84148867511556,219.4079167770848,14.433571898030735,0.0,0.0,172.703151869473,92.22950018238879,0.0,15,0,0.0,0,0,0.0,0.0,0.0,0.0,0.0,0.0,0,0.0,0.0,0,0,0,0.0028014183044433594,0.0,0.0,0.0,True,feasible,baseline_truck_only,307.62508882102657,92.22950018238879,,,,0.0,True,feasible_only,0.0,307.62508882102657,True,307.62508882102657,,,
S0013_R10,1302036,nils,S0013,n15_p0.75_d1_clustered_Elow_V2.00_Hmedium_PWflat_B0.20,15,0.7333333333333333,0.75,1,3,low,2.0,clustered,medium,flat,0.2,1.0,1.0,1.0,peripheral,51.466390964402194,40.64363954542641,10.822751418975784,0.0,0.0,0.0,0.0,0.0,0.0,0.0,0.0,0.0,0.0,0.0,98.05273051038802,50.804549431782995,36.07583806325261,11,4,0.26666666666666666,1,1,4.0,4.0,0.0,0.0,0.0,0.0,0,0.6724927988170626,0.6724927988170626,0,22,22,0.14614439010620117,25.0,4.0,37.0,False,infeasible,nils_complete,307.62508882102657,92.22950018238879,,83.26976802781361,,44.91507670396753,False,feasible_only,0.0,,False,307.62508882102657,,,
S0014_R01,1402027,truck_only,S0014,n15_p0.75_d1_clustered_Elow_V2.00_Hmedium_PWmoderate_B0.20,15,0.7333333333333333,0.75,1,3,low,2.0,clustered,medium,moderate,0.2,20.0,5.0,1.0,peripheral,3659.0950150922818,75.95495288295366,0.0,0.0,3583.140062209328,3583.140062209328,176.45414203005564,10.81144432164308,0.0,187.26558635169872,3529.082840601113,54.0572216082154,0.0,0.0,176.89563788857117,94.94369110369206,0.0,15,0,0.0,0,0,0.0,0.0,0.0,0.0,0.0,0.0,0,0.0,0.0,0,0,0,0.002641916275024414,0.0,0.0,0.0,True,feasible,baseline_truck_only,3659.0950150922818,94.94369110369206,,,,0.0,True,feasible_only,0.0,3659.0950150922818,True,3659.0950150922818,,,
S0014_R01,1402027,nils,S0014,n15_p0.75_d1_clustered_Elow_V2.00_Hmedium_PWmoderate_B0.20,15,0.7333333333333333,0.75,1,3,low,2.0,clustered,medium,moderate,0.2,20.0,5.0,1.0,peripheral,51.03714024992516,39.377683754552955,11.659456495372208,0.0,0.0,0.0,0.0,0.0,0.0,0.0,0.0,0.0,0.0,0.0,92.5582175424806,49.22210469319119,38.86485498457402,10,5,0.3333333333333333,1,1,5.0,5.0,0.0,0.0,0.0,0.0,0,0.7179140760766906,0.7179140760766906,0,35,35,0.1915121078491211,19.0,5.0,63.0,True,feasible,nils_complete,3659.0950150922818,94.94369110369206,,98.60519773224205,,48.15652928488568,True,feasible_only,0.0,51.03714024992516,True,3659.0950150922818,,98.60519773224205,
S0014_R02,1402028,truck_only,S0014,n15_p0.75_d1_clustered_Elow_V2.00_Hmedium_PWmoderate_B0.20,15,0.7333333333333333,0.75,1,3,low,2.0,clustered,medium,moderate,0.2,20.0,5.0,1.0,peripheral,2178.521946097232,70.20762656173788,0.0,0.0,2108.314319535494,2108.314319535494,101.98190147867297,13.735257992406929,0.0,115.7171594710799,2039.6380295734593,68.67628996203464,0.0,0.0,165.24064554634376,87.75953320217236,0.0,15,0,0.0,0,0,0.0,0.0,0.0,0.0,0.0,0.0,0,0.0,0.0,0,0,0,0.005141258239746094,0.0,0.0,0.0,True,feasible,baseline_truck_only,2178.521946097232,87.75953320217236,,,,0.0,True,feasible_only,0.0,2178.521946097232,True,2178.521946097232,,,
S0014_R02,1402028,nils,S0014,n15_p0.75_d1_clustered_Elow_V2.00_Hmedium_PWmoderate_B0.20,15,0.7333333333333333,0.75,1,3,low,2.0,clustered,medium,moderate,0.2,20.0,5.0,1.0,peripheral,53.58464811407185,40.94607198535365,12.638576128718197,0.0,0.0,0.0,0.0,0.0,0.0,0.0,0.0,0.0,0.0,0.0,97.14991988654982,51.18258998169205,42.128587095727326,10,5,0.3333333333333333,1,1,5.0,5.0,0.0,0.0,0.0,0.0,0,0.7960365407824121,0.7960365407824121,0,119,119,0.32047200202941895,25.0,5.0,48.0,True,feasible,nils_complete,2178.521946097232,87.75953320217236,,97.54032094053183,,41.67859819424712,True,feasible_only,0.0,53.58464811407185,True,2178.521946097232,,97.54032094053183,
S0014_R03,1402029,truck_only,S0014,n15_p0.75_d1_clustered_Elow_V2.00_Hmedium_PWmoderate_B0.20,15,0.7333333333333333,0.75,1,3,low,2.0,clustered,medium,moderate,0.2,20.0,5.0,1.0,peripheral,4145.54117450527,84.40384127859545,0.0,0.0,4061.137333226674,4061.137333226674,175.0591926953076,111.99069586410451,0.0,287.0498885594121,3501.183853906152,559.9534793205225,0.0,0.0,194.36015629079319,105.50480159824431,0.0,15,0,0.0,0,0,0.0,0.0,0.0,0.0,0.0,0.0,0,0.0,0.0,0,0,0,0.0028595924377441406,0.0,0.0,0.0,True,feasible,baseline_truck_only,4145.54117450527,105.50480159824431,,,,0.0,True,feasible_only,0.0,4145.54117450527,True,4145.54117450527,,,
S0014_R03,1402029,nils,S0014,n15_p0.75_d1_clustered_Elow_V2.00_Hmedium_PWmoderate_B0.20,15,0.7333333333333333,0.75,1,3,low,2.0,clustered,medium,moderate,0.2,20.0,5.0,1.0,peripheral,88.88662213825592,77.06042245464637,11.826199683609548,0.0,0.0,0.0,0.0,0.0,0.0,0.0,0.0,0.0,0.0,0.0,100.09219364127858,96.32552806830795,39.42066561203183,11,4,0.26666666666666666,1,1,4.0,4.0,0.0,0.0,0.0,0.0,0,0.7483195277773746,0.7483195277773746,0,148,148,0.2582521438598633,25.0,6.0,38.0,True,feasible,nils_complete,4145.54117450527,105.50480159824431,,97.85584997478976,,8.700337227200775,True,feasible_only,0.0,88.88662213825592,True,4145.54117450527,,97.85584997478976,
S0014_R04,1402030,truck_only,S0014,n15_p0.75_d1_clustered_Elow_V2.00_Hmedium_PWmoderate_B0.20,15,0.7333333333333333,0.75,1,3,low,2.0,clustered,medium,moderate,0.2,20.0,5.0,1.0,peripheral,1994.125114362936,69.1130046171509,0.0,0.0,1925.0121097457852,1925.0121097457852,96.25060548728926,0.0,0.0,96.25060548728926,1925.0121097457852,0.0,0.0,0.0,162.4847950306251,86.39125577143864,0.0,15,0,0.0,0,0,0.0,0.0,0.0,0.0,0.0,0.0,0,0.0,0.0,0,0,0,0.005391359329223633,0.0,0.0,0.0,True,feasible,baseline_truck_only,1994.125114362936,86.39125577143864,,,,0.0,True,feasible_only,0.0,1994.125114362936,True,1994.125114362936,,,
S0014_R04,1402030,nils,S0014,n15_p0.75_d1_clustered_Elow_V2.00_Hmedium_PWmoderate_B0.20,15,0.7333333333333333,0.75,1,3,low,2.0,clustered,medium,moderate,0.2,20.0,5.0,1.0,peripheral,51.447724452872684,42.13747781920872,9.310246633663965,0.0,0.0,0.0,0.0,0.0,0.0,0.0,0.0,0.0,0.0,0.0,102.18102358509739,52.6718472740109,31.034155445546546,13,2,0.13333333333333333,1,1,2.0,2.0,0.0,0.0,0.0,0.0,0,0.556927814648449,0.556927814648449,0,45,45,0.19612431526184082,17.0,2.0,51.0,True,feasible,nils_complete,1994.125114362936,86.39125577143864,,97.42003527851317,,39.03104335771854,True,feasible_only,0.0,51.447724452872684,True,1994.125114362936,,97.42003527851317,
S0014_R05,1402031,truck_only,S0014,n15_p0.75_d1_clustered_Elow_V2.00_Hmedium_PWmoderate_B0.20,15,0.7333333333333333,0.75,1,3,low,2.0,clustered,medium,moderate,0.2,20.0,5.0,1.0,peripheral,62.80601150621378,62.80601150621378,0.0,0.0,0.0,0.0,0.0,0.0,0.0,0.0,0.0,0.0,0.0,0.0,147.6666658319775,78.50751438276723,0.0,15,0,0.0,0,0,0.0,0.0,0.0,0.0,0.0,0.0,0,0.0,0.0,0,0,0,0.003051280975341797,0.0,0.0,0.0,True,feasible,baseline_truck_only,62.80601150621378,78.50751438276723,,,,0.0,True,feasible_only,0.0,62.80601150621378,True,62.80601150621378,,,
S0014_R05,1402031,nils,S0014,n15_p0.75_d1_clustered_Elow_V2.00_Hmedium_PWmoderate_B0.20,15,0.7333333333333333,0.75,1,3,low,2.0,clustered,medium,moderate,0.2,20.0,5.0,1.0,peripheral,53.91474842786867,41.6795026138572,12.235245814011474,0.0,0.0,0.0,0.0,0.0,0.0,0.0,0.0,0.0,0.0,0.0,98.0470163407219,52.0993782673215,40.78415271337158,10,5,0.3333333333333333,1,1,5.0,5.0,0.0,0.0,0.0,0.0,0,0.7558864072586421,0.7558864072586421,0,96,96,0.19079899787902832,25.0,4.0,50.0,True,feasible,nils_complete,62.80601150621378,78.50751438276723,,14.156707081240844,,33.6377177688897,True,feasible_only,0.0,53.91474842786867,True,62.80601150621378,,14.156707081240844,
S0014_R06,1402032,truck_only,S0014,n15_p0.75_d1_clustered_Elow_V2.00_Hmedium_PWmoderate_B0.20,15,0.7333333333333333,0.75,1,3,low,2.0,clustered,medium,moderate,0.2,20.0,5.0,1.0,peripheral,122.21973380099541,74.56716785746352,0.0,0.0,47.6525659435319,47.6525659435319,0.0,9.53051318870638,0.0,9.53051318870638,0.0,47.6525659435319,0.0,0.0,173.3011178062814,93.2089598218294,0.0,15,0,0.0,0,0,0.0,0.0,0.0,0.0,0.0,0.0,0,0.0,0.0,0,0,0,0.005415439605712891,0.0,0.0,0.0,True,feasible,baseline_truck_only,122.21973380099541,93.2089598218294,,,,0.0,True,feasible_only,0.0,122.21973380099541,True,122.21973380099541,,,
S0014_R06,1402032,nils,S0014,n15_p0.75_d1_clustered_Elow_V2.00_Hmedium_PWmoderate_B0.20,15,0.7333333333333333,0.75,1,3,low,2.0,clustered,medium,moderate,0.2,20.0,5.0,1.0,peripheral,50.36944892648524,41.00101782656087,9.368431099924372,0.0,0.0,0.0,0.0,0.0,0.0,0.0,0.0,0.0,0.0,0.0,99.58654579476374,51.25127228320109,31.228103666414576,13,2,0.13333333333333333,1,1,2.0,2.0,0.0,0.0,0.0,0.0,0,0.5580398724288581,0.5580398724288581,0,34,34,0.1922776699066162,18.0,2.0,56.0,True,feasible,nils_complete,122.21973380099541,93.2089598218294,,58.787793623819034,,45.014650543071376,True,feasible_only,0.0,50.36944892648524,True,122.21973380099541,,58.787793623819034,
S0014_R07,1402033,truck_only,S0014,n15_p0.75_d1_clustered_Elow_V2.00_Hmedium_PWmoderate_B0.20,15,0.7333333333333333,0.75,1,3,low,2.0,clustered,medium,moderate,0.2,20.0,5.0,1.0,peripheral,1952.0462925739257,81.44142646597268,0.0,0.0,1870.604866107953,1870.604866107953,74.1054356182692,77.69923074851381,0.0,151.804666366783,1482.108712365384,388.49615374256905,0.0,0.0,188.11572706818168,101.80178308246585,0.0,15,0,0.0,0,0,0.0,0.0,0.0,0.0,0.0,0.0,0,0.0,0.0,0,0,0,0.005343198776245117,0.0,0.0,0.0,True,feasible,baseline_truck_only,1952.0462925739257,101.80178308246585,,,,0.0,True,feasible_only,0.0,1952.0462925739257,True,1952.0462925739257,,,
S0014_R07,1402033,nils,S0014,n15_p0.75_d1_clustered_Elow_V2.00_Hmedium_PWmoderate_B0.20,15,0.7333333333333333,0.75,1,3,low,2.0,clustered,medium,moderate,0.2,20.0,5.0,1.0,peripheral,55.54393597124644,43.75464618516469,11.789289786081756,0.0,0.0,0.0,0.0,0.0,0.0,0.0,0.0,0.0,0.0,0.0,103.50990235731817,54.69330773145585,39.29763262027252,11,4,0.26666666666666666,1,1,4.0,4.0,0.0,0.0,0.0,0.0,0,0.7411162086044735,0.7411162086044735,0,126,126,0.17607712745666504,25.0,4.0,38.0,False,infeasible,nils_complete,1952.0462925739257,101.80178308246585,,97.15457895734598,,46.27470553521559,False,feasible_only,0.0,,False,1952.0462925739257,,,
S0014_R08,1402034,truck_only,S0014,n15_p0.75_d1_clustered_Elow_V2.00_Hmedium_PWmoderate_B0.20,15,0.7333333333333333,0.75,1,3,low,2.0,clustered,medium,moderate,0.2,20.0,5.0,1.0,peripheral,3123.448527805591,70.67356163872842,0.0,0.0,3052.774966166862,3052.774966166862,149.55275085716752,12.343989804702318,0.0,161.89674066186984,2991.0550171433506,61.71994902351159,0.0,0.0,165.40965874646702,88.34195204841052,0.0,15,0,0.0,0,0,0.0,0.0,0.0,0.0,0.0,0.0,0,0.0,0.0,0,0,0,0.004838228225708008,0.0,0.0,0.0,True,feasible,baseline_truck_only,3123.448527805591,88.34195204841052,,,,0.0,True,feasible_only,0.0,3123.448527805591,True,3123.448527805591,,,
S0014_R08,1402034,nils,S0014,n15_p0.75_d1_clustered_Elow_V2.00_Hmedium_PWmoderate_B0.20,15,0.7333333333333333,0.75,1,3,low,2.0,clustered,medium,moderate,0.2,20.0,5.0,1.0,peripheral,80.50690467004596,69.09993387901166,11.406970791034293,0.0,0.0,0.0,0.0,0.0,0.0,0.0,0.0,0.0,0.0,0.0,89.32719898201181,86.37491734876457,38.023235970114314,12,3,0.2,1,1,3.0,3.0,0.0,0.0,0.0,0.0,0,0.7206844880107548,0.7206844880107548,0,176,176,0.18029570579528809,25.0,5.0,30.0,True,feasible,nils_complete,3123.448527805591,88.34195204841052,,97.42249939599272,,2.226614483872888,True,feasible_only,0.0,80.50690467004596,True,3123.448527805591,,97.42249939599272,
S0014_R09,1402035,truck_only,S0014,n15_p0.75_d1_clustered_Elow_V2.00_Hmedium_PWmoderate_B0.20,15,0.7333333333333333,0.75,1,3,low,2.0,clustered,medium,moderate,0.2,20.0,5.0,1.0,peripheral,2399.3021521460273,77.14770585941237,0.0,0.0,2322.154446286615,2322.154446286615,113.47420801206482,10.53405720906379,0.0,124.00826522112861,2269.484160241296,52.670286045318946,0.0,0.0,180.20573507743174,96.43463232426544,0.0,15,0,0.0,0,0,0.0,0.0,0.0,0.0,0.0,0.0,0,0.0,0.0,0,0,0,0.003072023391723633,0.0,0.0,0.0,True,feasible,baseline_truck_only,2399.3021521460273,96.43463232426544,,,,0.0,True,feasible_only,0.0,2399.3021521460273,True,2399.3021521460273,,,
S0014_R09,1402035,nils,S0014,n15_p0.75_d1_clustered_Elow_V2.00_Hmedium_PWmoderate_B0.20,15,0.7333333333333333,0.75,1,3,low,2.0,clustered,medium,moderate,0.2,20.0,5.0,1.0,peripheral,52.819431376929366,42.1187438700026,10.700687506926768,0.0,0.0,0.0,0.0,0.0,0.0,0.0,0.0,0.0,0.0,0.0,102.27568046603642,52.64842983750325,35.66895835642256,12,3,0.2,1,1,3.0,3.0,0.0,0.0,0.0,0.0,0,0.6619896093462441,0.6619896093462441,0,43,43,0.14904332160949707,25.0,3.0,37.0,True,feasible,nils_complete,2399.3021521460273,96.43463232426544,,97.79855024388296,,45.40505981246371,True,feasible_only,0.0,52.819431376929366,True,2399.3021521460273,,97.79855024388296,
S0014_R10,1402036,truck_only,S0014,n15_p0.75_d1_clustered_Elow_V2.00_Hmedium_PWmoderate_B0.20,15,0.7333333333333333,0.75,1,3,low,2.0,clustered,medium,moderate,0.2,20.0,5.0,1.0,peripheral,2050.188333310183,73.19545669129882,0.0,0.0,1976.9928766188846,1976.9928766188846,96.73270753015805,8.467745203144744,0.0,105.2004527333028,1934.654150603161,42.33872601572372,0.0,0.0,172.14304989300638,91.4943208641235,0.0,15,0,0.0,0,0,0.0,0.0,0.0,0.0,0.0,0.0,0,0.0,0.0,0,0,0,0.0031516551971435547,0.0,0.0,0.0,True,feasible,baseline_truck_only,2050.188333310183,91.4943208641235,,,,0.0,True,feasible_only,0.0,2050.188333310183,True,2050.188333310183,,,
S0014_R10,1402036,nils,S0014,n15_p0.75_d1_clustered_Elow_V2.00_Hmedium_PWmoderate_B0.20,15,0.7333333333333333,0.75,1,3,low,2.0,clustered,medium,moderate,0.2,20.0,5.0,1.0,peripheral,52.63678219311501,41.02279393310448,11.613988260010526,0.0,0.0,0.0,0.0,0.0,0.0,0.0,0.0,0.0,0.0,0.0,100.40619444516682,51.2784924163806,38.71329420003509,11,4,0.26666666666666666,1,1,4.0,4.0,0.0,0.0,0.0,0.0,0,0.7295316875698338,0.7295316875698338,0,88,88,0.14830493927001953,25.0,4.0,34.0,False,infeasible,nils_complete,2050.188333310183,91.4943208641235,,97.43258795604748,,43.954453203130136,False,feasible_only,0.0,,False,2050.188333310183,,,
S0015_R01,1502027,truck_only,S0015,n15_p0.75_d1_clustered_Emedium_V1.25_Hshort_PWmoderate_B0.20,15,0.7333333333333333,0.75,1,3,medium,1.25,clustered,short,moderate,0.2,20.0,5.0,1.0,peripheral,847.0954015226275,72.10478770038536,0.0,0.0,774.9906138222422,774.9906138222422,38.749530691112106,0.0,0.0,38.749530691112106,774.9906138222422,0.0,0.0,0.0,169.17793904139097,90.13098462548172,0.0,15,0,0.0,0,0,0.0,0.0,0.0,0.0,0.0,0.0,0,0.0,0.0,0,0,0,0.0029976367950439453,0.0,0.0,0.0,True,feasible,baseline_truck_only,847.0954015226275,90.13098462548172,,,,0.0,True,feasible_only,0.0,847.0954015226275,True,847.0954015226275,,,
S0015_R01,1502027,nils,S0015,n15_p0.75_d1_clustered_Emedium_V1.25_Hshort_PWmoderate_B0.20,15,0.7333333333333333,0.75,1,3,medium,1.25,clustered,short,moderate,0.2,20.0,5.0,1.0,peripheral,52.679804081124146,41.008185766851184,11.67161831427296,0.0,0.0,0.0,0.0,0.0,0.0,0.0,0.0,0.0,0.0,0.0,97.93964009991771,51.26023220856397,38.90539438090987,11,4,0.26666666666666666,1,1,4.0,4.0,0.0,0.0,0.0,0.0,0,0.7961284190900719,0.7961284190900719,0,140,140,0.206038236618042,25.0,4.0,46.0,True,feasible,nils_complete,847.0954015226275,90.13098462548172,,93.78112500830085,,43.12695859080658,True,feasible_only,0.0,52.679804081124146,True,847.0954015226275,,93.78112500830085,
S0015_R02,1502028,truck_only,S0015,n15_p0.75_d1_clustered_Emedium_V1.25_Hshort_PWmoderate_B0.20,15,0.7333333333333333,0.75,1,3,medium,1.25,clustered,short,moderate,0.2,20.0,5.0,1.0,peripheral,815.811545297697,55.478560822379244,0.0,0.0,760.3329844753177,760.3329844753177,38.01664922376589,0.0,0.0,38.01664922376589,760.3329844753177,0.0,0.0,0.0,131.41551664993816,69.34820102797407,0.0,15,0,0.0,0,0,0.0,0.0,0.0,0.0,0.0,0.0,0,0.0,0.0,0,0,0,0.005112171173095703,0.0,0.0,0.0,True,feasible,baseline_truck_only,815.811545297697,69.34820102797407,,,,0.0,True,feasible_only,0.0,815.811545297697,True,815.811545297697,,,
S0015_R02,1502028,nils,S0015,n15_p0.75_d1_clustered_Emedium_V1.25_Hshort_PWmoderate_B0.20,15,0.7333333333333333,0.75,1,3,medium,1.25,clustered,short,moderate,0.2,20.0,5.0,1.0,peripheral,45.77336147946226,36.74476010991368,9.028601369548584,0.0,0.0,0.0,0.0,0.0,0.0,0.0,0.0,0.0,0.0,0.0,87.93534811046482,45.930950137392095,30.095337898495284,12,3,0.2,1,1,3.0,3.0,0.0,0.0,0.0,0.0,0,0.6172695820428896,0.6172695820428896,0,45,45,0.14217495918273926,18.0,3.0,59.0,True,feasible,nils_complete,815.811545297697,69.34820102797407,,94.38922362115395,,33.76764003025225,True,feasible_only,0.0,45.77336147946226,True,815.811545297697,,94.38922362115395,
S0015_R03,1502029,truck_only,S0015,n15_p0.75_d1_clustered_Emedium_V1.25_Hshort_PWmoderate_B0.20,15,0.7333333333333333,0.75,1,3,medium,1.25,clustered,short,moderate,0.2,20.0,5.0,1.0,peripheral,1149.3949786910084,60.89190359387608,0.0,0.0,1088.5030750971323,1088.5030750971323,54.42515375485661,0.0,0.0,54.42515375485661,1088.5030750971323,0.0,0.0,0.0,142.95074894245627,76.11487949234511,0.0,15,0,0.0,0,0,0.0,0.0,0.0,0.0,0.0,0.0,0,0.0,0.0,0,0,0,0.004230499267578125,0.0,0.0,0.0,True,feasible,baseline_truck_only,1149.3949786910084,76.11487949234511,,,,0.0,True,feasible_only,0.0,1149.3949786910084,True,1149.3949786910084,,,
S0015_R03,1502029,nils,S0015,n15_p0.75_d1_clustered_Emedium_V1.25_Hshort_PWmoderate_B0.20,15,0.7333333333333333,0.75,1,3,medium,1.25,clustered,short,moderate,0.2,20.0,5.0,1.0,peripheral,46.35223276589971,35.901371884871345,10.45086088102836,0.0,0.0,0.0,0.0,0.0,0.0,0.0,0.0,0.0,0.0,0.0,85.8341276356176,44.876714856089194,34.8362029367612,12,3,0.2,1,1,3.0,3.0,0.0,0.0,0.0,0.0,0,0.7060863853465317,0.7060863853465317,0,99,99,0.18630528450012207,25.0,3.0,43.0,True,feasible,nils_complete,1149.3949786910084,76.11487949234511,,95.96724941162627,,41.040812052257856,True,feasible_only,0.0,46.35223276589971,True,1149.3949786910084,,95.96724941162627,
S0015_R04,1502030,truck_only,S0015,n15_p0.75_d1_clustered_Emedium_V1.25_Hshort_PWmoderate_B0.20,15,0.7333333333333333,0.75,1,3,medium,1.25,clustered,short,moderate,0.2,20.0,5.0,1.0,peripheral,128.75422500174068,73.0303302545999,0.0,0.0,55.72389474714079,55.72389474714079,0.0,11.144778949428158,0.0,11.144778949428158,0.0,55.72389474714079,0.0,0.0,170.98505241865575,91.2879128182499,0.0,15,0,0.0,0,0,0.0,0.0,0.0,0.0,0.0,0.0,0,0.0,0.0,0,0,0,0.004878520965576172,0.0,0.0,0.0,True,feasible,baseline_truck_only,128.75422500174068,91.2879128182499,,,,0.0,True,feasible_only,0.0,128.75422500174068,True,128.75422500174068,,,
S0015_R04,1502030,nils,S0015,n15_p0.75_d1_clustered_Emedium_V1.25_Hshort_PWmoderate_B0.20,15,0.7333333333333333,0.75,1,3,medium,1.25,clustered,short,moderate,0.2,20.0,5.0,1.0,peripheral,122.41938791859513,110.89729393164609,11.522093986949042,0.0,0.0,0.0,0.0,0.0,0.0,0.0,0.0,0.0,0.0,0.0,88.40370291313697,138.6216174145576,38.406979956496805,10,5,0.3333333333333333,1,1,5.0,5.0,0.0,0.0,0.0,0.0,0,0.7923529284559145,0.7923529284559145,0,127,127,0.20772099494934082,25.0,2.0,40.0,True,feasible,nils_complete,128.75422500174068,91.2879128182499,,4.9201003563649275,,-51.85100977228712,True,feasible_only,0.0,122.41938791859513,True,128.75422500174068,,4.9201003563649275,
S0015_R05,1502031,truck_only,S0015,n15_p0.75_d1_clustered_Emedium_V1.25_Hshort_PWmoderate_B0.20,15,0.7333333333333333,0.75,1,3,medium,1.25,clustered,short,moderate,0.2,20.0,5.0,1.0,peripheral,3503.5903257503187,86.58775086734114,0.0,0.0,3417.0025748829776,3417.0025748829776,170.81182330368748,0.15322176184561442,0.0,170.9650450655331,3416.2364660737494,0.7661088092280721,0.0,0.0,199.16520254980514,108.23468858417647,0.0,15,0,0.0,0,0,0.0,0.0,0.0,0.0,0.0,0.0,0,0.0,0.0,0,0,0,0.005446910858154297,0.0,0.0,0.0,True,feasible,baseline_truck_only,3503.5903257503187,108.23468858417647,,,,0.0,True,feasible_only,0.0,3503.5903257503187,True,3503.5903257503187,,,
S0015_R05,1502031,nils,S0015,n15_p0.75_d1_clustered_Emedium_V1.25_Hshort_PWmoderate_B0.20,15,0.7333333333333333,0.75,1,3,medium,1.25,clustered,short,moderate,0.2,20.0,5.0,1.0,peripheral,92.51957055660134,81.01309778765673,11.506472768944612,0.0,0.0,0.0,0.0,0.0,0.0,0.0,0.0,0.0,0.0,0.0,95.23656982203833,101.26637223457092,38.35490922981538,12,3,0.2,1,1,3.0,3.0,0.0,0.0,0.0,0.0,0,0.7995726857949926,0.7995726857949926,0,182,182,0.18746256828308105,25.0,7.0,24.0,True,feasible,nils_complete,3503.5903257503187,108.23468858417647,,97.3592925555077,,6.438154385399403,True,feasible_only,0.0,92.51957055660134,True,3503.5903257503187,,97.3592925555077,
S0015_R06,1502032,truck_only,S0015,n15_p0.75_d1_clustered_Emedium_V1.25_Hshort_PWmoderate_B0.20,15,0.7333333333333333,0.75,1,3,medium,1.25,clustered,short,moderate,0.2,20.0,5.0,1.0,peripheral,620.2616832849332,73.9722429613636,0.0,0.0,546.2894403235696,546.2894403235696,26.447247910500842,3.468896422710543,0.0,29.916144333211385,528.9449582100168,17.344482113552715,0.0,0.0,170.16129815542024,92.46530370170449,0.0,15,0,0.0,0,0,0.0,0.0,0.0,0.0,0.0,0.0,0,0.0,0.0,0,0,0,0.002944469451904297,0.0,0.0,0.0,True,feasible,baseline_truck_only,620.2616832849332,92.46530370170449,,,,0.0,True,feasible_only,0.0,620.2616832849332,True,620.2616832849332,,,
S0015_R06,1502032,nils,S0015,n15_p0.75_d1_clustered_Emedium_V1.25_Hshort_PWmoderate_B0.20,15,0.7333333333333333,0.75,1,3,medium,1.25,clustered,short,moderate,0.2,20.0,5.0,1.0,peripheral,58.94910265861976,48.26572326343259,10.683379395187167,0.0,0.0,0.0,0.0,0.0,0.0,0.0,0.0,0.0,0.0,0.0,111.20554344406973,60.33215407929073,35.611264650623895,10,5,0.3333333333333333,1,1,5.0,5.0,0.0,0.0,0.0,0.0,0,0.7354457612777511,0.7354457612777511,0,83,83,0.1680586338043213,25.0,5.0,49.0,True,feasible,nils_complete,620.2616832849332,92.46530370170449,,90.49609152923607,,34.751575278524086,True,feasible_only,0.0,58.94910265861976,True,620.2616832849332,,90.49609152923607,
S0015_R07,1502033,truck_only,S0015,n15_p0.75_d1_clustered_Emedium_V1.25_Hshort_PWmoderate_B0.20,15,0.7333333333333333,0.75,1,3,medium,1.25,clustered,short,moderate,0.2,20.0,5.0,1.0,peripheral,1936.0802910115776,81.99765918000764,0.0,0.0,1854.0826318315699,1854.0826318315699,81.88770809991173,43.26569396666706,0.0,125.15340206657879,1637.7541619982346,216.3284698333353,0.0,0.0,188.97694615692146,102.49707397500954,0.0,15,0,0.0,0,0,0.0,0.0,0.0,0.0,0.0,0.0,0,0.0,0.0,0,0,0,0.004899024963378906,0.0,0.0,0.0,True,feasible,baseline_truck_only,1936.0802910115776,102.49707397500954,,,,0.0,True,feasible_only,0.0,1936.0802910115776,True,1936.0802910115776,,,
S0015_R07,1502033,nils,S0015,n15_p0.75_d1_clustered_Emedium_V1.25_Hshort_PWmoderate_B0.20,15,0.7333333333333333,0.75,1,3,medium,1.25,clustered,short,moderate,0.2,20.0,5.0,1.0,peripheral,52.11647902113343,43.33869163149188,8.777787389641546,0.0,0.0,0.0,0.0,0.0,0.0,0.0,0.0,0.0,0.0,0.0,104.41546147106739,54.17336453936486,29.259291298805152,13,2,0.13333333333333333,1,1,2.0,2.0,0.0,0.0,0.0,0.0,0,0.5958202038917286,0.5958202038917286,0,138,138,0.19316768646240234,25.0,2.0,27.0,True,feasible,nils_complete,1936.0802910115776,102.49707397500954,,97.30814474672931,,47.14642824577293,True,feasible_only,0.0,52.11647902113343,True,1936.0802910115776,,97.30814474672931,
S0015_R08,1502034,truck_only,S0015,n15_p0.75_d1_clustered_Emedium_V1.25_Hshort_PWmoderate_B0.20,15,0.7333333333333333,0.75,1,3,medium,1.25,clustered,short,moderate,0.2,20.0,5.0,1.0,peripheral,697.9461805838048,69.77170292228091,0.0,0.0,628.1744776615238,628.1744776615238,31.408723883076192,0.0,0.0,31.408723883076192,628.1744776615238,0.0,0.0,0.0,163.08331053887005,87.21462865285113,0.0,15,0,0.0,0,0,0.0,0.0,0.0,0.0,0.0,0.0,0,0.0,0.0,0,0,0,0.0027933120727539062,0.0,0.0,0.0,True,feasible,baseline_truck_only,697.9461805838048,87.21462865285113,,,,0.0,True,feasible_only,0.0,697.9461805838048,True,697.9461805838048,,,
S0015_R08,1502034,nils,S0015,n15_p0.75_d1_clustered_Emedium_V1.25_Hshort_PWmoderate_B0.20,15,0.7333333333333333,0.75,1,3,medium,1.25,clustered,short,moderate,0.2,20.0,5.0,1.0,peripheral,47.97176079945514,36.98611808201716,10.985642717437983,0.0,0.0,0.0,0.0,0.0,0.0,0.0,0.0,0.0,0.0,0.0,85.80951551610423,46.23264760252145,36.618809058126615,8,7,0.4666666666666667,1,1,7.0,7.0,0.0,0.0,0.0,0.0,0,0.7650939946890379,0.7650939946890379,0,76,76,0.17018675804138184,25.0,6.0,52.0,True,feasible,nils_complete,697.9461805838048,87.21462865285113,,93.12672493467495,,46.98980169193203,True,feasible_only,0.0,47.97176079945514,True,697.9461805838048,,93.12672493467495,
S0015_R09,1502035,truck_only,S0015,n15_p0.75_d1_clustered_Emedium_V1.25_Hshort_PWmoderate_B0.20,15,0.7333333333333333,0.75,1,3,medium,1.25,clustered,short,moderate,0.2,20.0,5.0,1.0,peripheral,868.7398140801699,73.61008752492762,0.0,0.0,795.1297265552423,795.1297265552423,36.51399498649374,12.969965365073492,0.0,49.483960351567234,730.2798997298748,64.84982682536746,0.0,0.0,171.4087105516044,92.01260940615951,0.0,15,0,0.0,0,0,0.0,0.0,0.0,0.0,0.0,0.0,0,0.0,0.0,0,0,0,0.0027976036071777344,0.0,0.0,0.0,True,feasible,baseline_truck_only,868.7398140801699,92.01260940615951,,,,0.0,True,feasible_only,0.0,868.7398140801699,True,868.7398140801699,,,
S0015_R09,1502035,nils,S0015,n15_p0.75_d1_clustered_Emedium_V1.25_Hshort_PWmoderate_B0.20,15,0.7333333333333333,0.75,1,3,medium,1.25,clustered,short,moderate,0.2,20.0,5.0,1.0,peripheral,55.36588194608737,45.65965549549854,9.706226450588833,0.0,0.0,0.0,0.0,0.0,0.0,0.0,0.0,0.0,0.0,0.0,110.34745591535466,57.07456936937318,32.354088168629445,13,2,0.13333333333333333,1,1,2.0,2.0,0.0,0.0,0.0,0.0,0,0.6587535629372983,0.6587535629372983,0,151,151,0.16797280311584473,25.0,2.0,34.0,True,feasible,nils_complete,868.7398140801699,92.01260940615951,,93.62687411711303,,37.97092622660423,True,feasible_only,0.0,55.36588194608737,True,868.7398140801699,,93.62687411711303,
S0015_R10,1502036,truck_only,S0015,n15_p0.75_d1_clustered_Emedium_V1.25_Hshort_PWmoderate_B0.20,15,0.7333333333333333,0.75,1,3,medium,1.25,clustered,short,moderate,0.2,20.0,5.0,1.0,peripheral,549.4025192924435,73.90655974749731,0.0,0.0,475.4959595449461,475.4959595449461,19.804423126195758,15.881499404206195,0.0,35.68592253040195,396.08846252391515,79.40749702103098,0.0,0.0,174.25669883282396,92.38319968437165,0.0,15,0,0.0,0,0,0.0,0.0,0.0,0.0,0.0,0.0,0,0.0,0.0,0,0,0,0.005364179611206055,0.0,0.0,0.0,True,feasible,baseline_truck_only,549.4025192924435,92.38319968437165,,,,0.0,True,feasible_only,0.0,549.4025192924435,True,549.4025192924435,,,
S0015_R10,1502036,nils,S0015,n15_p0.75_d1_clustered_Emedium_V1.25_Hshort_PWmoderate_B0.20,15,0.7333333333333333,0.75,1,3,medium,1.25,clustered,short,moderate,0.2,20.0,5.0,1.0,peripheral,51.34299117028323,41.4965817646669,9.846409405616331,0.0,0.0,0.0,0.0,0.0,0.0,0.0,0.0,0.0,0.0,0.0,99.88094596731665,51.87072720583362,32.82136468538777,10,5,0.3333333333333333,1,1,5.0,5.0,0.0,0.0,0.0,0.0,0,0.6726389339154196,0.6726389339154196,0,37,37,0.16195011138916016,19.0,5.0,61.0,True,feasible,nils_complete,549.4025192924435,92.38319968437165,,90.65475869378865,,43.85264054173204,True,feasible_only,0.0,51.34299117028323,True,549.4025192924435,,90.65475869378865,
S0016_R01,1602027,truck_only,S0016,n15_p0.75_d1_clustered_Emedium_V1.25_Hmedium_PWbase_B0.20,15,0.7333333333333333,0.75,1,3,medium,1.25,clustered,medium,base,0.2,100.0,20.0,1.0,peripheral,6134.167451597064,73.72151187454826,0.0,0.0,6060.445939722516,6060.445939722516,60.60445939722516,0.0,0.0,60.60445939722516,6060.445939722516,0.0,0.0,0.0,171.39452372944623,92.15188984318533,0.0,15,0,0.0,0,0,0.0,0.0,0.0,0.0,0.0,0.0,0,0.0,0.0,0,0,0,0.0053021907806396484,0.0,0.0,0.0,True,feasible,baseline_truck_only,6134.167451597064,92.15188984318533,,,,0.0,True,feasible_only,0.0,6134.167451597064,True,6134.167451597064,,,
S0016_R01,1602027,nils,S0016,n15_p0.75_d1_clustered_Emedium_V1.25_Hmedium_PWbase_B0.20,15,0.7333333333333333,0.75,1,3,medium,1.25,clustered,medium,base,0.2,100.0,20.0,1.0,peripheral,51.460462052231634,41.38271488608434,10.077747166147295,0.0,0.0,0.0,0.0,0.0,0.0,0.0,0.0,0.0,0.0,0.0,97.44859720888394,51.72839360760542,33.59249055382432,10,5,0.3333333333333333,1,1,5.0,5.0,0.0,0.0,0.0,0.0,0,0.7006748025773045,0.7006748025773045,0,46,46,0.1656813621520996,18.0,5.0,58.0,True,feasible,nils_complete,6134.167451597064,92.15188984318533,,99.16108481781282,,43.866160861560715,True,feasible_only,0.0,51.460462052231634,True,6134.167451597064,,99.16108481781282,
S0016_R02,1602028,truck_only,S0016,n15_p0.75_d1_clustered_Emedium_V1.25_Hmedium_PWbase_B0.20,15,0.7333333333333333,0.75,1,3,medium,1.25,clustered,medium,base,0.2,100.0,20.0,1.0,peripheral,5684.864097820964,59.21814373110848,0.0,0.0,5625.645954089856,5625.645954089856,56.25645954089856,0.0,0.0,56.25645954089856,5625.645954089856,0.0,0.0,0.0,139.41042653098305,74.02267966388558,0.0,15,0,0.0,0,0,0.0,0.0,0.0,0.0,0.0,0.0,0,0.0,0.0,0,0,0,0.005128622055053711,0.0,0.0,0.0,True,feasible,baseline_truck_only,5684.864097820964,74.02267966388558,,,,0.0,True,feasible_only,0.0,5684.864097820964,True,5684.864097820964,,,
S0016_R02,1602028,nils,S0016,n15_p0.75_d1_clustered_Emedium_V1.25_Hmedium_PWbase_B0.20,15,0.7333333333333333,0.75,1,3,medium,1.25,clustered,medium,base,0.2,100.0,20.0,1.0,peripheral,77.00818392811468,46.4301407304952,10.799228181857421,0.0,19.778815015762063,19.778815015762063,0.19778815015762063,0.0,0.0,0.19778815015762063,19.778815015762063,0.0,0.0,0.0,105.89185507862338,58.03767591311899,35.99742727285807,8,7,0.4666666666666667,1,1,7.0,7.0,0.0,0.0,0.0,0.0,0,0.7559760145094134,0.7559760145094134,0,78,78,0.17238283157348633,25.0,7.0,54.0,True,feasible,nils_complete,5684.864097820964,74.02267966388558,,98.64538214805113,,21.59473802265687,True,feasible_only,0.0,77.00818392811468,True,5684.864097820964,,98.64538214805113,
S0016_R03,1602029,truck_only,S0016,n15_p0.75_d1_clustered_Emedium_V1.25_Hmedium_PWbase_B0.20,15,0.7333333333333333,0.75,1,3,medium,1.25,clustered,medium,base,0.2,100.0,20.0,1.0,peripheral,17147.218606943683,69.91897663062232,0.0,0.0,17077.29963031306,17077.29963031306,170.77299630313058,0.0,0.0,170.77299630313058,17077.299630313057,0.0,0.0,0.0,162.6421437268707,87.39872078827791,0.0,15,0,0.0,0,0,0.0,0.0,0.0,0.0,0.0,0.0,0,0.0,0.0,0,0,0,0.005416393280029297,0.0,0.0,0.0,True,feasible,baseline_truck_only,17147.218606943683,87.39872078827791,,,,0.0,True,feasible_only,0.0,17147.218606943683,True,17147.218606943683,,,
S0016_R03,1602029,nils,S0016,n15_p0.75_d1_clustered_Emedium_V1.25_Hmedium_PWbase_B0.20,15,0.7333333333333333,0.75,1,3,medium,1.25,clustered,medium,base,0.2,100.0,20.0,1.0,peripheral,88.56538625279403,77.09458699400312,11.47079925879091,0.0,0.0,0.0,0.0,0.0,0.0,0.0,0.0,0.0,0.0,0.0,88.67978228592398,96.3682337425039,38.235997529303035,10,5,0.3333333333333333,1,1,5.0,5.0,0.0,0.0,0.0,0.0,0,0.794095771429422,0.794095771429422,0,78,78,0.15220856666564941,18.0,7.0,47.0,True,feasible,nils_complete,17147.218606943683,87.39872078827791,,99.48349998747359,,-10.262750842720571,True,feasible_only,0.0,88.56538625279403,True,17147.218606943683,,99.48349998747359,
S0016_R04,1602030,truck_only,S0016,n15_p0.75_d1_clustered_Emedium_V1.25_Hmedium_PWbase_B0.20,15,0.7333333333333333,0.75,1,3,medium,1.25,clustered,medium,base,0.2,100.0,20.0,1.0,peripheral,4427.365339585012,91.32463669339428,0.0,0.0,4336.040702891618,4336.040702891618,29.949870847590198,67.05268090662992,0.0,97.00255175422012,2994.9870847590196,1341.0536181325983,0.0,0.0,209.5122321785856,114.15579586674284,0.0,15,0,0.0,0,0,0.0,0.0,0.0,0.0,0.0,0.0,0,0.0,0.0,0,0,0,0.0044155120849609375,0.0,0.0,0.0,True,feasible,baseline_truck_only,4427.365339585012,114.15579586674284,,,,0.0,True,feasible_only,0.0,4427.365339585012,True,4427.365339585012,,,
S0016_R04,1602030,nils,S0016,n15_p0.75_d1_clustered_Emedium_V1.25_Hmedium_PWbase_B0.20,15,0.7333333333333333,0.75,1,3,medium,1.25,clustered,medium,base,0.2,100.0,20.0,1.0,peripheral,59.90601209429161,49.940140327520055,9.965871766771553,0.0,0.0,0.0,0.0,0.0,0.0,0.0,0.0,0.0,0.0,0.0,115.53963119805081,62.42517540940007,33.219572555905174,11,4,0.26666666666666666,1,1,4.0,4.0,0.0,0.0,0.0,0.0,0,0.6857281500460828,0.6857281500460828,0,128,128,0.16557931900024414,25.0,4.0,39.0,True,feasible,nils_complete,4427.365339585012,114.15579586674284,,98.64691509510921,,45.31580728299536,True,feasible_only,0.0,59.90601209429161,True,4427.365339585012,,98.64691509510921,
S0016_R05,1602031,truck_only,S0016,n15_p0.75_d1_clustered_Emedium_V1.25_Hmedium_PWbase_B0.20,15,0.7333333333333333,0.75,1,3,medium,1.25,clustered,medium,base,0.2,100.0,20.0,1.0,peripheral,64.75514886639317,64.75514886639317,0.0,0.0,0.0,0.0,0.0,0.0,0.0,0.0,0.0,0.0,0.0,0.0,153.44567421335955,80.94393608299146,0.0,15,0,0.0,0,0,0.0,0.0,0.0,0.0,0.0,0.0,0,0.0,0.0,0,0,0,0.004225015640258789,0.0,0.0,0.0,True,feasible,baseline_truck_only,64.75514886639317,80.94393608299146,,,,0.0,True,feasible_only,0.0,64.75514886639317,True,64.75514886639317,,,
S0016_R05,1602031,nils,S0016,n15_p0.75_d1_clustered_Emedium_V1.25_Hmedium_PWbase_B0.20,15,0.7333333333333333,0.75,1,3,medium,1.25,clustered,medium,base,0.2,100.0,20.0,1.0,peripheral,48.83367225467151,38.31821619369347,10.515456060978037,0.0,0.0,0.0,0.0,0.0,0.0,0.0,0.0,0.0,0.0,0.0,91.17564646499865,47.89777024211684,35.051520203260125,10,5,0.3333333333333333,1,1,5.0,5.0,0.0,0.0,0.0,0.0,0,0.721248539336575,0.721248539336575,0,41,41,0.15317654609680176,18.0,4.0,49.0,True,feasible,nils_complete,64.75514886639317,80.94393608299146,,24.58719791467368,,40.82599319977784,True,feasible_only,0.0,48.83367225467151,True,64.75514886639317,,24.58719791467368,
S0016_R06,1602032,truck_only,S0016,n15_p0.75_d1_clustered_Emedium_V1.25_Hmedium_PWbase_B0.20,15,0.7333333333333333,0.75,1,3,medium,1.25,clustered,medium,base,0.2,100.0,20.0,1.0,peripheral,246.25833006630327,70.44792817509372,0.0,0.0,175.81040189120955,175.81040189120955,0.0,8.790520094560478,0.0,8.790520094560478,0.0,175.81040189120955,0.0,0.0,164.79912394027366,88.05991021886712,0.0,15,0,0.0,0,0,0.0,0.0,0.0,0.0,0.0,0.0,0,0.0,0.0,0,0,0,0.004857063293457031,0.0,0.0,0.0,True,feasible,baseline_truck_only,246.25833006630327,88.05991021886712,,,,0.0,True,feasible_only,0.0,246.25833006630327,True,246.25833006630327,,,
S0016_R06,1602032,nils,S0016,n15_p0.75_d1_clustered_Emedium_V1.25_Hmedium_PWbase_B0.20,15,0.7333333333333333,0.75,1,3,medium,1.25,clustered,medium,base,0.2,100.0,20.0,1.0,peripheral,50.45208489945343,40.18077220373475,10.271312695718683,0.0,0.0,0.0,0.0,0.0,0.0,0.0,0.0,0.0,0.0,0.0,92.36666675978931,50.22596525466844,34.23770898572894,7,8,0.5333333333333333,1,1,8.0,8.0,0.0,0.0,0.0,0.0,0,0.7038509856305423,0.7038509856305423,0,22,22,0.1486225128173828,19.0,4.0,61.0,True,feasible,nils_complete,246.25833006630327,88.05991021886712,,79.51253673901323,,42.96386956353339,True,feasible_only,0.0,50.45208489945343,True,246.25833006630327,,79.51253673901323,
S0016_R07,1602033,truck_only,S0016,n15_p0.75_d1_clustered_Emedium_V1.25_Hmedium_PWbase_B0.20,15,0.7333333333333333,0.75,1,3,medium,1.25,clustered,medium,base,0.2,100.0,20.0,1.0,peripheral,648.8575734998956,81.51714452305681,0.0,0.0,567.3404289768388,567.3404289768388,0.0,28.36702144884194,0.0,28.36702144884194,0.0,567.3404289768388,0.0,0.0,191.63446206575713,101.896430653821,0.0,15,0,0.0,0,0,0.0,0.0,0.0,0.0,0.0,0.0,0,0.0,0.0,0,0,0,0.002874612808227539,0.0,0.0,0.0,True,feasible,baseline_truck_only,648.8575734998956,101.896430653821,,,,0.0,True,feasible_only,0.0,648.8575734998956,True,648.8575734998956,,,
S0016_R07,1602033,nils,S0016,n15_p0.75_d1_clustered_Emedium_V1.25_Hmedium_PWbase_B0.20,15,0.7333333333333333,0.75,1,3,medium,1.25,clustered,medium,base,0.2,100.0,20.0,1.0,peripheral,51.9327710324099,41.08534825723163,10.847422775178273,0.0,0.0,0.0,0.0,0.0,0.0,0.0,0.0,0.0,0.0,0.0,95.90149709477699,51.35668532153954,36.158075917260916,7,8,0.5333333333333333,1,1,8.0,8.0,0.0,0.0,0.0,0.0,0,0.737415193921186,0.737415193921186,0,15,15,0.16329026222229004,23.0,5.0,63.0,True,feasible,nils_complete,648.8575734998956,101.896430653821,,91.9962757385588,,49.599132185486695,True,feasible_only,0.0,51.9327710324099,True,648.8575734998956,,91.9962757385588,
S0016_R08,1602034,truck_only,S0016,n15_p0.75_d1_clustered_Emedium_V1.25_Hmedium_PWbase_B0.20,15,0.7333333333333333,0.75,1,3,medium,1.25,clustered,medium,base,0.2,100.0,20.0,1.0,peripheral,5742.748823486882,63.39594138489521,0.0,0.0,5679.352882101987,5679.352882101987,56.793528821019876,0.0,0.0,56.793528821019876,5679.352882101987,0.0,0.0,0.0,149.2088079484871,79.244926731119,0.0,15,0,0.0,0,0,0.0,0.0,0.0,0.0,0.0,0.0,0,0.0,0.0,0,0,0,0.0053174495697021484,0.0,0.0,0.0,True,feasible,baseline_truck_only,5742.748823486882,79.244926731119,,,,0.0,True,feasible_only,0.0,5742.748823486882,True,5742.748823486882,,,
S0016_R08,1602034,nils,S0016,n15_p0.75_d1_clustered_Emedium_V1.25_Hmedium_PWbase_B0.20,15,0.7333333333333333,0.75,1,3,medium,1.25,clustered,medium,base,0.2,100.0,20.0,1.0,peripheral,49.61693523402374,38.9445277311446,10.672407502879135,0.0,0.0,0.0,0.0,0.0,0.0,0.0,0.0,0.0,0.0,0.0,91.64793983032226,48.68065966393076,35.57469167626379,10,5,0.3333333333333333,1,1,5.0,5.0,0.0,0.0,0.0,0.0,0,0.7417033016671026,0.7417033016671026,0,105,105,0.23174285888671875,25.0,5.0,44.0,True,feasible,nils_complete,5742.748823486882,79.244926731119,,99.13600721955488,,38.56936756455582,True,feasible_only,0.0,49.61693523402374,True,5742.748823486882,,99.13600721955488,
S0016_R09,1602035,truck_only,S0016,n15_p0.75_d1_clustered_Emedium_V1.25_Hmedium_PWbase_B0.20,15,0.7333333333333333,0.75,1,3,medium,1.25,clustered,medium,base,0.2,100.0,20.0,1.0,peripheral,9876.016359707142,68.32340030412894,0.0,0.0,9807.692959403013,9807.692959403013,97.54773013521447,2.645997294078427,0.0,100.19372742929289,9754.773013521446,52.91994588156854,0.0,0.0,160.9693907413951,85.40425038016116,0.0,15,0,0.0,0,0,0.0,0.0,0.0,0.0,0.0,0.0,0,0.0,0.0,0,0,0,0.0048711299896240234,0.0,0.0,0.0,True,feasible,baseline_truck_only,9876.016359707142,85.40425038016116,,,,0.0,True,feasible_only,0.0,9876.016359707142,True,9876.016359707142,,,
S0016_R09,1602035,nils,S0016,n15_p0.75_d1_clustered_Emedium_V1.25_Hmedium_PWbase_B0.20,15,0.7333333333333333,0.75,1,3,medium,1.25,clustered,medium,base,0.2,100.0,20.0,1.0,peripheral,48.03414086007699,36.66851828787182,11.36562257220517,0.0,0.0,0.0,0.0,0.0,0.0,0.0,0.0,0.0,0.0,0.0,89.59230014407005,45.83564785983976,37.885408574017234,11,4,0.26666666666666666,1,1,4.0,4.0,0.0,0.0,0.0,0.0,0,0.7973667322083099,0.7973667322083099,0,142,142,0.20671725273132324,25.0,4.0,44.0,True,feasible,nils_complete,9876.016359707142,85.40425038016116,,99.51362837898843,,46.330952316997234,True,feasible_only,0.0,48.03414086007699,True,9876.016359707142,,99.51362837898843,
S0016_R10,1602036,truck_only,S0016,n15_p0.75_d1_clustered_Emedium_V1.25_Hmedium_PWbase_B0.20,15,0.7333333333333333,0.75,1,3,medium,1.25,clustered,medium,base,0.2,100.0,20.0,1.0,peripheral,65.75587528838912,65.75587528838912,0.0,0.0,0.0,0.0,0.0,0.0,0.0,0.0,0.0,0.0,0.0,0.0,155.8007794096899,82.1948441104864,0.0,15,0,0.0,0,0,0.0,0.0,0.0,0.0,0.0,0.0,0,0.0,0.0,0,0,0,0.005562782287597656,0.0,0.0,0.0,True,feasible,baseline_truck_only,65.75587528838912,82.1948441104864,,,,0.0,True,feasible_only,0.0,65.75587528838912,True,65.75587528838912,,,
S0016_R10,1602036,nils,S0016,n15_p0.75_d1_clustered_Emedium_V1.25_Hmedium_PWbase_B0.20,15,0.7333333333333333,0.75,1,3,medium,1.25,clustered,medium,base,0.2,100.0,20.0,1.0,peripheral,53.5582130198128,42.05356167630714,11.504651343505657,0.0,0.0,0.0,0.0,0.0,0.0,0.0,0.0,0.0,0.0,0.0,94.17033348916584,52.566952095383925,38.34883781168552,5,10,0.6666666666666666,1,1,10.0,10.0,0.0,0.0,0.0,0.0,0,0.7960473596680099,0.7960473596680099,0,22,22,0.22258877754211426,22.0,6.0,58.0,True,feasible,nils_complete,65.75587528838912,82.1948441104864,,18.54992001107182,,36.045925186349436,True,feasible_only,0.0,53.5582130198128,True,65.75587528838912,,18.54992001107182,
S0017_R01,1702027,truck_only,S0017,n15_p0.75_d1_uniform_Emedium_V1.25_Hlong_PWflat_B0.20,15,0.7333333333333333,0.75,1,3,medium,1.25,uniform,long,flat,0.2,1.0,1.0,1.0,peripheral,145.70109951029087,128.82944245618233,0.0,0.0,16.871657054108532,16.871657054108532,16.871657054108532,0.0,0.0,16.871657054108532,16.871657054108532,0.0,0.0,0.0,168.79195744463655,161.03680307022793,0.0,15,0,0.0,0,0,0.0,0.0,0.0,0.0,0.0,0.0,0,0.0,0.0,0,0,0,0.003014087677001953,0.0,0.0,0.0,True,feasible,baseline_truck_only,145.70109951029087,161.03680307022793,,,,0.0,True,feasible_only,0.0,145.70109951029087,True,145.70109951029087,,,
S0017_R01,1702027,nils,S0017,n15_p0.75_d1_uniform_Emedium_V1.25_Hlong_PWflat_B0.20,15,0.7333333333333333,0.75,1,3,medium,1.25,uniform,long,flat,0.2,1.0,1.0,1.0,peripheral,120.45481502222933,112.74620058314422,7.708614439085111,0.0,0.0,0.0,0.0,0.0,0.0,0.0,0.0,0.0,0.0,0.0,155.27778862576324,140.93275072893027,25.69538146361704,14,1,0.06666666666666667,1,1,1.0,1.0,0.0,0.0,0.0,0.0,0,0.5139076292723408,0.5139076292723408,0,93,93,0.09314084053039551,12.0,1.0,9.0,True,feasible,nils_complete,145.70109951029087,161.03680307022793,,17.32744953395386,,12.484135277157925,True,feasible_only,0.0,120.45481502222933,True,145.70109951029087,,17.32744953395386,
S0017_R02,1702028,truck_only,S0017,n15_p0.75_d1_uniform_Emedium_V1.25_Hlong_PWflat_B0.20,15,0.7333333333333333,0.75,1,3,medium,1.25,uniform,long,flat,0.2,1.0,1.0,1.0,peripheral,155.30460074443147,134.22861680007443,0.0,0.0,21.07598394435704,21.07598394435704,21.07598394435704,0.0,0.0,21.07598394435704,21.07598394435704,0.0,0.0,0.0,141.02828052171057,167.78577100009304,0.0,15,0,0.0,0,0,0.0,0.0,0.0,0.0,0.0,0.0,0,0.0,0.0,0,0,0,0.0034453868865966797,0.0,0.0,0.0,True,feasible,baseline_truck_only,155.30460074443147,167.78577100009304,,,,0.0,True,feasible_only,0.0,155.30460074443147,True,155.30460074443147,,,
S0017_R02,1702028,nils,S0017,n15_p0.75_d1_uniform_Emedium_V1.25_Hlong_PWflat_B0.20,15,0.7333333333333333,0.75,1,3,medium,1.25,uniform,long,flat,0.2,1.0,1.0,1.0,peripheral,132.31843151984714,109.21524025295564,6.773116357828741,0.0,16.330074909062752,16.330074909062752,16.330074909062752,0.0,0.0,16.330074909062752,16.330074909062752,0.0,0.0,0.0,135.74364487294218,136.51905031619452,22.577054526095804,12,3,0.2,1,1,3.0,3.0,0.0,0.0,0.0,0.0,0,0.4974669258687441,0.4974669258687441,0,91,91,0.12017083168029785,14.0,3.0,18.0,True,feasible,nils_complete,155.30460074443147,167.78577100009304,,14.800700761215865,,18.63490598608697,True,feasible_only,0.0,132.31843151984714,True,155.30460074443147,,14.800700761215865,
S0017_R03,1702029,truck_only,S0017,n15_p0.75_d1_uniform_Emedium_V1.25_Hlong_PWflat_B0.20,15,0.7333333333333333,0.75,1,3,medium,1.25,uniform,long,flat,0.2,1.0,1.0,1.0,peripheral,323.6764871172506,171.96788695823122,0.0,0.0,151.70860015901937,151.70860015901937,151.70860015901937,0.0,0.0,151.70860015901937,151.70860015901937,0.0,0.0,0.0,188.85890630941464,214.95985869778897,0.0,15,0,0.0,0,0,0.0,0.0,0.0,0.0,0.0,0.0,0,0.0,0.0,0,0,0,0.003215789794921875,0.0,0.0,0.0,True,feasible,baseline_truck_only,323.6764871172506,214.95985869778897,,,,0.0,True,feasible_only,0.0,323.6764871172506,True,323.6764871172506,,,
S0017_R03,1702029,nils,S0017,n15_p0.75_d1_uniform_Emedium_V1.25_Hlong_PWflat_B0.20,15,0.7333333333333333,0.75,1,3,medium,1.25,uniform,long,flat,0.2,1.0,1.0,1.0,peripheral,206.58913579726664,143.4581680335665,10.787511013605405,0.0,52.343456750094724,52.343456750094724,52.343456750094724,0.0,0.0,52.343456750094724,52.343456750094724,0.0,0.0,0.0,140.17779116488344,179.3227100419581,35.95837004535135,12,3,0.2,1,1,3.0,3.0,0.0,0.0,0.0,0.0,0,0.7761967762944406,0.7761967762944406,0,192,192,0.1763315200805664,25.0,3.0,14.0,True,feasible,nils_complete,323.6764871172506,214.95985869778897,,36.17419120023059,,16.578513249737934,True,feasible_only,0.0,206.58913579726664,True,323.6764871172506,,36.17419120023059,
S0017_R04,1702030,truck_only,S0017,n15_p0.75_d1_uniform_Emedium_V1.25_Hlong_PWflat_B0.20,15,0.7333333333333333,0.75,1,3,medium,1.25,uniform,long,flat,0.2,1.0,1.0,1.0,peripheral,307.951721559007,165.37949274019775,0.0,0.0,142.57222881880926,142.57222881880926,105.13215212661467,37.440076692194594,0.0,142.57222881880926,105.13215212661467,37.440076692194594,0.0,0.0,188.59345983084768,206.72436592524718,0.0,15,0,0.0,0,0,0.0,0.0,0.0,0.0,0.0,0.0,0,0.0,0.0,0,0,0,0.004786252975463867,0.0,0.0,0.0,True,feasible,baseline_truck_only,307.951721559007,206.72436592524718,,,,0.0,True,feasible_only,0.0,307.951721559007,True,307.951721559007,,,
S0017_R04,1702030,nils,S0017,n15_p0.75_d1_uniform_Emedium_V1.25_Hlong_PWflat_B0.20,15,0.7333333333333333,0.75,1,3,medium,1.25,uniform,long,flat,0.2,1.0,1.0,1.0,peripheral,114.58846238733783,100.74859975804293,11.007609413500397,0.0,2.832253215794495,2.832253215794495,2.832253215794495,0.0,0.0,2.832253215794495,2.832253215794495,0.0,0.0,0.0,114.59593857919386,125.93574969755363,36.69203137833466,12,3,0.2,1,1,3.0,3.0,0.0,0.0,0.0,0.0,0,0.7891773695255317,0.7891773695255317,0,189,189,0.21978306770324707,24.0,4.0,9.0,True,feasible,nils_complete,307.951721559007,206.72436592524718,,62.79012118937566,,39.080355073821934,True,feasible_only,0.0,114.58846238733783,True,307.951721559007,,62.79012118937566,
S0017_R05,1702031,truck_only,S0017,n15_p0.75_d1_uniform_Emedium_V1.25_Hlong_PWflat_B0.20,15,0.7333333333333333,0.75,1,3,medium,1.25,uniform,long,flat,0.2,1.0,1.0,1.0,peripheral,157.36917088487638,140.3720177404836,0.0,0.0,16.99715314439276,16.99715314439276,16.99715314439276,0.0,0.0,16.99715314439276,16.99715314439276,0.0,0.0,0.0,128.87228338986264,175.46502217560447,0.0,15,0,0.0,0,0,0.0,0.0,0.0,0.0,0.0,0.0,0,0.0,0.0,0,0,0,0.0055806636810302734,0.0,0.0,0.0,True,feasible,baseline_truck_only,157.36917088487638,175.46502217560447,,,,0.0,True,feasible_only,0.0,157.36917088487638,True,157.36917088487638,,,
S0017_R05,1702031,nils,S0017,n15_p0.75_d1_uniform_Emedium_V1.25_Hlong_PWflat_B0.20,15,0.7333333333333333,0.75,1,3,medium,1.25,uniform,long,flat,0.2,1.0,1.0,1.0,peripheral,120.45569050645943,110.21816287039802,10.237527636061415,0.0,0.0,0.0,0.0,0.0,0.0,0.0,0.0,0.0,0.0,0.0,109.98969612012743,137.7727035879975,34.12509212020472,11,4,0.26666666666666666,1,1,4.0,4.0,0.0,0.0,0.0,0.0,0,0.7373506217045815,0.7373506217045815,0,171,171,0.21490478515625,25.0,4.0,15.0,True,feasible,nils_complete,157.36917088487638,175.46502217560447,,23.456614895315838,,21.481385931085846,True,feasible_only,0.0,120.45569050645943,True,157.36917088487638,,23.456614895315838,
S0017_R06,1702032,truck_only,S0017,n15_p0.75_d1_uniform_Emedium_V1.25_Hlong_PWflat_B0.20,15,0.7333333333333333,0.75,1,3,medium,1.25,uniform,long,flat,0.2,1.0,1.0,1.0,peripheral,178.7206567883323,176.034155940875,0.0,0.0,2.686500847457282,2.686500847457282,2.686500847457282,0.0,0.0,2.686500847457282,2.686500847457282,0.0,0.0,0.0,168.02258444345492,220.04269492609373,0.0,15,0,0.0,0,0,0.0,0.0,0.0,0.0,0.0,0.0,0,0.0,0.0,0,0,0,0.0046994686126708984,0.0,0.0,0.0,True,feasible,baseline_truck_only,178.7206567883323,220.04269492609373,,,,0.0,True,feasible_only,0.0,178.7206567883323,True,178.7206567883323,,,
S0017_R06,1702032,nils,S0017,n15_p0.75_d1_uniform_Emedium_V1.25_Hlong_PWflat_B0.20,15,0.7333333333333333,0.75,1,3,medium,1.25,uniform,long,flat,0.2,1.0,1.0,1.0,peripheral,158.83299215714445,148.8500620155739,9.982930141570534,0.0,0.0,0.0,0.0,0.0,0.0,0.0,0.0,0.0,0.0,0.0,131.21306700274553,186.0625775194674,33.276433805235115,12,3,0.2,1,1,3.0,3.0,0.0,0.0,0.0,0.0,0,0.683956901793993,0.683956901793993,0,157,157,0.18342137336730957,23.0,3.0,14.0,True,feasible,nils_complete,178.7206567883323,220.04269492609373,,11.12779294155224,,15.442511017254771,True,feasible_only,0.0,158.83299215714445,True,178.7206567883323,,11.12779294155224,
S0017_R07,1702033,truck_only,S0017,n15_p0.75_d1_uniform_Emedium_V1.25_Hlong_PWflat_B0.20,15,0.7333333333333333,0.75,1,3,medium,1.25,uniform,long,flat,0.2,1.0,1.0,1.0,peripheral,730.5181349948606,137.7168674398545,0.0,0.0,592.8012675550061,592.8012675550061,376.1612669037827,216.64000065122346,0.0,592.8012675550061,376.1612669037827,216.64000065122346,0.0,0.0,279.93903834730475,172.14608429981809,0.0,15,0,0.0,0,0,0.0,0.0,0.0,0.0,0.0,0.0,0,0.0,0.0,0,0,0,0.003751516342163086,0.0,0.0,0.0,True,feasible,baseline_truck_only,730.5181349948606,172.14608429981809,,,,0.0,True,feasible_only,0.0,730.5181349948606,True,730.5181349948606,,,
S0017_R07,1702033,nils,S0017,n15_p0.75_d1_uniform_Emedium_V1.25_Hlong_PWflat_B0.20,15,0.7333333333333333,0.75,1,3,medium,1.25,uniform,long,flat,0.2,1.0,1.0,1.0,peripheral,222.19409643938246,130.70962838898322,10.513860125470952,0.0,80.97060792492827,80.97060792492827,74.86864415237093,6.10196377255734,0.0,80.97060792492827,74.86864415237093,6.10196377255734,0.0,0.0,173.63102720979452,163.38703548622902,35.04620041823651,13,2,0.13333333333333333,1,1,2.0,2.0,0.0,0.0,0.0,0.0,0,0.7654597971879025,0.7654597971879025,0,219,219,0.2205972671508789,25.0,5.0,9.0,True,feasible,nils_complete,730.5181349948606,172.14608429981809,,69.58404099838731,,5.088148736705431,True,feasible_only,0.0,222.19409643938246,True,730.5181349948606,,69.58404099838731,
S0017_R08,1702034,truck_only,S0017,n15_p0.75_d1_uniform_Emedium_V1.25_Hlong_PWflat_B0.20,15,0.7333333333333333,0.75,1,3,medium,1.25,uniform,long,flat,0.2,1.0,1.0,1.0,peripheral,649.751480182893,159.40994048747854,0.0,0.0,490.3415396954145,490.3415396954145,490.34153969541444,0.0,0.0,490.34153969541444,490.34153969541444,0.0,0.0,0.0,269.1494275929564,199.26242560934816,0.0,15,0,0.0,0,0,0.0,0.0,0.0,0.0,0.0,0.0,0,0.0,0.0,0,0,0,0.00490570068359375,0.0,0.0,0.0,True,feasible,baseline_truck_only,649.751480182893,199.26242560934816,,,,0.0,True,feasible_only,0.0,649.751480182893,True,649.751480182893,,,
S0017_R08,1702034,nils,S0017,n15_p0.75_d1_uniform_Emedium_V1.25_Hlong_PWflat_B0.20,15,0.7333333333333333,0.75,1,3,medium,1.25,uniform,long,flat,0.2,1.0,1.0,1.0,peripheral,145.54934840029594,103.7974643301323,10.660607968837878,0.0,31.091276101325768,31.091276101325768,31.091276101325768,0.0,0.0,31.091276101325768,31.091276101325768,0.0,0.0,0.0,152.25907466781746,129.7468304126654,35.53535989612626,11,4,0.26666666666666666,1,1,4.0,4.0,0.0,0.0,0.0,0.0,0,0.7795324666614972,0.7795324666614972,0,148,148,0.18893790245056152,22.0,4.0,17.0,True,feasible,nils_complete,649.751480182893,199.26242560934816,,77.59922788335527,,34.88645437497953,True,feasible_only,0.0,145.54934840029594,True,649.751480182893,,77.59922788335527,
S0017_R09,1702035,truck_only,S0017,n15_p0.75_d1_uniform_Emedium_V1.25_Hlong_PWflat_B0.20,15,0.7333333333333333,0.75,1,3,medium,1.25,uniform,long,flat,0.2,1.0,1.0,1.0,peripheral,319.0818495858624,170.61552279096716,0.0,0.0,148.46632679489522,148.46632679489522,134.51440735286985,13.951919442025385,0.0,148.46632679489522,134.51440735286985,13.951919442025385,0.0,0.0,182.71246659180395,213.26940348870892,0.0,15,0,0.0,0,0,0.0,0.0,0.0,0.0,0.0,0.0,0,0.0,0.0,0,0,0,0.0033082962036132812,0.0,0.0,0.0,True,feasible,baseline_truck_only,319.0818495858624,213.26940348870892,,,,0.0,True,feasible_only,0.0,319.0818495858624,True,319.0818495858624,,,
S0017_R09,1702035,nils,S0017,n15_p0.75_d1_uniform_Emedium_V1.25_Hlong_PWflat_B0.20,15,0.7333333333333333,0.75,1,3,medium,1.25,uniform,long,flat,0.2,1.0,1.0,1.0,peripheral,139.7989390308344,113.98979609364248,9.805683980534681,0.0,16.003458956657227,16.003458956657227,16.003458956657227,0.0,0.0,16.003458956657227,16.003458956657227,0.0,0.0,0.0,128.39423893957928,142.48724511705308,32.68561326844894,12,3,0.2,1,1,3.0,3.0,0.0,0.0,0.0,0.0,0,0.7079435047954779,0.7079435047954779,0,187,187,0.17188239097595215,24.0,3.0,11.0,True,feasible,nils_complete,319.0818495858624,213.26940348870892,,56.18712276731504,,33.18908254713773,True,feasible_only,0.0,139.7989390308344,True,319.0818495858624,,56.18712276731504,
S0017_R10,1702036,truck_only,S0017,n15_p0.75_d1_uniform_Emedium_V1.25_Hlong_PWflat_B0.20,15,0.7333333333333333,0.75,1,3,medium,1.25,uniform,long,flat,0.2,1.0,1.0,1.0,peripheral,291.9366062897297,168.17462483404424,0.0,0.0,123.76198145568546,123.76198145568546,123.76198145568546,0.0,0.0,123.76198145568546,123.76198145568546,0.0,0.0,0.0,247.86382612539853,210.21828104255525,0.0,15,0,0.0,0,0,0.0,0.0,0.0,0.0,0.0,0.0,0,0.0,0.0,0,0,0,0.003140687942504883,0.0,0.0,0.0,True,feasible,baseline_truck_only,291.9366062897297,210.21828104255525,,,,0.0,True,feasible_only,0.0,291.9366062897297,True,291.9366062897297,,,
S0017_R10,1702036,nils,S0017,n15_p0.75_d1_uniform_Emedium_V1.25_Hlong_PWflat_B0.20,15,0.7333333333333333,0.75,1,3,medium,1.25,uniform,long,flat,0.2,1.0,1.0,1.0,peripheral,156.10371506219036,117.50265677122619,11.347135387770297,0.0,27.253922903193875,27.253922903193875,27.253922903193875,0.0,0.0,27.253922903193875,27.253922903193875,0.0,0.0,0.0,139.16331534255295,146.87832096403275,37.82378462590099,12,3,0.2,1,1,3.0,3.0,0.0,0.0,0.0,0.0,0,0.7781867996638687,0.7781867996638687,0,194,194,0.17203187942504883,25.0,4.0,12.0,True,feasible,nils_complete,291.9366062897297,210.21828104255525,,46.528214790828,,30.13056702984854,True,feasible_only,0.0,156.10371506219036,True,291.9366062897297,,46.528214790828,
S0018_R01,1802027,truck_only,S0018,n15_p0.75_d1_clustered_Emedium_V2.00_Hshort_PWbase_B0.20,15,0.7333333333333333,0.75,1,3,medium,2.0,clustered,short,base,0.2,100.0,20.0,1.0,peripheral,5025.731525537065,65.63650100214528,0.0,0.0,4960.0950245349195,4960.0950245349195,49.600950245349196,0.0,0.0,49.600950245349196,4960.0950245349195,0.0,0.0,0.0,155.3247108337957,82.04562625268159,0.0,15,0,0.0,0,0,0.0,0.0,0.0,0.0,0.0,0.0,0,0.0,0.0,0,0,0,0.005027294158935547,0.0,0.0,0.0,True,feasible,baseline_truck_only,5025.731525537065,82.04562625268159,,,,0.0,True,feasible_only,0.0,5025.731525537065,True,5025.731525537065,,,
S0018_R01,1802027,nils,S0018,n15_p0.75_d1_clustered_Emedium_V2.00_Hshort_PWbase_B0.20,15,0.7333333333333333,0.75,1,3,medium,2.0,clustered,short,base,0.2,100.0,20.0,1.0,peripheral,51.48950867957896,39.44347000118644,12.046038678392524,0.0,0.0,0.0,0.0,0.0,0.0,0.0,0.0,0.0,0.0,0.0,93.48683644814858,49.30433750148304,40.153462261308405,10,5,0.3333333333333333,1,1,5.0,5.0,0.0,0.0,0.0,0.0,0,0.5099233688220423,0.5099233688220423,0,0,0,0.22925782203674316,22.0,4.0,70.0,True,feasible,nils_complete,5025.731525537065,82.04562625268159,,98.97548230704432,,39.90619640145464,True,feasible_only,0.0,51.48950867957896,True,5025.731525537065,,98.97548230704432,
S0018_R02,1802028,truck_only,S0018,n15_p0.75_d1_clustered_Emedium_V2.00_Hshort_PWbase_B0.20,15,0.7333333333333333,0.75,1,3,medium,2.0,clustered,short,base,0.2,100.0,20.0,1.0,peripheral,11002.755283467517,71.93929032282269,0.0,0.0,10930.815993144693,10930.815993144693,106.6304622488773,13.388488412848119,0.0,120.01895066172541,10663.04622488773,267.7697682569624,0.0,0.0,170.05343070502093,89.92411290352834,0.0,15,0,0.0,0,0,0.0,0.0,0.0,0.0,0.0,0.0,0,0.0,0.0,0,0,0,0.003117799758911133,0.0,0.0,0.0,True,feasible,baseline_truck_only,11002.755283467517,89.92411290352834,,,,0.0,True,feasible_only,0.0,11002.755283467517,True,11002.755283467517,,,
S0018_R02,1802028,nils,S0018,n15_p0.75_d1_clustered_Emedium_V2.00_Hshort_PWbase_B0.20,15,0.7333333333333333,0.75,1,3,medium,2.0,clustered,short,base,0.2,100.0,20.0,1.0,peripheral,53.31293461083861,42.43505950657635,10.877875104262262,0.0,0.0,0.0,0.0,0.0,0.0,0.0,0.0,0.0,0.0,0.0,99.65943032744201,53.04382438322044,36.25958368087421,9,6,0.4,1,1,6.0,6.0,0.0,0.0,0.0,0.0,0,0.4756025993271935,0.4756025993271935,0,0,0,0.18225955963134766,22.0,6.0,74.0,True,feasible,nils_complete,11002.755283467517,89.92411290352834,,99.51545832623448,,41.01267983580056,True,feasible_only,0.0,53.31293461083861,True,11002.755283467517,,99.51545832623448,
S0018_R03,1802029,truck_only,S0018,n15_p0.75_d1_clustered_Emedium_V2.00_Hshort_PWbase_B0.20,15,0.7333333333333333,0.75,1,3,medium,2.0,clustered,short,base,0.2,100.0,20.0,1.0,peripheral,1894.1008936391293,74.26818039709408,0.0,0.0,1819.8327132420352,1819.8327132420352,18.198327132420353,0.0,0.0,18.198327132420353,1819.8327132420352,0.0,0.0,0.0,172.6638711496174,92.83522549636761,0.0,15,0,0.0,0,0,0.0,0.0,0.0,0.0,0.0,0.0,0,0.0,0.0,0,0,0,0.0028274059295654297,0.0,0.0,0.0,True,feasible,baseline_truck_only,1894.1008936391293,92.83522549636761,,,,0.0,True,feasible_only,0.0,1894.1008936391293,True,1894.1008936391293,,,
S0018_R03,1802029,nils,S0018,n15_p0.75_d1_clustered_Emedium_V2.00_Hshort_PWbase_B0.20,15,0.7333333333333333,0.75,1,3,medium,2.0,clustered,short,base,0.2,100.0,20.0,1.0,peripheral,57.29013007701167,41.87927445921744,15.410855617794226,0.0,0.0,0.0,0.0,0.0,0.0,0.0,0.0,0.0,0.0,0.0,95.89773397892758,52.34909307402181,51.36951872598077,7,8,0.5333333333333333,1,1,8.0,8.0,0.0,0.0,0.0,0.0,0,0.6847872684204807,0.6847872684204807,0,0,0,0.22782349586486816,22.0,5.0,60.0,True,feasible,nils_complete,1894.1008936391293,92.83522549636761,,96.97533905034275,,43.61074388075883,True,feasible_only,0.0,57.29013007701167,True,1894.1008936391293,,96.97533905034275,
S0018_R04,1802030,truck_only,S0018,n15_p0.75_d1_clustered_Emedium_V2.00_Hshort_PWbase_B0.20,15,0.7333333333333333,0.75,1,3,medium,2.0,clustered,short,base,0.2,100.0,20.0,1.0,peripheral,77.07895165372645,77.07895165372645,0.0,0.0,0.0,0.0,0.0,0.0,0.0,0.0,0.0,0.0,0.0,0.0,179.1785012623393,96.34868956715803,0.0,15,0,0.0,0,0,0.0,0.0,0.0,0.0,0.0,0.0,0,0.0,0.0,0,0,0,0.0033757686614990234,0.0,0.0,0.0,True,feasible,baseline_truck_only,77.07895165372645,96.34868956715803,,,,0.0,True,feasible_only,0.0,77.07895165372645,True,77.07895165372645,,,
S0018_R04,1802030,nils,S0018,n15_p0.75_d1_clustered_Emedium_V2.00_Hshort_PWbase_B0.20,15,0.7333333333333333,0.75,1,3,medium,2.0,clustered,short,base,0.2,100.0,20.0,1.0,peripheral,52.432948608634575,42.96861116977874,9.464337438855832,0.0,0.0,0.0,0.0,0.0,0.0,0.0,0.0,0.0,0.0,0.0,101.11817429430786,53.710763962223425,31.547791462852775,10,5,0.3333333333333333,1,1,5.0,5.0,0.0,0.0,0.0,0.0,0,0.40804309848905473,0.40804309848905473,0,0,0,0.24159908294677734,22.0,5.0,66.0,True,feasible,nils_complete,77.07895165372645,96.34868956715803,,31.975010708257788,,44.253768054846915,True,feasible_only,0.0,52.432948608634575,True,77.07895165372645,,31.975010708257788,
S0018_R05,1802031,truck_only,S0018,n15_p0.75_d1_clustered_Emedium_V2.00_Hshort_PWbase_B0.20,15,0.7333333333333333,0.75,1,3,medium,2.0,clustered,short,base,0.2,100.0,20.0,1.0,peripheral,5617.534149227358,73.11251236647878,0.0,0.0,5544.4216368608795,5544.4216368608795,55.4442163686088,0.0,0.0,55.4442163686088,5544.4216368608795,0.0,0.0,0.0,171.01492266136347,91.39064045809846,0.0,15,0,0.0,0,0,0.0,0.0,0.0,0.0,0.0,0.0,0,0.0,0.0,0,0,0,0.0038809776306152344,0.0,0.0,0.0,True,feasible,baseline_truck_only,5617.534149227358,91.39064045809846,,,,0.0,True,feasible_only,0.0,5617.534149227358,True,5617.534149227358,,,
S0018_R05,1802031,nils,S0018,n15_p0.75_d1_clustered_Emedium_V2.00_Hshort_PWbase_B0.20,15,0.7333333333333333,0.75,1,3,medium,2.0,clustered,short,base,0.2,100.0,20.0,1.0,peripheral,54.538742186355606,44.60784032593406,9.930901860421546,0.0,0.0,0.0,0.0,0.0,0.0,0.0,0.0,0.0,0.0,0.0,106.71799803484443,55.75980040741758,33.10300620140515,12,3,0.2,1,1,3.0,3.0,0.0,0.0,0.0,0.0,0,0.4242987420503633,0.4242987420503633,0,0,0,0.2140347957611084,22.0,3.0,79.0,True,feasible,nils_complete,5617.534149227358,91.39064045809846,,99.0291337669241,,38.98740601015616,True,feasible_only,0.0,54.538742186355606,True,5617.534149227358,,99.0291337669241,
S0018_R06,1802032,truck_only,S0018,n15_p0.75_d1_clustered_Emedium_V2.00_Hshort_PWbase_B0.20,15,0.7333333333333333,0.75,1,3,medium,2.0,clustered,short,base,0.2,100.0,20.0,1.0,peripheral,467.28813953177246,69.22498122371303,0.0,0.0,398.0631583080594,398.0631583080594,3.9806315830805943,0.0,0.0,3.9806315830805943,398.0631583080594,0.0,0.0,0.0,160.98046850268472,86.53122652964129,0.0,15,0,0.0,0,0,0.0,0.0,0.0,0.0,0.0,0.0,0,0.0,0.0,0,0,0,0.005295753479003906,0.0,0.0,0.0,True,feasible,baseline_truck_only,467.28813953177246,86.53122652964129,,,,0.0,True,feasible_only,0.0,467.28813953177246,True,467.28813953177246,,,
S0018_R06,1802032,nils,S0018,n15_p0.75_d1_clustered_Emedium_V2.00_Hshort_PWbase_B0.20,15,0.7333333333333333,0.75,1,3,medium,2.0,clustered,short,base,0.2,100.0,20.0,1.0,peripheral,48.88869373870605,35.47157568815351,13.417118050552542,0.0,0.0,0.0,0.0,0.0,0.0,0.0,0.0,0.0,0.0,0.0,79.35726108624787,44.339469610191884,44.72372683517514,5,10,0.6666666666666666,1,1,10.0,10.0,0.0,0.0,0.0,0.0,0,0.5890622014546161,0.5890622014546161,0,0,0,0.21900272369384766,22.0,4.0,60.0,True,feasible,nils_complete,467.28813953177246,86.53122652964129,,89.53778416295927,,48.75899558062615,True,feasible_only,0.0,48.88869373870605,True,467.28813953177246,,89.53778416295927,
S0018_R07,1802033,truck_only,S0018,n15_p0.75_d1_clustered_Emedium_V2.00_Hshort_PWbase_B0.20,15,0.7333333333333333,0.75,1,3,medium,2.0,clustered,short,base,0.2,100.0,20.0,1.0,peripheral,3831.029313754625,72.47136524403743,0.0,0.0,3758.5579485105877,3758.5579485105877,35.72736476113822,9.291073619838286,0.0,45.018438380976505,3572.736476113822,185.82147239676573,0.0,0.0,167.21752204017648,90.58920655504679,0.0,15,0,0.0,0,0,0.0,0.0,0.0,0.0,0.0,0.0,0,0.0,0.0,0,0,0,0.00560760498046875,0.0,0.0,0.0,True,feasible,baseline_truck_only,3831.029313754625,90.58920655504679,,,,0.0,True,feasible_only,0.0,3831.029313754625,True,3831.029313754625,,,
S0018_R07,1802033,nils,S0018,n15_p0.75_d1_clustered_Emedium_V2.00_Hshort_PWbase_B0.20,15,0.7333333333333333,0.75,1,3,medium,2.0,clustered,short,base,0.2,100.0,20.0,1.0,peripheral,56.29474594361197,41.7769320974423,14.517813846169673,0.0,0.0,0.0,0.0,0.0,0.0,0.0,0.0,0.0,0.0,0.0,94.33657271471384,52.22116512180287,48.392712820565585,7,8,0.5333333333333333,1,1,8.0,8.0,0.0,0.0,0.0,0.0,0,0.641964375916791,0.641964375916791,0,0,0,0.22413039207458496,22.0,4.0,64.0,True,feasible,nils_complete,3831.029313754625,90.58920655504679,,98.53055820425347,,42.353877346226085,True,feasible_only,0.0,56.29474594361197,True,3831.029313754625,,98.53055820425347,
S0018_R08,1802034,truck_only,S0018,n15_p0.75_d1_clustered_Emedium_V2.00_Hshort_PWbase_B0.20,15,0.7333333333333333,0.75,1,3,medium,2.0,clustered,short,base,0.2,100.0,20.0,1.0,peripheral,9575.46086058272,82.57250760582163,0.0,0.0,9492.888352976897,9492.888352976897,93.72856284480599,6.001603424814803,0.0,99.7301662696208,9372.8562844806,120.03206849629606,0.0,0.0,190.30205727246835,103.21563450727702,0.0,15,0,0.0,0,0,0.0,0.0,0.0,0.0,0.0,0.0,0,0.0,0.0,0,0,0,0.00490260124206543,0.0,0.0,0.0,True,feasible,baseline_truck_only,9575.46086058272,103.21563450727702,,,,0.0,True,feasible_only,0.0,9575.46086058272,True,9575.46086058272,,,
S0018_R08,1802034,nils,S0018,n15_p0.75_d1_clustered_Emedium_V2.00_Hshort_PWbase_B0.20,15,0.7333333333333333,0.75,1,3,medium,2.0,clustered,short,base,0.2,100.0,20.0,1.0,peripheral,52.38499987284765,40.13849582169649,12.246504051151163,0.0,0.0,0.0,0.0,0.0,0.0,0.0,0.0,0.0,0.0,0.0,92.89137227626662,50.17311977712061,40.821680170503875,9,6,0.4,1,1,6.0,6.0,0.0,0.0,0.0,0.0,0,0.5323282479996168,0.5323282479996168,0,0,0,0.2346174716949463,22.0,5.0,74.0,True,feasible,nils_complete,9575.46086058272,103.21563450727702,,99.4529245052999,,51.39000015197964,True,feasible_only,0.0,52.38499987284765,True,9575.46086058272,,99.4529245052999,
S0018_R09,1802035,truck_only,S0018,n15_p0.75_d1_clustered_Emedium_V2.00_Hshort_PWbase_B0.20,15,0.7333333333333333,0.75,1,3,medium,2.0,clustered,short,base,0.2,100.0,20.0,1.0,peripheral,444.6037702885127,71.46293734206651,0.0,0.0,373.14083294644615,373.14083294644615,2.43439102254397,6.485086534602459,0.0,8.919477557146429,243.439102254397,129.70173069204918,0.0,0.0,166.98513053497027,89.32867167758316,0.0,15,0,0.0,0,0,0.0,0.0,0.0,0.0,0.0,0.0,0,0.0,0.0,0,0,0,0.004981279373168945,0.0,0.0,0.0,True,feasible,baseline_truck_only,444.6037702885127,89.32867167758316,,,,0.0,True,feasible_only,0.0,444.6037702885127,True,444.6037702885127,,,
S0018_R09,1802035,nils,S0018,n15_p0.75_d1_clustered_Emedium_V2.00_Hshort_PWbase_B0.20,15,0.7333333333333333,0.75,1,3,medium,2.0,clustered,short,base,0.2,100.0,20.0,1.0,peripheral,49.28219731947346,36.388662300406324,12.893535019067137,0.0,0.0,0.0,0.0,0.0,0.0,0.0,0.0,0.0,0.0,0.0,84.78836371218219,45.485827875507894,42.97845006355712,8,7,0.4666666666666667,1,1,7.0,7.0,0.0,0.0,0.0,0.0,0,0.5673361452433506,0.5673361452433506,0,0,0,0.19599413871765137,22.0,5.0,60.0,True,feasible,nils_complete,444.6037702885127,89.32867167758316,,88.9154792170356,,49.08037137316745,True,feasible_only,0.0,49.28219731947346,True,444.6037702885127,,88.9154792170356,
S0018_R10,1802036,truck_only,S0018,n15_p0.75_d1_clustered_Emedium_V2.00_Hshort_PWbase_B0.20,15,0.7333333333333333,0.75,1,3,medium,2.0,clustered,short,base,0.2,100.0,20.0,1.0,peripheral,6334.647089939407,64.89768706621287,0.0,0.0,6269.749402873194,6269.749402873194,62.69749402873194,0.0,0.0,62.69749402873194,6269.7494028731935,0.0,0.0,0.0,151.00464019079953,81.12210883276607,0.0,15,0,0.0,0,0,0.0,0.0,0.0,0.0,0.0,0.0,0,0.0,0.0,0,0,0,0.0032613277435302734,0.0,0.0,0.0,True,feasible,baseline_truck_only,6334.647089939407,81.12210883276607,,,,0.0,True,feasible_only,0.0,6334.647089939407,True,6334.647089939407,,,
S0018_R10,1802036,nils,S0018,n15_p0.75_d1_clustered_Emedium_V2.00_Hshort_PWbase_B0.20,15,0.7333333333333333,0.75,1,3,medium,2.0,clustered,short,base,0.2,100.0,20.0,1.0,peripheral,52.11043601014219,42.1374807433021,9.972955266840088,0.0,0.0,0.0,0.0,0.0,0.0,0.0,0.0,0.0,0.0,0.0,99.53740322637896,52.67185092912763,33.243184222800295,11,4,0.26666666666666666,1,1,4.0,4.0,0.0,0.0,0.0,0.0,0,0.4327639534230849,0.4327639534230849,0,0,0,0.19685626029968262,25.0,4.0,38.0,False,infeasible,nils_complete,6334.647089939407,81.12210883276607,,99.17737428351923,,35.070905223000175,False,feasible_only,0.0,,False,6334.647089939407,,,
S0019_R01,1902027,truck_only,S0019,n15_p0.75_d1_clustered_Emedium_V2.00_Hshort_PWstrict_B0.20,15,0.7333333333333333,0.75,1,3,medium,2.0,clustered,short,strict,0.2,200.0,40.0,1.0,peripheral,15446.417702233333,72.05453798257686,0.0,0.0,15374.363164250757,15374.363164250757,75.8648599512795,5.034779349871457,0.0,80.89963930115096,15172.971990255899,201.39117399485826,0.0,0.0,168.26388385087557,90.06817247822107,0.0,15,0,0.0,0,0,0.0,0.0,0.0,0.0,0.0,0.0,0,0.0,0.0,0,0,0,0.004702091217041016,0.0,0.0,0.0,True,feasible,baseline_truck_only,15446.417702233333,90.06817247822107,,,,0.0,True,feasible_only,0.0,15446.417702233333,True,15446.417702233333,,,
S0019_R01,1902027,nils,S0019,n15_p0.75_d1_clustered_Emedium_V2.00_Hshort_PWstrict_B0.20,15,0.7333333333333333,0.75,1,3,medium,2.0,clustered,short,strict,0.2,200.0,40.0,1.0,peripheral,46.13177873540693,33.273291697081326,12.858487038325606,0.0,0.0,0.0,0.0,0.0,0.0,0.0,0.0,0.0,0.0,0.0,73.97325177153047,41.59161462135165,42.86162346108536,4,11,0.7333333333333333,1,1,11.0,11.0,0.0,0.0,0.0,0.0,0,0.5624533981295554,0.5624533981295554,0,0,0,0.2689335346221924,22.0,6.0,70.0,True,feasible,nils_complete,15446.417702233333,90.06817247822107,,99.70134318762636,,53.82207335070698,True,feasible_only,0.0,46.13177873540693,True,15446.417702233333,,99.70134318762636,
S0019_R02,1902028,truck_only,S0019,n15_p0.75_d1_clustered_Emedium_V2.00_Hshort_PWstrict_B0.20,15,0.7333333333333333,0.75,1,3,medium,2.0,clustered,short,strict,0.2,200.0,40.0,1.0,peripheral,17011.462683234186,62.85452218150519,0.0,0.0,16948.60816105268,16948.60816105268,84.74304080526342,0.0,0.0,84.74304080526342,16948.608161052685,0.0,0.0,0.0,150.02481875574793,78.5681527268815,0.0,15,0,0.0,0,0,0.0,0.0,0.0,0.0,0.0,0.0,0,0.0,0.0,0,0,0,0.0027799606323242188,0.0,0.0,0.0,True,feasible,baseline_truck_only,17011.462683234186,78.5681527268815,,,,0.0,True,feasible_only,0.0,17011.462683234186,True,17011.462683234186,,,
S0019_R02,1902028,nils,S0019,n15_p0.75_d1_clustered_Emedium_V2.00_Hshort_PWstrict_B0.20,15,0.7333333333333333,0.75,1,3,medium,2.0,clustered,short,strict,0.2,200.0,40.0,1.0,peripheral,50.19326855181242,39.57139860253221,10.621869949280214,0.0,0.0,0.0,0.0,0.0,0.0,0.0,0.0,0.0,0.0,0.0,93.72420199760228,49.46424825316526,35.40623316426738,9,6,0.4,1,1,6.0,6.0,0.0,0.0,0.0,0.0,0,0.4541520933548142,0.4541520933548142,0,0,0,0.22078847885131836,22.0,4.0,64.0,True,feasible,nils_complete,17011.462683234186,78.5681527268815,,99.70494442784582,,37.04287737919356,True,feasible_only,0.0,50.19326855181242,True,17011.462683234186,,99.70494442784582,
S0019_R03,1902029,truck_only,S0019,n15_p0.75_d1_clustered_Emedium_V2.00_Hshort_PWstrict_B0.20,15,0.7333333333333333,0.75,1,3,medium,2.0,clustered,short,strict,0.2,200.0,40.0,1.0,peripheral,35376.70153244093,73.640494391115,0.0,0.0,35303.06103804981,35303.06103804981,172.7988178409847,18.582436746321704,0.0,191.3812545873064,34559.76356819694,743.2974698528682,0.0,0.0,173.6847249021394,92.05061798889376,0.0,15,0,0.0,0,0,0.0,0.0,0.0,0.0,0.0,0.0,0,0.0,0.0,0,0,0,0.004984617233276367,0.0,0.0,0.0,True,feasible,baseline_truck_only,35376.70153244093,92.05061798889376,,,,0.0,True,feasible_only,0.0,35376.70153244093,True,35376.70153244093,,,
S0019_R03,1902029,nils,S0019,n15_p0.75_d1_clustered_Emedium_V2.00_Hshort_PWstrict_B0.20,15,0.7333333333333333,0.75,1,3,medium,2.0,clustered,short,strict,0.2,200.0,40.0,1.0,peripheral,50.19830780863589,40.014641607257474,10.183666201378415,0.0,0.0,0.0,0.0,0.0,0.0,0.0,0.0,0.0,0.0,0.0,96.5476554934012,50.018302009071846,33.945554004594726,11,4,0.26666666666666666,1,1,4.0,4.0,0.0,0.0,0.0,0.0,0,0.4425824941129332,0.4425824941129332,0,0,0,0.17411565780639648,22.0,4.0,79.0,True,feasible,nils_complete,35376.70153244093,92.05061798889376,,99.8581034815736,,45.662176852406645,True,feasible_only,0.0,50.19830780863589,True,35376.70153244093,,99.8581034815736,
S0019_R04,1902030,truck_only,S0019,n15_p0.75_d1_clustered_Emedium_V2.00_Hshort_PWstrict_B0.20,15,0.7333333333333333,0.75,1,3,medium,2.0,clustered,short,strict,0.2,200.0,40.0,1.0,peripheral,3053.122051031705,66.14399348029932,0.0,0.0,2986.9780575514055,2986.9780575514055,14.934890287757028,0.0,0.0,14.934890287757028,2986.9780575514055,0.0,0.0,0.0,155.82760788731085,82.67999185037414,0.0,15,0,0.0,0,0,0.0,0.0,0.0,0.0,0.0,0.0,0,0.0,0.0,0,0,0,0.0055463314056396484,0.0,0.0,0.0,True,feasible,baseline_truck_only,3053.122051031705,82.67999185037414,,,,0.0,True,feasible_only,0.0,3053.122051031705,True,3053.122051031705,,,
S0019_R04,1902030,nils,S0019,n15_p0.75_d1_clustered_Emedium_V2.00_Hshort_PWstrict_B0.20,15,0.7333333333333333,0.75,1,3,medium,2.0,clustered,short,strict,0.2,200.0,40.0,1.0,peripheral,52.62541522447199,40.6089385745275,12.01647664994449,0.0,0.0,0.0,0.0,0.0,0.0,0.0,0.0,0.0,0.0,0.0,96.16739088937123,50.76117321815937,40.05492216648164,10,5,0.3333333333333333,1,1,5.0,5.0,0.0,0.0,0.0,0.0,0,0.5283681625673143,0.5283681625673143,0,0,0,0.17189621925354004,22.0,5.0,74.0,True,feasible,nils_complete,3053.122051031705,82.67999185037414,,98.27634092758628,,38.605251304303714,True,feasible_only,0.0,52.62541522447199,True,3053.122051031705,,98.27634092758628,
S0019_R05,1902031,truck_only,S0019,n15_p0.75_d1_clustered_Emedium_V2.00_Hshort_PWstrict_B0.20,15,0.7333333333333333,0.75,1,3,medium,2.0,clustered,short,strict,0.2,200.0,40.0,1.0,peripheral,61.99707560820385,61.99707560820385,0.0,0.0,0.0,0.0,0.0,0.0,0.0,0.0,0.0,0.0,0.0,0.0,145.87008502225734,77.49634451025481,0.0,15,0,0.0,0,0,0.0,0.0,0.0,0.0,0.0,0.0,0,0.0,0.0,0,0,0,0.0028541088104248047,0.0,0.0,0.0,True,feasible,baseline_truck_only,61.99707560820385,77.49634451025481,,,,0.0,True,feasible_only,0.0,61.99707560820385,True,61.99707560820385,,,
S0019_R05,1902031,nils,S0019,n15_p0.75_d1_clustered_Emedium_V2.00_Hshort_PWstrict_B0.20,15,0.7333333333333333,0.75,1,3,medium,2.0,clustered,short,strict,0.2,200.0,40.0,1.0,peripheral,48.90717327747696,35.472690973813336,13.43448230366362,0.0,0.0,0.0,0.0,0.0,0.0,0.0,0.0,0.0,0.0,0.0,79.53116357190054,44.34086371726667,44.781607678878736,5,10,0.6666666666666666,1,1,10.0,10.0,0.0,0.0,0.0,0.0,0,0.5882841778056682,0.5882841778056682,0,0,0,0.16359376907348633,22.0,7.0,70.0,True,feasible,nils_complete,61.99707560820385,77.49634451025481,,21.113741579441133,,42.78328352455488,True,feasible_only,0.0,48.90717327747696,True,61.99707560820385,,21.113741579441133,
S0019_R06,1902032,truck_only,S0019,n15_p0.75_d1_clustered_Emedium_V2.00_Hshort_PWstrict_B0.20,15,0.7333333333333333,0.75,1,3,medium,2.0,clustered,short,strict,0.2,200.0,40.0,1.0,peripheral,7174.3935560231885,63.72811131382358,0.0,0.0,7110.665444709365,7110.665444709365,35.55332722354682,0.0,0.0,35.55332722354682,7110.665444709364,0.0,0.0,0.0,150.33772104653252,79.66013914227948,0.0,15,0,0.0,0,0,0.0,0.0,0.0,0.0,0.0,0.0,0,0.0,0.0,0,0,0,0.002741098403930664,0.0,0.0,0.0,True,feasible,baseline_truck_only,7174.3935560231885,79.66013914227948,,,,0.0,True,feasible_only,0.0,7174.3935560231885,True,7174.3935560231885,,,
S0019_R06,1902032,nils,S0019,n15_p0.75_d1_clustered_Emedium_V2.00_Hshort_PWstrict_B0.20,15,0.7333333333333333,0.75,1,3,medium,2.0,clustered,short,strict,0.2,200.0,40.0,1.0,peripheral,48.42442031830218,34.23559566315261,14.18882465514957,0.0,0.0,0.0,0.0,0.0,0.0,0.0,0.0,0.0,0.0,0.0,75.88912982394572,42.794494578940764,47.29608218383191,4,11,0.7333333333333333,1,1,11.0,11.0,0.0,0.0,0.0,0.0,0,0.6205029819783152,0.6205029819783152,0,0,0,0.17259955406188965,22.0,4.0,74.0,True,feasible,nils_complete,7174.3935560231885,79.66013914227948,,99.32503813820405,,46.27865951563765,True,feasible_only,0.0,48.42442031830218,True,7174.3935560231885,,99.32503813820405,
S0019_R07,1902033,truck_only,S0019,n15_p0.75_d1_clustered_Emedium_V2.00_Hshort_PWstrict_B0.20,15,0.7333333333333333,0.75,1,3,medium,2.0,clustered,short,strict,0.2,200.0,40.0,1.0,peripheral,64.05037915255888,64.05037915255888,0.0,0.0,0.0,0.0,0.0,0.0,0.0,0.0,0.0,0.0,0.0,0.0,151.56185544670316,80.06297394069858,0.0,15,0,0.0,0,0,0.0,0.0,0.0,0.0,0.0,0.0,0,0.0,0.0,0,0,0,0.0028471946716308594,0.0,0.0,0.0,True,feasible,baseline_truck_only,64.05037915255888,80.06297394069858,,,,0.0,True,feasible_only,0.0,64.05037915255888,True,64.05037915255888,,,
S0019_R07,1902033,nils,S0019,n15_p0.75_d1_clustered_Emedium_V2.00_Hshort_PWstrict_B0.20,15,0.7333333333333333,0.75,1,3,medium,2.0,clustered,short,strict,0.2,200.0,40.0,1.0,peripheral,48.00551061675391,36.83452187788632,11.17098873886759,0.0,0.0,0.0,0.0,0.0,0.0,0.0,0.0,0.0,0.0,0.0,87.39760958307784,46.04315234735789,37.23662912955864,9,6,0.4,1,1,6.0,6.0,0.0,0.0,0.0,0.0,0,0.48740593357034756,0.48740593357034756,0,0,0,0.19453954696655273,22.0,5.0,70.0,True,feasible,nils_complete,64.05037915255888,80.06297394069858,,25.050388066538023,,42.49132891133753,True,feasible_only,0.0,48.00551061675391,True,64.05037915255888,,25.050388066538023,
S0019_R08,1902034,truck_only,S0019,n15_p0.75_d1_clustered_Emedium_V2.00_Hshort_PWstrict_B0.20,15,0.7333333333333333,0.75,1,3,medium,2.0,clustered,short,strict,0.2,200.0,40.0,1.0,peripheral,15624.07392174958,83.99338602051739,0.0,0.0,15540.080535729061,15540.080535729061,76.47234218545927,6.140302465930205,0.0,82.61264465138947,15294.468437091853,245.6120986372082,0.0,0.0,193.92644244147766,104.99173252564671,0.0,15,0,0.0,0,0,0.0,0.0,0.0,0.0,0.0,0.0,0,0.0,0.0,0,0,0,0.005289793014526367,0.0,0.0,0.0,True,feasible,baseline_truck_only,15624.07392174958,104.99173252564671,,,,0.0,True,feasible_only,0.0,15624.07392174958,True,15624.07392174958,,,
S0019_R08,1902034,nils,S0019,n15_p0.75_d1_clustered_Emedium_V2.00_Hshort_PWstrict_B0.20,15,0.7333333333333333,0.75,1,3,medium,2.0,clustered,short,strict,0.2,200.0,40.0,1.0,peripheral,57.89340826565403,45.03853541147902,12.854872854175017,0.0,0.0,0.0,0.0,0.0,0.0,0.0,0.0,0.0,0.0,0.0,102.62047539201879,56.29816926434877,42.8495761805834,7,8,0.5333333333333333,1,1,8.0,8.0,0.0,0.0,0.0,0.0,0,0.564367362546593,0.564367362546593,0,10,10,0.1847522258758545,22.0,7.0,78.0,True,feasible,nils_complete,15624.07392174958,104.99173252564671,,99.62946022557496,,46.37847389498348,True,feasible_only,0.0,57.89340826565403,True,15624.07392174958,,99.62946022557496,
S0019_R09,1902035,truck_only,S0019,n15_p0.75_d1_clustered_Emedium_V2.00_Hshort_PWstrict_B0.20,15,0.7333333333333333,0.75,1,3,medium,2.0,clustered,short,strict,0.2,200.0,40.0,1.0,peripheral,30387.31938692988,69.4245739597282,0.0,0.0,30317.894812970153,30317.894812970153,151.58947406485075,0.0,0.0,151.58947406485075,30317.89481297015,0.0,0.0,0.0,161.75216919347054,86.78071744966026,0.0,15,0,0.0,0,0,0.0,0.0,0.0,0.0,0.0,0.0,0,0.0,0.0,0,0,0,0.00527644157409668,0.0,0.0,0.0,True,feasible,baseline_truck_only,30387.31938692988,86.78071744966026,,,,0.0,True,feasible_only,0.0,30387.31938692988,True,30387.31938692988,,,
S0019_R09,1902035,nils,S0019,n15_p0.75_d1_clustered_Emedium_V2.00_Hshort_PWstrict_B0.20,15,0.7333333333333333,0.75,1,3,medium,2.0,clustered,short,strict,0.2,200.0,40.0,1.0,peripheral,50.31858071526276,35.21410927544177,15.104471439820989,0.0,0.0,0.0,0.0,0.0,0.0,0.0,0.0,0.0,0.0,0.0,81.12728073729386,44.01763659430222,50.34823813273663,6,9,0.6,1,1,9.0,9.0,0.0,0.0,0.0,0.0,0,0.6690757041124173,0.6690757041124173,0,0,0,0.16286635398864746,22.0,6.0,60.0,True,feasible,nils_complete,30387.31938692988,86.78071744966026,,99.83440928081039,,49.2771690671537,True,feasible_only,0.0,50.31858071526276,True,30387.31938692988,,99.83440928081039,
S0019_R10,1902036,truck_only,S0019,n15_p0.75_d1_clustered_Emedium_V2.00_Hshort_PWstrict_B0.20,15,0.7333333333333333,0.75,1,3,medium,2.0,clustered,short,strict,0.2,200.0,40.0,1.0,peripheral,18707.68089740575,75.99106800873253,0.0,0.0,18631.689829397015,18631.689829397015,86.0832907049781,35.37579221003489,0.0,121.45908291501298,17216.65814099562,1415.0316884013955,0.0,0.0,177.1814717293131,94.98883501091565,0.0,15,0,0.0,0,0,0.0,0.0,0.0,0.0,0.0,0.0,0,0.0,0.0,0,0,0,0.004096269607543945,0.0,0.0,0.0,True,feasible,baseline_truck_only,18707.68089740575,94.98883501091565,,,,0.0,True,feasible_only,0.0,18707.68089740575,True,18707.68089740575,,,
S0019_R10,1902036,nils,S0019,n15_p0.75_d1_clustered_Emedium_V2.00_Hshort_PWstrict_B0.20,15,0.7333333333333333,0.75,1,3,medium,2.0,clustered,short,strict,0.2,200.0,40.0,1.0,peripheral,53.170631005049174,42.57416943742484,10.596461567624335,0.0,0.0,0.0,0.0,0.0,0.0,0.0,0.0,0.0,0.0,0.0,102.22966454279972,53.217711796781046,35.32153855874778,11,4,0.26666666666666666,1,1,4.0,4.0,0.0,0.0,0.0,0.0,0,0.4596189679387871,0.4596189679387871,0,0,0,0.18303728103637695,25.0,4.0,66.0,False,infeasible,nils_complete,18707.68089740575,94.98883501091565,,99.71578181551929,,43.97477157113725,False,feasible_only,0.0,,False,18707.68089740575,,,
S0020_R01,2002027,truck_only,S0020,n15_p0.75_d1_uniform_Ehigh_V1.25_Hmedium_PWflat_B0.20,15,0.7333333333333333,0.75,1,3,high,1.25,uniform,medium,flat,0.2,1.0,1.0,1.0,peripheral,284.87689665647565,168.45928763005992,0.0,0.0,116.4176090264157,116.4176090264157,116.4176090264157,0.0,0.0,116.4176090264157,116.4176090264157,0.0,0.0,0.0,175.44814738423517,210.57410953757483,0.0,15,0,0.0,0,0,0.0,0.0,0.0,0.0,0.0,0.0,0,0.0,0.0,0,0,0,0.005649089813232422,0.0,0.0,0.0,True,feasible,baseline_truck_only,284.87689665647565,210.57410953757483,,,,0.0,True,feasible_only,0.0,284.87689665647565,True,284.87689665647565,,,
S0020_R01,2002027,nils,S0020,n15_p0.75_d1_uniform_Ehigh_V1.25_Hmedium_PWflat_B0.20,15,0.7333333333333333,0.75,1,3,high,1.25,uniform,medium,flat,0.2,1.0,1.0,1.0,peripheral,148.56385365929384,135.14984474044428,13.414008918849573,0.0,0.0,0.0,0.0,0.0,0.0,0.0,0.0,0.0,0.0,0.0,141.42274667456454,168.93730592555536,44.71336306283192,11,4,0.26666666666666666,1,1,4.0,4.0,0.0,0.0,0.0,0.0,0,0.7601527290284114,0.7601527290284114,0,170,170,0.16016006469726562,25.0,6.0,15.0,True,feasible,nils_complete,284.87689665647565,210.57410953757483,,47.84980621350896,,19.77299284487289,True,feasible_only,0.0,148.56385365929384,True,284.87689665647565,,47.84980621350896,
S0020_R02,2002028,truck_only,S0020,n15_p0.75_d1_uniform_Ehigh_V1.25_Hmedium_PWflat_B0.20,15,0.7333333333333333,0.75,1,3,high,1.25,uniform,medium,flat,0.2,1.0,1.0,1.0,peripheral,132.00365748246642,132.00365748246642,0.0,0.0,0.0,0.0,0.0,0.0,0.0,0.0,0.0,0.0,0.0,0.0,198.01034672580175,165.00457185308304,0.0,15,0,0.0,0,0,0.0,0.0,0.0,0.0,0.0,0.0,0,0.0,0.0,0,0,0,0.0036437511444091797,0.0,0.0,0.0,True,feasible,baseline_truck_only,132.00365748246642,165.00457185308304,,,,0.0,True,feasible_only,0.0,132.00365748246642,True,132.00365748246642,,,
S0020_R02,2002028,nils,S0020,n15_p0.75_d1_uniform_Ehigh_V1.25_Hmedium_PWflat_B0.20,15,0.7333333333333333,0.75,1,3,high,1.25,uniform,medium,flat,0.2,1.0,1.0,1.0,peripheral,110.71638323321199,99.67339771895095,11.042985514261035,0.0,0.0,0.0,0.0,0.0,0.0,0.0,0.0,0.0,0.0,0.0,138.28019428609582,124.5917471486887,36.80995171420345,13,2,0.13333333333333333,1,1,2.0,2.0,0.0,0.0,0.0,0.0,0,0.6279423524402,0.6279423524402,0,161,161,0.1513078212738037,25.0,2.0,24.0,True,feasible,nils_complete,132.00365748246642,165.00457185308304,,16.126276086010684,,24.491942405315385,True,feasible_only,0.0,110.71638323321199,True,132.00365748246642,,16.126276086010684,
S0020_R03,2002029,truck_only,S0020,n15_p0.75_d1_uniform_Ehigh_V1.25_Hmedium_PWflat_B0.20,15,0.7333333333333333,0.75,1,3,high,1.25,uniform,medium,flat,0.2,1.0,1.0,1.0,peripheral,518.8994075773326,162.86200950362354,0.0,0.0,356.03739807370897,356.03739807370897,285.4811386147969,66.73297018961267,3.82328926929938,356.03739807370897,285.4811386147969,66.73297018961267,3.82328926929938,0.0,293.519875537178,203.57751187952937,0.0,15,0,0.0,0,0,0.0,0.0,0.0,0.0,0.0,0.0,0,0.0,0.0,0,0,0,0.0059587955474853516,0.0,0.0,0.0,True,feasible,baseline_truck_only,518.8994075773326,203.57751187952937,,,,0.0,True,feasible_only,0.0,518.8994075773326,True,518.8994075773326,,,
S0020_R03,2002029,nils,S0020,n15_p0.75_d1_uniform_Ehigh_V1.25_Hmedium_PWflat_B0.20,15,0.7333333333333333,0.75,1,3,high,1.25,uniform,medium,flat,0.2,1.0,1.0,1.0,peripheral,80.02503920052875,67.2283738198636,12.796665380665141,0.0,0.0,0.0,0.0,0.0,0.0,0.0,0.0,0.0,0.0,0.0,152.95572173460707,84.0354672748295,42.655551268883805,10,5,0.3333333333333333,1,1,5.0,5.0,0.0,0.0,0.0,0.0,0,0.7434368865146741,0.7434368865146741,0,84,84,0.13975071907043457,17.0,5.0,35.0,True,feasible,nils_complete,518.8994075773326,203.57751187952937,,84.57792820112202,,58.720653131590005,True,feasible_only,0.0,80.02503920052875,True,518.8994075773326,,84.57792820112202,
S0020_R04,2002030,truck_only,S0020,n15_p0.75_d1_uniform_Ehigh_V1.25_Hmedium_PWflat_B0.20,15,0.7333333333333333,0.75,1,3,high,1.25,uniform,medium,flat,0.2,1.0,1.0,1.0,peripheral,189.4638604632741,158.98835167699815,0.0,0.0,30.47550878627596,30.47550878627596,30.47550878627596,0.0,0.0,30.47550878627596,30.47550878627596,0.0,0.0,0.0,154.99522149900955,198.73543959624772,0.0,15,0,0.0,0,0,0.0,0.0,0.0,0.0,0.0,0.0,0,0.0,0.0,0,0,0,0.005623579025268555,0.0,0.0,0.0,True,feasible,baseline_truck_only,189.4638604632741,198.73543959624772,,,,0.0,True,feasible_only,0.0,189.4638604632741,True,189.4638604632741,,,
S0020_R04,2002030,nils,S0020,n15_p0.75_d1_uniform_Ehigh_V1.25_Hmedium_PWflat_B0.20,15,0.7333333333333333,0.75,1,3,high,1.25,uniform,medium,flat,0.2,1.0,1.0,1.0,peripheral,120.90370973334817,108.68838908084402,12.215320652504149,0.0,0.0,0.0,0.0,0.0,0.0,0.0,0.0,0.0,0.0,0.0,135.93911043514063,135.860486351055,40.71773550834717,11,4,0.26666666666666666,1,1,4.0,4.0,0.0,0.0,0.0,0.0,0,0.6804422167340572,0.6804422167340572,0,161,161,0.16980791091918945,25.0,5.0,24.0,True,feasible,nils_complete,189.4638604632741,198.73543959624772,,36.186400172720916,,31.637514362274747,True,feasible_only,0.0,120.90370973334817,True,189.4638604632741,,36.186400172720916,
S0020_R05,2002031,truck_only,S0020,n15_p0.75_d1_uniform_Ehigh_V1.25_Hmedium_PWflat_B0.20,15,0.7333333333333333,0.75,1,3,high,1.25,uniform,medium,flat,0.2,1.0,1.0,1.0,peripheral,171.67439302231915,167.00352717535915,0.0,0.0,4.670865846960005,4.670865846960005,4.670865846960005,0.0,0.0,4.670865846960005,4.670865846960005,0.0,0.0,0.0,154.2024562015201,208.75440896919892,0.0,15,0,0.0,0,0,0.0,0.0,0.0,0.0,0.0,0.0,0,0.0,0.0,0,0,0,0.0054225921630859375,0.0,0.0,0.0,True,feasible,baseline_truck_only,171.67439302231915,208.75440896919892,,,,0.0,True,feasible_only,0.0,171.67439302231915,True,171.67439302231915,,,
S0020_R05,2002031,nils,S0020,n15_p0.75_d1_uniform_Ehigh_V1.25_Hmedium_PWflat_B0.20,15,0.7333333333333333,0.75,1,3,high,1.25,uniform,medium,flat,0.2,1.0,1.0,1.0,peripheral,150.2831269883302,130.68998718487862,14.922273956491594,0.0,4.670865846960005,4.670865846960005,4.670865846960005,0.0,0.0,4.670865846960005,4.670865846960005,0.0,0.0,0.0,131.3192874658505,163.36248398109828,49.74091318830531,13,2,0.13333333333333333,1,1,2.0,2.0,0.0,0.0,0.0,0.0,0,0.7839942039297562,0.7839942039297562,0,211,211,0.17612981796264648,25.0,2.0,17.0,True,feasible,nils_complete,171.67439302231915,208.75440896919892,,12.460370855196736,,21.74417547022831,True,feasible_only,0.0,150.2831269883302,True,171.67439302231915,,12.460370855196736,
S0020_R06,2002032,truck_only,S0020,n15_p0.75_d1_uniform_Ehigh_V1.25_Hmedium_PWflat_B0.20,15,0.7333333333333333,0.75,1,3,high,1.25,uniform,medium,flat,0.2,1.0,1.0,1.0,peripheral,160.68506412042322,148.0464229787966,0.0,0.0,12.638641141626614,12.638641141626614,0.45108078071243796,12.187560360914176,0.0,12.638641141626614,0.45108078071243796,12.187560360914176,0.0,0.0,190.22775547674152,185.05802872349574,0.0,15,0,0.0,0,0,0.0,0.0,0.0,0.0,0.0,0.0,0,0.0,0.0,0,0,0,0.0042955875396728516,0.0,0.0,0.0,True,feasible,baseline_truck_only,160.68506412042322,185.05802872349574,,,,0.0,True,feasible_only,0.0,160.68506412042322,True,160.68506412042322,,,
S0020_R06,2002032,nils,S0020,n15_p0.75_d1_uniform_Ehigh_V1.25_Hmedium_PWflat_B0.20,15,0.7333333333333333,0.75,1,3,high,1.25,uniform,medium,flat,0.2,1.0,1.0,1.0,peripheral,115.33723113288227,96.81095417355776,14.15763695251525,0.0,4.368640006809265,4.368640006809265,4.368640006809265,0.0,0.0,4.368640006809265,4.368640006809265,0.0,0.0,0.0,137.44378589247276,121.01369271694718,47.19212317505084,12,3,0.2,1,1,3.0,3.0,0.0,0.0,0.0,0.0,0,0.7534626768159663,0.7534626768159663,0,81,81,0.11083054542541504,12.0,3.0,21.0,True,feasible,nils_complete,160.68506412042322,185.05802872349574,,28.221560750385386,,34.60770464719493,True,feasible_only,0.0,115.33723113288227,True,160.68506412042322,,28.221560750385386,
S0020_R07,2002033,truck_only,S0020,n15_p0.75_d1_uniform_Ehigh_V1.25_Hmedium_PWflat_B0.20,15,0.7333333333333333,0.75,1,3,high,1.25,uniform,medium,flat,0.2,1.0,1.0,1.0,peripheral,207.3551962257185,149.0528963068497,0.0,0.0,58.30229991886877,58.30229991886877,54.86766879508944,3.434631123779326,0.0,58.30229991886877,54.86766879508944,3.434631123779326,0.0,0.0,176.73085119893264,186.3161203835621,0.0,15,0,0.0,0,0,0.0,0.0,0.0,0.0,0.0,0.0,0,0.0,0.0,0,0,0,0.0032906532287597656,0.0,0.0,0.0,True,feasible,baseline_truck_only,207.3551962257185,186.3161203835621,,,,0.0,True,feasible_only,0.0,207.3551962257185,True,207.3551962257185,,,
S0020_R07,2002033,nils,S0020,n15_p0.75_d1_uniform_Ehigh_V1.25_Hmedium_PWflat_B0.20,15,0.7333333333333333,0.75,1,3,high,1.25,uniform,medium,flat,0.2,1.0,1.0,1.0,peripheral,133.6384572182993,118.2532805177018,14.249123618098041,0.0,1.1360530824994512,1.1360530824994512,1.1360530824994512,0.0,0.0,1.1360530824994512,1.1360530824994512,0.0,0.0,0.0,137.6131439385927,147.81660064712725,47.49707872699347,13,2,0.13333333333333333,1,1,2.0,2.0,0.0,0.0,0.0,0.0,0,0.7785520269090904,0.7785520269090904,0,212,212,0.14917945861816406,25.0,2.0,16.0,True,feasible,nils_complete,207.3551962257185,186.3161203835621,,35.550948492833584,,20.66354733942362,True,feasible_only,0.0,133.6384572182993,True,207.3551962257185,,35.550948492833584,
S0020_R08,2002034,truck_only,S0020,n15_p0.75_d1_uniform_Ehigh_V1.25_Hmedium_PWflat_B0.20,15,0.7333333333333333,0.75,1,3,high,1.25,uniform,medium,flat,0.2,1.0,1.0,1.0,peripheral,298.7842841981297,167.3295623174011,0.0,0.0,131.45472188072858,131.45472188072858,131.45472188072858,0.0,0.0,131.45472188072858,131.45472188072858,0.0,0.0,0.0,263.33930926256687,209.16195289675136,0.0,15,0,0.0,0,0,0.0,0.0,0.0,0.0,0.0,0.0,0,0.0,0.0,0,0,0,0.0052144527435302734,0.0,0.0,0.0,True,feasible,baseline_truck_only,298.7842841981297,209.16195289675136,,,,0.0,True,feasible_only,0.0,298.7842841981297,True,298.7842841981297,,,
S0020_R08,2002034,nils,S0020,n15_p0.75_d1_uniform_Ehigh_V1.25_Hmedium_PWflat_B0.20,15,0.7333333333333333,0.75,1,3,high,1.25,uniform,medium,flat,0.2,1.0,1.0,1.0,peripheral,140.1589836155955,104.57855513678865,12.035888482496581,0.0,23.54453999631029,23.54453999631029,23.54453999631029,0.0,0.0,23.54453999631029,23.54453999631029,0.0,0.0,0.0,142.52852283606316,130.7231939209858,40.11962827498861,12,3,0.2,1,1,3.0,3.0,0.0,0.0,0.0,0.0,0,0.637161077979199,0.637161077979199,0,89,89,0.1053476333618164,14.0,3.0,20.0,True,feasible,nils_complete,298.7842841981297,209.16195289675136,,53.09024234934213,,37.50144703156663,True,feasible_only,0.0,140.1589836155955,True,298.7842841981297,,53.09024234934213,
S0020_R09,2002035,truck_only,S0020,n15_p0.75_d1_uniform_Ehigh_V1.25_Hmedium_PWflat_B0.20,15,0.7333333333333333,0.75,1,3,high,1.25,uniform,medium,flat,0.2,1.0,1.0,1.0,peripheral,226.969405365085,154.09841592940603,0.0,0.0,72.87098943567898,72.87098943567898,0.0,72.87098943567898,0.0,72.87098943567898,0.0,72.87098943567898,0.0,0.0,244.96412113709025,192.62301991175752,0.0,15,0,0.0,0,0,0.0,0.0,0.0,0.0,0.0,0.0,0,0.0,0.0,0,0,0,0.003139495849609375,0.0,0.0,0.0,True,feasible,baseline_truck_only,226.969405365085,192.62301991175752,,,,0.0,True,feasible_only,0.0,226.969405365085,True,226.969405365085,,,
S0020_R09,2002035,nils,S0020,n15_p0.75_d1_uniform_Ehigh_V1.25_Hmedium_PWflat_B0.20,15,0.7333333333333333,0.75,1,3,high,1.25,uniform,medium,flat,0.2,1.0,1.0,1.0,peripheral,116.55111293390749,111.01142883884461,5.539684095062886,0.0,0.0,0.0,0.0,0.0,0.0,0.0,0.0,0.0,0.0,0.0,164.09407121329232,138.7642860485557,18.46561365020962,13,2,0.13333333333333333,1,1,2.0,2.0,0.0,0.0,0.0,0.0,0,0.3136418528892781,0.3136418528892781,0,118,118,0.13257408142089844,19.0,2.0,25.0,True,feasible,nils_complete,226.969405365085,192.62301991175752,,48.64897639114285,,27.960694359311276,True,feasible_only,0.0,116.55111293390749,True,226.969405365085,,48.64897639114285,
S0020_R10,2002036,truck_only,S0020,n15_p0.75_d1_uniform_Ehigh_V1.25_Hmedium_PWflat_B0.20,15,0.7333333333333333,0.75,1,3,high,1.25,uniform,medium,flat,0.2,1.0,1.0,1.0,peripheral,422.32330520189333,159.84247246198606,0.0,0.0,262.48083273990727,262.48083273990727,171.56934233095336,90.9114904089539,0.0,262.48083273990727,171.56934233095336,90.9114904089539,0.0,0.0,218.23605513078314,199.80309057748258,0.0,15,0,0.0,0,0,0.0,0.0,0.0,0.0,0.0,0.0,0,0.0,0.0,0,0,0,0.003434419631958008,0.0,0.0,0.0,True,feasible,baseline_truck_only,422.32330520189333,199.80309057748258,,,,0.0,True,feasible_only,0.0,422.32330520189333,True,422.32330520189333,,,
S0020_R10,2002036,nils,S0020,n15_p0.75_d1_uniform_Ehigh_V1.25_Hmedium_PWflat_B0.20,15,0.7333333333333333,0.75,1,3,high,1.25,uniform,medium,flat,0.2,1.0,1.0,1.0,peripheral,120.09615438239962,114.25492676185506,5.841227620544565,0.0,0.0,0.0,0.0,0.0,0.0,0.0,0.0,0.0,0.0,0.0,129.28525817214444,142.81865845231883,19.47075873514855,13,2,0.13333333333333333,1,1,2.0,2.0,0.0,0.0,0.0,0.0,0,0.3342760218602404,0.3342760218602404,0,159,159,0.16382431983947754,22.0,2.0,23.0,True,feasible,nils_complete,422.32330520189333,199.80309057748258,,71.5629819848594,,28.52029563730171,True,feasible_only,0.0,120.09615438239962,True,422.32330520189333,,71.5629819848594,
S0021_R01,2102027,truck_only,S0021,n15_p0.75_d1_uniform_Ehigh_V1.25_Hmedium_PWmoderate_B0.20,15,0.7333333333333333,0.75,1,3,high,1.25,uniform,medium,moderate,0.2,20.0,5.0,1.0,peripheral,501.249659467853,183.96136126222348,0.0,0.0,317.28829820562953,317.28829820562953,7.8916171939636115,31.891190865271454,0.0,39.782808059235066,157.83234387927223,159.45595432635727,0.0,0.0,216.62100799324546,229.95170157777935,0.0,15,0,0.0,0,0,0.0,0.0,0.0,0.0,0.0,0.0,0,0.0,0.0,0,0,0,0.004747867584228516,0.0,0.0,0.0,True,feasible,baseline_truck_only,501.249659467853,229.95170157777935,,,,0.0,True,feasible_only,0.0,501.249659467853,True,501.249659467853,,,
S0021_R01,2102027,nils,S0021,n15_p0.75_d1_uniform_Ehigh_V1.25_Hmedium_PWmoderate_B0.20,15,0.7333333333333333,0.75,1,3,high,1.25,uniform,medium,moderate,0.2,20.0,5.0,1.0,peripheral,316.72380520526644,127.51927370071718,13.799417190688224,0.0,175.40511431386108,175.40511431386108,8.770255715693054,0.0,0.0,8.770255715693054,175.40511431386108,0.0,0.0,0.0,138.9243253821951,159.39909212589646,45.99805730229409,11,4,0.26666666666666666,1,1,4.0,4.0,0.0,0.0,0.0,0.0,0,0.7479554202870065,0.7479554202870065,0,156,156,0.18273329734802246,25.0,6.0,29.0,True,feasible,nils_complete,501.249659467853,229.95170157777935,,36.81316301710543,,30.681490490305865,True,feasible_only,0.0,316.72380520526644,True,501.249659467853,,36.81316301710543,
S0021_R02,2102028,truck_only,S0021,n15_p0.75_d1_uniform_Ehigh_V1.25_Hmedium_PWmoderate_B0.20,15,0.7333333333333333,0.75,1,3,high,1.25,uniform,medium,moderate,0.2,20.0,5.0,1.0,peripheral,375.17908790039496,149.28529290930848,0.0,0.0,225.89379499108645,225.89379499108645,11.294689749554323,0.0,0.0,11.294689749554323,225.89379499108645,0.0,0.0,0.0,113.82266912154964,186.60661613663558,0.0,15,0,0.0,0,0,0.0,0.0,0.0,0.0,0.0,0.0,0,0.0,0.0,0,0,0,0.00540471076965332,0.0,0.0,0.0,True,feasible,baseline_truck_only,375.17908790039496,186.60661613663558,,,,0.0,True,feasible_only,0.0,375.17908790039496,True,375.17908790039496,,,
S0021_R02,2102028,nils,S0021,n15_p0.75_d1_uniform_Ehigh_V1.25_Hmedium_PWmoderate_B0.20,15,0.7333333333333333,0.75,1,3,high,1.25,uniform,medium,moderate,0.2,20.0,5.0,1.0,peripheral,141.98142790366256,127.2978326354577,14.683595268204876,0.0,0.0,0.0,0.0,0.0,0.0,0.0,0.0,0.0,0.0,0.0,108.49942481863732,159.12229079432214,48.94531756068292,12,3,0.2,1,1,3.0,3.0,0.0,0.0,0.0,0.0,0,0.7819849626658655,0.7819849626658655,0,131,131,0.14057254791259766,18.0,3.0,19.0,True,feasible,nils_complete,375.17908790039496,186.60661613663558,,62.15635879434817,,14.728483861573853,True,feasible_only,0.0,141.98142790366256,True,375.17908790039496,,62.15635879434817,
S0021_R03,2102029,truck_only,S0021,n15_p0.75_d1_uniform_Ehigh_V1.25_Hmedium_PWmoderate_B0.20,15,0.7333333333333333,0.75,1,3,high,1.25,uniform,medium,moderate,0.2,20.0,5.0,1.0,peripheral,1141.988970974084,161.67621870718602,0.0,0.0,980.312752266898,980.312752266898,49.0156376133449,0.0,0.0,49.0156376133449,980.312752266898,0.0,0.0,0.0,184.14404526017853,202.0952733839825,0.0,15,0,0.0,0,0,0.0,0.0,0.0,0.0,0.0,0.0,0,0.0,0.0,0,0,0,0.003298044204711914,0.0,0.0,0.0,True,feasible,baseline_truck_only,1141.988970974084,202.0952733839825,,,,0.0,True,feasible_only,0.0,1141.988970974084,True,1141.988970974084,,,
S0021_R03,2102029,nils,S0021,n15_p0.75_d1_uniform_Ehigh_V1.25_Hmedium_PWmoderate_B0.20,15,0.7333333333333333,0.75,1,3,high,1.25,uniform,medium,moderate,0.2,20.0,5.0,1.0,peripheral,142.34985681067343,129.23772392787345,13.11213288279997,0.0,0.0,0.0,0.0,0.0,0.0,0.0,0.0,0.0,0.0,0.0,154.21478709985956,161.5471549098418,43.70710960933324,12,3,0.2,1,1,3.0,3.0,0.0,0.0,0.0,0.0,0,0.7291172803603876,0.7291172803603876,0,188,188,0.2096388339996338,25.0,3.0,18.0,True,feasible,nils_complete,1141.988970974084,202.0952733839825,,87.53491842489048,,20.063862848043442,True,feasible_only,0.0,142.34985681067343,True,1141.988970974084,,87.53491842489048,
S0021_R04,2102030,truck_only,S0021,n15_p0.75_d1_uniform_Ehigh_V1.25_Hmedium_PWmoderate_B0.20,15,0.7333333333333333,0.75,1,3,high,1.25,uniform,medium,moderate,0.2,20.0,5.0,1.0,peripheral,813.8540557359356,202.245676413921,0.0,0.0,611.6083793220147,611.6083793220147,1.1828920584925484,117.59010763043274,0.0,118.7729996889253,23.65784116985097,587.9505381521637,0.0,0.0,234.68446080700474,252.80709551740128,0.0,15,0,0.0,0,0,0.0,0.0,0.0,0.0,0.0,0.0,0,0.0,0.0,0,0,0,0.005536794662475586,0.0,0.0,0.0,True,feasible,baseline_truck_only,813.8540557359356,252.80709551740128,,,,0.0,True,feasible_only,0.0,813.8540557359356,True,813.8540557359356,,,
S0021_R04,2102030,nils,S0021,n15_p0.75_d1_uniform_Ehigh_V1.25_Hmedium_PWmoderate_B0.20,15,0.7333333333333333,0.75,1,3,high,1.25,uniform,medium,moderate,0.2,20.0,5.0,1.0,peripheral,146.99840077445282,133.42137553422657,13.577025240226234,0.0,0.0,0.0,0.0,0.0,0.0,0.0,0.0,0.0,0.0,0.0,156.4470120448243,166.77671941778317,45.25675080075411,12,3,0.2,1,1,3.0,3.0,0.0,0.0,0.0,0.0,0,0.7642368767722656,0.7642368767722656,0,185,185,0.1831951141357422,25.0,4.0,21.0,True,feasible,nils_complete,813.8540557359356,252.80709551740128,,81.93799001941103,,34.0300480584005,True,feasible_only,0.0,146.99840077445282,True,813.8540557359356,,81.93799001941103,
S0021_R05,2102031,truck_only,S0021,n15_p0.75_d1_uniform_Ehigh_V1.25_Hmedium_PWmoderate_B0.20,15,0.7333333333333333,0.75,1,3,high,1.25,uniform,medium,moderate,0.2,20.0,5.0,1.0,peripheral,1044.7754562264709,155.57794888318887,0.0,0.0,889.1975073432819,889.1975073432819,44.459875367164095,0.0,0.0,44.459875367164095,889.1975073432819,0.0,0.0,0.0,159.11071133021272,194.47243610398607,0.0,15,0,0.0,0,0,0.0,0.0,0.0,0.0,0.0,0.0,0,0.0,0.0,0,0,0,0.004243612289428711,0.0,0.0,0.0,True,feasible,baseline_truck_only,1044.7754562264709,194.47243610398607,,,,0.0,True,feasible_only,0.0,1044.7754562264709,True,1044.7754562264709,,,
S0021_R05,2102031,nils,S0021,n15_p0.75_d1_uniform_Ehigh_V1.25_Hmedium_PWmoderate_B0.20,15,0.7333333333333333,0.75,1,3,high,1.25,uniform,medium,moderate,0.2,20.0,5.0,1.0,peripheral,276.03148249709284,141.19021459861844,13.727726538230808,0.0,121.1135413602436,121.1135413602436,6.05567706801218,0.0,0.0,6.05567706801218,121.1135413602436,0.0,0.0,0.0,143.27418188734782,176.48776824827306,45.75908846076936,12,3,0.2,1,1,3.0,3.0,0.0,0.0,0.0,0.0,0,0.7642673171937338,0.7642673171937338,0,187,187,0.21512985229492188,25.0,6.0,19.0,True,feasible,nils_complete,1044.7754562264709,194.47243610398607,,73.57982704780741,,9.247926449636523,True,feasible_only,0.0,276.03148249709284,True,1044.7754562264709,,73.57982704780741,
S0021_R06,2102032,truck_only,S0021,n15_p0.75_d1_uniform_Ehigh_V1.25_Hmedium_PWmoderate_B0.20,15,0.7333333333333333,0.75,1,3,high,1.25,uniform,medium,moderate,0.2,20.0,5.0,1.0,peripheral,152.46579794681068,152.46579794681068,0.0,0.0,0.0,0.0,0.0,0.0,0.0,0.0,0.0,0.0,0.0,0.0,182.435332760617,190.58224743351334,0.0,15,0,0.0,0,0,0.0,0.0,0.0,0.0,0.0,0.0,0,0.0,0.0,0,0,0,0.0031948089599609375,0.0,0.0,0.0,True,feasible,baseline_truck_only,152.46579794681068,190.58224743351334,,,,0.0,True,feasible_only,0.0,152.46579794681068,True,152.46579794681068,,,
S0021_R06,2102032,nils,S0021,n15_p0.75_d1_uniform_Ehigh_V1.25_Hmedium_PWmoderate_B0.20,15,0.7333333333333333,0.75,1,3,high,1.25,uniform,medium,moderate,0.2,20.0,5.0,1.0,peripheral,114.85330574931324,103.20803361682741,11.645272132485834,0.0,0.0,0.0,0.0,0.0,0.0,0.0,0.0,0.0,0.0,0.0,128.80437105846678,129.01004202103425,38.817573774952784,10,5,0.3333333333333333,1,1,5.0,5.0,0.0,0.0,0.0,0.0,0,0.6665147831604127,0.6665147831604127,0,118,118,0.18224740028381348,25.0,5.0,28.0,True,feasible,nils_complete,152.46579794681068,190.58224743351334,,24.669462072155333,,32.30741910206469,True,feasible_only,0.0,114.85330574931324,True,152.46579794681068,,24.669462072155333,
S0021_R07,2102033,truck_only,S0021,n15_p0.75_d1_uniform_Ehigh_V1.25_Hmedium_PWmoderate_B0.20,15,0.7333333333333333,0.75,1,3,high,1.25,uniform,medium,moderate,0.2,20.0,5.0,1.0,peripheral,2271.7055938787166,161.31246658356028,0.0,0.0,2110.3931272951563,2110.3931272951563,20.156010037439913,341.45458530927164,0.0,361.61059534671153,403.12020074879825,1707.2729265463581,0.0,0.0,284.4582072731997,201.64058322945036,0.0,15,0,0.0,0,0,0.0,0.0,0.0,0.0,0.0,0.0,0,0.0,0.0,0,0,0,0.0042226314544677734,0.0,0.0,0.0,True,feasible,baseline_truck_only,2271.7055938787166,201.64058322945036,,,,0.0,True,feasible_only,0.0,2271.7055938787166,True,2271.7055938787166,,,
S0021_R07,2102033,nils,S0021,n15_p0.75_d1_uniform_Ehigh_V1.25_Hmedium_PWmoderate_B0.20,15,0.7333333333333333,0.75,1,3,high,1.25,uniform,medium,moderate,0.2,20.0,5.0,1.0,peripheral,121.34485095169924,107.11483276626922,14.23001818543002,0.0,0.0,0.0,0.0,0.0,0.0,0.0,0.0,0.0,0.0,0.0,163.92084008780466,133.89354095783654,47.43339395143339,11,4,0.26666666666666666,1,1,4.0,4.0,0.0,0.0,0.0,0.0,0,0.7821952752680637,0.7821952752680637,0,104,104,0.16761565208435059,17.0,4.0,26.0,True,feasible,nils_complete,2271.7055938787166,201.64058322945036,,94.6584253136202,,33.59792021357291,True,feasible_only,0.0,121.34485095169924,True,2271.7055938787166,,94.6584253136202,
S0021_R08,2102034,truck_only,S0021,n15_p0.75_d1_uniform_Ehigh_V1.25_Hmedium_PWmoderate_B0.20,15,0.7333333333333333,0.75,1,3,high,1.25,uniform,medium,moderate,0.2,20.0,5.0,1.0,peripheral,11559.010967636574,212.5618592436112,0.0,0.0,11346.449108392962,11346.449108392962,397.27788665911453,663.9304802917608,81.23897375186812,1142.4473407027433,7945.557733182291,3319.652401458804,81.23897375186812,0.0,380.617833981595,265.702324054514,0.0,15,0,0.0,0,0,0.0,0.0,0.0,0.0,0.0,0.0,0,0.0,0.0,0,0,0,0.005742311477661133,0.0,0.0,0.0,True,feasible,baseline_truck_only,11559.010967636574,265.702324054514,,,,0.0,True,feasible_only,0.0,11559.010967636574,True,11559.010967636574,,,
S0021_R08,2102034,nils,S0021,n15_p0.75_d1_uniform_Ehigh_V1.25_Hmedium_PWmoderate_B0.20,15,0.7333333333333333,0.75,1,3,high,1.25,uniform,medium,moderate,0.2,20.0,5.0,1.0,peripheral,183.49550748835637,168.9751148383085,14.52039265004786,0.0,0.0,0.0,0.0,0.0,0.0,0.0,0.0,0.0,0.0,0.0,143.4839565240278,211.21889354788556,48.40130883349286,11,4,0.26666666666666666,1,1,4.0,4.0,0.0,0.0,0.0,0.0,0,0.7615211577587702,0.7615211577587702,0,152,152,0.20627427101135254,25.0,8.0,34.0,True,feasible,nils_complete,11559.010967636574,265.702324054514,,98.41253280231227,,20.50543995070593,True,feasible_only,0.0,183.49550748835637,True,11559.010967636574,,98.41253280231227,
S0021_R09,2102035,truck_only,S0021,n15_p0.75_d1_uniform_Ehigh_V1.25_Hmedium_PWmoderate_B0.20,15,0.7333333333333333,0.75,1,3,high,1.25,uniform,medium,moderate,0.2,20.0,5.0,1.0,peripheral,1603.420263418248,146.87603800039028,0.0,0.0,1456.5442254178577,1456.5442254178577,72.82721127089289,0.0,0.0,72.82721127089289,1456.544225417858,0.0,0.0,0.0,193.4550062006798,183.59504750048785,0.0,15,0,0.0,0,0,0.0,0.0,0.0,0.0,0.0,0.0,0,0.0,0.0,0,0,0,0.0060291290283203125,0.0,0.0,0.0,True,feasible,baseline_truck_only,1603.420263418248,183.59504750048785,,,,0.0,True,feasible_only,0.0,1603.420263418248,True,1603.420263418248,,,
S0021_R09,2102035,nils,S0021,n15_p0.75_d1_uniform_Ehigh_V1.25_Hmedium_PWmoderate_B0.20,15,0.7333333333333333,0.75,1,3,high,1.25,uniform,medium,moderate,0.2,20.0,5.0,1.0,peripheral,105.08562938775549,89.95425203252829,15.131377355227203,0.0,0.0,0.0,0.0,0.0,0.0,0.0,0.0,0.0,0.0,0.0,112.33787459365064,112.44281504066038,50.43792451742401,12,3,0.2,1,1,3.0,3.0,0.0,0.0,0.0,0.0,0,0.7970690626734974,0.7970690626734974,0,178,178,0.1874070167541504,25.0,3.0,28.0,True,feasible,nils_complete,1603.420263418248,183.59504750048785,,93.4461580793716,,38.75498464066053,True,feasible_only,0.0,105.08562938775549,True,1603.420263418248,,93.4461580793716,
S0021_R10,2102036,truck_only,S0021,n15_p0.75_d1_uniform_Ehigh_V1.25_Hmedium_PWmoderate_B0.20,15,0.7333333333333333,0.75,1,3,high,1.25,uniform,medium,moderate,0.2,20.0,5.0,1.0,peripheral,342.77921065585656,157.3568868895023,0.0,0.0,185.42232376635425,185.42232376635425,0.0,37.08446475327085,0.0,37.08446475327085,0.0,185.42232376635425,0.0,0.0,218.88411267003443,196.69610861187795,0.0,15,0,0.0,0,0,0.0,0.0,0.0,0.0,0.0,0.0,0,0.0,0.0,0,0,0,0.003049135208129883,0.0,0.0,0.0,True,feasible,baseline_truck_only,342.77921065585656,196.69610861187795,,,,0.0,True,feasible_only,0.0,342.77921065585656,True,342.77921065585656,,,
S0021_R10,2102036,nils,S0021,n15_p0.75_d1_uniform_Ehigh_V1.25_Hmedium_PWmoderate_B0.20,15,0.7333333333333333,0.75,1,3,high,1.25,uniform,medium,moderate,0.2,20.0,5.0,1.0,peripheral,110.03160646407359,98.11610687326959,11.915499590804007,0.0,0.0,0.0,0.0,0.0,0.0,0.0,0.0,0.0,0.0,0.0,169.3008670953585,122.64513359158698,39.718331969346686,10,5,0.3333333333333333,1,1,5.0,5.0,0.0,0.0,0.0,0.0,0,0.6590228235678407,0.6590228235678407,0,140,140,0.17756319046020508,25.0,4.0,25.0,True,feasible,nils_complete,342.77921065585656,196.69610861187795,,67.90015174679216,,37.64740214886957,True,feasible_only,0.0,110.03160646407359,True,342.77921065585656,,67.90015174679216,
S0022_R01,2202027,truck_only,S0022,n15_p0.75_d1_uniform_Ehigh_V2.00_Hshort_PWstrict_B0.20,15,0.7333333333333333,0.75,1,3,high,2.0,uniform,short,strict,0.2,200.0,40.0,1.0,peripheral,11544.29336550444,116.2214875608873,0.0,0.0,11428.071877943552,11428.071877943552,57.14035938971776,0.0,0.0,57.14035938971776,11428.071877943552,0.0,0.0,0.0,139.14411665593724,145.2768594511091,0.0,15,0,0.0,0,0,0.0,0.0,0.0,0.0,0.0,0.0,0,0.0,0.0,0,0,0,0.0033152103424072266,0.0,0.0,0.0,True,feasible,baseline_truck_only,11544.29336550444,145.2768594511091,,,,0.0,True,feasible_only,0.0,11544.29336550444,True,11544.29336550444,,,
S0022_R01,2202027,nils,S0022,n15_p0.75_d1_uniform_Ehigh_V2.00_Hshort_PWstrict_B0.20,15,0.7333333333333333,0.75,1,3,high,2.0,uniform,short,strict,0.2,200.0,40.0,1.0,peripheral,81.57043243149796,64.08831751676482,17.482114914733145,0.0,0.0,0.0,0.0,0.0,0.0,0.0,0.0,0.0,0.0,0.0,108.14897846344283,80.110396895956,58.27371638244381,9,6,0.4,1,1,6.0,6.0,0.0,0.0,0.0,0.0,0,0.5994362005324377,0.5994362005324377,0,41,41,0.15081119537353516,21.0,6.0,63.0,True,feasible,nils_complete,11544.29336550444,145.2768594511091,,99.2934133788107,,44.85673960833656,True,feasible_only,0.0,81.57043243149796,True,11544.29336550444,,99.2934133788107,
S0022_R02,2202028,truck_only,S0022,n15_p0.75_d1_uniform_Ehigh_V2.00_Hshort_PWstrict_B0.20,15,0.7333333333333333,0.75,1,3,high,2.0,uniform,short,strict,0.2,200.0,40.0,1.0,peripheral,13738.750838210895,159.00624531215686,0.0,0.0,13579.744592898738,13579.744592898738,56.2327947027214,58.329641308861426,0.0,114.56243601158283,11246.55894054428,2333.185652354457,0.0,0.0,231.91573142285296,198.75780664019607,0.0,15,0,0.0,0,0,0.0,0.0,0.0,0.0,0.0,0.0,0,0.0,0.0,0,0,0,0.0032258033752441406,0.0,0.0,0.0,True,feasible,baseline_truck_only,13738.750838210895,198.75780664019607,,,,0.0,True,feasible_only,0.0,13738.750838210895,True,13738.750838210895,,,
S0022_R02,2202028,nils,S0022,n15_p0.75_d1_uniform_Ehigh_V2.00_Hshort_PWstrict_B0.20,15,0.7333333333333333,0.75,1,3,high,2.0,uniform,short,strict,0.2,200.0,40.0,1.0,peripheral,89.87661100161172,69.18703396416029,20.689577037451432,0.0,0.0,0.0,0.0,0.0,0.0,0.0,0.0,0.0,0.0,0.0,122.82505388781018,86.48379245520037,68.96525679150479,9,6,0.4,1,1,6.0,6.0,0.0,0.0,0.0,0.0,0,0.7405751347903221,0.7405751347903221,0,40,40,0.1437513828277588,15.0,6.0,48.0,True,feasible,nils_complete,13738.750838210895,198.75780664019607,,99.34581671900155,,56.4878512612293,True,feasible_only,0.0,89.87661100161172,True,13738.750838210895,,99.34581671900155,
S0022_R03,2202029,truck_only,S0022,n15_p0.75_d1_uniform_Ehigh_V2.00_Hshort_PWstrict_B0.20,15,0.7333333333333333,0.75,1,3,high,2.0,uniform,short,strict,0.2,200.0,40.0,1.0,peripheral,16586.515921486214,172.25092676406416,0.0,0.0,16414.26499472215,16414.26499472215,82.07132497361076,0.0,0.0,82.07132497361076,16414.26499472215,0.0,0.0,0.0,172.07390282068164,215.3136584550802,0.0,15,0,0.0,0,0,0.0,0.0,0.0,0.0,0.0,0.0,0,0.0,0.0,0,0,0,0.005490303039550781,0.0,0.0,0.0,True,feasible,baseline_truck_only,16586.515921486214,215.3136584550802,,,,0.0,True,feasible_only,0.0,16586.515921486214,True,16586.515921486214,,,
S0022_R03,2202029,nils,S0022,n15_p0.75_d1_uniform_Ehigh_V2.00_Hshort_PWstrict_B0.20,15,0.7333333333333333,0.75,1,3,high,2.0,uniform,short,strict,0.2,200.0,40.0,1.0,peripheral,130.9317599286736,108.97926798828365,21.952491940389972,0.0,0.0,0.0,0.0,0.0,0.0,0.0,0.0,0.0,0.0,0.0,104.61116184838016,136.22408498535455,73.17497313463325,10,5,0.3333333333333333,1,1,5.0,5.0,0.0,0.0,0.0,0.0,0,0.7668221540008788,0.7668221540008788,0,121,121,0.19396400451660156,25.0,5.0,44.0,True,feasible,nils_complete,16586.515921486214,215.3136584550802,,99.2106132442253,,36.73226029282564,True,feasible_only,0.0,130.9317599286736,True,16586.515921486214,,99.2106132442253,
S0022_R04,2202030,truck_only,S0022,n15_p0.75_d1_uniform_Ehigh_V2.00_Hshort_PWstrict_B0.20,15,0.7333333333333333,0.75,1,3,high,2.0,uniform,short,strict,0.2,200.0,40.0,1.0,peripheral,17364.23353251001,135.52145111245952,0.0,0.0,17228.712081397553,17228.712081397553,86.14356040698776,0.0,0.0,86.14356040698776,17228.712081397553,0.0,0.0,0.0,163.8248593436563,169.40181389057435,0.0,15,0,0.0,0,0,0.0,0.0,0.0,0.0,0.0,0.0,0,0.0,0.0,0,0,0,0.005218029022216797,0.0,0.0,0.0,True,feasible,baseline_truck_only,17364.23353251001,169.40181389057435,,,,0.0,True,feasible_only,0.0,17364.23353251001,True,17364.23353251001,,,
S0022_R04,2202030,nils,S0022,n15_p0.75_d1_uniform_Ehigh_V2.00_Hshort_PWstrict_B0.20,15,0.7333333333333333,0.75,1,3,high,2.0,uniform,short,strict,0.2,200.0,40.0,1.0,peripheral,109.4094130725864,95.10418900488217,14.305224067704238,0.0,0.0,0.0,0.0,0.0,0.0,0.0,0.0,0.0,0.0,0.0,105.00328564075056,118.88023625610273,47.684080225680795,12,3,0.2,1,1,3.0,3.0,0.0,0.0,0.0,0.0,0,0.5002112033923829,0.5002112033923829,0,39,39,0.1471104621887207,16.0,3.0,57.0,True,feasible,nils_complete,17364.23353251001,169.40181389057435,,99.36991510239858,,29.823516333246697,True,feasible_only,0.0,109.4094130725864,True,17364.23353251001,,99.36991510239858,
S0022_R05,2202031,truck_only,S0022,n15_p0.75_d1_uniform_Ehigh_V2.00_Hshort_PWstrict_B0.20,15,0.7333333333333333,0.75,1,3,high,2.0,uniform,short,strict,0.2,200.0,40.0,1.0,peripheral,4072.8780568502325,186.17850572805963,0.0,0.0,3886.699551122173,3886.699551122173,19.433497755610865,0.0,0.0,19.433497755610865,3886.699551122173,0.0,0.0,0.0,151.41754344619744,232.72313216007456,0.0,15,0,0.0,0,0,0.0,0.0,0.0,0.0,0.0,0.0,0,0.0,0.0,0,0,0,0.005364418029785156,0.0,0.0,0.0,True,feasible,baseline_truck_only,4072.8780568502325,232.72313216007456,,,,0.0,True,feasible_only,0.0,4072.8780568502325,True,4072.8780568502325,,,
S0022_R05,2202031,nils,S0022,n15_p0.75_d1_uniform_Ehigh_V2.00_Hshort_PWstrict_B0.20,15,0.7333333333333333,0.75,1,3,high,2.0,uniform,short,strict,0.2,200.0,40.0,1.0,peripheral,157.86939241517354,145.1538087258266,12.715583689346953,0.0,0.0,0.0,0.0,0.0,0.0,0.0,0.0,0.0,0.0,0.0,152.58879693282543,181.44226090728327,42.38527896448984,11,4,0.26666666666666666,1,1,4.0,4.0,0.0,0.0,0.0,0.0,0,0.45789589924392426,0.45789589924392426,0,126,126,0.17421603202819824,25.0,4.0,39.0,True,feasible,nils_complete,4072.8780568502325,232.72313216007456,,96.12388610187702,,22.035141404644996,True,feasible_only,0.0,157.86939241517354,True,4072.8780568502325,,96.12388610187702,
S0022_R06,2202032,truck_only,S0022,n15_p0.75_d1_uniform_Ehigh_V2.00_Hshort_PWstrict_B0.20,15,0.7333333333333333,0.75,1,3,high,2.0,uniform,short,strict,0.2,200.0,40.0,1.0,peripheral,11628.568678783105,173.89359178899193,0.0,0.0,11454.675086994113,11454.675086994113,54.98514752819592,11.441139533873212,0.0,66.42628706206912,10997.029505639184,457.6455813549285,0.0,0.0,176.13177504844654,217.3669897362399,0.0,15,0,0.0,0,0,0.0,0.0,0.0,0.0,0.0,0.0,0,0.0,0.0,0,0,0,0.006814718246459961,0.0,0.0,0.0,True,feasible,baseline_truck_only,11628.568678783105,217.3669897362399,,,,0.0,True,feasible_only,0.0,11628.568678783105,True,11628.568678783105,,,
S0022_R06,2202032,nils,S0022,n15_p0.75_d1_uniform_Ehigh_V2.00_Hshort_PWstrict_B0.20,15,0.7333333333333333,0.75,1,3,high,2.0,uniform,short,strict,0.2,200.0,40.0,1.0,peripheral,164.6030143714643,143.4744097905071,21.128604580957187,0.0,0.0,0.0,0.0,0.0,0.0,0.0,0.0,0.0,0.0,0.0,148.4827550866862,179.34301223813387,70.42868193652397,12,3,0.2,1,1,3.0,3.0,0.0,0.0,0.0,0.0,0,0.7302640925568743,0.7302640925568743,0,180,180,0.13525986671447754,25.0,3.0,26.0,True,feasible,nils_complete,11628.568678783105,217.3669897362399,,98.58449462768543,,17.49298619088646,True,feasible_only,0.0,164.6030143714643,True,11628.568678783105,,98.58449462768543,
S0022_R07,2202033,truck_only,S0022,n15_p0.75_d1_uniform_Ehigh_V2.00_Hshort_PWstrict_B0.20,15,0.7333333333333333,0.75,1,3,high,2.0,uniform,short,strict,0.2,200.0,40.0,1.0,peripheral,18740.430753190387,169.98561269353453,0.0,0.0,18570.445140496853,18570.445140496853,88.44507310342485,22.035762995297162,0.0,110.48083609872201,17689.014620684968,881.4305198118865,0.0,0.0,190.2194077017127,212.48201586691818,0.0,15,0,0.0,0,0,0.0,0.0,0.0,0.0,0.0,0.0,0,0.0,0.0,0,0,0,0.003354310989379883,0.0,0.0,0.0,True,feasible,baseline_truck_only,18740.430753190387,212.48201586691818,,,,0.0,True,feasible_only,0.0,18740.430753190387,True,18740.430753190387,,,
S0022_R07,2202033,nils,S0022,n15_p0.75_d1_uniform_Ehigh_V2.00_Hshort_PWstrict_B0.20,15,0.7333333333333333,0.75,1,3,high,2.0,uniform,short,strict,0.2,200.0,40.0,1.0,peripheral,127.9953863703562,111.6582106613025,16.3371757090537,0.0,0.0,0.0,0.0,0.0,0.0,0.0,0.0,0.0,0.0,0.0,148.22039856425687,139.57276332662815,54.45725236351233,10,5,0.3333333333333333,1,1,5.0,5.0,0.0,0.0,0.0,0.0,0,0.5834411838239526,0.5834411838239526,0,78,78,0.21396970748901367,25.0,5.0,50.0,True,feasible,nils_complete,18740.430753190387,212.48201586691818,,99.31700936837557,,34.31314045229813,True,feasible_only,0.0,127.9953863703562,True,18740.430753190387,,99.31700936837557,
S0022_R08,2202034,truck_only,S0022,n15_p0.75_d1_uniform_Ehigh_V2.00_Hshort_PWstrict_B0.20,15,0.7333333333333333,0.75,1,3,high,2.0,uniform,short,strict,0.2,200.0,40.0,1.0,peripheral,1011.8897686146981,173.81553301136634,0.0,0.0,838.0742356033318,838.0742356033318,0.0,20.951855890083294,0.0,20.951855890083294,0.0,838.0742356033318,0.0,0.0,210.82588274876022,217.26941626420793,0.0,15,0,0.0,0,0,0.0,0.0,0.0,0.0,0.0,0.0,0,0.0,0.0,0,0,0,0.003215789794921875,0.0,0.0,0.0,True,feasible,baseline_truck_only,1011.8897686146981,217.26941626420793,,,,0.0,True,feasible_only,0.0,1011.8897686146981,True,1011.8897686146981,,,
S0022_R08,2202034,nils,S0022,n15_p0.75_d1_uniform_Ehigh_V2.00_Hshort_PWstrict_B0.20,15,0.7333333333333333,0.75,1,3,high,2.0,uniform,short,strict,0.2,200.0,40.0,1.0,peripheral,121.57692319378957,101.21078907333415,20.36613412045541,0.0,0.0,0.0,0.0,0.0,0.0,0.0,0.0,0.0,0.0,0.0,157.90603805492708,126.51348634166769,67.88711373485137,8,7,0.4666666666666667,1,1,7.0,7.0,0.0,0.0,0.0,0.0,0,0.7217427899983291,0.7217427899983291,0,82,82,0.23848509788513184,25.0,6.0,50.0,True,feasible,nils_complete,1011.8897686146981,217.26941626420793,,87.98516133232265,,41.771148228325686,True,feasible_only,0.0,121.57692319378957,True,1011.8897686146981,,87.98516133232265,
S0022_R09,2202035,truck_only,S0022,n15_p0.75_d1_uniform_Ehigh_V2.00_Hshort_PWstrict_B0.20,15,0.7333333333333333,0.75,1,3,high,2.0,uniform,short,strict,0.2,200.0,40.0,1.0,peripheral,7736.09409391712,142.16546895094046,0.0,0.0,7593.928624966179,7593.928624966179,34.770631748135,15.995056883479478,0.0,50.76568863161448,6954.126349627,639.8022753391791,0.0,0.0,178.93890854870074,177.70683618867554,0.0,15,0,0.0,0,0,0.0,0.0,0.0,0.0,0.0,0.0,0,0.0,0.0,0,0,0,0.004866838455200195,0.0,0.0,0.0,True,feasible,baseline_truck_only,7736.09409391712,177.70683618867554,,,,0.0,True,feasible_only,0.0,7736.09409391712,True,7736.09409391712,,,
S0022_R09,2202035,nils,S0022,n15_p0.75_d1_uniform_Ehigh_V2.00_Hshort_PWstrict_B0.20,15,0.7333333333333333,0.75,1,3,high,2.0,uniform,short,strict,0.2,200.0,40.0,1.0,peripheral,121.98597851704733,101.59575665383686,20.390221863210467,0.0,0.0,0.0,0.0,0.0,0.0,0.0,0.0,0.0,0.0,0.0,131.14398976922485,126.99469581729605,67.96740621070157,9,6,0.4,1,1,6.0,6.0,0.0,0.0,0.0,0.0,0,0.7201289162360478,0.7201289162360478,0,65,65,0.15686988830566406,16.0,5.0,36.0,True,feasible,nils_complete,7736.09409391712,177.70683618867554,,98.42315802992928,,28.53696653376757,True,feasible_only,0.0,121.98597851704733,True,7736.09409391712,,98.42315802992928,
S0022_R10,2202036,truck_only,S0022,n15_p0.75_d1_uniform_Ehigh_V2.00_Hshort_PWstrict_B0.20,15,0.7333333333333333,0.75,1,3,high,2.0,uniform,short,strict,0.2,200.0,40.0,1.0,peripheral,549.244601931362,143.75145243482612,0.0,0.0,405.4931494965359,405.4931494965359,2.0274657474826796,0.0,0.0,2.0274657474826796,405.4931494965359,0.0,0.0,0.0,118.35774832402097,179.68931554353264,0.0,15,0,0.0,0,0,0.0,0.0,0.0,0.0,0.0,0.0,0,0.0,0.0,0,0,0,0.005242586135864258,0.0,0.0,0.0,True,feasible,baseline_truck_only,549.244601931362,179.68931554353264,,,,0.0,True,feasible_only,0.0,549.244601931362,True,549.244601931362,,,
S0022_R10,2202036,nils,S0022,n15_p0.75_d1_uniform_Ehigh_V2.00_Hshort_PWstrict_B0.20,15,0.7333333333333333,0.75,1,3,high,2.0,uniform,short,strict,0.2,200.0,40.0,1.0,peripheral,89.67198810566029,68.8443914112953,20.827596694364978,0.0,0.0,0.0,0.0,0.0,0.0,0.0,0.0,0.0,0.0,0.0,107.84195732757453,86.05548926411913,69.42532231454994,7,8,0.5333333333333333,1,1,8.0,8.0,0.0,0.0,0.0,0.0,0,0.7459786043981503,0.7459786043981503,0,40,40,0.1985461711883545,20.0,6.0,56.0,True,feasible,nils_complete,549.244601931362,179.68931554353264,,83.67357862228633,,52.108733341315,True,feasible_only,0.0,89.67198810566029,True,549.244601931362,,83.67357862228633,
S0023_R01,2302027,truck_only,S0023,n15_p0.75_d1_uniform_Ehigh_V2.00_Hlong_PWstrict_B0.20,15,0.7333333333333333,0.75,1,3,high,2.0,uniform,long,strict,0.2,200.0,40.0,1.0,peripheral,8601.5326346268,131.90557388697076,0.0,0.0,8469.62706073983,8469.62706073983,42.348135303699145,0.0,0.0,42.348135303699145,8469.62706073983,0.0,0.0,0.0,156.72401790380857,164.88196735871344,0.0,15,0,0.0,0,0,0.0,0.0,0.0,0.0,0.0,0.0,0,0.0,0.0,0,0,0,0.0027298927307128906,0.0,0.0,0.0,True,feasible,baseline_truck_only,8601.5326346268,164.88196735871344,,,,0.0,True,feasible_only,0.0,8601.5326346268,True,8601.5326346268,,,
S0023_R01,2302027,nils,S0023,n15_p0.75_d1_uniform_Ehigh_V2.00_Hlong_PWstrict_B0.20,15,0.7333333333333333,0.75,1,3,high,2.0,uniform,long,strict,0.2,200.0,40.0,1.0,peripheral,115.7297177880526,101.94242243606263,13.787295351989963,0.0,0.0,0.0,0.0,0.0,0.0,0.0,0.0,0.0,0.0,0.0,137.64182985088894,127.42802804507829,45.95765117329988,10,5,0.3333333333333333,1,1,5.0,5.0,0.0,0.0,0.0,0.0,0,0.49692730463126034,0.49692730463126034,0,49,49,0.21374988555908203,23.0,5.0,61.0,True,feasible,nils_complete,8601.5326346268,164.88196735871344,,98.65454538506123,,22.71560675410381,True,feasible_only,0.0,115.7297177880526,True,8601.5326346268,,98.65454538506123,
S0023_R02,2302028,truck_only,S0023,n15_p0.75_d1_uniform_Ehigh_V2.00_Hlong_PWstrict_B0.20,15,0.7333333333333333,0.75,1,3,high,2.0,uniform,long,strict,0.2,200.0,40.0,1.0,peripheral,8382.927768302487,156.55649759529945,0.0,0.0,8226.371270707186,8226.371270707186,5.490441472968023,178.20707440283954,0.0,183.69751587580757,1098.0882945936046,7128.282976113582,0.0,0.0,241.13949175504052,195.69562199412428,0.0,15,0,0.0,0,0,0.0,0.0,0.0,0.0,0.0,0.0,0,0.0,0.0,0,0,0,0.005341291427612305,0.0,0.0,0.0,True,feasible,baseline_truck_only,8382.927768302487,195.69562199412428,,,,0.0,True,feasible_only,0.0,8382.927768302487,True,8382.927768302487,,,
S0023_R02,2302028,nils,S0023,n15_p0.75_d1_uniform_Ehigh_V2.00_Hlong_PWstrict_B0.20,15,0.7333333333333333,0.75,1,3,high,2.0,uniform,long,strict,0.2,200.0,40.0,1.0,peripheral,114.9142347069623,94.79743954086108,20.11679516610123,0.0,0.0,0.0,0.0,0.0,0.0,0.0,0.0,0.0,0.0,0.0,119.63194467452476,118.49679942607634,67.0559838870041,11,4,0.26666666666666666,1,1,4.0,4.0,0.0,0.0,0.0,0.0,0,0.726957713150884,0.726957713150884,0,98,98,0.2082350254058838,19.0,3.0,46.0,True,feasible,nils_complete,8382.927768302487,195.69562199412428,,98.6291873450052,,39.44841574962051,True,feasible_only,0.0,114.9142347069623,True,8382.927768302487,,98.6291873450052,
S0023_R03,2302029,truck_only,S0023,n15_p0.75_d1_uniform_Ehigh_V2.00_Hlong_PWstrict_B0.20,15,0.7333333333333333,0.75,1,3,high,2.0,uniform,long,strict,0.2,200.0,40.0,1.0,peripheral,66633.59095881032,171.9723222194485,0.0,0.0,66461.61863659088,66461.61863659088,332.3080931829544,0.0,0.0,332.3080931829544,66461.61863659088,0.0,0.0,0.0,228.84809560672852,214.96540277431058,0.0,15,0,0.0,0,0,0.0,0.0,0.0,0.0,0.0,0.0,0,0.0,0.0,0,0,0,0.005385398864746094,0.0,0.0,0.0,True,feasible,baseline_truck_only,66633.59095881032,214.96540277431058,,,,0.0,True,feasible_only,0.0,66633.59095881032,True,66633.59095881032,,,
S0023_R03,2302029,nils,S0023,n15_p0.75_d1_uniform_Ehigh_V2.00_Hlong_PWstrict_B0.20,15,0.7333333333333333,0.75,1,3,high,2.0,uniform,long,strict,0.2,200.0,40.0,1.0,peripheral,137.04609044281665,114.85304099491431,22.193049447902325,0.0,0.0,0.0,0.0,0.0,0.0,0.0,0.0,0.0,0.0,0.0,141.83234953292143,143.56630124364287,73.97683149300778,10,5,0.3333333333333333,1,1,5.0,5.0,0.0,0.0,0.0,0.0,0,0.784149357786276,0.784149357786276,0,116,116,0.21098566055297852,25.0,5.0,51.0,True,feasible,nils_complete,66633.59095881032,214.96540277431058,,99.79432882353957,,33.214229177905764,True,feasible_only,0.0,137.04609044281665,True,66633.59095881032,,99.79432882353957,
S0023_R04,2302030,truck_only,S0023,n15_p0.75_d1_uniform_Ehigh_V2.00_Hlong_PWstrict_B0.20,15,0.7333333333333333,0.75,1,3,high,2.0,uniform,long,strict,0.2,200.0,40.0,1.0,peripheral,9484.29122521766,169.34857489267043,0.0,0.0,9314.942650324989,9314.942650324989,37.88422221483508,43.45245518394931,0.0,81.33667739878439,7576.844442967015,1738.0982073579726,0.0,0.0,228.84225409673476,211.685718615838,0.0,15,0,0.0,0,0,0.0,0.0,0.0,0.0,0.0,0.0,0,0.0,0.0,0,0,0,0.0052034854888916016,0.0,0.0,0.0,True,feasible,baseline_truck_only,9484.29122521766,211.685718615838,,,,0.0,True,feasible_only,0.0,9484.29122521766,True,9484.29122521766,,,
S0023_R04,2302030,nils,S0023,n15_p0.75_d1_uniform_Ehigh_V2.00_Hlong_PWstrict_B0.20,15,0.7333333333333333,0.75,1,3,high,2.0,uniform,long,strict,0.2,200.0,40.0,1.0,peripheral,85.79504311016518,65.80014784729659,19.994895262868592,0.0,0.0,0.0,0.0,0.0,0.0,0.0,0.0,0.0,0.0,0.0,139.25550269835367,82.25018480912073,66.64965087622865,11,4,0.26666666666666666,1,1,4.0,4.0,0.0,0.0,0.0,0.0,0,0.6814246031405223,0.6814246031405223,0,88,88,0.16531777381896973,19.0,4.0,39.0,False,infeasible,nils_complete,9484.29122521766,211.685718615838,,99.095398474458,,61.145142267066994,False,feasible_only,0.0,,False,9484.29122521766,,,
S0023_R05,2302031,truck_only,S0023,n15_p0.75_d1_uniform_Ehigh_V2.00_Hlong_PWstrict_B0.20,15,0.7333333333333333,0.75,1,3,high,2.0,uniform,long,strict,0.2,200.0,40.0,1.0,peripheral,48937.42971454702,156.98294996869444,0.0,0.0,48780.44676457832,48780.44676457832,243.90223382289162,0.0,0.0,243.90223382289162,48780.44676457832,0.0,0.0,0.0,251.487293848643,196.22868746086812,0.0,15,0,0.0,0,0,0.0,0.0,0.0,0.0,0.0,0.0,0,0.0,0.0,0,0,0,0.005837917327880859,0.0,0.0,0.0,True,feasible,baseline_truck_only,48937.42971454702,196.22868746086812,,,,0.0,True,feasible_only,0.0,48937.42971454702,True,48937.42971454702,,,
S0023_R05,2302031,nils,S0023,n15_p0.75_d1_uniform_Ehigh_V2.00_Hlong_PWstrict_B0.20,15,0.7333333333333333,0.75,1,3,high,2.0,uniform,long,strict,0.2,200.0,40.0,1.0,peripheral,164.89725199686086,142.6554157515599,22.241836245300952,0.0,0.0,0.0,0.0,0.0,0.0,0.0,0.0,0.0,0.0,0.0,161.3422891411938,178.3192696894499,74.13945415100318,7,8,0.5333333333333333,1,1,8.0,8.0,0.0,0.0,0.0,0.0,0,0.7892485422754538,0.7892485422754538,0,52,52,0.1639728546142578,25.0,10.0,64.0,True,feasible,nils_complete,48937.42971454702,196.22868746086812,,99.66304472270262,,9.126809134362535,True,feasible_only,0.0,164.89725199686086,True,48937.42971454702,,99.66304472270262,
S0023_R06,2302032,truck_only,S0023,n15_p0.75_d1_uniform_Ehigh_V2.00_Hlong_PWstrict_B0.20,15,0.7333333333333333,0.75,1,3,high,2.0,uniform,long,strict,0.2,200.0,40.0,1.0,peripheral,20105.84784113187,147.2572142268586,0.0,0.0,19958.59062690501,19958.59062690501,86.60050900763233,65.96222063446368,0.0,152.562729642096,17320.101801526464,2638.488825378547,0.0,0.0,238.373304067974,184.07151778357317,0.0,15,0,0.0,0,0,0.0,0.0,0.0,0.0,0.0,0.0,0,0.0,0.0,0,0,0,0.0033197402954101562,0.0,0.0,0.0,True,feasible,baseline_truck_only,20105.84784113187,184.07151778357317,,,,0.0,True,feasible_only,0.0,20105.84784113187,True,20105.84784113187,,,
S0023_R06,2302032,nils,S0023,n15_p0.75_d1_uniform_Ehigh_V2.00_Hlong_PWstrict_B0.20,15,0.7333333333333333,0.75,1,3,high,2.0,uniform,long,strict,0.2,200.0,40.0,1.0,peripheral,121.20952024375823,98.93045759527553,22.27906264848271,0.0,0.0,0.0,0.0,0.0,0.0,0.0,0.0,0.0,0.0,0.0,166.78950587175945,123.66307199409441,74.26354216160902,10,5,0.3333333333333333,1,1,5.0,5.0,0.0,0.0,0.0,0.0,0,0.7689213596711324,0.7689213596711324,0,114,114,0.19599461555480957,25.0,5.0,53.0,True,feasible,nils_complete,20105.84784113187,184.07151778357317,,99.39714295461944,,32.81792127150576,True,feasible_only,0.0,121.20952024375823,True,20105.84784113187,,99.39714295461944,
S0023_R07,2302033,truck_only,S0023,n15_p0.75_d1_uniform_Ehigh_V2.00_Hlong_PWstrict_B0.20,15,0.7333333333333333,0.75,1,3,high,2.0,uniform,long,strict,0.2,200.0,40.0,1.0,peripheral,11582.626033392926,173.83831185611209,0.0,0.0,11408.787721536813,11408.787721536813,57.04393860768407,0.0,0.0,57.04393860768407,11408.787721536813,0.0,0.0,0.0,156.77667738456103,217.29788982014009,0.0,15,0,0.0,0,0,0.0,0.0,0.0,0.0,0.0,0.0,0,0.0,0.0,0,0,0,0.005715131759643555,0.0,0.0,0.0,True,feasible,baseline_truck_only,11582.626033392926,217.29788982014009,,,,0.0,True,feasible_only,0.0,11582.626033392926,True,11582.626033392926,,,
S0023_R07,2302033,nils,S0023,n15_p0.75_d1_uniform_Ehigh_V2.00_Hlong_PWstrict_B0.20,15,0.7333333333333333,0.75,1,3,high,2.0,uniform,long,strict,0.2,200.0,40.0,1.0,peripheral,133.43852873421318,114.51114579606903,18.927382938144156,0.0,0.0,0.0,0.0,0.0,0.0,0.0,0.0,0.0,0.0,0.0,135.56403931740772,143.13893224508627,63.09127646048053,9,6,0.4,1,1,6.0,6.0,0.0,0.0,0.0,0.0,0,0.6593378302125484,0.6593378302125484,0,52,52,0.1672804355621338,25.0,6.0,64.0,True,feasible,nils_complete,11582.626033392926,217.29788982014009,,98.84794235478633,,34.127785426925236,True,feasible_only,0.0,133.43852873421318,True,11582.626033392926,,98.84794235478633,
S0023_R08,2302034,truck_only,S0023,n15_p0.75_d1_uniform_Ehigh_V2.00_Hlong_PWstrict_B0.20,15,0.7333333333333333,0.75,1,3,high,2.0,uniform,long,strict,0.2,200.0,40.0,1.0,peripheral,3723.865655958989,178.2130340527814,0.0,0.0,3545.6526219062075,3545.6526219062075,8.121524278290146,48.03369415620446,0.0,56.15521843449461,1624.304855658029,1921.3477662481785,0.0,0.0,185.0693521528496,222.76629256597678,0.0,15,0,0.0,0,0,0.0,0.0,0.0,0.0,0.0,0.0,0,0.0,0.0,0,0,0,0.003070831298828125,0.0,0.0,0.0,True,feasible,baseline_truck_only,3723.865655958989,222.76629256597678,,,,0.0,True,feasible_only,0.0,3723.865655958989,True,3723.865655958989,,,
S0023_R08,2302034,nils,S0023,n15_p0.75_d1_uniform_Ehigh_V2.00_Hlong_PWstrict_B0.20,15,0.7333333333333333,0.75,1,3,high,2.0,uniform,long,strict,0.2,200.0,40.0,1.0,peripheral,159.56466557307186,142.2136996032198,17.350965969852073,0.0,0.0,0.0,0.0,0.0,0.0,0.0,0.0,0.0,0.0,0.0,131.70152060899972,177.76712450402476,57.836553232840245,11,4,0.26666666666666666,1,1,4.0,4.0,0.0,0.0,0.0,0.0,0,0.6064910666131429,0.6064910666131429,0,103,103,0.1444263458251953,25.0,4.0,47.0,True,feasible,nils_complete,3723.865655958989,222.76629256597678,,95.71507996488182,,20.20016921932864,True,feasible_only,0.0,159.56466557307186,True,3723.865655958989,,95.71507996488182,
S0023_R09,2302035,truck_only,S0023,n15_p0.75_d1_uniform_Ehigh_V2.00_Hlong_PWstrict_B0.20,15,0.7333333333333333,0.75,1,3,high,2.0,uniform,long,strict,0.2,200.0,40.0,1.0,peripheral,4276.198793682282,156.2004247260697,0.0,0.0,4119.998368956212,4119.998368956212,13.253440342135427,36.732757513228165,0.0,49.98619785536359,2650.6880684270855,1469.3103005291266,0.0,0.0,230.06643761714952,195.2505309075871,0.0,15,0,0.0,0,0,0.0,0.0,0.0,0.0,0.0,0.0,0,0.0,0.0,0,0,0,0.005401134490966797,0.0,0.0,0.0,True,feasible,baseline_truck_only,4276.198793682282,195.2505309075871,,,,0.0,True,feasible_only,0.0,4276.198793682282,True,4276.198793682282,,,
S0023_R09,2302035,nils,S0023,n15_p0.75_d1_uniform_Ehigh_V2.00_Hlong_PWstrict_B0.20,15,0.7333333333333333,0.75,1,3,high,2.0,uniform,long,strict,0.2,200.0,40.0,1.0,peripheral,98.88127526330774,78.45489624419591,20.426379019111835,0.0,0.0,0.0,0.0,0.0,0.0,0.0,0.0,0.0,0.0,0.0,145.98478431413167,98.06862030524485,68.08793006370611,10,5,0.3333333333333333,1,1,5.0,5.0,0.0,0.0,0.0,0.0,0,0.7173556186625547,0.7173556186625547,0,90,90,0.1561110019683838,20.0,5.0,45.0,True,feasible,nils_complete,4276.198793682282,195.2505309075871,,97.68763614522794,,49.77293027097522,True,feasible_only,0.0,98.88127526330774,True,4276.198793682282,,97.68763614522794,
S0023_R10,2302036,truck_only,S0023,n15_p0.75_d1_uniform_Ehigh_V2.00_Hlong_PWstrict_B0.20,15,0.7333333333333333,0.75,1,3,high,2.0,uniform,long,strict,0.2,200.0,40.0,1.0,peripheral,28238.07465893692,164.09045377016824,0.0,0.0,28073.98420516675,28073.98420516675,132.60092675559815,38.84497135117813,0.0,171.44589810677627,26520.18535111963,1553.7988540471251,0.0,0.0,181.03959784718646,205.1130672127103,0.0,15,0,0.0,0,0,0.0,0.0,0.0,0.0,0.0,0.0,0,0.0,0.0,0,0,0,0.00429987907409668,0.0,0.0,0.0,True,feasible,baseline_truck_only,28238.07465893692,205.1130672127103,,,,0.0,True,feasible_only,0.0,28238.07465893692,True,28238.07465893692,,,
S0023_R10,2302036,nils,S0023,n15_p0.75_d1_uniform_Ehigh_V2.00_Hlong_PWstrict_B0.20,15,0.7333333333333333,0.75,1,3,high,2.0,uniform,long,strict,0.2,200.0,40.0,1.0,peripheral,120.40181659144012,100.09687208399023,20.304944507449886,0.0,0.0,0.0,0.0,0.0,0.0,0.0,0.0,0.0,0.0,0.0,123.78695562058954,125.12109010498777,67.68314835816629,10,5,0.3333333333333333,1,1,5.0,5.0,0.0,0.0,0.0,0.0,0,0.7153790767743522,0.7153790767743522,0,39,39,0.12841558456420898,15.0,5.0,60.0,True,feasible,nils_complete,28238.07465893692,205.1130672127103,,99.5736188885196,,38.9989668599552,True,feasible_only,0.0,120.40181659144012,True,28238.07465893692,,99.5736188885196,
S0024_R01,2402027,truck_only,S0024,n50_p0.25_d1_clustered_Elow_V1.25_Hshort_PWflat_B0.20,50,0.24,0.25,1,3,low,1.25,clustered,short,flat,0.2,1.0,1.0,1.0,peripheral,3127.322235654503,146.82916105102436,0.0,0.0,2980.493074603479,2980.493074603479,1833.153289897605,704.4252713295083,442.91451337636585,2980.4930746034793,1833.153289897605,704.4252713295083,442.91451337636585,0.0,364.93773118130986,183.53645131378042,0.0,50,0,0.0,0,0,0.0,0.0,0.0,0.0,0.0,0.0,0,0.0,0.0,0,0,0,0.02767658233642578,0.0,0.0,0.0,True,feasible,baseline_truck_only,3127.322235654503,183.53645131378042,,,,0.0,True,feasible_only,0.0,3127.322235654503,True,3127.322235654503,,,
S0024_R01,2402027,nils,S0024,n50_p0.25_d1_clustered_Elow_V1.25_Hshort_PWflat_B0.20,50,0.24,0.25,1,3,low,1.25,clustered,short,flat,0.2,1.0,1.0,1.0,peripheral,292.6353091960076,133.96905230966004,7.219779286548607,0.0,151.44647759979898,151.44647759979898,151.44647759979898,0.0,0.0,151.44647759979898,151.44647759979898,0.0,0.0,0.0,150.18904734514746,167.46131538707502,24.065930955162024,49,1,0.02,1,1,1.0,1.0,0.0,0.0,0.0,0.0,0,0.6875980272903436,0.6875980272903436,0,275,275,2.7093114852905273,25.0,11.0,1.0,True,feasible,nils_complete,3127.322235654503,183.53645131378042,,90.64262371623616,,8.75855221763157,True,feasible_only,0.0,292.6353091960076,True,3127.322235654503,,90.64262371623616,
S0024_R02,2402028,truck_only,S0024,n50_p0.25_d1_clustered_Elow_V1.25_Hshort_PWflat_B0.20,50,0.24,0.25,1,3,low,1.25,clustered,short,flat,0.2,1.0,1.0,1.0,peripheral,4393.0653498216,173.5351731442166,0.0,0.0,4219.530176677383,4219.530176677383,1917.6708148723328,1789.0967707318862,512.7625910731638,4219.530176677383,1917.6708148723328,1789.0967707318862,512.7625910731638,0.0,419.00199452424306,216.9189664302707,0.0,50,0,0.0,0,0,0.0,0.0,0.0,0.0,0.0,0.0,0,0.0,0.0,0,0,0,0.03684186935424805,0.0,0.0,0.0,True,feasible,baseline_truck_only,4393.0653498216,216.9189664302707,,,,0.0,True,feasible_only,0.0,4393.0653498216,True,4393.0653498216,,,
S0024_R02,2402028,nils,S0024,n50_p0.25_d1_clustered_Elow_V1.25_Hshort_PWflat_B0.20,50,0.24,0.25,1,3,low,1.25,clustered,short,flat,0.2,1.0,1.0,1.0,peripheral,335.97991025794636,136.9799791600817,0.0,0.0,198.99993109786462,198.99993109786462,198.99993109786462,0.0,0.0,198.99993109786462,198.99993109786462,0.0,0.0,0.0,153.92964051214489,171.22497395010214,0.0,50,0,0.0,0,0,0.0,0.0,0.0,0.0,0.0,0.0,0,0.0,0.0,0,300,300,2.711412191390991,25.0,10.0,0.0,True,feasible,nils_complete,4393.0653498216,216.9189664302707,,92.35203932781035,,21.06500562497242,True,feasible_only,0.0,335.97991025794636,True,4393.0653498216,,92.35203932781035,
S0024_R03,2402029,truck_only,S0024,n50_p0.25_d1_clustered_Elow_V1.25_Hshort_PWflat_B0.20,50,0.24,0.25,1,3,low,1.25,clustered,short,flat,0.2,1.0,1.0,1.0,peripheral,4475.552262905868,181.91552219195577,0.0,0.0,4293.636740713912,4293.636740713912,1487.6593179734568,2088.1463303284922,717.8310924119636,4293.636740713912,1487.6593179734568,2088.1463303284922,717.8310924119636,0.0,434.30018157629377,227.39440273994464,0.0,50,0,0.0,0,0,0.0,0.0,0.0,0.0,0.0,0.0,0,0.0,0.0,0,0,0,0.0247037410736084,0.0,0.0,0.0,True,feasible,baseline_truck_only,4475.552262905868,227.39440273994464,,,,0.0,True,feasible_only,0.0,4475.552262905868,True,4475.552262905868,,,
S0024_R03,2402029,nils,S0024,n50_p0.25_d1_clustered_Elow_V1.25_Hshort_PWflat_B0.20,50,0.24,0.25,1,3,low,1.25,clustered,short,flat,0.2,1.0,1.0,1.0,peripheral,462.65505533550026,104.42924904067674,6.5574604828834016,0.0,351.6683458119401,351.6683458119401,253.56559728550954,98.10274852643056,0.0,351.66834581194007,253.56559728550954,98.10274852643056,0.0,0.0,179.95401887852006,130.5365613008459,21.858201609611342,48,2,0.04,1,1,2.0,2.0,0.0,0.0,0.0,0.0,0,0.6349217300493692,0.6349217300493692,0,250,250,2.3264646530151367,25.0,5.0,3.0,True,feasible,nils_complete,4475.552262905868,227.39440273994464,,89.66261528951269,,42.59464624987643,True,feasible_only,0.0,462.65505533550026,True,4475.552262905868,,89.66261528951269,
S0024_R04,2402030,truck_only,S0024,n50_p0.25_d1_clustered_Elow_V1.25_Hshort_PWflat_B0.20,50,0.24,0.25,1,3,low,1.25,clustered,short,flat,0.2,1.0,1.0,1.0,peripheral,3178.031039457945,190.70187400536489,0.0,0.0,2987.32916545258,2987.32916545258,748.0043703397553,1089.606663542338,1149.7181315704865,2987.32916545258,748.0043703397553,1089.606663542338,1149.7181315704865,0.0,457.2227273358462,238.3773425067062,0.0,50,0,0.0,0,0,0.0,0.0,0.0,0.0,0.0,0.0,0,0.0,0.0,0,0,0,0.017670631408691406,0.0,0.0,0.0,True,feasible,baseline_truck_only,3178.031039457945,238.3773425067062,,,,0.0,True,feasible_only,0.0,3178.031039457945,True,3178.031039457945,,,
S0024_R04,2402030,nils,S0024,n50_p0.25_d1_clustered_Elow_V1.25_Hshort_PWflat_B0.20,50,0.24,0.25,1,3,low,1.25,clustered,short,flat,0.2,1.0,1.0,1.0,peripheral,277.5929652022054,145.1254349286044,7.38459039584805,0.0,125.08293987775292,125.08293987775292,99.55665944822913,25.52628042952381,0.0,125.08293987775293,99.55665944822913,25.52628042952381,0.0,0.0,176.6795316643449,181.40679366075545,24.615301319493497,47,3,0.06,1,1,3.0,3.0,0.0,0.0,0.0,0.0,0,0.7054435354220757,0.7054435354220757,0,225,225,2.7945127487182617,25.0,10.0,6.0,True,feasible,nils_complete,3178.031039457945,238.3773425067062,,91.2652531785985,,23.89931368764547,True,feasible_only,0.0,277.5929652022054,True,3178.031039457945,,91.2652531785985,
S0024_R05,2402031,truck_only,S0024,n50_p0.25_d1_clustered_Elow_V1.25_Hshort_PWflat_B0.20,50,0.24,0.25,1,3,low,1.25,clustered,short,flat,0.2,1.0,1.0,1.0,peripheral,3594.8226620317173,168.81208506704016,0.0,0.0,3426.010576964677,3426.010576964677,1203.6666567633313,1583.7324070396446,638.6115131617017,3426.0105769646775,1203.6666567633313,1583.7324070396446,638.6115131617017,0.0,409.06678129025767,211.01510633380016,0.0,50,0,0.0,0,0,0.0,0.0,0.0,0.0,0.0,0.0,0,0.0,0.0,0,0,0,0.024561405181884766,0.0,0.0,0.0,True,feasible,baseline_truck_only,3594.8226620317173,211.01510633380016,,,,0.0,True,feasible_only,0.0,3594.8226620317173,True,3594.8226620317173,,,
S0024_R05,2402031,nils,S0024,n50_p0.25_d1_clustered_Elow_V1.25_Hshort_PWflat_B0.20,50,0.24,0.25,1,3,low,1.25,clustered,short,flat,0.2,1.0,1.0,1.0,peripheral,281.72032668349385,146.95305598217348,8.165403993966688,0.0,126.60186670735366,126.60186670735366,126.60186670735368,0.0,0.0,126.60186670735368,126.60186670735368,0.0,0.0,0.0,165.94001331954297,183.69131997771677,27.218013313222293,48,2,0.04,1,1,2.0,2.0,0.0,0.0,0.0,0.0,0,0.7941492300040033,0.7941492300040033,0,247,247,2.4761412143707275,25.0,10.0,6.0,True,feasible,nils_complete,3594.8226620317173,211.01510633380016,,92.1631648298258,,12.948734728432424,True,feasible_only,0.0,281.72032668349385,True,3594.8226620317173,,92.1631648298258,
S0024_R06,2402032,truck_only,S0024,n50_p0.25_d1_clustered_Elow_V1.25_Hshort_PWflat_B0.20,50,0.24,0.25,1,3,low,1.25,clustered,short,flat,0.2,1.0,1.0,1.0,peripheral,4498.7009881498725,168.5747944331105,0.0,0.0,4330.126193716762,4330.126193716762,1948.3313027922416,1391.3589480349672,990.4359428895516,4330.12619371676,1948.3313027922416,1391.3589480349672,990.4359428895516,0.0,412.43024764044816,210.71849304138811,0.0,50,0,0.0,0,0,0.0,0.0,0.0,0.0,0.0,0.0,0,0.0,0.0,0,0,0,0.021874666213989258,0.0,0.0,0.0,True,feasible,baseline_truck_only,4498.7009881498725,210.71849304138811,,,,0.0,True,feasible_only,0.0,4498.7009881498725,True,4498.7009881498725,,,
S0024_R06,2402032,nils,S0024,n50_p0.25_d1_clustered_Elow_V1.25_Hshort_PWflat_B0.20,50,0.24,0.25,1,3,low,1.25,clustered,short,flat,0.2,1.0,1.0,1.0,peripheral,483.67456821014116,133.38939767140621,7.533852221849688,0.0,342.75131831688526,342.75131831688526,331.114968916861,11.636349400024272,0.0,342.7513183168853,331.114968916861,11.636349400024272,0.0,0.0,162.53293982009,166.7367470892578,25.112840739498964,47,3,0.06,1,1,3.0,3.0,0.0,0.0,0.0,0.0,0,0.7207346100540944,0.7207346100540944,0,225,225,2.796443223953247,25.0,11.0,6.0,True,feasible,nils_complete,4498.7009881498725,210.71849304138811,,89.24857265499088,,20.872276237990977,True,feasible_only,0.0,483.67456821014116,True,4498.7009881498725,,89.24857265499088,
S0024_R07,2402033,truck_only,S0024,n50_p0.25_d1_clustered_Elow_V1.25_Hshort_PWflat_B0.20,50,0.24,0.25,1,3,low,1.25,clustered,short,flat,0.2,1.0,1.0,1.0,peripheral,4747.01626381811,190.59340617774464,0.0,0.0,4556.422857640366,4556.422857640366,1400.0399324140046,2265.836944502593,890.5459807237686,4556.422857640366,1400.0399324140046,2265.836944502593,890.5459807237686,0.0,456.99258247698435,238.24175772218078,0.0,50,0,0.0,0,0,0.0,0.0,0.0,0.0,0.0,0.0,0,0.0,0.0,0,0,0,0.02769327163696289,0.0,0.0,0.0,True,feasible,baseline_truck_only,4747.01626381811,238.24175772218078,,,,0.0,True,feasible_only,0.0,4747.01626381811,True,4747.01626381811,,,
S0024_R07,2402033,nils,S0024,n50_p0.25_d1_clustered_Elow_V1.25_Hshort_PWflat_B0.20,50,0.24,0.25,1,3,low,1.25,clustered,short,flat,0.2,1.0,1.0,1.0,peripheral,358.8990204710068,151.91001761605943,0.0,0.0,206.9890028549474,206.9890028549474,203.52467590548179,3.464326949465587,0.0,206.9890028549474,203.52467590548179,3.464326949465587,0.0,0.0,165.5511276299975,189.88752202007424,0.0,50,0,0.0,0,0,0.0,0.0,0.0,0.0,0.0,0.0,0,0.0,0.0,0,300,300,2.438192367553711,25.0,10.0,0.0,True,feasible,nils_complete,4747.01626381811,238.24175772218078,,92.43948197088463,,20.296289015166487,True,feasible_only,0.0,358.8990204710068,True,4747.01626381811,,92.43948197088463,
S0024_R08,2402034,truck_only,S0024,n50_p0.25_d1_clustered_Elow_V1.25_Hshort_PWflat_B0.20,50,0.24,0.25,1,3,low,1.25,clustered,short,flat,0.2,1.0,1.0,1.0,peripheral,3808.4472470612236,174.27029745036197,0.0,0.0,3634.176949610862,3634.176949610862,1031.7435038152892,1849.221507495911,753.2119382996615,3634.176949610862,1031.7435038152892,1849.221507495911,753.2119382996615,0.0,422.2735714343943,217.83787181295247,0.0,50,0,0.0,0,0,0.0,0.0,0.0,0.0,0.0,0.0,0,0.0,0.0,0,0,0,0.025866031646728516,0.0,0.0,0.0,True,feasible,baseline_truck_only,3808.4472470612236,217.83787181295247,,,,0.0,True,feasible_only,0.0,3808.4472470612236,True,3808.4472470612236,,,
S0024_R08,2402034,nils,S0024,n50_p0.25_d1_clustered_Elow_V1.25_Hshort_PWflat_B0.20,50,0.24,0.25,1,3,low,1.25,clustered,short,flat,0.2,1.0,1.0,1.0,peripheral,207.41511889853078,144.7895415928989,6.899174116689771,0.0,55.72640318894211,55.72640318894211,50.61383002057021,5.112573168371895,0.0,55.72640318894211,50.61383002057021,5.112573168371895,0.0,0.0,165.99928430967398,180.98692699112362,22.997247055632574,48,2,0.04,1,1,2.0,2.0,0.0,0.0,0.0,0.0,0,0.6679667576346663,0.6679667576346663,0,250,250,3.110921621322632,25.0,12.0,3.0,True,feasible,nils_complete,3808.4472470612236,217.83787181295247,,94.55381404958197,,16.916684190465784,True,feasible_only,0.0,207.41511889853078,True,3808.4472470612236,,94.55381404958197,
S0024_R09,2402035,truck_only,S0024,n50_p0.25_d1_clustered_Elow_V1.25_Hshort_PWflat_B0.20,50,0.24,0.25,1,3,low,1.25,clustered,short,flat,0.2,1.0,1.0,1.0,peripheral,4875.182928941445,195.76711294891493,0.0,0.0,4679.41581599253,4679.41581599253,1887.7167252780068,1591.6877776031865,1200.0113131113367,4679.41581599253,1887.7167252780068,1591.6877776031865,1200.0113131113367,0.0,470.6587053434423,244.70889118614366,0.0,50,0,0.0,0,0,0.0,0.0,0.0,0.0,0.0,0.0,0,0.0,0.0,0,0,0,0.024913549423217773,0.0,0.0,0.0,True,feasible,baseline_truck_only,4875.182928941445,244.70889118614366,,,,0.0,True,feasible_only,0.0,4875.182928941445,True,4875.182928941445,,,
S0024_R09,2402035,nils,S0024,n50_p0.25_d1_clustered_Elow_V1.25_Hshort_PWflat_B0.20,50,0.24,0.25,1,3,low,1.25,clustered,short,flat,0.2,1.0,1.0,1.0,peripheral,365.16247503272336,149.7771750433828,7.5501103848556985,0.0,207.83518960448484,207.83518960448484,199.21182104674529,8.623368557739553,0.0,207.83518960448484,199.21182104674529,8.623368557739553,0.0,0.0,172.1401166147094,187.2214688042285,25.167034616185664,48,2,0.04,1,1,2.0,2.0,0.0,0.0,0.0,0.0,0,0.7234602981610142,0.7234602981610142,0,250,250,2.2747421264648438,25.0,11.0,3.0,True,feasible,nils_complete,4875.182928941445,244.70889118614366,,92.50976875421551,,23.492167408901373,True,feasible_only,0.0,365.16247503272336,True,4875.182928941445,,92.50976875421551,
S0024_R10,2402036,truck_only,S0024,n50_p0.25_d1_clustered_Elow_V1.25_Hshort_PWflat_B0.20,50,0.24,0.25,1,3,low,1.25,clustered,short,flat,0.2,1.0,1.0,1.0,peripheral,4607.738250092138,169.29718416865825,0.0,0.0,4438.441065923479,4438.441065923479,2359.9338529600263,1439.9269175583281,638.5802954051244,4438.441065923479,2359.9338529600263,1439.9269175583281,638.5802954051244,0.0,413.13267697419406,211.62148021082282,0.0,50,0,0.0,0,0,0.0,0.0,0.0,0.0,0.0,0.0,0,0.0,0.0,0,0,0,0.02287578582763672,0.0,0.0,0.0,True,feasible,baseline_truck_only,4607.738250092138,211.62148021082282,,,,0.0,True,feasible_only,0.0,4607.738250092138,True,4607.738250092138,,,
S0024_R10,2402036,nils,S0024,n50_p0.25_d1_clustered_Elow_V1.25_Hshort_PWflat_B0.20,50,0.24,0.25,1,3,low,1.25,clustered,short,flat,0.2,1.0,1.0,1.0,peripheral,320.1873536935741,146.88992386106017,6.870640864300699,0.0,166.42678896821323,166.42678896821323,159.35880847648963,7.067980491723588,0.0,166.4267889682132,159.35880847648963,7.067980491723588,0.0,0.0,174.64072325912008,183.61240482632522,22.902136214335666,49,1,0.02,1,1,1.0,1.0,0.0,0.0,0.0,0.0,0,0.654346748981019,0.654346748981019,0,275,275,2.957505226135254,25.0,12.0,1.0,True,feasible,nils_complete,4607.738250092138,211.62148021082282,,93.05109499900148,,13.235459536808001,True,feasible_only,0.0,320.1873536935741,True,4607.738250092138,,93.05109499900148,
S0025_R01,2502027,truck_only,S0025,n50_p0.25_d2_clustered_Elow_V1.25_Hmedium_PWflat_B0.20,50,0.24,0.25,2,3,low,1.25,clustered,medium,flat,0.2,1.0,1.0,1.0,peripheral,4033.19973655812,176.0986933604961,0.0,0.0,3857.101043197624,3857.101043197624,1514.178641576173,1454.4145880026294,888.5078136188217,3857.101043197624,1514.178641576173,1454.4145880026294,888.5078136188217,0.0,428.77739290886825,220.12336670062007,0.0,50,0,0.0,0,0,0.0,0.0,0.0,0.0,0.0,0.0,0,0.0,0.0,0,0,0,0.02332019805908203,0.0,0.0,0.0,True,feasible,baseline_truck_only,4033.19973655812,220.12336670062007,,,,0.0,True,feasible_only,0.0,4033.19973655812,True,4033.19973655812,,,
S0025_R01,2502027,nils,S0025,n50_p0.25_d2_clustered_Elow_V1.25_Hmedium_PWflat_B0.20,50,0.24,0.25,2,3,low,1.25,clustered,medium,flat,0.2,1.0,1.0,1.0,peripheral,241.85965800097176,143.24251964590363,5.867672553895299,0.0,92.74946580117283,92.74946580117283,79.43610735539411,13.313358445778718,0.0,92.74946580117283,79.43610735539411,13.313358445778718,0.0,0.0,171.64805439581508,179.05314955737947,19.55890851298433,49,1,0.02,1,1,1.0,1.0,0.0,0.0,0.0,0.0,0,0.558825957513838,0.558825957513838,0,550,550,2.3921992778778076,25.0,9.0,2.0,False,infeasible,nils_complete,4033.19973655812,220.12336670062007,,94.00328092336504,,18.65781800398245,False,feasible_only,0.0,,False,4033.19973655812,,,
S0025_R02,2502028,truck_only,S0025,n50_p0.25_d2_clustered_Elow_V1.25_Hmedium_PWflat_B0.20,50,0.24,0.25,2,3,low,1.25,clustered,medium,flat,0.2,1.0,1.0,1.0,peripheral,5077.934441331076,191.20089399799954,0.0,0.0,4886.733547333077,4886.733547333077,1099.7288186859755,2995.8366993377454,791.1680293093552,4886.733547333076,1099.7288186859755,2995.8366993377454,791.1680293093552,0.0,458.46735329137874,239.00111749749937,0.0,50,0,0.0,0,0,0.0,0.0,0.0,0.0,0.0,0.0,0,0.0,0.0,0,0,0,0.02599954605102539,0.0,0.0,0.0,True,feasible,baseline_truck_only,5077.934441331076,239.00111749749937,,,,0.0,True,feasible_only,0.0,5077.934441331076,True,5077.934441331076,,,
S0025_R02,2502028,nils,S0025,n50_p0.25_d2_clustered_Elow_V1.25_Hmedium_PWflat_B0.20,50,0.24,0.25,2,3,low,1.25,clustered,medium,flat,0.2,1.0,1.0,1.0,peripheral,380.54428091835155,152.60724986815472,6.359347056545516,0.0,221.57768399365133,221.57768399365133,177.9541053879081,43.62357860574325,0.0,221.57768399365136,177.9541053879081,43.62357860574325,0.0,0.0,177.01379035647932,190.7590623351934,21.19782352181839,49,1,0.02,1,1,1.0,1.0,0.0,0.0,0.0,0.0,0,0.6056521006233825,0.6056521006233825,0,550,550,3.2650439739227295,25.0,5.0,2.0,False,infeasible,nils_complete,5077.934441331076,239.00111749749937,,92.50592371140185,,20.18486594013968,False,feasible_only,0.0,,False,5077.934441331076,,,
S0025_R03,2502029,truck_only,S0025,n50_p0.25_d2_clustered_Elow_V1.25_Hmedium_PWflat_B0.20,50,0.24,0.25,2,3,low,1.25,clustered,medium,flat,0.2,1.0,1.0,1.0,peripheral,3654.4140301312846,172.94238726284186,0.0,0.0,3481.471642868443,3481.471642868443,1471.4637819096117,787.7494832636378,1222.2583776951938,3481.4716428684433,1471.4637819096117,787.7494832636378,1222.2583776951938,0.0,422.24518932289453,216.17798407855233,0.0,50,0,0.0,0,0,0.0,0.0,0.0,0.0,0.0,0.0,0,0.0,0.0,0,0,0,0.02076578140258789,0.0,0.0,0.0,True,feasible,baseline_truck_only,3654.4140301312846,216.17798407855233,,,,0.0,True,feasible_only,0.0,3654.4140301312846,True,3654.4140301312846,,,
S0025_R03,2502029,nils,S0025,n50_p0.25_d2_clustered_Elow_V1.25_Hmedium_PWflat_B0.20,50,0.24,0.25,2,3,low,1.25,clustered,medium,flat,0.2,1.0,1.0,1.0,peripheral,358.4699157277681,150.64150785270493,0.0,0.0,207.82840787506322,207.82840787506322,203.2702101656639,4.558197709399295,0.0,207.8284078750632,203.2702101656639,4.558197709399295,0.0,0.0,161.89746725733866,188.30188481588115,0.0,50,0,0.0,0,0,0.0,0.0,0.0,0.0,0.0,0.0,0,0.0,0.0,0,600,600,2.6307458877563477,25.0,11.0,0.0,True,feasible,nils_complete,3654.4140301312846,216.17798407855233,,90.19076895031266,,12.894976045544894,True,feasible_only,0.0,358.4699157277681,True,3654.4140301312846,,90.19076895031266,
S0025_R04,2502030,truck_only,S0025,n50_p0.25_d2_clustered_Elow_V1.25_Hmedium_PWflat_B0.20,50,0.24,0.25,2,3,low,1.25,clustered,medium,flat,0.2,1.0,1.0,1.0,peripheral,4509.1254537648465,180.64579327671348,0.0,0.0,4328.479660488133,4328.479660488133,2347.3483293368217,1190.3528864805373,790.7784446707751,4328.479660488134,2347.3483293368217,1190.3528864805373,790.7784446707751,0.0,436.29167253122813,225.80724159589192,0.0,50,0,0.0,0,0,0.0,0.0,0.0,0.0,0.0,0.0,0,0.0,0.0,0,0,0,0.021367311477661133,0.0,0.0,0.0,True,feasible,baseline_truck_only,4509.1254537648465,225.80724159589192,,,,0.0,True,feasible_only,0.0,4509.1254537648465,True,4509.1254537648465,,,
S0025_R04,2502030,nils,S0025,n50_p0.25_d2_clustered_Elow_V1.25_Hmedium_PWflat_B0.20,50,0.24,0.25,2,3,low,1.25,clustered,medium,flat,0.2,1.0,1.0,1.0,peripheral,399.2750097589153,132.01170336020334,7.103736564962112,0.0,260.15956983374986,260.15956983374986,235.2105339793332,24.949035854416636,0.0,260.15956983374986,235.2105339793332,24.949035854416636,0.0,0.0,176.31778116550373,165.01462920025412,23.67912188320704,48,2,0.04,1,1,2.0,2.0,0.0,0.0,0.0,0.0,0,0.6812584393677422,0.6812584393677422,0,500,500,2.498562812805176,25.0,6.0,6.0,True,feasible,nils_complete,4509.1254537648465,225.80724159589192,,91.1451785084945,,26.922348444623044,True,feasible_only,0.0,399.2750097589153,True,4509.1254537648465,,91.1451785084945,
S0025_R05,2502031,truck_only,S0025,n50_p0.25_d2_clustered_Elow_V1.25_Hmedium_PWflat_B0.20,50,0.24,0.25,2,3,low,1.25,clustered,medium,flat,0.2,1.0,1.0,1.0,peripheral,3706.747430523219,160.98592970984794,0.0,0.0,3545.761500813371,3545.761500813371,1231.301422903998,1690.7582398981472,623.7018380112261,3545.7615008133707,1231.301422903998,1690.7582398981472,623.7018380112261,0.0,395.9890632319433,201.23241213730992,0.0,50,0,0.0,0,0,0.0,0.0,0.0,0.0,0.0,0.0,0,0.0,0.0,0,0,0,0.027852773666381836,0.0,0.0,0.0,True,feasible,baseline_truck_only,3706.747430523219,201.23241213730992,,,,0.0,True,feasible_only,0.0,3706.747430523219,True,3706.747430523219,,,
S0025_R05,2502031,nils,S0025,n50_p0.25_d2_clustered_Elow_V1.25_Hmedium_PWflat_B0.20,50,0.24,0.25,2,3,low,1.25,clustered,medium,flat,0.2,1.0,1.0,1.0,peripheral,453.37543445893436,136.54135633888498,7.067077706691003,0.0,309.7670004133584,309.7670004133584,219.72473215355632,90.04226825980207,0.0,309.7670004133584,219.72473215355632,90.04226825980207,0.0,0.0,194.33237838979647,170.67669542360622,23.55692568897001,49,1,0.02,1,1,1.0,1.0,0.0,0.0,0.0,0.0,0,0.6730550196848575,0.6730550196848575,0,550,550,3.093529224395752,25.0,4.0,2.0,True,feasible,nils_complete,3706.747430523219,201.23241213730992,,87.76891485172114,,15.184291829118544,True,feasible_only,0.0,453.37543445893436,True,3706.747430523219,,87.76891485172114,
S0025_R06,2502032,truck_only,S0025,n50_p0.25_d2_clustered_Elow_V1.25_Hmedium_PWflat_B0.20,50,0.24,0.25,2,3,low,1.25,clustered,medium,flat,0.2,1.0,1.0,1.0,peripheral,3280.8228701728767,158.2766030541381,0.0,0.0,3122.546267118739,3122.546267118739,1234.402789961173,1215.862518417761,672.2809587398046,3122.546267118739,1234.402789961173,1215.862518417761,672.2809587398046,0.0,385.5652134858648,197.84575381767263,0.0,50,0,0.0,0,0,0.0,0.0,0.0,0.0,0.0,0.0,0,0.0,0.0,0,0,0,0.02432107925415039,0.0,0.0,0.0,True,feasible,baseline_truck_only,3280.8228701728767,197.84575381767263,,,,0.0,True,feasible_only,0.0,3280.8228701728767,True,3280.8228701728767,,,
S0025_R06,2502032,nils,S0025,n50_p0.25_d2_clustered_Elow_V1.25_Hmedium_PWflat_B0.20,50,0.24,0.25,2,3,low,1.25,clustered,medium,flat,0.2,1.0,1.0,1.0,peripheral,356.4179631327956,143.14945098394173,7.146072215833983,0.0,206.12243993301988,206.12243993301988,199.91676450116145,6.20567543185841,0.0,206.12243993301985,199.91676450116145,6.20567543185841,0.0,0.0,166.15317371299753,178.93681372992717,23.820240719446613,48,2,0.04,1,1,2.0,2.0,0.0,0.0,0.0,0.0,0,0.68082726134425,0.68082726134425,0,500,500,2.5184977054595947,25.0,9.0,6.0,True,feasible,nils_complete,3280.8228701728767,197.84575381767263,,89.13632411023717,,9.557415169582688,True,feasible_only,0.0,356.4179631327956,True,3280.8228701728767,,89.13632411023717,
S0025_R07,2502033,truck_only,S0025,n50_p0.25_d2_clustered_Elow_V1.25_Hmedium_PWflat_B0.20,50,0.24,0.25,2,3,low,1.25,clustered,medium,flat,0.2,1.0,1.0,1.0,peripheral,4363.520710034209,181.0017188309912,0.0,0.0,4182.518991203217,4182.518991203217,1968.1237544986914,1234.5716531576377,979.8235835468879,4182.5189912032165,1968.1237544986914,1234.5716531576377,979.8235835468879,0.0,436.08056345795643,226.25214853873902,0.0,50,0,0.0,0,0,0.0,0.0,0.0,0.0,0.0,0.0,0,0.0,0.0,0,0,0,0.02748870849609375,0.0,0.0,0.0,True,feasible,baseline_truck_only,4363.520710034209,226.25214853873902,,,,0.0,True,feasible_only,0.0,4363.520710034209,True,4363.520710034209,,,
S0025_R07,2502033,nils,S0025,n50_p0.25_d2_clustered_Elow_V1.25_Hmedium_PWflat_B0.20,50,0.24,0.25,2,3,low,1.25,clustered,medium,flat,0.2,1.0,1.0,1.0,peripheral,515.5251841644945,148.70290131216933,7.301315246392269,0.0,359.52096760593287,359.52096760593287,331.52014814075824,28.000819465174615,0.0,359.52096760593287,331.52014814075824,28.000819465174615,0.0,0.0,191.93119213582477,185.87862664021162,24.33771748797423,49,1,0.02,1,1,1.0,1.0,0.0,0.0,0.0,0.0,0,0.6953633567992638,0.6953633567992638,0,550,550,2.5481035709381104,25.0,9.0,2.0,False,infeasible,nils_complete,4363.520710034209,226.25214853873902,,88.18556806711128,,17.844481106270965,False,feasible_only,0.0,,False,4363.520710034209,,,
S0025_R08,2502034,truck_only,S0025,n50_p0.25_d2_clustered_Elow_V1.25_Hmedium_PWflat_B0.20,50,0.24,0.25,2,3,low,1.25,clustered,medium,flat,0.2,1.0,1.0,1.0,peripheral,5538.518816701957,188.2827050769526,0.0,0.0,5350.236111625004,5350.236111625004,2233.100009495609,1666.6111722398464,1450.5249298895478,5350.236111625003,2233.100009495609,1666.6111722398464,1450.5249298895478,0.0,453.25048161789596,235.35338134619073,0.0,50,0,0.0,0,0,0.0,0.0,0.0,0.0,0.0,0.0,0,0.0,0.0,0,0,0,0.027218341827392578,0.0,0.0,0.0,True,feasible,baseline_truck_only,5538.518816701957,235.35338134619073,,,,0.0,True,feasible_only,0.0,5538.518816701957,True,5538.518816701957,,,
S0025_R08,2502034,nils,S0025,n50_p0.25_d2_clustered_Elow_V1.25_Hmedium_PWflat_B0.20,50,0.24,0.25,2,3,low,1.25,clustered,medium,flat,0.2,1.0,1.0,1.0,peripheral,301.73740288295596,132.402048773329,7.071216846094399,0.0,162.26413726353258,162.26413726353258,162.26413726353258,0.0,0.0,162.26413726353258,162.26413726353258,0.0,0.0,0.0,156.13173759895747,165.50256096666124,23.570722820314664,49,1,0.02,1,1,1.0,1.0,0.0,0.0,0.0,0.0,0,0.6734492234375618,0.6734492234375618,0,550,550,2.783677101135254,25.0,12.0,2.0,True,feasible,nils_complete,5538.518816701957,235.35338134619073,,94.55201990154774,,29.679123359091715,True,feasible_only,0.0,301.73740288295596,True,5538.518816701957,,94.55201990154774,
S0025_R09,2502035,truck_only,S0025,n50_p0.25_d2_clustered_Elow_V1.25_Hmedium_PWflat_B0.20,50,0.24,0.25,2,3,low,1.25,clustered,medium,flat,0.2,1.0,1.0,1.0,peripheral,3896.9908742843354,179.77168201088364,0.0,0.0,3717.219192273452,3717.219192273452,1097.9977538144612,1798.0870801287363,821.1343583302543,3717.219192273452,1097.9977538144612,1798.0870801287363,821.1343583302543,0.0,432.41677303093144,224.71460251360458,0.0,50,0,0.0,0,0,0.0,0.0,0.0,0.0,0.0,0.0,0,0.0,0.0,0,0,0,0.027538299560546875,0.0,0.0,0.0,True,feasible,baseline_truck_only,3896.9908742843354,224.71460251360458,,,,0.0,True,feasible_only,0.0,3896.9908742843354,True,3896.9908742843354,,,
S0025_R09,2502035,nils,S0025,n50_p0.25_d2_clustered_Elow_V1.25_Hmedium_PWflat_B0.20,50,0.24,0.25,2,3,low,1.25,clustered,medium,flat,0.2,1.0,1.0,1.0,peripheral,293.298315914479,149.2498674441238,7.223324815910475,0.0,136.82512365444475,136.82512365444475,90.90726270235649,45.91786095208825,0.0,136.82512365444472,90.90726270235649,45.91786095208825,0.0,0.0,178.4492383349866,186.5623343051547,24.07774938636825,49,1,0.02,1,1,1.0,1.0,0.0,0.0,0.0,0.0,0,0.6879356967533785,0.6879356967533785,0,550,550,3.073941707611084,25.0,12.0,2.0,True,feasible,nils_complete,3896.9908742843354,224.71460251360458,,92.47372330661815,,16.97809923417864,True,feasible_only,0.0,293.298315914479,True,3896.9908742843354,,92.47372330661815,
S0025_R10,2502036,truck_only,S0025,n50_p0.25_d2_clustered_Elow_V1.25_Hmedium_PWflat_B0.20,50,0.24,0.25,2,3,low,1.25,clustered,medium,flat,0.2,1.0,1.0,1.0,peripheral,2922.324471634099,161.0596567542742,0.0,0.0,2761.264814879825,2761.264814879825,1353.1718819794,927.1858601384445,480.9070727619801,2761.2648148798244,1353.1718819794,927.1858601384445,480.9070727619801,0.0,392.09885009105585,201.32457094284274,0.0,50,0,0.0,0,0,0.0,0.0,0.0,0.0,0.0,0.0,0,0.0,0.0,0,0,0,0.03606581687927246,0.0,0.0,0.0,True,feasible,baseline_truck_only,2922.324471634099,201.32457094284274,,,,0.0,True,feasible_only,0.0,2922.324471634099,True,2922.324471634099,,,
S0025_R10,2502036,nils,S0025,n50_p0.25_d2_clustered_Elow_V1.25_Hmedium_PWflat_B0.20,50,0.24,0.25,2,3,low,1.25,clustered,medium,flat,0.2,1.0,1.0,1.0,peripheral,253.92476890024818,145.47057420681762,7.20254502448798,0.0,101.25164966894258,101.25164966894258,101.25164966894258,0.0,0.0,101.25164966894258,101.25164966894258,0.0,0.0,0.0,173.48992235740513,181.83821775852206,24.008483414959937,49,1,0.02,1,1,1.0,1.0,0.0,0.0,0.0,0.0,0,0.6859566689988553,0.6859566689988553,0,550,550,3.190566062927246,25.0,10.0,2.0,True,feasible,nils_complete,2922.324471634099,201.32457094284274,,91.31086327459528,,9.67907349463716,True,feasible_only,0.0,253.92476890024818,True,2922.324471634099,,91.31086327459528,
S0026_R01,2602027,truck_only,S0026,n50_p0.25_d1_uniform_Elow_V2.00_Hmedium_PWbase_B0.20,50,0.24,0.25,1,3,low,2.0,uniform,medium,base,0.2,100.0,20.0,1.0,peripheral,80461.91007869664,394.4580521456721,0.0,0.0,80067.45202655098,80067.45202655098,600.2582817548509,992.8920822037323,183.7822069912211,1776.9325709498044,60025.82817548509,19857.841644074648,183.7822069912211,0.0,364.05827981129994,493.07256518209005,0.0,50,0,0.0,0,0,0.0,0.0,0.0,0.0,0.0,0.0,0,0.0,0.0,0,0,0,0.020754098892211914,0.0,0.0,0.0,True,feasible,baseline_truck_only,80461.91007869664,493.07256518209005,,,,0.0,True,feasible_only,0.0,80461.91007869664,True,80461.91007869664,,,
S0026_R01,2602027,nils,S0026,n50_p0.25_d1_uniform_Elow_V2.00_Hmedium_PWbase_B0.20,50,0.24,0.25,1,3,low,2.0,uniform,medium,base,0.2,100.0,20.0,1.0,peripheral,7587.462180244654,216.1693413593669,12.514065815775883,0.0,7358.778773069511,7358.778773069511,66.58382745529511,35.01980137699998,0.0,101.60362883229509,6658.38274552951,700.3960275399995,0.0,0.0,188.4332408418415,270.2116766992087,41.713552719252945,48,2,0.04,1,1,2.0,2.0,0.0,0.0,0.0,0.0,0,0.7581073150510929,0.7581073150510929,0,234,234,1.0293853282928467,25.0,3.0,19.0,True,feasible,nils_complete,80461.91007869664,493.07256518209005,,90.57011923676228,,45.19839557501634,True,feasible_only,0.0,7587.462180244654,True,80461.91007869664,,90.57011923676228,
S0026_R02,2602028,truck_only,S0026,n50_p0.25_d1_uniform_Elow_V2.00_Hmedium_PWbase_B0.20,50,0.24,0.25,1,3,low,2.0,uniform,medium,base,0.2,100.0,20.0,1.0,peripheral,108790.81590069548,340.0620558306938,0.0,0.0,108450.75384486478,108450.75384486478,996.0303097331321,440.2974507471141,41.77385660931651,1478.1016170895625,99603.0309733132,8805.949014942282,41.77385660931651,0.0,343.3844273703439,425.0775697883672,0.0,50,0,0.0,0,0,0.0,0.0,0.0,0.0,0.0,0.0,0,0.0,0.0,0,0,0,0.023892879486083984,0.0,0.0,0.0,True,feasible,baseline_truck_only,108790.81590069548,425.0775697883672,,,,0.0,True,feasible_only,0.0,108790.81590069548,True,108790.81590069548,,,
S0026_R02,2602028,nils,S0026,n50_p0.25_d1_uniform_Elow_V2.00_Hmedium_PWbase_B0.20,50,0.24,0.25,1,3,low,2.0,uniform,medium,base,0.2,100.0,20.0,1.0,peripheral,18453.689750550126,194.61178846378434,12.14579537483846,0.0,18246.932166711504,18246.932166711504,149.78338825979853,163.42966703658243,0.0,313.21305529638096,14978.338825979852,3268.593340731649,0.0,0.0,236.16045660285843,243.26473557973043,40.48598458279487,46,4,0.08,1,1,4.0,4.0,0.0,0.0,0.0,0.0,0,0.7856788663878947,0.7856788663878947,0,139,139,0.6892616748809814,19.0,4.0,24.0,True,feasible,nils_complete,108790.81590069548,425.0775697883672,,83.03745624318628,,42.771683836236214,True,feasible_only,0.0,18453.689750550126,True,108790.81590069548,,83.03745624318628,
S0026_R03,2602029,truck_only,S0026,n50_p0.25_d1_uniform_Elow_V2.00_Hmedium_PWbase_B0.20,50,0.24,0.25,1,3,low,2.0,uniform,medium,base,0.2,100.0,20.0,1.0,peripheral,127178.40949170469,337.95808256070393,0.0,0.0,126840.45140914399,126840.45140914399,1188.1634093041855,397.0123070922144,83.86433688116244,1669.0400532775623,118816.34093041855,7940.246141844289,83.86433688116244,0.0,385.323956906085,422.4476032008799,0.0,50,0,0.0,0,0,0.0,0.0,0.0,0.0,0.0,0.0,0,0.0,0.0,0,0,0,0.020883798599243164,0.0,0.0,0.0,True,feasible,baseline_truck_only,127178.40949170469,422.4476032008799,,,,0.0,True,feasible_only,0.0,127178.40949170469,True,127178.40949170469,,,
S0026_R03,2602029,nils,S0026,n50_p0.25_d1_uniform_Elow_V2.00_Hmedium_PWbase_B0.20,50,0.24,0.25,1,3,low,2.0,uniform,medium,base,0.2,100.0,20.0,1.0,peripheral,26879.247242809106,206.46297475366788,12.031266393642078,0.0,26660.753001661797,26660.753001661797,254.26979995757318,61.68865029522375,0.0,315.9584502527969,25426.97999575732,1233.773005904475,0.0,0.0,233.12962936030976,258.0787184420847,40.104221312140254,45,5,0.1,1,1,5.0,5.0,0.0,0.0,0.0,0.0,0,0.7897525327651242,0.7897525327651242,0,165,165,0.8959624767303467,25.0,5.0,25.0,True,feasible,nils_complete,127178.40949170469,422.4476032008799,,78.86492892131795,,38.908703354776854,True,feasible_only,0.0,26879.247242809106,True,127178.40949170469,,78.86492892131795,
S0026_R04,2602030,truck_only,S0026,n50_p0.25_d1_uniform_Elow_V2.00_Hmedium_PWbase_B0.20,50,0.24,0.25,1,3,low,2.0,uniform,medium,base,0.2,100.0,20.0,1.0,peripheral,123770.5363416613,358.8519280271825,0.0,0.0,123411.68441363411,123411.68441363411,1040.29198794648,969.1242809493057,0.0,2009.4162688957858,104029.19879464801,19382.485618986113,0.0,0.0,339.53381620655347,448.5649100339781,0.0,50,0,0.0,0,0,0.0,0.0,0.0,0.0,0.0,0.0,0,0.0,0.0,0,0,0,0.027427196502685547,0.0,0.0,0.0,True,feasible,baseline_truck_only,123770.5363416613,448.5649100339781,,,,0.0,True,feasible_only,0.0,123770.5363416613,True,123770.5363416613,,,
S0026_R04,2602030,nils,S0026,n50_p0.25_d1_uniform_Elow_V2.00_Hmedium_PWbase_B0.20,50,0.24,0.25,1,3,low,2.0,uniform,medium,base,0.2,100.0,20.0,1.0,peripheral,49832.7070381506,234.90784551909334,10.9530982867362,0.0,49586.84609434477,49586.84609434477,477.8508176423718,90.0882165053801,0.0,567.939034147752,47785.08176423718,1801.764330107602,0.0,0.0,200.6056688339371,293.6348068988667,36.510327622454,48,2,0.04,1,1,2.0,2.0,0.0,0.0,0.0,0.0,0,0.6880744385910649,0.6880744385910649,0,108,108,0.4795982837677002,12.0,2.0,15.0,True,feasible,nils_complete,123770.5363416613,448.5649100339781,,59.73782734479687,,34.53905993747386,True,feasible_only,0.0,49832.7070381506,True,123770.5363416613,,59.73782734479687,
S0026_R05,2602031,truck_only,S0026,n50_p0.25_d1_uniform_Elow_V2.00_Hmedium_PWbase_B0.20,50,0.24,0.25,1,3,low,2.0,uniform,medium,base,0.2,100.0,20.0,1.0,peripheral,132265.22106272884,396.4296456068022,0.0,0.0,131868.79141712203,131868.79141712203,1185.7326787140767,663.9440385020921,16.642775672543223,1866.319492888712,118573.26787140766,13278.880770041842,16.642775672543223,0.0,354.3140009570482,495.5370570085028,0.0,50,0,0.0,0,0,0.0,0.0,0.0,0.0,0.0,0.0,0,0.0,0.0,0,0,0,0.022014617919921875,0.0,0.0,0.0,True,feasible,baseline_truck_only,132265.22106272884,495.5370570085028,,,,0.0,True,feasible_only,0.0,132265.22106272884,True,132265.22106272884,,,
S0026_R05,2602031,nils,S0026,n50_p0.25_d1_uniform_Elow_V2.00_Hmedium_PWbase_B0.20,50,0.24,0.25,1,3,low,2.0,uniform,medium,base,0.2,100.0,20.0,1.0,peripheral,20842.618149753558,209.67740069678194,12.412884697195294,0.0,20620.52786435958,20620.52786435958,206.2052786435958,0.0,0.0,206.2052786435958,20620.527864359578,0.0,0.0,0.0,209.68855596480685,262.09675087097753,41.37628232398431,45,5,0.1,1,1,5.0,5.0,0.0,0.0,0.0,0.0,0,0.7921187366525682,0.7921187366525682,0,162,162,0.8735599517822266,25.0,7.0,30.0,True,feasible,nils_complete,132265.22106272884,495.5370570085028,,84.24179993630479,,47.10854674457167,True,feasible_only,0.0,20842.618149753558,True,132265.22106272884,,84.24179993630479,
S0026_R06,2602032,truck_only,S0026,n50_p0.25_d1_uniform_Elow_V2.00_Hmedium_PWbase_B0.20,50,0.24,0.25,1,3,low,2.0,uniform,medium,base,0.2,100.0,20.0,1.0,peripheral,64480.36276274555,354.89297859691595,0.0,0.0,64125.469784148634,64125.469784148634,587.3580375949758,267.3264349595097,43.137325460858534,897.821798015344,58735.80375949758,5346.528699190194,43.137325460858534,0.0,310.2431588486146,443.61622324614484,0.0,50,0,0.0,0,0,0.0,0.0,0.0,0.0,0.0,0.0,0,0.0,0.0,0,0,0,0.018567800521850586,0.0,0.0,0.0,True,feasible,baseline_truck_only,64480.36276274555,443.61622324614484,,,,0.0,True,feasible_only,0.0,64480.36276274555,True,64480.36276274555,,,
S0026_R06,2602032,nils,S0026,n50_p0.25_d1_uniform_Elow_V2.00_Hmedium_PWbase_B0.20,50,0.24,0.25,1,3,low,2.0,uniform,medium,base,0.2,100.0,20.0,1.0,peripheral,21612.384207298466,239.22488425832339,12.408430646671421,0.0,21360.750892393473,21360.750892393473,211.37368240575566,11.169132590895288,0.0,222.54281499665095,21137.368240575564,223.38265181790575,0.0,0.0,220.39641525086935,299.03110532290424,41.36143548890474,47,3,0.06,1,1,3.0,3.0,0.0,0.0,0.0,0.0,0,0.7665740954946652,0.7665740954946652,0,149,149,0.6631796360015869,18.0,3.0,19.0,True,feasible,nils_complete,64480.36276274555,443.61622324614484,,66.48222298807332,,32.59238737150876,True,feasible_only,0.0,21612.384207298466,True,64480.36276274555,,66.48222298807332,
S0026_R07,2602033,truck_only,S0026,n50_p0.25_d1_uniform_Elow_V2.00_Hmedium_PWbase_B0.20,50,0.24,0.25,1,3,low,2.0,uniform,medium,base,0.2,100.0,20.0,1.0,peripheral,75706.96982476814,316.66203562140794,0.0,0.0,75390.30778914673,75390.30778914673,684.9474778652929,344.46362362264955,6.287530164434628,1035.6986316523771,68494.74778652929,6889.272472452991,6.287530164434628,0.0,300.88946309949,395.8275445267598,0.0,50,0,0.0,0,0,0.0,0.0,0.0,0.0,0.0,0.0,0,0.0,0.0,0,0,0,0.024574995040893555,0.0,0.0,0.0,True,feasible,baseline_truck_only,75706.96982476814,395.8275445267598,,,,0.0,True,feasible_only,0.0,75706.96982476814,True,75706.96982476814,,,
S0026_R07,2602033,nils,S0026,n50_p0.25_d1_uniform_Elow_V2.00_Hmedium_PWbase_B0.20,50,0.24,0.25,1,3,low,2.0,uniform,medium,base,0.2,100.0,20.0,1.0,peripheral,11658.011063728562,198.61755226286934,9.803977989220774,0.0,11449.589533476472,11449.589533476472,114.21673079989674,1.3958226743399678,0.0,115.6125534742367,11421.673079989674,27.916453486799355,0.0,0.0,174.27248990079417,248.2719403285867,32.67992663073592,46,4,0.08,1,1,4.0,4.0,0.0,0.0,0.0,0.0,0,0.6540969985425613,0.6540969985425613,0,164,164,0.7383379936218262,22.0,4.0,23.0,True,feasible,nils_complete,75706.96982476814,395.8275445267598,,84.60113898269567,,37.277750434115546,True,feasible_only,0.0,11658.011063728562,True,75706.96982476814,,84.60113898269567,
S0026_R08,2602034,truck_only,S0026,n50_p0.25_d1_uniform_Elow_V2.00_Hmedium_PWbase_B0.20,50,0.24,0.25,1,3,low,2.0,uniform,medium,base,0.2,100.0,20.0,1.0,peripheral,149393.24997548477,352.14561060200566,0.0,0.0,149041.10436488275,149041.10436488275,1317.9242197765846,855.3037791651311,142.60680392164687,2315.8348028633627,131792.42197765847,17106.075583302623,142.60680392164687,0.0,397.19938038171637,440.1820132525072,0.0,50,0,0.0,0,0,0.0,0.0,0.0,0.0,0.0,0.0,0,0.0,0.0,0,0,0,0.021589040756225586,0.0,0.0,0.0,True,feasible,baseline_truck_only,149393.24997548477,440.1820132525072,,,,0.0,True,feasible_only,0.0,149393.24997548477,True,149393.24997548477,,,
S0026_R08,2602034,nils,S0026,n50_p0.25_d1_uniform_Elow_V2.00_Hmedium_PWbase_B0.20,50,0.24,0.25,1,3,low,2.0,uniform,medium,base,0.2,100.0,20.0,1.0,peripheral,31814.65319161952,213.54474044335666,12.20975810921771,0.0,31588.898693066945,31588.898693066945,315.06143846532814,4.137742326706402,0.0,319.19918079203455,31506.143846532814,82.75484653412803,0.0,0.0,207.56520176450766,266.9309255541958,40.69919369739237,47,3,0.06,1,1,3.0,3.0,0.0,0.0,0.0,0.0,0,0.7634830819729991,0.7634830819729991,0,216,216,0.9302630424499512,25.0,7.0,15.0,True,feasible,nils_complete,149393.24997548477,440.1820132525072,,78.70408924309481,,39.35896571923923,True,feasible_only,0.0,31814.65319161952,True,149393.24997548477,,78.70408924309481,
S0026_R09,2602035,truck_only,S0026,n50_p0.25_d1_uniform_Elow_V2.00_Hmedium_PWbase_B0.20,50,0.24,0.25,1,3,low,2.0,uniform,medium,base,0.2,100.0,20.0,1.0,peripheral,75420.97277506284,340.342923715499,0.0,0.0,75080.62985134734,75080.62985134734,608.6503403749546,709.3310056083919,28.97570168403351,1346.95704766738,60865.034037495454,14186.620112167839,28.97570168403351,0.0,316.0453027334569,425.4286546443736,0.0,50,0,0.0,0,0,0.0,0.0,0.0,0.0,0.0,0.0,0,0.0,0.0,0,0,0,0.01854872703552246,0.0,0.0,0.0,True,feasible,baseline_truck_only,75420.97277506284,425.4286546443736,,,,0.0,True,feasible_only,0.0,75420.97277506284,True,75420.97277506284,,,
S0026_R09,2602035,nils,S0026,n50_p0.25_d1_uniform_Elow_V2.00_Hmedium_PWbase_B0.20,50,0.24,0.25,1,3,low,2.0,uniform,medium,base,0.2,100.0,20.0,1.0,peripheral,11878.028189748475,222.9327800312995,10.779710103674908,0.0,11644.3156996135,11644.3156996135,82.49885943439008,169.7214878087246,0.0,252.22034724311467,8249.885943439009,3394.4297561744916,0.0,0.0,235.73696345070164,278.66597503912436,35.9323670122497,47,3,0.06,1,1,3.0,3.0,0.0,0.0,0.0,0.0,0,0.6734736991777127,0.6734736991777127,0,208,208,0.9131789207458496,25.0,3.0,23.0,True,feasible,nils_complete,75420.97277506284,425.4286546443736,,84.25102759523699,,34.497600949783646,True,feasible_only,0.0,11878.028189748475,True,75420.97277506284,,84.25102759523699,
S0026_R10,2602036,truck_only,S0026,n50_p0.25_d1_uniform_Elow_V2.00_Hmedium_PWbase_B0.20,50,0.24,0.25,1,3,low,2.0,uniform,medium,base,0.2,100.0,20.0,1.0,peripheral,208042.35736005788,443.6876597525661,0.0,0.0,207598.66970030533,207598.66970030533,1617.1749583645355,2227.367468660196,1333.824490647865,5178.366917672597,161717.49583645354,44547.34937320392,1333.824490647865,0.0,571.1933900000658,554.6095746907077,0.0,50,0,0.0,0,0,0.0,0.0,0.0,0.0,0.0,0.0,0,0.0,0.0,0,0,0,0.030293703079223633,0.0,0.0,0.0,False,infeasible,baseline_truck_only,208042.35736005788,554.6095746907077,,,,0.0,False,feasible_only,0.0,,False,,,,
S0026_R10,2602036,nils,S0026,n50_p0.25_d1_uniform_Elow_V2.00_Hmedium_PWbase_B0.20,50,0.24,0.25,1,3,low,2.0,uniform,medium,base,0.2,100.0,20.0,1.0,peripheral,208042.35736005788,443.6876597525661,0.0,0.0,207598.66970030533,207598.66970030533,1617.1749583645355,2227.367468660196,1333.824490647865,5178.366917672597,161717.49583645354,44547.34937320392,1333.824490647865,0.0,571.1933900000658,554.6095746907077,0.0,50,0,0.0,0,0,0.0,0.0,0.0,0.0,0.0,0.0,0,0.0,0.0,0,50,50,3.6067006587982178,25.0,0.0,175.0,False,infeasible,nils_complete,208042.35736005788,554.6095746907077,,0.0,,0.0,False,feasible_only,0.0,,False,,,,
S0027_R01,2702027,truck_only,S0027,n50_p0.25_d1_uniform_Emedium_V1.25_Hmedium_PWmoderate_B0.20,50,0.24,0.25,1,3,medium,1.25,uniform,medium,moderate,0.2,20.0,5.0,1.0,peripheral,17858.155466745407,384.3972150422927,0.0,0.0,17473.758251703115,17473.758251703115,603.2690606878476,1046.808949043047,174.3322927309246,1824.4103024618194,12065.381213756953,5234.044745215235,174.3322927309246,0.0,396.45209010933735,480.4965188028658,0.0,50,0,0.0,0,0,0.0,0.0,0.0,0.0,0.0,0.0,0,0.0,0.0,0,0,0,0.023206710815429688,0.0,0.0,0.0,True,feasible,baseline_truck_only,17858.155466745407,480.4965188028658,,,,0.0,True,feasible_only,0.0,17858.155466745407,True,17858.155466745407,,,
S0027_R01,2702027,nils,S0027,n50_p0.25_d1_uniform_Emedium_V1.25_Hmedium_PWmoderate_B0.20,50,0.24,0.25,1,3,medium,1.25,uniform,medium,moderate,0.2,20.0,5.0,1.0,peripheral,9613.960615951088,243.12631625358438,10.712595110201383,0.0,9360.121704587302,9360.121704587302,440.2913352677907,110.85899984629744,0.0,551.1503351140882,8805.826705355814,554.2949992314872,0.0,0.0,242.20932125526392,303.9078953169805,35.708650367337945,48,2,0.04,1,1,2.0,2.0,0.0,0.0,0.0,0.0,0,0.7906473939928182,0.7906473939928182,0,135,135,0.5194158554077148,14.0,2.0,8.0,True,feasible,nils_complete,17858.155466745407,480.4965188028658,,46.16487333278211,,36.75128051413306,True,feasible_only,0.0,9613.960615951088,True,17858.155466745407,,46.16487333278211,
S0027_R02,2702028,truck_only,S0027,n50_p0.25_d1_uniform_Emedium_V1.25_Hmedium_PWmoderate_B0.20,50,0.24,0.25,1,3,medium,1.25,uniform,medium,moderate,0.2,20.0,5.0,1.0,peripheral,21697.30888906175,355.274823993538,0.0,0.0,21342.034065068212,21342.034065068212,875.830238123649,759.3066572879212,28.89601615562603,1664.0329115671962,17516.60476247298,3796.533286439606,28.89601615562603,0.0,301.489447546613,444.09352999192265,0.0,50,0,0.0,0,0,0.0,0.0,0.0,0.0,0.0,0.0,0,0.0,0.0,0,0,0,0.03321027755737305,0.0,0.0,0.0,True,feasible,baseline_truck_only,21697.30888906175,444.09352999192265,,,,0.0,True,feasible_only,0.0,21697.30888906175,True,21697.30888906175,,,
S0027_R02,2702028,nils,S0027,n50_p0.25_d1_uniform_Emedium_V1.25_Hmedium_PWmoderate_B0.20,50,0.24,0.25,1,3,medium,1.25,uniform,medium,moderate,0.2,20.0,5.0,1.0,peripheral,2778.260284229452,219.32781137583885,10.8370022882768,0.0,2548.095470565336,2548.095470565336,101.97945809446628,101.70126173520214,0.0,203.68071982966842,2039.5891618893256,508.5063086760107,0.0,0.0,215.87323849232826,274.15976421979855,36.12334096092266,47,3,0.06,1,1,3.0,3.0,0.0,0.0,0.0,0.0,0,0.7394848567291042,0.7394848567291042,0,167,167,0.7673835754394531,22.0,3.0,20.0,True,feasible,nils_complete,21697.30888906175,444.09352999192265,,87.19536925784352,,38.26530996189359,True,feasible_only,0.0,2778.260284229452,True,21697.30888906175,,87.19536925784352,
S0027_R03,2702029,truck_only,S0027,n50_p0.25_d1_uniform_Emedium_V1.25_Hmedium_PWmoderate_B0.20,50,0.24,0.25,1,3,medium,1.25,uniform,medium,moderate,0.2,20.0,5.0,1.0,peripheral,13015.586324828402,368.9422964868699,0.0,0.0,12646.644028341532,12646.644028341532,391.38864640473236,937.9434249137071,129.15397567835169,1458.4860469967912,7827.772928094647,4689.717124568535,129.15397567835169,0.0,349.6940317837669,461.17787060858734,0.0,50,0,0.0,0,0,0.0,0.0,0.0,0.0,0.0,0.0,0,0.0,0.0,0,0,0,0.022558212280273438,0.0,0.0,0.0,True,feasible,baseline_truck_only,13015.586324828402,461.17787060858734,,,,0.0,True,feasible_only,0.0,13015.586324828402,True,13015.586324828402,,,
S0027_R03,2702029,nils,S0027,n50_p0.25_d1_uniform_Emedium_V1.25_Hmedium_PWmoderate_B0.20,50,0.24,0.25,1,3,medium,1.25,uniform,medium,moderate,0.2,20.0,5.0,1.0,peripheral,2720.32230088444,240.11967401051282,9.925009946178669,0.0,2470.2776169277486,2470.2776169277486,103.97494259385256,78.15575301013948,0.0,182.13069560399202,2079.498851877051,390.7787650506974,0.0,0.0,217.09118631954183,300.1495925131411,33.08336648726223,47,3,0.06,1,1,3.0,3.0,0.0,0.0,0.0,0.0,0,0.7312629757555876,0.7312629757555876,0,222,222,0.9226136207580566,25.0,6.0,9.0,True,feasible,nils_complete,13015.586324828402,461.17787060858734,,79.09950245041838,,34.91674001680683,True,feasible_only,0.0,2720.32230088444,True,13015.586324828402,,79.09950245041838,
S0027_R04,2702030,truck_only,S0027,n50_p0.25_d1_uniform_Emedium_V1.25_Hmedium_PWmoderate_B0.20,50,0.24,0.25,1,3,medium,1.25,uniform,medium,moderate,0.2,20.0,5.0,1.0,peripheral,43389.27407483726,405.0763567129581,0.0,0.0,42984.1977181243,42984.1977181243,1581.0876078316207,2239.365809790853,165.61651253761968,3986.069930160093,31621.752156632414,11196.829048954263,165.61651253761968,0.0,468.9602195393119,506.34544589119747,0.0,50,0,0.0,0,0,0.0,0.0,0.0,0.0,0.0,0.0,0,0.0,0.0,0,0,0,0.020739078521728516,0.0,0.0,0.0,True,feasible,baseline_truck_only,43389.27407483726,506.34544589119747,,,,0.0,True,feasible_only,0.0,43389.27407483726,True,43389.27407483726,,,
S0027_R04,2702030,nils,S0027,n50_p0.25_d1_uniform_Emedium_V1.25_Hmedium_PWmoderate_B0.20,50,0.24,0.25,1,3,medium,1.25,uniform,medium,moderate,0.2,20.0,5.0,1.0,peripheral,5385.587254209246,199.06149007573524,8.204381827674949,0.0,5178.321382305836,5178.321382305836,226.03451901984363,131.52620038179288,0.0,357.5607194016365,4520.690380396873,657.6310019089644,0.0,0.0,194.16663573297086,248.82686259466914,27.347939425583164,45,5,0.1,1,1,5.0,5.0,0.0,0.0,0.0,0.0,0,0.6187857097719451,0.6187857097719451,0,132,132,0.8681046962738037,20.0,6.0,23.0,True,feasible,nils_complete,43389.27407483726,506.34544589119747,,87.58774519960797,,50.85827973495064,True,feasible_only,0.0,5385.587254209246,True,43389.27407483726,,87.58774519960797,
S0027_R05,2702031,truck_only,S0027,n50_p0.25_d1_uniform_Emedium_V1.25_Hmedium_PWmoderate_B0.20,50,0.24,0.25,1,3,medium,1.25,uniform,medium,moderate,0.2,20.0,5.0,1.0,peripheral,18559.403723554402,371.29093023885844,0.0,0.0,18188.112793315544,18188.112793315544,682.4507168639651,863.1027734627135,223.58458872266908,1769.1380790493477,13649.014337279303,4315.513867313567,223.58458872266908,0.0,417.7367239903656,464.11366279857316,0.0,50,0,0.0,0,0,0.0,0.0,0.0,0.0,0.0,0.0,0,0.0,0.0,0,0,0,0.017801523208618164,0.0,0.0,0.0,True,feasible,baseline_truck_only,18559.403723554402,464.11366279857316,,,,0.0,True,feasible_only,0.0,18559.403723554402,True,18559.403723554402,,,
S0027_R05,2702031,nils,S0027,n50_p0.25_d1_uniform_Emedium_V1.25_Hmedium_PWmoderate_B0.20,50,0.24,0.25,1,3,medium,1.25,uniform,medium,moderate,0.2,20.0,5.0,1.0,peripheral,6426.513917792808,222.68610746296994,11.295661146789797,0.0,6192.532149183048,6192.532149183048,265.7849440982957,175.36665344342663,0.0,441.1515975417223,5315.698881965914,876.8332672171332,0.0,0.0,252.82276863900324,278.35763432871244,37.65220382263266,48,2,0.04,1,1,2.0,2.0,0.0,0.0,0.0,0.0,0,0.7909182276524276,0.7909182276524276,0,126,126,0.5408210754394531,14.0,2.0,17.0,True,feasible,nils_complete,18559.403723554402,464.11366279857316,,65.37327376721328,,40.02382247265999,True,feasible_only,0.0,6426.513917792808,True,18559.403723554402,,65.37327376721328,
S0027_R06,2702032,truck_only,S0027,n50_p0.25_d1_uniform_Emedium_V1.25_Hmedium_PWmoderate_B0.20,50,0.24,0.25,1,3,medium,1.25,uniform,medium,moderate,0.2,20.0,5.0,1.0,peripheral,13481.302779024547,369.6656951732887,0.0,0.0,13111.637083851258,13111.637083851258,488.91934900998046,579.3106367571315,436.6969198659915,1504.9269056331034,9778.38698019961,2896.553183785658,436.6969198659915,0.0,405.4750249906935,462.08211896661084,0.0,50,0,0.0,0,0,0.0,0.0,0.0,0.0,0.0,0.0,0,0.0,0.0,0,0,0,0.019746780395507812,0.0,0.0,0.0,True,feasible,baseline_truck_only,13481.302779024547,462.08211896661084,,,,0.0,True,feasible_only,0.0,13481.302779024547,True,13481.302779024547,,,
S0027_R06,2702032,nils,S0027,n50_p0.25_d1_uniform_Emedium_V1.25_Hmedium_PWmoderate_B0.20,50,0.24,0.25,1,3,medium,1.25,uniform,medium,moderate,0.2,20.0,5.0,1.0,peripheral,1541.051968113064,212.53264760565165,8.565790630162244,0.0,1319.95352987725,1319.95352987725,65.9976764938625,0.0,0.0,65.9976764938625,1319.95352987725,0.0,0.0,0.0,186.8327260967675,265.66580950706464,28.55263543387415,46,4,0.08,1,1,4.0,4.0,0.0,0.0,0.0,0.0,0,0.6294788686497678,0.6294788686497678,0,184,184,0.9250166416168213,25.0,5.0,27.0,True,feasible,nils_complete,13481.302779024547,462.08211896661084,,88.56896849382558,,42.50679725474053,True,feasible_only,0.0,1541.051968113064,True,13481.302779024547,,88.56896849382558,
S0027_R07,2702033,truck_only,S0027,n50_p0.25_d1_uniform_Emedium_V1.25_Hmedium_PWmoderate_B0.20,50,0.24,0.25,1,3,medium,1.25,uniform,medium,moderate,0.2,20.0,5.0,1.0,peripheral,21290.524672265805,364.16001562643066,0.0,0.0,20926.364656639373,20926.364656639373,849.0791210332454,775.6437261592109,66.56360517841125,1691.2864523708677,16981.58242066491,3878.2186307960546,66.56360517841125,0.0,308.1394044223891,455.20001953303847,0.0,50,0,0.0,0,0,0.0,0.0,0.0,0.0,0.0,0.0,0,0.0,0.0,0,0,0,0.021089792251586914,0.0,0.0,0.0,True,feasible,baseline_truck_only,21290.524672265805,455.20001953303847,,,,0.0,True,feasible_only,0.0,21290.524672265805,True,21290.524672265805,,,
S0027_R07,2702033,nils,S0027,n50_p0.25_d1_uniform_Emedium_V1.25_Hmedium_PWmoderate_B0.20,50,0.24,0.25,1,3,medium,1.25,uniform,medium,moderate,0.2,20.0,5.0,1.0,peripheral,5457.016724325549,219.77245549492866,11.380241965631361,0.0,5225.864026864989,5225.864026864989,247.68135436724367,54.44738790402327,0.0,302.12874227126696,4953.627087344874,272.2369395201164,0.0,0.0,191.15052703235983,274.71556936866085,37.93413988543787,48,2,0.04,1,1,2.0,2.0,0.0,0.0,0.0,0.0,0,0.793186148402142,0.793186148402142,0,223,223,0.9038019180297852,23.0,3.0,10.0,True,feasible,nils_complete,21290.524672265805,455.20001953303847,,74.3688011059955,,39.649482078125885,True,feasible_only,0.0,5457.016724325549,True,21290.524672265805,,74.3688011059955,
S0027_R08,2702034,truck_only,S0027,n50_p0.25_d1_uniform_Emedium_V1.25_Hmedium_PWmoderate_B0.20,50,0.24,0.25,1,3,medium,1.25,uniform,medium,moderate,0.2,20.0,5.0,1.0,peripheral,17533.678329478582,363.6015621256921,0.0,0.0,17170.07676735289,17170.07676735289,492.6312930246306,1424.096631752953,196.96774809551164,2113.695672873095,9852.625860492612,7120.483158764765,196.96774809551164,0.0,393.34405464514646,454.50195265711517,0.0,50,0,0.0,0,0,0.0,0.0,0.0,0.0,0.0,0.0,0,0.0,0.0,0,0,0,0.0222475528717041,0.0,0.0,0.0,True,feasible,baseline_truck_only,17533.678329478582,454.50195265711517,,,,0.0,True,feasible_only,0.0,17533.678329478582,True,17533.678329478582,,,
S0027_R08,2702034,nils,S0027,n50_p0.25_d1_uniform_Emedium_V1.25_Hmedium_PWmoderate_B0.20,50,0.24,0.25,1,3,medium,1.25,uniform,medium,moderate,0.2,20.0,5.0,1.0,peripheral,1891.8797909053508,250.5056318823034,10.91897916271037,0.0,1630.455179860337,1630.455179860337,53.3838256944591,112.55573319423105,0.0,165.93955888869016,1067.676513889182,562.7786659711553,0.0,0.0,202.52053874745297,313.13203985287913,36.39659720903457,47,3,0.06,1,1,3.0,3.0,0.0,0.0,0.0,0.0,0,0.7673326721992231,0.7673326721992231,0,216,216,1.0290343761444092,25.0,6.0,15.0,True,feasible,nils_complete,17533.678329478582,454.50195265711517,,89.21002338839182,,31.10435763317571,True,feasible_only,0.0,1891.8797909053508,True,17533.678329478582,,89.21002338839182,
S0027_R09,2702035,truck_only,S0027,n50_p0.25_d1_uniform_Emedium_V1.25_Hmedium_PWmoderate_B0.20,50,0.24,0.25,1,3,medium,1.25,uniform,medium,moderate,0.2,20.0,5.0,1.0,peripheral,16845.148021244866,364.4339906162988,0.0,0.0,16480.714030628566,16480.714030628566,412.9504781292238,1607.0785670073456,186.31163300735915,2206.3406781439285,8259.009562584477,8035.392835036728,186.31163300735915,0.0,417.96935868284913,455.5424882703735,0.0,50,0,0.0,0,0,0.0,0.0,0.0,0.0,0.0,0.0,0,0.0,0.0,0,0,0,0.02409505844116211,0.0,0.0,0.0,True,feasible,baseline_truck_only,16845.148021244866,455.5424882703735,,,,0.0,True,feasible_only,0.0,16845.148021244866,True,16845.148021244866,,,
S0027_R09,2702035,nils,S0027,n50_p0.25_d1_uniform_Emedium_V1.25_Hmedium_PWmoderate_B0.20,50,0.24,0.25,1,3,medium,1.25,uniform,medium,moderate,0.2,20.0,5.0,1.0,peripheral,7206.133784716007,260.83629108840665,11.622637961571197,0.0,6933.674855666029,6933.674855666029,272.2190541615084,297.85875448717223,0.0,570.0778086486806,5444.381083230168,1489.2937724358612,0.0,0.0,255.22078566934442,326.04536386050836,38.74212653857066,47,3,0.06,1,1,3.0,3.0,0.0,0.0,0.0,0.0,0,0.7898296152485458,0.7898296152485458,0,217,217,0.9681315422058105,25.0,6.0,14.0,True,feasible,nils_complete,16845.148021244866,455.5424882703735,,57.221309212434754,,28.427013449732492,True,feasible_only,0.0,7206.133784716007,True,16845.148021244866,,57.221309212434754,
S0027_R10,2702036,truck_only,S0027,n50_p0.25_d1_uniform_Emedium_V1.25_Hmedium_PWmoderate_B0.20,50,0.24,0.25,1,3,medium,1.25,uniform,medium,moderate,0.2,20.0,5.0,1.0,peripheral,20026.20743806204,351.8708481317768,0.0,0.0,19674.336589930263,19674.336589930263,814.9589764403459,659.9637369632432,75.3383763071277,1550.2610897107168,16299.179528806917,3299.818684816216,75.3383763071277,0.0,334.443081489027,439.8385601647209,0.0,50,0,0.0,0,0,0.0,0.0,0.0,0.0,0.0,0.0,0,0.0,0.0,0,0,0,0.022176027297973633,0.0,0.0,0.0,True,feasible,baseline_truck_only,20026.20743806204,439.8385601647209,,,,0.0,True,feasible_only,0.0,20026.20743806204,True,20026.20743806204,,,
S0027_R10,2702036,nils,S0027,n50_p0.25_d1_uniform_Emedium_V1.25_Hmedium_PWmoderate_B0.20,50,0.24,0.25,1,3,medium,1.25,uniform,medium,moderate,0.2,20.0,5.0,1.0,peripheral,5296.551687594668,220.11079970947313,11.398804592585972,0.0,5065.042083292608,5065.042083292608,250.65027959977496,10.40729825942175,0.0,261.0575778591967,5013.005591995499,52.03649129710875,0.0,0.0,207.81269751134784,275.1384996368414,37.9960153086199,46,4,0.08,1,1,4.0,4.0,0.0,0.0,0.0,0.0,0,0.7998201413761746,0.7998201413761746,0,188,188,0.8669390678405762,25.0,6.0,23.0,True,feasible,nils_complete,20026.20743806204,439.8385601647209,,73.55189841123897,,37.44557104456662,True,feasible_only,0.0,5296.551687594668,True,20026.20743806204,,73.55189841123897,
S0028_R01,2802027,truck_only,S0028,n50_p0.25_d1_clustered_Emedium_V1.25_Hmedium_PWstrict_B0.20,50,0.24,0.25,1,3,medium,1.25,clustered,medium,strict,0.2,200.0,40.0,1.0,peripheral,371464.671002033,157.9036913849837,0.0,0.0,371306.767310648,371306.767310648,1584.6131669861877,1345.131368543951,578.8791716524057,3508.6237071825444,316922.6333972375,53805.25474175804,578.8791716524057,0.0,387.3547263135475,197.37961423122954,0.0,50,0,0.0,0,0,0.0,0.0,0.0,0.0,0.0,0.0,0,0.0,0.0,0,0,0,0.025260448455810547,0.0,0.0,0.0,True,feasible,baseline_truck_only,371464.671002033,197.37961423122954,,,,0.0,True,feasible_only,0.0,371464.671002033,True,371464.671002033,,,
S0028_R01,2802027,nils,S0028,n50_p0.25_d1_clustered_Emedium_V1.25_Hmedium_PWstrict_B0.20,50,0.24,0.25,1,3,medium,1.25,clustered,medium,strict,0.2,200.0,40.0,1.0,peripheral,25089.852161902258,133.10321607898828,11.152648471116109,0.0,24945.596297352153,24945.596297352153,124.72798148676077,0.0,0.0,124.72798148676077,24945.596297352153,0.0,0.0,0.0,152.48452648621162,166.37902009873534,37.17549490372036,45,5,0.1,1,1,5.0,5.0,0.0,0.0,0.0,0.0,0,0.7832059343572371,0.7832059343572371,0,143,143,2.8347532749176025,25.0,15.0,49.0,True,feasible,nils_complete,371464.671002033,197.37961423122954,,93.24569626117557,,15.706076969112479,True,feasible_only,0.0,25089.852161902258,True,371464.671002033,,93.24569626117557,
S0028_R02,2802028,truck_only,S0028,n50_p0.25_d1_clustered_Emedium_V1.25_Hmedium_PWstrict_B0.20,50,0.24,0.25,1,3,medium,1.25,clustered,medium,strict,0.2,200.0,40.0,1.0,peripheral,339445.6426852711,178.24523964009651,0.0,0.0,339267.397445631,339267.397445631,1244.1392627457678,2238.24529042163,909.733279612255,4392.117832779653,248827.85254915355,89529.8116168652,909.733279612255,0.0,432.1564660943002,222.8065495501207,0.0,50,0,0.0,0,0,0.0,0.0,0.0,0.0,0.0,0.0,0,0.0,0.0,0,0,0,0.024083614349365234,0.0,0.0,0.0,True,feasible,baseline_truck_only,339445.6426852711,222.8065495501207,,,,0.0,True,feasible_only,0.0,339445.6426852711,True,339445.6426852711,,,
S0028_R02,2802028,nils,S0028,n50_p0.25_d1_clustered_Emedium_V1.25_Hmedium_PWstrict_B0.20,50,0.24,0.25,1,3,medium,1.25,clustered,medium,strict,0.2,200.0,40.0,1.0,peripheral,29857.29353014206,133.38884597268535,11.069882612033403,0.0,29712.83480155734,29712.83480155734,148.13570679313665,2.1423360732502204,0.0,150.27804286638687,29627.14135862733,85.69344293000881,0.0,0.0,167.8382565482973,166.73605746585667,36.89960870677801,44,6,0.12,1,1,6.0,6.0,0.0,0.0,0.0,0.0,0,0.7821898132278475,0.7821898132278475,0,111,111,3.010068416595459,25.0,15.0,63.0,True,feasible,nils_complete,339445.6426852711,222.8065495501207,,91.20410169535589,,25.165549306103717,True,feasible_only,0.0,29857.29353014206,True,339445.6426852711,,91.20410169535589,
S0028_R03,2802029,truck_only,S0028,n50_p0.25_d1_clustered_Emedium_V1.25_Hmedium_PWstrict_B0.20,50,0.24,0.25,1,3,medium,1.25,clustered,medium,strict,0.2,200.0,40.0,1.0,peripheral,345780.574759686,179.36835342247903,0.0,0.0,345601.2064062635,345601.2064062635,1483.1793730299148,1198.684422752561,1017.9548901780993,3699.818685960575,296635.874605983,47947.37691010244,1017.9548901780993,0.0,430.2770738868654,224.21044177809875,0.0,50,0,0.0,0,0,0.0,0.0,0.0,0.0,0.0,0.0,0,0.0,0.0,0,0,0,0.018607616424560547,0.0,0.0,0.0,True,feasible,baseline_truck_only,345780.574759686,224.21044177809875,,,,0.0,True,feasible_only,0.0,345780.574759686,True,345780.574759686,,,
S0028_R03,2802029,nils,S0028,n50_p0.25_d1_clustered_Emedium_V1.25_Hmedium_PWstrict_B0.20,50,0.24,0.25,1,3,medium,1.25,clustered,medium,strict,0.2,200.0,40.0,1.0,peripheral,11914.502291746545,137.25280673831702,10.64499126658837,0.0,11766.604493741639,11766.604493741639,57.67322773952369,5.798973645922516,0.0,63.472201385446205,11534.645547904738,231.95894583690063,0.0,0.0,162.75897339791914,171.56600842289632,35.483304221961234,45,5,0.1,1,1,5.0,5.0,0.0,0.0,0.0,0.0,0,0.7431075138504348,0.7431075138504348,0,155,155,3.1968190670013428,25.0,15.0,37.0,True,feasible,nils_complete,345780.574759686,224.21044177809875,,96.55431705496268,,23.47992044335949,True,feasible_only,0.0,11914.502291746545,True,345780.574759686,,96.55431705496268,
S0028_R04,2802030,truck_only,S0028,n50_p0.25_d1_clustered_Emedium_V1.25_Hmedium_PWstrict_B0.20,50,0.24,0.25,1,3,medium,1.25,clustered,medium,strict,0.2,200.0,40.0,1.0,peripheral,318335.7034481797,164.53887513349648,0.0,0.0,318171.1645730462,318171.1645730462,1216.0754034553916,1863.2458914386416,426.24822442216407,3505.5695193161973,243215.0806910783,74529.83565754566,426.24822442216407,0.0,400.9302734066175,205.67359391687052,0.0,50,0,0.0,0,0,0.0,0.0,0.0,0.0,0.0,0.0,0,0.0,0.0,0,0,0,0.026167631149291992,0.0,0.0,0.0,True,feasible,baseline_truck_only,318335.7034481797,205.67359391687052,,,,0.0,True,feasible_only,0.0,318335.7034481797,True,318335.7034481797,,,
S0028_R04,2802030,nils,S0028,n50_p0.25_d1_clustered_Emedium_V1.25_Hmedium_PWstrict_B0.20,50,0.24,0.25,1,3,medium,1.25,clustered,medium,strict,0.2,200.0,40.0,1.0,peripheral,21542.30666488952,136.7818174410243,11.39829485725567,0.0,21394.12655259124,21394.12655259124,106.97063276295619,0.0,0.0,106.97063276295619,21394.12655259124,0.0,0.0,0.0,154.9362758410094,170.97727180128038,37.99431619085223,42,8,0.16,1,1,8.0,8.0,0.0,0.0,0.0,0.0,0,0.7881361153262332,0.7881361153262332,0,78,78,2.8688952922821045,25.0,15.0,63.0,True,feasible,nils_complete,318335.7034481797,205.67359391687052,,93.23283363080375,,16.869604626840797,True,feasible_only,0.0,21542.30666488952,True,318335.7034481797,,93.23283363080375,
S0028_R05,2802031,truck_only,S0028,n50_p0.25_d1_clustered_Emedium_V1.25_Hmedium_PWstrict_B0.20,50,0.24,0.25,1,3,medium,1.25,clustered,medium,strict,0.2,200.0,40.0,1.0,peripheral,116929.1134510938,152.34483681378822,0.0,0.0,116776.76861428001,116776.76861428001,393.7141845383533,934.4270304324797,656.8504893101442,1984.9917042809773,78742.83690767066,37377.08121729919,656.8504893101442,0.0,372.4334835367068,190.43104601723536,0.0,50,0,0.0,0,0,0.0,0.0,0.0,0.0,0.0,0.0,0,0.0,0.0,0,0,0,0.019405603408813477,0.0,0.0,0.0,True,feasible,baseline_truck_only,116929.1134510938,190.43104601723536,,,,0.0,True,feasible_only,0.0,116929.1134510938,True,116929.1134510938,,,
S0028_R05,2802031,nils,S0028,n50_p0.25_d1_clustered_Emedium_V1.25_Hmedium_PWstrict_B0.20,50,0.24,0.25,1,3,medium,1.25,clustered,medium,strict,0.2,200.0,40.0,1.0,peripheral,4258.4891243617185,141.4585716445941,10.981503584912566,0.0,4106.049049132212,4106.049049132212,18.851653681201284,8.392957822298882,0.0,27.244611503500167,3770.330736240257,335.7183128919553,0.0,0.0,163.06420841895473,176.8232145557426,36.60501194970856,44,6,0.12,1,1,6.0,6.0,0.0,0.0,0.0,0.0,0,0.7683481611638642,0.7683481611638642,0,121,121,3.0058915615081787,25.0,16.0,53.0,True,feasible,nils_complete,116929.1134510938,190.43104601723536,,96.35805917048806,,7.1458051331930195,True,feasible_only,0.0,4258.4891243617185,True,116929.1134510938,,96.35805917048806,
S0028_R06,2802032,truck_only,S0028,n50_p0.25_d1_clustered_Emedium_V1.25_Hmedium_PWstrict_B0.20,50,0.24,0.25,1,3,medium,1.25,clustered,medium,strict,0.2,200.0,40.0,1.0,peripheral,495041.6462331337,163.15240163565565,0.0,0.0,494878.493831498,494878.493831498,2243.186684289835,1145.6676603932328,414.45055780166956,3803.3049024847373,448637.33685796696,45826.70641572931,414.45055780166956,0.0,397.03797528324907,203.9405020445695,0.0,50,0,0.0,0,0,0.0,0.0,0.0,0.0,0.0,0.0,0,0.0,0.0,0,0,0,0.03371071815490723,0.0,0.0,0.0,True,feasible,baseline_truck_only,495041.6462331337,203.9405020445695,,,,0.0,True,feasible_only,0.0,495041.6462331337,True,495041.6462331337,,,
S0028_R06,2802032,nils,S0028,n50_p0.25_d1_clustered_Emedium_V1.25_Hmedium_PWstrict_B0.20,50,0.24,0.25,1,3,medium,1.25,clustered,medium,strict,0.2,200.0,40.0,1.0,peripheral,42340.222708457935,138.30915202432163,11.495695497192397,0.0,42190.417860936424,42190.417860936424,210.95208930468215,0.0,0.0,210.95208930468215,42190.41786093643,0.0,0.0,0.0,159.86875216856922,172.88644003040196,38.318984990641326,44,6,0.12,1,1,6.0,6.0,0.0,0.0,0.0,0.0,0,0.7989610302013038,0.7989610302013038,0,121,121,3.611612558364868,25.0,16.0,53.0,True,feasible,nils_complete,495041.6462331337,203.9405020445695,,91.44713923957049,,15.227020480405088,True,feasible_only,0.0,42340.222708457935,True,495041.6462331337,,91.44713923957049,
S0028_R07,2802033,truck_only,S0028,n50_p0.25_d1_clustered_Emedium_V1.25_Hmedium_PWstrict_B0.20,50,0.24,0.25,1,3,medium,1.25,clustered,medium,strict,0.2,200.0,40.0,1.0,peripheral,283479.9877700151,164.2193358164019,0.0,0.0,283315.7684341987,283315.7684341987,1207.878111206998,1029.792242985896,548.4564733632203,2786.126827556114,241575.6222413996,41191.689719435846,548.4564733632203,0.0,400.99942026749073,205.27416977050228,0.0,50,0,0.0,0,0,0.0,0.0,0.0,0.0,0.0,0.0,0,0.0,0.0,0,0,0,0.02531266212463379,0.0,0.0,0.0,True,feasible,baseline_truck_only,283479.9877700151,205.27416977050228,,,,0.0,True,feasible_only,0.0,283479.9877700151,True,283479.9877700151,,,
S0028_R07,2802033,nils,S0028,n50_p0.25_d1_clustered_Emedium_V1.25_Hmedium_PWstrict_B0.20,50,0.24,0.25,1,3,medium,1.25,clustered,medium,strict,0.2,200.0,40.0,1.0,peripheral,35291.551732875276,133.6829989022061,11.395589739563626,0.0,35146.4731442335,35146.4731442335,175.73236572116753,0.0,0.0,175.73236572116753,35146.4731442335,0.0,0.0,0.0,159.3082938625285,167.1037486277576,37.98529913187875,47,3,0.06,1,1,3.0,3.0,0.0,0.0,0.0,0.0,0,0.7863476120234115,0.7863476120234115,0,198,198,2.456026792526245,25.0,11.0,33.0,True,feasible,nils_complete,283479.9877700151,205.27416977050228,,87.55060206877565,,18.59484862874829,True,feasible_only,0.0,35291.551732875276,True,283479.9877700151,,87.55060206877565,
S0028_R08,2802034,truck_only,S0028,n50_p0.25_d1_clustered_Emedium_V1.25_Hmedium_PWstrict_B0.20,50,0.24,0.25,1,3,medium,1.25,clustered,medium,strict,0.2,200.0,40.0,1.0,peripheral,150817.4866702776,175.63342450391178,0.0,0.0,150641.8532457737,150641.8532457737,440.03334092877066,1542.7638663727425,924.6304051098897,2907.427612411403,88006.66818575413,61710.554654909705,924.6304051098897,0.0,425.07917871741586,219.5417806298897,0.0,50,0,0.0,0,0,0.0,0.0,0.0,0.0,0.0,0.0,0,0.0,0.0,0,0,0,0.01872420310974121,0.0,0.0,0.0,True,feasible,baseline_truck_only,150817.4866702776,219.5417806298897,,,,0.0,True,feasible_only,0.0,150817.4866702776,True,150817.4866702776,,,
S0028_R08,2802034,nils,S0028,n50_p0.25_d1_clustered_Emedium_V1.25_Hmedium_PWstrict_B0.20,50,0.24,0.25,1,3,medium,1.25,clustered,medium,strict,0.2,200.0,40.0,1.0,peripheral,3987.3593913043937,142.72707894267305,11.031917182944598,0.0,3833.600395178776,3833.600395178776,19.16800197589388,0.0,0.0,19.16800197589388,3833.600395178776,0.0,0.0,0.0,166.97734580953335,178.40884867834131,36.77305727648199,48,2,0.04,1,1,2.0,2.0,0.0,0.0,0.0,0.0,0,0.7606031255253776,0.7606031255253776,0,232,232,3.039536237716675,25.0,11.0,21.0,True,feasible,nils_complete,150817.4866702776,219.5417806298897,,97.35616904953355,,18.73581048378739,True,feasible_only,0.0,3987.3593913043937,True,150817.4866702776,,97.35616904953355,
S0028_R09,2802035,truck_only,S0028,n50_p0.25_d1_clustered_Emedium_V1.25_Hmedium_PWstrict_B0.20,50,0.24,0.25,1,3,medium,1.25,clustered,medium,strict,0.2,200.0,40.0,1.0,peripheral,392461.1500446525,206.84402961276737,0.0,0.0,392254.30601503974,392254.30601503974,1716.0086822362775,1196.9635411675629,1174.027921081667,4087.0001444855075,343201.73644725553,47878.54164670251,1174.027921081667,0.0,489.9693204460562,258.55503701595916,0.0,50,0,0.0,0,0,0.0,0.0,0.0,0.0,0.0,0.0,0,0.0,0.0,0,0,0,0.027529001235961914,0.0,0.0,0.0,False,infeasible,baseline_truck_only,392461.1500446525,258.55503701595916,,,,0.0,False,feasible_only,0.0,,False,,,,
S0028_R09,2802035,nils,S0028,n50_p0.25_d1_clustered_Emedium_V1.25_Hmedium_PWstrict_B0.20,50,0.24,0.25,1,3,medium,1.25,clustered,medium,strict,0.2,200.0,40.0,1.0,peripheral,13909.338728965055,144.05978229245912,11.493946711846142,0.0,13753.78499996075,13753.78499996075,68.76892499980374,0.0,0.0,68.76892499980374,13753.78499996075,0.0,0.0,0.0,172.1260331814799,180.0747278655739,38.31315570615381,47,3,0.06,1,1,3.0,3.0,0.0,0.0,0.0,0.0,0,0.7854485687677045,0.7854485687677045,0,198,198,3.416133403778076,25.0,11.0,27.0,True,feasible,nils_complete,392461.1500446525,258.55503701595916,,96.45586863123077,,30.353424963653335,True,feasible_only,0.0,13909.338728965055,True,,,,
S0028_R10,2802036,truck_only,S0028,n50_p0.25_d1_clustered_Emedium_V1.25_Hmedium_PWstrict_B0.20,50,0.24,0.25,1,3,medium,1.25,clustered,medium,strict,0.2,200.0,40.0,1.0,peripheral,435359.3753228882,197.40356439240904,0.0,0.0,435161.9717584958,435161.9717584958,1840.4360433430493,1643.1797743999568,1347.5721138876056,4831.187931630611,368087.20866860985,65727.19097599827,1347.5721138876056,0.0,468.9871294853036,246.7544554905113,0.0,50,0,0.0,0,0,0.0,0.0,0.0,0.0,0.0,0.0,0,0.0,0.0,0,0,0,0.024110794067382812,0.0,0.0,0.0,True,feasible,baseline_truck_only,435359.3753228882,246.7544554905113,,,,0.0,True,feasible_only,0.0,435359.3753228882,True,435359.3753228882,,,
S0028_R10,2802036,nils,S0028,n50_p0.25_d1_clustered_Emedium_V1.25_Hmedium_PWstrict_B0.20,50,0.24,0.25,1,3,medium,1.25,clustered,medium,strict,0.2,200.0,40.0,1.0,peripheral,41059.53999482129,155.06873895889387,11.383227113103882,0.0,40893.08802874929,40893.08802874929,198.13854147067832,31.634493365340475,0.0,229.77303483601878,39627.708294135664,1265.379734613619,0.0,0.0,176.39058680923466,193.83592369861736,37.94409037701295,45,5,0.1,1,1,5.0,5.0,0.0,0.0,0.0,0.0,0,0.7904017699850718,0.7904017699850718,0,153,153,2.9346516132354736,25.0,15.0,39.0,True,feasible,nils_complete,435359.3753228882,246.7544554905113,,90.5688168620765,,21.4458262513233,True,feasible_only,0.0,41059.53999482129,True,435359.3753228882,,90.5688168620765,
S0029_R01,2902027,truck_only,S0029,n50_p0.25_d2_clustered_Emedium_V2.00_Hshort_PWstrict_B0.20,50,0.24,0.25,2,3,medium,2.0,clustered,short,strict,0.2,200.0,40.0,1.0,peripheral,427329.7607205844,170.65910111916958,0.0,0.0,427159.1016194653,427159.1016194653,1764.3736029179029,1836.8573030428029,810.0889141724982,4411.319820133204,352874.72058358055,73474.29212171212,810.0889141724982,0.0,417.02500579690445,213.32387639896191,0.0,50,0,0.0,0,0,0.0,0.0,0.0,0.0,0.0,0.0,0,0.0,0.0,0,0,0,0.021291017532348633,0.0,0.0,0.0,True,feasible,baseline_truck_only,427329.7607205844,213.32387639896191,,,,0.0,True,feasible_only,0.0,427329.7607205844,True,427329.7607205844,,,
S0029_R01,2902027,nils,S0029,n50_p0.25_d2_clustered_Emedium_V2.00_Hshort_PWstrict_B0.20,50,0.24,0.25,2,3,medium,2.0,clustered,short,strict,0.2,200.0,40.0,1.0,peripheral,29055.33353701812,130.70276070579277,15.317774744495399,0.0,28909.313001567833,28909.313001567833,143.04891839875654,7.488233045413125,0.0,150.53715144416967,28609.78367975131,299.529321816525,0.0,0.0,166.10388957545575,163.37845088224097,51.059249148317996,38,12,0.24,1,1,12.0,12.0,0.0,0.0,0.0,0.0,0,0.6806444384677925,0.6806444384677925,0,0,0,3.099616527557373,25.0,18.0,174.0,False,infeasible,nils_complete,427329.7607205844,213.32387639896191,,93.20072313989469,,23.412956092787365,False,feasible_only,0.0,,False,427329.7607205844,,,
S0029_R02,2902028,truck_only,S0029,n50_p0.25_d2_clustered_Emedium_V2.00_Hshort_PWstrict_B0.20,50,0.24,0.25,2,3,medium,2.0,clustered,short,strict,0.2,200.0,40.0,1.0,peripheral,253562.41883059032,143.63235657261527,0.0,0.0,253418.78647401772,253418.78647401772,1085.4471050999646,901.651595111504,263.3016495647196,2250.400349776188,217089.4210199929,36066.06380446016,263.3016495647196,0.0,354.97903179213796,179.54044571576907,0.0,50,0,0.0,0,0,0.0,0.0,0.0,0.0,0.0,0.0,0,0.0,0.0,0,0,0,0.022115230560302734,0.0,0.0,0.0,True,feasible,baseline_truck_only,253562.41883059032,179.54044571576907,,,,0.0,True,feasible_only,0.0,253562.41883059032,True,253562.41883059032,,,
S0029_R02,2902028,nils,S0029,n50_p0.25_d2_clustered_Emedium_V2.00_Hshort_PWstrict_B0.20,50,0.24,0.25,2,3,medium,2.0,clustered,short,strict,0.2,200.0,40.0,1.0,peripheral,16290.33609604934,130.14924505196527,15.890710438283811,0.0,16144.29614055909,16144.29614055909,80.72148070279545,0.0,0.0,80.72148070279545,16144.296140559089,0.0,0.0,0.0,146.33379833833902,162.6865563149566,52.96903479427936,38,12,0.24,1,1,12.0,12.0,0.0,0.0,0.0,0.0,0,0.706287874234885,0.706287874234885,0,0,0,3.1055591106414795,25.0,18.0,174.0,False,infeasible,nils_complete,253562.41883059032,179.54044571576907,,93.57541382860319,,9.38723825354311,False,feasible_only,0.0,,False,253562.41883059032,,,
S0029_R03,2902029,truck_only,S0029,n50_p0.25_d2_clustered_Emedium_V2.00_Hshort_PWstrict_B0.20,50,0.24,0.25,2,3,medium,2.0,clustered,short,strict,0.2,200.0,40.0,1.0,peripheral,727207.9248955324,174.91421118805735,0.0,0.0,727033.0106843443,727033.0106843443,3481.2760691078147,748.5850898643116,834.393268208852,5064.2544271809775,696255.2138215629,29943.403594572464,834.393268208852,0.0,422.4879534200405,218.64276398507178,0.0,50,0,0.0,0,0,0.0,0.0,0.0,0.0,0.0,0.0,0,0.0,0.0,0,0,0,0.026041269302368164,0.0,0.0,0.0,True,feasible,baseline_truck_only,727207.9248955324,218.64276398507178,,,,0.0,True,feasible_only,0.0,727207.9248955324,True,727207.9248955324,,,
S0029_R03,2902029,nils,S0029,n50_p0.25_d2_clustered_Emedium_V2.00_Hshort_PWstrict_B0.20,50,0.24,0.25,2,3,medium,2.0,clustered,short,strict,0.2,200.0,40.0,1.0,peripheral,45582.72687346682,134.05514953190564,14.94700048066208,0.0,45433.72472345425,45433.72472345425,217.9053647973193,46.31629409975977,0.0,264.22165889707907,43581.07295946386,1852.651763990391,0.0,0.0,177.86462141114998,167.56893691488204,49.82333493554026,38,12,0.24,1,1,12.0,12.0,0.0,0.0,0.0,0.0,0,0.6642576477100753,0.6642576477100753,0,0,0,4.309371709823608,25.0,13.0,174.0,True,feasible,nils_complete,727207.9248955324,218.64276398507178,,93.7318165392635,,23.359486561227744,True,feasible_only,0.0,45582.72687346682,True,727207.9248955324,,93.7318165392635,
S0029_R04,2902030,truck_only,S0029,n50_p0.25_d2_clustered_Emedium_V2.00_Hshort_PWstrict_B0.20,50,0.24,0.25,2,3,medium,2.0,clustered,short,strict,0.2,200.0,40.0,1.0,peripheral,341890.839003555,175.38164419166162,0.0,0.0,341715.4573593633,341715.4573593633,1273.746621925294,2156.0025628044086,726.0304621281537,4155.779646857856,254749.3243850588,86240.10251217635,726.0304621281537,0.0,424.41821040134636,219.22705523957706,0.0,50,0,0.0,0,0,0.0,0.0,0.0,0.0,0.0,0.0,0,0.0,0.0,0,0,0,0.030011653900146484,0.0,0.0,0.0,True,feasible,baseline_truck_only,341890.839003555,219.22705523957706,,,,0.0,True,feasible_only,0.0,341890.839003555,True,341890.839003555,,,
S0029_R04,2902030,nils,S0029,n50_p0.25_d2_clustered_Emedium_V2.00_Hshort_PWstrict_B0.20,50,0.24,0.25,2,3,medium,2.0,clustered,short,strict,0.2,200.0,40.0,1.0,peripheral,14979.230594068973,132.76457094990656,16.659744941550613,0.0,14829.806278177515,14829.806278177515,74.14903139088759,0.0,0.0,74.14903139088759,14829.806278177517,0.0,0.0,0.0,146.86796387506269,165.95571368738314,55.53248313850204,38,12,0.24,1,1,12.0,12.0,0.0,0.0,0.0,0.0,0,0.7481543096837183,0.7481543096837183,0,0,0,4.016728401184082,25.0,13.0,174.0,False,infeasible,nils_complete,341890.839003555,219.22705523957706,,95.61870957475018,,24.299620087483092,False,feasible_only,0.0,,False,341890.839003555,,,
S0029_R05,2902031,truck_only,S0029,n50_p0.25_d2_clustered_Emedium_V2.00_Hshort_PWstrict_B0.20,50,0.24,0.25,2,3,medium,2.0,clustered,short,strict,0.2,200.0,40.0,1.0,peripheral,336719.9396929764,180.76706570663976,0.0,0.0,336539.17262726976,336539.17262726976,1334.850210093611,1715.4909750229424,949.4916076298745,3999.832792746428,266970.04201872216,68619.6390009177,949.4916076298745,0.0,434.78674046995224,225.9588321332996,0.0,50,0,0.0,0,0,0.0,0.0,0.0,0.0,0.0,0.0,0,0.0,0.0,0,0,0,0.025789499282836914,0.0,0.0,0.0,True,feasible,baseline_truck_only,336719.9396929764,225.9588321332996,,,,0.0,True,feasible_only,0.0,336719.9396929764,True,336719.9396929764,,,
S0029_R05,2902031,nils,S0029,n50_p0.25_d2_clustered_Emedium_V2.00_Hshort_PWstrict_B0.20,50,0.24,0.25,2,3,medium,2.0,clustered,short,strict,0.2,200.0,40.0,1.0,peripheral,25823.488035403465,119.73100577874553,27.187907031765143,0.0,25676.569122592955,25676.569122592955,128.3828456129648,0.0,0.0,128.3828456129648,25676.56912259296,0.0,0.0,0.0,141.25537832845416,149.6637572234319,90.62635677255048,38,12,0.24,2,2,6.0,6.0,0.0,0.0,0.0,0.0,0,0.5947673190499023,0.7987722373971445,0,2,2,3.4105899333953857,25.0,18.0,172.0,False,infeasible,nils_complete,336719.9396929764,225.9588321332996,,92.3308705570126,,33.76503329812709,False,feasible_only,0.0,,False,336719.9396929764,,,
S0029_R06,2902032,truck_only,S0029,n50_p0.25_d2_clustered_Emedium_V2.00_Hshort_PWstrict_B0.20,50,0.24,0.25,2,3,medium,2.0,clustered,short,strict,0.2,200.0,40.0,1.0,peripheral,318333.0765392067,160.5840213230488,0.0,0.0,318172.49251788366,318172.49251788366,1413.099497912474,870.5293488740793,731.4189804256741,3015.0478272122273,282619.8995824948,34821.173954963175,731.4189804256741,0.0,395.6002809207732,200.73002665381108,0.0,50,0,0.0,0,0,0.0,0.0,0.0,0.0,0.0,0.0,0,0.0,0.0,0,0,0,0.02206873893737793,0.0,0.0,0.0,True,feasible,baseline_truck_only,318333.0765392067,200.73002665381108,,,,0.0,True,feasible_only,0.0,318333.0765392067,True,318333.0765392067,,,
S0029_R06,2902032,nils,S0029,n50_p0.25_d2_clustered_Emedium_V2.00_Hshort_PWstrict_B0.20,50,0.24,0.25,2,3,medium,2.0,clustered,short,strict,0.2,200.0,40.0,1.0,peripheral,14884.097958218075,118.5742612780455,16.06486536436739,0.0,14749.458831575663,14749.458831575663,73.74729415787831,0.0,0.0,73.74729415787831,14749.458831575663,0.0,0.0,0.0,148.24131758713207,148.2178265975569,53.54955121455796,38,12,0.24,1,1,12.0,12.0,0.0,0.0,0.0,0.0,0,0.7296918294902388,0.7296918294902388,0,0,0,3.5429575443267822,25.0,18.0,174.0,True,feasible,nils_complete,318333.0765392067,200.73002665381108,,95.32436336178691,,26.160610314080873,True,feasible_only,0.0,14884.097958218075,True,318333.0765392067,,95.32436336178691,
S0029_R07,2902033,truck_only,S0029,n50_p0.25_d2_clustered_Emedium_V2.00_Hshort_PWstrict_B0.20,50,0.24,0.25,2,3,medium,2.0,clustered,short,strict,0.2,200.0,40.0,1.0,peripheral,419328.6877417238,183.06984212231103,0.0,0.0,419145.61789960146,419145.61789960146,1678.6334967861494,2059.3453557661605,1045.1043117252186,4783.083164277528,335726.69935722987,82373.81423064641,1045.1043117252186,0.0,443.2541357986164,228.8373026528888,0.0,50,0,0.0,0,0,0.0,0.0,0.0,0.0,0.0,0.0,0,0.0,0.0,0,0,0,0.025393962860107422,0.0,0.0,0.0,True,feasible,baseline_truck_only,419328.6877417238,228.8373026528888,,,,0.0,True,feasible_only,0.0,419328.6877417238,True,419328.6877417238,,,
S0029_R07,2902033,nils,S0029,n50_p0.25_d2_clustered_Emedium_V2.00_Hshort_PWstrict_B0.20,50,0.24,0.25,2,3,medium,2.0,clustered,short,strict,0.2,200.0,40.0,1.0,peripheral,29240.354025658347,129.0831243496697,14.789677902126307,0.0,29096.48122340655,29096.48122340655,145.48240611703275,0.0,0.0,145.48240611703275,29096.48122340655,0.0,0.0,0.0,142.9796918074296,161.35390543708712,49.29892634042103,38,12,0.24,1,1,12.0,12.0,0.0,0.0,0.0,0.0,0,0.6532690297687416,0.6532690297687416,0,0,0,3.149559259414673,25.0,18.0,174.0,True,feasible,nils_complete,419328.6877417238,228.8373026528888,,93.02686534920113,,29.48968390794384,True,feasible_only,0.0,29240.354025658347,True,419328.6877417238,,93.02686534920113,
S0029_R08,2902034,truck_only,S0029,n50_p0.25_d2_clustered_Emedium_V2.00_Hshort_PWstrict_B0.20,50,0.24,0.25,2,3,medium,2.0,clustered,short,strict,0.2,200.0,40.0,1.0,peripheral,568331.5818276767,204.58096454187006,0.0,0.0,568127.0008631349,568127.0008631349,2540.785057509141,1465.882929193574,1334.672193563587,5341.340180266302,508157.0115018282,58635.317167742964,1334.672193563587,0.0,490.5522080954021,255.7262056773376,0.0,50,0,0.0,0,0,0.0,0.0,0.0,0.0,0.0,0.0,0,0.0,0.0,0,0,0,0.026045799255371094,0.0,0.0,0.0,False,infeasible,baseline_truck_only,568331.5818276767,255.7262056773376,,,,0.0,False,feasible_only,0.0,,False,,,,
S0029_R08,2902034,nils,S0029,n50_p0.25_d2_clustered_Emedium_V2.00_Hshort_PWstrict_B0.20,50,0.24,0.25,2,3,medium,2.0,clustered,short,strict,0.2,200.0,40.0,1.0,peripheral,40760.18906987129,140.77304035249716,17.41589825742972,0.0,40602.00013126136,40602.00013126136,203.01000065630683,0.0,0.0,203.01000065630683,40602.00013126137,0.0,0.0,0.0,153.04379076515252,175.96630044062147,58.0529941914324,38,12,0.24,1,1,12.0,12.0,0.0,0.0,0.0,0.0,0,0.7750681023681268,0.7750681023681268,0,0,0,3.3893015384674072,25.0,19.0,156.0,True,feasible,nils_complete,568331.5818276767,255.7262056773376,,92.82809712267051,,31.18957051173439,True,feasible_only,0.0,40760.18906987129,True,,,,
S0029_R09,2902035,truck_only,S0029,n50_p0.25_d2_clustered_Emedium_V2.00_Hshort_PWstrict_B0.20,50,0.24,0.25,2,3,medium,2.0,clustered,short,strict,0.2,200.0,40.0,1.0,peripheral,410283.7136099616,169.60613416154254,0.0,0.0,410114.1074758001,410114.1074758001,1721.1854309319301,1633.3644638706394,542.4427345885716,3896.9926293911412,344237.086186386,65334.57855482557,542.4427345885716,0.0,413.06114729595896,212.00766770192823,0.0,50,0,0.0,0,0,0.0,0.0,0.0,0.0,0.0,0.0,0,0.0,0.0,0,0,0,0.02216625213623047,0.0,0.0,0.0,True,feasible,baseline_truck_only,410283.7136099616,212.00766770192823,,,,0.0,True,feasible_only,0.0,410283.7136099616,True,410283.7136099616,,,
S0029_R09,2902035,nils,S0029,n50_p0.25_d2_clustered_Emedium_V2.00_Hshort_PWstrict_B0.20,50,0.24,0.25,2,3,medium,2.0,clustered,short,strict,0.2,200.0,40.0,1.0,peripheral,18972.337557281295,136.4728427812455,16.19493743066902,0.0,18819.66977706938,18819.66977706938,94.0983488853469,0.0,0.0,94.0983488853469,18819.66977706938,0.0,0.0,0.0,145.01731667065656,170.5910534765569,53.98312476889674,38,12,0.24,1,1,12.0,12.0,0.0,0.0,0.0,0.0,0,0.7222239329143714,0.7222239329143714,0,0,0,3.6831624507904053,25.0,20.0,174.0,True,feasible,nils_complete,410283.7136099616,212.00766770192823,,95.37580046978968,,19.535432220121837,True,feasible_only,0.0,18972.337557281295,True,410283.7136099616,,95.37580046978968,
S0029_R10,2902036,truck_only,S0029,n50_p0.25_d2_clustered_Emedium_V2.00_Hshort_PWstrict_B0.20,50,0.24,0.25,2,3,medium,2.0,clustered,short,strict,0.2,200.0,40.0,1.0,peripheral,431331.47957675403,148.09608955200636,0.0,0.0,431183.38348720205,431183.38348720205,1892.1103134296998,1308.9335834065905,403.97746499848586,3605.021361834776,378422.06268593995,52357.34333626362,403.97746499848586,0.0,366.19178017854694,185.12011194000792,0.0,50,0,0.0,0,0,0.0,0.0,0.0,0.0,0.0,0.0,0,0.0,0.0,0,0,0,0.021192550659179688,0.0,0.0,0.0,True,feasible,baseline_truck_only,431331.47957675403,185.12011194000792,,,,0.0,True,feasible_only,0.0,431331.47957675403,True,431331.47957675403,,,
S0029_R10,2902036,nils,S0029,n50_p0.25_d2_clustered_Emedium_V2.00_Hshort_PWstrict_B0.20,50,0.24,0.25,2,3,medium,2.0,clustered,short,strict,0.2,200.0,40.0,1.0,peripheral,36947.1288223319,124.88384146404,17.437468132188485,0.0,36804.80751273567,36804.80751273567,184.02403756367835,0.0,0.0,184.02403756367835,36804.80751273567,0.0,0.0,0.0,140.99731893064518,156.10480183005004,58.124893773961645,38,12,0.24,1,1,12.0,12.0,0.0,0.0,0.0,0.0,0,0.7833048960345289,0.7833048960345289,0,0,0,4.233185529708862,25.0,19.0,174.0,True,feasible,nils_complete,431331.47957675403,185.12011194000792,,91.43416825069515,,15.673775153809817,True,feasible_only,0.0,36947.1288223319,True,431331.47957675403,,91.43416825069515,
S0030_R01,3002027,truck_only,S0030,n50_p0.25_d1_uniform_Emedium_V2.00_Hmedium_PWmoderate_B0.20,50,0.24,0.25,1,3,medium,2.0,uniform,medium,moderate,0.2,20.0,5.0,1.0,peripheral,17564.741074908576,391.1885653008678,0.0,0.0,17173.552509607707,17173.552509607707,646.5618533727065,834.8586078624346,68.02240284139648,1549.4428640765377,12931.23706745413,4174.293039312173,68.02240284139648,0.0,319.734851791129,488.98570662608483,0.0,50,0,0.0,0,0,0.0,0.0,0.0,0.0,0.0,0.0,0,0.0,0.0,0,0,0,0.03430509567260742,0.0,0.0,0.0,True,feasible,baseline_truck_only,17564.741074908576,488.98570662608483,,,,0.0,True,feasible_only,0.0,17564.741074908576,True,17564.741074908576,,,
S0030_R01,3002027,nils,S0030,n50_p0.25_d1_uniform_Emedium_V2.00_Hmedium_PWmoderate_B0.20,50,0.24,0.25,1,3,medium,2.0,uniform,medium,moderate,0.2,20.0,5.0,1.0,peripheral,3617.416976743065,254.2428272188249,17.488139813637183,0.0,3345.686009710603,3345.686009710603,148.05915234056147,76.90059257987461,0.0,224.9597449204361,2961.1830468112294,384.5029628993731,0.0,0.0,241.7752861014514,317.80353402353114,58.29379937879061,45,5,0.1,1,1,5.0,5.0,0.0,0.0,0.0,0.0,0,0.7972401497684114,0.7972401497684114,0,154,154,1.260484218597412,25.0,7.0,38.0,True,feasible,nils_complete,17564.741074908576,488.98570662608483,,79.40523597065382,,35.00760252966912,True,feasible_only,0.0,3617.416976743065,True,17564.741074908576,,79.40523597065382,
S0030_R02,3002028,truck_only,S0030,n50_p0.25_d1_uniform_Emedium_V2.00_Hmedium_PWmoderate_B0.20,50,0.24,0.25,1,3,medium,2.0,uniform,medium,moderate,0.2,20.0,5.0,1.0,peripheral,22434.40655445104,384.8256996596515,0.0,0.0,22049.58085479139,22049.58085479139,712.749326039029,1449.2835585276084,548.176541372771,2710.209425939408,14254.986520780581,7246.417792638042,548.176541372771,0.0,432.24572565275633,481.03212457456425,0.0,50,0,0.0,0,0,0.0,0.0,0.0,0.0,0.0,0.0,0,0.0,0.0,0,0,0,0.029280900955200195,0.0,0.0,0.0,True,feasible,baseline_truck_only,22434.40655445104,481.03212457456425,,,,0.0,True,feasible_only,0.0,22434.40655445104,True,22434.40655445104,,,
S0030_R02,3002028,nils,S0030,n50_p0.25_d1_uniform_Emedium_V2.00_Hmedium_PWmoderate_B0.20,50,0.24,0.25,1,3,medium,2.0,uniform,medium,moderate,0.2,20.0,5.0,1.0,peripheral,5200.1331263566635,224.99379240537883,15.350461690747707,0.0,4959.788872260537,4959.788872260537,229.71515021304805,73.09717359991508,0.0,302.81232381296314,4594.303004260961,365.4858679995754,0.0,0.0,186.75914579584472,281.24224050672353,51.16820563582569,42,8,0.16,1,1,8.0,8.0,0.0,0.0,0.0,0.0,0,0.7173591129323301,0.7173591129323301,0,83,83,1.2447941303253174,25.0,9.0,54.0,True,feasible,nils_complete,22434.40655445104,481.03212457456425,,76.82072350015007,,41.53358452817251,True,feasible_only,0.0,5200.1331263566635,True,22434.40655445104,,76.82072350015007,
S0030_R03,3002029,truck_only,S0030,n50_p0.25_d1_uniform_Emedium_V2.00_Hmedium_PWmoderate_B0.20,50,0.24,0.25,1,3,medium,2.0,uniform,medium,moderate,0.2,20.0,5.0,1.0,peripheral,19624.825351144314,360.09661203550553,0.0,0.0,19264.72873910881,19264.72873910881,769.628387741588,708.5579681447475,329.3711435533139,1807.5574994396495,15392.56775483176,3542.7898407237376,329.3711435533139,0.0,407.87276386369837,450.12076504438176,0.0,50,0,0.0,0,0,0.0,0.0,0.0,0.0,0.0,0.0,0,0.0,0.0,0,0,0,0.02428722381591797,0.0,0.0,0.0,True,feasible,baseline_truck_only,19624.825351144314,450.12076504438176,,,,0.0,True,feasible_only,0.0,19624.825351144314,True,19624.825351144314,,,
S0030_R03,3002029,nils,S0030,n50_p0.25_d1_uniform_Emedium_V2.00_Hmedium_PWmoderate_B0.20,50,0.24,0.25,1,3,medium,2.0,uniform,medium,moderate,0.2,20.0,5.0,1.0,peripheral,1578.660131799423,222.21708014904624,16.751344905898392,0.0,1339.6917067444783,1339.6917067444783,55.726605791526495,45.03191818278971,0.0,100.7585239743162,1114.5321158305298,225.15959091394853,0.0,0.0,206.20101519909727,277.7713501863078,55.83781635299464,44,6,0.12,1,1,6.0,6.0,0.0,0.0,0.0,0.0,0,0.785479817217708,0.785479817217708,0,132,132,1.361365556716919,25.0,6.0,42.0,True,feasible,nils_complete,19624.825351144314,450.12076504438176,,91.95580035209142,,38.28959431389048,True,feasible_only,0.0,1578.660131799423,True,19624.825351144314,,91.95580035209142,
S0030_R04,3002030,truck_only,S0030,n50_p0.25_d1_uniform_Emedium_V2.00_Hmedium_PWmoderate_B0.20,50,0.24,0.25,1,3,medium,2.0,uniform,medium,moderate,0.2,20.0,5.0,1.0,peripheral,21844.81786020048,365.6967601981279,0.0,0.0,21479.121100002354,21479.121100002354,736.1525355383008,1297.7172163322198,267.48430757524295,2301.3540594457636,14723.050710766016,6488.586081661098,267.48430757524295,0.0,387.99414241638124,457.1209502476598,0.0,50,0,0.0,0,0,0.0,0.0,0.0,0.0,0.0,0.0,0,0.0,0.0,0,0,0,0.027533769607543945,0.0,0.0,0.0,True,feasible,baseline_truck_only,21844.81786020048,457.1209502476598,,,,0.0,True,feasible_only,0.0,21844.81786020048,True,21844.81786020048,,,
S0030_R04,3002030,nils,S0030,n50_p0.25_d1_uniform_Emedium_V2.00_Hmedium_PWmoderate_B0.20,50,0.24,0.25,1,3,medium,2.0,uniform,medium,moderate,0.2,20.0,5.0,1.0,peripheral,3911.680235464193,223.91252545719897,12.30370418825565,0.0,3675.4640058187388,3675.4640058187388,183.77320029093693,0.0,0.0,183.77320029093693,3675.4640058187388,0.0,0.0,0.0,187.54846921473404,279.89065682149874,41.01234729418549,43,7,0.14,1,1,7.0,7.0,0.0,0.0,0.0,0.0,0,0.5722553139940795,0.5722553139940795,0,98,98,1.1061007976531982,25.0,7.0,59.0,True,feasible,nils_complete,21844.81786020048,457.1209502476598,,82.0933263875321,,38.770984644248074,True,feasible_only,0.0,3911.680235464193,True,21844.81786020048,,82.0933263875321,
S0030_R05,3002031,truck_only,S0030,n50_p0.25_d1_uniform_Emedium_V2.00_Hmedium_PWmoderate_B0.20,50,0.24,0.25,1,3,medium,2.0,uniform,medium,moderate,0.2,20.0,5.0,1.0,peripheral,26099.340721722227,353.5854487817827,0.0,0.0,25745.755272940445,25745.755272940445,955.6667391995255,1281.085409544064,226.99344122961585,2463.7455899732054,19113.33478399051,6405.427047720321,226.99344122961585,0.0,418.99687079456214,441.9818109772283,0.0,50,0,0.0,0,0,0.0,0.0,0.0,0.0,0.0,0.0,0,0.0,0.0,0,0,0,0.025504112243652344,0.0,0.0,0.0,True,feasible,baseline_truck_only,26099.340721722227,441.9818109772283,,,,0.0,True,feasible_only,0.0,26099.340721722227,True,26099.340721722227,,,
S0030_R05,3002031,nils,S0030,n50_p0.25_d1_uniform_Emedium_V2.00_Hmedium_PWmoderate_B0.20,50,0.24,0.25,1,3,medium,2.0,uniform,medium,moderate,0.2,20.0,5.0,1.0,peripheral,2884.7481284949145,216.54245483718353,17.28961838403456,0.0,2650.916055273696,2650.916055273696,115.88012177327869,66.66272396162445,0.0,182.54284573490315,2317.6024354655738,333.31361980812227,0.0,0.0,198.46320444311633,270.6780685464794,57.63206128011521,45,5,0.1,1,1,5.0,5.0,0.0,0.0,0.0,0.0,0,0.7831365064297419,0.7831365064297419,0,147,147,0.9120469093322754,25.0,6.0,45.0,True,feasible,nils_complete,26099.340721722227,441.9818109772283,,88.94704598383221,,38.75809777148833,True,feasible_only,0.0,2884.7481284949145,True,26099.340721722227,,88.94704598383221,
S0030_R06,3002032,truck_only,S0030,n50_p0.25_d1_uniform_Emedium_V2.00_Hmedium_PWmoderate_B0.20,50,0.24,0.25,1,3,medium,2.0,uniform,medium,moderate,0.2,20.0,5.0,1.0,peripheral,28474.19757384573,386.5823057202304,0.0,0.0,28087.6152681255,28087.6152681255,1114.5569882991952,1022.3588157828084,684.6814232275545,2821.597227309558,22291.139765983902,5111.794078914042,684.6814232275545,0.0,440.35365483676566,483.22788215028777,0.0,50,0,0.0,0,0,0.0,0.0,0.0,0.0,0.0,0.0,0,0.0,0.0,0,0,0,0.03187084197998047,0.0,0.0,0.0,True,feasible,baseline_truck_only,28474.19757384573,483.22788215028777,,,,0.0,True,feasible_only,0.0,28474.19757384573,True,28474.19757384573,,,
S0030_R06,3002032,nils,S0030,n50_p0.25_d1_uniform_Emedium_V2.00_Hmedium_PWmoderate_B0.20,50,0.24,0.25,1,3,medium,2.0,uniform,medium,moderate,0.2,20.0,5.0,1.0,peripheral,4926.92751933538,242.23019184991776,17.474272361522566,0.0,4667.223055123939,4667.223055123939,225.75156171931275,30.43836414753683,0.0,256.1899258668496,4515.031234386255,152.19182073768417,0.0,0.0,201.49782697750487,302.78773981239726,58.24757453840854,46,4,0.08,1,1,4.0,4.0,0.0,0.0,0.0,0.0,0,0.7989508528289968,0.7989508528289968,0,170,170,0.9892368316650391,25.0,6.0,41.0,True,feasible,nils_complete,28474.19757384573,483.22788215028777,,82.69686966047857,,37.34059002037721,True,feasible_only,0.0,4926.92751933538,True,28474.19757384573,,82.69686966047857,
S0030_R07,3002033,truck_only,S0030,n50_p0.25_d1_uniform_Emedium_V2.00_Hmedium_PWmoderate_B0.20,50,0.24,0.25,1,3,medium,2.0,uniform,medium,moderate,0.2,20.0,5.0,1.0,peripheral,19281.593173874815,369.7566385788192,0.0,0.0,18911.836535295995,18911.836535295995,753.9986157345164,711.5975866768207,273.8762872215637,1739.4724896329008,15079.972314690329,3557.9879333841036,273.8762872215637,0.0,393.7400127450482,462.19579822352415,0.0,50,0,0.0,0,0,0.0,0.0,0.0,0.0,0.0,0.0,0,0.0,0.0,0,0,0,0.019965171813964844,0.0,0.0,0.0,True,feasible,baseline_truck_only,19281.593173874815,462.19579822352415,,,,0.0,True,feasible_only,0.0,19281.593173874815,True,19281.593173874815,,,
S0030_R07,3002033,nils,S0030,n50_p0.25_d1_uniform_Emedium_V2.00_Hmedium_PWmoderate_B0.20,50,0.24,0.25,1,3,medium,2.0,uniform,medium,moderate,0.2,20.0,5.0,1.0,peripheral,2907.8280275491047,226.00722592981688,16.938365348960797,0.0,2664.882436270327,2664.882436270327,117.26503334626173,63.916353869018465,0.0,181.1813872152802,2345.3006669252345,319.5817693450923,0.0,0.0,200.05446847233986,282.5090324122711,56.46121782986933,45,5,0.1,1,1,5.0,5.0,0.0,0.0,0.0,0.0,0,0.7883499232632855,0.7883499232632855,0,151,151,0.9907042980194092,25.0,8.0,41.0,True,feasible,nils_complete,19281.593173874815,462.19579822352415,,84.91915060479025,,38.87676316009132,True,feasible_only,0.0,2907.8280275491047,True,19281.593173874815,,84.91915060479025,
S0030_R08,3002034,truck_only,S0030,n50_p0.25_d1_uniform_Emedium_V2.00_Hmedium_PWmoderate_B0.20,50,0.24,0.25,1,3,medium,2.0,uniform,medium,moderate,0.2,20.0,5.0,1.0,peripheral,29007.19676914851,349.0414459128231,0.0,0.0,28658.15532323569,28658.15532323569,1226.646470305752,718.6712234798695,531.8697997213011,2477.1874935069227,24532.92940611504,3593.3561173993476,531.8697997213011,0.0,416.56538893404104,436.3018073910292,0.0,50,0,0.0,0,0,0.0,0.0,0.0,0.0,0.0,0.0,0,0.0,0.0,0,0,0,0.01876354217529297,0.0,0.0,0.0,True,feasible,baseline_truck_only,29007.19676914851,436.3018073910292,,,,0.0,True,feasible_only,0.0,29007.19676914851,True,29007.19676914851,,,
S0030_R08,3002034,nils,S0030,n50_p0.25_d1_uniform_Emedium_V2.00_Hmedium_PWmoderate_B0.20,50,0.24,0.25,1,3,medium,2.0,uniform,medium,moderate,0.2,20.0,5.0,1.0,peripheral,5115.079093684363,206.6985068716575,13.657452809811684,0.0,4894.723134002894,4894.723134002894,218.13408473660667,106.40828785415198,0.0,324.54237259075865,4362.681694732133,532.0414392707598,0.0,0.0,235.18877863795842,258.3731335895719,45.52484269937228,48,2,0.04,1,1,2.0,2.0,0.0,0.0,0.0,0.0,0,0.574422643546741,0.574422643546741,0,132,132,1.360823154449463,25.0,2.0,42.0,True,feasible,nils_complete,29007.19676914851,436.3018073910292,,82.36617231788264,,40.78109941038848,True,feasible_only,0.0,5115.079093684363,True,29007.19676914851,,82.36617231788264,
S0030_R09,3002035,truck_only,S0030,n50_p0.25_d1_uniform_Emedium_V2.00_Hmedium_PWmoderate_B0.20,50,0.24,0.25,1,3,medium,2.0,uniform,medium,moderate,0.2,20.0,5.0,1.0,peripheral,16210.744068088658,376.5782608003983,0.0,0.0,15834.16580728826,15834.16580728826,590.7647561846345,752.2719304301029,257.5110314450542,1600.5477180597916,11815.29512369269,3761.359652150514,257.5110314450542,0.0,390.00129830150973,470.7228260004978,0.0,50,0,0.0,0,0,0.0,0.0,0.0,0.0,0.0,0.0,0,0.0,0.0,0,0,0,0.02757740020751953,0.0,0.0,0.0,True,feasible,baseline_truck_only,16210.744068088658,470.7228260004978,,,,0.0,True,feasible_only,0.0,16210.744068088658,True,16210.744068088658,,,
S0030_R09,3002035,nils,S0030,n50_p0.25_d1_uniform_Emedium_V2.00_Hmedium_PWmoderate_B0.20,50,0.24,0.25,1,3,medium,2.0,uniform,medium,moderate,0.2,20.0,5.0,1.0,peripheral,2059.6923286976626,227.35302712274807,17.434414752398013,0.0,1814.9048868225163,1814.9048868225163,88.12560321424176,10.478564507536234,0.0,98.604167721778,1762.5120642848353,52.39282253768117,0.0,0.0,207.77017522936472,284.191283903435,58.114715841326706,45,5,0.1,1,1,5.0,5.0,0.0,0.0,0.0,0.0,0,0.7915856621529703,0.7915856621529703,0,136,136,1.1533963680267334,23.0,6.0,42.0,True,feasible,nils_complete,16210.744068088658,470.7228260004978,,87.29427643761133,,39.626619274431675,True,feasible_only,0.0,2059.6923286976626,True,16210.744068088658,,87.29427643761133,
S0030_R10,3002036,truck_only,S0030,n50_p0.25_d1_uniform_Emedium_V2.00_Hmedium_PWmoderate_B0.20,50,0.24,0.25,1,3,medium,2.0,uniform,medium,moderate,0.2,20.0,5.0,1.0,peripheral,31498.183729307624,383.27785900061104,0.0,0.0,31114.90587030701,31114.90587030701,1382.6531296973776,631.6192015926524,303.7472683961906,2318.0195996862208,27653.06259394755,3158.0960079632623,303.7472683961906,0.0,410.5389776459264,479.0973237507639,0.0,50,0,0.0,0,0,0.0,0.0,0.0,0.0,0.0,0.0,0,0.0,0.0,0,0,0,0.019341468811035156,0.0,0.0,0.0,True,feasible,baseline_truck_only,31498.183729307624,479.0973237507639,,,,0.0,True,feasible_only,0.0,31498.183729307624,True,31498.183729307624,,,
S0030_R10,3002036,nils,S0030,n50_p0.25_d1_uniform_Emedium_V2.00_Hmedium_PWmoderate_B0.20,50,0.24,0.25,1,3,medium,2.0,uniform,medium,moderate,0.2,20.0,5.0,1.0,peripheral,7137.658786611314,233.4421615541687,17.34657200811965,0.0,6886.870053049026,6886.870053049026,335.9725020572647,33.484002380746304,0.0,369.456504438011,6719.450041145294,167.4200119037315,0.0,0.0,214.37344950661327,291.8027019427109,57.821906693732174,45,5,0.1,1,1,5.0,5.0,0.0,0.0,0.0,0.0,0,0.7784030650354788,0.7784030650354788,0,149,149,0.9201927185058594,25.0,6.0,41.0,True,feasible,nils_complete,31498.183729307624,479.0973237507639,,77.33945916389443,,39.093230649204685,True,feasible_only,0.0,7137.658786611314,True,31498.183729307624,,77.33945916389443,
S0031_R01,3102027,truck_only,S0031,n50_p0.25_d1_uniform_Ehigh_V1.25_Hlong_PWstrict_B0.20,50,0.24,0.25,1,3,high,1.25,uniform,long,strict,0.2,200.0,40.0,1.0,peripheral,349160.3434198158,376.7001043934346,0.0,0.0,348783.6433154224,348783.6433154224,1481.4953791468988,1306.880191967833,209.3598073293253,2997.735378444057,296299.0758293798,52275.20767871333,209.3598073293253,0.0,430.4397689935528,470.87513049179313,0.0,50,0,0.0,0,0,0.0,0.0,0.0,0.0,0.0,0.0,0,0.0,0.0,0,0,0,0.022476673126220703,0.0,0.0,0.0,True,feasible,baseline_truck_only,349160.3434198158,470.87513049179313,,,,0.0,True,feasible_only,0.0,349160.3434198158,True,349160.3434198158,,,
S0031_R01,3102027,nils,S0031,n50_p0.25_d1_uniform_Ehigh_V1.25_Hlong_PWstrict_B0.20,50,0.24,0.25,1,3,high,1.25,uniform,long,strict,0.2,200.0,40.0,1.0,peripheral,75764.69380201143,231.31715507958063,14.864906542968745,0.0,75518.51174038889,75518.51174038889,360.8294248605053,83.81566920719536,0.0,444.64509406770065,72165.88497210106,3352.6267682878142,0.0,0.0,213.423488803731,289.14644384947576,49.54968847656249,48,2,0.04,1,1,2.0,2.0,0.0,0.0,0.0,0.0,0,0.7949428771109623,0.7949428771109623,0,204,204,0.8168821334838867,22.0,3.0,19.0,True,feasible,nils_complete,349160.3434198158,470.87513049179313,,78.30088805047511,,38.59381710232087,True,feasible_only,0.0,75764.69380201143,True,349160.3434198158,,78.30088805047511,
S0031_R02,3102028,truck_only,S0031,n50_p0.25_d1_uniform_Ehigh_V1.25_Hlong_PWstrict_B0.20,50,0.24,0.25,1,3,high,1.25,uniform,long,strict,0.2,200.0,40.0,1.0,peripheral,320454.67580246093,378.11109455997837,0.0,0.0,320076.564707901,320076.564707901,1480.2137771047685,588.7895213766058,482.2284318830592,2551.2317303644336,296042.7554209537,23551.580855064232,482.2284318830592,0.0,438.90565167283864,472.63886819997293,0.0,50,0,0.0,0,0,0.0,0.0,0.0,0.0,0.0,0.0,0,0.0,0.0,0,0,0,0.024326086044311523,0.0,0.0,0.0,True,feasible,baseline_truck_only,320454.67580246093,472.63886819997293,,,,0.0,True,feasible_only,0.0,320454.67580246093,True,320454.67580246093,,,
S0031_R02,3102028,nils,S0031,n50_p0.25_d1_uniform_Ehigh_V1.25_Hlong_PWstrict_B0.20,50,0.24,0.25,1,3,high,1.25,uniform,long,strict,0.2,200.0,40.0,1.0,peripheral,91296.5193031114,237.7506596609749,13.301711055135703,0.0,91045.4669323953,91045.4669323953,447.99874934962986,36.14292656173298,0.0,484.1416759113628,89599.74986992597,1445.717062469319,0.0,0.0,232.56488034217563,297.1883245762185,44.339036850452345,46,4,0.08,1,1,4.0,4.0,0.0,0.0,0.0,0.0,0,0.7448891361351858,0.7448891361351858,0,186,186,1.1030032634735107,25.0,6.0,25.0,True,feasible,nils_complete,320454.67580246093,472.63886819997293,,71.51031762151922,,37.12148014655483,True,feasible_only,0.0,91296.5193031114,True,320454.67580246093,,71.51031762151922,
S0031_R03,3102029,truck_only,S0031,n50_p0.25_d1_uniform_Ehigh_V1.25_Hlong_PWstrict_B0.20,50,0.24,0.25,1,3,high,1.25,uniform,long,strict,0.2,200.0,40.0,1.0,peripheral,210896.8655108872,321.7608377616534,0.0,0.0,210575.10467312555,210575.10467312555,959.2951128080723,466.6830413543564,48.760457336848845,1474.7386114992778,191859.02256161446,18667.32165417426,48.760457336848845,0.0,353.7475318750827,402.2010472020668,0.0,50,0,0.0,0,0,0.0,0.0,0.0,0.0,0.0,0.0,0,0.0,0.0,0,0,0,0.020615339279174805,0.0,0.0,0.0,True,feasible,baseline_truck_only,210896.8655108872,402.2010472020668,,,,0.0,True,feasible_only,0.0,210896.8655108872,True,210896.8655108872,,,
S0031_R03,3102029,nils,S0031,n50_p0.25_d1_uniform_Ehigh_V1.25_Hlong_PWstrict_B0.20,50,0.24,0.25,1,3,high,1.25,uniform,long,strict,0.2,200.0,40.0,1.0,peripheral,104387.83262075714,241.21156783896203,13.391850498645484,0.0,104133.22920241953,104133.22920241953,513.681059968138,34.92543021979823,0.0,548.6064901879363,102736.2119936276,1397.017208791929,0.0,0.0,222.5954928542605,301.5144597987025,44.639501662151616,46,4,0.08,1,1,4.0,4.0,0.0,0.0,0.0,0.0,0,0.753685650881029,0.753685650881029,0,180,180,1.053969144821167,25.0,6.0,31.0,True,feasible,nils_complete,210896.8655108872,402.2010472020668,,50.50289990423386,,25.033894890079463,True,feasible_only,0.0,104387.83262075714,True,210896.8655108872,,50.50289990423386,
S0031_R04,3102030,truck_only,S0031,n50_p0.25_d1_uniform_Ehigh_V1.25_Hlong_PWstrict_B0.20,50,0.24,0.25,1,3,high,1.25,uniform,long,strict,0.2,200.0,40.0,1.0,peripheral,263286.30494236696,368.32892867730817,0.0,0.0,262917.97601368965,262917.97601368965,1257.1828278859173,283.06568598782576,158.78299699315346,1699.0315108668965,251436.56557718344,11322.627439513031,158.78299699315346,0.0,387.4617640104736,460.41116084663514,0.0,50,0,0.0,0,0,0.0,0.0,0.0,0.0,0.0,0.0,0,0.0,0.0,0,0,0,0.030140161514282227,0.0,0.0,0.0,True,feasible,baseline_truck_only,263286.30494236696,460.41116084663514,,,,0.0,True,feasible_only,0.0,263286.30494236696,True,263286.30494236696,,,
S0031_R04,3102030,nils,S0031,n50_p0.25_d1_uniform_Ehigh_V1.25_Hlong_PWstrict_B0.20,50,0.24,0.25,1,3,high,1.25,uniform,long,strict,0.2,200.0,40.0,1.0,peripheral,59997.54224476832,237.96867480184355,14.13299966793895,0.0,59745.44057029854,59745.44057029854,284.5128424976945,71.07180176899122,0.0,355.58464426668576,56902.5684995389,2842.872070759649,0.0,0.0,218.24467577725386,297.46084350230433,47.10999889312983,47,3,0.06,1,1,3.0,3.0,0.0,0.0,0.0,0.0,0,0.7960830426938394,0.7960830426938394,0,212,212,1.5753953456878662,25.0,4.0,19.0,True,feasible,nils_complete,263286.30494236696,460.41116084663514,,77.21205352557106,,35.39234736288468,True,feasible_only,0.0,59997.54224476832,True,263286.30494236696,,77.21205352557106,
S0031_R05,3102031,truck_only,S0031,n50_p0.25_d1_uniform_Ehigh_V1.25_Hlong_PWstrict_B0.20,50,0.24,0.25,1,3,high,1.25,uniform,long,strict,0.2,200.0,40.0,1.0,peripheral,322639.51065056387,373.54924642698967,0.0,0.0,322265.9614041369,322265.9614041369,1530.4485945910722,399.3312517689579,202.9924151641186,2132.7722615241487,306089.71891821444,15973.250070758315,202.9924151641186,0.0,353.6676865002877,466.93655803373713,0.0,50,0,0.0,0,0,0.0,0.0,0.0,0.0,0.0,0.0,0,0.0,0.0,0,0,0,0.02955937385559082,0.0,0.0,0.0,True,feasible,baseline_truck_only,322639.51065056387,466.93655803373713,,,,0.0,True,feasible_only,0.0,322639.51065056387,True,322639.51065056387,,,
S0031_R05,3102031,nils,S0031,n50_p0.25_d1_uniform_Ehigh_V1.25_Hlong_PWstrict_B0.20,50,0.24,0.25,1,3,high,1.25,uniform,long,strict,0.2,200.0,40.0,1.0,peripheral,72633.3499625415,237.01912592937896,13.89064016818195,0.0,72382.44019644393,72382.44019644393,335.6915321460056,131.1033441810702,0.0,466.7948763270758,67138.30642920113,5244.133767242809,0.0,0.0,227.62462245318562,296.2739074117237,46.30213389393983,46,4,0.08,1,1,4.0,4.0,0.0,0.0,0.0,0.0,0,0.7678051897254996,0.7678051897254996,0,177,177,1.4777488708496094,25.0,4.0,34.0,True,feasible,nils_complete,322639.51065056387,466.93655803373713,,77.48776961132718,,36.54943004263176,True,feasible_only,0.0,72633.3499625415,True,322639.51065056387,,77.48776961132718,
S0031_R06,3102032,truck_only,S0031,n50_p0.25_d1_uniform_Ehigh_V1.25_Hlong_PWstrict_B0.20,50,0.24,0.25,1,3,high,1.25,uniform,long,strict,0.2,200.0,40.0,1.0,peripheral,134777.96165165232,343.7150074779951,0.0,0.0,134434.24664417433,134434.24664417433,553.848535377031,589.7382406485827,75.0099428248065,1218.5967188504203,110769.7070754062,23589.52962594331,75.0099428248065,0.0,355.0991876624263,429.6437593474938,0.0,50,0,0.0,0,0,0.0,0.0,0.0,0.0,0.0,0.0,0,0.0,0.0,0,0,0,0.044147491455078125,0.0,0.0,0.0,True,feasible,baseline_truck_only,134777.96165165232,429.6437593474938,,,,0.0,True,feasible_only,0.0,134777.96165165232,True,134777.96165165232,,,
S0031_R06,3102032,nils,S0031,n50_p0.25_d1_uniform_Ehigh_V1.25_Hlong_PWstrict_B0.20,50,0.24,0.25,1,3,high,1.25,uniform,long,strict,0.2,200.0,40.0,1.0,peripheral,48574.485114875584,235.91179508380634,14.542088329493039,0.0,48324.031231462286,48324.031231462286,234.9464600297687,33.36848063771366,0.0,268.31494066748235,46989.29200595374,1334.7392255085465,0.0,0.0,201.51473238416258,294.88974385475797,48.4736277649768,47,3,0.06,1,1,3.0,3.0,0.0,0.0,0.0,0.0,0,0.7836465199661018,0.7836465199661018,0,210,210,1.1061384677886963,25.0,4.0,21.0,True,feasible,nils_complete,134777.96165165232,429.6437593474938,,63.959623279938455,,31.36412727078562,True,feasible_only,0.0,48574.485114875584,True,134777.96165165232,,63.959623279938455,
S0031_R07,3102033,truck_only,S0031,n50_p0.25_d1_uniform_Ehigh_V1.25_Hlong_PWstrict_B0.20,50,0.24,0.25,1,3,high,1.25,uniform,long,strict,0.2,200.0,40.0,1.0,peripheral,268243.66615364543,410.4035527119951,0.0,0.0,267833.26260093343,267833.26260093343,1021.8552328592182,1566.4188401582537,805.4624227596273,3393.736495777099,204371.04657184365,62656.75360633015,805.4624227596273,0.0,498.6219129187517,513.0044408899938,0.0,50,0,0.0,0,0,0.0,0.0,0.0,0.0,0.0,0.0,0,0.0,0.0,0,0,0,0.024204254150390625,0.0,0.0,0.0,False,infeasible,baseline_truck_only,268243.66615364543,513.0044408899938,,,,0.0,False,feasible_only,0.0,,False,,,,
S0031_R07,3102033,nils,S0031,n50_p0.25_d1_uniform_Ehigh_V1.25_Hlong_PWstrict_B0.20,50,0.24,0.25,1,3,high,1.25,uniform,long,strict,0.2,200.0,40.0,1.0,peripheral,25635.431641496616,221.2554329853948,14.40645622647273,0.0,25399.76975228475,25399.76975228475,121.7325613854494,26.33143687987176,0.0,148.06399826532117,24346.51227708988,1053.2574751948705,0.0,0.0,184.5689272569567,276.5692912317435,48.021520754909105,47,3,0.06,1,1,3.0,3.0,0.0,0.0,0.0,0.0,0,0.7935944184568661,0.7935944184568661,0,206,206,1.0402297973632812,25.0,6.0,22.0,True,feasible,nils_complete,268243.66615364543,513.0044408899938,,90.44322946778804,,46.08832415720751,True,feasible_only,0.0,25635.431641496616,True,,,,
S0031_R08,3102034,truck_only,S0031,n50_p0.25_d1_uniform_Ehigh_V1.25_Hlong_PWstrict_B0.20,50,0.24,0.25,1,3,high,1.25,uniform,long,strict,0.2,200.0,40.0,1.0,peripheral,134254.55915602215,378.7339651776879,0.0,0.0,133875.82519084445,133875.82519084445,412.91790618014204,1269.3014838596814,520.1846004287713,2202.4039904685947,82583.5812360284,50772.05935438725,520.1846004287713,0.0,446.5144615072299,473.41745647210985,0.0,50,0,0.0,0,0,0.0,0.0,0.0,0.0,0.0,0.0,0,0.0,0.0,0,0,0,0.019115209579467773,0.0,0.0,0.0,True,feasible,baseline_truck_only,134254.55915602215,473.41745647210985,,,,0.0,True,feasible_only,0.0,134254.55915602215,True,134254.55915602215,,,
S0031_R08,3102034,nils,S0031,n50_p0.25_d1_uniform_Ehigh_V1.25_Hlong_PWstrict_B0.20,50,0.24,0.25,1,3,high,1.25,uniform,long,strict,0.2,200.0,40.0,1.0,peripheral,22200.317688299237,223.65622217336625,11.629215751528031,0.0,21965.032250374345,21965.032250374345,95.14632153990839,73.39419855981659,0.0,168.54052009972497,19029.264307981677,2935.7679423926634,0.0,0.0,211.40674539572115,279.5702777167078,38.76405250509343,46,4,0.08,1,1,4.0,4.0,0.0,0.0,0.0,0.0,0,0.6555704232136157,0.6555704232136157,0,183,183,0.9589157104492188,25.0,6.0,28.0,True,feasible,nils_complete,134254.55915602215,473.41745647210985,,83.46401207686405,,40.94635212650255,True,feasible_only,0.0,22200.317688299237,True,134254.55915602215,,83.46401207686405,
S0031_R09,3102035,truck_only,S0031,n50_p0.25_d1_uniform_Ehigh_V1.25_Hlong_PWstrict_B0.20,50,0.24,0.25,1,3,high,1.25,uniform,long,strict,0.2,200.0,40.0,1.0,peripheral,204948.659285056,355.25697914678784,0.0,0.0,204593.4023059092,204593.4023059092,761.8104540373471,1295.3892846708343,415.7401116064501,2472.9398503146317,152362.09080746942,51815.57138683337,415.7401116064501,0.0,414.3528960630615,444.0712239334848,0.0,50,0,0.0,0,0,0.0,0.0,0.0,0.0,0.0,0.0,0,0.0,0.0,0,0,0,0.024263620376586914,0.0,0.0,0.0,True,feasible,baseline_truck_only,204948.659285056,444.0712239334848,,,,0.0,True,feasible_only,0.0,204948.659285056,True,204948.659285056,,,
S0031_R09,3102035,nils,S0031,n50_p0.25_d1_uniform_Ehigh_V1.25_Hlong_PWstrict_B0.20,50,0.24,0.25,1,3,high,1.25,uniform,long,strict,0.2,200.0,40.0,1.0,peripheral,23478.91872386399,228.51974871180616,12.332900978671143,0.0,23238.066074173512,23238.066074173512,99.79868233609844,81.95824017384565,0.0,181.7569225099441,19959.73646721969,3278.329606953826,0.0,0.0,209.14385150829665,285.64968588975773,41.10966992890381,47,3,0.06,1,1,3.0,3.0,0.0,0.0,0.0,0.0,0,0.7117378625510125,0.7117378625510125,0,207,207,1.0674810409545898,25.0,4.0,24.0,True,feasible,nils_complete,204948.659285056,444.0712239334848,,88.54399984573308,,35.674803839002244,True,feasible_only,0.0,23478.91872386399,True,204948.659285056,,88.54399984573308,
S0031_R10,3102036,truck_only,S0031,n50_p0.25_d1_uniform_Ehigh_V1.25_Hlong_PWstrict_B0.20,50,0.24,0.25,1,3,high,1.25,uniform,long,strict,0.2,200.0,40.0,1.0,peripheral,73525.65932393815,336.54419026235905,0.0,0.0,73189.11513367579,73189.11513367579,319.411842738033,232.40409599193953,10.582746391605298,562.3986851215777,63882.368547606595,9296.163839677582,10.582746391605298,0.0,289.6775405492816,420.6802378279489,0.0,50,0,0.0,0,0,0.0,0.0,0.0,0.0,0.0,0.0,0,0.0,0.0,0,0,0,0.02153921127319336,0.0,0.0,0.0,True,feasible,baseline_truck_only,73525.65932393815,420.6802378279489,,,,0.0,True,feasible_only,0.0,73525.65932393815,True,73525.65932393815,,,
S0031_R10,3102036,nils,S0031,n50_p0.25_d1_uniform_Ehigh_V1.25_Hlong_PWstrict_B0.20,50,0.24,0.25,1,3,high,1.25,uniform,long,strict,0.2,200.0,40.0,1.0,peripheral,3717.9573740359383,188.90150896679268,11.785358333310823,0.0,3517.2705067358347,3517.2705067358347,17.586352533679175,0.0,0.0,17.586352533679175,3517.270506735835,0.0,0.0,0.0,174.88862387304036,236.12688620849087,39.28452777770274,47,3,0.06,1,1,3.0,3.0,0.0,0.0,0.0,0.0,0,0.6787938258651867,0.6787938258651867,0,198,198,0.8815648555755615,25.0,4.0,33.0,True,feasible,nils_complete,73525.65932393815,420.6802378279489,,94.943319912773,,43.87022137582256,True,feasible_only,0.0,3717.9573740359383,True,73525.65932393815,,94.943319912773,
S0032_R01,3202027,truck_only,S0032,n50_p0.25_d1_clustered_Ehigh_V2.00_Hshort_PWflat_B0.20,50,0.24,0.25,1,3,high,2.0,clustered,short,flat,0.2,1.0,1.0,1.0,peripheral,3215.0347763066925,170.12104225625382,0.0,0.0,3044.9137340504385,3044.9137340504385,1240.8918955639786,856.913376908097,947.108461578362,3044.9137340504376,1240.8918955639786,856.913376908097,947.108461578362,0.0,414.39167360166323,212.6513028203172,0.0,50,0,0.0,0,0,0.0,0.0,0.0,0.0,0.0,0.0,0,0.0,0.0,0,0,0,0.017360448837280273,0.0,0.0,0.0,True,feasible,baseline_truck_only,3215.0347763066925,212.6513028203172,,,,0.0,True,feasible_only,0.0,3215.0347763066925,True,3215.0347763066925,,,
S0032_R01,3202027,nils,S0032,n50_p0.25_d1_clustered_Ehigh_V2.00_Hshort_PWflat_B0.20,50,0.24,0.25,1,3,high,2.0,clustered,short,flat,0.2,1.0,1.0,1.0,peripheral,319.2874310554101,136.04578310995828,17.760945154547628,0.0,165.48070279090416,165.48070279090416,165.48070279090416,0.0,0.0,165.48070279090416,165.48070279090416,0.0,0.0,0.0,152.27918889591174,170.05722888744782,59.203150515158754,38,12,0.24,1,1,12.0,12.0,0.0,0.0,0.0,0.0,0,0.6102747304097605,0.6102747304097605,0,0,0,3.012758731842041,25.0,19.0,87.0,True,feasible,nils_complete,3215.0347763066925,212.6513028203172,,90.06892760823584,,20.030008454196896,True,feasible_only,0.0,319.2874310554101,True,3215.0347763066925,,90.06892760823584,
S0032_R02,3202028,truck_only,S0032,n50_p0.25_d1_clustered_Ehigh_V2.00_Hshort_PWflat_B0.20,50,0.24,0.25,1,3,high,2.0,clustered,short,flat,0.2,1.0,1.0,1.0,peripheral,3353.378563864209,165.72697090686063,0.0,0.0,3187.6515929573484,3187.6515929573484,1380.7044073795344,1068.877015265215,738.0701703125992,3187.6515929573484,1380.7044073795344,1068.877015265215,738.0701703125992,0.0,401.2857694075202,207.15871363357567,0.0,50,0,0.0,0,0,0.0,0.0,0.0,0.0,0.0,0.0,0,0.0,0.0,0,0,0,0.019477367401123047,0.0,0.0,0.0,True,feasible,baseline_truck_only,3353.378563864209,207.15871363357567,,,,0.0,True,feasible_only,0.0,3353.378563864209,True,3353.378563864209,,,
S0032_R02,3202028,nils,S0032,n50_p0.25_d1_clustered_Ehigh_V2.00_Hshort_PWflat_B0.20,50,0.24,0.25,1,3,high,2.0,clustered,short,flat,0.2,1.0,1.0,1.0,peripheral,282.4955898226988,91.86461061933511,15.878924001361389,0.0,174.75205520200228,174.75205520200228,174.75205520200228,0.0,0.0,174.75205520200228,174.75205520200228,0.0,0.0,0.0,164.7765647701445,114.83076327416893,52.92974667120463,38,12,0.24,1,1,12.0,12.0,0.0,0.0,0.0,0.0,0,0.5422332006420919,0.5422332006420919,0,0,0,2.9818408489227295,25.0,12.0,87.0,True,feasible,nils_complete,3353.378563864209,207.15871363357567,,91.57579186355956,,44.56870229592047,True,feasible_only,0.0,282.4955898226988,True,3353.378563864209,,91.57579186355956,
S0032_R03,3202029,truck_only,S0032,n50_p0.25_d1_clustered_Ehigh_V2.00_Hshort_PWflat_B0.20,50,0.24,0.25,1,3,high,2.0,clustered,short,flat,0.2,1.0,1.0,1.0,peripheral,4760.262775974564,181.18135081743347,0.0,0.0,4579.08142515713,4579.08142515713,1944.957921007377,1971.7471451193967,662.3763590303558,4579.08142515713,1944.957921007377,1971.7471451193967,662.3763590303558,0.0,435.8698402074458,226.47668852179189,0.0,50,0,0.0,0,0,0.0,0.0,0.0,0.0,0.0,0.0,0,0.0,0.0,0,0,0,0.024185895919799805,0.0,0.0,0.0,True,feasible,baseline_truck_only,4760.262775974564,226.47668852179189,,,,0.0,True,feasible_only,0.0,4760.262775974564,True,4760.262775974564,,,
S0032_R03,3202029,nils,S0032,n50_p0.25_d1_clustered_Ehigh_V2.00_Hshort_PWflat_B0.20,50,0.24,0.25,1,3,high,2.0,clustered,short,flat,0.2,1.0,1.0,1.0,peripheral,360.85989907008,141.2194729339697,18.743161154771688,0.0,200.89726498133865,200.89726498133865,198.8280526536223,2.0692123277163574,0.0,200.89726498133865,198.8280526536223,2.0692123277163574,0.0,0.0,160.91297863489442,176.52434116746207,62.47720384923896,38,12,0.24,1,1,12.0,12.0,0.0,0.0,0.0,0.0,0,0.6469970432607594,0.6469970432607594,0,0,0,3.023500680923462,25.0,19.0,87.0,True,feasible,nils_complete,4760.262775974564,226.47668852179189,,92.4193281746678,,22.05628653455136,True,feasible_only,0.0,360.85989907008,True,4760.262775974564,,92.4193281746678,
S0032_R04,3202030,truck_only,S0032,n50_p0.25_d1_clustered_Ehigh_V2.00_Hshort_PWflat_B0.20,50,0.24,0.25,1,3,high,2.0,clustered,short,flat,0.2,1.0,1.0,1.0,peripheral,3541.320213168443,168.21063438088703,0.0,0.0,3373.109578787556,3373.109578787556,1153.783354249409,1708.0439311302694,511.2822934078772,3373.1095787875556,1153.783354249409,1708.0439311302694,511.2822934078772,0.0,408.6174828756041,210.2632929761088,0.0,50,0,0.0,0,0,0.0,0.0,0.0,0.0,0.0,0.0,0,0.0,0.0,0,0,0,0.0187532901763916,0.0,0.0,0.0,True,feasible,baseline_truck_only,3541.320213168443,210.2632929761088,,,,0.0,True,feasible_only,0.0,3541.320213168443,True,3541.320213168443,,,
S0032_R04,3202030,nils,S0032,n50_p0.25_d1_clustered_Ehigh_V2.00_Hshort_PWflat_B0.20,50,0.24,0.25,1,3,high,2.0,clustered,short,flat,0.2,1.0,1.0,1.0,peripheral,177.2254192826666,62.07931808508431,18.29589180057749,0.0,96.85020939700479,96.85020939700479,94.45902412135231,2.391185275652461,0.0,96.85020939700478,94.45902412135231,2.391185275652461,0.0,0.0,168.78075600027157,77.59914760635539,60.98630600192496,38,12,0.24,1,1,12.0,12.0,0.0,0.0,0.0,0.0,0,0.6225795014373734,0.6225795014373734,0,0,0,2.557344675064087,22.0,12.0,87.0,True,feasible,nils_complete,3541.320213168443,210.2632929761088,,94.99549861027388,,63.09429643757524,True,feasible_only,0.0,177.2254192826666,True,3541.320213168443,,94.99549861027388,
S0032_R05,3202031,truck_only,S0032,n50_p0.25_d1_clustered_Ehigh_V2.00_Hshort_PWflat_B0.20,50,0.24,0.25,1,3,high,2.0,clustered,short,flat,0.2,1.0,1.0,1.0,peripheral,6882.904928853408,210.46900337884892,0.0,0.0,6672.435925474559,6672.435925474559,2132.210483291977,3738.747897332741,801.4775448498411,6672.43592547456,2132.210483291977,3738.747897332741,801.4775448498411,0.0,501.2414893274691,263.086254223561,0.0,50,0,0.0,0,0,0.0,0.0,0.0,0.0,0.0,0.0,0,0.0,0.0,0,0,0,0.024321794509887695,0.0,0.0,0.0,False,infeasible,baseline_truck_only,6882.904928853408,263.086254223561,,,,0.0,False,feasible_only,0.0,,False,,,,
S0032_R05,3202031,nils,S0032,n50_p0.25_d1_clustered_Ehigh_V2.00_Hshort_PWflat_B0.20,50,0.24,0.25,1,3,high,2.0,clustered,short,flat,0.2,1.0,1.0,1.0,peripheral,6882.904928853408,210.46900337884892,0.0,0.0,6672.435925474559,6672.435925474559,2132.210483291977,3738.747897332741,801.4775448498411,6672.43592547456,2132.210483291977,3738.747897332741,801.4775448498411,0.0,501.2414893274691,263.086254223561,0.0,50,0,0.0,0,0,0.0,0.0,0.0,0.0,0.0,0.0,0,0.0,0.0,0,0,0,0.6500563621520996,25.0,0.0,0.0,False,infeasible,nils_complete,6882.904928853408,263.086254223561,,0.0,,0.0,False,feasible_only,0.0,,False,,,,
S0032_R06,3202032,truck_only,S0032,n50_p0.25_d1_clustered_Ehigh_V2.00_Hshort_PWflat_B0.20,50,0.24,0.25,1,3,high,2.0,clustered,short,flat,0.2,1.0,1.0,1.0,peripheral,4668.266129338778,164.86766041223237,0.0,0.0,4503.398468926546,4503.398468926546,1338.446590288571,2819.1665327784817,345.7853458594942,4503.398468926547,1338.446590288571,2819.1665327784817,345.7853458594942,0.0,403.9930287676718,206.08457551529034,0.0,50,0,0.0,0,0,0.0,0.0,0.0,0.0,0.0,0.0,0,0.0,0.0,0,0,0,0.020720243453979492,0.0,0.0,0.0,True,feasible,baseline_truck_only,4668.266129338778,206.08457551529034,,,,0.0,True,feasible_only,0.0,4668.266129338778,True,4668.266129338778,,,
S0032_R06,3202032,nils,S0032,n50_p0.25_d1_clustered_Ehigh_V2.00_Hshort_PWflat_B0.20,50,0.24,0.25,1,3,high,2.0,clustered,short,flat,0.2,1.0,1.0,1.0,peripheral,229.90777600211302,131.26795212527134,16.79589225255606,0.0,81.84393162428563,81.84393162428563,81.84393162428563,0.0,0.0,81.84393162428563,81.84393162428563,0.0,0.0,0.0,140.59961673581608,164.08494015658914,55.98630750852021,38,12,0.24,1,1,12.0,12.0,0.0,0.0,0.0,0.0,0,0.5776828786380072,0.5776828786380072,0,0,0,3.170506238937378,25.0,18.0,87.0,True,feasible,nils_complete,4668.266129338778,206.08457551529034,,95.07509277251343,,20.37980535597389,True,feasible_only,0.0,229.90777600211302,True,4668.266129338778,,95.07509277251343,
S0032_R07,3202033,truck_only,S0032,n50_p0.25_d1_clustered_Ehigh_V2.00_Hshort_PWflat_B0.20,50,0.24,0.25,1,3,high,2.0,clustered,short,flat,0.2,1.0,1.0,1.0,peripheral,3716.347799403064,163.34249547217541,0.0,0.0,3553.0053039308887,3553.0053039308887,1353.5676318263152,1759.3134384906018,440.12423361397214,3553.005303930889,1353.5676318263152,1759.3134384906018,440.12423361397214,0.0,395.5363714210131,204.1781193402192,0.0,50,0,0.0,0,0,0.0,0.0,0.0,0.0,0.0,0.0,0,0.0,0.0,0,0,0,0.021717071533203125,0.0,0.0,0.0,True,feasible,baseline_truck_only,3716.347799403064,204.1781193402192,,,,0.0,True,feasible_only,0.0,3716.347799403064,True,3716.347799403064,,,
S0032_R07,3202033,nils,S0032,n50_p0.25_d1_clustered_Ehigh_V2.00_Hshort_PWflat_B0.20,50,0.24,0.25,1,3,high,2.0,clustered,short,flat,0.2,1.0,1.0,1.0,peripheral,261.5725925534963,65.6291148436307,14.748959342261319,0.0,181.19451836760425,181.19451836760425,160.1342601249281,21.06025824267614,0.0,181.19451836760425,160.1342601249281,21.06025824267614,0.0,0.0,175.87790455537166,82.03639355453838,49.163197807537735,38,12,0.24,1,1,12.0,12.0,0.0,0.0,0.0,0.0,0,0.5049002727153333,0.5049002727153333,0,0,0,3.2140443325042725,25.0,12.0,87.0,True,feasible,nils_complete,3716.347799403064,204.1781193402192,,92.96156854330181,,59.821163100321115,True,feasible_only,0.0,261.5725925534963,True,3716.347799403064,,92.96156854330181,
S0032_R08,3202034,truck_only,S0032,n50_p0.25_d1_clustered_Ehigh_V2.00_Hshort_PWflat_B0.20,50,0.24,0.25,1,3,high,2.0,clustered,short,flat,0.2,1.0,1.0,1.0,peripheral,4119.215638651319,167.92359113269256,0.0,0.0,3951.292047518626,3951.292047518626,1600.9140652142773,1853.838264285782,496.53971801856676,3951.292047518626,1600.9140652142773,1853.838264285782,496.53971801856676,0.0,409.5853999471799,209.9044889158657,0.0,50,0,0.0,0,0,0.0,0.0,0.0,0.0,0.0,0.0,0,0.0,0.0,0,0,0,0.019384145736694336,0.0,0.0,0.0,True,feasible,baseline_truck_only,4119.215638651319,209.9044889158657,,,,0.0,True,feasible_only,0.0,4119.215638651319,True,4119.215638651319,,,
S0032_R08,3202034,nils,S0032,n50_p0.25_d1_clustered_Ehigh_V2.00_Hshort_PWflat_B0.20,50,0.24,0.25,1,3,high,2.0,clustered,short,flat,0.2,1.0,1.0,1.0,peripheral,256.5398860365064,65.28440291210828,17.442889811351833,0.0,173.81259331304628,173.81259331304628,155.68154784288737,18.13104547015891,0.0,173.81259331304628,155.68154784288737,18.13104547015891,0.0,0.0,177.09357134021263,81.60550364013534,58.14296603783944,38,12,0.24,1,1,12.0,12.0,0.0,0.0,0.0,0.0,0,0.5944287848897617,0.5944287848897617,0,0,0,2.5971415042877197,22.0,12.0,87.0,True,feasible,nils_complete,4119.215638651319,209.9044889158657,,93.77211807924432,,61.12255432858103,True,feasible_only,0.0,256.5398860365064,True,4119.215638651319,,93.77211807924432,
S0032_R09,3202035,truck_only,S0032,n50_p0.25_d1_clustered_Ehigh_V2.00_Hshort_PWflat_B0.20,50,0.24,0.25,1,3,high,2.0,clustered,short,flat,0.2,1.0,1.0,1.0,peripheral,3520.206632578369,161.5728246171326,0.0,0.0,3358.6338079612365,3358.6338079612365,1426.5355914446127,1055.1695294598503,876.9286870567736,3358.6338079612365,1426.5355914446127,1055.1695294598503,876.9286870567736,0.0,397.3921617756235,201.9660307714158,0.0,50,0,0.0,0,0,0.0,0.0,0.0,0.0,0.0,0.0,0,0.0,0.0,0,0,0,0.018071413040161133,0.0,0.0,0.0,True,feasible,baseline_truck_only,3520.206632578369,201.9660307714158,,,,0.0,True,feasible_only,0.0,3520.206632578369,True,3520.206632578369,,,
S0032_R09,3202035,nils,S0032,n50_p0.25_d1_clustered_Ehigh_V2.00_Hshort_PWflat_B0.20,50,0.24,0.25,1,3,high,2.0,clustered,short,flat,0.2,1.0,1.0,1.0,peripheral,248.59382640472248,126.95890755076508,17.98243146676688,0.0,103.65248738719052,103.65248738719052,103.65248738719052,0.0,0.0,103.65248738719052,103.65248738719052,0.0,0.0,0.0,143.69113217872504,158.6986344384563,59.941438222556265,38,12,0.24,1,1,12.0,12.0,0.0,0.0,0.0,0.0,0,0.6160473330105438,0.6160473330105438,0,0,0,3.0989902019500732,25.0,17.0,87.0,True,feasible,nils_complete,3520.206632578369,201.9660307714158,,92.93808993756026,,21.423105740949737,True,feasible_only,0.0,248.59382640472248,True,3520.206632578369,,92.93808993756026,
S0032_R10,3202036,truck_only,S0032,n50_p0.25_d1_clustered_Ehigh_V2.00_Hshort_PWflat_B0.20,50,0.24,0.25,1,3,high,2.0,clustered,short,flat,0.2,1.0,1.0,1.0,peripheral,3317.7627739290256,157.07919568840003,0.0,0.0,3160.6835782406256,3160.6835782406256,1594.3474174205014,936.6612630161485,629.6748978039759,3160.683578240626,1594.3474174205014,936.6612630161485,629.6748978039759,0.0,385.36900523839705,196.34899461049997,0.0,50,0,0.0,0,0,0.0,0.0,0.0,0.0,0.0,0.0,0,0.0,0.0,0,0,0,0.020010948181152344,0.0,0.0,0.0,True,feasible,baseline_truck_only,3317.7627739290256,196.34899461049997,,,,0.0,True,feasible_only,0.0,3317.7627739290256,True,3317.7627739290256,,,
S0032_R10,3202036,nils,S0032,n50_p0.25_d1_clustered_Ehigh_V2.00_Hshort_PWflat_B0.20,50,0.24,0.25,1,3,high,2.0,clustered,short,flat,0.2,1.0,1.0,1.0,peripheral,159.6627924575555,126.96859548805008,16.104027615191047,0.0,16.590169354314355,16.590169354314355,16.590169354314355,0.0,0.0,16.590169354314355,16.590169354314355,0.0,0.0,0.0,147.683836258439,158.71074436006256,53.68009205063682,38,12,0.24,1,1,12.0,12.0,0.0,0.0,0.0,0.0,0,0.5495652795847629,0.5495652795847629,0,0,0,3.130733013153076,25.0,16.0,87.0,True,feasible,nils_complete,3317.7627739290256,196.34899461049997,,95.18763687047834,,19.169056773171103,True,feasible_only,0.0,159.6627924575555,True,3317.7627739290256,,95.18763687047834,
S0033_R01,3302027,truck_only,S0033,n50_p0.25_d1_clustered_Ehigh_V2.00_Hshort_PWbase_B0.20,50,0.24,0.25,1,3,high,2.0,clustered,short,base,0.2,100.0,20.0,1.0,peripheral,129507.29373456238,161.62157135316627,0.0,0.0,129345.67216320921,129345.67216320921,974.8208372152445,1558.902418568964,685.5400703054727,3219.263326089681,97482.08372152445,31178.048371379282,685.5400703054727,0.0,396.6525412195252,202.02696419145784,0.0,50,0,0.0,0,0,0.0,0.0,0.0,0.0,0.0,0.0,0,0.0,0.0,0,0,0,0.024817705154418945,0.0,0.0,0.0,True,feasible,baseline_truck_only,129507.29373456238,202.02696419145784,,,,0.0,True,feasible_only,0.0,129507.29373456238,True,129507.29373456238,,,
S0033_R01,3302027,nils,S0033,n50_p0.25_d1_clustered_Ehigh_V2.00_Hshort_PWbase_B0.20,50,0.24,0.25,1,3,high,2.0,clustered,short,base,0.2,100.0,20.0,1.0,peripheral,3575.870171891592,121.48895992416377,20.248261181138602,0.0,3434.1329507862893,3434.1329507862893,34.341329507862895,0.0,0.0,34.341329507862895,3434.1329507862893,0.0,0.0,0.0,139.98573453297323,151.86119990520467,67.49420393712866,38,12,0.24,1,1,12.0,12.0,0.0,0.0,0.0,0.0,0,0.7018515846686817,0.7018515846686817,0,0,0,3.307727336883545,25.0,13.0,87.0,True,feasible,nils_complete,129507.29373456238,202.02696419145784,,97.23886580533396,,24.831222152460718,True,feasible_only,0.0,3575.870171891592,True,129507.29373456238,,97.23886580533396,
S0033_R02,3302028,truck_only,S0033,n50_p0.25_d1_clustered_Ehigh_V2.00_Hshort_PWbase_B0.20,50,0.24,0.25,1,3,high,2.0,clustered,short,base,0.2,100.0,20.0,1.0,peripheral,229218.66494499787,171.61074609288903,0.0,0.0,229047.05419890498,229047.05419890498,2050.51951525334,1169.6429872361837,602.2429288472636,3822.4054313367874,205051.951525334,23392.859744723675,602.2429288472636,0.0,417.3472155789016,214.5134326161113,0.0,50,0,0.0,0,0,0.0,0.0,0.0,0.0,0.0,0.0,0,0.0,0.0,0,0,0,0.02266979217529297,0.0,0.0,0.0,True,feasible,baseline_truck_only,229218.66494499787,214.5134326161113,,,,0.0,True,feasible_only,0.0,229218.66494499787,True,229218.66494499787,,,
S0033_R02,3302028,nils,S0033,n50_p0.25_d1_clustered_Ehigh_V2.00_Hshort_PWbase_B0.20,50,0.24,0.25,1,3,high,2.0,clustered,short,base,0.2,100.0,20.0,1.0,peripheral,18724.522705587282,148.7945037874353,18.547006259588912,0.0,18557.18119554026,18557.18119554026,185.5718119554026,0.0,0.0,185.5718119554026,18557.18119554026,0.0,0.0,0.0,167.77450144518392,185.99312973429414,61.82335419862972,38,12,0.24,1,1,12.0,12.0,0.0,0.0,0.0,0.0,0,0.6350781762404764,0.6350781762404764,0,0,0,2.791452646255493,25.0,19.0,87.0,True,feasible,nils_complete,229218.66494499787,214.5134326161113,,91.83115270735902,,13.295345906312765,True,feasible_only,0.0,18724.522705587282,True,229218.66494499787,,91.83115270735902,
S0033_R03,3302029,truck_only,S0033,n50_p0.25_d1_clustered_Ehigh_V2.00_Hshort_PWbase_B0.20,50,0.24,0.25,1,3,high,2.0,clustered,short,base,0.2,100.0,20.0,1.0,peripheral,161227.58452112583,158.7334566870154,0.0,0.0,161068.85106443882,161068.85106443882,1456.430500708695,743.4467287896078,556.8664177771975,2756.7436472755003,145643.0500708695,14868.934575792156,556.8664177771975,0.0,391.39508867505305,198.4168208587693,0.0,50,0,0.0,0,0,0.0,0.0,0.0,0.0,0.0,0.0,0,0.0,0.0,0,0,0,0.022440195083618164,0.0,0.0,0.0,True,feasible,baseline_truck_only,161227.58452112583,198.4168208587693,,,,0.0,True,feasible_only,0.0,161227.58452112583,True,161227.58452112583,,,
S0033_R03,3302029,nils,S0033,n50_p0.25_d1_clustered_Ehigh_V2.00_Hshort_PWbase_B0.20,50,0.24,0.25,1,3,high,2.0,clustered,short,base,0.2,100.0,20.0,1.0,peripheral,7810.615229297244,128.1006409433744,13.407737234668964,0.0,7669.106851119201,7669.106851119201,76.69106851119201,0.0,0.0,76.69106851119201,7669.106851119202,0.0,0.0,0.0,144.99932020943746,160.125801179218,44.69245744889655,38,12,0.24,1,1,12.0,12.0,0.0,0.0,0.0,0.0,0,0.4587825596809402,0.4587825596809402,0,0,0,3.073421001434326,25.0,17.0,87.0,True,feasible,nils_complete,161227.58452112583,198.4168208587693,,95.15553417704784,,19.29827295580267,True,feasible_only,0.0,7810.615229297244,True,161227.58452112583,,95.15553417704784,
S0033_R04,3302030,truck_only,S0033,n50_p0.25_d1_clustered_Ehigh_V2.00_Hshort_PWbase_B0.20,50,0.24,0.25,1,3,high,2.0,clustered,short,base,0.2,100.0,20.0,1.0,peripheral,126602.0281851147,172.01486647365581,0.0,0.0,126430.01331864104,126430.01331864104,988.6363688675216,1334.2963973634346,880.4484846201597,3203.3812508511155,98863.63688675215,26685.92794726869,880.4484846201597,0.0,421.8093095699467,215.0185830920697,0.0,50,0,0.0,0,0,0.0,0.0,0.0,0.0,0.0,0.0,0,0.0,0.0,0,0,0,0.027830839157104492,0.0,0.0,0.0,True,feasible,baseline_truck_only,126602.0281851147,215.0185830920697,,,,0.0,True,feasible_only,0.0,126602.0281851147,True,126602.0281851147,,,
S0033_R04,3302030,nils,S0033,n50_p0.25_d1_clustered_Ehigh_V2.00_Hshort_PWbase_B0.20,50,0.24,0.25,1,3,high,2.0,clustered,short,base,0.2,100.0,20.0,1.0,peripheral,3967.337491790393,125.83675007389404,19.340821680766986,0.0,3822.159920035732,3822.159920035732,38.22159920035732,0.0,0.0,38.22159920035732,3822.159920035732,0.0,0.0,0.0,148.48703173133816,157.29593759236755,64.46940560255663,38,12,0.24,1,1,12.0,12.0,0.0,0.0,0.0,0.0,0,0.6690271784498882,0.6690271784498882,0,0,0,3.2576136589050293,25.0,17.0,87.0,True,feasible,nils_complete,126602.0281851147,215.0185830920697,,96.86629231090245,,26.845421762911368,True,feasible_only,0.0,3967.337491790393,True,126602.0281851147,,96.86629231090245,
S0033_R05,3302031,truck_only,S0033,n50_p0.25_d1_clustered_Ehigh_V2.00_Hshort_PWbase_B0.20,50,0.24,0.25,1,3,high,2.0,clustered,short,base,0.2,100.0,20.0,1.0,peripheral,110606.4639248283,150.64716798550185,0.0,0.0,110455.8167568428,110455.8167568428,933.8534357400458,823.6751390569161,596.9704016998758,2354.4989764968377,93385.34357400458,16473.502781138322,596.9704016998758,0.0,372.03404950255475,188.30895998187734,0.0,50,0,0.0,0,0,0.0,0.0,0.0,0.0,0.0,0.0,0,0.0,0.0,0,0,0,0.019197940826416016,0.0,0.0,0.0,True,feasible,baseline_truck_only,110606.4639248283,188.30895998187734,,,,0.0,True,feasible_only,0.0,110606.4639248283,True,110606.4639248283,,,
S0033_R05,3302031,nils,S0033,n50_p0.25_d1_clustered_Ehigh_V2.00_Hshort_PWbase_B0.20,50,0.24,0.25,1,3,high,2.0,clustered,short,base,0.2,100.0,20.0,1.0,peripheral,2364.0933967844726,127.5786402773161,17.82877953286983,0.0,2218.685976974287,2218.685976974287,22.186859769742867,0.0,0.0,22.186859769742867,2218.685976974287,0.0,0.0,0.0,144.23752502933831,159.47330034664515,59.42926510956612,38,12,0.24,1,1,12.0,12.0,0.0,0.0,0.0,0.0,0,0.6127970239848359,0.6127970239848359,0,0,0,3.0838286876678467,25.0,12.0,87.0,True,feasible,nils_complete,110606.4639248283,188.30895998187734,,97.86260828445687,,15.312951459137848,True,feasible_only,0.0,2364.0933967844726,True,110606.4639248283,,97.86260828445687,
S0033_R06,3302032,truck_only,S0033,n50_p0.25_d1_clustered_Ehigh_V2.00_Hshort_PWbase_B0.20,50,0.24,0.25,1,3,high,2.0,clustered,short,base,0.2,100.0,20.0,1.0,peripheral,138555.84526559414,176.32934982658168,0.0,0.0,138379.51591576755,138379.51591576755,904.7983175744896,2353.954273759552,820.5986831275455,4079.351274461587,90479.83175744896,47079.08547519104,820.5986831275455,0.0,424.02949650827054,220.41168728322708,0.0,50,0,0.0,0,0,0.0,0.0,0.0,0.0,0.0,0.0,0,0.0,0.0,0,0,0,0.020190715789794922,0.0,0.0,0.0,True,feasible,baseline_truck_only,138555.84526559414,220.41168728322708,,,,0.0,True,feasible_only,0.0,138555.84526559414,True,138555.84526559414,,,
S0033_R06,3302032,nils,S0033,n50_p0.25_d1_clustered_Ehigh_V2.00_Hshort_PWbase_B0.20,50,0.24,0.25,1,3,high,2.0,clustered,short,base,0.2,100.0,20.0,1.0,peripheral,8945.66598370567,134.39276782807556,18.70208742249377,0.0,8792.571128455102,8792.571128455102,87.92571128455101,0.0,0.0,87.92571128455101,8792.571128455102,0.0,0.0,0.0,144.1380448768062,167.99095978509442,62.34029140831258,38,12,0.24,1,1,12.0,12.0,0.0,0.0,0.0,0.0,0,0.6421055273167365,0.6421055273167365,0,0,0,2.8183953762054443,25.0,19.0,87.0,True,feasible,nils_complete,138555.84526559414,220.41168728322708,,93.54363869199604,,23.783097958309483,True,feasible_only,0.0,8945.66598370567,True,138555.84526559414,,93.54363869199604,
S0033_R07,3302033,truck_only,S0033,n50_p0.25_d1_clustered_Ehigh_V2.00_Hshort_PWbase_B0.20,50,0.24,0.25,1,3,high,2.0,clustered,short,base,0.2,100.0,20.0,1.0,peripheral,99112.62431001606,156.570307935347,0.0,0.0,98956.05400208072,98956.05400208072,759.2346992326884,1117.921494118813,674.1541964356296,2551.310389787131,75923.46992326884,22358.42988237626,674.1541964356296,0.0,384.5417440063279,195.71288491918367,0.0,50,0,0.0,0,0,0.0,0.0,0.0,0.0,0.0,0.0,0,0.0,0.0,0,0,0,0.028744220733642578,0.0,0.0,0.0,True,feasible,baseline_truck_only,99112.62431001606,195.71288491918367,,,,0.0,True,feasible_only,0.0,99112.62431001606,True,99112.62431001606,,,
S0033_R07,3302033,nils,S0033,n50_p0.25_d1_clustered_Ehigh_V2.00_Hshort_PWbase_B0.20,50,0.24,0.25,1,3,high,2.0,clustered,short,base,0.2,100.0,20.0,1.0,peripheral,2690.2155311569813,132.43127372904675,15.243967531585572,0.0,2542.540289896349,2542.540289896349,25.42540289896349,0.0,0.0,25.42540289896349,2542.540289896349,0.0,0.0,0.0,149.2583711173168,165.53909216130847,50.81322510528523,38,12,0.24,1,1,12.0,12.0,0.0,0.0,0.0,0.0,0,0.5129011089449248,0.5129011089449248,0,0,0,3.406989812850952,25.0,15.0,87.0,True,feasible,nils_complete,99112.62431001606,195.71288491918367,,97.28569841643764,,15.417376720155625,True,feasible_only,0.0,2690.2155311569813,True,99112.62431001606,,97.28569841643764,
S0033_R08,3302034,truck_only,S0033,n50_p0.25_d1_clustered_Ehigh_V2.00_Hshort_PWbase_B0.20,50,0.24,0.25,1,3,high,2.0,clustered,short,base,0.2,100.0,20.0,1.0,peripheral,174875.67032988486,161.44338857860805,0.0,0.0,174714.22694130626,174714.22694130626,1533.317607670061,1034.690801447941,688.6501453413528,3256.6585544593554,153331.7607670061,20693.816028958823,688.6501453413528,0.0,393.7828441857156,201.80423572326004,0.0,50,0,0.0,0,0,0.0,0.0,0.0,0.0,0.0,0.0,0,0.0,0.0,0,0,0,0.021576881408691406,0.0,0.0,0.0,True,feasible,baseline_truck_only,174875.67032988486,201.80423572326004,,,,0.0,True,feasible_only,0.0,174875.67032988486,True,174875.67032988486,,,
S0033_R08,3302034,nils,S0033,n50_p0.25_d1_clustered_Ehigh_V2.00_Hshort_PWbase_B0.20,50,0.24,0.25,1,3,high,2.0,clustered,short,base,0.2,100.0,20.0,1.0,peripheral,15422.008274911683,129.73113279483556,17.488338882866287,0.0,15274.788803233982,15274.788803233982,152.7478880323398,0.0,0.0,152.7478880323398,15274.78880323398,0.0,0.0,0.0,145.85743795165592,162.1639159935445,58.294462942887634,38,12,0.24,1,1,12.0,12.0,0.0,0.0,0.0,0.0,0,0.603838719723572,0.603838719723572,0,0,0,3.372971773147583,25.0,19.0,87.0,True,feasible,nils_complete,174875.67032988486,201.80423572326004,,91.1811584505611,,19.64295723905194,True,feasible_only,0.0,15422.008274911683,True,174875.67032988486,,91.1811584505611,
S0033_R09,3302035,truck_only,S0033,n50_p0.25_d1_clustered_Ehigh_V2.00_Hshort_PWbase_B0.20,50,0.24,0.25,1,3,high,2.0,clustered,short,base,0.2,100.0,20.0,1.0,peripheral,235369.71218478619,176.84494469253002,0.0,0.0,235192.86724009365,235192.86724009365,2039.59841849106,1530.325926161471,626.5068677582333,4196.431212410765,203959.84184910601,30606.51852322942,626.5068677582333,0.0,426.5308773659078,221.0561808656626,0.0,50,0,0.0,0,0,0.0,0.0,0.0,0.0,0.0,0.0,0,0.0,0.0,0,0,0,0.02147078514099121,0.0,0.0,0.0,True,feasible,baseline_truck_only,235369.71218478619,221.0561808656626,,,,0.0,True,feasible_only,0.0,235369.71218478619,True,235369.71218478619,,,
S0033_R09,3302035,nils,S0033,n50_p0.25_d1_clustered_Ehigh_V2.00_Hshort_PWbase_B0.20,50,0.24,0.25,1,3,high,2.0,clustered,short,base,0.2,100.0,20.0,1.0,peripheral,13512.749651523802,137.3997930808477,16.447213789835605,0.0,13358.902644653119,13358.902644653119,133.5890264465312,0.0,0.0,133.5890264465312,13358.902644653119,0.0,0.0,0.0,153.97355916952486,171.74974135105967,54.82404596611869,38,12,0.24,1,1,12.0,12.0,0.0,0.0,0.0,0.0,0,0.5630542993638455,0.5630542993638455,0,0,0,2.8865489959716797,25.0,19.0,87.0,True,feasible,nils_complete,235369.71218478619,221.0561808656626,,94.25892587194265,,22.304935931453016,True,feasible_only,0.0,13512.749651523802,True,235369.71218478619,,94.25892587194265,
S0033_R10,3302036,truck_only,S0033,n50_p0.25_d1_clustered_Ehigh_V2.00_Hshort_PWbase_B0.20,50,0.24,0.25,1,3,high,2.0,clustered,short,base,0.2,100.0,20.0,1.0,peripheral,112384.14720067331,164.92100291688465,0.0,0.0,112219.22619775642,112219.22619775642,835.2170505369519,1403.24324366495,632.6562707622304,2871.1165649641325,83521.70505369519,28064.864873298997,632.6562707622304,0.0,400.47459759533956,206.15125364610574,0.0,50,0,0.0,0,0,0.0,0.0,0.0,0.0,0.0,0.0,0,0.0,0.0,0,0,0,0.029333829879760742,0.0,0.0,0.0,True,feasible,baseline_truck_only,112384.14720067331,206.15125364610574,,,,0.0,True,feasible_only,0.0,112384.14720067331,True,112384.14720067331,,,
S0033_R10,3302036,nils,S0033,n50_p0.25_d1_clustered_Ehigh_V2.00_Hshort_PWbase_B0.20,50,0.24,0.25,1,3,high,2.0,clustered,short,base,0.2,100.0,20.0,1.0,peripheral,5299.89876689096,125.5898972989587,17.84344659340226,0.0,5156.465422998599,5156.465422998599,51.56465422998599,0.0,0.0,51.56465422998599,5156.465422998599,0.0,0.0,0.0,140.38585002399032,156.98737162369838,59.478155311340856,38,12,0.24,1,1,12.0,12.0,0.0,0.0,0.0,0.0,0,0.6125501869858028,0.6125501869858028,0,0,0,3.111670970916748,25.0,17.0,87.0,False,infeasible,nils_complete,112384.14720067331,206.15125364610574,,95.28412245062691,,23.84845163580992,False,feasible_only,0.0,,False,112384.14720067331,,,
S0034_R01,3402027,truck_only,S0034,n50_p0.75_d1_uniform_Elow_V1.25_Hshort_PWstrict_B0.20,50,0.76,0.75,1,3,low,1.25,uniform,short,strict,0.2,200.0,40.0,1.0,peripheral,112587.10554514454,355.8496415981056,0.0,0.0,112231.25590354644,112231.25590354644,404.44164619579874,782.7432370744041,33.19718141051766,1220.3820646807205,80888.32923915975,31309.729482976163,33.19718141051766,0.0,316.80818767413024,444.81205199763207,0.0,50,0,0.0,0,0,0.0,0.0,0.0,0.0,0.0,0.0,0,0.0,0.0,0,0,0,0.02099895477294922,0.0,0.0,0.0,True,feasible,baseline_truck_only,112587.10554514454,444.81205199763207,,,,0.0,True,feasible_only,0.0,112587.10554514454,True,112587.10554514454,,,
S0034_R01,3402027,nils,S0034,n50_p0.75_d1_uniform_Elow_V1.25_Hshort_PWstrict_B0.20,50,0.76,0.75,1,3,low,1.25,uniform,short,strict,0.2,200.0,40.0,1.0,peripheral,43141.676628856934,220.6393765291382,7.3580808089051,0.0,42913.67917151889,42913.67917151889,204.86403233815807,48.52181759718192,0.0,253.38584993534,40972.80646763161,1940.8727038872769,0.0,0.0,185.05729369108263,275.79922066142274,24.526936029683668,45,5,0.1,1,1,5.0,5.0,0.0,0.0,0.0,0.0,0,0.7569567233328455,0.7569567233328455,0,582,582,0.779456615447998,19.0,5.0,62.0,True,feasible,nils_complete,112587.10554514454,444.81205199763207,,61.68151191029755,,37.996459533229796,True,feasible_only,0.0,43141.676628856934,True,112587.10554514454,,61.68151191029755,
S0034_R02,3402028,truck_only,S0034,n50_p0.75_d1_uniform_Elow_V1.25_Hshort_PWstrict_B0.20,50,0.76,0.75,1,3,low,1.25,uniform,short,strict,0.2,200.0,40.0,1.0,peripheral,172003.7186828413,390.23124830384904,0.0,0.0,171613.48743453747,171613.48743453747,755.1569667310996,507.76550752772437,271.47378720858944,1534.3962614674133,151031.3933462199,20310.620301108975,271.47378720858944,0.0,399.4167563857186,487.78906037981125,0.0,50,0,0.0,0,0,0.0,0.0,0.0,0.0,0.0,0.0,0,0.0,0.0,0,0,0,0.02967095375061035,0.0,0.0,0.0,True,feasible,baseline_truck_only,172003.7186828413,487.78906037981125,,,,0.0,True,feasible_only,0.0,172003.7186828413,True,172003.7186828413,,,
S0034_R02,3402028,nils,S0034,n50_p0.75_d1_uniform_Elow_V1.25_Hshort_PWstrict_B0.20,50,0.76,0.75,1,3,low,1.25,uniform,short,strict,0.2,200.0,40.0,1.0,peripheral,94966.25869420743,219.30005382213542,6.945885003072593,0.0,94740.01275538222,94740.01275538222,467.98043209059153,28.598158431597554,0.0,496.5785905221891,93596.08641811831,1143.926337263902,0.0,0.0,210.9885571418007,274.12506727766936,23.15295001024198,44,6,0.12,1,1,6.0,6.0,0.0,0.0,0.0,0.0,0,0.7304997173219909,0.7304997173219909,0,583,583,0.7677769660949707,19.0,6.0,49.0,True,feasible,nils_complete,172003.7186828413,487.78906037981125,,44.788252590447605,,43.802538936763966,True,feasible_only,0.0,94966.25869420743,True,172003.7186828413,,44.788252590447605,
S0034_R03,3402029,truck_only,S0034,n50_p0.75_d1_uniform_Elow_V1.25_Hshort_PWstrict_B0.20,50,0.76,0.75,1,3,low,1.25,uniform,short,strict,0.2,200.0,40.0,1.0,peripheral,113668.33103204568,345.10325906979307,0.0,0.0,113323.2277729759,113323.2277729759,371.84309735344647,971.6219238295016,89.73134910655881,1433.1963702895068,74368.6194706893,38864.876953180064,89.73134910655881,0.0,302.91241261872347,431.3790738372414,0.0,50,0,0.0,0,0,0.0,0.0,0.0,0.0,0.0,0.0,0,0.0,0.0,0,0,0,0.019933700561523438,0.0,0.0,0.0,True,feasible,baseline_truck_only,113668.33103204568,431.3790738372414,,,,0.0,True,feasible_only,0.0,113668.33103204568,True,113668.33103204568,,,
S0034_R03,3402029,nils,S0034,n50_p0.75_d1_uniform_Elow_V1.25_Hshort_PWstrict_B0.20,50,0.76,0.75,1,3,low,1.25,uniform,short,strict,0.2,200.0,40.0,1.0,peripheral,29979.307456159524,219.20198645794954,7.416420777869255,0.0,29752.689048923705,29752.689048923705,132.57849915312892,80.92473045744819,0.0,213.5032296105771,26515.699830625785,3236.9892182979274,0.0,0.0,202.3429812848451,274.00248307243703,24.721402592897515,48,2,0.04,1,1,2.0,2.0,0.0,0.0,0.0,0.0,0,0.7588196167123258,0.7588196167123258,0,424,424,0.481539249420166,12.0,2.0,11.0,True,feasible,nils_complete,113668.33103204568,431.3790738372414,,73.62562889420126,,36.48220331248202,True,feasible_only,0.0,29979.307456159524,True,113668.33103204568,,73.62562889420126,
S0034_R04,3402030,truck_only,S0034,n50_p0.75_d1_uniform_Elow_V1.25_Hshort_PWstrict_B0.20,50,0.76,0.75,1,3,low,1.25,uniform,short,strict,0.2,200.0,40.0,1.0,peripheral,270807.3973010372,367.738685832313,0.0,0.0,270439.6586152049,270439.6586152049,1218.5650237625873,659.0322605441145,365.3634409228413,2242.960725229543,243713.00475251747,26361.290421764577,365.3634409228413,0.0,439.4111929754477,459.67335729039127,0.0,50,0,0.0,0,0,0.0,0.0,0.0,0.0,0.0,0.0,0,0.0,0.0,0,0,0,0.028784751892089844,0.0,0.0,0.0,True,feasible,baseline_truck_only,270807.3973010372,459.67335729039127,,,,0.0,True,feasible_only,0.0,270807.3973010372,True,270807.3973010372,,,
S0034_R04,3402030,nils,S0034,n50_p0.75_d1_uniform_Elow_V1.25_Hshort_PWstrict_B0.20,50,0.76,0.75,1,3,low,1.25,uniform,short,strict,0.2,200.0,40.0,1.0,peripheral,74056.71289776325,202.69188668318122,7.268652190614239,0.0,73846.75235888945,73846.75235888945,344.15282444981904,125.40468672314103,0.0,469.55751117296006,68830.5648899638,5016.187468925641,0.0,0.0,250.4800895217213,253.36485835397644,24.2288406353808,48,2,0.04,1,1,2.0,2.0,0.0,0.0,0.0,0.0,0,0.7640488480346891,0.7640488480346891,0,709,709,0.9444236755371094,20.0,2.0,14.0,True,feasible,nils_complete,270807.3973010372,459.67335729039127,,72.65336411197082,,44.88154374500386,True,feasible_only,0.0,74056.71289776325,True,270807.3973010372,,72.65336411197082,
S0034_R05,3402031,truck_only,S0034,n50_p0.75_d1_uniform_Elow_V1.25_Hshort_PWstrict_B0.20,50,0.76,0.75,1,3,low,1.25,uniform,short,strict,0.2,200.0,40.0,1.0,peripheral,170255.57968481167,369.27070133231206,0.0,0.0,169886.30898347936,169886.30898347936,683.391515964747,828.2383859319858,78.47035325051817,1590.1002551472511,136678.3031929494,33129.53543727943,78.47035325051817,0.0,307.61825947041444,461.58837666539,0.0,50,0,0.0,0,0,0.0,0.0,0.0,0.0,0.0,0.0,0,0.0,0.0,0,0,0,0.032813072204589844,0.0,0.0,0.0,True,feasible,baseline_truck_only,170255.57968481167,461.58837666539,,,,0.0,True,feasible_only,0.0,170255.57968481167,True,170255.57968481167,,,
S0034_R05,3402031,nils,S0034,n50_p0.75_d1_uniform_Elow_V1.25_Hshort_PWstrict_B0.20,50,0.76,0.75,1,3,low,1.25,uniform,short,strict,0.2,200.0,40.0,1.0,peripheral,32062.06848071366,231.32502748960215,7.768366881478531,0.0,31822.97508634258,31822.97508634258,156.9680446176013,10.734154070558006,0.0,167.70219868815929,31393.60892352026,429.36616282232023,0.0,0.0,194.68635991871608,289.1562843620026,25.894556271595107,47,3,0.06,1,1,3.0,3.0,0.0,0.0,0.0,0.0,0,0.7859921935212711,0.7859921935212711,0,855,855,1.0713138580322266,25.0,5.0,26.0,True,feasible,nils_complete,170255.57968481167,461.58837666539,,81.1682715244522,,37.35624660852002,True,feasible_only,0.0,32062.06848071366,True,170255.57968481167,,81.1682715244522,
S0034_R06,3402032,truck_only,S0034,n50_p0.75_d1_uniform_Elow_V1.25_Hshort_PWstrict_B0.20,50,0.76,0.75,1,3,low,1.25,uniform,short,strict,0.2,200.0,40.0,1.0,peripheral,242867.6751041659,360.49472225592535,0.0,0.0,242507.18038190997,242507.18038190997,1092.2517104039582,581.7264159214659,787.7816642596543,2461.7597905850785,218450.34208079166,23269.056636858637,787.7816642596543,0.0,449.9321151561064,450.6184028199067,0.0,50,0,0.0,0,0,0.0,0.0,0.0,0.0,0.0,0.0,0,0.0,0.0,0,0,0,0.01966118812561035,0.0,0.0,0.0,True,feasible,baseline_truck_only,242867.6751041659,450.6184028199067,,,,0.0,True,feasible_only,0.0,242867.6751041659,True,242867.6751041659,,,
S0034_R06,3402032,nils,S0034,n50_p0.75_d1_uniform_Elow_V1.25_Hshort_PWstrict_B0.20,50,0.76,0.75,1,3,low,1.25,uniform,short,strict,0.2,200.0,40.0,1.0,peripheral,79117.8100425735,234.72872927779972,7.518496966223521,0.0,78875.56281632948,78875.56281632948,361.74212660333217,163.17843739157615,0.0,524.9205639949083,72348.42532066643,6527.137495663046,0.0,0.0,235.44768477059557,293.41091159724965,25.061656554078404,46,4,0.08,1,1,4.0,4.0,0.0,0.0,0.0,0.0,0,0.7832406473531318,0.7832406473531318,0,659,659,0.8248531818389893,20.0,4.0,32.0,True,feasible,nils_complete,242867.6751041659,450.6184028199067,,67.42349099828131,,34.88705526424901,True,feasible_only,0.0,79117.8100425735,True,242867.6751041659,,67.42349099828131,
S0034_R07,3402033,truck_only,S0034,n50_p0.75_d1_uniform_Elow_V1.25_Hshort_PWstrict_B0.20,50,0.76,0.75,1,3,low,1.25,uniform,short,strict,0.2,200.0,40.0,1.0,peripheral,187170.56964750908,362.3429247963762,0.0,0.0,186808.22672271272,186808.22672271272,835.065427329317,494.2073393423018,26.847683157263248,1356.1204498288819,167013.0854658634,19768.29357369207,26.847683157263248,0.0,347.8998049684566,452.9286559954704,0.0,50,0,0.0,0,0,0.0,0.0,0.0,0.0,0.0,0.0,0,0.0,0.0,0,0,0,0.025626182556152344,0.0,0.0,0.0,True,feasible,baseline_truck_only,187170.56964750908,452.9286559954704,,,,0.0,True,feasible_only,0.0,187170.56964750908,True,187170.56964750908,,,
S0034_R07,3402033,nils,S0034,n50_p0.75_d1_uniform_Elow_V1.25_Hshort_PWstrict_B0.20,50,0.76,0.75,1,3,low,1.25,uniform,short,strict,0.2,200.0,40.0,1.0,peripheral,25207.97762816917,237.1670973264163,6.757231322425213,0.0,24964.05329952033,24964.05329952033,120.74412403053483,20.38071233533401,0.0,141.12483636586884,24148.824806106968,815.2284934133604,0.0,0.0,192.15133246058377,296.45887165802037,22.524104408084042,46,4,0.08,1,1,4.0,4.0,0.0,0.0,0.0,0.0,0,0.707375593435076,0.707375593435076,0,824,824,0.9192378520965576,25.0,7.0,37.0,True,feasible,nils_complete,187170.56964750908,452.9286559954704,,86.53208264758591,,34.546232009443635,True,feasible_only,0.0,25207.97762816917,True,187170.56964750908,,86.53208264758591,
S0034_R08,3402034,truck_only,S0034,n50_p0.75_d1_uniform_Elow_V1.25_Hshort_PWstrict_B0.20,50,0.76,0.75,1,3,low,1.25,uniform,short,strict,0.2,200.0,40.0,1.0,peripheral,177671.31464326385,331.92414202099695,0.0,0.0,177339.39050124286,177339.39050124286,829.9669016973121,283.32389423268114,13.054392473213909,1126.3451884032072,165993.38033946243,11332.955769307246,13.054392473213909,0.0,294.3247098635419,414.9051775262462,0.0,50,0,0.0,0,0,0.0,0.0,0.0,0.0,0.0,0.0,0,0.0,0.0,0,0,0,0.027552366256713867,0.0,0.0,0.0,True,feasible,baseline_truck_only,177671.31464326385,414.9051775262462,,,,0.0,True,feasible_only,0.0,177671.31464326385,True,177671.31464326385,,,
S0034_R08,3402034,nils,S0034,n50_p0.75_d1_uniform_Elow_V1.25_Hshort_PWstrict_B0.20,50,0.76,0.75,1,3,low,1.25,uniform,short,strict,0.2,200.0,40.0,1.0,peripheral,37249.402285709366,245.99618958136153,7.4649500053674664,0.0,36995.941146122634,36995.941146122634,167.44591195835753,87.66896886127817,0.0,255.1148808196357,33489.18239167151,3506.758754451127,0.0,0.0,203.1047015936598,307.49523697670196,24.883166684558223,46,4,0.08,1,1,4.0,4.0,0.0,0.0,0.0,0.0,0,0.7533091735476133,0.7533091735476133,0,836,836,0.9598438739776611,25.0,5.0,25.0,True,feasible,nils_complete,177671.31464326385,414.9051775262462,,79.03465601045372,,25.88782844069225,True,feasible_only,0.0,37249.402285709366,True,177671.31464326385,,79.03465601045372,
S0034_R09,3402035,truck_only,S0034,n50_p0.75_d1_uniform_Elow_V1.25_Hshort_PWstrict_B0.20,50,0.76,0.75,1,3,low,1.25,uniform,short,strict,0.2,200.0,40.0,1.0,peripheral,408070.35667357757,370.2971158348645,0.0,0.0,407700.05955774273,407700.05955774273,1776.0292708334887,1291.3683984945053,839.4694512647555,3906.8671205927494,355205.8541666977,51654.735939780214,839.4694512647555,0.0,467.12223542908936,462.8713947935806,0.0,50,0,0.0,0,0,0.0,0.0,0.0,0.0,0.0,0.0,0,0.0,0.0,0,0,0,0.02689194679260254,0.0,0.0,0.0,True,feasible,baseline_truck_only,408070.35667357757,462.8713947935806,,,,0.0,True,feasible_only,0.0,408070.35667357757,True,408070.35667357757,,,
S0034_R09,3402035,nils,S0034,n50_p0.75_d1_uniform_Elow_V1.25_Hshort_PWstrict_B0.20,50,0.76,0.75,1,3,low,1.25,uniform,short,strict,0.2,200.0,40.0,1.0,peripheral,34818.68146671531,246.8164770760134,8.062715641500214,0.0,34563.8022739978,34563.8022739978,143.51980968073212,146.4960084462843,0.0,290.0158181270164,28703.961936146425,5859.840337851372,0.0,0.0,200.88075030339854,308.52059634501677,26.875718805000716,46,4,0.08,1,1,4.0,4.0,0.0,0.0,0.0,0.0,0,0.7881065326954902,0.7881065326954902,0,833,833,1.2952454090118408,25.0,9.0,28.0,True,feasible,nils_complete,408070.35667357757,462.8713947935806,,91.46748081616539,,33.34636795116648,True,feasible_only,0.0,34818.68146671531,True,408070.35667357757,,91.46748081616539,
S0034_R10,3402036,truck_only,S0034,n50_p0.75_d1_uniform_Elow_V1.25_Hshort_PWstrict_B0.20,50,0.76,0.75,1,3,low,1.25,uniform,short,strict,0.2,200.0,40.0,1.0,peripheral,313934.1551859183,411.55169143634464,0.0,0.0,313522.603494482,313522.603494482,1386.5251490948567,895.5360392583565,396.1321051763733,2678.1932935295868,277305.02981897135,35821.44157033426,396.1321051763733,0.0,413.4047931477875,514.4396142954306,0.0,50,0,0.0,0,0,0.0,0.0,0.0,0.0,0.0,0.0,0,0.0,0.0,0,0,0,0.01824474334716797,0.0,0.0,0.0,True,feasible,baseline_truck_only,313934.1551859183,514.4396142954306,,,,0.0,True,feasible_only,0.0,313934.1551859183,True,313934.1551859183,,,
S0034_R10,3402036,nils,S0034,n50_p0.75_d1_uniform_Elow_V1.25_Hshort_PWstrict_B0.20,50,0.76,0.75,1,3,low,1.25,uniform,short,strict,0.2,200.0,40.0,1.0,peripheral,55946.96948930594,269.85974565169323,7.61043833432354,0.0,55669.49930531993,55669.49930531993,249.74061662906314,143.0343994876829,0.0,392.77501611674603,49948.12332581263,5721.375979507316,0.0,0.0,255.2986262055936,337.3246820646165,25.36812778107847,46,4,0.08,1,1,4.0,4.0,0.0,0.0,0.0,0.0,0,0.7868490773822348,0.7868490773822348,0,622,622,0.7716987133026123,19.0,4.0,35.0,True,feasible,nils_complete,313934.1551859183,514.4396142954306,,82.17875673445822,,34.42871180777714,True,feasible_only,0.0,55946.96948930594,True,313934.1551859183,,82.17875673445822,
S0035_R01,3502027,truck_only,S0035,n50_p0.75_d1_clustered_Elow_V1.25_Hmedium_PWflat_B0.20,50,0.76,0.75,1,3,low,1.25,clustered,medium,flat,0.2,1.0,1.0,1.0,peripheral,4899.180333875307,185.96295588597027,0.0,0.0,4713.2173779893365,4713.2173779893365,2389.931418708504,1177.9890465177318,1145.2969127631,4713.2173779893365,2389.931418708504,1177.9890465177318,1145.2969127631,0.0,451.3007159007071,232.4536948574628,0.0,50,0,0.0,0,0,0.0,0.0,0.0,0.0,0.0,0.0,0,0.0,0.0,0,0,0,0.019731998443603516,0.0,0.0,0.0,True,feasible,baseline_truck_only,4899.180333875307,232.4536948574628,,,,0.0,True,feasible_only,0.0,4899.180333875307,True,4899.180333875307,,,
S0035_R01,3502027,nils,S0035,n50_p0.75_d1_clustered_Elow_V1.25_Hmedium_PWflat_B0.20,50,0.76,0.75,1,3,low,1.25,clustered,medium,flat,0.2,1.0,1.0,1.0,peripheral,324.8343200544197,144.52232747157146,8.057225235893462,0.0,172.2547673469548,172.2547673469548,172.25476734695482,0.0,0.0,172.25476734695482,172.25476734695482,0.0,0.0,0.0,159.10086609548526,180.65290933946432,26.857417452978204,47,3,0.06,1,1,3.0,3.0,0.0,0.0,0.0,0.0,0,0.7813127511102081,0.7813127511102081,0,872,872,2.562908172607422,25.0,12.0,9.0,True,feasible,nils_complete,4899.180333875307,232.4536948574628,,93.36961903997782,,22.284345942430374,True,feasible_only,0.0,324.8343200544197,True,4899.180333875307,,93.36961903997782,
S0035_R02,3502028,truck_only,S0035,n50_p0.75_d1_clustered_Elow_V1.25_Hmedium_PWflat_B0.20,50,0.76,0.75,1,3,low,1.25,clustered,medium,flat,0.2,1.0,1.0,1.0,peripheral,3379.843010658892,168.49532831605015,0.0,0.0,3211.347682342842,3211.347682342842,1338.1338178722017,960.4065314031,912.8073330675405,3211.3476823428423,1338.1338178722017,960.4065314031,912.8073330675405,0.0,408.2491898960307,210.6191603950627,0.0,50,0,0.0,0,0,0.0,0.0,0.0,0.0,0.0,0.0,0,0.0,0.0,0,0,0,0.017868757247924805,0.0,0.0,0.0,True,feasible,baseline_truck_only,3379.843010658892,210.6191603950627,,,,0.0,True,feasible_only,0.0,3379.843010658892,True,3379.843010658892,,,
S0035_R02,3502028,nils,S0035,n50_p0.75_d1_clustered_Elow_V1.25_Hmedium_PWflat_B0.20,50,0.76,0.75,1,3,low,1.25,clustered,medium,flat,0.2,1.0,1.0,1.0,peripheral,280.13500429298017,146.17662610337308,7.208356781172993,0.0,126.7500214084341,126.7500214084341,122.25794126270299,4.492080145731123,0.0,126.75002140843411,122.25794126270299,4.492080145731123,0.0,0.0,164.5758987878812,182.72078262921633,24.02785593724331,48,2,0.04,1,1,2.0,2.0,0.0,0.0,0.0,0.0,0,0.6869016482159362,0.6869016482159362,0,900,900,3.2302253246307373,25.0,10.0,3.0,True,feasible,nils_complete,3379.843010658892,210.6191603950627,,91.71159715378707,,13.245887844921992,True,feasible_only,0.0,280.13500429298017,True,3379.843010658892,,91.71159715378707,
S0035_R03,3502029,truck_only,S0035,n50_p0.75_d1_clustered_Elow_V1.25_Hmedium_PWflat_B0.20,50,0.76,0.75,1,3,low,1.25,clustered,medium,flat,0.2,1.0,1.0,1.0,peripheral,3520.131708988798,168.89118110693897,0.0,0.0,3351.240527881859,3351.240527881859,777.8949804237117,1727.8464756631797,845.4990717949671,3351.2405278818587,777.8949804237117,1727.8464756631797,845.4990717949671,0.0,409.96032396392275,211.11397638367367,0.0,50,0,0.0,0,0,0.0,0.0,0.0,0.0,0.0,0.0,0,0.0,0.0,0,0,0,0.03217482566833496,0.0,0.0,0.0,True,feasible,baseline_truck_only,3520.131708988798,211.11397638367367,,,,0.0,True,feasible_only,0.0,3520.131708988798,True,3520.131708988798,,,
S0035_R03,3502029,nils,S0035,n50_p0.75_d1_clustered_Elow_V1.25_Hmedium_PWflat_B0.20,50,0.76,0.75,1,3,low,1.25,clustered,medium,flat,0.2,1.0,1.0,1.0,peripheral,170.06352043850566,136.90310182253853,8.14142924207697,0.0,25.018989373890157,25.018989373890157,25.018989373890157,0.0,0.0,25.018989373890157,25.018989373890157,0.0,0.0,0.0,145.72994113681716,171.1288772781732,27.1380974735899,47,3,0.06,1,1,3.0,3.0,0.0,0.0,0.0,0.0,0,0.786943347141481,0.786943347141481,0,866,866,3.768075704574585,25.0,12.0,15.0,True,feasible,nils_complete,3520.131708988798,211.11397638367367,,95.16883075697874,,18.940053041695577,True,feasible_only,0.0,170.06352043850566,True,3520.131708988798,,95.16883075697874,
S0035_R04,3502030,truck_only,S0035,n50_p0.75_d1_clustered_Elow_V1.25_Hmedium_PWflat_B0.20,50,0.76,0.75,1,3,low,1.25,clustered,medium,flat,0.2,1.0,1.0,1.0,peripheral,2803.82222905445,158.69457634224992,0.0,0.0,2645.1276527122,2645.1276527122,674.7723762052926,1435.0657430085546,535.2895334983525,2645.1276527122,674.7723762052926,1435.0657430085546,535.2895334983525,0.0,391.8938664822348,198.36822042781242,0.0,50,0,0.0,0,0,0.0,0.0,0.0,0.0,0.0,0.0,0,0.0,0.0,0,0,0,0.01941394805908203,0.0,0.0,0.0,True,feasible,baseline_truck_only,2803.82222905445,198.36822042781242,,,,0.0,True,feasible_only,0.0,2803.82222905445,True,2803.82222905445,,,
S0035_R04,3502030,nils,S0035,n50_p0.75_d1_clustered_Elow_V1.25_Hmedium_PWflat_B0.20,50,0.76,0.75,1,3,low,1.25,clustered,medium,flat,0.2,1.0,1.0,1.0,peripheral,221.60938764302085,135.13611473775384,5.8997427879701085,0.0,80.57353011729691,80.57353011729691,80.57353011729691,0.0,0.0,80.57353011729691,80.57353011729691,0.0,0.0,0.0,149.53132923194502,168.9201434221923,19.665809293233696,49,1,0.02,1,1,1.0,1.0,0.0,0.0,0.0,0.0,0,0.5618802655209627,0.5618802655209627,0,925,925,3.3651363849639893,25.0,4.0,1.0,True,feasible,nils_complete,2803.82222905445,198.36822042781242,,92.09616838947184,,14.845158635849376,True,feasible_only,0.0,221.60938764302085,True,2803.82222905445,,92.09616838947184,
S0035_R05,3502031,truck_only,S0035,n50_p0.75_d1_clustered_Elow_V1.25_Hmedium_PWflat_B0.20,50,0.76,0.75,1,3,low,1.25,clustered,medium,flat,0.2,1.0,1.0,1.0,peripheral,3682.70262162296,159.514344338365,0.0,0.0,3523.188277284595,3523.188277284595,998.4041036996456,2025.8289959668214,498.95517761812823,3523.188277284595,998.4041036996456,2025.8289959668214,498.95517761812823,0.0,390.79036019306614,199.39293042295637,0.0,50,0,0.0,0,0,0.0,0.0,0.0,0.0,0.0,0.0,0,0.0,0.0,0,0,0,0.019122838973999023,0.0,0.0,0.0,True,feasible,baseline_truck_only,3682.70262162296,199.39293042295637,,,,0.0,True,feasible_only,0.0,3682.70262162296,True,3682.70262162296,,,
S0035_R05,3502031,nils,S0035,n50_p0.75_d1_clustered_Elow_V1.25_Hmedium_PWflat_B0.20,50,0.76,0.75,1,3,low,1.25,clustered,medium,flat,0.2,1.0,1.0,1.0,peripheral,289.9108592071865,139.06634402862989,7.353908566319387,0.0,143.49060661223723,143.49060661223723,143.49060661223723,0.0,0.0,143.49060661223723,143.49060661223723,0.0,0.0,0.0,161.86306024261333,173.83293003578734,24.513028554397955,48,2,0.04,1,1,2.0,2.0,0.0,0.0,0.0,0.0,0,0.7049789111861271,0.7049789111861271,0,900,900,2.8414244651794434,25.0,13.0,3.0,True,feasible,nils_complete,3682.70262162296,199.39293042295637,,92.12776895139518,,12.81891004508065,True,feasible_only,0.0,289.9108592071865,True,3682.70262162296,,92.12776895139518,
S0035_R06,3502032,truck_only,S0035,n50_p0.75_d1_clustered_Elow_V1.25_Hmedium_PWflat_B0.20,50,0.76,0.75,1,3,low,1.25,clustered,medium,flat,0.2,1.0,1.0,1.0,peripheral,2985.434739744233,154.2412100550414,0.0,0.0,2831.1935296891916,2831.1935296891916,937.9622148585378,1478.6238667172486,414.60744811340527,2831.1935296891916,937.9622148585378,1478.6238667172486,414.60744811340527,0.0,378.24770812975845,192.80151256880183,0.0,50,0,0.0,0,0,0.0,0.0,0.0,0.0,0.0,0.0,0,0.0,0.0,0,0,0,0.018391847610473633,0.0,0.0,0.0,True,feasible,baseline_truck_only,2985.434739744233,192.80151256880183,,,,0.0,True,feasible_only,0.0,2985.434739744233,True,2985.434739744233,,,
S0035_R06,3502032,nils,S0035,n50_p0.75_d1_clustered_Elow_V1.25_Hmedium_PWflat_B0.20,50,0.76,0.75,1,3,low,1.25,clustered,medium,flat,0.2,1.0,1.0,1.0,peripheral,342.1096799800119,141.47263900989083,0.0,0.0,200.63704097012106,200.63704097012106,186.6330468345569,14.003994135564199,0.0,200.6370409701211,186.6330468345569,14.003994135564199,0.0,0.0,162.29672033779045,176.84079876236356,0.0,50,0,0.0,0,0,0.0,0.0,0.0,0.0,0.0,0.0,0,0.0,0.0,0,950,950,2.435059070587158,25.0,13.0,0.0,True,feasible,nils_complete,2985.434739744233,192.80151256880183,,88.54070814459267,,8.278313584673063,True,feasible_only,0.0,342.1096799800119,True,2985.434739744233,,88.54070814459267,
S0035_R07,3502033,truck_only,S0035,n50_p0.75_d1_clustered_Elow_V1.25_Hmedium_PWflat_B0.20,50,0.76,0.75,1,3,low,1.25,clustered,medium,flat,0.2,1.0,1.0,1.0,peripheral,4136.067103568513,175.4742464279842,0.0,0.0,3960.592857140529,3960.592857140529,1873.8773237415255,1241.9118435734565,844.8036898255466,3960.5928571405284,1873.8773237415255,1241.9118435734565,844.8036898255466,0.0,421.40791830943067,219.3428080349802,0.0,50,0,0.0,0,0,0.0,0.0,0.0,0.0,0.0,0.0,0,0.0,0.0,0,0,0,0.027426481246948242,0.0,0.0,0.0,True,feasible,baseline_truck_only,4136.067103568513,219.3428080349802,,,,0.0,True,feasible_only,0.0,4136.067103568513,True,4136.067103568513,,,
S0035_R07,3502033,nils,S0035,n50_p0.75_d1_clustered_Elow_V1.25_Hmedium_PWflat_B0.20,50,0.76,0.75,1,3,low,1.25,clustered,medium,flat,0.2,1.0,1.0,1.0,peripheral,299.93522998135677,138.158095681597,7.145666662349951,0.0,154.63146763740983,154.63146763740983,154.63146763740983,0.0,0.0,154.63146763740983,154.63146763740983,0.0,0.0,0.0,151.4909132209447,172.69761960199622,23.81888887449984,48,2,0.04,1,1,2.0,2.0,0.0,0.0,0.0,0.0,0,0.6961170349897063,0.6961170349897063,0,898,898,2.6159884929656982,25.0,11.0,5.0,True,feasible,nils_complete,4136.067103568513,219.3428080349802,,92.74829874683176,,21.265884599026897,True,feasible_only,0.0,299.93522998135677,True,4136.067103568513,,92.74829874683176,
S0035_R08,3502034,truck_only,S0035,n50_p0.75_d1_clustered_Elow_V1.25_Hmedium_PWflat_B0.20,50,0.76,0.75,1,3,low,1.25,clustered,medium,flat,0.2,1.0,1.0,1.0,peripheral,3637.50629657721,158.51595418144072,0.0,0.0,3478.9903423957694,3478.9903423957694,1426.8721062211596,1575.6622428203214,476.4559933542878,3478.9903423957685,1426.8721062211596,1575.6622428203214,476.4559933542878,0.0,386.60419697537054,198.14494272680088,0.0,50,0,0.0,0,0,0.0,0.0,0.0,0.0,0.0,0.0,0,0.0,0.0,0,0,0,0.019599437713623047,0.0,0.0,0.0,True,feasible,baseline_truck_only,3637.50629657721,198.14494272680088,,,,0.0,True,feasible_only,0.0,3637.50629657721,True,3637.50629657721,,,
S0035_R08,3502034,nils,S0035,n50_p0.75_d1_clustered_Elow_V1.25_Hmedium_PWflat_B0.20,50,0.76,0.75,1,3,low,1.25,clustered,medium,flat,0.2,1.0,1.0,1.0,peripheral,297.42765981104867,60.56232393740808,8.099858175277035,0.0,228.76547769836353,228.76547769836353,208.20372785243347,20.561749845930066,0.0,228.76547769836355,208.20372785243347,20.561749845930066,0.0,0.0,175.2481945642067,75.70290492176017,26.99952725092345,48,2,0.04,1,1,2.0,2.0,0.0,0.0,0.0,0.0,0,0.7824509598923041,0.7824509598923041,0,898,898,2.3225257396698,25.0,2.0,5.0,True,feasible,nils_complete,3637.50629657721,198.14494272680088,,91.82330872963932,,61.79417759546953,True,feasible_only,0.0,297.42765981104867,True,3637.50629657721,,91.82330872963932,
S0035_R09,3502035,truck_only,S0035,n50_p0.75_d1_clustered_Elow_V1.25_Hmedium_PWflat_B0.20,50,0.76,0.75,1,3,low,1.25,clustered,medium,flat,0.2,1.0,1.0,1.0,peripheral,4231.890128991633,181.80777274613678,0.0,0.0,4050.0823562454966,4050.0823562454966,1900.6221739780135,1173.5456929154868,975.9144893519965,4050.0823562454966,1900.6221739780135,1173.5456929154868,975.9144893519965,0.0,436.5570837497998,227.25971593267093,0.0,50,0,0.0,0,0,0.0,0.0,0.0,0.0,0.0,0.0,0,0.0,0.0,0,0,0,0.03077077865600586,0.0,0.0,0.0,True,feasible,baseline_truck_only,4231.890128991633,227.25971593267093,,,,0.0,True,feasible_only,0.0,4231.890128991633,True,4231.890128991633,,,
S0035_R09,3502035,nils,S0035,n50_p0.75_d1_clustered_Elow_V1.25_Hmedium_PWflat_B0.20,50,0.76,0.75,1,3,low,1.25,clustered,medium,flat,0.2,1.0,1.0,1.0,peripheral,376.21397176398307,146.12086739508436,7.680818263224676,0.0,222.41228610567407,222.41228610567407,210.89177864381892,11.520507461855175,0.0,222.4122861056741,210.89177864381892,11.520507461855175,0.0,0.0,169.28258808540699,182.65108424385542,25.602727544082253,46,4,0.08,1,1,4.0,4.0,0.0,0.0,0.0,0.0,0,0.741650240310414,0.741650240310414,0,850,850,2.767669677734375,25.0,16.0,11.0,True,feasible,nils_complete,4231.890128991633,227.25971593267093,,91.11002506453005,,19.62892169680942,True,feasible_only,0.0,376.21397176398307,True,4231.890128991633,,91.11002506453005,
S0035_R10,3502036,truck_only,S0035,n50_p0.75_d1_clustered_Elow_V1.25_Hmedium_PWflat_B0.20,50,0.76,0.75,1,3,low,1.25,clustered,medium,flat,0.2,1.0,1.0,1.0,peripheral,4867.480287107728,186.0727616458839,0.0,0.0,4681.407525461845,4681.407525461845,2408.3122429993527,1390.4925352810742,882.6027471814178,4681.407525461845,2408.3122429993527,1390.4925352810742,882.6027471814178,0.0,447.44558934029305,232.59095205735503,0.0,50,0,0.0,0,0,0.0,0.0,0.0,0.0,0.0,0.0,0,0.0,0.0,0,0,0,0.019173383712768555,0.0,0.0,0.0,True,feasible,baseline_truck_only,4867.480287107728,232.59095205735503,,,,0.0,True,feasible_only,0.0,4867.480287107728,True,4867.480287107728,,,
S0035_R10,3502036,nils,S0035,n50_p0.75_d1_clustered_Elow_V1.25_Hmedium_PWflat_B0.20,50,0.76,0.75,1,3,low,1.25,clustered,medium,flat,0.2,1.0,1.0,1.0,peripheral,390.8234438326133,141.25189663597075,8.215667886649454,0.0,241.35587930999313,241.35587930999313,180.024530047688,61.33134926230515,0.0,241.35587930999316,180.024530047688,61.33134926230515,0.0,0.0,185.2392715724355,176.56487079496344,27.38555962216485,48,2,0.04,1,1,2.0,2.0,0.0,0.0,0.0,0.0,0,0.797640992739678,0.797640992739678,0,894,894,2.776540517807007,25.0,4.0,9.0,True,feasible,nils_complete,4867.480287107728,232.59095205735503,,91.97072364385801,,24.087816300169752,True,feasible_only,0.0,390.8234438326133,True,4867.480287107728,,91.97072364385801,
S0036_R01,3602027,truck_only,S0036,n50_p0.75_d1_uniform_Elow_V1.25_Hlong_PWstrict_B0.20,50,0.76,0.75,1,3,low,1.25,uniform,long,strict,0.2,200.0,40.0,1.0,peripheral,216384.439504865,337.2038262568806,0.0,0.0,216047.23567860812,216047.23567860812,896.844095698692,913.5798204013552,135.2237228155212,1945.6476389155682,179368.8191397384,36543.19281605421,135.2237228155212,0.0,337.9194224586105,421.5047828211007,0.0,50,0,0.0,0,0,0.0,0.0,0.0,0.0,0.0,0.0,0,0.0,0.0,0,0,0,0.023203134536743164,0.0,0.0,0.0,True,feasible,baseline_truck_only,216384.439504865,421.5047828211007,,,,0.0,True,feasible_only,0.0,216384.439504865,True,216384.439504865,,,
S0036_R01,3602027,nils,S0036,n50_p0.75_d1_uniform_Elow_V1.25_Hlong_PWstrict_B0.20,50,0.76,0.75,1,3,low,1.25,uniform,long,strict,0.2,200.0,40.0,1.0,peripheral,57345.81705869869,232.67798985669822,7.479776546991667,0.0,57105.659292295,57105.659292295,244.8053409906946,203.61477735390207,0.0,448.42011834459663,48961.06819813892,8144.591094156083,0.0,0.0,203.9898491425331,290.84748732087274,24.932588489972225,46,4,0.08,1,1,4.0,4.0,0.0,0.0,0.0,0.0,0,0.7975271822916159,0.7975271822916159,0,691,691,0.8585333824157715,22.0,4.0,68.0,True,feasible,nils_complete,216384.439504865,421.5047828211007,,73.49817889404687,,30.9978203866984,True,feasible_only,0.0,57345.81705869869,True,216384.439504865,,73.49817889404687,
S0036_R02,3602028,truck_only,S0036,n50_p0.75_d1_uniform_Elow_V1.25_Hlong_PWstrict_B0.20,50,0.76,0.75,1,3,low,1.25,uniform,long,strict,0.2,200.0,40.0,1.0,peripheral,104940.4374716036,337.15799472325074,0.0,0.0,104603.27947688034,104603.27947688034,449.5108660985637,363.60626747419514,156.85555819979854,969.9726917725574,89902.17321971274,14544.250698967806,156.85555819979854,0.0,346.7208808418212,421.4474934040635,0.0,50,0,0.0,0,0,0.0,0.0,0.0,0.0,0.0,0.0,0,0.0,0.0,0,0,0,0.021669864654541016,0.0,0.0,0.0,True,feasible,baseline_truck_only,104940.4374716036,421.4474934040635,,,,0.0,True,feasible_only,0.0,104940.4374716036,True,104940.4374716036,,,
S0036_R02,3602028,nils,S0036,n50_p0.75_d1_uniform_Elow_V1.25_Hlong_PWstrict_B0.20,50,0.76,0.75,1,3,low,1.25,uniform,long,strict,0.2,200.0,40.0,1.0,peripheral,17346.783592817264,207.20632360436048,7.47081314929647,0.0,17132.106456063608,17132.106456063608,73.52426772630616,60.68132277005937,0.0,134.20559049636552,14704.853545261232,2427.2529108023746,0.0,0.0,200.2574267336658,259.0079045054506,24.9027104976549,47,3,0.06,1,1,3.0,3.0,0.0,0.0,0.0,0.0,0,0.7441238911599959,0.7441238911599959,0,546,546,0.7028601169586182,16.0,4.0,20.0,True,feasible,nils_complete,104940.4374716036,421.4474934040635,,83.46987680748785,,38.543256619365785,True,feasible_only,0.0,17346.783592817264,True,104940.4374716036,,83.46987680748785,
S0036_R03,3602029,truck_only,S0036,n50_p0.75_d1_uniform_Elow_V1.25_Hlong_PWstrict_B0.20,50,0.76,0.75,1,3,low,1.25,uniform,long,strict,0.2,200.0,40.0,1.0,peripheral,445792.76648889174,447.3276203239535,0.0,0.0,445345.43886856775,445345.43886856775,1921.502351836797,1478.6592522841415,1898.598409842685,5298.760013963623,384300.4703673594,59146.370091365665,1898.598409842685,0.0,594.8447249575504,559.1595254049421,0.0,50,0,0.0,0,0,0.0,0.0,0.0,0.0,0.0,0.0,0,0.0,0.0,0,0,0,0.019716501235961914,0.0,0.0,0.0,False,infeasible,baseline_truck_only,445792.76648889174,559.1595254049421,,,,0.0,False,feasible_only,0.0,,False,,,,
S0036_R03,3602029,nils,S0036,n50_p0.75_d1_uniform_Elow_V1.25_Hlong_PWstrict_B0.20,50,0.76,0.75,1,3,low,1.25,uniform,long,strict,0.2,200.0,40.0,1.0,peripheral,445792.76648889174,447.3276203239535,0.0,0.0,445345.43886856775,445345.43886856775,1921.502351836797,1478.6592522841415,1898.598409842685,5298.760013963623,384300.4703673594,59146.370091365665,1898.598409842685,0.0,594.8447249575504,559.1595254049421,0.0,50,0,0.0,0,0,0.0,0.0,0.0,0.0,0.0,0.0,0,0.0,0.0,0,700,700,3.2511394023895264,25.0,0.0,175.0,False,infeasible,nils_complete,445792.76648889174,559.1595254049421,,0.0,,0.0,False,feasible_only,0.0,,False,,,,
S0036_R04,3602030,truck_only,S0036,n50_p0.75_d1_uniform_Elow_V1.25_Hlong_PWstrict_B0.20,50,0.76,0.75,1,3,low,1.25,uniform,long,strict,0.2,200.0,40.0,1.0,peripheral,253049.4346214854,413.8264332925693,0.0,0.0,252635.60818819283,252635.60818819283,1194.925635845205,334.0971363227326,286.5955662425416,1815.6183384104793,238985.12716904102,13363.885452909304,286.5955662425416,0.0,384.914975989577,517.2830416157115,0.0,50,0,0.0,0,0,0.0,0.0,0.0,0.0,0.0,0.0,0,0.0,0.0,0,0,0,0.03487038612365723,0.0,0.0,0.0,True,feasible,baseline_truck_only,253049.4346214854,517.2830416157115,,,,0.0,True,feasible_only,0.0,253049.4346214854,True,253049.4346214854,,,
S0036_R04,3602030,nils,S0036,n50_p0.75_d1_uniform_Elow_V1.25_Hlong_PWstrict_B0.20,50,0.76,0.75,1,3,low,1.25,uniform,long,strict,0.2,200.0,40.0,1.0,peripheral,56855.60211953637,228.79669335776038,8.129447310353374,0.0,56618.67597886826,56618.67597886826,283.0933798943413,0.0,0.0,283.0933798943413,56618.67597886826,0.0,0.0,0.0,223.03469796266336,285.9958666972005,27.098157701177914,46,4,0.08,1,1,4.0,4.0,0.0,0.0,0.0,0.0,0,0.790616743673625,0.790616743673625,0,824,824,1.1094653606414795,25.0,6.0,37.0,True,feasible,nils_complete,253049.4346214854,517.2830416157115,,77.53182013444064,,44.711919067769045,True,feasible_only,0.0,56855.60211953637,True,253049.4346214854,,77.53182013444064,
S0036_R05,3602031,truck_only,S0036,n50_p0.75_d1_uniform_Elow_V1.25_Hlong_PWstrict_B0.20,50,0.76,0.75,1,3,low,1.25,uniform,long,strict,0.2,200.0,40.0,1.0,peripheral,345770.51496350736,363.8260918437622,0.0,0.0,345406.6888716636,345406.6888716636,1525.3277967446918,1005.7106289503998,112.70436470926592,2643.7427904043575,305065.55934893835,40228.42515801599,112.70436470926592,0.0,373.97643188904453,454.78261480470263,0.0,50,0,0.0,0,0,0.0,0.0,0.0,0.0,0.0,0.0,0,0.0,0.0,0,0,0,0.02690291404724121,0.0,0.0,0.0,True,feasible,baseline_truck_only,345770.51496350736,454.78261480470263,,,,0.0,True,feasible_only,0.0,345770.51496350736,True,345770.51496350736,,,
S0036_R05,3602031,nils,S0036,n50_p0.75_d1_uniform_Elow_V1.25_Hlong_PWstrict_B0.20,50,0.76,0.75,1,3,low,1.25,uniform,long,strict,0.2,200.0,40.0,1.0,peripheral,118473.16724750184,217.99080499806325,7.4725949273716425,0.0,118247.70384757641,118247.70384757641,570.5291802224117,103.54669507735203,0.0,674.0758752997638,114105.83604448233,4141.867803094081,0.0,0.0,202.5209538721145,272.48850624757904,24.908649757905472,45,5,0.1,1,1,5.0,5.0,0.0,0.0,0.0,0.0,0,0.7631942989491028,0.7631942989491028,0,810,810,0.9727158546447754,25.0,7.0,32.0,True,feasible,nils_complete,345770.51496350736,454.78261480470263,,65.73647488132251,,40.0837900620731,True,feasible_only,0.0,118473.16724750184,True,345770.51496350736,,65.73647488132251,
S0036_R06,3602032,truck_only,S0036,n50_p0.75_d1_uniform_Elow_V1.25_Hlong_PWstrict_B0.20,50,0.76,0.75,1,3,low,1.25,uniform,long,strict,0.2,200.0,40.0,1.0,peripheral,448289.68536322785,368.25827293353933,0.0,0.0,447921.4270902943,447921.4270902943,2054.6296475080244,921.2311943804558,146.24981347112032,3122.1106553596005,410925.92950160487,36849.24777521823,146.24981347112032,0.0,381.86810781336277,460.32284116692404,0.0,50,0,0.0,0,0,0.0,0.0,0.0,0.0,0.0,0.0,0,0.0,0.0,0,0,0,0.02331066131591797,0.0,0.0,0.0,True,feasible,baseline_truck_only,448289.68536322785,460.32284116692404,,,,0.0,True,feasible_only,0.0,448289.68536322785,True,448289.68536322785,,,
S0036_R06,3602032,nils,S0036,n50_p0.75_d1_uniform_Elow_V1.25_Hlong_PWstrict_B0.20,50,0.76,0.75,1,3,low,1.25,uniform,long,strict,0.2,200.0,40.0,1.0,peripheral,37585.47713232229,230.4192603754821,7.59911707161125,0.0,37347.458754875195,37347.458754875195,158.18158236963487,142.77855702370556,0.0,300.96013939334046,31636.316473926974,5711.142280948223,0.0,0.0,206.01608284709098,288.02407546935274,25.330390238704165,48,2,0.04,1,1,2.0,2.0,0.0,0.0,0.0,0.0,0,0.7649042442046516,0.7649042442046516,0,776,776,0.9623675346374512,22.0,3.0,19.0,True,feasible,nils_complete,448289.68536322785,460.32284116692404,,91.61580594880998,,37.42998397837305,True,feasible_only,0.0,37585.47713232229,True,448289.68536322785,,91.61580594880998,
S0036_R07,3602033,truck_only,S0036,n50_p0.75_d1_uniform_Elow_V1.25_Hlong_PWstrict_B0.20,50,0.76,0.75,1,3,low,1.25,uniform,long,strict,0.2,200.0,40.0,1.0,peripheral,520781.7986693759,388.20490397971656,0.0,0.0,520393.59376539616,520393.59376539616,2347.6696123796737,1250.2891846114487,848.1039050034476,4446.0627019945705,469533.9224759347,50011.56738445795,848.1039050034476,0.0,581.3444866634036,485.25612997464566,0.0,50,0,0.0,0,0,0.0,0.0,0.0,0.0,0.0,0.0,0,0.0,0.0,0,0,0,0.03071904182434082,0.0,0.0,0.0,False,infeasible,baseline_truck_only,520781.7986693759,485.25612997464566,,,,0.0,False,feasible_only,0.0,,False,,,,
S0036_R07,3602033,nils,S0036,n50_p0.75_d1_uniform_Elow_V1.25_Hlong_PWstrict_B0.20,50,0.76,0.75,1,3,low,1.25,uniform,long,strict,0.2,200.0,40.0,1.0,peripheral,520781.7986693759,388.20490397971656,0.0,0.0,520393.59376539616,520393.59376539616,2347.6696123796737,1250.2891846114487,848.1039050034476,4446.0627019945705,469533.9224759347,50011.56738445795,848.1039050034476,0.0,581.3444866634036,485.25612997464566,0.0,50,0,0.0,0,0,0.0,0.0,0.0,0.0,0.0,0.0,0,0.0,0.0,0,700,700,4.713412523269653,25.0,0.0,250.0,False,infeasible,nils_complete,520781.7986693759,485.25612997464566,,0.0,,0.0,False,feasible_only,0.0,,False,,,,
S0036_R08,3602034,truck_only,S0036,n50_p0.75_d1_uniform_Elow_V1.25_Hlong_PWstrict_B0.20,50,0.76,0.75,1,3,low,1.25,uniform,long,strict,0.2,200.0,40.0,1.0,peripheral,143426.64651126016,399.3891743780103,0.0,0.0,143027.25733688215,143027.25733688215,480.72825788877145,1164.2835823525882,310.2624650243448,1955.2743052657042,96145.6515777543,46571.34329410353,310.2624650243448,0.0,393.35217316155894,499.2364679725129,0.0,50,0,0.0,0,0,0.0,0.0,0.0,0.0,0.0,0.0,0,0.0,0.0,0,0,0,0.032102108001708984,0.0,0.0,0.0,True,feasible,baseline_truck_only,143426.64651126016,499.2364679725129,,,,0.0,True,feasible_only,0.0,143426.64651126016,True,143426.64651126016,,,
S0036_R08,3602034,nils,S0036,n50_p0.75_d1_uniform_Elow_V1.25_Hlong_PWstrict_B0.20,50,0.76,0.75,1,3,low,1.25,uniform,long,strict,0.2,200.0,40.0,1.0,peripheral,36269.65396872069,220.35778228258133,8.084002642881144,0.0,36041.21218379523,36041.21218379523,147.0679004111122,165.69080253931975,0.0,312.75870295043194,29413.580082222437,6627.63210157279,0.0,0.0,208.63859760241888,275.44722785322665,26.94667547627048,46,4,0.08,1,1,4.0,4.0,0.0,0.0,0.0,0.0,0,0.799158246257955,0.799158246257955,0,824,824,1.3099770545959473,25.0,5.0,37.0,True,feasible,nils_complete,143426.64651126016,499.2364679725129,,74.71205326837699,,44.82630065630696,True,feasible_only,0.0,36269.65396872069,True,143426.64651126016,,74.71205326837699,
S0036_R09,3602035,truck_only,S0036,n50_p0.75_d1_uniform_Elow_V1.25_Hlong_PWstrict_B0.20,50,0.76,0.75,1,3,low,1.25,uniform,long,strict,0.2,200.0,40.0,1.0,peripheral,321168.7477350206,319.8817259927585,0.0,0.0,320848.8660090278,320848.8660090278,1486.9323796055671,574.0409061580035,500.7538415942653,2561.7271273578363,297386.47592111345,22961.63624632014,500.7538415942653,0.0,413.70911028047857,399.85215749094823,0.0,50,0,0.0,0,0,0.0,0.0,0.0,0.0,0.0,0.0,0,0.0,0.0,0,0,0,0.034075021743774414,0.0,0.0,0.0,True,feasible,baseline_truck_only,321168.7477350206,399.85215749094823,,,,0.0,True,feasible_only,0.0,321168.7477350206,True,321168.7477350206,,,
S0036_R09,3602035,nils,S0036,n50_p0.75_d1_uniform_Elow_V1.25_Hlong_PWstrict_B0.20,50,0.76,0.75,1,3,low,1.25,uniform,long,strict,0.2,200.0,40.0,1.0,peripheral,69466.89946174787,209.54208923002219,7.940496757053456,0.0,69249.4168757608,69249.4168757608,340.39414387483623,29.26470251983865,0.0,369.65884639467487,68078.82877496725,1170.588100793546,0.0,0.0,192.4116733208711,261.9276115375277,26.468322523511517,48,2,0.04,1,1,2.0,2.0,0.0,0.0,0.0,0.0,0,0.781130339992923,0.781130339992923,0,700,700,1.2079122066497803,20.0,3.0,23.0,True,feasible,nils_complete,321168.7477350206,399.85215749094823,,78.37059179896876,,34.49388564485683,True,feasible_only,0.0,69466.89946174787,True,321168.7477350206,,78.37059179896876,
S0036_R10,3602036,truck_only,S0036,n50_p0.75_d1_uniform_Elow_V1.25_Hlong_PWstrict_B0.20,50,0.76,0.75,1,3,low,1.25,uniform,long,strict,0.2,200.0,40.0,1.0,peripheral,160951.96931918536,386.65248831111336,0.0,0.0,160565.31683087425,160565.31683087425,669.1957829120518,662.1581740386397,239.8332869183157,1571.1872438690073,133839.15658241036,26486.326961545587,239.8332869183157,0.0,370.07596343432516,483.3156103888916,0.0,50,0,0.0,0,0,0.0,0.0,0.0,0.0,0.0,0.0,0,0.0,0.0,0,0,0,0.034861087799072266,0.0,0.0,0.0,True,feasible,baseline_truck_only,160951.96931918536,483.3156103888916,,,,0.0,True,feasible_only,0.0,160951.96931918536,True,160951.96931918536,,,
S0036_R10,3602036,nils,S0036,n50_p0.75_d1_uniform_Elow_V1.25_Hlong_PWstrict_B0.20,50,0.76,0.75,1,3,low,1.25,uniform,long,strict,0.2,200.0,40.0,1.0,peripheral,46412.782251975055,260.9037677093922,7.709029569895473,0.0,46144.169454695766,46144.169454695766,215.85449365164578,74.33176810916534,0.0,290.18626176081113,43170.89873032916,2973.2707243666136,0.0,0.0,205.5460438657861,326.1297096367403,25.696765232984912,46,4,0.08,1,1,4.0,4.0,0.0,0.0,0.0,0.0,0,0.7917543538869385,0.7917543538869385,0,836,836,1.018735408782959,25.0,8.0,25.0,True,feasible,nils_complete,160951.96931918536,483.3156103888916,,71.16358224860646,,32.5224133823599,True,feasible_only,0.0,46412.782251975055,True,160951.96931918536,,71.16358224860646,
S0037_R01,3702027,truck_only,S0037,n50_p0.75_d2_uniform_Elow_V2.00_Hmedium_PWbase_B0.20,50,0.76,0.75,2,3,low,2.0,uniform,medium,base,0.2,100.0,20.0,1.0,peripheral,35155.24743064622,354.4892806509691,0.0,0.0,34800.75814999525,34800.75814999525,240.62819836216406,515.6274164983836,425.38998381117585,1181.6455986717235,24062.819836216404,10312.54832996767,425.38998381117585,0.0,365.0736430945802,443.11160081371145,0.0,50,0,0.0,0,0,0.0,0.0,0.0,0.0,0.0,0.0,0,0.0,0.0,0,0,0,0.03594708442687988,0.0,0.0,0.0,True,feasible,baseline_truck_only,35155.24743064622,443.11160081371145,,,,0.0,True,feasible_only,0.0,35155.24743064622,True,35155.24743064622,,,
S0037_R01,3702027,nils,S0037,n50_p0.75_d2_uniform_Elow_V2.00_Hmedium_PWbase_B0.20,50,0.76,0.75,2,3,low,2.0,uniform,medium,base,0.2,100.0,20.0,1.0,peripheral,5655.471920801276,216.83642947724653,24.781896142679983,0.0,5413.853595181349,5413.853595181349,50.41797677930098,18.602795862562573,0.0,69.02077264186354,5041.797677930098,372.05591725125146,0.0,0.0,178.29109148806435,271.04553684655815,82.60632047559994,43,7,0.14,2,2,3.5,3.5,0.0,0.0,0.0,0.0,0,0.7890808704819614,0.7920293476456632,0,860,860,1.294999122619629,18.0,7.0,320.0,True,feasible,nils_complete,35155.24743064622,443.11160081371145,,83.91286554885353,,38.83131555372923,True,feasible_only,0.0,5655.471920801276,True,35155.24743064622,,83.91286554885353,
S0037_R02,3702028,truck_only,S0037,n50_p0.75_d2_uniform_Elow_V2.00_Hmedium_PWbase_B0.20,50,0.76,0.75,2,3,low,2.0,uniform,medium,base,0.2,100.0,20.0,1.0,peripheral,123576.92401286184,341.9540675388878,0.0,0.0,123234.96994532296,123234.96994532296,912.845161885871,1592.1954217844427,106.54532104699652,2611.5859047173103,91284.5161885871,31843.908435688856,106.54532104699652,0.0,426.9539411320383,427.4425844236098,0.0,50,0,0.0,0,0,0.0,0.0,0.0,0.0,0.0,0.0,0,0.0,0.0,0,0,0,0.02697443962097168,0.0,0.0,0.0,True,feasible,baseline_truck_only,123576.92401286184,427.4425844236098,,,,0.0,True,feasible_only,0.0,123576.92401286184,True,123576.92401286184,,,
S0037_R02,3702028,nils,S0037,n50_p0.75_d2_uniform_Elow_V2.00_Hmedium_PWbase_B0.20,50,0.76,0.75,2,3,low,2.0,uniform,medium,base,0.2,100.0,20.0,1.0,peripheral,13029.574935817585,203.37638715688686,23.53156963542148,0.0,12802.666979025276,12802.666979025276,123.28729560477916,23.696870927367925,0.0,146.98416653214707,12328.729560477916,473.9374185473585,0.0,0.0,175.54968043601716,254.22048394610852,78.43856545140494,41,9,0.18,2,2,4.5,4.5,0.0,0.0,0.0,0.0,0,0.7751394824978588,0.7863496528797125,0,1312,1312,1.437635898590088,25.0,13.0,240.0,True,feasible,nils_complete,123576.92401286184,427.4425844236098,,89.4563042089788,,40.52523234461647,True,feasible_only,0.0,13029.574935817585,True,123576.92401286184,,89.4563042089788,
S0037_R03,3702029,truck_only,S0037,n50_p0.75_d2_uniform_Elow_V2.00_Hmedium_PWbase_B0.20,50,0.76,0.75,2,3,low,2.0,uniform,medium,base,0.2,100.0,20.0,1.0,peripheral,146579.8643949106,384.72117953647046,0.0,0.0,146195.14321537415,146195.14321537415,1378.058103190761,416.70683415768866,55.19621314432632,1849.961150492776,137805.8103190761,8334.136683153773,55.19621314432632,0.0,346.4038308031629,480.901474420588,0.0,50,0,0.0,0,0,0.0,0.0,0.0,0.0,0.0,0.0,0,0.0,0.0,0,0,0,0.021379709243774414,0.0,0.0,0.0,True,feasible,baseline_truck_only,146579.8643949106,480.901474420588,,,,0.0,True,feasible_only,0.0,146579.8643949106,True,146579.8643949106,,,
S0037_R03,3702029,nils,S0037,n50_p0.75_d2_uniform_Elow_V2.00_Hmedium_PWbase_B0.20,50,0.76,0.75,2,3,low,2.0,uniform,medium,base,0.2,100.0,20.0,1.0,peripheral,28574.133547206573,264.9128526359136,23.779236909053864,0.0,28285.441457661607,28285.441457661607,275.41405170527685,37.20181435669609,0.0,312.61586606197295,27541.405170527683,744.0362871339219,0.0,0.0,229.16690580878438,331.14106579489203,79.26412303017955,41,9,0.18,2,2,4.5,4.5,0.0,0.0,0.0,0.0,0,0.7715967937459065,0.7741785253535343,0,1263,1263,1.4441587924957275,25.0,11.0,289.0,True,feasible,nils_complete,146579.8643949106,480.901474420588,,80.50609907086346,,31.141598974329227,True,feasible_only,0.0,28574.133547206573,True,146579.8643949106,,80.50609907086346,
S0037_R04,3702030,truck_only,S0037,n50_p0.75_d2_uniform_Elow_V2.00_Hmedium_PWbase_B0.20,50,0.76,0.75,2,3,low,2.0,uniform,medium,base,0.2,100.0,20.0,1.0,peripheral,129880.73300102282,361.0736494497969,0.0,0.0,129519.65935157302,129519.65935157302,1212.6738304775668,400.19366005884206,248.4031026395234,1861.2705931759322,121267.38304775668,8003.873201176841,248.4031026395234,0.0,360.33601189591536,451.3420618122461,0.0,50,0,0.0,0,0,0.0,0.0,0.0,0.0,0.0,0.0,0,0.0,0.0,0,0,0,0.022739171981811523,0.0,0.0,0.0,True,feasible,baseline_truck_only,129880.73300102282,451.3420618122461,,,,0.0,True,feasible_only,0.0,129880.73300102282,True,129880.73300102282,,,
S0037_R04,3702030,nils,S0037,n50_p0.75_d2_uniform_Elow_V2.00_Hmedium_PWbase_B0.20,50,0.76,0.75,2,3,low,2.0,uniform,medium,base,0.2,100.0,20.0,1.0,peripheral,20083.486054512705,212.50485052270736,23.403568670734735,0.0,19847.577635319263,19847.577635319263,181.75197098937042,83.61902681911101,0.0,265.37099780848143,18175.197098937042,1672.3805363822203,0.0,0.0,218.17505301141117,265.6310631533841,78.01189556911578,39,11,0.22,2,2,5.5,5.5,0.0,0.0,0.0,0.0,0,0.7795460345881251,0.7810017494357004,0,1035,1035,1.770805835723877,24.0,11.0,409.0,True,feasible,nils_complete,129880.73300102282,451.3420618122461,,84.53697820264493,,41.146397460318234,True,feasible_only,0.0,20083.486054512705,True,129880.73300102282,,84.53697820264493,
S0037_R05,3702031,truck_only,S0037,n50_p0.75_d2_uniform_Elow_V2.00_Hmedium_PWbase_B0.20,50,0.76,0.75,2,3,low,2.0,uniform,medium,base,0.2,100.0,20.0,1.0,peripheral,116456.57454660283,411.23581338849925,0.0,0.0,116045.33873321433,116045.33873321433,930.6910095283945,1105.2919174387578,870.3994315997274,2906.3823585668797,93069.10095283945,22105.838348775156,870.3994315997274,0.0,468.7296739481144,514.0447667356242,0.0,50,0,0.0,0,0,0.0,0.0,0.0,0.0,0.0,0.0,0,0.0,0.0,0,0,0,0.021759986877441406,0.0,0.0,0.0,True,feasible,baseline_truck_only,116456.57454660283,514.0447667356242,,,,0.0,True,feasible_only,0.0,116456.57454660283,True,116456.57454660283,,,
S0037_R05,3702031,nils,S0037,n50_p0.75_d2_uniform_Elow_V2.00_Hmedium_PWbase_B0.20,50,0.76,0.75,2,3,low,2.0,uniform,medium,base,0.2,100.0,20.0,1.0,peripheral,9753.883173038055,202.11623511995322,23.874093441235452,0.0,9527.892844476866,9527.892844476866,68.09988878361239,135.89519830578143,0.0,203.99508708939382,6809.988878361239,2717.9039661156285,0.0,0.0,192.1105978769216,252.64529389994152,79.58031147078484,41,9,0.18,2,2,4.5,4.5,0.0,0.0,0.0,0.0,0,0.7787137788380363,0.783686719324934,0,1024,1024,1.3806939125061035,21.0,9.0,296.0,True,feasible,nils_complete,116456.57454660283,514.0447667356242,,91.6244460984598,,50.85149966522697,True,feasible_only,0.0,9753.883173038055,True,116456.57454660283,,91.6244460984598,
S0037_R06,3702032,truck_only,S0037,n50_p0.75_d2_uniform_Elow_V2.00_Hmedium_PWbase_B0.20,50,0.76,0.75,2,3,low,2.0,uniform,medium,base,0.2,100.0,20.0,1.0,peripheral,78798.75574002964,357.51752244027114,0.0,0.0,78441.23821758936,78441.23821758936,670.1651925170177,568.8734208013311,47.25054986095145,1286.2891631793002,67016.51925170177,11377.468416026622,47.25054986095145,0.0,321.3629406339872,446.8969030503389,0.0,50,0,0.0,0,0,0.0,0.0,0.0,0.0,0.0,0.0,0,0.0,0.0,0,0,0,0.025330066680908203,0.0,0.0,0.0,True,feasible,baseline_truck_only,78798.75574002964,446.8969030503389,,,,0.0,True,feasible_only,0.0,78798.75574002964,True,78798.75574002964,,,
S0037_R06,3702032,nils,S0037,n50_p0.75_d2_uniform_Elow_V2.00_Hmedium_PWbase_B0.20,50,0.76,0.75,2,3,low,2.0,uniform,medium,base,0.2,100.0,20.0,1.0,peripheral,6687.482605978823,190.68510436545233,24.54306938837254,0.0,6472.254432224998,6472.254432224998,64.72254432224997,0.0,0.0,64.72254432224997,6472.254432224998,0.0,0.0,0.0,178.6151184566614,238.3563804568155,81.81023129457513,43,7,0.14,2,2,3.5,3.5,0.0,0.0,0.0,0.0,0,0.7900260550642646,0.7974429853517591,0,1297,1297,1.4377691745758057,25.0,7.0,285.0,True,feasible,nils_complete,78798.75574002964,446.8969030503389,,91.51321293950129,,46.66412346340051,True,feasible_only,0.0,6687.482605978823,True,78798.75574002964,,91.51321293950129,
S0037_R07,3702033,truck_only,S0037,n50_p0.75_d2_uniform_Elow_V2.00_Hmedium_PWbase_B0.20,50,0.76,0.75,2,3,low,2.0,uniform,medium,base,0.2,100.0,20.0,1.0,peripheral,65349.7917726516,368.7436403091795,0.0,0.0,64981.048132342425,64981.048132342425,488.3960844449535,788.9717906555384,362.0038747363103,1639.371749836802,48839.60844449535,15779.435813110767,362.0038747363103,0.0,383.4700681906794,460.9295503864743,0.0,50,0,0.0,0,0,0.0,0.0,0.0,0.0,0.0,0.0,0,0.0,0.0,0,0,0,0.039568424224853516,0.0,0.0,0.0,True,feasible,baseline_truck_only,65349.7917726516,460.9295503864743,,,,0.0,True,feasible_only,0.0,65349.7917726516,True,65349.7917726516,,,
S0037_R07,3702033,nils,S0037,n50_p0.75_d2_uniform_Elow_V2.00_Hmedium_PWbase_B0.20,50,0.76,0.75,2,3,low,2.0,uniform,medium,base,0.2,100.0,20.0,1.0,peripheral,10734.97660307523,221.53706177657173,25.904175272971315,0.0,10487.535366025688,10487.535366025688,88.19545696377747,83.3994834823971,0.0,171.59494044617458,8819.545696377747,1667.989669647942,0.0,0.0,238.38400802882927,276.9213272207147,86.34725090990437,45,5,0.1,2,2,2.5,2.5,0.0,0.0,0.0,0.0,0,0.7930386354108767,0.7964314712192061,0,1508,1508,1.4599733352661133,25.0,6.0,176.0,True,feasible,nils_complete,65349.7917726516,460.9295503864743,,83.5730515555097,,39.921116580934054,True,feasible_only,0.0,10734.97660307523,True,65349.7917726516,,83.5730515555097,
S0037_R08,3702034,truck_only,S0037,n50_p0.75_d2_uniform_Elow_V2.00_Hmedium_PWbase_B0.20,50,0.76,0.75,2,3,low,2.0,uniform,medium,base,0.2,100.0,20.0,1.0,peripheral,67258.04057653128,401.79540813425206,0.0,0.0,66856.24516839703,66856.24516839703,404.1598126145266,1319.0496583673873,59.270739596612685,1782.4802105785266,40415.98126145266,26380.993167347748,59.270739596612685,0.0,423.48379285911585,502.2442601678149,0.0,50,0,0.0,0,0,0.0,0.0,0.0,0.0,0.0,0.0,0,0.0,0.0,0,0,0,0.02806878089904785,0.0,0.0,0.0,True,feasible,baseline_truck_only,67258.04057653128,502.2442601678149,,,,0.0,True,feasible_only,0.0,67258.04057653128,True,67258.04057653128,,,
S0037_R08,3702034,nils,S0037,n50_p0.75_d2_uniform_Elow_V2.00_Hmedium_PWbase_B0.20,50,0.76,0.75,2,3,low,2.0,uniform,medium,base,0.2,100.0,20.0,1.0,peripheral,11691.842639664845,215.6688791077402,24.503834982281425,0.0,11451.669925574823,11451.669925574823,112.09331163281783,12.116938114651987,0.0,124.21024974746982,11209.331163281782,242.33876229303974,0.0,0.0,189.38580208740774,269.58609888467527,81.67944994093807,41,9,0.18,2,2,4.5,4.5,0.0,0.0,0.0,0.0,0,0.7909735662386719,0.7983524680761388,0,1280,1280,1.6906204223632812,25.0,12.0,272.0,True,feasible,nils_complete,67258.04057653128,502.2442601678149,,82.61643880873844,,46.323707354147075,True,feasible_only,0.0,11691.842639664845,True,67258.04057653128,,82.61643880873844,
S0037_R09,3702035,truck_only,S0037,n50_p0.75_d2_uniform_Elow_V2.00_Hmedium_PWbase_B0.20,50,0.76,0.75,2,3,low,2.0,uniform,medium,base,0.2,100.0,20.0,1.0,peripheral,100035.24896066666,328.8541464527746,0.0,0.0,99706.39481421388,99706.39481421388,928.4054721162287,339.5948639435353,73.95032372031218,1341.950659780076,92840.54721162286,6791.897278870706,73.95032372031218,0.0,332.32440822700687,411.06768306596825,0.0,50,0,0.0,0,0,0.0,0.0,0.0,0.0,0.0,0.0,0,0.0,0.0,0,0,0,0.03523588180541992,0.0,0.0,0.0,True,feasible,baseline_truck_only,100035.24896066666,411.06768306596825,,,,0.0,True,feasible_only,0.0,100035.24896066666,True,100035.24896066666,,,
S0037_R09,3702035,nils,S0037,n50_p0.75_d2_uniform_Elow_V2.00_Hmedium_PWbase_B0.20,50,0.76,0.75,2,3,low,2.0,uniform,medium,base,0.2,100.0,20.0,1.0,peripheral,20620.615606056406,205.90767058038304,23.74983157320752,0.0,20390.958103902816,20390.958103902816,200.2931978645147,18.081915872567166,0.0,218.37511373708185,20029.31978645147,361.6383174513433,0.0,0.0,200.30154832141628,257.38458822547886,79.16610524402506,42,8,0.16,2,2,4.0,4.0,0.0,0.0,0.0,0.0,0,0.7672564475245311,0.7924403602302751,0,1410,1410,1.091949701309204,25.0,8.0,162.0,False,infeasible,nils_complete,100035.24896066666,411.06768306596825,,79.3866503854413,,37.38632375433568,False,feasible_only,0.0,,False,100035.24896066666,,,
S0037_R10,3702036,truck_only,S0037,n50_p0.75_d2_uniform_Elow_V2.00_Hmedium_PWbase_B0.20,50,0.76,0.75,2,3,low,2.0,uniform,medium,base,0.2,100.0,20.0,1.0,peripheral,82327.39663014727,310.9638496712565,0.0,0.0,82016.43278047601,82016.43278047601,739.3447982623542,404.0976477120298,0.0,1143.442445974384,73934.47982623542,8081.952954240596,0.0,0.0,262.7659078369334,388.7048120890707,0.0,50,0,0.0,0,0,0.0,0.0,0.0,0.0,0.0,0.0,0,0.0,0.0,0,0,0,0.022562742233276367,0.0,0.0,0.0,True,feasible,baseline_truck_only,82327.39663014727,388.7048120890707,,,,0.0,True,feasible_only,0.0,82327.39663014727,True,82327.39663014727,,,
S0037_R10,3702036,nils,S0037,n50_p0.75_d2_uniform_Elow_V2.00_Hmedium_PWbase_B0.20,50,0.76,0.75,2,3,low,2.0,uniform,medium,base,0.2,100.0,20.0,1.0,peripheral,3705.9804892677666,173.50663981566524,23.345531933060762,0.0,3509.1283175190406,3509.1283175190406,35.091283175190405,0.0,0.0,35.091283175190405,3509.1283175190406,0.0,0.0,0.0,167.67387087448475,216.88329976958158,77.81843977686921,42,8,0.16,2,2,4.0,4.0,0.0,0.0,0.0,0.0,0,0.7484478807759629,0.7702089129299104,0,1334,1334,1.3336968421936035,25.0,8.0,218.0,True,feasible,nils_complete,82327.39663014727,388.7048120890707,,95.49848453739314,,44.20359794262507,True,feasible_only,0.0,3705.9804892677666,True,82327.39663014727,,95.49848453739314,
S0038_R01,3802027,truck_only,S0038,n50_p0.75_d1_uniform_Elow_V2.00_Hlong_PWbase_B0.20,50,0.76,0.75,1,3,low,2.0,uniform,long,base,0.2,100.0,20.0,1.0,peripheral,98244.38447954303,349.2083120825824,0.0,0.0,97895.17616746045,97895.17616746045,823.6499578653688,773.6240923716618,57.69853349034486,1654.9725837273754,82364.99578653688,15472.481847433237,57.69853349034486,0.0,322.8981454808747,436.51039010322785,0.0,50,0,0.0,0,0,0.0,0.0,0.0,0.0,0.0,0.0,0,0.0,0.0,0,0,0,0.023749828338623047,0.0,0.0,0.0,True,feasible,baseline_truck_only,98244.38447954303,436.51039010322785,,,,0.0,True,feasible_only,0.0,98244.38447954303,True,98244.38447954303,,,
S0038_R01,3802027,nils,S0038,n50_p0.75_d1_uniform_Elow_V2.00_Hlong_PWbase_B0.20,50,0.76,0.75,1,3,low,2.0,uniform,long,base,0.2,100.0,20.0,1.0,peripheral,9970.425896384664,220.1266580512846,13.004849759437366,0.0,9737.294388573942,9737.294388573942,88.2080548723421,45.8244450669867,0.0,134.0324999393288,8820.80548723421,916.488901339734,0.0,0.0,192.67071916672342,275.15832256410573,43.349499198124555,45,5,0.1,1,1,5.0,5.0,0.0,0.0,0.0,0.0,0,0.7993410704945553,0.7993410704945553,0,726,726,1.1553242206573486,25.0,7.0,116.0,True,feasible,nils_complete,98244.38447954303,436.51039010322785,,89.8514037731482,,36.96408406245837,True,feasible_only,0.0,9970.425896384664,True,98244.38447954303,,89.8514037731482,
S0038_R02,3802028,truck_only,S0038,n50_p0.75_d1_uniform_Elow_V2.00_Hlong_PWbase_B0.20,50,0.76,0.75,1,3,low,2.0,uniform,long,base,0.2,100.0,20.0,1.0,peripheral,110809.36732500939,337.1739007631337,0.0,0.0,110472.19342424624,110472.19342424624,933.8717836507518,853.6732000393339,11.551058384402978,1799.0960420744887,93387.17836507517,17073.464000786676,11.551058384402978,0.0,326.6567329763421,421.4673759539171,0.0,50,0,0.0,0,0,0.0,0.0,0.0,0.0,0.0,0.0,0,0.0,0.0,0,0,0,0.024288654327392578,0.0,0.0,0.0,True,feasible,baseline_truck_only,110809.36732500939,421.4673759539171,,,,0.0,True,feasible_only,0.0,110809.36732500939,True,110809.36732500939,,,
S0038_R02,3802028,nils,S0038,n50_p0.75_d1_uniform_Elow_V2.00_Hlong_PWbase_B0.20,50,0.76,0.75,1,3,low,2.0,uniform,long,base,0.2,100.0,20.0,1.0,peripheral,32678.35914470001,217.9306601540459,12.7084792489644,0.0,32447.720005297,32447.720005297,310.9668412788298,67.5517938707009,0.0,378.5186351495307,31096.68412788298,1351.0358774140182,0.0,0.0,209.4167262925774,272.41332519255735,42.361597496548,47,3,0.06,1,1,3.0,3.0,0.0,0.0,0.0,0.0,0,0.788550005028581,0.788550005028581,0,357,357,0.6269793510437012,12.0,3.0,69.0,True,feasible,nils_complete,110809.36732500939,421.4673759539171,,70.50938929300737,,35.36550140423139,True,feasible_only,0.0,32678.35914470001,True,110809.36732500939,,70.50938929300737,
S0038_R03,3802029,truck_only,S0038,n50_p0.75_d1_uniform_Elow_V2.00_Hlong_PWbase_B0.20,50,0.76,0.75,1,3,low,2.0,uniform,long,base,0.2,100.0,20.0,1.0,peripheral,34993.649224046145,341.11164235150505,0.0,0.0,34652.53758169464,34652.53758169464,247.44159928382084,488.9186594268044,130.0044647764684,866.3647234870937,24744.159928382083,9778.373188536088,130.0044647764684,0.0,358.9957113190627,426.3895529393814,0.0,50,0,0.0,0,0,0.0,0.0,0.0,0.0,0.0,0.0,0,0.0,0.0,0,0,0,0.020463943481445312,0.0,0.0,0.0,True,feasible,baseline_truck_only,34993.649224046145,426.3895529393814,,,,0.0,True,feasible_only,0.0,34993.649224046145,True,34993.649224046145,,,
S0038_R03,3802029,nils,S0038,n50_p0.75_d1_uniform_Elow_V2.00_Hlong_PWbase_B0.20,50,0.76,0.75,1,3,low,2.0,uniform,long,base,0.2,100.0,20.0,1.0,peripheral,5756.249899389017,203.34387325754986,12.49846935925551,0.0,5540.407556772211,5540.407556772211,54.23480626848109,5.846346496205101,0.0,60.08115276468619,5423.480626848109,116.92692992410201,0.0,0.0,168.3634225780615,254.17984157193726,41.661564530851706,45,5,0.1,1,1,5.0,5.0,0.0,0.0,0.0,0.0,0,0.7976370903461546,0.7976370903461546,0,536,536,1.0932602882385254,19.0,6.0,108.0,True,feasible,nils_complete,34993.649224046145,426.3895529393814,,83.550586957837,,40.38788243761842,True,feasible_only,0.0,5756.249899389017,True,34993.649224046145,,83.550586957837,
S0038_R04,3802030,truck_only,S0038,n50_p0.75_d1_uniform_Elow_V2.00_Hlong_PWbase_B0.20,50,0.76,0.75,1,3,low,2.0,uniform,long,base,0.2,100.0,20.0,1.0,peripheral,102468.13944180368,340.6040137229049,0.0,0.0,102127.53542808078,102127.53542808078,881.9959705887129,693.054699544786,66.84437831375999,1641.895048447259,88199.5970588713,13861.093990895719,66.84437831375999,0.0,348.5219280910989,425.7550171536311,0.0,50,0,0.0,0,0,0.0,0.0,0.0,0.0,0.0,0.0,0,0.0,0.0,0,0,0,0.01802372932434082,0.0,0.0,0.0,True,feasible,baseline_truck_only,102468.13944180368,425.7550171536311,,,,0.0,True,feasible_only,0.0,102468.13944180368,True,102468.13944180368,,,
S0038_R04,3802030,nils,S0038,n50_p0.75_d1_uniform_Elow_V2.00_Hlong_PWbase_B0.20,50,0.76,0.75,1,3,low,2.0,uniform,long,base,0.2,100.0,20.0,1.0,peripheral,13579.023701282174,212.70529997431103,12.207911350646969,0.0,13354.110489957216,13354.110489957216,122.94408694368781,52.98508977942187,0.0,175.92917672310966,12294.40869436878,1059.7017955884373,0.0,0.0,198.87733317696336,265.8816249678888,40.6930378354899,48,2,0.04,1,1,2.0,2.0,0.0,0.0,0.0,0.0,0,0.7582609076937923,0.7582609076937923,0,538,538,0.6659388542175293,16.0,3.0,41.0,True,feasible,nils_complete,102468.13944180368,425.7550171536311,,86.74805283354021,,37.5505597689887,True,feasible_only,0.0,13579.023701282174,True,102468.13944180368,,86.74805283354021,
S0038_R05,3802031,truck_only,S0038,n50_p0.75_d1_uniform_Elow_V2.00_Hlong_PWbase_B0.20,50,0.76,0.75,1,3,low,2.0,uniform,long,base,0.2,100.0,20.0,1.0,peripheral,127956.79625173954,430.7870244793725,0.0,0.0,127526.00922726016,127526.00922726016,1065.0282146624188,1049.6095953642862,30.995853732576904,2145.6336637592817,106502.82146624188,20992.191907285724,30.995853732576904,0.0,376.4742956200956,538.4837805992157,0.0,50,0,0.0,0,0,0.0,0.0,0.0,0.0,0.0,0.0,0,0.0,0.0,0,0,0,0.020150423049926758,0.0,0.0,0.0,True,feasible,baseline_truck_only,127956.79625173954,538.4837805992157,,,,0.0,True,feasible_only,0.0,127956.79625173954,True,127956.79625173954,,,
S0038_R05,3802031,nils,S0038,n50_p0.75_d1_uniform_Elow_V2.00_Hlong_PWbase_B0.20,50,0.76,0.75,1,3,low,2.0,uniform,long,base,0.2,100.0,20.0,1.0,peripheral,9579.138523507181,236.5483608255728,11.891078522117464,0.0,9330.69908415949,9330.69908415949,84.61472051852101,43.46135161536945,0.0,128.07607213389048,8461.4720518521,869.227032307389,0.0,0.0,204.37387443934017,295.685451031966,39.636928407058214,47,3,0.06,1,1,3.0,3.0,0.0,0.0,0.0,0.0,0,0.7741402144407517,0.7741402144407517,0,820,820,0.9842445850372314,25.0,4.0,61.0,True,feasible,nils_complete,127956.79625173954,538.4837805992157,,92.51377120707103,,45.089255854107215,True,feasible_only,0.0,9579.138523507181,True,127956.79625173954,,92.51377120707103,
S0038_R06,3802032,truck_only,S0038,n50_p0.75_d1_uniform_Elow_V2.00_Hlong_PWbase_B0.20,50,0.76,0.75,1,3,low,2.0,uniform,long,base,0.2,100.0,20.0,1.0,peripheral,62803.05219764635,328.27269783141014,0.0,0.0,62474.77949981494,62474.77949981494,544.3457162469317,400.97592157203195,20.689443681137533,966.0110815001011,54434.57162469317,8019.518431440639,20.689443681137533,0.0,297.5581439721399,410.3408722892626,0.0,50,0,0.0,0,0,0.0,0.0,0.0,0.0,0.0,0.0,0,0.0,0.0,0,0,0,0.020335674285888672,0.0,0.0,0.0,True,feasible,baseline_truck_only,62803.05219764635,410.3408722892626,,,,0.0,True,feasible_only,0.0,62803.05219764635,True,62803.05219764635,,,
S0038_R06,3802032,nils,S0038,n50_p0.75_d1_uniform_Elow_V2.00_Hlong_PWbase_B0.20,50,0.76,0.75,1,3,low,2.0,uniform,long,base,0.2,100.0,20.0,1.0,peripheral,9638.535884128009,174.70853758854767,8.035215969920861,0.0,9455.79213056954,9455.79213056954,91.1990131377404,16.794540839774996,0.0,107.99355397751539,9119.90131377404,335.8908167954999,0.0,0.0,184.9926233901382,218.38567198568455,26.784053233069535,48,2,0.04,1,1,2.0,2.0,0.0,0.0,0.0,0.0,0,0.49104558588924463,0.49104558588924463,0,800,800,1.0711746215820312,25.0,2.0,81.0,True,feasible,nils_complete,62803.05219764635,410.3408722892626,,84.65275882803475,,46.779449298499955,True,feasible_only,0.0,9638.535884128009,True,62803.05219764635,,84.65275882803475,
S0038_R07,3802033,truck_only,S0038,n50_p0.75_d1_uniform_Elow_V2.00_Hlong_PWbase_B0.20,50,0.76,0.75,1,3,low,2.0,uniform,long,base,0.2,100.0,20.0,1.0,peripheral,152801.54127782097,404.0064344510034,0.0,0.0,152397.53484336997,152397.53484336997,1212.1679316020031,1550.2843085788031,175.05551159361835,2937.507751774425,121216.79316020031,31005.68617157606,175.05551159361835,0.0,459.271938497853,505.00804306375426,0.0,50,0,0.0,0,0,0.0,0.0,0.0,0.0,0.0,0.0,0,0.0,0.0,0,0,0,0.02362680435180664,0.0,0.0,0.0,True,feasible,baseline_truck_only,152801.54127782097,505.00804306375426,,,,0.0,True,feasible_only,0.0,152801.54127782097,True,152801.54127782097,,,
S0038_R07,3802033,nils,S0038,n50_p0.75_d1_uniform_Elow_V2.00_Hlong_PWbase_B0.20,50,0.76,0.75,1,3,low,2.0,uniform,long,base,0.2,100.0,20.0,1.0,peripheral,14838.843981708678,240.54237989280438,11.652130060996194,0.0,14586.649471754878,14586.649471754878,106.94668940164158,194.59902657953606,0.0,301.54571598117764,10694.668940164158,3891.980531590721,0.0,0.0,233.34949144211973,300.6779748660055,38.84043353665398,47,3,0.06,1,1,3.0,3.0,0.0,0.0,0.0,0.0,0,0.7550227113098609,0.7550227113098609,0,827,827,1.5586817264556885,25.0,7.0,54.0,True,feasible,nils_complete,152801.54127782097,505.00804306375426,,90.2888126274008,,40.46075523037824,True,feasible_only,0.0,14838.843981708678,True,152801.54127782097,,90.2888126274008,
S0038_R08,3802034,truck_only,S0038,n50_p0.75_d1_uniform_Elow_V2.00_Hlong_PWbase_B0.20,50,0.76,0.75,1,3,low,2.0,uniform,long,base,0.2,100.0,20.0,1.0,peripheral,148526.19863000087,362.6358776935169,0.0,0.0,148163.56275230736,148163.56275230736,1226.9468745525269,1258.1632583228559,305.61013059753327,2790.7202634729165,122694.68745525269,25163.265166457117,305.61013059753327,0.0,386.7692416947551,453.29484711689594,0.0,50,0,0.0,0,0,0.0,0.0,0.0,0.0,0.0,0.0,0,0.0,0.0,0,0,0,0.03137063980102539,0.0,0.0,0.0,True,feasible,baseline_truck_only,148526.19863000087,453.29484711689594,,,,0.0,True,feasible_only,0.0,148526.19863000087,True,148526.19863000087,,,
S0038_R08,3802034,nils,S0038,n50_p0.75_d1_uniform_Elow_V2.00_Hlong_PWbase_B0.20,50,0.76,0.75,1,3,low,2.0,uniform,long,base,0.2,100.0,20.0,1.0,peripheral,14119.115815222724,226.94891401450013,13.082132534651823,0.0,13879.084768673572,13879.084768673572,130.9797160916,39.055657975678514,0.0,170.03537406727852,13097.97160916,781.1131595135703,0.0,0.0,204.01231764222248,283.68614251812517,43.60710844883941,46,4,0.08,1,1,4.0,4.0,0.0,0.0,0.0,0.0,0,0.7900990383639047,0.7900990383639047,0,772,772,1.10798978805542,25.0,5.0,88.0,True,feasible,nils_complete,148526.19863000087,453.29484711689594,,90.49385499295288,,37.41686138228525,True,feasible_only,0.0,14119.115815222724,True,148526.19863000087,,90.49385499295288,
S0038_R09,3802035,truck_only,S0038,n50_p0.75_d1_uniform_Elow_V2.00_Hlong_PWbase_B0.20,50,0.76,0.75,1,3,low,2.0,uniform,long,base,0.2,100.0,20.0,1.0,peripheral,78380.1732450465,355.1055603991334,0.0,0.0,78025.06768464738,78025.06768464738,573.0473374346353,1024.0693187746988,238.94756568987455,1836.0642218992086,57304.733743463534,20481.386375493974,238.94756568987455,0.0,362.4797165951827,443.8819504989168,0.0,50,0,0.0,0,0,0.0,0.0,0.0,0.0,0.0,0.0,0,0.0,0.0,0,0,0,0.023319721221923828,0.0,0.0,0.0,True,feasible,baseline_truck_only,78380.1732450465,443.8819504989168,,,,0.0,True,feasible_only,0.0,78380.1732450465,True,78380.1732450465,,,
S0038_R09,3802035,nils,S0038,n50_p0.75_d1_uniform_Elow_V2.00_Hlong_PWbase_B0.20,50,0.76,0.75,1,3,low,2.0,uniform,long,base,0.2,100.0,20.0,1.0,peripheral,20501.88411565996,233.0183200019493,12.002459291532457,0.0,20256.863336366478,20256.863336366478,184.54844311578938,90.10095123937694,0.0,274.64939435516635,18454.844311578938,1802.019024787539,0.0,0.0,204.26476269025497,291.2729000024366,40.00819763844152,46,4,0.08,1,1,4.0,4.0,0.0,0.0,0.0,0.0,0,0.7903117278666781,0.7903117278666781,0,805,805,1.0698330402374268,25.0,6.0,55.0,True,feasible,nils_complete,78380.1732450465,443.8819504989168,,73.84302270988455,,34.38054877540073,True,feasible_only,0.0,20501.88411565996,True,78380.1732450465,,73.84302270988455,
S0038_R10,3802036,truck_only,S0038,n50_p0.75_d1_uniform_Elow_V2.00_Hlong_PWbase_B0.20,50,0.76,0.75,1,3,low,2.0,uniform,long,base,0.2,100.0,20.0,1.0,peripheral,199271.98535574385,365.4541202838307,0.0,0.0,198906.53123546002,198906.53123546002,1900.1218455679164,433.5734833325052,222.87701201826187,2556.572340918683,190012.18455679165,8671.469666650104,222.87701201826187,0.0,403.8198337062058,456.8176503547885,0.0,50,0,0.0,0,0,0.0,0.0,0.0,0.0,0.0,0.0,0,0.0,0.0,0,0,0,0.022281169891357422,0.0,0.0,0.0,True,feasible,baseline_truck_only,199271.98535574385,456.8176503547885,,,,0.0,True,feasible_only,0.0,199271.98535574385,True,199271.98535574385,,,
S0038_R10,3802036,nils,S0038,n50_p0.75_d1_uniform_Elow_V2.00_Hlong_PWbase_B0.20,50,0.76,0.75,1,3,low,2.0,uniform,long,base,0.2,100.0,20.0,1.0,peripheral,33005.79675405177,195.5641342983376,12.116337586132275,0.0,32798.1162821673,32798.1162821673,322.34263513838556,28.192638416437376,0.0,350.53527355482294,32234.263513838556,563.8527683287475,0.0,0.0,214.83819130575188,244.45516787292195,40.387791953774254,47,3,0.06,1,1,3.0,3.0,0.0,0.0,0.0,0.0,0,0.7613310299565809,0.7613310299565809,0,437,437,0.7116780281066895,14.0,3.0,59.0,True,feasible,nils_complete,199271.98535574385,456.8176503547885,,83.43681040005235,,46.48736368153348,True,feasible_only,0.0,33005.79675405177,True,199271.98535574385,,83.43681040005235,
S0039_R01,3902027,truck_only,S0039,n50_p0.75_d1_uniform_Emedium_V1.25_Hshort_PWmoderate_B0.20,50,0.76,0.75,1,3,medium,1.25,uniform,short,moderate,0.2,20.0,5.0,1.0,peripheral,16740.30781654153,373.46980903479056,0.0,0.0,16366.838007506742,16366.838007506742,687.4360309926427,501.82611619517434,108.98680667801506,1298.248953865832,13748.720619852855,2509.1305809758715,108.98680667801506,0.0,337.225490005654,466.83726129348815,0.0,50,0,0.0,0,0,0.0,0.0,0.0,0.0,0.0,0.0,0,0.0,0.0,0,0,0,0.026998043060302734,0.0,0.0,0.0,True,feasible,baseline_truck_only,16740.30781654153,466.83726129348815,,,,0.0,True,feasible_only,0.0,16740.30781654153,True,16740.30781654153,,,
S0039_R01,3902027,nils,S0039,n50_p0.75_d1_uniform_Emedium_V1.25_Hshort_PWmoderate_B0.20,50,0.76,0.75,1,3,medium,1.25,uniform,short,moderate,0.2,20.0,5.0,1.0,peripheral,3421.4975780190157,232.53673023667696,9.433695506032688,0.0,3179.527152276306,3179.527152276306,139.42939408755785,78.18785410502987,0.0,217.61724819258774,2788.587881751157,390.93927052514937,0.0,0.0,208.95925871224586,290.6709127958462,31.445651686775626,48,2,0.04,1,1,2.0,2.0,0.0,0.0,0.0,0.0,0,0.6445158507664901,0.6445158507664901,0,799,799,0.9445004463195801,25.0,2.0,61.0,True,feasible,nils_complete,16740.30781654153,466.83726129348815,,79.56132219601035,,37.73613700190286,True,feasible_only,0.0,3421.4975780190157,True,16740.30781654153,,79.56132219601035,
S0039_R02,3902028,truck_only,S0039,n50_p0.75_d1_uniform_Emedium_V1.25_Hshort_PWmoderate_B0.20,50,0.76,0.75,1,3,medium,1.25,uniform,short,moderate,0.2,20.0,5.0,1.0,peripheral,20436.749427193005,428.1440653035857,0.0,0.0,20008.60536188942,20008.60536188942,909.067261110494,329.89362384896793,177.7920204347014,1416.7529053941635,18181.34522220988,1649.4681192448397,177.7920204347014,0.0,353.8850233107593,535.1800816294822,0.0,50,0,0.0,0,0,0.0,0.0,0.0,0.0,0.0,0.0,0,0.0,0.0,0,0,0,0.02183675765991211,0.0,0.0,0.0,True,feasible,baseline_truck_only,20436.749427193005,535.1800816294822,,,,0.0,True,feasible_only,0.0,20436.749427193005,True,20436.749427193005,,,
S0039_R02,3902028,nils,S0039,n50_p0.75_d1_uniform_Emedium_V1.25_Hshort_PWmoderate_B0.20,50,0.76,0.75,1,3,medium,1.25,uniform,short,moderate,0.2,20.0,5.0,1.0,peripheral,3935.036856140552,233.0207409724147,10.813878117643997,0.0,3691.2022370504933,3691.2022370504933,184.56011185252467,0.0,0.0,184.56011185252467,3691.2022370504933,0.0,0.0,0.0,182.37966195574248,291.2759262155183,36.04626039214666,43,7,0.14,1,1,7.0,7.0,0.0,0.0,0.0,0.0,0,0.7987817137822298,0.7987817137822298,0,688,688,1.2414891719818115,25.0,7.0,115.0,True,feasible,nils_complete,20436.749427193005,535.1800816294822,,80.74528989965197,,45.57422142306568,True,feasible_only,0.0,3935.036856140552,True,20436.749427193005,,80.74528989965197,
S0039_R03,3902029,truck_only,S0039,n50_p0.75_d1_uniform_Emedium_V1.25_Hshort_PWmoderate_B0.20,50,0.76,0.75,1,3,medium,1.25,uniform,short,moderate,0.2,20.0,5.0,1.0,peripheral,29399.989955176545,359.57898801067523,0.0,0.0,29040.41096716587,29040.41096716587,1102.303682266814,1272.8251387447988,630.211628105596,3005.3404491172087,22046.073645336277,6364.125693723994,630.211628105596,0.0,472.7249572957977,449.47373501334414,0.0,50,0,0.0,0,0,0.0,0.0,0.0,0.0,0.0,0.0,0,0.0,0.0,0,0,0,0.02133631706237793,0.0,0.0,0.0,True,feasible,baseline_truck_only,29399.989955176545,449.47373501334414,,,,0.0,True,feasible_only,0.0,29399.989955176545,True,29399.989955176545,,,
S0039_R03,3902029,nils,S0039,n50_p0.75_d1_uniform_Emedium_V1.25_Hshort_PWmoderate_B0.20,50,0.76,0.75,1,3,medium,1.25,uniform,short,moderate,0.2,20.0,5.0,1.0,peripheral,6006.072356130122,236.61128439338796,11.336842899557364,0.0,5758.124228837177,5758.124228837177,270.038245710838,71.47186292408355,0.0,341.51010863492155,5400.76491421676,357.35931462041776,0.0,0.0,212.10025321164392,295.7641054917349,37.78947633185788,47,3,0.06,1,1,3.0,3.0,0.0,0.0,0.0,0.0,0,0.7989173688985943,0.7989173688985943,0,842,842,1.055804967880249,25.0,4.0,39.0,True,feasible,nils_complete,29399.989955176545,449.47373501334414,,79.57117548241673,,34.19768888543529,True,feasible_only,0.0,6006.072356130122,True,29399.989955176545,,79.57117548241673,
S0039_R04,3902030,truck_only,S0039,n50_p0.75_d1_uniform_Emedium_V1.25_Hshort_PWmoderate_B0.20,50,0.76,0.75,1,3,medium,1.25,uniform,short,moderate,0.2,20.0,5.0,1.0,peripheral,34579.06755396672,370.9800766642694,0.0,0.0,34208.08747730245,34208.08747730245,1432.7092528214664,1060.2945603868322,252.4296189389524,2745.433432147251,28654.185056429327,5301.472801934161,252.4296189389524,0.0,366.1184977007314,463.7250958303369,0.0,50,0,0.0,0,0,0.0,0.0,0.0,0.0,0.0,0.0,0,0.0,0.0,0,0,0,0.019761085510253906,0.0,0.0,0.0,True,feasible,baseline_truck_only,34579.06755396672,463.7250958303369,,,,0.0,True,feasible_only,0.0,34579.06755396672,True,34579.06755396672,,,
S0039_R04,3902030,nils,S0039,n50_p0.75_d1_uniform_Emedium_V1.25_Hshort_PWmoderate_B0.20,50,0.76,0.75,1,3,medium,1.25,uniform,short,moderate,0.2,20.0,5.0,1.0,peripheral,5433.397862801676,206.36471879341693,10.310587872918465,0.0,5216.722556135341,5216.722556135341,242.2122192165044,74.49563436105049,0.0,316.7078535775549,4844.244384330088,372.4781718052525,0.0,0.0,206.64674756016737,257.95589849177117,34.36862624306155,47,3,0.06,1,1,3.0,3.0,0.0,0.0,0.0,0.0,0,0.7318830182181045,0.7318830182181045,0,532,532,0.7284750938415527,16.0,4.0,34.0,True,feasible,nils_complete,34579.06755396672,463.7250958303369,,84.28703187463947,,44.37309931870724,True,feasible_only,0.0,5433.397862801676,True,34579.06755396672,,84.28703187463947,
S0039_R05,3902031,truck_only,S0039,n50_p0.75_d1_uniform_Emedium_V1.25_Hshort_PWmoderate_B0.20,50,0.76,0.75,1,3,medium,1.25,uniform,short,moderate,0.2,20.0,5.0,1.0,peripheral,32482.993676297352,357.7323694399115,0.0,0.0,32125.26130685744,32125.26130685744,1506.1438770471175,393.37267096130137,35.52041110858303,1935.0369591170017,30122.87754094235,1966.8633548065068,35.52041110858303,0.0,319.656866228539,447.1654617998893,0.0,50,0,0.0,0,0,0.0,0.0,0.0,0.0,0.0,0.0,0,0.0,0.0,0,0,0,0.02133011817932129,0.0,0.0,0.0,True,feasible,baseline_truck_only,32482.993676297352,447.1654617998893,,,,0.0,True,feasible_only,0.0,32482.993676297352,True,32482.993676297352,,,
S0039_R05,3902031,nils,S0039,n50_p0.75_d1_uniform_Emedium_V1.25_Hshort_PWmoderate_B0.20,50,0.76,0.75,1,3,medium,1.25,uniform,short,moderate,0.2,20.0,5.0,1.0,peripheral,7131.5251571957215,223.33661824760557,10.26451273700856,0.0,6897.924026211107,6897.924026211107,344.8962013105554,0.0,0.0,344.8962013105554,6897.924026211108,0.0,0.0,0.0,201.28589009660354,279.170772809507,34.21504245669521,46,4,0.08,1,1,4.0,4.0,0.0,0.0,0.0,0.0,0,0.768275181151941,0.768275181151941,0,817,817,0.9299502372741699,25.0,6.0,44.0,True,feasible,nils_complete,32482.993676297352,447.1654617998893,,78.0453574314502,,37.56879798233645,True,feasible_only,0.0,7131.5251571957215,True,32482.993676297352,,78.0453574314502,
S0039_R06,3902032,truck_only,S0039,n50_p0.75_d1_uniform_Emedium_V1.25_Hshort_PWmoderate_B0.20,50,0.76,0.75,1,3,medium,1.25,uniform,short,moderate,0.2,20.0,5.0,1.0,peripheral,24813.91595002066,369.2498392843683,0.0,0.0,24444.66611073629,24444.66611073629,799.9945977564794,1674.2872612814183,73.3378491996084,2547.6197082375056,15999.891955129588,8371.436306407091,73.3378491996084,0.0,395.61570858750497,461.56229910546045,0.0,50,0,0.0,0,0,0.0,0.0,0.0,0.0,0.0,0.0,0,0.0,0.0,0,0,0,0.024367809295654297,0.0,0.0,0.0,True,feasible,baseline_truck_only,24813.91595002066,461.56229910546045,,,,0.0,True,feasible_only,0.0,24813.91595002066,True,24813.91595002066,,,
S0039_R06,3902032,nils,S0039,n50_p0.75_d1_uniform_Emedium_V1.25_Hshort_PWmoderate_B0.20,50,0.76,0.75,1,3,medium,1.25,uniform,short,moderate,0.2,20.0,5.0,1.0,peripheral,1793.648506108242,233.40372547607234,10.603669118020266,0.0,1549.6411115141493,1549.6411115141493,9.766789423621496,270.8610646083439,0.0,280.6278540319654,195.33578847242993,1354.3053230417195,0.0,0.0,213.1735233557523,291.75465684509044,35.34556372673423,44,6,0.12,1,1,6.0,6.0,0.0,0.0,0.0,0.0,0,0.7941064495578098,0.7941064495578098,0,569,569,0.94240403175354,20.0,7.0,92.0,True,feasible,nils_complete,24813.91595002066,461.56229910546045,,92.77160239552295,,36.78975570350285,True,feasible_only,0.0,1793.648506108242,True,24813.91595002066,,92.77160239552295,
S0039_R07,3902033,truck_only,S0039,n50_p0.75_d1_uniform_Emedium_V1.25_Hshort_PWmoderate_B0.20,50,0.76,0.75,1,3,medium,1.25,uniform,short,moderate,0.2,20.0,5.0,1.0,peripheral,15123.185022793368,370.67544152498476,0.0,0.0,14752.509581268383,14752.509581268383,577.6970966399845,631.5195501080334,40.969897928524944,1250.1865446765428,11553.94193279969,3157.597750540167,40.969897928524944,0.0,309.8404878896105,463.34430190623107,0.0,50,0,0.0,0,0,0.0,0.0,0.0,0.0,0.0,0.0,0,0.0,0.0,0,0,0,0.02440357208251953,0.0,0.0,0.0,True,feasible,baseline_truck_only,15123.185022793368,463.34430190623107,,,,0.0,True,feasible_only,0.0,15123.185022793368,True,15123.185022793368,,,
S0039_R07,3902033,nils,S0039,n50_p0.75_d1_uniform_Emedium_V1.25_Hshort_PWmoderate_B0.20,50,0.76,0.75,1,3,medium,1.25,uniform,short,moderate,0.2,20.0,5.0,1.0,peripheral,2760.743928783157,253.8277870627556,11.372810490494988,0.0,2495.5433312299065,2495.5433312299065,92.26732000296269,130.03938623413057,0.0,222.30670623709327,1845.346400059254,650.1969311706529,0.0,0.0,205.20625843436017,317.2847338284445,37.90936830164996,48,2,0.04,1,1,2.0,2.0,0.0,0.0,0.0,0.0,0,0.7919353624519642,0.7919353624519642,0,678,678,0.8365399837493896,20.0,3.0,45.0,True,feasible,nils_complete,15123.185022793368,463.34430190623107,,81.7449570006436,,31.522901539284554,True,feasible_only,0.0,2760.743928783157,True,15123.185022793368,,81.7449570006436,
S0039_R08,3902034,truck_only,S0039,n50_p0.75_d1_uniform_Emedium_V1.25_Hshort_PWmoderate_B0.20,50,0.76,0.75,1,3,medium,1.25,uniform,short,moderate,0.2,20.0,5.0,1.0,peripheral,17729.172164702493,335.83568995383655,0.0,0.0,17393.336474748656,17393.336474748656,672.1664234136223,784.4679775138434,27.668118906993783,1484.3025198344596,13443.328468272446,3922.339887569217,27.668118906993783,0.0,313.1395660789208,419.79461244229566,0.0,50,0,0.0,0,0,0.0,0.0,0.0,0.0,0.0,0.0,0,0.0,0.0,0,0,0,0.019617795944213867,0.0,0.0,0.0,True,feasible,baseline_truck_only,17729.172164702493,419.79461244229566,,,,0.0,True,feasible_only,0.0,17729.172164702493,True,17729.172164702493,,,
S0039_R08,3902034,nils,S0039,n50_p0.75_d1_uniform_Emedium_V1.25_Hshort_PWmoderate_B0.20,50,0.76,0.75,1,3,medium,1.25,uniform,short,moderate,0.2,20.0,5.0,1.0,peripheral,2160.543653537107,227.70988587735394,10.89494546896055,0.0,1921.9388221907923,1921.9388221907923,87.82030521816495,33.106543565498654,0.0,120.9268487836636,1756.406104363299,165.5327178274933,0.0,0.0,188.0870609949539,284.63735734669245,36.31648489653518,45,5,0.1,1,1,5.0,5.0,0.0,0.0,0.0,0.0,0,0.7838530177761961,0.7838530177761961,0,523,523,0.865311861038208,18.0,5.0,77.0,True,feasible,nils_complete,17729.172164702493,419.79461244229566,,87.81362359468429,,32.19604327680164,True,feasible_only,0.0,2160.543653537107,True,17729.172164702493,,87.81362359468429,
S0039_R09,3902035,truck_only,S0039,n50_p0.75_d1_uniform_Emedium_V1.25_Hshort_PWmoderate_B0.20,50,0.76,0.75,1,3,medium,1.25,uniform,short,moderate,0.2,20.0,5.0,1.0,peripheral,32617.50672689129,365.1922530083731,0.0,0.0,32252.314473882918,32252.314473882918,1145.81347311864,1547.8147140665162,1596.9714411775335,4290.59962836269,22916.269462372802,7739.073570332581,1596.9714411775335,0.0,541.7021101569229,456.49031626046644,0.0,50,0,0.0,0,0,0.0,0.0,0.0,0.0,0.0,0.0,0,0.0,0.0,0,0,0,0.02655816078186035,0.0,0.0,0.0,False,infeasible,baseline_truck_only,32617.50672689129,456.49031626046644,,,,0.0,False,feasible_only,0.0,,False,,,,
S0039_R09,3902035,nils,S0039,n50_p0.75_d1_uniform_Emedium_V1.25_Hshort_PWmoderate_B0.20,50,0.76,0.75,1,3,medium,1.25,uniform,short,moderate,0.2,20.0,5.0,1.0,peripheral,32617.50672689129,365.1922530083731,0.0,0.0,32252.314473882918,32252.314473882918,1145.81347311864,1547.8147140665162,1596.9714411775335,4290.59962836269,22916.269462372802,7739.073570332581,1596.9714411775335,0.0,541.7021101569229,456.49031626046644,0.0,50,0,0.0,0,0,0.0,0.0,0.0,0.0,0.0,0.0,0,0.0,0.0,0,350,350,4.544993162155151,25.0,0.0,250.0,False,infeasible,nils_complete,32617.50672689129,456.49031626046644,,0.0,,0.0,False,feasible_only,0.0,,False,,,,
S0039_R10,3902036,truck_only,S0039,n50_p0.75_d1_uniform_Emedium_V1.25_Hshort_PWmoderate_B0.20,50,0.76,0.75,1,3,medium,1.25,uniform,short,moderate,0.2,20.0,5.0,1.0,peripheral,31254.22583752806,326.8917080896407,0.0,0.0,30927.334129438423,30927.334129438423,1487.4615456573968,180.7298067145424,274.45418271778584,1942.645535089725,29749.230913147934,903.649033572712,274.45418271778584,0.0,362.19786968866384,408.614635112051,0.0,50,0,0.0,0,0,0.0,0.0,0.0,0.0,0.0,0.0,0,0.0,0.0,0,0,0,0.024591445922851562,0.0,0.0,0.0,True,feasible,baseline_truck_only,31254.22583752806,408.614635112051,,,,0.0,True,feasible_only,0.0,31254.22583752806,True,31254.22583752806,,,
S0039_R10,3902036,nils,S0039,n50_p0.75_d1_uniform_Emedium_V1.25_Hshort_PWmoderate_B0.20,50,0.76,0.75,1,3,medium,1.25,uniform,short,moderate,0.2,20.0,5.0,1.0,peripheral,4066.5813397985303,233.2024989006358,10.994578267209345,0.0,3822.384262630685,3822.384262630685,172.6010673367605,74.07258317909502,0.0,246.6736505158555,3452.02134673521,370.3629158954751,0.0,0.0,226.7824345861812,291.50312362579473,36.64859422403116,46,4,0.08,1,1,4.0,4.0,0.0,0.0,0.0,0.0,0,0.7900448239684975,0.7900448239684975,0,764,764,1.237945556640625,25.0,6.0,97.0,True,feasible,nils_complete,31254.22583752806,408.614635112051,,86.98869918922887,,28.66062578843799,True,feasible_only,0.0,4066.5813397985303,True,31254.22583752806,,86.98869918922887,
S0040_R01,4002027,truck_only,S0040,n50_p0.75_d1_uniform_Emedium_V2.00_Hmedium_PWbase_B0.20,50,0.76,0.75,1,3,medium,2.0,uniform,medium,base,0.2,100.0,20.0,1.0,peripheral,99267.45576099456,348.1688940325855,0.0,0.0,98919.28686696198,98919.28686696198,919.6243783620369,347.0615617902309,15.617794953662553,1282.3037351059302,91962.43783620368,6941.231235804617,15.617794953662553,0.0,290.8448055612994,435.21111754073195,0.0,50,0,0.0,0,0,0.0,0.0,0.0,0.0,0.0,0.0,0,0.0,0.0,0,0,0,0.022451162338256836,0.0,0.0,0.0,True,feasible,baseline_truck_only,99267.45576099456,435.21111754073195,,,,0.0,True,feasible_only,0.0,99267.45576099456,True,99267.45576099456,,,
S0040_R01,4002027,nils,S0040,n50_p0.75_d1_uniform_Emedium_V2.00_Hmedium_PWbase_B0.20,50,0.76,0.75,1,3,medium,2.0,uniform,medium,base,0.2,100.0,20.0,1.0,peripheral,14254.169027764916,239.42867877396628,18.25497848940952,0.0,13996.48537050154,13996.48537050154,136.27001383600617,18.47419934504606,0.0,154.74421318105223,13627.001383600616,369.4839869009212,0.0,0.0,222.76275589777617,299.2858484674579,60.84992829803174,45,5,0.1,1,1,5.0,5.0,0.0,0.0,0.0,0.0,0,0.7926625127174045,0.7926625127174045,0,578,578,0.9990386962890625,22.0,5.0,165.0,True,feasible,nils_complete,99267.45576099456,435.21111754073195,,85.64064232482743,,31.232030523795757,True,feasible_only,0.0,14254.169027764916,True,99267.45576099456,,85.64064232482743,
S0040_R02,4002028,truck_only,S0040,n50_p0.75_d1_uniform_Emedium_V2.00_Hmedium_PWbase_B0.20,50,0.76,0.75,1,3,medium,2.0,uniform,medium,base,0.2,100.0,20.0,1.0,peripheral,124910.76251985927,405.7410995457362,0.0,0.0,124505.02142031354,124505.02142031354,957.1951836528182,1392.120903461109,943.0849858095545,3292.4010729234815,95719.51836528182,27842.41806922218,943.0849858095545,0.0,478.2950540450123,507.17637443217035,0.0,50,0,0.0,0,0,0.0,0.0,0.0,0.0,0.0,0.0,0,0.0,0.0,0,0,0,0.02187180519104004,0.0,0.0,0.0,True,feasible,baseline_truck_only,124910.76251985927,507.17637443217035,,,,0.0,True,feasible_only,0.0,124910.76251985927,True,124910.76251985927,,,
S0040_R02,4002028,nils,S0040,n50_p0.75_d1_uniform_Emedium_V2.00_Hmedium_PWbase_B0.20,50,0.76,0.75,1,3,medium,2.0,uniform,medium,base,0.2,100.0,20.0,1.0,peripheral,12273.463449186973,227.83347184817683,17.09638183620935,0.0,12028.533595502588,12028.533595502588,107.08410479667239,66.00615579176751,0.0,173.0902605884399,10708.41047966724,1320.1231158353503,0.0,0.0,205.93753900130753,284.79183981022095,56.987939454031164,43,7,0.14,1,1,7.0,7.0,0.0,0.0,0.0,0.0,0,0.7996058990600015,0.7996058990600015,0,646,646,1.2965936660766602,25.0,9.0,161.0,True,feasible,nils_complete,124910.76251985927,507.17637443217035,,90.17421461402444,,43.84757371061081,True,feasible_only,0.0,12273.463449186973,True,124910.76251985927,,90.17421461402444,
S0040_R03,4002029,truck_only,S0040,n50_p0.75_d1_uniform_Emedium_V2.00_Hmedium_PWbase_B0.20,50,0.76,0.75,1,3,medium,2.0,uniform,medium,base,0.2,100.0,20.0,1.0,peripheral,103051.9404151944,344.43318658905605,0.0,0.0,102707.50722860535,102707.50722860535,921.7587963793651,518.0464063222236,170.69946422436607,1610.5046669259548,92175.87963793651,10360.92812644447,170.69946422436607,0.0,358.6228454775139,430.5414832363202,0.0,50,0,0.0,0,0,0.0,0.0,0.0,0.0,0.0,0.0,0,0.0,0.0,0,0,0,0.01927018165588379,0.0,0.0,0.0,True,feasible,baseline_truck_only,103051.9404151944,430.5414832363202,,,,0.0,True,feasible_only,0.0,103051.9404151944,True,103051.9404151944,,,
S0040_R03,4002029,nils,S0040,n50_p0.75_d1_uniform_Emedium_V2.00_Hmedium_PWbase_B0.20,50,0.76,0.75,1,3,medium,2.0,uniform,medium,base,0.2,100.0,20.0,1.0,peripheral,10605.632587983113,212.51031349773643,17.000363923110076,0.0,10376.121910562266,10376.121910562266,91.09464603466748,63.33286535477586,0.0,154.42751138944334,9109.464603466748,1266.6573070955174,0.0,0.0,214.81732085676668,265.6378918721705,56.66787974370026,44,6,0.12,1,1,6.0,6.0,0.0,0.0,0.0,0.0,0,0.7870409541892396,0.7870409541892396,0,411,411,0.9102580547332764,17.0,6.0,154.0,True,feasible,nils_complete,103051.9404151944,430.5414832363202,,89.70845910785064,,38.30144080997548,True,feasible_only,0.0,10605.632587983113,True,103051.9404151944,,89.70845910785064,
S0040_R04,4002030,truck_only,S0040,n50_p0.75_d1_uniform_Emedium_V2.00_Hmedium_PWbase_B0.20,50,0.76,0.75,1,3,medium,2.0,uniform,medium,base,0.2,100.0,20.0,1.0,peripheral,97815.07842951421,411.19725989870614,0.0,0.0,97403.8811696155,97403.8811696155,738.0846075338939,1117.9396617951384,1236.6271803233533,3092.6514496523855,73808.46075338939,22358.79323590277,1236.6271803233533,0.0,497.60103956588915,513.9965748733823,0.0,50,0,0.0,0,0,0.0,0.0,0.0,0.0,0.0,0.0,0,0.0,0.0,0,0,0,0.019988298416137695,0.0,0.0,0.0,False,infeasible,baseline_truck_only,97815.07842951421,513.9965748733823,,,,0.0,False,feasible_only,0.0,,False,,,,
S0040_R04,4002030,nils,S0040,n50_p0.75_d1_uniform_Emedium_V2.00_Hmedium_PWbase_B0.20,50,0.76,0.75,1,3,medium,2.0,uniform,medium,base,0.2,100.0,20.0,1.0,peripheral,6138.496603337934,242.54275703958825,16.709691186221054,0.0,5879.244155112125,5879.244155112125,36.66032860496255,110.66056473079348,0.0,147.32089333575604,3666.032860496255,2213.2112946158695,0.0,0.0,244.421783161304,303.17844629948524,55.698970620736844,45,5,0.1,1,1,5.0,5.0,0.0,0.0,0.0,0.0,0,0.793464453410404,0.793464453410404,0,736,736,1.478945255279541,25.0,9.0,90.0,True,feasible,nils_complete,97815.07842951421,513.9965748733823,,93.72438615610643,,41.0154734252519,True,feasible_only,0.0,6138.496603337934,True,,,,
S0040_R05,4002031,truck_only,S0040,n50_p0.75_d1_uniform_Emedium_V2.00_Hmedium_PWbase_B0.20,50,0.76,0.75,1,3,medium,2.0,uniform,medium,base,0.2,100.0,20.0,1.0,peripheral,97360.6104709752,386.54613758264384,0.0,0.0,96974.06433339255,96974.06433339255,929.1033773063837,190.03469201621184,263.03276242996685,1382.1708317525624,92910.33773063836,3800.6938403242366,263.03276242996685,0.0,357.46983122494936,483.1826719783048,0.0,50,0,0.0,0,0,0.0,0.0,0.0,0.0,0.0,0.0,0,0.0,0.0,0,0,0,0.024074316024780273,0.0,0.0,0.0,True,feasible,baseline_truck_only,97360.6104709752,483.1826719783048,,,,0.0,True,feasible_only,0.0,97360.6104709752,True,97360.6104709752,,,
S0040_R05,4002031,nils,S0040,n50_p0.75_d1_uniform_Emedium_V2.00_Hmedium_PWbase_B0.20,50,0.76,0.75,1,3,medium,2.0,uniform,medium,base,0.2,100.0,20.0,1.0,peripheral,3857.388477988595,244.3750711456912,13.5586170372455,0.0,3599.454789805658,3599.454789805658,17.95445713146237,90.20045383297105,0.0,108.15491096443341,1795.445713146237,1804.009076659421,0.0,0.0,215.42766237755177,305.46883893211395,45.19539012415167,45,5,0.1,1,1,5.0,5.0,0.0,0.0,0.0,0.0,0,0.5851546057539188,0.5851546057539188,0,564,564,1.5716323852539062,25.0,5.0,243.0,True,feasible,nils_complete,97360.6104709752,483.1826719783048,,96.03803996366831,,36.77984401190826,True,feasible_only,0.0,3857.388477988595,True,97360.6104709752,,96.03803996366831,
S0040_R06,4002032,truck_only,S0040,n50_p0.75_d1_uniform_Emedium_V2.00_Hmedium_PWbase_B0.20,50,0.76,0.75,1,3,medium,2.0,uniform,medium,base,0.2,100.0,20.0,1.0,peripheral,114029.74989433454,361.15745095106877,0.0,0.0,113668.59244338347,113668.59244338347,1038.8797643203732,483.5184331242348,110.24734886145976,1632.6455463060677,103887.97643203732,9670.368662484696,110.24734886145976,0.0,367.87639865467884,451.44681368883596,0.0,50,0,0.0,0,0,0.0,0.0,0.0,0.0,0.0,0.0,0,0.0,0.0,0,0,0,0.02373790740966797,0.0,0.0,0.0,True,feasible,baseline_truck_only,114029.74989433454,451.44681368883596,,,,0.0,True,feasible_only,0.0,114029.74989433454,True,114029.74989433454,,,
S0040_R06,4002032,nils,S0040,n50_p0.75_d1_uniform_Emedium_V2.00_Hmedium_PWbase_B0.20,50,0.76,0.75,1,3,medium,2.0,uniform,medium,base,0.2,100.0,20.0,1.0,peripheral,21908.07305556469,256.49130983176155,17.012922921881245,0.0,21634.56882281105,21634.56882281105,202.75055178932348,67.97568219393497,0.0,270.72623398325845,20275.055178932347,1359.5136438786994,0.0,0.0,210.00259130770866,320.614137289702,56.70974307293748,42,8,0.16,1,1,8.0,8.0,0.0,0.0,0.0,0.0,0,0.7873862631092828,0.7873862631092828,0,594,594,1.3765640258789062,25.0,12.0,192.0,True,feasible,nils_complete,114029.74989433454,451.44681368883596,,80.78740585166085,,28.98075087297252,True,feasible_only,0.0,21908.07305556469,True,114029.74989433454,,80.78740585166085,
S0040_R07,4002033,truck_only,S0040,n50_p0.75_d1_uniform_Emedium_V2.00_Hmedium_PWbase_B0.20,50,0.76,0.75,1,3,medium,2.0,uniform,medium,base,0.2,100.0,20.0,1.0,peripheral,91421.74624133827,318.3609247093956,0.0,0.0,91103.38531662888,91103.38531662888,872.5378735799136,179.34519004971276,262.6941576432808,1314.577221272907,87253.78735799136,3586.903800994255,262.6941576432808,0.0,335.1988373763756,397.95115588674435,0.0,50,0,0.0,0,0,0.0,0.0,0.0,0.0,0.0,0.0,0,0.0,0.0,0,0,0,0.0246427059173584,0.0,0.0,0.0,True,feasible,baseline_truck_only,91421.74624133827,397.95115588674435,,,,0.0,True,feasible_only,0.0,91421.74624133827,True,91421.74624133827,,,
S0040_R07,4002033,nils,S0040,n50_p0.75_d1_uniform_Emedium_V2.00_Hmedium_PWbase_B0.20,50,0.76,0.75,1,3,medium,2.0,uniform,medium,base,0.2,100.0,20.0,1.0,peripheral,26315.105420021842,214.32056897276988,16.326235721038525,0.0,26084.458615328032,26084.458615328032,259.29299322518096,7.757964640496695,0.0,267.0509578656777,25929.299322518098,155.1592928099339,0.0,0.0,182.23648171086836,267.90071121596236,54.42078573679509,46,4,0.08,1,1,4.0,4.0,0.0,0.0,0.0,0.0,0,0.7732883573256808,0.7732883573256808,0,780,780,1.0452964305877686,25.0,4.0,81.0,True,feasible,nils_complete,91421.74624133827,397.95115588674435,,71.21570468523504,,32.68000174066436,True,feasible_only,0.0,26315.105420021842,True,91421.74624133827,,71.21570468523504,
S0040_R08,4002034,truck_only,S0040,n50_p0.75_d1_uniform_Emedium_V2.00_Hmedium_PWbase_B0.20,50,0.76,0.75,1,3,medium,2.0,uniform,medium,base,0.2,100.0,20.0,1.0,peripheral,99378.58883405605,327.9798908777935,0.0,0.0,99050.60894317826,99050.60894317826,898.152117122897,459.5042106032992,45.313018822560025,1402.9693465487562,89815.2117122897,9190.084212065984,45.313018822560025,0.0,321.9320180896492,409.9748635972419,0.0,50,0,0.0,0,0,0.0,0.0,0.0,0.0,0.0,0.0,0,0.0,0.0,0,0,0,0.02539658546447754,0.0,0.0,0.0,True,feasible,baseline_truck_only,99378.58883405605,409.9748635972419,,,,0.0,True,feasible_only,0.0,99378.58883405605,True,99378.58883405605,,,
S0040_R08,4002034,nils,S0040,n50_p0.75_d1_uniform_Emedium_V2.00_Hmedium_PWbase_B0.20,50,0.76,0.75,1,3,medium,2.0,uniform,medium,base,0.2,100.0,20.0,1.0,peripheral,7568.930839597707,210.33161345272674,17.831587574054694,0.0,7340.767638570926,7340.767638570926,72.16870547125924,6.194854572250009,0.0,78.36356004350925,7216.8705471259245,123.89709144500017,0.0,0.0,175.7929561145108,262.9145168159083,59.43862524684897,43,7,0.14,1,1,7.0,7.0,0.0,0.0,0.0,0.0,0,0.7939441483867845,0.7939441483867845,0,636,636,1.2458679676055908,25.0,9.0,167.0,True,feasible,nils_complete,99378.58883405605,409.9748635972419,,92.38374087577715,,35.87057642777954,True,feasible_only,0.0,7568.930839597707,True,99378.58883405605,,92.38374087577715,
S0040_R09,4002035,truck_only,S0040,n50_p0.75_d1_uniform_Emedium_V2.00_Hmedium_PWbase_B0.20,50,0.76,0.75,1,3,medium,2.0,uniform,medium,base,0.2,100.0,20.0,1.0,peripheral,139768.97032923478,339.5810574490294,0.0,0.0,139429.38927178577,139429.38927178577,1273.9751923781223,601.2958333182874,5.95336760775956,1881.224393304169,127397.51923781223,12025.916666365747,5.95336760775956,0.0,284.92165992605277,424.47632181128665,0.0,50,0,0.0,0,0,0.0,0.0,0.0,0.0,0.0,0.0,0,0.0,0.0,0,0,0,0.024713993072509766,0.0,0.0,0.0,True,feasible,baseline_truck_only,139768.97032923478,424.47632181128665,,,,0.0,True,feasible_only,0.0,139768.97032923478,True,139768.97032923478,,,
S0040_R09,4002035,nils,S0040,n50_p0.75_d1_uniform_Emedium_V2.00_Hmedium_PWbase_B0.20,50,0.76,0.75,1,3,medium,2.0,uniform,medium,base,0.2,100.0,20.0,1.0,peripheral,41910.343258590176,199.01679878173604,18.142900844480792,0.0,41693.18355896396,41693.18355896396,409.261529508516,38.35153040561791,0.0,447.6130599141339,40926.152950851596,767.0306081123581,0.0,0.0,179.0987431532207,248.77099847717002,60.47633614826931,46,4,0.08,1,1,4.0,4.0,0.0,0.0,0.0,0.0,0,0.794192257585775,0.794192257585775,0,593,593,1.0388281345367432,21.0,4.0,132.0,True,feasible,nils_complete,139768.97032923478,424.47632181128665,,70.01455819566556,,41.3934333449656,True,feasible_only,0.0,41910.343258590176,True,139768.97032923478,,70.01455819566556,
S0040_R10,4002036,truck_only,S0040,n50_p0.75_d1_uniform_Emedium_V2.00_Hmedium_PWbase_B0.20,50,0.76,0.75,1,3,medium,2.0,uniform,medium,base,0.2,100.0,20.0,1.0,peripheral,191116.55654796868,371.55066638877776,0.0,0.0,190745.0058815799,190745.0058815799,1713.40651060662,966.0897047068978,82.56072677994442,2762.0569420934626,171340.651060662,19321.794094137957,82.56072677994442,0.0,388.82405853716426,464.43833298597224,0.0,50,0,0.0,0,0,0.0,0.0,0.0,0.0,0.0,0.0,0,0.0,0.0,0,0,0,0.019395828247070312,0.0,0.0,0.0,True,feasible,baseline_truck_only,191116.55654796868,464.43833298597224,,,,0.0,True,feasible_only,0.0,191116.55654796868,True,191116.55654796868,,,
S0040_R10,4002036,nils,S0040,n50_p0.75_d1_uniform_Emedium_V2.00_Hmedium_PWbase_B0.20,50,0.76,0.75,1,3,medium,2.0,uniform,medium,base,0.2,100.0,20.0,1.0,peripheral,41443.00174091788,219.12971391108024,17.355049371913275,0.0,41206.51697763489,41206.51697763489,372.3516019849268,198.56783895711118,0.0,570.9194409420379,37235.16019849268,3971.356779142224,0.0,0.0,227.3534245772156,273.9121423888502,57.85016457304424,43,7,0.14,1,1,7.0,7.0,0.0,0.0,0.0,0.0,0,0.7992991206230671,0.7992991206230671,0,684,684,1.4539098739624023,25.0,9.0,119.0,True,feasible,nils_complete,191116.55654796868,464.43833298597224,,78.31532626503972,,41.02292534128027,True,feasible_only,0.0,41443.00174091788,True,191116.55654796868,,78.31532626503972,
S0041_R01,4102027,truck_only,S0041,n50_p0.75_d2_clustered_Ehigh_V1.25_Hshort_PWbase_B0.20,50,0.76,0.75,2,3,high,1.25,clustered,short,base,0.2,100.0,20.0,1.0,peripheral,293937.00468006585,182.0888807077181,0.0,0.0,293754.9157993581,293754.9157993581,2710.9028157585926,1080.8384642886724,1047.864937725424,4839.606217772689,271090.2815758593,21616.769285773447,1047.864937725424,0.0,436.721994041933,227.61110088464764,0.0,50,0,0.0,0,0,0.0,0.0,0.0,0.0,0.0,0.0,0,0.0,0.0,0,0,0,0.02133321762084961,0.0,0.0,0.0,True,feasible,baseline_truck_only,293937.00468006585,227.61110088464764,,,,0.0,True,feasible_only,0.0,293937.00468006585,True,293937.00468006585,,,
S0041_R01,4102027,nils,S0041,n50_p0.75_d2_clustered_Ehigh_V1.25_Hshort_PWbase_B0.20,50,0.76,0.75,2,3,high,1.25,clustered,short,base,0.2,100.0,20.0,1.0,peripheral,1219.4251536245579,113.96242981381025,28.842239471866943,0.0,1076.6204843388807,1076.6204843388807,10.766204843388806,0.0,0.0,10.766204843388806,1076.6204843388805,0.0,0.0,0.0,119.17336547850518,142.4530372672628,96.14079823955646,29,21,0.42,2,2,10.5,10.5,0.0,0.0,0.0,0.0,0,0.7982946786414947,0.7991712553583021,0,412,412,4.378341913223267,25.0,23.0,936.0,True,feasible,nils_complete,293937.00468006585,227.61110088464764,,99.58514064775484,,37.413844617597356,True,feasible_only,0.0,1219.4251536245579,True,293937.00468006585,,99.58514064775484,
S0041_R02,4102028,truck_only,S0041,n50_p0.75_d2_clustered_Ehigh_V1.25_Hshort_PWbase_B0.20,50,0.76,0.75,2,3,high,1.25,clustered,short,base,0.2,100.0,20.0,1.0,peripheral,220327.90910748887,185.29184473164307,0.0,0.0,220142.61726275724,220142.61726275724,1975.691934917545,1060.7110306870504,1359.2031572617343,4395.606122866329,197569.1934917545,21214.22061374101,1359.2031572617343,0.0,446.03166470752444,231.61480591455376,0.0,50,0,0.0,0,0,0.0,0.0,0.0,0.0,0.0,0.0,0,0.0,0.0,0,0,0,0.02077460289001465,0.0,0.0,0.0,True,feasible,baseline_truck_only,220327.90910748887,231.61480591455376,,,,0.0,True,feasible_only,0.0,220327.90910748887,True,220327.90910748887,,,
S0041_R02,4102028,nils,S0041,n50_p0.75_d2_clustered_Ehigh_V1.25_Hshort_PWbase_B0.20,50,0.76,0.75,2,3,high,1.25,clustered,short,base,0.2,100.0,20.0,1.0,peripheral,2272.1319840883725,121.93164943193318,28.750737909570567,0.0,2121.449596746869,2121.449596746869,21.214495967468686,0.0,0.0,21.214495967468686,2121.449596746869,0.0,0.0,0.0,138.14060639017913,152.4145617899165,95.83579303190191,26,24,0.48,2,2,12.0,12.0,0.0,0.0,0.0,0.0,0,0.7842063940956501,0.7859061071096083,0,250,250,5.326367378234863,25.0,24.0,1092.0,True,feasible,nils_complete,220327.90910748887,231.61480591455376,,98.96874980873172,,34.194810565718086,True,feasible_only,0.0,2272.1319840883725,True,220327.90910748887,,98.96874980873172,
S0041_R03,4102029,truck_only,S0041,n50_p0.75_d2_clustered_Ehigh_V1.25_Hshort_PWbase_B0.20,50,0.76,0.75,2,3,high,1.25,clustered,short,base,0.2,100.0,20.0,1.0,peripheral,213999.42389904332,156.9388272247338,0.0,0.0,213842.48507181858,213842.48507181858,1963.6252436198672,857.9869286813072,320.222136205697,3141.8343085068714,196362.52436198673,17159.738573626142,320.222136205697,0.0,386.4868164741982,196.1735340309173,0.0,50,0,0.0,0,0,0.0,0.0,0.0,0.0,0.0,0.0,0,0.0,0.0,0,0,0,0.024058818817138672,0.0,0.0,0.0,True,feasible,baseline_truck_only,213999.42389904332,196.1735340309173,,,,0.0,True,feasible_only,0.0,213999.42389904332,True,213999.42389904332,,,
S0041_R03,4102029,nils,S0041,n50_p0.75_d2_clustered_Ehigh_V1.25_Hshort_PWbase_B0.20,50,0.76,0.75,2,3,high,1.25,clustered,short,base,0.2,100.0,20.0,1.0,peripheral,77.8257813777575,54.31754486684152,23.508236510915978,0.0,0.0,0.0,0.0,0.0,0.0,0.0,0.0,0.0,0.0,0.0,152.52488809173713,67.89693108355192,78.36078836971993,37,13,0.26,2,2,6.5,6.5,0.0,0.0,0.0,0.0,0,0.6264562641596114,0.7899293478219435,0,301,301,6.027143478393555,25.0,13.0,1041.0,True,feasible,nils_complete,213999.42389904332,196.1735340309173,,99.96363271453737,,65.38935212695345,True,feasible_only,0.0,77.8257813777575,True,213999.42389904332,,99.96363271453737,
S0041_R04,4102030,truck_only,S0041,n50_p0.75_d2_clustered_Ehigh_V1.25_Hshort_PWbase_B0.20,50,0.76,0.75,2,3,high,1.25,clustered,short,base,0.2,100.0,20.0,1.0,peripheral,127294.09991900815,161.67938860608402,0.0,0.0,127132.42053040207,127132.42053040207,1128.6381051202088,657.3457740167855,1121.6945380454836,2907.678417182478,112863.81051202088,13146.91548033571,1121.6945380454836,0.0,393.56438403460584,202.0992357576049,0.0,50,0,0.0,0,0,0.0,0.0,0.0,0.0,0.0,0.0,0,0.0,0.0,0,0,0,0.02808356285095215,0.0,0.0,0.0,True,feasible,baseline_truck_only,127294.09991900815,202.0992357576049,,,,0.0,True,feasible_only,0.0,127294.09991900815,True,127294.09991900815,,,
S0041_R04,4102030,nils,S0041,n50_p0.75_d2_clustered_Ehigh_V1.25_Hshort_PWbase_B0.20,50,0.76,0.75,2,3,high,1.25,clustered,short,base,0.2,100.0,20.0,1.0,peripheral,69.93767592787874,55.33032880149847,14.60734712638027,0.0,0.0,0.0,0.0,0.0,0.0,0.0,0.0,0.0,0.0,0.0,155.66255663050742,69.16291100187308,48.69115708793423,39,11,0.22,1,1,11.0,11.0,0.0,0.0,0.0,0.0,0,0.7993988278510628,0.7993988278510628,0,391,391,5.315054178237915,25.0,10.0,869.0,True,feasible,nils_complete,127294.09991900815,202.0992357576049,,99.94505819517764,,65.77774738108057,True,feasible_only,0.0,69.93767592787874,True,127294.09991900815,,99.94505819517764,
S0041_R05,4102031,truck_only,S0041,n50_p0.75_d2_clustered_Ehigh_V1.25_Hshort_PWbase_B0.20,50,0.76,0.75,2,3,high,1.25,clustered,short,base,0.2,100.0,20.0,1.0,peripheral,156421.84497012835,144.94826661959857,0.0,0.0,156276.89670350874,156276.89670350874,1390.7712577363193,849.2122893822711,215.5251422314404,2455.508689350031,139077.12577363194,16984.24578764542,215.5251422314404,0.0,361.0071284528253,181.1853332744982,0.0,50,0,0.0,0,0,0.0,0.0,0.0,0.0,0.0,0.0,0,0.0,0.0,0,0,0,0.022771120071411133,0.0,0.0,0.0,True,feasible,baseline_truck_only,156421.84497012835,181.1853332744982,,,,0.0,True,feasible_only,0.0,156421.84497012835,True,156421.84497012835,,,
S0041_R05,4102031,nils,S0041,n50_p0.75_d2_clustered_Ehigh_V1.25_Hshort_PWbase_B0.20,50,0.76,0.75,2,3,high,1.25,clustered,short,base,0.2,100.0,20.0,1.0,peripheral,106.51322274476428,78.11507049435147,28.398152250412814,0.0,0.0,0.0,0.0,0.0,0.0,0.0,0.0,0.0,0.0,0.0,122.18292073043409,97.64383811793934,94.66050750137606,28,22,0.44,2,2,11.0,11.0,0.0,0.0,0.0,0.0,0,0.7792040325810653,0.7990906735555153,0,261,261,6.331693410873413,25.0,19.0,1081.0,True,feasible,nils_complete,156421.84497012835,181.1853332744982,,99.93190642728635,,46.10831000873143,True,feasible_only,0.0,106.51322274476428,True,156421.84497012835,,99.93190642728635,
S0041_R06,4102032,truck_only,S0041,n50_p0.75_d2_clustered_Ehigh_V1.25_Hshort_PWbase_B0.20,50,0.76,0.75,2,3,high,1.25,clustered,short,base,0.2,100.0,20.0,1.0,peripheral,133957.03259039382,168.16354513532556,0.0,0.0,133788.8690452585,133788.8690452585,1083.7082500089175,1228.0286977450037,857.470089466666,3169.207037220587,108370.82500089175,24560.573954900072,857.470089466666,0.0,410.1783692268969,210.20443141915698,0.0,50,0,0.0,0,0,0.0,0.0,0.0,0.0,0.0,0.0,0,0.0,0.0,0,0,0,0.03863811492919922,0.0,0.0,0.0,True,feasible,baseline_truck_only,133957.03259039382,210.20443141915698,,,,0.0,True,feasible_only,0.0,133957.03259039382,True,133957.03259039382,,,
S0041_R06,4102032,nils,S0041,n50_p0.75_d2_clustered_Ehigh_V1.25_Hshort_PWbase_B0.20,50,0.76,0.75,2,3,high,1.25,clustered,short,base,0.2,100.0,20.0,1.0,peripheral,74.79408941104325,46.06905737577122,28.725032035272015,0.0,0.0,0.0,0.0,0.0,0.0,0.0,0.0,0.0,0.0,0.0,128.93394963026458,57.58632171971401,95.75010678424005,30,20,0.4,2,2,10.0,10.0,0.0,0.0,0.0,0.0,0,0.7909116684684432,0.7919243321299543,0,436,436,5.379578351974487,25.0,18.0,930.0,True,feasible,nils_complete,133957.03259039382,210.20443141915698,,99.94416561193935,,72.60461098230402,True,feasible_only,0.0,74.79408941104325,True,133957.03259039382,,99.94416561193935,
S0041_R07,4102033,truck_only,S0041,n50_p0.75_d2_clustered_Ehigh_V1.25_Hshort_PWbase_B0.20,50,0.76,0.75,2,3,high,1.25,clustered,short,base,0.2,100.0,20.0,1.0,peripheral,119767.49604174124,152.5836413580607,0.0,0.0,119614.91240038318,119614.91240038318,918.5302779189176,1366.3927961963357,434.0286845647133,2718.9517586799666,91853.02779189176,27327.855923926712,434.0286845647133,0.0,374.8253576519085,190.7295516975758,0.0,50,0,0.0,0,0,0.0,0.0,0.0,0.0,0.0,0.0,0,0.0,0.0,0,0,0,0.022359132766723633,0.0,0.0,0.0,True,feasible,baseline_truck_only,119767.49604174124,190.7295516975758,,,,0.0,True,feasible_only,0.0,119767.49604174124,True,119767.49604174124,,,
S0041_R07,4102033,nils,S0041,n50_p0.75_d2_clustered_Ehigh_V1.25_Hshort_PWbase_B0.20,50,0.76,0.75,2,3,high,1.25,clustered,short,base,0.2,100.0,20.0,1.0,peripheral,114.05280277725208,84.9922053953722,29.06059738187988,0.0,0.0,0.0,0.0,0.0,0.0,0.0,0.0,0.0,0.0,0.0,123.85735953335964,106.24025674421526,96.86865793959963,26,24,0.48,2,2,12.0,12.0,0.0,0.0,0.0,0.0,0,0.7928491298549101,0.7945113479303819,0,421,421,4.431389570236206,25.0,19.0,921.0,True,feasible,nils_complete,119767.49604174124,190.7295516975758,,99.90477148930499,,44.29795708183087,True,feasible_only,0.0,114.05280277725208,True,119767.49604174124,,99.90477148930499,
S0041_R08,4102034,truck_only,S0041,n50_p0.75_d2_clustered_Ehigh_V1.25_Hshort_PWbase_B0.20,50,0.76,0.75,2,3,high,1.25,clustered,short,base,0.2,100.0,20.0,1.0,peripheral,184983.60123390125,200.95570036711777,0.0,0.0,184782.64553353415,184782.64553353415,1463.982170219918,1848.1849730786116,1420.7290499701278,4732.896193268657,146398.21702199182,36963.699461572236,1420.7290499701278,0.0,478.02612850237665,251.19462545889718,0.0,50,0,0.0,0,0,0.0,0.0,0.0,0.0,0.0,0.0,0,0.0,0.0,0,0,0,0.026183366775512695,0.0,0.0,0.0,True,feasible,baseline_truck_only,184983.60123390125,251.19462545889718,,,,0.0,True,feasible_only,0.0,184983.60123390125,True,184983.60123390125,,,
S0041_R08,4102034,nils,S0041,n50_p0.75_d2_clustered_Ehigh_V1.25_Hshort_PWbase_B0.20,50,0.76,0.75,2,3,high,1.25,clustered,short,base,0.2,100.0,20.0,1.0,peripheral,117.97114625177535,96.68928100498802,21.281865246787337,0.0,0.0,0.0,0.0,0.0,0.0,0.0,0.0,0.0,0.0,0.0,167.24433456471132,120.86160125623499,70.93955082262445,40,10,0.2,2,2,5.0,5.0,0.0,0.0,0.0,0.0,0,0.5714561452149549,0.7952550283823498,0,359,359,5.623242378234863,25.0,10.0,983.0,True,feasible,nils_complete,184983.60123390125,251.19462545889718,,99.93622615979749,,51.88527579543636,True,feasible_only,0.0,117.97114625177535,True,184983.60123390125,,99.93622615979749,
S0041_R09,4102035,truck_only,S0041,n50_p0.75_d2_clustered_Ehigh_V1.25_Hshort_PWbase_B0.20,50,0.76,0.75,2,3,high,1.25,clustered,short,base,0.2,100.0,20.0,1.0,peripheral,183980.41035315118,169.42076611415973,0.0,0.0,183810.989587037,183810.989587037,1707.8960291024246,609.7835915021972,825.7148467506306,3143.3944673552523,170789.60291024245,12195.671830043942,825.7148467506306,0.0,415.7973121452691,211.7759576426996,0.0,50,0,0.0,0,0,0.0,0.0,0.0,0.0,0.0,0.0,0,0.0,0.0,0,0,0,0.03041672706604004,0.0,0.0,0.0,True,feasible,baseline_truck_only,183980.41035315118,211.7759576426996,,,,0.0,True,feasible_only,0.0,183980.41035315118,True,183980.41035315118,,,
S0041_R09,4102035,nils,S0041,n50_p0.75_d2_clustered_Ehigh_V1.25_Hshort_PWbase_B0.20,50,0.76,0.75,2,3,high,1.25,clustered,short,base,0.2,100.0,20.0,1.0,peripheral,857.3225950931977,118.42686095763335,28.729132887937165,0.0,710.1666012476272,710.1666012476272,7.101666012476272,0.0,0.0,7.101666012476272,710.1666012476272,0.0,0.0,0.0,138.56296601904054,148.0335761970417,95.7637762931239,29,21,0.42,2,2,10.5,10.5,0.0,0.0,0.0,0.0,0,0.7931659311128212,0.7973913591126387,0,446,446,5.8859593868255615,25.0,23.0,902.0,True,feasible,nils_complete,183980.41035315118,211.7759576426996,,99.53401419561595,,30.098969758031576,True,feasible_only,0.0,857.3225950931977,True,183980.41035315118,,99.53401419561595,
S0041_R10,4102036,truck_only,S0041,n50_p0.75_d2_clustered_Ehigh_V1.25_Hshort_PWbase_B0.20,50,0.76,0.75,2,3,high,1.25,clustered,short,base,0.2,100.0,20.0,1.0,peripheral,204986.31846822938,185.70439028959387,0.0,0.0,204800.6140779398,204800.6140779398,1628.3700881996476,2072.5103539030097,513.3981799148522,4214.278622017509,162837.00881996477,41450.20707806019,513.3981799148522,0.0,446.31881666717555,232.13048786199235,0.0,50,0,0.0,0,0,0.0,0.0,0.0,0.0,0.0,0.0,0,0.0,0.0,0,0,0,0.0239560604095459,0.0,0.0,0.0,True,feasible,baseline_truck_only,204986.31846822938,232.13048786199235,,,,0.0,True,feasible_only,0.0,204986.31846822938,True,204986.31846822938,,,
S0041_R10,4102036,nils,S0041,n50_p0.75_d2_clustered_Ehigh_V1.25_Hshort_PWbase_B0.20,50,0.76,0.75,2,3,high,1.25,clustered,short,base,0.2,100.0,20.0,1.0,peripheral,160.92968890671318,131.32239097724022,29.607297929472963,0.0,0.0,0.0,0.0,0.0,0.0,0.0,0.0,0.0,0.0,0.0,141.58237718896376,164.15298872155026,98.69099309824321,38,12,0.24,2,2,6.0,6.0,0.0,0.0,0.0,0.0,0,0.7978085856141043,0.798696974401113,0,865,865,4.380565166473389,25.0,17.0,609.0,True,feasible,nils_complete,204986.31846822938,232.13048786199235,,99.92149247320053,,29.28417536470112,True,feasible_only,0.0,160.92968890671318,True,204986.31846822938,,99.92149247320053,
S0042_R01,4202027,truck_only,S0042,n50_p0.75_d2_clustered_Ehigh_V1.25_Hshort_PWstrict_B0.20,50,0.76,0.75,2,3,high,1.25,clustered,short,strict,0.2,200.0,40.0,1.0,peripheral,364788.1905593089,174.16856296831685,0.0,0.0,364614.0219963406,364614.0219963406,1533.1279606561702,1436.9741445964235,509.46408124962545,3479.5661865022194,306625.59213123407,57478.96578385694,509.46408124962545,0.0,420.2387001827963,217.710703710396,0.0,50,0,0.0,0,0,0.0,0.0,0.0,0.0,0.0,0.0,0,0.0,0.0,0,0,0,0.025644540786743164,0.0,0.0,0.0,True,feasible,baseline_truck_only,364788.1905593089,217.710703710396,,,,0.0,True,feasible_only,0.0,364788.1905593089,True,364788.1905593089,,,
S0042_R01,4202027,nils,S0042,n50_p0.75_d2_clustered_Ehigh_V1.25_Hshort_PWstrict_B0.20,50,0.76,0.75,2,3,high,1.25,clustered,short,strict,0.2,200.0,40.0,1.0,peripheral,164.0108165937117,134.8986153457545,29.112201247957195,0.0,0.0,0.0,0.0,0.0,0.0,0.0,0.0,0.0,0.0,0.0,135.37075215250044,168.62326918219313,97.04067082652398,32,18,0.36,2,2,9.0,9.0,0.0,0.0,0.0,0.0,0,0.7890586258452102,0.791927946541095,0,574,574,4.607637166976929,25.0,20.0,798.0,True,feasible,nils_complete,364788.1905593089,217.710703710396,,99.95503943909416,,22.54709285837418,True,feasible_only,0.0,164.0108165937117,True,364788.1905593089,,99.95503943909416,
S0042_R02,4202028,truck_only,S0042,n50_p0.75_d2_clustered_Ehigh_V1.25_Hshort_PWstrict_B0.20,50,0.76,0.75,2,3,high,1.25,clustered,short,strict,0.2,200.0,40.0,1.0,peripheral,186921.48599064385,184.23349390646035,0.0,0.0,186737.2524967374,186737.2524967374,540.6017350119336,1942.8719557902316,902.0272627414307,3385.5009535435956,108120.34700238671,77714.87823160927,902.0272627414307,0.0,443.74825733420874,230.29186738307558,0.0,50,0,0.0,0,0,0.0,0.0,0.0,0.0,0.0,0.0,0,0.0,0.0,0,0,0,0.024703025817871094,0.0,0.0,0.0,True,feasible,baseline_truck_only,186921.48599064385,230.29186738307558,,,,0.0,True,feasible_only,0.0,186921.48599064385,True,186921.48599064385,,,
S0042_R02,4202028,nils,S0042,n50_p0.75_d2_clustered_Ehigh_V1.25_Hshort_PWstrict_B0.20,50,0.76,0.75,2,3,high,1.25,clustered,short,strict,0.2,200.0,40.0,1.0,peripheral,77.4201906431227,52.59011557879418,24.83007506432851,0.0,0.0,0.0,0.0,0.0,0.0,0.0,0.0,0.0,0.0,0.0,151.8523922042245,65.73764447349274,82.76691688109504,39,11,0.22,2,2,5.5,5.5,0.0,0.0,0.0,0.0,0,0.6721107642238978,0.7917374831806411,0,412,412,4.556910276412964,25.0,11.0,930.0,True,feasible,nils_complete,186921.48599064385,230.29186738307558,,99.95858143849391,,71.45463918439533,True,feasible_only,0.0,77.4201906431227,True,186921.48599064385,,99.95858143849391,
S0042_R03,4202029,truck_only,S0042,n50_p0.75_d2_clustered_Ehigh_V1.25_Hshort_PWstrict_B0.20,50,0.76,0.75,2,3,high,1.25,clustered,short,strict,0.2,200.0,40.0,1.0,peripheral,370797.5508967735,178.4272187974246,0.0,0.0,370619.1236779761,370619.1236779761,1547.8040416042015,1505.7414995541214,828.6553749708679,3882.200916129191,309560.8083208403,60229.659982164856,828.6553749708679,0.0,431.4909087727145,223.03402349678063,0.0,50,0,0.0,0,0,0.0,0.0,0.0,0.0,0.0,0.0,0,0.0,0.0,0,0,0,0.025645971298217773,0.0,0.0,0.0,True,feasible,baseline_truck_only,370797.5508967735,223.03402349678063,,,,0.0,True,feasible_only,0.0,370797.5508967735,True,370797.5508967735,,,
S0042_R03,4202029,nils,S0042,n50_p0.75_d2_clustered_Ehigh_V1.25_Hshort_PWstrict_B0.20,50,0.76,0.75,2,3,high,1.25,clustered,short,strict,0.2,200.0,40.0,1.0,peripheral,75.2847891691795,49.5410459206254,25.74374324855411,0.0,0.0,0.0,0.0,0.0,0.0,0.0,0.0,0.0,0.0,0.0,131.44362458612636,61.92630740078174,85.81247749518036,27,23,0.46,2,2,11.5,11.5,0.0,0.0,0.0,0.0,0,0.6949780663123681,0.7884026673469605,0,329,329,4.935142517089844,25.0,22.0,1013.0,True,feasible,nils_complete,370797.5508967735,223.03402349678063,,99.97969652469733,,72.23459164216908,True,feasible_only,0.0,75.2847891691795,True,370797.5508967735,,99.97969652469733,
S0042_R04,4202030,truck_only,S0042,n50_p0.75_d2_clustered_Ehigh_V1.25_Hshort_PWstrict_B0.20,50,0.76,0.75,2,3,high,1.25,clustered,short,strict,0.2,200.0,40.0,1.0,peripheral,348729.03292000055,183.8674498985463,0.0,0.0,348545.165470102,348545.165470102,1549.3605011041582,923.13120683613,1747.8169758251377,4220.3086837654255,309872.10022083163,36925.2482734452,1747.8169758251377,0.0,442.5281778801712,229.8343123731829,0.0,50,0,0.0,0,0,0.0,0.0,0.0,0.0,0.0,0.0,0,0.0,0.0,0,0,0,0.021425247192382812,0.0,0.0,0.0,True,feasible,baseline_truck_only,348729.03292000055,229.8343123731829,,,,0.0,True,feasible_only,0.0,348729.03292000055,True,348729.03292000055,,,
S0042_R04,4202030,nils,S0042,n50_p0.75_d2_clustered_Ehigh_V1.25_Hshort_PWstrict_B0.20,50,0.76,0.75,2,3,high,1.25,clustered,short,strict,0.2,200.0,40.0,1.0,peripheral,8704.684834697042,120.46422241327012,28.639637004147406,0.0,8555.580975279625,8555.580975279625,42.777904876398125,0.0,0.0,42.777904876398125,8555.580975279625,0.0,0.0,0.0,129.21246362417537,150.58027801658764,95.46545668049137,33,17,0.34,2,2,8.5,8.5,0.0,0.0,0.0,0.0,0,0.7896069087547049,0.7947248256642476,0,534,534,4.886072874069214,25.0,18.0,850.0,True,feasible,nils_complete,348729.03292000055,229.8343123731829,,97.50388295410612,,34.48311678889363,True,feasible_only,0.0,8704.684834697042,True,348729.03292000055,,97.50388295410612,
S0042_R05,4202031,truck_only,S0042,n50_p0.75_d2_clustered_Ehigh_V1.25_Hshort_PWstrict_B0.20,50,0.76,0.75,2,3,high,1.25,clustered,short,strict,0.2,200.0,40.0,1.0,peripheral,493397.447701593,170.4490451024905,0.0,0.0,493226.99865649047,493226.99865649047,2101.7728986293146,1800.5033401477997,852.2853247154426,4754.561563492557,420354.5797258629,72020.133605912,852.2853247154426,0.0,416.09626854286694,213.0613063781131,0.0,50,0,0.0,0,0,0.0,0.0,0.0,0.0,0.0,0.0,0,0.0,0.0,0,0,0,0.03231644630432129,0.0,0.0,0.0,True,feasible,baseline_truck_only,493397.447701593,213.0613063781131,,,,0.0,True,feasible_only,0.0,493397.447701593,True,493397.447701593,,,
S0042_R05,4202031,nils,S0042,n50_p0.75_d2_clustered_Ehigh_V1.25_Hshort_PWstrict_B0.20,50,0.76,0.75,2,3,high,1.25,clustered,short,strict,0.2,200.0,40.0,1.0,peripheral,127.15863620444317,99.25135740901939,27.907278795423778,0.0,0.0,0.0,0.0,0.0,0.0,0.0,0.0,0.0,0.0,0.0,160.6329114095362,124.06419676127425,93.02426265141257,31,19,0.38,2,2,9.5,9.5,0.0,0.0,0.0,0.0,0,0.768587896527938,0.7790988202654797,0,469,469,5.0804595947265625,25.0,19.0,893.0,True,feasible,nils_complete,493397.447701593,213.0613063781131,,99.9742279501451,,41.77065799967383,True,feasible_only,0.0,127.15863620444317,True,493397.447701593,,99.9742279501451,
S0042_R06,4202032,truck_only,S0042,n50_p0.75_d2_clustered_Ehigh_V1.25_Hshort_PWstrict_B0.20,50,0.76,0.75,2,3,high,1.25,clustered,short,strict,0.2,200.0,40.0,1.0,peripheral,316773.87682488223,183.5629222777432,0.0,0.0,316590.3139026045,316590.3139026045,1330.1443242249647,1239.2002656939142,993.438429854948,3562.783019773827,266028.86484499293,49568.010627756565,993.438429854948,0.0,440.9863473289305,229.45365284717894,0.0,50,0,0.0,0,0,0.0,0.0,0.0,0.0,0.0,0.0,0,0.0,0.0,0,0,0,0.025853872299194336,0.0,0.0,0.0,True,feasible,baseline_truck_only,316773.87682488223,229.45365284717894,,,,0.0,True,feasible_only,0.0,316773.87682488223,True,316773.87682488223,,,
S0042_R06,4202032,nils,S0042,n50_p0.75_d2_clustered_Ehigh_V1.25_Hshort_PWstrict_B0.20,50,0.76,0.75,2,3,high,1.25,clustered,short,strict,0.2,200.0,40.0,1.0,peripheral,2955.356355089257,128.18547432764916,28.634240641179094,0.0,2798.5366401204287,2798.5366401204287,13.992683200602144,0.0,0.0,13.992683200602144,2798.5366401204287,0.0,0.0,0.0,149.8580772576596,160.23184290956146,95.4474688039303,33,17,0.34,2,2,8.5,8.5,0.0,0.0,0.0,0.0,0,0.7889317832756448,0.7952852814731293,0,596,596,4.154565334320068,25.0,22.0,694.0,True,feasible,nils_complete,316773.87682488223,229.45365284717894,,99.06704543167776,,30.16810108650599,True,feasible_only,0.0,2955.356355089257,True,316773.87682488223,,99.06704543167776,
S0042_R07,4202033,truck_only,S0042,n50_p0.75_d2_clustered_Ehigh_V1.25_Hshort_PWstrict_B0.20,50,0.76,0.75,2,3,high,1.25,clustered,short,strict,0.2,200.0,40.0,1.0,peripheral,331764.2411154762,198.35830726882278,0.0,0.0,331565.88280820736,331565.88280820736,1287.6095190504147,1814.3224370177481,1471.0815174144025,4573.013473482565,257521.90381008293,72572.89748070993,1471.0815174144025,0.0,473.66538568355526,247.94788408602838,0.0,50,0,0.0,0,0,0.0,0.0,0.0,0.0,0.0,0.0,0,0.0,0.0,0,0,0,0.0344538688659668,0.0,0.0,0.0,True,feasible,baseline_truck_only,331764.2411154762,247.94788408602838,,,,0.0,True,feasible_only,0.0,331764.2411154762,True,331764.2411154762,,,
S0042_R07,4202033,nils,S0042,n50_p0.75_d2_clustered_Ehigh_V1.25_Hshort_PWstrict_B0.20,50,0.76,0.75,2,3,high,1.25,clustered,short,strict,0.2,200.0,40.0,1.0,peripheral,119.96045613672304,90.69023197694328,29.27022415977976,0.0,0.0,0.0,0.0,0.0,0.0,0.0,0.0,0.0,0.0,0.0,151.96497475204447,113.36278997117911,97.56741386593254,37,13,0.26,2,2,6.5,6.5,0.0,0.0,0.0,0.0,0,0.7988288269079292,0.7992563668035636,0,778,778,5.151641607284546,25.0,16.0,674.0,True,feasible,nils_complete,331764.2411154762,247.94788408602838,,99.96384165582964,,54.279589685126496,True,feasible_only,0.0,119.96045613672304,True,331764.2411154762,,99.96384165582964,
S0042_R08,4202034,truck_only,S0042,n50_p0.75_d2_clustered_Ehigh_V1.25_Hshort_PWstrict_B0.20,50,0.76,0.75,2,3,high,1.25,clustered,short,strict,0.2,200.0,40.0,1.0,peripheral,397042.7990701124,166.87900314087568,0.0,0.0,396875.9200669715,396875.9200669715,1676.8675652298775,1518.2282319771073,773.2777419117173,3968.373539118702,335373.51304597553,60729.12927908429,773.2777419117173,0.0,409.7301565667695,208.59875392609467,0.0,50,0,0.0,0,0,0.0,0.0,0.0,0.0,0.0,0.0,0,0.0,0.0,0,0,0,0.021150827407836914,0.0,0.0,0.0,True,feasible,baseline_truck_only,397042.7990701124,208.59875392609467,,,,0.0,True,feasible_only,0.0,397042.7990701124,True,397042.7990701124,,,
S0042_R08,4202034,nils,S0042,n50_p0.75_d2_clustered_Ehigh_V1.25_Hshort_PWstrict_B0.20,50,0.76,0.75,2,3,high,1.25,clustered,short,strict,0.2,200.0,40.0,1.0,peripheral,117.68126611276077,89.54319370191926,28.1380724108415,0.0,0.0,0.0,0.0,0.0,0.0,0.0,0.0,0.0,0.0,0.0,151.27023971822177,111.92899212739906,93.79357470280499,35,15,0.3,2,2,7.5,7.5,0.0,0.0,0.0,0.0,0,0.7668317718439654,0.784857521963396,0,446,446,4.85049843788147,25.0,15.0,918.0,True,feasible,nils_complete,397042.7990701124,208.59875392609467,,99.9703605590157,,46.3424445157257,True,feasible_only,0.0,117.68126611276077,True,397042.7990701124,,99.9703605590157,
S0042_R09,4202035,truck_only,S0042,n50_p0.75_d2_clustered_Ehigh_V1.25_Hshort_PWstrict_B0.20,50,0.76,0.75,2,3,high,1.25,clustered,short,strict,0.2,200.0,40.0,1.0,peripheral,378737.5645110525,155.44053568494664,0.0,0.0,378582.1239753676,378582.1239753676,1706.3898936152675,916.8263298828933,631.0920569983888,3254.3082804965493,341277.97872305353,36673.05319531573,631.0920569983888,0.0,379.1325747931327,194.3006696061834,0.0,50,0,0.0,0,0,0.0,0.0,0.0,0.0,0.0,0.0,0,0.0,0.0,0,0,0,0.023004531860351562,0.0,0.0,0.0,True,feasible,baseline_truck_only,378737.5645110525,194.3006696061834,,,,0.0,True,feasible_only,0.0,378737.5645110525,True,378737.5645110525,,,
S0042_R09,4202035,nils,S0042,n50_p0.75_d2_clustered_Ehigh_V1.25_Hshort_PWstrict_B0.20,50,0.76,0.75,2,3,high,1.25,clustered,short,strict,0.2,200.0,40.0,1.0,peripheral,2144.3130849739528,107.72781996450132,28.758224650404667,0.0,2007.8270403590466,2007.8270403590466,10.039135201795233,0.0,0.0,10.039135201795233,2007.8270403590466,0.0,0.0,0.0,122.03892066968258,134.65977495562663,95.8607488346822,26,24,0.48,2,2,12.0,12.0,0.0,0.0,0.0,0.0,0,0.7884622983106923,0.7965259984905786,0,277,277,4.9785473346710205,25.0,24.0,1065.0,True,feasible,nils_complete,378737.5645110525,194.3006696061834,,99.4338261408682,,30.6951565176998,True,feasible_only,0.0,2144.3130849739528,True,378737.5645110525,,99.4338261408682,
S0042_R10,4202036,truck_only,S0042,n50_p0.75_d2_clustered_Ehigh_V1.25_Hshort_PWstrict_B0.20,50,0.76,0.75,2,3,high,1.25,clustered,short,strict,0.2,200.0,40.0,1.0,peripheral,142673.57490970002,171.73957536209727,0.0,0.0,142501.83533433793,142501.83533433793,499.98878194936685,1031.991281904391,1224.4276682888976,2756.4077321426553,99997.75638987336,41279.65127617564,1224.4276682888976,0.0,419.54282971783937,214.6744692026216,0.0,50,0,0.0,0,0,0.0,0.0,0.0,0.0,0.0,0.0,0,0.0,0.0,0,0,0,0.03512310981750488,0.0,0.0,0.0,True,feasible,baseline_truck_only,142673.57490970002,214.6744692026216,,,,0.0,True,feasible_only,0.0,142673.57490970002,True,142673.57490970002,,,
S0042_R10,4202036,nils,S0042,n50_p0.75_d2_clustered_Ehigh_V1.25_Hshort_PWstrict_B0.20,50,0.76,0.75,2,3,high,1.25,clustered,short,strict,0.2,200.0,40.0,1.0,peripheral,77.80270559604499,63.4493427132415,14.353362882803484,0.0,0.0,0.0,0.0,0.0,0.0,0.0,0.0,0.0,0.0,0.0,178.4398389003356,79.31167839155187,47.84454294267829,42,8,0.16,1,1,8.0,8.0,0.0,0.0,0.0,0.0,0,0.7881824585458329,0.7881824585458329,0,420,420,5.002082586288452,25.0,8.0,952.0,True,feasible,nils_complete,142673.57490970002,214.6744692026216,,99.94546803383507,,63.05490881792136,True,feasible_only,0.0,77.80270559604499,True,142673.57490970002,,99.94546803383507,
S0043_R01,4302027,truck_only,S0043,n50_p0.75_d1_clustered_Ehigh_V2.00_Hshort_PWmoderate_B0.20,50,0.76,0.75,1,3,high,2.0,clustered,short,moderate,0.2,20.0,5.0,1.0,peripheral,36028.574730445616,192.88878929409847,0.0,0.0,35835.68594115152,35835.68594115152,1205.9461335700516,2007.3665398106173,1679.9305706973996,4893.2432440780685,24118.922671401033,10036.832699053086,1679.9305706973996,0.0,462.9989739573869,241.11098661762298,0.0,50,0,0.0,0,0,0.0,0.0,0.0,0.0,0.0,0.0,0,0.0,0.0,0,0,0,0.024170637130737305,0.0,0.0,0.0,True,feasible,baseline_truck_only,36028.574730445616,241.11098661762298,,,,0.0,True,feasible_only,0.0,36028.574730445616,True,36028.574730445616,,,
S0043_R01,4302027,nils,S0043,n50_p0.75_d1_clustered_Ehigh_V2.00_Hshort_PWmoderate_B0.20,50,0.76,0.75,1,3,high,2.0,clustered,short,moderate,0.2,20.0,5.0,1.0,peripheral,1687.8651253355065,98.97676446483482,22.939214598571226,0.0,1565.9491462721005,1565.9491462721005,78.29745731360502,0.0,0.0,78.29745731360502,1565.9491462721005,0.0,0.0,0.0,157.31191768279922,123.72095558104353,76.4640486619041,32,18,0.36,1,1,18.0,18.0,0.0,0.0,0.0,0.0,0,0.7991944701588768,0.7991944701588768,0,186,186,3.81071400642395,25.0,18.0,452.0,True,feasible,nils_complete,36028.574730445616,241.11098661762298,,95.31520428447814,,48.68713478525467,True,feasible_only,0.0,1687.8651253355065,True,36028.574730445616,,95.31520428447814,
S0043_R02,4302028,truck_only,S0043,n50_p0.75_d1_clustered_Ehigh_V2.00_Hshort_PWmoderate_B0.20,50,0.76,0.75,1,3,high,2.0,clustered,short,moderate,0.2,20.0,5.0,1.0,peripheral,45161.807980917176,194.70244317009045,0.0,0.0,44967.105537747084,44967.105537747084,1711.6200102047035,2002.696862153093,721.2210228875444,4435.537895245341,34232.40020409407,10013.484310765465,721.2210228875444,0.0,467.67667609913053,243.37805396261305,0.0,50,0,0.0,0,0,0.0,0.0,0.0,0.0,0.0,0.0,0,0.0,0.0,0,0,0,0.019115209579467773,0.0,0.0,0.0,True,feasible,baseline_truck_only,45161.807980917176,243.37805396261305,,,,0.0,True,feasible_only,0.0,45161.807980917176,True,45161.807980917176,,,
S0043_R02,4302028,nils,S0043,n50_p0.75_d1_clustered_Ehigh_V2.00_Hshort_PWmoderate_B0.20,50,0.76,0.75,1,3,high,2.0,clustered,short,moderate,0.2,20.0,5.0,1.0,peripheral,603.4447291106595,91.35340212489574,22.529914370693174,0.0,489.5614126150706,489.5614126150706,24.47807063075353,0.0,0.0,24.47807063075353,489.5614126150706,0.0,0.0,0.0,158.74801596024884,114.19175265611963,75.09971456897725,37,13,0.26,1,1,13.0,13.0,0.0,0.0,0.0,0.0,0,0.792791272919667,0.792791272919667,0,295,295,3.440666913986206,25.0,14.0,431.0,True,feasible,nils_complete,45161.807980917176,243.37805396261305,,98.66381627288783,,53.080505494689596,True,feasible_only,0.0,603.4447291106595,True,45161.807980917176,,98.66381627288783,
S0043_R03,4302029,truck_only,S0043,n50_p0.75_d1_clustered_Ehigh_V2.00_Hshort_PWmoderate_B0.20,50,0.76,0.75,1,3,high,2.0,clustered,short,moderate,0.2,20.0,5.0,1.0,peripheral,26348.104083628845,144.32786762841832,0.0,0.0,26203.776216000428,26203.776216000428,981.9998268192193,1246.4712800278344,331.42327947686255,2559.8943863239165,19639.996536384384,6232.3564001391715,331.42327947686255,0.0,356.43327526110306,180.40983453552292,0.0,50,0,0.0,0,0,0.0,0.0,0.0,0.0,0.0,0.0,0,0.0,0.0,0,0,0,0.020181894302368164,0.0,0.0,0.0,True,feasible,baseline_truck_only,26348.104083628845,180.40983453552292,,,,0.0,True,feasible_only,0.0,26348.104083628845,True,26348.104083628845,,,
S0043_R03,4302029,nils,S0043,n50_p0.75_d1_clustered_Ehigh_V2.00_Hshort_PWmoderate_B0.20,50,0.76,0.75,1,3,high,2.0,clustered,short,moderate,0.2,20.0,5.0,1.0,peripheral,66.92550653071184,51.42137511804394,15.5041314126679,0.0,0.0,0.0,0.0,0.0,0.0,0.0,0.0,0.0,0.0,0.0,143.31227258260992,64.27671889755493,51.68043804222634,36,14,0.28,1,1,14.0,14.0,0.0,0.0,0.0,0.0,0,0.5356390875464304,0.5356390875464304,0,0,0,4.992677211761475,25.0,14.0,680.0,True,feasible,nils_complete,26348.104083628845,180.40983453552292,,99.74599498196041,,64.37183202177442,True,feasible_only,0.0,66.92550653071184,True,26348.104083628845,,99.74599498196041,
S0043_R04,4302030,truck_only,S0043,n50_p0.75_d1_clustered_Ehigh_V2.00_Hshort_PWmoderate_B0.20,50,0.76,0.75,1,3,high,2.0,clustered,short,moderate,0.2,20.0,5.0,1.0,peripheral,67553.07166201615,191.88057824062173,0.0,0.0,67361.19108377553,67361.19108377553,3073.6589996240696,1014.9559377805017,813.2314023916286,4901.8463397962,61473.17999248139,5074.7796889025085,813.2314023916286,0.0,464.12036060131277,239.8507228007771,0.0,50,0,0.0,0,0,0.0,0.0,0.0,0.0,0.0,0.0,0,0.0,0.0,0,0,0,0.020098209381103516,0.0,0.0,0.0,True,feasible,baseline_truck_only,67553.07166201615,239.8507228007771,,,,0.0,True,feasible_only,0.0,67553.07166201615,True,67553.07166201615,,,
S0043_R04,4302030,nils,S0043,n50_p0.75_d1_clustered_Ehigh_V2.00_Hshort_PWmoderate_B0.20,50,0.76,0.75,1,3,high,2.0,clustered,short,moderate,0.2,20.0,5.0,1.0,peripheral,1928.7661039096402,130.3343734389249,22.65857427373291,0.0,1775.7731561969824,1775.7731561969824,88.78865780984911,0.0,0.0,88.78865780984911,1775.7731561969822,0.0,0.0,0.0,148.13171730533395,162.9179667986561,75.52858091244306,33,17,0.34,1,1,17.0,17.0,0.0,0.0,0.0,0.0,0,0.7969937613504018,0.7969937613504018,0,202,202,4.115806818008423,25.0,18.0,490.0,True,feasible,nils_complete,67553.07166201615,239.8507228007771,,97.14481361623389,,32.07526544167319,True,feasible_only,0.0,1928.7661039096402,True,67553.07166201615,,97.14481361623389,
S0043_R05,4302031,truck_only,S0043,n50_p0.75_d1_clustered_Ehigh_V2.00_Hshort_PWmoderate_B0.20,50,0.76,0.75,1,3,high,2.0,clustered,short,moderate,0.2,20.0,5.0,1.0,peripheral,30795.592589631873,170.9322826453614,0.0,0.0,30624.660306986512,30624.660306986512,1102.058656574128,1540.254282684245,882.2157620827335,3524.5287013411066,22041.17313148256,7701.271413421226,882.2157620827335,0.0,415.98196857295756,213.66535330670177,0.0,50,0,0.0,0,0,0.0,0.0,0.0,0.0,0.0,0.0,0,0.0,0.0,0,0,0,0.020689010620117188,0.0,0.0,0.0,True,feasible,baseline_truck_only,30795.592589631873,213.66535330670177,,,,0.0,True,feasible_only,0.0,30795.592589631873,True,30795.592589631873,,,
S0043_R05,4302031,nils,S0043,n50_p0.75_d1_clustered_Ehigh_V2.00_Hshort_PWmoderate_B0.20,50,0.76,0.75,1,3,high,2.0,clustered,short,moderate,0.2,20.0,5.0,1.0,peripheral,74.48874538928669,52.038308018725395,22.450437370561293,0.0,0.0,0.0,0.0,0.0,0.0,0.0,0.0,0.0,0.0,0.0,146.45645694771503,65.04788502340675,74.83479123520434,33,17,0.34,1,1,17.0,17.0,0.0,0.0,0.0,0.0,0,0.787772228641621,0.787772228641621,0,200,200,4.246326923370361,25.0,17.0,490.0,True,feasible,nils_complete,30795.592589631873,213.66535330670177,,99.7581188114095,,69.55618493278364,True,feasible_only,0.0,74.48874538928669,True,30795.592589631873,,99.7581188114095,
S0043_R06,4302032,truck_only,S0043,n50_p0.75_d1_clustered_Ehigh_V2.00_Hshort_PWmoderate_B0.20,50,0.76,0.75,1,3,high,2.0,clustered,short,moderate,0.2,20.0,5.0,1.0,peripheral,29471.814380819833,166.56024139593154,0.0,0.0,29305.2541394239,29305.2541394239,1067.2687937362077,1486.799506150191,525.8807339487898,3079.9490338351884,21345.375874724155,7433.997530750956,525.8807339487898,0.0,406.7566580925724,208.20030174491447,0.0,50,0,0.0,0,0,0.0,0.0,0.0,0.0,0.0,0.0,0,0.0,0.0,0,0,0,0.025053024291992188,0.0,0.0,0.0,True,feasible,baseline_truck_only,29471.814380819833,208.20030174491447,,,,0.0,True,feasible_only,0.0,29471.814380819833,True,29471.814380819833,,,
S0043_R06,4302032,nils,S0043,n50_p0.75_d1_clustered_Ehigh_V2.00_Hshort_PWmoderate_B0.20,50,0.76,0.75,1,3,high,2.0,clustered,short,moderate,0.2,20.0,5.0,1.0,peripheral,112.600095790409,48.796775320516126,22.870272662935278,0.0,40.9330478069576,40.9330478069576,2.04665239034788,0.0,0.0,2.04665239034788,40.9330478069576,0.0,0.0,0.0,132.504421033162,60.995969150645145,76.23424220978427,28,22,0.44,1,1,22.0,22.0,0.0,0.0,0.0,0.0,0,0.7994937530316983,0.7994937530316983,0,81,81,4.646468639373779,25.0,22.0,539.0,True,feasible,nils_complete,29471.814380819833,208.20030174491447,,99.61793972255849,,70.70322730589652,True,feasible_only,0.0,112.600095790409,True,29471.814380819833,,99.61793972255849,
S0043_R07,4302033,truck_only,S0043,n50_p0.75_d1_clustered_Ehigh_V2.00_Hshort_PWmoderate_B0.20,50,0.76,0.75,1,3,high,2.0,clustered,short,moderate,0.2,20.0,5.0,1.0,peripheral,32882.74435180741,174.69778937304116,0.0,0.0,32708.046562434367,32708.046562434367,1177.4027084882937,1656.0750124752687,879.6173302921462,3713.0950512557083,23548.054169765874,8280.375062376344,879.6173302921462,0.0,422.6323896894307,218.37223671630144,0.0,50,0,0.0,0,0,0.0,0.0,0.0,0.0,0.0,0.0,0,0.0,0.0,0,0,0,0.018976211547851562,0.0,0.0,0.0,True,feasible,baseline_truck_only,32882.74435180741,218.37223671630144,,,,0.0,True,feasible_only,0.0,32882.74435180741,True,32882.74435180741,,,
S0043_R07,4302033,nils,S0043,n50_p0.75_d1_clustered_Ehigh_V2.00_Hshort_PWmoderate_B0.20,50,0.76,0.75,1,3,high,2.0,clustered,short,moderate,0.2,20.0,5.0,1.0,peripheral,76.70070316197314,63.461851701623075,13.23885146035007,0.0,0.0,0.0,0.0,0.0,0.0,0.0,0.0,0.0,0.0,0.0,173.60173977712955,79.32731462702887,44.129504867833575,40,10,0.2,1,1,10.0,10.0,0.0,0.0,0.0,0.0,0,0.4559646366515165,0.4559646366515165,0,0,0,4.71343731880188,25.0,10.0,671.0,True,feasible,nils_complete,32882.74435180741,218.37223671630144,,99.76674482415044,,63.67335160371735,True,feasible_only,0.0,76.70070316197314,True,32882.74435180741,,99.76674482415044,
S0043_R08,4302034,truck_only,S0043,n50_p0.75_d1_clustered_Ehigh_V2.00_Hshort_PWmoderate_B0.20,50,0.76,0.75,1,3,high,2.0,clustered,short,moderate,0.2,20.0,5.0,1.0,peripheral,47654.80039119181,183.83277735032124,0.0,0.0,47470.967613841494,47470.967613841494,1943.831005500145,1527.5729780558565,956.4826135593154,4427.886597115317,38876.6201100029,7637.864890279283,956.4826135593154,0.0,444.6476794586146,229.79097168790165,0.0,50,0,0.0,0,0,0.0,0.0,0.0,0.0,0.0,0.0,0,0.0,0.0,0,0,0,0.020397663116455078,0.0,0.0,0.0,True,feasible,baseline_truck_only,47654.80039119181,229.79097168790165,,,,0.0,True,feasible_only,0.0,47654.80039119181,True,47654.80039119181,,,
S0043_R08,4302034,nils,S0043,n50_p0.75_d1_clustered_Ehigh_V2.00_Hshort_PWmoderate_B0.20,50,0.76,0.75,1,3,high,2.0,clustered,short,moderate,0.2,20.0,5.0,1.0,peripheral,109.37023681073134,86.64360150300789,22.726635307723463,0.0,0.0,0.0,0.0,0.0,0.0,0.0,0.0,0.0,0.0,0.0,143.91949593686823,108.30450187875987,75.75545102574489,33,17,0.34,1,1,17.0,17.0,0.0,0.0,0.0,0.0,0,0.7927897748223327,0.7927897748223327,0,189,189,4.178820848464966,25.0,17.0,503.0,True,feasible,nils_complete,47654.80039119181,229.79097168790165,,99.7704948170742,,52.86825192337962,True,feasible_only,0.0,109.37023681073134,True,47654.80039119181,,99.7704948170742,
S0043_R09,4302035,truck_only,S0043,n50_p0.75_d1_clustered_Ehigh_V2.00_Hshort_PWmoderate_B0.20,50,0.76,0.75,1,3,high,2.0,clustered,short,moderate,0.2,20.0,5.0,1.0,peripheral,22421.242112428827,169.16544093535626,0.0,0.0,22252.07667149347,22252.07667149347,735.2214221627,1312.8208827396122,983.5438145414083,3031.5861194437202,14704.428443254,6564.104413698061,983.5438145414083,0.0,409.6993466197049,211.4568011691954,0.0,50,0,0.0,0,0,0.0,0.0,0.0,0.0,0.0,0.0,0,0.0,0.0,0,0,0,0.01841425895690918,0.0,0.0,0.0,True,feasible,baseline_truck_only,22421.242112428827,211.4568011691954,,,,0.0,True,feasible_only,0.0,22421.242112428827,True,22421.242112428827,,,
S0043_R09,4302035,nils,S0043,n50_p0.75_d1_clustered_Ehigh_V2.00_Hshort_PWmoderate_B0.20,50,0.76,0.75,1,3,high,2.0,clustered,short,moderate,0.2,20.0,5.0,1.0,peripheral,70.99877882293725,49.87586463100733,21.122914191929926,0.0,0.0,0.0,0.0,0.0,0.0,0.0,0.0,0.0,0.0,0.0,135.25024195011372,62.34483078875917,70.40971397309977,30,20,0.4,1,1,20.0,20.0,0.0,0.0,0.0,0.0,0,0.7370399667118539,0.7370399667118539,0,41,41,4.792904376983643,25.0,16.0,630.0,True,feasible,nils_complete,22421.242112428827,211.4568011691954,,99.68334145598661,,70.51651663884083,True,feasible_only,0.0,70.99877882293725,True,22421.242112428827,,99.68334145598661,
S0043_R10,4302036,truck_only,S0043,n50_p0.75_d1_clustered_Ehigh_V2.00_Hshort_PWmoderate_B0.20,50,0.76,0.75,1,3,high,2.0,clustered,short,moderate,0.2,20.0,5.0,1.0,peripheral,45553.27188257673,172.58470147830477,0.0,0.0,45380.68718109842,45380.68718109842,2052.190570507582,662.8813319724007,1022.4691110847928,3737.5410135647753,41043.81141015164,3314.406659862004,1022.4691110847928,0.0,418.766978463606,215.73087684788098,0.0,50,0,0.0,0,0,0.0,0.0,0.0,0.0,0.0,0.0,0,0.0,0.0,0,0,0,0.022507905960083008,0.0,0.0,0.0,True,feasible,baseline_truck_only,45553.27188257673,215.73087684788098,,,,0.0,True,feasible_only,0.0,45553.27188257673,True,45553.27188257673,,,
S0043_R10,4302036,nils,S0043,n50_p0.75_d1_clustered_Ehigh_V2.00_Hshort_PWmoderate_B0.20,50,0.76,0.75,1,3,high,2.0,clustered,short,moderate,0.2,20.0,5.0,1.0,peripheral,101.81698378234903,79.16540605712727,22.651577725221756,0.0,0.0,0.0,0.0,0.0,0.0,0.0,0.0,0.0,0.0,0.0,137.96586405383653,98.95675757140911,75.50525908407249,30,20,0.4,1,1,20.0,20.0,0.0,0.0,0.0,0.0,0,0.7966034398943216,0.7966034398943216,0,100,100,4.202410697937012,25.0,19.0,577.0,True,feasible,nils_complete,45553.27188257673,215.73087684788098,,99.7764880993734,,54.129534437860364,True,feasible_only,0.0,101.81698378234903,True,45553.27188257673,,99.7764880993734,
S0044_R01,4402027,truck_only,S0044,n50_p0.75_d1_uniform_Ehigh_V2.00_Hlong_PWflat_B0.20,50,0.76,0.75,1,3,high,2.0,uniform,long,flat,0.2,1.0,1.0,1.0,peripheral,2356.2659406492257,389.50106308644206,0.0,0.0,1966.7648775627836,1966.7648775627836,1096.2223926859222,750.5996807091378,119.94280416772338,1966.7648775627833,1096.2223926859222,750.5996807091378,119.94280416772338,0.0,318.87227345061945,486.87632885805243,0.0,50,0,0.0,0,0,0.0,0.0,0.0,0.0,0.0,0.0,0,0.0,0.0,0,0,0,0.02200150489807129,0.0,0.0,0.0,True,feasible,baseline_truck_only,2356.2659406492257,486.87632885805243,,,,0.0,True,feasible_only,0.0,2356.2659406492257,True,2356.2659406492257,,,
S0044_R01,4402027,nils,S0044,n50_p0.75_d1_uniform_Ehigh_V2.00_Hlong_PWflat_B0.20,50,0.76,0.75,1,3,high,2.0,uniform,long,flat,0.2,1.0,1.0,1.0,peripheral,316.40281621794185,200.9733567506496,21.892438087387852,0.0,93.53702137990437,93.53702137990437,83.87805709832531,9.65896428157906,0.0,93.53702137990437,83.87805709832531,9.65896428157906,0.0,0.0,158.59889940528848,251.216695938312,72.97479362462617,40,10,0.2,1,1,10.0,10.0,0.0,0.0,0.0,0.0,0,0.7972329016317835,0.7972329016317835,0,487,487,1.4478278160095215,23.0,10.0,219.0,True,feasible,nils_complete,2356.2659406492257,486.87632885805243,,86.57185461286417,,48.40235989136502,True,feasible_only,0.0,316.40281621794185,True,2356.2659406492257,,86.57185461286417,
S0044_R02,4402028,truck_only,S0044,n50_p0.75_d1_uniform_Ehigh_V2.00_Hlong_PWflat_B0.20,50,0.76,0.75,1,3,high,2.0,uniform,long,flat,0.2,1.0,1.0,1.0,peripheral,2330.8056892272343,372.7959694266662,0.0,0.0,1958.0097198005683,1958.0097198005683,1084.3977882822765,814.2737041273718,59.33822739092008,1958.0097198005683,1084.3977882822765,814.2737041273718,59.33822739092008,0.0,305.31100303284074,465.99496178333277,0.0,50,0,0.0,0,0,0.0,0.0,0.0,0.0,0.0,0.0,0,0.0,0.0,0,0,0,0.02485179901123047,0.0,0.0,0.0,True,feasible,baseline_truck_only,2330.8056892272343,465.99496178333277,,,,0.0,True,feasible_only,0.0,2330.8056892272343,True,2330.8056892272343,,,
S0044_R02,4402028,nils,S0044,n50_p0.75_d1_uniform_Ehigh_V2.00_Hlong_PWflat_B0.20,50,0.76,0.75,1,3,high,2.0,uniform,long,flat,0.2,1.0,1.0,1.0,peripheral,552.2603442236391,237.53016721671156,21.476192027884853,0.0,293.25398497904274,293.25398497904274,247.60892527870806,45.645059700334684,0.0,293.25398497904274,247.60892527870806,45.645059700334684,0.0,0.0,196.46400654993886,296.9127090208894,71.58730675961617,43,7,0.14,1,1,7.0,7.0,0.0,0.0,0.0,0.0,0,0.7727018810203398,0.7727018810203398,0,572,572,1.5432615280151367,25.0,7.0,219.0,True,feasible,nils_complete,2330.8056892272343,465.99496178333277,,76.30603242577729,,36.28413751843507,True,feasible_only,0.0,552.2603442236391,True,2330.8056892272343,,76.30603242577729,
S0044_R03,4402029,truck_only,S0044,n50_p0.75_d1_uniform_Ehigh_V2.00_Hlong_PWflat_B0.20,50,0.76,0.75,1,3,high,2.0,uniform,long,flat,0.2,1.0,1.0,1.0,peripheral,2027.3777939303584,370.0576290105443,0.0,0.0,1657.320164919814,1657.320164919814,974.2949064607244,574.3692204286931,108.65603803039616,1657.3201649198136,974.2949064607244,574.3692204286931,108.65603803039616,0.0,342.86234121449013,462.57203626318045,0.0,50,0,0.0,0,0,0.0,0.0,0.0,0.0,0.0,0.0,0,0.0,0.0,0,0,0,0.02498173713684082,0.0,0.0,0.0,True,feasible,baseline_truck_only,2027.3777939303584,462.57203626318045,,,,0.0,True,feasible_only,0.0,2027.3777939303584,True,2027.3777939303584,,,
S0044_R03,4402029,nils,S0044,n50_p0.75_d1_uniform_Ehigh_V2.00_Hlong_PWflat_B0.20,50,0.76,0.75,1,3,high,2.0,uniform,long,flat,0.2,1.0,1.0,1.0,peripheral,225.33703202461962,198.30412819482567,22.35880407770401,0.0,4.674099752089937,4.674099752089937,4.674099752089937,0.0,0.0,4.674099752089937,4.674099752089937,0.0,0.0,0.0,187.01248401478324,247.8801602435321,74.52934692568003,41,9,0.18,1,1,9.0,9.0,0.0,0.0,0.0,0.0,0,0.7878507964390624,0.7878507964390624,0,529,529,1.7045559883117676,25.0,10.0,241.0,True,feasible,nils_complete,2027.3777939303584,462.57203626318045,,88.8852964307273,,46.41263612777046,True,feasible_only,0.0,225.33703202461962,True,2027.3777939303584,,88.8852964307273,
S0044_R04,4402030,truck_only,S0044,n50_p0.75_d1_uniform_Ehigh_V2.00_Hlong_PWflat_B0.20,50,0.76,0.75,1,3,high,2.0,uniform,long,flat,0.2,1.0,1.0,1.0,peripheral,1767.5037802722936,382.936829930458,0.0,0.0,1384.5669503418358,1384.5669503418358,862.1177898796473,326.1392840766784,196.30987638550985,1384.5669503418355,862.1177898796473,326.1392840766784,196.30987638550985,0.0,379.9699025997962,478.6710374130723,0.0,50,0,0.0,0,0,0.0,0.0,0.0,0.0,0.0,0.0,0,0.0,0.0,0,0,0,0.0350496768951416,0.0,0.0,0.0,True,feasible,baseline_truck_only,1767.5037802722936,478.6710374130723,,,,0.0,True,feasible_only,0.0,1767.5037802722936,True,1767.5037802722936,,,
S0044_R04,4402030,nils,S0044,n50_p0.75_d1_uniform_Ehigh_V2.00_Hlong_PWflat_B0.20,50,0.76,0.75,1,3,high,2.0,uniform,long,flat,0.2,1.0,1.0,1.0,peripheral,380.2607408776498,226.5756059627624,22.53814948974116,0.0,131.14698542514626,131.14698542514626,62.69649751849113,68.45048790665513,0.0,131.14698542514626,62.69649751849113,68.45048790665513,0.0,0.0,180.56230176162134,283.21950745345305,75.12716496580386,43,7,0.14,1,1,7.0,7.0,0.0,0.0,0.0,0.0,0,0.785880336916684,0.785880336916684,0,445,445,1.2837636470794678,21.0,8.0,238.0,True,feasible,nils_complete,1767.5037802722936,478.6710374130723,,78.48600126789724,,40.8321194898101,True,feasible_only,0.0,380.2607408776498,True,1767.5037802722936,,78.48600126789724,
S0044_R05,4402031,truck_only,S0044,n50_p0.75_d1_uniform_Ehigh_V2.00_Hlong_PWflat_B0.20,50,0.76,0.75,1,3,high,2.0,uniform,long,flat,0.2,1.0,1.0,1.0,peripheral,3635.3154742393203,366.18526457582675,0.0,0.0,3269.1302096634936,3269.1302096634936,2035.461275659939,951.8879478572762,281.78098614627845,3269.1302096634936,2035.461275659939,951.8879478572762,281.78098614627845,0.0,504.4274636436305,457.7315807197834,0.0,50,0,0.0,0,0,0.0,0.0,0.0,0.0,0.0,0.0,0,0.0,0.0,0,0,0,0.024684906005859375,0.0,0.0,0.0,False,infeasible,baseline_truck_only,3635.3154742393203,457.7315807197834,,,,0.0,False,feasible_only,0.0,,False,,,,
S0044_R05,4402031,nils,S0044,n50_p0.75_d1_uniform_Ehigh_V2.00_Hlong_PWflat_B0.20,50,0.76,0.75,1,3,high,2.0,uniform,long,flat,0.2,1.0,1.0,1.0,peripheral,369.7717852651846,205.1883488158051,22.850958786964,0.0,141.73247766241548,141.73247766241548,124.18950791301026,17.54296974940523,0.0,141.73247766241548,124.18950791301026,17.54296974940523,0.0,0.0,189.5654518026437,256.48543601975643,76.16986262321333,46,4,0.08,1,1,4.0,4.0,0.0,0.0,0.0,0.0,0,0.7849603721257246,0.7849603721257246,0,680,680,1.2334356307983398,25.0,6.0,165.0,True,feasible,nils_complete,3635.3154742393203,457.7315807197834,,89.82834398044758,,43.96597332951491,True,feasible_only,0.0,369.7717852651846,True,,,,
S0044_R06,4402032,truck_only,S0044,n50_p0.75_d1_uniform_Ehigh_V2.00_Hlong_PWflat_B0.20,50,0.76,0.75,1,3,high,2.0,uniform,long,flat,0.2,1.0,1.0,1.0,peripheral,2675.4415463552427,418.72360731297346,0.0,0.0,2256.7179390422693,2256.7179390422693,441.49120527964806,1143.1292258601666,672.0975079024543,2256.717939042269,441.49120527964806,1143.1292258601666,672.0975079024543,0.0,471.9853781393629,523.4045091412167,0.0,50,0,0.0,0,0,0.0,0.0,0.0,0.0,0.0,0.0,0,0.0,0.0,0,0,0,0.018318891525268555,0.0,0.0,0.0,True,feasible,baseline_truck_only,2675.4415463552427,523.4045091412167,,,,0.0,True,feasible_only,0.0,2675.4415463552427,True,2675.4415463552427,,,
S0044_R06,4402032,nils,S0044,n50_p0.75_d1_uniform_Ehigh_V2.00_Hlong_PWflat_B0.20,50,0.76,0.75,1,3,high,2.0,uniform,long,flat,0.2,1.0,1.0,1.0,peripheral,266.6620483675206,217.36126394477293,22.79816483227959,0.0,26.502619590468093,26.502619590468093,26.502619590468093,0.0,0.0,26.502619590468093,26.502619590468093,0.0,0.0,0.0,227.1559881437688,271.7015799309662,75.9938827742653,44,6,0.12,1,1,6.0,6.0,0.0,0.0,0.0,0.0,0,0.7875713931645547,0.7875713931645547,0,591,591,1.326725721359253,25.0,7.0,233.0,True,feasible,nils_complete,2675.4415463552427,523.4045091412167,,90.0329704930091,,48.08956071533194,True,feasible_only,0.0,266.6620483675206,True,2675.4415463552427,,90.0329704930091,
S0044_R07,4402033,truck_only,S0044,n50_p0.75_d1_uniform_Ehigh_V2.00_Hlong_PWflat_B0.20,50,0.76,0.75,1,3,high,2.0,uniform,long,flat,0.2,1.0,1.0,1.0,peripheral,1449.85002949618,326.574218829085,0.0,0.0,1123.2758106670951,1123.2758106670951,398.00675170276423,681.384696038634,43.884362925696905,1123.2758106670951,398.00675170276423,681.384696038634,43.884362925696905,0.0,316.8185216770703,408.21777353635616,0.0,50,0,0.0,0,0,0.0,0.0,0.0,0.0,0.0,0.0,0,0.0,0.0,0,0,0,0.02225041389465332,0.0,0.0,0.0,True,feasible,baseline_truck_only,1449.85002949618,408.21777353635616,,,,0.0,True,feasible_only,0.0,1449.85002949618,True,1449.85002949618,,,
S0044_R07,4402033,nils,S0044,n50_p0.75_d1_uniform_Ehigh_V2.00_Hlong_PWflat_B0.20,50,0.76,0.75,1,3,high,2.0,uniform,long,flat,0.2,1.0,1.0,1.0,peripheral,291.9940389490388,211.92753351190208,20.025273055227373,0.0,60.04123238190932,60.04123238190932,34.60915091029495,25.432081471614367,0.0,60.04123238190932,34.60915091029495,25.432081471614367,0.0,0.0,187.764677664442,264.90941688987755,66.75091018409123,44,6,0.12,1,1,6.0,6.0,0.0,0.0,0.0,0.0,0,0.717112701582432,0.717112701582432,0,395,395,1.0263795852661133,18.0,6.0,191.0,True,feasible,nils_complete,1449.85002949618,408.21777353635616,,79.86039707496462,,35.10585916066574,True,feasible_only,0.0,291.9940389490388,True,1449.85002949618,,79.86039707496462,
S0044_R08,4402034,truck_only,S0044,n50_p0.75_d1_uniform_Ehigh_V2.00_Hlong_PWflat_B0.20,50,0.76,0.75,1,3,high,2.0,uniform,long,flat,0.2,1.0,1.0,1.0,peripheral,2192.5520177458766,358.6554479350312,0.0,0.0,1833.8965698108454,1833.8965698108454,1136.3591431315328,615.6446920007342,81.89273467857856,1833.8965698108454,1136.3591431315328,615.6446920007342,81.89273467857856,0.0,336.589511708994,448.31930991878875,0.0,50,0,0.0,0,0,0.0,0.0,0.0,0.0,0.0,0.0,0,0.0,0.0,0,0,0,0.025319576263427734,0.0,0.0,0.0,True,feasible,baseline_truck_only,2192.5520177458766,448.31930991878875,,,,0.0,True,feasible_only,0.0,2192.5520177458766,True,2192.5520177458766,,,
S0044_R08,4402034,nils,S0044,n50_p0.75_d1_uniform_Ehigh_V2.00_Hlong_PWflat_B0.20,50,0.76,0.75,1,3,high,2.0,uniform,long,flat,0.2,1.0,1.0,1.0,peripheral,336.01927443613124,207.82276296329866,22.718851561547297,0.0,105.47765991128527,105.47765991128527,81.16059791508042,24.317061996204856,0.0,105.47765991128527,81.16059791508042,24.317061996204856,0.0,0.0,183.11211940909135,259.77845370412325,75.72950520515766,45,5,0.1,1,1,5.0,5.0,0.0,0.0,0.0,0.0,0,0.7966194591795358,0.7966194591795358,0,689,689,1.0500853061676025,25.0,5.0,151.0,True,feasible,nils_complete,2192.5520177458766,448.31930991878875,,84.67451300053595,,42.0550380149405,True,feasible_only,0.0,336.01927443613124,True,2192.5520177458766,,84.67451300053595,
S0044_R09,4402035,truck_only,S0044,n50_p0.75_d1_uniform_Ehigh_V2.00_Hlong_PWflat_B0.20,50,0.76,0.75,1,3,high,2.0,uniform,long,flat,0.2,1.0,1.0,1.0,peripheral,1964.9752587176533,367.8654444321481,0.0,0.0,1597.1098142855053,1597.1098142855053,377.79576212824486,969.006218698536,250.30783345872453,1597.1098142855053,377.79576212824486,969.006218698536,250.30783345872453,0.0,414.4483198082225,459.8318055401851,0.0,50,0,0.0,0,0,0.0,0.0,0.0,0.0,0.0,0.0,0,0.0,0.0,0,0,0,0.02324700355529785,0.0,0.0,0.0,True,feasible,baseline_truck_only,1964.9752587176533,459.8318055401851,,,,0.0,True,feasible_only,0.0,1964.9752587176533,True,1964.9752587176533,,,
S0044_R09,4402035,nils,S0044,n50_p0.75_d1_uniform_Ehigh_V2.00_Hlong_PWflat_B0.20,50,0.76,0.75,1,3,high,2.0,uniform,long,flat,0.2,1.0,1.0,1.0,peripheral,205.99200120430106,176.74373918223378,22.2629623676421,0.0,6.985299654425177,6.985299654425177,6.985299654425177,0.0,0.0,6.985299654425177,6.985299654425177,0.0,0.0,0.0,169.87716537083872,220.92967397779228,74.20987455880702,42,8,0.16,1,1,8.0,8.0,0.0,0.0,0.0,0.0,0,0.7967379361479192,0.7967379361479192,0,614,614,1.2998454570770264,25.0,10.0,177.0,True,feasible,nils_complete,1964.9752587176533,459.8318055401851,,89.51681450998362,,51.95424254782545,True,feasible_only,0.0,205.99200120430106,True,1964.9752587176533,,89.51681450998362,
S0044_R10,4402036,truck_only,S0044,n50_p0.75_d1_uniform_Ehigh_V2.00_Hlong_PWflat_B0.20,50,0.76,0.75,1,3,high,2.0,uniform,long,flat,0.2,1.0,1.0,1.0,peripheral,1264.0857423971956,340.54203759834536,0.0,0.0,923.5437047988503,923.5437047988503,378.2339338465034,494.60021612882366,50.70955482352312,923.5437047988503,378.2339338465034,494.60021612882366,50.70955482352312,0.0,321.667504152708,425.6775469979315,0.0,50,0,0.0,0,0,0.0,0.0,0.0,0.0,0.0,0.0,0,0.0,0.0,0,0,0,0.020705223083496094,0.0,0.0,0.0,True,feasible,baseline_truck_only,1264.0857423971956,425.6775469979315,,,,0.0,True,feasible_only,0.0,1264.0857423971956,True,1264.0857423971956,,,
S0044_R10,4402036,nils,S0044,n50_p0.75_d1_uniform_Ehigh_V2.00_Hlong_PWflat_B0.20,50,0.76,0.75,1,3,high,2.0,uniform,long,flat,0.2,1.0,1.0,1.0,peripheral,227.00023537853286,203.16096903985914,22.911434067638062,0.0,0.927832271035669,0.927832271035669,0.0,0.927832271035669,0.0,0.927832271035669,0.0,0.927832271035669,0.0,0.0,199.56286585623303,253.95121129982394,76.37144689212685,42,8,0.16,1,1,8.0,8.0,0.0,0.0,0.0,0.0,0,0.794993972156536,0.794993972156536,0,447,447,1.3275740146636963,22.0,8.0,254.0,True,feasible,nils_complete,1264.0857423971956,425.6775469979315,,82.04233876192193,,40.34188246695145,True,feasible_only,0.0,227.00023537853286,True,1264.0857423971956,,82.04233876192193,
S0045_R01,4502027,truck_only,S0045,n75_p0.25_d3_uniform_Elow_V1.25_Hshort_PWbase_B0.20,75,0.25333333333333335,0.25,3,3,low,1.25,uniform,short,base,0.2,100.0,20.0,1.0,peripheral,389165.6646078253,567.6808671296676,0.0,0.0,388597.98374069564,388597.98374069564,3638.75557043628,1126.5784636464966,2190.857424137707,6956.191458220483,363875.557043628,22531.569272929934,2190.857424137707,0.0,543.2081815689816,709.6010839120844,0.0,75,0,0.0,0,0,0.0,0.0,0.0,0.0,0.0,0.0,0,0.0,0.0,0,0,0,0.05478692054748535,0.0,0.0,0.0,False,infeasible,baseline_truck_only,389165.6646078253,709.6010839120844,,,,0.0,False,feasible_only,0.0,,False,,,,
S0045_R01,4502027,nils,S0045,n75_p0.25_d3_uniform_Elow_V1.25_Hshort_PWbase_B0.20,75,0.25333333333333335,0.25,3,3,low,1.25,uniform,short,base,0.2,100.0,20.0,1.0,peripheral,389165.6646078253,567.6808671296676,0.0,0.0,388597.98374069564,388597.98374069564,3638.75557043628,1126.5784636464966,2190.857424137707,6956.191458220483,363875.557043628,22531.569272929934,2190.857424137707,0.0,543.2081815689816,709.6010839120844,0.0,75,0,0.0,0,0,0.0,0.0,0.0,0.0,0.0,0.0,0,0.0,0.0,0,1275,1275,6.5773024559021,25.0,0.0,150.0,False,infeasible,nils_complete,389165.6646078253,709.6010839120844,,0.0,,0.0,False,feasible_only,0.0,,False,,,,
S0045_R02,4502028,truck_only,S0045,n75_p0.25_d3_uniform_Elow_V1.25_Hshort_PWbase_B0.20,75,0.25333333333333335,0.25,3,3,low,1.25,uniform,short,base,0.2,100.0,20.0,1.0,peripheral,292726.6710537857,534.7085993048357,0.0,0.0,292191.9624544809,292191.9624544809,2531.9759984671864,1888.0898107859828,1232.5663920426573,5652.632201295826,253197.59984671863,37761.79621571965,1232.5663920426573,0.0,509.33276752548414,668.3857491310448,0.0,75,0,0.0,0,0,0.0,0.0,0.0,0.0,0.0,0.0,0,0.0,0.0,0,0,0,0.05686068534851074,0.0,0.0,0.0,False,infeasible,baseline_truck_only,292726.6710537857,668.3857491310448,,,,0.0,False,feasible_only,0.0,,False,,,,
S0045_R02,4502028,nils,S0045,n75_p0.25_d3_uniform_Elow_V1.25_Hshort_PWbase_B0.20,75,0.25333333333333335,0.25,3,3,low,1.25,uniform,short,base,0.2,100.0,20.0,1.0,peripheral,68474.78249049462,212.70856431742212,20.398805085299532,0.0,68241.6751210919,68241.6751210919,677.0927373771036,26.620069169076814,0.0,703.7128065461804,67709.27373771036,532.4013833815363,0.0,0.0,203.00624856158205,265.8857053967776,67.99601695099844,68,7,0.09333333333333334,3,3,2.3333333333333335,2.3333333333333335,0.0,0.0,0.0,0.0,0,0.6870298618733947,0.7795814423211697,0,626,626,2.5213675498962402,18.0,7.0,106.0,True,feasible,nils_complete,292726.6710537857,668.3857491310448,,76.60794547897105,,60.21972255655504,True,feasible_only,0.0,68474.78249049462,True,,,,
S0045_R03,4502029,truck_only,S0045,n75_p0.25_d3_uniform_Elow_V1.25_Hshort_PWbase_B0.20,75,0.25333333333333335,0.25,3,3,low,1.25,uniform,short,base,0.2,100.0,20.0,1.0,peripheral,302919.4093526957,576.6709888525746,0.0,0.0,302342.7383638431,302342.7383638431,2400.4264288006725,3018.3717965717706,1932.6595523404083,7351.457777712852,240042.64288006726,60367.43593143541,1932.6595523404083,0.0,571.270702798489,720.8387360657184,0.0,75,0,0.0,0,0,0.0,0.0,0.0,0.0,0.0,0.0,0,0.0,0.0,0,0,0,0.06638026237487793,0.0,0.0,0.0,False,infeasible,baseline_truck_only,302919.4093526957,720.8387360657184,,,,0.0,False,feasible_only,0.0,,False,,,,
S0045_R03,4502029,nils,S0045,n75_p0.25_d3_uniform_Elow_V1.25_Hshort_PWbase_B0.20,75,0.25333333333333335,0.25,3,3,low,1.25,uniform,short,base,0.2,100.0,20.0,1.0,peripheral,302919.4093526957,576.6709888525746,0.0,0.0,302342.7383638431,302342.7383638431,2400.4264288006725,3018.3717965717706,1932.6595523404083,7351.457777712852,240042.64288006726,60367.43593143541,1932.6595523404083,0.0,571.270702798489,720.8387360657184,0.0,75,0,0.0,0,0,0.0,0.0,0.0,0.0,0.0,0.0,0,0.0,0.0,0,1050,1050,7.4681174755096436,25.0,0.0,150.0,False,infeasible,nils_complete,302919.4093526957,720.8387360657184,,0.0,,0.0,False,feasible_only,0.0,,False,,,,
S0045_R04,4502030,truck_only,S0045,n75_p0.25_d3_uniform_Elow_V1.25_Hshort_PWbase_B0.20,75,0.25333333333333335,0.25,3,3,low,1.25,uniform,short,base,0.2,100.0,20.0,1.0,peripheral,242715.03567848084,518.7405879560173,0.0,0.0,242196.29509052483,242196.29509052483,1881.366874936794,2629.1271675019925,1477.0642468055735,5987.55828924436,188136.6874936794,52582.54335003985,1477.0642468055735,0.0,519.364296938571,648.4257349450216,0.0,75,0,0.0,0,0,0.0,0.0,0.0,0.0,0.0,0.0,0,0.0,0.0,0,0,0,0.07503342628479004,0.0,0.0,0.0,False,infeasible,baseline_truck_only,242715.03567848084,648.4257349450216,,,,0.0,False,feasible_only,0.0,,False,,,,
S0045_R04,4502030,nils,S0045,n75_p0.25_d3_uniform_Elow_V1.25_Hshort_PWbase_B0.20,75,0.25333333333333335,0.25,3,3,low,1.25,uniform,short,base,0.2,100.0,20.0,1.0,peripheral,242715.03567848084,518.7405879560173,0.0,0.0,242196.29509052483,242196.29509052483,1881.366874936794,2629.1271675019925,1477.0642468055735,5987.55828924436,188136.6874936794,52582.54335003985,1477.0642468055735,0.0,519.364296938571,648.4257349450216,0.0,75,0,0.0,0,0,0.0,0.0,0.0,0.0,0.0,0.0,0,0.0,0.0,0,900,900,14.116973876953125,25.0,0.0,300.0,False,infeasible,nils_complete,242715.03567848084,648.4257349450216,,0.0,,0.0,False,feasible_only,0.0,,False,,,,
S0045_R05,4502031,truck_only,S0045,n75_p0.25_d3_uniform_Elow_V1.25_Hshort_PWbase_B0.20,75,0.25333333333333335,0.25,3,3,low,1.25,uniform,short,base,0.2,100.0,20.0,1.0,peripheral,278458.2478044604,514.258567075187,0.0,0.0,277943.9892373852,277943.9892373852,2291.347995322166,2372.8746647706776,1351.6964097550685,6015.919069847912,229134.7995322166,47457.49329541355,1351.6964097550685,0.0,506.3986782470037,642.8232088439836,0.0,75,0,0.0,0,0,0.0,0.0,0.0,0.0,0.0,0.0,0,0.0,0.0,0,0,0,0.05213665962219238,0.0,0.0,0.0,False,infeasible,baseline_truck_only,278458.2478044604,642.8232088439836,,,,0.0,False,feasible_only,0.0,,False,,,,
S0045_R05,4502031,nils,S0045,n75_p0.25_d3_uniform_Elow_V1.25_Hshort_PWbase_B0.20,75,0.25333333333333335,0.25,3,3,low,1.25,uniform,short,base,0.2,100.0,20.0,1.0,peripheral,97394.25096109581,286.55466118276644,12.525482142021366,0.0,97095.17081777102,97095.17081777102,898.4956979816135,362.28005098048413,0.0,1260.7757489620976,89849.56979816135,7245.601019609683,0.0,0.0,251.78212595752603,358.19332647845806,41.75160714007122,71,4,0.05333333333333334,2,2,2.0,2.0,0.0,0.0,0.0,0.0,0,0.5996584364908242,0.6958069275310107,0,992,992,2.013916492462158,22.0,4.0,31.0,True,feasible,nils_complete,278458.2478044604,642.8232088439836,,65.02375069547654,,44.278096753442924,True,feasible_only,0.0,97394.25096109581,True,,,,
S0045_R06,4502032,truck_only,S0045,n75_p0.25_d3_uniform_Elow_V1.25_Hshort_PWbase_B0.20,75,0.25333333333333335,0.25,3,3,low,1.25,uniform,short,base,0.2,100.0,20.0,1.0,peripheral,152680.62489981632,457.97447874310166,0.0,0.0,152222.65042107322,152222.65042107322,1228.603141185239,1408.937352405381,1183.5892544417225,3821.1297480323424,122860.31411852391,28178.74704810762,1183.5892544417225,0.0,448.2026455089559,572.468098428877,0.0,75,0,0.0,0,0,0.0,0.0,0.0,0.0,0.0,0.0,0,0.0,0.0,0,0,0,0.0582423210144043,0.0,0.0,0.0,True,feasible,baseline_truck_only,152680.62489981632,572.468098428877,,,,0.0,True,feasible_only,0.0,152680.62489981632,True,152680.62489981632,,,
S0045_R06,4502032,nils,S0045,n75_p0.25_d3_uniform_Elow_V1.25_Hshort_PWbase_B0.20,75,0.25333333333333335,0.25,3,3,low,1.25,uniform,short,base,0.2,100.0,20.0,1.0,peripheral,54451.1934472347,240.66090817843983,15.724692058359224,0.0,54194.8078469979,54194.8078469979,496.4854513094547,227.3131358026217,0.0,723.7985871120763,49648.545130945466,4546.262716052434,0.0,0.0,239.56064634617493,300.82613522304973,52.41564019453075,68,7,0.09333333333333334,2,2,3.5,3.5,0.0,0.0,0.0,0.0,0,0.7728273190088149,0.7897935486892299,0,914,914,2.6193697452545166,25.0,7.0,82.0,True,feasible,nils_complete,152680.62489981632,572.468098428877,,64.33654009278278,,47.45102197857684,True,feasible_only,0.0,54451.1934472347,True,152680.62489981632,,64.33654009278278,
S0045_R07,4502033,truck_only,S0045,n75_p0.25_d3_uniform_Elow_V1.25_Hshort_PWbase_B0.20,75,0.25333333333333335,0.25,3,3,low,1.25,uniform,short,base,0.2,100.0,20.0,1.0,peripheral,290634.9823178823,504.02736031432374,0.0,0.0,290130.95495756797,290130.95495756797,2421.320736576809,2344.582635834972,1107.2285831874922,5873.131955599273,242132.07365768088,46891.652716699435,1107.2285831874922,0.0,491.48147635185484,630.0342003929045,0.0,75,0,0.0,0,0,0.0,0.0,0.0,0.0,0.0,0.0,0,0.0,0.0,0,0,0,0.05733323097229004,0.0,0.0,0.0,False,infeasible,baseline_truck_only,290634.9823178823,630.0342003929045,,,,0.0,False,feasible_only,0.0,,False,,,,
S0045_R07,4502033,nils,S0045,n75_p0.25_d3_uniform_Elow_V1.25_Hshort_PWbase_B0.20,75,0.25333333333333335,0.25,3,3,low,1.25,uniform,short,base,0.2,100.0,20.0,1.0,peripheral,102461.31848509845,283.91226269161297,2.099349355092292,0.0,102175.30687305176,102175.30687305176,907.2804316324191,572.3631854904916,0.0,1479.6436171229107,90728.0431632419,11447.263709809831,0.0,0.0,240.17610922303763,354.8903283645162,6.997831183640974,74,1,0.013333333333333334,1,1,1.0,1.0,0.0,0.0,0.0,0.0,0,0.19993803381831354,0.19993803381831354,0,1350,1350,2.4542436599731445,25.0,3.0,21.0,True,feasible,nils_complete,290634.9823178823,630.0342003929045,,64.74570347039942,,43.67125972793254,True,feasible_only,0.0,102461.31848509845,True,,,,
S0045_R08,4502034,truck_only,S0045,n75_p0.25_d3_uniform_Elow_V1.25_Hshort_PWbase_B0.20,75,0.25333333333333335,0.25,3,3,low,1.25,uniform,short,base,0.2,100.0,20.0,1.0,peripheral,300978.5988075103,538.8036094265735,0.0,0.0,300439.7951980837,300439.7951980837,2341.6239819782545,3232.5137789885016,1627.121420488279,7201.259181455035,234162.39819782545,64650.27557977003,1627.121420488279,0.0,548.3604247191456,673.5045117832168,0.0,75,0,0.0,0,0,0.0,0.0,0.0,0.0,0.0,0.0,0,0.0,0.0,0,0,0,0.05426669120788574,0.0,0.0,0.0,False,infeasible,baseline_truck_only,300978.5988075103,673.5045117832168,,,,0.0,False,feasible_only,0.0,,False,,,,
S0045_R08,4502034,nils,S0045,n75_p0.25_d3_uniform_Elow_V1.25_Hshort_PWbase_B0.20,75,0.25333333333333335,0.25,3,3,low,1.25,uniform,short,base,0.2,100.0,20.0,1.0,peripheral,300978.5988075103,538.8036094265735,0.0,0.0,300439.7951980837,300439.7951980837,2341.6239819782545,3232.5137789885016,1627.121420488279,7201.259181455035,234162.39819782545,64650.27557977003,1627.121420488279,0.0,548.3604247191456,673.5045117832168,0.0,75,0,0.0,0,0,0.0,0.0,0.0,0.0,0.0,0.0,0,0.0,0.0,0,900,900,12.850739240646362,25.0,0.0,525.0,False,infeasible,nils_complete,300978.5988075103,673.5045117832168,,0.0,,0.0,False,feasible_only,0.0,,False,,,,
S0045_R09,4502035,truck_only,S0045,n75_p0.25_d3_uniform_Elow_V1.25_Hshort_PWbase_B0.20,75,0.25333333333333335,0.25,3,3,low,1.25,uniform,short,base,0.2,100.0,20.0,1.0,peripheral,352108.59213680873,519.7212492575156,0.0,0.0,351588.8708875512,351588.8708875512,3252.0928344496992,1293.007440088557,519.4386408100472,5064.538915348303,325209.2834449699,25860.148801771138,519.4386408100472,0.0,452.1905203997428,649.6515615718947,0.0,75,0,0.0,0,0,0.0,0.0,0.0,0.0,0.0,0.0,0,0.0,0.0,0,0,0,0.05170106887817383,0.0,0.0,0.0,True,feasible,baseline_truck_only,352108.59213680873,649.6515615718947,,,,0.0,True,feasible_only,0.0,352108.59213680873,True,352108.59213680873,,,
S0045_R09,4502035,nils,S0045,n75_p0.25_d3_uniform_Elow_V1.25_Hshort_PWbase_B0.20,75,0.25333333333333335,0.25,3,3,low,1.25,uniform,short,base,0.2,100.0,20.0,1.0,peripheral,104132.78578289776,272.4090129771677,20.349486036919355,0.0,103840.02728388367,103840.02728388367,961.9723151086873,382.139788650747,0.0,1344.1121037594344,96197.23151086873,7642.79577301494,0.0,0.0,241.86050115381872,340.51126622145966,67.83162012306452,69,6,0.08,3,3,2.0,2.0,0.0,0.0,0.0,0.0,0,0.6806841126288029,0.7515504873948514,0,760,760,1.9400858879089355,19.0,7.0,53.0,True,feasible,nils_complete,352108.59213680873,649.6515615718947,,70.42594582797403,,47.58555410879645,True,feasible_only,0.0,104132.78578289776,True,352108.59213680873,,70.42594582797403,
S0045_R10,4502036,truck_only,S0045,n75_p0.25_d3_uniform_Elow_V1.25_Hshort_PWbase_B0.20,75,0.25333333333333335,0.25,3,3,low,1.25,uniform,short,base,0.2,100.0,20.0,1.0,peripheral,403358.62089726323,560.1238241368734,0.0,0.0,402798.4970731264,402798.4970731264,3143.9739504115073,4275.462820879449,2891.845614386608,10311.282385677565,314397.39504115074,85509.25641758899,2891.845614386608,0.0,617.0554051107857,700.1547801710915,0.0,75,0,0.0,0,0,0.0,0.0,0.0,0.0,0.0,0.0,0,0.0,0.0,0,0,0,0.06363463401794434,0.0,0.0,0.0,False,infeasible,baseline_truck_only,403358.62089726323,700.1547801710915,,,,0.0,False,feasible_only,0.0,,False,,,,
S0045_R10,4502036,nils,S0045,n75_p0.25_d3_uniform_Elow_V1.25_Hshort_PWbase_B0.20,75,0.25333333333333335,0.25,3,3,low,1.25,uniform,short,base,0.2,100.0,20.0,1.0,peripheral,403358.62089726323,560.1238241368734,0.0,0.0,402798.4970731264,402798.4970731264,3143.9739504115073,4275.462820879449,2891.845614386608,10311.282385677565,314397.39504115074,85509.25641758899,2891.845614386608,0.0,617.0554051107857,700.1547801710915,0.0,75,0,0.0,0,0,0.0,0.0,0.0,0.0,0.0,0.0,0,0.0,0.0,0,975,975,3.9744224548339844,25.0,0.0,75.0,False,infeasible,nils_complete,403358.62089726323,700.1547801710915,,0.0,,0.0,False,feasible_only,0.0,,False,,,,
S0046_R01,4602027,truck_only,S0046,n75_p0.25_d3_uniform_Elow_V1.25_Hlong_PWmoderate_B0.20,75,0.25333333333333335,0.25,3,3,low,1.25,uniform,long,moderate,0.2,20.0,5.0,1.0,peripheral,63641.62179682626,474.9126567003311,0.0,0.0,63166.709140125924,63166.709140125924,2764.5112879256644,1396.5840707901514,893.5630276618698,5054.658386377685,55290.22575851329,6982.920353950757,893.5630276618698,0.0,446.219245607808,593.6408208754141,0.0,75,0,0.0,0,0,0.0,0.0,0.0,0.0,0.0,0.0,0,0.0,0.0,0,0,0,0.06056022644042969,0.0,0.0,0.0,True,feasible,baseline_truck_only,63641.62179682626,593.6408208754141,,,,0.0,True,feasible_only,0.0,63641.62179682626,True,63641.62179682626,,,
S0046_R01,4602027,nils,S0046,n75_p0.25_d3_uniform_Elow_V1.25_Hlong_PWmoderate_B0.20,75,0.25333333333333335,0.25,3,3,low,1.25,uniform,long,moderate,0.2,20.0,5.0,1.0,peripheral,17811.005860284175,246.6108438146163,22.143197335655387,0.0,17542.251819133904,17542.251819133904,835.214121161733,167.59387917984932,0.0,1002.8080003415823,16704.28242323466,837.9693958992466,0.0,0.0,270.95071459945007,308.26355476827024,73.81065778551795,68,7,0.09333333333333334,3,3,2.3333333333333335,2.3333333333333335,0.0,0.0,0.0,0.0,0,0.7460012244425248,0.7918162722263641,0,921,921,2.213925838470459,25.0,7.0,75.0,True,feasible,nils_complete,63641.62179682626,593.6408208754141,,72.01358897303841,,48.07237913429057,True,feasible_only,0.0,17811.005860284175,True,63641.62179682626,,72.01358897303841,
S0046_R02,4602028,truck_only,S0046,n75_p0.25_d3_uniform_Elow_V1.25_Hlong_PWmoderate_B0.20,75,0.25333333333333335,0.25,3,3,low,1.25,uniform,long,moderate,0.2,20.0,5.0,1.0,peripheral,51770.06279589677,477.55124846746753,0.0,0.0,51292.5115474293,51292.5115474293,2036.5282802354186,1927.2859548555186,925.5161684433257,4889.3304035342635,40730.565604708376,9636.429774277593,925.5161684433257,0.0,469.61978959035946,596.9390605843344,0.0,75,0,0.0,0,0,0.0,0.0,0.0,0.0,0.0,0.0,0,0.0,0.0,0,0,0,0.050978660583496094,0.0,0.0,0.0,True,feasible,baseline_truck_only,51770.06279589677,596.9390605843344,,,,0.0,True,feasible_only,0.0,51770.06279589677,True,51770.06279589677,,,
S0046_R02,4602028,nils,S0046,n75_p0.25_d3_uniform_Elow_V1.25_Hlong_PWmoderate_B0.20,75,0.25333333333333335,0.25,3,3,low,1.25,uniform,long,moderate,0.2,20.0,5.0,1.0,peripheral,16386.530079658027,294.46021675427767,20.60320911965987,0.0,16071.466653784088,16071.466653784088,733.3237717866668,280.99824361014964,0.0,1014.3220153968165,14666.475435733337,1404.991218050748,0.0,0.0,273.8630679301238,368.07527094284706,68.67736373219955,69,6,0.08,3,3,2.0,2.0,0.0,0.0,0.0,0.0,0,0.6748320266793284,0.7735948569517954,0,718,718,1.8020310401916504,18.0,6.0,56.0,True,feasible,nils_complete,51770.06279589677,596.9390605843344,,68.34747884262407,,38.339556707422716,True,feasible_only,0.0,16386.530079658027,True,51770.06279589677,,68.34747884262407,
S0046_R03,4602029,truck_only,S0046,n75_p0.25_d3_uniform_Elow_V1.25_Hlong_PWmoderate_B0.20,75,0.25333333333333335,0.25,3,3,low,1.25,uniform,long,moderate,0.2,20.0,5.0,1.0,peripheral,44011.170127682024,486.9678508841148,0.0,0.0,43524.20227679791,43524.20227679791,1621.5767775890602,2140.0114035775423,392.60970712899064,4154.197888295593,32431.535551781202,10700.057017887711,392.60970712899064,0.0,392.2594068055887,608.7098136051436,0.0,75,0,0.0,0,0,0.0,0.0,0.0,0.0,0.0,0.0,0,0.0,0.0,0,0,0,0.05127525329589844,0.0,0.0,0.0,True,feasible,baseline_truck_only,44011.170127682024,608.7098136051436,,,,0.0,True,feasible_only,0.0,44011.170127682024,True,44011.170127682024,,,
S0046_R03,4602029,nils,S0046,n75_p0.25_d3_uniform_Elow_V1.25_Hlong_PWmoderate_B0.20,75,0.25333333333333335,0.25,3,3,low,1.25,uniform,long,moderate,0.2,20.0,5.0,1.0,peripheral,12351.750984854678,248.38910875541734,15.57839774354113,0.0,12087.78347835572,12087.78347835572,583.1214205770633,85.07101336289043,0.0,668.1924339399537,11662.428411541267,425.35506681445213,0.0,0.0,226.1025364822215,310.4863859442717,51.927992478470436,69,6,0.08,2,2,3.0,3.0,0.0,0.0,0.0,0.0,0,0.7681101087087054,0.7930289076312527,0,710,710,2.1289844512939453,18.0,6.0,64.0,True,feasible,nils_complete,44011.170127682024,608.7098136051436,,71.93496344446042,,48.99270900441285,True,feasible_only,0.0,12351.750984854678,True,44011.170127682024,,71.93496344446042,
S0046_R04,4602030,truck_only,S0046,n75_p0.25_d3_uniform_Elow_V1.25_Hlong_PWmoderate_B0.20,75,0.25333333333333335,0.25,3,3,low,1.25,uniform,long,moderate,0.2,20.0,5.0,1.0,peripheral,70130.57721303246,522.3189155739765,0.0,0.0,69608.25829745848,69608.25829745848,2713.383840406294,2904.646761212886,817.3476832681715,6435.378284887352,54267.67680812588,14523.233806064429,817.3476832681715,0.0,459.8875425629628,652.8986444674706,0.0,75,0,0.0,0,0,0.0,0.0,0.0,0.0,0.0,0.0,0,0.0,0.0,0,0,0,0.05834603309631348,0.0,0.0,0.0,True,feasible,baseline_truck_only,70130.57721303246,652.8986444674706,,,,0.0,True,feasible_only,0.0,70130.57721303246,True,70130.57721303246,,,
S0046_R04,4602030,nils,S0046,n75_p0.25_d3_uniform_Elow_V1.25_Hlong_PWmoderate_B0.20,75,0.25333333333333335,0.25,3,3,low,1.25,uniform,long,moderate,0.2,20.0,5.0,1.0,peripheral,21250.977171733408,285.6137292856474,11.461559010582627,0.0,20953.90188343718,20953.90188343718,889.8333511941772,631.4469719107271,0.0,1521.2803231049043,17796.667023883543,3157.234859553636,0.0,0.0,264.670567306179,357.0171616070592,38.20519670194209,72,3,0.04,2,2,1.5,1.5,0.0,0.0,0.0,0.0,0,0.5610721008997159,0.5645488235428311,0,769,769,2.0447258949279785,16.0,4.0,17.0,True,feasible,nils_complete,70130.57721303246,652.8986444674706,,69.69798621907776,,45.318134042343395,True,feasible_only,0.0,21250.977171733408,True,70130.57721303246,,69.69798621907776,
S0046_R05,4602031,truck_only,S0046,n75_p0.25_d3_uniform_Elow_V1.25_Hlong_PWmoderate_B0.20,75,0.25333333333333335,0.25,3,3,low,1.25,uniform,long,moderate,0.2,20.0,5.0,1.0,peripheral,40809.626749814735,521.032142237422,0.0,0.0,40288.59460757731,40288.59460757731,1372.2511338210918,2284.022955707043,1423.4571526202535,5079.731242148388,27445.022676421835,11420.114778535215,1423.4571526202535,0.0,489.88709973723826,651.2901777967777,0.0,75,0,0.0,0,0,0.0,0.0,0.0,0.0,0.0,0.0,0,0.0,0.0,0,0,0,0.05883002281188965,0.0,0.0,0.0,False,infeasible,baseline_truck_only,40809.626749814735,651.2901777967777,,,,0.0,False,feasible_only,0.0,,False,,,,
S0046_R05,4602031,nils,S0046,n75_p0.25_d3_uniform_Elow_V1.25_Hlong_PWmoderate_B0.20,75,0.25333333333333335,0.25,3,3,low,1.25,uniform,long,moderate,0.2,20.0,5.0,1.0,peripheral,19230.982906984867,283.0337360160626,14.352591415828153,0.0,18933.596579552977,18933.596579552977,803.9466419134855,570.9327482566542,0.0,1374.8793901701397,16078.93283826971,2854.663741283271,0.0,0.0,240.0596502758247,353.7921700200782,47.84197138609384,71,4,0.05333333333333334,2,2,2.0,2.0,0.0,0.0,0.0,0.0,0,0.7320305899465958,0.7704696870007554,0,1129,1129,8.547199726104736,25.0,5.0,206.0,True,feasible,nils_complete,40809.626749814735,651.2901777967777,,52.87635678492901,,45.67825800522481,True,feasible_only,0.0,19230.982906984867,True,,,,
S0046_R06,4602032,truck_only,S0046,n75_p0.25_d3_uniform_Elow_V1.25_Hlong_PWmoderate_B0.20,75,0.25333333333333335,0.25,3,3,low,1.25,uniform,long,moderate,0.2,20.0,5.0,1.0,peripheral,70961.72521627977,553.3106810023945,0.0,0.0,70408.41453527738,70408.41453527738,1868.2626060523696,5902.443734403106,3530.9437422144647,11301.650082669941,37365.25212104739,29512.21867201553,3530.9437422144647,0.0,741.2391190702497,691.6383512529931,0.0,75,0,0.0,0,0,0.0,0.0,0.0,0.0,0.0,0.0,0,0.0,0.0,0,0,0,0.05596208572387695,0.0,0.0,0.0,False,infeasible,baseline_truck_only,70961.72521627977,691.6383512529931,,,,0.0,False,feasible_only,0.0,,False,,,,
S0046_R06,4602032,nils,S0046,n75_p0.25_d3_uniform_Elow_V1.25_Hlong_PWmoderate_B0.20,75,0.25333333333333335,0.25,3,3,low,1.25,uniform,long,moderate,0.2,20.0,5.0,1.0,peripheral,70961.72521627977,553.3106810023945,0.0,0.0,70408.41453527738,70408.41453527738,1868.2626060523696,5902.443734403106,3530.9437422144647,11301.650082669941,37365.25212104739,29512.21867201553,3530.9437422144647,0.0,741.2391190702497,691.6383512529931,0.0,75,0,0.0,0,0,0.0,0.0,0.0,0.0,0.0,0.0,0,0.0,0.0,0,1050,1050,9.428853034973145,25.0,0.0,225.0,False,infeasible,nils_complete,70961.72521627977,691.6383512529931,,0.0,,0.0,False,feasible_only,0.0,,False,,,,
S0046_R07,4602033,truck_only,S0046,n75_p0.25_d3_uniform_Elow_V1.25_Hlong_PWmoderate_B0.20,75,0.25333333333333335,0.25,3,3,low,1.25,uniform,long,moderate,0.2,20.0,5.0,1.0,peripheral,57127.89868800133,481.8968130972366,0.0,0.0,56646.0018749041,56646.0018749041,2254.3980568982975,2033.6848193890592,1389.6166399928688,5677.699516280226,45087.96113796595,10168.424096945295,1389.6166399928688,0.0,490.7115692198492,602.3710163715458,0.0,75,0,0.0,0,0,0.0,0.0,0.0,0.0,0.0,0.0,0,0.0,0.0,0,0,0,0.05301332473754883,0.0,0.0,0.0,False,infeasible,baseline_truck_only,57127.89868800133,602.3710163715458,,,,0.0,False,feasible_only,0.0,,False,,,,
S0046_R07,4602033,nils,S0046,n75_p0.25_d3_uniform_Elow_V1.25_Hlong_PWmoderate_B0.20,75,0.25333333333333335,0.25,3,3,low,1.25,uniform,long,moderate,0.2,20.0,5.0,1.0,peripheral,9797.982636380233,250.5801733142924,12.333598983289736,0.0,9535.06886408265,9535.06886408265,435.8644260920106,163.55606844848782,0.0,599.4204945404985,8717.288521840212,817.7803422424391,0.0,0.0,242.2095043240433,313.2252166428655,41.11199661096579,70,5,0.06666666666666667,2,2,2.5,2.5,0.0,0.0,0.0,0.0,0,0.6072879263771678,0.64027321898683,0,660,660,2.342231512069702,18.0,5.0,81.0,True,feasible,nils_complete,57127.89868800133,602.3710163715458,,82.84904072895978,,48.00128025255676,True,feasible_only,0.0,9797.982636380233,True,,,,
S0046_R08,4602034,truck_only,S0046,n75_p0.25_d3_uniform_Elow_V1.25_Hlong_PWmoderate_B0.20,75,0.25333333333333335,0.25,3,3,low,1.25,uniform,long,moderate,0.2,20.0,5.0,1.0,peripheral,81361.52172443365,550.881569428691,0.0,0.0,80810.64015500496,80810.64015500496,3075.93781005548,3594.56517134329,1319.0580971789059,7989.561078577675,61518.7562011096,17972.82585671645,1319.0580971789059,0.0,550.1187295649987,688.6019617858636,0.0,75,0,0.0,0,0,0.0,0.0,0.0,0.0,0.0,0.0,0,0.0,0.0,0,0,0,0.056838274002075195,0.0,0.0,0.0,False,infeasible,baseline_truck_only,81361.52172443365,688.6019617858636,,,,0.0,False,feasible_only,0.0,,False,,,,
S0046_R08,4602034,nils,S0046,n75_p0.25_d3_uniform_Elow_V1.25_Hlong_PWmoderate_B0.20,75,0.25333333333333335,0.25,3,3,low,1.25,uniform,long,moderate,0.2,20.0,5.0,1.0,peripheral,81361.52172443365,550.881569428691,0.0,0.0,80810.64015500496,80810.64015500496,3075.93781005548,3594.56517134329,1319.0580971789059,7989.561078577675,61518.7562011096,17972.82585671645,1319.0580971789059,0.0,550.1187295649987,688.6019617858636,0.0,75,0,0.0,0,0,0.0,0.0,0.0,0.0,0.0,0.0,0,0.0,0.0,0,975,975,12.990992546081543,25.0,0.0,375.0,False,infeasible,nils_complete,81361.52172443365,688.6019617858636,,0.0,,0.0,False,feasible_only,0.0,,False,,,,
S0046_R09,4602035,truck_only,S0046,n75_p0.25_d3_uniform_Elow_V1.25_Hlong_PWmoderate_B0.20,75,0.25333333333333335,0.25,3,3,low,1.25,uniform,long,moderate,0.2,20.0,5.0,1.0,peripheral,76580.77488750796,555.320392393678,0.0,0.0,76025.45449511427,76025.45449511427,3074.355070594716,2547.2505410393933,1802.1003780230221,7423.705989657132,61487.10141189432,12736.252705196966,1802.1003780230221,0.0,535.8241701416719,694.1504904920977,0.0,75,0,0.0,0,0,0.0,0.0,0.0,0.0,0.0,0.0,0,0.0,0.0,0,0,0,0.0691976547241211,0.0,0.0,0.0,False,infeasible,baseline_truck_only,76580.77488750796,694.1504904920977,,,,0.0,False,feasible_only,0.0,,False,,,,
S0046_R09,4602035,nils,S0046,n75_p0.25_d3_uniform_Elow_V1.25_Hlong_PWmoderate_B0.20,75,0.25333333333333335,0.25,3,3,low,1.25,uniform,long,moderate,0.2,20.0,5.0,1.0,peripheral,76580.77488750796,555.320392393678,0.0,0.0,76025.45449511427,76025.45449511427,3074.355070594716,2547.2505410393933,1802.1003780230221,7423.705989657132,61487.10141189432,12736.252705196966,1802.1003780230221,0.0,535.8241701416719,694.1504904920977,0.0,75,0,0.0,0,0,0.0,0.0,0.0,0.0,0.0,0.0,0,0.0,0.0,0,1125,1125,12.446606636047363,25.0,0.0,300.0,False,infeasible,nils_complete,76580.77488750796,694.1504904920977,,0.0,,0.0,False,feasible_only,0.0,,False,,,,
S0046_R10,4602036,truck_only,S0046,n75_p0.25_d3_uniform_Elow_V1.25_Hlong_PWmoderate_B0.20,75,0.25333333333333335,0.25,3,3,low,1.25,uniform,long,moderate,0.2,20.0,5.0,1.0,peripheral,63172.52184568278,564.3141270329382,0.0,0.0,62608.20771864984,62608.20771864984,2529.94900560341,2093.126896139971,1543.5931258817996,6166.669027625181,50598.9801120682,10465.634480699855,1543.5931258817996,0.0,505.8079976784684,705.3926587911727,0.0,75,0,0.0,0,0,0.0,0.0,0.0,0.0,0.0,0.0,0,0.0,0.0,0,0,0,0.0652461051940918,0.0,0.0,0.0,False,infeasible,baseline_truck_only,63172.52184568278,705.3926587911727,,,,0.0,False,feasible_only,0.0,,False,,,,
S0046_R10,4602036,nils,S0046,n75_p0.25_d3_uniform_Elow_V1.25_Hlong_PWmoderate_B0.20,75,0.25333333333333335,0.25,3,3,low,1.25,uniform,long,moderate,0.2,20.0,5.0,1.0,peripheral,14585.366807470195,266.06056940068515,22.728415790171933,0.0,14296.577822279338,14296.577822279338,678.3399677131587,145.95569360323333,0.0,824.2956613163919,13566.799354263174,729.7784680161667,0.0,0.0,244.7156032879688,332.5757117508565,75.76138596723978,67,8,0.10666666666666667,3,3,2.6666666666666665,2.6666666666666665,0.0,0.0,0.0,0.0,0,0.7547414529888963,0.7761190150014586,0,855,855,2.4790334701538086,25.0,8.0,93.0,True,feasible,nils_complete,63172.52184568278,705.3926587911727,,76.91184967556117,,52.85239963784291,True,feasible_only,0.0,14585.366807470195,True,,,,
S0047_R01,4702027,truck_only,S0047,n75_p0.25_d3_uniform_Emedium_V1.25_Hlong_PWmoderate_B0.20,75,0.25333333333333335,0.25,3,3,medium,1.25,uniform,long,moderate,0.2,20.0,5.0,1.0,peripheral,29067.29047331416,495.11777326324795,0.0,0.0,28572.17270005091,28572.17270005091,1168.0458742811088,719.497442733237,1613.7680007625506,3501.3113177768964,23360.917485622176,3597.487213666185,1613.7680007625506,0.0,426.78810760057615,618.89721657906,0.0,75,0,0.0,0,0,0.0,0.0,0.0,0.0,0.0,0.0,0,0.0,0.0,0,0,0,0.061933040618896484,0.0,0.0,0.0,True,feasible,baseline_truck_only,29067.29047331416,618.89721657906,,,,0.0,True,feasible_only,0.0,29067.29047331416,True,29067.29047331416,,,
S0047_R01,4702027,nils,S0047,n75_p0.25_d3_uniform_Emedium_V1.25_Hlong_PWmoderate_B0.20,75,0.25333333333333335,0.25,3,3,medium,1.25,uniform,long,moderate,0.2,20.0,5.0,1.0,peripheral,7866.952488685405,257.0823943627657,31.26928687040784,0.0,7578.6008074522315,7578.6008074522315,362.3110450620414,66.47598124228065,0.0,428.787026304322,7246.2209012408275,332.3799062114033,0.0,0.0,248.18331149441588,321.35299295345715,104.23095623469281,66,9,0.12,3,3,3.0,3.0,0.0,0.0,0.0,0.0,0,0.7481189065768156,0.7719304712244499,0,724,724,2.600541353225708,25.0,10.0,179.0,False,infeasible,nils_complete,29067.29047331416,618.89721657906,,72.93537732418565,,48.07651669048887,False,feasible_only,0.0,,False,29067.29047331416,,,
S0047_R02,4702028,truck_only,S0047,n75_p0.25_d3_uniform_Emedium_V1.25_Hlong_PWmoderate_B0.20,75,0.25333333333333335,0.25,3,3,medium,1.25,uniform,long,moderate,0.2,20.0,5.0,1.0,peripheral,36269.77061058703,491.1429622345186,0.0,0.0,35778.627648352514,35778.627648352514,1092.6923146253107,2610.9348655508766,870.1070280919207,4573.734208268108,21853.846292506212,13054.674327754383,870.1070280919207,0.0,417.34544401655296,613.9287027931482,0.0,75,0,0.0,0,0,0.0,0.0,0.0,0.0,0.0,0.0,0,0.0,0.0,0,0,0,0.05286717414855957,0.0,0.0,0.0,True,feasible,baseline_truck_only,36269.77061058703,613.9287027931482,,,,0.0,True,feasible_only,0.0,36269.77061058703,True,36269.77061058703,,,
S0047_R02,4702028,nils,S0047,n75_p0.25_d3_uniform_Emedium_V1.25_Hlong_PWmoderate_B0.20,75,0.25333333333333335,0.25,3,3,medium,1.25,uniform,long,moderate,0.2,20.0,5.0,1.0,peripheral,4790.8997881067135,252.16189907471934,26.06654144585234,0.0,4512.671347586142,4512.671347586142,173.98906588906945,206.57800596095058,0.0,380.56707185002006,3479.781317781389,1032.8900298047529,0.0,0.0,227.3987021356702,315.20237384339924,86.88847148617447,67,8,0.10666666666666667,3,3,2.6666666666666665,2.6666666666666665,0.0,0.0,0.0,0.0,0,0.6004957500287444,0.7344874331253738,0,767,767,2.4809961318969727,25.0,7.0,136.0,True,feasible,nils_complete,36269.77061058703,613.9287027931482,,86.79092889904227,,48.65814671812131,True,feasible_only,0.0,4790.8997881067135,True,36269.77061058703,,86.79092889904227,
S0047_R03,4702029,truck_only,S0047,n75_p0.25_d3_uniform_Emedium_V1.25_Hlong_PWmoderate_B0.20,75,0.25333333333333335,0.25,3,3,medium,1.25,uniform,long,moderate,0.2,20.0,5.0,1.0,peripheral,45409.38106473838,505.1140383016097,0.0,0.0,44904.26702643677,44904.26702643677,1649.0171753522873,2087.1898631883973,1487.9742034490432,5224.181241989728,32980.34350704575,10435.949315941987,1487.9742034490432,0.0,523.6102774657231,631.3925478770122,0.0,75,0,0.0,0,0,0.0,0.0,0.0,0.0,0.0,0.0,0,0.0,0.0,0,0,0,0.04928898811340332,0.0,0.0,0.0,False,infeasible,baseline_truck_only,45409.38106473838,631.3925478770122,,,,0.0,False,feasible_only,0.0,,False,,,,
S0047_R03,4702029,nils,S0047,n75_p0.25_d3_uniform_Emedium_V1.25_Hlong_PWmoderate_B0.20,75,0.25333333333333335,0.25,3,3,medium,1.25,uniform,long,moderate,0.2,20.0,5.0,1.0,peripheral,45409.38106473838,505.1140383016097,0.0,0.0,44904.26702643677,44904.26702643677,1649.0171753522873,2087.1898631883973,1487.9742034490432,5224.181241989728,32980.34350704575,10435.949315941987,1487.9742034490432,0.0,523.6102774657231,631.3925478770122,0.0,75,0,0.0,0,0,0.0,0.0,0.0,0.0,0.0,0.0,0,0.0,0.0,0,450,450,12.778594970703125,25.0,0.0,750.0,False,infeasible,nils_complete,45409.38106473838,631.3925478770122,,0.0,,0.0,False,feasible_only,0.0,,False,,,,
S0047_R04,4702030,truck_only,S0047,n75_p0.25_d3_uniform_Emedium_V1.25_Hlong_PWmoderate_B0.20,75,0.25333333333333335,0.25,3,3,medium,1.25,uniform,long,moderate,0.2,20.0,5.0,1.0,peripheral,51410.64032731715,456.7034850120763,0.0,0.0,50953.93684230508,50953.93684230508,2045.0391983339946,1907.7444514241229,514.4306185045644,4467.214268262682,40900.78396667989,9538.722257120615,514.4306185045644,0.0,402.70634322101716,570.8793562650953,0.0,75,0,0.0,0,0,0.0,0.0,0.0,0.0,0.0,0.0,0,0.0,0.0,0,0,0,0.06885361671447754,0.0,0.0,0.0,True,feasible,baseline_truck_only,51410.64032731715,570.8793562650953,,,,0.0,True,feasible_only,0.0,51410.64032731715,True,51410.64032731715,,,
S0047_R04,4702030,nils,S0047,n75_p0.25_d3_uniform_Emedium_V1.25_Hlong_PWmoderate_B0.20,75,0.25333333333333335,0.25,3,3,medium,1.25,uniform,long,moderate,0.2,20.0,5.0,1.0,peripheral,13933.522438931666,254.34491641352187,32.71997688813329,0.0,13646.457545630012,13646.457545630012,593.0162488648875,357.22651366645175,0.0,950.2427625313393,11860.32497729775,1786.1325683322589,0.0,0.0,217.56721990209692,317.9311455169023,109.06658962711097,65,10,0.13333333333333333,3,3,3.3333333333333335,3.3333333333333335,0.0,0.0,0.0,0.0,0,0.7685708940291315,0.7992891344431449,0,666,666,2.7540578842163086,25.0,10.0,195.0,True,feasible,nils_complete,51410.64032731715,570.8793562650953,,72.89759016767573,,44.308522978142726,True,feasible_only,0.0,13933.522438931666,True,51410.64032731715,,72.89759016767573,
S0047_R05,4702031,truck_only,S0047,n75_p0.25_d3_uniform_Emedium_V1.25_Hlong_PWmoderate_B0.20,75,0.25333333333333335,0.25,3,3,medium,1.25,uniform,long,moderate,0.2,20.0,5.0,1.0,peripheral,72229.27438678146,561.7764326280678,0.0,0.0,71667.49795415338,71667.49795415338,3083.123879526413,1690.0711182843497,1554.664772203393,6327.859770014155,61662.47759052826,8450.355591421749,1554.664772203393,0.0,524.1651681952,702.2205407850845,0.0,75,0,0.0,0,0,0.0,0.0,0.0,0.0,0.0,0.0,0,0.0,0.0,0,0,0,0.05327486991882324,0.0,0.0,0.0,False,infeasible,baseline_truck_only,72229.27438678146,702.2205407850845,,,,0.0,False,feasible_only,0.0,,False,,,,
S0047_R05,4702031,nils,S0047,n75_p0.25_d3_uniform_Emedium_V1.25_Hlong_PWmoderate_B0.20,75,0.25333333333333335,0.25,3,3,medium,1.25,uniform,long,moderate,0.2,20.0,5.0,1.0,peripheral,72229.27438678146,561.7764326280678,0.0,0.0,71667.49795415338,71667.49795415338,3083.123879526413,1690.0711182843497,1554.664772203393,6327.859770014155,61662.47759052826,8450.355591421749,1554.664772203393,0.0,524.1651681952,702.2205407850845,0.0,75,0,0.0,0,0,0.0,0.0,0.0,0.0,0.0,0.0,0,0.0,0.0,0,900,900,13.00870680809021,25.0,0.0,525.0,False,infeasible,nils_complete,72229.27438678146,702.2205407850845,,0.0,,0.0,False,feasible_only,0.0,,False,,,,
S0047_R06,4702032,truck_only,S0047,n75_p0.25_d3_uniform_Emedium_V1.25_Hlong_PWmoderate_B0.20,75,0.25333333333333335,0.25,3,3,medium,1.25,uniform,long,moderate,0.2,20.0,5.0,1.0,peripheral,92942.49709955606,512.7688267769199,0.0,0.0,92429.72827277913,92429.72827277913,3949.0048214743497,2362.764186004734,1635.8109132684813,7947.579920747565,78980.09642948699,11813.820930023669,1635.8109132684813,0.0,607.1862063676707,640.9610334711498,0.0,75,0,0.0,0,0,0.0,0.0,0.0,0.0,0.0,0.0,0,0.0,0.0,0,0,0,0.05793476104736328,0.0,0.0,0.0,False,infeasible,baseline_truck_only,92942.49709955606,640.9610334711498,,,,0.0,False,feasible_only,0.0,,False,,,,
S0047_R06,4702032,nils,S0047,n75_p0.25_d3_uniform_Emedium_V1.25_Hlong_PWmoderate_B0.20,75,0.25333333333333335,0.25,3,3,medium,1.25,uniform,long,moderate,0.2,20.0,5.0,1.0,peripheral,92942.49709955606,512.7688267769199,0.0,0.0,92429.72827277913,92429.72827277913,3949.0048214743497,2362.764186004734,1635.8109132684813,7947.579920747565,78980.09642948699,11813.820930023669,1635.8109132684813,0.0,607.1862063676707,640.9610334711498,0.0,75,0,0.0,0,0,0.0,0.0,0.0,0.0,0.0,0.0,0,0.0,0.0,0,375,375,12.716187715530396,25.0,0.0,600.0,False,infeasible,nils_complete,92942.49709955606,640.9610334711498,,0.0,,0.0,False,feasible_only,0.0,,False,,,,
S0047_R07,4702033,truck_only,S0047,n75_p0.25_d3_uniform_Emedium_V1.25_Hlong_PWmoderate_B0.20,75,0.25333333333333335,0.25,3,3,medium,1.25,uniform,long,moderate,0.2,20.0,5.0,1.0,peripheral,74841.76984773172,579.7764730317108,0.0,0.0,74261.9933747,74261.9933747,2700.0838759927365,3816.2871155238813,1178.8802772258507,7695.251268742469,54001.677519854726,19081.435577619406,1178.8802772258507,0.0,511.63411050247794,724.7205912896386,0.0,75,0,0.0,0,0,0.0,0.0,0.0,0.0,0.0,0.0,0,0.0,0.0,0,0,0,0.055092811584472656,0.0,0.0,0.0,False,infeasible,baseline_truck_only,74841.76984773172,724.7205912896386,,,,0.0,False,feasible_only,0.0,,False,,,,
S0047_R07,4702033,nils,S0047,n75_p0.25_d3_uniform_Emedium_V1.25_Hlong_PWmoderate_B0.20,75,0.25333333333333335,0.25,3,3,medium,1.25,uniform,long,moderate,0.2,20.0,5.0,1.0,peripheral,74841.76984773172,579.7764730317108,0.0,0.0,74261.9933747,74261.9933747,2700.0838759927365,3816.2871155238813,1178.8802772258507,7695.251268742469,54001.677519854726,19081.435577619406,1178.8802772258507,0.0,511.63411050247794,724.7205912896386,0.0,75,0,0.0,0,0,0.0,0.0,0.0,0.0,0.0,0.0,0,0.0,0.0,0,375,375,14.412575483322144,25.0,0.0,450.0,False,infeasible,nils_complete,74841.76984773172,724.7205912896386,,0.0,,0.0,False,feasible_only,0.0,,False,,,,
S0047_R08,4702034,truck_only,S0047,n75_p0.25_d3_uniform_Emedium_V1.25_Hlong_PWmoderate_B0.20,75,0.25333333333333335,0.25,3,3,medium,1.25,uniform,long,moderate,0.2,20.0,5.0,1.0,peripheral,56842.26969346833,463.68152918973044,0.0,0.0,56378.588164278604,56378.588164278604,2307.056555068819,1912.7988098525914,673.4630136392589,4893.318378560669,46141.13110137638,9563.994049262958,673.4630136392589,0.0,431.28806388994246,579.6019114871633,0.0,75,0,0.0,0,0,0.0,0.0,0.0,0.0,0.0,0.0,0,0.0,0.0,0,0,0,0.06006026268005371,0.0,0.0,0.0,True,feasible,baseline_truck_only,56842.26969346833,579.6019114871633,,,,0.0,True,feasible_only,0.0,56842.26969346833,True,56842.26969346833,,,
S0047_R08,4702034,nils,S0047,n75_p0.25_d3_uniform_Emedium_V1.25_Hlong_PWmoderate_B0.20,75,0.25333333333333335,0.25,3,3,medium,1.25,uniform,long,moderate,0.2,20.0,5.0,1.0,peripheral,17481.80774295025,284.6546311658512,31.60777270921303,0.0,17165.545339075183,17165.545339075183,779.8924326325351,313.53933728489596,0.0,1093.4317699174312,15597.848652650702,1567.6966864244798,0.0,0.0,246.08793274463358,355.81828895731394,105.35924236404341,66,9,0.12,3,3,3.0,3.0,0.0,0.0,0.0,0.0,0,0.7419787369280941,0.7891706243820319,0,616,616,2.7656919956207275,25.0,9.0,209.0,True,feasible,nils_complete,56842.26969346833,579.6019114871633,,69.2450568261544,,38.60988345529389,True,feasible_only,0.0,17481.80774295025,True,56842.26969346833,,69.2450568261544,
S0047_R09,4702035,truck_only,S0047,n75_p0.25_d3_uniform_Emedium_V1.25_Hlong_PWmoderate_B0.20,75,0.25333333333333335,0.25,3,3,medium,1.25,uniform,long,moderate,0.2,20.0,5.0,1.0,peripheral,60973.26585671968,496.528488196283,0.0,0.0,60476.7373685234,60476.7373685234,2536.501062596147,1807.101321462843,711.2095092862517,5054.811893345242,50730.021251922946,9035.506607314215,711.2095092862517,0.0,411.24470002624594,620.6606102453537,0.0,75,0,0.0,0,0,0.0,0.0,0.0,0.0,0.0,0.0,0,0.0,0.0,0,0,0,0.05098986625671387,0.0,0.0,0.0,True,feasible,baseline_truck_only,60973.26585671968,620.6606102453537,,,,0.0,True,feasible_only,0.0,60973.26585671968,True,60973.26585671968,,,
S0047_R09,4702035,nils,S0047,n75_p0.25_d3_uniform_Emedium_V1.25_Hlong_PWmoderate_B0.20,75,0.25333333333333335,0.25,3,3,medium,1.25,uniform,long,moderate,0.2,20.0,5.0,1.0,peripheral,11686.997650408555,258.18028891570015,27.925520422492642,0.0,11400.891841070363,11400.891841070363,462.64906160171574,429.5821218072099,0.0,892.2311834089256,9252.981232034315,2147.910609036049,0.0,0.0,231.24916558475468,322.72536114462525,93.08506807497548,64,11,0.14666666666666667,3,3,3.6666666666666665,3.6666666666666665,0.0,0.0,0.0,0.0,0,0.6652950069425686,0.7664394464604155,0,629,629,2.8636488914489746,25.0,11.0,193.0,True,feasible,nils_complete,60973.26585671968,620.6606102453537,,80.83258705893877,,48.002925299698255,True,feasible_only,0.0,11686.997650408555,True,60973.26585671968,,80.83258705893877,
S0047_R10,4702036,truck_only,S0047,n75_p0.25_d3_uniform_Emedium_V1.25_Hlong_PWmoderate_B0.20,75,0.25333333333333335,0.25,3,3,medium,1.25,uniform,long,moderate,0.2,20.0,5.0,1.0,peripheral,73097.67756134822,475.4754721145622,0.0,0.0,72622.20208923366,72622.20208923366,3112.8374401076862,1994.0431622695269,395.23747573229514,5502.118078109508,62256.74880215373,9970.215811347634,395.23747573229514,0.0,469.90869522549684,594.3443401432028,0.0,75,0,0.0,0,0,0.0,0.0,0.0,0.0,0.0,0.0,0,0.0,0.0,0,0,0,0.05110311508178711,0.0,0.0,0.0,True,feasible,baseline_truck_only,73097.67756134822,594.3443401432028,,,,0.0,True,feasible_only,0.0,73097.67756134822,True,73097.67756134822,,,
S0047_R10,4702036,nils,S0047,n75_p0.25_d3_uniform_Emedium_V1.25_Hlong_PWmoderate_B0.20,75,0.25333333333333335,0.25,3,3,medium,1.25,uniform,long,moderate,0.2,20.0,5.0,1.0,peripheral,13025.242941170887,242.57152538761312,31.542874511060525,0.0,12751.128541272214,12751.128541272214,619.6530878573375,71.61335682509315,0.0,691.2664446824306,12393.06175714675,358.06678412546574,0.0,0.0,216.67310247030412,303.21440673451633,105.1429150368684,66,9,0.12,3,3,3.0,3.0,0.0,0.0,0.0,0.0,0,0.7574443676147687,0.7991466197356746,0,709,709,2.6319727897644043,25.0,9.0,194.0,True,feasible,nils_complete,73097.67756134822,594.3443401432028,,82.1810440827764,,48.98337777365574,True,feasible_only,0.0,13025.242941170887,True,73097.67756134822,,82.1810440827764,
S0048_R01,4802027,truck_only,S0048,n75_p0.25_d3_uniform_Ehigh_V2.00_Hmedium_PWflat_B0.20,75,0.25333333333333335,0.25,3,3,high,2.0,uniform,medium,flat,0.2,1.0,1.0,1.0,peripheral,8157.070297592184,519.6462648225632,0.0,0.0,7637.424032769621,7637.424032769621,2255.6406281225163,3434.835307453205,1946.9480971938995,7637.424032769621,2255.6406281225163,3434.835307453205,1946.9480971938995,0.0,603.0237582442404,649.5578310282041,0.0,75,0,0.0,0,0,0.0,0.0,0.0,0.0,0.0,0.0,0,0.0,0.0,0,0,0,0.06532788276672363,0.0,0.0,0.0,False,infeasible,baseline_truck_only,8157.070297592184,649.5578310282041,,,,0.0,False,feasible_only,0.0,,False,,,,
S0048_R01,4802027,nils,S0048,n75_p0.25_d3_uniform_Ehigh_V2.00_Hmedium_PWflat_B0.20,75,0.25333333333333335,0.25,3,3,high,2.0,uniform,medium,flat,0.2,1.0,1.0,1.0,peripheral,8157.070297592184,519.6462648225632,0.0,0.0,7637.424032769621,7637.424032769621,2255.6406281225163,3434.835307453205,1946.9480971938995,7637.424032769621,2255.6406281225163,3434.835307453205,1946.9480971938995,0.0,603.0237582442404,649.5578310282041,0.0,75,0,0.0,0,0,0.0,0.0,0.0,0.0,0.0,0.0,0,0.0,0.0,0,0,0,13.317360639572144,25.0,0.0,900.0,False,infeasible,nils_complete,8157.070297592184,649.5578310282041,,0.0,,0.0,False,feasible_only,0.0,,False,,,,
S0048_R02,4802028,truck_only,S0048,n75_p0.25_d3_uniform_Ehigh_V2.00_Hmedium_PWflat_B0.20,75,0.25333333333333335,0.25,3,3,high,2.0,uniform,medium,flat,0.2,1.0,1.0,1.0,peripheral,6440.337458031774,476.3015775408719,0.0,0.0,5964.035880490902,5964.035880490902,4012.516320191367,1336.6521779028346,614.8673823967007,5964.035880490903,4012.516320191367,1336.6521779028346,614.8673823967007,0.0,472.85271989999916,595.3769719260899,0.0,75,0,0.0,0,0,0.0,0.0,0.0,0.0,0.0,0.0,0,0.0,0.0,0,0,0,0.08008265495300293,0.0,0.0,0.0,True,feasible,baseline_truck_only,6440.337458031774,595.3769719260899,,,,0.0,True,feasible_only,0.0,6440.337458031774,True,6440.337458031774,,,
S0048_R02,4802028,nils,S0048,n75_p0.25_d3_uniform_Ehigh_V2.00_Hmedium_PWflat_B0.20,75,0.25333333333333335,0.25,3,3,high,2.0,uniform,medium,flat,0.2,1.0,1.0,1.0,peripheral,781.3839946267616,211.1513534066796,61.75439412320027,0.0,508.4782470968817,508.4782470968817,445.2209791079616,63.25726798892005,0.0,508.47824709688166,445.2209791079616,63.25726798892005,0.0,0.0,211.59186423765144,263.9391917583495,205.84798041066753,58,17,0.22666666666666666,3,3,5.666666666666667,5.666666666666667,0.0,0.0,0.0,0.0,0,0.7344084590120475,0.7951715008973841,0,198,198,4.154698371887207,25.0,18.0,462.0,True,feasible,nils_complete,6440.337458031774,595.3769719260899,,87.86734391297627,,55.668558878841736,True,feasible_only,0.0,781.3839946267616,True,6440.337458031774,,87.86734391297627,
S0048_R03,4802029,truck_only,S0048,n75_p0.25_d3_uniform_Ehigh_V2.00_Hmedium_PWflat_B0.20,75,0.25333333333333335,0.25,3,3,high,2.0,uniform,medium,flat,0.2,1.0,1.0,1.0,peripheral,4393.423062391292,498.07151399333634,0.0,0.0,3895.351548397956,3895.351548397956,1834.2012828653903,1259.0685768494648,802.0816886830993,3895.3515483979545,1834.2012828653903,1259.0685768494648,802.0816886830993,0.0,430.19656735612153,622.5893924916704,0.0,75,0,0.0,0,0,0.0,0.0,0.0,0.0,0.0,0.0,0,0.0,0.0,0,0,0,0.056078433990478516,0.0,0.0,0.0,True,feasible,baseline_truck_only,4393.423062391292,622.5893924916704,,,,0.0,True,feasible_only,0.0,4393.423062391292,True,4393.423062391292,,,
S0048_R03,4802029,nils,S0048,n75_p0.25_d3_uniform_Ehigh_V2.00_Hmedium_PWflat_B0.20,75,0.25333333333333335,0.25,3,3,high,2.0,uniform,medium,flat,0.2,1.0,1.0,1.0,peripheral,1092.8427730119258,249.01081817933905,59.965806778480754,0.0,783.866148054106,783.866148054106,706.2441626768233,77.62198537728264,0.0,783.8661480541059,706.2441626768233,77.62198537728264,0.0,0.0,225.09877756142745,311.2635227241737,199.88602259493587,58,17,0.22666666666666666,3,3,5.666666666666667,5.666666666666667,0.0,0.0,0.0,0.0,0,0.7093930914475869,0.7900150274542774,0,182,182,3.825552225112915,25.0,15.0,451.0,True,feasible,nils_complete,4393.423062391292,622.5893924916704,,75.12548285260962,,50.00500707561636,True,feasible_only,0.0,1092.8427730119258,True,4393.423062391292,,75.12548285260962,
S0048_R04,4802030,truck_only,S0048,n75_p0.25_d3_uniform_Ehigh_V2.00_Hmedium_PWflat_B0.20,75,0.25333333333333335,0.25,3,3,high,2.0,uniform,medium,flat,0.2,1.0,1.0,1.0,peripheral,5563.437515201721,497.79886795628767,0.0,0.0,5065.638647245433,5065.638647245433,1901.7763669149724,2706.8918480336615,456.9704322968006,5065.638647245435,1901.7763669149724,2706.8918480336615,456.9704322968006,0.0,414.75977480905806,622.2485849453597,0.0,75,0,0.0,0,0,0.0,0.0,0.0,0.0,0.0,0.0,0,0.0,0.0,0,0,0,0.0615086555480957,0.0,0.0,0.0,True,feasible,baseline_truck_only,5563.437515201721,622.2485849453597,,,,0.0,True,feasible_only,0.0,5563.437515201721,True,5563.437515201721,,,
S0048_R04,4802030,nils,S0048,n75_p0.25_d3_uniform_Ehigh_V2.00_Hmedium_PWflat_B0.20,75,0.25333333333333335,0.25,3,3,high,2.0,uniform,medium,flat,0.2,1.0,1.0,1.0,peripheral,448.8899179965847,224.5547212822199,33.11360186423892,0.0,191.22159485012588,191.22159485012588,100.61610687440762,90.60548797571826,0.0,191.22159485012588,100.61610687440762,90.60548797571826,0.0,0.0,191.558294014336,280.6934016027749,110.3786728807964,62,13,0.17333333333333334,2,2,6.5,6.5,0.0,0.0,0.0,0.0,0,0.5730128765273448,0.7899145580597388,0,114,114,4.84266996383667,25.0,13.0,537.0,True,feasible,nils_complete,5563.437515201721,622.2485849453597,,91.93142878355293,,54.89047168706332,True,feasible_only,0.0,448.8899179965847,True,5563.437515201721,,91.93142878355293,
S0048_R05,4802031,truck_only,S0048,n75_p0.25_d3_uniform_Ehigh_V2.00_Hmedium_PWflat_B0.20,75,0.25333333333333335,0.25,3,3,high,2.0,uniform,medium,flat,0.2,1.0,1.0,1.0,peripheral,7202.062119427344,537.0464719045699,0.0,0.0,6665.015647522775,6665.015647522775,2061.2911144630634,2388.4034720753593,2215.3210609843536,6665.015647522776,2061.2911144630634,2388.4034720753593,2215.3210609843536,0.0,535.0965239851753,671.3080898807125,0.0,75,0,0.0,0,0,0.0,0.0,0.0,0.0,0.0,0.0,0,0.0,0.0,0,0,0,0.0543980598449707,0.0,0.0,0.0,False,infeasible,baseline_truck_only,7202.062119427344,671.3080898807125,,,,0.0,False,feasible_only,0.0,,False,,,,
S0048_R05,4802031,nils,S0048,n75_p0.25_d3_uniform_Ehigh_V2.00_Hmedium_PWflat_B0.20,75,0.25333333333333335,0.25,3,3,high,2.0,uniform,medium,flat,0.2,1.0,1.0,1.0,peripheral,7202.062119427344,537.0464719045699,0.0,0.0,6665.015647522775,6665.015647522775,2061.2911144630634,2388.4034720753593,2215.3210609843536,6665.015647522776,2061.2911144630634,2388.4034720753593,2215.3210609843536,0.0,535.0965239851753,671.3080898807125,0.0,75,0,0.0,0,0,0.0,0.0,0.0,0.0,0.0,0.0,0,0.0,0.0,0,0,0,13.573269128799438,25.0,0.0,975.0,False,infeasible,nils_complete,7202.062119427344,671.3080898807125,,0.0,,0.0,False,feasible_only,0.0,,False,,,,
S0048_R06,4802032,truck_only,S0048,n75_p0.25_d3_uniform_Ehigh_V2.00_Hmedium_PWflat_B0.20,75,0.25333333333333335,0.25,3,3,high,2.0,uniform,medium,flat,0.2,1.0,1.0,1.0,peripheral,6005.291114362643,503.6009651235036,0.0,0.0,5501.69014923914,5501.69014923914,3034.3672671982285,1662.6932848872768,804.6295971536344,5501.69014923914,3034.3672671982285,1662.6932848872768,804.6295971536344,0.0,434.76430839866583,629.5012064043793,0.0,75,0,0.0,0,0,0.0,0.0,0.0,0.0,0.0,0.0,0,0.0,0.0,0,0,0,0.06103396415710449,0.0,0.0,0.0,True,feasible,baseline_truck_only,6005.291114362643,629.5012064043793,,,,0.0,True,feasible_only,0.0,6005.291114362643,True,6005.291114362643,,,
S0048_R06,4802032,nils,S0048,n75_p0.25_d3_uniform_Ehigh_V2.00_Hmedium_PWflat_B0.20,75,0.25333333333333335,0.25,3,3,high,2.0,uniform,medium,flat,0.2,1.0,1.0,1.0,peripheral,1156.7467755889847,263.8788072099668,62.33640658034825,0.0,830.5315617986698,830.5315617986698,595.8606657108542,234.6708960878157,0.0,830.5315617986698,595.8606657108542,234.6708960878157,0.0,0.0,227.5887313525013,329.84850901245863,207.78802193449422,57,18,0.24,3,3,6.0,6.0,0.0,0.0,0.0,0.0,0,0.7326460756195726,0.7969925057743784,0,90,90,4.0440099239349365,25.0,18.0,543.0,True,feasible,nils_complete,6005.291114362643,629.5012064043793,,80.73787342594542,,47.60160812137183,True,feasible_only,0.0,1156.7467755889847,True,6005.291114362643,,80.73787342594542,
S0048_R07,4802033,truck_only,S0048,n75_p0.25_d3_uniform_Ehigh_V2.00_Hmedium_PWflat_B0.20,75,0.25333333333333335,0.25,3,3,high,2.0,uniform,medium,flat,0.2,1.0,1.0,1.0,peripheral,6170.141213075716,537.9779312092727,0.0,0.0,5632.163281866444,5632.163281866444,2808.863098326851,2088.982785967802,734.3173975717908,5632.163281866444,2808.863098326851,2088.982785967802,734.3173975717908,0.0,451.0975398573935,672.4724140115909,0.0,75,0,0.0,0,0,0.0,0.0,0.0,0.0,0.0,0.0,0,0.0,0.0,0,0,0,0.058432579040527344,0.0,0.0,0.0,True,feasible,baseline_truck_only,6170.141213075716,672.4724140115909,,,,0.0,True,feasible_only,0.0,6170.141213075716,True,6170.141213075716,,,
S0048_R07,4802033,nils,S0048,n75_p0.25_d3_uniform_Ehigh_V2.00_Hmedium_PWflat_B0.20,75,0.25333333333333335,0.25,3,3,high,2.0,uniform,medium,flat,0.2,1.0,1.0,1.0,peripheral,1609.1013265838624,309.072435150262,60.08108906272573,0.0,1239.9478023708746,1239.9478023708746,863.8282507931674,376.11955157770717,0.0,1239.9478023708746,863.8282507931674,376.11955157770717,0.0,0.0,257.8096178489649,386.3405439378274,200.27029687575245,59,16,0.21333333333333335,3,3,5.333333333333333,5.333333333333333,0.0,0.0,0.0,0.0,0,0.7065529610594301,0.7972266437606387,0,140,140,3.88724422454834,25.0,16.0,493.0,True,feasible,nils_complete,6170.141213075716,672.4724140115909,,73.92115883549201,,42.549235345857866,True,feasible_only,0.0,1609.1013265838624,True,6170.141213075716,,73.92115883549201,
S0048_R08,4802034,truck_only,S0048,n75_p0.25_d3_uniform_Ehigh_V2.00_Hmedium_PWflat_B0.20,75,0.25333333333333335,0.25,3,3,high,2.0,uniform,medium,flat,0.2,1.0,1.0,1.0,peripheral,6202.446784244698,490.8197609890739,0.0,0.0,5711.627023255624,5711.627023255624,2351.187030333721,2487.0778110231718,873.3621818987311,5711.627023255624,2351.187030333721,2487.0778110231718,873.3621818987311,0.0,490.56780148083345,613.5247012363423,0.0,75,0,0.0,0,0,0.0,0.0,0.0,0.0,0.0,0.0,0,0.0,0.0,0,0,0,0.053446292877197266,0.0,0.0,0.0,False,infeasible,baseline_truck_only,6202.446784244698,613.5247012363423,,,,0.0,False,feasible_only,0.0,,False,,,,
S0048_R08,4802034,nils,S0048,n75_p0.25_d3_uniform_Ehigh_V2.00_Hmedium_PWflat_B0.20,75,0.25333333333333335,0.25,3,3,high,2.0,uniform,medium,flat,0.2,1.0,1.0,1.0,peripheral,788.9819502818058,231.35610894625097,53.76546331583415,0.0,503.86037801972066,503.86037801972066,389.6843944218555,114.17598359786511,0.0,503.8603780197206,389.6843944218555,114.17598359786511,0.0,0.0,221.74051136468617,289.19513618281377,179.21821105278053,57,18,0.24,3,3,6.0,6.0,0.0,0.0,0.0,0.0,0,0.6300932939875082,0.7947405478333299,0,122,122,4.111248016357422,25.0,17.0,487.0,True,feasible,nils_complete,6202.446784244698,613.5247012363423,,87.27950472245956,,52.86332635017903,True,feasible_only,0.0,788.9819502818058,True,,,,
S0048_R09,4802035,truck_only,S0048,n75_p0.25_d3_uniform_Ehigh_V2.00_Hmedium_PWflat_B0.20,75,0.25333333333333335,0.25,3,3,high,2.0,uniform,medium,flat,0.2,1.0,1.0,1.0,peripheral,5027.583298049305,501.81022882416283,0.0,0.0,4525.7730692251425,4525.7730692251425,1810.625666478508,1688.7075910161152,1026.43981173052,4525.773069225143,1810.625666478508,1688.7075910161152,1026.43981173052,0.0,429.5871878133112,627.2627860302035,0.0,75,0,0.0,0,0,0.0,0.0,0.0,0.0,0.0,0.0,0,0.0,0.0,0,0,0,0.05218768119812012,0.0,0.0,0.0,True,feasible,baseline_truck_only,5027.583298049305,627.2627860302035,,,,0.0,True,feasible_only,0.0,5027.583298049305,True,5027.583298049305,,,
S0048_R09,4802035,nils,S0048,n75_p0.25_d3_uniform_Ehigh_V2.00_Hmedium_PWflat_B0.20,75,0.25333333333333335,0.25,3,3,high,2.0,uniform,medium,flat,0.2,1.0,1.0,1.0,peripheral,868.6858871533523,252.85102525143301,62.441119980565716,0.0,553.3937419213536,553.3937419213536,387.45374913611846,165.93999278523512,0.0,553.3937419213536,387.45374913611846,165.93999278523512,0.0,0.0,207.71685452052094,316.0637815642913,208.13706660188575,57,18,0.24,3,3,6.0,6.0,0.0,0.0,0.0,0.0,0,0.7122182258150009,0.7946154376488997,0,171,171,3.679603099822998,25.0,17.0,462.0,True,feasible,nils_complete,5027.583298049305,627.2627860302035,,82.72160130115793,,49.61222176679992,True,feasible_only,0.0,868.6858871533523,True,5027.583298049305,,82.72160130115793,
S0048_R10,4802036,truck_only,S0048,n75_p0.25_d3_uniform_Ehigh_V2.00_Hmedium_PWflat_B0.20,75,0.25333333333333335,0.25,3,3,high,2.0,uniform,medium,flat,0.2,1.0,1.0,1.0,peripheral,7152.597342899366,513.3511188381817,0.0,0.0,6639.246224061184,6639.246224061184,2928.304006653893,2004.1882923150813,1706.7539250922102,6639.246224061184,2928.304006653893,2004.1882923150813,1706.7539250922102,0.0,551.3203777833376,641.6888985477273,0.0,75,0,0.0,0,0,0.0,0.0,0.0,0.0,0.0,0.0,0,0.0,0.0,0,0,0,0.06038236618041992,0.0,0.0,0.0,False,infeasible,baseline_truck_only,7152.597342899366,641.6888985477273,,,,0.0,False,feasible_only,0.0,,False,,,,
S0048_R10,4802036,nils,S0048,n75_p0.25_d3_uniform_Ehigh_V2.00_Hmedium_PWflat_B0.20,75,0.25333333333333335,0.25,3,3,high,2.0,uniform,medium,flat,0.2,1.0,1.0,1.0,peripheral,7152.597342899366,513.3511188381817,0.0,0.0,6639.246224061184,6639.246224061184,2928.304006653893,2004.1882923150813,1706.7539250922102,6639.246224061184,2928.304006653893,2004.1882923150813,1706.7539250922102,0.0,551.3203777833376,641.6888985477273,0.0,75,0,0.0,0,0,0.0,0.0,0.0,0.0,0.0,0.0,0,0.0,0.0,0,0,0,14.640337228775024,25.0,0.0,825.0,False,infeasible,nils_complete,7152.597342899366,641.6888985477273,,0.0,,0.0,False,feasible_only,0.0,,False,,,,
S0049_R01,4902027,truck_only,S0049,n75_p0.25_d3_uniform_Ehigh_V2.00_Hmedium_PWstrict_B0.20,75,0.25333333333333335,0.25,3,3,high,2.0,uniform,medium,strict,0.2,200.0,40.0,1.0,peripheral,581241.4080891769,503.8435589778839,0.0,0.0,580737.5645301989,580737.5645301989,2311.7302053088965,2929.936307977335,1194.0711493262752,6435.737662612507,462346.0410617793,117197.45231909341,1194.0711493262752,0.0,549.1929772264477,629.8044487223551,0.0,75,0,0.0,0,0,0.0,0.0,0.0,0.0,0.0,0.0,0,0.0,0.0,0,0,0,0.05441164970397949,0.0,0.0,0.0,False,infeasible,baseline_truck_only,581241.4080891769,629.8044487223551,,,,0.0,False,feasible_only,0.0,,False,,,,
S0049_R01,4902027,nils,S0049,n75_p0.25_d3_uniform_Ehigh_V2.00_Hmedium_PWstrict_B0.20,75,0.25333333333333335,0.25,3,3,high,2.0,uniform,medium,strict,0.2,200.0,40.0,1.0,peripheral,581241.4080891769,503.8435589778839,0.0,0.0,580737.5645301989,580737.5645301989,2311.7302053088965,2929.936307977335,1194.0711493262752,6435.737662612507,462346.0410617793,117197.45231909341,1194.0711493262752,0.0,549.1929772264477,629.8044487223551,0.0,75,0,0.0,0,0,0.0,0.0,0.0,0.0,0.0,0.0,0,0.0,0.0,0,0,0,13.683700799942017,25.0,0.0,900.0,False,infeasible,nils_complete,581241.4080891769,629.8044487223551,,0.0,,0.0,False,feasible_only,0.0,,False,,,,
S0049_R02,4902028,truck_only,S0049,n75_p0.25_d3_uniform_Ehigh_V2.00_Hmedium_PWstrict_B0.20,75,0.25333333333333335,0.25,3,3,high,2.0,uniform,medium,strict,0.2,200.0,40.0,1.0,peripheral,605252.1233730068,487.08155563299675,0.0,0.0,604765.0418173738,604765.0418173738,2809.223752458725,1031.4182586762095,1663.5609785806,5504.202989715534,561844.750491745,41256.730347048375,1663.5609785806,0.0,450.8610679171684,608.851944541246,0.0,75,0,0.0,0,0,0.0,0.0,0.0,0.0,0.0,0.0,0,0.0,0.0,0,0,0,0.056527137756347656,0.0,0.0,0.0,True,feasible,baseline_truck_only,605252.1233730068,608.851944541246,,,,0.0,True,feasible_only,0.0,605252.1233730068,True,605252.1233730068,,,
S0049_R02,4902028,nils,S0049,n75_p0.25_d3_uniform_Ehigh_V2.00_Hmedium_PWstrict_B0.20,75,0.25333333333333335,0.25,3,3,high,2.0,uniform,medium,strict,0.2,200.0,40.0,1.0,peripheral,55683.227322089726,221.2862167924716,53.036155692354995,0.0,55408.9049496049,55408.9049496049,262.84184889796614,71.0133792502917,0.0,333.8552281482579,52568.36977959323,2840.535170011668,0.0,0.0,225.87557683131107,276.60777099058953,176.78718564118338,58,17,0.22666666666666666,3,3,5.666666666666667,5.666666666666667,0.0,0.0,0.0,0.0,0,0.6246012137614492,0.7748629100516761,0,93,93,3.851621627807617,25.0,17.0,528.0,True,feasible,nils_complete,605252.1233730068,608.851944541246,,90.79999471761076,,54.568959913726445,True,feasible_only,0.0,55683.227322089726,True,605252.1233730068,,90.79999471761076,
S0049_R03,4902029,truck_only,S0049,n75_p0.25_d3_uniform_Ehigh_V2.00_Hmedium_PWstrict_B0.20,75,0.25333333333333335,0.25,3,3,high,2.0,uniform,medium,strict,0.2,200.0,40.0,1.0,peripheral,760868.4297765776,547.1638373903982,0.0,0.0,760321.2659391873,760321.2659391873,3338.776414944502,2275.8231355660023,1533.0575276468237,7147.657078157327,667755.2829889004,91032.9254226401,1533.0575276468237,0.0,514.108677443748,683.9547967379978,0.0,75,0,0.0,0,0,0.0,0.0,0.0,0.0,0.0,0.0,0,0.0,0.0,0,0,0,0.05686545372009277,0.0,0.0,0.0,False,infeasible,baseline_truck_only,760868.4297765776,683.9547967379978,,,,0.0,False,feasible_only,0.0,,False,,,,
S0049_R03,4902029,nils,S0049,n75_p0.25_d3_uniform_Ehigh_V2.00_Hmedium_PWstrict_B0.20,75,0.25333333333333335,0.25,3,3,high,2.0,uniform,medium,strict,0.2,200.0,40.0,1.0,peripheral,760868.4297765776,547.1638373903982,0.0,0.0,760321.2659391873,760321.2659391873,3338.776414944502,2275.8231355660023,1533.0575276468237,7147.657078157327,667755.2829889004,91032.9254226401,1533.0575276468237,0.0,514.108677443748,683.9547967379978,0.0,75,0,0.0,0,0,0.0,0.0,0.0,0.0,0.0,0.0,0,0.0,0.0,0,0,0,12.962589263916016,25.0,0.0,300.0,False,infeasible,nils_complete,760868.4297765776,683.9547967379978,,0.0,,0.0,False,feasible_only,0.0,,False,,,,
S0049_R04,4902030,truck_only,S0049,n75_p0.25_d3_uniform_Ehigh_V2.00_Hmedium_PWstrict_B0.20,75,0.25333333333333335,0.25,3,3,high,2.0,uniform,medium,strict,0.2,200.0,40.0,1.0,peripheral,399235.5358310225,489.3153782766176,0.0,0.0,398746.22045274585,398746.22045274585,1574.079196570108,2080.2254703200006,721.3623259243182,4375.666992814427,314815.8393140216,83209.01881280003,721.3623259243182,0.0,417.9929261997485,611.644222845772,0.0,75,0,0.0,0,0,0.0,0.0,0.0,0.0,0.0,0.0,0,0.0,0.0,0,0,0,0.05434012413024902,0.0,0.0,0.0,True,feasible,baseline_truck_only,399235.5358310225,611.644222845772,,,,0.0,True,feasible_only,0.0,399235.5358310225,True,399235.5358310225,,,
S0049_R04,4902030,nils,S0049,n75_p0.25_d3_uniform_Ehigh_V2.00_Hmedium_PWstrict_B0.20,75,0.25333333333333335,0.25,3,3,high,2.0,uniform,medium,strict,0.2,200.0,40.0,1.0,peripheral,70247.11141074063,256.53264991492387,67.43064171838425,0.0,69923.14811910733,69923.14811910733,261.7260111567893,439.4486471937365,0.0,701.1746583505258,52345.20223135786,17577.94588774946,0.0,0.0,245.8853138355425,320.66581239365473,224.7688057279475,60,15,0.2,3,3,5.0,5.0,0.0,0.0,0.0,0.0,0,0.7763090649863216,0.7794820442748078,0,285,285,3.513500928878784,25.0,15.0,414.0,True,feasible,nils_complete,399235.5358310225,611.644222845772,,82.4045945047154,,47.573147850280336,True,feasible_only,0.0,70247.11141074063,True,399235.5358310225,,82.4045945047154,
S0049_R05,4902031,truck_only,S0049,n75_p0.25_d3_uniform_Ehigh_V2.00_Hmedium_PWstrict_B0.20,75,0.25333333333333335,0.25,3,3,high,2.0,uniform,medium,strict,0.2,200.0,40.0,1.0,peripheral,383221.79710093496,525.7806168092496,0.0,0.0,382696.0164841257,382696.0164841257,1518.1738682412881,1946.5143100918428,1200.6704321942038,4665.358610527335,303634.7736482576,77860.57240367371,1200.6704321942038,0.0,426.21650178729215,657.2257710115622,0.0,75,0,0.0,0,0,0.0,0.0,0.0,0.0,0.0,0.0,0,0.0,0.0,0,0,0,0.054343223571777344,0.0,0.0,0.0,True,feasible,baseline_truck_only,383221.79710093496,657.2257710115622,,,,0.0,True,feasible_only,0.0,383221.79710093496,True,383221.79710093496,,,
S0049_R05,4902031,nils,S0049,n75_p0.25_d3_uniform_Ehigh_V2.00_Hmedium_PWstrict_B0.20,75,0.25333333333333335,0.25,3,3,high,2.0,uniform,medium,strict,0.2,200.0,40.0,1.0,peripheral,93913.49689086317,249.10665038013192,62.492597755217695,0.0,93601.89764272782,93601.89764272782,435.30871329140734,163.50387461115855,0.0,598.8125879025658,87061.74265828147,6540.1549844463425,0.0,0.0,200.22981058047293,311.38331297516487,208.30865918405897,58,17,0.22666666666666666,3,3,5.666666666666667,5.666666666666667,0.0,0.0,0.0,0.0,0,0.7336835270481638,0.7654023109485071,0,173,173,3.9140818119049072,25.0,17.0,472.0,True,feasible,nils_complete,383221.79710093496,657.2257710115622,,75.49369644385658,,52.62156070114194,True,feasible_only,0.0,93913.49689086317,True,383221.79710093496,,75.49369644385658,
S0049_R06,4902032,truck_only,S0049,n75_p0.25_d3_uniform_Ehigh_V2.00_Hmedium_PWstrict_B0.20,75,0.25333333333333335,0.25,3,3,high,2.0,uniform,medium,strict,0.2,200.0,40.0,1.0,peripheral,819546.1635073258,580.6884495585031,0.0,0.0,818965.4750577674,818965.4750577674,3596.3128107481343,2455.99396430076,1463.1543361099841,7515.461111158878,719262.5621496269,98239.7585720304,1463.1543361099841,0.0,583.6634316497303,725.8605619481289,0.0,75,0,0.0,0,0,0.0,0.0,0.0,0.0,0.0,0.0,0,0.0,0.0,0,0,0,0.05608224868774414,0.0,0.0,0.0,False,infeasible,baseline_truck_only,819546.1635073258,725.8605619481289,,,,0.0,False,feasible_only,0.0,,False,,,,
S0049_R06,4902032,nils,S0049,n75_p0.25_d3_uniform_Ehigh_V2.00_Hmedium_PWstrict_B0.20,75,0.25333333333333335,0.25,3,3,high,2.0,uniform,medium,strict,0.2,200.0,40.0,1.0,peripheral,819546.1635073258,580.6884495585031,0.0,0.0,818965.4750577674,818965.4750577674,3596.3128107481343,2455.99396430076,1463.1543361099841,7515.461111158878,719262.5621496269,98239.7585720304,1463.1543361099841,0.0,583.6634316497303,725.8605619481289,0.0,75,0,0.0,0,0,0.0,0.0,0.0,0.0,0.0,0.0,0,0.0,0.0,0,0,0,13.643747329711914,25.0,0.0,975.0,False,infeasible,nils_complete,819546.1635073258,725.8605619481289,,0.0,,0.0,False,feasible_only,0.0,,False,,,,
S0049_R07,4902033,truck_only,S0049,n75_p0.25_d3_uniform_Ehigh_V2.00_Hmedium_PWstrict_B0.20,75,0.25333333333333335,0.25,3,3,high,2.0,uniform,medium,strict,0.2,200.0,40.0,1.0,peripheral,492142.59007735015,531.9957907609227,0.0,0.0,491610.59428658924,491610.59428658924,1855.5010403669173,2977.912526881613,1393.8851379412629,6227.298705189793,371100.2080733835,119116.50107526452,1393.8851379412629,0.0,544.3499776379537,664.9947384511531,0.0,75,0,0.0,0,0,0.0,0.0,0.0,0.0,0.0,0.0,0,0.0,0.0,0,0,0,0.04966473579406738,0.0,0.0,0.0,False,infeasible,baseline_truck_only,492142.59007735015,664.9947384511531,,,,0.0,False,feasible_only,0.0,,False,,,,
S0049_R07,4902033,nils,S0049,n75_p0.25_d3_uniform_Ehigh_V2.00_Hmedium_PWstrict_B0.20,75,0.25333333333333335,0.25,3,3,high,2.0,uniform,medium,strict,0.2,200.0,40.0,1.0,peripheral,492142.59007735015,531.9957907609227,0.0,0.0,491610.59428658924,491610.59428658924,1855.5010403669173,2977.912526881613,1393.8851379412629,6227.298705189793,371100.2080733835,119116.50107526452,1393.8851379412629,0.0,544.3499776379537,664.9947384511531,0.0,75,0,0.0,0,0,0.0,0.0,0.0,0.0,0.0,0.0,0,0.0,0.0,0,0,0,13.915395021438599,25.0,0.0,975.0,False,infeasible,nils_complete,492142.59007735015,664.9947384511531,,0.0,,0.0,False,feasible_only,0.0,,False,,,,
S0049_R08,4902034,truck_only,S0049,n75_p0.25_d3_uniform_Ehigh_V2.00_Hmedium_PWstrict_B0.20,75,0.25333333333333335,0.25,3,3,high,2.0,uniform,medium,strict,0.2,200.0,40.0,1.0,peripheral,693875.1158287054,511.49805256067623,0.0,0.0,693363.6177761446,693363.6177761446,3120.805001576216,1707.4552194450769,904.4086830984536,5732.668904119746,624161.0003152431,68298.20877780307,904.4086830984536,0.0,456.84233650591096,639.3725657008451,0.0,75,0,0.0,0,0,0.0,0.0,0.0,0.0,0.0,0.0,0,0.0,0.0,0,0,0,0.058637380599975586,0.0,0.0,0.0,True,feasible,baseline_truck_only,693875.1158287054,639.3725657008451,,,,0.0,True,feasible_only,0.0,693875.1158287054,True,693875.1158287054,,,
S0049_R08,4902034,nils,S0049,n75_p0.25_d3_uniform_Ehigh_V2.00_Hmedium_PWstrict_B0.20,75,0.25333333333333335,0.25,3,3,high,2.0,uniform,medium,strict,0.2,200.0,40.0,1.0,peripheral,83187.30839611928,251.84279418749384,55.250852178291545,0.0,82880.21474975349,82880.21474975349,396.20448128374585,90.982962325108,0.0,487.18744360885387,79240.89625674917,3639.3184930043203,0.0,0.0,268.04688595270375,314.8034927343674,184.16950726097184,62,13,0.17333333333333334,3,3,4.333333333333333,4.333333333333333,0.0,0.0,0.0,0.0,0,0.6457817587685967,0.7535425426834694,0,213,213,3.973844528198242,23.0,13.0,480.0,True,feasible,nils_complete,693875.1158287054,639.3725657008451,,88.01119877360533,,50.76368464616603,True,feasible_only,0.0,83187.30839611928,True,693875.1158287054,,88.01119877360533,
S0049_R09,4902035,truck_only,S0049,n75_p0.25_d3_uniform_Ehigh_V2.00_Hmedium_PWstrict_B0.20,75,0.25333333333333335,0.25,3,3,high,2.0,uniform,medium,strict,0.2,200.0,40.0,1.0,peripheral,492750.8118779429,495.71437878707144,0.0,0.0,492255.0974991558,492255.0974991558,2064.456381617092,1967.2683832766634,673.0858446707693,4704.810609564525,412891.2763234184,78690.73533106653,673.0858446707693,0.0,394.6069933764693,619.6429734838397,0.0,75,0,0.0,0,0,0.0,0.0,0.0,0.0,0.0,0.0,0,0.0,0.0,0,0,0,0.0577392578125,0.0,0.0,0.0,True,feasible,baseline_truck_only,492750.8118779429,619.6429734838397,,,,0.0,True,feasible_only,0.0,492750.8118779429,True,492750.8118779429,,,
S0049_R09,4902035,nils,S0049,n75_p0.25_d3_uniform_Ehigh_V2.00_Hmedium_PWstrict_B0.20,75,0.25333333333333335,0.25,3,3,high,2.0,uniform,medium,strict,0.2,200.0,40.0,1.0,peripheral,43905.21893702834,246.9604555011417,59.84119895478661,0.0,43598.41728257241,43598.41728257241,186.31781998681308,158.3713321302447,0.0,344.6891521170578,37263.56399736262,6334.853285209788,0.0,0.0,210.3629582350209,308.7005693764271,199.47066318262205,57,18,0.24,3,3,6.0,6.0,0.0,0.0,0.0,0.0,0,0.7071396931193422,0.7691203640609335,0,121,121,4.312479257583618,25.0,11.0,524.0,True,feasible,nils_complete,492750.8118779429,619.6429734838397,,91.08977238014091,,50.18089729303159,True,feasible_only,0.0,43905.21893702834,True,492750.8118779429,,91.08977238014091,
S0049_R10,4902036,truck_only,S0049,n75_p0.25_d3_uniform_Ehigh_V2.00_Hmedium_PWstrict_B0.20,75,0.25333333333333335,0.25,3,3,high,2.0,uniform,medium,strict,0.2,200.0,40.0,1.0,peripheral,570030.2855328427,538.9800094919594,0.0,0.0,569491.3055233508,569491.3055233508,2372.2397828057474,2355.83442372685,809.9720131272254,5538.046219659823,474447.95656114945,94233.37694907401,809.9720131272254,0.0,439.3722136649195,673.7250118649492,0.0,75,0,0.0,0,0,0.0,0.0,0.0,0.0,0.0,0.0,0,0.0,0.0,0,0,0,0.07945609092712402,0.0,0.0,0.0,True,feasible,baseline_truck_only,570030.2855328427,673.7250118649492,,,,0.0,True,feasible_only,0.0,570030.2855328427,True,570030.2855328427,,,
S0049_R10,4902036,nils,S0049,n75_p0.25_d3_uniform_Ehigh_V2.00_Hmedium_PWstrict_B0.20,75,0.25333333333333335,0.25,3,3,high,2.0,uniform,medium,strict,0.2,200.0,40.0,1.0,peripheral,156805.4584098018,274.1277839405422,62.696933982737285,0.0,156468.63369187852,156468.63369187852,750.1236400005804,161.0976422940613,0.0,911.2212822946417,150024.72800011607,6443.905691762452,0.0,0.0,241.89682742643038,342.65972992567777,208.9897799424577,57,18,0.24,3,3,6.0,6.0,0.0,0.0,0.0,0.0,0,0.7413228992438853,0.799385000532632,0,132,132,4.0724196434021,25.0,19.0,513.0,True,feasible,nils_complete,570030.2855328427,673.7250118649492,,72.49173203784673,,49.13952667763428,True,feasible_only,0.0,156805.4584098018,True,570030.2855328427,,72.49173203784673,
S0050_R01,5002027,truck_only,S0050,n75_p0.75_d3_uniform_Elow_V1.25_Hlong_PWbase_B0.20,75,0.7466666666666667,0.75,3,3,low,1.25,uniform,long,base,0.2,100.0,20.0,1.0,peripheral,180609.76558041808,466.02360673511976,0.0,0.0,180143.74197368298,180143.74197368298,1520.9699572957343,1382.5195837892713,396.3545683241037,3299.8441094091095,152096.99572957342,27650.391675785428,396.3545683241037,0.0,405.65722418435735,582.5295084188996,0.0,75,0,0.0,0,0,0.0,0.0,0.0,0.0,0.0,0.0,0,0.0,0.0,0,0,0,0.0553278923034668,0.0,0.0,0.0,True,feasible,baseline_truck_only,180609.76558041808,582.5295084188996,,,,0.0,True,feasible_only,0.0,180609.76558041808,True,180609.76558041808,,,
S0050_R01,5002027,nils,S0050,n75_p0.75_d3_uniform_Elow_V1.25_Hlong_PWbase_B0.20,75,0.7466666666666667,0.75,3,3,low,1.25,uniform,long,base,0.2,100.0,20.0,1.0,peripheral,33827.94164080886,254.17581952314194,22.777490792299616,0.0,33550.98833049342,33550.98833049342,303.2166027418219,161.46640281556157,0.0,464.68300555738347,30321.660274182188,3229.328056311231,0.0,0.0,231.46011749321798,317.71977440392743,75.9249693076654,65,10,0.13333333333333333,3,3,3.3333333333333335,3.3333333333333335,0.0,0.0,0.0,0.0,0,0.7642077244744598,0.7876302316004511,0,3358,3358,3.1003189086914062,25.0,11.0,278.0,True,feasible,nils_complete,180609.76558041808,582.5295084188996,,81.27014808302452,,45.458595691352734,True,feasible_only,0.0,33827.94164080886,True,180609.76558041808,,81.27014808302452,
S0050_R02,5002028,truck_only,S0050,n75_p0.75_d3_uniform_Elow_V1.25_Hlong_PWbase_B0.20,75,0.7466666666666667,0.75,3,3,low,1.25,uniform,long,base,0.2,100.0,20.0,1.0,peripheral,323891.2170247184,518.4753889004631,0.0,0.0,323372.741635818,323372.741635818,2898.504488627344,1625.0242673926987,1021.8074252296847,5545.336181249728,289850.4488627344,32500.485347853974,1021.8074252296847,0.0,489.78804297022447,648.0942361255791,0.0,75,0,0.0,0,0,0.0,0.0,0.0,0.0,0.0,0.0,0,0.0,0.0,0,0,0,0.07015657424926758,0.0,0.0,0.0,False,infeasible,baseline_truck_only,323891.2170247184,648.0942361255791,,,,0.0,False,feasible_only,0.0,,False,,,,
S0050_R02,5002028,nils,S0050,n75_p0.75_d3_uniform_Elow_V1.25_Hlong_PWbase_B0.20,75,0.7466666666666667,0.75,3,3,low,1.25,uniform,long,base,0.2,100.0,20.0,1.0,peripheral,28181.512885763732,233.71074856399858,21.897367409005575,0.0,27925.904769790726,27925.904769790726,265.0816140438341,70.88716827036588,0.0,335.9687823142,26508.161404383412,1417.7433654073175,0.0,0.0,195.66389559108518,292.13843570499824,72.99122469668525,64,11,0.14666666666666667,3,3,3.6666666666666665,3.6666666666666665,0.0,0.0,0.0,0.0,0,0.7543873657115054,0.7932763420168857,0,3038,3038,3.1473920345306396,23.0,11.0,265.0,True,feasible,nils_complete,323891.2170247184,648.0942361255791,,91.29908086281543,,54.923463376028,True,feasible_only,0.0,28181.512885763732,True,,,,
S0050_R03,5002029,truck_only,S0050,n75_p0.75_d3_uniform_Elow_V1.25_Hlong_PWbase_B0.20,75,0.7466666666666667,0.75,3,3,low,1.25,uniform,long,base,0.2,100.0,20.0,1.0,peripheral,193109.40326193377,470.95879758069333,0.0,0.0,192638.4444643531,192638.4444643531,1654.5609981035273,1326.7544007059507,647.2566398813509,3628.5720386908292,165456.09981035272,26535.088014119014,647.2566398813509,0.0,381.29726486650594,588.6984969758666,0.0,75,0,0.0,0,0,0.0,0.0,0.0,0.0,0.0,0.0,0,0.0,0.0,0,0,0,0.05609941482543945,0.0,0.0,0.0,True,feasible,baseline_truck_only,193109.40326193377,588.6984969758666,,,,0.0,True,feasible_only,0.0,193109.40326193377,True,193109.40326193377,,,
S0050_R03,5002029,nils,S0050,n75_p0.75_d3_uniform_Elow_V1.25_Hlong_PWbase_B0.20,75,0.7466666666666667,0.75,3,3,low,1.25,uniform,long,base,0.2,100.0,20.0,1.0,peripheral,10523.191858771543,217.12595848625216,21.877585340976008,0.0,10284.188314944315,10284.188314944315,79.24946814115538,117.96207504143882,0.0,197.2115431825942,7924.946814115538,2359.241500828776,0.0,0.0,199.25965687097153,271.4074481078152,72.92528446992004,64,11,0.14666666666666667,3,3,3.6666666666666665,3.6666666666666665,0.0,0.0,0.0,0.0,0,0.7638676824916427,0.7904946690109735,0,3268,3268,3.3469536304473877,25.0,11.0,329.0,True,feasible,nils_complete,193109.40326193377,588.6984969758666,,94.55065797883603,,53.897037362583696,True,feasible_only,0.0,10523.191858771543,True,193109.40326193377,,94.55065797883603,
S0050_R04,5002030,truck_only,S0050,n75_p0.75_d3_uniform_Elow_V1.25_Hlong_PWbase_B0.20,75,0.7466666666666667,0.75,3,3,low,1.25,uniform,long,base,0.2,100.0,20.0,1.0,peripheral,222350.3923520175,485.00384668014607,0.0,0.0,221865.38850533735,221865.38850533735,2002.0247338231188,1011.4801668284044,1433.311786457362,4446.816687108885,200202.47338231187,20229.60333656809,1433.311786457362,0.0,455.82984555059767,606.2548083501825,0.0,75,0,0.0,0,0,0.0,0.0,0.0,0.0,0.0,0.0,0,0.0,0.0,0,0,0,0.05929231643676758,0.0,0.0,0.0,True,feasible,baseline_truck_only,222350.3923520175,606.2548083501825,,,,0.0,True,feasible_only,0.0,222350.3923520175,True,222350.3923520175,,,
S0050_R04,5002030,nils,S0050,n75_p0.75_d3_uniform_Elow_V1.25_Hlong_PWbase_B0.20,75,0.7466666666666667,0.75,3,3,low,1.25,uniform,long,base,0.2,100.0,20.0,1.0,peripheral,61673.667310788034,253.4310877297388,21.514873642497076,0.0,61398.7213494158,61398.7213494158,566.3248677887723,238.3117285269288,0.0,804.6365963157011,56632.486778877224,4766.234570538576,0.0,0.0,242.06046989862392,316.7888596621734,71.71624547499025,63,12,0.16,3,3,4.0,4.0,0.0,0.0,0.0,0.0,0,0.7383521410322453,0.7735134167477989,0,3219,3219,3.4239256381988525,25.0,10.0,342.0,True,feasible,nils_complete,222350.3923520175,606.2548083501825,,72.26284754508173,,47.746581915901096,True,feasible_only,0.0,61673.667310788034,True,222350.3923520175,,72.26284754508173,
S0050_R05,5002031,truck_only,S0050,n75_p0.75_d3_uniform_Elow_V1.25_Hlong_PWbase_B0.20,75,0.7466666666666667,0.75,3,3,low,1.25,uniform,long,base,0.2,100.0,20.0,1.0,peripheral,223385.11132995738,506.93153386289805,0.0,0.0,222878.17979609448,222878.17979609448,1668.0147796421436,2698.4670179548343,2107.36147278348,6473.843270380458,166801.47796421437,53969.340359096685,2107.36147278348,0.0,529.4989864173347,633.6644173286223,0.0,75,0,0.0,0,0,0.0,0.0,0.0,0.0,0.0,0.0,0,0.0,0.0,0,0,0,0.050417423248291016,0.0,0.0,0.0,False,infeasible,baseline_truck_only,223385.11132995738,633.6644173286223,,,,0.0,False,feasible_only,0.0,,False,,,,
S0050_R05,5002031,nils,S0050,n75_p0.75_d3_uniform_Elow_V1.25_Hlong_PWbase_B0.20,75,0.7466666666666667,0.75,3,3,low,1.25,uniform,long,base,0.2,100.0,20.0,1.0,peripheral,223385.11132995738,506.93153386289805,0.0,0.0,222878.17979609448,222878.17979609448,1668.0147796421436,2698.4670179548343,2107.36147278348,6473.843270380458,166801.47796421437,53969.340359096685,2107.36147278348,0.0,529.4989864173347,633.6644173286223,0.0,75,0,0.0,0,0,0.0,0.0,0.0,0.0,0.0,0.0,0,0.0,0.0,0,3150,3150,12.243855476379395,25.0,0.0,300.0,False,infeasible,nils_complete,223385.11132995738,633.6644173286223,,0.0,,0.0,False,feasible_only,0.0,,False,,,,
S0050_R06,5002032,truck_only,S0050,n75_p0.75_d3_uniform_Elow_V1.25_Hlong_PWbase_B0.20,75,0.7466666666666667,0.75,3,3,low,1.25,uniform,long,base,0.2,100.0,20.0,1.0,peripheral,169467.35733407002,508.37675516275874,0.0,0.0,168958.98057890727,168958.98057890727,1360.8659663156807,1584.9733532747848,1172.9168818435203,4118.756201433986,136086.59663156807,31699.467065495697,1172.9168818435203,0.0,472.58299207525897,635.4709439534483,0.0,75,0,0.0,0,0,0.0,0.0,0.0,0.0,0.0,0.0,0,0.0,0.0,0,0,0,0.053704023361206055,0.0,0.0,0.0,True,feasible,baseline_truck_only,169467.35733407002,635.4709439534483,,,,0.0,True,feasible_only,0.0,169467.35733407002,True,169467.35733407002,,,
S0050_R06,5002032,nils,S0050,n75_p0.75_d3_uniform_Elow_V1.25_Hlong_PWbase_B0.20,75,0.7466666666666667,0.75,3,3,low,1.25,uniform,long,base,0.2,100.0,20.0,1.0,peripheral,1205.3533838765065,241.78276351450023,22.98758325074455,0.0,940.5830371112618,940.5830371112618,0.0,47.029151855563086,0.0,47.029151855563086,0.0,940.5830371112618,0.0,0.0,220.7944939898586,302.2284543931253,76.62527750248182,62,13,0.17333333333333334,3,3,4.333333333333333,4.333333333333333,0.0,0.0,0.0,0.0,0,0.7731454884696275,0.7888616517777242,0,3116,3116,3.436558485031128,25.0,13.0,412.0,True,feasible,nils_complete,169467.35733407002,635.4709439534483,,99.28874008373164,,52.440240223593115,True,feasible_only,0.0,1205.3533838765065,True,169467.35733407002,,99.28874008373164,
S0050_R07,5002033,truck_only,S0050,n75_p0.75_d3_uniform_Elow_V1.25_Hlong_PWbase_B0.20,75,0.7466666666666667,0.75,3,3,low,1.25,uniform,long,base,0.2,100.0,20.0,1.0,peripheral,338898.2853638879,481.51608094423904,0.0,0.0,338416.7692829437,338416.7692829437,3040.3098841928163,1698.1634930348227,422.5110029656763,5160.984380193316,304030.9884192816,33963.269860696455,422.5110029656763,0.0,408.6829480931424,601.8951011802986,0.0,75,0,0.0,0,0,0.0,0.0,0.0,0.0,0.0,0.0,0,0.0,0.0,0,0,0,0.05070638656616211,0.0,0.0,0.0,True,feasible,baseline_truck_only,338898.2853638879,601.8951011802986,,,,0.0,True,feasible_only,0.0,338898.2853638879,True,338898.2853638879,,,
S0050_R07,5002033,nils,S0050,n75_p0.75_d3_uniform_Elow_V1.25_Hlong_PWbase_B0.20,75,0.7466666666666667,0.75,3,3,low,1.25,uniform,long,base,0.2,100.0,20.0,1.0,peripheral,74314.18427272598,267.38564975563264,22.204825427339475,0.0,74024.59379754301,74024.59379754301,718.1659066696781,110.40015652876005,0.0,828.5660631984381,71816.59066696781,2208.003130575201,0.0,0.0,254.2250832318884,334.2320621945407,74.01608475779827,65,10,0.13333333333333333,3,3,3.3333333333333335,3.3333333333333335,0.0,0.0,0.0,0.0,0,0.7539166127773886,0.7854597316517121,0,3364,3364,3.0728652477264404,25.0,11.0,272.0,True,feasible,nils_complete,338898.2853638879,601.8951011802986,,78.0718323219216,,44.470047764282945,True,feasible_only,0.0,74314.18427272598,True,338898.2853638879,,78.0718323219216,
S0050_R08,5002034,truck_only,S0050,n75_p0.75_d3_uniform_Elow_V1.25_Hlong_PWbase_B0.20,75,0.7466666666666667,0.75,3,3,low,1.25,uniform,long,base,0.2,100.0,20.0,1.0,peripheral,183135.54990913803,493.96796126832567,0.0,0.0,182641.5819478697,182641.5819478697,1509.9746369667503,1544.8488174710587,747.1419017735396,3801.965356211349,150997.46369667503,30896.976349421173,747.1419017735396,0.0,409.67387668194317,617.4599515854069,0.0,75,0,0.0,0,0,0.0,0.0,0.0,0.0,0.0,0.0,0,0.0,0.0,0,0,0,0.05782604217529297,0.0,0.0,0.0,True,feasible,baseline_truck_only,183135.54990913803,617.4599515854069,,,,0.0,True,feasible_only,0.0,183135.54990913803,True,183135.54990913803,,,
S0050_R08,5002034,nils,S0050,n75_p0.75_d3_uniform_Elow_V1.25_Hlong_PWbase_B0.20,75,0.7466666666666667,0.75,3,3,low,1.25,uniform,long,base,0.2,100.0,20.0,1.0,peripheral,47903.162687766264,270.96778665760314,21.80741677417983,0.0,47610.38748433448,47610.38748433448,429.5558515378969,232.7401165272396,0.0,662.2959680651365,42955.58515378969,4654.802330544791,0.0,0.0,253.5298296996666,338.709733322004,72.6913892472661,64,11,0.14666666666666667,3,3,3.6666666666666665,3.6666666666666665,0.0,0.0,0.0,0.0,0,0.7547513563264089,0.7949395424176217,0,3170,3170,3.017939805984497,24.0,11.0,292.0,True,feasible,nils_complete,183135.54990913803,617.4599515854069,,73.84278327635828,,45.14466364137079,True,feasible_only,0.0,47903.162687766264,True,183135.54990913803,,73.84278327635828,
S0050_R09,5002035,truck_only,S0050,n75_p0.75_d3_uniform_Elow_V1.25_Hlong_PWbase_B0.20,75,0.7466666666666667,0.75,3,3,low,1.25,uniform,long,base,0.2,100.0,20.0,1.0,peripheral,160418.06646870717,473.09341238027855,0.0,0.0,159944.97305632688,159944.97305632688,1309.9887519251818,1411.4707162293155,716.6835392223879,3438.143007376885,130998.87519251817,28229.41432458631,716.6835392223879,0.0,395.15523607437956,591.3667654753481,0.0,75,0,0.0,0,0,0.0,0.0,0.0,0.0,0.0,0.0,0,0.0,0.0,0,0,0,0.05378317832946777,0.0,0.0,0.0,True,feasible,baseline_truck_only,160418.06646870717,591.3667654753481,,,,0.0,True,feasible_only,0.0,160418.06646870717,True,160418.06646870717,,,
S0050_R09,5002035,nils,S0050,n75_p0.75_d3_uniform_Elow_V1.25_Hlong_PWbase_B0.20,75,0.7466666666666667,0.75,3,3,low,1.25,uniform,long,base,0.2,100.0,20.0,1.0,peripheral,33307.972684719665,286.1294168324217,21.96151723081954,0.0,32999.88175065642,32999.88175065642,247.2891712222293,413.548231421675,0.0,660.8374026439043,24728.91712222293,8270.9646284335,0.0,0.0,251.53008730091392,357.6617710405273,73.20505743606515,68,7,0.09333333333333334,3,3,2.3333333333333335,2.3333333333333335,0.0,0.0,0.0,0.0,0,0.7492753900704919,0.7738985947865625,0,3561,3561,2.956343173980713,25.0,8.0,210.0,True,feasible,nils_complete,160418.06646870717,591.3667654753481,,79.23676963703022,,39.51946711901636,True,feasible_only,0.0,33307.972684719665,True,160418.06646870717,,79.23676963703022,
S0050_R10,5002036,truck_only,S0050,n75_p0.75_d3_uniform_Elow_V1.25_Hlong_PWbase_B0.20,75,0.7466666666666667,0.75,3,3,low,1.25,uniform,long,base,0.2,100.0,20.0,1.0,peripheral,285070.85715732595,513.3318750641095,0.0,0.0,284557.52528226183,284557.52528226183,2229.0733734424803,3015.83739463987,1333.4400452164625,6578.350813298814,222907.33734424802,60316.7478927974,1333.4400452164625,0.0,498.1811443472319,641.664843830137,0.0,75,0,0.0,0,0,0.0,0.0,0.0,0.0,0.0,0.0,0,0.0,0.0,0,0,0,0.06029033660888672,0.0,0.0,0.0,False,infeasible,baseline_truck_only,285070.85715732595,641.664843830137,,,,0.0,False,feasible_only,0.0,,False,,,,
S0050_R10,5002036,nils,S0050,n75_p0.75_d3_uniform_Elow_V1.25_Hlong_PWbase_B0.20,75,0.7466666666666667,0.75,3,3,low,1.25,uniform,long,base,0.2,100.0,20.0,1.0,peripheral,285070.85715732595,513.3318750641095,0.0,0.0,284557.52528226183,284557.52528226183,2229.0733734424803,3015.83739463987,1333.4400452164625,6578.350813298814,222907.33734424802,60316.7478927974,1333.4400452164625,0.0,498.1811443472319,641.664843830137,0.0,75,0,0.0,0,0,0.0,0.0,0.0,0.0,0.0,0.0,0,0.0,0.0,0,3225,3225,14.434059619903564,25.0,0.0,750.0,False,infeasible,nils_complete,285070.85715732595,641.664843830137,,0.0,,0.0,False,feasible_only,0.0,,False,,,,
S0051_R01,5102027,truck_only,S0051,n75_p0.75_d3_uniform_Emedium_V1.25_Hlong_PWflat_B0.20,75,0.7466666666666667,0.75,3,3,medium,1.25,uniform,long,flat,0.2,1.0,1.0,1.0,peripheral,6213.69297882861,507.5949874562567,0.0,0.0,5706.097991372353,5706.097991372353,2380.580026250904,1687.7221578939123,1637.7958072275374,5706.097991372353,2380.580026250904,1687.7221578939123,1637.7958072275374,0.0,455.7890341746715,634.4937343203206,0.0,75,0,0.0,0,0,0.0,0.0,0.0,0.0,0.0,0.0,0,0.0,0.0,0,0,0,0.06360578536987305,0.0,0.0,0.0,True,feasible,baseline_truck_only,6213.69297882861,634.4937343203206,,,,0.0,True,feasible_only,0.0,6213.69297882861,True,6213.69297882861,,,
S0051_R01,5102027,nils,S0051,n75_p0.75_d3_uniform_Emedium_V1.25_Hlong_PWflat_B0.20,75,0.7466666666666667,0.75,3,3,medium,1.25,uniform,long,flat,0.2,1.0,1.0,1.0,peripheral,934.2284703831098,256.22900213869093,32.039549443743134,0.0,645.9599188006757,645.9599188006757,465.62868601140235,180.3312327892734,0.0,645.9599188006757,465.62868601140235,180.3312327892734,0.0,0.0,239.47856408856381,320.2862526733636,106.79849814581044,65,10,0.13333333333333333,3,3,3.3333333333333335,3.3333333333333335,0.0,0.0,0.0,0.0,0,0.7678924129736154,0.7990694336966911,0,3143,3143,3.7308027744293213,25.0,10.0,442.0,True,feasible,nils_complete,6213.69297882861,634.4937343203206,,84.96500432888737,,49.520974700174285,True,feasible_only,0.0,934.2284703831098,True,6213.69297882861,,84.96500432888737,
S0051_R02,5102028,truck_only,S0051,n75_p0.75_d3_uniform_Emedium_V1.25_Hlong_PWflat_B0.20,75,0.7466666666666667,0.75,3,3,medium,1.25,uniform,long,flat,0.2,1.0,1.0,1.0,peripheral,5294.394474428396,506.7214555316597,0.0,0.0,4787.673018896737,4787.673018896737,2899.7213729331197,1041.274602551178,846.6770434124388,4787.673018896737,2899.7213729331197,1041.274602551178,846.6770434124388,0.0,436.4387838506051,633.4018194145746,0.0,75,0,0.0,0,0,0.0,0.0,0.0,0.0,0.0,0.0,0,0.0,0.0,0,0,0,0.05713963508605957,0.0,0.0,0.0,True,feasible,baseline_truck_only,5294.394474428396,633.4018194145746,,,,0.0,True,feasible_only,0.0,5294.394474428396,True,5294.394474428396,,,
S0051_R02,5102028,nils,S0051,n75_p0.75_d3_uniform_Emedium_V1.25_Hlong_PWflat_B0.20,75,0.7466666666666667,0.75,3,3,medium,1.25,uniform,long,flat,0.2,1.0,1.0,1.0,peripheral,1113.1184722793569,254.43917494302198,31.98420178964439,0.0,826.6950955466906,826.6950955466906,783.2061056636886,43.48898988300212,0.0,826.6950955466907,783.2061056636886,43.48898988300212,0.0,0.0,224.2593816904742,318.04896867877744,106.6140059654813,58,17,0.22666666666666666,3,3,5.666666666666667,5.666666666666667,0.0,0.0,0.0,0.0,0,0.7863092277839036,0.7921518233389242,0,2595,2595,4.823637247085571,25.0,17.0,831.0,True,feasible,nils_complete,5294.394474428396,633.4018194145746,,78.9755282184648,,49.78717159784351,True,feasible_only,0.0,1113.1184722793569,True,5294.394474428396,,78.9755282184648,
S0051_R03,5102029,truck_only,S0051,n75_p0.75_d3_uniform_Emedium_V1.25_Hlong_PWflat_B0.20,75,0.7466666666666667,0.75,3,3,medium,1.25,uniform,long,flat,0.2,1.0,1.0,1.0,peripheral,4819.385851398007,505.50248260842545,0.0,0.0,4313.883368789581,4313.883368789581,1056.3999870735508,2201.2655930311635,1056.217788684867,4313.883368789581,1056.3999870735508,2201.2655930311635,1056.217788684867,0.0,446.1241340652482,631.878103260532,0.0,75,0,0.0,0,0,0.0,0.0,0.0,0.0,0.0,0.0,0,0.0,0.0,0,0,0,0.07267594337463379,0.0,0.0,0.0,True,feasible,baseline_truck_only,4819.385851398007,631.878103260532,,,,0.0,True,feasible_only,0.0,4819.385851398007,True,4819.385851398007,,,
S0051_R03,5102029,nils,S0051,n75_p0.75_d3_uniform_Emedium_V1.25_Hlong_PWflat_B0.20,75,0.7466666666666667,0.75,3,3,medium,1.25,uniform,long,flat,0.2,1.0,1.0,1.0,peripheral,646.2911815151393,260.21691628220356,33.347319979418494,0.0,352.7269452535173,352.7269452535173,331.88980229697563,20.837142956541655,0.0,352.7269452535173,331.88980229697563,20.837142956541655,0.0,0.0,222.64855991471845,325.27114535275433,111.1577332647283,63,12,0.16,3,3,4.0,4.0,0.0,0.0,0.0,0.0,0,0.7984742104813621,0.7994394255664566,0,2941,2941,4.634072303771973,25.0,13.0,593.0,True,feasible,nils_complete,4819.385851398007,631.878103260532,,86.58976057441711,,48.52311803901194,True,feasible_only,0.0,646.2911815151393,True,4819.385851398007,,86.58976057441711,
S0051_R04,5102030,truck_only,S0051,n75_p0.75_d3_uniform_Emedium_V1.25_Hlong_PWflat_B0.20,75,0.7466666666666667,0.75,3,3,medium,1.25,uniform,long,flat,0.2,1.0,1.0,1.0,peripheral,5699.8408567630695,510.61961453444906,0.0,0.0,5189.22124222862,5189.22124222862,2475.6720002613697,1825.8164704166104,887.7327715506408,5189.221242228621,2475.6720002613697,1825.8164704166104,887.7327715506408,0.0,415.72139896328264,638.2745181680611,0.0,75,0,0.0,0,0,0.0,0.0,0.0,0.0,0.0,0.0,0,0.0,0.0,0,0,0,0.06225466728210449,0.0,0.0,0.0,True,feasible,baseline_truck_only,5699.8408567630695,638.2745181680611,,,,0.0,True,feasible_only,0.0,5699.8408567630695,True,5699.8408567630695,,,
S0051_R04,5102030,nils,S0051,n75_p0.75_d3_uniform_Emedium_V1.25_Hlong_PWflat_B0.20,75,0.7466666666666667,0.75,3,3,medium,1.25,uniform,long,flat,0.2,1.0,1.0,1.0,peripheral,547.8554476555653,225.64729079129177,34.1639258265987,0.0,288.0442310376749,288.0442310376749,244.10981347575185,43.934417561922984,0.0,288.0442310376748,244.10981347575185,43.934417561922984,0.0,0.0,203.7042799018922,282.0591134891148,113.87975275532901,61,14,0.18666666666666668,3,3,4.666666666666667,4.666666666666667,0.0,0.0,0.0,0.0,0,0.795866050535647,0.7989078641992635,0,2714,2714,4.862131595611572,25.0,14.0,784.0,True,feasible,nils_complete,5699.8408567630695,638.2745181680611,,90.38823255906321,,55.80912202187475,True,feasible_only,0.0,547.8554476555653,True,5699.8408567630695,,90.38823255906321,
S0051_R05,5102031,truck_only,S0051,n75_p0.75_d3_uniform_Emedium_V1.25_Hlong_PWflat_B0.20,75,0.7466666666666667,0.75,3,3,medium,1.25,uniform,long,flat,0.2,1.0,1.0,1.0,peripheral,3140.9184831406706,444.60555199634985,0.0,0.0,2696.312931144321,2696.312931144321,895.2621015153359,1311.6222671604105,489.42856246857485,2696.3129311443213,895.2621015153359,1311.6222671604105,489.42856246857485,0.0,374.7779500616649,555.7569399954373,0.0,75,0,0.0,0,0,0.0,0.0,0.0,0.0,0.0,0.0,0,0.0,0.0,0,0,0,0.06230926513671875,0.0,0.0,0.0,True,feasible,baseline_truck_only,3140.9184831406706,555.7569399954373,,,,0.0,True,feasible_only,0.0,3140.9184831406706,True,3140.9184831406706,,,
S0051_R05,5102031,nils,S0051,n75_p0.75_d3_uniform_Emedium_V1.25_Hlong_PWflat_B0.20,75,0.7466666666666667,0.75,3,3,medium,1.25,uniform,long,flat,0.2,1.0,1.0,1.0,peripheral,539.2796811386193,254.32918277803364,33.88989747477624,0.0,251.06060088580938,251.06060088580938,130.61806289509758,120.44253799071186,0.0,251.06060088580944,130.61806289509758,120.44253799071186,0.0,0.0,247.423751438294,317.91147847254206,112.96632491592081,64,11,0.14666666666666667,3,3,3.6666666666666665,3.6666666666666665,0.0,0.0,0.0,0.0,0,0.791598702624861,0.7996665714525125,0,2913,2913,3.9473774433135986,24.0,11.0,549.0,True,feasible,nils_complete,3140.9184831406706,555.7569399954373,,82.83051011883053,,42.79666962410724,True,feasible_only,0.0,539.2796811386193,True,3140.9184831406706,,82.83051011883053,
S0051_R06,5102032,truck_only,S0051,n75_p0.75_d3_uniform_Emedium_V1.25_Hlong_PWflat_B0.20,75,0.7466666666666667,0.75,3,3,medium,1.25,uniform,long,flat,0.2,1.0,1.0,1.0,peripheral,4796.483893026798,524.8982642773553,0.0,0.0,4271.585628749443,4271.585628749443,1321.682416570951,1419.4871990309055,1530.416013147586,4271.585628749443,1321.682416570951,1419.4871990309055,1530.416013147586,0.0,452.02049734207156,656.1228303466943,0.0,75,0,0.0,0,0,0.0,0.0,0.0,0.0,0.0,0.0,0,0.0,0.0,0,0,0,0.06925177574157715,0.0,0.0,0.0,True,feasible,baseline_truck_only,4796.483893026798,656.1228303466943,,,,0.0,True,feasible_only,0.0,4796.483893026798,True,4796.483893026798,,,
S0051_R06,5102032,nils,S0051,n75_p0.75_d3_uniform_Emedium_V1.25_Hlong_PWflat_B0.20,75,0.7466666666666667,0.75,3,3,medium,1.25,uniform,long,flat,0.2,1.0,1.0,1.0,peripheral,692.6294615273805,259.3323990494477,32.65773771924904,0.0,400.6393247586837,400.6393247586837,259.91713624677743,140.72218851190632,0.0,400.63932475868376,259.91713624677743,140.72218851190632,0.0,0.0,210.6838332884242,324.1654988118096,108.85912573083014,64,11,0.14666666666666667,3,3,3.6666666666666665,3.6666666666666665,0.0,0.0,0.0,0.0,0,0.7938691594722568,0.7982722715516121,0,2950,2950,4.656210422515869,25.0,11.0,647.0,True,feasible,nils_complete,4796.483893026798,656.1228303466943,,85.55964166721512,,50.593778509349995,True,feasible_only,0.0,692.6294615273805,True,4796.483893026798,,85.55964166721512,
S0051_R07,5102033,truck_only,S0051,n75_p0.75_d3_uniform_Emedium_V1.25_Hlong_PWflat_B0.20,75,0.7466666666666667,0.75,3,3,medium,1.25,uniform,long,flat,0.2,1.0,1.0,1.0,peripheral,5203.488382815672,479.4359544103307,0.0,0.0,4724.052428405341,4724.052428405341,2860.2892678456883,1265.0581374960398,598.705023063612,4724.052428405341,2860.2892678456883,1265.0581374960398,598.705023063612,0.0,425.41513830958525,599.2949430129136,0.0,75,0,0.0,0,0,0.0,0.0,0.0,0.0,0.0,0.0,0,0.0,0.0,0,0,0,0.07623100280761719,0.0,0.0,0.0,True,feasible,baseline_truck_only,5203.488382815672,599.2949430129136,,,,0.0,True,feasible_only,0.0,5203.488382815672,True,5203.488382815672,,,
S0051_R07,5102033,nils,S0051,n75_p0.75_d3_uniform_Emedium_V1.25_Hlong_PWflat_B0.20,75,0.7466666666666667,0.75,3,3,medium,1.25,uniform,long,flat,0.2,1.0,1.0,1.0,peripheral,998.963541127933,234.88098600122814,32.99916368705519,0.0,731.0833914396496,731.0833914396496,568.6047309485447,162.4786604911048,0.0,731.0833914396494,568.6047309485447,162.4786604911048,0.0,0.0,214.8704543058103,293.6012325015352,109.997212290184,62,13,0.17333333333333334,3,3,4.333333333333333,4.333333333333333,0.0,0.0,0.0,0.0,0,0.7979621439366859,0.7999485439096791,0,2951,2951,4.049934148788452,25.0,13.0,565.0,True,feasible,nils_complete,5203.488382815672,599.2949430129136,,80.80204148380588,,51.00889204479593,True,feasible_only,0.0,998.963541127933,True,5203.488382815672,,80.80204148380588,
S0051_R08,5102034,truck_only,S0051,n75_p0.75_d3_uniform_Emedium_V1.25_Hlong_PWflat_B0.20,75,0.7466666666666667,0.75,3,3,medium,1.25,uniform,long,flat,0.2,1.0,1.0,1.0,peripheral,6885.450882927971,533.8814558563832,0.0,0.0,6351.569427071588,6351.569427071588,2276.0442978796627,2328.5097286622013,1747.0154005297231,6351.569427071587,2276.0442978796627,2328.5097286622013,1747.0154005297231,0.0,546.6352323350388,667.3518198204791,0.0,75,0,0.0,0,0,0.0,0.0,0.0,0.0,0.0,0.0,0,0.0,0.0,0,0,0,0.05698704719543457,0.0,0.0,0.0,False,infeasible,baseline_truck_only,6885.450882927971,667.3518198204791,,,,0.0,False,feasible_only,0.0,,False,,,,
S0051_R08,5102034,nils,S0051,n75_p0.75_d3_uniform_Emedium_V1.25_Hlong_PWflat_B0.20,75,0.7466666666666667,0.75,3,3,medium,1.25,uniform,long,flat,0.2,1.0,1.0,1.0,peripheral,6885.450882927971,533.8814558563832,0.0,0.0,6351.569427071588,6351.569427071588,2276.0442978796627,2328.5097286622013,1747.0154005297231,6351.569427071587,2276.0442978796627,2328.5097286622013,1747.0154005297231,0.0,546.6352323350388,667.3518198204791,0.0,75,0,0.0,0,0,0.0,0.0,0.0,0.0,0.0,0.0,0,0.0,0.0,0,1500,1500,15.882389307022095,25.0,0.0,900.0,False,infeasible,nils_complete,6885.450882927971,667.3518198204791,,0.0,,0.0,False,feasible_only,0.0,,False,,,,
S0051_R09,5102035,truck_only,S0051,n75_p0.75_d3_uniform_Emedium_V1.25_Hlong_PWflat_B0.20,75,0.7466666666666667,0.75,3,3,medium,1.25,uniform,long,flat,0.2,1.0,1.0,1.0,peripheral,4892.055670532516,497.5489854573283,0.0,0.0,4394.506685075188,4394.506685075188,2121.475991830396,1533.5652977829595,739.4653954618325,4394.506685075188,2121.475991830396,1533.5652977829595,739.4653954618325,0.0,455.9687892045428,621.9362318216604,0.0,75,0,0.0,0,0,0.0,0.0,0.0,0.0,0.0,0.0,0,0.0,0.0,0,0,0,0.054163217544555664,0.0,0.0,0.0,True,feasible,baseline_truck_only,4892.055670532516,621.9362318216604,,,,0.0,True,feasible_only,0.0,4892.055670532516,True,4892.055670532516,,,
S0051_R09,5102035,nils,S0051,n75_p0.75_d3_uniform_Emedium_V1.25_Hlong_PWflat_B0.20,75,0.7466666666666667,0.75,3,3,medium,1.25,uniform,long,flat,0.2,1.0,1.0,1.0,peripheral,682.7719664810905,257.5227970148917,33.35896862858769,0.0,391.89020083761113,391.89020083761113,269.0226175918742,122.867583245737,0.0,391.89020083761125,269.0226175918742,122.867583245737,0.0,0.0,228.54982722711722,321.9034962686145,111.19656209529228,64,11,0.14666666666666667,3,3,3.6666666666666665,3.6666666666666665,0.0,0.0,0.0,0.0,0,0.7923099586272114,0.7996091998191438,0,3090,3090,4.173338174819946,25.0,12.0,507.0,True,feasible,nils_complete,4892.055670532516,621.9362318216604,,86.04325027219554,,48.24172000306938,True,feasible_only,0.0,682.7719664810905,True,4892.055670532516,,86.04325027219554,
S0051_R10,5102036,truck_only,S0051,n75_p0.75_d3_uniform_Emedium_V1.25_Hlong_PWflat_B0.20,75,0.7466666666666667,0.75,3,3,medium,1.25,uniform,long,flat,0.2,1.0,1.0,1.0,peripheral,5594.146822288818,498.82459963741667,0.0,0.0,5095.322222651402,5095.322222651402,2530.262821575695,2032.0288992545597,533.0305018211467,5095.322222651402,2530.262821575695,2032.0288992545597,533.0305018211467,0.0,412.3877853905384,623.5307495467706,0.0,75,0,0.0,0,0,0.0,0.0,0.0,0.0,0.0,0.0,0,0.0,0.0,0,0,0,0.05690407752990723,0.0,0.0,0.0,True,feasible,baseline_truck_only,5594.146822288818,623.5307495467706,,,,0.0,True,feasible_only,0.0,5594.146822288818,True,5594.146822288818,,,
S0051_R10,5102036,nils,S0051,n75_p0.75_d3_uniform_Emedium_V1.25_Hlong_PWflat_B0.20,75,0.7466666666666667,0.75,3,3,medium,1.25,uniform,long,flat,0.2,1.0,1.0,1.0,peripheral,1483.353604094582,300.5165375317091,32.80077974476692,0.0,1150.036286818106,1150.036286818106,810.2885315426711,339.747755275435,0.0,1150.036286818106,810.2885315426711,339.747755275435,0.0,0.0,258.36310255595447,375.64567191463635,109.33593248255639,62,13,0.17333333333333334,3,3,4.333333333333333,4.333333333333333,0.0,0.0,0.0,0.0,0,0.7903764517847464,0.7996895286832862,0,2966,2966,4.117063760757446,25.0,13.0,562.0,True,feasible,nils_complete,5594.146822288818,623.5307495467706,,73.48382780758558,,39.755068665389146,True,feasible_only,0.0,1483.353604094582,True,5594.146822288818,,73.48382780758558,
S0052_R01,5202027,truck_only,S0052,n75_p0.75_d3_uniform_Emedium_V2.00_Hmedium_PWflat_B0.20,75,0.7466666666666667,0.75,3,3,medium,2.0,uniform,medium,flat,0.2,1.0,1.0,1.0,peripheral,6655.662015467848,491.661295162981,0.0,0.0,6164.000720304866,6164.000720304866,1700.3705081616727,2197.1736162918137,2266.45659585138,6164.000720304866,1700.3705081616727,2197.1736162918137,2266.45659585138,0.0,559.2307009993598,614.5766189537267,0.0,75,0,0.0,0,0,0.0,0.0,0.0,0.0,0.0,0.0,0,0.0,0.0,0,0,0,0.05121183395385742,0.0,0.0,0.0,False,infeasible,baseline_truck_only,6655.662015467848,614.5766189537267,,,,0.0,False,feasible_only,0.0,,False,,,,
S0052_R01,5202027,nils,S0052,n75_p0.75_d3_uniform_Emedium_V2.00_Hmedium_PWflat_B0.20,75,0.7466666666666667,0.75,3,3,medium,2.0,uniform,medium,flat,0.2,1.0,1.0,1.0,peripheral,6655.662015467848,491.661295162981,0.0,0.0,6164.000720304866,6164.000720304866,1700.3705081616727,2197.1736162918137,2266.45659585138,6164.000720304866,1700.3705081616727,2197.1736162918137,2266.45659585138,0.0,559.2307009993598,614.5766189537267,0.0,75,0,0.0,0,0,0.0,0.0,0.0,0.0,0.0,0.0,0,0.0,0.0,0,0,0,19.286318063735962,25.0,0.0,2100.0,False,infeasible,nils_complete,6655.662015467848,614.5766189537267,,0.0,,0.0,False,feasible_only,0.0,,False,,,,
S0052_R02,5202028,truck_only,S0052,n75_p0.75_d3_uniform_Emedium_V2.00_Hmedium_PWflat_B0.20,75,0.7466666666666667,0.75,3,3,medium,2.0,uniform,medium,flat,0.2,1.0,1.0,1.0,peripheral,6443.927054611484,545.3258462385303,0.0,0.0,5898.601208372954,5898.601208372954,1296.157387899111,2942.564419771755,1659.879400702087,5898.601208372953,1296.157387899111,2942.564419771755,1659.879400702087,0.0,501.0356212533989,681.6573077981628,0.0,75,0,0.0,0,0,0.0,0.0,0.0,0.0,0.0,0.0,0,0.0,0.0,0,0,0,0.07849526405334473,0.0,0.0,0.0,False,infeasible,baseline_truck_only,6443.927054611484,681.6573077981628,,,,0.0,False,feasible_only,0.0,,False,,,,
S0052_R02,5202028,nils,S0052,n75_p0.75_d3_uniform_Emedium_V2.00_Hmedium_PWflat_B0.20,75,0.7466666666666667,0.75,3,3,medium,2.0,uniform,medium,flat,0.2,1.0,1.0,1.0,peripheral,474.59145779736514,253.98267587587347,53.861139284859966,0.0,166.74764263663172,166.74764263663172,103.51416265787677,63.233479978754985,0.0,166.74764263663175,103.51416265787677,63.233479978754985,0.0,0.0,228.17634309417758,317.4783448448418,179.53713094953324,60,15,0.2,3,3,5.0,5.0,0.0,0.0,0.0,0.0,0,0.7868814573669658,0.7901363645741001,0,1802,1802,7.461787939071655,25.0,16.0,1609.0,True,feasible,nils_complete,6443.927054611484,681.6573077981628,,92.6350585012018,,53.4255202411992,True,feasible_only,0.0,474.59145779736514,True,,,,
S0052_R03,5202029,truck_only,S0052,n75_p0.75_d3_uniform_Emedium_V2.00_Hmedium_PWflat_B0.20,75,0.7466666666666667,0.75,3,3,medium,2.0,uniform,medium,flat,0.2,1.0,1.0,1.0,peripheral,3864.1542285066844,457.06377521945683,0.0,0.0,3407.0904532872273,3407.0904532872273,1450.9130110680906,1512.6021222962427,443.57531992289444,3407.090453287228,1450.9130110680906,1512.6021222962427,443.57531992289444,0.0,372.23079171015814,571.329719024321,0.0,75,0,0.0,0,0,0.0,0.0,0.0,0.0,0.0,0.0,0,0.0,0.0,0,0,0,0.05921745300292969,0.0,0.0,0.0,True,feasible,baseline_truck_only,3864.1542285066844,571.329719024321,,,,0.0,True,feasible_only,0.0,3864.1542285066844,True,3864.1542285066844,,,
S0052_R03,5202029,nils,S0052,n75_p0.75_d3_uniform_Emedium_V2.00_Hmedium_PWflat_B0.20,75,0.7466666666666667,0.75,3,3,medium,2.0,uniform,medium,flat,0.2,1.0,1.0,1.0,peripheral,318.7732904736778,186.45316271327826,51.00291723210763,0.0,81.3172105282919,81.3172105282919,81.3172105282919,0.0,0.0,81.3172105282919,81.3172105282919,0.0,0.0,0.0,179.540368226789,233.0664533915978,170.00972410702542,53,22,0.29333333333333333,3,3,7.333333333333333,7.333333333333333,0.0,0.0,0.0,0.0,0,0.79174139668733,0.799024458830183,0,1367,1367,9.029460668563843,25.0,22.0,2023.0,True,feasible,nils_complete,3864.1542285066844,571.329719024321,,91.75050291414304,,59.2063136870224,True,feasible_only,0.0,318.7732904736778,True,3864.1542285066844,,91.75050291414304,
S0052_R04,5202030,truck_only,S0052,n75_p0.75_d3_uniform_Emedium_V2.00_Hmedium_PWflat_B0.20,75,0.7466666666666667,0.75,3,3,medium,2.0,uniform,medium,flat,0.2,1.0,1.0,1.0,peripheral,3754.824847292344,479.01980645712746,0.0,0.0,3275.805040835217,3275.805040835217,2077.1157822092696,697.362459221218,501.3267994047292,3275.805040835217,2077.1157822092696,697.362459221218,501.3267994047292,0.0,372.3407954661544,598.7747580714095,0.0,75,0,0.0,0,0,0.0,0.0,0.0,0.0,0.0,0.0,0,0.0,0.0,0,0,0,0.05684185028076172,0.0,0.0,0.0,True,feasible,baseline_truck_only,3754.824847292344,598.7747580714095,,,,0.0,True,feasible_only,0.0,3754.824847292344,True,3754.824847292344,,,
S0052_R04,5202030,nils,S0052,n75_p0.75_d3_uniform_Emedium_V2.00_Hmedium_PWflat_B0.20,75,0.7466666666666667,0.75,3,3,medium,2.0,uniform,medium,flat,0.2,1.0,1.0,1.0,peripheral,342.9173766955205,238.97626707512813,51.56685434378836,0.0,52.374255276603975,52.374255276603975,52.374255276603975,0.0,0.0,52.374255276603975,52.374255276603975,0.0,0.0,0.0,202.70740358871996,298.72033384391017,171.88951447929452,57,18,0.24,3,3,6.0,6.0,0.0,0.0,0.0,0.0,0,0.7939171693687289,0.7993209337169145,0,1924,1924,6.6216371059417725,25.0,18.0,1496.0,True,feasible,nils_complete,3754.824847292344,598.7747580714095,,90.86728700693449,,50.111401688665545,True,feasible_only,0.0,342.9173766955205,True,3754.824847292344,,90.86728700693449,
S0052_R05,5202031,truck_only,S0052,n75_p0.75_d3_uniform_Emedium_V2.00_Hmedium_PWflat_B0.20,75,0.7466666666666667,0.75,3,3,medium,2.0,uniform,medium,flat,0.2,1.0,1.0,1.0,peripheral,5148.917901310787,531.2788029752008,0.0,0.0,4617.639098335586,4617.639098335586,1009.9627167904279,2159.4145011823935,1448.2618803627643,4617.639098335585,1009.9627167904279,2159.4145011823935,1448.2618803627643,0.0,460.184501035247,664.098503719001,0.0,75,0,0.0,0,0,0.0,0.0,0.0,0.0,0.0,0.0,0,0.0,0.0,0,0,0,0.05988717079162598,0.0,0.0,0.0,True,feasible,baseline_truck_only,5148.917901310787,664.098503719001,,,,0.0,True,feasible_only,0.0,5148.917901310787,True,5148.917901310787,,,
S0052_R05,5202031,nils,S0052,n75_p0.75_d3_uniform_Emedium_V2.00_Hmedium_PWflat_B0.20,75,0.7466666666666667,0.75,3,3,medium,2.0,uniform,medium,flat,0.2,1.0,1.0,1.0,peripheral,504.7131930599499,237.16731518235903,51.56309839190494,0.0,215.9827794856859,215.9827794856859,215.9827794856859,0.0,0.0,215.9827794856859,215.9827794856859,0.0,0.0,0.0,206.47893328803488,296.4591439779488,171.87699463968318,60,15,0.2,3,3,5.0,5.0,0.0,0.0,0.0,0.0,0,0.7807350777540552,0.7934508502189925,0,2045,2045,6.876048564910889,25.0,15.0,1414.0,True,feasible,nils_complete,5148.917901310787,664.098503719001,,90.19768419823781,,55.35916098022273,True,feasible_only,0.0,504.7131930599499,True,5148.917901310787,,90.19768419823781,
S0052_R06,5202032,truck_only,S0052,n75_p0.75_d3_uniform_Emedium_V2.00_Hmedium_PWflat_B0.20,75,0.7466666666666667,0.75,3,3,medium,2.0,uniform,medium,flat,0.2,1.0,1.0,1.0,peripheral,4159.5874742458045,476.22911587592455,0.0,0.0,3683.3583583698796,3683.3583583698796,1519.896338873393,1383.4829177151903,779.9791017812955,3683.3583583698787,1519.896338873393,1383.4829177151903,779.9791017812955,0.0,372.72874330718304,595.2863948449055,0.0,75,0,0.0,0,0,0.0,0.0,0.0,0.0,0.0,0.0,0,0.0,0.0,0,0,0,0.0642709732055664,0.0,0.0,0.0,True,feasible,baseline_truck_only,4159.5874742458045,595.2863948449055,,,,0.0,True,feasible_only,0.0,4159.5874742458045,True,4159.5874742458045,,,
S0052_R06,5202032,nils,S0052,n75_p0.75_d3_uniform_Emedium_V2.00_Hmedium_PWflat_B0.20,75,0.7466666666666667,0.75,3,3,medium,2.0,uniform,medium,flat,0.2,1.0,1.0,1.0,peripheral,388.2694113813308,242.2417883291637,52.88236157418193,0.0,93.14526147798519,93.14526147798519,29.94243582325207,63.20282565473312,0.0,93.14526147798519,29.94243582325207,63.20282565473312,0.0,0.0,212.4415984989901,302.8022354114548,176.27453858060642,62,13,0.17333333333333334,3,3,4.333333333333333,4.333333333333333,0.0,0.0,0.0,0.0,0,0.7884539961059208,0.7979436508492853,0,2329,2329,5.952808856964111,25.0,13.0,1169.0,True,feasible,nils_complete,4159.5874742458045,595.2863948449055,,90.6656750510643,,49.133351940565326,True,feasible_only,0.0,388.2694113813308,True,4159.5874742458045,,90.6656750510643,
S0052_R07,5202033,truck_only,S0052,n75_p0.75_d3_uniform_Emedium_V2.00_Hmedium_PWflat_B0.20,75,0.7466666666666667,0.75,3,3,medium,2.0,uniform,medium,flat,0.2,1.0,1.0,1.0,peripheral,4930.49388941279,480.12175210756834,0.0,0.0,4450.372137305221,4450.372137305221,1571.0561976045574,1903.9460460004796,975.3698937001853,4450.372137305222,1571.0561976045574,1903.9460460004796,975.3698937001853,0.0,423.5613288088428,600.1521901344604,0.0,75,0,0.0,0,0,0.0,0.0,0.0,0.0,0.0,0.0,0,0.0,0.0,0,0,0,0.058251142501831055,0.0,0.0,0.0,True,feasible,baseline_truck_only,4930.49388941279,600.1521901344604,,,,0.0,True,feasible_only,0.0,4930.49388941279,True,4930.49388941279,,,
S0052_R07,5202033,nils,S0052,n75_p0.75_d3_uniform_Emedium_V2.00_Hmedium_PWflat_B0.20,75,0.7466666666666667,0.75,3,3,medium,2.0,uniform,medium,flat,0.2,1.0,1.0,1.0,peripheral,540.3582719107385,201.50889483172895,52.08487993211503,0.0,286.76449714689454,286.76449714689454,261.8325166697565,24.931980477138026,0.0,286.76449714689454,261.8325166697565,24.931980477138026,0.0,0.0,167.18527166211584,251.88611853966117,173.61626644038347,54,21,0.28,3,3,7.0,7.0,0.0,0.0,0.0,0.0,0,0.7960833163860904,0.7987740521490103,0,1688,1688,7.552661180496216,25.0,20.0,1705.0,True,feasible,nils_complete,4930.49388941279,600.1521901344604,,89.0404838940974,,58.029626038150816,True,feasible_only,0.0,540.3582719107385,True,4930.49388941279,,89.0404838940974,
S0052_R08,5202034,truck_only,S0052,n75_p0.75_d3_uniform_Emedium_V2.00_Hmedium_PWflat_B0.20,75,0.7466666666666667,0.75,3,3,medium,2.0,uniform,medium,flat,0.2,1.0,1.0,1.0,peripheral,8197.740819450697,557.6423856666948,0.0,0.0,7640.098433784003,7640.098433784003,2077.06274220735,3355.53652407411,2207.4991675025417,7640.098433784002,2077.06274220735,3355.53652407411,2207.4991675025417,0.0,588.3008419560798,697.0529820833685,0.0,75,0,0.0,0,0,0.0,0.0,0.0,0.0,0.0,0.0,0,0.0,0.0,0,0,0,0.0536036491394043,0.0,0.0,0.0,False,infeasible,baseline_truck_only,8197.740819450697,697.0529820833685,,,,0.0,False,feasible_only,0.0,,False,,,,
S0052_R08,5202034,nils,S0052,n75_p0.75_d3_uniform_Emedium_V2.00_Hmedium_PWflat_B0.20,75,0.7466666666666667,0.75,3,3,medium,2.0,uniform,medium,flat,0.2,1.0,1.0,1.0,peripheral,8197.740819450697,557.6423856666948,0.0,0.0,7640.098433784003,7640.098433784003,2077.06274220735,3355.53652407411,2207.4991675025417,7640.098433784002,2077.06274220735,3355.53652407411,2207.4991675025417,0.0,588.3008419560798,697.0529820833685,0.0,75,0,0.0,0,0,0.0,0.0,0.0,0.0,0.0,0.0,0,0.0,0.0,0,0,0,18.131474256515503,25.0,0.0,2025.0,False,infeasible,nils_complete,8197.740819450697,697.0529820833685,,0.0,,0.0,False,feasible_only,0.0,,False,,,,
S0052_R09,5202035,truck_only,S0052,n75_p0.75_d3_uniform_Emedium_V2.00_Hmedium_PWflat_B0.20,75,0.7466666666666667,0.75,3,3,medium,2.0,uniform,medium,flat,0.2,1.0,1.0,1.0,peripheral,4435.124222227736,466.0512754700456,0.0,0.0,3969.0729467576907,3969.0729467576907,801.1699992632771,1992.6425223764315,1175.2604251179819,3969.0729467576903,801.1699992632771,1992.6425223764315,1175.2604251179819,0.0,442.3956511046107,582.564094337557,0.0,75,0,0.0,0,0,0.0,0.0,0.0,0.0,0.0,0.0,0,0.0,0.0,0,0,0,0.05063796043395996,0.0,0.0,0.0,True,feasible,baseline_truck_only,4435.124222227736,582.564094337557,,,,0.0,True,feasible_only,0.0,4435.124222227736,True,4435.124222227736,,,
S0052_R09,5202035,nils,S0052,n75_p0.75_d3_uniform_Emedium_V2.00_Hmedium_PWflat_B0.20,75,0.7466666666666667,0.75,3,3,medium,2.0,uniform,medium,flat,0.2,1.0,1.0,1.0,peripheral,381.95368834588874,214.17181784070283,51.69173764623518,0.0,116.09013285895072,116.09013285895072,110.2396175390925,5.850515319858218,0.0,116.09013285895072,110.2396175390925,5.850515319858218,0.0,0.0,206.6481618668863,267.7147723008786,172.30579215411728,58,17,0.22666666666666666,3,3,5.666666666666667,5.666666666666667,0.0,0.0,0.0,0.0,0,0.7841261138337514,0.7971943948210338,0,2003,2003,6.713595151901245,25.0,17.0,1417.0,True,feasible,nils_complete,4435.124222227736,582.564094337557,,91.3879821802593,,54.04543896490885,True,feasible_only,0.0,381.95368834588874,True,4435.124222227736,,91.3879821802593,
S0052_R10,5202036,truck_only,S0052,n75_p0.75_d3_uniform_Emedium_V2.00_Hmedium_PWflat_B0.20,75,0.7466666666666667,0.75,3,3,medium,2.0,uniform,medium,flat,0.2,1.0,1.0,1.0,peripheral,6191.668564186433,546.0996749894847,0.0,0.0,5645.5688891969485,5645.5688891969485,1716.908397099239,2884.2152356815054,1044.445256416205,5645.568889196949,1716.908397099239,2884.2152356815054,1044.445256416205,0.0,423.97702296601744,682.6245937368561,0.0,75,0,0.0,0,0,0.0,0.0,0.0,0.0,0.0,0.0,0,0.0,0.0,0,0,0,0.0556797981262207,0.0,0.0,0.0,True,feasible,baseline_truck_only,6191.668564186433,682.6245937368561,,,,0.0,True,feasible_only,0.0,6191.668564186433,True,6191.668564186433,,,
S0052_R10,5202036,nils,S0052,n75_p0.75_d3_uniform_Emedium_V2.00_Hmedium_PWflat_B0.20,75,0.7466666666666667,0.75,3,3,medium,2.0,uniform,medium,flat,0.2,1.0,1.0,1.0,peripheral,327.3362307894443,239.439852306116,50.08956408126199,0.0,37.80681440206631,37.80681440206631,0.0,37.80681440206631,0.0,37.80681440206631,0.0,37.80681440206631,0.0,0.0,212.2447512883777,299.299815382645,166.96521360420667,58,17,0.22666666666666666,3,3,5.666666666666667,5.666666666666667,0.0,0.0,0.0,0.0,0,0.7624812198186377,0.7975964597934874,0,1926,1926,6.690647840499878,25.0,17.0,1482.0,True,feasible,nils_complete,6191.668564186433,682.6245937368561,,94.71327918482577,,56.15455139929786,True,feasible_only,0.0,327.3362307894443,True,6191.668564186433,,94.71327918482577,
S0053_R01,5302027,truck_only,S0053,n75_p0.75_d3_uniform_Ehigh_V2.00_Hshort_PWmoderate_B0.20,75,0.7466666666666667,0.75,3,3,high,2.0,uniform,short,moderate,0.2,20.0,5.0,1.0,peripheral,51499.31975721795,478.14221517516046,0.0,0.0,51021.17754204279,51021.17754204279,1992.10105832915,2114.7307562835053,605.5025940422565,4712.334408654911,39842.021166583,10573.653781417526,605.5025940422565,0.0,426.4147632841848,597.6777689689509,0.0,75,0,0.0,0,0,0.0,0.0,0.0,0.0,0.0,0.0,0,0.0,0.0,0,0,0,0.04970884323120117,0.0,0.0,0.0,True,feasible,baseline_truck_only,51499.31975721795,597.6777689689509,,,,0.0,True,feasible_only,0.0,51499.31975721795,True,51499.31975721795,,,
S0053_R01,5302027,nils,S0053,n75_p0.75_d3_uniform_Ehigh_V2.00_Hshort_PWmoderate_B0.20,75,0.7466666666666667,0.75,3,3,high,2.0,uniform,short,moderate,0.2,20.0,5.0,1.0,peripheral,1371.1963258821881,207.02845418673942,60.90806762164843,0.0,1103.2598040738003,1103.2598040738003,40.3315817830446,59.32563368258168,0.0,99.65721546562628,806.631635660892,296.6281684129084,0.0,0.0,176.97523045075977,258.7855677334243,203.0268920721614,51,24,0.32,3,3,8.0,8.0,0.0,0.0,0.0,0.0,0,0.7247710107788125,0.7829634899711264,0,1072,1072,8.978439092636108,25.0,23.0,2291.0,True,feasible,nils_complete,51499.31975721795,597.6777689689509,,97.3374476937824,,56.70149013910067,True,feasible_only,0.0,1371.1963258821881,True,51499.31975721795,,97.3374476937824,
S0053_R02,5302028,truck_only,S0053,n75_p0.75_d3_uniform_Ehigh_V2.00_Hshort_PWmoderate_B0.20,75,0.7466666666666667,0.75,3,3,high,2.0,uniform,short,moderate,0.2,20.0,5.0,1.0,peripheral,82192.97005605295,570.8759454798837,0.0,0.0,81622.09411057306,81622.09411057306,3252.021335592772,2979.479539352612,1684.2697019545512,7915.770576899936,65040.42671185544,14897.397696763059,1684.2697019545512,0.0,507.55366861910227,713.5949318498544,0.0,75,0,0.0,0,0,0.0,0.0,0.0,0.0,0.0,0.0,0,0.0,0.0,0,0,0,0.05362057685852051,0.0,0.0,0.0,False,infeasible,baseline_truck_only,82192.97005605295,713.5949318498544,,,,0.0,False,feasible_only,0.0,,False,,,,
S0053_R02,5302028,nils,S0053,n75_p0.75_d3_uniform_Ehigh_V2.00_Hshort_PWmoderate_B0.20,75,0.7466666666666667,0.75,3,3,high,2.0,uniform,short,moderate,0.2,20.0,5.0,1.0,peripheral,4306.035068215125,235.80693264347667,67.6771767355895,0.0,4002.5509588360583,4002.5509588360583,159.67830914039686,161.79695520562416,0.0,321.47526434602105,3193.5661828079374,808.9847760281208,0.0,0.0,217.55035383978856,294.7586658043459,225.59058911863167,58,17,0.22666666666666666,3,3,5.666666666666667,5.666666666666667,0.0,0.0,0.0,0.0,0,0.7950748624763117,0.7970646222890609,0,1948,1948,7.087390422821045,25.0,17.0,1364.0,True,feasible,nils_complete,82192.97005605295,713.5949318498544,,94.76106646921441,,58.6938397894388,True,feasible_only,0.0,4306.035068215125,True,,,,
S0053_R03,5302029,truck_only,S0053,n75_p0.75_d3_uniform_Ehigh_V2.00_Hshort_PWmoderate_B0.20,75,0.7466666666666667,0.75,3,3,high,2.0,uniform,short,moderate,0.2,20.0,5.0,1.0,peripheral,48255.89433092504,526.9388524527307,0.0,0.0,47728.95547847231,47728.95547847231,1515.832312764828,3308.6321831282457,869.1483075345288,5693.612803427603,30316.64625529656,16543.16091564123,869.1483075345288,0.0,415.4742400572308,658.6735655659132,0.0,75,0,0.0,0,0,0.0,0.0,0.0,0.0,0.0,0.0,0,0.0,0.0,0,0,0,0.060910940170288086,0.0,0.0,0.0,True,feasible,baseline_truck_only,48255.89433092504,658.6735655659132,,,,0.0,True,feasible_only,0.0,48255.89433092504,True,48255.89433092504,,,
S0053_R03,5302029,nils,S0053,n75_p0.75_d3_uniform_Ehigh_V2.00_Hshort_PWmoderate_B0.20,75,0.7466666666666667,0.75,3,3,high,2.0,uniform,short,moderate,0.2,20.0,5.0,1.0,peripheral,778.8525383379222,209.1258735196584,67.4805113302798,0.0,502.246153487984,502.246153487984,10.247724096230336,59.45833431267545,0.0,69.70605840890579,204.9544819246067,297.29167156337724,0.0,0.0,178.04754635503124,261.40734189957294,224.93503776759928,53,22,0.29333333333333333,3,3,7.333333333333333,7.333333333333333,0.0,0.0,0.0,0.0,0,0.7926020930670226,0.7972609327338974,0,1411,1411,8.181540966033936,25.0,22.0,1979.0,True,feasible,nils_complete,48255.89433092504,658.6735655659132,,98.38599501856338,,60.31306620374551,True,feasible_only,0.0,778.8525383379222,True,48255.89433092504,,98.38599501856338,
S0053_R04,5302030,truck_only,S0053,n75_p0.75_d3_uniform_Ehigh_V2.00_Hshort_PWmoderate_B0.20,75,0.7466666666666667,0.75,3,3,high,2.0,uniform,short,moderate,0.2,20.0,5.0,1.0,peripheral,44270.07308093528,508.30623308630356,0.0,0.0,43761.76684784898,43761.76684784898,1570.8105119200297,2278.7271317608133,951.9209506443068,4801.4585943251495,31416.210238400596,11393.635658804067,951.9209506443068,0.0,447.44729262724115,635.3827913578793,0.0,75,0,0.0,0,0,0.0,0.0,0.0,0.0,0.0,0.0,0,0.0,0.0,0,0,0,0.09428024291992188,0.0,0.0,0.0,True,feasible,baseline_truck_only,44270.07308093528,635.3827913578793,,,,0.0,True,feasible_only,0.0,44270.07308093528,True,44270.07308093528,,,
S0053_R04,5302030,nils,S0053,n75_p0.75_d3_uniform_Ehigh_V2.00_Hshort_PWmoderate_B0.20,75,0.7466666666666667,0.75,3,3,high,2.0,uniform,short,moderate,0.2,20.0,5.0,1.0,peripheral,2852.8581116670093,208.81967379732288,67.48419868383748,0.0,2576.554239185849,2576.554239185849,101.52382036633367,109.21556637183504,0.0,210.73938673816872,2030.4764073266733,546.0778318591751,0.0,0.0,182.90286084305404,261.0245922466535,224.9473289461249,58,17,0.22666666666666666,3,3,5.666666666666667,5.666666666666667,0.0,0.0,0.0,0.0,0,0.794790497924057,0.7958586983142365,0,1673,1673,8.32719874382019,25.0,17.0,1762.0,True,feasible,nils_complete,44270.07308093528,635.3827913578793,,93.55578630635787,,58.91852977496971,True,feasible_only,0.0,2852.8581116670093,True,44270.07308093528,,93.55578630635787,
S0053_R05,5302031,truck_only,S0053,n75_p0.75_d3_uniform_Ehigh_V2.00_Hshort_PWmoderate_B0.20,75,0.7466666666666667,0.75,3,3,high,2.0,uniform,short,moderate,0.2,20.0,5.0,1.0,peripheral,49019.68514397216,540.3196333922973,0.0,0.0,48479.36551057986,48479.36551057986,1695.0777781398606,2638.134452795929,1387.137683802997,5720.3499147387865,33901.55556279721,13190.672263979646,1387.137683802997,0.0,512.9658831032785,675.3995417403715,0.0,75,0,0.0,0,0,0.0,0.0,0.0,0.0,0.0,0.0,0,0.0,0.0,0,0,0,0.06612277030944824,0.0,0.0,0.0,False,infeasible,baseline_truck_only,49019.68514397216,675.3995417403715,,,,0.0,False,feasible_only,0.0,,False,,,,
S0053_R05,5302031,nils,S0053,n75_p0.75_d3_uniform_Ehigh_V2.00_Hshort_PWmoderate_B0.20,75,0.7466666666666667,0.75,3,3,high,2.0,uniform,short,moderate,0.2,20.0,5.0,1.0,peripheral,3201.56494508866,234.28829830402157,68.41769161887599,0.0,2898.8589551657624,2898.8589551657624,132.83654253337403,48.42562089965635,0.0,181.26216343303037,2656.730850667481,242.12810449828174,0.0,0.0,201.51299672820738,292.86037288002706,228.05897206292002,56,19,0.25333333333333335,3,3,6.333333333333333,6.333333333333333,0.0,0.0,0.0,0.0,0,0.7802568100078743,0.7961760734326782,0,1786,1786,7.404953956604004,25.0,17.0,1487.0,True,feasible,nils_complete,49019.68514397216,675.3995417403715,,93.4688178112822,,56.6389440944269,True,feasible_only,0.0,3201.56494508866,True,,,,
S0053_R06,5302032,truck_only,S0053,n75_p0.75_d3_uniform_Ehigh_V2.00_Hshort_PWmoderate_B0.20,75,0.7466666666666667,0.75,3,3,high,2.0,uniform,short,moderate,0.2,20.0,5.0,1.0,peripheral,47538.588874329726,513.3269365609956,0.0,0.0,47025.26193776873,47025.26193776873,1932.5056349028953,1404.0330961755526,1354.9837588330663,4691.522489911515,38650.11269805791,7020.165480877763,1354.9837588330663,0.0,499.0989342419426,641.6586707012443,0.0,75,0,0.0,0,0,0.0,0.0,0.0,0.0,0.0,0.0,0,0.0,0.0,0,0,0,0.06492114067077637,0.0,0.0,0.0,False,infeasible,baseline_truck_only,47538.588874329726,641.6586707012443,,,,0.0,False,feasible_only,0.0,,False,,,,
S0053_R06,5302032,nils,S0053,n75_p0.75_d3_uniform_Ehigh_V2.00_Hshort_PWmoderate_B0.20,75,0.7466666666666667,0.75,3,3,high,2.0,uniform,short,moderate,0.2,20.0,5.0,1.0,peripheral,2661.207776943155,223.10894264822838,67.5855365504811,0.0,2370.5132977444455,2370.5132977444455,116.39844466707275,8.508880880598142,0.0,124.9073255476709,2327.968893341455,42.54440440299071,0.0,0.0,233.5544007096193,278.8861783102854,225.285121834937,57,18,0.24,3,3,6.0,6.0,0.0,0.0,0.0,0.0,0,0.796555343393845,0.7983892255390248,0,1360,1360,9.011672019958496,25.0,18.0,2006.0,True,feasible,nils_complete,47538.588874329726,641.6586707012443,,94.40200510793838,,56.53667735752697,True,feasible_only,0.0,2661.207776943155,True,,,,
S0053_R07,5302033,truck_only,S0053,n75_p0.75_d3_uniform_Ehigh_V2.00_Hshort_PWmoderate_B0.20,75,0.7466666666666667,0.75,3,3,high,2.0,uniform,short,moderate,0.2,20.0,5.0,1.0,peripheral,45236.73654667331,487.05160942771954,0.0,0.0,44749.68493724559,44749.68493724559,1628.7221027765897,2285.7088431533266,746.6986659471587,4661.129611877075,32574.442055531796,11428.544215766633,746.6986659471587,0.0,428.9899322295894,608.8145117846493,0.0,75,0,0.0,0,0,0.0,0.0,0.0,0.0,0.0,0.0,0,0.0,0.0,0,0,0,0.1159367561340332,0.0,0.0,0.0,True,feasible,baseline_truck_only,45236.73654667331,608.8145117846493,,,,0.0,True,feasible_only,0.0,45236.73654667331,True,45236.73654667331,,,
S0053_R07,5302033,nils,S0053,n75_p0.75_d3_uniform_Ehigh_V2.00_Hshort_PWmoderate_B0.20,75,0.7466666666666667,0.75,3,3,high,2.0,uniform,short,moderate,0.2,20.0,5.0,1.0,peripheral,599.256226042379,211.33499912978357,62.5809181668372,0.0,325.3403087457582,325.3403087457582,16.26701543728791,0.0,0.0,16.26701543728791,325.3403087457582,0.0,0.0,0.0,184.6284017843516,264.1687489122295,208.603060556124,52,23,0.30666666666666664,3,3,7.666666666666667,7.666666666666667,0.0,0.0,0.0,0.0,0,0.739007334036858,0.7996071317056407,0,1261,1261,8.629701375961304,25.0,23.0,2129.0,True,feasible,nils_complete,45236.73654667331,608.8145117846493,,98.67528855574254,,56.60932126307928,True,feasible_only,0.0,599.256226042379,True,45236.73654667331,,98.67528855574254,
S0053_R08,5302034,truck_only,S0053,n75_p0.75_d3_uniform_Ehigh_V2.00_Hshort_PWmoderate_B0.20,75,0.7466666666666667,0.75,3,3,high,2.0,uniform,short,moderate,0.2,20.0,5.0,1.0,peripheral,67457.38209594223,526.0480481797274,0.0,0.0,66931.3340477625,66931.3340477625,2770.333248321235,1995.4953520527151,1547.1923210742268,6313.020921448177,55406.664966424694,9977.476760263577,1547.1923210742268,0.0,521.0034667422535,657.5600602246592,0.0,75,0,0.0,0,0,0.0,0.0,0.0,0.0,0.0,0.0,0,0.0,0.0,0,0,0,0.055928945541381836,0.0,0.0,0.0,False,infeasible,baseline_truck_only,67457.38209594223,657.5600602246592,,,,0.0,False,feasible_only,0.0,,False,,,,
S0053_R08,5302034,nils,S0053,n75_p0.75_d3_uniform_Ehigh_V2.00_Hshort_PWmoderate_B0.20,75,0.7466666666666667,0.75,3,3,high,2.0,uniform,short,moderate,0.2,20.0,5.0,1.0,peripheral,67457.38209594223,526.0480481797274,0.0,0.0,66931.3340477625,66931.3340477625,2770.333248321235,1995.4953520527151,1547.1923210742268,6313.020921448177,55406.664966424694,9977.476760263577,1547.1923210742268,0.0,521.0034667422535,657.5600602246592,0.0,75,0,0.0,0,0,0.0,0.0,0.0,0.0,0.0,0.0,0,0.0,0.0,0,0,0,18.2960262298584,25.0,0.0,2475.0,False,infeasible,nils_complete,67457.38209594223,657.5600602246592,,0.0,,0.0,False,feasible_only,0.0,,False,,,,
S0053_R09,5302035,truck_only,S0053,n75_p0.75_d3_uniform_Ehigh_V2.00_Hshort_PWmoderate_B0.20,75,0.7466666666666667,0.75,3,3,high,2.0,uniform,short,moderate,0.2,20.0,5.0,1.0,peripheral,82190.17572840172,494.198390791311,0.0,0.0,81695.97733761041,81695.97733761041,3379.7270320263337,2710.279909448904,550.0371498392253,6640.044091314463,67594.54064052667,13551.39954724452,550.0371498392253,0.0,506.27533637050215,617.7479884891388,0.0,75,0,0.0,0,0,0.0,0.0,0.0,0.0,0.0,0.0,0,0.0,0.0,0,0,0,0.05598711967468262,0.0,0.0,0.0,False,infeasible,baseline_truck_only,82190.17572840172,617.7479884891388,,,,0.0,False,feasible_only,0.0,,False,,,,
S0053_R09,5302035,nils,S0053,n75_p0.75_d3_uniform_Ehigh_V2.00_Hshort_PWmoderate_B0.20,75,0.7466666666666667,0.75,3,3,high,2.0,uniform,short,moderate,0.2,20.0,5.0,1.0,peripheral,725.5677052392609,218.77737627158734,67.1575579500678,0.0,439.63277101760576,439.63277101760576,15.436772473165142,26.17946431086058,0.0,41.61623678402572,308.73544946330287,130.8973215543029,0.0,0.0,186.59390862051885,273.47172033948414,223.85852650022593,52,23,0.30666666666666664,3,3,7.666666666666667,7.666666666666667,0.0,0.0,0.0,0.0,0,0.7900168767036738,0.7965008215965766,0,1081,1081,8.771120309829712,25.0,23.0,2228.0,True,feasible,nils_complete,82190.17572840172,617.7479884891388,,99.11720871891441,,55.73086024799055,True,feasible_only,0.0,725.5677052392609,True,,,,
S0053_R10,5302036,truck_only,S0053,n75_p0.75_d3_uniform_Ehigh_V2.00_Hshort_PWmoderate_B0.20,75,0.7466666666666667,0.75,3,3,high,2.0,uniform,short,moderate,0.2,20.0,5.0,1.0,peripheral,60664.301253702935,486.8298137765908,0.0,0.0,60177.47143992635,60177.47143992635,2575.6031999608176,1575.25734213946,789.1207300126877,4939.981272112966,51512.06399921635,7876.2867106973,789.1207300126877,0.0,397.9758805331862,608.5372672207383,0.0,75,0,0.0,0,0,0.0,0.0,0.0,0.0,0.0,0.0,0,0.0,0.0,0,0,0,0.05421948432922363,0.0,0.0,0.0,True,feasible,baseline_truck_only,60664.301253702935,608.5372672207383,,,,0.0,True,feasible_only,0.0,60664.301253702935,True,60664.301253702935,,,
S0053_R10,5302036,nils,S0053,n75_p0.75_d3_uniform_Ehigh_V2.00_Hshort_PWmoderate_B0.20,75,0.7466666666666667,0.75,3,3,high,2.0,uniform,short,moderate,0.2,20.0,5.0,1.0,peripheral,1126.537220176738,204.42150999671935,68.12002385183332,0.0,853.9956863281852,853.9956863281852,37.09564435557748,22.41655984332715,0.0,59.51220419890463,741.9128871115495,112.08279921663575,0.0,0.0,168.5503315939901,255.52688749589922,227.06674617277775,52,23,0.30666666666666664,3,3,7.666666666666667,7.666666666666667,0.0,0.0,0.0,0.0,0,0.7979791856680268,0.7986676393295733,0,1402,1402,8.53369426727295,25.0,23.0,1988.0,True,feasible,nils_complete,60664.301253702935,608.5372672207383,,98.14299811108766,,58.00965671947738,True,feasible_only,0.0,1126.537220176738,True,60664.301253702935,,98.14299811108766,
S0054_R01,5402027,truck_only,S0054,n100_p0.25_d3_uniform_Elow_V2.00_Hmedium_PWbase_B0.20,100,0.25,0.25,3,3,low,2.0,uniform,medium,base,0.2,100.0,20.0,1.0,peripheral,583253.043866112,693.0366267348255,0.0,0.0,582560.0072393772,582560.0072393772,4132.444835765753,8265.215794311142,4011.2077765791714,16408.868406656067,413244.4835765753,165304.31588622282,4011.2077765791714,0.0,721.3852604315391,866.2957834185323,0.0,100,0,0.0,0,0,0.0,0.0,0.0,0.0,0.0,0.0,0,0.0,0.0,0,0,0,0.08696436882019043,0.0,0.0,0.0,False,infeasible,baseline_truck_only,583253.043866112,866.2957834185323,,,,0.0,False,feasible_only,0.0,,False,,,,
S0054_R01,5402027,nils,S0054,n100_p0.25_d3_uniform_Elow_V2.00_Hmedium_PWbase_B0.20,100,0.25,0.25,3,3,low,2.0,uniform,medium,base,0.2,100.0,20.0,1.0,peripheral,583253.043866112,693.0366267348255,0.0,0.0,582560.0072393772,582560.0072393772,4132.444835765753,8265.215794311142,4011.2077765791714,16408.868406656067,413244.4835765753,165304.31588622282,4011.2077765791714,0.0,721.3852604315391,866.2957834185323,0.0,100,0,0.0,0,0,0.0,0.0,0.0,0.0,0.0,0.0,0,0.0,0.0,0,675,675,21.278682708740234,25.0,0.0,300.0,False,infeasible,nils_complete,583253.043866112,866.2957834185323,,0.0,,0.0,False,feasible_only,0.0,,False,,,,
S0054_R02,5402028,truck_only,S0054,n100_p0.25_d3_uniform_Elow_V2.00_Hmedium_PWbase_B0.20,100,0.25,0.25,3,3,low,2.0,uniform,medium,base,0.2,100.0,20.0,1.0,peripheral,577997.7744328721,676.7698637981323,0.0,0.0,577321.0045690739,577321.0045690739,4657.574346993192,5418.175399969244,3200.0618703697337,13275.811617332169,465757.43469931924,108363.50799938488,3200.0618703697337,0.0,599.6821498852804,845.9623297476652,0.0,100,0,0.0,0,0,0.0,0.0,0.0,0.0,0.0,0.0,0,0.0,0.0,0,0,0,0.09594845771789551,0.0,0.0,0.0,False,infeasible,baseline_truck_only,577997.7744328721,845.9623297476652,,,,0.0,False,feasible_only,0.0,,False,,,,
S0054_R02,5402028,nils,S0054,n100_p0.25_d3_uniform_Elow_V2.00_Hmedium_PWbase_B0.20,100,0.25,0.25,3,3,low,2.0,uniform,medium,base,0.2,100.0,20.0,1.0,peripheral,577997.7744328721,676.7698637981323,0.0,0.0,577321.0045690739,577321.0045690739,4657.574346993192,5418.175399969244,3200.0618703697337,13275.811617332169,465757.43469931924,108363.50799938488,3200.0618703697337,0.0,599.6821498852804,845.9623297476652,0.0,100,0,0.0,0,0,0.0,0.0,0.0,0.0,0.0,0.0,0,0.0,0.0,0,450,450,11.59826111793518,25.0,0.0,150.0,False,infeasible,nils_complete,577997.7744328721,845.9623297476652,,0.0,,0.0,False,feasible_only,0.0,,False,,,,
S0054_R03,5402029,truck_only,S0054,n100_p0.25_d3_uniform_Elow_V2.00_Hmedium_PWbase_B0.20,100,0.25,0.25,3,3,low,2.0,uniform,medium,base,0.2,100.0,20.0,1.0,peripheral,436859.9885230109,668.3958516576251,0.0,0.0,436191.5926713533,436191.5926713533,2958.2078634046816,6852.6307033772555,3318.192263340085,13129.030830122021,295820.78634046816,137052.6140675451,3318.192263340085,0.0,615.6782902788531,835.4948145720314,0.0,100,0,0.0,0,0,0.0,0.0,0.0,0.0,0.0,0.0,0,0.0,0.0,0,0,0,0.08905887603759766,0.0,0.0,0.0,False,infeasible,baseline_truck_only,436859.9885230109,835.4948145720314,,,,0.0,False,feasible_only,0.0,,False,,,,
S0054_R03,5402029,nils,S0054,n100_p0.25_d3_uniform_Elow_V2.00_Hmedium_PWbase_B0.20,100,0.25,0.25,3,3,low,2.0,uniform,medium,base,0.2,100.0,20.0,1.0,peripheral,436859.9885230109,668.3958516576251,0.0,0.0,436191.5926713533,436191.5926713533,2958.2078634046816,6852.6307033772555,3318.192263340085,13129.030830122021,295820.78634046816,137052.6140675451,3318.192263340085,0.0,615.6782902788531,835.4948145720314,0.0,100,0,0.0,0,0,0.0,0.0,0.0,0.0,0.0,0.0,0,0.0,0.0,0,300,300,24.93442177772522,25.0,0.0,300.0,False,infeasible,nils_complete,436859.9885230109,835.4948145720314,,0.0,,0.0,False,feasible_only,0.0,,False,,,,
S0054_R04,5402030,truck_only,S0054,n100_p0.25_d3_uniform_Elow_V2.00_Hmedium_PWbase_B0.20,100,0.25,0.25,3,3,low,2.0,uniform,medium,base,0.2,100.0,20.0,1.0,peripheral,449430.2012392929,683.4113463803501,0.0,0.0,448746.78989291255,448746.78989291255,3192.013755923428,6228.126245756771,4982.889385434223,14403.029387114424,319201.3755923428,124562.52491513542,4982.889385434223,0.0,801.883236171881,854.2641829754375,0.0,100,0,0.0,0,0,0.0,0.0,0.0,0.0,0.0,0.0,0,0.0,0.0,0,0,0,0.09609532356262207,0.0,0.0,0.0,False,infeasible,baseline_truck_only,449430.2012392929,854.2641829754375,,,,0.0,False,feasible_only,0.0,,False,,,,
S0054_R04,5402030,nils,S0054,n100_p0.25_d3_uniform_Elow_V2.00_Hmedium_PWbase_B0.20,100,0.25,0.25,3,3,low,2.0,uniform,medium,base,0.2,100.0,20.0,1.0,peripheral,449430.2012392929,683.4113463803501,0.0,0.0,448746.78989291255,448746.78989291255,3192.013755923428,6228.126245756771,4982.889385434223,14403.029387114424,319201.3755923428,124562.52491513542,4982.889385434223,0.0,801.883236171881,854.2641829754375,0.0,100,0,0.0,0,0,0.0,0.0,0.0,0.0,0.0,0.0,0,0.0,0.0,0,375,375,23.633126497268677,25.0,0.0,525.0,False,infeasible,nils_complete,449430.2012392929,854.2641829754375,,0.0,,0.0,False,feasible_only,0.0,,False,,,,
S0054_R05,5402031,truck_only,S0054,n100_p0.25_d3_uniform_Elow_V2.00_Hmedium_PWbase_B0.20,100,0.25,0.25,3,3,low,2.0,uniform,medium,base,0.2,100.0,20.0,1.0,peripheral,632178.1303192027,582.5784398056446,0.0,0.0,631595.551879397,631595.551879397,5645.279884760379,3279.1569428747275,1484.424545864651,10408.861373499758,564527.9884760379,65583.13885749454,1484.424545864651,0.0,480.37183751307487,728.2230497570558,0.0,100,0,0.0,0,0,0.0,0.0,0.0,0.0,0.0,0.0,0,0.0,0.0,0,0,0,0.09662222862243652,0.0,0.0,0.0,False,infeasible,baseline_truck_only,632178.1303192027,728.2230497570558,,,,0.0,False,feasible_only,0.0,,False,,,,
S0054_R05,5402031,nils,S0054,n100_p0.25_d3_uniform_Elow_V2.00_Hmedium_PWbase_B0.20,100,0.25,0.25,3,3,low,2.0,uniform,medium,base,0.2,100.0,20.0,1.0,peripheral,155698.05529713203,312.31672245614624,34.95386374858283,0.0,155350.7847109273,155350.7847109273,1390.358955231373,815.7444593894994,0.0,2206.1034146208726,139035.8955231373,16314.889187789988,0.0,0.0,271.1532304563679,390.39590307018284,116.51287916194278,89,11,0.11,3,3,3.6666666666666665,3.6666666666666665,0.0,0.0,0.0,0.0,0,0.7426044018936956,0.7639309031377963,0,887,887,6.0276219844818115,24.0,11.0,310.0,True,feasible,nils_complete,632178.1303192027,728.2230497570558,,75.37117343516516,,46.39061435910005,True,feasible_only,0.0,155698.05529713203,True,,,,
S0054_R06,5402032,truck_only,S0054,n100_p0.25_d3_uniform_Elow_V2.00_Hmedium_PWbase_B0.20,100,0.25,0.25,3,3,low,2.0,uniform,medium,base,0.2,100.0,20.0,1.0,peripheral,504389.6125939834,708.6970104631301,0.0,0.0,503680.9155835203,503680.9155835203,3923.2758843912457,5416.756633754104,3018.1944693138425,12358.226987459193,392327.5884391246,108335.13267508207,3018.1944693138425,0.0,593.8335618235591,885.8712630789128,0.0,100,0,0.0,0,0,0.0,0.0,0.0,0.0,0.0,0.0,0,0.0,0.0,0,0,0,0.09652876853942871,0.0,0.0,0.0,False,infeasible,baseline_truck_only,504389.6125939834,885.8712630789128,,,,0.0,False,feasible_only,0.0,,False,,,,
S0054_R06,5402032,nils,S0054,n100_p0.25_d3_uniform_Elow_V2.00_Hmedium_PWbase_B0.20,100,0.25,0.25,3,3,low,2.0,uniform,medium,base,0.2,100.0,20.0,1.0,peripheral,504389.6125939834,708.6970104631301,0.0,0.0,503680.9155835203,503680.9155835203,3923.2758843912457,5416.756633754104,3018.1944693138425,12358.226987459193,392327.5884391246,108335.13267508207,3018.1944693138425,0.0,593.8335618235591,885.8712630789128,0.0,100,0,0.0,0,0,0.0,0.0,0.0,0.0,0.0,0.0,0,0.0,0.0,0,375,375,21.818998098373413,25.0,0.0,450.0,False,infeasible,nils_complete,504389.6125939834,885.8712630789128,,0.0,,0.0,False,feasible_only,0.0,,False,,,,
S0054_R07,5402033,truck_only,S0054,n100_p0.25_d3_uniform_Elow_V2.00_Hmedium_PWbase_B0.20,100,0.25,0.25,3,3,low,2.0,uniform,medium,base,0.2,100.0,20.0,1.0,peripheral,619783.2759801688,679.3587877887581,0.0,0.0,619103.9171923801,619103.9171923801,5321.282822686932,4172.97791090878,3516.0767055115084,13010.337439107221,532128.2822686932,83459.5582181756,3516.0767055115084,0.0,646.7739807348332,849.1984847359481,0.0,100,0,0.0,0,0,0.0,0.0,0.0,0.0,0.0,0.0,0,0.0,0.0,0,0,0,0.10085129737854004,0.0,0.0,0.0,False,infeasible,baseline_truck_only,619783.2759801688,849.1984847359481,,,,0.0,False,feasible_only,0.0,,False,,,,
S0054_R07,5402033,nils,S0054,n100_p0.25_d3_uniform_Elow_V2.00_Hmedium_PWbase_B0.20,100,0.25,0.25,3,3,low,2.0,uniform,medium,base,0.2,100.0,20.0,1.0,peripheral,619783.2759801688,679.3587877887581,0.0,0.0,619103.9171923801,619103.9171923801,5321.282822686932,4172.97791090878,3516.0767055115084,13010.337439107221,532128.2822686932,83459.5582181756,3516.0767055115084,0.0,646.7739807348332,849.1984847359481,0.0,100,0,0.0,0,0,0.0,0.0,0.0,0.0,0.0,0.0,0,0.0,0.0,0,225,225,22.326898336410522,25.0,0.0,450.0,False,infeasible,nils_complete,619783.2759801688,849.1984847359481,,0.0,,0.0,False,feasible_only,0.0,,False,,,,
S0054_R08,5402034,truck_only,S0054,n100_p0.25_d3_uniform_Elow_V2.00_Hmedium_PWbase_B0.20,100,0.25,0.25,3,3,low,2.0,uniform,medium,base,0.2,100.0,20.0,1.0,peripheral,530984.8806658986,638.3468947812349,0.0,0.0,530346.5337711173,530346.5337711173,4252.847194314265,5120.583710091301,2650.1401378648216,12023.571042270389,425284.7194314265,102411.67420182603,2650.1401378648216,0.0,617.5324705195785,797.9336184765433,0.0,100,0,0.0,0,0,0.0,0.0,0.0,0.0,0.0,0.0,0,0.0,0.0,0,0,0,0.09928178787231445,0.0,0.0,0.0,False,infeasible,baseline_truck_only,530984.8806658986,797.9336184765433,,,,0.0,False,feasible_only,0.0,,False,,,,
S0054_R08,5402034,nils,S0054,n100_p0.25_d3_uniform_Elow_V2.00_Hmedium_PWbase_B0.20,100,0.25,0.25,3,3,low,2.0,uniform,medium,base,0.2,100.0,20.0,1.0,peripheral,530984.8806658986,638.3468947812349,0.0,0.0,530346.5337711173,530346.5337711173,4252.847194314265,5120.583710091301,2650.1401378648216,12023.571042270389,425284.7194314265,102411.67420182603,2650.1401378648216,0.0,617.5324705195785,797.9336184765433,0.0,100,0,0.0,0,0,0.0,0.0,0.0,0.0,0.0,0.0,0,0.0,0.0,0,525,525,22.54892659187317,25.0,0.0,675.0,False,infeasible,nils_complete,530984.8806658986,797.9336184765433,,0.0,,0.0,False,feasible_only,0.0,,False,,,,
S0054_R09,5402035,truck_only,S0054,n100_p0.25_d3_uniform_Elow_V2.00_Hmedium_PWbase_B0.20,100,0.25,0.25,3,3,low,2.0,uniform,medium,base,0.2,100.0,20.0,1.0,peripheral,464398.6523364215,646.9394858122151,0.0,0.0,463751.71285060927,463751.71285060927,4204.372453560423,1978.4428554613546,3745.6103853396644,9928.425694361442,420437.24535604235,39568.857109227094,3745.6103853396644,0.0,508.9938648090985,808.6743572652692,0.0,100,0,0.0,0,0,0.0,0.0,0.0,0.0,0.0,0.0,0,0.0,0.0,0,0,0,0.09725832939147949,0.0,0.0,0.0,False,infeasible,baseline_truck_only,464398.6523364215,808.6743572652692,,,,0.0,False,feasible_only,0.0,,False,,,,
S0054_R09,5402035,nils,S0054,n100_p0.25_d3_uniform_Elow_V2.00_Hmedium_PWbase_B0.20,100,0.25,0.25,3,3,low,2.0,uniform,medium,base,0.2,100.0,20.0,1.0,peripheral,464398.6523364215,646.9394858122151,0.0,0.0,463751.71285060927,463751.71285060927,4204.372453560423,1978.4428554613546,3745.6103853396644,9928.425694361442,420437.24535604235,39568.857109227094,3745.6103853396644,0.0,508.9938648090985,808.6743572652692,0.0,100,0,0.0,0,0,0.0,0.0,0.0,0.0,0.0,0.0,0,0.0,0.0,0,525,525,23.381496906280518,25.0,0.0,750.0,False,infeasible,nils_complete,464398.6523364215,808.6743572652692,,0.0,,0.0,False,feasible_only,0.0,,False,,,,
S0054_R10,5402036,truck_only,S0054,n100_p0.25_d3_uniform_Elow_V2.00_Hmedium_PWbase_B0.20,100,0.25,0.25,3,3,low,2.0,uniform,medium,base,0.2,100.0,20.0,1.0,peripheral,447996.79453099327,644.1556229217446,0.0,0.0,447352.6389080715,447352.6389080715,3121.473314809296,6634.071314981391,2523.881127514138,12279.425757304825,312147.33148092957,132681.4262996278,2523.881127514138,0.0,628.5895101161929,805.1945286521812,0.0,100,0,0.0,0,0,0.0,0.0,0.0,0.0,0.0,0.0,0,0.0,0.0,0,0,0,0.0922846794128418,0.0,0.0,0.0,False,infeasible,baseline_truck_only,447996.79453099327,805.1945286521812,,,,0.0,False,feasible_only,0.0,,False,,,,
S0054_R10,5402036,nils,S0054,n100_p0.25_d3_uniform_Elow_V2.00_Hmedium_PWbase_B0.20,100,0.25,0.25,3,3,low,2.0,uniform,medium,base,0.2,100.0,20.0,1.0,peripheral,447996.79453099327,644.1556229217446,0.0,0.0,447352.6389080715,447352.6389080715,3121.473314809296,6634.071314981391,2523.881127514138,12279.425757304825,312147.33148092957,132681.4262996278,2523.881127514138,0.0,628.5895101161929,805.1945286521812,0.0,100,0,0.0,0,0,0.0,0.0,0.0,0.0,0.0,0.0,0,0.0,0.0,0,825,825,22.883976221084595,25.0,0.0,675.0,False,infeasible,nils_complete,447996.79453099327,805.1945286521812,,0.0,,0.0,False,feasible_only,0.0,,False,,,,
S0055_R01,5502027,truck_only,S0055,n100_p0.25_d3_uniform_Elow_V2.00_Hlong_PWmoderate_B0.20,100,0.25,0.25,3,3,low,2.0,uniform,long,moderate,0.2,20.0,5.0,1.0,peripheral,86716.05031363548,627.2768414703014,0.0,0.0,86088.77347216518,86088.77347216518,2855.955510233624,5403.198353560334,1953.671499691032,10212.82536348499,57119.11020467248,27015.99176780167,1953.671499691032,0.0,561.7284260639702,784.0960518378765,0.0,100,0,0.0,0,0,0.0,0.0,0.0,0.0,0.0,0.0,0,0.0,0.0,0,0,0,0.10074114799499512,0.0,0.0,0.0,False,infeasible,baseline_truck_only,86716.05031363548,784.0960518378765,,,,0.0,False,feasible_only,0.0,,False,,,,
S0055_R01,5502027,nils,S0055,n100_p0.25_d3_uniform_Elow_V2.00_Hlong_PWmoderate_B0.20,100,0.25,0.25,3,3,low,2.0,uniform,long,moderate,0.2,20.0,5.0,1.0,peripheral,86716.05031363548,627.2768414703014,0.0,0.0,86088.77347216518,86088.77347216518,2855.955510233624,5403.198353560334,1953.671499691032,10212.82536348499,57119.11020467248,27015.99176780167,1953.671499691032,0.0,561.7284260639702,784.0960518378765,0.0,100,0,0.0,0,0,0.0,0.0,0.0,0.0,0.0,0.0,0,0.0,0.0,0,450,450,24.123250007629395,25.0,0.0,975.0,False,infeasible,nils_complete,86716.05031363548,784.0960518378765,,0.0,,0.0,False,feasible_only,0.0,,False,,,,
S0055_R02,5502028,truck_only,S0055,n100_p0.25_d3_uniform_Elow_V2.00_Hlong_PWmoderate_B0.20,100,0.25,0.25,3,3,low,2.0,uniform,long,moderate,0.2,20.0,5.0,1.0,peripheral,123455.75478426223,643.21772908569,0.0,0.0,122812.53705517654,122812.53705517654,5202.243998909504,2803.659018483053,4749.361984571231,12755.265001963788,104044.87997819007,14018.295092415265,4749.361984571231,0.0,678.7061699245007,804.0221613571125,0.0,100,0,0.0,0,0,0.0,0.0,0.0,0.0,0.0,0.0,0,0.0,0.0,0,0,0,0.09685754776000977,0.0,0.0,0.0,False,infeasible,baseline_truck_only,123455.75478426223,804.0221613571125,,,,0.0,False,feasible_only,0.0,,False,,,,
S0055_R02,5502028,nils,S0055,n100_p0.25_d3_uniform_Elow_V2.00_Hlong_PWmoderate_B0.20,100,0.25,0.25,3,3,low,2.0,uniform,long,moderate,0.2,20.0,5.0,1.0,peripheral,123455.75478426223,643.21772908569,0.0,0.0,122812.53705517654,122812.53705517654,5202.243998909504,2803.659018483053,4749.361984571231,12755.265001963788,104044.87997819007,14018.295092415265,4749.361984571231,0.0,678.7061699245007,804.0221613571125,0.0,100,0,0.0,0,0,0.0,0.0,0.0,0.0,0.0,0.0,0,0.0,0.0,0,225,225,22.757343530654907,25.0,0.0,675.0,False,infeasible,nils_complete,123455.75478426223,804.0221613571125,,0.0,,0.0,False,feasible_only,0.0,,False,,,,
S0055_R03,5502029,truck_only,S0055,n100_p0.25_d3_uniform_Elow_V2.00_Hlong_PWmoderate_B0.20,100,0.25,0.25,3,3,low,2.0,uniform,long,moderate,0.2,20.0,5.0,1.0,peripheral,99966.6255318138,685.1025963630849,0.0,0.0,99281.52293545072,99281.52293545072,3488.8377526321106,4920.719228659866,4901.171739509184,13310.72872080116,69776.75505264221,24603.596143299328,4901.171739509184,0.0,664.7779860950618,856.378245453856,0.0,100,0,0.0,0,0,0.0,0.0,0.0,0.0,0.0,0.0,0,0.0,0.0,0,0,0,0.09117555618286133,0.0,0.0,0.0,False,infeasible,baseline_truck_only,99966.6255318138,856.378245453856,,,,0.0,False,feasible_only,0.0,,False,,,,
S0055_R03,5502029,nils,S0055,n100_p0.25_d3_uniform_Elow_V2.00_Hlong_PWmoderate_B0.20,100,0.25,0.25,3,3,low,2.0,uniform,long,moderate,0.2,20.0,5.0,1.0,peripheral,99966.6255318138,685.1025963630849,0.0,0.0,99281.52293545072,99281.52293545072,3488.8377526321106,4920.719228659866,4901.171739509184,13310.72872080116,69776.75505264221,24603.596143299328,4901.171739509184,0.0,664.7779860950618,856.378245453856,0.0,100,0,0.0,0,0,0.0,0.0,0.0,0.0,0.0,0.0,0,0.0,0.0,0,600,600,22.3657968044281,25.0,0.0,675.0,False,infeasible,nils_complete,99966.6255318138,856.378245453856,,0.0,,0.0,False,feasible_only,0.0,,False,,,,
S0055_R04,5502030,truck_only,S0055,n100_p0.25_d3_uniform_Elow_V2.00_Hlong_PWmoderate_B0.20,100,0.25,0.25,3,3,low,2.0,uniform,long,moderate,0.2,20.0,5.0,1.0,peripheral,112470.29322083268,664.0498827738558,0.0,0.0,111806.24333805882,111806.24333805882,4021.945645567672,5528.308864932122,3725.7861020447717,13276.040612544566,80438.91291135343,27641.54432466061,3725.7861020447717,0.0,620.0502633221835,830.0623534673196,0.0,100,0,0.0,0,0,0.0,0.0,0.0,0.0,0.0,0.0,0,0.0,0.0,0,0,0,0.09756827354431152,0.0,0.0,0.0,False,infeasible,baseline_truck_only,112470.29322083268,830.0623534673196,,,,0.0,False,feasible_only,0.0,,False,,,,
S0055_R04,5502030,nils,S0055,n100_p0.25_d3_uniform_Elow_V2.00_Hlong_PWmoderate_B0.20,100,0.25,0.25,3,3,low,2.0,uniform,long,moderate,0.2,20.0,5.0,1.0,peripheral,112470.29322083268,664.0498827738558,0.0,0.0,111806.24333805882,111806.24333805882,4021.945645567672,5528.308864932122,3725.7861020447717,13276.040612544566,80438.91291135343,27641.54432466061,3725.7861020447717,0.0,620.0502633221835,830.0623534673196,0.0,100,0,0.0,0,0,0.0,0.0,0.0,0.0,0.0,0.0,0,0.0,0.0,0,525,525,33.91139197349548,25.0,0.0,825.0,False,infeasible,nils_complete,112470.29322083268,830.0623534673196,,0.0,,0.0,False,feasible_only,0.0,,False,,,,
S0055_R05,5502031,truck_only,S0055,n100_p0.25_d3_uniform_Elow_V2.00_Hlong_PWmoderate_B0.20,100,0.25,0.25,3,3,low,2.0,uniform,long,moderate,0.2,20.0,5.0,1.0,peripheral,124749.07302392944,627.9545153537299,0.0,0.0,124121.1185085757,124121.1185085757,4980.831287134976,4260.959408944798,3199.6957211522154,12441.486417231989,99616.62574269953,21304.797044723993,3199.6957211522154,0.0,661.8574511364847,784.9431441921624,0.0,100,0,0.0,0,0,0.0,0.0,0.0,0.0,0.0,0.0,0,0.0,0.0,0,0,0,0.1406843662261963,0.0,0.0,0.0,False,infeasible,baseline_truck_only,124749.07302392944,784.9431441921624,,,,0.0,False,feasible_only,0.0,,False,,,,
S0055_R05,5502031,nils,S0055,n100_p0.25_d3_uniform_Elow_V2.00_Hlong_PWmoderate_B0.20,100,0.25,0.25,3,3,low,2.0,uniform,long,moderate,0.2,20.0,5.0,1.0,peripheral,124749.07302392944,627.9545153537299,0.0,0.0,124121.1185085757,124121.1185085757,4980.831287134976,4260.959408944798,3199.6957211522154,12441.486417231989,99616.62574269953,21304.797044723993,3199.6957211522154,0.0,661.8574511364847,784.9431441921624,0.0,100,0,0.0,0,0,0.0,0.0,0.0,0.0,0.0,0.0,0,0.0,0.0,0,375,375,26.937241554260254,25.0,0.0,750.0,False,infeasible,nils_complete,124749.07302392944,784.9431441921624,,0.0,,0.0,False,feasible_only,0.0,,False,,,,
S0055_R06,5502032,truck_only,S0055,n100_p0.25_d3_uniform_Elow_V2.00_Hlong_PWmoderate_B0.20,100,0.25,0.25,3,3,low,2.0,uniform,long,moderate,0.2,20.0,5.0,1.0,peripheral,77281.402210339,614.3246554651998,0.0,0.0,76667.0775548738,76667.0775548738,2698.2427290275473,3882.09890017725,3291.728473436601,9872.070102641397,53964.85458055095,19410.49450088625,3291.728473436601,0.0,596.8918828423049,767.9058193314999,0.0,100,0,0.0,0,0,0.0,0.0,0.0,0.0,0.0,0.0,0,0.0,0.0,0,0,0,0.1250317096710205,0.0,0.0,0.0,False,infeasible,baseline_truck_only,77281.402210339,767.9058193314999,,,,0.0,False,feasible_only,0.0,,False,,,,
S0055_R06,5502032,nils,S0055,n100_p0.25_d3_uniform_Elow_V2.00_Hlong_PWmoderate_B0.20,100,0.25,0.25,3,3,low,2.0,uniform,long,moderate,0.2,20.0,5.0,1.0,peripheral,77281.402210339,614.3246554651998,0.0,0.0,76667.0775548738,76667.0775548738,2698.2427290275473,3882.09890017725,3291.728473436601,9872.070102641397,53964.85458055095,19410.49450088625,3291.728473436601,0.0,596.8918828423049,767.9058193314999,0.0,100,0,0.0,0,0,0.0,0.0,0.0,0.0,0.0,0.0,0,0.0,0.0,0,450,450,29.063481092453003,25.0,0.0,1125.0,False,infeasible,nils_complete,77281.402210339,767.9058193314999,,0.0,,0.0,False,feasible_only,0.0,,False,,,,
S0055_R07,5502033,truck_only,S0055,n100_p0.25_d3_uniform_Elow_V2.00_Hlong_PWmoderate_B0.20,100,0.25,0.25,3,3,low,2.0,uniform,long,moderate,0.2,20.0,5.0,1.0,peripheral,104630.79083059839,695.4506864867404,0.0,0.0,103935.34014411164,103935.34014411164,3658.8016587665693,5397.891731279245,3769.8483123840115,12826.541702429826,73176.03317533138,26989.458656396222,3769.8483123840115,0.0,675.9143244126869,869.3133581084257,0.0,100,0,0.0,0,0,0.0,0.0,0.0,0.0,0.0,0.0,0,0.0,0.0,0,0,0,0.10640382766723633,0.0,0.0,0.0,False,infeasible,baseline_truck_only,104630.79083059839,869.3133581084257,,,,0.0,False,feasible_only,0.0,,False,,,,
S0055_R07,5502033,nils,S0055,n100_p0.25_d3_uniform_Elow_V2.00_Hlong_PWmoderate_B0.20,100,0.25,0.25,3,3,low,2.0,uniform,long,moderate,0.2,20.0,5.0,1.0,peripheral,104630.79083059839,695.4506864867404,0.0,0.0,103935.34014411164,103935.34014411164,3658.8016587665693,5397.891731279245,3769.8483123840115,12826.541702429826,73176.03317533138,26989.458656396222,3769.8483123840115,0.0,675.9143244126869,869.3133581084257,0.0,100,0,0.0,0,0,0.0,0.0,0.0,0.0,0.0,0.0,0,0.0,0.0,0,675,675,29.681060552597046,25.0,0.0,450.0,False,infeasible,nils_complete,104630.79083059839,869.3133581084257,,0.0,,0.0,False,feasible_only,0.0,,False,,,,
S0055_R08,5502034,truck_only,S0055,n100_p0.25_d3_uniform_Elow_V2.00_Hlong_PWmoderate_B0.20,100,0.25,0.25,3,3,low,2.0,uniform,long,moderate,0.2,20.0,5.0,1.0,peripheral,132159.93984414564,693.3915824769243,0.0,0.0,131466.5482616687,131466.5482616687,5117.364774039144,4994.257447354702,4147.96554411226,14259.587765506105,102347.2954807829,24971.28723677351,4147.96554411226,0.0,697.0100132417662,866.7394780961553,0.0,100,0,0.0,0,0,0.0,0.0,0.0,0.0,0.0,0.0,0,0.0,0.0,0,0,0,0.1441638469696045,0.0,0.0,0.0,False,infeasible,baseline_truck_only,132159.93984414564,866.7394780961553,,,,0.0,False,feasible_only,0.0,,False,,,,
S0055_R08,5502034,nils,S0055,n100_p0.25_d3_uniform_Elow_V2.00_Hlong_PWmoderate_B0.20,100,0.25,0.25,3,3,low,2.0,uniform,long,moderate,0.2,20.0,5.0,1.0,peripheral,132159.93984414564,693.3915824769243,0.0,0.0,131466.5482616687,131466.5482616687,5117.364774039144,4994.257447354702,4147.96554411226,14259.587765506105,102347.2954807829,24971.28723677351,4147.96554411226,0.0,697.0100132417662,866.7394780961553,0.0,100,0,0.0,0,0,0.0,0.0,0.0,0.0,0.0,0.0,0,0.0,0.0,0,675,675,32.47130107879639,25.0,0.0,600.0,False,infeasible,nils_complete,132159.93984414564,866.7394780961553,,0.0,,0.0,False,feasible_only,0.0,,False,,,,
S0055_R09,5502035,truck_only,S0055,n100_p0.25_d3_uniform_Elow_V2.00_Hlong_PWmoderate_B0.20,100,0.25,0.25,3,3,low,2.0,uniform,long,moderate,0.2,20.0,5.0,1.0,peripheral,130097.51126278835,619.2208663753012,0.0,0.0,129478.29039641305,129478.29039641305,5458.156729189314,3701.26649557116,1808.8233347709672,10968.24655953144,109163.13458378629,18506.332477855798,1808.8233347709672,0.0,510.49308747366047,774.0260829691265,0.0,100,0,0.0,0,0,0.0,0.0,0.0,0.0,0.0,0.0,0,0.0,0.0,0,0,0,0.10443687438964844,0.0,0.0,0.0,False,infeasible,baseline_truck_only,130097.51126278835,774.0260829691265,,,,0.0,False,feasible_only,0.0,,False,,,,
S0055_R09,5502035,nils,S0055,n100_p0.25_d3_uniform_Elow_V2.00_Hlong_PWmoderate_B0.20,100,0.25,0.25,3,3,low,2.0,uniform,long,moderate,0.2,20.0,5.0,1.0,peripheral,130097.51126278835,619.2208663753012,0.0,0.0,129478.29039641305,129478.29039641305,5458.156729189314,3701.26649557116,1808.8233347709672,10968.24655953144,109163.13458378629,18506.332477855798,1808.8233347709672,0.0,510.49308747366047,774.0260829691265,0.0,100,0,0.0,0,0,0.0,0.0,0.0,0.0,0.0,0.0,0,0.0,0.0,0,450,450,26.28317642211914,25.0,0.0,525.0,False,infeasible,nils_complete,130097.51126278835,774.0260829691265,,0.0,,0.0,False,feasible_only,0.0,,False,,,,
S0055_R10,5502036,truck_only,S0055,n100_p0.25_d3_uniform_Elow_V2.00_Hlong_PWmoderate_B0.20,100,0.25,0.25,3,3,low,2.0,uniform,long,moderate,0.2,20.0,5.0,1.0,peripheral,164404.08114247347,746.8637868010851,0.0,0.0,163657.2173556724,163657.2173556724,6110.209760969264,7104.954448443444,5928.249894069823,19143.41410348253,122204.19521938528,35524.772242217216,5928.249894069823,0.0,861.6186587443219,933.5797335013565,0.0,100,0,0.0,0,0,0.0,0.0,0.0,0.0,0.0,0.0,0,0.0,0.0,0,0,0,0.09810805320739746,0.0,0.0,0.0,False,infeasible,baseline_truck_only,164404.08114247347,933.5797335013565,,,,0.0,False,feasible_only,0.0,,False,,,,
S0055_R10,5502036,nils,S0055,n100_p0.25_d3_uniform_Elow_V2.00_Hlong_PWmoderate_B0.20,100,0.25,0.25,3,3,low,2.0,uniform,long,moderate,0.2,20.0,5.0,1.0,peripheral,164404.08114247347,746.8637868010851,0.0,0.0,163657.2173556724,163657.2173556724,6110.209760969264,7104.954448443444,5928.249894069823,19143.41410348253,122204.19521938528,35524.772242217216,5928.249894069823,0.0,861.6186587443219,933.5797335013565,0.0,100,0,0.0,0,0,0.0,0.0,0.0,0.0,0.0,0.0,0,0.0,0.0,0,150,150,26.29304337501526,25.0,0.0,825.0,False,infeasible,nils_complete,164404.08114247347,933.5797335013565,,0.0,,0.0,False,feasible_only,0.0,,False,,,,
S0056_R01,5602027,truck_only,S0056,n100_p0.25_d3_uniform_Elow_V2.00_Hlong_PWstrict_B0.20,100,0.25,0.25,3,3,low,2.0,uniform,long,strict,0.2,200.0,40.0,1.0,peripheral,943520.9471014844,673.4986878254468,0.0,0.0,942847.448413659,942847.448413659,3840.9379696900814,4291.434925901221,3002.4574395943428,11134.830335185645,768187.5939380163,171657.39703604882,3002.4574395943428,0.0,609.6101977977413,841.8733597818089,0.0,100,0,0.0,0,0,0.0,0.0,0.0,0.0,0.0,0.0,0,0.0,0.0,0,0,0,0.09821796417236328,0.0,0.0,0.0,False,infeasible,baseline_truck_only,943520.9471014844,841.8733597818089,,,,0.0,False,feasible_only,0.0,,False,,,,
S0056_R01,5602027,nils,S0056,n100_p0.25_d3_uniform_Elow_V2.00_Hlong_PWstrict_B0.20,100,0.25,0.25,3,3,low,2.0,uniform,long,strict,0.2,200.0,40.0,1.0,peripheral,943520.9471014844,673.4986878254468,0.0,0.0,942847.448413659,942847.448413659,3840.9379696900814,4291.434925901221,3002.4574395943428,11134.830335185645,768187.5939380163,171657.39703604882,3002.4574395943428,0.0,609.6101977977413,841.8733597818089,0.0,100,0,0.0,0,0,0.0,0.0,0.0,0.0,0.0,0.0,0,0.0,0.0,0,450,450,22.31658387184143,25.0,0.0,525.0,False,infeasible,nils_complete,943520.9471014844,841.8733597818089,,0.0,,0.0,False,feasible_only,0.0,,False,,,,
S0056_R02,5602028,truck_only,S0056,n100_p0.25_d3_uniform_Elow_V2.00_Hlong_PWstrict_B0.20,100,0.25,0.25,3,3,low,2.0,uniform,long,strict,0.2,200.0,40.0,1.0,peripheral,941113.7757889674,643.1956837387903,0.0,0.0,940470.5801052286,940470.5801052286,4217.343840417799,2276.6067600786655,5937.541618522417,12431.49221901888,843468.7680835597,91064.27040314663,5937.541618522417,0.0,704.3284668278598,803.9946046734877,0.0,100,0,0.0,0,0,0.0,0.0,0.0,0.0,0.0,0.0,0,0.0,0.0,0,0,0,0.1031026840209961,0.0,0.0,0.0,False,infeasible,baseline_truck_only,941113.7757889674,803.9946046734877,,,,0.0,False,feasible_only,0.0,,False,,,,
S0056_R02,5602028,nils,S0056,n100_p0.25_d3_uniform_Elow_V2.00_Hlong_PWstrict_B0.20,100,0.25,0.25,3,3,low,2.0,uniform,long,strict,0.2,200.0,40.0,1.0,peripheral,941113.7757889674,643.1956837387903,0.0,0.0,940470.5801052286,940470.5801052286,4217.343840417799,2276.6067600786655,5937.541618522417,12431.49221901888,843468.7680835597,91064.27040314663,5937.541618522417,0.0,704.3284668278598,803.9946046734877,0.0,100,0,0.0,0,0,0.0,0.0,0.0,0.0,0.0,0.0,0,0.0,0.0,0,300,300,25.348684072494507,25.0,0.0,975.0,False,infeasible,nils_complete,941113.7757889674,803.9946046734877,,0.0,,0.0,False,feasible_only,0.0,,False,,,,
S0056_R03,5602029,truck_only,S0056,n100_p0.25_d3_uniform_Elow_V2.00_Hlong_PWstrict_B0.20,100,0.25,0.25,3,3,low,2.0,uniform,long,strict,0.2,200.0,40.0,1.0,peripheral,1696580.7116189,700.2783933534711,0.0,0.0,1695880.4332255465,1695880.4332255465,7241.348669855637,6128.406491121332,2474.4396095653256,15844.194770542294,1448269.7339711273,245136.25964485327,2474.4396095653256,0.0,692.1436924151988,875.3479916918391,0.0,100,0,0.0,0,0,0.0,0.0,0.0,0.0,0.0,0.0,0,0.0,0.0,0,0,0,0.0959620475769043,0.0,0.0,0.0,False,infeasible,baseline_truck_only,1696580.7116189,875.3479916918391,,,,0.0,False,feasible_only,0.0,,False,,,,
S0056_R03,5602029,nils,S0056,n100_p0.25_d3_uniform_Elow_V2.00_Hlong_PWstrict_B0.20,100,0.25,0.25,3,3,low,2.0,uniform,long,strict,0.2,200.0,40.0,1.0,peripheral,1696580.7116189,700.2783933534711,0.0,0.0,1695880.4332255465,1695880.4332255465,7241.348669855637,6128.406491121332,2474.4396095653256,15844.194770542294,1448269.7339711273,245136.25964485327,2474.4396095653256,0.0,692.1436924151988,875.3479916918391,0.0,100,0,0.0,0,0,0.0,0.0,0.0,0.0,0.0,0.0,0,0.0,0.0,0,450,450,21.573068141937256,25.0,0.0,300.0,False,infeasible,nils_complete,1696580.7116189,875.3479916918391,,0.0,,0.0,False,feasible_only,0.0,,False,,,,
S0056_R04,5602030,truck_only,S0056,n100_p0.25_d3_uniform_Elow_V2.00_Hlong_PWstrict_B0.20,100,0.25,0.25,3,3,low,2.0,uniform,long,strict,0.2,200.0,40.0,1.0,peripheral,1101284.0717690403,662.2199846864364,0.0,0.0,1100621.8517843538,1100621.8517843538,4785.286691735342,3494.360903762609,3790.0772867816604,12069.72488227961,957057.3383470684,139774.43615050436,3790.0772867816604,0.0,651.1580730789607,827.7749808580456,0.0,100,0,0.0,0,0,0.0,0.0,0.0,0.0,0.0,0.0,0,0.0,0.0,0,0,0,0.09688258171081543,0.0,0.0,0.0,False,infeasible,baseline_truck_only,1101284.0717690403,827.7749808580456,,,,0.0,False,feasible_only,0.0,,False,,,,
S0056_R04,5602030,nils,S0056,n100_p0.25_d3_uniform_Elow_V2.00_Hlong_PWstrict_B0.20,100,0.25,0.25,3,3,low,2.0,uniform,long,strict,0.2,200.0,40.0,1.0,peripheral,1101284.0717690403,662.2199846864364,0.0,0.0,1100621.8517843538,1100621.8517843538,4785.286691735342,3494.360903762609,3790.0772867816604,12069.72488227961,957057.3383470684,139774.43615050436,3790.0772867816604,0.0,651.1580730789607,827.7749808580456,0.0,100,0,0.0,0,0,0.0,0.0,0.0,0.0,0.0,0.0,0,0.0,0.0,0,450,450,21.470693826675415,25.0,0.0,375.0,False,infeasible,nils_complete,1101284.0717690403,827.7749808580456,,0.0,,0.0,False,feasible_only,0.0,,False,,,,
S0056_R05,5602031,truck_only,S0056,n100_p0.25_d3_uniform_Elow_V2.00_Hlong_PWstrict_B0.20,100,0.25,0.25,3,3,low,2.0,uniform,long,strict,0.2,200.0,40.0,1.0,peripheral,942879.9061782301,686.092823863013,0.0,0.0,942193.813354367,942193.813354367,3938.386825428731,3754.6986867197547,4328.500799830781,12021.586311979267,787677.3650857462,150187.9474687902,4328.500799830781,0.0,587.929086576831,857.6160298287658,0.0,100,0,0.0,0,0,0.0,0.0,0.0,0.0,0.0,0.0,0,0.0,0.0,0,0,0,0.09996175765991211,0.0,0.0,0.0,False,infeasible,baseline_truck_only,942879.9061782301,857.6160298287658,,,,0.0,False,feasible_only,0.0,,False,,,,
S0056_R05,5602031,nils,S0056,n100_p0.25_d3_uniform_Elow_V2.00_Hlong_PWstrict_B0.20,100,0.25,0.25,3,3,low,2.0,uniform,long,strict,0.2,200.0,40.0,1.0,peripheral,942879.9061782301,686.092823863013,0.0,0.0,942193.813354367,942193.813354367,3938.386825428731,3754.6986867197547,4328.500799830781,12021.586311979267,787677.3650857462,150187.9474687902,4328.500799830781,0.0,587.929086576831,857.6160298287658,0.0,100,0,0.0,0,0,0.0,0.0,0.0,0.0,0.0,0.0,0,0.0,0.0,0,525,525,18.0274178981781,25.0,0.0,225.0,False,infeasible,nils_complete,942879.9061782301,857.6160298287658,,0.0,,0.0,False,feasible_only,0.0,,False,,,,
S0056_R06,5602032,truck_only,S0056,n100_p0.25_d3_uniform_Elow_V2.00_Hlong_PWstrict_B0.20,100,0.25,0.25,3,3,low,2.0,uniform,long,strict,0.2,200.0,40.0,1.0,peripheral,730847.9981879527,683.7937559837749,0.0,0.0,730164.2044319689,730164.2044319689,2950.7953842577404,3336.413949541988,6548.569598741434,12835.778932541161,590159.076851548,133456.55798167954,6548.569598741434,0.0,726.8469112003675,854.7421949797183,0.0,100,0,0.0,0,0,0.0,0.0,0.0,0.0,0.0,0.0,0,0.0,0.0,0,0,0,0.1010582447052002,0.0,0.0,0.0,False,infeasible,baseline_truck_only,730847.9981879527,854.7421949797183,,,,0.0,False,feasible_only,0.0,,False,,,,
S0056_R06,5602032,nils,S0056,n100_p0.25_d3_uniform_Elow_V2.00_Hlong_PWstrict_B0.20,100,0.25,0.25,3,3,low,2.0,uniform,long,strict,0.2,200.0,40.0,1.0,peripheral,730847.9981879527,683.7937559837749,0.0,0.0,730164.2044319689,730164.2044319689,2950.7953842577404,3336.413949541988,6548.569598741434,12835.778932541161,590159.076851548,133456.55798167954,6548.569598741434,0.0,726.8469112003675,854.7421949797183,0.0,100,0,0.0,0,0,0.0,0.0,0.0,0.0,0.0,0.0,0,0.0,0.0,0,300,300,25.090760231018066,25.0,0.0,750.0,False,infeasible,nils_complete,730847.9981879527,854.7421949797183,,0.0,,0.0,False,feasible_only,0.0,,False,,,,
S0056_R07,5602033,truck_only,S0056,n100_p0.25_d3_uniform_Elow_V2.00_Hlong_PWstrict_B0.20,100,0.25,0.25,3,3,low,2.0,uniform,long,strict,0.2,200.0,40.0,1.0,peripheral,1367125.3675085674,667.9881820050161,0.0,0.0,1366457.3793265624,1366457.3793265624,5908.973860790752,4526.769240831249,3591.8375351624127,14027.580636784412,1181794.7721581503,181070.76963324996,3591.8375351624127,0.0,650.1738128230417,834.9852275062701,0.0,100,0,0.0,0,0,0.0,0.0,0.0,0.0,0.0,0.0,0,0.0,0.0,0,0,0,0.09176898002624512,0.0,0.0,0.0,False,infeasible,baseline_truck_only,1367125.3675085674,834.9852275062701,,,,0.0,False,feasible_only,0.0,,False,,,,
S0056_R07,5602033,nils,S0056,n100_p0.25_d3_uniform_Elow_V2.00_Hlong_PWstrict_B0.20,100,0.25,0.25,3,3,low,2.0,uniform,long,strict,0.2,200.0,40.0,1.0,peripheral,1367125.3675085674,667.9881820050161,0.0,0.0,1366457.3793265624,1366457.3793265624,5908.973860790752,4526.769240831249,3591.8375351624127,14027.580636784412,1181794.7721581503,181070.76963324996,3591.8375351624127,0.0,650.1738128230417,834.9852275062701,0.0,100,0,0.0,0,0,0.0,0.0,0.0,0.0,0.0,0.0,0,0.0,0.0,0,150,150,24.49092125892639,25.0,0.0,975.0,False,infeasible,nils_complete,1367125.3675085674,834.9852275062701,,0.0,,0.0,False,feasible_only,0.0,,False,,,,
S0056_R08,5602034,truck_only,S0056,n100_p0.25_d3_uniform_Elow_V2.00_Hlong_PWstrict_B0.20,100,0.25,0.25,3,3,low,2.0,uniform,long,strict,0.2,200.0,40.0,1.0,peripheral,1039693.9547516365,601.6948719397163,0.0,0.0,1039092.2598796968,1039092.2598796968,4404.782451149078,3905.180192947673,1928.561931974247,10238.524576070999,880956.4902298156,156207.20771790692,1928.561931974247,0.0,495.7613041767322,752.1185899246454,0.0,100,0,0.0,0,0,0.0,0.0,0.0,0.0,0.0,0.0,0,0.0,0.0,0,0,0,0.14309358596801758,0.0,0.0,0.0,False,infeasible,baseline_truck_only,1039693.9547516365,752.1185899246454,,,,0.0,False,feasible_only,0.0,,False,,,,
S0056_R08,5602034,nils,S0056,n100_p0.25_d3_uniform_Elow_V2.00_Hlong_PWstrict_B0.20,100,0.25,0.25,3,3,low,2.0,uniform,long,strict,0.2,200.0,40.0,1.0,peripheral,1039693.9547516365,601.6948719397163,0.0,0.0,1039092.2598796968,1039092.2598796968,4404.782451149078,3905.180192947673,1928.561931974247,10238.524576070999,880956.4902298156,156207.20771790692,1928.561931974247,0.0,495.7613041767322,752.1185899246454,0.0,100,0,0.0,0,0,0.0,0.0,0.0,0.0,0.0,0.0,0,0.0,0.0,0,675,675,25.718756914138794,25.0,0.0,975.0,False,infeasible,nils_complete,1039693.9547516365,752.1185899246454,,0.0,,0.0,False,feasible_only,0.0,,False,,,,
S0056_R09,5602035,truck_only,S0056,n100_p0.25_d3_uniform_Elow_V2.00_Hlong_PWstrict_B0.20,100,0.25,0.25,3,3,low,2.0,uniform,long,strict,0.2,200.0,40.0,1.0,peripheral,1030662.1820109513,626.9928401296652,0.0,0.0,1030035.1891708217,1030035.1891708217,4024.8261750816764,5581.220044662,1821.1523680065766,11427.198587750252,804965.2350163353,223248.80178648,1821.1523680065766,0.0,584.3305752796946,783.7410501620816,0.0,100,0,0.0,0,0,0.0,0.0,0.0,0.0,0.0,0.0,0,0.0,0.0,0,0,0,0.09713959693908691,0.0,0.0,0.0,False,infeasible,baseline_truck_only,1030662.1820109513,783.7410501620816,,,,0.0,False,feasible_only,0.0,,False,,,,
S0056_R09,5602035,nils,S0056,n100_p0.25_d3_uniform_Elow_V2.00_Hlong_PWstrict_B0.20,100,0.25,0.25,3,3,low,2.0,uniform,long,strict,0.2,200.0,40.0,1.0,peripheral,1030662.1820109513,626.9928401296652,0.0,0.0,1030035.1891708217,1030035.1891708217,4024.8261750816764,5581.220044662,1821.1523680065766,11427.198587750252,804965.2350163353,223248.80178648,1821.1523680065766,0.0,584.3305752796946,783.7410501620816,0.0,100,0,0.0,0,0,0.0,0.0,0.0,0.0,0.0,0.0,0,0.0,0.0,0,375,375,22.443697690963745,25.0,0.0,525.0,False,infeasible,nils_complete,1030662.1820109513,783.7410501620816,,0.0,,0.0,False,feasible_only,0.0,,False,,,,
S0056_R10,5602036,truck_only,S0056,n100_p0.25_d3_uniform_Elow_V2.00_Hlong_PWstrict_B0.20,100,0.25,0.25,3,3,low,2.0,uniform,long,strict,0.2,200.0,40.0,1.0,peripheral,1186134.1693534218,645.9197982544363,0.0,0.0,1185488.2495551673,1185488.2495551673,5193.9876061704645,3569.9381253399856,3893.2033074748847,12657.129038985335,1038797.5212340929,142797.52501359943,3893.2033074748847,0.0,610.7988820019691,807.3997478180455,0.0,100,0,0.0,0,0,0.0,0.0,0.0,0.0,0.0,0.0,0,0.0,0.0,0,0,0,0.08556652069091797,0.0,0.0,0.0,False,infeasible,baseline_truck_only,1186134.1693534218,807.3997478180455,,,,0.0,False,feasible_only,0.0,,False,,,,
S0056_R10,5602036,nils,S0056,n100_p0.25_d3_uniform_Elow_V2.00_Hlong_PWstrict_B0.20,100,0.25,0.25,3,3,low,2.0,uniform,long,strict,0.2,200.0,40.0,1.0,peripheral,1186134.1693534218,645.9197982544363,0.0,0.0,1185488.2495551673,1185488.2495551673,5193.9876061704645,3569.9381253399856,3893.2033074748847,12657.129038985335,1038797.5212340929,142797.52501359943,3893.2033074748847,0.0,610.7988820019691,807.3997478180455,0.0,100,0,0.0,0,0,0.0,0.0,0.0,0.0,0.0,0.0,0,0.0,0.0,0,675,675,21.775979042053223,25.0,0.0,300.0,False,infeasible,nils_complete,1186134.1693534218,807.3997478180455,,0.0,,0.0,False,feasible_only,0.0,,False,,,,
S0057_R01,5702027,truck_only,S0057,n100_p0.25_d3_uniform_Emedium_V1.25_Hshort_PWbase_B0.20,100,0.25,0.25,3,3,medium,1.25,uniform,short,base,0.2,100.0,20.0,1.0,peripheral,462278.8652113308,660.8062018519952,0.0,0.0,461618.05900947883,461618.05900947883,3669.9905080923145,4604.45016909662,2530.00481831513,10804.445495504064,366999.05080923147,92089.0033819324,2530.00481831513,0.0,548.6732694103397,826.0077523149943,0.0,100,0,0.0,0,0,0.0,0.0,0.0,0.0,0.0,0.0,0,0.0,0.0,0,0,0,0.11128044128417969,0.0,0.0,0.0,False,infeasible,baseline_truck_only,462278.8652113308,826.0077523149943,,,,0.0,False,feasible_only,0.0,,False,,,,
S0057_R01,5702027,nils,S0057,n100_p0.25_d3_uniform_Emedium_V1.25_Hshort_PWbase_B0.20,100,0.25,0.25,3,3,medium,1.25,uniform,short,base,0.2,100.0,20.0,1.0,peripheral,462278.8652113308,660.8062018519952,0.0,0.0,461618.05900947883,461618.05900947883,3669.9905080923145,4604.45016909662,2530.00481831513,10804.445495504064,366999.05080923147,92089.0033819324,2530.00481831513,0.0,548.6732694103397,826.0077523149943,0.0,100,0,0.0,0,0,0.0,0.0,0.0,0.0,0.0,0.0,0,0.0,0.0,0,750,750,26.645257234573364,25.0,0.0,825.0,False,infeasible,nils_complete,462278.8652113308,826.0077523149943,,0.0,,0.0,False,feasible_only,0.0,,False,,,,
S0057_R02,5702028,truck_only,S0057,n100_p0.25_d3_uniform_Emedium_V1.25_Hshort_PWbase_B0.20,100,0.25,0.25,3,3,medium,1.25,uniform,short,base,0.2,100.0,20.0,1.0,peripheral,423298.78587171156,754.5949890427263,0.0,0.0,422544.19088266883,422544.19088266883,3447.3075368408586,3502.108965047971,7771.257897623511,14720.67439951234,344730.75368408585,70042.17930095943,7771.257897623511,0.0,810.2777701142991,943.2437363034084,0.0,100,0,0.0,0,0,0.0,0.0,0.0,0.0,0.0,0.0,0,0.0,0.0,0,0,0,0.10671138763427734,0.0,0.0,0.0,False,infeasible,baseline_truck_only,423298.78587171156,943.2437363034084,,,,0.0,False,feasible_only,0.0,,False,,,,
S0057_R02,5702028,nils,S0057,n100_p0.25_d3_uniform_Emedium_V1.25_Hshort_PWbase_B0.20,100,0.25,0.25,3,3,medium,1.25,uniform,short,base,0.2,100.0,20.0,1.0,peripheral,423298.78587171156,754.5949890427263,0.0,0.0,422544.19088266883,422544.19088266883,3447.3075368408586,3502.108965047971,7771.257897623511,14720.67439951234,344730.75368408585,70042.17930095943,7771.257897623511,0.0,810.2777701142991,943.2437363034084,0.0,100,0,0.0,0,0,0.0,0.0,0.0,0.0,0.0,0.0,0,0.0,0.0,0,1050,1050,22.4544939994812,25.0,0.0,450.0,False,infeasible,nils_complete,423298.78587171156,943.2437363034084,,0.0,,0.0,False,feasible_only,0.0,,False,,,,
S0057_R03,5702029,truck_only,S0057,n100_p0.25_d3_uniform_Emedium_V1.25_Hshort_PWbase_B0.20,100,0.25,0.25,3,3,medium,1.25,uniform,short,base,0.2,100.0,20.0,1.0,peripheral,483452.96235424344,630.3906103250441,0.0,0.0,482822.5717439184,482822.5717439184,4210.725142974399,2946.3721759461655,2822.613927555228,9979.711246475794,421072.51429743995,58927.44351892331,2822.613927555228,0.0,515.9899539886835,787.9882629063053,0.0,100,0,0.0,0,0,0.0,0.0,0.0,0.0,0.0,0.0,0,0.0,0.0,0,0,0,0.10253095626831055,0.0,0.0,0.0,False,infeasible,baseline_truck_only,483452.96235424344,787.9882629063053,,,,0.0,False,feasible_only,0.0,,False,,,,
S0057_R03,5702029,nils,S0057,n100_p0.25_d3_uniform_Emedium_V1.25_Hshort_PWbase_B0.20,100,0.25,0.25,3,3,medium,1.25,uniform,short,base,0.2,100.0,20.0,1.0,peripheral,483452.96235424344,630.3906103250441,0.0,0.0,482822.5717439184,482822.5717439184,4210.725142974399,2946.3721759461655,2822.613927555228,9979.711246475794,421072.51429743995,58927.44351892331,2822.613927555228,0.0,515.9899539886835,787.9882629063053,0.0,100,0,0.0,0,0,0.0,0.0,0.0,0.0,0.0,0.0,0,0.0,0.0,0,750,750,23.297329902648926,25.0,0.0,450.0,False,infeasible,nils_complete,483452.96235424344,787.9882629063053,,0.0,,0.0,False,feasible_only,0.0,,False,,,,
S0057_R04,5702030,truck_only,S0057,n100_p0.25_d3_uniform_Emedium_V1.25_Hshort_PWbase_B0.20,100,0.25,0.25,3,3,medium,1.25,uniform,short,base,0.2,100.0,20.0,1.0,peripheral,529930.4405412696,654.7738647245322,0.0,0.0,529275.666676545,529275.666676545,4346.845690960959,4481.873081151216,4953.635957424903,13782.354729537077,434684.56909609586,89637.46162302431,4953.635957424903,0.0,717.9347796193822,818.4673309056649,0.0,100,0,0.0,0,0,0.0,0.0,0.0,0.0,0.0,0.0,0,0.0,0.0,0,0,0,0.10575056076049805,0.0,0.0,0.0,False,infeasible,baseline_truck_only,529930.4405412696,818.4673309056649,,,,0.0,False,feasible_only,0.0,,False,,,,
S0057_R04,5702030,nils,S0057,n100_p0.25_d3_uniform_Emedium_V1.25_Hshort_PWbase_B0.20,100,0.25,0.25,3,3,medium,1.25,uniform,short,base,0.2,100.0,20.0,1.0,peripheral,529930.4405412696,654.7738647245322,0.0,0.0,529275.666676545,529275.666676545,4346.845690960959,4481.873081151216,4953.635957424903,13782.354729537077,434684.56909609586,89637.46162302431,4953.635957424903,0.0,717.9347796193822,818.4673309056649,0.0,100,0,0.0,0,0,0.0,0.0,0.0,0.0,0.0,0.0,0,0.0,0.0,0,375,375,26.351065635681152,25.0,0.0,975.0,False,infeasible,nils_complete,529930.4405412696,818.4673309056649,,0.0,,0.0,False,feasible_only,0.0,,False,,,,
S0057_R05,5702031,truck_only,S0057,n100_p0.25_d3_uniform_Emedium_V1.25_Hshort_PWbase_B0.20,100,0.25,0.25,3,3,medium,1.25,uniform,short,base,0.2,100.0,20.0,1.0,peripheral,439219.1073403371,658.8089674249352,0.0,0.0,438560.29837291216,438560.29837291216,3482.443308114064,4295.852128131579,4398.924998874245,12177.220435119889,348244.3308114064,85917.04256263157,4398.924998874245,0.0,619.681334333857,823.5112092811695,0.0,100,0,0.0,0,0,0.0,0.0,0.0,0.0,0.0,0.0,0,0.0,0.0,0,0,0,0.10514068603515625,0.0,0.0,0.0,False,infeasible,baseline_truck_only,439219.1073403371,823.5112092811695,,,,0.0,False,feasible_only,0.0,,False,,,,
S0057_R05,5702031,nils,S0057,n100_p0.25_d3_uniform_Emedium_V1.25_Hshort_PWbase_B0.20,100,0.25,0.25,3,3,medium,1.25,uniform,short,base,0.2,100.0,20.0,1.0,peripheral,439219.1073403371,658.8089674249352,0.0,0.0,438560.29837291216,438560.29837291216,3482.443308114064,4295.852128131579,4398.924998874245,12177.220435119889,348244.3308114064,85917.04256263157,4398.924998874245,0.0,619.681334333857,823.5112092811695,0.0,100,0,0.0,0,0,0.0,0.0,0.0,0.0,0.0,0.0,0,0.0,0.0,0,675,675,29.022042274475098,25.0,0.0,1050.0,False,infeasible,nils_complete,439219.1073403371,823.5112092811695,,0.0,,0.0,False,feasible_only,0.0,,False,,,,
S0057_R06,5702032,truck_only,S0057,n100_p0.25_d3_uniform_Emedium_V1.25_Hshort_PWbase_B0.20,100,0.25,0.25,3,3,medium,1.25,uniform,short,base,0.2,100.0,20.0,1.0,peripheral,453087.5023109885,663.6995195642548,0.0,0.0,452423.8027914242,452423.8027914242,3427.8445496898157,5295.3771052111815,3731.805718218961,12455.027373119958,342784.45496898156,105907.54210422363,3731.805718218961,0.0,596.6603816303998,829.6243994553186,0.0,100,0,0.0,0,0,0.0,0.0,0.0,0.0,0.0,0.0,0,0.0,0.0,0,0,0,0.19721770286560059,0.0,0.0,0.0,False,infeasible,baseline_truck_only,453087.5023109885,829.6243994553186,,,,0.0,False,feasible_only,0.0,,False,,,,
S0057_R06,5702032,nils,S0057,n100_p0.25_d3_uniform_Emedium_V1.25_Hshort_PWbase_B0.20,100,0.25,0.25,3,3,medium,1.25,uniform,short,base,0.2,100.0,20.0,1.0,peripheral,453087.5023109885,663.6995195642548,0.0,0.0,452423.8027914242,452423.8027914242,3427.8445496898157,5295.3771052111815,3731.805718218961,12455.027373119958,342784.45496898156,105907.54210422363,3731.805718218961,0.0,596.6603816303998,829.6243994553186,0.0,100,0,0.0,0,0,0.0,0.0,0.0,0.0,0.0,0.0,0,0.0,0.0,0,675,675,27.377573490142822,25.0,0.0,675.0,False,infeasible,nils_complete,453087.5023109885,829.6243994553186,,0.0,,0.0,False,feasible_only,0.0,,False,,,,
S0057_R07,5702033,truck_only,S0057,n100_p0.25_d3_uniform_Emedium_V1.25_Hshort_PWbase_B0.20,100,0.25,0.25,3,3,medium,1.25,uniform,short,base,0.2,100.0,20.0,1.0,peripheral,409787.09829459985,593.5186393441735,0.0,0.0,409193.57965525566,409193.57965525566,3409.506751706238,3279.6936599201795,2649.031286228198,9338.231697854615,340950.6751706238,65593.87319840358,2649.031286228198,0.0,616.9558407095739,741.8982991802167,0.0,100,0,0.0,0,0,0.0,0.0,0.0,0.0,0.0,0.0,0,0.0,0.0,0,0,0,0.10992693901062012,0.0,0.0,0.0,False,infeasible,baseline_truck_only,409787.09829459985,741.8982991802167,,,,0.0,False,feasible_only,0.0,,False,,,,
S0057_R07,5702033,nils,S0057,n100_p0.25_d3_uniform_Emedium_V1.25_Hshort_PWbase_B0.20,100,0.25,0.25,3,3,medium,1.25,uniform,short,base,0.2,100.0,20.0,1.0,peripheral,409787.09829459985,593.5186393441735,0.0,0.0,409193.57965525566,409193.57965525566,3409.506751706238,3279.6936599201795,2649.031286228198,9338.231697854615,340950.6751706238,65593.87319840358,2649.031286228198,0.0,616.9558407095739,741.8982991802167,0.0,100,0,0.0,0,0,0.0,0.0,0.0,0.0,0.0,0.0,0,0.0,0.0,0,675,675,27.300949096679688,25.0,0.0,675.0,False,infeasible,nils_complete,409787.09829459985,741.8982991802167,,0.0,,0.0,False,feasible_only,0.0,,False,,,,
S0057_R08,5702034,truck_only,S0057,n100_p0.25_d3_uniform_Emedium_V1.25_Hshort_PWbase_B0.20,100,0.25,0.25,3,3,medium,1.25,uniform,short,base,0.2,100.0,20.0,1.0,peripheral,866374.4933595282,613.2002247509812,0.0,0.0,865761.2931347772,865761.2931347772,7494.174336617968,5570.324928736707,4937.360898246191,18001.860163600868,749417.4336617969,111406.49857473414,4937.360898246191,0.0,802.0524882432786,766.5002809387263,0.0,100,0,0.0,0,0,0.0,0.0,0.0,0.0,0.0,0.0,0,0.0,0.0,0,0,0,0.10808801651000977,0.0,0.0,0.0,False,infeasible,baseline_truck_only,866374.4933595282,766.5002809387263,,,,0.0,False,feasible_only,0.0,,False,,,,
S0057_R08,5702034,nils,S0057,n100_p0.25_d3_uniform_Emedium_V1.25_Hshort_PWbase_B0.20,100,0.25,0.25,3,3,medium,1.25,uniform,short,base,0.2,100.0,20.0,1.0,peripheral,866374.4933595282,613.2002247509812,0.0,0.0,865761.2931347772,865761.2931347772,7494.174336617968,5570.324928736707,4937.360898246191,18001.860163600868,749417.4336617969,111406.49857473414,4937.360898246191,0.0,802.0524882432786,766.5002809387263,0.0,100,0,0.0,0,0,0.0,0.0,0.0,0.0,0.0,0.0,0,0.0,0.0,0,750,750,25.695664405822754,25.0,0.0,675.0,False,infeasible,nils_complete,866374.4933595282,766.5002809387263,,0.0,,0.0,False,feasible_only,0.0,,False,,,,
S0057_R09,5702035,truck_only,S0057,n100_p0.25_d3_uniform_Emedium_V1.25_Hshort_PWbase_B0.20,100,0.25,0.25,3,3,medium,1.25,uniform,short,base,0.2,100.0,20.0,1.0,peripheral,316029.27083209855,641.1447586903951,0.0,0.0,315388.1260734082,315388.1260734082,2131.6385144865244,4963.970887068811,2944.8568833795102,10040.466284934846,213163.85144865245,99279.41774137622,2944.8568833795102,0.0,591.4424022129294,801.4309483629936,0.0,100,0,0.0,0,0,0.0,0.0,0.0,0.0,0.0,0.0,0,0.0,0.0,0,0,0,0.1425800323486328,0.0,0.0,0.0,False,infeasible,baseline_truck_only,316029.27083209855,801.4309483629936,,,,0.0,False,feasible_only,0.0,,False,,,,
S0057_R09,5702035,nils,S0057,n100_p0.25_d3_uniform_Emedium_V1.25_Hshort_PWbase_B0.20,100,0.25,0.25,3,3,medium,1.25,uniform,short,base,0.2,100.0,20.0,1.0,peripheral,316029.27083209855,641.1447586903951,0.0,0.0,315388.1260734082,315388.1260734082,2131.6385144865244,4963.970887068811,2944.8568833795102,10040.466284934846,213163.85144865245,99279.41774137622,2944.8568833795102,0.0,591.4424022129294,801.4309483629936,0.0,100,0,0.0,0,0,0.0,0.0,0.0,0.0,0.0,0.0,0,0.0,0.0,0,675,675,22.401552438735962,25.0,0.0,375.0,False,infeasible,nils_complete,316029.27083209855,801.4309483629936,,0.0,,0.0,False,feasible_only,0.0,,False,,,,
S0057_R10,5702036,truck_only,S0057,n100_p0.25_d3_uniform_Emedium_V1.25_Hshort_PWbase_B0.20,100,0.25,0.25,3,3,medium,1.25,uniform,short,base,0.2,100.0,20.0,1.0,peripheral,381892.52342676144,663.7967912919503,0.0,0.0,381228.7266354695,381228.7266354695,2756.3693376260353,5019.116530253419,5209.462267797491,12984.948135676947,275636.93376260356,100382.33060506839,5209.462267797491,0.0,658.4978377689222,829.7459891149377,0.0,100,0,0.0,0,0,0.0,0.0,0.0,0.0,0.0,0.0,0,0.0,0.0,0,0,0,0.10090303421020508,0.0,0.0,0.0,False,infeasible,baseline_truck_only,381892.52342676144,829.7459891149377,,,,0.0,False,feasible_only,0.0,,False,,,,
S0057_R10,5702036,nils,S0057,n100_p0.25_d3_uniform_Emedium_V1.25_Hshort_PWbase_B0.20,100,0.25,0.25,3,3,medium,1.25,uniform,short,base,0.2,100.0,20.0,1.0,peripheral,381892.52342676144,663.7967912919503,0.0,0.0,381228.7266354695,381228.7266354695,2756.3693376260353,5019.116530253419,5209.462267797491,12984.948135676947,275636.93376260356,100382.33060506839,5209.462267797491,0.0,658.4978377689222,829.7459891149377,0.0,100,0,0.0,0,0,0.0,0.0,0.0,0.0,0.0,0.0,0,0.0,0.0,0,675,675,18.640673398971558,25.0,0.0,225.0,False,infeasible,nils_complete,381892.52342676144,829.7459891149377,,0.0,,0.0,False,feasible_only,0.0,,False,,,,
S0058_R01,5802027,truck_only,S0058,n100_p0.25_d3_uniform_Emedium_V1.25_Hlong_PWmoderate_B0.20,100,0.25,0.25,3,3,medium,1.25,uniform,long,moderate,0.2,20.0,5.0,1.0,peripheral,137548.61205115623,649.0439401558973,0.0,0.0,136899.56811100035,136899.56811100035,5405.819059854396,4970.132494585363,3932.5244409855663,14308.475995425324,108116.38119708792,24850.662472926815,3932.5244409855663,0.0,666.3408955926716,811.3049251948715,0.0,100,0,0.0,0,0,0.0,0.0,0.0,0.0,0.0,0.0,0,0.0,0.0,0,0,0,0.13657045364379883,0.0,0.0,0.0,False,infeasible,baseline_truck_only,137548.61205115623,811.3049251948715,,,,0.0,False,feasible_only,0.0,,False,,,,
S0058_R01,5802027,nils,S0058,n100_p0.25_d3_uniform_Emedium_V1.25_Hlong_PWmoderate_B0.20,100,0.25,0.25,3,3,medium,1.25,uniform,long,moderate,0.2,20.0,5.0,1.0,peripheral,137548.61205115623,649.0439401558973,0.0,0.0,136899.56811100035,136899.56811100035,5405.819059854396,4970.132494585363,3932.5244409855663,14308.475995425324,108116.38119708792,24850.662472926815,3932.5244409855663,0.0,666.3408955926716,811.3049251948715,0.0,100,0,0.0,0,0,0.0,0.0,0.0,0.0,0.0,0.0,0,0.0,0.0,0,975,975,31.942879915237427,25.0,0.0,750.0,False,infeasible,nils_complete,137548.61205115623,811.3049251948715,,0.0,,0.0,False,feasible_only,0.0,,False,,,,
S0058_R02,5802028,truck_only,S0058,n100_p0.25_d3_uniform_Emedium_V1.25_Hlong_PWmoderate_B0.20,100,0.25,0.25,3,3,medium,1.25,uniform,long,moderate,0.2,20.0,5.0,1.0,peripheral,115395.91578406518,615.882782464596,0.0,0.0,114780.03300160058,114780.03300160058,4522.955984105862,4274.102188209928,2950.4023784337096,11747.460550749498,90459.11968211723,21370.510941049637,2950.4023784337096,0.0,574.2925174190227,769.8534780807446,0.0,100,0,0.0,0,0,0.0,0.0,0.0,0.0,0.0,0.0,0,0.0,0.0,0,0,0,0.09561395645141602,0.0,0.0,0.0,False,infeasible,baseline_truck_only,115395.91578406518,769.8534780807446,,,,0.0,False,feasible_only,0.0,,False,,,,
S0058_R02,5802028,nils,S0058,n100_p0.25_d3_uniform_Emedium_V1.25_Hlong_PWmoderate_B0.20,100,0.25,0.25,3,3,medium,1.25,uniform,long,moderate,0.2,20.0,5.0,1.0,peripheral,115395.91578406518,615.882782464596,0.0,0.0,114780.03300160058,114780.03300160058,4522.955984105862,4274.102188209928,2950.4023784337096,11747.460550749498,90459.11968211723,21370.510941049637,2950.4023784337096,0.0,574.2925174190227,769.8534780807446,0.0,100,0,0.0,0,0,0.0,0.0,0.0,0.0,0.0,0.0,0,0.0,0.0,0,600,600,25.634759187698364,25.0,0.0,600.0,False,infeasible,nils_complete,115395.91578406518,769.8534780807446,,0.0,,0.0,False,feasible_only,0.0,,False,,,,
S0058_R03,5802029,truck_only,S0058,n100_p0.25_d3_uniform_Emedium_V1.25_Hlong_PWmoderate_B0.20,100,0.25,0.25,3,3,medium,1.25,uniform,long,moderate,0.2,20.0,5.0,1.0,peripheral,77702.1056044022,652.7180326560929,0.0,0.0,77049.3875717461,77049.3875717461,2536.685402781311,4575.524795170373,3438.055540268025,10550.26573821971,50733.70805562622,22877.623975851864,3438.055540268025,0.0,575.2299025933299,815.8975408201163,0.0,100,0,0.0,0,0,0.0,0.0,0.0,0.0,0.0,0.0,0,0.0,0.0,0,0,0,0.13598966598510742,0.0,0.0,0.0,False,infeasible,baseline_truck_only,77702.1056044022,815.8975408201163,,,,0.0,False,feasible_only,0.0,,False,,,,
S0058_R03,5802029,nils,S0058,n100_p0.25_d3_uniform_Emedium_V1.25_Hlong_PWmoderate_B0.20,100,0.25,0.25,3,3,medium,1.25,uniform,long,moderate,0.2,20.0,5.0,1.0,peripheral,77702.1056044022,652.7180326560929,0.0,0.0,77049.3875717461,77049.3875717461,2536.685402781311,4575.524795170373,3438.055540268025,10550.26573821971,50733.70805562622,22877.623975851864,3438.055540268025,0.0,575.2299025933299,815.8975408201163,0.0,100,0,0.0,0,0,0.0,0.0,0.0,0.0,0.0,0.0,0,0.0,0.0,0,975,975,25.90019989013672,25.0,0.0,300.0,False,infeasible,nils_complete,77702.1056044022,815.8975408201163,,0.0,,0.0,False,feasible_only,0.0,,False,,,,
S0058_R04,5802030,truck_only,S0058,n100_p0.25_d3_uniform_Emedium_V1.25_Hlong_PWmoderate_B0.20,100,0.25,0.25,3,3,medium,1.25,uniform,long,moderate,0.2,20.0,5.0,1.0,peripheral,102957.15656451756,669.1204568876016,0.0,0.0,102288.03610762996,102288.03610762996,3469.6333998219848,5925.400878683387,3268.363717773301,12663.397996278673,69392.66799643969,29627.004393416937,3268.363717773301,0.0,558.7281685536365,836.4005711095019,0.0,100,0,0.0,0,0,0.0,0.0,0.0,0.0,0.0,0.0,0,0.0,0.0,0,0,0,0.10023856163024902,0.0,0.0,0.0,False,infeasible,baseline_truck_only,102957.15656451756,836.4005711095019,,,,0.0,False,feasible_only,0.0,,False,,,,
S0058_R04,5802030,nils,S0058,n100_p0.25_d3_uniform_Emedium_V1.25_Hlong_PWmoderate_B0.20,100,0.25,0.25,3,3,medium,1.25,uniform,long,moderate,0.2,20.0,5.0,1.0,peripheral,102957.15656451756,669.1204568876016,0.0,0.0,102288.03610762996,102288.03610762996,3469.6333998219848,5925.400878683387,3268.363717773301,12663.397996278673,69392.66799643969,29627.004393416937,3268.363717773301,0.0,558.7281685536365,836.4005711095019,0.0,100,0,0.0,0,0,0.0,0.0,0.0,0.0,0.0,0.0,0,0.0,0.0,0,825,825,23.328638792037964,25.0,0.0,300.0,False,infeasible,nils_complete,102957.15656451756,836.4005711095019,,0.0,,0.0,False,feasible_only,0.0,,False,,,,
S0058_R05,5802031,truck_only,S0058,n100_p0.25_d3_uniform_Emedium_V1.25_Hlong_PWmoderate_B0.20,100,0.25,0.25,3,3,medium,1.25,uniform,long,moderate,0.2,20.0,5.0,1.0,peripheral,118089.74352399439,609.153469092905,0.0,0.0,117480.59005490148,117480.59005490148,4962.039421768822,3212.38581542551,2177.8725423975015,10352.297779591832,99240.78843537644,16061.92907712755,2177.8725423975015,0.0,525.1546292044554,761.441836366131,0.0,100,0,0.0,0,0,0.0,0.0,0.0,0.0,0.0,0.0,0,0.0,0.0,0,0,0,0.09292984008789062,0.0,0.0,0.0,False,infeasible,baseline_truck_only,118089.74352399439,761.441836366131,,,,0.0,False,feasible_only,0.0,,False,,,,
S0058_R05,5802031,nils,S0058,n100_p0.25_d3_uniform_Emedium_V1.25_Hlong_PWmoderate_B0.20,100,0.25,0.25,3,3,medium,1.25,uniform,long,moderate,0.2,20.0,5.0,1.0,peripheral,118089.74352399439,609.153469092905,0.0,0.0,117480.59005490148,117480.59005490148,4962.039421768822,3212.38581542551,2177.8725423975015,10352.297779591832,99240.78843537644,16061.92907712755,2177.8725423975015,0.0,525.1546292044554,761.441836366131,0.0,100,0,0.0,0,0,0.0,0.0,0.0,0.0,0.0,0.0,0,0.0,0.0,0,525,525,27.631032466888428,25.0,0.0,1125.0,False,infeasible,nils_complete,118089.74352399439,761.441836366131,,0.0,,0.0,False,feasible_only,0.0,,False,,,,
S0058_R06,5802032,truck_only,S0058,n100_p0.25_d3_uniform_Emedium_V1.25_Hlong_PWmoderate_B0.20,100,0.25,0.25,3,3,medium,1.25,uniform,long,moderate,0.2,20.0,5.0,1.0,peripheral,163488.06114744008,662.7303079458314,0.0,0.0,162825.33083949424,162825.33083949424,6577.367294681155,5458.611878121625,3984.925555263042,16020.904728065821,131547.3458936231,27293.059390608123,3984.925555263042,0.0,714.4017462155441,828.4128849322896,0.0,100,0,0.0,0,0,0.0,0.0,0.0,0.0,0.0,0.0,0,0.0,0.0,0,0,0,0.10238885879516602,0.0,0.0,0.0,False,infeasible,baseline_truck_only,163488.06114744008,828.4128849322896,,,,0.0,False,feasible_only,0.0,,False,,,,
S0058_R06,5802032,nils,S0058,n100_p0.25_d3_uniform_Emedium_V1.25_Hlong_PWmoderate_B0.20,100,0.25,0.25,3,3,medium,1.25,uniform,long,moderate,0.2,20.0,5.0,1.0,peripheral,163488.06114744008,662.7303079458314,0.0,0.0,162825.33083949424,162825.33083949424,6577.367294681155,5458.611878121625,3984.925555263042,16020.904728065821,131547.3458936231,27293.059390608123,3984.925555263042,0.0,714.4017462155441,828.4128849322896,0.0,100,0,0.0,0,0,0.0,0.0,0.0,0.0,0.0,0.0,0,0.0,0.0,0,900,900,24.642459630966187,25.0,0.0,375.0,False,infeasible,nils_complete,163488.06114744008,828.4128849322896,,0.0,,0.0,False,feasible_only,0.0,,False,,,,
S0058_R07,5802033,truck_only,S0058,n100_p0.25_d3_uniform_Emedium_V1.25_Hlong_PWmoderate_B0.20,100,0.25,0.25,3,3,medium,1.25,uniform,long,moderate,0.2,20.0,5.0,1.0,peripheral,127971.54933937173,677.472406199894,0.0,0.0,127294.07693317183,127294.07693317183,4647.914796345641,6413.877439975371,2266.393806382159,13328.186042703172,92958.29592691282,32069.387199876855,2266.393806382159,0.0,691.1558523744202,846.840507749867,0.0,100,0,0.0,0,0,0.0,0.0,0.0,0.0,0.0,0.0,0,0.0,0.0,0,0,0,0.1312274932861328,0.0,0.0,0.0,False,infeasible,baseline_truck_only,127971.54933937173,846.840507749867,,,,0.0,False,feasible_only,0.0,,False,,,,
S0058_R07,5802033,nils,S0058,n100_p0.25_d3_uniform_Emedium_V1.25_Hlong_PWmoderate_B0.20,100,0.25,0.25,3,3,medium,1.25,uniform,long,moderate,0.2,20.0,5.0,1.0,peripheral,127971.54933937173,677.472406199894,0.0,0.0,127294.07693317183,127294.07693317183,4647.914796345641,6413.877439975371,2266.393806382159,13328.186042703172,92958.29592691282,32069.387199876855,2266.393806382159,0.0,691.1558523744202,846.840507749867,0.0,100,0,0.0,0,0,0.0,0.0,0.0,0.0,0.0,0.0,0,0.0,0.0,0,525,525,29.703277111053467,25.0,0.0,1050.0,False,infeasible,nils_complete,127971.54933937173,846.840507749867,,0.0,,0.0,False,feasible_only,0.0,,False,,,,
S0058_R08,5802034,truck_only,S0058,n100_p0.25_d3_uniform_Emedium_V1.25_Hlong_PWmoderate_B0.20,100,0.25,0.25,3,3,medium,1.25,uniform,long,moderate,0.2,20.0,5.0,1.0,peripheral,125054.29305388448,658.2957480382171,0.0,0.0,124395.99730584626,124395.99730584626,4968.41701609926,4325.8216478273125,3398.5487447245273,12692.787408651098,99368.34032198519,21629.108239136563,3398.5487447245273,0.0,570.5209685259985,822.8696850477716,0.0,100,0,0.0,0,0,0.0,0.0,0.0,0.0,0.0,0.0,0,0.0,0.0,0,0,0,0.11260461807250977,0.0,0.0,0.0,False,infeasible,baseline_truck_only,125054.29305388448,822.8696850477716,,,,0.0,False,feasible_only,0.0,,False,,,,
S0058_R08,5802034,nils,S0058,n100_p0.25_d3_uniform_Emedium_V1.25_Hlong_PWmoderate_B0.20,100,0.25,0.25,3,3,medium,1.25,uniform,long,moderate,0.2,20.0,5.0,1.0,peripheral,125054.29305388448,658.2957480382171,0.0,0.0,124395.99730584626,124395.99730584626,4968.41701609926,4325.8216478273125,3398.5487447245273,12692.787408651098,99368.34032198519,21629.108239136563,3398.5487447245273,0.0,570.5209685259985,822.8696850477716,0.0,100,0,0.0,0,0,0.0,0.0,0.0,0.0,0.0,0.0,0,0.0,0.0,0,1125,1125,24.51289391517639,25.0,0.0,300.0,False,infeasible,nils_complete,125054.29305388448,822.8696850477716,,0.0,,0.0,False,feasible_only,0.0,,False,,,,
S0058_R09,5802035,truck_only,S0058,n100_p0.25_d3_uniform_Emedium_V1.25_Hlong_PWmoderate_B0.20,100,0.25,0.25,3,3,medium,1.25,uniform,long,moderate,0.2,20.0,5.0,1.0,peripheral,125114.2051114543,657.7804136548541,0.0,0.0,124456.42469779945,124456.42469779945,5149.981587383994,3262.951334050046,5142.036279869338,13554.969201303378,102999.63174767989,16314.75667025023,5142.036279869338,0.0,748.1929136072516,822.2255170685676,0.0,100,0,0.0,0,0,0.0,0.0,0.0,0.0,0.0,0.0,0,0.0,0.0,0,0,0,0.09317874908447266,0.0,0.0,0.0,False,infeasible,baseline_truck_only,125114.2051114543,822.2255170685676,,,,0.0,False,feasible_only,0.0,,False,,,,
S0058_R09,5802035,nils,S0058,n100_p0.25_d3_uniform_Emedium_V1.25_Hlong_PWmoderate_B0.20,100,0.25,0.25,3,3,medium,1.25,uniform,long,moderate,0.2,20.0,5.0,1.0,peripheral,125114.2051114543,657.7804136548541,0.0,0.0,124456.42469779945,124456.42469779945,5149.981587383994,3262.951334050046,5142.036279869338,13554.969201303378,102999.63174767989,16314.75667025023,5142.036279869338,0.0,748.1929136072516,822.2255170685676,0.0,100,0,0.0,0,0,0.0,0.0,0.0,0.0,0.0,0.0,0,0.0,0.0,0,825,825,27.380943536758423,25.0,0.0,525.0,False,infeasible,nils_complete,125114.2051114543,822.2255170685676,,0.0,,0.0,False,feasible_only,0.0,,False,,,,
S0058_R10,5802036,truck_only,S0058,n100_p0.25_d3_uniform_Emedium_V1.25_Hlong_PWmoderate_B0.20,100,0.25,0.25,3,3,medium,1.25,uniform,long,moderate,0.2,20.0,5.0,1.0,peripheral,107038.55891637842,610.9602645414818,0.0,0.0,106427.59865183693,106427.59865183693,4304.407818788588,3605.519575282879,2311.8443996507795,10221.771793722246,86088.15637577177,18027.597876414395,2311.8443996507795,0.0,471.95739706442686,763.7003306768522,0.0,100,0,0.0,0,0,0.0,0.0,0.0,0.0,0.0,0.0,0,0.0,0.0,0,0,0,0.212432861328125,0.0,0.0,0.0,True,feasible,baseline_truck_only,107038.55891637842,763.7003306768522,,,,0.0,True,feasible_only,0.0,107038.55891637842,True,107038.55891637842,,,
S0058_R10,5802036,nils,S0058,n100_p0.25_d3_uniform_Emedium_V1.25_Hlong_PWmoderate_B0.20,100,0.25,0.25,3,3,medium,1.25,uniform,long,moderate,0.2,20.0,5.0,1.0,peripheral,22547.977334264862,287.629336418118,10.367978255839962,0.0,22249.980019590905,22249.980019590905,976.0581952291515,545.489400353004,1.3691132428596404,1522.9167088250151,19521.16390458303,2727.44700176502,1.3691132428596404,0.0,252.1326025436763,359.53667052264757,34.55992751946654,98,2,0.02,1,1,2.0,2.0,0.0,0.0,0.0,0.0,0,0.7053100897132434,0.7053100897132434,0,860,860,11.320251941680908,25.0,2.0,313.0,True,feasible,nils_complete,107038.55891637842,763.7003306768522,,78.93471515075235,,52.92176052824313,True,feasible_only,0.0,22547.977334264862,True,107038.55891637842,,78.93471515075235,
S0059_R01,5902027,truck_only,S0059,n100_p0.25_d3_uniform_Emedium_V2.00_Hshort_PWflat_B0.20,100,0.25,0.25,3,3,medium,2.0,uniform,short,flat,0.2,1.0,1.0,1.0,peripheral,12200.910306896769,628.5225711116907,0.0,0.0,11572.387735785078,11572.387735785078,4163.9516496313845,4023.7215650091885,3384.7145211445054,11572.387735785078,4163.9516496313845,4023.7215650091885,3384.7145211445054,0.0,628.0718332443421,785.6532138896133,0.0,100,0,0.0,0,0,0.0,0.0,0.0,0.0,0.0,0.0,0,0.0,0.0,0,0,0,0.20395183563232422,0.0,0.0,0.0,False,infeasible,baseline_truck_only,12200.910306896769,785.6532138896133,,,,0.0,False,feasible_only,0.0,,False,,,,
S0059_R01,5902027,nils,S0059,n100_p0.25_d3_uniform_Emedium_V2.00_Hshort_PWflat_B0.20,100,0.25,0.25,3,3,medium,2.0,uniform,short,flat,0.2,1.0,1.0,1.0,peripheral,12200.910306896769,628.5225711116907,0.0,0.0,11572.387735785078,11572.387735785078,4163.9516496313845,4023.7215650091885,3384.7145211445054,11572.387735785078,4163.9516496313845,4023.7215650091885,3384.7145211445054,0.0,628.0718332443421,785.6532138896133,0.0,100,0,0.0,0,0,0.0,0.0,0.0,0.0,0.0,0.0,0,0.0,0.0,0,0,0,34.477683305740356,25.0,0.0,600.0,False,infeasible,nils_complete,12200.910306896769,785.6532138896133,,0.0,,0.0,False,feasible_only,0.0,,False,,,,
S0059_R02,5902028,truck_only,S0059,n100_p0.25_d3_uniform_Emedium_V2.00_Hshort_PWflat_B0.20,100,0.25,0.25,3,3,medium,2.0,uniform,short,flat,0.2,1.0,1.0,1.0,peripheral,12207.422496041198,650.778790347486,0.0,0.0,11556.643705693712,11556.643705693712,3211.38904005079,5090.224374076594,3255.030291566326,11556.64370569371,3211.38904005079,5090.224374076594,3255.030291566326,0.0,528.2515878200816,813.4734879343572,0.0,100,0,0.0,0,0,0.0,0.0,0.0,0.0,0.0,0.0,0,0.0,0.0,0,0,0,0.1263902187347412,0.0,0.0,0.0,False,infeasible,baseline_truck_only,12207.422496041198,813.4734879343572,,,,0.0,False,feasible_only,0.0,,False,,,,
S0059_R02,5902028,nils,S0059,n100_p0.25_d3_uniform_Emedium_V2.00_Hshort_PWflat_B0.20,100,0.25,0.25,3,3,medium,2.0,uniform,short,flat,0.2,1.0,1.0,1.0,peripheral,12207.422496041198,650.778790347486,0.0,0.0,11556.643705693712,11556.643705693712,3211.38904005079,5090.224374076594,3255.030291566326,11556.64370569371,3211.38904005079,5090.224374076594,3255.030291566326,0.0,528.2515878200816,813.4734879343572,0.0,100,0,0.0,0,0,0.0,0.0,0.0,0.0,0.0,0.0,0,0.0,0.0,0,0,0,29.63221025466919,25.0,0.0,975.0,False,infeasible,nils_complete,12207.422496041198,813.4734879343572,,0.0,,0.0,False,feasible_only,0.0,,False,,,,
S0059_R03,5902029,truck_only,S0059,n100_p0.25_d3_uniform_Emedium_V2.00_Hshort_PWflat_B0.20,100,0.25,0.25,3,3,medium,2.0,uniform,short,flat,0.2,1.0,1.0,1.0,peripheral,13745.39726381691,657.6182729450693,0.0,0.0,13087.778990871842,13087.778990871842,5057.695122897908,4838.164758978742,3191.9191089952,13087.77899087185,5057.695122897908,4838.164758978742,3191.9191089952,0.0,568.2808117989667,822.0228411813366,0.0,100,0,0.0,0,0,0.0,0.0,0.0,0.0,0.0,0.0,0,0.0,0.0,0,0,0,0.09041571617126465,0.0,0.0,0.0,False,infeasible,baseline_truck_only,13745.39726381691,822.0228411813366,,,,0.0,False,feasible_only,0.0,,False,,,,
S0059_R03,5902029,nils,S0059,n100_p0.25_d3_uniform_Emedium_V2.00_Hshort_PWflat_B0.20,100,0.25,0.25,3,3,medium,2.0,uniform,short,flat,0.2,1.0,1.0,1.0,peripheral,13745.39726381691,657.6182729450693,0.0,0.0,13087.778990871842,13087.778990871842,5057.695122897908,4838.164758978742,3191.9191089952,13087.77899087185,5057.695122897908,4838.164758978742,3191.9191089952,0.0,568.2808117989667,822.0228411813366,0.0,100,0,0.0,0,0,0.0,0.0,0.0,0.0,0.0,0.0,0,0.0,0.0,0,0,0,26.493911027908325,25.0,0.0,300.0,False,infeasible,nils_complete,13745.39726381691,822.0228411813366,,0.0,,0.0,False,feasible_only,0.0,,False,,,,
S0059_R04,5902030,truck_only,S0059,n100_p0.25_d3_uniform_Emedium_V2.00_Hshort_PWflat_B0.20,100,0.25,0.25,3,3,medium,2.0,uniform,short,flat,0.2,1.0,1.0,1.0,peripheral,13154.095064929392,713.9130887661944,0.0,0.0,12440.181976163198,12440.181976163198,3535.5722582194244,5041.181386360435,3863.4283315833404,12440.1819761632,3535.5722582194244,5041.181386360435,3863.4283315833404,0.0,564.7595810932727,892.391360957743,0.0,100,0,0.0,0,0,0.0,0.0,0.0,0.0,0.0,0.0,0,0.0,0.0,0,0,0,0.10299491882324219,0.0,0.0,0.0,False,infeasible,baseline_truck_only,13154.095064929392,892.391360957743,,,,0.0,False,feasible_only,0.0,,False,,,,
S0059_R04,5902030,nils,S0059,n100_p0.25_d3_uniform_Emedium_V2.00_Hshort_PWflat_B0.20,100,0.25,0.25,3,3,medium,2.0,uniform,short,flat,0.2,1.0,1.0,1.0,peripheral,13154.095064929392,713.9130887661944,0.0,0.0,12440.181976163198,12440.181976163198,3535.5722582194244,5041.181386360435,3863.4283315833404,12440.1819761632,3535.5722582194244,5041.181386360435,3863.4283315833404,0.0,564.7595810932727,892.391360957743,0.0,100,0,0.0,0,0,0.0,0.0,0.0,0.0,0.0,0.0,0,0.0,0.0,0,0,0,4.806180238723755,25.0,0.0,0.0,False,infeasible,nils_complete,13154.095064929392,892.391360957743,,0.0,,0.0,False,feasible_only,0.0,,False,,,,
S0059_R05,5902031,truck_only,S0059,n100_p0.25_d3_uniform_Emedium_V2.00_Hshort_PWflat_B0.20,100,0.25,0.25,3,3,medium,2.0,uniform,short,flat,0.2,1.0,1.0,1.0,peripheral,12542.762222148805,675.2894783050494,0.0,0.0,11867.472743843757,11867.472743843757,3837.9414124836157,3629.19163417911,4400.339697181035,11867.472743843762,3837.9414124836157,3629.19163417911,4400.339697181035,0.0,586.0785255272602,844.1118478813119,0.0,100,0,0.0,0,0,0.0,0.0,0.0,0.0,0.0,0.0,0,0.0,0.0,0,0,0,0.15098285675048828,0.0,0.0,0.0,False,infeasible,baseline_truck_only,12542.762222148805,844.1118478813119,,,,0.0,False,feasible_only,0.0,,False,,,,
S0059_R05,5902031,nils,S0059,n100_p0.25_d3_uniform_Emedium_V2.00_Hshort_PWflat_B0.20,100,0.25,0.25,3,3,medium,2.0,uniform,short,flat,0.2,1.0,1.0,1.0,peripheral,12542.762222148805,675.2894783050494,0.0,0.0,11867.472743843757,11867.472743843757,3837.9414124836157,3629.19163417911,4400.339697181035,11867.472743843762,3837.9414124836157,3629.19163417911,4400.339697181035,0.0,586.0785255272602,844.1118478813119,0.0,100,0,0.0,0,0,0.0,0.0,0.0,0.0,0.0,0.0,0,0.0,0.0,0,0,0,35.15216660499573,25.0,0.0,975.0,False,infeasible,nils_complete,12542.762222148805,844.1118478813119,,0.0,,0.0,False,feasible_only,0.0,,False,,,,
S0059_R06,5902032,truck_only,S0059,n100_p0.25_d3_uniform_Emedium_V2.00_Hshort_PWflat_B0.20,100,0.25,0.25,3,3,medium,2.0,uniform,short,flat,0.2,1.0,1.0,1.0,peripheral,16767.68277879666,710.9679884771073,0.0,0.0,16056.714790319555,16056.714790319555,6393.372474063219,5140.220185199575,4523.122131056755,16056.714790319551,6393.372474063219,5140.220185199575,4523.122131056755,0.0,702.5496685739209,888.7099855963842,0.0,100,0,0.0,0,0,0.0,0.0,0.0,0.0,0.0,0.0,0,0.0,0.0,0,0,0,0.14090633392333984,0.0,0.0,0.0,False,infeasible,baseline_truck_only,16767.68277879666,888.7099855963842,,,,0.0,False,feasible_only,0.0,,False,,,,
S0059_R06,5902032,nils,S0059,n100_p0.25_d3_uniform_Emedium_V2.00_Hshort_PWflat_B0.20,100,0.25,0.25,3,3,medium,2.0,uniform,short,flat,0.2,1.0,1.0,1.0,peripheral,16767.68277879666,710.9679884771073,0.0,0.0,16056.714790319555,16056.714790319555,6393.372474063219,5140.220185199575,4523.122131056755,16056.714790319551,6393.372474063219,5140.220185199575,4523.122131056755,0.0,702.5496685739209,888.7099855963842,0.0,100,0,0.0,0,0,0.0,0.0,0.0,0.0,0.0,0.0,0,0.0,0.0,0,0,0,26.434427976608276,25.0,0.0,375.0,False,infeasible,nils_complete,16767.68277879666,888.7099855963842,,0.0,,0.0,False,feasible_only,0.0,,False,,,,
S0059_R07,5902033,truck_only,S0059,n100_p0.25_d3_uniform_Emedium_V2.00_Hshort_PWflat_B0.20,100,0.25,0.25,3,3,medium,2.0,uniform,short,flat,0.2,1.0,1.0,1.0,peripheral,12894.154626858674,661.1163264663203,0.0,0.0,12233.038300392353,12233.038300392353,3514.4817052335816,4690.423688162756,4028.132906996015,12233.038300392353,3514.4817052335816,4690.423688162756,4028.132906996015,0.0,700.2770340491119,826.3954080829003,0.0,100,0,0.0,0,0,0.0,0.0,0.0,0.0,0.0,0.0,0,0.0,0.0,0,0,0,0.10816049575805664,0.0,0.0,0.0,False,infeasible,baseline_truck_only,12894.154626858674,826.3954080829003,,,,0.0,False,feasible_only,0.0,,False,,,,
S0059_R07,5902033,nils,S0059,n100_p0.25_d3_uniform_Emedium_V2.00_Hshort_PWflat_B0.20,100,0.25,0.25,3,3,medium,2.0,uniform,short,flat,0.2,1.0,1.0,1.0,peripheral,12894.154626858674,661.1163264663203,0.0,0.0,12233.038300392353,12233.038300392353,3514.4817052335816,4690.423688162756,4028.132906996015,12233.038300392353,3514.4817052335816,4690.423688162756,4028.132906996015,0.0,700.2770340491119,826.3954080829003,0.0,100,0,0.0,0,0,0.0,0.0,0.0,0.0,0.0,0.0,0,0.0,0.0,0,0,0,31.24399757385254,25.0,0.0,1200.0,False,infeasible,nils_complete,12894.154626858674,826.3954080829003,,0.0,,0.0,False,feasible_only,0.0,,False,,,,
S0059_R08,5902034,truck_only,S0059,n100_p0.25_d3_uniform_Emedium_V2.00_Hshort_PWflat_B0.20,100,0.25,0.25,3,3,medium,2.0,uniform,short,flat,0.2,1.0,1.0,1.0,peripheral,16226.667487752205,727.3853016290113,0.0,0.0,15499.282186123193,15499.282186123193,3289.049525022494,6437.302811241902,5772.929849858796,15499.282186123193,3289.049525022494,6437.302811241902,5772.929849858796,0.0,762.9502551226135,909.2316270362643,0.0,100,0,0.0,0,0,0.0,0.0,0.0,0.0,0.0,0.0,0,0.0,0.0,0,0,0,0.10164189338684082,0.0,0.0,0.0,False,infeasible,baseline_truck_only,16226.667487752205,909.2316270362643,,,,0.0,False,feasible_only,0.0,,False,,,,
S0059_R08,5902034,nils,S0059,n100_p0.25_d3_uniform_Emedium_V2.00_Hshort_PWflat_B0.20,100,0.25,0.25,3,3,medium,2.0,uniform,short,flat,0.2,1.0,1.0,1.0,peripheral,16226.667487752205,727.3853016290113,0.0,0.0,15499.282186123193,15499.282186123193,3289.049525022494,6437.302811241902,5772.929849858796,15499.282186123193,3289.049525022494,6437.302811241902,5772.929849858796,0.0,762.9502551226135,909.2316270362643,0.0,100,0,0.0,0,0,0.0,0.0,0.0,0.0,0.0,0.0,0,0.0,0.0,0,0,0,37.663333892822266,25.0,0.0,975.0,False,infeasible,nils_complete,16226.667487752205,909.2316270362643,,0.0,,0.0,False,feasible_only,0.0,,False,,,,
S0059_R09,5902035,truck_only,S0059,n100_p0.25_d3_uniform_Emedium_V2.00_Hshort_PWflat_B0.20,100,0.25,0.25,3,3,medium,2.0,uniform,short,flat,0.2,1.0,1.0,1.0,peripheral,11263.421617375376,619.1284215193465,0.0,0.0,10644.29319585603,10644.29319585603,4270.180568177712,3569.0842689374176,2805.0283587408994,10644.29319585603,4270.180568177712,3569.0842689374176,2805.0283587408994,0.0,517.3139315555428,773.9105268991829,0.0,100,0,0.0,0,0,0.0,0.0,0.0,0.0,0.0,0.0,0,0.0,0.0,0,0,0,0.16290879249572754,0.0,0.0,0.0,False,infeasible,baseline_truck_only,11263.421617375376,773.9105268991829,,,,0.0,False,feasible_only,0.0,,False,,,,
S0059_R09,5902035,nils,S0059,n100_p0.25_d3_uniform_Emedium_V2.00_Hshort_PWflat_B0.20,100,0.25,0.25,3,3,medium,2.0,uniform,short,flat,0.2,1.0,1.0,1.0,peripheral,11263.421617375376,619.1284215193465,0.0,0.0,10644.29319585603,10644.29319585603,4270.180568177712,3569.0842689374176,2805.0283587408994,10644.29319585603,4270.180568177712,3569.0842689374176,2805.0283587408994,0.0,517.3139315555428,773.9105268991829,0.0,100,0,0.0,0,0,0.0,0.0,0.0,0.0,0.0,0.0,0,0.0,0.0,0,0,0,26.181438446044922,25.0,0.0,450.0,False,infeasible,nils_complete,11263.421617375376,773.9105268991829,,0.0,,0.0,False,feasible_only,0.0,,False,,,,
S0059_R10,5902036,truck_only,S0059,n100_p0.25_d3_uniform_Emedium_V2.00_Hshort_PWflat_B0.20,100,0.25,0.25,3,3,medium,2.0,uniform,short,flat,0.2,1.0,1.0,1.0,peripheral,10598.24034526768,632.4500085726859,0.0,0.0,9965.790336694996,9965.790336694996,3478.07240375362,4132.253511917496,2355.46442102388,9965.790336694996,3478.07240375362,4132.253511917496,2355.46442102388,0.0,556.1728424720554,790.5625107158572,0.0,100,0,0.0,0,0,0.0,0.0,0.0,0.0,0.0,0.0,0,0.0,0.0,0,0,0,0.0881657600402832,0.0,0.0,0.0,False,infeasible,baseline_truck_only,10598.24034526768,790.5625107158572,,,,0.0,False,feasible_only,0.0,,False,,,,
S0059_R10,5902036,nils,S0059,n100_p0.25_d3_uniform_Emedium_V2.00_Hshort_PWflat_B0.20,100,0.25,0.25,3,3,medium,2.0,uniform,short,flat,0.2,1.0,1.0,1.0,peripheral,10598.24034526768,632.4500085726859,0.0,0.0,9965.790336694996,9965.790336694996,3478.07240375362,4132.253511917496,2355.46442102388,9965.790336694996,3478.07240375362,4132.253511917496,2355.46442102388,0.0,556.1728424720554,790.5625107158572,0.0,100,0,0.0,0,0,0.0,0.0,0.0,0.0,0.0,0.0,0,0.0,0.0,0,0,0,23.618163108825684,25.0,0.0,600.0,False,infeasible,nils_complete,10598.24034526768,790.5625107158572,,0.0,,0.0,False,feasible_only,0.0,,False,,,,
S0060_R01,6002027,truck_only,S0060,n100_p0.25_d3_uniform_Ehigh_V1.25_Hshort_PWflat_B0.20,100,0.25,0.25,3,3,high,1.25,uniform,short,flat,0.2,1.0,1.0,1.0,peripheral,12031.26737650457,634.4235936970659,0.0,0.0,11396.843782807504,11396.843782807504,3017.161402864748,4665.452770943405,3714.22960899935,11396.843782807504,3017.161402864748,4665.452770943405,3714.22960899935,0.0,575.6943388415353,793.0294921213324,0.0,100,0,0.0,0,0,0.0,0.0,0.0,0.0,0.0,0.0,0,0.0,0.0,0,0,0,0.12738585472106934,0.0,0.0,0.0,False,infeasible,baseline_truck_only,12031.26737650457,793.0294921213324,,,,0.0,False,feasible_only,0.0,,False,,,,
S0060_R01,6002027,nils,S0060,n100_p0.25_d3_uniform_Ehigh_V1.25_Hshort_PWflat_B0.20,100,0.25,0.25,3,3,high,1.25,uniform,short,flat,0.2,1.0,1.0,1.0,peripheral,12031.26737650457,634.4235936970659,0.0,0.0,11396.843782807504,11396.843782807504,3017.161402864748,4665.452770943405,3714.22960899935,11396.843782807504,3017.161402864748,4665.452770943405,3714.22960899935,0.0,575.6943388415353,793.0294921213324,0.0,100,0,0.0,0,0,0.0,0.0,0.0,0.0,0.0,0.0,0,0.0,0.0,0,0,0,24.994866132736206,25.0,0.0,1125.0,False,infeasible,nils_complete,12031.26737650457,793.0294921213324,,0.0,,0.0,False,feasible_only,0.0,,False,,,,
S0060_R02,6002028,truck_only,S0060,n100_p0.25_d3_uniform_Ehigh_V1.25_Hshort_PWflat_B0.20,100,0.25,0.25,3,3,high,1.25,uniform,short,flat,0.2,1.0,1.0,1.0,peripheral,16562.086374247254,671.9558822504222,0.0,0.0,15890.130491996833,15890.130491996833,6662.073821663995,5406.082946233493,3821.9737240993463,15890.130491996835,6662.073821663995,5406.082946233493,3821.9737240993463,0.0,678.3986228896504,839.944852813028,0.0,100,0,0.0,0,0,0.0,0.0,0.0,0.0,0.0,0.0,0,0.0,0.0,0,0,0,0.08913540840148926,0.0,0.0,0.0,False,infeasible,baseline_truck_only,16562.086374247254,839.944852813028,,,,0.0,False,feasible_only,0.0,,False,,,,
S0060_R02,6002028,nils,S0060,n100_p0.25_d3_uniform_Ehigh_V1.25_Hshort_PWflat_B0.20,100,0.25,0.25,3,3,high,1.25,uniform,short,flat,0.2,1.0,1.0,1.0,peripheral,16562.086374247254,671.9558822504222,0.0,0.0,15890.130491996833,15890.130491996833,6662.073821663995,5406.082946233493,3821.9737240993463,15890.130491996835,6662.073821663995,5406.082946233493,3821.9737240993463,0.0,678.3986228896504,839.944852813028,0.0,100,0,0.0,0,0,0.0,0.0,0.0,0.0,0.0,0.0,0,0.0,0.0,0,150,150,22.081950664520264,25.0,0.0,600.0,False,infeasible,nils_complete,16562.086374247254,839.944852813028,,0.0,,0.0,False,feasible_only,0.0,,False,,,,
S0060_R03,6002029,truck_only,S0060,n100_p0.25_d3_uniform_Ehigh_V1.25_Hshort_PWflat_B0.20,100,0.25,0.25,3,3,high,1.25,uniform,short,flat,0.2,1.0,1.0,1.0,peripheral,11155.224216922892,632.9405864708356,0.0,0.0,10522.283630452057,10522.283630452057,3351.8741831964926,4554.0982444294705,2616.3112028260934,10522.283630452057,3351.8741831964926,4554.0982444294705,2616.3112028260934,0.0,588.7462644431307,791.175733088545,0.0,100,0,0.0,0,0,0.0,0.0,0.0,0.0,0.0,0.0,0,0.0,0.0,0,0,0,0.12050127983093262,0.0,0.0,0.0,False,infeasible,baseline_truck_only,11155.224216922892,791.175733088545,,,,0.0,False,feasible_only,0.0,,False,,,,
S0060_R03,6002029,nils,S0060,n100_p0.25_d3_uniform_Ehigh_V1.25_Hshort_PWflat_B0.20,100,0.25,0.25,3,3,high,1.25,uniform,short,flat,0.2,1.0,1.0,1.0,peripheral,11155.224216922892,632.9405864708356,0.0,0.0,10522.283630452057,10522.283630452057,3351.8741831964926,4554.0982444294705,2616.3112028260934,10522.283630452057,3351.8741831964926,4554.0982444294705,2616.3112028260934,0.0,588.7462644431307,791.175733088545,0.0,100,0,0.0,0,0,0.0,0.0,0.0,0.0,0.0,0.0,0,0.0,0.0,0,300,300,24.8237202167511,25.0,0.0,1050.0,False,infeasible,nils_complete,11155.224216922892,791.175733088545,,0.0,,0.0,False,feasible_only,0.0,,False,,,,
S0060_R04,6002030,truck_only,S0060,n100_p0.25_d3_uniform_Ehigh_V1.25_Hshort_PWflat_B0.20,100,0.25,0.25,3,3,high,1.25,uniform,short,flat,0.2,1.0,1.0,1.0,peripheral,10297.838027711558,563.8919489141857,0.0,0.0,9733.946078797371,9733.946078797371,3924.737123378446,3635.02456615761,2174.184389261317,9733.946078797373,3924.737123378446,3635.02456615761,2174.184389261317,0.0,501.3199086311418,704.8649361427322,0.0,100,0,0.0,0,0,0.0,0.0,0.0,0.0,0.0,0.0,0,0.0,0.0,0,0,0,0.09792232513427734,0.0,0.0,0.0,False,infeasible,baseline_truck_only,10297.838027711558,704.8649361427322,,,,0.0,False,feasible_only,0.0,,False,,,,
S0060_R04,6002030,nils,S0060,n100_p0.25_d3_uniform_Ehigh_V1.25_Hshort_PWflat_B0.20,100,0.25,0.25,3,3,high,1.25,uniform,short,flat,0.2,1.0,1.0,1.0,peripheral,1295.9142260791532,259.82152035551934,42.14526024284191,0.0,993.9474454807919,993.9474454807919,948.8657098923028,45.08173558848921,0.0,993.947445480792,948.8657098923028,45.08173558848921,0.0,0.0,226.69491230931843,324.7769004443992,140.48420080947304,85,15,0.15,3,3,5.0,5.0,0.0,0.0,0.0,0.0,0,0.7693799390664186,0.7919634734669881,0,685,685,9.238635540008545,25.0,15.0,434.0,True,feasible,nils_complete,10297.838027711558,704.8649361427322,,87.41566703038212,,53.923527219031186,True,feasible_only,0.0,1295.9142260791532,True,,,,
S0060_R05,6002031,truck_only,S0060,n100_p0.25_d3_uniform_Ehigh_V1.25_Hshort_PWflat_B0.20,100,0.25,0.25,3,3,high,1.25,uniform,short,flat,0.2,1.0,1.0,1.0,peripheral,12165.775917537758,641.9071564700029,0.0,0.0,11523.868761067755,11523.868761067755,2368.4474345540943,3835.033541595854,5320.387784917806,11523.868761067755,2368.4474345540943,3835.033541595854,5320.387784917806,0.0,570.3744386591383,802.3839455875035,0.0,100,0,0.0,0,0,0.0,0.0,0.0,0.0,0.0,0.0,0,0.0,0.0,0,0,0,0.13845610618591309,0.0,0.0,0.0,False,infeasible,baseline_truck_only,12165.775917537758,802.3839455875035,,,,0.0,False,feasible_only,0.0,,False,,,,
S0060_R05,6002031,nils,S0060,n100_p0.25_d3_uniform_Ehigh_V1.25_Hshort_PWflat_B0.20,100,0.25,0.25,3,3,high,1.25,uniform,short,flat,0.2,1.0,1.0,1.0,peripheral,12165.775917537758,641.9071564700029,0.0,0.0,11523.868761067755,11523.868761067755,2368.4474345540943,3835.033541595854,5320.387784917806,11523.868761067755,2368.4474345540943,3835.033541595854,5320.387784917806,0.0,570.3744386591383,802.3839455875035,0.0,100,0,0.0,0,0,0.0,0.0,0.0,0.0,0.0,0.0,0,0.0,0.0,0,0,0,23.884653568267822,25.0,0.0,375.0,False,infeasible,nils_complete,12165.775917537758,802.3839455875035,,0.0,,0.0,False,feasible_only,0.0,,False,,,,
S0060_R06,6002032,truck_only,S0060,n100_p0.25_d3_uniform_Ehigh_V1.25_Hshort_PWflat_B0.20,100,0.25,0.25,3,3,high,1.25,uniform,short,flat,0.2,1.0,1.0,1.0,peripheral,12116.835353580385,700.6814117125643,0.0,0.0,11416.15394186782,11416.15394186782,2518.106665936099,6549.19096278715,2348.856313144573,11416.153941867822,2518.106665936099,6549.19096278715,2348.856313144573,0.0,603.140022613329,875.851764640706,0.0,100,0,0.0,0,0,0.0,0.0,0.0,0.0,0.0,0.0,0,0.0,0.0,0,0,0,0.09909605979919434,0.0,0.0,0.0,False,infeasible,baseline_truck_only,12116.835353580385,875.851764640706,,,,0.0,False,feasible_only,0.0,,False,,,,
S0060_R06,6002032,nils,S0060,n100_p0.25_d3_uniform_Ehigh_V1.25_Hshort_PWflat_B0.20,100,0.25,0.25,3,3,high,1.25,uniform,short,flat,0.2,1.0,1.0,1.0,peripheral,12116.835353580385,700.6814117125643,0.0,0.0,11416.15394186782,11416.15394186782,2518.106665936099,6549.19096278715,2348.856313144573,11416.153941867822,2518.106665936099,6549.19096278715,2348.856313144573,0.0,603.140022613329,875.851764640706,0.0,100,0,0.0,0,0,0.0,0.0,0.0,0.0,0.0,0.0,0,0.0,0.0,0,225,225,23.684283018112183,25.0,0.0,375.0,False,infeasible,nils_complete,12116.835353580385,875.851764640706,,0.0,,0.0,False,feasible_only,0.0,,False,,,,
S0060_R07,6002033,truck_only,S0060,n100_p0.25_d3_uniform_Ehigh_V1.25_Hshort_PWflat_B0.20,100,0.25,0.25,3,3,high,1.25,uniform,short,flat,0.2,1.0,1.0,1.0,peripheral,13374.781296925188,642.7730128163229,0.0,0.0,12732.008284108866,12732.008284108866,3266.0717991976585,5441.22673707454,4024.709747836668,12732.008284108868,3266.0717991976585,5441.22673707454,4024.709747836668,0.0,597.8487377508026,803.4662660204033,0.0,100,0,0.0,0,0,0.0,0.0,0.0,0.0,0.0,0.0,0,0.0,0.0,0,0,0,0.0986030101776123,0.0,0.0,0.0,False,infeasible,baseline_truck_only,13374.781296925188,803.4662660204033,,,,0.0,False,feasible_only,0.0,,False,,,,
S0060_R07,6002033,nils,S0060,n100_p0.25_d3_uniform_Ehigh_V1.25_Hshort_PWflat_B0.20,100,0.25,0.25,3,3,high,1.25,uniform,short,flat,0.2,1.0,1.0,1.0,peripheral,13374.781296925188,642.7730128163229,0.0,0.0,12732.008284108866,12732.008284108866,3266.0717991976585,5441.22673707454,4024.709747836668,12732.008284108868,3266.0717991976585,5441.22673707454,4024.709747836668,0.0,597.8487377508026,803.4662660204033,0.0,100,0,0.0,0,0,0.0,0.0,0.0,0.0,0.0,0.0,0,0.0,0.0,0,150,150,22.297228574752808,25.0,0.0,375.0,False,infeasible,nils_complete,13374.781296925188,803.4662660204033,,0.0,,0.0,False,feasible_only,0.0,,False,,,,
S0060_R08,6002034,truck_only,S0060,n100_p0.25_d3_uniform_Ehigh_V1.25_Hshort_PWflat_B0.20,100,0.25,0.25,3,3,high,1.25,uniform,short,flat,0.2,1.0,1.0,1.0,peripheral,11588.965013998524,692.7074249151865,0.0,0.0,10896.257589083338,10896.257589083338,3810.885389647324,2955.8360241074124,4129.536175328601,10896.257589083336,3810.885389647324,2955.8360241074124,4129.536175328601,0.0,595.6721993472355,865.8842811439829,0.0,100,0,0.0,0,0,0.0,0.0,0.0,0.0,0.0,0.0,0,0.0,0.0,0,0,0,0.11743760108947754,0.0,0.0,0.0,False,infeasible,baseline_truck_only,11588.965013998524,865.8842811439829,,,,0.0,False,feasible_only,0.0,,False,,,,
S0060_R08,6002034,nils,S0060,n100_p0.25_d3_uniform_Ehigh_V1.25_Hshort_PWflat_B0.20,100,0.25,0.25,3,3,high,1.25,uniform,short,flat,0.2,1.0,1.0,1.0,peripheral,11588.965013998524,692.7074249151865,0.0,0.0,10896.257589083338,10896.257589083338,3810.885389647324,2955.8360241074124,4129.536175328601,10896.257589083336,3810.885389647324,2955.8360241074124,4129.536175328601,0.0,595.6721993472355,865.8842811439829,0.0,100,0,0.0,0,0,0.0,0.0,0.0,0.0,0.0,0.0,0,0.0,0.0,0,225,225,24.80624532699585,25.0,0.0,300.0,False,infeasible,nils_complete,11588.965013998524,865.8842811439829,,0.0,,0.0,False,feasible_only,0.0,,False,,,,
S0060_R09,6002035,truck_only,S0060,n100_p0.25_d3_uniform_Ehigh_V1.25_Hshort_PWflat_B0.20,100,0.25,0.25,3,3,high,1.25,uniform,short,flat,0.2,1.0,1.0,1.0,peripheral,11979.468633676875,645.3383914332575,0.0,0.0,11334.130242243618,11334.130242243618,2930.015267261678,5459.002215366513,2945.1127596154265,11334.130242243617,2930.015267261678,5459.002215366513,2945.1127596154265,0.0,562.027585061667,806.6729892915719,0.0,100,0,0.0,0,0,0.0,0.0,0.0,0.0,0.0,0.0,0,0.0,0.0,0,0,0,0.14431166648864746,0.0,0.0,0.0,False,infeasible,baseline_truck_only,11979.468633676875,806.6729892915719,,,,0.0,False,feasible_only,0.0,,False,,,,
S0060_R09,6002035,nils,S0060,n100_p0.25_d3_uniform_Ehigh_V1.25_Hshort_PWflat_B0.20,100,0.25,0.25,3,3,high,1.25,uniform,short,flat,0.2,1.0,1.0,1.0,peripheral,11979.468633676875,645.3383914332575,0.0,0.0,11334.130242243618,11334.130242243618,2930.015267261678,5459.002215366513,2945.1127596154265,11334.130242243617,2930.015267261678,5459.002215366513,2945.1127596154265,0.0,562.027585061667,806.6729892915719,0.0,100,0,0.0,0,0,0.0,0.0,0.0,0.0,0.0,0.0,0,0.0,0.0,0,225,225,14.372089385986328,25.0,0.0,150.0,False,infeasible,nils_complete,11979.468633676875,806.6729892915719,,0.0,,0.0,False,feasible_only,0.0,,False,,,,
S0060_R10,6002036,truck_only,S0060,n100_p0.25_d3_uniform_Ehigh_V1.25_Hshort_PWflat_B0.20,100,0.25,0.25,3,3,high,1.25,uniform,short,flat,0.2,1.0,1.0,1.0,peripheral,15027.96490863274,717.0937392930572,0.0,0.0,14310.871169339684,14310.871169339684,6078.05130316813,4456.150005892864,3776.6698602786932,14310.871169339687,6078.05130316813,4456.150005892864,3776.6698602786932,0.0,624.5424366532189,896.3671741163213,0.0,100,0,0.0,0,0,0.0,0.0,0.0,0.0,0.0,0.0,0,0.0,0.0,0,0,0,0.09766912460327148,0.0,0.0,0.0,False,infeasible,baseline_truck_only,15027.96490863274,896.3671741163213,,,,0.0,False,feasible_only,0.0,,False,,,,
S0060_R10,6002036,nils,S0060,n100_p0.25_d3_uniform_Ehigh_V1.25_Hshort_PWflat_B0.20,100,0.25,0.25,3,3,high,1.25,uniform,short,flat,0.2,1.0,1.0,1.0,peripheral,15027.96490863274,717.0937392930572,0.0,0.0,14310.871169339684,14310.871169339684,6078.05130316813,4456.150005892864,3776.6698602786932,14310.871169339687,6078.05130316813,4456.150005892864,3776.6698602786932,0.0,624.5424366532189,896.3671741163213,0.0,100,0,0.0,0,0,0.0,0.0,0.0,0.0,0.0,0.0,0,0.0,0.0,0,75,75,26.07111692428589,25.0,0.0,825.0,False,infeasible,nils_complete,15027.96490863274,896.3671741163213,,0.0,,0.0,False,feasible_only,0.0,,False,,,,
S0061_R01,6102027,truck_only,S0061,n100_p0.25_d3_uniform_Ehigh_V1.25_Hmedium_PWstrict_B0.20,100,0.25,0.25,3,3,high,1.25,uniform,medium,strict,0.2,200.0,40.0,1.0,peripheral,995362.6762585487,715.4598111947439,0.0,0.0,994647.216447354,994647.216447354,3892.469785745278,5245.0201700145635,6352.452497715892,15489.942453475735,778493.9571490556,209800.80680058253,6352.452497715892,0.0,805.4806440712883,894.3247639934302,0.0,100,0,0.0,0,0,0.0,0.0,0.0,0.0,0.0,0.0,0,0.0,0.0,0,0,0,0.08956217765808105,0.0,0.0,0.0,False,infeasible,baseline_truck_only,995362.6762585487,894.3247639934302,,,,0.0,False,feasible_only,0.0,,False,,,,
S0061_R01,6102027,nils,S0061,n100_p0.25_d3_uniform_Ehigh_V1.25_Hmedium_PWstrict_B0.20,100,0.25,0.25,3,3,high,1.25,uniform,medium,strict,0.2,200.0,40.0,1.0,peripheral,995362.6762585487,715.4598111947439,0.0,0.0,994647.216447354,994647.216447354,3892.469785745278,5245.0201700145635,6352.452497715892,15489.942453475735,778493.9571490556,209800.80680058253,6352.452497715892,0.0,805.4806440712883,894.3247639934302,0.0,100,0,0.0,0,0,0.0,0.0,0.0,0.0,0.0,0.0,0,0.0,0.0,0,75,75,26.45107412338257,25.0,0.0,1050.0,False,infeasible,nils_complete,995362.6762585487,894.3247639934302,,0.0,,0.0,False,feasible_only,0.0,,False,,,,
S0061_R02,6102028,truck_only,S0061,n100_p0.25_d3_uniform_Ehigh_V1.25_Hmedium_PWstrict_B0.20,100,0.25,0.25,3,3,high,1.25,uniform,medium,strict,0.2,200.0,40.0,1.0,peripheral,930720.5373715155,677.8002005330752,0.0,0.0,930042.7371709824,930042.7371709824,3336.3255495038343,6490.377575607763,3162.5242459050082,12989.227371016605,667265.1099007669,259615.10302431052,3162.5242459050082,0.0,625.6070188794041,847.2502506663436,0.0,100,0,0.0,0,0,0.0,0.0,0.0,0.0,0.0,0.0,0,0.0,0.0,0,0,0,0.15634894371032715,0.0,0.0,0.0,False,infeasible,baseline_truck_only,930720.5373715155,847.2502506663436,,,,0.0,False,feasible_only,0.0,,False,,,,
S0061_R02,6102028,nils,S0061,n100_p0.25_d3_uniform_Ehigh_V1.25_Hmedium_PWstrict_B0.20,100,0.25,0.25,3,3,high,1.25,uniform,medium,strict,0.2,200.0,40.0,1.0,peripheral,930720.5373715155,677.8002005330752,0.0,0.0,930042.7371709824,930042.7371709824,3336.3255495038343,6490.377575607763,3162.5242459050082,12989.227371016605,667265.1099007669,259615.10302431052,3162.5242459050082,0.0,625.6070188794041,847.2502506663436,0.0,100,0,0.0,0,0,0.0,0.0,0.0,0.0,0.0,0.0,0,0.0,0.0,0,150,150,29.98383593559265,25.0,0.0,600.0,False,infeasible,nils_complete,930720.5373715155,847.2502506663436,,0.0,,0.0,False,feasible_only,0.0,,False,,,,
S0061_R03,6102029,truck_only,S0061,n100_p0.25_d3_uniform_Ehigh_V1.25_Hmedium_PWstrict_B0.20,100,0.25,0.25,3,3,high,1.25,uniform,medium,strict,0.2,200.0,40.0,1.0,peripheral,1020331.9717987117,663.4279436325774,0.0,0.0,1019668.5438550791,1019668.5438550791,3706.4847443547706,6883.515665043792,3030.968382373309,13620.968791771871,741296.9488709541,275340.62660175166,3030.968382373309,0.0,659.4313261042031,829.2849295407216,0.0,100,0,0.0,0,0,0.0,0.0,0.0,0.0,0.0,0.0,0,0.0,0.0,0,0,0,0.10640454292297363,0.0,0.0,0.0,False,infeasible,baseline_truck_only,1020331.9717987117,829.2849295407216,,,,0.0,False,feasible_only,0.0,,False,,,,
S0061_R03,6102029,nils,S0061,n100_p0.25_d3_uniform_Ehigh_V1.25_Hmedium_PWstrict_B0.20,100,0.25,0.25,3,3,high,1.25,uniform,medium,strict,0.2,200.0,40.0,1.0,peripheral,1020331.9717987117,663.4279436325774,0.0,0.0,1019668.5438550791,1019668.5438550791,3706.4847443547706,6883.515665043792,3030.968382373309,13620.968791771871,741296.9488709541,275340.62660175166,3030.968382373309,0.0,659.4313261042031,829.2849295407216,0.0,100,0,0.0,0,0,0.0,0.0,0.0,0.0,0.0,0.0,0,0.0,0.0,0,75,75,27.931213855743408,25.0,0.0,1125.0,False,infeasible,nils_complete,1020331.9717987117,829.2849295407216,,0.0,,0.0,False,feasible_only,0.0,,False,,,,
S0061_R04,6102030,truck_only,S0061,n100_p0.25_d3_uniform_Ehigh_V1.25_Hmedium_PWstrict_B0.20,100,0.25,0.25,3,3,high,1.25,uniform,medium,strict,0.2,200.0,40.0,1.0,peripheral,1062642.7895891874,646.1075998800472,0.0,0.0,1061996.6819893073,1061996.6819893073,4480.341527142641,4079.122248399637,2763.4866247932164,11322.950400335494,896068.3054285282,163164.8899359855,2763.4866247932164,0.0,540.7139077639298,807.6344998500595,0.0,100,0,0.0,0,0,0.0,0.0,0.0,0.0,0.0,0.0,0,0.0,0.0,0,0,0,0.11188578605651855,0.0,0.0,0.0,False,infeasible,baseline_truck_only,1062642.7895891874,807.6344998500595,,,,0.0,False,feasible_only,0.0,,False,,,,
S0061_R04,6102030,nils,S0061,n100_p0.25_d3_uniform_Ehigh_V1.25_Hmedium_PWstrict_B0.20,100,0.25,0.25,3,3,high,1.25,uniform,medium,strict,0.2,200.0,40.0,1.0,peripheral,1062642.7895891874,646.1075998800472,0.0,0.0,1061996.6819893073,1061996.6819893073,4480.341527142641,4079.122248399637,2763.4866247932164,11322.950400335494,896068.3054285282,163164.8899359855,2763.4866247932164,0.0,540.7139077639298,807.6344998500595,0.0,100,0,0.0,0,0,0.0,0.0,0.0,0.0,0.0,0.0,0,0.0,0.0,0,375,375,30.102214336395264,25.0,0.0,1125.0,False,infeasible,nils_complete,1062642.7895891874,807.6344998500595,,0.0,,0.0,False,feasible_only,0.0,,False,,,,
S0061_R05,6102031,truck_only,S0061,n100_p0.25_d3_uniform_Ehigh_V1.25_Hmedium_PWstrict_B0.20,100,0.25,0.25,3,3,high,1.25,uniform,medium,strict,0.2,200.0,40.0,1.0,peripheral,903514.9955084829,609.7081032500583,0.0,0.0,902905.2874052329,902905.2874052329,3853.3792795947775,3249.056540702837,2267.1698581641435,9369.605678461758,770675.8559189555,129962.26162811348,2267.1698581641435,0.0,590.1022810191117,762.1351290625729,0.0,100,0,0.0,0,0,0.0,0.0,0.0,0.0,0.0,0.0,0,0.0,0.0,0,0,0,0.11848616600036621,0.0,0.0,0.0,False,infeasible,baseline_truck_only,903514.9955084829,762.1351290625729,,,,0.0,False,feasible_only,0.0,,False,,,,
S0061_R05,6102031,nils,S0061,n100_p0.25_d3_uniform_Ehigh_V1.25_Hmedium_PWstrict_B0.20,100,0.25,0.25,3,3,high,1.25,uniform,medium,strict,0.2,200.0,40.0,1.0,peripheral,903514.9955084829,609.7081032500583,0.0,0.0,902905.2874052329,902905.2874052329,3853.3792795947775,3249.056540702837,2267.1698581641435,9369.605678461758,770675.8559189555,129962.26162811348,2267.1698581641435,0.0,590.1022810191117,762.1351290625729,0.0,100,0,0.0,0,0,0.0,0.0,0.0,0.0,0.0,0.0,0,0.0,0.0,0,0,0,26.065651178359985,25.0,0.0,1125.0,False,infeasible,nils_complete,903514.9955084829,762.1351290625729,,0.0,,0.0,False,feasible_only,0.0,,False,,,,
S0061_R06,6102032,truck_only,S0061,n100_p0.25_d3_uniform_Ehigh_V1.25_Hmedium_PWstrict_B0.20,100,0.25,0.25,3,3,high,1.25,uniform,medium,strict,0.2,200.0,40.0,1.0,peripheral,915774.6034728759,678.4216381504345,0.0,0.0,915096.1818347254,915096.1818347254,3931.620844417508,3102.944829530623,4654.219769998694,11688.785443946825,786324.1688835017,124117.79318122492,4654.219769998694,0.0,600.3549579809817,848.0270476880435,0.0,100,0,0.0,0,0,0.0,0.0,0.0,0.0,0.0,0.0,0,0.0,0.0,0,0,0,0.09538006782531738,0.0,0.0,0.0,False,infeasible,baseline_truck_only,915774.6034728759,848.0270476880435,,,,0.0,False,feasible_only,0.0,,False,,,,
S0061_R06,6102032,nils,S0061,n100_p0.25_d3_uniform_Ehigh_V1.25_Hmedium_PWstrict_B0.20,100,0.25,0.25,3,3,high,1.25,uniform,medium,strict,0.2,200.0,40.0,1.0,peripheral,915774.6034728759,678.4216381504345,0.0,0.0,915096.1818347254,915096.1818347254,3931.620844417508,3102.944829530623,4654.219769998694,11688.785443946825,786324.1688835017,124117.79318122492,4654.219769998694,0.0,600.3549579809817,848.0270476880435,0.0,100,0,0.0,0,0,0.0,0.0,0.0,0.0,0.0,0.0,0,0.0,0.0,0,75,75,29.382460355758667,25.0,0.0,1050.0,False,infeasible,nils_complete,915774.6034728759,848.0270476880435,,0.0,,0.0,False,feasible_only,0.0,,False,,,,
S0061_R07,6102033,truck_only,S0061,n100_p0.25_d3_uniform_Ehigh_V1.25_Hmedium_PWstrict_B0.20,100,0.25,0.25,3,3,high,1.25,uniform,medium,strict,0.2,200.0,40.0,1.0,peripheral,818963.8171984048,581.2214564797692,0.0,0.0,818382.5957419251,818382.5957419251,3312.6357650985174,3851.3887177084857,1799.894013882201,8963.918496689204,662527.1530197035,154055.54870833943,1799.894013882201,0.0,575.0349419662779,726.5268205997115,0.0,100,0,0.0,0,0,0.0,0.0,0.0,0.0,0.0,0.0,0,0.0,0.0,0,0,0,0.12657546997070312,0.0,0.0,0.0,False,infeasible,baseline_truck_only,818963.8171984048,726.5268205997115,,,,0.0,False,feasible_only,0.0,,False,,,,
S0061_R07,6102033,nils,S0061,n100_p0.25_d3_uniform_Ehigh_V1.25_Hmedium_PWstrict_B0.20,100,0.25,0.25,3,3,high,1.25,uniform,medium,strict,0.2,200.0,40.0,1.0,peripheral,818963.8171984048,581.2214564797692,0.0,0.0,818382.5957419251,818382.5957419251,3312.6357650985174,3851.3887177084857,1799.894013882201,8963.918496689204,662527.1530197035,154055.54870833943,1799.894013882201,0.0,575.0349419662779,726.5268205997115,0.0,100,0,0.0,0,0,0.0,0.0,0.0,0.0,0.0,0.0,0,0.0,0.0,0,225,225,28.57494068145752,25.0,0.0,975.0,False,infeasible,nils_complete,818963.8171984048,726.5268205997115,,0.0,,0.0,False,feasible_only,0.0,,False,,,,
S0061_R08,6102034,truck_only,S0061,n100_p0.25_d3_uniform_Ehigh_V1.25_Hmedium_PWstrict_B0.20,100,0.25,0.25,3,3,high,1.25,uniform,medium,strict,0.2,200.0,40.0,1.0,peripheral,860245.854147057,679.0342792694315,0.0,0.0,859566.8198677876,859566.8198677876,3612.272184757001,3290.298339819184,5500.449323620206,12403.019848196393,722454.4369514002,131611.93359276737,5500.449323620206,0.0,599.1164015063881,848.7928490867894,0.0,100,0,0.0,0,0,0.0,0.0,0.0,0.0,0.0,0.0,0,0.0,0.0,0,0,0,0.17169475555419922,0.0,0.0,0.0,False,infeasible,baseline_truck_only,860245.854147057,848.7928490867894,,,,0.0,False,feasible_only,0.0,,False,,,,
S0061_R08,6102034,nils,S0061,n100_p0.25_d3_uniform_Ehigh_V1.25_Hmedium_PWstrict_B0.20,100,0.25,0.25,3,3,high,1.25,uniform,medium,strict,0.2,200.0,40.0,1.0,peripheral,860245.854147057,679.0342792694315,0.0,0.0,859566.8198677876,859566.8198677876,3612.272184757001,3290.298339819184,5500.449323620206,12403.019848196393,722454.4369514002,131611.93359276737,5500.449323620206,0.0,599.1164015063881,848.7928490867894,0.0,100,0,0.0,0,0,0.0,0.0,0.0,0.0,0.0,0.0,0,0.0,0.0,0,150,150,28.65012836456299,25.0,0.0,600.0,False,infeasible,nils_complete,860245.854147057,848.7928490867894,,0.0,,0.0,False,feasible_only,0.0,,False,,,,
S0061_R09,6102035,truck_only,S0061,n100_p0.25_d3_uniform_Ehigh_V1.25_Hmedium_PWstrict_B0.20,100,0.25,0.25,3,3,high,1.25,uniform,medium,strict,0.2,200.0,40.0,1.0,peripheral,894290.9158682409,663.8874232230701,0.0,0.0,893627.0284450178,893627.0284450178,3619.4495920006693,4142.458862714373,4038.7555363085658,11800.663991023608,723889.9184001338,165698.35450857494,4038.7555363085658,0.0,614.2350776000096,829.8592790288376,0.0,100,0,0.0,0,0,0.0,0.0,0.0,0.0,0.0,0.0,0,0.0,0.0,0,0,0,0.10815954208374023,0.0,0.0,0.0,False,infeasible,baseline_truck_only,894290.9158682409,829.8592790288376,,,,0.0,False,feasible_only,0.0,,False,,,,
S0061_R09,6102035,nils,S0061,n100_p0.25_d3_uniform_Ehigh_V1.25_Hmedium_PWstrict_B0.20,100,0.25,0.25,3,3,high,1.25,uniform,medium,strict,0.2,200.0,40.0,1.0,peripheral,894290.9158682409,663.8874232230701,0.0,0.0,893627.0284450178,893627.0284450178,3619.4495920006693,4142.458862714373,4038.7555363085658,11800.663991023608,723889.9184001338,165698.35450857494,4038.7555363085658,0.0,614.2350776000096,829.8592790288376,0.0,100,0,0.0,0,0,0.0,0.0,0.0,0.0,0.0,0.0,0,0.0,0.0,0,0,0,28.265860080718994,25.0,0.0,450.0,False,infeasible,nils_complete,894290.9158682409,829.8592790288376,,0.0,,0.0,False,feasible_only,0.0,,False,,,,
S0061_R10,6102036,truck_only,S0061,n100_p0.25_d3_uniform_Ehigh_V1.25_Hmedium_PWstrict_B0.20,100,0.25,0.25,3,3,high,1.25,uniform,medium,strict,0.2,200.0,40.0,1.0,peripheral,903046.9966670702,696.9163523808949,0.0,0.0,902350.0803146893,902350.0803146893,3449.8245024867647,5171.408928392777,5528.822681625565,14150.056112505106,689964.9004973529,206856.35713571106,5528.822681625565,0.0,650.844067842393,871.1454404761182,0.0,100,0,0.0,0,0,0.0,0.0,0.0,0.0,0.0,0.0,0,0.0,0.0,0,0,0,0.14574837684631348,0.0,0.0,0.0,False,infeasible,baseline_truck_only,903046.9966670702,871.1454404761182,,,,0.0,False,feasible_only,0.0,,False,,,,
S0061_R10,6102036,nils,S0061,n100_p0.25_d3_uniform_Ehigh_V1.25_Hmedium_PWstrict_B0.20,100,0.25,0.25,3,3,high,1.25,uniform,medium,strict,0.2,200.0,40.0,1.0,peripheral,903046.9966670702,696.9163523808949,0.0,0.0,902350.0803146893,902350.0803146893,3449.8245024867647,5171.408928392777,5528.822681625565,14150.056112505106,689964.9004973529,206856.35713571106,5528.822681625565,0.0,650.844067842393,871.1454404761182,0.0,100,0,0.0,0,0,0.0,0.0,0.0,0.0,0.0,0.0,0,0.0,0.0,0,150,150,20.961005449295044,25.0,0.0,225.0,False,infeasible,nils_complete,903046.9966670702,871.1454404761182,,0.0,,0.0,False,feasible_only,0.0,,False,,,,
S0062_R01,6202027,truck_only,S0062,n100_p0.25_d3_uniform_Ehigh_V2.00_Hlong_PWbase_B0.20,100,0.25,0.25,3,3,high,2.0,uniform,long,base,0.2,100.0,20.0,1.0,peripheral,459467.1523214159,664.3028149221354,0.0,0.0,458802.8495064938,458802.8495064938,3796.3342228845618,3757.3719228365076,4021.9887613074056,11575.694907028475,379633.4222884562,75147.43845673015,4021.9887613074056,0.0,667.143468981728,830.3785186526691,0.0,100,0,0.0,0,0,0.0,0.0,0.0,0.0,0.0,0.0,0,0.0,0.0,0,0,0,0.10425662994384766,0.0,0.0,0.0,False,infeasible,baseline_truck_only,459467.1523214159,830.3785186526691,,,,0.0,False,feasible_only,0.0,,False,,,,
S0062_R01,6202027,nils,S0062,n100_p0.25_d3_uniform_Ehigh_V2.00_Hlong_PWbase_B0.20,100,0.25,0.25,3,3,high,2.0,uniform,long,base,0.2,100.0,20.0,1.0,peripheral,459467.1523214159,664.3028149221354,0.0,0.0,458802.8495064938,458802.8495064938,3796.3342228845618,3757.3719228365076,4021.9887613074056,11575.694907028475,379633.4222884562,75147.43845673015,4021.9887613074056,0.0,667.143468981728,830.3785186526691,0.0,100,0,0.0,0,0,0.0,0.0,0.0,0.0,0.0,0.0,0,0.0,0.0,0,0,0,31.36675477027893,25.0,0.0,975.0,False,infeasible,nils_complete,459467.1523214159,830.3785186526691,,0.0,,0.0,False,feasible_only,0.0,,False,,,,
S0062_R02,6202028,truck_only,S0062,n100_p0.25_d3_uniform_Ehigh_V2.00_Hlong_PWbase_B0.20,100,0.25,0.25,3,3,high,2.0,uniform,long,base,0.2,100.0,20.0,1.0,peripheral,412450.2155770932,594.6069127848676,0.0,0.0,411855.6086643083,411855.6086643083,3300.8884891152597,3930.454378088182,3157.672191018776,10389.015058222218,330088.848911526,78609.08756176363,3157.672191018776,0.0,550.5277534996209,743.2586409810848,0.0,100,0,0.0,0,0,0.0,0.0,0.0,0.0,0.0,0.0,0,0.0,0.0,0,0,0,0.11376643180847168,0.0,0.0,0.0,False,infeasible,baseline_truck_only,412450.2155770932,743.2586409810848,,,,0.0,False,feasible_only,0.0,,False,,,,
S0062_R02,6202028,nils,S0062,n100_p0.25_d3_uniform_Ehigh_V2.00_Hlong_PWbase_B0.20,100,0.25,0.25,3,3,high,2.0,uniform,long,base,0.2,100.0,20.0,1.0,peripheral,412450.2155770932,594.6069127848676,0.0,0.0,411855.6086643083,411855.6086643083,3300.8884891152597,3930.454378088182,3157.672191018776,10389.015058222218,330088.848911526,78609.08756176363,3157.672191018776,0.0,550.5277534996209,743.2586409810848,0.0,100,0,0.0,0,0,0.0,0.0,0.0,0.0,0.0,0.0,0,0.0,0.0,0,0,0,31.93114686012268,25.0,0.0,450.0,False,infeasible,nils_complete,412450.2155770932,743.2586409810848,,0.0,,0.0,False,feasible_only,0.0,,False,,,,
S0062_R03,6202029,truck_only,S0062,n100_p0.25_d3_uniform_Ehigh_V2.00_Hlong_PWbase_B0.20,100,0.25,0.25,3,3,high,2.0,uniform,long,base,0.2,100.0,20.0,1.0,peripheral,681317.35095475,694.7545207777009,0.0,0.0,680622.5964339722,680622.5964339722,6113.633019609525,3227.7297426360797,4704.699620298135,14046.06238254374,611363.3019609525,64554.594852721595,4704.699620298135,0.0,689.7724592133945,868.443150972126,0.0,100,0,0.0,0,0,0.0,0.0,0.0,0.0,0.0,0.0,0,0.0,0.0,0,0,0,0.10056543350219727,0.0,0.0,0.0,False,infeasible,baseline_truck_only,681317.35095475,868.443150972126,,,,0.0,False,feasible_only,0.0,,False,,,,
S0062_R03,6202029,nils,S0062,n100_p0.25_d3_uniform_Ehigh_V2.00_Hlong_PWbase_B0.20,100,0.25,0.25,3,3,high,2.0,uniform,long,base,0.2,100.0,20.0,1.0,peripheral,681317.35095475,694.7545207777009,0.0,0.0,680622.5964339722,680622.5964339722,6113.633019609525,3227.7297426360797,4704.699620298135,14046.06238254374,611363.3019609525,64554.594852721595,4704.699620298135,0.0,689.7724592133945,868.443150972126,0.0,100,0,0.0,0,0,0.0,0.0,0.0,0.0,0.0,0.0,0,0.0,0.0,0,0,0,31.794976234436035,25.0,0.0,675.0,False,infeasible,nils_complete,681317.35095475,868.443150972126,,0.0,,0.0,False,feasible_only,0.0,,False,,,,
S0062_R04,6202030,truck_only,S0062,n100_p0.25_d3_uniform_Ehigh_V2.00_Hlong_PWbase_B0.20,100,0.25,0.25,3,3,high,2.0,uniform,long,base,0.2,100.0,20.0,1.0,peripheral,387954.8960651033,642.936175777298,0.0,0.0,387311.959889326,387311.959889326,3038.55763534128,4025.86916479368,2938.8130593245755,10003.239859459534,303855.76353412797,80517.3832958736,2938.8130593245755,0.0,521.4866873789215,803.6702197216229,0.0,100,0,0.0,0,0,0.0,0.0,0.0,0.0,0.0,0.0,0,0.0,0.0,0,0,0,0.13173532485961914,0.0,0.0,0.0,False,infeasible,baseline_truck_only,387954.8960651033,803.6702197216229,,,,0.0,False,feasible_only,0.0,,False,,,,
S0062_R04,6202030,nils,S0062,n100_p0.25_d3_uniform_Ehigh_V2.00_Hlong_PWbase_B0.20,100,0.25,0.25,3,3,high,2.0,uniform,long,base,0.2,100.0,20.0,1.0,peripheral,387954.8960651033,642.936175777298,0.0,0.0,387311.959889326,387311.959889326,3038.55763534128,4025.86916479368,2938.8130593245755,10003.239859459534,303855.76353412797,80517.3832958736,2938.8130593245755,0.0,521.4866873789215,803.6702197216229,0.0,100,0,0.0,0,0,0.0,0.0,0.0,0.0,0.0,0.0,0,0.0,0.0,0,0,0,29.62406325340271,25.0,0.0,900.0,False,infeasible,nils_complete,387954.8960651033,803.6702197216229,,0.0,,0.0,False,feasible_only,0.0,,False,,,,
S0062_R05,6202031,truck_only,S0062,n100_p0.25_d3_uniform_Ehigh_V2.00_Hlong_PWbase_B0.20,100,0.25,0.25,3,3,high,2.0,uniform,long,base,0.2,100.0,20.0,1.0,peripheral,396735.4109623145,647.3828498975414,0.0,0.0,396088.02811241697,396088.02811241697,3108.675273822499,4075.2377375394044,3715.7459793788926,10899.658990740796,310867.5273822499,81504.7547507881,3715.7459793788926,0.0,626.3834497813394,809.2285623719266,0.0,100,0,0.0,0,0,0.0,0.0,0.0,0.0,0.0,0.0,0,0.0,0.0,0,0,0,0.08926653861999512,0.0,0.0,0.0,False,infeasible,baseline_truck_only,396735.4109623145,809.2285623719266,,,,0.0,False,feasible_only,0.0,,False,,,,
S0062_R05,6202031,nils,S0062,n100_p0.25_d3_uniform_Ehigh_V2.00_Hlong_PWbase_B0.20,100,0.25,0.25,3,3,high,2.0,uniform,long,base,0.2,100.0,20.0,1.0,peripheral,396735.4109623145,647.3828498975414,0.0,0.0,396088.02811241697,396088.02811241697,3108.675273822499,4075.2377375394044,3715.7459793788926,10899.658990740796,310867.5273822499,81504.7547507881,3715.7459793788926,0.0,626.3834497813394,809.2285623719266,0.0,100,0,0.0,0,0,0.0,0.0,0.0,0.0,0.0,0.0,0,0.0,0.0,0,0,0,21.54925036430359,25.0,0.0,375.0,False,infeasible,nils_complete,396735.4109623145,809.2285623719266,,0.0,,0.0,False,feasible_only,0.0,,False,,,,
S0062_R06,6202032,truck_only,S0062,n100_p0.25_d3_uniform_Ehigh_V2.00_Hlong_PWbase_B0.20,100,0.25,0.25,3,3,high,2.0,uniform,long,base,0.2,100.0,20.0,1.0,peripheral,546833.9238005198,658.0086552114926,0.0,0.0,546175.9151453082,546175.9151453082,4451.101881697201,4883.76832346132,3390.360506361879,12725.230711520398,445110.1881697201,97675.3664692264,3390.360506361879,0.0,598.2776142144326,822.5108190143657,0.0,100,0,0.0,0,0,0.0,0.0,0.0,0.0,0.0,0.0,0,0.0,0.0,0,0,0,0.09092974662780762,0.0,0.0,0.0,False,infeasible,baseline_truck_only,546833.9238005198,822.5108190143657,,,,0.0,False,feasible_only,0.0,,False,,,,
S0062_R06,6202032,nils,S0062,n100_p0.25_d3_uniform_Ehigh_V2.00_Hlong_PWbase_B0.20,100,0.25,0.25,3,3,high,2.0,uniform,long,base,0.2,100.0,20.0,1.0,peripheral,546833.9238005198,658.0086552114926,0.0,0.0,546175.9151453082,546175.9151453082,4451.101881697201,4883.76832346132,3390.360506361879,12725.230711520398,445110.1881697201,97675.3664692264,3390.360506361879,0.0,598.2776142144326,822.5108190143657,0.0,100,0,0.0,0,0,0.0,0.0,0.0,0.0,0.0,0.0,0,0.0,0.0,0,0,0,27.714574098587036,25.0,0.0,1200.0,False,infeasible,nils_complete,546833.9238005198,822.5108190143657,,0.0,,0.0,False,feasible_only,0.0,,False,,,,
S0062_R07,6202033,truck_only,S0062,n100_p0.25_d3_uniform_Ehigh_V2.00_Hlong_PWbase_B0.20,100,0.25,0.25,3,3,high,2.0,uniform,long,base,0.2,100.0,20.0,1.0,peripheral,452303.90073851176,680.6878155821521,0.0,0.0,451623.2129229296,451623.2129229296,3402.7443186983937,5374.405233539014,3860.6763823100614,12637.825934547469,340274.4318698394,107488.10467078029,3860.6763823100614,0.0,715.0921662151181,850.8597694776901,0.0,100,0,0.0,0,0,0.0,0.0,0.0,0.0,0.0,0.0,0,0.0,0.0,0,0,0,0.11589741706848145,0.0,0.0,0.0,False,infeasible,baseline_truck_only,452303.90073851176,850.8597694776901,,,,0.0,False,feasible_only,0.0,,False,,,,
S0062_R07,6202033,nils,S0062,n100_p0.25_d3_uniform_Ehigh_V2.00_Hlong_PWbase_B0.20,100,0.25,0.25,3,3,high,2.0,uniform,long,base,0.2,100.0,20.0,1.0,peripheral,452303.90073851176,680.6878155821521,0.0,0.0,451623.2129229296,451623.2129229296,3402.7443186983937,5374.405233539014,3860.6763823100614,12637.825934547469,340274.4318698394,107488.10467078029,3860.6763823100614,0.0,715.0921662151181,850.8597694776901,0.0,100,0,0.0,0,0,0.0,0.0,0.0,0.0,0.0,0.0,0,0.0,0.0,0,0,0,25.77874755859375,25.0,0.0,825.0,False,infeasible,nils_complete,452303.90073851176,850.8597694776901,,0.0,,0.0,False,feasible_only,0.0,,False,,,,
S0062_R08,6202034,truck_only,S0062,n100_p0.25_d3_uniform_Ehigh_V2.00_Hlong_PWbase_B0.20,100,0.25,0.25,3,3,high,2.0,uniform,long,base,0.2,100.0,20.0,1.0,peripheral,545830.7318510436,686.9719106793821,0.0,0.0,545143.7599403643,545143.7599403643,4549.150119355079,4256.7338353932055,5094.071296992208,13899.955251740494,454915.01193550794,85134.67670786411,5094.071296992208,0.0,662.7400703310404,858.7148883492275,0.0,100,0,0.0,0,0,0.0,0.0,0.0,0.0,0.0,0.0,0,0.0,0.0,0,0,0,0.09972405433654785,0.0,0.0,0.0,False,infeasible,baseline_truck_only,545830.7318510436,858.7148883492275,,,,0.0,False,feasible_only,0.0,,False,,,,
S0062_R08,6202034,nils,S0062,n100_p0.25_d3_uniform_Ehigh_V2.00_Hlong_PWbase_B0.20,100,0.25,0.25,3,3,high,2.0,uniform,long,base,0.2,100.0,20.0,1.0,peripheral,545830.7318510436,686.9719106793821,0.0,0.0,545143.7599403643,545143.7599403643,4549.150119355079,4256.7338353932055,5094.071296992208,13899.955251740494,454915.01193550794,85134.67670786411,5094.071296992208,0.0,662.7400703310404,858.7148883492275,0.0,100,0,0.0,0,0,0.0,0.0,0.0,0.0,0.0,0.0,0,0.0,0.0,0,0,0,26.44853949546814,25.0,0.0,450.0,False,infeasible,nils_complete,545830.7318510436,858.7148883492275,,0.0,,0.0,False,feasible_only,0.0,,False,,,,
S0062_R09,6202035,truck_only,S0062,n100_p0.25_d3_uniform_Ehigh_V2.00_Hlong_PWbase_B0.20,100,0.25,0.25,3,3,high,2.0,uniform,long,base,0.2,100.0,20.0,1.0,peripheral,537793.9783636375,654.4703199204846,0.0,0.0,537139.508043717,537139.508043717,4630.471482618035,3483.4060290773714,4424.239200366021,12538.116712061426,463047.14826180355,69668.12058154742,4424.239200366021,0.0,642.3769117963354,818.0878999006056,0.0,100,0,0.0,0,0,0.0,0.0,0.0,0.0,0.0,0.0,0,0.0,0.0,0,0,0,0.12589073181152344,0.0,0.0,0.0,False,infeasible,baseline_truck_only,537793.9783636375,818.0878999006056,,,,0.0,False,feasible_only,0.0,,False,,,,
S0062_R09,6202035,nils,S0062,n100_p0.25_d3_uniform_Ehigh_V2.00_Hlong_PWbase_B0.20,100,0.25,0.25,3,3,high,2.0,uniform,long,base,0.2,100.0,20.0,1.0,peripheral,537793.9783636375,654.4703199204846,0.0,0.0,537139.508043717,537139.508043717,4630.471482618035,3483.4060290773714,4424.239200366021,12538.116712061426,463047.14826180355,69668.12058154742,4424.239200366021,0.0,642.3769117963354,818.0878999006056,0.0,100,0,0.0,0,0,0.0,0.0,0.0,0.0,0.0,0.0,0,0.0,0.0,0,0,0,25.17928695678711,25.0,0.0,450.0,False,infeasible,nils_complete,537793.9783636375,818.0878999006056,,0.0,,0.0,False,feasible_only,0.0,,False,,,,
S0062_R10,6202036,truck_only,S0062,n100_p0.25_d3_uniform_Ehigh_V2.00_Hlong_PWbase_B0.20,100,0.25,0.25,3,3,high,2.0,uniform,long,base,0.2,100.0,20.0,1.0,peripheral,670428.645541197,664.743473686983,0.0,0.0,669763.9020675101,669763.9020675101,5817.763456824256,4245.866813691873,3070.2201112471225,13133.850381763252,581776.3456824255,84917.33627383746,3070.2201112471225,0.0,633.6722454586646,830.9293421087286,0.0,100,0,0.0,0,0,0.0,0.0,0.0,0.0,0.0,0.0,0,0.0,0.0,0,0,0,0.12393593788146973,0.0,0.0,0.0,False,infeasible,baseline_truck_only,670428.645541197,830.9293421087286,,,,0.0,False,feasible_only,0.0,,False,,,,
S0062_R10,6202036,nils,S0062,n100_p0.25_d3_uniform_Ehigh_V2.00_Hlong_PWbase_B0.20,100,0.25,0.25,3,3,high,2.0,uniform,long,base,0.2,100.0,20.0,1.0,peripheral,670428.645541197,664.743473686983,0.0,0.0,669763.9020675101,669763.9020675101,5817.763456824256,4245.866813691873,3070.2201112471225,13133.850381763252,581776.3456824255,84917.33627383746,3070.2201112471225,0.0,633.6722454586646,830.9293421087286,0.0,100,0,0.0,0,0,0.0,0.0,0.0,0.0,0.0,0.0,0,0.0,0.0,0,0,0,29.320159196853638,25.0,0.0,675.0,False,infeasible,nils_complete,670428.645541197,830.9293421087286,,0.0,,0.0,False,feasible_only,0.0,,False,,,,
S0063_R01,6302027,truck_only,S0063,n100_p0.75_d3_uniform_Elow_V1.25_Hshort_PWflat_B0.20,100,0.75,0.75,3,3,low,1.25,uniform,short,flat,0.2,1.0,1.0,1.0,peripheral,12646.109091036427,659.9517750897304,0.0,0.0,11986.157315946697,11986.157315946697,4206.267194626961,4919.473613912653,2860.4165074070847,11986.157315946697,4206.267194626961,4919.473613912653,2860.4165074070847,0.0,584.4983692108397,824.939718862163,0.0,100,0,0.0,0,0,0.0,0.0,0.0,0.0,0.0,0.0,0,0.0,0.0,0,0,0,0.1462404727935791,0.0,0.0,0.0,False,infeasible,baseline_truck_only,12646.109091036427,824.939718862163,,,,0.0,False,feasible_only,0.0,,False,,,,
S0063_R01,6302027,nils,S0063,n100_p0.75_d3_uniform_Elow_V1.25_Hshort_PWflat_B0.20,100,0.75,0.75,3,3,low,1.25,uniform,short,flat,0.2,1.0,1.0,1.0,peripheral,12646.109091036427,659.9517750897304,0.0,0.0,11986.157315946697,11986.157315946697,4206.267194626961,4919.473613912653,2860.4165074070847,11986.157315946697,4206.267194626961,4919.473613912653,2860.4165074070847,0.0,584.4983692108397,824.939718862163,0.0,100,0,0.0,0,0,0.0,0.0,0.0,0.0,0.0,0.0,0,0.0,0.0,0,4050,4050,27.488967657089233,25.0,0.0,750.0,False,infeasible,nils_complete,12646.109091036427,824.939718862163,,0.0,,0.0,False,feasible_only,0.0,,False,,,,
S0063_R02,6302028,truck_only,S0063,n100_p0.75_d3_uniform_Elow_V1.25_Hshort_PWflat_B0.20,100,0.75,0.75,3,3,low,1.25,uniform,short,flat,0.2,1.0,1.0,1.0,peripheral,11338.019811030674,620.6985684714305,0.0,0.0,10717.321242559243,10717.321242559243,4837.632290882548,4063.508404596589,1816.1805470801062,10717.321242559243,4837.632290882548,4063.508404596589,1816.1805470801062,0.0,549.9801434153735,775.8732105892885,0.0,100,0,0.0,0,0,0.0,0.0,0.0,0.0,0.0,0.0,0,0.0,0.0,0,0,0,0.0926065444946289,0.0,0.0,0.0,False,infeasible,baseline_truck_only,11338.019811030674,775.8732105892885,,,,0.0,False,feasible_only,0.0,,False,,,,
S0063_R02,6302028,nils,S0063,n100_p0.75_d3_uniform_Elow_V1.25_Hshort_PWflat_B0.20,100,0.75,0.75,3,3,low,1.25,uniform,short,flat,0.2,1.0,1.0,1.0,peripheral,11338.019811030674,620.6985684714305,0.0,0.0,10717.321242559243,10717.321242559243,4837.632290882548,4063.508404596589,1816.1805470801062,10717.321242559243,4837.632290882548,4063.508404596589,1816.1805470801062,0.0,549.9801434153735,775.8732105892885,0.0,100,0,0.0,0,0,0.0,0.0,0.0,0.0,0.0,0.0,0,0.0,0.0,0,3375,3375,31.899214267730713,25.0,0.0,2100.0,False,infeasible,nils_complete,11338.019811030674,775.8732105892885,,0.0,,0.0,False,feasible_only,0.0,,False,,,,
S0063_R03,6302029,truck_only,S0063,n100_p0.75_d3_uniform_Elow_V1.25_Hshort_PWflat_B0.20,100,0.75,0.75,3,3,low,1.25,uniform,short,flat,0.2,1.0,1.0,1.0,peripheral,9805.866871943988,582.3289577271231,0.0,0.0,9223.537914216866,9223.537914216866,2052.6939782067157,4440.46134408303,2730.38259192712,9223.537914216866,2052.6939782067157,4440.46134408303,2730.38259192712,0.0,613.8934796278888,727.9111971589039,0.0,100,0,0.0,0,0,0.0,0.0,0.0,0.0,0.0,0.0,0,0.0,0.0,0,0,0,0.1017608642578125,0.0,0.0,0.0,False,infeasible,baseline_truck_only,9805.866871943988,727.9111971589039,,,,0.0,False,feasible_only,0.0,,False,,,,
S0063_R03,6302029,nils,S0063,n100_p0.75_d3_uniform_Elow_V1.25_Hshort_PWflat_B0.20,100,0.75,0.75,3,3,low,1.25,uniform,short,flat,0.2,1.0,1.0,1.0,peripheral,9805.866871943988,582.3289577271231,0.0,0.0,9223.537914216866,9223.537914216866,2052.6939782067157,4440.46134408303,2730.38259192712,9223.537914216866,2052.6939782067157,4440.46134408303,2730.38259192712,0.0,613.8934796278888,727.9111971589039,0.0,100,0,0.0,0,0,0.0,0.0,0.0,0.0,0.0,0.0,0,0.0,0.0,0,3525,3525,31.08974528312683,25.0,0.0,2025.0,False,infeasible,nils_complete,9805.866871943988,727.9111971589039,,0.0,,0.0,False,feasible_only,0.0,,False,,,,
S0063_R04,6302030,truck_only,S0063,n100_p0.75_d3_uniform_Elow_V1.25_Hshort_PWflat_B0.20,100,0.75,0.75,3,3,low,1.25,uniform,short,flat,0.2,1.0,1.0,1.0,peripheral,9114.351369531532,582.7942506340897,0.0,0.0,8531.557118897443,8531.557118897443,2170.7563793457225,3930.3647336939202,2430.4360058578027,8531.557118897445,2170.7563793457225,3930.3647336939202,2430.4360058578027,0.0,532.932875768462,728.4928132926121,0.0,100,0,0.0,0,0,0.0,0.0,0.0,0.0,0.0,0.0,0,0.0,0.0,0,0,0,0.1480557918548584,0.0,0.0,0.0,False,infeasible,baseline_truck_only,9114.351369531532,728.4928132926121,,,,0.0,False,feasible_only,0.0,,False,,,,
S0063_R04,6302030,nils,S0063,n100_p0.75_d3_uniform_Elow_V1.25_Hshort_PWflat_B0.20,100,0.75,0.75,3,3,low,1.25,uniform,short,flat,0.2,1.0,1.0,1.0,peripheral,9114.351369531532,582.7942506340897,0.0,0.0,8531.557118897443,8531.557118897443,2170.7563793457225,3930.3647336939202,2430.4360058578027,8531.557118897445,2170.7563793457225,3930.3647336939202,2430.4360058578027,0.0,532.932875768462,728.4928132926121,0.0,100,0,0.0,0,0,0.0,0.0,0.0,0.0,0.0,0.0,0,0.0,0.0,0,3600,3600,32.86145257949829,25.0,0.0,2025.0,False,infeasible,nils_complete,9114.351369531532,728.4928132926121,,0.0,,0.0,False,feasible_only,0.0,,False,,,,
S0063_R05,6302031,truck_only,S0063,n100_p0.75_d3_uniform_Elow_V1.25_Hshort_PWflat_B0.20,100,0.75,0.75,3,3,low,1.25,uniform,short,flat,0.2,1.0,1.0,1.0,peripheral,12279.336291857353,661.1722424579696,0.0,0.0,11618.164049399384,11618.164049399384,4876.171464565261,3244.3425849827463,3497.6499998513755,11618.164049399384,4876.171464565261,3244.3425849827463,3497.6499998513755,0.0,538.5660610960781,826.4653030724618,0.0,100,0,0.0,0,0,0.0,0.0,0.0,0.0,0.0,0.0,0,0.0,0.0,0,0,0,0.08810210227966309,0.0,0.0,0.0,False,infeasible,baseline_truck_only,12279.336291857353,826.4653030724618,,,,0.0,False,feasible_only,0.0,,False,,,,
S0063_R05,6302031,nils,S0063,n100_p0.75_d3_uniform_Elow_V1.25_Hshort_PWflat_B0.20,100,0.75,0.75,3,3,low,1.25,uniform,short,flat,0.2,1.0,1.0,1.0,peripheral,12279.336291857353,661.1722424579696,0.0,0.0,11618.164049399384,11618.164049399384,4876.171464565261,3244.3425849827463,3497.6499998513755,11618.164049399384,4876.171464565261,3244.3425849827463,3497.6499998513755,0.0,538.5660610960781,826.4653030724618,0.0,100,0,0.0,0,0,0.0,0.0,0.0,0.0,0.0,0.0,0,0.0,0.0,0,4125,4125,25.201833248138428,25.0,0.0,300.0,False,infeasible,nils_complete,12279.336291857353,826.4653030724618,,0.0,,0.0,False,feasible_only,0.0,,False,,,,
S0063_R06,6302032,truck_only,S0063,n100_p0.75_d3_uniform_Elow_V1.25_Hshort_PWflat_B0.20,100,0.75,0.75,3,3,low,1.25,uniform,short,flat,0.2,1.0,1.0,1.0,peripheral,15707.651780924389,687.2449078709423,0.0,0.0,15020.406873053447,15020.406873053447,4973.963859261568,6998.616473954127,3047.8265398377494,15020.406873053445,4973.963859261568,6998.616473954127,3047.8265398377494,0.0,708.1410347350627,859.0561348386778,0.0,100,0,0.0,0,0,0.0,0.0,0.0,0.0,0.0,0.0,0,0.0,0.0,0,0,0,0.1020059585571289,0.0,0.0,0.0,False,infeasible,baseline_truck_only,15707.651780924389,859.0561348386778,,,,0.0,False,feasible_only,0.0,,False,,,,
S0063_R06,6302032,nils,S0063,n100_p0.75_d3_uniform_Elow_V1.25_Hshort_PWflat_B0.20,100,0.75,0.75,3,3,low,1.25,uniform,short,flat,0.2,1.0,1.0,1.0,peripheral,15707.651780924389,687.2449078709423,0.0,0.0,15020.406873053447,15020.406873053447,4973.963859261568,6998.616473954127,3047.8265398377494,15020.406873053445,4973.963859261568,6998.616473954127,3047.8265398377494,0.0,708.1410347350627,859.0561348386778,0.0,100,0,0.0,0,0,0.0,0.0,0.0,0.0,0.0,0.0,0,0.0,0.0,0,4350,4350,23.60651397705078,25.0,0.0,525.0,False,infeasible,nils_complete,15707.651780924389,859.0561348386778,,0.0,,0.0,False,feasible_only,0.0,,False,,,,
S0063_R07,6302033,truck_only,S0063,n100_p0.75_d3_uniform_Elow_V1.25_Hshort_PWflat_B0.20,100,0.75,0.75,3,3,low,1.25,uniform,short,flat,0.2,1.0,1.0,1.0,peripheral,11385.90020165195,664.4285200779951,0.0,0.0,10721.471681573954,10721.471681573954,3664.414867780887,4105.253016953949,2951.80379683912,10721.471681573956,3664.414867780887,4105.253016953949,2951.80379683912,0.0,546.9446137676464,830.5356500974938,0.0,100,0,0.0,0,0,0.0,0.0,0.0,0.0,0.0,0.0,0,0.0,0.0,0,0,0,0.11245608329772949,0.0,0.0,0.0,False,infeasible,baseline_truck_only,11385.90020165195,830.5356500974938,,,,0.0,False,feasible_only,0.0,,False,,,,
S0063_R07,6302033,nils,S0063,n100_p0.75_d3_uniform_Elow_V1.25_Hshort_PWflat_B0.20,100,0.75,0.75,3,3,low,1.25,uniform,short,flat,0.2,1.0,1.0,1.0,peripheral,11385.90020165195,664.4285200779951,0.0,0.0,10721.471681573954,10721.471681573954,3664.414867780887,4105.253016953949,2951.80379683912,10721.471681573956,3664.414867780887,4105.253016953949,2951.80379683912,0.0,546.9446137676464,830.5356500974938,0.0,100,0,0.0,0,0,0.0,0.0,0.0,0.0,0.0,0.0,0,0.0,0.0,0,3975,3975,24.461676597595215,25.0,0.0,600.0,False,infeasible,nils_complete,11385.90020165195,830.5356500974938,,0.0,,0.0,False,feasible_only,0.0,,False,,,,
S0063_R08,6302034,truck_only,S0063,n100_p0.75_d3_uniform_Elow_V1.25_Hshort_PWflat_B0.20,100,0.75,0.75,3,3,low,1.25,uniform,short,flat,0.2,1.0,1.0,1.0,peripheral,11896.137895308262,663.2045495864539,0.0,0.0,11232.933345721809,11232.933345721809,3396.270722660029,5100.310789805491,2736.35183325629,11232.933345721809,3396.270722660029,5100.310789805491,2736.35183325629,0.0,522.5688040844731,829.0056869830673,0.0,100,0,0.0,0,0,0.0,0.0,0.0,0.0,0.0,0.0,0,0.0,0.0,0,0,0,0.14465904235839844,0.0,0.0,0.0,False,infeasible,baseline_truck_only,11896.137895308262,829.0056869830673,,,,0.0,False,feasible_only,0.0,,False,,,,
S0063_R08,6302034,nils,S0063,n100_p0.75_d3_uniform_Elow_V1.25_Hshort_PWflat_B0.20,100,0.75,0.75,3,3,low,1.25,uniform,short,flat,0.2,1.0,1.0,1.0,peripheral,11896.137895308262,663.2045495864539,0.0,0.0,11232.933345721809,11232.933345721809,3396.270722660029,5100.310789805491,2736.35183325629,11232.933345721809,3396.270722660029,5100.310789805491,2736.35183325629,0.0,522.5688040844731,829.0056869830673,0.0,100,0,0.0,0,0,0.0,0.0,0.0,0.0,0.0,0.0,0,0.0,0.0,0,3675,3675,33.984874963760376,25.0,0.0,1050.0,False,infeasible,nils_complete,11896.137895308262,829.0056869830673,,0.0,,0.0,False,feasible_only,0.0,,False,,,,
S0063_R09,6302035,truck_only,S0063,n100_p0.75_d3_uniform_Elow_V1.25_Hshort_PWflat_B0.20,100,0.75,0.75,3,3,low,1.25,uniform,short,flat,0.2,1.0,1.0,1.0,peripheral,15865.576615492566,718.9829348311379,0.0,0.0,15146.593680661428,15146.593680661428,4326.915356221792,5963.510572621345,4856.167751818292,15146.59368066143,4326.915356221792,5963.510572621345,4856.167751818292,0.0,706.9633868830952,898.7286685389223,0.0,100,0,0.0,0,0,0.0,0.0,0.0,0.0,0.0,0.0,0,0.0,0.0,0,0,0,0.10174989700317383,0.0,0.0,0.0,False,infeasible,baseline_truck_only,15865.576615492566,898.7286685389223,,,,0.0,False,feasible_only,0.0,,False,,,,
S0063_R09,6302035,nils,S0063,n100_p0.75_d3_uniform_Elow_V1.25_Hshort_PWflat_B0.20,100,0.75,0.75,3,3,low,1.25,uniform,short,flat,0.2,1.0,1.0,1.0,peripheral,15865.576615492566,718.9829348311379,0.0,0.0,15146.593680661428,15146.593680661428,4326.915356221792,5963.510572621345,4856.167751818292,15146.59368066143,4326.915356221792,5963.510572621345,4856.167751818292,0.0,706.9633868830952,898.7286685389223,0.0,100,0,0.0,0,0,0.0,0.0,0.0,0.0,0.0,0.0,0,0.0,0.0,0,3750,3750,31.983845949172974,25.0,0.0,750.0,False,infeasible,nils_complete,15865.576615492566,898.7286685389223,,0.0,,0.0,False,feasible_only,0.0,,False,,,,
S0063_R10,6302036,truck_only,S0063,n100_p0.75_d3_uniform_Elow_V1.25_Hshort_PWflat_B0.20,100,0.75,0.75,3,3,low,1.25,uniform,short,flat,0.2,1.0,1.0,1.0,peripheral,10198.170463543769,635.5149073086853,0.0,0.0,9562.655556235084,9562.655556235084,2269.5675886790787,3932.431787201837,3360.656180354168,9562.655556235084,2269.5675886790787,3932.431787201837,3360.656180354168,0.0,587.097034917922,794.3936341358561,0.0,100,0,0.0,0,0,0.0,0.0,0.0,0.0,0.0,0.0,0,0.0,0.0,0,0,0,0.1465294361114502,0.0,0.0,0.0,False,infeasible,baseline_truck_only,10198.170463543769,794.3936341358561,,,,0.0,False,feasible_only,0.0,,False,,,,
S0063_R10,6302036,nils,S0063,n100_p0.75_d3_uniform_Elow_V1.25_Hshort_PWflat_B0.20,100,0.75,0.75,3,3,low,1.25,uniform,short,flat,0.2,1.0,1.0,1.0,peripheral,10198.170463543769,635.5149073086853,0.0,0.0,9562.655556235084,9562.655556235084,2269.5675886790787,3932.431787201837,3360.656180354168,9562.655556235084,2269.5675886790787,3932.431787201837,3360.656180354168,0.0,587.097034917922,794.3936341358561,0.0,100,0,0.0,0,0,0.0,0.0,0.0,0.0,0.0,0.0,0,0.0,0.0,0,3825,3825,29.14953637123108,25.0,0.0,1350.0,False,infeasible,nils_complete,10198.170463543769,794.3936341358561,,0.0,,0.0,False,feasible_only,0.0,,False,,,,
S0064_R01,6402027,truck_only,S0064,n100_p0.75_d3_uniform_Elow_V1.25_Hmedium_PWbase_B0.20,100,0.75,0.75,3,3,low,1.25,uniform,medium,base,0.2,100.0,20.0,1.0,peripheral,583495.3633709236,702.4638814806272,0.0,0.0,582792.8994894429,582792.8994894429,4710.928543991445,5419.331154649466,3313.421997309202,13443.681695950114,471092.8543991445,108386.62309298932,3313.421997309202,0.0,634.3491502066488,878.0798518507843,0.0,100,0,0.0,0,0,0.0,0.0,0.0,0.0,0.0,0.0,0,0.0,0.0,0,0,0,0.13183951377868652,0.0,0.0,0.0,False,infeasible,baseline_truck_only,583495.3633709236,878.0798518507843,,,,0.0,False,feasible_only,0.0,,False,,,,
S0064_R01,6402027,nils,S0064,n100_p0.75_d3_uniform_Elow_V1.25_Hmedium_PWbase_B0.20,100,0.75,0.75,3,3,low,1.25,uniform,medium,base,0.2,100.0,20.0,1.0,peripheral,583495.3633709236,702.4638814806272,0.0,0.0,582792.8994894429,582792.8994894429,4710.928543991445,5419.331154649466,3313.421997309202,13443.681695950114,471092.8543991445,108386.62309298932,3313.421997309202,0.0,634.3491502066488,878.0798518507843,0.0,100,0,0.0,0,0,0.0,0.0,0.0,0.0,0.0,0.0,0,0.0,0.0,0,3825,3825,29.468156099319458,25.0,0.0,1200.0,False,infeasible,nils_complete,583495.3633709236,878.0798518507843,,0.0,,0.0,False,feasible_only,0.0,,False,,,,
S0064_R02,6402028,truck_only,S0064,n100_p0.75_d3_uniform_Elow_V1.25_Hmedium_PWbase_B0.20,100,0.75,0.75,3,3,low,1.25,uniform,medium,base,0.2,100.0,20.0,1.0,peripheral,635333.9308423405,653.5023714124416,0.0,0.0,634680.428470928,634680.428470928,5248.730278792795,5367.711882788102,2453.1629358866635,13069.60509746756,524873.0278792795,107354.23765576204,2453.1629358866635,0.0,670.1371965919822,816.877964265552,0.0,100,0,0.0,0,0,0.0,0.0,0.0,0.0,0.0,0.0,0,0.0,0.0,0,0,0,0.146287202835083,0.0,0.0,0.0,False,infeasible,baseline_truck_only,635333.9308423405,816.877964265552,,,,0.0,False,feasible_only,0.0,,False,,,,
S0064_R02,6402028,nils,S0064,n100_p0.75_d3_uniform_Elow_V1.25_Hmedium_PWbase_B0.20,100,0.75,0.75,3,3,low,1.25,uniform,medium,base,0.2,100.0,20.0,1.0,peripheral,635333.9308423405,653.5023714124416,0.0,0.0,634680.428470928,634680.428470928,5248.730278792795,5367.711882788102,2453.1629358866635,13069.60509746756,524873.0278792795,107354.23765576204,2453.1629358866635,0.0,670.1371965919822,816.877964265552,0.0,100,0,0.0,0,0,0.0,0.0,0.0,0.0,0.0,0.0,0,0.0,0.0,0,4125,4125,23.86250638961792,25.0,0.0,825.0,False,infeasible,nils_complete,635333.9308423405,816.877964265552,,0.0,,0.0,False,feasible_only,0.0,,False,,,,
S0064_R03,6402029,truck_only,S0064,n100_p0.75_d3_uniform_Elow_V1.25_Hmedium_PWbase_B0.20,100,0.75,0.75,3,3,low,1.25,uniform,medium,base,0.2,100.0,20.0,1.0,peripheral,616799.7113964068,694.9437265464676,0.0,0.0,616104.7676698603,616104.7676698603,5225.547339833505,4445.102788925542,4647.977907999001,14318.628036758048,522554.7339833505,88902.05577851084,4647.977907999001,0.0,689.2769074916343,868.6796581830847,0.0,100,0,0.0,0,0,0.0,0.0,0.0,0.0,0.0,0.0,0,0.0,0.0,0,0,0,0.13994383811950684,0.0,0.0,0.0,False,infeasible,baseline_truck_only,616799.7113964068,868.6796581830847,,,,0.0,False,feasible_only,0.0,,False,,,,
S0064_R03,6402029,nils,S0064,n100_p0.75_d3_uniform_Elow_V1.25_Hmedium_PWbase_B0.20,100,0.75,0.75,3,3,low,1.25,uniform,medium,base,0.2,100.0,20.0,1.0,peripheral,616799.7113964068,694.9437265464676,0.0,0.0,616104.7676698603,616104.7676698603,5225.547339833505,4445.102788925542,4647.977907999001,14318.628036758048,522554.7339833505,88902.05577851084,4647.977907999001,0.0,689.2769074916343,868.6796581830847,0.0,100,0,0.0,0,0,0.0,0.0,0.0,0.0,0.0,0.0,0,0.0,0.0,0,3600,3600,29.380491256713867,25.0,0.0,1800.0,False,infeasible,nils_complete,616799.7113964068,868.6796581830847,,0.0,,0.0,False,feasible_only,0.0,,False,,,,
S0064_R04,6402030,truck_only,S0064,n100_p0.75_d3_uniform_Elow_V1.25_Hmedium_PWbase_B0.20,100,0.75,0.75,3,3,low,1.25,uniform,medium,base,0.2,100.0,20.0,1.0,peripheral,627534.7890901302,703.3900637577965,0.0,0.0,626831.3990263725,626831.3990263725,5338.819398243673,4440.280622159764,4143.846758810066,13922.946779213504,533881.9398243673,88805.61244319528,4143.846758810066,0.0,649.7194382925035,879.2375796972459,0.0,100,0,0.0,0,0,0.0,0.0,0.0,0.0,0.0,0.0,0,0.0,0.0,0,0,0,0.09851384162902832,0.0,0.0,0.0,False,infeasible,baseline_truck_only,627534.7890901302,879.2375796972459,,,,0.0,False,feasible_only,0.0,,False,,,,
S0064_R04,6402030,nils,S0064,n100_p0.75_d3_uniform_Elow_V1.25_Hmedium_PWbase_B0.20,100,0.75,0.75,3,3,low,1.25,uniform,medium,base,0.2,100.0,20.0,1.0,peripheral,627534.7890901302,703.3900637577965,0.0,0.0,626831.3990263725,626831.3990263725,5338.819398243673,4440.280622159764,4143.846758810066,13922.946779213504,533881.9398243673,88805.61244319528,4143.846758810066,0.0,649.7194382925035,879.2375796972459,0.0,100,0,0.0,0,0,0.0,0.0,0.0,0.0,0.0,0.0,0,0.0,0.0,0,4200,4200,21.425100564956665,25.0,0.0,525.0,False,infeasible,nils_complete,627534.7890901302,879.2375796972459,,0.0,,0.0,False,feasible_only,0.0,,False,,,,
S0064_R05,6402031,truck_only,S0064,n100_p0.75_d3_uniform_Elow_V1.25_Hmedium_PWbase_B0.20,100,0.75,0.75,3,3,low,1.25,uniform,medium,base,0.2,100.0,20.0,1.0,peripheral,562220.8924021232,707.2294494546195,0.0,0.0,561513.6629526686,561513.6629526686,4503.259541010976,5339.650393771747,4394.700976136243,14237.610910918967,450325.9541010976,106793.00787543494,4394.700976136243,0.0,649.3886353230528,884.0368118182744,0.0,100,0,0.0,0,0,0.0,0.0,0.0,0.0,0.0,0.0,0,0.0,0.0,0,0,0,0.0874028205871582,0.0,0.0,0.0,False,infeasible,baseline_truck_only,562220.8924021232,884.0368118182744,,,,0.0,False,feasible_only,0.0,,False,,,,
S0064_R05,6402031,nils,S0064,n100_p0.75_d3_uniform_Elow_V1.25_Hmedium_PWbase_B0.20,100,0.75,0.75,3,3,low,1.25,uniform,medium,base,0.2,100.0,20.0,1.0,peripheral,562220.8924021232,707.2294494546195,0.0,0.0,561513.6629526686,561513.6629526686,4503.259541010976,5339.650393771747,4394.700976136243,14237.610910918967,450325.9541010976,106793.00787543494,4394.700976136243,0.0,649.3886353230528,884.0368118182744,0.0,100,0,0.0,0,0,0.0,0.0,0.0,0.0,0.0,0.0,0,0.0,0.0,0,4050,4050,21.67558979988098,25.0,0.0,375.0,False,infeasible,nils_complete,562220.8924021232,884.0368118182744,,0.0,,0.0,False,feasible_only,0.0,,False,,,,
S0064_R06,6402032,truck_only,S0064,n100_p0.75_d3_uniform_Elow_V1.25_Hmedium_PWbase_B0.20,100,0.75,0.75,3,3,low,1.25,uniform,medium,base,0.2,100.0,20.0,1.0,peripheral,610528.3516648889,662.9004307705353,0.0,0.0,609865.4512341183,609865.4512341183,4745.3068801610925,6579.102343820797,3752.71634159333,15077.12556557522,474530.6880161092,131582.04687641593,3752.71634159333,0.0,707.8220720910552,828.6255384631692,0.0,100,0,0.0,0,0,0.0,0.0,0.0,0.0,0.0,0.0,0,0.0,0.0,0,0,0,0.10254359245300293,0.0,0.0,0.0,False,infeasible,baseline_truck_only,610528.3516648889,828.6255384631692,,,,0.0,False,feasible_only,0.0,,False,,,,
S0064_R06,6402032,nils,S0064,n100_p0.75_d3_uniform_Elow_V1.25_Hmedium_PWbase_B0.20,100,0.75,0.75,3,3,low,1.25,uniform,medium,base,0.2,100.0,20.0,1.0,peripheral,610528.3516648889,662.9004307705353,0.0,0.0,609865.4512341183,609865.4512341183,4745.3068801610925,6579.102343820797,3752.71634159333,15077.12556557522,474530.6880161092,131582.04687641593,3752.71634159333,0.0,707.8220720910552,828.6255384631692,0.0,100,0,0.0,0,0,0.0,0.0,0.0,0.0,0.0,0.0,0,0.0,0.0,0,4200,4200,22.099549531936646,25.0,0.0,675.0,False,infeasible,nils_complete,610528.3516648889,828.6255384631692,,0.0,,0.0,False,feasible_only,0.0,,False,,,,
S0064_R07,6402033,truck_only,S0064,n100_p0.75_d3_uniform_Elow_V1.25_Hmedium_PWbase_B0.20,100,0.75,0.75,3,3,low,1.25,uniform,medium,base,0.2,100.0,20.0,1.0,peripheral,523948.4628107285,658.7835567314655,0.0,0.0,523289.67925399705,523289.67925399705,4374.040597507733,4134.159579806588,3202.427907091831,11710.628084406151,437404.0597507733,82683.19159613177,3202.427907091831,0.0,554.4437785021142,823.4794459143319,0.0,100,0,0.0,0,0,0.0,0.0,0.0,0.0,0.0,0.0,0,0.0,0.0,0,0,0,0.09328866004943848,0.0,0.0,0.0,False,infeasible,baseline_truck_only,523948.4628107285,823.4794459143319,,,,0.0,False,feasible_only,0.0,,False,,,,
S0064_R07,6402033,nils,S0064,n100_p0.75_d3_uniform_Elow_V1.25_Hmedium_PWbase_B0.20,100,0.75,0.75,3,3,low,1.25,uniform,medium,base,0.2,100.0,20.0,1.0,peripheral,523948.4628107285,658.7835567314655,0.0,0.0,523289.67925399705,523289.67925399705,4374.040597507733,4134.159579806588,3202.427907091831,11710.628084406151,437404.0597507733,82683.19159613177,3202.427907091831,0.0,554.4437785021142,823.4794459143319,0.0,100,0,0.0,0,0,0.0,0.0,0.0,0.0,0.0,0.0,0,0.0,0.0,0,3675,3675,23.183699369430542,25.0,0.0,900.0,False,infeasible,nils_complete,523948.4628107285,823.4794459143319,,0.0,,0.0,False,feasible_only,0.0,,False,,,,
S0064_R08,6402034,truck_only,S0064,n100_p0.75_d3_uniform_Elow_V1.25_Hmedium_PWbase_B0.20,100,0.75,0.75,3,3,low,1.25,uniform,medium,base,0.2,100.0,20.0,1.0,peripheral,587504.5596122465,692.5335140310561,0.0,0.0,586812.0260982154,586812.0260982154,5186.391115836796,3239.2734203866676,3387.4461068023375,11813.1106430258,518639.1115836796,64785.46840773335,3387.4461068023375,0.0,603.8961214959545,865.6668925388201,0.0,100,0,0.0,0,0,0.0,0.0,0.0,0.0,0.0,0.0,0,0.0,0.0,0,0,0,0.09282684326171875,0.0,0.0,0.0,False,infeasible,baseline_truck_only,587504.5596122465,865.6668925388201,,,,0.0,False,feasible_only,0.0,,False,,,,
S0064_R08,6402034,nils,S0064,n100_p0.75_d3_uniform_Elow_V1.25_Hmedium_PWbase_B0.20,100,0.75,0.75,3,3,low,1.25,uniform,medium,base,0.2,100.0,20.0,1.0,peripheral,587504.5596122465,692.5335140310561,0.0,0.0,586812.0260982154,586812.0260982154,5186.391115836796,3239.2734203866676,3387.4461068023375,11813.1106430258,518639.1115836796,64785.46840773335,3387.4461068023375,0.0,603.8961214959545,865.6668925388201,0.0,100,0,0.0,0,0,0.0,0.0,0.0,0.0,0.0,0.0,0,0.0,0.0,0,4275,4275,23.486086130142212,25.0,0.0,750.0,False,infeasible,nils_complete,587504.5596122465,865.6668925388201,,0.0,,0.0,False,feasible_only,0.0,,False,,,,
S0064_R09,6402035,truck_only,S0064,n100_p0.75_d3_uniform_Elow_V1.25_Hmedium_PWbase_B0.20,100,0.75,0.75,3,3,low,1.25,uniform,medium,base,0.2,100.0,20.0,1.0,peripheral,448451.8260960866,601.1030873098799,0.0,0.0,447850.7230087767,447850.7230087767,3879.860639888544,2814.6381779588423,3571.895460745529,10266.394278592916,387986.0639888544,56292.76355917685,3571.895460745529,0.0,561.7513864148622,751.3788591373498,0.0,100,0,0.0,0,0,0.0,0.0,0.0,0.0,0.0,0.0,0,0.0,0.0,0,0,0,0.09046435356140137,0.0,0.0,0.0,False,infeasible,baseline_truck_only,448451.8260960866,751.3788591373498,,,,0.0,False,feasible_only,0.0,,False,,,,
S0064_R09,6402035,nils,S0064,n100_p0.75_d3_uniform_Elow_V1.25_Hmedium_PWbase_B0.20,100,0.75,0.75,3,3,low,1.25,uniform,medium,base,0.2,100.0,20.0,1.0,peripheral,448451.8260960866,601.1030873098799,0.0,0.0,447850.7230087767,447850.7230087767,3879.860639888544,2814.6381779588423,3571.895460745529,10266.394278592916,387986.0639888544,56292.76355917685,3571.895460745529,0.0,561.7513864148622,751.3788591373498,0.0,100,0,0.0,0,0,0.0,0.0,0.0,0.0,0.0,0.0,0,0.0,0.0,0,4350,4350,16.122657775878906,25.0,0.0,225.0,False,infeasible,nils_complete,448451.8260960866,751.3788591373498,,0.0,,0.0,False,feasible_only,0.0,,False,,,,
S0064_R10,6402036,truck_only,S0064,n100_p0.75_d3_uniform_Elow_V1.25_Hmedium_PWbase_B0.20,100,0.75,0.75,3,3,low,1.25,uniform,medium,base,0.2,100.0,20.0,1.0,peripheral,567806.2832836144,632.3275820899815,0.0,0.0,567173.9557015245,567173.9557015245,4724.408176518501,4601.5014322455745,2703.109404762804,12029.019013526879,472440.8176518501,92030.0286449115,2703.109404762804,0.0,529.8348638828116,790.4094776124764,0.0,100,0,0.0,0,0,0.0,0.0,0.0,0.0,0.0,0.0,0,0.0,0.0,0,0,0,0.0996713638305664,0.0,0.0,0.0,False,infeasible,baseline_truck_only,567806.2832836144,790.4094776124764,,,,0.0,False,feasible_only,0.0,,False,,,,
S0064_R10,6402036,nils,S0064,n100_p0.75_d3_uniform_Elow_V1.25_Hmedium_PWbase_B0.20,100,0.75,0.75,3,3,low,1.25,uniform,medium,base,0.2,100.0,20.0,1.0,peripheral,567806.2832836144,632.3275820899815,0.0,0.0,567173.9557015245,567173.9557015245,4724.408176518501,4601.5014322455745,2703.109404762804,12029.019013526879,472440.8176518501,92030.0286449115,2703.109404762804,0.0,529.8348638828116,790.4094776124764,0.0,100,0,0.0,0,0,0.0,0.0,0.0,0.0,0.0,0.0,0,0.0,0.0,0,4200,4200,21.012438535690308,25.0,0.0,450.0,False,infeasible,nils_complete,567806.2832836144,790.4094776124764,,0.0,,0.0,False,feasible_only,0.0,,False,,,,
S0065_R01,6502027,truck_only,S0065,n100_p0.75_d3_uniform_Elow_V2.00_Hshort_PWstrict_B0.20,100,0.75,0.75,3,3,low,2.0,uniform,short,strict,0.2,200.0,40.0,1.0,peripheral,882125.3570966431,617.1390533581013,0.0,0.0,881508.218043285,881508.218043285,3433.9129287656265,4796.059956425204,2883.234033151571,11113.206918342403,686782.5857531253,191842.39825700817,2883.234033151571,0.0,596.9253811478119,771.423816697627,0.0,100,0,0.0,0,0,0.0,0.0,0.0,0.0,0.0,0.0,0,0.0,0.0,0,0,0,0.11879587173461914,0.0,0.0,0.0,False,infeasible,baseline_truck_only,882125.3570966431,771.423816697627,,,,0.0,False,feasible_only,0.0,,False,,,,
S0065_R01,6502027,nils,S0065,n100_p0.75_d3_uniform_Elow_V2.00_Hshort_PWstrict_B0.20,100,0.75,0.75,3,3,low,2.0,uniform,short,strict,0.2,200.0,40.0,1.0,peripheral,882125.3570966431,617.1390533581013,0.0,0.0,881508.218043285,881508.218043285,3433.9129287656265,4796.059956425204,2883.234033151571,11113.206918342403,686782.5857531253,191842.39825700817,2883.234033151571,0.0,596.9253811478119,771.423816697627,0.0,100,0,0.0,0,0,0.0,0.0,0.0,0.0,0.0,0.0,0,0.0,0.0,0,1425,1425,26.653114318847656,25.0,0.0,1275.0,False,infeasible,nils_complete,882125.3570966431,771.423816697627,,0.0,,0.0,False,feasible_only,0.0,,False,,,,
S0065_R02,6502028,truck_only,S0065,n100_p0.75_d3_uniform_Elow_V2.00_Hshort_PWstrict_B0.20,100,0.75,0.75,3,3,low,2.0,uniform,short,strict,0.2,200.0,40.0,1.0,peripheral,744335.7390738106,585.7300978533315,0.0,0.0,743750.0089759573,743750.0089759573,2672.9227586271845,5148.2768418332,3234.3835771925546,11055.58317765294,534584.5517254369,205931.07367332798,3234.3835771925546,0.0,588.8434147667323,732.162622316664,0.0,100,0,0.0,0,0,0.0,0.0,0.0,0.0,0.0,0.0,0,0.0,0.0,0,0,0,0.10828852653503418,0.0,0.0,0.0,False,infeasible,baseline_truck_only,744335.7390738106,732.162622316664,,,,0.0,False,feasible_only,0.0,,False,,,,
S0065_R02,6502028,nils,S0065,n100_p0.75_d3_uniform_Elow_V2.00_Hshort_PWstrict_B0.20,100,0.75,0.75,3,3,low,2.0,uniform,short,strict,0.2,200.0,40.0,1.0,peripheral,744335.7390738106,585.7300978533315,0.0,0.0,743750.0089759573,743750.0089759573,2672.9227586271845,5148.2768418332,3234.3835771925546,11055.58317765294,534584.5517254369,205931.07367332798,3234.3835771925546,0.0,588.8434147667323,732.162622316664,0.0,100,0,0.0,0,0,0.0,0.0,0.0,0.0,0.0,0.0,0,0.0,0.0,0,1125,1125,27.801975965499878,25.0,0.0,1425.0,False,infeasible,nils_complete,744335.7390738106,732.162622316664,,0.0,,0.0,False,feasible_only,0.0,,False,,,,
S0065_R03,6502029,truck_only,S0065,n100_p0.75_d3_uniform_Elow_V2.00_Hshort_PWstrict_B0.20,100,0.75,0.75,3,3,low,2.0,uniform,short,strict,0.2,200.0,40.0,1.0,peripheral,1076730.0880201603,652.9983326353392,0.0,0.0,1076077.089687525,1076077.089687525,4382.130681460475,4875.300139933763,4638.947798079747,13896.378619473986,876426.136292095,195012.0055973505,4638.947798079747,0.0,673.8327415603965,816.2479157941743,0.0,100,0,0.0,0,0,0.0,0.0,0.0,0.0,0.0,0.0,0,0.0,0.0,0,0,0,0.09164214134216309,0.0,0.0,0.0,False,infeasible,baseline_truck_only,1076730.0880201603,816.2479157941743,,,,0.0,False,feasible_only,0.0,,False,,,,
S0065_R03,6502029,nils,S0065,n100_p0.75_d3_uniform_Elow_V2.00_Hshort_PWstrict_B0.20,100,0.75,0.75,3,3,low,2.0,uniform,short,strict,0.2,200.0,40.0,1.0,peripheral,1076730.0880201603,652.9983326353392,0.0,0.0,1076077.089687525,1076077.089687525,4382.130681460475,4875.300139933763,4638.947798079747,13896.378619473986,876426.136292095,195012.0055973505,4638.947798079747,0.0,673.8327415603965,816.2479157941743,0.0,100,0,0.0,0,0,0.0,0.0,0.0,0.0,0.0,0.0,0,0.0,0.0,0,1575,1575,26.26849889755249,25.0,0.0,825.0,False,infeasible,nils_complete,1076730.0880201603,816.2479157941743,,0.0,,0.0,False,feasible_only,0.0,,False,,,,
S0065_R04,6502030,truck_only,S0065,n100_p0.75_d3_uniform_Elow_V2.00_Hshort_PWstrict_B0.20,100,0.75,0.75,3,3,low,2.0,uniform,short,strict,0.2,200.0,40.0,1.0,peripheral,898999.2053448943,622.6954459770344,0.0,0.0,898376.5098989173,898376.5098989173,3487.883711235119,4976.8660157733275,1725.1270209608067,10189.876747969252,697576.7422470237,199074.6406309331,1725.1270209608067,0.0,505.75202861958456,778.369307471293,0.0,100,0,0.0,0,0,0.0,0.0,0.0,0.0,0.0,0.0,0,0.0,0.0,0,0,0,0.12811970710754395,0.0,0.0,0.0,False,infeasible,baseline_truck_only,898999.2053448943,778.369307471293,,,,0.0,False,feasible_only,0.0,,False,,,,
S0065_R04,6502030,nils,S0065,n100_p0.75_d3_uniform_Elow_V2.00_Hshort_PWstrict_B0.20,100,0.75,0.75,3,3,low,2.0,uniform,short,strict,0.2,200.0,40.0,1.0,peripheral,119427.34031440546,321.44908685630986,37.49560572920747,0.0,119068.39562181995,119068.39562181995,385.61910216658185,1048.6143797125897,0.0,1434.2334818791714,77123.82043331637,41944.575188503586,0.0,0.0,271.1707263157374,401.81135857038726,124.98535243069156,89,11,0.11,3,3,3.6666666666666665,3.6666666666666665,0.0,0.0,0.0,0.0,0,0.7934460962387521,0.7979747332106994,0,3589,3589,12.136520624160767,24.0,11.0,1178.0,True,feasible,nils_complete,898999.2053448943,778.369307471293,,86.71552326138173,,48.3778002660766,True,feasible_only,0.0,119427.34031440546,True,,,,
S0065_R05,6502031,truck_only,S0065,n100_p0.75_d3_uniform_Elow_V2.00_Hshort_PWstrict_B0.20,100,0.75,0.75,3,3,low,2.0,uniform,short,strict,0.2,200.0,40.0,1.0,peripheral,1038244.3904616529,621.65592714397,0.0,0.0,1037622.7345345089,1037622.7345345089,4525.016334586422,3261.5486612986624,2157.5211652781195,9944.086161163204,905003.2669172845,130461.9464519465,2157.5211652781195,0.0,547.4762112654279,777.0699089299624,0.0,100,0,0.0,0,0,0.0,0.0,0.0,0.0,0.0,0.0,0,0.0,0.0,0,0,0,0.09010100364685059,0.0,0.0,0.0,False,infeasible,baseline_truck_only,1038244.3904616529,777.0699089299624,,,,0.0,False,feasible_only,0.0,,False,,,,
S0065_R05,6502031,nils,S0065,n100_p0.75_d3_uniform_Elow_V2.00_Hshort_PWstrict_B0.20,100,0.75,0.75,3,3,low,2.0,uniform,short,strict,0.2,200.0,40.0,1.0,peripheral,1038244.3904616529,621.65592714397,0.0,0.0,1037622.7345345089,1037622.7345345089,4525.016334586422,3261.5486612986624,2157.5211652781195,9944.086161163204,905003.2669172845,130461.9464519465,2157.5211652781195,0.0,547.4762112654279,777.0699089299624,0.0,100,0,0.0,0,0,0.0,0.0,0.0,0.0,0.0,0.0,0,0.0,0.0,0,1575,1575,28.35964560508728,25.0,0.0,1875.0,False,infeasible,nils_complete,1038244.3904616529,777.0699089299624,,0.0,,0.0,False,feasible_only,0.0,,False,,,,
S0065_R06,6502032,truck_only,S0065,n100_p0.75_d3_uniform_Elow_V2.00_Hshort_PWstrict_B0.20,100,0.75,0.75,3,3,low,2.0,uniform,short,strict,0.2,200.0,40.0,1.0,peripheral,1003936.0569303536,594.2921026908753,0.0,0.0,1003341.7648276627,1003341.7648276627,4067.2934021609753,4670.308503469127,3070.744256702756,11808.346162332857,813458.6804321951,186812.34013876505,3070.744256702756,0.0,616.5604325501022,742.8651283635937,0.0,100,0,0.0,0,0,0.0,0.0,0.0,0.0,0.0,0.0,0,0.0,0.0,0,0,0,0.10073637962341309,0.0,0.0,0.0,False,infeasible,baseline_truck_only,1003936.0569303536,742.8651283635937,,,,0.0,False,feasible_only,0.0,,False,,,,
S0065_R06,6502032,nils,S0065,n100_p0.75_d3_uniform_Elow_V2.00_Hshort_PWstrict_B0.20,100,0.75,0.75,3,3,low,2.0,uniform,short,strict,0.2,200.0,40.0,1.0,peripheral,1003936.0569303536,594.2921026908753,0.0,0.0,1003341.7648276627,1003341.7648276627,4067.2934021609753,4670.308503469127,3070.744256702756,11808.346162332857,813458.6804321951,186812.34013876505,3070.744256702756,0.0,616.5604325501022,742.8651283635937,0.0,100,0,0.0,0,0,0.0,0.0,0.0,0.0,0.0,0.0,0,0.0,0.0,0,1800,1800,29.920546293258667,25.0,0.0,2400.0,False,infeasible,nils_complete,1003936.0569303536,742.8651283635937,,0.0,,0.0,False,feasible_only,0.0,,False,,,,
S0065_R07,6502033,truck_only,S0065,n100_p0.75_d3_uniform_Elow_V2.00_Hshort_PWstrict_B0.20,100,0.75,0.75,3,3,low,2.0,uniform,short,strict,0.2,200.0,40.0,1.0,peripheral,1434289.1112840676,676.5457315761337,0.0,0.0,1433612.5655524915,1433612.5655524915,6187.950756441796,4831.944659957607,2744.627865828785,13764.523282228187,1237590.1512883592,193277.78639830428,2744.627865828785,0.0,577.3396378653747,845.6821644701674,0.0,100,0,0.0,0,0,0.0,0.0,0.0,0.0,0.0,0.0,0,0.0,0.0,0,0,0,0.08486437797546387,0.0,0.0,0.0,False,infeasible,baseline_truck_only,1434289.1112840676,845.6821644701674,,,,0.0,False,feasible_only,0.0,,False,,,,
S0065_R07,6502033,nils,S0065,n100_p0.75_d3_uniform_Elow_V2.00_Hshort_PWstrict_B0.20,100,0.75,0.75,3,3,low,2.0,uniform,short,strict,0.2,200.0,40.0,1.0,peripheral,1434289.1112840676,676.5457315761337,0.0,0.0,1433612.5655524915,1433612.5655524915,6187.950756441796,4831.944659957607,2744.627865828785,13764.523282228187,1237590.1512883592,193277.78639830428,2744.627865828785,0.0,577.3396378653747,845.6821644701674,0.0,100,0,0.0,0,0,0.0,0.0,0.0,0.0,0.0,0.0,0,0.0,0.0,0,1425,1425,25.808140516281128,25.0,0.0,1425.0,False,infeasible,nils_complete,1434289.1112840676,845.6821644701674,,0.0,,0.0,False,feasible_only,0.0,,False,,,,
S0065_R08,6502034,truck_only,S0065,n100_p0.75_d3_uniform_Elow_V2.00_Hshort_PWstrict_B0.20,100,0.75,0.75,3,3,low,2.0,uniform,short,strict,0.2,200.0,40.0,1.0,peripheral,914130.7590382593,698.2854881224406,0.0,0.0,913432.4735501368,913432.4735501368,3585.7125147622396,4824.845576038042,3296.147556166958,11706.705646967239,717142.502952448,192993.82304152168,3296.147556166958,0.0,559.3818107520233,872.8568601530509,0.0,100,0,0.0,0,0,0.0,0.0,0.0,0.0,0.0,0.0,0,0.0,0.0,0,0,0,0.09248614311218262,0.0,0.0,0.0,False,infeasible,baseline_truck_only,914130.7590382593,872.8568601530509,,,,0.0,False,feasible_only,0.0,,False,,,,
S0065_R08,6502034,nils,S0065,n100_p0.75_d3_uniform_Elow_V2.00_Hshort_PWstrict_B0.20,100,0.75,0.75,3,3,low,2.0,uniform,short,strict,0.2,200.0,40.0,1.0,peripheral,914130.7590382593,698.2854881224406,0.0,0.0,913432.4735501368,913432.4735501368,3585.7125147622396,4824.845576038042,3296.147556166958,11706.705646967239,717142.502952448,192993.82304152168,3296.147556166958,0.0,559.3818107520233,872.8568601530509,0.0,100,0,0.0,0,0,0.0,0.0,0.0,0.0,0.0,0.0,0,0.0,0.0,0,1575,1575,25.60988473892212,25.0,0.0,975.0,False,infeasible,nils_complete,914130.7590382593,872.8568601530509,,0.0,,0.0,False,feasible_only,0.0,,False,,,,
S0065_R09,6502035,truck_only,S0065,n100_p0.75_d3_uniform_Elow_V2.00_Hshort_PWstrict_B0.20,100,0.75,0.75,3,3,low,2.0,uniform,short,strict,0.2,200.0,40.0,1.0,peripheral,1634192.736116388,646.6067105128133,0.0,0.0,1633546.1294058752,1633546.1294058752,6969.91744381967,5928.138540373882,2437.099026985872,15335.155011179424,1393983.488763934,237125.5416149553,2437.099026985872,0.0,643.8151078447631,808.2583881410167,0.0,100,0,0.0,0,0,0.0,0.0,0.0,0.0,0.0,0.0,0,0.0,0.0,0,0,0,0.10469770431518555,0.0,0.0,0.0,False,infeasible,baseline_truck_only,1634192.736116388,808.2583881410167,,,,0.0,False,feasible_only,0.0,,False,,,,
S0065_R09,6502035,nils,S0065,n100_p0.75_d3_uniform_Elow_V2.00_Hshort_PWstrict_B0.20,100,0.75,0.75,3,3,low,2.0,uniform,short,strict,0.2,200.0,40.0,1.0,peripheral,1634192.736116388,646.6067105128133,0.0,0.0,1633546.1294058752,1633546.1294058752,6969.91744381967,5928.138540373882,2437.099026985872,15335.155011179424,1393983.488763934,237125.5416149553,2437.099026985872,0.0,643.8151078447631,808.2583881410167,0.0,100,0,0.0,0,0,0.0,0.0,0.0,0.0,0.0,0.0,0,0.0,0.0,0,1350,1350,29.312264680862427,25.0,0.0,2100.0,False,infeasible,nils_complete,1634192.736116388,808.2583881410167,,0.0,,0.0,False,feasible_only,0.0,,False,,,,
S0065_R10,6502036,truck_only,S0065,n100_p0.75_d3_uniform_Elow_V2.00_Hshort_PWstrict_B0.20,100,0.75,0.75,3,3,low,2.0,uniform,short,strict,0.2,200.0,40.0,1.0,peripheral,863327.7384928802,713.0271594048609,0.0,0.0,862614.7113334754,862614.7113334754,3349.7121490740924,4691.132806543767,5026.969256905926,13067.814212523786,669942.4298148184,187645.3122617507,5026.969256905926,0.0,662.5772737303919,891.2839492560763,0.0,100,0,0.0,0,0,0.0,0.0,0.0,0.0,0.0,0.0,0,0.0,0.0,0,0,0,0.09217500686645508,0.0,0.0,0.0,False,infeasible,baseline_truck_only,863327.7384928802,891.2839492560763,,,,0.0,False,feasible_only,0.0,,False,,,,
S0065_R10,6502036,nils,S0065,n100_p0.75_d3_uniform_Elow_V2.00_Hshort_PWstrict_B0.20,100,0.75,0.75,3,3,low,2.0,uniform,short,strict,0.2,200.0,40.0,1.0,peripheral,863327.7384928802,713.0271594048609,0.0,0.0,862614.7113334754,862614.7113334754,3349.7121490740924,4691.132806543767,5026.969256905926,13067.814212523786,669942.4298148184,187645.3122617507,5026.969256905926,0.0,662.5772737303919,891.2839492560763,0.0,100,0,0.0,0,0,0.0,0.0,0.0,0.0,0.0,0.0,0,0.0,0.0,0,1050,1050,29.82702612876892,25.0,0.0,2175.0,False,infeasible,nils_complete,863327.7384928802,891.2839492560763,,0.0,,0.0,False,feasible_only,0.0,,False,,,,
S0066_R01,6602027,truck_only,S0066,n100_p0.75_d3_uniform_Elow_V2.00_Hlong_PWmoderate_B0.20,100,0.75,0.75,3,3,low,2.0,uniform,long,moderate,0.2,20.0,5.0,1.0,peripheral,102617.0738786574,628.5550282043741,0.0,0.0,101988.51885045302,101988.51885045302,3678.8427310729994,4955.776338835583,3632.78253481514,12267.401604723722,73576.85462145999,24778.881694177915,3632.78253481514,0.0,627.0639968773254,785.6937852554676,0.0,100,0,0.0,0,0,0.0,0.0,0.0,0.0,0.0,0.0,0,0.0,0.0,0,0,0,0.09061121940612793,0.0,0.0,0.0,False,infeasible,baseline_truck_only,102617.0738786574,785.6937852554676,,,,0.0,False,feasible_only,0.0,,False,,,,
S0066_R01,6602027,nils,S0066,n100_p0.75_d3_uniform_Elow_V2.00_Hlong_PWmoderate_B0.20,100,0.75,0.75,3,3,low,2.0,uniform,long,moderate,0.2,20.0,5.0,1.0,peripheral,102617.0738786574,628.5550282043741,0.0,0.0,101988.51885045302,101988.51885045302,3678.8427310729994,4955.776338835583,3632.78253481514,12267.401604723722,73576.85462145999,24778.881694177915,3632.78253481514,0.0,627.0639968773254,785.6937852554676,0.0,100,0,0.0,0,0,0.0,0.0,0.0,0.0,0.0,0.0,0,0.0,0.0,0,1350,1350,29.302616834640503,25.0,0.0,1950.0,False,infeasible,nils_complete,102617.0738786574,785.6937852554676,,0.0,,0.0,False,feasible_only,0.0,,False,,,,
S0066_R02,6602028,truck_only,S0066,n100_p0.75_d3_uniform_Elow_V2.00_Hlong_PWmoderate_B0.20,100,0.75,0.75,3,3,low,2.0,uniform,long,moderate,0.2,20.0,5.0,1.0,peripheral,121308.56914419428,675.3290077733129,0.0,0.0,120633.24013642097,120633.24013642097,4725.650681648321,4495.668210131249,3641.8854527983062,12863.204344577876,94513.01363296641,22478.341050656243,3641.8854527983062,0.0,625.5328268652107,844.1612597166411,0.0,100,0,0.0,0,0,0.0,0.0,0.0,0.0,0.0,0.0,0,0.0,0.0,0,0,0,0.09148979187011719,0.0,0.0,0.0,False,infeasible,baseline_truck_only,121308.56914419428,844.1612597166411,,,,0.0,False,feasible_only,0.0,,False,,,,
S0066_R02,6602028,nils,S0066,n100_p0.75_d3_uniform_Elow_V2.00_Hlong_PWmoderate_B0.20,100,0.75,0.75,3,3,low,2.0,uniform,long,moderate,0.2,20.0,5.0,1.0,peripheral,121308.56914419428,675.3290077733129,0.0,0.0,120633.24013642097,120633.24013642097,4725.650681648321,4495.668210131249,3641.8854527983062,12863.204344577876,94513.01363296641,22478.341050656243,3641.8854527983062,0.0,625.5328268652107,844.1612597166411,0.0,100,0,0.0,0,0,0.0,0.0,0.0,0.0,0.0,0.0,0,0.0,0.0,0,1350,1350,25.790589094161987,25.0,0.0,1125.0,False,infeasible,nils_complete,121308.56914419428,844.1612597166411,,0.0,,0.0,False,feasible_only,0.0,,False,,,,
S0066_R03,6602029,truck_only,S0066,n100_p0.75_d3_uniform_Elow_V2.00_Hlong_PWmoderate_B0.20,100,0.75,0.75,3,3,low,2.0,uniform,long,moderate,0.2,20.0,5.0,1.0,peripheral,90148.29169031717,615.897048254382,0.0,0.0,89532.39464206279,89532.39464206279,3365.8561007869866,4078.4846433355347,1822.8494096453924,9267.190153767913,67317.12201573973,20392.423216677675,1822.8494096453924,0.0,528.7665040680989,769.8713103179774,0.0,100,0,0.0,0,0,0.0,0.0,0.0,0.0,0.0,0.0,0,0.0,0.0,0,0,0,0.1006917953491211,0.0,0.0,0.0,False,infeasible,baseline_truck_only,90148.29169031717,769.8713103179774,,,,0.0,False,feasible_only,0.0,,False,,,,
S0066_R03,6602029,nils,S0066,n100_p0.75_d3_uniform_Elow_V2.00_Hlong_PWmoderate_B0.20,100,0.75,0.75,3,3,low,2.0,uniform,long,moderate,0.2,20.0,5.0,1.0,peripheral,90148.29169031717,615.897048254382,0.0,0.0,89532.39464206279,89532.39464206279,3365.8561007869866,4078.4846433355347,1822.8494096453924,9267.190153767913,67317.12201573973,20392.423216677675,1822.8494096453924,0.0,528.7665040680989,769.8713103179774,0.0,100,0,0.0,0,0,0.0,0.0,0.0,0.0,0.0,0.0,0,0.0,0.0,0,1350,1350,27.037513732910156,25.0,0.0,825.0,False,infeasible,nils_complete,90148.29169031717,769.8713103179774,,0.0,,0.0,False,feasible_only,0.0,,False,,,,
S0066_R04,6602030,truck_only,S0066,n100_p0.75_d3_uniform_Elow_V2.00_Hlong_PWmoderate_B0.20,100,0.75,0.75,3,3,low,2.0,uniform,long,moderate,0.2,20.0,5.0,1.0,peripheral,159769.59644038192,632.1612898875289,0.0,0.0,159137.4351504944,159137.4351504944,6554.401597574074,4636.9459625454465,4864.673386285611,16056.020946405131,131088.03195148148,23184.729812727233,4864.673386285611,0.0,684.4553726085724,790.2016123594108,0.0,100,0,0.0,0,0,0.0,0.0,0.0,0.0,0.0,0.0,0,0.0,0.0,0,0,0,0.12983274459838867,0.0,0.0,0.0,False,infeasible,baseline_truck_only,159769.59644038192,790.2016123594108,,,,0.0,False,feasible_only,0.0,,False,,,,
S0066_R04,6602030,nils,S0066,n100_p0.75_d3_uniform_Elow_V2.00_Hlong_PWmoderate_B0.20,100,0.75,0.75,3,3,low,2.0,uniform,long,moderate,0.2,20.0,5.0,1.0,peripheral,159769.59644038192,632.1612898875289,0.0,0.0,159137.4351504944,159137.4351504944,6554.401597574074,4636.9459625454465,4864.673386285611,16056.020946405131,131088.03195148148,23184.729812727233,4864.673386285611,0.0,684.4553726085724,790.2016123594108,0.0,100,0,0.0,0,0,0.0,0.0,0.0,0.0,0.0,0.0,0,0.0,0.0,0,1500,1500,26.79174280166626,25.0,0.0,675.0,False,infeasible,nils_complete,159769.59644038192,790.2016123594108,,0.0,,0.0,False,feasible_only,0.0,,False,,,,
S0066_R05,6602031,truck_only,S0066,n100_p0.75_d3_uniform_Elow_V2.00_Hlong_PWmoderate_B0.20,100,0.75,0.75,3,3,low,2.0,uniform,long,moderate,0.2,20.0,5.0,1.0,peripheral,119350.51068056843,638.6708353137111,0.0,0.0,118711.83984525473,118711.83984525473,4683.3410695896055,4470.485855112858,2692.589177898355,11846.416102600819,93666.82139179211,22352.42927556429,2692.589177898355,0.0,553.8980402563734,798.338544142139,0.0,100,0,0.0,0,0,0.0,0.0,0.0,0.0,0.0,0.0,0,0.0,0.0,0,0,0,0.09472894668579102,0.0,0.0,0.0,False,infeasible,baseline_truck_only,119350.51068056843,798.338544142139,,,,0.0,False,feasible_only,0.0,,False,,,,
S0066_R05,6602031,nils,S0066,n100_p0.75_d3_uniform_Elow_V2.00_Hlong_PWmoderate_B0.20,100,0.75,0.75,3,3,low,2.0,uniform,long,moderate,0.2,20.0,5.0,1.0,peripheral,119350.51068056843,638.6708353137111,0.0,0.0,118711.83984525473,118711.83984525473,4683.3410695896055,4470.485855112858,2692.589177898355,11846.416102600819,93666.82139179211,22352.42927556429,2692.589177898355,0.0,553.8980402563734,798.338544142139,0.0,100,0,0.0,0,0,0.0,0.0,0.0,0.0,0.0,0.0,0,0.0,0.0,0,900,900,33.47040367126465,25.0,0.0,3150.0,False,infeasible,nils_complete,119350.51068056843,798.338544142139,,0.0,,0.0,False,feasible_only,0.0,,False,,,,
S0066_R06,6602032,truck_only,S0066,n100_p0.75_d3_uniform_Elow_V2.00_Hlong_PWmoderate_B0.20,100,0.75,0.75,3,3,low,2.0,uniform,long,moderate,0.2,20.0,5.0,1.0,peripheral,101060.35606015446,719.0552377097827,0.0,0.0,100341.30082244468,100341.30082244468,3388.1768216253827,5400.61961770687,5574.666301402705,14363.462740734958,67763.53643250765,27003.09808853435,5574.666301402705,0.0,716.5789103681739,898.8190471372278,0.0,100,0,0.0,0,0,0.0,0.0,0.0,0.0,0.0,0.0,0,0.0,0.0,0,0,0,0.09946036338806152,0.0,0.0,0.0,False,infeasible,baseline_truck_only,101060.35606015446,898.8190471372278,,,,0.0,False,feasible_only,0.0,,False,,,,
S0066_R06,6602032,nils,S0066,n100_p0.75_d3_uniform_Elow_V2.00_Hlong_PWmoderate_B0.20,100,0.75,0.75,3,3,low,2.0,uniform,long,moderate,0.2,20.0,5.0,1.0,peripheral,101060.35606015446,719.0552377097827,0.0,0.0,100341.30082244468,100341.30082244468,3388.1768216253827,5400.61961770687,5574.666301402705,14363.462740734958,67763.53643250765,27003.09808853435,5574.666301402705,0.0,716.5789103681739,898.8190471372278,0.0,100,0,0.0,0,0,0.0,0.0,0.0,0.0,0.0,0.0,0,0.0,0.0,0,1125,1125,31.03656792640686,25.0,0.0,1050.0,False,infeasible,nils_complete,101060.35606015446,898.8190471372278,,0.0,,0.0,False,feasible_only,0.0,,False,,,,
S0066_R07,6602033,truck_only,S0066,n100_p0.75_d3_uniform_Elow_V2.00_Hlong_PWmoderate_B0.20,100,0.75,0.75,3,3,low,2.0,uniform,long,moderate,0.2,20.0,5.0,1.0,peripheral,117499.6152563438,645.9036517950979,0.0,0.0,116853.71160454869,116853.71160454869,4518.774977227709,4661.57916826876,3170.3162186506725,12350.670364147141,90375.49954455419,23307.8958413438,3170.3162186506725,0.0,547.3462504538395,807.3795647438722,0.0,100,0,0.0,0,0,0.0,0.0,0.0,0.0,0.0,0.0,0,0.0,0.0,0,0,0,0.09946537017822266,0.0,0.0,0.0,False,infeasible,baseline_truck_only,117499.6152563438,807.3795647438722,,,,0.0,False,feasible_only,0.0,,False,,,,
S0066_R07,6602033,nils,S0066,n100_p0.75_d3_uniform_Elow_V2.00_Hlong_PWmoderate_B0.20,100,0.75,0.75,3,3,low,2.0,uniform,long,moderate,0.2,20.0,5.0,1.0,peripheral,117499.6152563438,645.9036517950979,0.0,0.0,116853.71160454869,116853.71160454869,4518.774977227709,4661.57916826876,3170.3162186506725,12350.670364147141,90375.49954455419,23307.8958413438,3170.3162186506725,0.0,547.3462504538395,807.3795647438722,0.0,100,0,0.0,0,0,0.0,0.0,0.0,0.0,0.0,0.0,0,0.0,0.0,0,1350,1350,25.326260328292847,25.0,0.0,675.0,False,infeasible,nils_complete,117499.6152563438,807.3795647438722,,0.0,,0.0,False,feasible_only,0.0,,False,,,,
S0066_R08,6602034,truck_only,S0066,n100_p0.75_d3_uniform_Elow_V2.00_Hlong_PWmoderate_B0.20,100,0.75,0.75,3,3,low,2.0,uniform,long,moderate,0.2,20.0,5.0,1.0,peripheral,118057.6874829557,702.5564812079364,0.0,0.0,117355.13100174777,117355.13100174777,4927.537552308764,2425.676728168935,6675.996314727822,14029.21059520552,98550.75104617528,12128.383640844675,6675.996314727822,0.0,719.7864574087832,878.1956015099202,0.0,100,0,0.0,0,0,0.0,0.0,0.0,0.0,0.0,0.0,0,0.0,0.0,0,0,0,0.08250784873962402,0.0,0.0,0.0,False,infeasible,baseline_truck_only,118057.6874829557,878.1956015099202,,,,0.0,False,feasible_only,0.0,,False,,,,
S0066_R08,6602034,nils,S0066,n100_p0.75_d3_uniform_Elow_V2.00_Hlong_PWmoderate_B0.20,100,0.75,0.75,3,3,low,2.0,uniform,long,moderate,0.2,20.0,5.0,1.0,peripheral,118057.6874829557,702.5564812079364,0.0,0.0,117355.13100174777,117355.13100174777,4927.537552308764,2425.676728168935,6675.996314727822,14029.21059520552,98550.75104617528,12128.383640844675,6675.996314727822,0.0,719.7864574087832,878.1956015099202,0.0,100,0,0.0,0,0,0.0,0.0,0.0,0.0,0.0,0.0,0,0.0,0.0,0,1575,1575,25.586209535598755,25.0,0.0,1275.0,False,infeasible,nils_complete,118057.6874829557,878.1956015099202,,0.0,,0.0,False,feasible_only,0.0,,False,,,,
S0066_R09,6602035,truck_only,S0066,n100_p0.75_d3_uniform_Elow_V2.00_Hlong_PWmoderate_B0.20,100,0.75,0.75,3,3,low,2.0,uniform,long,moderate,0.2,20.0,5.0,1.0,peripheral,139243.65941180513,673.9172891984882,0.0,0.0,138569.74212260664,138569.74212260664,5867.571407446664,3578.610234496709,3325.262801189793,12771.444443133165,117351.42814893328,17893.051172483545,3325.262801189793,0.0,609.6372943117046,842.3966114981107,0.0,100,0,0.0,0,0,0.0,0.0,0.0,0.0,0.0,0.0,0,0.0,0.0,0,0,0,0.09113597869873047,0.0,0.0,0.0,False,infeasible,baseline_truck_only,139243.65941180513,842.3966114981107,,,,0.0,False,feasible_only,0.0,,False,,,,
S0066_R09,6602035,nils,S0066,n100_p0.75_d3_uniform_Elow_V2.00_Hlong_PWmoderate_B0.20,100,0.75,0.75,3,3,low,2.0,uniform,long,moderate,0.2,20.0,5.0,1.0,peripheral,139243.65941180513,673.9172891984882,0.0,0.0,138569.74212260664,138569.74212260664,5867.571407446664,3578.610234496709,3325.262801189793,12771.444443133165,117351.42814893328,17893.051172483545,3325.262801189793,0.0,609.6372943117046,842.3966114981107,0.0,100,0,0.0,0,0,0.0,0.0,0.0,0.0,0.0,0.0,0,0.0,0.0,0,1500,1500,24.162129640579224,25.0,0.0,750.0,False,infeasible,nils_complete,139243.65941180513,842.3966114981107,,0.0,,0.0,False,feasible_only,0.0,,False,,,,
S0066_R10,6602036,truck_only,S0066,n100_p0.75_d3_uniform_Elow_V2.00_Hlong_PWmoderate_B0.20,100,0.75,0.75,3,3,low,2.0,uniform,long,moderate,0.2,20.0,5.0,1.0,peripheral,121411.71079343643,669.4778942432554,0.0,0.0,120742.23289919317,120742.23289919317,4853.95366858613,4144.801475277936,2939.1521510808725,11937.907294944938,97079.07337172261,20724.00737638968,2939.1521510808725,0.0,539.2742490784642,836.8473678040691,0.0,100,0,0.0,0,0,0.0,0.0,0.0,0.0,0.0,0.0,0,0.0,0.0,0,0,0,0.08968257904052734,0.0,0.0,0.0,False,infeasible,baseline_truck_only,121411.71079343643,836.8473678040691,,,,0.0,False,feasible_only,0.0,,False,,,,
S0066_R10,6602036,nils,S0066,n100_p0.75_d3_uniform_Elow_V2.00_Hlong_PWmoderate_B0.20,100,0.75,0.75,3,3,low,2.0,uniform,long,moderate,0.2,20.0,5.0,1.0,peripheral,121411.71079343643,669.4778942432554,0.0,0.0,120742.23289919317,120742.23289919317,4853.95366858613,4144.801475277936,2939.1521510808725,11937.907294944938,97079.07337172261,20724.00737638968,2939.1521510808725,0.0,539.2742490784642,836.8473678040691,0.0,100,0,0.0,0,0,0.0,0.0,0.0,0.0,0.0,0.0,0,0.0,0.0,0,1350,1350,28.886512756347656,25.0,0.0,1725.0,False,infeasible,nils_complete,121411.71079343643,836.8473678040691,,0.0,,0.0,False,feasible_only,0.0,,False,,,,
S0067_R01,6702027,truck_only,S0067,n100_p0.75_d3_uniform_Emedium_V1.25_Hmedium_PWstrict_B0.20,100,0.75,0.75,3,3,medium,1.25,uniform,medium,strict,0.2,200.0,40.0,1.0,peripheral,848420.0067024623,653.9981946640521,0.0,0.0,847766.0085077983,847766.0085077983,3366.1052090764174,4286.654387996015,3078.7911726744637,10731.550769746897,673221.0418152835,171466.17551984062,3078.7911726744637,0.0,561.8912431347806,817.4977433300652,0.0,100,0,0.0,0,0,0.0,0.0,0.0,0.0,0.0,0.0,0,0.0,0.0,0,0,0,0.0933523178100586,0.0,0.0,0.0,False,infeasible,baseline_truck_only,848420.0067024623,817.4977433300652,,,,0.0,False,feasible_only,0.0,,False,,,,
S0067_R01,6702027,nils,S0067,n100_p0.75_d3_uniform_Emedium_V1.25_Hmedium_PWstrict_B0.20,100,0.75,0.75,3,3,medium,1.25,uniform,medium,strict,0.2,200.0,40.0,1.0,peripheral,848420.0067024623,653.9981946640521,0.0,0.0,847766.0085077983,847766.0085077983,3366.1052090764174,4286.654387996015,3078.7911726744637,10731.550769746897,673221.0418152835,171466.17551984062,3078.7911726744637,0.0,561.8912431347806,817.4977433300652,0.0,100,0,0.0,0,0,0.0,0.0,0.0,0.0,0.0,0.0,0,0.0,0.0,0,1950,1950,36.471471071243286,25.0,0.0,2775.0,False,infeasible,nils_complete,848420.0067024623,817.4977433300652,,0.0,,0.0,False,feasible_only,0.0,,False,,,,
S0067_R02,6702028,truck_only,S0067,n100_p0.75_d3_uniform_Emedium_V1.25_Hmedium_PWstrict_B0.20,100,0.75,0.75,3,3,medium,1.25,uniform,medium,strict,0.2,200.0,40.0,1.0,peripheral,852626.6367527257,696.737706260365,0.0,0.0,851929.8990464653,851929.8990464653,3487.7127968728128,3749.942893951728,4389.623913833679,11627.279604658219,697542.5593745626,149997.71575806913,4389.623913833679,0.0,657.5673986600749,870.9221328254563,0.0,100,0,0.0,0,0,0.0,0.0,0.0,0.0,0.0,0.0,0,0.0,0.0,0,0,0,0.13946938514709473,0.0,0.0,0.0,False,infeasible,baseline_truck_only,852626.6367527257,870.9221328254563,,,,0.0,False,feasible_only,0.0,,False,,,,
S0067_R02,6702028,nils,S0067,n100_p0.75_d3_uniform_Emedium_V1.25_Hmedium_PWstrict_B0.20,100,0.75,0.75,3,3,medium,1.25,uniform,medium,strict,0.2,200.0,40.0,1.0,peripheral,852626.6367527257,696.737706260365,0.0,0.0,851929.8990464653,851929.8990464653,3487.7127968728128,3749.942893951728,4389.623913833679,11627.279604658219,697542.5593745626,149997.71575806913,4389.623913833679,0.0,657.5673986600749,870.9221328254563,0.0,100,0,0.0,0,0,0.0,0.0,0.0,0.0,0.0,0.0,0,0.0,0.0,0,2625,2625,33.618911266326904,25.0,0.0,1425.0,False,infeasible,nils_complete,852626.6367527257,870.9221328254563,,0.0,,0.0,False,feasible_only,0.0,,False,,,,
S0067_R03,6702029,truck_only,S0067,n100_p0.75_d3_uniform_Emedium_V1.25_Hmedium_PWstrict_B0.20,100,0.75,0.75,3,3,medium,1.25,uniform,medium,strict,0.2,200.0,40.0,1.0,peripheral,833731.747291827,677.1699584046007,0.0,0.0,833054.5773334224,833054.5773334224,3410.5280956695733,3698.2798135979206,3017.765655590809,10126.573564858303,682105.6191339147,147931.1925439168,3017.765655590809,0.0,539.9373702195534,846.4624480057506,0.0,100,0,0.0,0,0,0.0,0.0,0.0,0.0,0.0,0.0,0,0.0,0.0,0,0,0,0.141648530960083,0.0,0.0,0.0,False,infeasible,baseline_truck_only,833731.747291827,846.4624480057506,,,,0.0,False,feasible_only,0.0,,False,,,,
S0067_R03,6702029,nils,S0067,n100_p0.75_d3_uniform_Emedium_V1.25_Hmedium_PWstrict_B0.20,100,0.75,0.75,3,3,medium,1.25,uniform,medium,strict,0.2,200.0,40.0,1.0,peripheral,833731.747291827,677.1699584046007,0.0,0.0,833054.5773334224,833054.5773334224,3410.5280956695733,3698.2798135979206,3017.765655590809,10126.573564858303,682105.6191339147,147931.1925439168,3017.765655590809,0.0,539.9373702195534,846.4624480057506,0.0,100,0,0.0,0,0,0.0,0.0,0.0,0.0,0.0,0.0,0,0.0,0.0,0,2025,2025,29.655134439468384,25.0,0.0,750.0,False,infeasible,nils_complete,833731.747291827,846.4624480057506,,0.0,,0.0,False,feasible_only,0.0,,False,,,,
S0067_R04,6702030,truck_only,S0067,n100_p0.75_d3_uniform_Emedium_V1.25_Hmedium_PWstrict_B0.20,100,0.75,0.75,3,3,medium,1.25,uniform,medium,strict,0.2,200.0,40.0,1.0,peripheral,780473.8254927666,641.6698385436149,0.0,0.0,779832.1556542229,779832.1556542229,3081.9542518245435,3990.7681895926457,3810.577705608014,10883.300147025202,616390.8503649087,159630.72758370583,3810.577705608014,0.0,601.2400939193132,802.0872981795188,0.0,100,0,0.0,0,0,0.0,0.0,0.0,0.0,0.0,0.0,0,0.0,0.0,0,0,0,0.09494853019714355,0.0,0.0,0.0,False,infeasible,baseline_truck_only,780473.8254927666,802.0872981795188,,,,0.0,False,feasible_only,0.0,,False,,,,
S0067_R04,6702030,nils,S0067,n100_p0.75_d3_uniform_Emedium_V1.25_Hmedium_PWstrict_B0.20,100,0.75,0.75,3,3,medium,1.25,uniform,medium,strict,0.2,200.0,40.0,1.0,peripheral,780473.8254927666,641.6698385436149,0.0,0.0,779832.1556542229,779832.1556542229,3081.9542518245435,3990.7681895926457,3810.577705608014,10883.300147025202,616390.8503649087,159630.72758370583,3810.577705608014,0.0,601.2400939193132,802.0872981795188,0.0,100,0,0.0,0,0,0.0,0.0,0.0,0.0,0.0,0.0,0,0.0,0.0,0,1800,1800,27.607139348983765,25.0,0.0,1575.0,False,infeasible,nils_complete,780473.8254927666,802.0872981795188,,0.0,,0.0,False,feasible_only,0.0,,False,,,,
S0067_R05,6702031,truck_only,S0067,n100_p0.75_d3_uniform_Emedium_V1.25_Hmedium_PWstrict_B0.20,100,0.75,0.75,3,3,medium,1.25,uniform,medium,strict,0.2,200.0,40.0,1.0,peripheral,961154.6775101564,646.2141816067423,0.0,0.0,960508.4633285496,960508.4633285496,3524.7757320299024,6294.728279985126,3764.185723164189,13583.689735179218,704955.1464059805,251789.13119940506,3764.185723164189,0.0,673.4261698791441,807.7677270084272,0.0,100,0,0.0,0,0,0.0,0.0,0.0,0.0,0.0,0.0,0,0.0,0.0,0,0,0,0.12018084526062012,0.0,0.0,0.0,False,infeasible,baseline_truck_only,961154.6775101564,807.7677270084272,,,,0.0,False,feasible_only,0.0,,False,,,,
S0067_R05,6702031,nils,S0067,n100_p0.75_d3_uniform_Emedium_V1.25_Hmedium_PWstrict_B0.20,100,0.75,0.75,3,3,medium,1.25,uniform,medium,strict,0.2,200.0,40.0,1.0,peripheral,961154.6775101564,646.2141816067423,0.0,0.0,960508.4633285496,960508.4633285496,3524.7757320299024,6294.728279985126,3764.185723164189,13583.689735179218,704955.1464059805,251789.13119940506,3764.185723164189,0.0,673.4261698791441,807.7677270084272,0.0,100,0,0.0,0,0,0.0,0.0,0.0,0.0,0.0,0.0,0,0.0,0.0,0,2550,2550,28.988611936569214,25.0,0.0,1800.0,False,infeasible,nils_complete,961154.6775101564,807.7677270084272,,0.0,,0.0,False,feasible_only,0.0,,False,,,,
S0067_R06,6702032,truck_only,S0067,n100_p0.75_d3_uniform_Emedium_V1.25_Hmedium_PWstrict_B0.20,100,0.75,0.75,3,3,medium,1.25,uniform,medium,strict,0.2,200.0,40.0,1.0,peripheral,992017.6032809418,619.397620879527,0.0,0.0,991398.2056600623,991398.2056600623,3928.565033110452,5037.651502384179,4179.138942604423,13145.355478099056,785713.0066220905,201506.06009536717,4179.138942604423,0.0,662.0989423029544,774.247026099409,0.0,100,0,0.0,0,0,0.0,0.0,0.0,0.0,0.0,0.0,0,0.0,0.0,0,0,0,0.10946011543273926,0.0,0.0,0.0,False,infeasible,baseline_truck_only,992017.6032809418,774.247026099409,,,,0.0,False,feasible_only,0.0,,False,,,,
S0067_R06,6702032,nils,S0067,n100_p0.75_d3_uniform_Emedium_V1.25_Hmedium_PWstrict_B0.20,100,0.75,0.75,3,3,medium,1.25,uniform,medium,strict,0.2,200.0,40.0,1.0,peripheral,992017.6032809418,619.397620879527,0.0,0.0,991398.2056600623,991398.2056600623,3928.565033110452,5037.651502384179,4179.138942604423,13145.355478099056,785713.0066220905,201506.06009536717,4179.138942604423,0.0,662.0989423029544,774.247026099409,0.0,100,0,0.0,0,0,0.0,0.0,0.0,0.0,0.0,0.0,0,0.0,0.0,0,2325,2325,26.083640098571777,25.0,0.0,750.0,False,infeasible,nils_complete,992017.6032809418,774.247026099409,,0.0,,0.0,False,feasible_only,0.0,,False,,,,
S0067_R07,6702033,truck_only,S0067,n100_p0.75_d3_uniform_Emedium_V1.25_Hmedium_PWstrict_B0.20,100,0.75,0.75,3,3,medium,1.25,uniform,medium,strict,0.2,200.0,40.0,1.0,peripheral,875738.9993905288,637.3746653014167,0.0,0.0,875101.6247252274,875101.6247252274,3447.3575385340205,4543.23677766728,3900.6459117320205,11891.240227933322,689471.5077068041,181729.4711066912,3900.6459117320205,0.0,627.1085218526712,796.7183316267706,0.0,100,0,0.0,0,0,0.0,0.0,0.0,0.0,0.0,0.0,0,0.0,0.0,0,0,0,0.09494662284851074,0.0,0.0,0.0,False,infeasible,baseline_truck_only,875738.9993905288,796.7183316267706,,,,0.0,False,feasible_only,0.0,,False,,,,
S0067_R07,6702033,nils,S0067,n100_p0.75_d3_uniform_Emedium_V1.25_Hmedium_PWstrict_B0.20,100,0.75,0.75,3,3,medium,1.25,uniform,medium,strict,0.2,200.0,40.0,1.0,peripheral,875738.9993905288,637.3746653014167,0.0,0.0,875101.6247252274,875101.6247252274,3447.3575385340205,4543.23677766728,3900.6459117320205,11891.240227933322,689471.5077068041,181729.4711066912,3900.6459117320205,0.0,627.1085218526712,796.7183316267706,0.0,100,0,0.0,0,0,0.0,0.0,0.0,0.0,0.0,0.0,0,0.0,0.0,0,2625,2625,25.921597003936768,25.0,0.0,1125.0,False,infeasible,nils_complete,875738.9993905288,796.7183316267706,,0.0,,0.0,False,feasible_only,0.0,,False,,,,
S0067_R08,6702034,truck_only,S0067,n100_p0.75_d3_uniform_Emedium_V1.25_Hmedium_PWstrict_B0.20,100,0.75,0.75,3,3,medium,1.25,uniform,medium,strict,0.2,200.0,40.0,1.0,peripheral,992226.8254929458,621.4384386155078,0.0,0.0,991605.3870543303,991605.3870543303,4173.215033451944,3856.2864786376426,2710.921218435872,10740.422730525457,834643.0066903888,154251.4591455057,2710.921218435872,0.0,549.3221705279161,776.7980482693852,0.0,100,0,0.0,0,0,0.0,0.0,0.0,0.0,0.0,0.0,0,0.0,0.0,0,0,0,0.0951073169708252,0.0,0.0,0.0,False,infeasible,baseline_truck_only,992226.8254929458,776.7980482693852,,,,0.0,False,feasible_only,0.0,,False,,,,
S0067_R08,6702034,nils,S0067,n100_p0.75_d3_uniform_Emedium_V1.25_Hmedium_PWstrict_B0.20,100,0.75,0.75,3,3,medium,1.25,uniform,medium,strict,0.2,200.0,40.0,1.0,peripheral,992226.8254929458,621.4384386155078,0.0,0.0,991605.3870543303,991605.3870543303,4173.215033451944,3856.2864786376426,2710.921218435872,10740.422730525457,834643.0066903888,154251.4591455057,2710.921218435872,0.0,549.3221705279161,776.7980482693852,0.0,100,0,0.0,0,0,0.0,0.0,0.0,0.0,0.0,0.0,0,0.0,0.0,0,2100,2100,30.22490096092224,25.0,0.0,2325.0,False,infeasible,nils_complete,992226.8254929458,776.7980482693852,,0.0,,0.0,False,feasible_only,0.0,,False,,,,
S0067_R09,6702035,truck_only,S0067,n100_p0.75_d3_uniform_Emedium_V1.25_Hmedium_PWstrict_B0.20,100,0.75,0.75,3,3,medium,1.25,uniform,medium,strict,0.2,200.0,40.0,1.0,peripheral,1235641.080054761,656.880167858072,0.0,0.0,1234984.199886903,1234984.199886903,5283.760127564325,4365.589332570242,3608.601071228236,13257.950531362803,1056752.0255128648,174623.57330280967,3608.601071228236,0.0,588.129145887455,821.1002098225902,0.0,100,0,0.0,0,0,0.0,0.0,0.0,0.0,0.0,0.0,0,0.0,0.0,0,0,0,0.10149288177490234,0.0,0.0,0.0,False,infeasible,baseline_truck_only,1235641.080054761,821.1002098225902,,,,0.0,False,feasible_only,0.0,,False,,,,
S0067_R09,6702035,nils,S0067,n100_p0.75_d3_uniform_Emedium_V1.25_Hmedium_PWstrict_B0.20,100,0.75,0.75,3,3,medium,1.25,uniform,medium,strict,0.2,200.0,40.0,1.0,peripheral,1235641.080054761,656.880167858072,0.0,0.0,1234984.199886903,1234984.199886903,5283.760127564325,4365.589332570242,3608.601071228236,13257.950531362803,1056752.0255128648,174623.57330280967,3608.601071228236,0.0,588.129145887455,821.1002098225902,0.0,100,0,0.0,0,0,0.0,0.0,0.0,0.0,0.0,0.0,0,0.0,0.0,0,2475,2475,24.590848922729492,25.0,0.0,675.0,False,infeasible,nils_complete,1235641.080054761,821.1002098225902,,0.0,,0.0,False,feasible_only,0.0,,False,,,,
S0067_R10,6702036,truck_only,S0067,n100_p0.75_d3_uniform_Emedium_V1.25_Hmedium_PWstrict_B0.20,100,0.75,0.75,3,3,medium,1.25,uniform,medium,strict,0.2,200.0,40.0,1.0,peripheral,667689.5788573246,602.1108973677304,0.0,0.0,667087.4679599568,667087.4679599568,2465.29909277889,4261.9691114234265,3548.884947242204,10276.153151444521,493059.818555778,170478.76445693706,3548.884947242204,0.0,536.0632375879718,752.638621709663,0.0,100,0,0.0,0,0,0.0,0.0,0.0,0.0,0.0,0.0,0,0.0,0.0,0,0,0,0.10191774368286133,0.0,0.0,0.0,False,infeasible,baseline_truck_only,667689.5788573246,752.638621709663,,,,0.0,False,feasible_only,0.0,,False,,,,
S0067_R10,6702036,nils,S0067,n100_p0.75_d3_uniform_Emedium_V1.25_Hmedium_PWstrict_B0.20,100,0.75,0.75,3,3,medium,1.25,uniform,medium,strict,0.2,200.0,40.0,1.0,peripheral,667689.5788573246,602.1108973677304,0.0,0.0,667087.4679599568,667087.4679599568,2465.29909277889,4261.9691114234265,3548.884947242204,10276.153151444521,493059.818555778,170478.76445693706,3548.884947242204,0.0,536.0632375879718,752.638621709663,0.0,100,0,0.0,0,0,0.0,0.0,0.0,0.0,0.0,0.0,0,0.0,0.0,0,2325,2325,24.84233593940735,25.0,0.0,975.0,False,infeasible,nils_complete,667689.5788573246,752.638621709663,,0.0,,0.0,False,feasible_only,0.0,,False,,,,
S0068_R01,6802027,truck_only,S0068,n100_p0.75_d3_uniform_Emedium_V2.00_Hmedium_PWstrict_B0.20,100,0.75,0.75,3,3,medium,2.0,uniform,medium,strict,0.2,200.0,40.0,1.0,peripheral,794854.030019722,667.406945258535,0.0,0.0,794186.6230744635,794186.6230744635,3222.2561660607576,3638.955040835341,4177.1882288981005,11038.3994357942,644451.2332121516,145558.20163341364,4177.1882288981005,0.0,592.1601266078867,834.2586815731688,0.0,100,0,0.0,0,0,0.0,0.0,0.0,0.0,0.0,0.0,0,0.0,0.0,0,0,0,0.09150171279907227,0.0,0.0,0.0,False,infeasible,baseline_truck_only,794854.030019722,834.2586815731688,,,,0.0,False,feasible_only,0.0,,False,,,,
S0068_R01,6802027,nils,S0068,n100_p0.75_d3_uniform_Emedium_V2.00_Hmedium_PWstrict_B0.20,100,0.75,0.75,3,3,medium,2.0,uniform,medium,strict,0.2,200.0,40.0,1.0,peripheral,794854.030019722,667.406945258535,0.0,0.0,794186.6230744635,794186.6230744635,3222.2561660607576,3638.955040835341,4177.1882288981005,11038.3994357942,644451.2332121516,145558.20163341364,4177.1882288981005,0.0,592.1601266078867,834.2586815731688,0.0,100,0,0.0,0,0,0.0,0.0,0.0,0.0,0.0,0.0,0,0.0,0.0,0,75,75,38.96545147895813,25.0,0.0,3525.0,False,infeasible,nils_complete,794854.030019722,834.2586815731688,,0.0,,0.0,False,feasible_only,0.0,,False,,,,
S0068_R02,6802028,truck_only,S0068,n100_p0.75_d3_uniform_Emedium_V2.00_Hmedium_PWstrict_B0.20,100,0.75,0.75,3,3,medium,2.0,uniform,medium,strict,0.2,200.0,40.0,1.0,peripheral,929005.8796557983,659.9815566067929,0.0,0.0,928345.8980991915,928345.8980991915,3515.341242873773,5562.286212134762,2786.201039046276,11863.828494054811,703068.2485747546,222491.44848539046,2786.201039046276,0.0,541.9083155772502,824.9769457584906,0.0,100,0,0.0,0,0,0.0,0.0,0.0,0.0,0.0,0.0,0,0.0,0.0,0,0,0,0.08852815628051758,0.0,0.0,0.0,False,infeasible,baseline_truck_only,929005.8796557983,824.9769457584906,,,,0.0,False,feasible_only,0.0,,False,,,,
S0068_R02,6802028,nils,S0068,n100_p0.75_d3_uniform_Emedium_V2.00_Hmedium_PWstrict_B0.20,100,0.75,0.75,3,3,medium,2.0,uniform,medium,strict,0.2,200.0,40.0,1.0,peripheral,929005.8796557983,659.9815566067929,0.0,0.0,928345.8980991915,928345.8980991915,3515.341242873773,5562.286212134762,2786.201039046276,11863.828494054811,703068.2485747546,222491.44848539046,2786.201039046276,0.0,541.9083155772502,824.9769457584906,0.0,100,0,0.0,0,0,0.0,0.0,0.0,0.0,0.0,0.0,0,0.0,0.0,0,0,0,30.085829973220825,25.0,0.0,1500.0,False,infeasible,nils_complete,929005.8796557983,824.9769457584906,,0.0,,0.0,False,feasible_only,0.0,,False,,,,
S0068_R03,6802029,truck_only,S0068,n100_p0.75_d3_uniform_Emedium_V2.00_Hmedium_PWstrict_B0.20,100,0.75,0.75,3,3,medium,2.0,uniform,medium,strict,0.2,200.0,40.0,1.0,peripheral,1202753.9184362262,654.7114383923064,0.0,0.0,1202099.206997834,1202099.206997834,5069.595289793341,4652.271227954293,2089.2999209938143,11811.16643874145,1013919.0579586682,186090.84911817173,2089.2999209938143,0.0,506.7056770986895,818.389297990383,0.0,100,0,0.0,0,0,0.0,0.0,0.0,0.0,0.0,0.0,0,0.0,0.0,0,0,0,0.09976339340209961,0.0,0.0,0.0,False,infeasible,baseline_truck_only,1202753.9184362262,818.389297990383,,,,0.0,False,feasible_only,0.0,,False,,,,
S0068_R03,6802029,nils,S0068,n100_p0.75_d3_uniform_Emedium_V2.00_Hmedium_PWstrict_B0.20,100,0.75,0.75,3,3,medium,2.0,uniform,medium,strict,0.2,200.0,40.0,1.0,peripheral,1202753.9184362262,654.7114383923064,0.0,0.0,1202099.206997834,1202099.206997834,5069.595289793341,4652.271227954293,2089.2999209938143,11811.16643874145,1013919.0579586682,186090.84911817173,2089.2999209938143,0.0,506.7056770986895,818.389297990383,0.0,100,0,0.0,0,0,0.0,0.0,0.0,0.0,0.0,0.0,0,0.0,0.0,0,0,0,27.472923278808594,25.0,0.0,1275.0,False,infeasible,nils_complete,1202753.9184362262,818.389297990383,,0.0,,0.0,False,feasible_only,0.0,,False,,,,
S0068_R04,6802030,truck_only,S0068,n100_p0.75_d3_uniform_Emedium_V2.00_Hmedium_PWstrict_B0.20,100,0.75,0.75,3,3,medium,2.0,uniform,medium,strict,0.2,200.0,40.0,1.0,peripheral,1262028.0781430886,649.6648402071428,0.0,0.0,1261378.4133028814,1261378.4133028814,5326.78604818868,4859.601073056045,1637.160742903529,11823.547864148253,1065357.209637736,194384.0429222418,1637.160742903529,0.0,610.4383377351932,812.0810502589285,0.0,100,0,0.0,0,0,0.0,0.0,0.0,0.0,0.0,0.0,0,0.0,0.0,0,0,0,0.13774991035461426,0.0,0.0,0.0,False,infeasible,baseline_truck_only,1262028.0781430886,812.0810502589285,,,,0.0,False,feasible_only,0.0,,False,,,,
S0068_R04,6802030,nils,S0068,n100_p0.75_d3_uniform_Emedium_V2.00_Hmedium_PWstrict_B0.20,100,0.75,0.75,3,3,medium,2.0,uniform,medium,strict,0.2,200.0,40.0,1.0,peripheral,1262028.0781430886,649.6648402071428,0.0,0.0,1261378.4133028814,1261378.4133028814,5326.78604818868,4859.601073056045,1637.160742903529,11823.547864148253,1065357.209637736,194384.0429222418,1637.160742903529,0.0,610.4383377351932,812.0810502589285,0.0,100,0,0.0,0,0,0.0,0.0,0.0,0.0,0.0,0.0,0,0.0,0.0,0,0,0,27.168673753738403,25.0,0.0,1650.0,False,infeasible,nils_complete,1262028.0781430886,812.0810502589285,,0.0,,0.0,False,feasible_only,0.0,,False,,,,
S0068_R05,6802031,truck_only,S0068,n100_p0.75_d3_uniform_Emedium_V2.00_Hmedium_PWstrict_B0.20,100,0.75,0.75,3,3,medium,2.0,uniform,medium,strict,0.2,200.0,40.0,1.0,peripheral,909389.997976363,676.2438109813925,0.0,0.0,908713.7541653817,908713.7541653817,3518.396692422856,4999.644670040612,5048.628879185714,13566.670241649183,703679.3384845712,199985.7868016245,5048.628879185714,0.0,676.5653153067015,845.3047637267402,0.0,100,0,0.0,0,0,0.0,0.0,0.0,0.0,0.0,0.0,0,0.0,0.0,0,0,0,0.09137415885925293,0.0,0.0,0.0,False,infeasible,baseline_truck_only,909389.997976363,845.3047637267402,,,,0.0,False,feasible_only,0.0,,False,,,,
S0068_R05,6802031,nils,S0068,n100_p0.75_d3_uniform_Emedium_V2.00_Hmedium_PWstrict_B0.20,100,0.75,0.75,3,3,medium,2.0,uniform,medium,strict,0.2,200.0,40.0,1.0,peripheral,909389.997976363,676.2438109813925,0.0,0.0,908713.7541653817,908713.7541653817,3518.396692422856,4999.644670040612,5048.628879185714,13566.670241649183,703679.3384845712,199985.7868016245,5048.628879185714,0.0,676.5653153067015,845.3047637267402,0.0,100,0,0.0,0,0,0.0,0.0,0.0,0.0,0.0,0.0,0,0.0,0.0,0,0,0,30.121877431869507,25.0,0.0,1875.0,False,infeasible,nils_complete,909389.997976363,845.3047637267402,,0.0,,0.0,False,feasible_only,0.0,,False,,,,
S0068_R06,6802032,truck_only,S0068,n100_p0.75_d3_uniform_Emedium_V2.00_Hmedium_PWstrict_B0.20,100,0.75,0.75,3,3,medium,2.0,uniform,medium,strict,0.2,200.0,40.0,1.0,peripheral,736962.783156476,675.2175024787359,0.0,0.0,736287.5656539972,736287.5656539972,2835.840399851109,4133.047383489225,3797.5903442066465,10766.47812754698,567168.0799702217,165321.895339569,3797.5903442066465,0.0,578.9352704390272,844.0218780984201,0.0,100,0,0.0,0,0,0.0,0.0,0.0,0.0,0.0,0.0,0,0.0,0.0,0,0,0,0.14120125770568848,0.0,0.0,0.0,False,infeasible,baseline_truck_only,736962.783156476,844.0218780984201,,,,0.0,False,feasible_only,0.0,,False,,,,
S0068_R06,6802032,nils,S0068,n100_p0.75_d3_uniform_Emedium_V2.00_Hmedium_PWstrict_B0.20,100,0.75,0.75,3,3,medium,2.0,uniform,medium,strict,0.2,200.0,40.0,1.0,peripheral,736962.783156476,675.2175024787359,0.0,0.0,736287.5656539972,736287.5656539972,2835.840399851109,4133.047383489225,3797.5903442066465,10766.47812754698,567168.0799702217,165321.895339569,3797.5903442066465,0.0,578.9352704390272,844.0218780984201,0.0,100,0,0.0,0,0,0.0,0.0,0.0,0.0,0.0,0.0,0,0.0,0.0,0,0,0,28.158705234527588,25.0,0.0,1650.0,False,infeasible,nils_complete,736962.783156476,844.0218780984201,,0.0,,0.0,False,feasible_only,0.0,,False,,,,
S0068_R07,6802033,truck_only,S0068,n100_p0.75_d3_uniform_Emedium_V2.00_Hmedium_PWstrict_B0.20,100,0.75,0.75,3,3,medium,2.0,uniform,medium,strict,0.2,200.0,40.0,1.0,peripheral,780446.601164685,607.5572939499187,0.0,0.0,779839.0438707351,779839.0438707351,3089.8748064336037,3985.2986808352553,2452.1353506041814,9527.30883787304,617974.9612867207,159411.9472334102,2452.1353506041814,0.0,549.819084627267,759.4466174373987,0.0,100,0,0.0,0,0,0.0,0.0,0.0,0.0,0.0,0.0,0,0.0,0.0,0,0,0,0.08766674995422363,0.0,0.0,0.0,False,infeasible,baseline_truck_only,780446.601164685,759.4466174373987,,,,0.0,False,feasible_only,0.0,,False,,,,
S0068_R07,6802033,nils,S0068,n100_p0.75_d3_uniform_Emedium_V2.00_Hmedium_PWstrict_B0.20,100,0.75,0.75,3,3,medium,2.0,uniform,medium,strict,0.2,200.0,40.0,1.0,peripheral,780446.601164685,607.5572939499187,0.0,0.0,779839.0438707351,779839.0438707351,3089.8748064336037,3985.2986808352553,2452.1353506041814,9527.30883787304,617974.9612867207,159411.9472334102,2452.1353506041814,0.0,549.819084627267,759.4466174373987,0.0,100,0,0.0,0,0,0.0,0.0,0.0,0.0,0.0,0.0,0,0.0,0.0,0,0,0,36.36049771308899,25.0,0.0,3375.0,False,infeasible,nils_complete,780446.601164685,759.4466174373987,,0.0,,0.0,False,feasible_only,0.0,,False,,,,
S0068_R08,6802034,truck_only,S0068,n100_p0.75_d3_uniform_Emedium_V2.00_Hmedium_PWstrict_B0.20,100,0.75,0.75,3,3,medium,2.0,uniform,medium,strict,0.2,200.0,40.0,1.0,peripheral,819284.4222755738,684.7585640772853,0.0,0.0,818599.6637114965,818599.6637114965,3188.2167640646003,4414.48395467322,4376.952711647743,11979.653430385562,637643.35281292,176579.3581869288,4376.952711647743,0.0,543.4784746134518,855.9482050966064,0.0,100,0,0.0,0,0,0.0,0.0,0.0,0.0,0.0,0.0,0,0.0,0.0,0,0,0,0.11554169654846191,0.0,0.0,0.0,False,infeasible,baseline_truck_only,819284.4222755738,855.9482050966064,,,,0.0,False,feasible_only,0.0,,False,,,,
S0068_R08,6802034,nils,S0068,n100_p0.75_d3_uniform_Emedium_V2.00_Hmedium_PWstrict_B0.20,100,0.75,0.75,3,3,medium,2.0,uniform,medium,strict,0.2,200.0,40.0,1.0,peripheral,819284.4222755738,684.7585640772853,0.0,0.0,818599.6637114965,818599.6637114965,3188.2167640646003,4414.48395467322,4376.952711647743,11979.653430385562,637643.35281292,176579.3581869288,4376.952711647743,0.0,543.4784746134518,855.9482050966064,0.0,100,0,0.0,0,0,0.0,0.0,0.0,0.0,0.0,0.0,0,0.0,0.0,0,0,0,19.855244636535645,25.0,0.0,225.0,False,infeasible,nils_complete,819284.4222755738,855.9482050966064,,0.0,,0.0,False,feasible_only,0.0,,False,,,,
S0068_R09,6802035,truck_only,S0068,n100_p0.75_d3_uniform_Emedium_V2.00_Hmedium_PWstrict_B0.20,100,0.75,0.75,3,3,medium,2.0,uniform,medium,strict,0.2,200.0,40.0,1.0,peripheral,785605.3231701029,674.1288854945161,0.0,0.0,784931.1942846084,784931.1942846084,2624.2176475884703,6446.63394555881,2222.3069445620263,11293.158537709307,524843.529517694,257865.3578223524,2222.3069445620263,0.0,572.179428087448,842.661106868145,0.0,100,0,0.0,0,0,0.0,0.0,0.0,0.0,0.0,0.0,0,0.0,0.0,0,0,0,0.08682584762573242,0.0,0.0,0.0,False,infeasible,baseline_truck_only,785605.3231701029,842.661106868145,,,,0.0,False,feasible_only,0.0,,False,,,,
S0068_R09,6802035,nils,S0068,n100_p0.75_d3_uniform_Emedium_V2.00_Hmedium_PWstrict_B0.20,100,0.75,0.75,3,3,medium,2.0,uniform,medium,strict,0.2,200.0,40.0,1.0,peripheral,785605.3231701029,674.1288854945161,0.0,0.0,784931.1942846084,784931.1942846084,2624.2176475884703,6446.63394555881,2222.3069445620263,11293.158537709307,524843.529517694,257865.3578223524,2222.3069445620263,0.0,572.179428087448,842.661106868145,0.0,100,0,0.0,0,0,0.0,0.0,0.0,0.0,0.0,0.0,0,0.0,0.0,0,0,0,28.551735162734985,25.0,0.0,1575.0,False,infeasible,nils_complete,785605.3231701029,842.661106868145,,0.0,,0.0,False,feasible_only,0.0,,False,,,,
S0068_R10,6802036,truck_only,S0068,n100_p0.75_d3_uniform_Emedium_V2.00_Hmedium_PWstrict_B0.20,100,0.75,0.75,3,3,medium,2.0,uniform,medium,strict,0.2,200.0,40.0,1.0,peripheral,1109437.8524936084,674.5805150165162,0.0,0.0,1108763.2719785918,1108763.2719785918,4488.320175378481,5199.665963108794,3112.5983785443086,12800.584517031584,897664.0350756961,207986.63852435176,3112.5983785443086,0.0,608.5613730200282,843.2256437706453,0.0,100,0,0.0,0,0,0.0,0.0,0.0,0.0,0.0,0.0,0,0.0,0.0,0,0,0,0.10208749771118164,0.0,0.0,0.0,False,infeasible,baseline_truck_only,1109437.8524936084,843.2256437706453,,,,0.0,False,feasible_only,0.0,,False,,,,
S0068_R10,6802036,nils,S0068,n100_p0.75_d3_uniform_Emedium_V2.00_Hmedium_PWstrict_B0.20,100,0.75,0.75,3,3,medium,2.0,uniform,medium,strict,0.2,200.0,40.0,1.0,peripheral,1109437.8524936084,674.5805150165162,0.0,0.0,1108763.2719785918,1108763.2719785918,4488.320175378481,5199.665963108794,3112.5983785443086,12800.584517031584,897664.0350756961,207986.63852435176,3112.5983785443086,0.0,608.5613730200282,843.2256437706453,0.0,100,0,0.0,0,0,0.0,0.0,0.0,0.0,0.0,0.0,0,0.0,0.0,0,0,0,33.717005252838135,25.0,0.0,3225.0,False,infeasible,nils_complete,1109437.8524936084,843.2256437706453,,0.0,,0.0,False,feasible_only,0.0,,False,,,,
S0069_R01,6902027,truck_only,S0069,n100_p0.75_d3_uniform_Emedium_V2.00_Hlong_PWflat_B0.20,100,0.75,0.75,3,3,medium,2.0,uniform,long,flat,0.2,1.0,1.0,1.0,peripheral,15562.538955799693,707.2763291250016,0.0,0.0,14855.262626674692,14855.262626674692,5019.749696840573,6691.283451932232,3144.229477901887,14855.262626674692,5019.749696840573,6691.283451932232,3144.229477901887,0.0,632.6592003776507,884.0954114062522,0.0,100,0,0.0,0,0,0.0,0.0,0.0,0.0,0.0,0.0,0,0.0,0.0,0,0,0,0.09363961219787598,0.0,0.0,0.0,False,infeasible,baseline_truck_only,15562.538955799693,884.0954114062522,,,,0.0,False,feasible_only,0.0,,False,,,,
S0069_R01,6902027,nils,S0069,n100_p0.75_d3_uniform_Emedium_V2.00_Hlong_PWflat_B0.20,100,0.75,0.75,3,3,medium,2.0,uniform,long,flat,0.2,1.0,1.0,1.0,peripheral,15562.538955799693,707.2763291250016,0.0,0.0,14855.262626674692,14855.262626674692,5019.749696840573,6691.283451932232,3144.229477901887,14855.262626674692,5019.749696840573,6691.283451932232,3144.229477901887,0.0,632.6592003776507,884.0954114062522,0.0,100,0,0.0,0,0,0.0,0.0,0.0,0.0,0.0,0.0,0,0.0,0.0,0,0,0,27.96700644493103,25.0,0.0,1425.0,False,infeasible,nils_complete,15562.538955799693,884.0954114062522,,0.0,,0.0,False,feasible_only,0.0,,False,,,,
S0069_R02,6902028,truck_only,S0069,n100_p0.75_d3_uniform_Emedium_V2.00_Hlong_PWflat_B0.20,100,0.75,0.75,3,3,medium,2.0,uniform,long,flat,0.2,1.0,1.0,1.0,peripheral,16837.21149043677,693.4982925160442,0.0,0.0,16143.713197920726,16143.713197920726,4628.707559466888,4933.710067006314,6581.295571447518,16143.713197920719,4628.707559466888,4933.710067006314,6581.295571447518,0.0,856.0438077786528,866.8728656450555,0.0,100,0,0.0,0,0,0.0,0.0,0.0,0.0,0.0,0.0,0,0.0,0.0,0,0,0,0.1393439769744873,0.0,0.0,0.0,False,infeasible,baseline_truck_only,16837.21149043677,866.8728656450555,,,,0.0,False,feasible_only,0.0,,False,,,,
S0069_R02,6902028,nils,S0069,n100_p0.75_d3_uniform_Emedium_V2.00_Hlong_PWflat_B0.20,100,0.75,0.75,3,3,medium,2.0,uniform,long,flat,0.2,1.0,1.0,1.0,peripheral,16837.21149043677,693.4982925160442,0.0,0.0,16143.713197920726,16143.713197920726,4628.707559466888,4933.710067006314,6581.295571447518,16143.713197920719,4628.707559466888,4933.710067006314,6581.295571447518,0.0,856.0438077786528,866.8728656450555,0.0,100,0,0.0,0,0,0.0,0.0,0.0,0.0,0.0,0.0,0,0.0,0.0,0,0,0,34.31985878944397,25.0,0.0,2775.0,False,infeasible,nils_complete,16837.21149043677,866.8728656450555,,0.0,,0.0,False,feasible_only,0.0,,False,,,,
S0069_R03,6902029,truck_only,S0069,n100_p0.75_d3_uniform_Emedium_V2.00_Hlong_PWflat_B0.20,100,0.75,0.75,3,3,medium,2.0,uniform,long,flat,0.2,1.0,1.0,1.0,peripheral,13474.13568370068,687.312489169662,0.0,0.0,12786.823194531018,12786.823194531018,3911.9995278307583,4760.687245258654,4114.136421441606,12786.823194531018,3911.9995278307583,4760.687245258654,4114.136421441606,0.0,659.5573584847037,859.1406114620776,0.0,100,0,0.0,0,0,0.0,0.0,0.0,0.0,0.0,0.0,0,0.0,0.0,0,0,0,0.09289169311523438,0.0,0.0,0.0,False,infeasible,baseline_truck_only,13474.13568370068,859.1406114620776,,,,0.0,False,feasible_only,0.0,,False,,,,
S0069_R03,6902029,nils,S0069,n100_p0.75_d3_uniform_Emedium_V2.00_Hlong_PWflat_B0.20,100,0.75,0.75,3,3,medium,2.0,uniform,long,flat,0.2,1.0,1.0,1.0,peripheral,13474.13568370068,687.312489169662,0.0,0.0,12786.823194531018,12786.823194531018,3911.9995278307583,4760.687245258654,4114.136421441606,12786.823194531018,3911.9995278307583,4760.687245258654,4114.136421441606,0.0,659.5573584847037,859.1406114620776,0.0,100,0,0.0,0,0,0.0,0.0,0.0,0.0,0.0,0.0,0,0.0,0.0,0,0,0,27.43178129196167,25.0,0.0,1425.0,False,infeasible,nils_complete,13474.13568370068,859.1406114620776,,0.0,,0.0,False,feasible_only,0.0,,False,,,,
S0069_R04,6902030,truck_only,S0069,n100_p0.75_d3_uniform_Emedium_V2.00_Hlong_PWflat_B0.20,100,0.75,0.75,3,3,medium,2.0,uniform,long,flat,0.2,1.0,1.0,1.0,peripheral,14392.954685140843,736.1793682536577,0.0,0.0,13656.775316887186,13656.775316887186,4248.175158788579,5656.003062573167,3752.597095525441,13656.775316887188,4248.175158788579,5656.003062573167,3752.597095525441,0.0,654.5838148544794,920.2242103170718,0.0,100,0,0.0,0,0,0.0,0.0,0.0,0.0,0.0,0.0,0,0.0,0.0,0,0,0,0.1317300796508789,0.0,0.0,0.0,False,infeasible,baseline_truck_only,14392.954685140843,920.2242103170718,,,,0.0,False,feasible_only,0.0,,False,,,,
S0069_R04,6902030,nils,S0069,n100_p0.75_d3_uniform_Emedium_V2.00_Hlong_PWflat_B0.20,100,0.75,0.75,3,3,medium,2.0,uniform,long,flat,0.2,1.0,1.0,1.0,peripheral,14392.954685140843,736.1793682536577,0.0,0.0,13656.775316887186,13656.775316887186,4248.175158788579,5656.003062573167,3752.597095525441,13656.775316887188,4248.175158788579,5656.003062573167,3752.597095525441,0.0,654.5838148544794,920.2242103170718,0.0,100,0,0.0,0,0,0.0,0.0,0.0,0.0,0.0,0.0,0,0.0,0.0,0,0,0,30.34805965423584,25.0,0.0,1575.0,False,infeasible,nils_complete,14392.954685140843,920.2242103170718,,0.0,,0.0,False,feasible_only,0.0,,False,,,,
S0069_R05,6902031,truck_only,S0069,n100_p0.75_d3_uniform_Emedium_V2.00_Hlong_PWflat_B0.20,100,0.75,0.75,3,3,medium,2.0,uniform,long,flat,0.2,1.0,1.0,1.0,peripheral,16412.38088270274,691.1687670764593,0.0,0.0,15721.212115626278,15721.212115626278,4991.533996181614,6472.856389239362,4256.8217302053035,15721.21211562628,4991.533996181614,6472.856389239362,4256.8217302053035,0.0,693.4105296613219,863.960958845574,0.0,100,0,0.0,0,0,0.0,0.0,0.0,0.0,0.0,0.0,0,0.0,0.0,0,0,0,0.14605426788330078,0.0,0.0,0.0,False,infeasible,baseline_truck_only,16412.38088270274,863.960958845574,,,,0.0,False,feasible_only,0.0,,False,,,,
S0069_R05,6902031,nils,S0069,n100_p0.75_d3_uniform_Emedium_V2.00_Hlong_PWflat_B0.20,100,0.75,0.75,3,3,medium,2.0,uniform,long,flat,0.2,1.0,1.0,1.0,peripheral,16412.38088270274,691.1687670764593,0.0,0.0,15721.212115626278,15721.212115626278,4991.533996181614,6472.856389239362,4256.8217302053035,15721.21211562628,4991.533996181614,6472.856389239362,4256.8217302053035,0.0,693.4105296613219,863.960958845574,0.0,100,0,0.0,0,0,0.0,0.0,0.0,0.0,0.0,0.0,0,0.0,0.0,0,0,0,33.8685028553009,25.0,0.0,3075.0,False,infeasible,nils_complete,16412.38088270274,863.960958845574,,0.0,,0.0,False,feasible_only,0.0,,False,,,,
S0069_R06,6902032,truck_only,S0069,n100_p0.75_d3_uniform_Emedium_V2.00_Hlong_PWflat_B0.20,100,0.75,0.75,3,3,medium,2.0,uniform,long,flat,0.2,1.0,1.0,1.0,peripheral,11593.055161134715,668.998542225466,0.0,0.0,10924.056618909248,10924.056618909248,3406.1093115326075,4630.555027173547,2887.3922802030934,10924.056618909248,3406.1093115326075,4630.555027173547,2887.3922802030934,0.0,615.294210900243,836.2481777818324,0.0,100,0,0.0,0,0,0.0,0.0,0.0,0.0,0.0,0.0,0,0.0,0.0,0,0,0,0.08662009239196777,0.0,0.0,0.0,False,infeasible,baseline_truck_only,11593.055161134715,836.2481777818324,,,,0.0,False,feasible_only,0.0,,False,,,,
S0069_R06,6902032,nils,S0069,n100_p0.75_d3_uniform_Emedium_V2.00_Hlong_PWflat_B0.20,100,0.75,0.75,3,3,medium,2.0,uniform,long,flat,0.2,1.0,1.0,1.0,peripheral,11593.055161134715,668.998542225466,0.0,0.0,10924.056618909248,10924.056618909248,3406.1093115326075,4630.555027173547,2887.3922802030934,10924.056618909248,3406.1093115326075,4630.555027173547,2887.3922802030934,0.0,615.294210900243,836.2481777818324,0.0,100,0,0.0,0,0,0.0,0.0,0.0,0.0,0.0,0.0,0,0.0,0.0,0,0,0,36.14477205276489,25.0,0.0,3600.0,False,infeasible,nils_complete,11593.055161134715,836.2481777818324,,0.0,,0.0,False,feasible_only,0.0,,False,,,,
S0069_R07,6902033,truck_only,S0069,n100_p0.75_d3_uniform_Emedium_V2.00_Hlong_PWflat_B0.20,100,0.75,0.75,3,3,medium,2.0,uniform,long,flat,0.2,1.0,1.0,1.0,peripheral,12942.55328057419,636.215383178774,0.0,0.0,12306.337897395415,12306.337897395415,3387.8215012415976,4642.576401674289,4275.939994479525,12306.337897395411,3387.8215012415976,4642.576401674289,4275.939994479525,0.0,600.8478769737588,795.2692289734673,0.0,100,0,0.0,0,0,0.0,0.0,0.0,0.0,0.0,0.0,0,0.0,0.0,0,0,0,0.17795443534851074,0.0,0.0,0.0,False,infeasible,baseline_truck_only,12942.55328057419,795.2692289734673,,,,0.0,False,feasible_only,0.0,,False,,,,
S0069_R07,6902033,nils,S0069,n100_p0.75_d3_uniform_Emedium_V2.00_Hlong_PWflat_B0.20,100,0.75,0.75,3,3,medium,2.0,uniform,long,flat,0.2,1.0,1.0,1.0,peripheral,12942.55328057419,636.215383178774,0.0,0.0,12306.337897395415,12306.337897395415,3387.8215012415976,4642.576401674289,4275.939994479525,12306.337897395411,3387.8215012415976,4642.576401674289,4275.939994479525,0.0,600.8478769737588,795.2692289734673,0.0,100,0,0.0,0,0,0.0,0.0,0.0,0.0,0.0,0.0,0,0.0,0.0,0,0,0,28.37346577644348,25.0,0.0,1425.0,False,infeasible,nils_complete,12942.55328057419,795.2692289734673,,0.0,,0.0,False,feasible_only,0.0,,False,,,,
S0069_R08,6902034,truck_only,S0069,n100_p0.75_d3_uniform_Emedium_V2.00_Hlong_PWflat_B0.20,100,0.75,0.75,3,3,medium,2.0,uniform,long,flat,0.2,1.0,1.0,1.0,peripheral,11303.295612139184,641.834905603745,0.0,0.0,10661.46070653544,10661.46070653544,3749.356224917376,3355.4662524335204,3556.638229184541,10661.460706535438,3749.356224917376,3355.4662524335204,3556.638229184541,0.0,594.1239546471927,802.2936320046812,0.0,100,0,0.0,0,0,0.0,0.0,0.0,0.0,0.0,0.0,0,0.0,0.0,0,0,0,0.08375906944274902,0.0,0.0,0.0,False,infeasible,baseline_truck_only,11303.295612139184,802.2936320046812,,,,0.0,False,feasible_only,0.0,,False,,,,
S0069_R08,6902034,nils,S0069,n100_p0.75_d3_uniform_Emedium_V2.00_Hlong_PWflat_B0.20,100,0.75,0.75,3,3,medium,2.0,uniform,long,flat,0.2,1.0,1.0,1.0,peripheral,11303.295612139184,641.834905603745,0.0,0.0,10661.46070653544,10661.46070653544,3749.356224917376,3355.4662524335204,3556.638229184541,10661.460706535438,3749.356224917376,3355.4662524335204,3556.638229184541,0.0,594.1239546471927,802.2936320046812,0.0,100,0,0.0,0,0,0.0,0.0,0.0,0.0,0.0,0.0,0,0.0,0.0,0,0,0,33.13125157356262,25.0,0.0,3375.0,False,infeasible,nils_complete,11303.295612139184,802.2936320046812,,0.0,,0.0,False,feasible_only,0.0,,False,,,,
S0069_R09,6902035,truck_only,S0069,n100_p0.75_d3_uniform_Emedium_V2.00_Hlong_PWflat_B0.20,100,0.75,0.75,3,3,medium,2.0,uniform,long,flat,0.2,1.0,1.0,1.0,peripheral,12865.39737486921,704.227953986955,0.0,0.0,12161.169420882256,12161.169420882256,3847.9493441709656,4193.379944024761,4119.840132686529,12161.169420882256,3847.9493441709656,4193.379944024761,4119.840132686529,0.0,580.0745126705588,880.284942483694,0.0,100,0,0.0,0,0,0.0,0.0,0.0,0.0,0.0,0.0,0,0.0,0.0,0,0,0,0.10130977630615234,0.0,0.0,0.0,False,infeasible,baseline_truck_only,12865.39737486921,880.284942483694,,,,0.0,False,feasible_only,0.0,,False,,,,
S0069_R09,6902035,nils,S0069,n100_p0.75_d3_uniform_Emedium_V2.00_Hlong_PWflat_B0.20,100,0.75,0.75,3,3,medium,2.0,uniform,long,flat,0.2,1.0,1.0,1.0,peripheral,12865.39737486921,704.227953986955,0.0,0.0,12161.169420882256,12161.169420882256,3847.9493441709656,4193.379944024761,4119.840132686529,12161.169420882256,3847.9493441709656,4193.379944024761,4119.840132686529,0.0,580.0745126705588,880.284942483694,0.0,100,0,0.0,0,0,0.0,0.0,0.0,0.0,0.0,0.0,0,0.0,0.0,0,0,0,26.802997827529907,25.0,0.0,1200.0,False,infeasible,nils_complete,12865.39737486921,880.284942483694,,0.0,,0.0,False,feasible_only,0.0,,False,,,,
S0069_R10,6902036,truck_only,S0069,n100_p0.75_d3_uniform_Emedium_V2.00_Hlong_PWflat_B0.20,100,0.75,0.75,3,3,medium,2.0,uniform,long,flat,0.2,1.0,1.0,1.0,peripheral,15452.852825091099,710.8246687596924,0.0,0.0,14742.028156331406,14742.028156331406,4540.1013097810155,3236.0640969348115,6965.862749615577,14742.028156331404,4540.1013097810155,3236.0640969348115,6965.862749615577,0.0,780.1534093946723,888.530835949615,0.0,100,0,0.0,0,0,0.0,0.0,0.0,0.0,0.0,0.0,0,0.0,0.0,0,0,0,0.0877068042755127,0.0,0.0,0.0,False,infeasible,baseline_truck_only,15452.852825091099,888.530835949615,,,,0.0,False,feasible_only,0.0,,False,,,,
S0069_R10,6902036,nils,S0069,n100_p0.75_d3_uniform_Emedium_V2.00_Hlong_PWflat_B0.20,100,0.75,0.75,3,3,medium,2.0,uniform,long,flat,0.2,1.0,1.0,1.0,peripheral,15452.852825091099,710.8246687596924,0.0,0.0,14742.028156331406,14742.028156331406,4540.1013097810155,3236.0640969348115,6965.862749615577,14742.028156331404,4540.1013097810155,3236.0640969348115,6965.862749615577,0.0,780.1534093946723,888.530835949615,0.0,100,0,0.0,0,0,0.0,0.0,0.0,0.0,0.0,0.0,0,0.0,0.0,0,0,0,30.69954252243042,25.0,0.0,2100.0,False,infeasible,nils_complete,15452.852825091099,888.530835949615,,0.0,,0.0,False,feasible_only,0.0,,False,,,,
S0070_R01,7002027,truck_only,S0070,n100_p0.75_d3_uniform_Ehigh_V1.25_Hmedium_PWmoderate_B0.20,100,0.75,0.75,3,3,high,1.25,uniform,medium,moderate,0.2,20.0,5.0,1.0,peripheral,100677.33609303417,652.8244838735968,0.0,0.0,100024.51160916057,100024.51160916057,4103.849230387629,2530.996650734937,5292.543747733327,11927.389628855894,82076.98460775259,12654.983253674684,5292.543747733327,0.0,722.7542324098131,816.0306048419959,0.0,100,0,0.0,0,0,0.0,0.0,0.0,0.0,0.0,0.0,0,0.0,0.0,0,0,0,0.14927148818969727,0.0,0.0,0.0,False,infeasible,baseline_truck_only,100677.33609303417,816.0306048419959,,,,0.0,False,feasible_only,0.0,,False,,,,
S0070_R01,7002027,nils,S0070,n100_p0.75_d3_uniform_Ehigh_V1.25_Hmedium_PWmoderate_B0.20,100,0.75,0.75,3,3,high,1.25,uniform,medium,moderate,0.2,20.0,5.0,1.0,peripheral,100677.33609303417,652.8244838735968,0.0,0.0,100024.51160916057,100024.51160916057,4103.849230387629,2530.996650734937,5292.543747733327,11927.389628855894,82076.98460775259,12654.983253674684,5292.543747733327,0.0,722.7542324098131,816.0306048419959,0.0,100,0,0.0,0,0,0.0,0.0,0.0,0.0,0.0,0.0,0,0.0,0.0,0,675,675,32.34741401672363,25.0,0.0,2550.0,False,infeasible,nils_complete,100677.33609303417,816.0306048419959,,0.0,,0.0,False,feasible_only,0.0,,False,,,,
S0070_R02,7002028,truck_only,S0070,n100_p0.75_d3_uniform_Ehigh_V1.25_Hmedium_PWmoderate_B0.20,100,0.75,0.75,3,3,high,1.25,uniform,medium,moderate,0.2,20.0,5.0,1.0,peripheral,120672.14507190019,658.9162473674679,0.0,0.0,120013.22882453272,120013.22882453272,4244.444060134616,5980.710569237173,5220.794775654497,15445.949405026287,84888.88120269231,29903.552846185867,5220.794775654497,0.0,723.4506610669163,823.6453092093349,0.0,100,0,0.0,0,0,0.0,0.0,0.0,0.0,0.0,0.0,0,0.0,0.0,0,0,0,0.10516166687011719,0.0,0.0,0.0,False,infeasible,baseline_truck_only,120672.14507190019,823.6453092093349,,,,0.0,False,feasible_only,0.0,,False,,,,
S0070_R02,7002028,nils,S0070,n100_p0.75_d3_uniform_Ehigh_V1.25_Hmedium_PWmoderate_B0.20,100,0.75,0.75,3,3,high,1.25,uniform,medium,moderate,0.2,20.0,5.0,1.0,peripheral,120672.14507190019,658.9162473674679,0.0,0.0,120013.22882453272,120013.22882453272,4244.444060134616,5980.710569237173,5220.794775654497,15445.949405026287,84888.88120269231,29903.552846185867,5220.794775654497,0.0,723.4506610669163,823.6453092093349,0.0,100,0,0.0,0,0,0.0,0.0,0.0,0.0,0.0,0.0,0,0.0,0.0,0,675,675,26.083442211151123,25.0,0.0,1125.0,False,infeasible,nils_complete,120672.14507190019,823.6453092093349,,0.0,,0.0,False,feasible_only,0.0,,False,,,,
S0070_R03,7002029,truck_only,S0070,n100_p0.75_d3_uniform_Ehigh_V1.25_Hmedium_PWmoderate_B0.20,100,0.75,0.75,3,3,high,1.25,uniform,medium,moderate,0.2,20.0,5.0,1.0,peripheral,147770.20705022468,698.5932647212854,0.0,0.0,147071.6137855034,147071.6137855034,5963.992043694523,4612.584855360864,4728.84863480866,15305.425533864047,119279.84087389047,23062.92427680432,4728.84863480866,0.0,756.2750373167812,873.2415809016067,0.0,100,0,0.0,0,0,0.0,0.0,0.0,0.0,0.0,0.0,0,0.0,0.0,0,0,0,0.08993244171142578,0.0,0.0,0.0,False,infeasible,baseline_truck_only,147770.20705022468,873.2415809016067,,,,0.0,False,feasible_only,0.0,,False,,,,
S0070_R03,7002029,nils,S0070,n100_p0.75_d3_uniform_Ehigh_V1.25_Hmedium_PWmoderate_B0.20,100,0.75,0.75,3,3,high,1.25,uniform,medium,moderate,0.2,20.0,5.0,1.0,peripheral,147770.20705022468,698.5932647212854,0.0,0.0,147071.6137855034,147071.6137855034,5963.992043694523,4612.584855360864,4728.84863480866,15305.425533864047,119279.84087389047,23062.92427680432,4728.84863480866,0.0,756.2750373167812,873.2415809016067,0.0,100,0,0.0,0,0,0.0,0.0,0.0,0.0,0.0,0.0,0,0.0,0.0,0,600,600,33.823758602142334,25.0,0.0,3075.0,False,infeasible,nils_complete,147770.20705022468,873.2415809016067,,0.0,,0.0,False,feasible_only,0.0,,False,,,,
S0070_R04,7002030,truck_only,S0070,n100_p0.75_d3_uniform_Ehigh_V1.25_Hmedium_PWmoderate_B0.20,100,0.75,0.75,3,3,high,1.25,uniform,medium,moderate,0.2,20.0,5.0,1.0,peripheral,85131.68177937294,666.7954786749797,0.0,0.0,84464.88630069797,84464.88630069797,3104.69302413817,3853.789947088354,3102.076082492783,10060.559053719306,62093.860482763404,19268.94973544177,3102.076082492783,0.0,564.752387906366,833.4943483437247,0.0,100,0,0.0,0,0,0.0,0.0,0.0,0.0,0.0,0.0,0,0.0,0.0,0,0,0,0.0874946117401123,0.0,0.0,0.0,False,infeasible,baseline_truck_only,85131.68177937294,833.4943483437247,,,,0.0,False,feasible_only,0.0,,False,,,,
S0070_R04,7002030,nils,S0070,n100_p0.75_d3_uniform_Ehigh_V1.25_Hmedium_PWmoderate_B0.20,100,0.75,0.75,3,3,high,1.25,uniform,medium,moderate,0.2,20.0,5.0,1.0,peripheral,85131.68177937294,666.7954786749797,0.0,0.0,84464.88630069797,84464.88630069797,3104.69302413817,3853.789947088354,3102.076082492783,10060.559053719306,62093.860482763404,19268.94973544177,3102.076082492783,0.0,564.752387906366,833.4943483437247,0.0,100,0,0.0,0,0,0.0,0.0,0.0,0.0,0.0,0.0,0,0.0,0.0,0,150,150,27.9112708568573,25.0,0.0,1725.0,False,infeasible,nils_complete,85131.68177937294,833.4943483437247,,0.0,,0.0,False,feasible_only,0.0,,False,,,,
S0070_R05,7002031,truck_only,S0070,n100_p0.75_d3_uniform_Ehigh_V1.25_Hmedium_PWmoderate_B0.20,100,0.75,0.75,3,3,high,1.25,uniform,medium,moderate,0.2,20.0,5.0,1.0,peripheral,133891.58913597505,674.9920936983578,0.0,0.0,133216.5970422767,133216.5970422767,5416.412696302988,4250.565185527574,3635.5171885790596,13302.495070409619,108328.25392605976,21252.825927637867,3635.5171885790596,0.0,644.7166848115635,843.7401171229474,0.0,100,0,0.0,0,0,0.0,0.0,0.0,0.0,0.0,0.0,0,0.0,0.0,0,0,0,0.11331534385681152,0.0,0.0,0.0,False,infeasible,baseline_truck_only,133891.58913597505,843.7401171229474,,,,0.0,False,feasible_only,0.0,,False,,,,
S0070_R05,7002031,nils,S0070,n100_p0.75_d3_uniform_Ehigh_V1.25_Hmedium_PWmoderate_B0.20,100,0.75,0.75,3,3,high,1.25,uniform,medium,moderate,0.2,20.0,5.0,1.0,peripheral,133891.58913597505,674.9920936983578,0.0,0.0,133216.5970422767,133216.5970422767,5416.412696302988,4250.565185527574,3635.5171885790596,13302.495070409619,108328.25392605976,21252.825927637867,3635.5171885790596,0.0,644.7166848115635,843.7401171229474,0.0,100,0,0.0,0,0,0.0,0.0,0.0,0.0,0.0,0.0,0,0.0,0.0,0,375,375,34.65927052497864,25.0,0.0,3000.0,False,infeasible,nils_complete,133891.58913597505,843.7401171229474,,0.0,,0.0,False,feasible_only,0.0,,False,,,,
S0070_R06,7002032,truck_only,S0070,n100_p0.75_d3_uniform_Ehigh_V1.25_Hmedium_PWmoderate_B0.20,100,0.75,0.75,3,3,high,1.25,uniform,medium,moderate,0.2,20.0,5.0,1.0,peripheral,94232.67327747088,666.8679455610456,0.0,0.0,93565.80533190984,93565.80533190984,3239.243141560808,4922.296782732543,4169.458587030973,12330.998511324324,64784.86283121616,24611.483913662712,4169.458587030973,0.0,690.6022866058324,833.5849319513068,0.0,100,0,0.0,0,0,0.0,0.0,0.0,0.0,0.0,0.0,0,0.0,0.0,0,0,0,0.11429643630981445,0.0,0.0,0.0,False,infeasible,baseline_truck_only,94232.67327747088,833.5849319513068,,,,0.0,False,feasible_only,0.0,,False,,,,
S0070_R06,7002032,nils,S0070,n100_p0.75_d3_uniform_Ehigh_V1.25_Hmedium_PWmoderate_B0.20,100,0.75,0.75,3,3,high,1.25,uniform,medium,moderate,0.2,20.0,5.0,1.0,peripheral,94232.67327747088,666.8679455610456,0.0,0.0,93565.80533190984,93565.80533190984,3239.243141560808,4922.296782732543,4169.458587030973,12330.998511324324,64784.86283121616,24611.483913662712,4169.458587030973,0.0,690.6022866058324,833.5849319513068,0.0,100,0,0.0,0,0,0.0,0.0,0.0,0.0,0.0,0.0,0,0.0,0.0,0,525,525,32.5757851600647,25.0,0.0,2700.0,False,infeasible,nils_complete,94232.67327747088,833.5849319513068,,0.0,,0.0,False,feasible_only,0.0,,False,,,,
S0070_R07,7002033,truck_only,S0070,n100_p0.75_d3_uniform_Ehigh_V1.25_Hmedium_PWmoderate_B0.20,100,0.75,0.75,3,3,high,1.25,uniform,medium,moderate,0.2,20.0,5.0,1.0,peripheral,121465.3671069413,690.8542893712499,0.0,0.0,120774.51281757005,120774.51281757005,4370.719969942867,5719.242920742508,4763.898815000151,14853.861705685527,87414.39939885733,28596.214603712542,4763.898815000151,0.0,696.2263994036368,863.5678617140624,0.0,100,0,0.0,0,0,0.0,0.0,0.0,0.0,0.0,0.0,0,0.0,0.0,0,0,0,0.09457540512084961,0.0,0.0,0.0,False,infeasible,baseline_truck_only,121465.3671069413,863.5678617140624,,,,0.0,False,feasible_only,0.0,,False,,,,
S0070_R07,7002033,nils,S0070,n100_p0.75_d3_uniform_Ehigh_V1.25_Hmedium_PWmoderate_B0.20,100,0.75,0.75,3,3,high,1.25,uniform,medium,moderate,0.2,20.0,5.0,1.0,peripheral,121465.3671069413,690.8542893712499,0.0,0.0,120774.51281757005,120774.51281757005,4370.719969942867,5719.242920742508,4763.898815000151,14853.861705685527,87414.39939885733,28596.214603712542,4763.898815000151,0.0,696.2263994036368,863.5678617140624,0.0,100,0,0.0,0,0,0.0,0.0,0.0,0.0,0.0,0.0,0,0.0,0.0,0,300,300,27.43325161933899,25.0,0.0,1050.0,False,infeasible,nils_complete,121465.3671069413,863.5678617140624,,0.0,,0.0,False,feasible_only,0.0,,False,,,,
S0070_R08,7002034,truck_only,S0070,n100_p0.75_d3_uniform_Ehigh_V1.25_Hmedium_PWmoderate_B0.20,100,0.75,0.75,3,3,high,1.25,uniform,medium,moderate,0.2,20.0,5.0,1.0,peripheral,76579.34308339475,653.3639566667971,0.0,0.0,75925.97912672795,75925.97912672795,2772.671546025109,3214.0889969129157,4402.103221661209,10388.863764599235,55453.43092050218,16070.44498456458,4402.103221661209,0.0,686.0606222568135,816.7049458334964,0.0,100,0,0.0,0,0,0.0,0.0,0.0,0.0,0.0,0.0,0,0.0,0.0,0,0,0,0.08749151229858398,0.0,0.0,0.0,False,infeasible,baseline_truck_only,76579.34308339475,816.7049458334964,,,,0.0,False,feasible_only,0.0,,False,,,,
S0070_R08,7002034,nils,S0070,n100_p0.75_d3_uniform_Ehigh_V1.25_Hmedium_PWmoderate_B0.20,100,0.75,0.75,3,3,high,1.25,uniform,medium,moderate,0.2,20.0,5.0,1.0,peripheral,76579.34308339475,653.3639566667971,0.0,0.0,75925.97912672795,75925.97912672795,2772.671546025109,3214.0889969129157,4402.103221661209,10388.863764599235,55453.43092050218,16070.44498456458,4402.103221661209,0.0,686.0606222568135,816.7049458334964,0.0,100,0,0.0,0,0,0.0,0.0,0.0,0.0,0.0,0.0,0,0.0,0.0,0,525,525,32.995327949523926,25.0,0.0,2925.0,False,infeasible,nils_complete,76579.34308339475,816.7049458334964,,0.0,,0.0,False,feasible_only,0.0,,False,,,,
S0070_R09,7002035,truck_only,S0070,n100_p0.75_d3_uniform_Ehigh_V1.25_Hmedium_PWmoderate_B0.20,100,0.75,0.75,3,3,high,1.25,uniform,medium,moderate,0.2,20.0,5.0,1.0,peripheral,108584.9454976692,620.9245003832946,0.0,0.0,107964.02099728592,107964.02099728592,4644.480147632063,2411.473148297135,3017.0523031589555,10073.005599088152,92889.60295264126,12057.365741485675,3017.0523031589555,0.0,486.36960271221994,776.1556254791179,0.0,100,0,0.0,0,0,0.0,0.0,0.0,0.0,0.0,0.0,0,0.0,0.0,0,0,0,0.09391283988952637,0.0,0.0,0.0,False,infeasible,baseline_truck_only,108584.9454976692,776.1556254791179,,,,0.0,False,feasible_only,0.0,,False,,,,
S0070_R09,7002035,nils,S0070,n100_p0.75_d3_uniform_Ehigh_V1.25_Hmedium_PWmoderate_B0.20,100,0.75,0.75,3,3,high,1.25,uniform,medium,moderate,0.2,20.0,5.0,1.0,peripheral,108584.9454976692,620.9245003832946,0.0,0.0,107964.02099728592,107964.02099728592,4644.480147632063,2411.473148297135,3017.0523031589555,10073.005599088152,92889.60295264126,12057.365741485675,3017.0523031589555,0.0,486.36960271221994,776.1556254791179,0.0,100,0,0.0,0,0,0.0,0.0,0.0,0.0,0.0,0.0,0,0.0,0.0,0,375,375,35.951810121536255,25.0,0.0,4125.0,False,infeasible,nils_complete,108584.9454976692,776.1556254791179,,0.0,,0.0,False,feasible_only,0.0,,False,,,,
S0070_R10,7002036,truck_only,S0070,n100_p0.75_d3_uniform_Ehigh_V1.25_Hmedium_PWmoderate_B0.20,100,0.75,0.75,3,3,high,1.25,uniform,medium,moderate,0.2,20.0,5.0,1.0,peripheral,75107.47299688455,678.3171203543246,0.0,0.0,74429.15587653022,74429.15587653022,2836.7896040186897,2803.810828223912,3674.3096550368646,9314.910087279466,56735.792080373794,14019.054141119559,3674.3096550368646,0.0,545.0973543116125,847.8964004429058,0.0,100,0,0.0,0,0,0.0,0.0,0.0,0.0,0.0,0.0,0,0.0,0.0,0,0,0,0.08907723426818848,0.0,0.0,0.0,False,infeasible,baseline_truck_only,75107.47299688455,847.8964004429058,,,,0.0,False,feasible_only,0.0,,False,,,,
S0070_R10,7002036,nils,S0070,n100_p0.75_d3_uniform_Ehigh_V1.25_Hmedium_PWmoderate_B0.20,100,0.75,0.75,3,3,high,1.25,uniform,medium,moderate,0.2,20.0,5.0,1.0,peripheral,75107.47299688455,678.3171203543246,0.0,0.0,74429.15587653022,74429.15587653022,2836.7896040186897,2803.810828223912,3674.3096550368646,9314.910087279466,56735.792080373794,14019.054141119559,3674.3096550368646,0.0,545.0973543116125,847.8964004429058,0.0,100,0,0.0,0,0,0.0,0.0,0.0,0.0,0.0,0.0,0,0.0,0.0,0,600,600,28.116822481155396,25.0,0.0,1650.0,False,infeasible,nils_complete,75107.47299688455,847.8964004429058,,0.0,,0.0,False,feasible_only,0.0,,False,,,,
S0071_R01,7102027,truck_only,S0071,n100_p0.75_d3_uniform_Ehigh_V1.25_Hlong_PWbase_B0.20,100,0.75,0.75,3,3,high,1.25,uniform,long,base,0.2,100.0,20.0,1.0,peripheral,700249.1189687386,743.3652011590334,0.0,0.0,699505.7537675796,699505.7537675796,5677.832177591311,6359.674824550967,4529.039517429297,16566.546519571573,567783.2177591311,127193.49649101934,4529.039517429297,0.0,770.5633105515589,929.2065014487921,0.0,100,0,0.0,0,0,0.0,0.0,0.0,0.0,0.0,0.0,0,0.0,0.0,0,0,0,0.08597302436828613,0.0,0.0,0.0,False,infeasible,baseline_truck_only,700249.1189687386,929.2065014487921,,,,0.0,False,feasible_only,0.0,,False,,,,
S0071_R01,7102027,nils,S0071,n100_p0.75_d3_uniform_Ehigh_V1.25_Hlong_PWbase_B0.20,100,0.75,0.75,3,3,high,1.25,uniform,long,base,0.2,100.0,20.0,1.0,peripheral,700249.1189687386,743.3652011590334,0.0,0.0,699505.7537675796,699505.7537675796,5677.832177591311,6359.674824550967,4529.039517429297,16566.546519571573,567783.2177591311,127193.49649101934,4529.039517429297,0.0,770.5633105515589,929.2065014487921,0.0,100,0,0.0,0,0,0.0,0.0,0.0,0.0,0.0,0.0,0,0.0,0.0,0,675,675,27.522523641586304,25.0,0.0,1425.0,False,infeasible,nils_complete,700249.1189687386,929.2065014487921,,0.0,,0.0,False,feasible_only,0.0,,False,,,,
S0071_R02,7102028,truck_only,S0071,n100_p0.75_d3_uniform_Ehigh_V1.25_Hlong_PWbase_B0.20,100,0.75,0.75,3,3,high,1.25,uniform,long,base,0.2,100.0,20.0,1.0,peripheral,624265.553575631,647.6870673878385,0.0,0.0,623617.8665082431,623617.8665082431,5315.2071039725515,4379.088724983773,4515.381611312579,14209.677440268904,531520.7103972551,87581.77449967546,4515.381611312579,0.0,591.3685650543606,809.6088342347983,0.0,100,0,0.0,0,0,0.0,0.0,0.0,0.0,0.0,0.0,0,0.0,0.0,0,0,0,0.11216402053833008,0.0,0.0,0.0,False,infeasible,baseline_truck_only,624265.553575631,809.6088342347983,,,,0.0,False,feasible_only,0.0,,False,,,,
S0071_R02,7102028,nils,S0071,n100_p0.75_d3_uniform_Ehigh_V1.25_Hlong_PWbase_B0.20,100,0.75,0.75,3,3,high,1.25,uniform,long,base,0.2,100.0,20.0,1.0,peripheral,624265.553575631,647.6870673878385,0.0,0.0,623617.8665082431,623617.8665082431,5315.2071039725515,4379.088724983773,4515.381611312579,14209.677440268904,531520.7103972551,87581.77449967546,4515.381611312579,0.0,591.3685650543606,809.6088342347983,0.0,100,0,0.0,0,0,0.0,0.0,0.0,0.0,0.0,0.0,0,0.0,0.0,0,525,525,27.568530321121216,25.0,0.0,1350.0,False,infeasible,nils_complete,624265.553575631,809.6088342347983,,0.0,,0.0,False,feasible_only,0.0,,False,,,,
S0071_R03,7102029,truck_only,S0071,n100_p0.75_d3_uniform_Ehigh_V1.25_Hlong_PWbase_B0.20,100,0.75,0.75,3,3,high,1.25,uniform,long,base,0.2,100.0,20.0,1.0,peripheral,559012.2263009066,709.5593763109167,0.0,0.0,558302.6669245957,558302.6669245957,4779.4539562207565,3834.479940517286,3667.6724921742193,12281.606388912262,477945.39562207565,76689.59881034572,3667.6724921742193,0.0,587.0686724717938,886.9492203886456,0.0,100,0,0.0,0,0,0.0,0.0,0.0,0.0,0.0,0.0,0,0.0,0.0,0,0,0,0.13386869430541992,0.0,0.0,0.0,False,infeasible,baseline_truck_only,559012.2263009066,886.9492203886456,,,,0.0,False,feasible_only,0.0,,False,,,,
S0071_R03,7102029,nils,S0071,n100_p0.75_d3_uniform_Ehigh_V1.25_Hlong_PWbase_B0.20,100,0.75,0.75,3,3,high,1.25,uniform,long,base,0.2,100.0,20.0,1.0,peripheral,559012.2263009066,709.5593763109167,0.0,0.0,558302.6669245957,558302.6669245957,4779.4539562207565,3834.479940517286,3667.6724921742193,12281.606388912262,477945.39562207565,76689.59881034572,3667.6724921742193,0.0,587.0686724717938,886.9492203886456,0.0,100,0,0.0,0,0,0.0,0.0,0.0,0.0,0.0,0.0,0,0.0,0.0,0,375,375,28.703391551971436,25.0,0.0,1575.0,False,infeasible,nils_complete,559012.2263009066,886.9492203886456,,0.0,,0.0,False,feasible_only,0.0,,False,,,,
S0071_R04,7102030,truck_only,S0071,n100_p0.75_d3_uniform_Ehigh_V1.25_Hlong_PWbase_B0.20,100,0.75,0.75,3,3,high,1.25,uniform,long,base,0.2,100.0,20.0,1.0,peripheral,440618.12666820467,643.3170897882974,0.0,0.0,439974.80957841635,439974.80957841635,3445.7831686127824,4554.620768827505,4304.077340587993,12304.481278028281,344578.31686127826,91092.41537655011,4304.077340587993,0.0,734.5711713535949,804.146362235372,0.0,100,0,0.0,0,0,0.0,0.0,0.0,0.0,0.0,0.0,0,0.0,0.0,0,0,0,0.08279657363891602,0.0,0.0,0.0,False,infeasible,baseline_truck_only,440618.12666820467,804.146362235372,,,,0.0,False,feasible_only,0.0,,False,,,,
S0071_R04,7102030,nils,S0071,n100_p0.75_d3_uniform_Ehigh_V1.25_Hlong_PWbase_B0.20,100,0.75,0.75,3,3,high,1.25,uniform,long,base,0.2,100.0,20.0,1.0,peripheral,440618.12666820467,643.3170897882974,0.0,0.0,439974.80957841635,439974.80957841635,3445.7831686127824,4554.620768827505,4304.077340587993,12304.481278028281,344578.31686127826,91092.41537655011,4304.077340587993,0.0,734.5711713535949,804.146362235372,0.0,100,0,0.0,0,0,0.0,0.0,0.0,0.0,0.0,0.0,0,0.0,0.0,0,525,525,33.71679067611694,25.0,0.0,2700.0,False,infeasible,nils_complete,440618.12666820467,804.146362235372,,0.0,,0.0,False,feasible_only,0.0,,False,,,,
S0071_R05,7102031,truck_only,S0071,n100_p0.75_d3_uniform_Ehigh_V1.25_Hlong_PWbase_B0.20,100,0.75,0.75,3,3,high,1.25,uniform,long,base,0.2,100.0,20.0,1.0,peripheral,642552.4295353754,695.5424326523271,0.0,0.0,641856.8871027231,641856.8871027231,5328.842649195904,5258.595041622174,3800.721350689214,14388.159041507293,532884.2649195904,105171.90083244348,3800.721350689214,0.0,657.054891580313,869.4280408154086,0.0,100,0,0.0,0,0,0.0,0.0,0.0,0.0,0.0,0.0,0,0.0,0.0,0,0,0,0.08863067626953125,0.0,0.0,0.0,False,infeasible,baseline_truck_only,642552.4295353754,869.4280408154086,,,,0.0,False,feasible_only,0.0,,False,,,,
S0071_R05,7102031,nils,S0071,n100_p0.75_d3_uniform_Ehigh_V1.25_Hlong_PWbase_B0.20,100,0.75,0.75,3,3,high,1.25,uniform,long,base,0.2,100.0,20.0,1.0,peripheral,642552.4295353754,695.5424326523271,0.0,0.0,641856.8871027231,641856.8871027231,5328.842649195904,5258.595041622174,3800.721350689214,14388.159041507293,532884.2649195904,105171.90083244348,3800.721350689214,0.0,657.054891580313,869.4280408154086,0.0,100,0,0.0,0,0,0.0,0.0,0.0,0.0,0.0,0.0,0,0.0,0.0,0,450,450,28.372164726257324,25.0,0.0,1800.0,False,infeasible,nils_complete,642552.4295353754,869.4280408154086,,0.0,,0.0,False,feasible_only,0.0,,False,,,,
S0071_R06,7102032,truck_only,S0071,n100_p0.75_d3_uniform_Ehigh_V1.25_Hlong_PWbase_B0.20,100,0.75,0.75,3,3,high,1.25,uniform,long,base,0.2,100.0,20.0,1.0,peripheral,392167.9571304624,642.2632772112872,0.0,0.0,391525.6938532511,391525.6938532511,3145.022631553429,3677.186174249503,3479.7072129181793,10301.916018721111,314502.2631553429,73543.72348499006,3479.7072129181793,0.0,510.93024778968794,802.829096514109,0.0,100,0,0.0,0,0,0.0,0.0,0.0,0.0,0.0,0.0,0,0.0,0.0,0,0,0,0.08969879150390625,0.0,0.0,0.0,False,infeasible,baseline_truck_only,392167.9571304624,802.829096514109,,,,0.0,False,feasible_only,0.0,,False,,,,
S0071_R06,7102032,nils,S0071,n100_p0.75_d3_uniform_Ehigh_V1.25_Hlong_PWbase_B0.20,100,0.75,0.75,3,3,high,1.25,uniform,long,base,0.2,100.0,20.0,1.0,peripheral,392167.9571304624,642.2632772112872,0.0,0.0,391525.6938532511,391525.6938532511,3145.022631553429,3677.186174249503,3479.7072129181793,10301.916018721111,314502.2631553429,73543.72348499006,3479.7072129181793,0.0,510.93024778968794,802.829096514109,0.0,100,0,0.0,0,0,0.0,0.0,0.0,0.0,0.0,0.0,0,0.0,0.0,0,600,600,33.45498609542847,25.0,0.0,3225.0,False,infeasible,nils_complete,392167.9571304624,802.829096514109,,0.0,,0.0,False,feasible_only,0.0,,False,,,,
S0071_R07,7102033,truck_only,S0071,n100_p0.75_d3_uniform_Ehigh_V1.25_Hlong_PWbase_B0.20,100,0.75,0.75,3,3,high,1.25,uniform,long,base,0.2,100.0,20.0,1.0,peripheral,502318.7934966884,715.3106663027519,0.0,0.0,501603.4828303857,501603.4828303857,3848.9618614304973,5625.095829153217,4205.3801042716095,13679.437794855325,384896.18614304974,112501.91658306433,4205.3801042716095,0.0,563.1154093211778,894.1383328784402,0.0,100,0,0.0,0,0,0.0,0.0,0.0,0.0,0.0,0.0,0,0.0,0.0,0,0,0,0.14603352546691895,0.0,0.0,0.0,False,infeasible,baseline_truck_only,502318.7934966884,894.1383328784402,,,,0.0,False,feasible_only,0.0,,False,,,,
S0071_R07,7102033,nils,S0071,n100_p0.75_d3_uniform_Ehigh_V1.25_Hlong_PWbase_B0.20,100,0.75,0.75,3,3,high,1.25,uniform,long,base,0.2,100.0,20.0,1.0,peripheral,502318.7934966884,715.3106663027519,0.0,0.0,501603.4828303857,501603.4828303857,3848.9618614304973,5625.095829153217,4205.3801042716095,13679.437794855325,384896.18614304974,112501.91658306433,4205.3801042716095,0.0,563.1154093211778,894.1383328784402,0.0,100,0,0.0,0,0,0.0,0.0,0.0,0.0,0.0,0.0,0,0.0,0.0,0,675,675,18.666950225830078,25.0,0.0,225.0,False,infeasible,nils_complete,502318.7934966884,894.1383328784402,,0.0,,0.0,False,feasible_only,0.0,,False,,,,
S0071_R08,7102034,truck_only,S0071,n100_p0.75_d3_uniform_Ehigh_V1.25_Hlong_PWbase_B0.20,100,0.75,0.75,3,3,high,1.25,uniform,long,base,0.2,100.0,20.0,1.0,peripheral,578195.9993104996,627.7082626605774,0.0,0.0,577568.2910478391,577568.2910478391,4782.957578384885,4803.891046864199,3194.712272066632,12781.560897315716,478295.7578384885,96077.82093728398,3194.712272066632,0.0,669.8741771722194,784.6353283257217,0.0,100,0,0.0,0,0,0.0,0.0,0.0,0.0,0.0,0.0,0,0.0,0.0,0,0,0,0.1270596981048584,0.0,0.0,0.0,False,infeasible,baseline_truck_only,578195.9993104996,784.6353283257217,,,,0.0,False,feasible_only,0.0,,False,,,,
S0071_R08,7102034,nils,S0071,n100_p0.75_d3_uniform_Ehigh_V1.25_Hlong_PWbase_B0.20,100,0.75,0.75,3,3,high,1.25,uniform,long,base,0.2,100.0,20.0,1.0,peripheral,578195.9993104996,627.7082626605774,0.0,0.0,577568.2910478391,577568.2910478391,4782.957578384885,4803.891046864199,3194.712272066632,12781.560897315716,478295.7578384885,96077.82093728398,3194.712272066632,0.0,669.8741771722194,784.6353283257217,0.0,100,0,0.0,0,0,0.0,0.0,0.0,0.0,0.0,0.0,0,0.0,0.0,0,450,450,33.57664203643799,25.0,0.0,3075.0,False,infeasible,nils_complete,578195.9993104996,784.6353283257217,,0.0,,0.0,False,feasible_only,0.0,,False,,,,
S0071_R09,7102035,truck_only,S0071,n100_p0.75_d3_uniform_Ehigh_V1.25_Hlong_PWbase_B0.20,100,0.75,0.75,3,3,high,1.25,uniform,long,base,0.2,100.0,20.0,1.0,peripheral,493594.1353610664,673.9020484873572,0.0,0.0,492920.23331257905,492920.23331257905,4141.472722717367,3714.10525816724,4490.855877497485,12346.433858382094,414147.2722717367,74282.10516334481,4490.855877497485,0.0,583.2486994236965,842.3775606091967,0.0,100,0,0.0,0,0,0.0,0.0,0.0,0.0,0.0,0.0,0,0.0,0.0,0,0,0,0.09362912178039551,0.0,0.0,0.0,False,infeasible,baseline_truck_only,493594.1353610664,842.3775606091967,,,,0.0,False,feasible_only,0.0,,False,,,,
S0071_R09,7102035,nils,S0071,n100_p0.75_d3_uniform_Ehigh_V1.25_Hlong_PWbase_B0.20,100,0.75,0.75,3,3,high,1.25,uniform,long,base,0.2,100.0,20.0,1.0,peripheral,493594.1353610664,673.9020484873572,0.0,0.0,492920.23331257905,492920.23331257905,4141.472722717367,3714.10525816724,4490.855877497485,12346.433858382094,414147.2722717367,74282.10516334481,4490.855877497485,0.0,583.2486994236965,842.3775606091967,0.0,100,0,0.0,0,0,0.0,0.0,0.0,0.0,0.0,0.0,0,0.0,0.0,0,300,300,27.561912298202515,25.0,0.0,1575.0,False,infeasible,nils_complete,493594.1353610664,842.3775606091967,,0.0,,0.0,False,feasible_only,0.0,,False,,,,
S0071_R10,7102036,truck_only,S0071,n100_p0.75_d3_uniform_Ehigh_V1.25_Hlong_PWbase_B0.20,100,0.75,0.75,3,3,high,1.25,uniform,long,base,0.2,100.0,20.0,1.0,peripheral,394019.47398409096,617.5646503564585,0.0,0.0,393401.9093337345,393401.9093337345,2677.539082514662,6153.788839021894,2572.2243018304425,11403.552223366998,267753.9082514662,123075.77678043788,2572.2243018304425,0.0,545.0702344407058,771.9558129455733,0.0,100,0,0.0,0,0,0.0,0.0,0.0,0.0,0.0,0.0,0,0.0,0.0,0,0,0,0.09694981575012207,0.0,0.0,0.0,False,infeasible,baseline_truck_only,394019.47398409096,771.9558129455733,,,,0.0,False,feasible_only,0.0,,False,,,,
S0071_R10,7102036,nils,S0071,n100_p0.75_d3_uniform_Ehigh_V1.25_Hlong_PWbase_B0.20,100,0.75,0.75,3,3,high,1.25,uniform,long,base,0.2,100.0,20.0,1.0,peripheral,394019.47398409096,617.5646503564585,0.0,0.0,393401.9093337345,393401.9093337345,2677.539082514662,6153.788839021894,2572.2243018304425,11403.552223366998,267753.9082514662,123075.77678043788,2572.2243018304425,0.0,545.0702344407058,771.9558129455733,0.0,100,0,0.0,0,0,0.0,0.0,0.0,0.0,0.0,0.0,0,0.0,0.0,0,300,300,27.630339860916138,25.0,0.0,1275.0,False,infeasible,nils_complete,394019.47398409096,771.9558129455733,,0.0,,0.0,False,feasible_only,0.0,,False,,,,
S0072_R01,7202027,truck_only,S0072,n100_p0.75_d3_uniform_Ehigh_V2.00_Hshort_PWmoderate_B0.20,100,0.75,0.75,3,3,high,2.0,uniform,short,moderate,0.2,20.0,5.0,1.0,peripheral,109691.70863088816,708.7985606802607,0.0,0.0,108982.9100702079,108982.9100702079,3555.5155935607568,6961.027886365663,3067.458767164443,13584.002247090863,71110.31187121513,34805.13943182831,3067.458767164443,0.0,615.7387372838259,885.9982008503262,0.0,100,0,0.0,0,0,0.0,0.0,0.0,0.0,0.0,0.0,0,0.0,0.0,0,0,0,0.10691237449645996,0.0,0.0,0.0,False,infeasible,baseline_truck_only,109691.70863088816,885.9982008503262,,,,0.0,False,feasible_only,0.0,,False,,,,
S0072_R01,7202027,nils,S0072,n100_p0.75_d3_uniform_Ehigh_V2.00_Hshort_PWmoderate_B0.20,100,0.75,0.75,3,3,high,2.0,uniform,short,moderate,0.2,20.0,5.0,1.0,peripheral,109691.70863088816,708.7985606802607,0.0,0.0,108982.9100702079,108982.9100702079,3555.5155935607568,6961.027886365663,3067.458767164443,13584.002247090863,71110.31187121513,34805.13943182831,3067.458767164443,0.0,615.7387372838259,885.9982008503262,0.0,100,0,0.0,0,0,0.0,0.0,0.0,0.0,0.0,0.0,0,0.0,0.0,0,0,0,27.873971462249756,25.0,0.0,1650.0,False,infeasible,nils_complete,109691.70863088816,885.9982008503262,,0.0,,0.0,False,feasible_only,0.0,,False,,,,
S0072_R02,7202028,truck_only,S0072,n100_p0.75_d3_uniform_Ehigh_V2.00_Hshort_PWmoderate_B0.20,100,0.75,0.75,3,3,high,2.0,uniform,short,moderate,0.2,20.0,5.0,1.0,peripheral,121883.16279530879,634.200891014566,0.0,0.0,121248.96190429422,121248.96190429422,4912.010993082838,4180.202583118332,2107.7291270458168,11199.942703246987,98240.21986165675,20901.01291559166,2107.7291270458168,0.0,557.9713588385022,792.7511137682075,0.0,100,0,0.0,0,0,0.0,0.0,0.0,0.0,0.0,0.0,0,0.0,0.0,0,0,0,0.09083795547485352,0.0,0.0,0.0,False,infeasible,baseline_truck_only,121883.16279530879,792.7511137682075,,,,0.0,False,feasible_only,0.0,,False,,,,
S0072_R02,7202028,nils,S0072,n100_p0.75_d3_uniform_Ehigh_V2.00_Hshort_PWmoderate_B0.20,100,0.75,0.75,3,3,high,2.0,uniform,short,moderate,0.2,20.0,5.0,1.0,peripheral,121883.16279530879,634.200891014566,0.0,0.0,121248.96190429422,121248.96190429422,4912.010993082838,4180.202583118332,2107.7291270458168,11199.942703246987,98240.21986165675,20901.01291559166,2107.7291270458168,0.0,557.9713588385022,792.7511137682075,0.0,100,0,0.0,0,0,0.0,0.0,0.0,0.0,0.0,0.0,0,0.0,0.0,0,0,0,33.66165781021118,25.0,0.0,3300.0,False,infeasible,nils_complete,121883.16279530879,792.7511137682075,,0.0,,0.0,False,feasible_only,0.0,,False,,,,
S0072_R03,7202029,truck_only,S0072,n100_p0.75_d3_uniform_Ehigh_V2.00_Hshort_PWmoderate_B0.20,100,0.75,0.75,3,3,high,2.0,uniform,short,moderate,0.2,20.0,5.0,1.0,peripheral,100165.95157682111,633.090875676475,0.0,0.0,99532.86070114464,99532.86070114464,4303.877469178743,1811.4345466800419,4398.1385841695965,10513.45060002838,86077.54938357486,9057.17273340021,4398.1385841695965,0.0,592.0542646942309,791.3635945955939,0.0,100,0,0.0,0,0,0.0,0.0,0.0,0.0,0.0,0.0,0,0.0,0.0,0,0,0,0.0908505916595459,0.0,0.0,0.0,False,infeasible,baseline_truck_only,100165.95157682111,791.3635945955939,,,,0.0,False,feasible_only,0.0,,False,,,,
S0072_R03,7202029,nils,S0072,n100_p0.75_d3_uniform_Ehigh_V2.00_Hshort_PWmoderate_B0.20,100,0.75,0.75,3,3,high,2.0,uniform,short,moderate,0.2,20.0,5.0,1.0,peripheral,100165.95157682111,633.090875676475,0.0,0.0,99532.86070114464,99532.86070114464,4303.877469178743,1811.4345466800419,4398.1385841695965,10513.45060002838,86077.54938357486,9057.17273340021,4398.1385841695965,0.0,592.0542646942309,791.3635945955939,0.0,100,0,0.0,0,0,0.0,0.0,0.0,0.0,0.0,0.0,0,0.0,0.0,0,0,0,37.260233879089355,25.0,0.0,3300.0,False,infeasible,nils_complete,100165.95157682111,791.3635945955939,,0.0,,0.0,False,feasible_only,0.0,,False,,,,
S0072_R04,7202030,truck_only,S0072,n100_p0.75_d3_uniform_Ehigh_V2.00_Hshort_PWmoderate_B0.20,100,0.75,0.75,3,3,high,2.0,uniform,short,moderate,0.2,20.0,5.0,1.0,peripheral,131315.9087591483,657.7698391086219,0.0,0.0,130658.13892003967,130658.13892003967,5143.801801393205,4862.299908661416,3470.603348868486,13476.705058923108,102876.0360278641,24311.49954330708,3470.603348868486,0.0,600.7190743805648,822.2122988857777,0.0,100,0,0.0,0,0,0.0,0.0,0.0,0.0,0.0,0.0,0,0.0,0.0,0,0,0,0.09799003601074219,0.0,0.0,0.0,False,infeasible,baseline_truck_only,131315.9087591483,822.2122988857777,,,,0.0,False,feasible_only,0.0,,False,,,,
S0072_R04,7202030,nils,S0072,n100_p0.75_d3_uniform_Ehigh_V2.00_Hshort_PWmoderate_B0.20,100,0.75,0.75,3,3,high,2.0,uniform,short,moderate,0.2,20.0,5.0,1.0,peripheral,131315.9087591483,657.7698391086219,0.0,0.0,130658.13892003967,130658.13892003967,5143.801801393205,4862.299908661416,3470.603348868486,13476.705058923108,102876.0360278641,24311.49954330708,3470.603348868486,0.0,600.7190743805648,822.2122988857777,0.0,100,0,0.0,0,0,0.0,0.0,0.0,0.0,0.0,0.0,0,0.0,0.0,0,0,0,29.53780460357666,25.0,0.0,1425.0,False,infeasible,nils_complete,131315.9087591483,822.2122988857777,,0.0,,0.0,False,feasible_only,0.0,,False,,,,
S0072_R05,7202031,truck_only,S0072,n100_p0.75_d3_uniform_Ehigh_V2.00_Hshort_PWmoderate_B0.20,100,0.75,0.75,3,3,high,2.0,uniform,short,moderate,0.2,20.0,5.0,1.0,peripheral,86449.78062487693,630.5847488107901,0.0,0.0,85819.19587606615,85819.19587606615,3071.6110535068356,4355.4892318021275,2609.5286469187954,10036.628932227759,61432.221070136715,21777.446159010637,2609.5286469187954,0.0,557.5682529543578,788.230936013488,0.0,100,0,0.0,0,0,0.0,0.0,0.0,0.0,0.0,0.0,0,0.0,0.0,0,0,0,0.1104581356048584,0.0,0.0,0.0,False,infeasible,baseline_truck_only,86449.78062487693,788.230936013488,,,,0.0,False,feasible_only,0.0,,False,,,,
S0072_R05,7202031,nils,S0072,n100_p0.75_d3_uniform_Ehigh_V2.00_Hshort_PWmoderate_B0.20,100,0.75,0.75,3,3,high,2.0,uniform,short,moderate,0.2,20.0,5.0,1.0,peripheral,86449.78062487693,630.5847488107901,0.0,0.0,85819.19587606615,85819.19587606615,3071.6110535068356,4355.4892318021275,2609.5286469187954,10036.628932227759,61432.221070136715,21777.446159010637,2609.5286469187954,0.0,557.5682529543578,788.230936013488,0.0,100,0,0.0,0,0,0.0,0.0,0.0,0.0,0.0,0.0,0,0.0,0.0,0,0,0,35.49248766899109,25.0,0.0,3450.0,False,infeasible,nils_complete,86449.78062487693,788.230936013488,,0.0,,0.0,False,feasible_only,0.0,,False,,,,
S0072_R06,7202032,truck_only,S0072,n100_p0.75_d3_uniform_Ehigh_V2.00_Hshort_PWmoderate_B0.20,100,0.75,0.75,3,3,high,2.0,uniform,short,moderate,0.2,20.0,5.0,1.0,peripheral,109412.20812159756,663.8706927298618,0.0,0.0,108748.3374288677,108748.3374288677,4276.38784942471,4024.458411947095,3098.288380638003,11399.134642009809,85527.7569884942,20122.292059735475,3098.288380638003,0.0,586.1212540709175,829.8383659123276,0.0,100,0,0.0,0,0,0.0,0.0,0.0,0.0,0.0,0.0,0,0.0,0.0,0,0,0,0.11230897903442383,0.0,0.0,0.0,False,infeasible,baseline_truck_only,109412.20812159756,829.8383659123276,,,,0.0,False,feasible_only,0.0,,False,,,,
S0072_R06,7202032,nils,S0072,n100_p0.75_d3_uniform_Ehigh_V2.00_Hshort_PWmoderate_B0.20,100,0.75,0.75,3,3,high,2.0,uniform,short,moderate,0.2,20.0,5.0,1.0,peripheral,109412.20812159756,663.8706927298618,0.0,0.0,108748.3374288677,108748.3374288677,4276.38784942471,4024.458411947095,3098.288380638003,11399.134642009809,85527.7569884942,20122.292059735475,3098.288380638003,0.0,586.1212540709175,829.8383659123276,0.0,100,0,0.0,0,0,0.0,0.0,0.0,0.0,0.0,0.0,0,0.0,0.0,0,0,0,32.08695840835571,25.0,0.0,2100.0,False,infeasible,nils_complete,109412.20812159756,829.8383659123276,,0.0,,0.0,False,feasible_only,0.0,,False,,,,
S0072_R07,7202033,truck_only,S0072,n100_p0.75_d3_uniform_Ehigh_V2.00_Hshort_PWmoderate_B0.20,100,0.75,0.75,3,3,high,2.0,uniform,short,moderate,0.2,20.0,5.0,1.0,peripheral,152508.67497290438,686.7902013981458,0.0,0.0,151821.88477150624,151821.88477150624,5942.913930565784,6033.112426458184,2798.044027899584,14774.07038492355,118858.27861131568,30165.56213229092,2798.044027899584,0.0,681.7019212877206,858.4877517476824,0.0,100,0,0.0,0,0,0.0,0.0,0.0,0.0,0.0,0.0,0,0.0,0.0,0,0,0,0.09037160873413086,0.0,0.0,0.0,False,infeasible,baseline_truck_only,152508.67497290438,858.4877517476824,,,,0.0,False,feasible_only,0.0,,False,,,,
S0072_R07,7202033,nils,S0072,n100_p0.75_d3_uniform_Ehigh_V2.00_Hshort_PWmoderate_B0.20,100,0.75,0.75,3,3,high,2.0,uniform,short,moderate,0.2,20.0,5.0,1.0,peripheral,152508.67497290438,686.7902013981458,0.0,0.0,151821.88477150624,151821.88477150624,5942.913930565784,6033.112426458184,2798.044027899584,14774.07038492355,118858.27861131568,30165.56213229092,2798.044027899584,0.0,681.7019212877206,858.4877517476824,0.0,100,0,0.0,0,0,0.0,0.0,0.0,0.0,0.0,0.0,0,0.0,0.0,0,0,0,26.948238134384155,25.0,0.0,1200.0,False,infeasible,nils_complete,152508.67497290438,858.4877517476824,,0.0,,0.0,False,feasible_only,0.0,,False,,,,
S0072_R08,7202034,truck_only,S0072,n100_p0.75_d3_uniform_Ehigh_V2.00_Hshort_PWmoderate_B0.20,100,0.75,0.75,3,3,high,2.0,uniform,short,moderate,0.2,20.0,5.0,1.0,peripheral,88000.93255489091,711.3266943906937,0.0,0.0,87289.60586050022,87289.60586050022,2658.5749132344085,6063.997393645214,3798.120627585976,12520.692934465598,53171.49826468817,30319.986968226072,3798.120627585976,0.0,560.8268134400472,889.1583679883672,0.0,100,0,0.0,0,0,0.0,0.0,0.0,0.0,0.0,0.0,0,0.0,0.0,0,0,0,0.08687543869018555,0.0,0.0,0.0,False,infeasible,baseline_truck_only,88000.93255489091,889.1583679883672,,,,0.0,False,feasible_only,0.0,,False,,,,
S0072_R08,7202034,nils,S0072,n100_p0.75_d3_uniform_Ehigh_V2.00_Hshort_PWmoderate_B0.20,100,0.75,0.75,3,3,high,2.0,uniform,short,moderate,0.2,20.0,5.0,1.0,peripheral,88000.93255489091,711.3266943906937,0.0,0.0,87289.60586050022,87289.60586050022,2658.5749132344085,6063.997393645214,3798.120627585976,12520.692934465598,53171.49826468817,30319.986968226072,3798.120627585976,0.0,560.8268134400472,889.1583679883672,0.0,100,0,0.0,0,0,0.0,0.0,0.0,0.0,0.0,0.0,0,0.0,0.0,0,0,0,14.419857025146484,25.0,0.0,150.0,False,infeasible,nils_complete,88000.93255489091,889.1583679883672,,0.0,,0.0,False,feasible_only,0.0,,False,,,,
S0072_R09,7202035,truck_only,S0072,n100_p0.75_d3_uniform_Ehigh_V2.00_Hshort_PWmoderate_B0.20,100,0.75,0.75,3,3,high,2.0,uniform,short,moderate,0.2,20.0,5.0,1.0,peripheral,76631.53750404996,608.4140772527829,0.0,0.0,76023.12342679717,76023.12342679717,2977.9065494887254,2544.566103039914,3742.1619218230726,9264.634574351712,59558.13098977451,12722.83051519957,3742.1619218230726,0.0,500.19711616867346,760.5175965659787,0.0,100,0,0.0,0,0,0.0,0.0,0.0,0.0,0.0,0.0,0,0.0,0.0,0,0,0,0.09250283241271973,0.0,0.0,0.0,False,infeasible,baseline_truck_only,76631.53750404996,760.5175965659787,,,,0.0,False,feasible_only,0.0,,False,,,,
S0072_R09,7202035,nils,S0072,n100_p0.75_d3_uniform_Ehigh_V2.00_Hshort_PWmoderate_B0.20,100,0.75,0.75,3,3,high,2.0,uniform,short,moderate,0.2,20.0,5.0,1.0,peripheral,76631.53750404996,608.4140772527829,0.0,0.0,76023.12342679717,76023.12342679717,2977.9065494887254,2544.566103039914,3742.1619218230726,9264.634574351712,59558.13098977451,12722.83051519957,3742.1619218230726,0.0,500.19711616867346,760.5175965659787,0.0,100,0,0.0,0,0,0.0,0.0,0.0,0.0,0.0,0.0,0,0.0,0.0,0,0,0,31.351146936416626,25.0,0.0,2325.0,False,infeasible,nils_complete,76631.53750404996,760.5175965659787,,0.0,,0.0,False,feasible_only,0.0,,False,,,,
S0072_R10,7202036,truck_only,S0072,n100_p0.75_d3_uniform_Ehigh_V2.00_Hshort_PWmoderate_B0.20,100,0.75,0.75,3,3,high,2.0,uniform,short,moderate,0.2,20.0,5.0,1.0,peripheral,104526.3900286939,639.0778095442581,0.0,0.0,103887.31221914965,103887.31221914965,3988.1475428821,4177.242929441085,3238.146714302245,11403.53718662543,79762.950857642,20886.214647205423,3238.146714302245,0.0,593.9721270527888,798.8472619303227,0.0,100,0,0.0,0,0,0.0,0.0,0.0,0.0,0.0,0.0,0,0.0,0.0,0,0,0,0.1307227611541748,0.0,0.0,0.0,False,infeasible,baseline_truck_only,104526.3900286939,798.8472619303227,,,,0.0,False,feasible_only,0.0,,False,,,,
S0072_R10,7202036,nils,S0072,n100_p0.75_d3_uniform_Ehigh_V2.00_Hshort_PWmoderate_B0.20,100,0.75,0.75,3,3,high,2.0,uniform,short,moderate,0.2,20.0,5.0,1.0,peripheral,104526.3900286939,639.0778095442581,0.0,0.0,103887.31221914965,103887.31221914965,3988.1475428821,4177.242929441085,3238.146714302245,11403.53718662543,79762.950857642,20886.214647205423,3238.146714302245,0.0,593.9721270527888,798.8472619303227,0.0,100,0,0.0,0,0,0.0,0.0,0.0,0.0,0.0,0.0,0,0.0,0.0,0,0,0,31.2570219039917,25.0,0.0,2775.0,False,infeasible,nils_complete,104526.3900286939,798.8472619303227,,0.0,,0.0,False,feasible_only,0.0,,False,,,,
